line_number,devanagari_text
1,
2,[प. ३]
3,[वज्जालग्गं]
4,
5,सव्वन्नुवयणपङ्कयणिवासिणिं पणमिऊण सुयदेविं ।
6,धम्माइतिवग्गजुयं सुयणाण सुहासियं वोच्छं ॥ १ ॥ // ॐज्ळग.१
7,
8,अमयं पाइयकव्वं पढिउं सोउं च जे न जाणन्ति ।
9,कामस्स तत्तवतिं कुणन्ति ते कह न लज्जन्ति ॥ २ ॥ // ॐज्ळग.२
10,
11,विविहकइविरइयाणं गाहाणं वरकुलाणि घेत्तूण ।
12,रइयं वज्जालग्गं विहिणा जयवल्लहं नाम ॥ ३ ॥ // ॐज्ळग.३
13,
14,
15,[प. ४]
16,एक्कत्थे पत्थावे जत्थ पढिज्जन्ति पउरगाहाओ ।
17,तं खलु वज्जालग्गं वज्ज त्ति य पद्धई भणिया ॥ ४ ॥ // ॐज्ळग.४
18,
19,एयं वज्जालग्गं सव्वं जो पढइ अवसरम्मि सया ।
20,पाइयकव्वकई सो होहिइ तह कित्तिमन्तो य ॥ ५ ॥ // ॐज्ळग.५
21,
22,
23,
24,---------------------------------------------------------------------
25,[सोयारवज्जाश्रोत्र̥पद्धतिः]
26,
27,दुक्खं कीरइ कव्वं कव्बम्मि कए पउञ्जणा दुक्खं ।
28,सन्ते पउञ्जमाणे सोयारा दुल्लहा हुन्ति ॥ १ ॥ // ॐज्ळग.६
29,
30,सक्कयमसक्कयं पि हु अत्थो सोयारसङ्गमवसेण ।
31,अप्पुव्वरसविसेसं जणेइ जं तं महच्छरियं ॥ २ ॥ // ॐज्ळग.७
32,
33,मुत्ताहलं व कव्वं सहावविमलं सुवण्णसङ्घडियं ।
34,सोयारकण्णकुहररम्मि पयडियं पायडं होइ ॥ ३ ॥ // ॐज्ळग.८
35,
36,
37,
38,---------------------------------------------------------------------
39,
40,[प. ५]
41,[गाहावज्जागाथापद्धतिः]
42,
43,अद्धक्खरभणियाइं नूणं सविलासमुद्धहसियाइं ।
44,अद्धच्छिपेच्छियाइं गाहाहि विणा न नज्जन्ति ॥ १ ॥ // ॐज्ळग.९
45,
46,सालङ्कराहि सलक्खणाहि अन्नन्नरायरसियाहिं ।
47,गाहाहि पणइणीहि य खिज्जइ चित्तं अइन्तीहिं ॥ २ ॥ // ॐज्ळग.१०
48,
49,
50,[प. ६]
51,एयं चिय नवरि फुडं हिययं गाहाण महिलियाणं च ।
52,अणरसिएहि न लब्भइ दविणं व विहीणपुण्णेहिं ॥ ३ ॥ // ॐज्ळग.११
53,
54,सच्छन्दिया सरूवा सालङ्कारा य सरस--उल्लावा ।
55,वरकामिणि व्व गाहा गाहिज्जन्ती रसं देइ ॥ ४ ॥ // ॐज्ळग.१२
56,
57,गाहाण रसा महिलाण विब्भमा कइजणाण उल्लावा ।
58,कस्सं न हरन्ति हिययं बालाण य मम्मणुल्लावा ॥ ५ ॥ // ॐज्ळग.१३
59,
60,
61,[प. ७]
62,सव्वो गाहाउ जणो वीसत्थो भणइ सव्वगोठ्ठीसु ।
63,परमत्थो जो ताणं सो नाओ महछइल्लेहिं ॥ ६ ॥ // ॐज्ळग.१४
64,
65,गाहा रुअइ वराई सिक्किज्जन्ती गवारलोएहिं ।
66,कीरइ लुञ्चपलुञ्चा जह गाई मन्ददोहेहिं ॥ ७ ॥ // ॐज्ळग.१५
67,
68,गाहे भज्जिहिसि तुमं अहवा लहुयत्तणं वि पाविहिसि ।
69,गामारदन्तदिढकढिणपीडिया उच्छुलट्ठि व्व ॥ ८ ॥ // ॐज्ळग.१६
70,
71,गाहाणं गीयाणं तन्तीसद्दाण पोढमहिलाणं ।
72,ताणं चिय सो दण्डो जे ताण रसं न याणन्ति ॥ ९ ॥ // ॐज्ळग.१७
73,
74,
75,[प. ८]
76,छन्दं अयाण माणेहि जा किया सा न होइ रमणिज्जा ।
77,किं गाहा अह सेवा अहवा गाहा वि सेवा वि ॥ १० ॥ // ॐज्ळग.१८
78,
79,
80,
81,---------------------------------------------------------------------
82,[कव्ववज्जाकाव्यपद्धतिः]
83,
84,चिन्तामन्दरमन्थाणमन्थिए वित्थरम्मि अत्थाहे ।
85,उप्पज्जन्ति कईहिययसायरे कव्वरयणाइं ॥ १ ॥ // ॐज्ळग.१९
86,
87,रयणुज्जलपयसोहं तं कव्वं जं तवेइ पडिवक्खं ।
88,पुरिसायन्तविलासिणिरसणादामं मिव रसन्तं ॥ २ ॥ // ॐज्ळग.२०
89,
90,
91,[प. ९]
92,पाइयकव्वम्मि रसो जो जायइ तह य छेयमणिएहिं ।
93,उययस्य य वासियसीयलस्स तित्तिं न वच्चामो ॥ ३ ॥ // ॐज्ळग.२१
94,
95,कह कह वि रएइ पयं मग्गं पुलएइ छेयमारुहइ ।
96,चोरो व्व कई अत्थं घेत्तूणं कह वि निव्वहइ ॥ ४ ॥ // ॐज्ळग.२२
97,
98,सद्दावसद्दभीरू पए पए किं पि किं पि चिन्तन्तो ।
99,दुक्खोहि कह वि पावइ चोरो अत्थं कई कव्वं ॥ ५ ॥ // ॐज्ळग.२३
100,
101,सद्दपलोट्टं दोसेहि वज्जियं सुललियं फुडं महुरं
102,पुण्णेहि कह वि पावइ छन्दे कव्वं कलत्तं च ॥ ६ ॥ // ॐज्ळग.२४
103,
104,
105,[प. १०]
106,अणवरयबहलरोमञ्चकञ्चुयं जणियजणमणाणन्दं ।
107,जं न धुणावइ सीसं कव्वं पेम्मं च किं तेण ॥ ७ ॥ // ॐज्ळग.२५
108,
109,सो सोहइ दूसन्तो कइयणरइयाइ विविहकव्वाइं ।
110,जो भञ्जिऊण अवयं१ अन्नपयं सुन्दरं देइ ॥ ८ ॥ // ॐज्ळग.२६
111,
112,अत्थक्को रसरहिओ देसविहीणो'णुणासिओ तुरिओ ।
113,मुहवञ्चणो विराओ एए दोसा पढन्तस्स ॥ ९ ॥ // ॐज्ळग.२७
114,
115,देसियसद्दपलोद्र̥ं महुरक्खरछन्दसण्ठियं ललियं ।
116,फुडवियडपायडत्थं पाइयकव्वं पढेयव्वं ॥ १० ॥ // ॐज्ळग.२८
117,
118,
119,[प. ११]
120,ललिए महुरक्खरए जुवईजणवल्लहे ससिङ्गारे ।
121,सन्ते पाइयकव्वे को सक्कइ सक्कयं पढिउं ॥ ११ ॥ // ॐज्ळग.२९
122,
123,अबुहा बुहाण मज्झे पढन्ति जे छन्दलक्खणविहूणा ।
124,ते भमुहाखग्गणिवाडियं पि सीसं न लक्खन्ति ॥ १२ ॥ // ॐज्ळग.३०
125,
126,पाइयकव्वस्स नमो पाइयकव्वं च निम्मियं जेण ।
127,ताहं चिय पणमामो पढिऊण य जे वि थाणन्ति ॥१३ ॥ // ॐज्ळग.३१
128,
129,
130,
131,---------------------------------------------------------------------
132,[सज्जणवज्जासज्जनपद्धतिः]
133,
134,महणम्मि ससी महणम्मि सुरतरू महणसम्भवा लच्छी ।
135,सुयणो उण कहसु महं न याणिमो कत्थ सम्भूओ ॥ १ ॥ // ॐज्ळग.३२
136,
137,
138,[प. १२]
139,सुयणो सुद्धसहावो मइलिज्जन्तो वि दुज्जणजणेण ।
140,छारेण दप्पणो विय अहिययरं निम्मलो होइ ॥ २ ॥ // ॐज्ळग.३३
141,
142,सुयणो न कुप्पइ च्चिय अह कुप्पइ मङ्गुलं न चिन्तेइ ।
143,अह चिन्तेइ न जम्पइ अह जम्पइ लज्जिरो होइ ॥ ३ ॥ // ॐज्ळग.३४
144,
145,दढरोसकलुसियस्स वि सुयणस्स सुहाउ विप्पियं कत्तो ।
146,राहुमुहम्मि वि ससिणो किरणा अमयं चिय मुयन्ति ॥ ४ ॥ // ॐज्ळग.३५
147,
148,दिट्ठा हरन्ति दुक्खं जम्पन्ता देन्ति सयलसोक्खाइं ।
149,एयं विहिणा सुकयं सुयणा जं निम्मिया भुवणे ॥ ५ ॥ // ॐज्ळग.३६
150,
151,
152,[प. १३]
153,न हसन्ति परं न थुवन्ति अप्पयं पियसयाइ जम्पन्ति ।
154,एसो सुयणसहावो नमो नमो ताण पुरिसाणं ॥ ६ ॥ // ॐज्ळग.३७
155,
156,अकए वि कए वि पिए पियं कुणन्ता जयम्मि दीसन्ति ।
157,कयविप्पिए वि हु पियं कुणन्ति ते दुल्लहा सुयणा ॥ ७ ॥ // ॐज्ळग.३८
158,
159,सव्वस्स एह पयई पियम्मि उप्पाइए पियं काउं ।
160,सुयणस्स एह पयई अकए वि पिए पियं काउं ॥ ८ ॥ // ॐज्ळग.३९
161,
162,फरुसं न भणसि भणिओ वि हससि हसिऊण जम्पसि पियाइं ।
163,सज्जण तुज्झ सहावो न याणिमो कस्स सारिच्छो ॥ ९ ॥ // ॐज्ळग.४०
164,
165,
166,[प. १४]
167,नेच्छसि परावयारं परोवयारं च निच्चमावहसि ।
168,अवराहेहि१ न कुप्पसि सुयण नमो तुह सहावस्स ॥ १० ॥ // ॐज्ळग.४१
169,
170,दोहिं चिय पज्जत्तं बहुएहि वि किं गुणोहि सुयणस्स ।
171,विज्जुप्फुरियं२ रोसो मित्ती पाहाणरेह व्व ॥ ११ ॥ // ॐज्ळग.४२
172,
173,रे रे कलिकालमहागइन्द गलगज्जियस्स को कालो ।
174,अज्ज वि सुपुरिसकेसरिकिसोरचलणङ्किया पुहवी ॥ १२ ॥ // ॐज्ळग.४३
175,
176,दीणं अब्भुद्धरिउं पत्ते सरणागए पियं काउं ।
177,अवरद्धेसु वि खमिउं सुयणो च्चिय नवरि जाणेइ ॥ १३ ॥ // ॐज्ळग.४४
178,
179,
180,[प. १५]
181,वे पुरिसा धरइ धरा अहवा दोहिं पि धारिया धरणी ।
182,उवयारे जस्स मई उवयरियं जो न पम्हुसइ ॥ १४ ॥ // ॐज्ळग.४५
183,
184,पडिवज्जन्ति न सुयणा अह पडिवज्जन्ति कह वि दुक्खेहिं ।
185,पत्थररेह व्व समा मरणो वि न अन्नहा होइ ॥ १५ ॥ // ॐज्ळग.४६
186,
187,सेला चलन्ति पलए मज्जायं सायरा वि मेल्लन्ति ।
188,सुयणा तहिं पि काले पडिवन्नं नेय सिढिलन्ति ॥ १६ ॥ // ॐज्ळग.४७
189,
190,चन्दणतरु व्व सुयणा फलरहिया जइ वि निम्मिया विहिणा ।
191,तह वि कुणन्ति परत्थं निययसरीरेण लोयस्स ॥ १७ ॥ // ॐज्ळग.४८
192,
193,
194,
195,---------------------------------------------------------------------
196,
197,[प. १६]
198,[दुज्जणवज्जादुर्जनपद्धतिः]
199,
200,हयदुज्जणस्स वयणं निरन्तरं बहलकज्जलच्छायं ।
201,सङ्कुद्धं भिउडिजुयं कया वि न हु निम्मलं दिट्ठं ॥ १ ॥ // ॐज्ळग.४९
202,
203,थद्धो वङ्कग्गीवो अवञ्चिओ विसमदिट्ठिदुप्पेच्छो ।
204,अहिणवरिद्धि व्व खलो सूलादिन्नु१ व्व पडिहाइ ॥ २ ॥ // ॐज्ळग.५०
205,
206,नहमासभेयजणणो दुम्मुहओ अत्थिखण्डणसमत्थो ।
207,तह वि हु मज्झावलिओ नमह खलो नहरणसरिच्छो ॥ ३ ॥ // ॐज्ळग.५१
208,
209,
210,[प. १७]
211,अकुलीणो दोमुहओ ता महुरो भोयणं मुहे जाव ।
212,मुरउ व्व खलो जिण्णाम्मि भोयणे विरसमारसइ ॥ ४ ॥ // ॐज्ळग.५२
213,
214,निद्धम्मो गुणरहिओ ठाणविमुक्को य लोहसम्भूओ ।
215,विन्धइ जणस्स हिययं पिसुणो बाणु व्व लग्गन्तो ॥ ५ ॥ // ॐज्ळग.५३
216,
217,जम्मे वि जं न हूयं न हु होसइ जं च जम्मल क्खे वि ।
218,तं जम्पन्ति तह च्चिय पिसुणा जह होइ सारिच्छं ॥ ६ ॥ // ॐज्ळग.५४
219,
220,
221,[प. १८]
222,गुणिणो गुणेहि विहवेहि विहविणो होन्तु गव्विया नाम ।
223,दोसेहि नवरि गव्वो खलाण मग्गो च्चिय अउव्वो ॥ ७ ॥ // ॐज्ळग.५५
224,
225,सन्तं न देन्ति वारेन्ति देन्तयं दिन्नयं पि हारन्ति ।
226,अणिमित्तवइरियाणं खलाण मग्गो च्चिय अउव्वो ॥ ८ ॥ // ॐज्ळग.५६
227,
228,परविवरलद्धलक्खे चित्तलए भीसणे जमलजीहे ।
229,वङ्कपरिसक्किरे गोणसे व्व पिसुणे सुहं कत्तो ॥ ९ ॥ // ॐज्ळग.५७
230,
231,असमत्थमन्ततन्ताण कुलविमुक्काण मोयहीणाणं ।
232,दिट्ठाण को न बीहइ विन्तरसप्पाण व खलाणं ॥ १० ॥ // ॐज्ळग.५८
233,
234,
235,[प. १९]
236,एयं चिय बहुलाहो जीविज्जइ जं खलाण मज्झम्मि ।
237,लाहो जं न डसिज्जइ भुयङ्गपरिवेढिए चलणे ॥ ११ ॥ // ॐज्ळग.५९
238,
239,न सहइ अब्भत्थणियं असइ गयाणं पि पिट्ठिमंसाइं ।
240,दट्ठूण भासुरमुहं खलसीहं को न बीहेइ ॥ १२ ॥ // ॐज्ळग.६०
241,
242,मा वच्चइ वीसम्भं पमुहे बहुकूडकवडभरियाणं ।
243,निव्वत्तिय कज्जपरंमुहाण सुणयाण व खलाणं ॥ १३ ॥ // ॐज्ळग.६१
244,
245,
246,[प. २०]
247,जेहिं चिय उब्भविया जाण पसाएण निग्गयपयावा ।
248,समरा डहन्ति विञ्झं खलाण मग्गो च्चिय अउव्वो ॥ १४ ॥ // ॐज्ळग.६२
249,
250,सरसा वि दुमा दावाणलेण डज्झन्ति सुक्खसंवलिया ।
251,दुज्जणसङ्गे पत्ते सुयणो वि सुहं न पावेइ ॥ १५ ॥ // ॐज्ळग.६३
252,
253,खलसज्जणाण दोसा गुणा य को वण्णिउं तरइ लोए ।
254,जइ नवरि नायराओ दोहिं जीहासहस्सेहिं ॥ १६ ॥ // ॐज्ळग.६४
255,
256,
257,
258,---------------------------------------------------------------------
259,[मित्तवज्जामित्रपद्धतिः]
260,
261,एक्कं चिय सलहिज्जइ दिणेसदियहाण नवरि निव्वहणं ।
262,आजम्म एक्कमेक्केहि जेहि विरहो च्चिय न दिट्ठो ॥ १ ॥ // ॐज्ळग.६५
263,
264,
265,[प. २१]
266,पडिवन्नं दिणयरवासराण दोण्हं अखण्डियं सुहइ ।
267,सूरो न दिणेण विणा दिणो वि न हु सुरविरहम्मि ॥ २ ॥ // ॐज्ळग.६६
268,
269,मित्तं पयतोयसमं सारिच्छं जं न होइ किं तेण ।
270,अहियाएइ मिलन्तं आवइ आवट्टए पढमं ॥ ३ ॥ // ॐज्ळग.६७
271,
272,तं मित्तं कायव्वं जं किर वसणम्मि देसकालम्मि ।
273,आलिहियमित्तिबाउल्लयं व न परंमुहं ठाइ ॥ ४ ॥ // ॐज्ळग.६८
274,
275,तं मित्तं कायव्वं जं मित्तं कालकम्बलीसरिसं ।
276,उयएण धोयमाणं सहावरङ्गं न मेल्लेइ ॥ ५ ॥ // ॐज्ळग.६९
277,
278,
279,[प. २२]
280,सगुणाण निग्गुणाण य गरुया पालन्ति जं जि पडिवन्नं ।
281,पेच्छह वसहेण समं हरेण वोलाविओ अप्पा ॥ ६ ॥ // ॐज्ळग.७०
282,
283,छिज्जउ सीसं अह होउ बन्धणं चयउ सव्वहा लच्छी ।
284,पडिवन्नपालणे सुपुरिसाण जं होइ तं होउ ॥ ७ ॥ // ॐज्ळग.७१
285,
286,दिढलोहसङ्कलाणं अन्नाण वि विविहपासबन्धाणं ।
287,ताणं चिय अहिययरं वायाबन्धं कुलीणस्स ॥ ८ ॥ // ॐज्ळग.७२
288,
289,
290,
291,---------------------------------------------------------------------
292,[नेहवज्जास्नेहपद्धतिः]
293,
294,चन्दो धवलिज्जइ पुण्णिमाइ अह पुण्णिमा वि चन्देण ।
295,समसुहदुक्खाइ मणे पुण्णेण विणा न लब्भन्ति ॥ १ ॥ // ॐज्ळग.७३
296,
297,
298,[प. २३]
299,एक्काइ नवरि नेहो पयासिओ तिहुयणम्मि जोण्हाए ।
300,जा झिज्जइ झीणे ससहरम्मि वड्ढेइ वड्ढन्ते ॥ २ ॥ // ॐज्ळग.७४
301,
302,झिज्जइ झीणम्मि सया वड्ढइ वड्ढन्तयम्मि सविसेसं ।
303,सायरससीण छज्जइ जयम्मि पडिवन्नणिव्वहणं ॥ ३ ॥ // ॐज्ळग.७५
304,
305,पडिवन्नं जेण समं पुव्वणिओएण होइ जीवस्स ।
306,दूरटिठओ न दूरे जह चन्दो कुमुयसण्डाणं ॥ ४ ॥ // ॐज्ळग.७६
307,
308,दूरटिठया न दूरे सज्जणचित्ताण पुव्वमिलियाणं ।
309,गयणट्रिठओ वि चन्दो आसासइ कुमुयसण्डाइं ॥ ५ ॥ // ॐज्ळग.७७
310,
311,दिट्ठे वि हु होइ सुहं जइ वि न पावन्ति अङ्गसङ्गाइं ।
312,दूरट्ठिओ वि चन्दो सुणिव्वुइं कुणइ कुमुयाणं ॥ ६ ॥ // ॐज्ळग.७८
313,
314,
315,[प. २४]
316,एमेव कह वि कस्स वि केण वि दिट्ठेण होइ परिओसो ।
317,कमलायराण रइणा किं कज्जं जेण वियसन्ति ॥ ७ ॥ // ॐज्ळग.७९
318,
319,कत्तो उग्गमइ रई कत्तो वियसन्ति पङ्कयवणाइं ।
320,सुयणाण जए नेहो न चलइ दूरट्ठियाणं पि ॥ ८ ॥ // ॐज्ळग.८०
321,
322,
323,
324,---------------------------------------------------------------------
325,[नीइवज्जानीतिपद्धतिः]
326,
327,जं जस्स मम्ममेयं चालिज्जन्तं च दूमए हिययं ।
328,तं तस्स कण्णकडुयं कुलेसु जाया न जपात ॥ १ ॥ // ॐज्ळग.८१
329,
330,सन्तेह असन्तेहि य परस्स किं जम्पिएहि दोसेहिं ॥
331,अत्थो जसो न लब्भइ सो वि अमित्तो कओ होइ ॥ २ ॥ // ॐज्ळग.८२
332,
333,
334,[प. २५]
335,अप्पहियं कायव्वं जइ सक्कइ परहियं च कायव्वं ।
336,अप्पहियपरहियाणं अप्पहियं चेव कायव्वं ॥ ३ ॥ // ॐज्ळग.८३
337,
338,पुरिसे सच्चसमिद्धे अलियपमुक्के सहावसन्तुट्ठे ।
339,तवधम्मणियममइए विसमा वि दसा समा होइ ॥ ४ ॥ // ॐज्ळग.८४
340,
341,सीलं वरं कुलाओ दालिद्दं भव्वयं च रोगाओ ।
342,विज्जा रज्जाउ वरं खमा वरं सुट्ठु वि तवाओ ॥ ५ ॥ // ॐज्ळग.८५
343,
344,सीलं वरं कुलाओ कुलेण किं होइ विगयसीलेण ।
345,कमलाइ कद्दमे सम्भवन्ति न हु हुन्ति मलिणाइं ॥ ६ ॥ // ॐज्ळग.८६
346,
347,
348,[प. २६]
349,जं जि खमेइ समत्थो घणवन्तो जं न गव्वमुव्वहइ ।
350,जं च सविज्जो नमिरो तिसु तेसु अलङ्किया पुहबी ॥ ७ ॥ // ॐज्ळग.८७
351,
352,छन्दं जो अणुवट्टइ मम्मं रक्खइ गुणे पयासेइ ।
353,सो नवरि माणुसाणं देवाण वि वल्लहो होइ ॥ ८ ॥ // ॐज्ळग.८८
354,
355,छणवञ्चणेण वरिसो नासइ दिवसो कुभोयणे भुत्ते ।
356,कुकलत्तेण य जम्मो नासइ धम्मो अहम्मेण ॥ ९ ॥ // ॐज्ळग.८९
357,
358,छन्नं धम्मं पयडं च पोरिसं परकलत्तवञ्चणयं ।
359,गञ्जणरहिओ जम्मो राढाइत्ताण सम्पडइ ॥ १० ॥ // ॐज्ळग.९०
360,
361,
362,
363,---------------------------------------------------------------------
364,
365,[प. २७]
366,[धीरवज्जाधीरपद्धतिः]
367,
368,अप्पाणं अमुयन्ता जे आरम्भन्ति दुग्गमं कज्जं ।
369,परमुहपलोइयाणं ताणं कह होइ जयलच्छी ॥ १ ॥ // ॐज्ळग.९१
370,
371,सिग्धं आरुह कज्जं पारद्धं मा कहं पि सिढिलेसु ।
372,पारद्धसिढिलियाइं कज्जाइ पुणो न सिज्झन्ति ॥ २ ॥ // ॐज्ळग.९२
373,
374,अच्छउ ता इयरजणो अङ्गे च्चिय जाइ पञ्च भूयाइं ।
375,ताहं चिय लज्जिज्जइ पारद्धं परिहरन्तेण ॥ ३ ॥ // ॐज्ळग.९३
376,
377,झीणविहवो वि सुयणो सेवइ रन्नं न पत्थए अन्नं ।
378,मरणे वि अइमहग्धं न विक्किणइ माणमाणिक्कं ॥ ४ ॥ // ॐज्ळग.९४
379,
380,वे मग्गा भुवणयले माणिणि माणुन्नयाण पुरिसाणं ।
381,अहवा पावन्ति सिरिं अहव भमन्ता समप्पन्ति ॥ ५ ॥ // ॐज्ळग.९५
382,
383,
384,[प. २८]
385,बेण्णि वि हुन्ति गईओ साहसवन्ताण धीरपुरिसाणं ।
386,वेल्लहलकमलहत्था रायसिरी अहव पव्वज्जा ॥ ६ ॥ // ॐज्ळग.९६
387,
388,अहवा मरन्ति गुरुवसणपेल्लिया खण्डिऊण नियजीहं ।
389,नो गन्तूण खलाणं चवन्ति दीणक्खरं धीरा ॥ ७ ॥ // ॐज्ळग.९७
390,
391,अह सुप्पइ पियमालिङ्गिऊण उत्तुङ्गथोरथणवट्ठे ।
392,अह नरकरङ्ककङ्कालसङ्कुले भीसणमसाणे ॥ ८ ॥ // ॐज्ळग.९८
393,
394,अह भुञ्जइ सह पियकामिणीहि कच्चोलथालसिप्पीहिं ।
395,अहवा विमलकवाले भिक्खं भमिऊण पेयवणे ॥ ९ ॥ // ॐज्ळग.९९
396,
397,
398,[प. २९]
399,नमिऊण जं विढप्पइ खलचलणं तिहुयणं पि किं तेण ।
400,माणेण जं विढप्पइ तणं पि तं निव्वुइं कुणइ ॥ १० ॥ // ॐज्ळग.१००
401,
402,ते धन्ना ताण नमो ते गरुया माणिणो थिरारम्भा ।
403,जे गरुयवसणपडिपेल्लिया वि अन्नं न पत्थन्ति ॥ ११ ॥ // ॐज्ळग.१०१
404,
405,तुङ्गो च्चिय होइ मणो मणंसिणो अन्तिमासु वि दसासु ।
406,अत्थन्तस्स वि रइणो किरणा उद्धं चिय फुरन्ति ॥ १२ ॥ // ॐज्ळग.१०२
407,
408,ता तुङ्गो मेरुगिरी मयरहरो ताव होइ दुत्तारो ।
409,ता विसमा कज्जगई जाव न धीरा पवज्जन्ति ॥ १३ ॥ // ॐज्ळग.१०३
410,
411,ता वित्थिण्णं गयणं ताव च्चिय जलहरा अइगहीरा ।
412,ता गरुया कुलसेला जाव न धीरेहि तुल्लन्ति ॥ १४ ॥ // ॐज्ळग.१०४
413,
414,
415,[प. ३०]
416,मेरू तिणं व सग्गो घरङ्गणं हत्थछित्तं गयणयलं ।
417,वाहलिया य समुद्दा साहसवन्ताण पुरिसाणं ॥ १५ ॥ // ॐज्ळग.१०५
418,
419,सङ्घडियघडियविघडियघडन्तविघडन्तसङ्घडिज्जन्तं ।
420,अवहत्थिऊण दिव्वं करेइ धीरो समारद्धं ॥ १६ ॥ // ॐज्ळग.१०६
421,
422,
423,
424,---------------------------------------------------------------------
425,[साहसवज्जासाहसपद्धतिः]
426,
427,साहसमवलम्बन्तो पावइ हियइच्छियं न सन्देहो ।
428,जेणुत्तमङ्गमेत्तेण राहुणा कवलिओ चन्दो ॥ १ ॥ // ॐज्ळग.१०७
429,
430,तं किं पि साहसं साहसेण साहन्ति साहससहावा ।
431,जं भाविऊण दिव्वो परंमुहो धुणइ नियसीसं ॥ २ ॥ // ॐज्ळग.१०८
432,
433,
434,[प. ३१]
435,थरथरइ धरा खुब्भन्ति सायरा होइ विम्हलो१ दइवो ।
436,असमववसायसाहससंलद्धजसाण धीराणं ॥ ३ ॥ // ॐज्ळग.१०९
437,
438,अगणियसमविसमाणं साहसतुङ्गे समारुहन्ताणं ।
439,रक्खइ धीराण मणं आसन्नभयाउलो दइवो ॥ ४ ॥ // ॐज्ळग.११०
440,
441,तं किं पि कम्मरयणं धीरा ववसन्ति साहसवसेणं ।
442,जं बम्भहरिहराण वि लग्गइ चित्ते चमक्कारो ॥ ५ ॥ // ॐज्ळग.१११
443,
444,धीरेण समं समसीसियाइ रे दिव्व आरुहन्तस्स ।
445,होहिइ किं पि कलङ्कं धुव्वन्तं जं न फिटिटहिइ ॥ ६ ॥ // ॐज्ळग.११२
446,
447,जह जह न समप्पइ विहिवसेण विहडन्तकज्जपरिणामो ।
448,तह तह धीराण मणे वड्ढइ बिउणो समुच्छाहो ॥ ७ ॥ // ॐज्ळग.११३
449,
450,
451,[प. ३२]
452,फलसम्पत्तीइ समोणयाइ तुङ्गाइ फलविपत्तीए ।
453,हिययाइ सुपुरिसाणं महातरूणं व सिहराइं ॥ ८ ॥ // ॐज्ळग.११४
454,
455,हियए जाओ तत्थेव वडिढओ नेय पयडिओ लोए ।
456,ववसायपायवो सुपुरिसाण लक्खिज्जइ फलेहिं१ ॥ ९ ॥ // ॐज्ळग.११५
457,
458,ववसायफलं विहवो विहवस्स य विहलजणसमुद्धरणं ।
459,विहलुद्धरणेण जसो जसेण भण किं न पज्जत्तं ॥ १० ॥ // ॐज्ळग.११६
460,
461,आढत्ता सप्पुरिसेहि तुङ्गववसायदिन्नहियएहिं ।
462,कज्जारम्भा होहिन्ति निप्फला कह चिरं कालं ॥ ११ ॥ // ॐज्ळग.११७
463,
464,
465,[प. ३३]
466,न महुमहणस्स१ वच्छे मज्झे कमलाण नेय खीरहरे ।
467,ववसायसायरे सुपुरिसाण लच्छी फुडं वसइ ॥ १२ ॥ // ॐज्ळग.११८
468,
469,तद्दियहारम्भवियावडाण मित्तेक्ककज्जरसियाणं ।
470,रविरहतुरयाण व सुपुरिसाण न हु हिययवीसामो ॥ १३ ॥ // ॐज्ळग.११९
471,
472,
473,
474,---------------------------------------------------------------------
475,[दिव्ववज्जादैवपद्धतिः]
476,
477,अत्थो विज्जा पुरिसत्तणं च अन्नाइ गुणसहस्साइं ।
478,दिव्वायत्ते कज्जे सव्वाइ नरस्स विहडन्ति ॥ १ ॥ // ॐज्ळग.१२०
479,
480,सत्थत्थे पडियस्स वि मज्झेणं एइ किं पि तं कज्जं ।
481,जं न कहिउं न सहिउं न चेव पच्छाइउं तरइ ॥ २ ॥ // ॐज्ळग.१२१
482,
483,
484,[प. ३४]
485,जइ विसइ विसमविवरं लङ्घइ उयहिं करेइ ववसायं ।
486,तह वि हु फलं न पावइ पुरिसो दिव्वे पराहुत्ते ॥ ३ ॥ // ॐज्ळग.१२२
487,
488,नग्घन्ति गुणा विहडन्ति बन्धवा वल्लहा विरज्जन्ति ।
489,ववसाओ न समप्पइ नरस्स दिव्वे पराहुत्ते ॥ ४ ॥ // ॐज्ळग.१२३
490,
491,जं जं डालं लम्बइ हत्थे गहिऊण वीसमइ जत्थ ।
492,सा सा तडत्ति तुद्र̥इ नरस्स दिव्वे पराहुत्ते ॥ ५ ॥ // ॐज्ळग.१२४
493,
494,जं नयणेहि न दीसइ हियएण वि जं न चिन्तियं कह वि ।
495,तं तं सिरम्भि निवडइ नरस्स दिव्वे पराहुत्ते ॥ ६ ॥ // ॐज्ळग.१२५
496,
497,
498,
499,---------------------------------------------------------------------
500,
501,[प. ३५]
502,[विहिवज्जाविधिपद्धतिः]
503,
504,खण्डिज्जइ विहिणा ससहरो वि सूरस्स होइ अत्थमणं ।
505,हा दिव्वपरिणईए कवलिज्जइ को न कालेणं ॥ १ ॥ // ॐज्ळग.१२६
506,
507,को एत्थ सया सुहिओ कस्स व लच्छी विराइ पेम्माइं ।
508,कस्स व न होइ खलणं भण को हु न खण्डिओ विहिणा ॥ २ ॥ // ॐज्ळग.१२७
509,
510,उन्नय नीया नीया वि उन्नया हुन्ति तक्खण च्चेव ।
511,विहिपरिणामियकज्जं हरिहरबम्हा न याणन्ति ॥ ३ ॥ // ॐज्ळग.१२८
512,
513,विहिणा जं चिय लिहियं नलाडवट्टीइ तेण दइवेण ।
514,पच्छा सो वि पसन्नो अन्नह करिउं न हु समत्थो ॥ ४ ॥ // ॐज्ळग.१२९
515,
516,
517,[प. ३६]
518,किं करइ किर वराओ साहसववसायमाणगरुओ वि ।
519,पुरिसो भग्गपयावो विहिणा विवरीयरूवेण ॥ ५ ॥ // ॐज्ळग.१३०
520,
521,बेण्णि वि महणारम्भे पेच्छह जं पुव्वकम्मपरिणामो ।
522,उप्पज्जइ हरइ विसं कण्हस्स घणत्थणा लच्छी ॥ ६ ॥ // ॐज्ळग.१३१
523,
524,चिहिविहियं चिय लब्भइ अमयं देवाण महुमहे लच्छी
525,रयणायरम्मि महिए हरस्स भाए विसं जायं ॥ ७ ॥ // ॐज्ळग.१३२
526,
527,
528,
529,---------------------------------------------------------------------
530,[दीणवज्जादीनपद्धतिः]
531,
532,परपत्थणापवन्नं मा जणणि जणेसु एरिसं पुत्तं ।
533,उयरे वि मा धरिज्जसु पत्थणभङ्गो कओ जेण ॥ १ ॥ // ॐज्ळग.१३३
534,
535,
536,[प. ३७]
537,ता रूवं ताव गुणा लज्जा सच्चं कुलक्कमो ताव ।
538,ताव च्चिय अहिमाणो देहि त्ति नभण्णए जाव ॥ २ ॥ // ॐज्ळग.१३४
539,
540,तिणतूला वि हु लहुयं दीणं दइवेण निम्मियं भुवेण ।
541,वाएण किं न नीयं अप्पाणं पत्थणभएण ॥ ३ ॥ // ॐज्ळग.१३५
542,
543,थरथरथरेइ हिययं जीहा घोलेइ कण्ठमज्झम्मि ।
544,नासइ मुहलावण्णं देहि त्ति परं भणन्तस्स ॥ ४ ॥ // ॐज्ळग.१३६
545,
546,किसिणिज्जन्ति लयन्ता उयहिजलं जलहरा पयत्तेण ।
547,धवलीहुन्ति हु देन्ता देन्तलयन्तन्तरं पेच्छ ॥ ५ ॥ // ॐज्ळग.१३७
548,
549,
550,
551,---------------------------------------------------------------------
552,
553,[प. ३८]
554,[दारिद्दवज्जादारिद्रयपद्धतिः]
555,
556,दारिद्दय तुज्झ गुणा गोविज्जन्ता वि धीरपुरिसेहिं ।
557,पाहुणएसु छणेसु य वसणेसु य पायडा हुन्ति ॥ १ ॥ // ॐज्ळग.१३८
558,
559,दारिद्दय तुज्झ नमो जस्स पसाएण एरिसी रिद्धी ।
560,पेच्छामि सयललोए ते मह१ लोया न पेच्छन्ति ॥ २ ॥ // ॐज्ळग.१३९
561,
562,जे जे गुणिणो जे जे वि माणिणो जे वियड्ढसंमाणा ।
563,दालिद्द रे वियक्खण ताण तुमं साणुराओ सि ॥ ३ ॥ // ॐज्ळग.१४०
564,
565,दीसन्ति जोयसिद्धा अञ्जणसिद्धा वि के वि दीसन्ति ।
566,दारिद्दजोयसिद्धं मं ते लोया न पेच्छन्ति ॥ ४ ॥ // ॐज्ळग.१४१
567,
568,
569,[प. ३९]
570,जे भग्गा विहवसमीरणेण वङ्कं ठवन्ति पयमग्गं ।
571,ते नूणं दालिद्दोसहेण जइ पञ्जलिज्जन्ति ॥ ५ ॥ // ॐज्ळग.१४२
572,
573,किं वा कुलेण कीरइ किं वा विणएण किं च रूवेण ।
574,धणरहियाणं सुन्दरि नराण को आयरं कुणइ ॥ ६ ॥ // ॐज्ळग.१४३
575,
576,जाई रूवं विज्जा तिन्नि वि गच्छन्तु कन्दरे विवरे ।
577,अत्थो च्चिय परिवड्ढउ जेण गुणा पायडा हुन्ति ॥ ७ ॥ // ॐज्ळग.१४४
578,
579,धम्मत्थकामरहिया जे दियहा निद्धणाण वोलीणा ।
580,जइ ताइ गणेइ विही गणेउ न हु एरिसं जुत्तं ॥ ८ ॥ // ॐज्ळग.१४५
581,
582,
583,[प. ४०]
584,सङ्कुयइ सङ्कुयन्ते वियसइ वियसन्तयम्भि सूरम्मि ।
585,सिसिरे रोरकुडुम्बं पङ्कयलीलं समुव्वहह ॥ ९ ॥ // ॐज्ळग.१४६
586,
587,
588,
589,---------------------------------------------------------------------
590,[पहुवज्जाप्रभुपद्धतिः]
591,
592,छज्जइ पहुस्स ललियं पियाइ माणो खमा समत्थस्स ।
593,जाणन्तस्स य भणियं मोणं च अयाणमाणस्स ॥ १ ॥ // ॐज्ळग.१४७
594,
595,सच्छन्दं बोलिज्जइ किज्जइ जं नियमणस्स पडिहाइ ।
596,अजसस्स न बीहिज्जइ पहुत्तणं तेंण रमणिज्जं ॥ २ ॥ // ॐज्ळग.१४८
597,
598,जम्मदिणे थणणिवडणभएण दिज्जन्ति धाइउच्छङ्गे ।
599,पहुणो जं नीयरया मन्ने तं खीरमाहप्पं ॥ ३ ॥ // ॐज्ळग.१४९
600,
601,
602,[प. ४१]
603,हिट्ठट्ठे जडणिवहं तह य सुपत्ताइ उत्तमङ्गेसु ।
604,जह होइ तरू तह जइ पहुणो ता किं न पज्जत्तं ॥ ४ ॥ // ॐज्ळग.१५०
605,
606,
607,
608,---------------------------------------------------------------------
609,[सेवयवज्जासेवकपद्धतिः]
610,
611,जं सेवयाण दुक्खं चारित्तविवज्जियाण नरणाह ।
612,तं होउ तुह रिऊणं अहवा ताणं पि मा होउ ॥ १ ॥ // ॐज्ळग.१५१
613,
614,भूमीसयणं जरचीरबन्धणं बम्भचेरयं भिक्खा ।
615,मुणिचरियं दुग्गयसेवयाण धम्मो परं नत्थि ॥ २ ॥ // ॐज्ळग.१५२
616,
617,जइ नाम कह वि सोक्खं होइ तुलग्गेण सेवयजणस्स ।
618,तें खवणयसग्गारोहणं व विग्गोवयसएहिं ॥ ३ ॥ // ॐज्ळग.१५३
619,
620,
621,[प. ४२]
622,ओलग्गिओ सि धम्मम्मि होज्ज एण्हिं नरिन्द वच्चामो ।
623,आलिहियकुञ्जरस्स व तुह पहु दाणं चिय न दिट्ठं ॥ ४ ॥ // ॐज्ळग.१५४
624,
625,आसन्नफलो फणसो व्व नाह सयलस्स सेवयजणस्स ।
626,अम्हं पुण पत्थिव पत्थिओ वि तालो तुमं जाओ ॥ ५ ॥ // ॐज्ळग.१५५
627,
628,फणसेण समं महिमण्डलम्मि का तरुवराण समसीसी ।
629,करिकुम्भसच्छहं मग्गणाण जो देइ फलणिवहं ॥ ६ ॥ // ॐज्ळग.१५६
630,
631,
632,[प. ४३]
633,वरिसिहिसि तुमं जलहर भरिहिसि भुवणन्तराइ नीसेसं ।
634,तण्हासुसियसरीरे मुयम्मि वप्पीहयकिडुम्बे ॥ ७ ॥ // ॐज्ळग.१५७
635,
636,देहि त्ति कह नु भण्णइ सुपुरिसववहारबाहिरं वयणं ।
637,सेविज्जइ विणएणं एस च्चिय पत्थणा लोए ॥ ८ ॥ // ॐज्ळग.१५८
638,
639,भुञ्जन्ति कसणडसणा अब्भन्तरसण्ठिया गंइन्दस्स ।
640,जे उण विहुरसहाया ते धवला बाहिर च्चेव ॥ ९ ॥ // ॐज्ळग.१५९
641,
642,तम्बाउ तिन्नि सुपओहराउ चत्तारि पक्कलबइल्ला ।
643,निप्पन्ना रालयमञ्जरीउ सेवा सुहं कुणउ ॥ १० ॥ // ॐज्ळग.१६०
644,
645,
646,[प. ४४]
647,सव्वो छुहिओ सोहइ मढदेउलमन्दिरं च चञ्चरयं ।
648,नरणाह मह कुडुम्बं छुहछुहियं दुब्बलं होइ ॥ ११ ॥ // ॐज्ळग.१६१
649,
650,
651,
652,---------------------------------------------------------------------
653,[सुहडवज्जासुभटपद्धतिः]
654,
655,जं दिज्जइ पहरपरव्वसेहि मुच्छागएहि पयमेक्कं ।
656,तह नेहस्स पयस्स व न याणिमो को समब्भहि ओ ॥ १ ॥ // ॐज्ळग.१६२
657,
658,भग्गे वि बले वलिए वि साहणे सामिए निरुच्छाहे ।
659,नियमुयविक्कमसारा थक्कन्ति कुलुग्गया सुहडा ॥ २ ॥ // ॐज्ळग.१६३
660,
661,वियलइ धणं न माणं झिज्जइ अङ्गं न झिज्जइ पयावो ।
662,रूवं चलइ न फुरणं सिविणे वि मणंसिसत्थाणं ॥ ३ ॥ // ॐज्ळग.१६४
663,
664,
665,[प. ४५]
666,अवमाणिओ व्व संमाणिओ व्व नवसेवओ व्व कुविओ व्व ।
667,पहरइ कयावराहो व्व निब्भओ को वि सङ्गामे ॥ ४ ॥ // ॐज्ळग.१६५
668,
669,उयरे असिकप्परिए अन्तोहे निवडियम्मि चलणेसु ।
670,भमइ भडो जसलुद्धो ससङ्कलो मत्तहत्थि व्व ॥ ५ ॥ // ॐज्ळग.१६६
671,
672,दाहिणकरेण खग्गं वामेण सिरं धरेइ निवडन्तं ।
673,अन्तावेढियचलणो जाइ१ भडो एक्कमेक्कस्स ॥ ६ ॥ // ॐज्ळग.१६७
674,
675,अज्ज वि विहुरो सुपहू अज्ज वि पहरन्ति सुहडसङ्घाया ।
676,अज्ज वि मज्झत्था जयसिरी वि ता जीव मा वच्च ॥ ७ ॥ // ॐज्ळग.१६८
677,
678,
679,[प. ४६]
680,नेच्छइ सग्गग्गमणं कुवइ भडो सुरवहूहि निज्जन्तो ।
681,गरुयपडिवक्खपेल्लियसामियकज्जे अणिम्माए ॥ ८ ॥ // ॐज्ळग.१६९
682,
683,एक्को वि को वि नियगोत्तभूसणो धरउ जणणिउयरम्मि ।
684,जो रिउघडाण समुहो परंमुहो परकलत्ताणं ॥ ९ ॥ // ॐज्ळग.१७०
685,
686,वियडं सो परिसक्कउ सामिपसायं च सो समुव्वहउ ।
687,दुव्वारवेरिवारणणिवारणा जस्स भुयदण्डा ॥ १० ॥ // ॐज्ळग.१७१
688,
689,एक्कं दन्तम्मि पयं बीयं कुम्भम्मि तइयमलहन्तो ।
690,बलिबन्धविलसियं महुमहस्स आलम्बए सुहडो ॥ ११ ॥ // ॐज्ळग.१७२
691,
692,
693,[प. ४७]
694,चलचमरकण्णचालिरविज्जिज्जन्तो भडो गइन्देण ।
695,ओ सुवइ सामिकयकज्जणिब्भरो दन्तपल्लङ्के ॥ १२ ॥ // ॐज्ळग.१७३
696,
697,गाढासणस्स कस्स वि उयरे निहयस्स मण्डलग्गेण ।
698,अद्धं महीइ पडियं तुरङ्गपिट्ठिट्ठियं अद्धं ॥ १३ ॥ // ॐज्ळग.१७४
699,
700,सब्भावे पहुहियए जीए सग्गे जसे जए सयले ।
701,ठविए रणम्मि सीसे कयकज्जो नच्चिओ सुहडो ॥ १४ ॥ // ॐज्ळग.१७५
702,
703,
704,[प. ४८]
705,छिन्ने रणम्मि बहुपहुपसायमालापडिच्छिरे सीसे ।
706,उत्तिण्णगरुयभारं व नच्चियं नरवरकबन्धं ॥ १५ ॥ // ॐज्ळग.१७६
707,
708,पक्खाणिलेण पहुणो विरमउ मुच्छ त्ति पासपडिएण ।
709,गिद्धन्तकड्ढणं दूसहं पि साहिज्जइ भडेण ॥ १६ ॥ // ॐज्ळग.१७७
710,
711,वच्छत्थलं च सुहडस्स रहिरकुङ्कुमविलित्तयङ्गस्स ।
712,वरकामिणि व्व चुम्बइ उरे निसन्ना सिवा वयणं ॥ १७ ॥ // ॐज्ळग.१७८
713,
714,
715,
716,---------------------------------------------------------------------
717,
718,[प. ४९]
719,[धवलवज्जाधवलपद्धतिः]
720,
721,सञ्चुण्णियथोरजुयप्पहारसञ्जणियगरुयकिणसोहो ।
722,धवलस्स महाभरकड्ढणाइ कन्धो च्चिय कहेइ ॥ १ ॥ // ॐज्ळग.१७९
723,
724,अह मरइ धुरालग्गो सञ्चुण्णियसन्धिबन्धणो धवलो ।
725,न हु पामरस्स विहुरे आरापरिघट्टणं सहइ ॥ २ ॥ // ॐज्ळग.१८०
726,
727,अह तोडइ नियकन्धं अह कड्ढइ गुरुभरम्मि दुव्वोज्झं ।
728,धवलो धुरम्मि जुत्तो न सहइ उच्चारियं हक्कं ॥ ३ ॥ // ॐज्ळग.१८१
729,
730,
731,[प. ५०]
732,चिक्वणचिक्खल्लचहुट्टचक्कथक्के भरम्मि जाणिहिसि ।
733,अविसेसन्नय गहवइ परंमुहो जं सि धवलाणं ॥ ४ ॥ // ॐज्ळग.१८२
734,
735,अमुणियगुणो न जुप्पइ१ न मुणिज्जइ स य गुणो अजुत्तस्स
736,थक्के भरे विसूरइ अउव्ववग्गं गओ धवलो ॥ ५ ॥ // ॐज्ळग.१८३
737,
738,सो च्चिय सयडे सो च्चिय हलम्मि सो च्चिय वहेइ पिट्ठीए ।
739,बहुगोधणो वि हलिओ नन्दइ एक्केण धवलेण ॥ ६ ॥ // ॐज्ळग.१८४
740,
741,कत्तो लब्भन्ति धुरन्धराइ धवलाइ भरसमत्थाइं ।
742,अइविहुरे गुरुभारं कड्ढन्ति य लीलमत्ताए ॥ ७ ॥ // ॐज्ळग.१८५
743,
744,
745,
746,---------------------------------------------------------------------
747,
748,[प. ५१]
749,[विञ्झवज्जाविन्ध्यपद्धतिः]
750,
751,दन्तच्छोहं तडवियडमोडणं सरसपल्लवुल्लिहणं ।
752,जइ विञ्झो च्चिय न सहइ ता करिणो कत्थ वच्चन्ति ॥ १ ॥ // ॐज्ळग.१८६
753,
754,सा रेवा ताइ पाणियाइ ते च्चेव करिणिसङ्घाया ।
755,सा सल्लइ सल्लइ गयवरस्स विञ्झं मुयन्तस्स ॥ २ ॥ // ॐज्ळग.१८७
756,
757,विञ्झेण विणा वि गया नरवइभवणेसु गोरविज्जन्ति ।
758,विञ्झो न होइ अगओ गएहि बहुएहि वि गएहिं ॥ ३ ॥ // ॐज्ळग.१८८
759,
760,गोमहिसतुरङ्गाणं पसूण सव्वाण जुज्जए ठाणं ।
761,दड्ढगइन्दाण पुणो अह विञ्झो अह महाराओ ॥ ४ ॥ // ॐज्ळग.१८९
762,
763,
764,
765,---------------------------------------------------------------------
766,
767,[प. ५२]
768,[गयवज्जागजपद्धतिः]
769,
770,वियलियमएण गयजोव्वणेण हल्लन्तदन्तमुसलेण ।
771,अज्ज वि वणं सणाहं जूहाहिव पइ जियन्तेण ॥ १ ॥ // ॐज्ळग.१९०
772,
773,अज्ज वि सम्भरइ गओ मज्जन्तो सरवरम्मि लीलाए ।
774,जं करिणिकरग्गुम्मूलिएण पहओ मुणालेण ॥ २ ॥ // ॐज्ळग.१९१
775,
776,मा सुमरसु चन्दणपल्लवाण करिणाह गेण्ह तिणकवलं ।
777,जा जह परिणमह दसा तं तह धीरा पडिच्छन्ति ॥ ३ ॥ // ॐज्ळग.१९२
778,
779,मा झिज्जसु अणुदियहं करिणिविओएण मूढ करिणाह ।
780,सोक्खं न होइ कस्स वि निरन्तरं एत्थ संसारे ॥ ४ ॥ // ॐज्ळग.१९३
781,
782,
783,[प. ५३]
784,जायासुयविरहविसण्ठुलस्स जूहाहिवस्स विञ्झम्मि ।
785,ते सरसपल्लवा सल्लईइ विसकवलसारिच्छा ॥ ५ ॥ // ॐज्ळग.१९४
786,
787,गरुयछुहाउलियस्स य वल्लहकरिणीसुहं भरन्तस्स ।
788,सरसो मुणालकवलो गयस्स हत्थे च्चिय विलीणो ॥ ६ ॥ // ॐज्ळग.१९५
789,
790,तह नीससियं जूहाहिवेण चिरविलसियं भरन्तेण ।
791,करगहियं तिणकवलं हरियं जह झत्ति पज्जलियं ॥ ७ ॥ // ॐज्ळग.१९६
792,
793,विरहपलित्तो रे वरगइन्द मा भञ्ज सयलवणराई ।
794,उम्मूलिए वि विञ्झे विरहावत्था तह च्चेय ॥ ८ ॥ // ॐज्ळग.१९७
795,
796,जूहाओ वणगहणं गहणाउ सरं सराउ गिरिसिहरं ।
797,सिहराहिन्तो पुहविं निएइ हत्थी पियाविरहे ॥ ९ ॥ // ॐज्ळग.१९८
798,
799,
800,[प. ५४]
801,करिणिकरप्पियणवसरससल्लईकवलभोयणं दन्ती ।
802,जइ न मरइ सुमरन्तो ता किं किसिओ वि मा होउ ॥ १० ॥ // ॐज्ळग.१९९
803,
804,
805,
806,---------------------------------------------------------------------
807,[सीहवज्जासिंहपद्धतिः]
808,
809,किं करइ कुरङ्गी बहुसुएहि ववसायमाणरहिएहिं ।
810,एक्केण वि गयघडदारणेण सिंही सुहं सुवइ ॥ १ ॥ // ॐज्ळग.२००
811,
812,जाइविसुद्धाण नमो ताण मइन्दाण अहह जियलोए ।
813,जे जे कुलम्मि जाया ते ते गयकुम्भणिद्दलणा ॥ २ ॥ // ॐज्ळग.२०१
814,
815,
816,[प. ५५]
817,मा जाणह जह१ तुङ्गत्तणेण पुरिसाण होइ सोण्डीरं ।
818,मडहो वि मइन्दो करिवराण कुम्भत्थलं दलइ ॥ ३ ॥ // ॐज्ळग.२०२
819,
820,बेण्णि वि रण्णुप्पन्ना बज्झन्ति गया न चेव केसरिणो ।
821,सम्भाविज्जइ मरणं न गञ्जणं धीरपुरिसाणं ॥ ४ ॥ // ॐज्ळग.२०३
822,
823,
824,
825,---------------------------------------------------------------------
826,[वाहवज्जाव्याधपद्धतिः]
827,
828,एक्कसरपहरदारियमाइन्दगइन्दजुज्झमाभिडिए ।
829,वाहि न लज्जसि नच्चसि दोहग्गे पायडिज्जन्ते ॥ १ ॥ // ॐज्ळग.२०४
830,
831,
832,[प. ५६]
833,कत्तो तं रायधरेसु विलसियं जं घरम्मि वाहस्स ।
834,गयकुम्भवियारियमोत्तिएहि जं जङ्गलं किणइ ॥ २ ॥ // ॐज्ळग.२०५
835,
836,अज्ज कयत्थो दियहो वाहवहू रूवजोव्वणुम्मइया ।
837,सोहग्गं धणुरुम्पच्छलेण रच्छासु विक्खिरइ ॥ ३ ॥ // ॐज्ळग.२०६
838,
839,ओ खिप्पइ मण्डलमारुएण गेहङ्गणाउ वाहीए ।
840,सोहग्गधयवडाइ व्व धणुरओरुम्परिञ्छोली ॥ ४ ॥ // ॐज्ळग.२०७
841,
842,जह जह वड्ढन्ति थणा तह तह झिज्जन्ति पञ्च वत्थूणि ।
843,मज्झं पइ कोयण्डं पल्लिजुवाणा सवत्तीओ ॥ ५ ॥ // ॐज्ळग.२०८
844,
845,
846,[प. ५७]
847,जह जह वड्ढन्ति थणा वियसइ मयणो सवम्महा दिट्ठी ।
848,तह तह वाहजुवाणो दियहे दियहे धणुल्लिहइ ॥ ६ ॥ // ॐज्ळग.२०९
849,
850,जह जह न चडइ चावो उम्मिल्लइ करइ पल्लिणाहस्स ।
851,तह तह सुण्हा विप्फुल्लगण्डविवरुम्मुही हसइ ॥ ७ ॥ // ॐज्ळग.२१०
852,
853,दिन्नं थणाण अग्धं करिणीजूहेण वाहवहुयाए ।
854,रण्डत्तणं न पत्तं हे सुन्दरि तुह पसाएण ॥ ८ ॥ // ॐज्ळग.२११
855,
856,सिहिपेहुणावयंसा वहुया वाहस्स गव्विरी१ भमइ ।
857,गयमुत्तागहियपसाहणाण मज्झे सवत्तीणं ॥ ९ ॥ // ॐज्ळग.२१२
858,
859,
860,[प. ५८]
861,वाणियय हत्थिदन्ता कत्तो अम्हाण वग्घकित्तीओ ।
862,उत्तुङ्गथोरथणवट्टसालसा जं वहू सुवइ ॥ १० ॥ // ॐज्ळग.२१३
863,
864,वग्घाण नहा सीहाण केसरा मोत्तिया गइन्दाणं ।
865,कत्तो वाणिय अम्हं मयचम्मपरिग्गहो नत्थि ॥ ११ ॥ // ॐज्ळग.२१४
866,
867,
868,
869,---------------------------------------------------------------------
870,[हरिणवज्जाहरिणपद्धतिः/?/]
871,
872,हरिणा जाणन्ति गुणा रण्णे वसिऊण १गेयमाहप्पं ।
873,ताणं चिय नत्थि धणं जीयं वाहस्स अप्पन्ति ॥ १ ॥ // ॐज्ळग.२१५
874,
875,अम्हाण तिणङ्कुरभोयणाण न हु किञ्चि सञ्चियं दविणं ।
876,मह मंसपिण्डतुट्ठो जइ वच्चइ ता अहं धन्नो ॥ २ ॥ // ॐज्ळग.२१६
877,
878,
879,[प. ५९]
880,एक्केण वि सरउ सरेण वाह किं बीयएण गहिएण ।
881,एक्कं पि वसइ जीयं हयास दोण्हं पि य सरीरे ॥ ३ ॥ // ॐज्ळग.२१७
882,
883,सरसल्लिएण भणियं कन्धं धुणिऊण जुण्णहरिणेण ।
884,गिज्जउ पुणो वि गिज्जउ जाव य कण्ठट्ठिओ जीवो ॥ ४ ॥ // ॐज्ळग.२१८
885,
886,घाएण मओ सद्देण मई चोज्जेण वाहवहुया वि ।
887,अवठम्भिऊण धणुहं वाहेण वि मुक्किया१ पाणा ॥ ५ ॥ // ॐज्ळग.२१९
888,
889,
890,
891,---------------------------------------------------------------------
892,[करहवज्जाकरमपद्धतिः]
893,
894,कङ्केल्लिपल्लवोव्वेल्लमणहरे जइ वि नन्दणे चरइ ।
895,करहस्स तह वि मरुविलसियाइ हियए खुडुक्कन्ति ॥ १ ॥ // ॐज्ळग.२२०
896,
897,
898,[प. ६०]
899,ते गिरिसिहरा ते पीलुपल्लवा ते करीरकसरक्का ।
900,लब्भन्ति करह मरुविलसियाइ कत्तो वणेत्थम्मि ॥ २ ॥ // ॐज्ळग.२११
901,
902,पुणरुत्तपसारियदीह्र̥कन्धरो करह किं पलोएसि ।
903,कत्तो लब्भन्ति मरुत्थलीउ दिव्वे पराहुत्ते ॥ ३ ॥ // ॐज्ळग.२२२
904,
905,दीहुण्हपउरणीसाससोसियासेसपीलुसयसिहरो ।
906,कवलं पि न गेण्हसि करह मुद्ध किं चक्खियमपुव्वं ॥ ४ ॥ // ॐज्ळग.२२३
907,
908,उन्नयकन्धर मा जूर करह ता धरसु किं चि चरिऊण ।
909,तुह जोग्गा अक्कमरुत्थलीइ१ तुङ्गा तरू कत्तो ॥ ५ ॥ // ॐज्ळग.२२४
910,
911,
912,[प. ६१]
913,जं जीहाइ विलग्गं किञ्चि वरं मामि तस्स तं दिट्ठं ।
914,थुक्केइ चक्खिउं वणसयाइ करहो धुयग्गीवो ॥ ६ ॥ // ॐज्ळग.२२५
915,
916,अन्नेहिं पि न पत्ता पत्तलकरहेहि करह सा वेल्ली ।
917,को एसो तुज्झं गहो जं चिन्तसि विञ्झसिहराइं ॥ ७ ॥ // ॐज्ळग.२२६
918,
919,
920,
921,---------------------------------------------------------------------
922,[मालईवज्जामालतीपद्धतिः]
923,
924,तह तुह विरहे मालइ महिमण्डलवन्दणिज्जमयरन्दे ।
925,परिझीणं भमरउलं जह जायं मसयवन्दं व ॥ १ ॥ // ॐज्ळग.२२७
926,
927,
928,[प. ६२]
929,वड्ढसु मालइकलिए निब्भरमयरन्दपरिमलुग्गारे ।
930,मुञ्चन्तु छप्पया सेसकुसुमसेवाकिलेसस्स ॥ २ ॥ // ॐज्ळग.२२८
931,
932,वियसन्तु नाम गन्धुद्धुराउ सेसाउ कुसुमजाईओ ।
933,इन्दिन्दिरस्स रणरणयकारणं मालइ च्चेव ॥ ३ ॥ // ॐज्ळग.२२९
934,
935,मडहं मालइकलियं महुयर दट्र्ठूण किं पराहुत्तो ।
936,एत्तो पसरइ भुवणन्तराइ गन्धो वियम्भन्तो ॥ ४ ॥ // ॐज्ळग.२३०
937,
938,
939,[प. ६३]
940,मडहुल्लियाइ किं तुह इमीइ किं वा दलेहि तालिणेहिं ।
941,आमोए महुयर मालईइ जाणिहिसि माहप्पं ॥ ५ ॥ // ॐज्ळग.२३१
942,
943,तह वासियं वणं मालईइ कुंसुंमेहि निब्भरं सरए ।
944,जह इत्थ तत्थ कत्थ वि भमरा दुक्खेहि लक्खन्ते ॥ ६ ॥ // ॐज्ळग.२३२
945,
946,का समसीसी सह मालईइ सेसाण कुसुमजाईणं ।
947,जस्स वि गन्धविलित्ता भसला भसलेहि पिज्जन्ति ॥ ७ ॥ // ॐज्ळग.२३३
948,
949,कलियामिसेण उब्भेवि अङ्गुलिं मालईइ महमहियं ।
950,धरउ१ जु धरणसत्थो मह एन्तो महुयरजुवाणो ॥ ८ ॥ // ॐज्ळग.२३४
951,
952,
953,[प. ६४]
954,पक्खुक्खेवं नहसूइखण्डणं भमरभरसमुव्वहणं ।
955,उव सहइ थरहरन्ती वि दुब्बला मालइ च्चेव ॥ ९ ॥ // ॐज्ळग.२३५
956,
957,
958,
959,---------------------------------------------------------------------
960,[इन्दिन्दिरवज्जाइन्दिन्दिरपद्धतिः]
961,
962,इन्दिन्दिर छप्पय भसल भमर भमिओ सि काणणं सयलं ।
963,मालइसरिसं कुसुमं जइ दिट्ठं किं न ता भणसि ॥ १ ॥ // ॐज्ळग.२३६
964,
965,कत्थ वि दलं न गन्धं कत्थ वि गन्धो न पउरमयरन्दो ।
966,एक्ककुसुमम्मि महुयर बे तिन्नि गुणा न लब्भन्ति ॥ २ ॥ // ॐज्ळग.२३७
967,
968,एक्कं महुयरहिययं तं चिय पुण मालईइ पडिरुद्धं ।
969,सेसा फुल्लन्तु फलन्तु पायवा को निवारेइ ॥ ३ ॥ // ॐज्ळग.२३८
970,
971,
972,[प. ६५]
973,मालइ पुणो वि मालइ हा मालइ मालइ त्ति जम्पन्तो ।
974,उव्विग्गो१ भमइ अली हिण्डन्तो सयलवणराई ॥ ४ ॥ // ॐज्ळग.२३९
975,
976,रुणरुणइ वलइ२ वेल्लइ पक्खउडं धुणइ खिवइ अङ्गाइं ।
977,मालइकलियाविरहे पञ्चावत्थं गओ भमरो ॥ ५ ॥ // ॐज्ळग.२४०
978,
979,मालइविरहे रे तरुणभसल मा रुवसु निब्भरुक्कण्ठं ।
980,वल्लहविओयदुक्खं मरणेण विणा न वीसरइ ॥ ६ ॥ // ॐज्ळग.२४१
981,
982,जाव न विसरइ सरसा वरइ न ईसं पि मालईकलिया ।
983,आविणीयमहुयरोहिं ताव च्चिय पाउमारद्धा ॥ ७ ॥ // ॐज्ळग.२४२
984,
985,वियसन्तसरसतामरसभसल वियसेइ मालई जाव ।
986,ता जत्थ व तत्थ व जह व तह व दियहा गमिज्जन्ति ॥ ८ ॥ // ॐज्ळग.२४३
987,
988,
989,[प. ६६]
990,छप्पइ गमेसु कालं वासवकुसुमाइ ताव मा मुयसु ।
991,मन्न जियन्तो पेच्छसि पउरा१ रिद्धी वसन्तस्स ॥ ९ ॥ // ॐज्ळग.२४४
992,
993,मा इन्दिदिर तुङ्गसु पङ्कयदलणिलय मालईविरहे ।
994,तुम्बिणिकुसुमाइ न सम्पडन्ति दिव्वे पराहुत्ते ॥ १० ॥ // ॐज्ळग.२४५
995,
996,इयरकुसुमेसु महुयर दे बन्ध रइं विमुञ्च रणरणयं ।
997,झायन्तो च्चिय मरिहिसि कत्तो ते मालई सरए ॥ ११ ॥ // ॐज्ळग.२४६
998,
999,भमरो भमरो त्ति गुणोज्झिएहि कुसुमेहि लाइओ दोसो ।
1000,लहिऊण मालइं पुण सो निउणो भमउ जइ भमइ ॥ १२ ॥ // ॐज्ळग.२४७
1001,
1002,
1003,[प. ६७]
1004,कुन्दलयामउलपरिटिठएण भरिऊण मालइविलासं ।
1005,तह नीससियं इन्दिन्दिरेण जह सा वि पज्जालिया ॥ १३ ॥ // ॐज्ळग.२४८
1006,
1007,वोसट्टबहलपरिमलकेयइमयरन्दवासियङ्गस्स ।
1008,हियइच्छियपियलम्भा१ चिरा सया कस्स जायन्ति ॥ १४ ॥ // ॐज्ळग.२४९
1009,
1010,वियलियदलं पि गन्धोज्झियं पि विरसं पि मालईविडवं ।
1011,भसलेहि नेय मुक्कं पढमरसं सम्भरन्तेहिं ॥ १५ ॥ // ॐज्ळग.२५०
1012,
1013,
1014,[प. ६८]
1015,१ढङ्खरसेसो वि हु महुयेरहि मुक्को न मालईविडवो ।
1016,दरवियसियकलियामोयबहलिमं सम्भरन्तेहिं ॥ १६ ॥ // ॐज्ळग.२५१
1017,
1018,निबिडदलसण्ठियं पि हु कलियं वियसाविऊण सविसे वं
1019,जे पढमं तीइ रसं पियन्ति ते छप्पया छेया ॥ १७ ॥ // ॐज्ळग.२५२
1020,
1021,
1022,
1023,---------------------------------------------------------------------
1024,[सुरतरुविसेसवज्जासुरतरुविशेषपद्धतिः]
1025,
1026,वसिऊण सग्गलेए गन्धं गहिऊण पारिजायस्स ।
1027,रे भसल किं न लज्जसि चुम्बन्तो इयरकुसुमाइं ॥ १ ॥ // ॐज्ळग.२५३
1028,
1029,
1030,[प. ६९]
1031,कत्तो लवङ्गकलिया इच्छं पूरेइ छेयभसलस्स ।
1032,अमरतरुभञ्जरिरसेण जस्स आणन्दियं हिययं ॥ २ ॥ // ॐज्ळग.२५४
1033,
1034,भमर भमन्तेण तए अणेयवणगहणकाणणुद्देसं ।
1035,दिट्ठो सुओ य कत्थ वि सरिसतरू परिजायस्स ॥ ३ ॥ // ॐज्ळग.२५५
1036,
1037,अमरतरुकुसुममञ्जरि वाउहया महुयरेण जं रसिया ।
1038,तल्लद्धरसेण कओ सङ्कप्पो सेसकुसुमाणं ॥ ४ ॥ // ॐज्ळग.२५६
1039,
1040,
1041,
1042,---------------------------------------------------------------------
1043,[हंसवज्जाहंसपद्धतिः]
1044,
1045,हंसो सि महासरमण्डणो सि धवलो सि धवल किं तुज्झ ।
1046,खलवायसाण मज्झे ता हंसय कत्थ पडिओ सि ॥ १ ॥ // ॐज्ळग.२५७
1047,
1048,
1049,[प. ७०]
1050,हंसो मसाणमज्झे काओ जइ वसइ पङ्कयवणम्मि ।
1051,तह वि हु हंसो हंसो काओ काओ च्चिय वराओ ॥ २ ॥ // ॐज्ळग.२५८
1052,
1053,अहिणवघणउच्छलिया सवित्थरा१ जइ वि पाउसवसेण ।
1054,तह वि हु किं सेविज्जइ वाहलिया रायहंसेहिं ॥ ३ ॥ // ॐज्ळग.२५९
1055,
1056,बे वि सपक्खा तह बे वि धवलया बे वि सरवरणिवासा ।
1057,तह वि हु हंसबयाणं जाणिज्जइ अन्तरं गरुयं ॥ ४ ॥ // ॐज्ळग.२६०
1058,
1059,नवणलिणमुणालुल्लोलमलियं हंस माणसं मोत्तुं ।
1060,लज्जाइ कह न मूओ सेवन्तो गामवाहलियं ॥ ५ ॥ // ॐज्ळग.२६१
1061,
1062,
1063,[प. ७१]
1064,एक्केण य पासपरिट्ठिएण हंसेण होइ जा सोहा ।
1065,तं सरवरो न पावइ बहुएहि वि ढिङ्कसत्थेहिं ॥ ६ ॥ // ॐज्ळग.२६२
1066,
1067,माणससररहियाणं जह न सुहं होइ रायहंसाणं ।
1068,तह तस्स वि तेहि विणा तीरुच्छङ्गा न सोहन्ति ॥ ७ ॥ // ॐज्ळग.२६३
1069,
1070,
1071,
1072,---------------------------------------------------------------------
1073,[चन्दवज्जाचन्द्रपद्धतिः]
1074,
1075,सव्वायरेण रक्खह तं पुरिसं जत्थ जयसिरी वसइ ।
1076,अत्थामिय चन्दबिम्बे ताराहि न कीरए जोण्हा ॥ १ ॥ // ॐज्ळग.२६४
1077,
1078,जह जह वड्ढेइ ससी तह तह ओ पेच्छ घेप्पइ मएण ।
1079,वयणिज्जवज्जियाओ कस्स वि जइ हुन्ति रिद्धीओ ॥ २ ॥ // ॐज्ळग.२६५
1080,
1081,
1082,[प. ७२]
1083,जइ चन्दो किं बहुतारएहि बहुएहि किं च तेण विणा ।
1084,जस्स पयासो लोए धवलेइ महामहीवट्ठं१ ॥ ३ ॥ // ॐज्ळग.२६६
1085,
1086,चन्दस्स खओ न हु तारयाण रिद्धी वि तस्स न हु ताणं ।
1087,गरुयाण चडणपडणं इयरा उण निच्चपडिया य ॥ ४ ॥ // ॐज्ळग.२६७
1088,
1089,रयणायरम्मि जम्मो हरसिरतिलओ सहोयरा लच्छी ।
1090,विहडियकलाकलावो दसिया वि समीहए चन्दो ॥ ५ ॥ // ॐज्ळग.२६८
1091,
1092,हरसिरसरणम्मि गओ लुक्कन्तो तह जडाण मज्झम्मि ।
1093,तह वि गिलिज्जइ चन्दो विहिविहियं को निवारेइ ॥ ६ ॥ // ॐज्ळग.२६९
1094,
1095,
1096,
1097,---------------------------------------------------------------------
1098,
1099,[प. ७३]
1100,[छइल्लवज्जाविदग्धपद्धतिः]
1101,
1102,नयरं न होइ अट्टालएहि पायारतुङ्गसिहरेहिं ।
1103,गामो वि होइ नयरं जत्थ छइल्लो जणो वसइ ॥ १ ॥ // ॐज्ळग.२७०
1104,
1105,निवसन्ति जत्थ छेया ललियक्खरकव्वबन्धणे कुसला ।
1106,"जाणन्ति वङ्कभणियं सुन्दरि नयरं, न सो गामो ॥ २ ॥ // ॐज्ळग.२७१"
1107,
1108,जो जम्पिऊण जाइण जम्पियमत्तं च जाणए अत्थं ।
1109,देसो तेण पवित्तो अच्छउ नयरं वसन्तेण ॥ ३ ॥ // ॐज्ळग.२७२
1110,
1111,गुरुविहवलङ्घिया१ अवि आवइ पत्ता वि आउरमणा वि ।
1112,सिविणन्तरे वि छेया नियकज्जं नेय सिढिलन्ति ॥ ४ ॥ // ॐज्ळग.२७३
1113,
1114,
1115,[प. ७४]
1116,अन्नं धरन्ति हियए अन्नं वायाइ कीरए अन्नं ।
1117,छेयाण पत्थिवाण य खलाण मग्गो च्चिय अउव्वो ॥ ५ ॥ // ॐज्ळग.२७४
1118,
1119,छेयाण जेहि कज्जं न हु होसइ जेहि जभ्मलक्खे वि१ ।
1120,दोहिं पि तेहि सरिसंसरिस च्चिय२ हुन्ति उल्लावा ॥ ६ ॥ // ॐज्ळग.२७५
1121,
1122,सब्भावबाहबिरेहिं तह कह वि पियक्खरेहि जम्पन्ति ।
1123,जह बन्धव त्ति कलिउं लोए सीसेहि वुब्भन्ति ॥ ७ ॥ // ॐज्ळग.२७६
1124,
1125,दिट्ठीतुलाइ भुवणं तुलन्ति जे चित्तचेलए निहियं ।
1126,को ताण छेयवाणिज्जयाण भण खण्डणं कुणइ ॥ ८ ॥ // ॐज्ळग.२७७
1127,
1128,
1129,[प. ७५]
1130,तं नत्थि तं न हूयं न हु होसइ तं च तिहुयणे सयले ।
1131,तं विहिणा वि न विहियं जं न हु नायं छइल्लेहिं१ ॥ ९ ॥ // ॐज्ळग.२७८
1132,
1133,जह पढमदिणे तह पच्छिमम्मि फरुसाइ नेय जम्पन्ति ।
1134,अव्वो महाणुभावा विरज्जमाणा वि दुल्लक्खा ॥ १० ॥ // ॐज्ळग.२७९
1135,
1136,बहुकूडकवडभरियाण पुत्ति छेयाण जो पिडे पडइ ।
1137,सो सुन्नो सुन्नमणो सिविणे वि न पावए सुक्खं ॥ ११॥ // ॐज्ळग.२८०
1138,
1139,जइ कह वि ताण छप्पन्नयाण२ तणुयङ्गि गोयरे पडसि ।
1140,ता थोरवसणदाहेक्कमण्डिया दुक्करं जियसि ॥ १२ ॥ // ॐज्ळग.२८१
1141,
1142,
1143,[प. ७६]
1144,मा पुत्ति वङ्कवङ्कं जम्पसु पुरओ छइल्ललोयाणं ।
1145,हियए जं च निहित्तं तं पि हयासा मुणन्ति बुद्धीए ॥ १३ ॥ // ॐज्ळग.२८२
1146,
1147,लीलावलोयणेण वि मुणन्ति जे पुत्ति हिययपरमत्थं ।
1148,ते कारिमउवयारेहि कह नु छेया छलिज्जन्ति ॥ १४ ॥ // ॐज्ळग.२८३
1149,
1150,सहस त्ति जं न दिट्ठो सरलसहावेण जं न आलत्तो ।
1151,अवयारो जं न कओ तं चिय कलियं छइल्लेहिं ॥ १५ ॥ // ॐज्ळग.२८४
1152,
1153,
1154,
1155,---------------------------------------------------------------------
1156,[पञ्चमवज्जापञ्चमपद्धतिः]
1157,
1158,कण्ठब्भन्तरणिग्गयदरघोलिरघुरहुरन्तहुङ्कारं ।
1159,खलिरक्खरं पि मारइ पन्थिय मा पञ्चमं सुणसु ॥ १ ॥ // ॐज्ळग.२८५
1160,
1161,
1162,[प. ७७]
1163,घोलन्ततारवण्णुज्जलेण वरतरुणिकण्णलग्गेण ।
1164,लोयणजुयलेण व पञ्चमेण भव को न सन्तविओ ॥ २ ॥ // ॐज्ळग.२८६
1165,
1166,अन्ने वि गामराया गिज्जन्ता देन्ति सयलसोक्खाइं ।
1167,एयस्स पुणो हयपञ्चमस्स अन्नो चमक्कारो ॥ ३ ॥ // ॐज्ळग.२८७
1168,
1169,अप्पणकज्जेण वि दीहरच्छि थोरयरदीहरणरणया ।
1170,पञ्चमसरपसरुग्गारगब्भिणा एन्ति नीसासा ॥ ४ ॥ // ॐज्ळग.२८८
1171,
1172,तं वञ्चिओ सि पिययम तीए बाहोहसंवलिज्जन्ता ।
1173,न सुया नीसासखलन्तमन्थरा पञ्चमतरङ्गा ॥ ५ ॥ // ॐज्ळग.२८९
1174,
1175,
1176,[प. ७८]
1177,सुम्मइ पञ्चमगेयं पुज्जिज्जइ वसहवाहणो देवो ।
1178,हियइच्छिओ रमिज्जइ संसारे इत्तियं सारं ॥ ६ ॥ // ॐज्ळग.२९०
1179,
1180,
1181,
1182,---------------------------------------------------------------------
1183,[नयणवज्जानयनपद्धतिः]
1184,
1185,नयणाइ समाणियपत्तलाइ परपुरिसजीवहरणाइं ।
1186,असियसियाइ य मुद्धे खग्गाइ व कं न मारन्ति ॥ १ ॥ // ॐज्ळग.२९१
1187,
1188,जत्तो नेहस्स भरो तत्तो निवडन्ति कसणधवलाइं ।
1189,चलचलयकोडिमोडणकराइ नयणाइ तरुणीणं ॥ २ ॥ // ॐज्ळग.२९२
1190,
1191,सवियारसविब्भमरहसवसविसट्टन्तमणहरुद्दामा ।
1192,मयणाउलाण दिट्ठी लक्खिज्जइ लक्खमज्झम्मि ॥ ३ ॥ // ॐज्ळग.२९३
1193,
1194,
1195,[प. ७९]
1196,जत्तो विलोलपम्हलधवलाइ चलन्ति१ नवर नयणाइं ।
1197,आयण्णपूरियसरो तत्तो च्चिय धावइ अणङ्गो ॥ ४ ॥ // ॐज्ळग.२९४
1198,
1199,कस्स न भिन्दइ हिययं अणङ्गसरधोरणि व्व निवडन्ती ।
1200,बालाइ वलिय२ लोयणफुरन्तमयणालसा दिट्ठी ॥ ५ ॥ // ॐज्ळग.२९५
1201,
1202,नयणाइ तुज्झ सुन्दरि विसेण भरियाइ निरवसेसाइं ।
1203,एमइ मारन्ति जणं अलज्जि किं कज्जलं देसि३ ॥ ६ ॥ // ॐज्ळग.२९६
1204,
1205,ईसिसिदिन्नकज्जलणीलुप्पलसच्छहेहि नयणेहिं ।
1206,वम्महमत्ता बाला मइया इव भमइ उत्तट्ठा ॥ ७ ॥ // ॐज्ळग.२९७
1207,
1208,
1209,[प. ८०]
1210,वङ्केहि पिओ सरलेहि सज्जणो उज्जुएहि मज्झत्थो ।
1211,आयम्बिरेहि रिउणो नयणाइ चउव्विहा हुन्ति ॥ ८ ॥ // ॐज्ळग.२९८
1212,
1213,नयणाण पडउ वज्जं अहवा वज्जाउ वड्डिलं किं पि ।
1214,अमुणियजणे वि दिट्र्ठे अणुरायं जाइ पावन्ति ॥ ९ ॥ // ॐज्ळग.२९९
1215,
1216,धावन्ति तम्मुहं धारिया वि वलियाइ तम्मि वलमाणे ।
1217,जणसङ्कुले वि नच्चावियाइ तेणम्ह नयणाइं ॥ १० ॥ // ॐज्ळग.३००
1218,
1219,
1220,
1221,---------------------------------------------------------------------
1222,[थणवज्जास्तनपद्धतिः]
1223,
1224,ठड्ढा खलो व्व सुयणो व्व सङ्गया नरवइ व्व मण्डलिया ।
1225,थणया तह दुग्गयचिन्तियं व हियए न मायन्ति ॥ १ ॥ // ॐज्ळग.३०१
1226,
1227,
1228,[प. ८१]
1229,अमुहा खलो व्व कुडिला मज्झं से किविणदाणसारिच्छा ।
1230,थणया सप्पुरिसमणोरह व्व हियए न मायन्ति ॥ २ ॥ // ॐज्ळग.३०२
1231,
1232,तुलओ व्व समा मित्तो व्व सङ्गया उन्नओ व्व क्खलिया ।
1233,सुयणो व्व सत्थहावा सुहडो व्य समुटिठया थणया ॥ ३ ॥ // ॐज्ळग.३०३
1234,
1235,समउत्तुङ्गविसांला उम्मन्थियकणयकलससङ्कासा ।
1236,कामणिहाणो व्व थणा पुण्णविहूणाण दुप्पेच्छा ॥ ४ ॥ // ॐज्ळग.३०४
1237,
1238,
1239,[प. ८२]
1240,उत्तुङ्गधणणिरन्तरपक्काइयमाउलिङ्गसारिच्छा ।
1241,मारन्ति वासभूसियणहो व्व विज्जुज्जला थणया ॥ ५ ॥ // ॐज्ळग.३०५
1242,
1243,उब्बिम्बे थणहारे रेहइ बालाइ घोलिरो हारो ।
1244,हिमगिरिवरसिहराओ खलिओ गङ्गापवाहो व्व ॥ ६ ॥ // ॐज्ळग.३०६
1245,
1246,मग्गं चिय अलहन्तो हारो पीणुन्नयाणं थणयाणं ।
1247,उब्बिम्बो भमइ उरे जँउणाणइफेणपुञ्जो व्व ॥ ७ ॥ // ॐज्ळग.३०७
1248,
1249,अज्झाइ१ नीलकञ्चुयभरिउव्वरियं विहाइ थणवट्टं ।
1250,जलभरियजलहरन्तरदरुग्गओ चन्दाबिम्बो व्व ॥ ८ ॥ // ॐज्ळग.३०८
1251,
1252,
1253,[प. ८३]
1254,अमया मओ व्व समया ससि व्व हरिकरिसिरो व्व चक्कलया ।
1255,किविणब्भत्थणविमुहा पसयच्छि पओहरा तुज्झ ॥ ९ ॥ // ॐज्ळग.३०९
1256,
1257,अव्वो न हुन्ति थणया मज्झ सरीरे सवत्तिणा जाया ।
1258,आलिङ्गणे वि पत्ते दूरे वि पियं निवारेन्ति ॥ १० ॥ // ॐज्ळग.३१०
1259,
1260,थणजुयलं तीइ निरन्तरं पि दट्ठूण तारिसं पडियं ।
1261,मा करउ को वि गव्वं एत्थ असारम्मि संसारे ॥ ११ ॥ // ॐज्ळग.३११
1262,
1263,कह नाम तीइ तं तह सहावगरुओ वि तणहरो पडिओ ।
1264,अहवा महिलाण चिरं हियए को नाम सण्ठाइ ॥ १२ ॥ // ॐज्ळग.३१२
1265,
1266,
1267,
1268,---------------------------------------------------------------------
1269,
1270,[प. ८४]
1271,[लावण्णवज्जालावण्यपद्धतिः]
1272,
1273,पल्लवियं करयलपल्लवेहि पफ्फुल्लियं व नयणेहिं ।
1274,फलियं मिव पीणपओहरेहि अज्झाइ लावण्णं ॥ १ ॥ // ॐज्ळग.३१३
1275,
1276,तह चम्पिऊण भरिया विहिणा लावण्णएण तणुयङ्गी ।
1277,जह से चिहुरतरङ्गा अङ्गुलिमग्ग व्व दीसन्ति ॥ २ ॥ // ॐज्ळग.३१४
1278,
1279,अन्नं लडहत्तणयं अन्न च्चिय का वि बाहुलयछाया ।
1280,सामा सामन्नपयावइणो रेह च्चिय न होइ ॥ ३ ॥ // ॐज्ळग.३१५
1281,
1282,करचरणगण्डलोयणबाहुलयाजहणमण्डलुद्धरियं१ ।
1283,अङ्गेसु अमायन्तं रङ्खोलइ२ तोइ लावण्णं ॥ ४ ॥ // ॐज्ळग.३१६
1284,
1285,
1286,[प. ८५]
1287,सामा नियम्बगरुया थणजहणुव्वहणमन्दसञ्चारा ।
1288,लक्खिज्जइ मयणणराहिवस्स सञ्चारिणि कुडि व्व ॥ ५ ॥ // ॐज्ळग.३१७
1289,
1290,सेयच्छलेण पेच्छह तणुए अङ्गम्मि से अमायन्तं ।
1291,लावण्णं ओसरइ व्व तिवलिसोवाणपन्तीहिं ॥ ६ ॥ // ॐज्ळग.३१८
1292,
1293,
1294,
1295,---------------------------------------------------------------------
1296,[सुरयवज्जासुरतपद्धतिः]
1297,
1298,दट्ठूण तरुणसुरयं विविहपलोट्टन्तकरणसोहिल्लं ।
1299,दीवो वि तग्गयमणो गयं पि तेल्लं न लक्खेंइ ॥ १ ॥ // ॐज्ळग.३१८
1300,
1301,
1302,[प. ८६]
1303,मरुमरुमार त्ति भणन्तियाइ सुरयम्मि केलिसङ्गामे ।
1304,पासट्ठिओ वि दीवो सहसा हल्लप्फलो जाओ ॥ २ ॥ // ॐज्ळग.३२०
1305,
1306,सुम्मइ वलयाण रवो नेउरसद्दो वि निब्भरो जाओ ।
1307,कस्स वि धन्नस्स घरे महिला पुरिसत्तणं कुणइ ॥ ३ ॥ // ॐज्ळग.३२१
1308,
1309,दट्ठूण रयणिमज्झे बहुविहकरणेहि निब्भरं सुरयं ।
1310,ओ धुणइ दीवओ विम्भिओ व्व पवणाहओ सीसं ॥ ४ ॥ // ॐज्ळग.३२२
1311,
1312,दन्तणहक्खयमहियं निग्घायपडन्तवलयणिग्घोसं ।
1313,वणसीहाण व जुज्झं वुत्तं तं तारिसं सुरयं ॥ ५ ॥ // ॐज्ळग.३२३
1314,
1315,
1316,[प. ८७]
1317,ओ सुम्मइ वासहरे विवरीयरयाइ पोढमहिलाए ।
1318,चलवलयकरप्फालणकणन्तमणिमेहलासद्दो ॥ ६ ॥ // ॐज्ळग.३२४
1319,
1320,न वि तह पढमसमागमसुरयसुहे पाविए वि परिओसो ।
1321,जह बीयदियह सविलक्खलक्खिए वयणकमलम्मि ॥ ७ ॥ // ॐज्ळग.३२५
1322,
1323,सरहसरमणसमप्पणकलयलिरकणन्तणिहुयसिक्कारं ।
1324,लब्भइ कुलवहुसुरए थवक्कओ सयलसोक्खाणं ॥ ८ ॥ // ॐज्ळग.३२६
1325,
1326,झणझणइ१ कणयडोरो तुट्टइ हारो गलन्ति रयणाइं ।
1327,पण्डवभडसङ्गामो आढत्तो पोढमहिलाए ॥ ९ ॥ // ॐज्ळग.३२७
1328,
1329,
1330,[प. ८८]
1331,रेहइ सुरयवसाणे अद्धुक्खित्तो सणेउरो चलणो ।
1332,जिणिऊण कामदेवं समुब्भिया धयवडाय व्व ॥ १० ॥ // ॐज्ळग.३२८
1333,
1334,
1335,
1336,---------------------------------------------------------------------
1337,[पेम्मवज्जाप्रेमपद्धतिः]
1338,
1339,पेम्मं अणाइपरमत्थपयडणं महुमहो व्व बहुभेयं ।
1340,मोहाणुरायजणयं अव्वो किं वन्दिमो निच्चं ॥ १ ॥ // ॐज्ळग.३२९
1341,
1342,आलावणेण उल्लावणेण सङ्गेण कोउहल्लेण ।
1343,सोवाणपएहि व पियगुणेहि पेम्मं समारुहइ ॥ २ ॥ // ॐज्ळग.३३०
1344,
1345,आरम्भो जस्स इमो आसन्नासाससोसियसरीरो ।
1346,परिणामो कह होसइ न याणिमो तस्स पेम्मस्स ॥ ३ ॥ // ॐज्ळग.३३१
1347,
1348,
1349,[प. ८९]
1350,दाणं न देइ न करेइ चाडुयं कहइ नेय सब्भावं ।
1351,दंसणमेत्तेण वि किं पि माणुसं१ अमयसारिच्छं ॥ ४ ॥ // ॐज्ळग.३३२
1352,
1353,जत्थ न उज्जग्गरओ जत्थ न ईसा विसूरणं माणं ।
1354,सब्भावचाडुयं जत्थ नत्थि नेहो तहिं नत्थि ॥ ५ ॥ // ॐज्ळग.३३३
1355,
1356,दाडिमफलं व पेम्मं एक्के पक्खे य होइ२ सकसायं ।
1357,जाव न बीओ रज्जइ३ ता किं महुरत्तणं कुणइ ॥ ६ ॥ // ॐज्ळग.३३४
1358,
1359,न तहा मारेइ विसं खज्जन्तं पलसयं पि कवलेहिं ।
1360,जह चक्खुरायरत्तं मारेइ सविब्भमं पेम्भं ॥ ७ ॥ // ॐज्ळग.३३५
1361,
1362,
1363,[प. ९०]
1364,अव्वो जाणामि अहं अत्तणहियएण अन्नहिययाइं ।
1365,"मा को वि कह वि रज्जउ१, दुक्खुव्वहणाइ पेम्माइं ॥ ८ ॥ // ॐज्ळग.३३६"
1366,
1367,अद्दिट्ठे रणरण ओ दिट्ठे ईसा विडम्बणा नाह ।
1368,होइ न उज्जु व वङ्कं पेम्मं जह चञ्चु कीरस्स२ ॥ ९ ॥ // ॐज्ळग.३३७
1369,
1370,अद्दिट्ठे रणरणओ दिट्ठे ईसा सुहटिठए माणं ।
1371,दूरटिठए वि दुक्खं पिए जणे भण सुहं कत्तो ॥ १० ॥ // ॐज्ळग.३३८
1372,
1373,ताव च्चिय होइ सुहं जाव न कीरइ पिओ जणो को वि ।
1374,पियसङ्गो जेहि कओ दुक्खाण समप्पिओ अप्पा ॥ ११ ॥ // ॐज्ळग.३३९
1375,
1376,
1377,[प. ९१]
1378,दूरं गए वि कयविप्पिए वि अन्नत्थ बद्धराए वि ।
1379,जत्थमणं न नियत्तइ तं पेम्मं परिचओ सेसो ॥ १२ ॥ // ॐज्ळग.३४०
1380,
1381,सो सुवइ सुहं सो दुक्खवज्जिओ सो सुहाण सयखाणी ।
1382,वाए मणेण काएण जस्स न हु वल्लहो को वि ॥ १३ ॥ // ॐज्ळग.३४१
1383,
1384,उल्लवउ को वि महिमण्डलम्मि जो तेण नत्थि संणडिओ ।
1385,खरपवणचाडुचालिरदवग्गिसरिसेण पेम्मेण ॥ १४ ॥ // ॐज्ळग.३४२
1386,
1387,सो को वि न जीसइ सामलङ्गि एयम्मि दड्ढहयलोए ।
1388,जस्स समप्पिवि हिययं सुहेण दियहा गमिज्जन्ति१ ॥ १५ ॥ // ॐज्ळग.३४३
1389,
1390,अव्वो तहिं तहिं चिय गयणं भमिऊण२ वीसमन्तेण ।
1391,बोहित्थवायसेण व हसाविया दड्ढपेम्मेण ॥ १६ ॥ // ॐज्ळग.३४४
1392,
1393,
1394,[प. ९२]
1395,जाए माणप्पसरे फिट्टे नेहे गयम्मि सब्भावे ।
1396,अब्भत्थणाइ१ पेम्मं कीरन्तं केरिसं होइ ॥ १७ ॥ // ॐज्ळग.३४५
1397,
1398,अद्दंसणेण अइदंसणेण दिट्ठे अणालवन्तेण ।
1399,माणेण पवसणेण य पञ्चविहं झिज्जए पेम्मं ॥ १८ ॥ // ॐज्ळग.३४६
1400,
1401,अद्दंसणेण बालय सुट्ठु वि नेहाणुबद्धमणसाणं ।
1402,हत्थउडपाणियाइ व कालेण गलन्ति पेम्माणि ॥ १९ ॥ // ॐज्ळग.३४७
1403,
1404,पेम्मस्स विरोहियसन्धियस्स पच्चक्खदिट्ठविलियस्स ।
1405,उययस्स व तावियसीयलस्स विरसो रसो होइ ॥ २० ॥ // ॐज्ळग.३४८
1406,
1407,
1408,[प. ९३]
1409,ताव य पुत्ति छइल्लो१ जाव न पेम्मस्स गोयरे पडइ ।
1410,नेहेण नवरि छेयत्तणस्स मूला खणिज्जन्ति ॥ २१ ॥ // ॐज्ळग.३४९
1411,
1412,
1413,
1414,---------------------------------------------------------------------
1415,[माणवज्जामानपद्धतिः]
1416,
1417,अलियपयम्पिरि अणिमित्तकोवणे असुणि सुणसु मह वयणं ।
1418,एक्कग्गाहिणि सोक्खेक्कबन्धवं गलइ तारुण्णं ॥ १ ॥ // ॐज्ळग.३५०
1419,
1420,अग्घाहि महुं दे गेण्ह चन्दणं असुणि सुणसु मह वयणं ।
1421,माणेण मा नडिज्जसु माणंसिणि गलइ छणराई ॥ २ ॥ // ॐज्ळग.३५१
1422,
1423,
1424,[प. ९४]
1425,ए दइइ मह पसिज्जसु माणं मोत्तूण कुणसु पसिओसं ।
1426,कयसेहराण सुम्मइ आलावो झत्ति गोसम्मि ॥ ३ ॥ // ॐज्ळग.३५२
1427,
1428,निद्दाभङ्गो आवण्डुरत्तणं दीहरा य नीसासा ।
1429,जायन्ति जस्स विरहे तेण समं केरिसो माणो ॥ ४ ॥ // ॐज्ळग.३५३
1430,
1431,नइपूरसच्छहे जोव्वणम्मि दियहेसु निच्चपहिएसु ।
1432,अणियत्तासु वि राईसु पुत्ति किं दड्ढमाणेण ॥ ५ ॥ // ॐज्ळग.३५४
1433,
1434,
1435,[प. ९५]
1436,जइ माणो कीस पिओ अहव पिओ कीस कीरए माणो ।
1437,माणिणि दो वि गइन्दा एक्कक्खम्भे न बज्झन्ति ॥ ६ ॥ // ॐज्ळग.३५५
1438,
1439,माणिणि मुएसु माणं जइ वि पिओ सुट्ठु वल्लहो तुज्झ ।
1440,कारणवसेण कूवो न नमइ मुद्धे तुला नमइ ॥ ७ ॥ // ॐज्ळग.३५६
1441,
1442,माणं अवलम्बन्ती मरिहिसि मुद्धे वसन्तमासम्मि ।
1443,माणो पुणो वि किज्जइ छपदियहा दुल्लहा हुन्ति ॥ ८ ॥ // ॐज्ळग.३५७
1444,
1445,मा पुत्ति कुणसु माणं दइओ हिययम्मि निट्ठुरसहावो ।
1446,कन्दलिसरिसं पेम्मं ढसत्ति तुट्टं न सङ्घडइ ॥ ९ ॥ // ॐज्ळग.३५८
1447,
1448,
1449,[प. ९६]
1450,दढणेहणालपरिसण्ठियस्स सब्भावदलसुयन्धस्स ।
1451,पेम्मुप्पलस्स माए माणतुसारो च्चिय विणासो ॥ १० ॥ // ॐज्ळग.३५९
1452,
1453,मुय माणं माण पियं पियसरयं जाव वच्चए सरयं ।
1454,सरए सरयं सुरयं च पुत्ति को पावइ अउण्णो ॥ ११ ॥ // ॐज्ळग.३६०
1455,
1456,तुङ्गो थिरो विसालो जो रइओ माणपव्वओ तीए ।
1457,सो दइयदिटिठवज्जासणिस्स घायं चिय न पत्तो ॥ १२ ॥ // ॐज्ळग.३६१
1458,
1459,पायवडिओ न गणिओ पियं भणन्तो वि विप्पियं भणिओ ।
1460,वच्चन्तो न निरुद्धो भण कस्स कए कओ माणो ॥ १३ ॥ // ॐज्ळग.३६२
1461,
1462,
1463,[प. ९७]
1464,माणं हु तम्मि किज्जइ जो जाणइ विरहवेयणादुक्खं ।
1465,अणरसियणिव्विसेसे किं कीरइ पत्थरे माणो ॥ १४ ॥ // ॐज्ळग.३६३
1466,
1467,उज्जग्गिरस्स तणुयत्तणस्स सुसियस्स दीहरुण्णस्स ।
1468,एयाण उरं दारुण पुत्ति माणं कुणिज्जासु ॥ १५ ॥ // ॐज्ळग.३६४
1469,
1470,
1471,
1472,---------------------------------------------------------------------
1473,[पवसियवज्जाप्रोषितपद्धतिः]
1474,
1475,कल्लं किर खरहियओ पवसिहिइ पिओ त्ति सुव्वइ जणम्मि
1476,तह वड्ढ भयवइ निसे जह से कल्लं चिय न होइ ॥ १ ॥ // ॐज्ळग.३६५
1477,
1478,
1479,[प. ९८]
1480,जइ वच्चसि वच्च तुमं को वारइःतुज्झ सुहव१ जन्तस्स ।
1481,तुह गमणं मह मरणं लिहिय पसत्थी कयन्तेण ॥ २ ॥ // ॐज्ळग.३६६
1482,
1483,जइ वच्चसि वच्च तुमं एण्हिं अवऊहणेण न हु कज्जं ।
1484,पावासियाण मडयं छिविऊण अमङ्गलं होइ ॥ ३ ॥ // ॐज्ळग.३६७
1485,
1486,वसिऊण मज्झ हियए जीयं गहिऊण अज्ज चलिओ सि ।
1487,सहवासहरविडम्बण गङ्गम्मि गओ न सुज्झिहिसि ॥ ४ ॥ // ॐज्ळग.३६८
1488,
1489,
1490,[प. ९९]
1491,जइ वच्चसि वच्च तुमं अञ्चल गहिओ य कुप्पसे कीस ।
1492,पढमं चिय सो मुच्चइ जो जीवइ तुह विओएण ॥ ५ ॥ // ॐज्ळग.३६९
1493,
1494,न मए रुण्णं न कयं अमङ्गलं होन्तु सयलसिद्धीओ ।
1495,विरहग्गिधूमकडुयाइयाइ१ पयलन्ति नयणाइं ॥ ६ ॥ // ॐज्ळग.३७०
1496,
1497,रे ससिवाहणवाहण मा पवससु एरिसम्मि कालम्मि ।
1498,सेलसुयासुयवाहणघणसद्दो जत्थ उच्छलइ ॥ ७ ॥ // ॐज्ळग.३७१
1499,
1500,रे ससिवाहणवाहण वारिज्जन्तो न ठासि जइ सुहय ।
1501,ता लच्छिवासवासं अम्हाणं वच्च दाऊण ॥ ८ ॥ // ॐज्ळग.३७२
1502,
1503,
1504,[प. १००]
1505,इह पन्थे मा वच्चसु गयवइ भणियं भुयं पसारेवि ।
1506,पन्थिय पियपयमुद्दा मइलिज्जइ तुज्झ गमणेण ॥ ९ ॥ // ॐज्ळग.३७३
1507,
1508,
1509,
1510,---------------------------------------------------------------------
1511,[विरहवज्जाविरहपद्धतिः]
1512,
1513,अज्जं चेय पउत्थो उज्जागरओ जणस्स अज्जेय ।
1514,अज्जेय हलद्दीपिञ्जराइ गोलाइ तूहाइं ॥ १ ॥ // ॐज्ळग.३७४
1515,
1516,अज्जं चेय पउत्थो अज्जं चिय सुन्नयाइ जायाइं ।
1517,रच्छामुहदेउलचच्चराइ अम्हं च हिययाइं ॥ २ ॥ // ॐज्ळग.३७५
1518,
1519,
1520,[प. १०१]
1521,अज्जं चिय तेण विणा इमीइ आयम्बधवलकसणाइं ।
1522,जच्चन्धमोत्तियाइ व दिसासु घोलन्ति नयणाइं ॥ ३ ॥ // ॐज्ळग.३७६
1523,
1524,अज्जं गओ त्ति अज्जं गओ त्ति अज्जं गओत्ति लिहिरीए ।
1525,पढम च्चिय दियहद्धे कुड्डो रेहाहि चित्तलिओ ॥ ४ ॥ // ॐज्ळग.३७७
1526,
1527,अवहिदियहागमासङ्किरीहि सहियाहि तीइ लिहिरीए ।
1528,दो तिन्नि तह च्चिय चोरियाइ रेहा फुसिज्जन्ति ॥ ५ ॥ // ॐज्ळग.३७८
1529,
1530,
1531,[प. १०२]
1532,"'कइया गओ पिओ', 'पुत्ति अज्ज', 'अज्जेव' कइ दिणा होन्ति' ।"
1533,"'एक्को', 'एद्दहमेत्तो' भणिउं मोहं गया बाला ॥ ६ ॥ // ॐज्ळग.३७९"
1534,
1535,तह कह वि कुम्मुहुत्ते नियट्टई वल्लहो जियन्ताणं ।
1536,जह फुडियसिप्पिसम्पुडदलं व बीयं न सङ्घडइ ॥ ७ ॥ // ॐज्ळग.३८०
1537,
1538,विरहेण मन्दरेण व हिययं दुद्धोदर्हि व महिऊण ।
1539,उम्मूलियाइ अव्वो अम्हं रयणाइ व सुहाइं ॥ ८ ॥ // ॐज्ळग.३८१
1540,
1541,
1542,[प. १०३]
1543,अज्जं पुण्णा अवही करेसु मुहमण्डणं पयत्तेण ।
1544,अज्ज समप्पइ विरहो इन्ते वि पिए अइन्ते१ वि ॥ ९ ॥ // ॐज्ळग.३८२
1545,
1546,खणमेत्तं सन्तावो सेओ सीयं तहेव रोमञ्चो ।
1547,अव्वो दूसहणिज्जो पियविरहो संणिवाओ व्व ॥ १० ॥ // ॐज्ळग.३८३
1548,
1549,उण्हुण्हा रणरणया दुप्पेच्छा दूसहा दुरालोया ।
1550,संवच्छरसयसरिसा पियविरहे दुग्गमा दियहा ॥ ११ ॥ // ॐज्ळग.३८४
1551,
1552,
1553,[प. १०४]
1554,मयणाणिलसन्धुक्खियणेहिन्धणदुसहदूरपज्जलिओ ।
1555,डहई सहि पियविरहो जलणो जलणो च्चिय वराओ ॥ १२ ॥ // ॐज्ळग.३८५
1556,
1557,थोरंसुसलिलसित्तो हियए पज्जलइ पियविओयम्मि ।
1558,विरहो हले हयासो अउव्वजलणो कओ विहिणा ॥ १३ ॥ // ॐज्ळग.३८६
1559,
1560,विसहरविसग्गिसंसग्गदूसिओ डहइ चन्दणो डहउ ।
1561,पियविरहे महचोज्जं अमयमओ जं ससी डहइ ॥ १४ ॥ // ॐज्ळग.३८७
1562,
1563,
1564,[प. १०५]
1565,ओसरसु मयण घेत्तूण जीवियं हरहुयासणुच्चरियं१ ।
1566,पियविरहजलणजालावलीहि सहस त्ति डज्झिहिसि ॥ १५ ॥ // ॐज्ळग.३८८
1567,
1568,जेहिं सोहग्गणिही दिट्ठो नयणेहि ते च्चिंय रुवन्तु ।
1569,अङ्गाइ अपावियसङ्गमाइ ता कीस झिज्जन्ति ॥ १६ ॥ // ॐज्ळग.३८९
1570,
1571,
1572,
1573,---------------------------------------------------------------------
1574,[अणङ्गवज्जाअनङ्गपद्धतिः]
1575,
1576,अन्नो३ को वि सहावो वम्महसिहिणो हला हयासस्स ।
1577,विज्झाइ नीरसाणं हियए सरसाण पज्जलइ ॥ १ ॥ // ॐज्ळग.३९०
1578,
1579,
1580,[प. १०६]
1581,दिट्ठी दिटिठप्पसरो पसरेण रई रईइ सब्भावो ।
1582,सब्भावेण य नेहो पञ्च वि बाणा अणङ्गस्स ॥ २ ॥ // ॐज्ळग.३९१
1583,
1584,उवरि महं चिय वम्मह पञ्च वि बाणा निसंस रे मुक्का ।
1585,अन्नं उण तरुणिजणं किं हणिहिसि चावलट्ठीए ॥ ३ ॥ // ॐज्ळग.३९२
1586,
1587,इच्छाणियत्तपसरो कामो कुलबालियाण किं कुणइ ।
1588,सीहो व्व पञ्जरगओ अङ्ग च्चिय झिज्जइ वराओ ॥ ४ ॥ // ॐज्ळग.३९३
1589,
1590,ए कुसुमसरा तुह डज्झिहिन्ति मा भणसु मयण न हु भणियं ।
1591,पियविरहतावतविए मह हियए पक्खिवन्तस्स ॥ ५ ॥ // ॐज्ळग.३९४
1592,
1593,
1594,[प. १०७]
1595,मइरा मयङ्ककिरणा महुमासो कामिणीण उल्लावो१ ।
1596,पञ्चमसरस्स गेओ तलवग्गो कामदेवस्स ॥ ६ ॥ // ॐज्ळग.३९५
1597,
1598,वम्मह पसंसणिज्जो सि वन्दणिज्जो सि गुणमहग्घो सि ।
1599,गोरी हरस्स देहद्धवासिणी जेण निम्मविया ॥ ७ ॥ // ॐज्ळग.३९६
1600,
1601,सच्चं अणङ्ग कोयण्डवावडो सरपहुत्तलक्खो सि ।
1602,तरुणीचलन्तलोयणपुरओ जइ कुणसि सन्धाणं ॥ ८ ॥ // ॐज्ळग.३९७
1603,
1604,
1605,
1606,---------------------------------------------------------------------
1607,[पुरिसुल्लाववज्जापुरुषोल्लापपद्धतिः]
1608,
1609,कह सा न सम्भलिज्जइ जत्थ वि निवसन्ति पञ्च वत्थूणि ।
1610,वीणावंसालावणिपारावयकोइलालवियं ॥ १ ॥ // ॐज्ळग.३९८
1611,
1612,
1613,[प. १०८]
1614,कह सा न सम्भलिज्जइ जा सा अत्तत्तकणयतणुसोहा ।
1615,तिवलीतरङ्गमज्झा हरइ मणं वरमइन्दाणं ॥ २ ॥ // ॐज्ळग.३९९
1616,
1617,कह सा न सम्भलिज्जइ जा सा नवणलिणिकोमला बाला ।
1618,कररुह तणु छिप्पन्ती अकाल घणभद्दवं कुणइ ॥ ३ ॥ // ॐज्ळग.४००
1619,
1620,कह सा न सम्भलिज्जइ जा सा घरबारतोरणणिसण्णा ।
1621,हरिणि व्व जूहभट्ठा अच्छइ मग्गं पलोयन्ती१ ॥ ४ ॥ // ॐज्ळग.४०१
1622,
1623,कह सा न सम्भलिज्जइ जा सा नीसाससोसियसरीरा ।
1624,आसासिज्जइ सासा जाव न सासा समप्पन्ति ॥ ५ ॥ // ॐज्ळग.४०२
1625,
1626,
1627,
1628,---------------------------------------------------------------------
1629,
1630,[प. १०९]
1631,[पियाणुरायवज्जाप्रियानुरागपद्धतिः]
1632,
1633,मुहराओ च्चिय पयडइ जो जस्स पिओ किमेत्थ भणिएण ।
1634,साहेइ अङ्गणं चिय घरस्स अब्भन्तरे लच्छिं ॥ १ ॥ // ॐज्ळग.४०३
1635,
1636,डज्झन्ति कढन्ति समूससन्ति ओ माइ सिमिसिमायन्ति ।
1637,जीवन्ति जीवसेसा जे रमिया पोढमहिलाहिं ॥ २ ॥ // ॐज्ळग.४०४
1638,
1639,कम्पन्ति वलन्ति समूससन्ति ओ माइ सिमिसिमायन्ति ।
1640,अङ्गाइ तस्स पुरओ न याणिमो कह धरिज्जन्ति ॥ ३ ॥ // ॐज्ळग.४०५
1641,
1642,नीससिउक्कम्पियपुलइएहि जाणन्ति नच्चिउं धन्ना ।
1643,अम्हारिसीण दिट्ठे पियम्मि अप्पा वि वीसरइ ॥ ४ ॥ // ॐज्ळग.४०६
1644,
1645,
1646,[प. ११०]
1647,अच्छउ ता फंससुहं अमयरसाओ वि दूररमणिज्जं ।
1648,दंसणमेत्तेण वि पिययमस्स भण किं न पज्जत्तं ॥ ५ ॥ // ॐज्ळग.४०७
1649,
1650,अच्छउ ता लोयणगोयरम्मि पडिएण तेण जं सोक्खं ।
1651,आयण्णिए वि पियसहि पिए जणे होइ निव्वाणं ॥ ६ ॥ // ॐज्ळग.४०८
1652,
1653,हत्थप्फंसेण वि पिययमस्स जा होइ सोक्ख सम्पत्ती ।
1654,सा सरभसगाढालिगिए वि इयरे जणे कत्तो ॥ ७ ॥ // ॐज्ळग.४०९
1655,
1656,ता किं करेमि माए लोयणजुयलस्स हयसहावस्स ।
1657,एक्कं मोत्तूण पियं लक्खेवि न लक्खए लक्खं ॥ ८ ॥ // ॐज्ळग.४१०
1658,
1659,
1660,[प. १११]
1661,ता किं करेमि पियसहि पियस्स सोहग्गभारभमिरस्स ।
1662,रायङ्गणं व खुब्भइ जस्स घरं दुइसङ्घेहिं ॥ ९ ॥ // ॐज्ळग.४११
1663,
1664,तह तेण वि सा दिट्ठा तीए तह तस्स पेसिया दिट्ठी ।
1665,जह दोण्ह वि समयं चिय निव्वत्तरयाइ जायाइं ॥ १० ॥ // ॐज्ळग.४१२
1666,
1667,
1668,
1669,---------------------------------------------------------------------
1670,[दूईवज्जादूतीपद्धतिः]
1671,
1672,दूइ तुमं चिय कुसला कक्खडमउयाइ जाणसे वोत्तुं ।
1673,कण्डुइयपण्डुरं जह न होइ तह तं कुणिज्जासु ॥ १ ॥ // ॐज्ळग.४१३
1674,
1675,
1676,[प. ११२]
1677,कित्तियमेत्तं एयं एसावत्था उ सहि सरीरस्स ।
1678,महिला महिलाण गई जं जाणसि तं कुणिज्जासु ॥ २ ॥ // ॐज्ळग.४१४
1679,
1680,जं तुह कज्जं भण तं मह त्ति जं जाणिउं भणेज्जासु ।
1681,ओ दूइ सच्चवयणेण तं सि पारं गया अज्ज ॥ ३ ॥ // ॐज्ळग.४१५
1682,
1683,तिलयं विलयं विवरीय कञ्चुयं सेयभिन्न सव्वङ्गं ।
1684,पडिवयणं अलहन्ती दूई कलिऊण सा हसिया ॥ ४ ॥ // ॐज्ळग.४१६
1685,
1686,जइ सो न एइ गेहं ता दूइ अहोमुही तुमं कीस ।
1687,सो होही मज्झ पिओ जो तुज्झ न खण्डए वयणं ॥ ५ ॥ // ॐज्ळग.४१७
1688,
1689,
1690,[प. ११३]
1691,दूइ समागमसेउल्लयङ्गि दरल्हसियसिचयधम्मिल्ले ।
1692,थणजहणकवोलणहक्खएहि नाया सि जह पडिया ॥ ६ ॥ // ॐज्ळग.४१८
1693,
1694,इय रक्खसाण वि फुडं दूइ न खज्जन्ति दूइया१ लोए ।
1695,अह एरिसी अवत्था गयाण अम्हं वसे जाया ॥ ७ ॥ // ॐज्ळग.४१९
1696,
1697,अच्छउ ताव सविब्भमकडक्खविक्खेवजम्पिरी दूई ।
1698,तग्गामकुडिलसुणहिल्लया वि दिट्ठा सुहावेइ ॥ ८ ॥ // ॐज्ळग.४२०
1699,
1700,वेल्लहलालाववियक्खणाउ अडयणपउत्तिहरणाओ ।
1701,सो रण्णो नो गामो जत्थ न दो तिन्नि दूईओ ॥ ९ ॥ // ॐज्ळग.४२१
1702,
1703,
1704,
1705,---------------------------------------------------------------------
1706,
1707,[प. ११४]
1708,[ओलुग्गावियावज्जाअवरुग्णापद्धतिः]
1709,
1710,तुह गोत्तायण्णणवियडरमणपज्झरियरसजलेणं व ।
1711,रइमन्दिरम्मि बाला अब्भुक्खन्ती परिब्भमइ ॥ १ ॥ // ॐज्ळग.४२२
1712,
1713,तुह सङ्गमदोहलिणीइ तीइ सोहग्गविम्भियासाए ।
1714,नवसियसयाइ देन्तीइ सुहय देवा वि न हु पत्ता ॥ २ ॥ // ॐज्ळग.४२३
1715,
1716,तुह अन्नेसणकज्जम्मि सुहय सा हरिसवियसियकवोला ।
1717,जं जत्थ नत्थि तं तत्थ मग्गमाणी चिरं भमिया ॥ ३ ॥ // ॐज्ळग.४२४
1718,
1719,अगणियसेसजुवाणा बालय वोलीणलोयमज्जाया ।
1720,अह सा भमइ दिसामुहपसापियच्छी तुह कएण ॥ ४ ॥ // ॐज्ळग.४२५
1721,
1722,
1723,[प. ११५]
1724,नयणाइ तुह विओए घोलिरबाहाइ सुहय तणुईए ।
1725,हिययट्ठियसोयहुयासधूमभरियाइ व गलन्ति ॥ ५ ॥ // ॐज्ळग.४२६
1726,
1727,वइमग्गपेसियाइं तीए नयणाइ तम्मि वोलीणे ।
1728,अज्ज वि गलन्ति पडिलग्गकण्टयाइ व्व ओ सुहय ॥ ६ ॥ // ॐज्ळग.४२७
1729,
1730,सम्भरिऊण य रुण्णं तीइ तुमं तह विमुक्कपुक्कारं ।
1731,निद्दय जह सुहियस्स वि जणस्स ओ निवडिओ बाहो ॥ ७ ॥ // ॐज्ळग.४२८
1732,
1733,एक्केक्कमवइवेढियविवरन्तरतरलदिन्नणयणाए ।
1734,तइ वोलन्ते बालय पञ्जरसउणाइयं तीए ॥ ८ ॥ // ॐज्ळग.४२९
1735,
1736,
1737,[प. ११६]
1738,नयणब्भन्तरघोलन्तबाहभरमन्थराइ दिट्ठीए ।
1739,पुणरुत्तपेच्छिरीए बालय ता किं न भणिओ सि ॥ ९ ॥ // ॐज्ळग.४३०
1740,
1741,सुहय गयं तुह विरहे तिस्सा हिययं पवेविरं अज्ज ।
1742,करिचलणचम्पणुच्छलियतुच्छतोयं मिव दिसासु ॥ १० ॥ // ॐज्ळग.४३१
1743,
1744,सा तइ सहत्थदिन्नं अज्ज वि ओ सुहय गन्धरहियं पि ।
1745,उव्वसियणयरघरदेवय व्व ओमालयं१ वहइ ॥ ११ ॥ // ॐज्ळग.४३२
1746,
1747,
1748,[प. ११७]
1749,तह झीणा तुह विरहे अणुदियहं सुन्दरङ्ग तणुयङ्गी ।
1750,जह सिढिलवलयणिवडणभएण उब्भियकरा भमइ ॥ १२ ॥ // ॐज्ळग.४३३
1751,
1752,तुह विरहतावियाए तिस्सा बालाइ थणहरुच्छङ्गे ।
1753,दिज्जन्ती अणुदियहं मुणालमाला छमच्छमइ ॥ १३ ॥ // ॐज्ळग.४३४
1754,
1755,सा तुज्झ कए गयमयविलेवणा तह वणेक्कसाहारा ।
1756,जाया निद्दय जाया मासाहारा पुलिन्दि व्व ॥ १४ ॥ // ॐज्ळग.४३५
1757,
1758,हत्थटिठयं कवालं न मुयइ नूणं खणं पि खट्टङ्गं ।
1759,सा तुह विरहे बालय बाला कावालिणी जाया ॥ १५ ॥ // ॐज्ळग.४३६
1760,
1761,
1762,[प. ११८]
1763,तह झीणा जह मउलियलोयणउडविहडणे वि असमत्था ।
1764,सक्किहिंइ दुक्करं घरगयं पि दट्ठुं तुमं बाला ॥ १६ ॥ // ॐज्ळग.४३७
1765,
1766,नाहं दूई न१ तुमं पिओ त्ति को एत्थ मज्झ वावारो ।
1767,सा मरेइ तुज्झ अजसो त्ति तेण धम्मक्खरं भणिमो ॥ १७ ॥ // ॐज्ळग.४३८
1768,
1769,बहुसो वि कहिज्जन्तं तुह वयणं मज्झ हत्थसन्दिट्ठं ।
1770,न सुयं ति जम्पमाणी पुणरुत्तसयं कुणइ अज्झा ॥२ १८ ॥ // ॐज्ळग.४३९
1771,
1772,
1773,
1774,---------------------------------------------------------------------
1775,
1776,[प. ११९]
1777,[पन्थियवज्जापथिकपद्धतिः]
1778,
1779,मज्झण्हपत्थियस्स वि गिम्हे पहियस्स हरइ सन्तावं ।
1780,हिययट्ठियजायामुहमयङ्कजोण्हाजलुप्पीलो१ ॥ १ ॥ // ॐज्ळग.४४०
1781,
1782,मा उण्हं पियसु जलं विरहिणिविरहाणलेण सन्तत्तं ।
1783,एत्थ सरे ए पन्थिव गयवइवहुयाउ मज्जविया ॥ २ ॥ // ॐज्ळग.४४१
1784,
1785,को देसो उव्वसिओ को वसिओ सुहअ जत्थ चलिओ सि ।
1786,ओ पहिय पन्थदीवय पुणो तुमं कत्थ दीसिहिसि ॥ ३ ॥ // ॐज्ळग.४४२
1787,
1788,दिट्ठो सि जेहि पन्थिय जेहि न दिट्र्ठो सि बे वि ते मुसिया ।
1789,एक्काण हिययहरणं अन्नाण वि निप्फलं जम्मं ॥ ४ ॥ // ॐज्ळग.४४३
1790,
1791,
1792,[प. १२०]
1793,खरपवणचाडुचालिरकण्ठट्रिठयदिन्नकप्पडो पहिओ ।
1794,दइयादंसणतुरिओ अद्धुड्डीणो व्व पडिहाइ ॥ ५ ॥ // ॐज्ळग.४४४
1795,
1796,दइयादंसण तिण्हालुयस्स पहियस्स चिरणियत्तस्स ।
1797,नयरासन्ने धुक्कोडिया वि हियए न मायन्ति ॥ ६ ॥ // ॐज्ळग.४४५
1798,
1799,
1800,
1801,---------------------------------------------------------------------
1802,[धन्नवज्जाधन्यपद्धतिः]
1803,
1804,ते धन्ना गरुयणियम्बबिम्बभारालसाहि तरुणीहिं ।
1805,फुरियाहरदरगग्गरगिराहि जे सम्भरिज्जन्ति ॥ १ ॥ // ॐज्ळग.४४६
1806,
1807,ते धन्ना कढिणुत्तुङ्गथोरथणवीढभारियङ्गीहिं ।
1808,सब्भावणेहउक्कण्ठिरीहि जे सम्भरिज्जन्ति ॥ २ ॥ // ॐज्ळग.४४७
1809,
1810,
1811,[प. १२१]
1812,ते धन्ना ताण नमो ते च्चिय जीवन्ति वभ्महपसाया ।
1813,ईसिल्हसन्तणीवीउलाहि जे सम्भरिज्जन्ति ॥ ३ ॥ // ॐज्ळग.४४८
1814,
1815,ते धन्ना समयगइन्दलीललीलायरीहि अणवरयं ।
1816,छणवासरससहरवयणियाहि जे सम्भरिज्जन्ति ॥ ४ ॥ // ॐज्ळग.४४९
1817,
1818,
1819,
1820,---------------------------------------------------------------------
1821,[हिययसंवरणवज्जाह्र̥दयसंवरणपद्धतिः]
1822,
1823,झिज्जउ हिययं फुट्टन्तु लोयणा होउ अज्ज मरणं पि ।
1824,मयणाणलो वियम्भउ मा माणं मुञ्च रे हियय ॥ १ ॥ // ॐज्ळग.४५०
1825,
1826,
1827,[प. १२२]
1828,हा हियय झीणसाहस वियलियमाहप्पचिन्त भज्जेसि ।
1829,जत्थ गओ न गणिज्जसि तत्थ तुमं बन्धसे नेहं ॥ २ ॥ // ॐज्ळग.४५१
1830,
1831,हा हियय किं किलम्मसि दुल्लहजणगरुयसङ्गमासाए ।
1832,अघडन्तजुत्तिकज्जाणुबन्धकरणे सुहं कत्तो ॥ ३ ॥ // ॐज्ळग.४५२
1833,
1834,अप्पच्छन्दपहाविर दुल्लहलाहं जणं विमग्गन्तो१ ।
1835,आयासं व भमन्तो मुह व्व केणावि खज्जिहिसि ॥ ४ ॥ // ॐज्ळग.४५३
1836,
1837,डज्झसि डज्झसु कड्ढसि कड्ढसु अह फुडासि हियय ता फुडसु ।
1838,जेण पुणो न कयाइ य अन्नासत्ते मइं कुणासि ॥ ५ ॥ // ॐज्ळग.४५४
1839,
1840,
1841,
1842,---------------------------------------------------------------------
1843,
1844,[प. १२३]
1845,[सुधरिणीवज्जासुग्र̥हिणीपद्धतिः]
1846,
1847,भुञ्जइ भुञ्जियसेसं सुप्पइ सुत्तम्मि१ परियणे सयले ।
1848,पढमं चेय विबुज्झइ घरस्स लच्छी न सा घरिणी ॥ १ ॥ // ॐज्ळग.४५५
1849,
1850,तुच्छं तवणिं पि घरे घरिणी तह कह वि नेइ वित्थारं ।
1851,जह ते वि बन्धवा जलणिहि व्व थाहं न याणन्ति ॥ २ ॥ // ॐज्ळग.४५६
1852,
1853,दुग्गयघरम्मि घरिणी रक्खन्ती आउलत्तणं पइणो ।
1854,पुच्छियदोहलसद्धा उययं चिय दोहलं कहइ ॥ ३ ॥ // ॐज्ळग.४५७
1855,
1856,पत्ते पियपाहुणए मङ्गलवलयाइ विक्किणन्तीए ।
1857,दुग्गयघरिणीकुलवालियाइ रोवाविओ गामो ॥ ४ ॥ // ॐज्ळग.४५८
1858,
1859,
1860,[प. १२४]
1861,बन्धवमरणे वि हहा दुग्गयघरिणीइ वि न तहा रुण्णं ।
1862,अप्पत्तबलिविलक्खे वल्लहकाए समुड्डीणे ॥ ५ ॥ // ॐज्ळग.४५९
1863,
1864,अमुणियपियमरणाए वायसमुड्डाविरीइ घरिणीए ।
1865,रोवाविज्जइ गामो अणुदियहं बद्धवेणीए ॥ ६ ॥ // ॐज्ळग.४६०
1866,
1867,डिम्भाण भुत्तसेसं छुहाकिलन्ता वि देइ दुहियाणं ।
1868,कुलगोरवेण वरईउ रोरघरिणीउ झिज्जन्ति ॥ ७ ॥ // ॐज्ळग.४६१
1869,
1870,
1871,[प. १२५]
1872,अहियाइमाणिणो दुग्गयस्स छाहिं पइस्स रक्खन्ती ।
1873,नियबन्धवाण जूरइ घरिणी विहवेण पत्ताणं ॥ ८ ॥ // ॐज्ळग.४६२
1874,
1875,
1876,
1877,---------------------------------------------------------------------
1878,[सईवज्जासतीपद्धतिः]
1879,
1880,उब्भेउ अङ्गुलिं सा विलया जा मह पइं न कामेइ ।
1881,सो को वि जम्पउ जुवा जस्स मए पोसिया दिट्ठी ॥ १ ॥ // ॐज्ळग.४६३
1882,
1883,चच्चरघरिणी पियदंसणा वि तरुणी पउत्थवइया वि ।
1884,असईसइज्झिया१ दुग्गया वि न हु खण्डियं सीलं ॥ २ ॥ // ॐज्ळग.४६४
1885,
1886,
1887,[प. १२६]
1888,असरिसचित्ते दियरे सुद्धमणा पिययमे विसमसीले ।
1889,न कहइ कुडुम्बविहडणभएण तणुयायए मुद्धा ॥ ३ ॥ // ॐज्ळग.४६५
1890,
1891,घरवावारे घरिणी वेसा सुरयम्मि कुलबहू सुयणे ।
1892,परिणइमज्झम्मि सही विहुरे मन्ति व्व भिच्चो व्व ॥ ४ ॥ // ॐज्ळग.४६६
1893,
1894,कुलवालियाइ पेच्छह जोव्वणलावण्णविब्भमविलासा ।
1895,सव्वे वि अग्गचलिया पियम्मि कयणिच्छए गन्तुं ॥ ५ ॥ // ॐज्ळग.४६७
1896,
1897,पुरिसविसेसेण सइत्तणाइ न कुलक्कमेम महिलाणं ।
1898,सग्गं गए वि हाले न मुयइ गोला पइट्ठाणं ॥ ६ ॥ // ॐज्ळग.४६८
1899,
1900,
1901,[प. १२७]
1902,इहपरलोयविरुद्धेण कण्णकडुएण गरहणिज्जेण ।
1903,उभयकुलदूसणिज्जेण दूइ किं तेण भमिएण ॥ ७ ॥ // ॐज्ळग.४६९
1904,
1905,जइ सो गुणाणुराई गुणन्नुओ मह गुणे पसंसेइ ।
1906,पढमं चिय जइ असई गुणगणणा का तह च्चेय ॥ ८ ॥ // ॐज्ळग.४७०
1907,
1908,जइ उत्तमो१ वि भण्णइ मह पुरओ सो वि सुयणु अणुदियहं ।
1909,मामि न उत्तम१पुरिसा परस्स दाराइ पेच्छन्ति ॥ ९ ॥ // ॐज्ळग.४७१
1910,
1911,
1912,
1913,---------------------------------------------------------------------
1914,
1915,[प. १२८]
1916,[असईवज्जाअसतीपद्धतिः]
1917,
1918,नियडकुडङ्गं१ पच्छन्नदेउलं बहुजुवाणसङ्किण्णं ।
1919,थेरो पइ त्ति मा रुवसु पुत्ति दिन्ना सि सुग्गामे ॥ १ ॥ // ॐज्ळग.४७२
1920,
1921,मा रुवसु ओणयमुही धवलायन्तेसु सालिछेत्तेसु ।
1922,हरियालमण्डियमुहा नड व्व सणवाडया जाया ॥ २ ॥ // ॐज्ळग.४७३
1923,
1924,पव्वेण सणं पच्छेण वञ्जुला दाहिणेण वडविडवो ।
1925,पुत्तिइ पुण्णेहि विणा न लब्भए एरिसो गामो ॥ ३ ॥ // ॐज्ळग.४७४
1926,
1927,
1928,[प. १२९]
1929,पेक्खह महाणुचोज्जं काणाधरिणीइ जं कयं कज्जं ।
1930,चुम्बेवि१ न लहु नयणं झडत्ति२ नीसारिओ जारो ॥ ४ ॥ // ॐज्ळग.४७५
1931,
1932,पउरजुवाणो गामो महुमासो जोव्वणं पई थेरो ।
1933,जुण्णसुरा साहीणा असई मा होउ किं मरउ ॥ ५ ॥ // ॐज्ळग.४७६
1934,
1935,देवाण बम्भणाण य पुत्ति पसाएण एत्तियं कालं ।
1936,न हु जाओ अम्ह घरे कइया वि सइत्तणकलङ्को ॥ ६ ॥ // ॐज्ळग.४७७
1937,
1938,
1939,[प. १३०]
1940,सट्ठीइ होइ सुहवा सएण रम्भत्तणं च पावेइ ।
1941,पुण्णे जारसहस्से इन्दो अद्धासणं देह ॥ ७ ॥ // ॐज्ळग.४७८
1942,
1943,जइ फुडु एत्थ मुयाणं जम्मफलं होइ किं पि अम्हाणं ।
1944,ता तेसु कुडङ्गेसु ह१ तेण समं तह नु कीलेज्जा ॥ ८ ॥ // ॐज्ळग.४७९
1945,
1946,जो जं करेइ पावइ सो तं सोऊण निग्गया असई ।
1947,रमियव्वं तेण समं तत्थ जइच्छाइ ता एण्हिं ॥ ९ ॥ // ॐज्ळग.४८०
1948,
1949,असईहि सई भणिया निहुयं होऊण कण्णमूलम्मि ।
1950,नरयं वच्चसि पावे परपुरिसरसं अयाणन्ती ॥ १० ॥ // ॐज्ळग.४८१
1951,
1952,
1953,[प. १३१]
1954,जत्थ न खुज्जयविडवो न नई न वणं न उज्जडो गेहो ।
1955,तत्थ भण कह वसिज्जइ सुविसत्थविवज्जिए गामे ॥ ११ ॥ // ॐज्ळग.४८२
1956,
1957,रे रे विडप्प मा मुयसु दुज्जणं गिलसु पुण्णिमायन्दं ।
1958,अमयमयं भुञ्जन्तो हयास दीहाउओ होसि ॥ १२ ॥ // ॐज्ळग.४८३
1959,
1960,छिन्नं पुणो वि छिज्जउ महुमहचक्केण राहुणो सीसं ।
1961,गिलिओ जेण विमुक्को असईणं दूसओ चन्दो ॥ १३ ॥ // ॐज्ळग.४८४
1962,
1963,४८५) तं किं पि कह वि होहिइ लब्भइ पुहविं वि हिण्डमाणेहिं । जेणोसहेण चन्दो जीरिज्जइ पुण्णिमासहिओ ॥ १४ ॥
1964,
1965,
1966,[प. १३२]
1967,किं विहिणा सुरलोए एक्का वि न पुंसलि त्ति निम्मविया ।
1968,साहीणो जेण ससी न बोलिओ नीलरङ्गम्मि ॥ १५ ॥ // ॐज्ळग.४८६
1969,
1970,पसरइ जेण तमोहो फिट्टइ चन्दस्स चन्दिमा जेण ।
1971,तं सिद्ध सुमरि सिरिपव्वयाउ आणोसहं किं पि ॥ १६ ॥ // ॐज्ळग.४८७
1972,
1973,मा पत्तियं पि दिज्जसु पुंसलि सिविणे वि कामडहणस्स ।
1974,जो अम्हाण अमित्तं चन्दं सीसे समुव्वहइ ॥ १७ ॥ // ॐज्ळग.४८८
1975,
1976,असईणं विप्पिय रे गव्वं मा वहसु पुण्णिमायन्द ।
1977,दीसिहिसि तुमं कइया जह भग्गो वलयखण्डो व्व ॥ १८ ॥ // ॐज्ळग.४८९
1978,
1979,
1980,[प. १३३]
1981,अव्वो धावसु तुरियं कज्जल भरिऊण बे वि हत्थाइं ।
1982,दिट्ठो कूवावडिओ असईणं दूसओ१ चन्दो ॥ १९ ॥ // ॐज्ळग.४९०
1983,
1984,मह एसि कीस पन्थिय जइ हरसि नियंसणं नियम्बाओ ।
1985,साहेमि कस्स पुरओ गामो दूरे अहं एक्का ॥ २० ॥ // ॐज्ळग.४९१
1986,
1987,अत्ता बहिरन्धलिया२ बहुविहवीवाहसङ्कुलो गामो ।
1988,मज्झ पई य विएसे को तुज्झ वसेरयं देइ ॥ २१ ॥ // ॐज्ळग.४९२
1989,
1990,
1991,[प. १३४]
1992,जणसङ्कुलं न सुन्नं रूसइ अत्ता न देइ ओआसं ।
1993,ता वच्च पहिय मा मग्ग वासयं एत्थ मज्झ घरे ॥ २२ ॥ // ॐज्ळग.४९३
1994,
1995,कह लब्भइ सत्थरयं अम्हाणं पहिय पामरघरम्मि ।
1996,उन्नयपओहरे पेच्छिऊण जइ वससि ता वससु ॥ २३ ॥ // ॐज्ळग.४९४
1997,
1998,वस पहिय अङ्गण च्चिय फिट्टउ ता तुज्झ वसणदोहलओ ।
1999,इह गामे हेमन्तो नवरं गिम्हस्स सारिच्छो ॥ २४ ॥ // ॐज्ळग.४९५
2000,
2001,
2002,[प. १३५]
2003,इत्तो निवसइ अत्ता एत्थ अहं एत्थ परियणो सयलो ।
2004,ए पहिय रत्तिअन्धय मा मह सयणे निमज्जिहिसि ॥ २५ ॥ // ॐज्ळग.४९६
2005,
2006,
2007,
2008,---------------------------------------------------------------------
2009,[जोइसियवज्जाज्यौतिषिकपद्धतिः]
2010,
2011,दीहरखडियाहत्थो जोइसिओ भमइ नयरमज्झम्मि ।
2012,जाणइ सुक्कस्स गइं गणइ जइ गणावए को वि ॥ १ ॥ // ॐज्ळग.४९७
2013,
2014,जोइसिय मा विलम्बसु खडियं घेत्तूण गणसु मह तुरियं ।
2015,अङ्गारए पणट्ठे सुक्कस्स गई तह च्चेय ॥ २ ॥ // ॐज्ळग.४९८
2016,
2017,
2018,[प. १३६]
2019,अत्थि घर च्चिय गणओ विचित्तकरणेहि निट्ठुरं गणइ ।
2020,न हु जाणइ सुक्कगइं तेणाहं तुह घरे पत्ता ॥ ३ ॥ // ॐज्ळग.४९९
2021,
2022,जोइसिय कीस चुक्कसि विचित्तकरणाइ जाणमाणो वि ।
2023,तह कह वि कुणसु सिग्घं जह सुक्कं निच्चलं होइ ॥ ४ ॥ // ॐज्ळग.५००
2024,
2025,विवरीए रइबिम्बे नक्खत्ताणं च ठाणगहियाणं ।
2026,न पडइ जलस्स बिन्दू सुन्दरि चित्तटिठए सुक्के ॥ ५ ॥ // ॐज्ळग.५०१
2027,
2028,
2029,[प. १३७]
2030,विउलं फलयं थोरा सलायया१ तुं पि गणय कुसलो सि ।
2031,तह वि न आओ सुक्को सच्चं चिय सुन्नहियओ सि ॥ ६ ॥ // ॐज्ळग.५०२
2032,
2033,डज्झउ सो जोइसिओ विचित्तकरणाइ जाणमाणो वि ।
2034,गणिउं सयवारं मे उट्ठइ धूमो गणन्तस्स ॥ ७ ॥ // ॐज्ळग.५०३
2035,
2036,जइ गणसि पुणो वि तुमं विचित्तकरणेहि गणय सविसेसं ।
2037,सुक्कक्कमेण२ रहियं न हु लग्गं सोहणं होइ ॥ ८ ॥ // ॐज्ळग.५०४
2038,
2039,मोत्तूण करणगणियं अङ्गुलिमेत्तेण जइ वि सो गणइ ।
2040,अइणिउणो जोइसिओ कड्ढइ नाडीगयं सुक्कं ॥ ९ ॥ // ॐज्ळग.५०५
2041,
2042,
2043,[प. १३८]
2044,भणिओ वि जइ न कुप्पसि जइ न तुमं होसि कूडजोइसिओ ।
2045,ता कीस तुज्झ जाया अन्नेहि गणावए दियहं ॥ १० ॥ // ॐज्ळग.५०६
2046,
2047,अङ्गारयं न याणइ न हु बुज्झइ हत्थचित्तसञ्चारं ।
2048,इय माइ कूडगणओ कह जाणइ सुक्कसञ्चारं ॥ ११ ॥ // ॐज्ळग.५०७
2049,
2050,
2051,
2052,---------------------------------------------------------------------
2053,[लेहयवज्जालेखकपद्धतिः]
2054,
2055,मसि मलिऊण न याणसि लेहणि गहिऊण मूढ खलिओ सि ।
2056,ओसरसु कूडलेहय सुललियपत्तं विणासिहिसि ॥ १ ॥ // ॐज्ळग.५०८
2057,
2058,ढलिया य मसी भग्गा य लेहणी खरडियं च तलवट्टं ।
2059,धिद्धित्ति कूडलेहय अज्ज वि लेहत्तणे तण्हा ॥ २ ॥ // ॐज्ळग.५०९
2060,
2061,
2062,[प. १३९]
2063,पिहुलं मसिभायणयं अत्थि मसी वित्थरं च तलवट्टं ।
2064,अम्हारिसाण कज्जे हयलेहय लेहणी भग्गा ॥ ३ ॥ // ॐज्ळग.५१०
2065,
2066,
2067,
2068,---------------------------------------------------------------------
2069,[विज्जवज्जावैद्यपद्धतिः]
2070,
2071,विज्ज न एसो जरओ न य वाही एस को वि सम्भूओ ।
2072,उवसमइ सलोणेणं विडङ्गजोयामयरसेणं ॥ १ ॥ // ॐज्ळग.५११
2073,
2074,सच्चं जरए कुसलो सरसुप्पन्नं य लक्खसे वाहिं ।
2075,एयं पुणो वि अङ्गं विज्ज विडङ्गेहि पन्नत्तं ॥ २ ॥ // ॐज्ळग.५१२
2076,
2077,पुक्कारयं पउञ्जसु बालाइ रसुब्भवाइ वाहीए ।
2078,अज्जं अणज्ज निल्लज्ज विज्ज पेज्जाइ न हु कज्जं ॥ ३ ॥ // ॐज्ळग.५१३
2079,
2080,
2081,[प. १४०]
2082,सामा खामा न सहेइ मद्दणं विज्ज किं वियप्पेणं ।
2083,अग्गङ्गुलीइ दिज्जउ अवलेहो माउलिङ्गस्स ॥ ४ ॥ // ॐज्ळग.५१४
2084,
2085,पुक्कारएण विज्जय निव्विण्णा तुह य दीहसासेण ।
2086,मा वारिज्जउ बाला भुञ्जउ अन्नं जहिच्छाए ॥ ५ ॥ // ॐज्ळग.५१५
2087,
2088,गहवइसुएण भणियं अउव्वविज्जत्तणं हयासेणं
2089,जेण पउञ्जइ पुक्कारयं पि पन्नत्तियाणं पि ॥ ६ ॥ // ॐज्ळग.५१६
2090,
2091,विज्ज तुहागमण च्चिय मुक्का जरएण किं न परिमुणसि ।
2092,ता नियसु मज्झ अङ्गे सम्पइ सेओ समुप्पन्नो ॥ ७ ॥ // ॐज्ळग.५१७
2093,
2094,
2095,[प. १४१]
2096,विज्जय अन्नं वारं मह जरओ सयरएण पन्नत्तो ।
2097,जइ तं१ नेच्छसि दाउं ता किं छासी वि मा होउ ॥ ८ ॥ // ॐज्ळग.५१८
2098,
2099,बालं जराविलङ्गिं कलमहुरपलाविणिं नियन्तस्स ।
2100,विज्जस्स सूसुओ सूसुओ वि सहसत्ति पन्नट्ठो ॥ ९ ॥ // ॐज्ळग.५१९
2101,
2102,मोत्तूण बालतन्तं तह य वसीकरणमन्ततन्तेहिं ।
2103,सिद्धत्थेहि महम्मइ तरुणी तरुणेण विज्जेण ॥ १० ॥ // ॐज्ळग.५२०
2104,
2105,अन्नं न रुच्चइ च्चिय मज्झ पियासाइ पूरियं हिययं ।
2106,नेहसुरयल्लयङ्गे तुह सुरयं विज्ज पडिहाइ ॥ ११ ॥ // ॐज्ळग.५२१
2107,
2108,
2109,
2110,---------------------------------------------------------------------
2111,
2112,[प. १४२]
2113,[धम्मियवज्जाधार्मिकपद्धतिः]
2114,
2115,जो धम्मिओ न पावइ कुरयं मन्दारयं च मुग्गरयं ।
2116,सो गहियकरण्डो च्चिय कत्तो धुत्तीरयं१ लहइ ॥ १ ॥ // ॐज्ळग.५२२
2117,
2118,धुत्तीरएण धम्मिय जइ इच्छसि लिङ्गपूरणं काउं ।
2119,ता एज्जसु मज्झ २परोहडम्मि सूरम्मि अत्थमिए ॥ २ ॥ // ॐज्ळग.५२३
2120,
2121,धुत्तीरयस्स कज्जे गहिराणि परोहडाइ वच्चन्तो ।
2122,धम्मिय सुरङ्गकाओ कुरयाण वि नवरि चुक्किहिसि ॥ ३ ॥ // ॐज्ळग.५२४
2123,
2124,
2125,[प. १४३]
2126,धुत्तीरयाण कज्जेण धम्मिओ परपरोहडे भमइ ।
2127,अन्नेहि विलुप्पन्तं निययारामं न लक्खेइ ॥ ४ ॥ // ॐज्ळग.५२५
2128,
2129,घेत्तूण करण्डं भमइ वावडो परपरोहडे नूणं ।
2130,धुत्तीरएसु रत्तो एक्कं पि न मेल्लए धम्मी ॥ ५ ॥ // ॐज्ळग.५२६
2131,
2132,सुलहाइ परोहडसण्ठियाइ धुत्तीरयाणि मोत्तूणं ।
2133,कुरयाण कए रण्णं पेच्छह कह धम्मिओ भमइ ॥ ६ ॥ // ॐज्ळग.५२७
2134,
2135,कञ्चीरएहि कणवीरएहि धुत्तीरएहि बहुएहि ।
2136,जइ इच्छसि देहरयं धम्मिय ता मह घरे एज्ज ॥ ७ ॥ // ॐज्ळग.५२८
2137,
2138,
2139,[प. १४४]
2140,मन्दारयं विवज्जइ कुरयं परिहरइ चयइ भङ्गरयं ।
2141,धुत्तीरयमलहन्तो गहियकरण्डो गणो भमइ ॥ ८ ॥ // ॐज्ळग.५२९
2142,
2143,वियसियमुहाइ वण्णुज्जलाइ मयरन्दपायडिल्लाइं ।
2144,धुत्तीरयाइ धम्मिय पुण्णेहि विणा न लब्भन्ति ॥ ९ ॥ // ॐज्ळग.५३०
2145,
2146,एक्केण वि जह धुत्तीरएण लिङ्गस्स उवरि लग्गेण ।
2147,मन्दारयाण धम्मिय कोडीइ न तं सुहं होइ ॥ १० ॥ // ॐज्ळग.५३१
2148,
2149,सिसिरमयरन्दपज्झरणपउरपसरन्तपरिमलुल्लाइं ।
2150,कणवीरयाइ गेण्हसु धभ्मिय सब्भावरत्ताइं ॥ ११ ॥ // ॐज्ळग.५३२
2151,
2152,
2153,
2154,---------------------------------------------------------------------
2155,
2156,[प. १४५]
2157,[जन्तियवज्जायान्त्रिकपद्धतिः]
2158,
2159,जन्तिय गुलं विमग्गसि न य मे इच्छाइ वाहसे जन्तं ।
2160,अरसन्न किं न याणसि न रसेण विणा गुलं होइ ॥ १ ॥ // ॐज्ळग.५३३
2161,
2162,वियडा वि जन्तवाया मउओ नालो रसाउलो उच्छू ।
2163,लट्ठी वि१ सुप्पमाणा किं जन्तिय ऊणयं वहसि ॥ २ ॥ // ॐज्ळग.५३४
2164,
2165,सद्दालयं सरूवं वित्थिण्णं वररसं सुमद्दसहं ।
2166,जं२ एरिसयं जन्तं तत्थ सुहं जन्तिओ लहइ ॥ ३ ॥ // ॐज्ळग.५३५
2167,
2168,
2169,[प. १४६]
2170,तह जन्तिएण जन्तं अक्कन्तं नेहणिब्भररसेण ।
2171,जह पढमं चिय कुण्डी भरिया एक्केण घाएण ॥ ४ ॥ // ॐज्ळग.५३६
2172,
2173,तं जन्तं सा कुण्डी सो उच्छू बहलपत्तलच्छाओ ।
2174,पीलावय तुज्झ गुणो अज्ज वि ऊणो रसो जाओ ॥ ५ ॥ // ॐज्ळग.५३७
2175,
2176,
2177,
2178,---------------------------------------------------------------------
2179,[मुसलवज्जामुसलापद्धतिः]
2180,
2181,चन्दणवलियं दिढकञ्चिबन्धणं दीहरं सुपरिमाणं ।
2182,होइ घरे साहीणं मुसलं धन्नाण महिलाणं ॥ १ ॥ // ॐज्ळग.५३८
2183,
2184,थोरगरुयाइ १सुन्दरकञ्चीजुत्ताइ हुन्ति नियगेहे ।
2185,धन्नाण महिलियाणं उक्खलसरिसाइ मुसलाइं ॥ २ ॥ // ॐज्ळग.५३९
2186,
2187,
2188,[प. १४७]
2189,मुहभारियाइ सुट्ठु वि सुट्ठु वि कञ्चीइ दिढनिबद्धाइं ।
2190,अन्नाहिं पि हु जुण्णुक्खलम्मि भज्जन्ति मुसलाइं ॥ ३ ॥ // ॐज्ळग.५४०
2191,
2192,भमिओ चिरं असेसो गामो मइ सहियओ सयं वारं ।
2193,गेहुक्खलपरिमाणेण मामि मुसलं चिय न दिट्ठं ॥ ४ ॥ // ॐज्ळग.५४१
2194,
2195,भद्दमुहमण्डणं चिय दरपिहुलं तह य कञ्चिसोहिल्लं ।
2196,अन्नेसिं पिय१ मुसलं पडिछन्दं तेण वच्चामो ॥ ५ ॥ // ॐज्ळग.५४२
2197,
2198,
2199,
2200,---------------------------------------------------------------------
2201,[बालासंवरणवज्जाबालासंवरणपद्धतिः]
2202,
2203,जस्स तुमं अणुरत्ता सो तुज्झ य मन्दहणेहओ पुत्ति ।
2204,न हु दिज्जइ ताली दीहरच्छि एक्केण हत्थेण ॥ १ ॥ // ॐज्ळग.५४३
2205,
2206,
2207,[प. १४८]
2208,जत्थ गओ तत्थ गओ सामलि सीहो न जुप्पइ हलम्मि ।
2209,सप्पुरिसो वि तह च्चिय पुंससु नयणाइ मा रुण्णं ॥ २ ॥ // ॐज्ळग.५४४
2210,
2211,तइया वारिज्जन्ती पियलि१ पइं उल्लिरीहि अच्छीहिं ।
2212,एण्हिं विरहावत्थं पुणो वहन्ती किलामिहिसि ॥ ३ ॥ // ॐज्ळग.५४५
2213,
2214,मा रुवसु पुत्ति छेयाण अग्गए खिज्जिहिन्ति नयणाइं ।
2215,न हु खिज्जइ ताण मणं सेल्लं मिव सलिलपूरेणं ॥ ४ ॥ // ॐज्ळग.५४६
2216,
2217,दाणं न देन्ति बहुलं नेहं दरिसन्ति नेय रज्जन्ति ।
2218,गेण्हन्ति न देन्ति मणं पुत्ति च्छेया दुराराहा ॥ ५ ॥ // ॐज्ळग.५४७
2219,
2220,
2221,[प. १४९]
2222,रज्जन्ति१ नेय कस्स वि रत्ता पसयच्छि न हु विरज्जन्ति१ ।
2223,दिणयरकर व्व छेया अदिट्ठदोसा वि रज्जन्ति१ ॥ ६ ॥ // ॐज्ळग.५४८
2224,
2225,रज्जावन्ति२ न रज्जहिँ३ हरन्ति हिययं न देन्ति नियहिययं ।
2226,छेया भुयङ्गसरिसा डसिऊण परंमुहा होन्ति ॥ ७ ॥ // ॐज्ळग.५४९
2227,
2228,रज्जावन्ति२ न रज्जहिँ३ देन्ति असोक्खं न दुक्खिया हुन्ति ॥
2229,असुयविणय त्ति एण्हिं दुक्खाराहा जए छेया ॥ ८ ॥ // ॐज्ळग.५५०
2230,
2231,रत्ते रत्ता कसणम्मि कसणया धवलयम्मि तह धवला ।
2232,फलिहमणि व्व छइल्ला हुन्ति जणे पुत्ति सम्पुण्णा ॥ ९ ॥ // ॐज्ळग.५५१
2233,
2234,
2235,
2236,---------------------------------------------------------------------
2237,
2238,[प. १५०]
2239,[कुट्टिणीसिक्खावज्जाकुट्टिनीशिक्षापद्धतिः]
2240,
2241,दरहसियकडक्खणिरिक्खणाइ सिङ्गारकम्ममसिणाइं ।
2242,एयाइ पुणो सिक्खसु निरुवमसोहग्गदइयाइं ॥ १ ॥ // ॐज्ळग.५५२
2243,
2244,मग्गन्ती मूलियमूलियाइ मा भमसु घरहरं पुत्ति ।
2245,छन्दाणुवत्तणं पिययमस्स एवं वसीतकणं ॥ २ ॥ // ॐज्ळग.५५३
2246,
2247,भूसणपसाहणाडम्बरेहि मा खिवसु१ पुत्ति अप्पाणं ।
2248,रञ्जिज्जइ जेण जणो अन्न च्चिय ते अलङ्कारा ॥ ३ ॥ // ॐज्ळग.५५४
2249,
2250,अन्नासत्ते वि पिए अहिययरं आयरं कुणिज्जासु ।
2251,उद्धच्छि वेयणाइ वि नमन्ति चरियाइ वि गुणेहिं ॥ ४ ॥ // ॐज्ळग.५५५
2252,
2253,
2254,[प. १५१]
2255,न विणा सब्भावेणं घेप्पइ परमत्थजाणओ लोओ ।
2256,को जुण्णमञ्जरं कञ्जिएण वेयारिउं तरइ ॥ ५ ॥ // ॐज्ळग.५५६
2257,
2258,जेण विणा न वलिज्जइ१ अणुणिज्जइ सो कयावराहो वि ।
2259,पत्त वि नयरदाहे भण कस्स न वल्लहो अग्गी ॥ ६ ॥ // ॐज्ळग.५५७
2260,
2261,अव्वो जाणामि अहं तुम्ह पसाएण चाडुयसयाइं ।
2262,एक्कं नवरि न जाणे निण्णेहे२ रमणपज्झरणं ॥ ७ ॥ // ॐज्ळग.५५८
2263,
2264,ताव च्चिय ढलहलया जाव च्चिय नेहपूरियसरीरा ।
2265,सिद्धत्था उण छेया नेहविहूणा खलीहुन्ति ॥ ८ ॥ // ॐज्ळग.५५९
2266,
2267,
2268,
2269,---------------------------------------------------------------------
2270,
2271,[प. १५२]
2272,[वेसावज्जावेश्यापद्धतिः]
2273,
2274,अहिणि व्व कुडिलगमणा रोरहरे दीवय व्व निण्णेहा ।
2275,सुकइ व्व अत्थलुद्धा वेसं दटठूण वन्दामि ॥ १ ॥ // ॐज्ळग.५६०
2276,
2277,वण्णड्ढा मुहरसिया नेहविहूणा वि लग्गए कण्ठं ।
2278,पच्छा करइ वियारं बलहट्टुयसारिसा वेसा ॥ २ ॥ // ॐज्ळग.५६१
2279,
2280,सहइ सलोहा घणघायताडणं तह य बाणसम्बन्धं ।
2281,कुण्ठि व्व पउरकुडिला वेसा मुट्ठीइ संवहइ ॥ ३ ॥ // ॐज्ळग.५६२
2282,
2283,
2284,[प. १५३]
2285,जाओ पियं पियं पइ एक्कं विज्झाइं तं चिय पलित्तं ।
2286,होइ अवरट्ठिओ च्चिय वेसासत्थो तिणग्गि वव ॥ ४ ॥ // ॐज्ळग.५६३
2287,
2288,निम्मलपवित्तहारा बहुलोहा पुलइएण अङ्गेण ।
2289,खग्गलइय व्व वेसा कोसेण विणा न संवहइ ॥ ५ ॥ // ॐज्ळग.५६४
2290,
2291,धणसञ्चया१ सुगुज्झा निबद्धलोहा भुयङ्गमहणिज्जा ।
2292,मञ्जूसिय व्व वेसा ठाणं चिय लोहवित्तस्स ॥ ६ ॥ // ॐज्ळग.५६५
2293,
2294,
2295,[प. १५४]
2296,न गणेइ रूपवन्तं न कुलीणं नेय रूवसम्पन्नं ।
2297,वेसा वाणरिसरिसा जत्थ फलं तत्थ सङ्कमइ ॥ ७ ॥ // ॐज्ळग.५६६
2298,
2299,अन्नन्नरायरसियं आसन्नपओहरं गुणविहूणं ।
2300,ठड्ढं सहाववङ्कं वेसाहिययं सुरधणु व्व ॥ ८ ॥ // ॐज्ळग.५६७
2301,
2302,कवडेण रमन्ति जणं पियं पयम्पन्ति अत्थलोहेण ।
2303,ताण नमो वेसाणं अप्पा वि न वल्लहो जाण ॥ ९ ॥ // ॐज्ळग.५६८
2304,
2305,कुललञ्छणं अकित्ती अत्थस्स खओ असीलसंवासो ।
2306,गन्तुं चिय वेसहरं न जुज्जए पण्डियजणस्स ॥ १० ॥ // ॐज्ळग.५६९
2307,
2308,
2309,[प. १५५]
2310,सम्पत्तियाइ कालं गमेसु सुलहाइ अप्पमुल्लाए ।
2311,देउलवाडयपत्तं तुट्टण सीलं अइमहग्धं ॥ ११ ॥ // ॐज्ळग.५७०
2312,
2313,वेसाण कवडसयपूरियाण सब्भावणेहरहियाणं ।
2314,अत्थरहिओ न रुच्चइ पञ्चक्खो कामदेवो वि ॥ १२ ॥ // ॐज्ळग.५७१
2315,
2316,अत्थस्स कारणेणं चुम्बन्ति मुहाइ वङ्कविरसाइं ।
2317,अप्पा वि जाण वेसो को ताण परो पिओ होइ ॥ १३ ॥ // ॐज्ळग.५७२
2318,
2319,सुपमाणा य सुसुत्ता बहुरूवा तह य कोमला सिसिरे ।
2320,कत्तो पुण्णेहि विणा वेसा पडिय व्व सम्पडइ ॥ १४ ॥ // ॐज्ळग.५७३
2321,
2322,
2323,[प. १५६]
2324,कुडिलत्तणं च वङ्कत्तणं च वञ्चत्तणं असच्चं च ।
2325,अन्नाण हुन्ति दोसा वेसाण पुणो अलङ्कारा ॥ १५ ॥ // ॐज्ळग.५७४
2326,
2327,सरसा निहसणसारा गन्धड्ढा बहुभुयङ्गपरिमलिया१ ।
2328,चन्दणलय व्व वेसा भण कस्स न वल्लहा होइ ॥ १६ ॥ // ॐज्ळग.५७५
2329,
2330,मा जाणह मह सुहयं वेसाहिययं समम्मणुल्लावं ।
2331,सेवाललित्तपत्थरसरिसं पडणेण जाणिहिसि ॥ १७ ॥ // ॐज्ळग.५७६
2332,
2333,एक्कं खायइ मडयं अन्नं च कडक्खरक्खियं धरइ ।
2334,अन्नस्स देइ दिट्ठिं मसाणसिवसारिसा वेसा ॥ १७ ॥ // ॐज्ळग.५७७
2335,
2336,
2337,[प. १५७]
2338,गहिऊण सयलगन्थं मोक्खं झायन्ति तग्गयमणाओ ।
2339,वेसा मुणिसारिच्छा निच्चं चिय कवलियाहत्था ॥ १९ ॥ // ॐज्ळग.५७८
2340,
2341,
2342,
2343,---------------------------------------------------------------------
2344,[किविणवज्जाक्र̥पणपद्धतिः]
2345,
2346,न हु कस्स वि देन्ति धणं अन्नं देन्तं पि तह निवारन्ति ।
2347,अत्था किं किविणत्था सत्थावत्था सुयन्ति व्व ॥ १ ॥ // ॐज्ळग.५७९
2348,
2349,निहणन्ति धणं धरणीयलम्मि इय जाणिऊण किविणजणा ।
2350,पायाले गन्तव्वं ता गच्छउ अग्गठाणं पि ॥ २ ॥ // ॐज्ळग.५८०
2351,
2352,
2353,[प. १५८]
2354,करिणो हरिणहरवियारियस्स दीसन्ति मोत्तिया कुम्भे ।
2355,किविणाण नवरि मरणे पयड च्चिय हुन्ति भण्डारा ॥ ३ ॥ // ॐज्ळग.५८१
2356,
2357,परिमुसइ करयलेण वि पेच्छइ अच्छीहि तं सया किविणो ।
2358,आलिहियभित्तिबाउल्लयं व न हु भुञ्जिउं तरइ ॥ ४ ॥ // ॐज्ळग.५८२
2359,
2360,पुच्छिज्जन्ता नियपरियणेण पयडन्ति नेय तं अत्थं ।
2361,सन्तं पि धणं नत्थि त्ति जे भणन्ति१ ते महाधीरा ॥ ५ ॥ // ॐज्ळग.५८३
2362,
2363,अत्थं धरन्ति वियला न देन्ति पूयन्ति सयलभूयाइं ।
2364,पुण्णक्खएण झिज्जइ न सम्पया चायभोएण ॥ ६ ॥ // ॐज्ळग.५८४
2365,
2366,
2367,[प. १५९]
2368,देमि न कस्स वि जम्पइ उद्दारजणस्स विविहरयणाइं ।
2369,चाएण विणा वि नरो पुणो वि लच्छीइ पम्मुक्को ॥ १ ॥ // ॐज्ळग.५८५
2370,
2371,
2372,
2373,---------------------------------------------------------------------
2374,[उड्डवज्जाकूपखनकपद्धतिः]
2375,
2376,छुहइ दढं कुद्दालं अइगमणे आउलं व पेल्लेइ ।
2377,विलिहइ दो वि तडीओ आणइ हियपाणियं उड्डो ॥ १ ॥ // ॐज्ळग.५८६
2378,
2379,सिरजाणुए१ निउत्तो उड्डो हत्थेण खणणकुसलेण ।
2380,कुद्दालेण य रहियं कह उड्डो आणए उययं ॥ २ ॥ // ॐज्ळग.५८७
2381,
2382,निद्दयकुद्दालयमज्झ२ बहुलुच्छलन्तजलसोत्तं ।
2383,उड्डो लद्धप्फरिसो भरियं पि न मेल्लए वाविं ॥ ३ ॥ // ॐज्ळग.५८८
2384,
2385,
2386,[प. १६०]
2387,कुद्दालघायघणताडणेण पज्झरइ वसुह न हु चोज्जं ।
2388,सो उड्डो जस्स वि दसंणेण वडवा जलं देइ ॥ ४ ॥ // ॐज्ळग.५८९
2389,
2390,
2391,
2392,---------------------------------------------------------------------
2393,[कण्हवज्जाक्र̥ष्णपद्धतिः]
2394,
2395,'कुसलं राहे' 'सुहिओ सि कंस' 'कंसो कहिं' 'कहिं राहा' ।
2396,इय बालियाइ भणिए विलक्खहसिरं हरिं नमह ॥ १ ॥ // ॐज्ळग.५९०
2397,
2398,तं नमह जस्स गोट्ठे मयणाणलतावियाउ गोवीओ ।
2399,पायडकण्ठग्गहमग्गिरीउ रिट्ठं पसंसन्ति ॥ २ ॥ // ॐज्ळग.५९१
2400,
2401,
2402,[प. १६१]
2403,कण्हो जयइ जुवाणो राहा उम्मत्तजोव्वणा जयइ ।
2404,जउणा बहुलतरङ्गा ते दियहा तेत्तिय१ च्चेव ॥ ३ ॥ // ॐज्ळग.५९२
2405,
2406,तिहुयणणमिओ वि हरी निवडइ गोवालियाइ चलणेसु ।
2407,सच्चं चिय नेहणिरन्धलेहि दोसा न दीसन्ति ॥ ४ ॥ // ॐज्ळग.५९३
2408,
2409,कण्हो कण्हो निसि चन्दवज्जिया निबिडवेडिसा जउणा ।
2410,"भमरी होहिसि जइ, लहसि पुत्ति वयणस्स गन्धेण ॥ ५ ॥ // ॐज्ळग.५९४"
2411,
2412,
2413,[प. १६२]
2414,केसिवियारणरुहिरुल्लकुप्परुग्धसणलञ्छणग्धवियं ।
2415,न मुएइ कण्ह जुण्णं पि कञ्चुयं अज्ज वि विसाहा ॥ ६ ॥ // ॐज्ळग.५९५
2416,
2417,राहाइ कवोलतलुच्छलन्तजोण्हाणिवायधवलङ्गो ।
2418,रइरहसवावडाए धवलो आलिङ्गिओ कण्हो ॥ ७ ॥ // ॐज्ळग.५९६
2419,
2420,
2421,[प. १६३]
2422,धवलं धवलच्छीए महुरं महुराउरीइ मज्झम्मि ।
2423,तक्कं विक्कन्तीए कण्हो कण्हो त्ति वाहरिओ ॥ ८ ॥ // ॐज्ळग.५९७
2424,
2425,सच्चं चेय भुयङ्गी विसाहिया कण्ह तण्हहा होइ ।
2426,सन्ते वि विणयतणए जीए धुम्माविओ तं सि ॥ ९ ॥ // ॐज्ळग.५९८
2427,
2428,केसव पुराणपुरिसो सच्चं चिय तं सि जं जणो भणइ ।
2429,जेणं विसाहियाए भमसि सया हत्थलग्गाए ॥ १० ॥ // ॐज्ळग.५९९
2430,
2431,
2432,[प. १६४]
2433,किसिओ सि कीस केसव किं न कओ धन्नसङ्गहो मूढ ।
2434,कत्तो मणपरिओसो विसाहियं भुञ्जमाणस्स ॥ ११ ॥ // ॐज्ळग.६००
2435,
2436,विहडउ मण्डिलवन्धो भज्जउ रासो न मुच्चए कण्ह ।
2437,नवसियसएहि लद्धो तुह हत्थो मज्झ हत्थेण ॥ १२ ॥ // ॐज्ळग.६०१
2438,
2439,कण्हो देवो देवा वि पत्थरा सुयणु निम्मविज्जन्ति ।
2440,अंसूहि न मउइज्जन्ति पत्थरा किं व रुण्णेण ॥ १३ ॥ // ॐज्ळग.६०२
2441,
2442,
2443,[प. १६५]
2444,महुरारज्जे वि हरी न मुयइ गोवालियाण तं पेम्मं ।
2445,खण्डन्ति न सप्पुरिसा पणयपरूढाइ पेम्माइं ॥ १४ ॥ // ॐज्ळग.६०३
2446,
2447,सच्चं चिय चवइ जणो अमुणियपरमत्थ नन्दगोवालो ।
2448,थणजीवणो सि केसव आभीरो नत्थि सन्देहो ॥ १५ ॥ // ॐज्ळग.६०४
2449,
2450,सम्भरसि कण्ह कालिन्दिमज्जणे मह कडिल्लपङ्गुरणं ।
2451,एण्हिं महुरारज्जे आलवणस्सावि सन्देहो ॥ १६ ॥ // ॐज्ळग.६०५
2452,
2453,
2454,
2455,---------------------------------------------------------------------
2456,[रुद्दवज्जारुद्रपद्धतिः]
2457,
2458,रइकलहकुवियगोरीचलणाहयणिवडिए जडाजूडे ।
2459,निवडन्तचन्दरुम्भणविलोलहत्थं हरं नमह ॥ १ ॥ // ॐज्ळग.६०६
2460,
2461,
2462,[प. १६६]
2463,परिहासवासछोडणकरकिसलयरुद्धणयणजुयलस्स ।
2464,रुद्दस्स तइयणयणं पव्वइपरिचुम्बियं जयइ ॥ २ ॥ // ॐज्ळग.६०७
2465,
2466,सञ्झासमए परिकुविय गोरियामुद्दविहडणं विउलं ।
2467,अद्धुम्मिल्लपलोयन्त१ लोयणं तं हरं नमह ॥ ३ ॥ // ॐज्ळग.६०८
2468,
2469,चन्दाहयपडिबिम्बाइ२ जाइ मुक्कट्टहासभीयाए ।
2470,गोरीइ माणविहडणघडन्तदेहं हरं नमह ॥ ४ ॥ // ॐज्ळग.६०९
2471,
2472,नमिऊण गोरिवयणस्स पल्लवं ललियकमलसरभमरं ।
2473,कयरइमयरन्दकलं ललियमुहं तं हरं नमह ॥ ५ ॥ // ॐज्ळग.६१०
2474,
2475,
2476,
2477,---------------------------------------------------------------------
2478,
2479,[प. १६७]
2480,[हियालीवज्जाह्र̥दयवतीपद्धतिः]
2481,
2482,विवरीयरया लच्छी बम्भं टट्ठूण नाहिकमलत्थं ।
2483,हरिणो दाहिणणयणं रसाउला कीस झम्पेइ ॥ १ ॥ // ॐज्ळग.६११
2484,
2485,ढक्कसि हत्थेण मुहं जं जम्पसि अणिमिसं पलोयन्तो ।
2486,हसिरं च वहसि वयणं तुह नाह न निव्वुया दिट्ठी ॥ २ ॥ // ॐज्ळग.६१२
2487,
2488,जइ सा सहीहि भणिया तुज्झ मुहं पुण्णचन्दसारिच्छं ।
2489,ता कीस मुद्धडमुही करेण गण्डत्थलं पुसइ१ ॥ ३ ॥ // ॐज्ळग.६१३
2490,
2491,
2492,[प. १६८]
2493,अच्छीहि पइं सिहिणेहि दियवरं गुरुयणं नियम्बेण ।
2494,तिन्नि वि जूरेइ वहू न याणिमो केण कज्जेण ॥ ४ ॥ // ॐज्ळग.६१४
2495,
2496,जइ सा पइणा भणिया तिलयं विरएमि अत्तणो(? अत्तणा)तुज्झ ।
2497,ता कीस मुद्धडमुही हसिऊण परम्मुही ठाइ ॥ ५ ॥ // ॐज्ळग.६१५
2498,
2499,हियए रोसुग्गिण्णं पायपहारं सिरम्मि पत्थन्तो ।
2500,तह उ त्ति पिओ माणंसिणीइ थोरंसुअं रुण्णं ॥ ६ ॥ // ॐज्ळग.६१६
2501,
2502,
2503,[प. १६९]
2504,तं दट्ठूण जुवाणं परियणमज्झम्मि पोढमहिलाए ।
2505,उत्फुल्लदलं कमलं करेण मउलाइयं कीस ॥ ७ ॥ // ॐज्ळग.६१७
2506,
2507,हन्तूण वरगइन्दं वाहो एक्केण नवरि बाणेण ।
2508,धुवइ सरं पियइ जलं तं जाणह केण कज्जेण ॥ ८ ॥ // ॐज्ळग.६१८
2509,
2510,कुङ्कुमकयङ्गरायं पडिहत्थपओहरी कुरङ्गच्छी ।
2511,सयणम्मि नावगूहइ रमणं भण केण कज्जेण ॥ ८ ॥ // ॐज्ळग.६१९
2512,
2513,
2514,[प. १७०]
2515,सालत्तयं पयं ऊरुएसु तह कज्जलं च चलणेसु ।
2516,पट्ठीइ तिलयमालं वहन्त कह से रयं पत्तो ॥ १० ॥ // ॐज्ळग.६२०
2517,
2518,अहिणवपेम्मसमागमजोव्वणरिद्धीवसन्तमासम्मि ।
2519,पवसन्तस्स वि पइणो भण कीस पलोइयं सीसं ॥ ११ ॥ // ॐज्ळग.६२१
2520,
2521,जइ देवरेण भणिया खग्गं धेत्तूण राउले वच्च ।
2522,ता कीस मुद्धडमुही हसिऊण पलोअए सेज्जं ॥ १२ ॥ // ॐज्ळग.६२२
2523,
2524,जइ सासुयाइ भणिया पियवसहिं पुत्ति दीवयं देहि ।
2525,ता कीस मुद्धडमुही हसिऊण पलोयए हिययं ॥ १३ ॥ // ॐज्ळग.६२३
2526,
2527,
2528,[प. १७१]
2529,जइ सा सहीहि भणिया तुज्झ पई सुन्नदेउलसमाणो ।
2530,ता कीस मुद्धडमुही अहिययरं गव्वमुव्वहइ ॥ १४ ॥ // ॐज्ळग.६२४
2531,
2532,
2533,
2534,---------------------------------------------------------------------
2535,[ससयवज्जाशशकपद्घतिः]
2536,
2537,ढुरुढुल्लन्तो रच्छामुहेसु वरमहिलियाण हत्थेसु ।
2538,खन्धारहारिससओ व्व पुत्ति दइओ न छुट्टिहिइ ॥ १ ॥ // ॐज्ळग.६२५
2539,
2540,तिलतुसमेत्तेण वि विप्पिएण तह होइ गरुयसन्तावो ।
2541,सुहय विवज्जइ ससओ चम्मच्छेएण वि वराओ ॥ २ ॥ // ॐज्ळग.६२६
2542,
2543,
2544,[प. १७२]
2545,इह इन्दधणु इह मेहगज्जियं इह सिहीण उल्लावो ।
2546,पहिओ हारी ससओ व्व पाउसे कह न भालेइ१ ॥ ३ ॥ // ॐज्ळग.६२७
2547,
2548,जा इच्छा का वि मणोपियस्स तग्गय मणम्मि पुच्छामो२ ।
2549,ससय वहिल्लो सि तुमं जीविज्जइ अन्नहा कत्तो ॥ ४ ॥ // ॐज्ळग.६२८
2550,
2551,अलिएण व सच्चेण व गेण्हसि नामं पि दड्ढगमणस्स ।
2552,सुहय विवज्जइ ससओ चम्मच्छेएण वि वराओ ॥ ५ ॥ // ॐज्ळग.६२९
2553,
2554,
2555,
2556,---------------------------------------------------------------------
2557,[वसन्तवज्जावसन्तपद्धतिः]
2558,
2559,वणयतुरयाहिरूढो अलिउलझङ्कारतूरणिग्घोसो ।
2560,पत्तो वसन्तराओ परहुयवरघुट्ठजयसद्दो ॥ १ ॥ // ॐज्ळग.६३०
2561,
2562,
2563,[प. १७३]
2564,परिधूसरा वि सहयारमञ्जरी वहउ मञ्जरीणामं ।
2565,नीसेसपसूणपरम्मूहं कयं जीइ भमरउलं ॥ २ ॥ // ॐज्ळग.६३१
2566,
2567,उब्भिज्जइ सहयारो वियसइ कुन्दो य वियसइ असोओ ।
2568,सिसिरपरिणामसुहियं१ उम्मीलं२ पङ्कयं सहसा ॥ ३ ॥ // ॐज्ळग.६३२
2569,
2570,रुन्दारविन्दमन्दिरमयरन्दाणंयालिरिञ्छोली ।
2571,रणझणइ कसणमणिमेहल व्व महुमासलच्छीए ॥ ४ ॥ // ॐज्ळग.६३३
2572,
2573,सन्धुक्किज्जइ हियए परिमलआणन्दियालिमालाहिं ।
2574,उल्लाहि वि दिसिमणिमञ्जरीहि लोयस्स मयणग्गी ॥ ५ ॥ // ॐज्ळग.६३४
2575,
2576,
2577,[प. १७४]
2578,गहिऊण चूयमञ्जरि कीरो परिभमइ पत्तलाहत्थो ।
2579,ओसरसु सिसिरणरवर लद्धा पुहवी वसन्तेण ॥ ६ ॥ // ॐज्ळग.६३५
2580,
2581,किं करइ तुरियतुरियं अलिउलघणवम्मलो य सहयारो ।
2582,पहियाण विणासासङ्किय१ व्व लच्छी वसन्तस्स ॥ ७ ॥ // ॐज्ळग.६३६
2583,
2584,लङ्कालयाण पुत्तय वसन्तमासम्मि लद्धपसराणं ।
2585,आवीयलोहियाणं बीहेइ जणो पलासाणं ॥ ८ ॥ // ॐज्ळग.६३७
2586,
2587,
2588,[प. १७५]
2589,एक्को च्चिय दुव्विसहो विरहो मारेइ गयवई भीमो ।
2590,किं पुण गहियसिलीमुहसमाहवो फग्गुणो पत्तो ॥ ९ ॥ // ॐज्ळग.६३८
2591,
2592,होसइ किल साहारो साहारे अङ्गणम्भि वड्ढन्ते१ ॥
2593,पत्ते वसन्तमासे वसन्तमासाइ सोसेइ ॥ १० ॥ // ॐज्ळग.६३९
2594,
2595,किङ्करि करि म अजुत्तं जणेण जं बालओ त्ति भणिओ सि ।
2596,धवलत्तं देन्तो कण्टयाण साहाण मलिणत्तं ॥ ११ ॥ // ॐज्ळग.६४०
2597,
2598,
2599,[प. १७६]
2600,मा रज्ज१ सुहञ्जणए सोहञ्जणए य दिट्ठमत्तिम्मि ।
2601,भज्जिहिसि य साहसिया सा हसिया सव्वलोएण ॥ १२ ॥ // ॐज्ळग.६४१
2602,
2603,
2604,
2605,---------------------------------------------------------------------
2606,[गिम्हवज्जाग्रीष्मपद्धतिः]
2607,
2608,अवरेण तवइ सूरो सूरेण य ताविया तवइ रेणू ।
2609,सूरेणपरेण पुणो दोहिं पि हु ताविया पुहवी ॥ १ ॥ // ॐज्ळग.६४२
2610,
2611,गिम्हे दवग्गिमसिमइलियाइ दीसन्ति विञ्झसिहराइं ।
2612,आससु पउत्थवइए न हुन्ति नवपाउसब्भाइं ॥ २ ॥ // ॐज्ळग.६४३
2613,
2614,
2615,[प. १७७]
2616,डुहिऊण निरवसेसं ससावयं सुक्खरुक्खमारूढो ।
2617,किं सेसं ति दवग्गी पुणो वि रण्णं पलोएइ ॥ ३ ॥ // ॐज्ळग.६४४
2618,
2619,मूलाहिन्तो साहाण निग्गमो होइ सयलरुक्खाणं ।
2620,साहाहि मूलबन्धो जेहि कओ ते तरू धन्ना ॥ ४ ॥ // ॐज्ळग.६४५
2621,
2622,
2623,
2624,---------------------------------------------------------------------
2625,[पाउसवज्जाप्राव्र̥ट्पद्धतिः]
2626,
2627,भग्गो गिम्हप्पसरो१ मेहा गज्जन्ति लद्धसम्भाणा ।
2628,मोरेहि वि उग्घुट्ठं पाउसराया चिरं जयउ ॥ १ ॥ // ॐज्ळग.६४६
2629,
2630,कक्खायपिङ्गलच्छो कसणङ्गो चडुलविज्जुजीहालो ।
2631,पहियधरिणीइ दिट्ठो मेहो उक्कापिसाओ व्व ॥ २ ॥ // ॐज्ळग.६४७
2632,
2633,
2634,[प. १७८]
2635,गज्जन्ति घणा भग्गा य पन्थया पसरियाउ सरियाओ ।
2636,अज्ज वि उज्जुयसीले पियस्स पन्थं पलोएसि ॥ ३ ॥ // ॐज्ळग.६४८
2637,
2638,अणुझिज्जिरीउ आलोइऊण पहियस्स पहियजायाओ ।
2639,धारामोक्खणिहेणं मेहाण गलन्ति अंसूणि ॥ ४ ॥ // ॐज्ळग.६४९
2640,
2641,उच्चं उच्चावियकन्धरेण भणियं व पाउसे सिहिणा ।
2642,के के इमे पउत्था मोत्तूण घरेसु घरिणीओ ॥ ५ ॥ // ॐज्ळग.६५०
2643,
2644,जा नीलजलहरोदार१गज्जिए मरइ नेय तुह जाया ।
2645,ता पहिय तुरियतुरियं वह वह उल्लवइ कलकण्ठी ॥ ६ ॥ // ॐज्ळग.६५१
2646,
2647,
2648,[प. १७९]
2649,अमुणियपयसञ्चारा दीसन्ति भयङ्करा भुयङ्ग व्व ।
2650,विसविसमा दुल्लङ्घा मेहा महिमण्डले लग्गा ॥ ७ ॥ // ॐज्ळग.६५२
2651,
2652,
2653,
2654,---------------------------------------------------------------------
2655,[सरयवज्जाशरत्पद्धतिः]
2656,
2657,सुसइ व पङ्कं न वहन्ति निज्झरा बरहिणो न नच्चन्ति ।
2658,तणुआयन्ति नईओ अत्थमिए पाउसणरिन्दे ॥ १ ॥ // ॐज्ळग.६५३
2659,
2660,उयह१ तरुकोडराओ गच्छन्ती पूसयाण२ रिञ्छोली ।
2661,सरए जरिओ व्व दुमो पित्तं व सलोहियं वमइ ॥ २ ॥ // ॐज्ळग.६५४
2662,
2663,
2664,
2665,---------------------------------------------------------------------
2666,
2667,[प. १८०]
2668,[हेमन्तवज्जाहेमत्तपद्धतिः]
2669,
2670,जाणिज्जइ न उ पियमप्पियं पि लोयाण तभ्मि हेमन्ते ।
2671,सुयणसमागम वग्गी निच्चं निच्चं सुहावेइ ॥ १ ॥ // ॐज्ळग.६५५
2672,
2673,
2674,
2675,---------------------------------------------------------------------
2676,[सिसिरवज्जाशिशिरपद्धतिः]
2677,
2678,डज्झन्तु सिसिरदियहा पियमप्पियं जणो वहइ ।
2679,दंहवयणस्स व हियए सीयायवणक्खओ जाओ ॥ १ ॥ // ॐज्ळग.६५६
2680,
2681,अवधूयअलक्खणधूसराउ दीसन्ति फरुसलुक्खाओ ।
2682,उय सिसिरवायलइया१ अलक्खणा दीणपुरिस व्व ॥ २ ॥ // ॐज्ळग.६५७
2683,
2684,चोराण कामुयाण य पामरपहियाण कुक्कुडो रडइ ।
2685,रे पलह रमह वाहयह२ वहह तणुइज्जए रयणी ॥ ३ ॥ // ॐज्ळग.६५८
2686,
2687,
2688,
2689,---------------------------------------------------------------------
2690,
2691,[प. १८१]
2692,[जरावज्जाजरापद्धतिः]
2693,
2694,ता धणरिद्धी ता सुन्दरत्तणं ता वियड्ढिमा लोए ।
2695,जा तरुणीयणकडुयत्तणाइ न हु हुन्ति पलियाइं ॥ १ ॥ // ॐज्ळग.६५९
2696,
2697,न तहा लोयम्मि कडक्खियम्मि न हु जम्पियं तह च्चेय ।
2698,जह जह१ तरुणीयणलोयणेसु सीसे पडन्ताणं ॥ २ ॥ // ॐज्ळग.६६०
2699,
2700,रमियं जहिच्छियाए धूलीधवलम्मि गाममज्झम्मि ।
2701,डिम्भत्तणस्स दियहा य णं कया जरयदियह व्व ॥ ३ ॥ // ॐज्ळग.६६१
2702,
2703,सङ्कुइयकम्पिरङ्गो ससङ्किरो दिन्नसयलपयमग्गो ।
2704,पलियाण लज्जमाणो न गणेइ अइत्तए दिन्नं ॥ ४ ॥ // ॐज्ळग.६६२
2705,
2706,
2707,[प. १८२]
2708,वम्महमक्खणदिव्वोसहीइ अङ्गं च कुणइ जरराओ ।
2709,पेच्छह निट्ठुरहियओ एण्हिं सेवेइ तं कामो ॥ ५ ॥ // ॐज्ळग.६६३
2710,
2711,उज्झसु विसयं परिहरसु दुक्कयं कुणसु नियमणे धम्मं ।
2712,ठाऊण कण्णमूले इट्ठं सिट्ठं व पलिएण ॥ ६ ॥ // ॐज्ळग.६६४
2713,
2714,जीयं जलबिन्दुसमं उप्पज्जइ जोव्वणं सह जराए ।
2715,दियहा दियहेहि समा न हुन्ति किं निट्ठुरो लोओ ॥ ७ ॥ // ॐज्ळग.६६५
2716,
2717,वरिससयं नरआऊ तस्स वि अद्धेण हुन्ति राईओ ।
2718,अद्धस्स य अद्धयरं हरइ जरा बालभावो य ॥ ८ ॥ // ॐज्ळग.६६६
2719,
2720,को एत्थ सया सुहिओ कस्स व लच्छी थिराइ पेम्माइं ।
2721,कस्स व न होइ पलियं भण को न हु खण्डिओ विहिणा ॥ ९ ॥ // ॐज्ळग.६६७
2722,
2723,
2724,
2725,---------------------------------------------------------------------
2726,
2727,[प. १८३]
2728,[महिलावज्जामहिलापद्धतिः]
2729,
2730,गहचरिय देवचरियं ताराचरियं चराचरे चरियं ।
2731,जाणन्ति सयलचरियं महिलाचरियं न याणन्ति१ ॥ १ ॥ // ॐज्ळग.६६८
2732,
2733,बहुकूडकवडभरिया मायारूवेण रञ्जए हिययं ।
2734,महिलाए सब्भावं अज्ज वि बहवो न याणन्ति१ ॥ २ ॥ // ॐज्ळग.६६९
2735,
2736,घेप्पइ मच्छाण पए आयासे पक्खिणो य पयमग्गो ।
2737,एक्कं नवरि न घेप्पइ दुल्लक्खं कामिणीहिययं ॥ ३ ॥ // ॐज्ळग.६७०
2738,
2739,
2740,
2741,---------------------------------------------------------------------
2742,[पुव्वकयकम्भवज्जापूर्वक्र̥तकर्मपद्धतिः]
2743,
2744,इह लोए च्चिय दीसइ सग्गो नरओ य किं परत्तेण ।
2745,धणविलसियाण सग्गो नरओ दालिद्दिय२जणाणं ॥ १ ॥ // ॐज्ळग.६७१
2746,
2747,
2748,[प. १८४]
2749,विहडन्ति सुवा विहडन्ति बन्धवा विहडेइ सञ्चिओ अत्थो ।
2750,एक्कं नवरि न विहडइ नरस्स पुव्वक्कयं कभ्मं ॥ २ ॥ // ॐज्ळग.६७२
2751,
2752,अवहरइ जं न विहियं जं विहियं तं पुणो न नासेइ ।
2753,अइणिउणो नवरि विही सित्थं पि न बड्ढिउं देइ ॥ ३ ॥ // ॐज्ळग.६७३
2754,
2755,जं चिय विहिणा लिहियं तं चिय परिणमइ सयललोयस्स ।
2756,इय जाणिऊण धीरा विहुरे वि न कायरा हुन्ति ॥ ४ ॥ // ॐज्ळग.६७४
2757,
2758,पाविज्जइ जत्थ सुहं पाविज्जइ मरणबन्धणं जत्थ ।
2759,तेण तहिं चिय निज्जइ नियकम्मगलत्थिओ जीवो ॥ ५ ॥ // ॐज्ळग.६७५
2760,
2761,
2762,[प. १८५]
2763,ता किं भएण किं चिन्तिएण किं जूरिएण बहुएण ।
2764,जइ सो च्चेव वियम्भइ पुव्वकओ पुण्णपरिणामो ॥ ६ ॥ // ॐज्ळग.६७६
2765,
2766,को दाऊण समत्थो को वा हरिऊण जस्स जं विहियं ।
2767,परिणमइ फलं पुत्तय पुव्वक्कम्माणुसारेण ॥ ७ ॥ // ॐज्ळग.६७७
2768,
2769,
2770,
2771,---------------------------------------------------------------------
2772,[ठामवज्जास्थानपद्धतिः]
2773,
2774,रायङ्गणम्मि परिसण्ठियस्स जह कुञ्जरस्स माहप्पं ।
2775,विञ्झसिहरम्मि न तहा ठाणेसु गुणा विसट्टन्ति१ ॥ १ ॥ // ॐज्ळग.६७८
2776,
2777,अज्झाकवोलपरिसण्ठियस्स जह चन्दणस्स माहप्पं ।
2778,मलयसिहरे वि न तहा ठाणेसु गुणा विसट्टन्ति ॥ २ ॥ // ॐज्ळग.६७९
2779,
2780,
2781,[प. १८६]
2782,वरतरुणिणयणरिसण्ठियस्स जह कज्जलस्स माहप्पं ।
2783,दीवसिहरे वि न तहा ठाणेसु गुणा विसट्टन्ति ॥ ३ ॥ // ॐज्ळग.६८०
2784,
2785,केसाण दन्तणहठक्कुराण वहुयाण वहुयणे तह य ।
2786,थणयाण ठाणचुक्काण मामि को आयरं कुणइ ॥ ४ ॥ // ॐज्ळग.६८१
2787,
2788,ठाणं न मुयइ धीरो ठक्कुरसङ्घस्स दुट्ठवग्गस्स ।
2789,ठन्तं पि१ देइ जुज्झं ठाणे ठाणे जसं लहइ ॥ ५ ॥ // ॐज्ळग.६८२
2790,
2791,गहियविमुक्का तेयं जणन्ति२ सामाइणो नरिन्दाणं ।
2792,दण्डो तह च्चिय ट्ठिय आमूलं हणइ टङ्कारो ॥ ६ ॥ // ॐज्ळग.६८३
2793,
2794,उयहिवडवाणलाणं परोप्परुल्हवणसोसणमणाणं ।
2795,अमुणियमज्झपजलणाण वइयरो जिणइ जियलोए ॥ ७ ॥ // ॐज्ळग.६८४
2796,
2797,
2798,
2799,---------------------------------------------------------------------
2800,
2801,[प. १८७]
2802,[गुणवज्जागुणपद्धतिः]
2803,
2804,जइ नत्थि गुणा ता किं कुलेण गुणिणो कुलेण न हु कज्जं ।
2805,कुलमकलङ्कं गुणवज्जियाण गरुयं चिय कलङ्कं ॥ १ ॥ // ॐज्ळग.६८५
2806,
2807,गुणहीणा जे पुरिसा कुलेण गव्वं वहन्ति ते मूढा ।
2808,वंसुप्पन्नो वि धणू गुणरहिए नत्थि टङ्कारो ॥ २ ॥ // ॐज्ळग.६८६
2809,
2810,जम्मन्तरं न गरुयं गरुयं पुरिसस्स गुणगणारुहणं ।
2811,मुत्ताहलं हि गरुयं न हु गरुयं सिप्पिसम्पुडयं ॥ ३ ॥ // ॐज्ळग.६८७
2812,
2813,खरफरुसं सिप्पिउडं रयणं तं होइ जं अणग्घेयं ।
2814,जाईइ किं व किज्जइ गुणेहि दोसा फुसिज्जन्ति ॥ ४ ॥ // ॐज्ळग.६८८
2815,
2816,
2817,[प. १८८]
2818,जं जाणइ भणइ जणो गुणाण विहवाण अन्तरं गरुयं ।
2819,लब्भइ गुणेहि विहवो विहवेहि गुणा न घेप्पन्ति ॥ ५ ॥ // ॐज्ळग.६८९
2820,
2821,ठाणं गुणेहि लब्भइ ता गुणगहणं अवस्स कायव्वं ।
2822,हारो वि नेय पावइ गुणरहिओ तरुणिथणवट्टं ॥ ६ ॥ // ॐज्ळग.६९०
2823,
2824,पासपरिसण्ठिओ वि हु गुणहीणे किं करेइ गुणवन्तो ।
2825,जायन्धयस्स दीवो हत्थकओ निप्फलो च्चेय ॥ ७ ॥ // ॐज्ळग.६९१
2826,
2827,परलोयगयाणं पि हु पच्छत्ताओ न ताण पुरिसाणं ।
2828,जाण गुणुच्छाहेणं जियन्ति वंसे समुप्पन्ना ॥ ८ ॥ // ॐज्ळग.६९२
2829,
2830,
2831,
2832,---------------------------------------------------------------------
2833,
2834,[प. १८९]
2835,[गुणणिन्दावज्जागुणनिन्दापद्धतिः]
2836,
2837,मुत्ताहलं व पहुणो गुणिणो किं करइ वेहरहियस्स ।
2838,जत्थ न पविसइ सूई तत्थ गुणा बाहिर च्चेय ॥ १ ॥ // ॐज्ळग.६९३
2839,
2840,पियकेलिसङ्गमोसारिएण हारेण चिन्तियं एयं ।
2841,अवसररहिया गुणवन्तया वि दूरे धरिज्जन्ति ॥ २ ॥ // ॐज्ळग.६९४
2842,
2843,ता निग्गुण च्चिय वरं पहुणवलम्भेण जाण परिओसो ।
2844,गुणिणो गुणाणुरूवं फलमलहन्ता किलिस्सन्ति ॥ ३ ॥ // ॐज्ळग.६९५
2845,
2846,निग्गुण गुणेहि नियणिग्गुणत्तणं देहि अम्ह सड्ढीए ।
2847,कलिकाले किं कीरइ गुणेहि पहुणो न घेप्पन्ति ॥ ४ ॥ // ॐज्ळग.६९६
2848,
2849,
2850,[प. १९०]
2851,सव्वत्तो वसइ धरा सन्ति नरिन्दा गुणा वि अग्घन्ति ।
2852,ता किं सहन्ति गुणिणो अणायरं अत्थवन्ताणं ॥ ५ ॥ // ॐज्ळग.६९७
2853,
2854,
2855,
2856,---------------------------------------------------------------------
2857,[गुणसलाहावज्जागुणश्लाघापद्धतिः]
2858,
2859,जस्स न गेण्हन्ति गुणा सुयणा गोट्ठीसु रणमुहे सुहडा ।
2860,नियजणणिजोव्वणुल्लरणेण किं तेण जाएण ॥ १ ॥ // ॐज्ळग.६९८
2861,
2862,किं तेण जाइएण वि पुरिसेँ पयपूरणे वि असमत्थेँ ।
2863,जेण न जसेण भरियं सरि व्व भुवणन्तरं सयलं ॥ २ ॥ // ॐज्ळग.६९९
2864,
2865,देसे गामे नयरे रायपहे तियचउक्कमग्गे वा ।
2866,जस्स न पसरइ कित्ती धिरत्थु किं तेण जाएण ॥ ३ ॥ // ॐज्ळग.७००
2867,
2868,किं तेण आइएण व किं वा पसयच्छि तेण व गएण ।
2869,जस्स कए रणरणयं नयरे न घराघरं होइ ॥ ४ ॥ // ॐज्ळग.७०१
2870,
2871,
2872,
2873,---------------------------------------------------------------------
2874,
2875,[प. १९१]
2876,[पुरिसणिन्दावज्जापुरुषनिन्दापद्धतिः]
2877,
2878,उड्ढं वच्चन्ति अहो वयन्ति मूलङ्कुर व्व भुवणम्मि ।
2879,विज्जाहियए कत्तो कुलाहि पुरिसा समुप्पन्ना ॥ १ ॥ // ॐज्ळग.७०२
2880,
2881,नियकम्मेहि वि नीयं उच्चं पुरिसा लहन्ति सण्ठाणं ।
2882,सुरमन्दिरकूवयरा उड्ढद्धमुहा य वच्चन्ति ॥ २ ॥ // ॐज्ळग.७०३
2883,
2884,एक्कम्मि कुले एक्कम्मि मन्दिरे एक्ककुक्खिसम्भूया ।
2885,एक्को नरसयसामी अन्नो एक्कस्स असमत्थो ॥ ३ ॥ // ॐज्ळग.७०४
2886,
2887,सज्जणसलाहणिज्जे पयम्मि अप्पा न ठाविओ जेहिं ।
2888,सुसमत्था जे न परोवयारिणो तेहि वि न किं पि२ ॥ ४ ॥ // ॐज्ळग.७०५
2889,
2890,
2891,
2892,---------------------------------------------------------------------
2893,
2894,[प. १९२]
2895,[कमलवज्जाकमलपद्धतिः]
2896,
2897,हिट्ठकयकण्टयाणं पयडियकोसाण मित्तसमुहाणं ।
2898,मामि गुणवन्तयाणं कह कमले वसउ न हु कमला ॥ १ ॥ // ॐज्ळग.७०६
2899,
2900,अन्नन्न१लग्गकयपत्तपरियणे निहयगुरुजडाजाले ।
2901,मित्तालोयणसुहिए कह कमले वसउ न हु कमला ॥ २ ॥ // ॐज्ळग.७०७
2902,
2903,पयडियकोसगुणड्ढे तह य कुलीणे सुपत्तपरिवारे ।
2904,एवंविहे वसन्ती कमले कमले कयत्था सि ॥ ३ ॥ // ॐज्ळग.७०८
2905,
2906,जडसंवाहियफरुसत्तणस्स निण्हवियणियगुणोहस्स ।
2907,रे कमल तुज्झ कमला निवसइ रत्ताण पत्ताण ॥ ४ ॥ // ॐज्ळग.७०९
2908,
2909,
2910,[प. १९३]
2911,जह पलहिगुणा परछिद्दछायणे१ तह नु कमल जइ तुज्झ ।
2912,ता इह सयले लोए का अवमा तव ठविज्जन्ति ॥ ५ ॥ // ॐज्ळग.७१०
2913,
2914,
2915,
2916,---------------------------------------------------------------------
2917,[कमलणिन्दावज्जा ( कमलनिन्दापद्धतिः )]
2918,
2919,अलियालावे वियसन्त कमल कलिओ सि रायहंसेहिं ।
2920,ता सुन्दरं न होही तुज्झ फलं कालपरिणामे ॥ १ ॥ // ॐज्ळग.७११
2921,
2922,अप्पं२ परं न याणसि नूणं सउणो सि लच्छिपरियरिओ ।
2923,उज्जलसमुहो पेच्छह ता वयणं पि हु न ठावेइ ॥ २ ॥ // ॐज्ळग.७१२
2924,
2925,लच्छीए परिगहिया उड्ढमुहा जइ न हुन्ति ता पेच्छ ।
2926,जेहिं चिय उड्ढविया तं चिय नालं न पेच्छन्ति ॥ ३ ॥ // ॐज्ळग.७१३
2927,
2928,
2929,[प. १९४]
2930,लच्छिणिलयत्तणुत्ताणवयण गुणिणो सयाणुलग्गस्स ।
2931,नियणालस्स वि विमुहो ता पङ्कय कस्स समुहो सि ॥ ४ ॥ // ॐज्ळग.७१४
2932,
2933,वड्ढावियकोसो जं सि कमल परिसोसिएहि पत्तेहिं ।
2934,अच्छउ ता लच्छिवओ तं चिय नामं पि हारिहिसि ॥ ५ ॥ // ॐज्ळग.७१५
2935,
2936,मित्तो सूरो कयपत्तपरियरो लच्छियालओ कमलो ।
2937,पयहीणस्स सहारो केणावि न सक्किओ निमिसं ॥ ६ ॥ // ॐज्ळग.७१६
2938,
2939,सरसाण सूरपरिंसण्ठियाण कमलाण कीस उवयारो ।
2940,उक्खयमूला सुक्खन्तपङ्कया कह न सण्ठविया ॥ ७ ॥ // ॐज्ळग.७१७
2941,
2942,
2943,
2944,---------------------------------------------------------------------
2945,
2946,[प. १९५]
2947,[हंसमाणसवज्जाहंसमानसपद्धतिः]
2948,
2949,छण्डिज्जइ हंस सरं कत्तो वासो परम्मुहे दिव्वे ।
2950,जाव न ठवेइ चलणे कूडबओ मत्थए एण्हिं ॥ १ ॥ // ॐज्ळग.७१८
2951,
2952,पढमं चिय जे विगया घणागमे साहु ताण हंसाणं ।
2953,जेहि न दिट्ठं उच्चासणट्ठियं खलबयकुडुम्बं ॥ २ ॥ // ॐज्ळग.७१९
2954,
2955,इयरविहङ्गमपयपन्तिचित्तला जत्थ पुलिणपेरन्ता ।
2956,तत्थ सरे न हु जुत्तं वसियव्वं रायहंसाणं ॥ ३ ॥ // ॐज्ळग.७२०
2957,
2958,विविहविहङ्गमणिवहेण मण्डियं पेच्छिऊण कमलवणं ।
2959,मुक्कं माणब्भरिएहि माणसं रायहंसेहिं ॥ ४ ॥ // ॐज्ळग.७२१
2960,
2961,
2962,
2963,---------------------------------------------------------------------
2964,
2965,[प. १९६]
2966,[चक्कवायवज्जाचक्रवाकपद्धतिः]
2967,
2968,अद्धत्थमिए सुरे जं दुक्खं होइ चक्कवायस्स ।
2969,तं होउ तुह रिऊणं अहवा ताणं पि मा होउ ॥ १ ॥ // ॐज्ळग.७२२
2970,
2971,भूमीगयं न चत्ता सूरं दटठूण चक्कवाएण ।
2972,जीयग्गल व्व दिन्ना मुणालिया विरहभीएण ॥ २ ॥ // ॐज्ळग.७२३
2973,
2974,अग्गि व्व पउमसण्डं चिय व्व नलिणी मडो व्व अप्पा णं ।
2975,चक्केण पिंयाविरहे मसाणसरिसं सरं दिट्ठं ॥ ३ ॥ // ॐज्ळग.७२४
2976,
2977,आसासिज्जइ चक्को जलगयपडिबिम्बदंसणासाए ।
2978,तं पि हरन्ति तरङ्गा पेच्छह निउण्णत्तणं विहिणो ॥ ४ ॥ // ॐज्ळग.७२५
2979,
2980,
2981,[प. १९७]
2982,आसन्ति सङ्गमासा गमन्ति रयणिं सुहेण चक्काया ।
2983,दियहा न य हुन्ति विओयकायरा कह नु वोलन्ति ॥ ५ ॥ // ॐज्ळग.७२६
2984,
2985,अलियं जम्पेइ जणो जं पेम्मं होइ अत्थलोहेण ।
2986,सेवालजीवियाणं कओ धणं चक्कवायाणं ॥ ६ ॥ // ॐज्ळग.७२७
2987,
2988,
2989,
2990,---------------------------------------------------------------------
2991,[चन्दणवज्जाचन्दनपद्धतिः]
2992,
2993,सुसिएण निहसिएण वि तह कह वि हु चन्दणेण महमहियं ।
2994,सरसा वि कुसुममाला जह जाया परिमलविलक्खा ॥ १ ॥ // ॐज्ळग.७२८
2995,
2996,
2997,[प. १९८]
2998,परसुच्छेयपहरणेण निहसणेँ नेय उज्झिया पयई ।
2999,चन्दण संनयसीसो तेण तुमं वन्दए लोओ ॥ २ ॥ // ॐज्ळग.७२९
3000,
3001,उत्तमकुलेसु जम्मं तुह चन्दण तरुवराण मज्झम्मि ।
3002,दुज्जीहाण खलाण य निच्चं चिय तेण अणुरत्तो ॥ ३ ॥ // ॐज्ळग.७३०
3003,
3004,एक्को चिय दोसो तारिसस्स चन्दणदुमस्स विहिघडिओ ।
3005,जीसे दुट्ठभुयङ्गा खणं पि पासं न मेल्लन्ति ॥ ४ ॥ // ॐज्ळग.७३१
3006,
3007,बहुतरुवराण मज्झे चन्दणविडवो भुयङ्गदोसेण ।
3008,छिज्जइ निरावराहो साहु व्व असाहुसङ्गेण ॥ ५ ॥ // ॐज्ळग.७३२
3009,
3010,
3011,
3012,---------------------------------------------------------------------
3013,[वडवज्जावटपद्धतिः]
3014,
3015,जाओ सि कीस पन्थे अहवा जाओ सि कीस फलिओ सि ।
3016,अह फलिओ सि महादुम ता सउणबिडम्बणं सहसु ॥ १ ॥ // ॐज्ळग.७३३
3017,
3018,
3019,[प. १९९]
3020,नीरस-करीर-खरखइरसङ्कुले विसमसमिमरुद्देसे ।
3021,का होज्ज गई पहियाण जं सि वडपायव न होन्तो ॥ २ ॥ // ॐज्ळग.७३४
3022,
3023,भूमीगुणेण वडपायवस्स जइ तुङ्गिमा इहं होइ ।
3024,तह वि हु फलाण रिद्धी होसइ बीयाणुसारेण ॥ ३ ॥ // ॐज्ळग.७३५
3025,
3026,
3027,
3028,---------------------------------------------------------------------
3029,[तालवज्जातालपद्धतिः]
3030,
3031,किं ताल तुज्झ तुङ्गत्तणेण गयणद्धरुद्धमग्गेण ।
3032,छुहजलणताविएहि वि उवहेप्पसि जं न पहिएहिं ॥ १ ॥ // ॐज्ळग.७३६
3033,
3034,छायारहियस्स निरासयस्स दूरयरदावियफलस्स ।
3035,दोसेहि समा जा का वि तुङ्गिमा तुज्झ रे ताल ॥ २ ॥ // ॐज्ळग.७३७
3036,
3037,
3038,[प. २००]
3039,जेहिं नीओ वड्ढिं तालो सयसलिलदाणसेवाए ।
3040,तस्सेव जो न फलिओ सो फलिओ कह नु अन्नस्स ॥ ३ ॥ // ॐज्ळग.७३८
3041,
3042,
3043,
3044,---------------------------------------------------------------------
3045,[पलासवज्जापलाशपद्धतिः]
3046,
3047,मउलन्तस्स य मुक्का तुज्झ पलासा पलास सउणेहिं ।
3048,जेण महुमाससमए नियवयणं झत्ति सामलियं ॥ १ ॥ // ॐज्ळग.७३९
3049,
3050,अच्छउ ता फलणिवहं फुल्लणदियहम्मि कलुसियं वयणं ।
3051,इय कलिऊण पलासो झड त्ति मुक्को सपत्तेहिं ॥ २ ॥ // ॐज्ळग.७४०
3052,
3053,दट्ठूण किंसुया साहा तं बालाइ कीस वेलविओ ।
3054,अहवा न तुज्झ दोसो को न हु छलिओ पलासेहिं ॥ ३ ॥ // ॐज्ळग.७४१
3055,
3056,
3057,[प. २०१]
3058,गुरुविहववित्थरुत्थम्भिरे वि किविणम्मि अत्थिणो विहला ।
3059,भण फलिए वि पलासे मणोरहा कस्स जायन्ति ॥ ४ ॥ // ॐज्ळग.७४२
3060,
3061,सच्चं पलास जं फुल्लिओ सि फलिओ सि रहणिउञ्जेसु ।
3062,जइ होज्ज सुखज्जफलो मणं पि ता तुज्झ को मुल्लो ॥ ५ ॥ // ॐज्ळग.७४३
3063,
3064,
3065,
3066,---------------------------------------------------------------------
3067,[वडवाणलवज्जावडवानलपद्धतिः]
3068,
3069,सोसणमई उ निवससु वडवाणल मुणइ जाव न समुद्दो ।
3070,जाव य जाणिहिइ फुडं ता न तुमं नेय भुवणयलं ॥ १ ॥ // ॐज्ळग.७४४
3071,
3072,
3073,[प. २०२]
3074,का समसीसी तियसिन्दयाण वडवाणलस्स सरिसम्मि ।
3075,उवसमियसिहिप्पसरो मयरहरो इन्धणं जस्स ॥ २ ॥ // ॐज्ळग.७४५
3076,
3077,
3078,
3079,---------------------------------------------------------------------
3080,[रयणायरवज्जारत्नाकरपद्घतिः]
3081,
3082,रयणायरेण रयणं परिमुक्कं जइ वि अमुणियगुणेण ।
3083,तह वि हु मरगयखण्डं जत्थ गयं तत्थ वि महग्धं ॥ १ ॥ // ॐज्ळग.७४६
3084,
3085,जलणिहिमुक्केण वि कुत्थुहेण पत्तं मुरारिवच्छयलं ।
3086,तेण पुण तस्स ठाणे न याणिमो को परिट्ठविओ ॥ २ ॥ // ॐज्ळग.७४७
3087,
3088,मा दोसं चिय गेण्हह विरले वि गुणे पसंसह जणस्स ।
3089,अक्खपउरो वि उवही भण्णइ रयणायरो लोए ॥ ३ ॥ // ॐज्ळग.७४८
3090,
3091,
3092,[प. २०३]
3093,वेलामहल्लकल्लोलपेल्लियं जइ वि गिरिणइं पत्तं ।
3094,अणुसरइ मग्गलग्गं पुणो वि रयणायरे रयणं ॥ ४ ॥ // ॐज्ळग.७४९
3095,
3096,लच्छीइ विणा रयणायरस्स गम्भीरिमा तह च्चेव ।
3097,सा लच्छी तेण विणा भण कस्स न मन्दिरं पत्ता ॥ ५ ॥ // ॐज्ळग.७५०
3098,
3099,वडवाणलेण गहिओ महिओ य सुरासुरेहि सयलेहिं ।
3100,लच्छीइ उवहि मुक्को पेच्छइ गम्भीरिमा तस्स ॥ ६ ॥ // ॐज्ळग.७५१
3101,
3102,"जलणं जलं च, अमियं, विसं च, कण्हो सदाणवो च्चेव ।"
3103,खीरोयहि तुज्झ तहा परमहिमा अहियअहिययरो ॥ ७ ॥ // ॐज्ळग.७५२
3104,
3105,
3106,[प. २०४]
3107,रयणेहि निरन्तरपूरिएहि रयणायरस्स न हु गव्वो ।
3108,करिणो मुत्ताहलसंसए वि मयविब्भला१ दिट्ठी ॥ ८ ॥ // ॐज्ळग.७५३
3109,
3110,अणवरयं देन्तस्स वि तुट्टन्ति न सायरे वि रयणाइं ।
3111,पुण्णक्खएण खिज्जइ न हु लच्छी चायभोएहिं ॥ ९ ॥ // ॐज्ळग.७५४
3112,
3113,रयणायरस्स न हु होइ तुच्छिमा निग्गएहि रयणेहिं ।
3114,तह वि हु चन्दसरिच्छा विरला रयणायरे रयणा ॥ १० ॥ // ॐज्ळग.७५५
3115,
3116,रयणायरचत्तेण वि पत्तं चन्देण हरह तिलयत्तं ।
3117,तेण उण तस्स ठाणे न याणिमो को पिरिट्ठविओ ॥ ११ ॥ // ॐज्ळग.७५६
3118,
3119,
3120,[प. २०५]
3121,जइ वि हु कालवसेणं ससी समुद्दाउ कह वि विच्छुडिओ ।
3122,तह वि हु तस्स पयावं ( ? पयासो ) आणन्दं कुणइ दूरे वि ॥ १२ ॥ // ॐज्ळग.७५७
3123,
3124,रयणाइ सुराण समप्पिऊण वडवाणलस्स छुहियस्स ।
3125,अप्पा ( ? अप्पं ) देन्तेण तए समुद्द मुद्दङ्कियं भुवणं ॥ १३ ॥ // ॐज्ळग.७५८
3126,
3127,अत्थि असङ्खा सङ्खा धवला रयणायरस्स सम्भूया ।
3128,न हु ताण सद्दलद्धी जा जाया पञ्चजन्नस्स ॥ १४ ॥ // ॐज्ळग.७५९
3129,
3130,जाएण तेण धवलीकओ सि नूणं समुद्द सङ्खेण ।
3131,अत्थित्तणेण हत्थं पसारियं जस्स कण्हेण ॥ १५ ॥ // ॐज्ळग.७६०
3132,
3133,
3134,
3135,---------------------------------------------------------------------
3136,
3137,[प. २०६]
3138,[समुद्दणिन्दावज्जासमुद्रनिन्दापद्धतिः]
3139,
3140,साहीणामयरयणो अमरमरोरं च भुवणमकरन्तो ।
3141,उल्लसिरीहि न लज्जसि लहरीहि तरङ्गिणीणाह ॥ १ ॥ // ॐज्ळग.७६१
3142,
3143,रयणायर त्ति नामं वहन्त ता उवहि किं न सुसिओ सि ।
3144,मज्झे न जाणवत्ती अत्थत्थी जं गया पारे ॥ २ ॥ // ॐज्ळग.७६२
3145,
3146,उवहि लहरीहि गव्विर गज्जन्तो किं न दीह सुसिओ सि ।
3147,जीसे गिम्हपिवासा वलन्ति वि परम्मुहा पहिया ॥ ३ ॥ // ॐज्ळग.७६३
3148,
3149,सायर लज्जाइ कहं न मुओ चिन्ताइ कह न वीसन्नो ।
3150,पइ हुन्ते बोहित्थियहि कओ जलसङ्गहो अन्नो ॥ ४ ॥ // ॐज्ळग.७६४
3151,
3152,
3153,[प. २०७]
3154,बद्धो सि तुमं पीओ सि पुव्वयं लङ्घिओ सि तं उवहि१ ।
3155,किं गज्जसि अलियजए न लज्जसे उयहि किं भणिमो ॥ ५ ॥ // ॐज्ळग.७६५
3156,
3157,निद्धोयउदयकङ्खिर पन्थिय मा वच्च सायरो एस ।
3158,जत्थ नियत्तइ तण्हा अन्न च्चिय ते सरुद्देसा ॥ ६ ॥ // ॐज्ळग.७६६
3159,
3160,
3161,
3162,---------------------------------------------------------------------
3163,[सुवण्णवज्जासुवर्णपद्धतिः]
3164,
3165,जलणपवेसो चामीयरस्स कह सहि न जुज्जए काउं ।
3166,हद्धी जस्स परिक्खन्ति पत्थरा नवरि गुणणिवहं ॥ १ ॥ // ॐज्ळग.७६७
3167,
3168,
3169,[प. २०८]
3170,जलणडहणेण न तहा पत्थरघसणेण खण्डणे तह य ।
3171,गुञ्जाहलसमतुलणे जं दुक्खं होइ कणयस्स ॥ २ ॥ // ॐज्ळग.७६८
3172,
3173,जूरिज्जइ किं न जए किं न जरा आवए अकालम्मि ।
3174,जह सक्खर तुलइ खली निरक्खरो कञ्चणं खण्डं ॥ ३ ॥ // ॐज्ळग.७६९
3175,
3176,नाराय निरक्खर लोहवन्त दोमुह१ य तुज्झ किं भणिमो ।
3177,गुञ्जाइ समं कणयं२ तोलन्तो कह न लज्जेसि ॥ ४ ॥ // ॐज्ळग.७७०
3178,
3179,जह कणयं तह पडिमाणपत्थरं पेच्छ तुलइ नाराओ ।
3180,अहवा निरक्खराणं गुणदोसवियारणा कत्तो ॥ ५ ॥ // ॐज्ळग.७७१
3181,
3182,
3183,
3184,---------------------------------------------------------------------
3185,
3186,[प. २०९]
3187,[आइच्चवज्जाआदित्यपद्धतिः]
3188,
3189,भमिओ सि भमसि भमिहिसि अणुदिणु१ पासम्मि मेरुसिहरस्स ।
3190,जइ पावसि कञ्चणमासयं पि ता सूर सूरो सि ॥ १ ॥ // ॐज्ळग.७७२
3191,
3192,वियलियतेएण वि ससहरेण जह दंसिओ दिणे अप्पा ।
3193,तह जइ रयणीइ तुमं ता सच्चं सूर सूरो सि ॥ २ ॥ // ॐज्ळग.७७३
3194,
3195,उयणं भुवणक्कमणं अत्थमणं एक्कदिवसमज्झम्मि२ ।
3196,सूरस्स वि तिन्नि दसा३ का गणणा इयरलोयस्स ॥ ३ ॥ // ॐज्ळग.७७४
3197,
3198,
3199,
3200,---------------------------------------------------------------------
3201,[दीवयवज्जादीपकपद्धतिः]
3202,
3203,सउणो नेहसउण्णो लोइल्लो लोयलोयणाणन्दो ।
3204,नासियतमोहपसरो किं सुयणो नेह४ जोइक्खो ॥ १ ॥ // ॐज्ळग.७७५
3205,
3206,
3207,[प. २१०]
3208,जोइक्खो गिलइ तमं तं चिय उग्गिलइ कज्जलमिसेणं ।
3209,अहवा सुद्धसहावा हियए कलुसं न धारेन्ति१ ॥ २ ॥ // ॐज्ळग.७७६
3210,
3211,निययालएसु मलिणा कुणन्ति मलिणत्तणं जइच्छाए ।
3212,गुणणेहकन्तिजुत्तय न जुज्जए तुज्झ जोइक्ख ॥ ३ ॥ // ॐज्ळग.७७७
3213,
3214,नियगुणणेहखयङ्कर मलिणं निययालयं कुणन्तस्स ।
3215,जोइक्ख तुज्झ छाया परिचत्ता तेण सुयणेहिं ॥ ४ ॥ // ॐज्ळग.७७८
3216,
3217,
3218,[प. २११]
3219,किं तुज्झ पहाए किं गुणेण किं दीव तुज्झ नेहेण ।
3220,छायं जस्स विसिट्ठा दूरे वि चयन्ति निन्दन्ता१ ॥ ५ ॥ // ॐज्ळग.७७९
3221,
3222,
3223,
3224,---------------------------------------------------------------------
3225,[पियोल्लाववज्जाप्रियोल्लापपद्धतिः]
3226,
3227,एक्केण विणा पियमाणुसेण बहुयाइ हुन्ति दुक्खाइं ।
3228,आलस्सो रणरणओ'णिद्दा पुलओ ससज्झसओ२ ॥ १ ॥ // ॐज्ळग.७८०
3229,
3230,एक्केण विणा पियमाणुसेण सब्भावणेहभरिएणं३ ।
3231,जणसङ्कुला वि पुहवी अव्वो रण्णं व पडिहाइ ॥ २ ॥ // ॐज्ळग.७८१
3232,
3233,सो कत्थ गओ सो सुयणवल्लहो सो सुहाण सयखाणी ।
3234,सो मयणग्गिविणासो सो सो सोसेइ मह हिययं ॥ ३ ॥ // ॐज्ळग.७८२
3235,
3236,
3237,[प. २१२]
3238,सो होहिइ को वि दिणो जत्थ पिओ बाहुपञ्जरविलीणो ।
3239,रइरहसखेयखिन्नो निज्झरइ पवासदुक्खाइं ॥ ४ ॥ // ॐज्ळग.७८३
3240,
3241,आविहिइ पिओ चुम्बिहिइ निट्ठुरं१ चुम्बिऊण पुच्छिहिइ ।
3242,दइए कुसल त्ति तुमं नमो२ नमो ताण दिवसाणं ॥ ५ ॥ // ॐज्ळग.७८४
3243,
3244,धन्नं तं चेव दिणं सा रयणी सयललक्खणसउण्णा ।
3245,अमयं३ तं पि मुहुत्तं जत्थ पिओ झत्ति दीसिहिइ ॥ ६ ॥ // ॐज्ळग.७८५
3246,
3247,दूरयरदेसपरिसण्ठियस्स पियसङ्गमं महन्तस्स ।
3248,आसाबन्धो च्चिय माणुसस्स अवलम्बए जीवं४ ॥ ७ ॥ // ॐज्ळग.७८६
3249,
3250,
3251,[प. २१३]
3252,हिययटिठओ वि सुहवो तह वि हु नयणाण होइ दुप्पेच्छो ।
3253,पेच्छह विहिणा व कया१ मह हियए जालयगवक्खा ॥ ८ ॥ // ॐज्ळग.७८७
3254,
3255,
3256,
3257,---------------------------------------------------------------------
3258,[दोसियवज्जादौषिकपद्धतिः]
3259,
3260,दीहं लण्हं बहुसुत्तरुन्दयं कडियलम्मि सुहजणयं ।
3261,तह वासं च महग्घं दोसिय कडिलम्ह पडिहाइ ॥ १ ॥ // ॐज्ळग.७८८
3262,
3263,माणविहूणं रुन्दीइ छोडयं सिलधोयगयछायं ।
3264,जं वसणं न सुहावइ मुय दूरं नम्मयाडे तं ॥ २ ॥ // ॐज्ळग.७८९
3265,
3266,पम्मुहसुत्तं अट्ठीसुहावहं जणियरायपुलइल्लं ।
3267,दोसिय दिज्जन्तं पि हु नारङ्गं अम्ह पडिहाइ ॥ ३ ॥ // ॐज्ळग.७९०
3268,
3269,
3270,[प. २१४]
3271,जं पक्खालियसारं जं गरुयं चेव सममहग्घं च ।
3272,तं दोसिय अम्हाणं दंसिज्जउ किं वियारेण ॥ ४ ॥ // ॐज्ळग.७९१
3273,
3274,दोसिय घणगुणसारं सुविणीयं सुट्ठु सोहसञ्जणयं ।
3275,दंसहि मा कुण खेयं तं अम्हं जणइ परिओसं ॥ ५ ॥ // ॐज्ळग.७९२
3276,
3277,जह पढमे तह दीसइ अवसाणे साडयस्स निव्वहणं ।
3278,तं फुडु अम्ह नियम्बे दोसिय फुट्टं पि पडिहाइ ॥ ६ ॥ // ॐज्ळग.७९३
3279,
3280,
3281,
3282,---------------------------------------------------------------------
3283,
3284,[प. २१५]
3285,[पज्जन्तगाहाजुयलंपर्यन्तगाथायुगलम]
3286,
3287,अह पज्जन्तगाहाजुयलं भण्णइ ।
3288,
3289,इय कइयणेहि रइए वज्जालए सयललोयहिट्ठिए२ ।
3290,पत्थावे गोट्ठिट्ठिय इच्छियगाहा पढिज्जन्ति ॥ १ ॥ // ॐज्ळग.७९४
3291,
3292,एयं वज्जालग्गं ठाणं गहिऊण पढइ जो को वि ।
3293,नियठाणे पत्थावे गुरुत्तणं लहइ सो पुरिसो ॥ २ ॥ // ॐज्ळग.७९५
3294,
3295,
3296,[प. २१६]
3297,
3298,[गाहावज्जा]
3299,गाहा रुअइ अणाहा सीसे काऊण दो वि हत्थाओ ।
3300,सुकईहि दुक्खरइया सुहेण मुक्खो विणासेइ ॥ १ ॥ // ॐज्ळग.१५-१
3301,
3302,कुप्पाढएहि कुल्लेहएहि अत्थं अयाणमाणोहिं ।
3303,नयरि व्व छत्तभङ्गे लुञ्चपलुञ्चीकिया गाहा ॥ १ ॥ // ॐज्ळग.१६-१
3304,
3305,वाससएण वि बद्धा एक्का वि मणोहरा वरं गाहा ।
3306,लक्खणरहिया न उणो कोडी वि खणद्धमेत्तेण ॥ २ ॥ // ॐज्ळग.१६-२
3307,
3308,
3309,[प. २१७]
3310,गाहाहि को न हीरइ पियाण मित्ताण को न सम्भरइ ।
3311,दूमिज्जइ को न वि दूमिएण सुयणेण रयणेण ॥ १ ॥ // ॐज्ळग.१८-१
3312,
3313,[कव्ववज्जा]
3314,सरसा वि हु कव्वकहा परिओसं जणइ कस्स वि मणम्मि ।
3315,वियसन्ति न सयलतरू वरतरुणीचरणफासेण ॥ १ ॥ // ॐज्ळग.३१-१
3316,
3317,अणुसरइ मग्गलग्गं अज्ज वि कइमहुयराण रिञ्छोली ।
3318,ताण छिइल्लाण नमो पाइय कइगन्धहत्थीणं ॥ २ ॥ // ॐज्ळग.३१-२
3319,
3320,डज्झउ सक्कपकव्वं सक्कपकव्वं च निम्मियं जेण ।
3321,वंसहरम्मि पलित्ते तडयडतट्टत्तणं कुणइ ॥ ३ ॥ // ॐज्ळग.३१-३
3322,
3323,
3324,[प. २१८]
3325,पाइयकव्वुल्लावे पडिवयणं सक्कएण जो देइ ।
3326,सो कुसुमसत्थरं पत्थरेण दलिउं विणासेइ ॥ ४ ॥ // ॐज्ळग.३१-४
3327,
3328,छन्देण विणा कव्वं लक्खणरहियम्मि सक्कयालावं ।
3329,रूवं विणा मरट्ठो तिण्णि वि सोहं न पावन्ति ॥ ५ ॥ // ॐज्ळग.३१-५
3330,
3331,तं किं वुच्चइ कव्वं तेण कएणावि विणडिओ अप्पा ।
3332,एक्कसुय व्व कुडुम्बे हत्था हत्थे न जं भमइ ॥ ६ ॥ // ॐज्ळग.३१-६
3333,
3334,अइचम्पियं विणस्सइ दन्तच्छेएण होइ विच्छायं ।
3335,ढलहलयं चिय मुच्चइ पाइयकव्वं च पेम्मं च ॥ ७ ॥ // ॐज्ळग.३१-७
3336,
3337,
3338,[प. २१९]
3339,[सज्जणवज्जा]
3340,खुहइ न कडुयं जम्पइ लेइ न दोसे गुणे पसासेइ ।
3341,रूसन्ताण न रूसइ दक्खिण्णमहोयही सुयणो ॥ १ ॥ // ॐज्ळग.४८-१
3342,
3343,सुयणस्स होइ सुक्खं न तेत्तियं जेत्तियं दुहं होइ ।
3344,जं जं पिच्छह दुहियं तं तं अणुसोयमाणस्स ॥ २ ॥ // ॐज्ळग.४८-२
3345,
3346,होन्ति परकज्जणिरया नियकज्जपरंमुहा फुडं सुयणा ।
3347,चन्दो धवलेइ महिं न कलङ्कं अत्तणो फुसइ ॥ ३॥ // ॐज्ळग.४८-३
3348,
3349,सच्चुच्चरणा पडिवन्नपालणा गरुयभारणिव्वहणा ।
3350,धीरा पसन्नवयणा सुयणा चिरजीवणा होन्तु ॥ ४ ॥ // ॐज्ळग.४८-४
3351,
3352,
3353,[प. २२०]
3354,विहवक्खए वि सुयणो सेवइ रण्णं न जम्पए दीणं ।
3355,मरणे वि महग्घयरं विक्कए माणमाणिक्कं१ ॥ ५ ॥ // ॐज्ळग.४८-५
3356,
3357,[दुज्जणवज्जा]
3358,तं नत्थि घरं तं नत्थि देउलं राउलं पि तं नत्ति ।
3359,जत्थ अकारणकुविया दो तिन्नि खला न दीसन्ति ॥ १ ॥ // ॐज्ळग.६४-१
3360,
3361,खलसङ्गे परिचत्ते पेच्छह तिल्लेण जं फलं पत्तं ।
3362,मियणाहिसुरहिवासियपहुसीसं उवलहन्तेण ॥ २ ॥ // ॐज्ळग.६४-२
3363,
3364,धन्ना बहिरन्धलिया दो च्चिय जीवन्ति माणुसे लोए ।
3365,न सुणन्ति पिसुणवयणं खलस्स रिद्धी न पेच्छन्ति ॥ ३ ॥ // ॐज्ळग.६४-३
3366,
3367,
3368,[प. २२१]
3369,आरम्भ च्चिय चडुयारयाण निप्पन्नकज्जविमुहाणं ।
3370,मण्डलसुरयाण व दुज्जणाण मग्गो च्चिय अउव्वो१ ॥ ४ ॥ // ॐज्ळग.६४-४
3371,
3372,पयडियपयावगुणकित्तणेण लज्जन्ति जे महासत्ता ।
3373,इयरा पुण अलियपसंसणे वि अङ्गे न मायन्ति ॥ ५ ॥ // ॐज्ळग.६४-५
3374,
3375,[मित्तवज्जा]
3376,सुरसरिपूरं वडविडवितुङ्गिमा सुयणलोयपडिवन्नं ।
3377,पढमं चिय ते लहुया पच्छा जायन्ति गरुयाइं ॥ १ ॥ // ॐज्ळग.७२-१
3378,
3379,
3380,[प. २२२]
3381,अद्दिट्ठे रणरणओ दिट्ठे ईसा आदिट्ठए माणो ।
3382,दूरं गए वि दुक्खं पिए जणे सहि सुहं कत्तो१ ॥ २ ॥ // ॐज्ळग.७२-२
3383,
3384,अज्जाहं पुप्फवई तुमं पि रे चुम्बणसयण्हो ।
3385,तह चुम्ब जह न छिप्पसि भणिऊण समप्पिओ अहरो ॥ ३ ॥ // ॐज्ळग.७२-३
3386,
3387,हत्थे ठियं कवालं न मुयइ वराई खणं पि खट्टङ्गं ।
3388,सा निद्दय तुज्झ कए बाला कावालिणी जाया२ ॥ ४ ॥ // ॐज्ळग.७२-४
3389,
3390,कीरइ समुद्दतरणं पविसिज्जइ हुयवहम्मि पज्जलिए ।
3391,आयामिज्जइ मरणं नत्थि दुलन्धं सिमेहस्स ॥ ५ ॥ // ॐज्ळग.७२-५
3392,
3393,
3394,[प. २२३]
3395,मा जाणसि१ वीसरियं तुह मुहकमलं विदेसगमणम्मि ।
3396,सुन्नं भमइ करङ्कं जत्थ तुमं जीवियं तत्थ ॥ ६ ॥ // ॐज्ळग.७२-६
3397,
3398,रणरणइ घरं रणरणइ देउलं राउलं पि रणरणइ ।
3399,एक्केण विणा सुन्दरि रणरणइ ससायरा पुहवी ॥ ७ ॥ // ॐज्ळग.७२-७
3400,
3401,बहले तमन्धयारे विज्जुज्जोएण दीसए मग्गो ।
3402,अहिसारियाण नेहो अत्थि-अणत्थी पयासेइ ॥ ८ ॥ // ॐज्ळग.७२-८
3403,
3404,[नेहवज्जा]
3405,गुणवज्जिए वि नेहो अह नेहो होइ कस्स वि कहं पि२ ।
3406,मोत्तूण मणहरदुमे निम्बम्मि दिवायरो वसइ ॥ १ ॥ // ॐज्ळग.८०-१
3407,
3408,
3409,[प. २२४]
3410,दूरयरदेसपरिसण्ठियस्स पियसङ्गमं वहन्तस्स ।
3411,आसाबन्धो च्चिय माणुसस्स परिरक्खे जीयं१ ॥ २ ॥ // ॐज्ळग.८०-२
3412,
3413,एक्केण विणा पियमाणुसेण सब्भावणेहभरिएण ।
3414,जणसङ्कुला वि पुहवी अव्वो रण्णं व पडिभाइ२ ॥ ३ ॥ // ॐज्ळग.८०-३
3415,
3416,[नीइवज्जा]
3417,लवणसमो नत्थि रसो विन्नाणसमो य बन्धवो नत्थि ।
3418,धम्मसभो नन्थि निही कोहसमो वेरिओ नन्थि ॥ १ ॥ // ॐज्ळग.९०-१
3419,
3420,महिला जत्थ पहाणा डिम्भो राया निरक्खरो मन्ती ।
3421,अच्छउ ता धणारिद्धी जीयं रक्खउ पयत्तेण ॥ २ ॥ // ॐज्ळग.९०-२
3422,
3423,जस्स न गिण्हन्ति गुणा सुयणा गो़ट्ठीसु रममुहे सुहडा ।
3424,नियजणणिजोब्वणुल्लुरणेण जाएण किं तेण३ ॥ ३ ॥ // ॐज्ळग.९०-३
3425,
3426,
3427,[प. २२५]
3428,कुप्पुत्तेहि कुलाइं गामणगराइ पिसुणसीलेहिं ।
3429,नासन्ति कुमन्तीहिं नराहिवा सुट्ठु वि समिद्धा ॥ ४ ॥ // ॐज्ळग.९०-४
3430,
3431,नासइ वाएण तुसं नासइ गेयं जणस्स सद्देणं ।
3432,अगुणिज्जन्ती विज्जा नासइ भज्जा पवासेणं ॥ ५ ॥ // ॐज्ळग.९०-५
3433,
3434,कज्जं एव्व पमाणं कह व तुलग्गेण कज्जइत्ताणं ।
3435,जइ तं अवहेरिज्जइ पच्छा उण दुल्लहं होइ ॥ ६ ॥ // ॐज्ळग.९०-६
3436,
3437,मा होसु सुयग्गाही मा पत्तीय जं न दिट्ठ पच्चक्खं ।
3438,पच्चक्खे वि थ दिट्ठे जुत्ताजुत्तं वियारेह ॥ ७ ॥ // ॐज्ळग.९०-७
3439,
3440,धम्मो धणाण मूलं जाया मूलं सुहाण सयलाणं ।
3441,विणओ गुणाण मूलं दप्पो मूलं विणासस्स ॥ ८ ॥ // ॐज्ळग.९०-८
3442,
3443,
3444,[प. २२६]
3445,नासइ जूएण धणं नासेइ कुलं असीलवन्ताणं ।
3446,अइरूवेण वि महिला नासइ राया कुमन्तीहिं ॥ ९ ॥ // ॐज्ळग.९०-९
3447,
3448,जम्मन्तरं न गरुयं पुरिसस्स गुणगणग्गहणं ।
3449,मुत्ताहलं च गरुयं न हु गरुयं सिप्पिसंउडयं ॥ १० ॥१ // ॐज्ळग.९०-१०
3450,
3451,जं जाणइ भणउ जणो गुणाण विहवस्स अन्तरं गरुयं ।
3452,लब्भइ गुणेहि विहवो विहवेण गुणा न लब्भन्ति२ ॥ ११ ॥ // ॐज्ळग.९०-११
3453,
3454,१२) बुद्धी सच्चं मित्तं चरन्त नो महाकव्वं ( ? ) ।
3455,पुव्वं सव्वं पि सुहं पच्छा दुक्खेण निव्वहइ ॥ १२ ॥ // ॐज्ळग.९०
3456,
3457,किं वा गुणेहि कीरइ किं वा रूवेण किं च सीलेण ।
3458,धणविरहियाण सुन्दरि नराण को आयरं कुणइ३ ॥ १३ ॥ // ॐज्ळग.९०-१३
3459,
3460,ठाणं गुणेहि लब्भइ ता गुणगहणं अवस्स कायव्वं ।
3461,हारो वि गुणविहूणो न पावए तरुणिथणवट्टं ॥ १४ ॥४ // ॐज्ळग.९०-१४
3462,
3463,
3464,[प. २२७]
3465,देसे गामे नयरे रायपहे तियचउक्कमग्गे वा ।
3466,जस्स न वियरइ कित्ती धिरत्थु किं तेण जाएण१ ॥ १५ ॥ // ॐज्ळग.९०-१५
3467,
3468,[साहसवज्जा]
3469,विहवक्खए वि दाणं माणं वसणे वि धीरिमा मरणे ।
3470,कज्जसए वि अमोहो पसाहणं धीरपुरिसाणं ॥ १ ॥ // ॐज्ळग.११९-१
3471,
3472,"धीरा मया वि कज्जं निययं साहन्ति, पेच्छह हरस्स ।"
3473,दड्ढेण वि अवरद्धं अवहरियं कुसुमबाणेण ॥ २ ॥ // ॐज्ळग.११९-२
3474,
3475,जह जह वाएइ विही विसरिसकरणेहि निट्ठुरं पडहं ।
3476,धीरा पहसियवयणा नच्चन्ति य तह तह च्चेव ॥ ३ ॥ // ॐज्ळग.११९-३
3477,
3478,
3479,[प. २२८]
3480,"अप्पत्थियं न लब्भइ, पत्थिज्जन्तो वि कुप्पसि नरिन्द ।"
3481,हद्धी कहं सहिज्जइ कयन्तवसहिं गए सन्ते ॥ १ ॥ // ॐज्ळग.१६१-१
3482,
3483,[सुहडवज्जा]
3484,चिरयालसण्ठियाइं सामियजणियाइ माणदुक्खाएं ।
3485,रिउगयदसणप्पेल्लणविवरेहि भडस्स गलियाइं ॥ १ ॥ // ॐज्ळग.१७८-१
3486,
3487,कद्दमरुहिरविलित्तो रणङ्गणे नेय निवडिओ सुहडो ।
3488,अइसाहसेण भीओ इन्दो अमएण सिञ्चेइ ॥ २ ॥ // ॐज्ळग.१७८-२
3489,
3490,एक्कत्तो रुयइ पिया अन्नत्तो समरतूरणिग्घोसा ।
3491,पेम्मेण रणरसेण य भडस्स दोलाइयं हिययं ॥ ३ ॥ // ॐज्ळग.१७८-३
3492,
3493,
3494,[प. २२९]
3495,[गयवज्जा]
3496,सिद्धङ्गणाउरत्थलथणभरुच्छलन्तमन्थरतरङ्गं ।
3497,सुमरन्तो च्चिय मरिहिसि गइन्द रे नम्मयाणीरं ॥ १ ॥ // ॐज्ळग.१९९-१
3498,
3499,दन्तुल्लिहणं सव्वङ्गमज्जणं हत्थचल्लणायासं ।
3500,पोढगइन्दाण मयं पुणो वि जइ नम्मया सहइ ॥ २ ॥ // ॐज्ळग.१९९-२
3501,
3502,सयलजणपिच्छणिज्जो जो अप्पा आसि सो तए मूढ ।
3503,केसरिभएण भज्जन्त अज्ज लहुयत्तणं पत्तो ॥ ३ ॥ // ॐज्ळग.१९९-३
3504,
3505,
3506,[प. २३०]
3507,सरला मुहे न जीहा थोवो हत्थो मउब्भडा दिट्ठी ।
3508,रे रयणकोडिगव्विर गइन्द न हु सेवणिज्जो सि ॥ ४ ॥ // ॐज्ळग.१९९-४
3509,
3510,कुञ्जर मइन्ददंसणविमुक्कपुक्कारमयपसङ्गेण ।
3511,न हु नवरि तए अप्पा वि सो वि लहुयत्तणं पत्तो ॥ ५ ॥ // ॐज्ळग.१९९-५
3512,
3513,[वाहवज्जा]
3514,ओ सुयइ विल्लरव्विल्ललुलियधम्मिल्लकुन्तलकलावो ।
3515,अन्नत्थ वच्च वाणिय अम्हं मुत्ताहलं कत्तो ॥ १ ॥ // ॐज्ळग.२१४-१
3516,
3517,इन्तीइ कुलहराओ नायं वाहीइ भत्तुणो मरणं ।
3518,गयमयकवोलणिहसणमलमइलकरञ्जसाहाहिं ॥ २ ॥ // ॐज्ळग.२१४-२
3519,
3520,
3521,[प. २३१]
3522,न तहा पइमरणे वि हु रुण्णं वाहीइ निब्भरक्कण्ठं ।
3523,जह पल्लिसमासन्ने गइन्दगलगज्जियं सोउं ॥ ३ ॥ // ॐज्ळग.२१४-३
3524,
3525,पल्लिपएसे पज्जूसणिग्गयं लुलियकुन्तलकलावं ।
3526,दट्ठूण वाहवन्दं दन्तक्कइया नियत्तन्ति ॥ ४ ॥ // ॐज्ळग.२१४-४
3527,
3528,अच्छउ ता करिवहणं तुह तणुओ धणुहरं समुल्लिहइ ।
3529,थोरथिरथणहराणं किं अम्ह माहप्पं ॥ ५ ॥ // ॐज्ळग.२१४-५
3530,
3531,
3532,[प. २३२]
3533,दे जं पि तं पि अहिलससु पल्लवं मा कहिं पि१ रे करह ।
3534,उड्ढमुहदीहसासो वल्लि सरन्तो विवज्जिहिसि ॥ १ ॥ // ॐज्ळग.२२६-१
3535,
3536,कह वि तुलग्गावडियं महुपडलं चक्खिऊण मा खिज्ज ।
3537,हियइच्छियाइ कत्तो अणुदियहं करह लब्भन्ति ॥ २ ॥ // ॐज्ळग.२२६-२
3538,
3539,नीसससि रुयसि खिज्जसि जूरसि चिन्तेसि भमसि उब्बिम्बो ।
3540,सा मरणस्स कए णं करह तए चक्खिया वल्ली ॥ ३ ॥ // ॐज्ळग.२२६-३
3541,
3542,[इन्दिन्दिरवज्जा]
3543,मोत्तूण वियडकेसरमयरन्दुद्दामसुरहिसयवत्तं ।
3544,जं महइ महुयरो पाडलाइ तं केण व गुणेण ॥ १ ॥ // ॐज्ळग.२५२-१
3545,
3546,
3547,[प. २३३]
3548,तं किं पि पएसं पङ्कयस्स भमिऊण छप्पओ छिवइ ।
3549,नलिणीण जेण कड्ढइ आमूलगयं पि मयरन्दं ॥ २ ॥ // ॐज्ळग.२५२-२
3550,
3551,इन्दिन्दिर मा खिज्जसु दे निलसु कहिं पि मालईविरहे ।
3552,हियइच्छियाइ न हु सम्पडन्ति दिव्वे पराहुत्ते१ ॥ ३ ॥ // ॐज्ळग.२५२-३
3553,
3554,बहुगन्धलुद्ध महुयर कमलउडणिरुद्ध खिज्जसे कीस ।
3555,अहवा वसणासत्ता अन्ने वि सुहं न पावन्ति ॥ ४ ॥ // ॐज्ळग.२५२-४
3556,
3557,[हंसवज्जा]
3558,"वच्चिहिसि तुमं पाविहिसि सरवरं रायहंस, किं चोज्जं ।"
3559,माणससरसारिक्खं पुहवि भमन्तो न पाविहिसि ॥ १ ॥ // ॐज्ळग.२६३-१
3560,
3561,
3562,[प. २३४]
3563,माणससरोरुहाणं मा सायं सरसु रे हंस ।
3564,कज्जाइ दिव्ववससण्ठियाइ दुक्खेहि लब्भन्ति ॥ २ ॥ // ॐज्ळग.२६३-२
3565,
3566,हंसेहि समं जह रमइ कमलिणी तह य महुयरेणावि ।
3567,सियकसिणणिव्विसेसाइ होन्ति महिलाण हिययाइं ॥ ३ ॥ // ॐज्ळग.२६३-३
3568,
3569,विउलं पि जलं जलरङ्कुएहि तह कलुसियं हयासेहिं ।
3570,जह अवसरवडियाण वि न हु नियलं रायहंसाणं ॥ ४ ॥ // ॐज्ळग.२६३-४
3571,
3572,[छइल्लवज्जा]
3573,अक्खण्डियउवयारा पुव्वाभावे अभिन्नमुहराया ।
3574,सिढिलन्ता वि सिणेहं छेया दुक्खेहि नज्जन्ति ॥ १ ॥ // ॐज्ळग.२८४-१
3575,
3576,ताव च्चिय ढलहलया जाव च्चिय नेहपूरियसरीरा ।
3577,छेया नेहविहूणा तिलसच्छाया खला हुन्ति ॥ २ ॥ // ॐज्ळग.२८४-२
3578,
3579,
3580,[प. २३५]
3581,वङ्कभणियाइ कत्तो कत्तो अद्धच्छिपेच्छियव्वाइं ।
3582,ऊससियं पि मुणिज्जइ छइल्लजणसङ्कुले गामे ॥ ३ ॥ // ॐज्ळग.२८४-३
3583,
3584,अणुणयकुसलं परिहासपेसलं लडहवाणिसोहिल्लं ।
3585,आलाव च्चिय छेयाण कम्मणं किं च मूलीहिं ॥ ४ ॥ // ॐज्ळग.२८४-४
3586,
3587,ते धन्ना ताण नमो ते कुसला ताण वम्महपसाओ ।
3588,जे बालतरुणिपरिणयवयाहि हियए धरिज्जन्ति ॥ ५ ॥ // ॐज्ळग.२८४-५
3589,
3590,वङ्कं ताण न कीरइ किं कज्जं जस्स ते वि याणन्ति ।
3591,सब्भावेण य छेया पुत्ति देव व्व घेप्पन्ति ॥ ६ ॥ // ॐज्ळग.२८४-६
3592,
3593,
3594,[प. २३६]
3595,दिन्ना पुणो वि दिज्जउ रेहा छेयत्तणम्मि कण्हस्स ।
3596,जो रमइ गोविसत्थं हिययणिहित्ताइ लच्छीए ॥ ७ ॥ // ॐज्ळग.२८४-७
3597,
3598,हियए जं च निहित्तं तं पि हु जाणन्ति बुद्धीए ।
3599,मा पुत्ति वङ्कबन्धं जम्पसि पुरओ छइल्लाणं ॥ ८ ॥१ // ॐज्ळग.२८४-८
3600,
3601,[नयणवज्जा]
3602,धणु सन्धइ भुयवलयं२ आयड्ढइ नयणबाण कण्णन्ता ।
3603,विन्धइ मणं न जीयं अउव्वधाणुक्किणी बाला ॥ १ ॥ // ॐज्ळग.३००-१
3604,
3605,पामरवहुयाइ सवम्महाण नयणाण रक्खसाणं व ।
3606,सासङ्को भमइ जणो जोयइ मग्गं पुलोयन्तो ॥ २ ॥ // ॐज्ळग.३००-२
3607,
3608,
3609,[प. २३७]
3610,अज्जं वि य तेण विणा इमीइ एयाइ कसिणधवलाइं ।
3611,जच्चन्धगोरुयाइ व दिसासु घोलन्ति नयणाइं ॥ ३ ॥२ // ॐज्ळग.३००-३
3612,
3613,सियकसिणदीहरुज्जलपम्हलघोलन्ततारणयणाणं ।
3614,तरुणाण मा हु हयविहि दिट्ठीपसरं पि भञ्जिहिसि ॥ ४ ॥ // ॐज्ळग.३००-४
3615,
3616,रत्तं रत्तेहि सियं सिएहि कसिणं कुणन्ति कसिणेहिं ।
3617,सियकसिणच्छीहि तए मयच्छि रत्तो जणो चोज्जं ॥ ५ ॥ // ॐज्ळग.३००-५
3618,
3619,
3620,[प. २३८]
3621,गाढयरचुम्बणुप्फुसियबहलणीलञ्जणाइ रेहन्ति ।
3622,बप्फभ्भिन्तरपसरियगलन्तबाहाहि अच्छीइं ॥ ६ ॥ // ॐज्ळग.३००-६
3623,
3624,न मए रुण्णं न कयममङ्गलं होन्तु सयलसिद्धीओ ।
3625,विरहग्गिधूमकडुयावियाइ पगलन्ति नयणाइं ॥ ७ ॥१ // ॐज्ळग.३००-७
3626,
3627,[थणवज्जा]
3628,नहकुन्तग्गयभिन्ना हारावलिसुत्तमण्डलग्गठिया ।
3629,रेहन्ति सुरयरज्जाहिसेयकलस व्व से थणया ॥ १ ॥ // ॐज्ळग.३१२-१
3630,
3631,सो तण्हाइयपहिय व्व दूमिओ तीइ दिट्ठमेत्तेहिं ।
3632,पन्थपवाकलसेहि व थणेहि उम्मन्थियमुहेहिं ॥ २ ॥ // ॐज्ळग.३१२-२
3633,
3634,
3635,[प. २३९]
3636,थणकणयकलसजुयलं रोमावलिलोहसङ्कलाबद्धं ।
3637,कस्स कए णं बाला रयणणिहाणं समुव्वहइ ॥ ३ ॥ // ॐज्ळग.३१२-३
3638,
3639,अणुरायरयणभरियं कञ्चणकलसम्मि१ तरुणिथणजुयलं ।
3640,ता किं मुहम्मि कालं मसिमुद्दा मयणरायस्स ॥ ४ ॥ // ॐज्ळग.३१२-४
3641,
3642,ठाणच्चुयाण सुन्दरि मण्डलरहियाण विहवचत्ताणं ।
3643,थणयाण सुपुरिसाण य को हत्थं देइ पडियाणं ॥ ५ ॥२ // ॐज्ळग.३१२-५
3644,
3645,नहकुन्तग्गयभिन्ना समुहागयकुम्भपीलणसमत्था ।
3646,थणया निव्वूढभरा भडु व्व पडिया वि सोहन्ति ॥ ६ ॥ // ॐज्ळग.३१२-६
3647,
3648,
3649,[प. २४०]
3650,आसन्नपडणभयभीरुएहि जमलेहि सामलमुहेहिं ।
3651,दुद्धंसुएहि रुण्णं थणेहि ठाणं मुयन्तेहिं । // ॐज्ळग.३१२-७
3652,
3653,अलिया खल व्व कु़डिला मज्झंसे किविणदाणसारिच्छा ।
3654,थणया उन्नयचिन्तिय न तीइ हियए न मायन्ति ॥ ८ ॥१ // ॐज्ळग.३१२-८
3655,
3656,थणहारं तीइ समुन्नयं पि दटूठूण तारिसं पडियं ।
3657,मा कुणउ को वि गव्वं एत्थ असारम्मि संसारे ॥ ९ ॥२ // ॐज्ळग.३१२-९
3658,
3659,
3660,[प. २४१]
3661,उच्चट्ठाणा वि सुसङ्गया वि सम्पुण्णया वि तुह थणया ।
3662,तरुणमणरयणसारं हरन्ति जं तं महच्छरियं ॥ १० ॥ // ॐज्ळग.३१२-१०
3663,
3664,ठाणयरेहिं एहिं अहोमुहेहिं अणवरयपोढेहिं ।
3665,सिहिणेहि नरिन्देहि व किं किज्जइ पयविमुक्केहिं ॥ ११ ॥ // ॐज्ळग.३१२-११
3666,
3667,[लावण्णवज्जा]
3668,इह तिवलिरमणे/?/ इह वयणकमले/?/ इह कढिणविउलथणवट्टे ।
3669,अज्झाए लावण्णं फलियं पिव ढुङ्गढुङ्गेहिं ॥ १ ॥ // ॐज्ळग.३१८-१
3670,
3671,अन्नन्ना मेहलया अन्नन्नो कञ्चुओ नववहूए ।
3672,परिहेउं न समप्पइ समारुहन्तम्मि तारुण्णे ॥ २ ॥ // ॐज्ळग.३१८-२
3673,
3674,
3675,[प. २४२]
3676,अन्तोकढन्त मयणग्गितावियं वहइ कणयकन्तिल्लं ।
3677,बालाए लावण्णं उप्फिणियं थणभरमिसेण ॥ ३ ॥ // ॐज्ळग.३१८-३
3678,
3679,सहस त्ति जं न भज्जइ थणहरभारेण मज्झतणुयङ्गी ।
3680,भञ्जणभएण विहिणा दिन्नो रोमावलीखभो ॥ ४ ॥ // ॐज्ळग.३१८-४
3681,
3682,बालाकवोललावण्णणिज्जिओ चन्द खिज्जसे कीस ।
3683,अह माणो न हु कीरउ बहुरयणविभूसिया पुहवी ॥ ५ ॥ // ॐज्ळग.३१८-५
3684,
3685,बाला लावण्णणिही नवल्लवल्लि व्व माउलिङ्गस्स ।
3686,चिञ्चि व्व दूरपक्का करेइ लालाउयं हिययं ॥ ६ ॥ // ॐज्ळग.३१८-६
3687,
3688,
3689,[प. २४३]
3690,[सुरयवज्ज]
3691,अन्नोन्नणेहणिज्झर/?/विइण्णहिययाण अलियकुवियाणं ।
3692,पत्तियजणाण सुरए जं सोक्खं तं फुडं अमयं ॥ १ ॥ // ॐज्ळग.३२८-१
3693,
3694,सुरयावसाणसमए मउलियणयणाणणा य बिम्बोट्ठी ।
3695,अलहन्ती सुरयसुहं पासत्थमुही पियं भणइ ॥ २ ॥ // ॐज्ळग.३२८-२
3696,
3697,सुरयप्पसुत्त कोवण अप्पम्भर मा हु रे निवज्जिहिसि ।
3698,कयकज्ज किं न याणसि असमत्तरयाण जं दुक्खं ॥ ३ ॥ // ॐज्ळग.३२८-३
3699,
3700,चलवलयमेहलरवं कलकलिरमणोहरं च सोऊण ।
3701,ईसा रोसो महिलत्तणं च मुक्कं सवत्तीहिं ॥ ४ ॥ // ॐज्ळग.३२८-४
3702,
3703,
3704,[प. २४४]
3705,बाला असमत्तरया रयावसाणम्मि पहरिसी भणइ ।
3706,"किं सुयसि नाह, हं १सुयमि, किं नु पज्जत्तकज्जो सि ॥ ५ ॥ // ॐज्ळग.३२८-५"
3707,
3708,[पॆम्मवज्जा]
3709,पढमारम्भमणहरं घणलग्गं माणरायरमणिज्जं ।
3710,पेम्मं सुरिन्दचावं व चञ्चलं झत्ति वोलेइ ॥ १ ॥ // ॐज्ळग.३४९-१
3711,
3712,खणभङ्गुरेण विसमेण हारिणा दुण्णिवारपसरेण ।
3713,अणवट्ठियसब्भावेण सव्वहा होउ पेम्मेण ॥ २ ॥ // ॐज्ळग.३४९-२
3714,
3715,
3716,[प. २४५]
3717,जइ देव मह पसन्नो मा जम्मं देहि माणुसे लोए ।
3718,"अह जम्मं मा पेम्मं, अह पेम्मं मा विओयं च ॥ ३ ॥ // ॐज्ळग.३४९-३"
3719,
3720,अन्नं तं सयदलियं पि मिलइ रसगोलिय व्व जं पेम्मं ।
3721,अम्हं मयच्छि मुत्ताहलं व फुट्टं न सङ्घडइ ॥ ४ ॥ // ॐज्ळग.३४९-४
3722,
3723,दढणेहणालपसरियसब्भावदलस्स रइसुयन्धस्स ।
3724,पेम्मुप्पलस्स मुद्धे माणतुसारो च्चिय विणासो ॥ ५ ॥१ // ॐज्ळग.३४९-५
3725,
3726,अव्वो जाणामि अहं पेम्मं च इवेइ लोयमज्झम्मि ।
3727,थिरआसाए रइयं न पीडियं नवरि दिव्वेण ॥ ६ ॥२ // ॐज्ळग.३४९-६
3728,
3729,
3730,[प. २४६]
3731,जा न चलइ ता अमयं चलियं पेम्मं विसं विसेसेइ ।
3732,दिट्ठं सुयं व कत्थ वि मयच्छि विसगब्भिणं अमयं ॥ ७ ॥ // ॐज्ळग.३४९-७
3733,
3734,भग्गं न जाइ घडिउं दुज्जणहिययं कुलालभण्डं व ।
3735,सयखण्डं पि घडिज्जइ कञ्चणकलसो सुयणचित्तं ॥ ८ ॥ // ॐज्ळग.३४९-८
3736,
3737,भग्गं पुणो घडिज्जइ कणयं कङ्कणयणेउरं नयरं ।
3738,पुण भग्गं न घडिज्जइ पेम्मं मुत्ताहलं जच्चं ॥ ९ ॥ // ॐज्ळग.३४९-९
3739,
3740,सो को वि न दीसइ सामलङ्गि जो घडइ विघडियं पेम्मं ।
3741,घडकप्परं च भग्गं न एइ तेहिं चिय सलेहिं ॥ १० ॥१ // ॐज्ळग.३४९-१०
3742,
3743,
3744,[प. २४७]
3745,[माणवज्जा]
3746,दन्ते तिणाइ कण्ठे कुवारयं सुन्दरं च तुह एयं ।
3747,माणमडप्फरणडिए तुह माणो केण निद्दिट्ठो ॥ १ ॥ // ॐज्ळग.३६४-१
3748,
3749,एमेव कह वि मा णंसिणीइ तह महमहाविओ माणो ।
3750,जह खेमकुसलसम्भासभेत्त सो पिओ जाओ ॥ २ ॥ // ॐज्ळग.३६४-२
3751,
3752,[पवसियवज्जा]
3753,वासारत्ते पावासियाण विरहग्गितावतवियाणं ।
3754,अङ्गेसु लग्गमाणो पढमासारो छमच्छमइ ॥ १ ॥ // ॐज्ळग.३७३-१
3755,
3756,[विरहवज्जा]
3757,जेहिं सोहग्गणिही दिट्ठो नयणेहि ते च्चिय रुयन्तु ।
3758,अङ्गाइ अपावियसङ्गमाइ ता कीस खिज्जन्ति ॥ १ ॥ // ॐज्ळग.३८९-१
3759,
3760,
3761,[प. २४८]
3762,तुह सुरयपवरतरुपल्लवग्गकवलाण लद्धमाहप्पो ।
3763,मह मणकरहो मुद्धे दक्खाकबलं पि परिहरइ ॥ २ ॥ // ॐज्ळग.३८९-२
3764,
3765,विरहग्गिजलणजालाकरालियं कुवलयच्छि मह अङ्गं ।
3766,तुह रमणमहाणइपाणिएण मुद्धे पविज्झाहि ॥ ३ ॥ // ॐज्ळग.३८९-३
3767,
3768,रेहइ पियपडिरुम्भण१ पसारियं सुरयमन्दिरद्दारे ।
3769,हेलाहल्लावियथोरथणहरं भुयलयाजुयलं ॥ ४ ॥ // ॐज्ळग.३८९-४
3770,
3771,ता जाइ ता नियत्तइ ठाणं गन्तूण झत्ति वाहुडइ ।
3772,पियविरहो घोडा विग्गहो व्व हियए न सण्ठाइ ॥ ५ ॥ // ॐज्ळग.३८९-५
3773,
3774,
3775,[प. २४९]
3776,न जलन्ति न धगधगन्ति न सिमसिमन्ति न मुयन्ति धूमवत्तीओ ।
3777,अङ्गाइ अणङ्गपरव्वसाइ एमेव डज्झन्ति ॥ ६ ॥ // ॐज्ळग.३८९-६
3778,
3779,वड्ढसि विरहे हस्ससि समागमे हा निसे निसंसा सि ।
3780,भद्दे तुमं पि महिला तह वि हु दुक्खं न याणासि ॥ ७ ॥ // ॐज्ळग.३८९-७
3781,
3782,[अणङ्गवज्जा]
3783,ता किं करेमि माए निज्जियरूवस्स कामदेवस्स ।
3784,दड्ढं पि डहइ अङ्गं निद्धूमो सङ्खचुण्णु व्व ॥ १ ॥ // ॐज्ळग.३९७-१
3785,
3786,
3787,[प. २५०]
3788,हारेण मामि कुसुमच्छडायलुप्पन्नचिच्चिणा दड्ढो ।
3789,वम्मीसणो न मन्नइ उलूविओ तेण मं डहइ ॥ २ ॥ // ॐज्ळग.३९७-२
3790,
3791,[पियाणुरायवज्जा]
3792,जे के वि रसा दिट्ठीउ जाउ जे भरहभाविया भावा ।
3793,ते नच्चिज्जन्ति अणच्चिया वि सहसा पिए दिट्ठे ॥ १ ॥ // ॐज्ळग.४१२-१
3794,
3795,सो कत्थ गओ सो सुयणवल्लहो सो सुहासियसमुद्दो ।
3796,सो मयणग्गिविणासो जो सो सोसेइ मह हिययं१ ॥ २ ॥ // ॐज्ळग.४१२-२
3797,
3798,सो मासो तं पि दिणं सा राई सव्वलक्खणसउण्णा ।
3799,अमयं व तं मुहुत्तं जत्थ पिओ झत्ति दीसिहिइ२ ॥ ३ ॥ // ॐज्ळग.४१२-३
3800,
3801,
3802,[प. २५१]
3803,हिययट्ठिओ वि पिओ तह वि हु नयणाण होइ दुप्पेच्छो ।
3804,पेच्छह विहिणा न कया मह उयरे जालयगवक्खा ॥ ४ ॥१ // ॐज्ळग.४१२-४
3805,
3806,होही तं किं पि दिणं जत्थ पिओ बाहुपञ्जरणिबद्धो ।
3807,वित्ते सुरयपसङ्गे पुच्छिहिइ पवासदुक्खाइं२ ॥ ५ ॥ // ॐज्ळग.४१२-५
3808,
3809,"दिन्नं गेण्हइ, अप्पेइ पत्थियं, असइ, भोयणं देइ ।"
3810,अक्खइ गुज्झं पुच्छेइ पडिवयं जाण तं रत्तं ॥ ६ ॥ // ॐज्ळग.४१२-६
3811,
3812,[दूईवज्जा]
3813,अहवा तुज्झ न दोसो तस्स उ रूवस्स हियकिलेसस्स ।
3814,अज्जावि न प्पसीयइ ईसायन्ति व्व गिरितणया३ ॥ १ ॥ // ॐज्ळग.४२१-१
3815,
3816,
3817,[प. २५२]
3818,कस्स कहिज्जन्ति फुडं दूहविणट्ठाइ सहि कज्जाइं ।
3819,अहवा लोयपसिद्धं न फलन्ति समक्कडारामा ॥ २ ॥ // ॐज्ळग.४२१-२
3820,
3821,[ओलुग्गावियावज्जा]
3822,सा दियहं चिय पेच्छइ नयणा पडियाइ दप्पणतलम्मि ।
3823,एएहि तुमं दिट्ठो सि सुहय दोहिं पि अच्छीहिं ॥ १ ॥ // ॐज्ळग.४३८-१
3824,
3825,"दुक्खेहि वि तुह विरहे बालय दुक्खं ठियं, अह च्चाए ।"
3826,अंसूजलेहि रूण्णं नीसासेहिं पि नीससियं ॥ २ ॥ // ॐज्ळग.४३८-२
3827,
3828,बालय नाहं दूई तीइ पिओ सि त्ति नम्ह वावारो ।
3829,सा मरइ तुज्झ अअसो त्ति तेण धम्मक्खरं भणिमो१ ॥ ३ ॥ // ॐज्ळग.४३८-३
3830,
3831,
3832,[प. २५३]
3833,सा सुहय सामलङ्गी जा सा नीसाससोसियसरीरा ।
3834,आसासिज्जइ१ सहसा जाव न सासा समप्पन्ति२ ॥ ४ ॥ // ॐज्ळग.४३८-४
3835,
3836,परपुरपवेसविन्नाणलाहवं सुहय सिक्खियं कत्थ ।
3837,जेण पविट्ठो हियए पढम च्चिय दंसणे मज्झ ॥ ५ ॥ // ॐज्ळग.४३८-५
3838,
3839,[पन्थियवज्जा]
3840,उद्धच्छो पियइ जलं जह जह विरलङ्गुली चिरं पहिओ ।
3841,पावालिया वि तह तह धारं तणुयं पि तणुएइ ॥ १ ॥ // ॐज्ळग.४४५-१
3842,
3843,
3844,[प. २५४]
3845,अहिणवगज्जियसद्दं मोराण य कलयलं निसामन्तो ।
3846,"मा पवस धिट्ठ पन्थिय, मरिहिसि, किं ते पउत्थेण ॥ २ ॥ // ॐज्ळग.४४५-२"
3847,
3848,वासारत्ते वाउद्धुएण वासं विमग्गमाणेण ।
3849,पहिएण पहियघरिणो रुयाविया थरहरन्तेण ॥ ३ ॥ // ॐज्ळग.४४५-३
3850,
3851,सिहिरडियं घणरडियं दूरं पि घरं घणत्थणं रमणिं ।
3852,सम्भरिऊण सएसं पहिएण घणग्घणं रूण्णं ॥ ४ ॥ // ॐज्ळग.४४५-४
3853,
3854,तइ वोलन्ते बालय तिस्सा वलियाइ तह नु अङ्गाइं ।
3855,जह पट्ठिमज्झणिवडन्तवाहधारा व दीसन्ति ॥ ५ ॥ // ॐज्ळग.४४५-५
3856,
3857,
3858,[प. २५५]
3859,[धन्नवज्जा]
3860,इय तरुणितरुणसम्भरणकारणं तुरगतरणरणुच्छलियं ।
3861,रइयं इय वरकुलयं पाइयसीलेण लीलेण ॥ १ ॥ // ॐज्ळग.४४९-१
3862,
3863,[हिययसंवरणवज्जा]
3864,हे हियय अव्ववट्ठिय अगणिज्जन्तो वि तं जणं महसि ।
3865,कन्दु व्व सिलावडियं अलद्धपसरं नियत्तिहिसि ॥ १ ॥ // ॐज्ळग.४५४-१
3866,
3867,सातम्मि हियय दुलहम्मि माणुसे अलियसङ्गमासाए ।
3868,हरिण व्व मूढ मयतण्हियाइ दूरं हरिज्जिहिसि ॥ २ ॥ // ॐज्ळग.४५४-२
3869,
3870,
3871,[प. २५६]
3872,"नयणाइ नयन्ति नयन्तु, हियय को एत्थ तुज्झ वावारो ।"
3873,होहिन्ति इमाइ तडे तुह पडिहिइ वम्महचडक्का ॥ ३ ॥ // ॐज्ळग.४५४-३
3874,
3875,"नयणाइ फुससु मा रुयसु अणुदिणं, मुयसु तस्स अणुबन्धं ।"
3876,गाइज्जइ किं मरिऊण पञ्चमं मुद्ध हरिणच्छि ॥ ४ ॥ // ॐज्ळग.४५४-४
3877,
3878,इन्दीवरच्छि सयवारवारिया कीस तं जणं महसि ।
3879,जइ कणयमयच्छुरिया ता किं घाइज्जए अप्पा ॥ ५ ॥ // ॐज्ळग.४५४-५
3880,
3881,[सुघरिणीवज्जा]
3882,परघरगमणालसिणी परपुरिसविलोयणे य जच्चन्धा ।
3883,"परआलावे बहिरा घरस्स लच्छी, न सा घरिणी ॥ १ ॥ // ॐज्ळग.४६२-१"
3884,
3885,
3886,[प. २५७]
3887,"अज्जेव पियपवासो, असई दूरे, विडम्बए मयणो ।"
3888,चरणुग्गओ वि अग्गी कया वि सीसं समारुहइ ॥ २ ॥ // ॐज्ळग.४६२-२
3889,
3890,[सईवज्जा]
3891,भद्दं कुलङ्गणाणं जासिं मणकमलकोसमणुपत्तो ।
3892,मयणभमरो वराओ वच्चइ निहणं तहिं चेव ॥ १ ॥ // ॐज्ळग.४७१-१
3893,
3894,सकुलकलङ्कं नियकन्तवञ्चणं अजसपडहणिग्घोसो ।
3895,सरिसवमेत्ते च सुहे को दूइ विडम्बए अप्पं ॥ २ ॥ // ॐज्ळग.४७२-२
3896,
3897,
3898,[प. २५८]
3899,[असईवज्जा]
3900,जेण समं सम्बन्धो गिण्हह नामं पुणो पुणो तस्स ।
3901,पुच्छेइ मित्तवग्गं भण्णइ एवंविहा रत्ता ॥ १ ॥ // ॐज्ळग.४९६-१
3902,
3903,असई असमत्तरया सयडं दटठूण गाममज्झम्मि ।
3904,धन्ना हु चक्कणाही निच्चं अक्खो हिओ जिस्सा ॥ २ ॥ // ॐज्ळग.४९६-२
3905,
3906,डिम्भत्तणभ्मि डिम्भेहि रामिया जोव्वणे जुवाणेहिं ।
3907,थेरी वि गयवएहिं मया वि असई पिसाएहिं ॥ ३ ॥ // ॐज्ळग.४९६-३
3908,
3909,भयवं हुयास एक्कम्ह दुक्कयं खमसु जं पई रमिओ ।
3910,निहणइ पावं जाराणुमरणकयणिच्छया असई ॥ ४ ॥ // ॐज्ळग.४९६-४
3911,
3912,
3913,[प. २५९]
3914,सङ्केयकुडङ्गोड्डीणसउणकोलाहलं सुणन्तीए ।
3915,घरकम्मवावडाए वहूइ खिज्जन्ति अङ्गाइं१ ॥ ५ ॥ // ॐज्ळग.४९६-५
3916,
3917,जारठ्ठविणिम्मियमेहलावलिं जा न बन्धइ निवम्बे ।
3918,ताव च्चिय नवकामालिणीइ रमणं व पज्झरियं ॥ ६ ॥ // ॐज्ळग.४९६-६
3919,
3920,जारमसाणसमुब्भवभूईसुहफंससिज्जिरङ्गीए ।
3921,न समप्पइ नवकामालिणीइ उद्धूलणारम्भो ॥ ७ ॥ // ॐज्ळग.४९६-७
3922,
3923,बहले तमन्धयारे रमियपमुक्काण सासुसुण्हाणं ।
3924,समयं चिय अब्भिडिया दोण्हं पि सरद्दहे हत्था ॥ ८ ॥ // ॐज्ळग.४९६-८
3925,
3926,
3927,[प. २६०]
3928,"सम्पत्तिया वि खज्जइ पत्तच्छेयभ्मि, माभि को दोसो ।"
3929,निययवई वि रमिज्जइ परपुरिसविवज्जिए गामे ॥ ९ ॥ // ॐज्ळग.४९६-९
3930,
3931,रच्छातुलग्गवडिओ नालत्तो जं जणस्स भीयाए ।
3932,सो चेय विरहडाहो अज्ज वि हियए छमच्छमइ ॥ १० ॥ // ॐज्ळग.४९६-१०
3933,
3934,अच्छीहि तेण भणियं मए वि हियएण तस्स पडिवन्नं ।
3935,जा पत्तियं पि जायं घुणहुणियं ता हयग्गामे ॥ ११ ॥ // ॐज्ळग.४९६-११
3936,
3937,सिञ्चन्तो वि मियङ्को जोण्हासलिलेण पङ्कयवणाइं ।
3938,"तह वि अणिट्ठयरो च्चिय, सकलङ्को कस्स पडिहाइ ॥ १२ ॥ // ॐज्ळग.४९६-१२"
3939,
3940,
3941,[प. २६१]
3942,अत्ता जाणइ सुण्हं सुण्हा जाणेइ अत्तचरियाइं ।
3943,वच्चउ सुहेण कालो मा फुट्टउ बिल्ल बिल्लेण ॥ १३ ॥ // ॐज्ळग.४९६-१३
3944,
3945,पढमं चिय मह रेहा असईमज्झम्मि उब्भिओ हत्थो ।
3946,सरणामि तुज्झ पाया सुरसरि दूयत्तणं कुणइ ॥ १४ ॥ // ॐज्ळग.४९६-१४
3947,
3948,[जोइसियवज्जा]
3949,सीसेण कह न कीरइ निउम्बणं मामि तस्स गणयस्स ।
3950,असमत्तसुक्कसङ्कमणवेयणाजेण मह मुणिया ॥ १ ॥ // ॐज्ळग.५०७-१
3951,
3952,
3953,[प. २६२]
3954,[धम्मियवज्जा]
3955,धुत्तीरएण धम्मिय जो होइ चडाविएण एक्केण ।
3956,सो कुरयाण सएण वि न होइ लिङ्गस्स परिओसो ॥ १ ॥ // ॐज्ळग.५३२-१
3957,
3958,धम्मिय धम्मो सुव्वइ दाणेण तवेण तित्थजत्ताए ।
3959,तरुणतरुपल्लवुल्लूरणेण धम्मो कहिं दिट्ठो ॥ २ ॥ // ॐज्ळग.५३२-२
3960,
3961,[बालासंवरणवज्जा]
3962,तोलिज्जन्ति न केण वि सव्वङ्गायारगोवणसमत्था ।
3963,अन्नं उण हिययतुलाइ दिट्ठं चिय तुलन्ति ॥ १ ॥ // ॐज्ळग.५५१-१
3964,
3965,[कुट्टिणीसिक्खावज्जा]
3966,पज्झरणं रोमञ्चो वयणे सच्चं सया महादिट्ठी ।
3967,एयं पुणो वि सिक्खसु मुद्धे अत्थक्कविन्नाणं ॥ १ ॥ // ॐज्ळग.५५९-१
3968,
3969,
3970,[प. २६३]
3971,करफंसमलणचुम्बणपीलणणिहणाइ हरिसवयणेहिं ।
3972,अत्ता मायन्दणिहीण किं पि कुमरीउ सिक्खवइ ॥ २ ॥ // ॐज्ळग.५५९-२
3973,
3974,[वेसावज्जा]
3975,अमुणियजम्मुप्पत्ती सव्वगया बहुभुयङ्गपरिमलिया ।
3976,मयणविणासणसीला हरो व्व वेसा सुहं देउ ॥ १ ॥ // ॐज्ळग.५७८-१
3977,
3978,सव्वङ्गरागरत्तं दंसइ कणवीरकुसुमसारिच्छं ।
3979,गब्भे कह वि न रत्तं वेसाहिययं तह च्चेव ॥ २ ॥ // ॐज्ळग.५७८-२
3980,
3981,
3982,[प. २६४]
3983,[कण्हवज्जा]
3984,उव्वूढभुवणभारो वि केसवो थणहरेण राहाए ।
3985,मालइदल व्व कलिओ लहुइज्जइ को न पेम्मेण ॥ १ ॥ // ॐज्ळग.६०५-१
3986,
3987,तह रुण्णं तीइ तडट्ठियाइ राहाइ कण्हविरहम्मि ।
3988,जह से कज्जलमइलं अज्ज वि जउणाजलं वहइ ॥ २ ॥ // ॐज्ळग.६०५-२
3989,
3990,[हियालीवज्जा]
3991,छीए जीव न भणियं परियणमज्झम्मि पोढमहिलाए ।
3992,छोडेइ चिहुरभारं पुण बद्धं केण कज्जेण ॥ १ ॥ // ॐज्ळग.६२४-१
3993,
3994,कुलबालिया पसूया पुत्तवई सुरयकज्जतत्तिल्ला ।
3995,एरिसगुणसम्पन्ना भण कीस न वासिया पइणा ॥ २ ॥ // ॐज्ळग.६२४-२
3996,
3997,
3998,[प. २६५]
3999,कस्स कएण किसोयरि वरणयरं वहसि उत्तमङ्गेणं ।
4000,कण्णेण कण्णवंहणं वाणरसङ्खं च हत्थेण ॥ ३ ॥ // ॐज्ळग.६२४-३
4001,
4002,[वसन्तवज्जा]
4003,लङ्कालएण रत्तम्बरवेसिण दिन्नपुप्फयाणेण ।
4004,दहवयणेणेव कयं सीयाहरणं पलासेण ॥ १ ॥ // ॐज्ळग.६३७-१
4005,
4006,
4007,[प. २६६]
4008,गुरुविरहसन्धिविग्गहणिम्मवणो अत्थि को वि जइ मत्तो ।
4009,पढमिक्कमञ्जरिं अङ्गुलिं व उब्भेइ सहयारो ॥ १ ॥ // ॐज्ळग.६४१-१
4010,
4011,चञ्चुपुडकोडिवियलियमायन्दरसोहसित्तदेहस्स ।
4012,कीरस्स मग्गलग्गं भमरउलं भमइ गन्धड्ढं ॥ २ ॥ // ॐज्ळग.६४१-२
4013,
4014,सच्चं चेव पलासो असइ पलं विरहियाण महुमासे ।
4015,तित्तिं अवच्चमाणो जलइ व्व छुहाइ सव्वङ्गं ॥ ३ ॥ // ॐज्ळग.६४१-३
4016,
4017,
4018,[प. २६७]
4019,सुहियाण सुहञ्जणया दुक्खञ्जणया य दुक्खियजणस्स ।
4020,एए सोहञ्जणया सोहञ्जणया वसन्तस्स ॥ ४ ॥ // ॐज्ळग.६४१-४
4021,
4022,[पाउसवज्जा]
4023,विज्जुभुयङ्गमसहियं चवलबलायाकवालकयसोहं ।
4024,गज्जियफुडट्टहासं भइरवरूवं नहं जायं ॥ १ ॥ // ॐज्ळग.६५२-१
4025,
4026,
