line_number,devanagari_text
1,जे भिक्खू हत्थकम्मं करेति करॆन्तं वा सातिज्जति.
2,
3,जे भिक्खू अङ्गादानं कट्ठेण वा कलिञ्चेण वा अङ्गुलियाए वा सलागाए वा सञ्चालेति सञ्चालेतं वा सातिज्जति.
4,
5,जे भिक्खू अङ्गादानं संवाहॆज्ज वा पलिमद्दॆज्ज वा संवाहॆन्तं वा पलिमद्दॆन्तं वा सातिज्जति ।. 
6,
7,जे भिक्खू अङ्गादानं तॆल्लेण वा घएण वा वसाए वा नवनीएण वा अब्भङ्गॆज्ज वा मक्खॆज्ज वा अब्भङ्गॆन्तं वा मक्खॆन्तं वा मक्खॆन्तं वा सातिज्जति.
8,
9,जे भिक्खू अङ्गादानं कक्केण वा लॊद्धेण वा पउमचुण्णेण वा ण्हाणेण वा सिणाणेण वा वण्णेण वा चुण्णेण वा उव्वट्टॆज्ज वा परिवट्टॆज्ज वा उव्वट्टॆन्तं वा परिवट्टॆन्तं वा सातिज्जति.
10,
11,जे भिक्खू अङ्गादानं सीतोदग-वियडेण वा उसिणोदग-वियडेण वा उच्छोलॆज्ज वा पधोवॆज्ज वा उच्छोलॆन्तं वा पधोवॆन्तं वा सातिज्जति.
12,
13,जे भिक्खू अङ्गादानं निच्छल्लेति निच्छल्लॆन्तं वा सातिज्जति.
14,
15,जे भिक्खू अङ्गादानं जिङ्घति जिङ्घन्तं वा सातिज्जति.
16,
17,जे भिक्खू अङ्गादानं अन्नयरंसि अचित्तंसि सोयंसि अनुप्पवेसॆत्ता सुक्कपॊग्गले निग्घाएति निग्घायन्तं वा सातिज्जति.
18,
19,जे भिक्खू सचित्तपइट्ठियं गन्धं जिङ्घति जिङ्घन्तं वा सातिज्जति.
20,
21,जे भिक्खू पयमग्गं वा सङ्कमं वा अवलंबनं वा अन्नउत्थिएण वा गारत्थिएण वा कारेति कारॆन्तं वा सातिज्जति.
22,
23,जे भिक्खू दगवीणियं अन्नउत्थिएण वा गारत्थिएण वा कारेति कारॆन्तं वा सा०.
24,
25,जे भिक्खू सिक्कगं वा सिक्कगनन्तगं वा अन्नउत्थिएण वा गारत्थिएण वा कारेति कारॆन्तं वा सातिज्जति ।।. 
26,
27,जे भिक्खू सॊत्तियं वा रज्जुयं वा चिलिमिलिं वा अन्नउत्थिएण वा गारत्थिएण वा कारेति कारॆन्तं वा सातिज्जति.
28,
29,जे भिक्खू सूईए उत्तरकरणं अन्नउत्थिएण वा गारत्थिएणं वा कारेति कारॆन्तं वा सातिज्जति.
30,
31,जे भिक्खू पिप्पलगस्स उत्तरकरणं अन्नउत्थिएण वा गारत्थिएण वा कारेति कारॆन्तं वा सातिज्जति.
32,
33,जे भिक्खू नखच्छेयणस्स उत्तरकरणं अन्नउत्थिएण वा गारत्थिएण वा कारेति कारॆन्तं वा सातिज्जति.
34,
35,जे भिक्खू कण्णसोहणगस्स उत्तरकरणं अन्नउत्थिएण वा गारत्थिएण वा कारेति कारॆन्तं वा सातिज्जति.
36,
37,जे भिक्खू अणट्ठाएं सूइं जायति जायन्तं वा सातिज्जति.
38,
39,जे भिक्खू अणट्ठाए पिप्पलगं जायति जायन्तं वा सातिज्जति.
40,
41,जे भिक्खू अणट्ठाए नखच्छेयणगं जायति जायन्तं वा सातिज्जति.
42,
43,जे भिक्खू अणट्ठाए कण्णसोहणगं जायति जायन्तं वा सातिज्जति.
44,
45,जे भिक्खू अविहीए सूइं जायति जायन्तं वा सातिज्जति.
46,
47,जे भिक्खू अविहीए पिप्पलगं जायति जायन्तं वा सातिज्जति.
48,
49,जे भिक्खू अविहीए नहच्छेयणगं जायति जायन्तं वा सातिज्जति.
50,
51,जे भिक्खू अविहीए कण्णसोहणगं जायति जायन्तं वा सातिज्जति.
52,
53,जे भिक्खू अप्पणो ऎक्कस्स अट्ठाए सूइं जाइत्ता अन्नमन्नस्स अनुप्पदेति अनुप्पदॆन्तं वा सातिज्जति.
54,
55,जे भिक्खू अप्पणो ऎक्कस्स अट्ठाए पिप्पलगं जाइत्ता अन्नमन्नस्स अनुप्पदेति अनुप्पदॆन्तं वा सातिज्जति.
56,
57,जे भिक्खू अप्पणो ऎक्कस्स अट्ठाए नहच्छेयणगं जाइत्ता अन्नमन्नस्स अनुप्पदेति अनुप्पदॆन्तं वा सातिज्जति.
58,
59,जे भिक्खू अप्पणो ऎक्कस्स अट्ठाए कण्णसोहणगं जाइत्ता अन्नमन्नस्स अनुप्पदेति अनुप्पदॆन्तं वा सातिज्जति.
60,
61,जे भिक्खू पाडिहारियं सूइं जाइत्ता वत्थं सिव्विस्सामि त्ति पायं सिव्वति सिव्वन्तं वा सातिज्जति.
62,
63,जे भिक्खू पाडिहारियं पिप्पलगं जाइत्ता वत्थं छिन्दिस्सामि त्ति पायं छिन्दति छिन्दन्तं वा सातिज्जति.
64,
65,जे भिक्खू पाडिहारियं नहच्छेयणगं जाइत्ता नहं छिन्दिस्सामि त्ति सल्लुद्धरणं करेति करॆन्तं वा सातिज्जति.
66,
67,जे भिक्खू पाडिहारियं कण्णसोहणगं जाइत्ता कण्णमलं नीहरिस्सामि त्ति दन्तमलं वा नखमलं वा नीहरेति नीहरॆन्तं वा सातिज्जति.
68,
69,जे भिक्खू अविहीए सूइं पच्चप्पिणति पच्चप्पिणन्तं वा सातिज्जति.
70,
71,जे भिक्खू अविहीए पिप्पलगं पच्चप्पिणति पच्चप्पिणन्तं वा सातिज्जति.
72,
73,जे भिक्खू अविहीए नहच्छेयणगं पच्चप्पिणति पच्चप्पिणन्तं वा सातिज्जति.
74,
75,जे भिक्खू अविहीए कण्णसोहणगं पच्चप्पिणति पच्चप्पिणन्तं वा सातिज्जति.
76,
77,जे भिक्खू लाउपायं वा दारुपायं वा मट्टियापायं वा अन्नउत्थिएण वा गारत्थिएण वा परिघट्टावेति वा सण्ठवेति वा जमावेति वा अलमप्पणो करणयाए सुहुममवि नो कप्पइ जाणमाणे सरमाणे अन्नमन्नस्स वियरति वियरन्तं वा सातिज्जति.
78,
79,जे भिक्खू दण्डयं वा लट्ठियं वा अवलेहणियं वा वेणुसूइयं वा अन्नउत्थिएण वा गारत्थिएण वा परिघट्टावेति वा [सण्ठवेति वा जमावेति वा अलमप्पणो करणयाए सुहुममवि नो कप्पइ जाणमाणे सरमाणे अन्नमन्नस्स वियरति वियरन्तं वा] सातिज्जति.
80,
81,जे भिक्खू पायस्स एकं तुडियं तड्डेति तड्डेतं सातिज्जति.
82,
83,जे भिक्खू पायस्स परं तिण्हं तुडियाणं तड्डेति तड्डॆन्तं वा सातिज्जति.
84,
85,जे भिक्खू पायं अविहीए बन्धति बन्धन्तं वा सातिज्जति.
86,
87,जे भिक्खू पायं एगेण बन्धेण बन्धन्ति बन्धन्तं वा सातिज्जति.
88,
89,जे भिक्खू पायं परं तिण्हं बन्धाणं बन्धन्ति बन्धतं वा सातिज्जति.
90,
91,जे भिक्खू अतिरेगबन्धणं पायं दिवड्ढाओ मासाओ परं धरेति धरॆन्तं वा सातिज्जति.
92,
93,जे भिक्खू वत्थस्स एगं पडियाणियं देति दॆन्तं वा सातिज्जति.
94,
95,जे भिक्खू वत्थस्स परं तिण्हं पडियाणियाणं देति दॆन्तं वा सातिज्जति.
96,
97,जे भिक्खू अविहीए वत्थं सिव्वति सिव्वन्तं वा सातिज्जति.
98,
99,जे भिक्खू वत्थस्स एगं फालिय-गण्ठियं करेति करॆन्तं वा सातिज्जति.
100,
101,जे भिक्खू वत्थस्स तिण्हं फालिय-गण्ठियाणं करेति करॆन्तं वा सातिज्जति.
102,
103,जे भिक्खू वत्थस्स एगं फालियं गण्ठेति गण्ठन्तं वा सातिज्जति.
104,
105,जे भिक्खू वत्थस्स परं तिण्हं फालियाणं गण्ठेति गण्ठॆन्तं वा सातिज्जति.
106,
107,जे भिक्खू वत्थं अविहीए गण्ठेति गण्ठॆन्तं वा सातिज्जति.
108,
109,जे भिक्खू अतज्जाएणं गाहेति गाहॆन्तं वा सातिज्जति.
110,
111,जे भिक्खू अइरेगगहियं वत्थं परं दिवड्ढाओ मासाओ धरेति धरॆन्तं वा सातिज्जति.
112,
113,जे भिक्खू गिहधूमं अन्नउत्थिएण वा गारत्थिएण वा परिसाडावेति परिसाडावॆन्तं वा सातिज्जति.
114,
115,जे भिक्खू पूतिकम्मं भुञ्जति भुञ्जन्तं वा सातिज्जति.
116,
117,तं सेवमाणे आवज्जइ मासियं परिहारट्ठाणं अनुग्घातियं.
118,
119,
120,
121,---------------------------------------------------------------------
122,जे भिक्खू दारुदण्डयं पायपुञ्छणं करेति करॆन्तं वा सातिज्जति.
123,
124,जे भिक्खू दारुदण्डयं पायपुञ्छणं गेण्हति गेण्हन्तं वा सातिज्जति.
125,
126,जे भिक्खू दारुदण्डयं पायपुञ्छणं धरेति धरॆन्तं वा सातिज्जति.
127,
128,जे भिक्खू दारुदण्डयं पायपुञ्छणं वितरति वितरॆन्तं वा सातिज्जति.
129,
130,जे भिक्खू दारुदण्डयं पायपुञ्छणं परिभाएति परिभाऎन्तं वा सातिज्जति.
131,
132,जे भिक्खू दारुदण्डयं पायपुञ्छणं परिभुञ्जति परिभुञ्जन्तं वा सातिज्जति.
133,
134,जे भिक्खू दारुदण्डयं पायपुञ्छणं परं दिवड्ढाओ मासाओ धरेति धरॆन्तं वा सातिज्जति.
135,
136,जे भिक्खू दारुदण्डयं पायपुञ्छणं विसुयावेति विसुयावॆन्तं वा सातिज्जति.
137,
138,जे भिक्खू अचित्तपतिट्ठियं गन्धं जिङ्घति जिङ्घन्तं वा सातिज्जति.
139,
140,जे भिक्खू पयमग्गं वा सङ्कमं वा आलम्बनं वा सयमेव करेति करॆन्तं वा सातिज्जति.
141,
142,जे भिक्खू दगवीणियं सयमेव करेति करॆन्तं वा सातिज्जति.
143,
144,जे भिक्खू सिक्कगं वा सिक्कगनन्तगं वा सयमेव करेति करॆन्तं वा सातिज्जिति.
145,
146,जे भिक्खू सॊत्तियं वा रज्जुयं वा चिलिमिलिं सयमेव करेति करॆन्तं वा सातिज्जति.
147,
148,जे भिक्खू सूईए उत्तरकरणं सयमेव करेति करॆन्तं वा सातिज्जति.
149,
150,जे भिक्खू पिप्पलयस्स उत्तरकरणं सयमेव करेति करॆन्तं वा सातिज्जति.
151,
152,जे भिक्खू नहच्छेयणगस्स उत्तरकरणं सयमेव करेति करॆन्तं वा सातिज्जति.
153,
154,जे भिक्खू कण्णसोहणयस्स उत्तरकरणं सयमेव करेति करॆन्तं वा सातिज्जति.
155,
156,जे भिक्खू लहुसगं फरुसं वयति वयन्तं वा सातिज्जति.
157,
158,जे भिक्खू लहुसगं मुसं वयति वयन्तं वा सातिज्जति.
159,
160,जे भिक्खू लहुसगं अदत्तं आदियति आदियन्तं वा सातिज्जति.
161,
162,जे भिक्खू लहुसएण सीओदग-वियडेण वा उसिणोदग-वियडेण वा हत्थाणि वा पादाणि वा कण्णाणि वा अच्छीणि वा दन्ताणि वा नहाणि वा मुहाणि वा उच्छोलॆज्ज वा पधोवॆज्ज वा उच्छोलॆन्तं वा पधोवॆन्तं वा सातिज्जति.
163,
164,जे भिक्खू कसिणाइं चम्माइं धरेति धरॆन्तं वा सातिज्जति.
165,
166,जे भिक्खू कसिणाइं वत्थाइं धरेति धरॆन्तं वा सातिज्जति.
167,
168,जे भिक्खू अभिन्नाइं वत्थाइं धरेइ धरॆन्तं वा सातिज्जति.
169,
170,जे भिक्खू लाउयपायं वा दारुपायं वा मट्टियापायं वा सयमेव परिघट्टेति वा सण्ठवेति वा जमावॆन्ति वा परिघट्टॆन्तं वा सण्ठवॆन्त वा जमावॆन्तं वा सातिज्जति.
171,
172,जे भिक्खू दण्डगं वा लट्ठियं वा अवलेहणियं वा वेणुसूइयं वा सयमेव परिघट्टेति वा सण्ठवेति वा जमावॆन्ति वा परिघट्टॆन्तं वा सण्ठवॆन्तं वा जमावॆन्तं वा सातिज्जति.
173,
174,जे भिक्खू नियग-गवेसियं पडिग्गहगं धरेति धरॆन्तं वा सातिज्जति.
175,
176,जे भिक्खू पर-गवेसियं पडिग्गहगं धरेति धरॆन्तं वा सातिज्जति.
177,
178,जे भिक्खू वर-गवेसियं पडिग्गहगं धरेति धरॆन्तं वा सातिज्जति.
179,
180,जे भिक्खू बल-गवेसियं पडिग्गहगं धरेति धरॆन्तं वा सातिज्जति.
181,
182,जे भिक्खू लव-गवेसियं पडिग्गहगं धरेति धरॆन्तं वा सातिज्जति.
183,
184,जे भिक्खू नितियं अग्गपिण्डं भुञ्जति भुञ्जन्तं वा सातिज्जति.
185,
186,जे भिक्खू नितियं पिण्डं भुजन्ति भुञ्जन्तं वा सातिज्जति.
187,
188,जे भिक्खू नितियं अवड्ढं भुञ्जति भुञ्जन्तं वा सातिज्जति.
189,
190,जे भिक्खू नितियं भागं भुञ्जति भुञ्जन्तं वा सातिज्जति.
191,
192,जे भिक्खू नितियं अवड्ढभागं भुञ्जति भुञ्जन्तं वा सातिज्जति.
193,
194,जे भिक्खू नितियं वासं वसति वसन्तं वा सातिज्जति.
195,
196,जे भिक्खू पुरेसन्थवं वा पच्छासन्थवं वा करेति करॆन्तं वा सातिज्जति.
197,
198,जे भिक्खू समाणे वा वसमाणे वा गामाणुगामं वा दूइज्जमाणे पुरे सन्थुयाणि वा पच्छासन्थुयाणि वा कुलाइं पुव्वामेव पच्छा वा भिक्खायरियाए अनुपविसति अनुपविसन्तं वा सातिज्जति.
199,
200,जे भिक्खू अन्नउत्थिएण वा गारत्थिएण वा परिहारिओ वा अपरिहारिएणं सद्धिं गाहावइ-कुलं पिण्डवाय-पडियाए अनुपविसति वा निक्खमति वा अनुपविसन्तं वा निक्खमन्तं वा सातिज्जति.
201,
202,जे भिक्खू अन्नउत्थिएण वा गारत्थिएण वा परिहारिओ वा अपरिहारिएण सद्धिं बहिया वियारभूमिं वा विहारभूमिं वा निक्खमति वा पविसति वा निक्खमन्तं वा परिसन्तं वा सातिज्जति.
203,
204,जे भिक्खू अन्नउत्थिएण वा गारत्थिएण वा परिहारिओ वा अपरिहारिएहिं सद्धिं गामाणुगामं दूइज्जति दूइज्जन्तं वा सातिज्जति.
205,
206,जे भिक्खू अन्नयरं भोयण-जायं पडिगाहॆत्ता सुब्भिं-सुब्भिं भुञ्जति दुब्भिं-दुब्भिं परिट्ठवेति परिट्ठवॆन्तं वा सातिज्जति.
207,
208,जे भिक्खू अन्नयरं पानग-जायं पडिगाहॆत्ता पुप्फयं-पुप्फयं आइयइ कसायं-कसायं परिट्ठवेति परिट्ठवॆन्तं वा सातिज्जति.
209,
210,जे भिक्खू मणुण्णं भोयण-जायं पडिग्गाहॆत्ता बहुपरियावण्णं सिया अदूरे तत्थ साहम्मिया सम्भोइया समणुण्णा अपरिहारिया सन्ता परिवसन्ति ते अनापुच्छित्ता अनिमन्तिया परिट्ठवेति परिट्ठवॆन्तं वा सातिज्जति.
211,
212,जे भिक्खू सागारिय-पिण्डं गेण्हति गेण्हन्तं वा सातिज्जति.
213,
214,जे भिक्खू सागारिय-पिण्डं भुञ्जति भुञ्जन्तं वा सातिज्जति.
215,
216,जे भिक्खू सागारिय-कुलं अजाणिय अपुच्छिय अगवेसिय पुव्वामेव पिण्डवाय-पडियाए अनुप्पविसति अनुप्पविसन्तं वा सातिज्जति.
217,
218,जे भिक्खू सागारिय-निस्साए असनं वा पानं वा खाइमं वा साइमं वा ओभासिय-ओभासिय जायति जायन्तं वा सातिज्जति.
219,
220,जे भिक्खू उडुबद्धियं सॆज्जा-सन्थारयं परं पज्जोसवणाओ उवातिणाति उवातिणन्तं वा सातिज्जति.
221,
222,जे भिक्खू वासावासियं सॆज्जा-सन्थारयं परं दसरायकप्पाओ उवातिणाति उवातिणन्तं वा सातिज्जति.
223,
224,जे भिक्खू उड्डुबद्धियं वा वासावासियं वा सॆज्जा-सन्थारगं उवरि सिज्जमाणं पेहाए न ओसारेति न ओसारॆन्तं वा सातिज्जति.
225,
226,जे भिक्खू पाडिहारियं सॆज्जा-सन्थारयं दॊच्चम्पि अणुण्णवॆत्ता बाहिं नीणेति नीणॆन्तं वा सातिज्जति.
227,
228,जे भिक्खू सागारियसन्तियं सॆज्जासन्थारयं अणुण्णवॆत्ता बाहिं नीणेति नीणॆन्तं वा सातिज्जति.
229,
230,जे भिक्खू पाडिहारियं सागारियसन्तियं वा सॆज्जासन्थारयं दॊच्चं पि अणुण्णवॆत्ता बाहिं नीणेति नीणॆन्तं वा सातिज्जति.
231,
232,जे भिक्खू पाडिहारियं सॆज्जा-सन्थारयं आयाए अपडिहट्टु सम्पव्वयति सम्पव्वयन्तं वा सातिज्जति.
233,
234,जे भिक्खू सागारियं-सन्तियं सॆज्जा-सन्थारयं आयाए अविगरणं कट्टु अणप्पिणित्ता सम्पव्वयइ सम्पव्वयन्तं वा सातिज्जति.
235,
236,जे भिक्खू पाडिहारियं वा सागारिय-सन्तियं वा सॆज्जा-सन्थारयं विप्पणट्ठं न गवेसति न गवेसन्तं वा सातिज्जति.
237,
238,जे भिक्खू इत्तरियम्पि उवहिं न पडिलेहेति न पडिलेहॆन्तं वा सातिज्जति.
239,
240,तं सेवमाणे आवज्जइ मासियं परिहारट्ठाणं उग्घातियं.
241,
242,
243,
244,---------------------------------------------------------------------
245,जे भिक्खू आगन्तारेसु वा आरामागारेसु वा गाहावतिकुलेसु वा परियावसहेसु वा अन्नउत्थियं वा गारत्थियं वा असनं वा पानं वा खाइमं वा साइमं वा ओभासति ओभासन्तं वा सातिज्जति.
246,
247,जे भिक्खू आगन्तारेसु वा आरामागारेसु वा गाहावतिकुलेसु वा परियावसहेसु वा अन्नउत्थिया वा गारत्थिया वा असनं वा पानं वा खाइमं वा साइमं वा ओभासति ओभासन्तं वा सातिज्जति.
248,
249,जे भिक्खू आगन्तारेसु वा आरामागारेसु वा गाहावतिकुलेसु वा परियावसहेसु वा अन्नउत्थिणीं वा गारत्थिणीं वा असनं वा पानं वा खाइमं वा साइमं वा ओभासति ओभासन्तं वा सातिज्जति.
250,
251,जे भिक्खू आगन्तारेसु वा आरामगारेसु वा गाहावतिकुलेसु वा परियावसहेसु वा अन्नउत्थिणीओ वा गारत्थिणीओ वा असनं वा पानं वा खाइमं वा साइमं वा ओभासति ओभासन्तं वा सातिज्जति ।. 
252,
253,जे भिक्खू आगन्तारेसु वा० कोउहल्ल-पडियाए पडियागतं समाणं अन्नउत्थियं वा गारत्थियं वा असनं वा पानं वा खाइमं वा साइमं वा ओभासति ओभासन्तं वा सातिज्जति.
254,
255,जे भिक्खू आगन्तारेसु वा० कोउहल्ल-पडियाए पडियागता समाणा अन्नउत्थिया वा गारत्थिया वा असनं वा पानं वा खाइमं वा साइमं वा ओभासति ओभासन्तं वा सातिज्जति.
256,
257,जे भिक्खू आगन्तारेसु वा० कोउहल्ल-पडियाए पडियागत्तं समाणं अन्नउत्थिणीं वा गारत्थिणीं वा असनं वा पानं वा खाइमं वा साइमं वा ओभासति ओभासन्तं वा सातिज्जति.
258,
259,जे भिक्खू आगन्तारेसु वा० कोउहल्ल-पडियाए पडियागत्तं समाणं अन्नउत्थिणीओ वा गारत्थिणीओ वा असनं वा पानं वा खाइमं वा साइमं वा ओभासति ओभासन्तं वा सातिज्जति.
260,
261,जे भिक्खू आगन्तारेसु वा आरामगारेसु वा गाहावतिकूलेसु वा परियावसहेसु वा अन्नउत्थिएण वा गारत्थिएण वा असनं वा पानं वा खाइमं वा साइमं वा अभिहडं आहट्टु दिज्जमाणं पडिसेहॆत्ता तमेव अनुवत्तिय-अनुवत्तिय परिवेढिय-परिवेढिय परिजविय-परिजविय ओभासति ओभासन्तं वा सातिज्जति.
262,
263,जे भिक्खू आगन्तारेसु वा जाव परियावसहेसु वा अन्नउत्थिएण वा गारत्थिएण वा असनं वा पाणं वा खाइमं साइमं वा अभिहडं आहट्टु दिज्जमाणं पडिसेहॆत्ता तमेव अनुवत्तिय अनुवत्तिय परिवेढिय-परिवेढिय परिजविय-परिजविय ओभासति ओभासन्तं वा सातिज्जति.
264,
265,जे भिक्खू आगन्तारेसु वा जाव परियावसहेसु वा अन्नउत्थिएण वा गारत्थिएण वा असनं वा पानं वा खाइमं साइमं वा अभिहडं आहट्टु दिज्जमाणं पडिसेहॆत्ता तमेव अनुवत्तिय अनुवत्तिय परिवेढिय-परिवेढिय परिजविय-परिजविय ओभासति ओभासन्तं वा सातिज्जति.
266,
267,जे भिक्खू आगन्तारेसु वा जाव परियावसहेसु वा अन्नउत्थिएण वा गारत्थिएण वा असनं वा पानं वा खाइमं साइमं वा अभिहडं आहट्टु दिज्जमाणं पडिसेहॆत्ता तमेव अनुवत्तिय अनुवत्तिय परिवेढिय-परिवेढिय परिजविय-परिजविय ओभासति ओभासन्तं वा सातिज्जति.
268,
269,जे भिक्खू गाहावइकुलं पिण्डवाय-पडिवाए पविट्ठे पडियाइक्खिए समाणे दॊच्चं तमेव कुलं अनुप्पविसति अनुप्पविसन्तं वा सातिज्जति.
270,
271,जे भिक्खू सङ्खडि-पलोयणाए असनं वा पानं वा खाइमं वा साइमं वा पडिग्गाहेति पडिग्गाहॆन्तं वा सातिज्जति.
272,
273,जे भिक्खू गाहावइकुलं पिण्डवाय-पडियाए अनुपविट्ठे समाणे परं ति-घरन्तराओ असनं वा पानं वा खाइमं वा साइमं वा अभिहडं आहट्टु दिज्जमाणं पडिग्गाहेति पडिग्गाहॆन्तं वा सातिज्जति.
274,
275,जे भिक्खू अप्पणो पाए आमज्जॆज्ज वा पमज्जॆज्ज वा आमज्जन्तं वा पमज्जतं वा सातिज्जति.
276,
277,जे भिक्खू अप्पणो पाए संवाहॆज्ज वा पलिमद्दॆज्ज वा संवाहेतं वा पलिमद्दॆन्तं वा सातिज्जति ।. 
278,
279,जे भिक्खू अप्पणो पाए तॆल्लेण वा घएण वा वसाए वा नवनीएण वा अब्भङ्गॆज्ज वा मक्खॆज्ज वा अब्भङ्गॆन्तं वा मक्खॆन्त्तं वा सातिज्जति.
280,
281,जे भिक्खू अप्पणो पाए लॊद्धेण वा क्ककेण वा चुण्णेण वा वण्णेण वा उल्लोलॆज्ज वा उव्वट्टॆज्ज वा उल्लोलॆन्तं वा उव्वट्टॆन्तं वा सातिज्जति.
282,
283,जे भिक्खू अप्पणो पाए सीओदग-वियडेण वा उसिणोदग-वियडेण वा उच्छोलॆज्ज वा पधोवॆज्ज वा उच्छोलॆन्तं वा पधोवॆन्तं वा सातिज्जति.
284,
285,जे भिक्खू अप्पणो पाए फुमॆज्ज वा रऎज्ज या फुमॆन्तं वा रऎन्तं वा सातिज्जति.
286,
287,जे भिक्खू अप्पणो कायं आमज्जॆज्ज वा पमज्जॆज्ज वा आमज्जन्तं वा पमज्जन्तं वा सातिज्जति.
288,
289,जे भिक्खू अपप्णो कायं संवाहॆज्ज वा पलिमद्दॆज्ज संवाहॆन्तं वा पलिमद्दॆन्तं वा सातिज्जति.
290,
291,जे भिक्खू अप्पणो कायं तॆल्लेण वा घएण वा वसाए वा नवनीएण वा अब्भङ्गॆज्ज वा मक्खॆज्ज वा अब्भङ्गॆन्तं वा मक्खॆन्तं वा सातिज्जति.
292,
293,जे भिक्खू अप्पणो कायं लॊद्धेण वा क्ककेण वा चुण्णेण वा वण्णेण वा उल्लोलॆज्ज वा उव्वट्टॆज्ज वा उल्लोलॆन्तं वा उव्वट्टॆन्तं वा सातिज्जति.
294,
295,जे भिक्खू अप्पणो कायं सीओदग-वियडेण वा उसिणोदग-वियडेण वा उच्छोलॆज्ज वा पधोवॆज्ज वा उच्छोलॆन्तं वा पधोवॆन्तं वा सातिज्जति.
296,
297,जे भिक्खू अप्पणो कायं फुमॆज्ज वा रऎज्ज वा फुमॆन्तं वा रऎन्तं वा सातिज्जति.
298,
299,जे भिक्खू अप्पणो कायंसि वणं आमज्जॆज्ज वा पमज्जॆज्ज वा आमज्जन्तं वा पमज्जन्तं वा सातिज्जति.
300,
301,जे भिक्खू अप्पणो कायंसि वणं संवाहॆज्ज वा पलिमद्दॆज्ज वा संवाहॆन्तं वा पलिमद्दॆन्तं वा सातिज्जति.
302,
303,जे भिक्खू अप्पणो कायंसि वणं तॆल्लेण वा घएण वा वसाए वा नवनीएण वा अब्भङ्गॆज्ज वा मक्खॆज्ज वा अब्भङ्गॆन्तं वा मक्खॆन्तं वा सातिज्जति.
304,
305,जे भिक्खू अप्पणो कायंसि वणं लॊद्धेण वा क्ककेण वा चुण्णेण वा वण्णेण वा उल्लोलॆज्ज वा उव्वट्टॆज्ज वा उल्लोलॆन्तं वा उव्वट्टॆन्तं वा सातिज्जति.
306,
307,जे भिक्खू अप्पणो कायंसि वणं सीओदग-वियडेण वा उसिणोदग-वियडेण वा उच्छोलॆज्ज वा पधोवॆज्ज वा उच्छोलॆन्तं वा पधोवॆन्तं वा सातिज्जति.
308,
309,जे भिक्खू अप्पणो कायंसि वणं फुमॆज्ज वा रऎज्ज वा फुमॆन्तं वा रऎन्तं वा सातिज्जति.
310,
311,जे भिक्खू अप्पणो कायंसि गण्डं वा पिडयं वा अरइयं वा असियं वा भगन्दलं वा अन्नयरेणं तिक्खेणं सत्थजाएणं अच्छिन्दॆज्ज वा विच्छिन्दॆज्ज वा अच्छिन्दन्तं वा विच्छिन्दन्तं वा सातिज्जति.
312,
313,जे भिक्खू अप्पणो कायंसि गण्डं वा पिडयं वा अरइयं वा असियं वा भगन्दलं वा अन्नयरेणं तिक्खेणं सत्थजाएणं अच्छिन्दित्ता वा विच्छिन्दित्ता वा पूयं वा सोणियं वा नीहरॆज्ज वा विसोहॆज्ज वा नीहरॆन्तं वा विसोहॆन्तं वा सातिज्जति.
314,
315,जे भिक्खू अप्पणो कायंसि गण्डं वा पिडयं वा अरइयं वा असियं वा भगन्दलं वा अन्नयरेणं तिक्खेणं सत्थजाएणं अच्छिन्दित्ता वा विच्छिन्दित्ता वा पूयं वा सोणियं वा नीहरित्ता वा विसोहॆत्ता वा सीओदग-वियडेण वा उसिणोदग-वियडेण वा उच्छोलॆज्जा व पधोवॆज्ज वा उच्छोलॆन्तं वा पधोवॆन्त वा सातिज्जति.
316,
317,जे भिक्खू अप्पणो कायंसि गण्डं वा पिडयं वा अरइयं वा असियं वा भगन्दलं वा अन्नयरेणं तिक्खेणं सत्थजाएणं अच्छिन्दित्ता वा विच्छिन्दित्ता वा पूयं वा सोणियं वा नीहरित्ता वा विसोहॆत्ता वा सीओदग-वियडेण वा उसिणोदग-वियडेण वा उच्छोलॆत्ता वा पधोऎत्ता वा अन्नयरेणं आलेवणजाएणं आलिम्पॆज्ज वा विलिम्पॆज्ज वा आलिम्पन्तं वा विलिम्पन्तं वा सातिज्जति.
318,
319,जे भिक्खू अप्पणो कायंसि गण्डं वा पिडयं वा अरइयं वा असियं वा भगन्दलं वा अन्नयरेणं तिक्खेणं सत्थजाएणं अच्छिन्दित्ता वा विच्छिन्दित्ता वा पूयं वा सोणियं वा नीहरित्ता वा विसोहॆत्ता वा सीओदग-वियडेण वा उसिणोदग-वियडेण वा उच्छोलॆत्ता वा पधोऎत्ता वा अन्नयरेणं आलेवणजाएणं आलिम्पित्ता वा विलिम्पित्ता वा तॆल्लेण वा घएण वा वसाए वा नवनीएण वा अब्भङ्गॆज्ज वा मक्खॆज्ज वा अब्भङ्गॆन्तं वा मक्खॆन्तं वा सातिज्जति.
320,
321,जे भिक्खू अप्पणो कायंसि गण्डं वा पिडयं वा अरइयं वा असियं वा भगन्दलं वा अन्नयरेणं तिक्खेणं सत्थजाएणं अच्छिन्दित्ता वा विच्छिन्दित्ता वा पूयं वा सोणियं वा नीहरित्ता वा विसोहॆत्ता वा सीओदग-वियडेण वा उसिणोदग-वियडेण वा उच्छोलॆत्ता वा पधोऎत्ता वा अन्नयरेणं आलेवणजाएणं अलिम्पित्ता वा विलिम्पित्ता वा तॆल्लेण वा घएण वा वसाए वा नवनीएण वा अब्भङ्गॆत्ता वा मक्खॆत्ता वा अन्नयरेणं धूवणजाएणं धूवॆज्ज वा पधूवॆज्ज वा धूवॆन्तं वा पधूवॆन्तं वा सातिज्जति.
322,
323,जे भिक्खू अप्पणो पाउकिमियं वा कुच्छिकिमियं वा अङ्गुलीए निवेसिय-निवेसिय नीहरति नीहरन्तं वा सातिज्जति.
324,
325,जे भिक्खू अप्पणो दीहाओ नह-सिहाओ कप्पॆज्ज वा सण्ठवॆज्ज वा कप्पॆन्तं वा सण्ठवॆन्तं वा सातिज्जति.
326,
327,जे भिक्खू अप्पणो दीहाइं जङ्घ-रोमाइं कप्पॆज्ज वा सण्ठवॆज्ज वा कप्पॆन्तं वा सण्ठवेतं वा सातिज्जति.
328,
329,जे भिक्खू अप्पणो दीहाइं वत्थि-रोमाइं कप्पेज वा सण्ठवॆज्ज वा कप्पॆन्तं वा सण्ठवॆन्तं वा सातिज्जति.
330,
331,जे भिक्खू अप्पणो दीहाइं चक्खु रोमाइं कप्पॆज्ज वा सण्ठवॆज्ज वा कप्पॆन्तं वा सण्ठवॆन्तं वा सातिज्जति.
332,
333,जे भिक्खू अप्पणो दीहाइं कक्खाण-रोमाइं कप्पॆज्ज वा सण्ठवॆज्ज वा कप्पॆन्तं वा सण्ठवॆन्तं वा सातिज्जति.
334,
335,जे भिक्खू अप्पणो दीहाइं मंसु-रोमाइं कप्पॆज्ज वा सण्ठवॆज्ज वा कप्पॆन्तं वा सण्ठवॆन्तं वा सातिज्जति.
336,
337,जे भिक्खू अप्पणो दन्ते आघंसॆज्ज वा पघंसॆज्ज वा आघंसन्तं वा वा पघंसन्तं वा सातिज्जति।. 
338,
339,जे भिक्खू अप्पणो दन्ते उच्छोलॆज्ज वा पधोवॆज्ज वा उच्छोलॆन्तं वा पधोवॆन्तं वा सातिज्जति।. 
340,
341,जे भिक्खू अप्पणो दन्ते फुमॆज्ज वा रऎज्ज वा फुमॆन्तं वा रऎन्तं वा सातिज्जति.
342,
343,जे भिक्खू अप्पणो उट्ठे आमज्जॆज्ज वा पमज्जॆज्ज वा आमज्जन्तं वा पमज्जन्तं वा सातिज्जति.
344,
345,जे भिक्खू अप्पणो उट्ठे संवाहॆज्ज वा पलिमद्दॆज्ज वा संवाहॆन्तं वा पलिमद्देतं वा सातिज्जति ।. 
346,
347,जे भिक्खू अप्पणो उट्ठे तॆल्लेण वा घएण वा वसाए वा नवनीएण वा अब्भङ्गॆज्ज वा मक्खॆज्ज वा अब्भङ्गॆन्तं वा मक्खॆन्तं वा सातिज्जति.
348,
349,जे भिक्खू अप्पणो उट्ठे लॊद्धेण वा क्ककेण वा चुण्णेण वा वण्णेण वा उल्लोलॆज्ज वा उव्वट्टॆज्ज वा उल्लोलॆन्तं वा उव्वट्टॆन्तं वा सातिज्जति.
350,
351,जे भिक्खू अप्पणो उट्ठे सीओदग-वियडेण वा उसिणोदग-वियडेण वा उच्छोलॆज्ज वा पधोवॆज्ज वा उच्छोलॆन्तं वा पधोवॆन्तं वा सातिज्जति.
352,
353,जे भिक्खू अप्पणो उट्ठे फुमॆज्ज वा रऎज्ज वा फुमॆन्तं वा रऎन्तं वा सातिज्जति.
354,
355,जे भिक्खू अप्पणो दीहाइं उत्तरॊट्ठ-रोमाइं कप्पॆज्ज वा सण्ठवॆज्ज वा कप्पॆन्तं वा सण्ठवॆन्तं वा सातिज्जति ।- [जे भिक्खू अप्पणो दीहाइं नासा-रोमाइं कप्पॆज्ज वा सण्ठवॆज्ज वा कप्पॆन्तं वा सण्ठवॆन्तं वा सातिज्जति].
356,
357,जे भिक्खू अप्पणो दीहाइं अच्छि-पत्ताइं कप्पॆज्ज वा सण्ठवॆज्ज वा कप्पॆन्तं वा सठवॆन्तं वा सातिज्जति.
358,
359,जे भिक्खू अप्पणो अच्छीणि आमज्जॆज्ज वा [पमज्जॆज्ज वा आमज्जन्तं वा पमज्जन्तं वा सातिज्जति].
360,
361,जे भिक्खू अप्पणो अच्छीणि संवाहॆज्जवा० सातिज्जत्ति.
362,
363,जे भिक्खू अप्पणो अच्छीणि तॆल्लेण वा घएण वा वसाए वा नवनीएण वा अब्भङ्गॆज्ज वा मक्खॆज्ज वा अब्भङ्गॆन्तं वा मक्खॆन्तं वा सातिज्जति.
364,
365,जे भिक्खू अप्पणो अच्छीणि लॊद्धेण वा कक्केण वा चुण्णेण वा वण्णेण वा उल्लोलॆज्ज वा उव्वट्टॆज्ज वा उल्लोलॆन्तं वा उव्वट्टॆन्तं वा सातिज्जति.
366,
367,जे भिक्खू अप्पणो अच्छीणि सीओदग-वियडेण वा उसिणोदग-वियडेण वा उच्छोलॆज्ज वा पधोवॆज्ज वा उच्छोलॆन्तं वा पधोवॆन्तं वा सातिज्जति.
368,
369,जे भिक्खू अप्पणो अच्छीणि फुमॆज्ज वा रऎज्ज वा फुमॆन्तं वा रऎन्तं वा सातिज्जति ।. 
370,
371,जे भिक्खू अप्पणो दीहाइं भमुग-रोमाइं कप्पॆज्ज वा सण्ठवॆज्ज वा कप्पॆन्तं वा सण्ठवॆन्तं वा सातिज्जति.
372,
373,जे भिक्खू अप्पणो दीहाइं पास-रोमाइं कप्पॆज्ज वा सण्ठवॆज्ज वा कप्पॆन्तं वा सण्ठवॆन्तं वा सातिज्जति.
374,
375,जे भिक्खू अप्पणो अच्छिमलं वा कण्णमलं वा दन्तमलं वा नहमलं वा नीहरॆज्ज वा विसोहॆज्जा वा नीहरॆन्तं वा विसोहॆन्तं वा सातिज्जति.
376,
377,जे भिक्खू अप्पणो कायाओ सेयं वा जल्लं वा पङ्कं वा मलं वा नीहरॆज्ज वा विसोहॆज्ज वा नीहरॆन्तं वा विसोहॆन्तं वा सातिज्जति.
378,
379,जे भिक्खू गामाणुगामं दूइज्जमाणे अप्पणो सीसदुवारियं करेति करॆन्तं वा सातिज्जति.
380,
381,जे भिक्खू सणकप्पासओ वा उण्णकप्पासओ वा पॊण्डकप्पासओ वा अमिलकप्पासओ वा वसीकरणसुत्तयं करेति करॆन्तं वा सातिज्जति.
382,
383,जे भिक्खू गिहंसि वा गिहमुहंसि वा गिहदुवारंसि वा गिहपडिदुवारंसि वा गिहेलुयंसि वा गिहङ्गणंसि वा गिहवच्चंसि वा उच्चारं वा पासवणं वा परिट्ठवेति परिट्ठवॆन्तं वा सातिज्जति.
384,
385,जे भिक्खू मडगगिहंसि वा मडगछारियंसि वा मडगधूभियंसि वा मडगआसयंसि वा मडगलेणंसि वा मडगथण्डिलंसि वा मडगवच्चंसि वा उच्चारं वा पासवणं वा परिट्ठवेति परिट्ठवॆन्तं वा सातिज्जति ।. 
386,
387,जे भिक्खू इङ्गालदाहंसि वा खारदाहंसि वा गातदाहंसि वा तुसदाहंसि वा भुसदाहंसि वा उच्चारं वा पासवणं वा परिट्ठवेति परिट्ठवॆन्तं वा सातिज्जति.
388,
389,जे भिक्खू सेयायणंसि वा पङ्कायतणंसि वा पणगायतणंसि वा उच्चारं वा पासवणं वा परिट्ठवेति परिट्ठवॆन्तं वा सातिज्जति.
390,
391,जे भिक्खू नवियासु वा गोलेहणियासु नदियासु वा मट्टियाखाणीसु-परिभुज्ज-माणियासु वा अपरिभुज्जमाणियासु वा उच्चारं वा पासवणं वा परट्ठवेति परिट्ठवॆन्तं वा सातिज्जति.
392,
393,जे भिक्खू उम्बरवच्चंसि वा नग्गोहवच्चंसि वा असॊत्थवच्चंसि वा पिलक्खुवच्चंसि वा उच्चारं वा पासवणं वा परिट्ठवेति परिट्ठवॆन्तं वा सातिज्जति.
394,
395,जे भिक्खू इक्खुवनंसि वा सालवनंसि वा कुसुम्भवनंसि वा कप्पासवनंसि वा उच्चारं वा पासवणं वा परिट्ठवेति परिट्ठवॆन्तं वा सातिज्जति.
396,
397,जे भिक्खू डागवच्चंसि वा सागवच्चंसि वा मूलवच्चंसि वा कॊत्थुम्भरिवच्चंसि वा खारवच्चंसि वा जीरयवच्चंसि वा दमणगवच्चंसि वा मरुगहवच्चंसि वा उच्चारं वा पासवणं वा परिट्ठवेति परिट्ठवॆन्तं वा सातिज्जति.
398,
399,जे भिक्खू असोगवनंसि वा सत्तिवण्णवनंसि वा चम्पगवनंसि वा चूयवनंसि वा अन्नतरेसु तहप्पगारेसु वा पत्तोवएसु पुप्फोवएसु फलोवएसु छाओवएसु उच्चारं वा पासवणं वा परिट्ठवेति परिट्ठवॆन्तं वा सातिज्जति.
400,
401,जे भिक्खू राओ वा वियाले वा उच्चार-पासवणेण उब्बाहिज्जमाणे सपायंसि वा परपायंसि वा उच्चार-पासवणं परिट्ठवॆत्ता अनुग्गए सूरिए एडेति एडॆन्तं वा सातिज्जति -. 
402,
403,तं सेवमाणे आवज्जइ मासियं परिहारट्ठाणं उग्घातियं.
404,
405,
406,
407,---------------------------------------------------------------------
408,जे भिक्खू रायं अत्तीकरेति अत्तीकरॆन्तं वा सातिज्जति.
409,
410,जे भिक्खू रायं अच्चीकरेति अच्चीकरॆन्तं वा सातिज्जति.
411,
412,जे भिक्खू रायं अत्थीकरेति अत्थीकरॆन्तं वा सातिज्जति.
413,
414,जे भिक्खू रायारक्खियं अत्तीकरेति अत्तीकरॆन्तं वा सातिज्जति.
415,
416,जे भिक्खू रायारक्खियं अच्चीकरेति अच्चीकरॆन्तं वा सातिज्जति.
417,
418,जे भिक्खू रायारक्खियं अत्तीकरेति अत्थीकरॆन्तं वा सातिज्जति.
419,
420,जे भिक्खू नगरारक्खियं अत्तीकरेति अत्तीकरॆन्तं वा सातिज्जति.
421,
422,जे भिक्खू नगरारक्खियं अच्चीकरेति अच्चीकरॆन्तं वा सातिज्जति.
423,
424,जे भिक्खू नगरारक्खियं अत्थीकरेति अत्थीकरॆन्तं वा सातिज्जति.
425,
426,जे भिक्खू निगमारक्खियं अत्तीकरेति अत्तीकरॆन्तं वा सातिज्जति.
427,
428,जे भिक्खू निगमारक्खियं अच्चीकरेति अच्चीकरॆन्तं वा सातिज्जति.
429,
430,जे भिक्खू निगमारक्खियं अत्थीकरेति अत्थीकरॆन्तं वा सातिज्जति.
431,
432,जे भिक्खू देसारक्खियं अत्तीकरेति अत्तीकरॆन्तं वा सातिज्जति.
433,
434,जे भिक्खू देसारक्खियं अच्चीकरेति अच्चीकरॆन्तं वा सातिज्जति.
435,
436,जे भिक्खू देसारक्खियं अत्थीकरेति अत्थीकरॆन्तं वा सातिज्जति.
437,
438,जे भिक्खू सव्वारक्खियं अत्तीकरेति अत्तीकरॆन्तं वा सातिज्जति.
439,
440,जे भिक्खू सव्वारक्खियं अच्चीकरेति अच्चीकरॆन्तं वा सातिज्जति.
441,
442,जे भिक्खू सव्वारक्खियं अत्थीकरेति अत्थीकरॆन्तं वा सातिज्जति.
443,
444,जे भिक्खू कसिणाओ ओसहीओ आहारेति आहारॆन्तं वा सातिज्जति.
445,
446,जे भिक्खू आयरिय-उवज्झाएहिं अविदिन्नं विगतिं आहारेति आहारॆन्तं वा सातिज्जति ।. 
447,
448,जे भिक्खू ठवण-कुलाइं अजाणिय अपुच्छिय अगवेसिय पुव्वामेव पिण्डवाय-पडियाए अनुप्पविसति अनुप्पविसन्तं वा सातिज्जति.
449,
450,जे भिक्खू निग्गन्थीणं उवस्सयंसि अविहीए अनुप्पविसति अनुप्पविसन्तं वा सातिज्जति.
451,
452,जे भिक्खू निग्गन्थीणं आगमनपहंसि दण्डगं वा लट्ठियं वा रयहरणं वा मुहप्पॊत्तियं वा अन्नयरं वा उवगरणजायं ठवेति ठवॆन्तं वा सातिज्जति.
453,
454,जे भिक्खू नवाइं अनुप्पणाइं अहिगरणाइं उप्पाएति उप्पाऎन्तं वा सातिज्जति.
455,
456,जे भिक्खू पोराणाइं अहिगरणाइं खामिय विओसमियाइं पुणो उदीरेति उदीरॆन्तं वा सातिज्जति.
457,
458,जे भिक्खू मुहं विप्फालिय-विप्फालिय हसति हसन्तं वा सातिज्जति.
459,
460,जे भिक्खू पासत्थस्स सङ्घाडयं देति दॆन्तं वा सातिज्जति.
461,
462,जे भिक्खू पासत्थस्स सङ्घाडयं पडिच्छति पडिच्छन्तं वा सातिज्जति.
463,
464,जे भिक्खू ओसन्नस्स सङ्घाडयं देति दॆन्तं वा सातिज्जति.
465,
466,जे भिक्खू ओसन्नस्स सङ्घाडयं पडिच्छति पडिच्छन्तं वा सातिज्जति.
467,
468,जे भिक्खू कुसीलस्स सङ्घाडयं देति दॆन्तं वा सातिज्जति.
469,
470,जे भिक्खू कुसीलस्स सङ्घाडयं पडिच्छति पडिच्छन्तं वा सातिज्जति.
471,
472,जे भिक्खू नितियस्स सङ्घाडयं देति दॆन्तं वा सातिज्जति.
473,
474,जे भिक्खू नितियस्स सङ्घाडयं पडिच्छति पडिच्छन्तं वा सातिज्जति.
475,
476,जे भिक्खू संसत्तस्स सङ्घाडयं देति दॆन्तं वा सातिज्जति.
477,
478,जे भिक्खू संसत्तस्स सङ्घाडयं पडिच्छत्ति पडिच्छन्तं वा सातिज्जति.
479,
480,जे भिक्खू उदऒल्लेण वा ससिणिद्धेण वा हत्थेण वा मत्तेण वा दव्वीए वा भायणेण वा असनं वा पानं वा खाइमं वा साइमं वा पडिग्गाहेति पडिग्गाहॆन्तं वा सातिज्जति.
481,
482,एवं ऎक्कवीसं हत्था भाणियव्वा. जे भिक्खू ससिणिद्धेण वा ससरक्खेण वा मट्टिया संसट्ठेण वा ऊससंसट्ठेण वा लोणसंसट्ठेणं वा हरियालसंसट्ठेण वा मनोसिला संसट्ठेण वा वण्णिय संसट्ठेण वा गेरुयसंसट्ठेण वा सेढियसंसट्ठेण वा सोरट्ठिय संसट्ठेण वा हिङ्गुलसंसट्ठेण वा अञ्जनसंसट्ठेण वा लॊद्धसंसट्ठेण वा कुक्कससंसट्ठेण वा पिट्ठसंसट्ठेण वा कन्दसंसट्ठेण वा मूलसंसट्ठेण वा सिङ्गबेरसंसट्ठेण वा इपुइरगसंसट्ठेण वा उक्कुट्ठसंसट्ठेण वा हत्थेण वा मत्तेण वा दव्वीए वा भायणेण वा असनं वा पानं वा खाइमं वा साइमं वा पडिग्गाहेति पडिग्गाहॆन्तं वा सातिज्जति.
483,
484,जे भिक्खू गामारक्खियं अत्तीकरेति अत्तीकरॆन्तं वा सातिज्जति.
485,
486,जे भिक्खू गामारक्खियं अच्चीकरेति अच्चीकरॆन्तं वा सातिज्जति.
487,
488,जे भिक्खू गामारक्खियं अत्थीकरेति अत्थीकरॆन्तं वा सातिज्जति.
489,
490,जे भिक्खू देसारक्खियं अत्तीकरेति अत्तीकरॆन्तं वा सातिज्जति.
491,
492,जे भिक्खू देसारक्खियं अच्चीकरेति अच्चीकरॆन्तं वा सातिज्जति.
493,
494,जे भिक्खू देसारक्खियं अत्थीकरेति अत्थीकरॆन्तं वा सातिज्जति.
495,
496,जे भिक्खू सीमारक्खियं अत्तीकरेति अत्तीकरॆन्तं वा सातिज्जति.
497,
498,जे भिक्खू सीमारक्खियं अच्चीकरेति अच्चीकरॆन्तं वा सातिज्जति.
499,
500,जे भिक्खू सीमारक्खियं अत्थीकरेति अत्थीकरॆन्तं वा सातिज्जति.
501,
502,जे भिक्खू रण्णारक्खियं अत्तीकरेति अत्तीकरॆन्तं वा सातिज्जति.
503,
504,जे भिक्खू रण्णारक्खियं अच्चीकरेति अच्चीकरॆन्तं वा सातिज्जति.
505,
506,जे भिक्खू रण्णारक्खियं अत्थीकरेति अत्थीकरॆन्तं वा सातिज्जति.
507,
508,जे भिक्खू सव्वारक्खियं अत्तीकरेति अत्तीकरॆन्तं वा सातिज्जति.
509,
510,जे भिक्खू सव्वारक्खियं अच्चीकरेति अच्चीकरॆन्तं वा सातिज्जति.
511,
512,जे भिक्खू सव्वारक्खियं अत्थीकरेति अत्थीकरॆन्तं वा सातिज्जति.
513,
514,जे भिक्खू अन्नमन्नस्स पाए आमज्जॆज्ज वा पमज्जॆज्ज वा आमज्जन्तं वा पमज्जन्तं वा सातिज्जति.
515,
516,जे भिक्खू अन्नमन्नस्स पाए संवाहॆज्ज वा पलिमद्दॆज्ज वा संवाहॆन्तं वा पलिमद्दॆन्तं वा सातिज्जति.
517,
518,जे भिक्खू अन्नमन्नस्स पाए तॆल्लेण वा घएण वा वसाए वा नवनीएण वा अब्भङ्गॆज्ज वा मक्खॆज्ज वा अब्भङ्गॆन्तं वा मक्खॆन्तं वा सातिज्जति.
519,
520,जे भिक्खू अन्नमन्नस्स पाए लॊद्धेण वा कक्केण वा चुण्णेण वा वण्णेण वा उल्लोलॆज्ज वा उव्वट्टॆज्ज वा उल्लोलॆन्तं वा उव्ट्टॆन्तं वा सातिज्जति.
521,
522,जे भिक्खू अन्नमन्नस्स पाए सीओदग-वियडेण वा उसिणोदग-वियडेण वा उच्छोलॆज्ज वा पधोऎज्ज वा उच्छोलॆन्तं वा पधोऎन्तं वा सातिज्जति.
523,
524,जे भिक्खू अन्नमन्नस्स पाए फुमॆज्ज वा रऎज्ज वा फुमॆन्तं वा रऎन्तं वा सातिज्जति.
525,
526,जे भिक्खू अन्नमन्नस्स कायं आमज्जॆज्ज वा पमज्जॆज्ज वा आमज्जन्तं वा पमज्जन्तं वा सातिज्जति.
527,
528,जे भिक्खू अन्नमन्नस्स कायं संवाहॆज्ज वा पलिमद्दॆज्ज वा संवाहॆन्तं वा पलिमद्दॆन्तं वा सातिज्जति.
529,
530,जे भिक्खू अन्नमन्नस्स कायं तॆल्लेण वा घएण वा वसाए नवनीएण वा अब्भङ्गॆज्ज वा मक्खॆज्ज वा अब्भॆङ्गॆन्तं वा मक्खॆन्तं वा सातिज्जति.
531,
532,जे भिक्खू अन्नमन्नस्स कायं लॊद्धेण वा कक्केण वा चुण्णेण वा वण्णेण वा उल्लोलॆज्ज वा उव्वट्टॆज्ज वा उल्लोलॆन्तं वा उव्वट्टॆन्तं वा सातिज्जति.
533,
534,जे भिक्खू अन्नमन्नस्स कायं सीओदग-वियडेण वा उसिणोदग-वियडेण वा उच्छोलॆज्ज वा पधोऎज्ज वा उच्छोलॆन्तं वा पधोऎन्तं वा सातिज्जति.
535,
536,जे भिक्खू अन्नमन्नस्स कायंसि वणं फुमॆज्ज वा रऎज्ज वा फुमॆन्तं वा रऎन्तं वा सातिज्जति ।. 
537,
538,जे भिक्खू अन्नमन्नस्स कायंसि वणं आमज्जॆज्ज वा पमज्जॆज्ज वा आमज्जन्तं वा पमज्जन्तं वा सातिज्जति.
539,
540,जे भिक्खू अन्नमन्नस्स कायंसि वणं संवाहॆज्ज वा पलिमद्दॆज्ज वा संवाहॆन्तं वा पलिमद्देतं वा सातिज्जति.
541,
542,जे भिक्खू अन्नमन्नस्स कायंसि वणं तॆल्लेण वा घएण वा वसाए वा नवनीएण वा अब्भङ्गॆज्ज वा मक्खॆज्ज वा अब्भङ्गॆन्तं वा मक्खॆन्तं वा सातिज्जति.
543,
544,जे भिक्खू अन्नमन्नस्स कायंसि वणं लॊद्धेण वा क्ककेण वा चुण्णेण वा वण्णेण वा उल्लोलॆज्ज वा उव्वट्टॆज्ज वा उल्लोलॆन्तं वा उव्वट्टॆन्तं वा सातिज्जति.
545,
546,जे भिक्खू अन्नमन्नस्स कायंसि वणं सीओदग-वियडेण वा उसिणोदग-वियडेण वा उच्छोलॆज्ज वा पधोऎज्ज वा उच्छोलॆन्तं वा पधोऎन्तं वा सातिज्जति.
547,
548,जे भिक्खू अन्नमन्नस्स कायंसि गण्डं फुमॆज्ज वा रऎज्ज वा फुमॆन्तं वा रऎन्तं वा सातिज्जति.
549,
550,जे भिक्खू अन्नमन्नस्स कायंसि गण्डं वा पिडगं वा अरइयं वा असियं वा भगन्दलं वा अन्नयरेणं तिक्खेणं सत्थजाएणं अच्छिन्दॆज्ज वा विच्छिन्दॆज्ज वा अच्छिन्दॆन्तं वा विच्छिन्दॆन्तं वा सातिज्जति ।. 
551,
552,जे भिक्खू अन्नमन्नस्स कायंसि गण्डं वा पिडयं वा अरइयं वा असियं वा भगन्दलं वा अन्नयरेणं तिक्खेणं सत्थजाएणं अच्छिन्दित्ता वा विच्छिन्दित्ता वा पूयं वा सोणियं नीहरॆज्ज वा विसोहॆज्ज वा नीहरॆन्तं वा विसोहॆन्तं वा सातिज्जति.
553,
554,जे भिक्खू अन्नमन्नस्स कायंसि गण्डं वा पिडयं वा अरइयं वा असियं वा भगन्दलं वा अन्नयरेणं तिक्खेणं सत्थजाएणं अच्छिन्दित्ता वा पूयं वा सोणियं वा नीहरित्ता वा विसोहित्ता वा सीओदग-वियडेण वा उसिणोदग-वियडेण वा उच्छोलॆज्ज वा पधोऎज्ज वा उच्छोलॆन्तं वा पधोऎन्तं वा सा०.
555,
556,जे भिक्खू अन्नमन्नस्स कायंसि गण्डं वा पिडयं वा अरइयं वा असियं वा भगन्दलं वा अन्नयरेणं तिक्खेणं सत्थजाएणं अच्छिन्दित्ता वा विच्छिन्दित्ता वा पूयं वा सोणियं वा नीहरित्ता वा विसोहॆत्ता वा सीओदग-वियडेण वा उसिणोदग-वियडेण वा उच्छोलॆत्ता वा पधोऎत्ता वा अन्नयरेणं आलेवणजाएणं आलिम्पॆज्ज वा विलिम्पॆज्ज वा आलिम्पॆन्तं वा विलिम्पॆन्तं वा सातिज्जति.
557,
558,जे भिक्खू अन्नमन्नस्स कायंसि गण्डं वा पिडयं वा अरइयं वा असियं वा भगन्दलं वा अन्नयरेणं तिक्खेणं सत्थजाएण अच्छिन्दित्ता वा विच्छिन्दित्ता वा पूयं वा सोणियं वा नीहरित्ता वा विसोहॆत्ता वा सीओदग-वियडेण वा उसिणोदग-वियडेण वा उच्छोलॆत्ता वा पधोऎत्ता वा अन्नयरेणं आलेवणजाएणं आलिम्पित्ता वा विलिम्पित्ता वा तॆल्लेण वा घएण वसाए वा नवनीएण वा अब्भङ्गॆज्ज वा मक्खॆज्ज वा अब्भङ्गॆन्तं वा मक्खॆन्तं वा सातिज्जति.
559,
560,जे भिक्खू अन्नमन्नस्स कायंसि गण्डं वा पिडयं वा अरइयं वा असियं वा भगन्दलं वा अन्नयरेणं तिक्खेणं सत्थजाएणं अच्छिन्दित्ता वा विच्छिन्दित्ता वा पूयं वा सोणियं वा नीहरित्ता वा विसोहॆत्ता वा सीओदग-वियडेण वा उसिणोदग-वियडेण वा उच्छोलॆत्ता वा पधोऎत्ता वा अन्नयरेणं आलेवणजाएणं आलिम्पित्ता वा विलिम्पित्ता वा तॆल्लेण वा घएण वा वसाए वा नवनीएण वा अब्भङ्गॆत्ता वा मक्खॆत्ता वा अन्नयरेणं धूवणजाएणं धूवॆज्ज वा पधूवॆज्ज वा धूवन्तं वा पधूवन्तं वा सातिज्जति.
561,
562,जे भिक्खू अन्नमन्नस्स पालुकिमियं वा कुच्छिकिमियं वा अङ्गुलीए निवेसिय-निवेसिय नीहरति नीहरन्तं वा सातिज्जति.
563,
564,जे भिक्खू अन्नमन्नस्स दीहाओ नह-सिहाओ कप्पॆज्ज वा सण्ठवॆज्ज वा कप्पॆन्तं वा सण्ठेवॆन्तं वा सातिज्जति.
565,
566,जे भिक्खू अन्नमन्नस्स दीहाइं जङ्घ-रोमाइं कप्पॆज्ज वा सण्ठवॆज्ज वा कप्पॆन्तं वा सण्ठवॆन्तं वा सातिज्जति.
567,
568,जे भिक्खू अन्नमन्नस्स दीहाइं वत्थि-रोमाइं कप्पॆज्ज वा सण्ठवॆज्ज वा कप्पॆन्तं वा सण्ठवॆन्तं वा सातिज्जति.
569,
570,जे भिक्खू अन्नमन्नस्स दीहाइं चक्खु-रोमाइं कप्पॆज्ज वा सण्ठवॆज्ज वा कप्पॆन्तं वा सण्ठवॆन्तं वा सातिज्जति.
571,
572,जे भिक्खू अन्नमन्नस्स दीहाइं कक्खाण-रोमाइं कप्पॆज्ज वा सण्ठवॆज्ज वा कप्पॆन्तं वा सण्ठवॆन्तं वा सातिज्जति.
573,
574,जे भिक्खू अन्नमन्नस्स दीहाइं मंसु-रोमाइं कप्पॆज्ज वा सण्ठवॆज्ज वा कप्पॆन्तं वा सण्ठवॆन्तं वा सातिज्जति.
575,
576,जे भिक्खू अन्नमन्नस्स दन्ते आघंसॆज्ज वा पघंसॆज्ज वा आघंसन्तं वा पघंसन्तं वा सातिज्जति.
577,
578,जे भिक्खू अन्नमन्नस्स दन्ते उच्छोलॆज्ज वा पधोऎज्ज वा उच्छोलॆन्तं वा पधोऎन्तं वा सातिज्जति.
579,
580,जे भिक्खू अन्नमन्नस्स दन्ते फुमॆज्ज वा रऎज्ज वा फुमॆन्तं वा रऎन्तं वा सातिज्जति ।. 
581,
582,जे भिक्खू अन्नमन्नस्स उट्ठे आमज्जॆज्ज वा पमज्जॆज्ज वा आमज्जन्तं वा पमज्जन्तं वा सातिज्जति.
583,
584,जे भिक्खू अन्नमन्नस्स उट्ठे संवाहॆज्ज वा पलिमद्दॆज्ज वा संवाहॆन्तं वा पलिंमद्दॆन्तं वा सातिज्जति.
585,
586,जे भिक्खू अन्नमन्नस्स उट्ठे तॆल्लेण वा घएण वा वसाए वा नवनीएण वा अब्भङ्गॆज्ज वा मक्खॆज्ज वा अब्भङ्गॆन्तं वा मक्खॆन्तं वा सातिज्जति.
587,
588,जे भिक्खू अन्नमन्नस्स उट्ठे लॊद्धेण वा कक्केण वा चुण्णेण वा वण्णेण वा उल्लोलॆज्ज वा उव्वट्टॆज्ज वा उल्लोलॆन्तं वा उव्वट्टॆन्तं वा सातिज्जति.
589,
590,जे भिक्खू अन्नमन्नस्स उट्ठे सीओदग-वियडेण वा उसिणोदग-वियडेण वा उच्छो-लॆज्ज वा पधोवॆज्ज वा उच्छोलॆन्तं वा पधोवॆन्तं वा सातिज्जति.
591,
592,जे भिक्खू अन्नमन्नस्स उट्ठे फुमॆज्ज वा रऎज्ज वा फुमॆन्तं वा रऎन्तं वा सातिज्जति.
593,
594,जे भिक्खू अन्नमन्नस्स दीहाइं उत्तरॊट्ठ-रोमाइं कप्पॆज्ज वा सण्ठवॆज्ज वा कप्पॆन्तं वा सण्ठवॆन्तं वा सातिज्जति. [जे भिक्खू अन्नमन्नस्स दीहाइं नासा-रोमाइं कप्पॆज्ज वा सण्ठवॆज्ज वा कप्पॆन्तं वा सण्ठवॆन्तं वा सातिज्जति].
595,
596,जे भिक्खू अन्नमन्नस्स दीहाइं अच्छि-पत्ताइं कप्पॆज्ज वा सण्ठवॆज्ज वा कप्पॆन्तं वा सण्ठवॆन्तं वा सातिज्जति.
597,
598,जे भिक्खू अन्नमन्नस्स अच्छीणि आमज्जॆज्ज वा पमज्जॆज्ज वा आमज्जन्तं वा पमज्जन्तं वा सातिज्जति.
599,
600,जे भिक्खू अन्नमन्नस्स अच्छीणि संवाहॆज्ज वा पलिमद्दॆज्ज वा संवाहॆन्तं वा पलिमद्दॆन्तं वा सातिज्जति.
601,
602,जे भिक्खू अन्नमन्नस्स अच्छीणि तॆल्लेण वा घएण वा वसाए वा नवनीएण वा अब्भङ्गॆज्ज वा मक्खॆज्ज वा अब्भङ्गॆन्तं वा मक्खॆन्तं वा सातिज्जति.
603,
604,जे भिक्खू अन्नमन्नस्स अच्छीणि लॊद्धेण वा कक्केण वा चुण्णेण वा वण्णेण वा उल्लोलॆज्ज वा उव्वट्टॆज्ज वा उल्लोलॆन्तं वा उव्वट्टॆन्तं वा सातिज्जति.
605,
606,जे भिक्खू अन्नमन्नस्स अच्छीणि सीओदग-वियडेण वा उसिणोदग-वियडेण वा उच्छोलॆज्ज वा पधोऎज्ज वा उच्छोलॆन्तं वा पधोऎन्तं वा सातिज्जति.
607,
608,जे भिक्खू अन्नमन्नस्स अच्छीणि फुमॆज्ज वा रऎज्ज वा फुमॆन्तं वा रऎन्तं वा सातिज्जति.
609,
610,जे भिक्खू अन्नमन्नस्स दीहाइं भमुग-रोमाइं कप्पॆज्ज वा सण्ठवॆज्ज वा कप्पॆन्तं वा सण्ठवॆन्तं वा सातिज्जति.
611,
612,जे भिक्खू अन्नमन्नस्स दीहाइं पास-रोमाइं कप्पॆज्ज वा सण्ठवॆज्ज वा कप्पॆन्तं वा सण्ठवॆन्तं वा सातिज्जति.
613,
614,जे भिक्खू अन्नमन्नस्स कायाओ सेयं वा जल्लं वा पङ्कं वा मलं वा नीहरॆज्ज वा विसोहॆज्ज वा नीहरॆन्तं वा विसोहॆन्तं वा सातिज्जति.
615,
616,जे भिक्खू अन्नमन्नस्स अच्छिमलं वा कण्णमलं वा दन्तमलं वा नहमलं वा नीहरॆज्ज वा विसोहॆज्ज वा नीहरॆन्तं वा विसोहॆन्तं वा सातिज्जति.
617,
618,जे भिक्खू गामाणुगामं दूइज्जमाणे अन्नमन्नस्स सीसदुवारियं करेति करॆन्तं वा सातिज्जति ।. 
619,
620,जे भिक्खू साणुप्पए उच्चार-पासवणभूमिं न पडिलेहेति न पडेलेहॆन्तं वा सातिज्जति ।. 
621,
622,जे भिक्खू तओ उच्चार-पासवणभूमीओ न पडिलेहेति न पडेलेहॆन्तं वा सातिज्जति.
623,
624,जे भिक्खू खुड्डागंसि थण्डिलंसि उच्चार-पासवणं परिट्ठवेति परिट्ठवॆन्तं वा सा०.
625,
626,जे भिक्खू उच्चार-पासवण अविहीए परिट्ठवेति परिट्ठवॆन्तं वा सातिज्जति.
627,
628,जे भिक्खू उच्चार-पासवणं परिट्ठवॆत्ता न पुञ्छति न पुञ्छन्तं वा सातिज्जति.
629,
630,जे भिक्खू उच्चार-पासवणं परिट्ठवॆत्ता कट्ठेण वा कलिञ्चेण वा अङ्गुलियाए वा सलागाए वा पुञ्छति पुञ्छन्तं वा सातिज्जति.
631,
632,जे भिक्खू उच्चार-पासवणं परिट्ठवॆत्ता नायमति नायमन्तं वा सातिज्जति.
633,
634,जे भिक्खू उच्चार-पासवणं परिट्ठवॆत्ता तत्थेव आयमति आयमन्तं वा सातिज्जति.
635,
636,जे भिक्खू उच्चार-पासवणं परिट्ठवॆत्ता अतिदूरे आयमति आयमन्तं वा सातिज्जति.
637,
638,जे भिक्खू उच्चार-पासवणं परिट्ठवॆत्ता परं तिण्हं नावापूराणं आयमति आयमन्तं वा सातिज्जति.
639,
640,जे भिक्खू अपरिहारिए णं परिहारियं बूया एहि अज्जो ! तुमं च अहं च एगओ असनं वा पानं खाइमं वा साइमं वा पडिग्गाहॆत्ता तओ पच्छा पत्तेयं-पत्तेयं भॊक्खामो वा पाहामो वा जे तं एवं वदति वदन्तं वा सातिज्जति-तं सेवमाणे आवज्जइ मासियं परिहारट्ठाणं उग्घातियं.
641,
642,
643,
644,---------------------------------------------------------------------
645,जे भिक्खू सचित्तरुक्खमूलंसि ठिच्चा आलोऎज्ज वा पलोऎज्ज वा आलोऎन्तं वा पलोऎन्तं वा सातिज्जति.
646,
647,जे भिक्खू सचित्तरुक्खमूलंसि ठाणं वा सॆज्जं वा निसीहियं वा चेएति चेऎन्तं वा सातिज्जति.
648,
649,जे भिक्खू सचित्तरुक्खमूलंसि ठिच्चा असनं वा पानं वा खाइमं वा साइमं वा आहारेति आहारॆन्तं वा सातिज्जति.
650,
651,जे भिक्खू सचित्तरुक्खमूलंसि ठिच्चा उच्चारं वा पासवणं वा परिट्ठवेति परिट्ठवॆन्तं वा सातिज्जति.
652,
653,जे भिक्खू सचित्तरुक्खमूलंसि ठिच्चा सज्झायं करेति करॆन्तं वा सातिज्जति.
654,
655,जे भिक्खू सचित्तरुक्खमूलंसि ठिच्चा सज्झायं उद्दिसति उद्दिसन्तं वा सातिज्जति.
656,
657,जे भिक्खू सचित्तरुक्खमूलंसि ठिच्चा सज्झायं समुद्दिसति समुद्दिसन्तं वा सातिज्जति ।. 
658,
659,जे भिक्खू सचित्तरुक्खमूलंसि ठिच्चा सज्झायं अनुजाणति अनुजाणन्तं वा साति०.
660,
661,जे भिक्खू सचित्तरुक्खमूलंसि ठिच्चा सज्झायं वाएति वाऎन्तं वा सातिज्जति.
662,
663,जे भिक्खू सचित्तरुक्खमूलंसि ठिच्चा सज्झायं पडिच्छति पडिच्छन्ति वा साति० ।. 
664,
665,जे भिक्खू सचित्तरुक्खमूलंसि ठिच्चा सज्झायं परियट्टेति परियट्टेतं वा साति० ।. 
666,
667,जे भिक्खू अप्पणो सङ्घाडिं अन्नउत्थिएण वा गारत्थिएण वा सिव्वावेति सिव्वावॆन्तं वा सातिज्जति.
668,
669,जे भिक्खू अप्पणो सङ्घाडीए दीह-सुत्ताइं करेति करॆन्तं वा सातिज्जति.
670,
671,जे भिक्खू पिउमन्दं-पलासयं वा पडोल-पलासयं वा बिल्ल-पलासयं वा सीओदग वियडेण वा उसिणोदग-वियडेण वा सम्फाणिय-सम्फाणिय आहारेति आहारॆन्तं वा सातिज्जति.
672,
673,जे भिक्खू पाडिहारियं पायपुञ्छणयं जाइत्ता तमेव रयणिं पच्चप्पिणिस्सामि त्ति सुए पच्चप्पिणति पच्चप्पिणन्तं वा सातिज्जति.
674,
675,जे भिक्खू पाडिहारियं पायपुञ्छणयं जाइत्ता सुए पच्चप्पिणिस्सामि त्ति तमेव रयणिं पच्चप्पिणति पच्चप्पिणन्तं वा सातिज्जति.
676,
677,जे भिक्खू सागारियं-सन्तियं पायपुञ्छणयं जाइत्ता तमेव रयणिं पच्चप्पिणिस्सामि त्ति सुए पच्चप्पिणति पच्चप्पिणन्तं वा सातिज्जति.
678,
679,जे भिक्खू सागारियं-सन्तियं पायपुञ्छणयं जाइत्ता सुए पच्चप्पिणिस्सामि त्ति तमेव रयणिं पच्चप्पिणति पच्चप्पिणन्तं वा सातिज्जति.
680,
681,जे भिक्खू पाडिहारियं दण्डयं वा लट्ठियं वा अवलेहणियं वा वेणुसूइं वा जाइत्ता तमेव रयणिं पच्चप्पिणिस्सामि त्ति सुए पच्चप्पिणति पच्चप्पिणन्तं वा सातिज्जति.
682,
683,जे भिक्खू पाडिहारियं दण्डयं वा लट्ठियं वा अवलेहणियं वा वेणुसूइं वा जाइत्ता सुए पच्चप्पिणिस्सामि त्ति तमेव रयणिं पच्चप्पिणति पच्चप्पिणन्तं वा सातिज्जति.
684,
685,जे भिक्खू सागारिय-सन्तियं दण्डयं वा लट्ठियं वा अवलेहणियं वा वेणुसूइं वा जाइत्ता सुए पच्चप्पिणिस्सामि त्ति तमेव रयणिं पच्चप्पिणति पच्चप्पिणन्तं वा सातिज्जति.
686,
687,जे भिक्खू सागारिय-सन्तियं दण्डयं वा लट्ठियं वा अवलेहणियं वा वेणुसूइं वा जाइत्ता सुए पच्चप्पिणिस्सामि त्ति तमेव रयणिं पच्चप्पिणति पच्चप्पिणन्तं वा सातिज्जति.
688,
689,जे भिक्खू पाडिहारियं सॆज्जा-सन्थारयं पच्चप्पिणित्ता दॊच्चं पि अणणुण्णविय अहिट्ठेति अहिट्ठॆन्तं वा सातिज्जति. एवं सागारिय सन्तिए वि.
690,
691,जे भिक्खू पाडिहारियं वा सागारिय-सन्तियं वा सॆज्जासन्थारयं पच्चप्पिणित्ता दॊच्चं पि अणणुण्णविय अहिट्ठेति अहिट्ठॆन्तं वा सातिज्जति.
692,
693,जे भिक्खू पाडिहारियं वा सागारिय-सन्तियं वा सॆज्जासन्थारयं अपच्चप्पिणित्ता दॊच्चं पि अणणुण्णविय अहिट्ठेति अहिट्ठॆन्तं वा सातिज्जति.
694,
695,जे भिक्खू सणकप्पासाओ वा उण्णकप्पासाओ वा पॊण्डकप्पासाओ वा अमिलकप्पासाओ वा दीह-सुत्तं करेति करॆन्तं वा सातिज्जति.
696,
697,जे भिक्खू सचित्ताइं दारुदण्डाणि वा वेणुदण्डाणि वा वॆत्तदण्डाणि वा करेति करॆन्तं वा सातिज्जति ।. 
698,
699,जे भिक्खू सचित्ताइं दारुदण्डाणि जाव वॆत्तदण्डाणि वा धरेति धरॆन्तं वा सातिज्जति.
700,
701,जे भिक्खू सचित्ताइं दारुदण्डाणि जाव वॆत्तदण्डाणि वा परिभुञ्जति परिभुञ्जन्तं वा साति० ।. 
702,
703,जे भिक्खू चित्ताइं दारुदण्डाणि वा वेणुदण्डाणि वा वॆत्तदण्डाणि वा करेति करॆन्तं वा सातिज्जति ।. 
704,
705,जे भिक्खू चित्ताइं दारुदण्डाणि जाव वॆत्तदण्डाणि वा धरेति धरॆन्तं वा सातिज्जति.
706,
707,जे भिक्खू चित्ताइं दारुदण्डाणि जाव वॆत्तदण्डाणि वा परिभुञ्जति परिभुञ्जन्तं वा सातिज्जति.
708,
709,जे भिक्खू विचित्ताइं दारुदण्डाणि वा वेणुदण्डाणि वा वॆत्तदण्डाणि वा करेति करॆन्तं वा सातिज्जति ।. 
710,
711,जे भिक्खू विचित्ताइं दारुदण्डाणि जाव वॆत्तदण्डाणि वा धरेति धरॆन्तं वा सातिज्जति.
712,
713,जे भिक्खू विचित्ताइं दारुदण्डाणि जाव परिभुञ्जति परिभुञ्जन्तं वा सातिज्जति.
714,
715,जे भिक्खू नवग-निवेसंसि गामंसि वा नगरंसि वा खेडंसि वा कब्बडंसि वा मडम्बंसि वा दोणमुहंसि वा पट्टणंसि वा आसमंसि वा निवेसणंसि वा निगमंसि वा सम्बाहंसि वा रायहाणिंसि वा सन्निवेसंसि वा अनुप्पविसित्ता असनं वा पानं वा खाइमं वा साइमं वा पडिग्गाहेति पडिग्गाहॆन्तं वा सातिज्जति.
716,
717,जे भिक्खू नवग-निवेसंसि अयागरंसि वा तम्बागरंसि वा तउआगरंसि वा सीसागरंसि वा हिरण्णागरंसि वा सुवण्णागरंसि वा रयणागरंसि वा वइरागरंसि वा अनुप्पविसित्ता असनं वा पानं वा खाइमं वा साइमं वा पडिग्गाहेति पडिग्गाहॆन्तं वा सातिज्जति.
718,
719,जे भिक्खू मुह-वीणियं करेति करॆन्तं वा सातिज्जति.
720,
721,जे भिक्खू दन्त-वीणियं करेति करॆन्तं वा सातिज्जति.
722,
723,जे भिक्खू उट्ठ-वीणियं करेति करॆन्तं वा सातिज्जति.
724,
725,जे भिक्खू नासा-वीणियं करेति करॆन्तं वा सातिज्जति.
726,
727,जे भिक्खू कक्ख-वीणियं करेति करॆन्तं वा सातिज्जति.
728,
729,जे भिक्खू हत्थ-वीणियं करेति करॆन्तं वा सातिज्जति.
730,
731,जे भिक्खू नह-वीणियं करेति करॆन्तं वा सातिज्जति.
732,
733,जे भिक्खू पत्त-वीणियं करेति करॆन्तं वा सातिज्जति.
734,
735,जे भिक्खू पुप्फ-वीणियं करेति करॆन्तं वा सातिज्जति.
736,
737,जे भिक्खू फल-वीणियं करेति करॆन्तं वा सातिज्जति.
738,
739,जे भिक्खू बीय-वीणियं करेति करॆन्तं वा सातिज्जति.
740,
741,जे भिक्खू हरिय-वीणियं करेति करॆन्तं वा सातिज्जति.
742,
743,जे भिक्खू मुह-वीणियं वाएति वाऎन्तं वा सातिज्जति.
744,
745,जे भिक्खू दन्त-वीणियं वाएति वाऎन्तं वा सातिज्जति.
746,
747,जे भिक्खू उट्ठ-वीणियं वाएति वाऎन्तं वा सातिज्जति.
748,
749,जे भिक्खू नासा-वीणियं वाएति वाऎन्तं वा सातिज्जति.
750,
751,जे भिक्खू कक्ख-वीणियं वाएति वाऎन्तं वा सातिज्जति.
752,
753,जे भिक्खू हत्थ-वीणियं वाएति वाऎन्तं वा सातिज्जति.
754,
755,जे भिक्खू नह-वीणियं वाएति वाऎन्तं वा सातिज्जति.
756,
757,जे भिक्खू पत्त-वीणियं वाएति वाऎन्तं वा सातिज्जति.
758,
759,जे भिक्खू पुप्फ-वीणियं वाएति वाऎन्तं वा सातिज्जति.
760,
761,जे भिक्खू फल-वीणियं वाएति वाऎन्तं वा सातिज्जति.
762,
763,जे भिक्खू बीय-वीणियं वाएति वाऎन्तं वा सातिज्जति.
764,
765,जे भिक्खू हरिय-वीणियं वाएति वाऎन्तं वा सातिज्जति.
766,
767,जे भिक्खू उद्देसियं सॆज्जं अनुपविसति अनुपविसन्तं वा सातिज्जति.
768,
769,जे भिक्खू सपाहुडियं सॆज्जं अनुपविसति अनुपविसन्तं वा सातिज्जति.
770,
771,जे भिक्खू सपरिकम्मं सॆज्जं अनुपविसति अनुपविसन्तं वा सातिज्जति.
772,
773,जे भिक्खू नत्थि सम्भोगवत्तिया किरयत्ति वदति वदन्तं वा सातिज्जति.
774,
775,जे भिक्खू लाउयपायं वा दारुपायं वा मट्टियापायं वा अलं थिरं धुवं धारणिज्जं परिभिन्दिय-परिभिन्दिय परिट्ठवेति परिट्ठवॆन्तं वा सातिज्जति.
776,
777,जे भिक्खू वत्थं वा पडिग्गहं वा कम्बलं वा पायपुञ्छणयं वा अलं थिरं धुवं धारणिज्जं पलिछिन्दिय-पलिछिन्दिय परिट्ठवेति परिट्ठवॆन्तं वा सातिज्जति.
778,
779,जे भिक्खू दण्डगं वा [लट्ठियं वा अवलेहणियं वा] वेणुसूइयं वा अलं थिरं धुवं धारणिज्जं पलिभञ्जिय-पलिभञ्जिय परिट्ठवेति परिट्ठवॆन्तं वा सातिज्जति.
780,
781,जे भिक्खू अतिरेयपमाणं रयहरणं सीसाइं धरेति धरॆन्तं वा सातिज्जति.
782,
783,जे भिक्खू सुहुमाइं रयहरण-सीसाइं करेति करॆन्तं वा सातिज्जति.
784,
785,जे भिक्खू रयहरणं कण्डूसग-बन्धेण बन्धन्ति बन्धन्तं वा सातिज्जति.
786,
787,जे भिक्खू रयहरणं अविहीए बन्धति बन्धन्तं वा सातिज्जति.
788,
789,जे भिक्खू रयहरणस्स ऎक्कं बन्धं देति दॆन्तं वा सातिज्जति.
790,
791,जे भिक्खू रयहरणस्स परं तिण्हं बन्धाणं देति दॆन्तं वा सातिज्जति.
792,
793,जे भिक्खू रयहरणं अनिसट्ठं धरेति धरॆन्तं वा सातिज्जति.
794,
795,जे भिक्खू रयहरणं वोसट्ठं धरेति धरॆन्तं वा सातिज्जति.
796,
797,जे भिक्खू रयहरणं अहिट्ठेति अहिट्ठॆन्तं वा सातिज्जति.
798,
799,जे भिक्खू रयहरणं उस्सीसमूले ठवेति ठवॆन्तं वा सातिज्जति.
800,
801,जे भिक्खू रयहरणं तुयट्टेति तुयट्टॆन्तं वा सातिज्जति.
802,
803,तं सेवमाणे आवज्जइ मासियं परिहारट्ठाणं उग्घातियं. 
804,
805,
806,
807,---------------------------------------------------------------------
808,जे भिक्खू माउग्गामं मेहुण-वडियाए विन्नवेति विन्नवॆन्तं वा सातिज्जति.
809,
810,जे भिक्खू माउग्गामस्समेहुण-वडियाए हत्थकम्मं करेति करॆन्तं वा सातिज्जति.
811,
812,जे भिक्खू माउग्गामस्स मेहुण-वडियाए अङ्गादानं कट्ठेण वा कलिञ्चेण वा अङ्गुलियाए वा सलागाए वा सञ्चालेति सञ्चालॆन्तं वा सातिज्जति.
813,
814,जे भिक्खू माउग्गामस्स मेहुण-वडियाए अङ्गादानं संवाहॆज्ज वा पलिमद्दॆज्ज वा संवाहॆन्तं वा पलिमद्दॆत्तं वा सातिज्जति.
815,
816,जे भिक्खू माउग्गामस्स मेहुण-वडियाए अङ्गादानं तॆल्लेण वा घएण वा वसाए वा नवनीएण वा अब्भङ्गॆज्ज वा मक्खॆज्ज वा अब्भङ्गॆन्तं वा मक्खॆन्तं वा सातिज्जति.
817,
818,जे भिक्खू माउग्गामस्स मेहुण-वडियाए अङ्गादानं कक्केण वा लॊद्धेण वा पउमचुण्णेण वा ण्हाणेण वा सिणाणेण वा वण्णेण वा चुण्णेण वा उव्वट्टेति वा परिवट्टेति वा उव्वट्टॆन्तं वा परिवट्टॆन्तं वा सातिज्जति.
819,
820,जे भिक्खू माउग्गामस्स मेहुण-वडियाए अङ्गादानं सीओदग-वियडेण वा उसिणोदग वियडेण वा उच्छोलॆज्ज वा पधोऎज्ज वा उच्छोलॆन्तं वा पधोऎन्तं वा सातिज्जति.
821,
822,जे भिक्खू माउग्गामस्स मेहुण-वडियाए अङ्गादानं निच्छॊल्लेति निच्छॊल्लॆन्तं वा सातिज्जति।. 
823,
824,जे भिक्खू माउग्गामस्स मेहुण-वडियाए अङ्गादानं जिङ्घति जिङ्घन्तं वा सातिज्जति.
825,
826,जे भिक्खू माउग्गामस्स मेहुण-वडियाए अङ्गादानं अन्नयरंसि अचित्तंसि सोयंसि अनुपवेसॆत्ता सुक्कपॊग्गले निग्घायति निग्घायन्तं वा सातिज्जति.
827,
828,जे भिक्खू माउग्गामं मेहुण-वडियाए अवाउडिं सयं कुज्जा सयं बूया वा करॆन्तं वा वयन्तं वा सातिज्जति.
829,
830,जे भिक्खू माउग्गामस्स मेहुण-वडियाए कलहं कुज्जा कलहं बूया कलह-वडियाए गच्छति गच्छन्तं वा सातिज्जति.
831,
832,जे भिक्खू माउग्गामस्स मेहुण-वडियाए लेहं लिहति लेहं लिहावेति लेहवडियाए वा गच्छति गच्छन्तं वा सातिज्जति.
833,
834,जे भिक्खू माउग्गामस्स मेहुण-वडियाए पोसन्तं वा पिट्ठन्तं वा भल्लायएण उप्पाएति उप्पाऎन्तं वा सातिज्जति.
835,
836,जे भिक्खू माउग्गामस्स मेहुण-वडियाए पोसन्तं वा पिट्ठन्तं वा भल्लायएण उप्पाऎत्ता सीओदग-वियडेण वा उसिणोदग-वियडेण वा उच्छोलॆज्ज वा पधोऎज्ज वा उच्छोलॆन्तं वा पधोऎन्तं वा सातिज्जति.
837,
838,जे भिक्खू माउग्गामस्स मेहुण-वडियाए पोसन्तं वा पिट्ठन्तं वा भल्लायएण उप्पाऎत्ता सीओदग-वियडेण वा उसिणोदग-वियडेण वा उच्छोलॆत्ता वा पधोऎत्ता वा अन्नयरेणं आलेवणजाएणं आलिम्पॆज्ज वा विलिम्पॆज्ज वा आलिम्पॆन्तं वा विलिम्पॆन्तं वा सातिज्जति.
839,
840,जे भिक्खू माउग्गामस्स मेहुण-वडियाए पोसन्तं वा पिट्ठन्तं वा भल्लायएण उप्पाऎत्ता सीओदग-वियडेण वा उसिणोदग-वियडेण वा उच्छोलॆत्ता वा पधोऎत्ता वा अन्नयरेणं आलेवणजाएणं आलिम्पॆत्ता वा विलिम्पॆत्ता वा तॆल्लेण वा घएण वा वसाए वा नवनीएण वा अब्भङ्गॆज्ज वा मक्खॆज्ज वा अब्भङ्गॆन्तं वा मक्खॆन्तं वा सातिज्जति.
841,
842,जे भिक्खू माउग्गामस्स मेहुण-वडियाए पोसन्तं वा पिट्ठन्तं वा भल्लायएण उप्पाऎत्ता सीओदग-वियडेण वा उसिणोदग-वियडेण वा उच्छोलॆत्ता वा पधोऎत्ता वा अन्नयरेणं आलेवणजाएणं आलिम्पॆत्ता वा विलिम्पॆत्ता वा तॆल्लेण वा घएण वा वसाए वा नवनीएण वा अब्भङ्गॆत्ता वा मक्खॆत्तावा अन्नयरेणं धूवण-जाएणं धूवॆज्ज वा पधूवॆज्ज वा धूवॆन्तं वा पधूवॆन्तं वा सातिज्जति.
843,
844,जे भिक्खू माउग्गामस्स मेहुण-वडियाए कसिणाइं वत्थाइं धरेति धरॆन्तं वा सातिज्जति.
845,
846,जे भिक्खू माउग्गामस्स मेहुण-वडियाए अहयाइं वत्थाइं धरेति धरॆन्तं वा सातिज्जति ।. 
847,
848,जे भिक्खू माउग्गामस्स मेहुण-वडियाए धोय-रत्ताइं वत्थाइं धरेति धरॆन्तं वा सातिज्जति [जे भिक्खू माउग्गामस्स मेहुण-वडियाए मलिनाइं वत्थाइं धरेति धरॆन्तं वा सातिज्जति.]. 
849,
850,जे भिक्खू माउग्गामस्स मेहुण-वडियाए चित्ताइं वत्थाइं धरेति धरॆन्तं वा सातिज्जति ।. 
851,
852,जे भिक्खू माउग्गामस्स मेहुण-वडियाए विचित्ताइं वत्थाइं धरेति धरॆन्तं वा सातिज्जति.
853,
854,जे भिक्खू माउग्गामस्स मेहुण-वडियाए अप्पणो पाए आमज्जॆज्ज वा पमज्जॆज्ज वा आमज्जन्तं वा पमज्जन्तं वा सातिज्जति.
855,
856,जे भिक्खू माउग्गामस्स मेहुण-वडियाए अप्पणो पाए संवाहॆज्ज वा पलिमद्दॆज्ज वा संवाहॆन्तं वा पलिमद्दॆन्तं वा सातिज्जति.
857,
858,जे भिक्खू माउग्गामस्स मेहुण-वडियाए अप्पणो पाए तॆल्लेण वा घएण वा वसाए वा नवनीएण वा अब्भङ्गॆज्ज वा मक्खॆज्ज वा अब्भङ्गॆन्तं वा मक्खॆन्तं वा सातिज्जति.
859,
860,जे भिक्खू माउग्गामस्स मेहुण-वडियाए अप्पणो पाए लॊद्धेण वा कक्केण वा चुण्णेण वा वण्णेण वा उल्लोलॆज्ज वा उव्वट्टॆज्ज वा उल्लोलॆन्तं वा उव्वट्टॆन्तं वा सातिज्जति.
861,
862,जे भिक्खू माउग्गामस्स मेहुण-वडियाए अप्पणो पाए सीओदग-वियडेण वा उसिणोदग-वियडेण वा उच्छोलॆज्ज वा पधोऎज्ज वा उच्छोलॆन्तं वा पधोऎन्तं वा सातिज्जति.
863,
864,जे भिक्खू माउग्गामस्स मेहुण-वडियाए अप्पणो पाए फुमॆज्ज वा रऎज्ज वा फुमॆन्तं वा रऎन्तं वा सातिज्जति.
865,
866,जे भिक्खू माउग्गामस्स मेहुण-वडियाए अप्पणो कायं आमज्जॆज्ज वा पमज्जॆज्ज वा आमज्जन्तं वा पमज्जन्तं वा सातिज्जति.
867,
868,जे भिक्खू माउग्गामस्स मेहुण-वडियाए अप्पणो कायं संवाहॆज्ज वा पलिमद्दॆज्ज वा संवाहॆन्तं वा पलिमद्दॆन्तं वा सातिज्जति.
869,
870,जे भिक्खू माउग्गामस्स मेहुण-वडियाए अप्पणो कायं तॆल्लेण वा घएण वा वसाए वा नवनीएण वा अब्भॆङ्गॆज्ज वा मक्खॆज्ज वा अब्भङ्गॆन्तं वा मक्खॆन्तं वा सातिज्जति.
871,
872,जे भिक्खू माउग्गामस्स मेहुण-वडियाए अप्पणो कायं लॊद्धेण वा कक्केण वा चुण्णेण वा वण्णेण वा उल्लोलॆज्ज वा उव्वट्टॆज्ज वा उल्लोलॆन्तं वा उव्वट्टॆन्तं वा सातिज्जति.
873,
874,जे भिक्खू माउग्गामस्स मेहुण-वडियाए अप्पणो कायं सीओदग-वियडेण वा उसिणोदग-वियडेण वा उच्छोलॆज्ज वा पधोऎज्ज वा उच्छोलॆन्तं वा पधोऎन्तं वा सातिज्जति.
875,
876,जे भिक्खू माउग्गामस्स मेहुण-वडियाए अप्पणो कायं फुमॆज्ज वा रऎज्ज वा फुमॆन्तं वा रऎन्तं वा सातिज्जति.
877,
878,जे भिक्खू माउग्गामस्स मेहुण-वडियाए अप्पणो कायंसि वणं आमज्जॆज्ज वा पमज्जॆज्ज वा आमज्जन्तं वा पमज्जन्तं वा सातिज्जति.
879,
880,जे भिक्खू माउग्गामस्स मेहुण-वडियाए अप्पणो कायंसि वणं संवाहॆज्ज वा पलिमद्दॆज्ज वा संवाहॆन्तं वा पलिमद्दॆन्तं वा सातिज्जति.
881,
882,जे भिक्खू माउग्गामस्स मेहुण-वडियाए अप्पणो कायंसि वणं तॆल्लेण वा घएण वा वसाए वा नवनीएण वा अब्भङ्गॆज्ज वा मक्खॆज्ज वा अब्भङ्गॆन्तं वा मक्खॆन्तं वा सातिज्जति.
883,
884,जे भिक्खू माउग्गामस्स मेहुण-वडियाए अप्पणो कायंसि वणं लॊद्धेण वा कक्केण वा चुण्णेण वा वण्णेण वा उल्लोलॆज्ज वा उव्वट्टॆज्ज वा उल्लोलॆन्तं वा उव्वट्टॆन्तं वा सातिज्जति.
885,
886,जे भिक्खू माउग्गामस्स मेहुण-वडियाए अप्पणो कायंसि वणं सीओदग-वियडेण वा उसिणोदग-वियडेण वा उच्छोलॆज्ज वा पधोऎज्ज वा उच्छोलॆन्तं वा पधोऎन्तं वा सातिज्जति.
887,
888,जे भिक्खू माउग्गामस्स मेहुण-वडियाए अप्पणो कायंसि वणं फुमॆज्ज वा रऎज्ज वा फुमॆन्तं वा रऎन्तं वा सातिज्जति.
889,
890,जे भिक्खू माउग्गामस्स मेहुण-वडियाए अप्पणो कायंसि गण्डं वा पिडयं वा अरइयं वा असियं वा भगन्दलं वा अन्नयरेणं तिक्खेणं सत्थजाएणं अच्छिन्दॆज्ज वा विच्छिन्दॆज्ज वा अच्छिन्दॆन्तं वा विच्छिन्दॆन्तं वा सातिज्जति.
891,
892,जे भिक्खू माउग्गामस्स मेहुण-वडियाए अप्पणो कायंसि गण्डं वा पिडयं वा अरइयं वा असियं वा भगन्दलं वा अन्नयरेणं तिक्खेणं सत्थजाएणं अच्छिन्दित्ता वा विच्छिन्दित्ता वा पूयं वा सोणियं वा नीहरॆज्ज वा विसोहॆज्ज वा नीहरॆन्तं वा विसोहॆन्तं वा सातिज्जति.
893,
894,जे भिक्खू माउग्गामस्स मेहुण-वडियाए अप्पणो कायंसि गण्डं वा पिडयं वा अरइयं वा असियं वा भगन्दलं वा अन्नयरेणं तिक्खेणं सत्थजाएणं अच्छिन्दित्ता वा विच्छिन्दित्ता वा पूयं वा सोणियं वा नीहरित्ता वा विसोहॆत्ता वा सीओदग-वियडेण वा उसिणोदग-वियडेण वा उच्छोलॆज्ज वा पधोऎज्ज वा उच्छोलॆन्तं वा पधोऎन्तं वा सातिज्जति.
895,
896,जे भिक्खू माउग्गामस्स मेहुण-वडियाए अप्पणो कायंसि गण्डं वा पिडयं वा अरइयं वा असियं वा भगन्दलं वा अन्नयरेणं तिक्खेणं सत्थजाएणं अच्छिन्दित्ता वा विच्छिन्दित्ता वा पूयं वा सोणियं वा नीहरित्ता वा विसोहॆत्ता वा सीओदग-वियडेण वा उसिणोदग-वियडेण वा उच्छोलॆत्ता वा पधोऎत्ता वा अन्नयरेणं आलेवणजाएणं आलिम्पॆज्ज वा विलिम्पॆज्ज वा आलिम्पॆन्तं वा विलिम्पॆन्तं वा सातिज्जति.
897,
898,जे भिक्खू माउग्गामस्स मेहुण-वडियाए अप्पणो कायंसि गण्डं वा पिडयं वा अरइयं वा असियं वा भगन्दलं वा अन्नयरेणं तिक्खेणं सत्थजाएणं अच्छिन्दित्ता वा विच्छिन्दित्ता वा पूयं वा सोणियं वा नीहरित्ता वा विसोहॆत्ता वा सीओदग-वियडेण वा उसिणोदग-वियडेण वा उच्छोलॆत्ता वा पधोऎत्ता वा अन्नयरेणं आलेवणजाएणं आलिम्पॆत्ता वा विलिम्पॆत्ता वा तॆल्लेणं वा घएण वा वसाए वा नवनीएण वा अब्भङ्गॆज्ज वा मक्खॆज्ज वा अब्भङ्गॆन्तं वा मक्खॆन्तं वा सातिज्जति.
899,
900,जे भिक्खू माउग्गामस्स मेहुण-वडियाए अप्पणो कायंसि गण्डं वा पिडयं वा अरइयं वा असियं वा भगन्दलं वा अन्नयरेणं तिक्खेणं सत्थजाएणं अच्छिन्दित्ता वा विच्छिन्दित्ता वा पूयं वा सोणियं वा नीहरित्ता वा विसोहॆत्ता वा सीओदग-वियडेण वा उसिणोदग-वियडेण वा उच्छोलॆत्ता वा पधोऎत्ता वा अन्नयरेणं आलेवणजाएणं आलिम्पॆत्ता वा विलिम्पॆत्ता वा तॆल्लेणं वा घएण वा वसाए वा नवनीएण वा अब्भङ्गॆज्ज वा मक्खॆज्ज वा अब्भङ्गॆत्ता वा मक्खॆत्ता वा अन्नयरेणं धूवण-जाएणं धूवॆज्ज वा पधूवॆज्ज वा धूवॆन्तं वा पधूवॆन्तं वा सातिज्जति.
901,
902,जे भिक्खू माउग्गामस्स मेहुण-वडियाए अप्पणो पालुकिमियं वा कुच्छिकिमियं वा अङ्गुलीए निवेसिय-निवेसिय नीहरॆन्त वा सातिज्जति.
903,
904,जे भिक्खू माउग्गामस्स मेहुण-वडियाए अप्पणो दीहाओ नह-सिहाओ कप्पॆज्ज वा सण्ठवॆज्ज वा कप्पॆन्तं वा सण्ठवॆन्तं वा सातिज्जति.
905,
906,जे भिक्खू माउग्गामस्स मेहुण-वडियाए अप्पणो दीहाइं जङ्घ-रोमाइं कप्पॆज्ज वा सण्ठवॆज्ज वा कप्पॆन्तं वा सण्ठवॆन्तं वा सातिज्जति.
907,
908,जे भिक्खू माउग्गामस्स मेहुण-वडियाए अप्पणो दीहाइं वत्थि-रोमाइं कप्पॆज्ज वा सण्ठवॆज्ज वा कप्पॆन्तं वा सण्ठवॆन्तं वा सातिज्जति.
909,
910,जे भिक्खू माउग्गामस्स मेहुण-वडियाए अप्पणो दीहाइं चक्खु-रोमाइं कप्पॆज्ज वा सण्ठवॆज्ज वा कप्पॆन्तं वा सण्ठवॆन्तं वा सातिज्जति.
911,
912,जे भिक्खू माउग्गामस्स मेहुण-वडियाए अप्पणो दीहाइं कक्खाण-रोमाइं कप्पॆज्ज वा सण्ठवॆज्ज वा कप्पॆन्तं वा सण्ठवॆन्तं वा सातिज्जति.
913,
914,जे भिक्खू माउग्गामस्स मेहुण-वडियाए अप्पणो दीहाइं मंसु-रोमाइं कप्पॆज्ज वा सण्ठवॆज्ज वा कप्पॆन्तं वा सण्ठवॆन्तं वा सातिज्जति.
915,
916,जे भिक्खू माउग्गामस्स मेहुण-वडियाए अप्पणो दन्ते आघंसॆज्ज वा पघंसॆज्ज वा आघंसन्तं वा पघंसन्तं वा सातिज्जति.
917,
918,जे भिक्खू माउग्गामस्स मेहुण-वडियाए अप्पणो दन्ते उच्छोलॆज्ज वा पधोऎज्ज वा उच्छोलॆन्तं वा पधोऎन्तं वा सातिज्जति.
919,
920,जे भिक्खू माउग्गामस्स मेहुण-वडियाए अप्पणो दन्ते फुमॆज्ज वा रऎज्ज वा फुमॆन्तं वा रऎन्तं वा सातिज्जति.
921,
922,जे भिक्खू माउग्गामस्स मेहुण-वडियाए अप्पणो उट्ठे आमज्जॆज्ज वा पमज्जॆज्ज वा आमज्जन्तं वा पमज्जन्तं वा सातिज्जति.
923,
924,जे भिक्खू माउग्गामस्स मेहुण-वडियाए अप्पणो उट्ठे संवाहॆज्ज वा पलिमद्दॆज्ज वा संवाहॆन्तं वा पलिमद्दॆन्तं वा सातिज्जति.
925,
926,जे भिक्खू माउग्गामस्स मेहुण-वडियाए अप्पणो उट्ठे तॆल्लेण वा घएण वा वसाए वा नवनीएण वा अब्भङ्गॆज्ज वा मक्खॆज्ज वा अब्भङ्गॆन्तं वा मक्खॆन्तं वा सातिज्जति.
927,
928,जे भिक्खू माउग्गामस्स मेहुण-वडियाए अप्पणो उट्ठे लॊद्धेण वा कक्केण वा चुण्णेण वा वण्णेण वा उल्लोलॆज्ज वा उव्वट्टॆज्ज वा उल्लोलॆन्तं वा उव्वट्टॆन्तं वा सातिज्जति.
929,
930,जे भिक्खू माउग्गामस्स मेहुण-वडियाए अप्पणो उट्ठे सीओदग-वियडेण वा उसिणोदग-वियेडण वा उच्छोलॆज्ज वा पधोऎज्ज वा उच्छोलॆन्तं वा पधोऎन्तं वा सातिज्जति.
931,
932,जे भिक्खू माउग्गामस्स मेहुण-वडियाए अप्पणो उट्ठे फुमॆज्ज वा रऎज्जा वा फुमॆन्तं वा रऎन्तं वा सातिज्जति.
933,
934,जे भिक्खू माउग्गामस्स मेहुण-वडियाए अप्पणो दीहाइं उत्तरॊट्ठ-रोमाइं कप्पॆज्ज वा सण्ठवॆज्ज वा कप्पॆन्तं वा सण्ठवॆन्तं वा सातिज्जति. [जे भिक्खू माउग्गामस्स मेहुण-वडियाए अप्पणो दीहाइं नासा-रोमाइं कप्पॆज्ज वा सण्ठवॆज्ज वा कप्पॆन्तं वा सण्ठवॆन्तं वा सातिज्जति.]. 
935,
936,जे भिक्खू माउग्गामस्स मेहुण-वडियाए अप्पणो दीहाइं अच्छि-पत्ताइं कप्पॆज्ज वा सण्ठवॆज्ज वा कप्पॆन्तं वा सण्ठवॆन्तं वा सातिज्जति.
937,
938,जे भिक्खू माउग्गामस्स मेहुण-वडियाए अप्पणो अच्छीणि आमज्जॆज्ज वा पमज्जॆज्ज वा आमज्जन्तं वा पमज्जन्तं वा सातिज्जति.
939,
940,जे भिक्खू माउग्गामस्स मेहुण-वडियाए अप्पणो अच्छीणि संवाहॆज्ज वा पलिमद्दॆज्ज वा संवाहॆन्तं वा पलिमद्दॆन्तं वा सातिज्जति.
941,
942,जे भिक्खू माउग्गामस्स मेहुण-वडियाए अप्पणो अच्छीणि तॆल्लेण वा घएण वा वसाए वा नवनीएण वा अब्भङ्गॆज्ज वा मक्खॆज्ज वा अब्भङ्गॆन्तं वा मक्खॆन्तं वा सातिज्जति.
943,
944,जे भिक्खू माउग्गामस्स मेहुण-वडियाए अप्पणो अच्छीणि लॊद्धेण वा कक्केण वा चुण्णेण वा वण्णेण वा उल्लोलॆज्ज वा उव्ट्टॆज्ज वा उल्लोलॆन्तं वा उव्वट्टॆन्तं वा सातिज्जति.
945,
946,जे भिक्खू माउग्गामस्स मेहुण-वडियाए अप्पणो अच्छीणि सीओदग-वियडेण वा उसिणोदग-वियडेण वा उच्छोलॆज्ज वा पधोऎज्ज वा उच्छोलॆन्तं वा पधोऎन्तं वा सातिज्जति.
947,
948,जे भिक्खू माउग्गामस्स मेहुण-वडियाए अप्पणो अच्छीणि फुमॆज्ज वा रऎज्ज वा फुमॆन्तं वा रऎन्तं वा सातिज्जति.
949,
950,जे भिक्खू माउग्गामस्स मेहुण-वडियाए अप्पणो दीहाइं भमुग-रोमाइं कप्पॆज्ज वा सण्ठवॆज्ज वा कप्पॆन्तं वा सण्ठवॆन्तं वा सातिज्जति.
951,
952,जे भिक्खू माउग्गामस्स मेहुण-वडियाए अप्पणो दीहाइं पास-रोमाइं कप्पॆज्ज वा सण्ठवॆज्ज वा कप्पॆन्तं वा सण्ठवॆन्तं वा सातिज्जति.
953,
954,जे भिक्खू माउग्गामस्स मेहुण-वडियाए अप्पणो कायाओ सेयं वा जल्लं वा पङ्कं वा मलं वा नीहरॆज्ज वा विसोहॆज्ज वा नीहरॆन्तं वा विसोहॆन्तं वा सातिज्जति.
955,
956,जे भिक्खू माउग्गामस्स मेहुण-वडियाए अप्पणो अच्छिमलं वा कण्णमलं वा दन्तमलं वा नहमलं वा नीहरॆज्ज वा विसोहॆज्ज वा नीहरॆन्तं वा विसोहॆन्तं वा सातिज्जति.
957,
958,जे भिक्खू माउग्गामस्स मेहुण-वडियाए गामाणुगामं दूइज्जमाणे अप्पणो सीसदुवारियं करेति करॆन्तं वा सातिज्जति.
959,
960,जे भिक्खू माउग्गामस्स मेहुण-वडियाए खीरं वा दहिं वा नवनीयं वा सप्पिं वा गुलं वा खण्डं वा सक्करं वा मच्छण्डियं वा अन्नयरं वा पणीयं आहारं आहारेति आहारॆन्तं वा सातिज्जति.
961,
962,तं सेवमाणे आवज्जति चाउम्मासियं परिहारट्ठाणं अनुग्घातियं.
963,
964,
965,
966,---------------------------------------------------------------------
967,जे भिक्खू माउग्गामस्स मेहुण-वडियाए तणमालियं वा मुञ्जमालियं वा वॆत्तमालियं वा भिण्डमालियं वा मयणमालियं वा पिच्छमालियं वा दन्तमालियं वा सिङ्गमालियं वा सङ्खमालियं वा हड्डमालियं वा कट्ठमालियं वा पत्तमालियं वा पुप्फमालियं वा फलमालियं वा बीजमालियं वा हरियमालियं वा करॆन्ति करॆन्तं वा सातिज्जति.
968,
969,जे भिक्खू माउग्गामस्स मेहुण-वडियाए तणमालियं वा मुञ्जमालियं वा वॆत्तमालियं वा भिण्डमालियं वा मयणमालियं वा पिच्छमालियं वा दन्तमालियं वा सिङ्गमालियं वा सङ्खमालियं वा हड्डमालियं वा कट्ठमालियं वा पत्तमालियं वा पुप्फमालियं वा फलमालियं वा बीजमालियं वा हरियमालियं वा धरेति धरॆन्तं वा सातिज्जति.
970,
971,जे भिक्खू माउग्गामस्स मेहुण-वडियाए तणमालियं वा मुञ्जमालियं वा वॆत्तमालियं वा भिण्डमालियं वा मयणमालियं वा पिच्छमालियं वा दन्तमालियं वा सिङ्गमालियं वा सङ्खमालियं वा हड्डमालियं वा कट्ठमालियं वा पत्तमालियं वा पुप्फमालियं वा फलमालियं वा बीजमालियं वा हरियमालियं वा पिणद्धति पिणद्धन्तं वा सातिज्जति.
972,
973,जे भिक्खू माउग्गामस्स मेहुण-वडियाए अय-लोहाणि वा तम्ब-लोहाणि वा तउय लोहाणि वा सीसग-लोहाणि वा रुप्प-लोहाणि वा सुवण्ण-लोहाणि वा करेति करॆन्तं वा सातिज्जति.
974,
975,जे भिक्खू माउग्गामस्स मेहुण-वडियाए अय-लोहाणि वा तम्ब-लोहाणि वा तउय लोहाणि वा सीसग-लोहाणि वा रुप्प-लोहाणि वा सुवण्ण-लोहाणि वा धरेति धरॆन्तं वा सातिज्जति.
976,
977,जे भिक्खू माउग्गामस्स मेहुण-वडियाए अय-लोहाणि वा तम्ब-लोहाणि वा तउय लोहाणि वा सीसग-लोहाणि वा रुप्प-लोहाणि वा सुवण्ण-लोहाणि वा परिभुञ्जति परिभुञ्जन्तं वा सातिज्जति।. 
978,
979,जे भिक्खू माउग्गामस्स मेहुण-वडियाए हाराणि वा अद्धहाराणि वा एगावली वा मुत्तावली वा कनगावली वा रयणावली वा कडगाणि वा तुडियाणि वा केऊराणि वा कुण्डलाणि वा पट्टाणि वा मउडाणि वा पलम्बसुत्ताणि वा सुवण्णसुत्ताणि वा करेति करॆन्तं वा सातिज्जति.
980,
981,जे भिक्खू माउग्गामस्स मेहुण-वडियाए हाराणि वा अद्धहाराणि वा एगावली वा मुत्तावली वा कणगावली वा रयणावली वा कडगाणि वा तुडियाणि वा केऊराणि वा कुण्डलाणि वा पट्टाणि वा मउडाणि वा पलम्बसुत्ताणि वा सुवण्णसुत्ताणि वा धरेति धरॆन्तं वा सातिज्जति.
982,
983,जे भिक्खू माउग्गामस्स मेहुण-वडियाए हाराणि वा अद्धहाराणि वा एगावली वा मुत्तावली वा कनगावली वा रयणावली वा कडगाणि वा तुडियाणि वा केऊराणि वा कुण्डलाणि वा पट्टाणि वा मउडाणि वा पलम्बसुत्ताणि वा सुवण्णसुत्ताणि वा परिभुञ्जति परिभुञ्जन्तं वा सातिज्जति.
984,
985,जे भिक्खू माउग्गामस्स मेहुण-वडियाए आईणाणि वा सहिणाणि वा कल्लाणि वा सहिणकल्लाणाणि वा आयाणि वा कायाणि वा खोमाणि वा दुगुल्लाणि वा तिरीडपट्टाणि वा मलयाणि वा पत्तुण्णाणि वा अंसुयाणि वा चीनंसुयाणि वा देसरागाणि वा अमिलाणि वा गज्जलाणि वा फाडिगाणि वा कोतवाणि वा कम्बलाणि वा पावारगाणि वा कनगाणि वा कनगकताणि वा कनगपट्टाणि वा कनगखचियाणि वा कनगफुल्लियाणि वा वग्घाणि वा विवग्घाणि वा आभरणाणि वा आभरणविचित्ताणि वा उद्दाणि वा गोरमिगाईणगाणि वा किण्हमिगाईणगाणि वा नीलमिगाईणगाणि वा पेसाणि वा पेसलेसाणि वा करेति करॆन्तं वा सातिज्जति.
986,
987,जे भिक्खू माउग्गामस्स मेहुण-वडियाए आईणाणि वा सहिणाणि वा कल्लाणि वा सहिणकल्लाणाणि वा आयाणि वा कायाणि वा खोमाणि वा दुगुल्लाणि वा तिरीडपट्टाणि वा मलयाणि वा पत्तुण्णाणि वा अंसुयाणि वा चीनंसुयाणि वा देसरागाणि वा अमिलाणि वा गज्जलाणि वा फाडिगाणि वा कोतवाणि वा कम्बलाणि वा पावारगाणि वा कनगाणि वा कनगकताणि वा कनगपट्टाणि वा कनगखचियाणि वा कनगफुल्लियाणि वा वग्घाणि वा विवग्घाणि वा आभरणाणि वा आभरणविचित्ताणि वा उद्दाणि वा गोरमिगाईणगाणि वा किण्हमिगाईणगाणि वा नीलमिगाईणगाणि वा पेसाणि वा पेसलेसाणि वा धरेति धरॆन्तं वा सातिज्जति.
988,
989,जे भिक्खू माउग्गामस्स मेहुण-वडियाए आईणाणि वा सहिणाणि वा कल्लाणि वा सहिणकल्लाणाणि वा आयाणि वा कायाणि वा खोमाणि वा दुगुल्लाणि वा तिरीडपट्टाणि वा मलयाणि वा पत्तुण्णाणि वा अंसुयाणि वा चीनंसुयाणि वा देसरागाणि वा अमिलाणि वा गज्जलाणि वा फाडिगाणि वा कोतवाणि वा कम्बलाणि वा पावारगाणि वा कनगाणि वा कनगकताणि वा कनगपट्टाणि वा कनगखचियाणि वा कनगफुल्लियाणि वा वग्घाणि वा विवग्घाणि वा आभरणाणि वा आभरणविचित्ताणि वा उद्दाणि वा गोरमिगाईणगाणि वा किण्हमिगाईणगाणि वा नीलमिगाईणगाणि वा पेसाणि वा पेसलेसाणि वा परिभुञ्जति परिभुञ्जन्तं वा सातिज्जति.
990,
991,जे भिक्खू माउग्गस्स मेहुण-वडियाए अक्खंसि वा उरुंसि वा उदरंसि वा थणंसि वा गहाय सञ्चालेति सञ्चालॆन्तं वा सातिज्जति.
992,
993,जे भिक्खू माउग्गामस्स मेहुण-वडियाए अन्नमन्नस्स पाए आमज्जॆज्ज वा पमज्जॆज्ज वा आमज्जन्तं वा पमज्जन्तं वा सातिज्जति.
994,
995,जे भिक्खू माउग्गामस्स मेहुण-वडियाए अन्नमन्नस्स पाए संवाहॆज्ज वा पलिमद्दॆज्ज वा संवाहॆन्तं वा पलिमद्दॆन्तं वा सातिज्जति.
996,
997,जे भिक्खू माउग्गामस्स मेहुण-वडियाए अन्नमन्नस्स पाए तॆल्लेण वा घएण वा वसाए वा नवनीएण वा अब्भङ्गॆज्जं वा मक्खॆज्ज वा अब्भङ्गॆन्तं वा मक्खॆन्तं वा सातिज्जति.
998,
999,जे भिक्खू माउग्गामस्स मेहुण-वडियाए अन्नमन्नस्स पाए लॊद्धेण वा कक्केण वा चुण्णेण वा वण्णेण वा उल्लोलॆज्ज वा उव्वट्टॆज्ज वा उल्लोलॆन्तं वा उव्वट्टॆन्तं वा सातिज्जति.
1000,
1001,जे भिक्खू माउग्गामस्स मेहुण-वडियाए अन्नमन्नस्स पाए सीओदग-वियडेण वा उसिणोदग-वियडेण वा उच्छोलॆज्ज वा पधोऎज्ज वा उच्छोलॆन्तं वा पधोऎन्तं वा सातिज्जति.
1002,
1003,जे भिक्खू माउग्गामस्स मेहुण-वडियाए अन्नमन्नस्स पाए फुमॆज्ज वा रऎज्ज वा फुमॆन्तं वा रऎन्तं वा सातिज्जति.
1004,
1005,जे भिक्खू माउग्गामस्स मेहुण-वडियाए अन्नमन्नस्स कायं आमज्जॆज्ज वा पमज्जॆज्ज वा आमज्जन्तं वा पमज्जन्तं वा सातिज्जति.
1006,
1007,जे भिक्खू माउग्गामस्स मेहुण-वडियाए अन्नमन्नस्स कायं संवाहॆज्ज वा पलिमद्दॆज्ज वा संवाहॆन्तं वा पलिमद्दॆन्तं वा सातिज्जति.
1008,
1009,जे भिक्खू माउग्गामस्स मेहुण-वडियाए अन्नमन्नस्स कायं तॆल्लेण वा घएण वा वसाए वा नवनीएण वा अब्भङ्गॆज्ज वा मक्खॆज्ज वा अब्भङ्गॆन्तं वा मक्खॆन्तं वा सातिज्जति.
1010,
1011,जे भिक्खू माउग्गामस्स मेहुण-वडियाए अन्नमन्नस्स कायं लॊद्धेण वा कक्केण वा चुण्णेण वा वण्णेण वा उल्लोलॆज्ज वा उव्वट्टॆज्ज वा उल्लोलॆन्तं वा उव्वट्टॆन्तं वा सातिज्जति.
1012,
1013,जे भिक्खू माउग्गामस्स मेहुण-वडियाए अन्नमन्नस्स कायं सीओदग-वियडेण वा उसिणोदग-वियडेण वा उच्छोलॆज्ज वा पधोऎज्ज वा उच्छोलॆन्तं वा पधोऎन्तं वा सातिज्जति.
1014,
1015,जे भिक्खू माउग्गामस्स मेहुण-वडियाए अन्नमन्नस्स कायं फुमॆज्ज वा रऎज्ज वा फुमॆन्तं वा रऎन्तं वा सातिज्जति.
1016,
1017,जे भिक्खू माउग्गामस्स मेहुण-वडियाए अन्नमन्नस्स कायंसि वणं आमज्जॆज्ज वा पमज्जॆज्ज वा आमज्जन्तं वा पमज्जन्तं वा सातिज्जति.
1018,
1019,जे भिक्खू माउग्गामस्स मेहुण-वडियाए अन्नमन्नस्स कायंसि वणं संवाहॆज्ज वा पलिमद्दॆज्ज वा संवाहॆन्तं वा पलिमद्दॆन्तं वा सातिज्जति.
1020,
1021,जे भिक्खू माउग्गामस्स मेहुण-वडियाए अन्नमन्नस्स कायंसि वणं तॆल्लेण वा घएण वा वसाए वा नवनीएण वा अब्भङ्गॆज्ज वा मक्खॆज्ज वा अब्भङ्गॆन्तं वा मक्खॆन्तं वा सातिज्जति.
1022,
1023,जे भिक्खू माउग्गामस्स मेहुण-वडियाए अन्नमन्नस्स कायंसि वणं लॊद्धेण वा कक्केण वा चुण्णेण वा वण्णेण वा उल्लोलॆज्ज वा उव्वट्टॆज्ज वा उल्लोलॆन्तं वा उव्वट्टॆन्तं वा सा० ।. 
1024,
1025,जे भिक्खू माउग्गामस्स मेहुण-वडियाए अन्नमन्नस्स कायंसि वणं सीओदग-वियडेण वा उसिणोदग-वियडेण वा उच्छोलॆज्ज वा पधोऎज्ज वा उच्छोलॆन्तं वा पधोऎन्तं वा सातिज्जति.
1026,
1027,जे भिक्खू माउग्गामस्स मेहुण-वडियाए अन्नमन्नस्स कायंसि वणं फुमॆज्ज वा रऎज्ज वा फुमॆन्तं वा रऎन्तं वा सातिज्जति.
1028,
1029,जे भिक्खू माउग्गामस्स मेहुण-वडियाए अन्नमन्नस्स कायंसि गण्डं वा पिडयं वा अरइयं वा असियं वा भगन्दलं वा अन्नयरेणं तिक्खेणं सत्थजाएणं अच्छिन्दॆज्ज वा विच्छिन्दॆज्ज वा अच्छिन्दॆन्तं वा विच्छिन्देतं वा सातिज्जति.
1030,
1031,जे भिक्खू माउग्गामस्स मेहुण-वडियाए अन्नमन्नस्स कायंसि गण्डं वा पिडयं वा अरइयं वा असियं वा भगन्दलं वा अन्नयरेणं तिक्खेणं सत्थजाएणं अच्छिन्दॆज्ज वा विच्छिन्दॆज्ज वा पूयं वा सोणियं वा नीहरॆज्ज वा विसोहॆज्ज वा नीहरॆन्तं वा विसोहॆन्तं वा सातिज्जति ।।. 
1032,
1033,जे भिक्खू माउग्गामस्स मेहुण-वडियाए अन्नमन्नस्स कायंसि गण्डं वा पिडयं वा अरइयं वा असियं वा भगन्दलं वा अन्नयरेणं तिक्खेणं सत्थजाएणं अच्छिन्दॆज्ज वा विच्छिन्दॆज्ज वा पूयं वा सोणियं वा नीहरॆत्ता वा विसोहॆत्ता वा सीओदग-वियडेण वा उसिणोदग-वियडेण वा उच्छोलॆज्ज वा पधोऎज्ज वा उच्छोलॆन्तं वा पधोऎन्तं वा सातिज्जति.
1034,
1035,जे भिक्खू माउग्गामस्स मेहुण-वडियाए अन्नमन्नस्स कायंसि गण्डं वा पिडयं वा अरइयं वा असियं वा भगन्दलं वा अन्नयरेणं तिक्खेणं सत्थजाएणं अच्छिन्दॆज्ज वा विच्छिन्दॆज्ज वा पूयं वा सोणियं वा नीहरॆत्ता वा विसोहॆत्ता वा सीओदग-वियडेण वा उसिणोदग-वियडेण वा उच्छोलॆत्ता वा पधोऎत्ता वा अन्नयरेणं आलेवण-जाएणं आलिम्पॆज्ज वा विलिम्पॆज्जा वा आलिम्पन्तं वा विलिम्पन्तं वा सातिज्जति.
1036,
1037,जे भिक्खू माउग्गामस्स मेहुण-वडियाए अन्नमन्नस्स कायंसि गण्डं वा पिडयं वा अरइयं वा असियं वा भगन्दलं वा अन्नयरेणं तिक्खेणं सत्थजाएणं विच्छिन्दित्ता वा पूयं वा सोणियं वा नीहरॆत्ता वा विसोहॆत्ता वा सीओदग-वियडेण वा उसिणोदग-वियडेण वा उच्छोलॆत्ता वा पधोऎत्ता वा अन्नयरेणं आलेवणजाएणं आलिम्पॆत्ता विलिम्पॆत्ता वा तॆल्लेण वा घएण वा वसाए वा नवनीएण वा अब्भङ्गॆज्ज वा मक्खॆज्ज वा अब्भङ्गॆन्तं वा मक्खॆन्तं वा सातिज्जति.
1038,
1039,जे भिक्खू माउग्गामस्स मेहुण-वडियाए अन्नमन्नस्स कायंसि गण्डं वा पिडयं वा अरइयं वा असियं वा भगन्दलं वा अन्नयरेणं तिक्खेणं सत्थजाएणं अच्छिन्दित्ता वा विच्छिन्दित्ता वा पूयं वा सोणियं वा नीहरॆत्ता वा विसोहॆत्ता वा सीओदग-वियडेण वा उसिणोदग-वियडेण वा उच्छोलॆत्ता वा पधोऎत्ता वा अन्नयरेणं आलेवण-जाएणं आलिम्पॆत्ता वा विलिम्पॆत्ता वा तॆल्लेण वा घएण वा वसाए वा नवनीएण वा अब्भङ्गॆत्ता वा मक्खॆत्ता वा अन्नयरेणं धूवण-जाएणं धूवॆज्ज वा पधोवॆज्ज वा धूवॆन्तं वा पधूवॆन्तं वा सातिज्जति.
1040,
1041,जे भिक्खू माउग्गामस्स मेहुण-वडियाए अन्नमन्नस्स पालुकिमियं वा कुच्छिकिमियं वा अङ्गुलीए निवेसिए-निवेसिय नीहरति नीहरन्तं वा सातिज्जति.
1042,
1043,जे भिक्खू माउग्गामस्स मेहुण-वडियाए अन्नमन्नस्स दीहाओ नव-सिहाओ कप्पॆज्ज वा सण्ठवॆज्ज वा कप्पॆन्तं वा सण्ठवॆन्तं वा सातिज्जति.
1044,
1045,जे भिक्खू माउग्गामस्स मेहुण-वडियाए अन्नमन्नस्स दीहाइं जङ्घ-रोमाइं कप्पॆज्ज वा सण्ठवॆज्ज वा कप्पॆन्तं वा सण्ठवॆन्तं वा सातिज्जति.
1046,
1047,जे भिक्खू माउग्गामस्स मेहुण-वडियाए अन्नमन्नस्स दीहाइं वत्थि-रोमाइं कप्पॆज्ज वा सण्ठवॆज्ज वा कप्पॆन्तं वा सण्ठवॆन्तं वा सातिज्जति.
1048,
1049,जे भिक्खू माउग्गामस्स मेहुण-वडियाए अन्नमन्नस्स दीहाइं चक्खु-रोमाइं कप्पॆज्ज वा सण्ठवॆज्ज वा कप्पॆन्तं वा सण्ठवॆन्तं वा सातिज्जति.
1050,
1051,जे भिक्खू माउग्गामस्स मेहुण-वडियाए अन्नमन्नस्स दीहाइं कक्खाण-रोमाइं कप्पॆज्ज वा सण्ठवॆज्ज वा कप्पॆन्तं वा सण्ठवॆन्त वा सातिज्जति.
1052,
1053,जे भिक्खू माउग्गामस्स मेहुण-वडियाए अन्नमन्नस्स दीहाइं मंसु-रोमाइं कप्पॆज्ज वा सण्ठवॆज्ज वा कप्पॆन्तं वा सण्ठवॆन्तं वा सातिज्जति.
1054,
1055,जे भिक्खू माउग्गामस्स मेहुण-वडियाए अन्नमन्नस्स दन्ते आघंसॆज्ज वा पघंसॆज्ज वा आघंसन्तं वा पघंसन्तं वा सातिज्जति.
1056,
1057,जे भिक्खू माउग्गामस्स मेहुण-वडियाए अन्नमन्नस्स दन्ते उच्छोलॆज्ज वा पधोऎज्ज वा उच्छोलॆन्तं वा पधोऎन्तं वा सातिज्जति.
1058,
1059,जे भिक्खू माउग्गामस्स मेहुण-वडियाए अन्नमन्नस्स दन्ते फुमॆज्ज व रऎज्ज वा फुमॆन्तं वा रऎन्तं वा सातिज्जति.
1060,
1061,जे भिक्खू माउग्गामस्स मेहुण-वडियाए अन्नमन्नस्स उट्ठे आमज्जॆज्ज वा पमज्जॆज्ज वा आमज्जन्तं वा पमज्जन्तं वा सातिज्जति.
1062,
1063,जे भिक्खू माउग्गामस्स मेहुण-वडियाए अन्नमन्नस्स उट्ठे संवाहॆज्ज वा पलिमद्दॆज्ज वा संवाहॆन्तं वा पलिमद्दॆन्तं वा सातिज्जति.
1064,
1065,जे भिक्खू माउग्गामस्स मेहुण-वडियाए अन्नमन्नस्स उट्ठे तॆल्लेण वा घएण वा वसाए वा नवनीएण वा अब्भङ्गॆज्ज वा मक्खॆज्ज वा अब्भङ्गॆन्तं वा मक्खॆन्तं वा सातिज्जति.
1066,
1067,जे भिक्खू माउग्गामस्स मेहुण-वडियाए अन्नमन्नस्स उट्ठे लॊद्धेण वा कक्केण वा चुण्णेण वा वण्णेण वा उल्लोलॆज्ज वा उव्वट्टॆज्ज वा उल्लोलॆन्तं वा उव्वट्टॆन्तं वा सातिज्जति.
1068,
1069,जे भिक्खू माउग्गामस्स मेहुण-वडियाए अन्नमन्नस्स उट्ठे सीओदग-वियडेण वा उसिणोदग-वियडेण वा उच्छोलॆज्ज वा पधोऎज्ज वा उच्छोलन्तं वा पधोऎन्तं वा सातिज्जति.
1070,
1071,जे भिक्खू माउग्गामस्स मेहुण-वडियाए अन्नमन्नस्स उट्ठे वा फुमॆज्ज वा रऎज्ज वा फुमन्तं वा रऎन्तं वा सातिज्जति.
1072,
1073,जे भिक्खू माउग्गामस्स मेहुण-वडियाए अन्नमन्नस्स दीहाइं उत्तरॊट्ठ-रोमाइं कप्पॆज्ज वा सण्ठवॆज्ज वा कप्पॆन्तं वा सण्ठवॆन्तं वा सातिज्जति. [जे भिक्खू माउग्गामस्स मेहुण-वडियाए अन्नमन्नस्स नासा-रोमाइं कप्पॆज्ज वा सण्ठवॆज्ज वा कप्पॆन्तं वा सण्ठवॆन्तं वा सातिज्जति.]. 
1074,
1075,जे भिक्खू माउग्गामस्स मेहुण-वडियाए अन्नमन्नस्स दीहाइं अच्छि-पत्ताइं कप्पॆज्ज वा सण्ठवॆज्ज वा कप्पॆन्तं वा सण्ठवॆन्तं वा सातिज्जति.
1076,
1077,जे भिक्खू माउग्गामस्स मेहुण-वडियाए अन्नमन्नस्स अच्छीणि आमज्जॆज्ज वा पमज्जॆज्ज वा आमज्जन्तं वा आमज्जन्तं वा पमज्जन्तं वा सातिज्जति.
1078,
1079,जे भिक्खू माउग्गामस्स मेहुण-वडियाए अन्नमन्नस्स अच्छीणि संवाहॆज्ज वा पलिमद्दॆज्ज वा संवाहॆन्तं वा पलिमद्दॆन्तं वा सातिज्जति.
1080,
1081,जे भिक्खू माउग्गामस्स मेहुण-वडियाए अन्नमन्नस्स अच्छीणि तॆल्लेण वा घएण वा वसाए वा नवनीएण वा अब्भङ्गॆज्ज वा मक्खॆज्ज वा अब्भङ्गॆन्तं वा मक्खॆन्तं वा सातिज्जति.
1082,
1083,जे भिक्खू माउग्गामस्स मेहुण-वडियाए अन्नमन्नस्स अच्छीणि लॊद्धेण वा कक्केण वा चुण्णेण वा वण्णेण वा उल्लोलॆज्ज वा उव्वट्टॆज्ज वा उल्लोलॆन्तं वा उव्वट्टॆन्तं वा सातिज्जति.
1084,
1085,जे भिक्खू माउग्गामस्स मेहुण-वडियाए अन्नमन्नस्स अच्छीणि सीओदगवियडेण वा उसिणोदग-वियडेण वा उच्छोलॆज्ज वा पधोऎज्ज वा उच्छोलेतं वा पधोऎन्तं वा सातिज्जति.
1086,
1087,जे भिक्खू माउग्गामस्स मेहुण-वडियाए अन्नमन्नस्स अच्छीणि फुमॆज्ज वा रऎज्ज वा फुमेतं वा रऎन्तं वा सातिज्जति.
1088,
1089,जे भिक्खू माउग्गामस्स मेहुण-वडियाए अन्नमन्नस्स दीहाइं भमुग-रोमाइं कप्पॆज्ज वा सण्ठवॆज्ज वा कप्पॆन्तं वा सण्ठवॆन्तं वा सातिज्जति.
1090,
1091,जे भिक्खू माउग्गामस्स मेहुण-वडियाए अन्नमन्नस्स दीहाइं पास-रोमाइं कप्पॆज्ज वा सण्ठवॆज्ज वा कप्पॆन्तं वा सण्ठवॆन्तं वा सातिज्जति.
1092,
1093,जे भिक्खू माउग्गामस्स मेहुण-वडियाए अन्नमन्नस्स कायाओ सेयं वा जल्लं वा पङ्कं वा मलं वा नीहरॆज्ज वा विसोहॆज्ज वा नीहरॆन्तं वा विसोहॆन्तं वा सातिज्जति.
1094,
1095,जे भिक्खू माउग्गामस्स मेहुण-वडियाए अन्नमन्नस्स अच्छिमलं वा कण्णमलं वा दन्तमलं वा नहमलं वा नीहरॆज्ज वा विसोहॆज्ज वा नीहरॆन्तं वा विसोहॆन्तं वा सातिज्जति.
1096,
1097,जे भिक्खू माउग्गामस्स मेहुण-वडियाए गामाणुगामं दूइज्जमाणे अन्नमन्नस्स सीसदुवारियं करेति करॆन्तं वा सातिज्जति.
1098,
1099,जे भिक्खू माउग्गामं मेहुण-वडियाए अनन्तरहियाए पुढवीए निसीयावॆज्ज वा तुयट्टावॆज्ज वा निसीयावॆन्तं वा तुयट्टावॆन्तं वा सातिज्जति.
1100,
1101,जे भिक्खू माउग्गामं मेहुण-वडियाए ससिणिद्धाए पुढवीए निसीयावॆज्ज वा तुयट्टावॆज्ज वा निसीयावॆन्तं वा तुयट्टावॆन्तं वा सातिज्जति.
1102,
1103,जे भिक्खू माउग्गामं मेहुण-वडियाए ससरक्खाए पुढवीए निसीयावॆज्ज वा तुयट्टावॆज्ज वा निसीयावॆन्तं वा तुयट्टावॆन्तं वा सातिज्जति.
1104,
1105,जे भिक्खू माउग्गामं मेहुण-वडियाए मट्टियाकडाए पुढवीए निसीयावॆज्ज वा तुयट्टावॆज्ज वा निसीयावॆन्तं वा तुयट्टावॆन्तं वा सातिज्जति.
1106,
1107,जे भिक्खू माउग्गामं मेहुण-वडियाए चित्तमन्ताए पुढवीए निसीयावॆज्ज वा तुयट्टावॆज्ज वा निसीयावॆन्तं वा तुयट्टावॆन्तं वा सातिज्जति.
1108,
1109,जे भिक्खू माउग्गामं मेहुण-वडियाए चित्तमन्ताए सिलाए निसीयावॆज्ज वा तुयट्टावॆज्ज वा निसीयावॆन्तं वा तुयट्टावॆन्तं वा सातिज्जति.
1110,
1111,जे भिक्खू माउग्गामं मेहुण-वडियाए चित्तमन्ताए लेलूए निसीयावॆज्ज वा तुयट्टावॆज्ज वा निसीयावॆन्तं वा तुयट्टावॆन्तं वा सातिज्जति.
1112,
1113,जे भिक्खू माउग्गामं मेहुण-वडियाए कोलावासंसि वा दारुए जीवपइट्ठिए सअण्डे सपाणे सबीए सउस्से सउदए सउत्तिङ्ग-पणग-दग-मट्टिय-मक्कडग-सन्ताणगंसि निसीयावॆज्ज वा तुयट्टावॆज्ज वा निसीयावॆन्तं वा तुयट्टावॆन्तं वा सातिज्जति.
1114,
1115,जे भिक्खू माउग्गामं मेहुण-वडियाए अङ्कंसि वा पलियङ्कंसि वा निसीयावॆज्ज वा तुयट्टावॆज्ज वा निसीयावॆन्तं वा तुयट्टावॆन्तं वा सातिज्जति.
1116,
1117,जे भिक्खू माउग्गामं मेहुण-वडियाए अङ्कंसि वा पलियङ्कंसि वा निसीयावॆत्ता वा तुयट्टावॆत्ता वा असनं वा पानं वा खाइमं वा साइमं वा अनुग्घासॆज्ज वा अनुपाऎज्ज वा अनुग्घासॆन्तं वा अनुपाऎन्तं वा सातिज्जति.
1118,
1119,जे भिक्खू माउग्गामं मेहुण-वडियाए आगन्तारेसु वा आरामागारेसु वा गाहावइकुलेसु वा परियावसहेसु वा निसीयावॆज्ज वा तुयट्टावॆज्ज वा निसीयावॆन्तं वा तुयट्टावॆन्तं वा सातिज्जति.
1120,
1121,जे भिक्खू माउग्गामं मेहुण-वडियाए आगन्तारेसु वा आरामागारेसु वा गाहावइकुलेसु वा परियावसहेसु वा निसीयावॆत्ता वा तुयट्टावॆत्ता वा असनं वा पानं वा खाइमं साइमं वा अनुग्घासॆज्ज वा अनुपाऎज्ज वा अनुग्घासॆन्तं वा अनुपाऎन्तं वा सातिज्जति.
1122,
1123,जे भिक्खू माउग्गामस्स मेहुण-वडियाए अन्नयरं तेइच्छं आउट्टेति आउट्टन्तं वा सातिज्जति.
1124,
1125,जे भिक्खू माउग्गामस्स मेहुण-वडियाए अमणुण्णाइं पॊग्गलाइं अवहरति अवहरन्तं वा सातिज्जति.
1126,
1127,जे भिक्खू माउग्गामस्स मेहुण-वडियाए मणुण्णाइं पॊग्गलाइं अवहरति अवहरन्तं वा सातिज्जति.
1128,
1129,जे भिक्खू माउग्गामस्स मेहुण-वडियाए अन्नयरं पसुजातिं वा पक्खिजातिं वा पायंसि वा पक्खंसि वा पुञ्छंसि वा सीसंसि वा गहाय उव्विहति वा पव्विहति वा सञ्चालेति वा उव्विहन्तं वा पव्विहन्तं वा सञ्चालॆन्तं वा सातिज्जति.
1130,
1131,जे भिक्खू माउग्गामस्स मेहुणवडियाए अन्नयरं पसुजातिं वा पक्खिजातिं वा सोयंसि कट्ठं वा किलिञ्चं वा अङ्गुलियं वा सलागं वा अनुप्पवेसॆत्ता सञ्चालेति सञ्चालॆन्तं वा सातिज्जति.
1132,
1133,जे भिक्खू माउग्गामस्स मेहुणवडियाए अन्नयरं पसुजातिं वा पक्खिजातिं वा अयमित्थि त्ति कट्टु आलिङ्गॆज्ज वा परिस्सऎज्जा वा परिचुम्बॆज्ज वा [विच्छेदॆज्ज वा] आलिङ्गन्तं वा परिस्सयन्तं वा परिचुम्बॆन्तं वा सातिज्जति.
1134,
1135,जे भिक्खू माउग्गामस्स मेहुण-वडियाए असनं वा पानं वा खाइमं वा साइमं वा देति दॆन्तं वा सातिज्जति.
1136,
1137,जे भिक्खू माउग्गामस्स मेहुण-वडियाए असनं वा पानं वा खाइमं वा साइमं वा पडिच्छति पडिच्छन्तं वा सातिज्जति.
1138,
1139,जे भिक्खू माउग्गामस्स मेहुण-वडियाए वत्थं वा पडिग्गहं वा कम्बलं वा पायपुञ्छणं वा देति दॆन्तं वा सातिज्जति.
1140,
1141,जे भिक्खू माउग्गामस्स मेहुण-वडियाए वत्थं वा पडिग्गहं वा कम्बलं वा पायपुञ्छणं वा पडिच्छति पडिच्छन्तं वा सातिज्जति.
1142,
1143,जे भिक्खू माउग्गामस्स मेहुण-वडियाए सज्झायं वाएति वाऎन्तं वा सातिज्जति.
1144,
1145,जे भिक्खू माउग्गामस्स मेहुण-वडियाए सज्झायं पडिच्छति पडिञ्च्छन्तं वा सातिज्जति.
1146,
1147,जे भिक्खू माउग्गामस्स मेहुण-वडियाए अन्नयरेणं इन्दिएणं आकारं करेति करॆन्तं वा सातिज्जति- तं सेवमाणे आवज्जइ चाउम्मासियं परिहारट्ठाणं अनुग्घातियं.
1148,
1149,
1150,
1151,---------------------------------------------------------------------
1152,जे भिक्खू आगन्तारेसु वा [आरामागारेसु वा गाहावइकुलेसु वा] परियावसहेसु वा एगो एगित्थीए सद्धिं विहारं वा करेइ सज्झायं वा करेइ असनं वा पानं वा खाइमं वा साइमं वा आहारेति उच्चारं वा पासवणं वा परिट्ठवेइ अन्नयरं वा अनारियं निट्ठुरं असमणपाऒग्गं कहं कहेति कहॆन्तं वा सातिज्जति.
1153,
1154,जे भिक्खू उज्जाणंसि वा उज्जाणगिहंसि वा उज्जाणसालंसि वा निज्जाणंसि वा निज्जाणगिहंसि वा निज्जाणसालंसि वा एगो एगित्थीए सद्धिं [विहारं वा करेइ अनारियं निट्ठुरं असमणपाऒग्गं कहं कहेति] कहॆन्तं वा सातिज्जति.
1155,
1156,जे भिक्खू अट्टंसि वा अट्टालयंसि वा पागारंसि वा चरियंसि वा दारंसि वा गोपुरंसि वा एगो एगित्थीए सद्धिं विहारं वा करेइ जाव कहं कहेति कहॆन्तं वा सातिज्जति.
1157,
1158,जे भिक्खू दगंसि वा दगमग्गंसि वा दगपहंसि वा दगतीरंसि वा दगठाणंसि वा एगो एगित्थीए सद्धिं [विहारं वा करेइ जाव असमणपाऒग्गं कहं कहेति] कहॆन्तं वा सातिज्जति.
1159,
1160,जे भिक्खू सुन्नगिहंसि वा सुन्नसालंसि वा भिन्नगिहंसि वा भिन्नसालंसि वा कूडागारंसि वा कॊट्ठागारंसि वा एगो एगित्थीए सद्धिं [विहारं वा करेइ जाव असमणपाऒग्गं कहं कहेति] कहॆन्तं वा सातिज्जति.
1161,
1162,जे भिक्खू तणसालंसि वा तणगिहंसि वा तुससालंसि वा तुसगिहंसि वा बुससालंसि वा बुसगिहंसि वा एगो एगित्थीए सद्धिं [विहारं वा करेइ जाव असमणपाऒग्गं कहं कहेति] कहॆन्तं वा सातिज्जति.
1163,
1164,जे भिक्खू जाणसालंसि वा जाणगिहंसि वा जुग्गसालंसि वा जुग्गगिहंसि वा एगो एगित्थीए सद्धिं [विहारं वा करेइ जाव असमणपाऒग्गं कहं कहेति] कहॆन्तं वा सातिज्जति.
1165,
1166,जे भिक्खू पणियसालंसि वा पणियगिहंसि वा परियागसालंसि वा परियागगिहंसि वा कुवियसालंसि वा कुवियगिहंसि वा एगो एगित्थीए सद्धिं [विहारं वा करेइ जाव असमणपाऒग्गं कहं कहेति] कहॆन्तं वा सातिज्जति.
1167,
1168,जे भिक्खू गोणसालंणि वा गोणगिहंसि वा महाकुलंसि वा महागिहंसि वा एगो एगित्थीए सद्धिं [विहारं वा करेइ सज्झायं वा करेइ असनं वा पानं वा खाइमं वा साइमं वा आहारेइ उच्चारं वा पासवणं वा परिट्ठवेइ अन्नयरं वा अनारियं निट्ठुरं असमणपाऒग्गं कहं कहेति] कहॆन्तं वा सातिज्जति.
1169,
1170,जे भिक्खू राओ वा वियाले वा इत्थीमज्झगते इत्थीसंसत्ते इत्थीपरिवुडे अपरिमाणाए कहं कहेति कहॆन्तं वा सातिज्जति.
1171,
1172,जे भिक्खू सगणिच्चियाए वा परगणिच्चियाए वा निग्गन्थीए सद्धिं गामानुगामं दूइज्जमाणे पुरओ गच्छमाणे पिट्ठओ रीयमाणे ओहयमणसङ्कप्पे चिन्तासोयसागरसम्पविट्ठे करतल पल्हत्थमुहे अट्टज्झाणोवगए [विहारं वा करेइ जाव असमणपाऒग्गं कहं कहेति] कहॆन्तं वा सातिज्जति.
1173,
1174,जे भिक्खू नायगं वा अनायगं वा उवासयं वा अनुवासयं वा अन्तो उवस्सयस्स अद्धं वा रातिं कसिणं वा रातिं संवसावेति संवसावॆन्तं वा सातिज्जति.
1175,
1176,जे भिक्खू तं न पडियाइक्खइ न पडियाइक्खन्तं वा सातिज्जति.
1177,
1178,जे भिक्खू नायगं वा अनायगं वा उवासयं वा अनुवासयं वा अन्तो उवस्सयस्स अद्धं वा रातिं कसिणं वा रातिं संवसावेति तं पडुच्च निक्खमति वा पविसति वा निक्खमन्तं वा पविसन्तं वा सातिज्जति.
1179,
1180,जे भिक्खू रण्णो खत्तियाणं मुद्दियाणं मुद्धाभिसित्ताणं समवाएसु वा पिण्डनियरेसु वा [ इन्दमहेसु वा खन्दमहेसु वा रुद्दमहेसु वा मुगुन्दमहेसु वा भूतमहेसु वा जक्खमहेसु वा नागमहेसु वा धूममहेसु वा चेतियमहेसु वा रुक्खमहेसु वा गिरिमहेसु वा दरिमहेसु वा अगडमहेसु वा तडागमहेसु वा दहमहेसु वा नदिमहेसु वा सरमहेसु वा सागरमहेसु वा आगरमहेसु वा अन्नयरेसु वा तहप्पगारेसु विरूवरूवेसु महामहेसु ] असनं वा पानं वा खाइमं वा साइमं वा पडिग्गाहेति पडिग्गाहॆन्तं वा सातिज्जति.
1181,
1182,जे भिक्खू रण्णो खत्तियाणं [मुद्दियाणं] मुद्धाभिसित्ताणं उत्तरसालंसि वा उत्तरगिहंसि वा रीयमाणाणं असनं वा पानं वा खाइमं वा साइमं वा पडिग्गाहेति पडिग्गाहॆन्तं वा सातिज्जति.
1183,
1184,जे भिक्खू रण्णो खत्तियाणं मुद्धाभिसित्ताणं हयसालगयाण वा गयसालगयाण वा मन्तसालगयाण वा गुज्झसालगयाण वा मेहुणसालगयाण वा असनं वा पानं वा खाइमं वा साइमं वा पडिग्गाहेति पडिग्गाहॆन्तं वा सातिज्जति.
1185,
1186,जे भिक्खू रण्णो खत्तियाणं मुदियाणं मुद्धाभिसित्ताणं सन्निहि-संनिचयाओ खीरं वा दहिं वा नवनीयं वा सप्पिं वा गुलं वा खण्डं वा सक्करं वा मच्छण्डियं वा अन्नयरं वा भोयणजायं पडिग्गाहेति पडिग्गाहॆन्तं वा सातिज्जति.
1187,
1188,जे भिक्खू रण्णो खत्तियाणं मुदियाणं मुद्धाभिसित्ताणं उस्सट्ठपिण्डं वा संसट्ठपिण्डं वा अनाहपिण्डं वा किविणपिण्डं वा वणीमगपिडं वा पडिग्गाहेति पडिग्गाहॆन्तं वा सातिज्जति — तं सेवमाणे आवज्जइ चाउम्मासियं परिहारट्ठाणं अनुग्घातियं.
1189,
1190,
1191,
1192,---------------------------------------------------------------------
1193,जे भिक्खू रायपिण्डं गेण्हति गेण्हन्तं वा सातिज्जति.
1194,
1195,जे भिक्खू रायपिण्डं भुञ्जति भुजन्तं वा सातिज्जति.
1196,
1197,जे भिक्खू रायन्तेपुरं पविसति पविसन्तं वा सातिज्जति.
1198,
1199,"जे भिक्खू रायन्तेपुरियं वदॆज्जा-आउसो! रायन्तेपुरिए, नो खलु अम्हं कप्पइ रायन्तेपुरं निक्खमित्तए वा पविसित्तए वा, इमण्हं तुमं पडिग्गहगं गहाय रायन्तेपुराओ असनं वा पानं वा खाइमं वा साइमं वा नीहरियं आहट्टु दलयाहि, जो तं एवं वदति वदन्तं वा सातिज्जति."
1200,
1201,"जे भिक्खू य णं रायन्तेपुरिया वऎज्जा-आउसन्तो! समणा, नो खलु तुज्झं कप्पइ रायन्तेपुरं निक्खमित्तए वा पविसित्तए वा आहरेयं पडिग्गहगं जा ते अहं रायन्तेपुराओ असनं वा जाव साइमं वा नीहरियं आहट्टु दलयामि जे तं एवं वदतिं पडिसुणेति पडिसुणॆन्तं वा सातिज्जति."
1202,
1203,जे भिक्खू रण्णो खत्तियाणं मुदियाणं मुद्धाभिसित्ताणं दोवारियभत्तं वा पसुभत्तं वा भयगभत्तं वा बलभत्तं वा कयगभत्तं वा हयभत्तं वा गयभत्तं वा कन्तारभत्तं व दुब्भिक्खभन्त्तं वा दुकाल भत्तं वा दमगभत्तं वा गिलाणभत्तं वा वद्धलियाभत्तं वा पाहुणभत्तं वा पडिग्गाहेति पडिग्गाहॆन्तं वा सातिज्जति.
1204,
1205,जे भिक्खू रण्णो [खत्तियाणं मुदियाणं मुद्धाभिसित्ताणं इमाइं छद्दोसाययणाइं अजाणित्ता अपुच्छिय अगवेसिय परं चउराय-पञ्चरायाओ गाहावइकुलं पिण्डवाय-पडियाए निक्खमति वा पविसति वा निक्खमन्तं वा पविसन्तं वा सातिज्जति तं जहा कॊट्ठागारसालाणि वा भण्डागारसालाणि वा पानसालाणि वा खीरसालाणि वा गञ्जसालाणि वा महानससालाणि वा.
1206,
1207,जे भिक्खू रण्णो खत्तियाणं मुदियाणं मुद्धाभिसित्ताणं अइगच्छमाणाण वा निग्गच्छमाणाण वा पदमवि चक्खुदंसण-पडियाए अभिसन्धारेति अभिसन्धारॆन्तं वा सातिज्जति.
1208,
1209,जे भिक्खू रण्णो खत्तियाणं मुदियाणं मुद्धाभिसित्ताणं इत्थीओ सव्वालङ्कारवि-भूसियाओ पदमवि चक्खुदंसण-पडियाए अभिसन्धारेति अभिसन्धारॆन्तं वा सातिज्जति.
1210,
1211,जे भिक्खू रण्णो जाव मंसखायाण वा मच्छखायाण वा छविखायाण वा बहिया निग्गयाणं असनं वा पानं वा खाइमं वा साइमं वा पडिग्गाहेति पडिग्गाहॆन्तं वा सातिज्जति.
1212,
1213,"जे भिक्खू रण्णो० अन्नयरं उववूहणियं समीहियं पेहाए ताए परिसाए अनुट्ठियाए अभिन्नाए अव्वॊच्छिन्नाए जो तं अन्नं पडिग्गाहेति पडिग्गाहॆन्तं वा सातिज्जति, अह पुण एवं जाणॆज्जा - इह'ज्ज राया खत्तिए परिवुसिए, जे भिक्खू ताए गिहाए ताए पएसाए ताए वा उवासन्तराए [विहारं वा करेति सज्झायं वा करेति असनं वा पानं वा खाइमं वा साइमं वा आहारेति, उच्चारं वा पासवणं वा परिट्ठवेतु, अन्नयरं वा अनारियं निट्ठुरं असमणपाऒग्गं कहं कहेति कहॆन्तं वा सातिज्जति."
1214,
1215,जे भिक्खू रण्णो खत्तियाणं मुदियाणं मुद्धाभिसित्ताणं बहिया जत्तासण्ठियाणं असनं वा पानं वा खाइमं वा साइमं वा पडिग्गाहेति पडिग्गाहॆन्तं वा सातिज्जति.
1216,
1217,जे भिक्खू रण्णो खत्तियाणं मुदियाणं मुद्धाभिसित्ताणं बहिया जत्तापडिनियत्ताणं असनं वा पानं वा खाइमं वा साइमं वा पडिग्गाहेति पडिग्गाहॆन्तं वा सातिज्जति.
1218,
1219,जे भिक्खू रण्णो खत्तियाणं मुदियाणं मुद्धाभिसित्ताणं नदिजत्तापट्ठियाणं असनं वा पानं वा खाइमं वा साइमं वा पडिग्गाहेति पडिग्गाहॆन्तं वा सातिज्जति.
1220,
1221,जे भिक्खू रण्णो खत्तियाणं मुदियाणं मुद्धाभिसित्ताणं नदिजत्तापडिनियत्ताणं असनं वा पानं वा खाइमं वा साइमं वा पडिग्गाहेति पडिग्गाहॆन्तं वा सातिज्जति.
1222,
1223,जे भिक्खू रण्णो खत्तियाणं मुदियाणं मुद्धाभिसित्ताणं गिरिजत्तापट्ठियाणं असनं वा पानं वा खाइमं वा साइमं वा पडिग्गाहेति पडिग्गाहॆन्तं वा सातिज्जति.
1224,
1225,जे भिक्खू रण्णो खत्तियाणं मुदियाणं मुद्धाभिसित्ताणं गिरिजत्तापडिनियत्ताणं असनं वा पानं वा खाइमं वा साइमं वा पडिग्गाहेति पडिग्गाहॆन्तं वा सातिज्जति.
1226,
1227,जे भिक्खू रण्णो खत्तियाणं मुदियाणं मुद्धाभिसित्ताणं महाभिसेयंसि वट्टमाणंसि निक्खमति वा पविसति वा निक्खमन्तं वा पविसन्तं वा सातिज्जति.
1228,
1229,जे भिक्खू रण्णो खत्तियाणं मुदियाणं मुद्धाभिसित्ताणं इमाओ दस अभिसेयाओ रायहाणीओ उद्दिट्ठाओ गणियाओ वज्जियाओ अन्तोमासस्स दुक्खुत्तो वा तिक्खुत्तो वा निक्खमति वा पविसति वा निक्खमन्तं वा पविसन्तं वा सातिज्जति तं जहा- चम्पा महुरा वाणारसी सावत्थी साएयं कम्पिल्लं कोसम्बी मिहिला हत्थिणापुरं रायगिहं.
1230,
1231,जे भिक्खू रण्णो खत्तियाणं मुदियाणं मुद्धाभिसित्ताणं असनं वा पानं वा खाइमं वा साइमं वा परस्स नीहडं पडिग्गाहेति पडिग्गाहॆन्तं वा सातिज्जति तं जहा-खत्तियाण वा राईण वा कुराईण वा रायपेसियाण वा ।. 
1232,
1233,जे भिक्खू रण्णो खत्तियाणं मुदियाणं मुद्धाभिसित्ताणं असनं पानं वा खाइमं वा साइमं वा परस्स पडिग्गाहेति पडिग्गाहॆन्तं वा सातिज्जति तं जहा-नडाण वा नट्टाण वा जल्लाण वा मल्लाण वा मुट्ठियाण वा वेलम्बगाण वा कहगाण वा पवगाण वा लासगाण वा.
1234,
1235,जे भिक्खू रण्णो खत्तियाणं मुदियाणं मुद्धाभिसित्ताणं असनं वा पानं वा खाइमं वा साइमं वा परस्स नीहडं पडिग्गाहेति पडिग्गाहॆन्तं वा सातिज्जति तं जहा-आसपोसयाण वा हत्थिपोसयाण वा महिसपोसयाण वा वसहपोसयाण वा सीहपोसयाण वा वग्घपोसयाण वा अयपोसयाण वा पोयपोसयाण वा मिगपोसयाण वा सुणहपोसयाण वा सूयरपोसयाण वा मॆण्ढपोसयाण वा कुक्कुडपोसयाण वा तित्तिर-पोसयाण वा वट्टयपोसयाण वा लावयपोसयाण वा चीरल्लपोसयाण वा हंसपोसयाण वा मऊर-पोसयाण वा सुयपोसयाण वा.
1236,
1237,"जे भिक्खू रण्णो जाव मुद्धाभिसित्ताणं असनं वा पानं वा जाव साइमं वा परस्स नीहडं पडिग्गाहेति पडिग्गाहॆन्तं वा सातिज्जति, तं जहा-आसदमगाण वा हत्थिदमगाण वा० ।. "
1238,
1239,जे भिक्खू रण्णो खत्तियाणं मुदियाणं मुद्धाभिसित्ताणं असनं जाव वा साइमं वा परस्स नीहडं पडिग्गाहेति पडिग्गाहॆन्तं वा सातिज्जति तं जहा-आसमिण्ठाण वा हत्थिमिण्ठाण वा०.
1240,
1241,जे भिक्खू रण्णो जाव मुद्धाभिसित्ताणं असनं जाव वा साइमं वा परस्स नीहडं पडिग्गाहेति पडिग्गाहॆन्तं वा सातिज्जति तं जहा आसरोहाण वा हत्थिरोहाण वा० ।. 
1242,
1243,जे भिक्खू रण्णो खत्तियाणं मुदियाणं मुद्धाभिसित्ताणं असनं जाव वा साइमं वा परस्स नीहडं पडिग्गाहेति पडिग्गाहॆन्तं वा सातिज्जति तं जहा-सत्थाहाणं वा संवाहाण वा अब्भङ्गाणं वा उव्वट्टावयाण वा मज्जावयाण वा मण्डावयाण वा छत्तग्गहाण वा चामरग्गहाण वा हडप्पग्गहाण वा परियट्टग्गहाण वा दीवियग्गहाण वा असिग्गहाण वा धनुग्गहाण वा सत्तिग्गहाण वा कॊन्तग्गहाण वा.
1244,
1245,जे भिक्खू रण्णो० मुद्धाभिसित्ताणं असनं जाव साइमं वा परस्स नीहडं पडिग्गाहेति पडिग्गाहॆन्तं वा सातिज्जति तं जहा-वरिसधराण वा कञ्चुइज्जाण दोवारियाण वा दण्डारक्खियाण वा.
1246,
1247,जे भिक्खू रण्णो खत्तियाणं मुदियाणं मुद्धाभिसित्ताणं असनं जाव साइमं वा परस्स नीहडं पडिग्गाहेति पडिग्गाहॆन्तं वा सातिज्जति तं जहा-खुज्जाण वा चिलाइयाण वा वामणीण वा वडभीण वा बब्बरीण वा पउसीण वा जोणियाण वा पल्हवियाण वा ईसिणीण वा थारुगिणीण वा लासीण वा लउसीण वा सिंहलीण वा दमिलीण वा आरबीण वा पुलिन्दीण वा पक्कणीण वा बहलीण वा मरुण्डीण वा सबरीण वा पारसीण वा —
1248,
1249,तं सेवमाणे आवज्जइ चाउम्मासियं परिहारट्ठाणं अनुग्घातियं.
1250,
1251,
1252,
1253,---------------------------------------------------------------------
1254,जे भिक्खू भदन्तं आगाढं वदति वदन्तं वा सातिज्जति.
1255,
1256,जे भिक्खू भदन्तं फरुसं वदति वदन्तं वा सातिज्जति.
1257,
1258,जे भिक्खू भदन्तं आगाढं फरुसं वदति वदन्तं वा सातिज्जति.
1259,
1260,जे भिक्खू भदन्तं अन्नयरीए अच्चासायणाए अच्चासाएति अच्चासाएतं वा०.
1261,
1262,जे भिक्खू अनन्तकायसञ्जुत्तं आहारं आहारेति आहारॆन्तं वा सातिज्जति.
1263,
1264,जे भिक्खू आहाकम्मं भुञ्जति भुञ्जन्तं वा सातिज्जति.
1265,
1266,जे भिक्खू पडुप्पन्नं निमित्तं वागरेति वागरॆन्तं वा सातिज्जति.
1267,
1268,जे भिक्खू अनायगं निमित्तं वागरेति वागरॆन्तं वा सातिज्जति.
1269,
1270,जे भिक्खू सेहं अवहरति अवहरन्तं वा सातिज्जति.
1271,
1272,जे भिक्खू सेहं विप्परिणामेति विप्परिणामॆन्तं वा सातिज्जति.
1273,
1274,जे भिक्खू दिसं अवहरति अवहरन्तं वा सातिज्जति.
1275,
1276,जे भिक्खू दिसं विप्परिणामेति विप्परिणामॆन्तं वा सातिज्जति.
1277,
1278,जे भिक्खू बहियावासियं आदेसं परं ति-रायाओ अविफालॆत्ता संवसावेति संवसावेतं वा सातिज्जति.
1279,
1280,जे भिक्खू साहिगरणं अविओसविय पाहुडं अकडपायच्छित्तं परं ति-रायाओ विप्फालिय अविप्फालिय सम्भुञ्जति सम्भुञ्जतं वा सातिज्जति.
1281,
1282,जे भिक्खू उग्घातियं अनुग्घातियं वदति वदन्तं वा सातिज्जति.
1283,
1284,जे भिक्खू अनुग्घातियं उग्घातियं वदति वदन्तं वा सातिज्जति.
1285,
1286,जे भिक्खू उग्घातियं अनुग्घातियं देति दॆन्तं वा सातिज्जति.
1287,
1288,जे भिक्खू अनुग्घातियं उग्घातियं देति दॆन्तं वा सातिज्जति.
1289,
1290,जे भिक्खू उग्घातियं सॊच्चा नच्चा सम्भुञ्जति सम्भुञ्जन्तं वा सातिज्जति.
1291,
1292,जे भिक्खू उग्घातिय-हेउं सॊच्चा नच्चा सम्भुञ्जति सम्भुञ्जन्तं वा सातिज्जति.
1293,
1294,जे भिक्खू उग्घातियं-सङ्कप्पं सॊच्चा नच्चा सम्भुजति सम्भुञ्जन्तं वा सातिज्जति.
1295,
1296,जे भिक्खू उग्घातियं वा उग्घातियहेउं वा उग्घातियसङ्कप्पं वा सॊच्चा नच्चा सम्भुञ्जति सम्भुञ्जन्तं वा सातिज्जति.
1297,
1298,जे भिक्खू अनुग्घातियं सॊच्चा नच्चा सम्भुञ्जति सम्भुञ्जन्तं वा सातिज्जति.
1299,
1300,जे भिक्खू अनुग्घाइय-हेउं सॊच्चा नच्चा सम्भुञ्जति सम्भुञ्जन्तं वा सातिज्जति.
1301,
1302,जे भिक्खू अनुग्घाइय-सङ्कप्पं सॊच्चा नच्चा सम्भुञ्जति सम्भुञ्जन्तं वा सातिज्जति.
1303,
1304,जे भिक्खू अनुग्घाइयं वा अनुग्घाइयहेउं वा अनुग्घाइय-सङ्कप्पं वा सॊच्चा नच्चा सम्भुञ्जति सम्भुञ्जन्तं वा सातिज्जति.
1305,
1306,जे भिक्खू उग्घाइयं वा अनुग्घाइयं वा सॊच्चा नच्चा सम्भुञ्जति सम्भुञ्जन्तं वा सा०.
1307,
1308,जे भिक्खू उग्घाइयहेउं वा अनुग्घाइयहेउं वा सॊच्चा नच्चा सम्भुञ्जति सम्भुञ्जन्तं वा सातिज्जति ।. 
1309,
1310,जे भिक्खू उग्घाइयसङ्कप्पं वा अनुग्घाइयसङ्कप्पं वा सॊच्चा नच्चा सम्भुञ्जति सम्भुञ्जन्तं वा सातिज्जति.
1311,
1312,जे भिक्खू उग्घाइयं वा अनुग्घाइयं वा उग्घाइयहेउं वा अनुग्घाइहेउं वा उग्घाइयसङ्कप्पं वा अनुग्घाइयसङ्कप्पं वा सॊच्चा नच्चा सम्भुञ्जति सम्भुञ्जन्तं वा सातिज्जति.
1313,
1314,"जे भिक्खू उग्गयवित्तीए अनत्थमिय-मनसङ्कप्पे सन्थडिए निव्वितिगिच्छा-समावण्णे णं अप्पाणे णं असनं वा पानं वा खाइमं वा साइमं वा पडिग्गाहॆत्ता भुञ्जति भुञ्जन्तं वा सातिज्जति, अह पुण एवं जाणॆज्जा-अनुग्गए सूरिए अत्थमिए वा से जं च मुहे जं च पाणिंसि जं च पडिग्गहंसि तं विगिञ्चेमाणे विसोहेमाणे नाइक्कमइ जो तं भुञ्जति भुञ्जन्तं वा सातिज्जति."
1315,
1316,"जे भिक्खू उग्गयवित्तीए अनत्थमिय-मनसङ्कप्पे सन्थडिए वितिगिच्छा-समावण्णे णं अप्पाणे णं असनं वा पानं वा खाइमं वा साइमं वा पडिग्गाहॆत्ता भुञ्जति भुञ्जन्तं वा सातिज्जति, अह पुण एवं जाणॆज्जा-अनुग्गए सूरिए अत्थमिए वा से जं च मुहे जं च पाणिंसि जं च पडिग्गहंसि तं विगिञ्चेमाणे विसोहेमाणे नाइक्कमइ जो तं भुञ्जति भुञ्जन्तं वा सातिज्जति."
1317,
1318,"जे भिक्खू उग्गयवित्तीए अनत्थमिय-मनसङ्कप्पे असन्थडिए निव्वितिगिच्छा-समावण्णे णं अप्पाणे णं असनं वा पानं वा खाइमं वा साइमं वा पडिग्गाहॆत्ता भुञ्जति भुञ्जन्तं वा सातिज्जति, अह पुण एवं जाणॆज्जा-अनुग्गए सूरिए अत्थमिए वा से जं च मुहे जं च पाणिंसि जं च पडिग्गहंसि तं विगिञ्चेमाणे विसोहेमाणे नाइक्कमइ जो तं भुञ्जति भुञ्जन्तं वा सातिज्जति."
1319,
1320,"जे भिक्खू उग्गयवित्तीए अनत्थमिय-मनसङ्कप्पे असन्थडिए वितिगिच्छा-समावण्णे णं अप्पाणे णं असनं वा पानं वा खाइमं वा साइमं वा पडिग्गाहॆत्ता भुञ्जति भुञ्जन्तं वा सातिज्जति, अह पुणएवं जाणॆज्जा-अनुग्गए सूरिए अत्थमिए वा से जं च मुहे जं च पाणिंसि जं च पडिग्गहंसि तं विगिञ्चेमाणे विसोहेमाणे नाइक्कमइ जो तं भुञ्जति भुञ्जन्तं वा सातिज्जति."
1321,
1322,जे भिक्खू राओ वा वियाले वा सपानं सभोयणं उग्गालं उग्गिलित्ता पच्चोगिलति पच्चोगिलन्तं वा सातिज्जति.
1323,
1324,जे भिक्खू गिलाणं सॊच्चा न गवेसति न गवेसन्तं वा सातिज्जति.
1325,
1326,जे भिक्खू गिलाणं सॊच्चा उम्मग्गं वा पडिपहं वा गच्छति गच्छन्तं वा सातिज्जति ।. 
1327,
1328,जे भिक्खू गिलाणवेयावच्चे अब्भुट्ठियस्स सएण लाभेण असन्थरमाणस्स जो तस्स न पडितप्पति न पडितप्पन्तं वा सातिज्जति.
1329,
1330,जे भिक्खू गिलाणवेयावच्चे अब्भुट्ठिए गिलाणपाउग्गे दव्वजाए अलब्भमाणे जो तं न पडियाइक्खति न पडियाइक्खन्तं वा सातिज्जति.
1331,
1332,जे भिक्खू पढमपाउसंसि गामाणुग्गामं दूइज्जति दूइज्जन्तं वा सातिज्जति.
1333,
1334,जे भिक्खू वासावासंसि पज्जोसवियंसि दूइज्जति दूइज्जन्तं वा सातिज्जति.
1335,
1336,जे भिक्खू पज्जोसवणाए न पज्जोसवेति न पज्जोसवॆन्तं वा सातिज्जति.
1337,
1338,जे भिक्खू अपज्जोसवणाए पज्जोसवेति पज्जोसवॆन्तं वा सातिज्जति.
1339,
1340,जे भिक्खू पज्जोसवणाए गोलोममाइं पि वालाइं उवाइणावेति उवाइणावॆन्तं वा सातिज्जति.
1341,
1342,जे भिक्खू पज्जोसवणाए इत्तिरियं पि आहारं आहारेति आहारॆन्तं वा सातिज्जति.
1343,
1344,जे भिक्खू अन्नउत्थियं वा गारत्थियं वा पज्जोसवेति पज्जोसवॆन्तं वा सातिज्जति.
1345,
1346,जे भिक्खू पढमसमोसरणुद्देसे पत्ताइं चीवराइं पडिग्गाहेति पडिग्गाहॆन्तं वा सातिज्जति -तं सेवमाणे आवज्जइ चाउम्मासियं परिहारट्ठाणं अनुग्घातियं.
1347,
1348,
1349,
1350,---------------------------------------------------------------------
1351,जे भिक्खू अयपायाणि वा कंसपायाणि वा तम्बपायाणि वा तउयपायाणि वा सुवण्णपायाणि वा रुप्पपायाणि वा जायरूवपायाणि वा हारपुडपायाणि वा मणिपायाणि वा मुत्तापायाणि वा कायपायाणि वा कनगपायाणि वा दन्तपायाणि वा सिङ्गपायाणि वा चम्मपायाणि वा सेलपायाणि वा चेलपायाणि वा अङ्कपायाणि वा सङ्खपायाणि वा वइरपायाणि वा करेति करॆन्तं वा सातिज्जति.
1352,
1353,जे भिक्खू अयपायाणि वा कंसपायाणि वा जाव सङ्खपायाणि वा वइरपायाणि वा धरेति धरॆन्तं वा सातिज्जति.
1354,
1355,जे भिक्खू अयपायाणि वा कंसपायाणि वा जाव सङ्खपायाणि वा वइरपायाणि वा परिभुञ्जति परिभुञ्जन्तं वा सातिज्जति.
1356,
1357,जे भिक्खू अयबन्धणाणि वा कंसबन्धणाणि वा जाव सङ्खबन्धणाणि वा वइरबन्धणाणि वा करेति करॆन्तं वा सातिज्जति.
1358,
1359,जे भिक्खू अयबन्धणाणि वा कंसबन्धणाणि वा जाव सङ्खबन्धणाणि वा वइरबन्धणाणि वा धरेति धरॆन्तं वा सातिज्जति.
1360,
1361,जे भिक्खू अयबन्धणाणि वा कंसबन्धणाणि वा जाव सङ्खबन्धणाणि वा वइरबन्धणाणि वा परिभुञ्जति परिभुञ्जन्तं वा सातिज्जति.
1362,
1363,जे भिक्खू परं अद्धजोयणमेराओ पायवडियाए गच्छति गच्छन्तं वा सातिज्जति.
1364,
1365,जे भिक्खू परं अद्धजोयणमेराओ सपच्चवायंसि पायं अभिहडं आहट्टु दिज्जमाणं पडिग्गाहेति पडिग्गाहॆन्तं वा सातिज्जति.
1366,
1367,जे भिक्खू धम्मस्स अवण्णं वदति वदन्तं वा सातिज्जति.
1368,
1369,जे भिक्खू अधम्मस्स वण्णं वदति वदन्तं वा सातिज्जति.
1370,
1371,जे भिक्खू अन्नउत्थियस्स वा गारत्थियस्स वा पाए आमज्जॆज्ज वा पमज्जॆज्ज वा आमज्जन्तं वा पमज्जन्तं सातिज्जति.
1372,
1373,जे भिक्खू अन्नउत्थियस्स वा गारत्थियस्स वा पाए संवाहॆज्ज वा पलिमद्दॆज्ज वा संवाहॆन्तं वा पलिमद्दॆन्तं वा सातिज्जति.
1374,
1375,जे भिक्खू अन्नउत्थियस्स वा गारत्थियस्स वा पाए तॆल्लेण वा घएण वा वसाए वा नवनीएण वा अब्भङ्गॆज्ज वा मक्खॆज्ज वा अब्भङ्गॆन्तं वा मक्खेतं वा सातिज्जति.
1376,
1377,जे भिक्खू अन्नउत्थियस्स वा गारत्थियस्स वा पाए लॊद्धेण वा कक्केण वा चुण्णेण वा वण्णेण वा उल्लोलॆज्ज वा उव्वट्टॆज्ज वा उल्लोलॆन्तं वा उव्वट्टॆन्तं वा सातिज्जति.
1378,
1379,जे भिक्खू अन्नउत्थियस्स वा गारत्थियस्स वा पाए सीओदग वियडेण वा उसिणोदग वियडेण वा उच्छोलॆज्ज वा पधोऎज्ज वा उच्छोलॆन्तं वा पधोऎन्त वा सातिज्जति.
1380,
1381,जे भिक्खू अन्नउत्थियस्स वा गारत्थियस्स वा पाए फुमॆज्ज वा रऎज्ज वा फुमॆन्तं वा रऎन्तं वा सातिज्जति.
1382,
1383,जे भिक्खू अन्नउत्थियस्स वा गारत्थियस्स वा कायं आमज्जॆज्ज वा पमज्जॆज्ज वा आमज्जन्तं वा पमज्जन्तं वा सातिज्जति.
1384,
1385,जे भिक्खू अन्नउत्थियस्स वा गारत्थियस्स वा कायं संवाहॆज्ज वा पलिमद्दॆज्ज वा संवाहॆन्तं वा पलिमद्दॆन्तं वा सातिज्जति.
1386,
1387,जे भिक्खू अन्नउत्थियस्स वा गारत्थियस्स वा कायं तॆल्लेण वा घएण वा वसाए वा नवनीएण वा अब्भङ्गॆज्ज वा मक्खॆज्ज वा अब्भङ्गॆन्तं वा मक्खॆन्तं वा सातिज्जति.
1388,
1389,जे भिक्खू अन्नउत्थियस्स वा गारत्थियस्स वा कायं लॊद्धेण वा कक्केण वा चुण्णेण वा वण्णेण वा उल्लोलॆज्ज उव्वट्टॆज्ज वा उल्लोलॆन्त वा उव्वट्टॆन्तं वा सातिज्जति.
1390,
1391,जे भिक्खू अन्नउत्थियस्स वा गारत्थियस्स वा कायं सीओदग-वियडेण वा उसिणोदग-वियडेण वा उच्छोलॆज्ज वा पधोऎज्ज वा उच्छोलॆन्तं वा पधोऎन्तं वा सातिज्जति.
1392,
1393,जे भिक्खू अन्नउत्थियस्स वा गारत्थियस्स वा कायं फुमॆज्ज वा रऎज्ज वा फुमॆन्तं वा रऎन्तं वा सातिज्जति.
1394,
1395,जे भिक्खू अन्नउत्थियस्स वा गारत्थियस्स वा कायंसि वणं आमज्जॆज्ज वा पमज्जॆज्ज वा आमज्जन्तं वा पमज्जन्तं वा सातिज्जति.
1396,
1397,जे भिक्खू अन्नउत्थियस्स वा गारत्थियस्स वा कायंसि वणं संवाहॆज्ज वा पलिमद्दॆज्ज वा संवाहॆन्तं वा पलिमद्देतं वा सातिज्जति.
1398,
1399,जे भिक्खू अन्नउत्थियस्स वा गारत्थियस्स वा कायंसि वणं तॆल्लेण वा घएण वा वसाए वा नवनीएण वा अब्भङ्गॆज्ज वा मक्खॆज्ज वा अब्भङ्गॆन्तं वा मक्खॆन्तं वा सातिज्जति.
1400,
1401,जे भिक्खू अन्नउत्थियस्स वा गारत्थियस्स वा कायंसि वणं लॊद्धेण वा कक्केण वा चुण्णेण वा वण्णेण व उल्लोलॆज्जा वा उव्वट्टॆज्ज वा उल्लोलॆन्तं वा उव्वट्टॆन्त वा सातिज्जति.
1402,
1403,जे भिक्खू अन्नउत्थियस्स वा गारत्थियस्स वा कायंसि वणं सीओदग-वियडेण वा उसिणोदग-वियडेण वा उच्छोलॆज्ज वा पधोऎज्ज वा उच्छॊंलॆन्तं वा पधोऎन्तं वा सातिज्जति.
1404,
1405,जे भिक्खू अन्नउत्थियस्स वा गारत्थियस्स वा कायंसि वणं फुमॆज्ज वा रऎज्ज वा फुमन्तं वा रऎन्तं वा सातिज्जति.
1406,
1407,जे भिक्खू अन्नउत्थियस्स वा गारत्थियस्स वा कायंसि गण्डं वा पिडयं वा अरइयं वा असियं वा भगन्दलं वा अन्नयरेणं तिक्खेणं सत्थजाएणं अच्छिन्दॆज्ज वा विच्छिन्दॆज्ज वा अच्छिन्देतं वा विच्छिन्दॆन्तं वा सातिज्जति.
1408,
1409,जे भिक्खू अन्नउत्थियस्स वा गारत्थियस्स वा कायंसि गण्डं वा पिडयं वा अरइयं वा असियं वा भगन्दलं वा अन्नयरेणं तिक्खेणं सत्थजाएणं अच्छिन्दित्ता वा विच्छिन्दित्ता वा पूयं वा सोणियं वा नीहरॆज्ज वा विसोहॆज्ज वा नीहरॆन्तं वा विसोहॆन्तं वा सातिज्जति.
1410,
1411,जे भिक्खू अन्नउत्थियस्स वा जाव सोणियं वा नीहरॆत्ता वा विसोहॆत्ता वा सिओदग-वियडेण वा उसिणोदग वियडेण वा उच्छोलॆज्ज वा पधोऎज्ज वा उच्छोलॆन्तं वा पधोऎन्तं वा सातिज्जति.
1412,
1413,जे भिक्खू अन्नउत्थियस्स वा गारत्थियस्स वा जाव उच्छोलॆत्ता वा पधोऎत्ता वा अन्नयरेणं आलेवण-जाएणं आलिम्पॆज्ज वा विलिम्पॆज्ज वा आलिम्पन्तं वा विलिम्पन्तं वा सातिज्जति.
1414,
1415,जे भिक्खू अन्नउत्थियस्स वा गारत्थियस्स वा जाव आलेवणजाएणं आलिम्पित्ता वा विलिम्पित्ता वा तॆल्लेण वा घएण वा वसाए वा नवनीएण वा अब्भङ्गॆज्ज वा मक्खॆज्ज वा अब्भङ्गॆन्तं वा मक्खॆन्तं वा सातिज्जति.
1416,
1417,जे भिक्खू अन्नउत्थियस्स वा गारत्थियस्स वा जाव नवणीएण वा अब्भङ्गॆत्ता वा मक्खॆत्ता वा अन्नयरेणं धूवणजाएणं धूवॆज्ज वा पधूवॆज्ज वा धूवॆन्तं वा पधूवॆन्तं वा सातिज्जति.
1418,
1419,जे भिक्खू अन्नउत्थियस्स वा गारत्थियस्स वा पालुकिमियं वा कुच्छिकिमियं वा अङ्गुलीए निवेसिय-निवेसिय नीहरेइ नीहरॆन्तं वा सातिज्जति.
1420,
1421,जे भिक्खू अन्नउत्थियस्स वा गारत्थियस्स वा दीहाओ नह-सिहाओ कप्पॆज्ज वा सण्ठवॆज्ज वा कप्पॆन्तं वा सण्ठवॆन्तं वा सातिज्जति.
1422,
1423,जे भिक्खू अन्नउत्थियस्स वा गारत्थियस्स वा दीहाइं जङ्घ-रोमाइं कप्पॆज्ज वा सण्ठवॆज्ज वा कप्पॆन्तं वा सण्ठवॆन्तं वा सातिज्जति.
1424,
1425,जे भिक्खू अन्नउत्थियस्स वा गारत्थियस्स वा दीहाइं वत्थि-रोमाइं कप्पॆज्ज वा सण्ठवॆज्ज वा कप्पॆन्तं वा सण्ठवॆन्तं वा सातिज्जति.
1426,
1427,जे भिक्खू अन्नउत्थियस्स वा गारत्थियस्स वा दीहाइं चक्खु-रोमाइं कप्पॆज्ज वा सण्ठवॆज्ज वा कप्पॆन्तं वा सण्ठवॆन्तं वा सातिज्जति.
1428,
1429,जे भिक्खू अन्नउत्थियस्स वा गारत्थियस्स वा दीहाइं कक्खाण-रोमाइं कप्पॆज्ज वा सण्ठवॆज्ज वा कप्पॆन्त वा सण्ठवॆन्तं वा सातिज्जति.
1430,
1431,जे भिक्खू अन्नउत्थियस्स वा गारत्थियस्स वा दीहाइं मंसु-रोमाइं कप्पॆज्ज वा सण्ठवॆज्ज वा कप्पॆन्तं वा सण्ठवॆन्तं वा सातिज्जति.
1432,
1433,जे भिक्खू अन्नउत्थियस्स वा गारत्थियस्स वा दन्ते आघंसॆज्ज वा पघंसॆज्ज वा आघंसन्तं वा पघंसन्तं वा सातिज्जति.
1434,
1435,जे भिक्खू अन्नउत्थियस्स वा गारत्थियस्स वा दन्ते उच्छोलॆज्ज वा पधोऎज्ज वा उच्छोलॆन्तं वा पधोऎन्तं वा सातिज्जति.
1436,
1437,जे भिक्खू अन्नउत्थियस्स वा गारत्थियस्स वा दन्ते फुमॆज्ज वा रऎज्ज वा फुमॆन्तं वा रऎन्तं वा सातिज्जति.
1438,
1439,जे भिक्खू अन्नउत्थियस्स वा गारत्थियस्स वा उट्ठे आमज्जॆज्ज वा पमज्जॆज्ज वा आमज्जन्तं वा पमज्जन्तं वा सातिज्जति.
1440,
1441,जे भिक्खू अन्नउत्थियस्स वा गारत्थियस्स वा उट्ठे संवाहॆज्ज वा पलिमद्दॆज्ज वा संवाहॆन्तं वा पलिमद्दॆन्तं वा सातिज्जति.
1442,
1443,जे भिक्खू अन्नउत्थियस्स वा गारत्थियस्स वा उट्ठे तॆल्लेण वा घएण वा वसाए वा नवणीएण वा अब्भङ्गॆज्ज वा मक्खॆज्ज वा अब्भङ्गॆन्तं वा मक्खॆन्तं वा सातिज्जति.
1444,
1445,जे भिक्खू अन्नउत्थियस्स वा गारत्थियस्स वा उट्ठे लॊद्धेण वा कक्केण वा चुण्णेण वा वण्णेण वा उल्लोलॆज्ज वा उव्वट्टॆज्ज वा उल्लोलॆन्त वा उव्वट्टॆन्तं वा सातिज्जति.
1446,
1447,जे भिक्खू अन्नउत्थियस्स वा गारत्थियस्स वा उट्ठे सीओदग-वियडेण वा उसिणोदग-वियडेण वा उच्छोलॆज्ज वा पधोऎज्ज वा उच्छोलॆन्तं वा पधोऎन्तं वा सातिज्जति.
1448,
1449,जे भिक्खू अन्नउत्थियस्स वा गारत्थियस्स वा उट्ठे फुमॆज्ज वा रऎज्ज वा फुमॆन्तं वा रऎन्तं वा सातिज्जति.
1450,
1451,जे भिक्खू अन्नउत्थियस्स वा गारत्थियस्स वा दीहाइं उत्तरॊट्ठ-रोमाइं कप्पॆज्ज वा सण्ठवॆज्ज वा कप्पॆन्तं वा सण्ठवॆन्तं वा सातिज्जति. [जे भिक्खू अन्नउत्थियस्स वा गारत्थियस्स वा दीहाइं नासा-रोमाइं कप्पॆज्ज वा सण्ठवॆज्ज वा कप्पॆन्तं वा सण्ठवॆन्तं वा सातिज्जति.]. 
1452,
1453,जे भिक्खू अन्नउत्थियस्स वा गारत्थियस्स वा दीहाइं अच्छि-पत्ताइं कप्पॆज्ज वा सण्ठवॆज्ज वा कप्पॆन्तं वा सण्ठवॆन्तं वा सातिज्जति.
1454,
1455,जे भिक्खू अन्नउत्थियस्स वा गारत्थियस्स वा अच्छीणि आमज्जॆज्ज वा पमज्जॆज्ज वा आमज्जन्तं वा पमज्जन्तं वा सातिज्जति.
1456,
1457,जे भिक्खू अन्नउत्थियस्स वा गारत्थियस्स वा अच्छीणि संवाहॆज्ज वा पलिमद्दॆज्ज वा संवाहॆन्तं वा पलिमद्दॆन्तं वा सातिज्जति.
1458,
1459,जे भिक्खू अन्नउत्थियस्स वा गारत्थियस्स वा अच्छीणि तॆल्लेण वा घएण वा वसाए वा नवनीएण वा अब्भङ्गॆज्ज वा मक्खॆज्ज वा अब्भङ्गॆन्तं वा मक्खॆन्तं वा सातिज्जति.
1460,
1461,जे भिक्खू अन्नउत्थियस्स वा गारत्थियस्स वा अच्छीणि लॊद्धेण वा कक्केण वा चुण्णेण वा वण्णेण वा उल्लोलॆज्ज वा उव्वट्टॆज्ज वा उल्लोलॆन्तं वा उव्वट्टॆन्तं वा सातिज्जति.
1462,
1463,जे भिक्खू अन्नउत्थियस्स वा गारत्थियस्स वा अच्छीणि सीओदग-वियडेण वा उसिणोदग-वियडेण वा उच्छोलॆज्ज वा पधोऎज्ज वा उच्छोलॆन्तं वा पधोऎन्तं वा सातिज्जति.
1464,
1465,जे भिक्खू अन्नउत्थियस्स वा गारत्थियस्स वा अच्छीणि फुमॆज्ज वा रऎज्ज वा फुमॆन्तं वा रऎन्तं वा सातिज्जति.
1466,
1467,जे भिक्खू अन्नउत्थियस्स वा गारत्थियस्स वा दीहाइं भमुग-रोमाइं कप्पॆज्ज वा सण्ठवॆज्ज वा कप्पॆन्तं वा सण्ठवॆन्तं वा सातिज्जति.
1468,
1469,जे भिक्खू अन्नउत्थियस्स वा गारत्थियस्स वा दीहाइं पास-रोमाइं कप्पॆज्ज वा सण्ठवॆज्ज वा कप्पॆन्तं वा सण्ठवेतं वा सातिज्जति.
1470,
1471,जे भिक्खू अन्नउत्थियस्स वा गारत्थियस्स वा कायाओ सेयं वा जल्लं वा पङ्कं वा मलं वा नीहरॆज्ज वा विसोहॆज्ज वा नीहरॆन्तं वा विसोहॆन्तं वा सातिज्जति.
1472,
1473,जे भिक्खू अन्नउत्थियस्स वा गारत्थियस्स वा अच्छिमलं वा कण्णमलं वा दन्तमलं वा नहमलं वा नीहरॆज्ज वा विसोहॆज्ज वा नीहरॆन्तं वा विसोहॆन्तं वा सातिज्जति.
1474,
1475,जे भिक्खू गामाणुगामं दूइज्जमाणे अन्नउत्थियस्स वा गारत्थियस्स वा सीसदुवारियं करेति करॆन्तं वा सातिज्जति.
1476,
1477,जे भिक्खू अप्पाणं बीभावेति बीभावॆन्तं वा सातिज्जति.
1478,
1479,जे भिक्खू परं बीभावेति बीभावॆन्तं वा सातिज्जति.
1480,
1481,जे भिक्खू अप्पाणं विम्हावेति विम्हावॆन्तं वा सातिज्जति.
1482,
1483,जे भिक्खू परं विम्हावेति विम्हावॆन्तं वा सातिज्जति.
1484,
1485,जे भिक्खू अप्पाणं विप्परियासेति विप्परियासॆन्तं वा सातिज्जति.
1486,
1487,जे भिक्खू परं विप्परियासेति विप्परियासॆन्तं वा सातिज्जति.
1488,
1489,जे भिक्खू मुहवण्णं करेति करॆन्तं वा सातिज्जति.
1490,
1491,जे भिक्खू वेरज्ज-विरुद्ध-रज्जंसि सज्जं गमनं सज्जं आगमनं सज्जं गमनागमनं करेति करॆन्तं वा सातिज्जति.
1492,
1493,जे भिक्खू दियाभोयणस्स अवण्णं वयति वयन्तं वा सातिज्जति.
1494,
1495,जे भिक्खू राइभोयणस्स वण्णं वयति वयन्तं वा सातिज्जति.
1496,
1497,जे भिक्खू दिया असनं वा पानं वा खाइमं साइमं वा पडिग्गाहॆत्ता दिया भुञ्जति भुञ्जन्तं वा सातिज्जति.
1498,
1499,जे भिक्खू दिया असनं वा पानं वा खाइमं वा साइमं वा पडिग्गाहॆत्ता रत्तिं भुञ्जति भुञ्जन्तं वा सातिज्जति.
1500,
1501,जे भिक्खू रत्तिं असनं वा पानं वा खाइमं वा साइमं वा पडिग्गाहॆत्ता दिया भुञ्जति भुञ्जन्तं वा सातिज्जति.
1502,
1503,जे भिक्खू रत्तिं असनं वा पानं वा खाइमं वा साइमं वा पडिग्गाहॆत्ता रत्तिं भुञ्जति भुञ्जन्तं वा सातिज्जति.
1504,
1505,जे भिक्खू असनं वा पानं वा खाइमं वा साइमं अनागाढे परिवासेति परिवासॆन्तं वा सातिज्जति.
1506,
1507,जे भिक्खू परिवासियस्स असनस्स वा पानस्स वा खाइमस्स वा साइमस्स वा तयप्पमाणं वा भूतिप्पमाणं वा बिन्दुप्पमाणं वा आहारं आहारेति आहारॆन्तं वा सातिज्जति.
1508,
1509,जे भिक्खू मंसादीयं वा मच्छादीयं वा मंसखलं वा मच्छखलं वा आहेणं वा पहेणं वा संमेलं वा हिङ्गोलं वा अन्नयरं वा तहप्पगारं विरूवरूवं हीरमाणं पेहाए ताए आसाए ताए पिवासाए तं रयणिं अन्नत्थं उवाइणावेति उवाइणावॆन्तं वा सातिज्जति.
1510,
1511,जे भिक्खू निवेयणपिण्डं भुञ्जति भुञ्जन्तं वा सातिज्जति.
1512,
1513,जे भिक्खू अहाछन्दं पसंसति पसंसन्तं वा सातिज्जति.
1514,
1515,जे भिक्खू अहाछन्दं वन्दति वन्दन्तं वा सातिज्जति.
1516,
1517,जे भिक्खू नायगं वा अनायगं वा उवासगं वा अनुवासगं वा अनलं पव्वावेति पव्वावॆन्तं वा सातिज्जति.
1518,
1519,जे भिक्खू नायगं वा अनायगं वा उवासगं वा अनुवासगं वा अनलं उवट्ठावेति उवट्ठावॆन्तं वा सातिज्जति.
1520,
1521,जे भिक्खू० अणलेणं वेयावच्चं कारेति कारॆन्तं वा सातिज्जति.
1522,
1523,जे भिक्खू सचेले सचेलयाणं मज्झे संवसति संवसन्तं वा सातिज्जति.
1524,
1525,जे भिक्खू सचेले अचेलयाणं मज्झे संवसति संवसन्तं वा सातिज्जति.
1526,
1527,जे भिक्खू अचेले सचेलयाणं मज्झे संवसति संवसन्तं वा सातिज्जति.
1528,
1529,जे भिक्खू अचेले अचेलयाणं मज्झे संवसति संवसन्तं वा सातिज्जति.
1530,
1531,"जे भिक्खू पारियासियं पिप्पलिं वा पिप्पलिचुण्णं वा सिङ्गबेरं वा सिङ्गबेरचुण्णं वा बिलं वा लोणं, उब्भियं वा लोणं आहारेति आहारॆन्तं वा सातिज्जति."
1532,
1533,जे भिक्खू गिरिपडणाणि वा मरुपडणाणि वा भिगुपडणाणि वा तरुपडणाणि वा गिरिपक्खन्दणाणि वा मरुपक्खदंणाणि वा भिगुपक्खन्दणाणि वा तरुपक्खन्दणाणि वा जलपवेसाणि वा जलणपवेसाणि वा जलपक्खन्दणाणि वा जलणपक्खन्दणाणि वा विसभक्खाणि वा सत्थोपाडणाणि वा वलयमरणाणि वा वसट्टमरणाणि वा तब्भवमरणाणि वा अन्तोसल्लमरणाणि वा वेहानसमरणाणि वा गिद्धपिट्ठमरणाणि वा अन्नयराणि वा तहप्पगाराणि बालमरणाणि पसंसति पसंसन्तं वा सातिज्जति.
1534,
1535,तं सेवमाणे आवज्जइ चाउम्मासियं परिहारट्ठाणं अनुग्घातियं.
1536,
1537,
1538,
1539,---------------------------------------------------------------------
1540,जे भिक्खू कोलुणपडियाए अन्नयरिं तसपाणजातिं तणपासएण वा मुञ्जपासएण वा कट्ठपासएण वा चम्मपासएण वा वॆत्तपासएण वा रज्जुपासएण वा सुत्तपासएण वा बन्धति बन्धन्तं वा सातिज्जति.
1541,
1542,जे भिक्खू कोलुणपडियाए जाव सुत्तपासएण वा बद्धॆल्लयं मुयति मुयन्तं वा सा०.
1543,
1544,जे भिक्खू अभिक्खणं अभिक्खणं पच्चक्खाणं भञ्जति भञ्जन्तं वा सातिज्जति.
1545,
1546,जे भिक्खू परित्तकायसञ्जुत्तं आहारं आहारेति आहारॆन्तं वा सातिज्जति.
1547,
1548,जे भिक्खू सलोमाइं चम्माइं धरेइ धरन्तं वा सातिज्जति.
1549,
1550,जे भिक्खू तणपीढगं वा पलालपीढगं वा छगणपीढगं वा वॆत्तपीढगं वा कट्ठपीढगं वा परवत्थेणॊच्छण्णं अहिट्ठेति अहिट्ठॆन्तं वा सातिज्जति.
1551,
1552,जे भिक्खू निग्गन्थीए सङ्घाडिं अन्नउत्थिएण वा गारत्थिएण वा सिव्वावेति सिव्वावॆन्तं वा सातिज्जति.
1553,
1554,जे भिक्खू पुढवीकायस्स कलमायमवि समारम्भति समारम्भन्तं वा सातिज्जति एवं आउक्कायस्स वा तेउकायस्स वा वाउकायस्स वा वणप्फइकायस्स वा कलमायमवि समारम्भति समारम्भन्तं वा सातिज्जति.
1555,
1556,जे भिक्खू सचित्तरुक्खं दुरुहति दुरुहन्तं वा सातिज्जति.
1557,
1558,जे भिक्खू गिहिमत्ते भुञ्जति भुञ्जन्तं वा सातिज्जति.
1559,
1560,जे भिक्खू गिहिवत्थं परिहेति परिहॆन्तं वा सातिज्जति.
1561,
1562,जे भिक्खू गिहिनिसॆज्जं वाहेति वाहॆन्तं वा सातिज्जति.
1563,
1564,जे भिक्खू गिहितिगिच्छं करेति करॆन्तं वा सातिज्जति.
1565,
1566,जे भिक्खू पुरेकम्मकडेण हत्थेण वा मत्तेण वा दव्वीए वा भायणेण वा असनं वा पानं वा खाइमं वा साइमं वा पडिग्गाहेति पडिग्गाहॆन्तं वा सातिज्जति.
1567,
1568,जे भिक्खू गिहत्थाण वा अन्नउत्थियाण वा सीओदग-परिभोएण हत्थेण वा जाव भायणेण वा असनं वा पानं वा खाइमं वा साइमं वा [पडिग्गाहेति पडिग्गाहॆन्तं वा सातिज्जति.
1569,
1570,जे भिक्खू कट्ठकम्माणि वा चित्तकम्माणि वा पॊत्थकम्माणि वा दन्तकम्माणि वा मणिकम्माणि वा सेलकम्माणि वा गण्ठिमाणि वा वेढिमाणि वा पूरिमाणि वा सङ्घातिमाणि वा पत्तच्छॆज्जाणि वा विविहाणि वा वेहिमाणि वा चक्खुदंसणवडियाए अभिसन्धारेति अभिसन्धारॆन्तं वा सातिज्जति.
1571,
1572,जे भिक्खू वप्पाणि वा फलिहाणि वा उप्पलाणि वा पल्ललाणि वा उज्झराणि वा निज्झराणि वा वावीणि वा पॊक्खराणि वा दीहियाणि वा गुञ्जालियाणि वा सराणि वा सरपन्तियाणि वा सरसरपन्तियाणि वा चक्खु दंसणपडियाए अभिसन्धारेति अभिसन्धारॆन्तं वा सातिज्जति.
1573,
1574,जे भिक्खू कच्छाणि वा गहनानि वा नूमाणि वा वनानि वा वनविदुग्गाणि वा पव्वयाणि वा पव्वयविदुग्गाणि वा चक्खु दंसणपडियाए अभिसन्धारेति अभिसन्धारॆन्तं वा सातिज्जति.
1575,
1576,जे भिक्खू गामाणि वा नगराणि वा खेडाणि वा कब्बडाणि वा मडम्बाणि वा दोणमुहाणि वा पट्टणाणि वा आगाराणि वा सम्बाहाणि वा सन्निवेसाणि वा चक्खुदंसण पडियाए अभिसन्धारेति अभिसन्धारॆन्तं वा सातिज्जति.
1577,
1578,जे भिक्खू गाममहाणि वा जाव सन्निवेसमहाणि वा [गामदाहाणि जाव संनिवेस दाहाणि] चक्खु दंसणपडियाए अभिसन्धारेति अभिसन्धारॆन्तं वा सातिज्जति.
1579,
1580,जे भिक्खू गामवहाणि वा जाव सन्निवेसवहाणि वा चक्खु दंसणपडियाए अभिसन्धारेति अभिसन्धारॆन्तं वा सातिज्जति.
1581,
1582,जे भिक्खू गामपहाणि वा जाव सन्निवेसवहाणि वा चक्खु दंसणपडियाए अभिसन्धारेति अभिसन्धारॆन्तं वा सातिज्जति.
1583,
1584,जे भिक्खू आसकरणाणि वा हत्थिकरणाणि वा उट्टकरणाणि वा गोणकरणाणि वा महिसकरणाणि वा सूकरकरणाणि वा चक्खु दंणपडियाए जाव सातिज्जति.
1585,
1586,जे भिक्खू आसजुद्धाणि वा हत्थिजुद्धाणि वा उट्टजुद्धाणि वा गोणजुद्धाणि वा महिसजुद्धाणि वा करजुद्धाणि वा चक्खु दंसणपडियाए जाव सातिज्जति.
1587,
1588,जे भिक्खू उज्जूहियाठाणाणि वा हयजूहियाठाणाणि वा गयजूहियाठाणाणि वा चक्खु दंसणपडियाए अभिसन्धारेति अभिन्धारॆन्तं वा सातिज्जति.
1589,
1590,जे भिक्खू अभिसेयठाणाणि वा अक्खाइयठाणाणि वा मानुम्मानियठाणाणि वा महयाहय-नट्ट-गीय-वादिय-तन्ती-तल-ताल-तुडिय-पडुप्पवाइयठाणाणि वा चक्खु दंसणपडियाए अभिसन्धारेति अभिसन्धारॆन्तं वा सातिज्जति.
1591,
1592,जे भिक्खू आघायणाणि वा डिम्बाणि वा डमराणि वा खाराणि वा वेराणि वा महाजुद्धाणि वा महासङ्गामाणि वा कलहाणि वा बोलाणि वा चक्खु दंसणपडियाए जाव सातिज्जति.
1593,
1594,जे भिक्खू विरूवरूवेसु महुस्सवेसु इत्थीणि वा पुरिसाणि वा थेराणि वा मज्झिमाणि वा डहराणि वा- अणलङ्कियाणि वा सुअलङ्कियाणि वा गायन्ताणि वा वायन्ताणि वा नच्चन्ताणि वा हसन्ताणि वा रमन्ताणि वा मोहन्ताणि वा विपुलं असनं पानं वा खाइमं वा साइमं वा परिभाएताणि वा परिभुञ्जन्ताणि वा चक्खु दंसणपडियाए अभिसन्धारेति अभिसन्धारॆन्तं वा सातिज्जति.
1595,
1596,जे भिक्खू इहलोइएसु वा रूवेसु परलोइएसु वा रूवेसु दिट्ठेसु वा रूवेसु अदिट्ठेसु वा रूवेसु सुएसु वा रूवेसु असुएसु वा रूवेसु विण्णाएसु वा रूवेसु अविण्णाएसु वा रूवेसु सज्जति रज्जति गिज्झति अज्झोववज्जति सज्जमाणं वा रज्जमाणं वा गिज्झमाणं वा अज्झोववज्जमाणं वा सातिज्जति।. 
1597,
1598,जे भिक्खू पढमाए पोरिसीए असनं वा पानं वा खाइमं वा साइमं वा पडिग्गाहॆत्ता पच्छिमं पोरिसिं उवातिणावेति उवातिणावॆन्तं वा सातिज्जति.
1599,
1600,जे भिक्खू परं अद्धजोयणमेराओ परेण असनं वा पानं वा खाइमं वा साइमं वा उवातिणावेति उवातिणावॆन्तं वा सातिज्जति.
1601,
1602,जे भिक्खू दिवा गोमयं पडिग्गाहॆत्ता दिवा कायंसि वणं आलिम्पॆज्ज वा विलिम्पॆज्ज वा आलिम्पन्तं वा विलिम्पन्तं वा सातिज्जति.
1603,
1604,जे भिक्खू दिवा गोमयं पडिग्गाहॆत्ता रत्तिं कायंसि वणं आलिम्पॆज्ज वा विलिम्पॆज्ज वा आलिम्पन्तं वा विलिम्पन्तं वा सातिज्जति.
1605,
1606,जे भिक्खू रत्तिं गोमयं पडिग्गाहॆत्ता दिवा कायंसि वणं आलिम्पॆज्ज वा विलिम्पॆज्ज वा आलिम्पन्तं वा विलिम्पन्तं वा सातिज्जति.
1607,
1608,जे भिक्खू रत्तिं गोमयं पडिग्गाहॆत्ता रतिं कायंसि वणं आलिम्पॆज्ज वा विलिम्पॆज्ज वा आलिम्पन्तं वा विलिम्पन्तं वा सातिज्जति.
1609,
1610,जे भिक्खू दिवा आलेवणजायं पडिग्गाहॆत्ता दिवा कायंसि वणं आलिम्पॆज्ज वा विलिम्पॆज्ज वा आलिम्पन्तं वा विलिम्पन्तं वा सातिज्जति.
1611,
1612,जे भिक्खू दिवा आलेवणजायं पडिग्गाहॆत्ता रत्तिं कायंसि वणं आलिम्पॆज्ज वा विलिम्पॆज्ज वा आलिम्पन्तं वा विलिम्पन्तं वा सातिज्जति.
1613,
1614,जे भिक्खू रत्तिं आलेवणजायं पडिग्गाहॆत्ता दिवा कायंसि वणं आलिम्पॆज्ज वा विलिम्पॆज्ज वा आलिम्पन्तं वा विलिम्पन्तं वा सातिज्जति.
1615,
1616,जे भिक्खू रत्तिं आलेवणजायं पडिग्गाहॆत्ता रत्तिं कायंसि वणं आलिम्पॆज्ज वा विलिम्पॆज्ज वा आलिम्पन्तं वा विलिम्पन्तं वा सातिज्जति.
1617,
1618,जे भिक्खू अन्नउत्थिएण वा गारत्थिएण वा उवहिं वहावेति वहावॆन्तं वा सा० ।. 
1619,
1620,जे भिक्खू तन्नीसाए असनं वा पानं वा खाइमं वा साइमं वा देति दॆन्तं वा सा०.
1621,
1622,जे भिक्खू इमाओ पञ्च महण्णवाओ महानईओ उद्दिट्ठाओ गणियाओ वञ्जियाओ अन्तोमासस्स दुक्खुत्तो वा तिक्खुत्तो वा उत्तरति वा सन्तरति वा उत्तरन्तं वा सन्तरन्तं वा सातिज्जति तं जहा-गङ्गा जउणा सरऊ एरावती मही.
1623,
1624,तं सेवमाणे आवज्जइ चाउम्मासियं परिहारट्ठाणं उग्घातियं.
1625,
1626,
1627,
1628,---------------------------------------------------------------------
1629,जे भिक्खू अनन्तरहियाए पुढवीए ठाणं वा सॆज्जं वा निसॆज्जं वा निसीहियं वा चेएति चेऎन्तं वा सातिज्जति.
1630,
1631,जे भिक्खू ससिणिद्धाए पुढवीए ठाणं वा जाव चेएति चेऎन्तं वा सातिज्जति.
1632,
1633,जे भिक्खू ससरक्खाए पुढवीए ठाणं वा सॆज्जं वा निसॆज्जं वा निसीहियं वा चेएति चेऎन्तं वा सातिज्जति.
1634,
1635,जे भिक्खू मट्टियाकडाए पुढवीए ठाणं वा जाव चेएति चेऎन्तं वा सातिज्जति.
1636,
1637,जे भिक्खू चित्तमन्ताए पुढवीए ठाणं वा जाव चेऎन्तं वा सातिज्जति.
1638,
1639,जे भिक्खू चित्तमन्ताए सिलाए ठाणं वा जाव चेएति चेऎन्तं वा सातिज्जति.
1640,
1641,जे भिक्खू चित्तमन्ताए लेलूए ठाणं वा जाव चेएति चेऎन्तं वा सातिज्जति.
1642,
1643,जे भिक्खू कोलावासंसि वा दारुए जीवपइट्ठिए सअण्डे सपाणे सबीए सहरिए सऒस्से सउदए सउत्तिङ्ग-पणग-दग-मट्टिय-मक्कडा-सन्ताणगंसि ठाणं वा सॆज्जं वा निसॆज्जं वा निसीहियं वा चेएति चेऎन्तं वा सातिज्जति.
1644,
1645,जे भिक्खू थूणंसि वा गिहेलुयंसि वा उसुकालंसि वा कामजलंसि वा अन्नयरंसि वा तहप्पगारंसि अन्तरिक्खजायंसि दुब्बद्धे दुन्निक्खित्ते अनिकम्पे चलाचले ठाणं वा सॆज्जं वा निसॆज्जं वा निसीहियं वा चेएति चेऎन्तं वा सातिज्जति.
1646,
1647,जे भिक्खू कुलियंसि वा भित्तिंसि वा सिलंसि वा लेलुंसि वा अन्नयरंसि वा तहप्पगारंसि अन्तरिक्खजायंसि दुब्बद्धे दुन्निक्खित्ते अनिकम्पे चलाचले ठाणं वा सॆज्जं वा निसॆज्जं वा निसीहियं वा चेएति चेऎन्तं वा सातिज्जति.
1648,
1649,जे भिक्खू खन्धंसि व फलिहंसि वा मञ्चंसि वा मडम्बंसि वा मालंसि वा पासायंसि वा हम्मतलंसि वा अन्नयरंसि वा तहप्पगारंसि अन्तरिक्खजायंसि दुब्बद्धे दुन्निक्खित्ते अनिकम्पे चलाचले ठाणं वा सॆज्जं वा निसॆज्जं वा निसीहियं वा चेएति चेऎन्तं वा सातिज्जति.
1650,
1651,जे भिक्खू अन्नउत्थियं वा सिप्पं वा सिलोगं वा अट्ठापदं वा कक्कडगं वा वुग्गहं वा सलाहं वा सलाहकहत्थयं वा सिक्खावेति सिक्खावॆन्तं वा सातिज्जति.
1652,
1653,जे भिक्खू अन्नउत्थियं वा गारत्थियं वा आगाढं वदति वदन्तं वा सातिज्जति.
1654,
1655,जे भिक्खू अन्नउत्थियं वा गारत्थियं वा फरुसं वदति वदन्तं वा सातिज्जति.
1656,
1657,जे भिक्खू अन्नउत्थियं वा गारत्थियं वा आगाढं फरुसं वदति वदन्तं वा सा०.
1658,
1659,जे भिक्खू अन्नउत्थियं वा गारत्थियं वा अन्नयरीए अच्चासायणाए अच्चासाएति अच्चासाऎन्तं वा सातिज्जति.
1660,
1661,जे भिक्खू अन्नउत्थियं वा गारत्थियं वा कोउगकम्मं करेति करॆन्तं वा सा०.
1662,
1663,जे भिक्खू अन्नउत्थियं वा गारत्थियं वा भूतिकम्मं करेति करॆन्तं वा सातिज्जति.
1664,
1665,जे भिक्खू अन्नउत्थियं वा गारत्थियं वा पसिणं वागरेइ वागरॆन्तं वा सातिज्जति.
1666,
1667,जे भिक्खू अन्नउत्थियं वा गारत्थियं वा पसिणापसिणं वागरेइ वागरॆन्तं वा सातिज्जति.
1668,
1669,जे भिक्खू अन्नउत्थियं वा गारत्थियं वा तीतं निमित्तं वागरेइ वागरॆन्तं वा सातिज्जति.
1670,
1671,जे भिक्खू अन्नउत्थियं वा गारत्थियं वा लक्खणं वागरेइ वागरॆन्तं वा सातिज्जति.
1672,
1673,जे भिक्खू अन्नउत्थियं वा गारत्थियं वा सुमिणं वागरेइ वागरॆन्तं वा सातिज्जति.
1674,
1675,जे भिक्खू अन्नउत्थियाण वा गारत्थियाण वा विज्जं पउञ्जति पउञ्जन्तं वा सा०.
1676,
1677,जे भिक्खू अन्नउत्थियाण वा गारत्थियाण वा मन्तं पउञ्जति पउञ्जन्तं वा सा० ।. 
1678,
1679,जे भिक्खू अन्नउत्थियाण वा गारत्थियाण वा जोगं पउञ्जति पउञ्जन्तं वा सा.० ।. 
1680,
1681,जे भिक्खू अन्नउत्थियाण वा गारत्थियाण वा नट्ठाणं मूढाणं विप्परियासियाणं मग्गं वा पवेदेति सन्धि वा पवेदेति मग्गाओ वा सन्धिं पवेदेति सन्धीओ वा मग्गं पवेदेति पवेदॆन्तं वा सातिज्जति.
1682,
1683,जे भिक्खू अन्नउत्थियाण वा गारत्थियाण वा धाउं पवेदेति पवेदॆन्तं वा सा०.
1684,
1685,जे भिक्खू अन्नउत्थियाण वा गारत्थियाण वा निहिं पवेदेति पवेदॆन्तं वा सा०.
1686,
1687,जे भिक्खू मत्तए अप्पाणं देहति देहन्तं वा सातिज्जति.
1688,
1689,जे भिक्खू अद्दाए अप्पाणं देहति देहन्तं वा सातिज्जति.
1690,
1691,जे भिक्खू असीए अप्पाणं देहति देहन्तं वा सातिज्जति.
1692,
1693,जे भिक्खू मणीए अप्पाणं देहति देहन्तं वा सातिज्जति.
1694,
1695,जे भिक्खू उड्डपाणे अप्पाणं देहति देहन्तं वा सातिज्जति.
1696,
1697,जे भिक्खू तॆल्ले अप्पाणं देहति देहन्तं वा सातिज्जति.
1698,
1699,जे भिक्खू फाणिए अप्पाणं देहति देहन्तं वा सातिज्जति.
1700,
1701,जे भिक्खू वसाए अप्पाणं देहति देहन्तं वा सातिज्जति.
1702,
1703,जे भिक्खू वमनं पडिकम्मं करेति करॆन्तं वा सातिज्जति.
1704,
1705,जे भिक्खू विरेयणं पडिकम्मं करेति करॆन्तं वा सातिज्जति.
1706,
1707,जे भिक्खू वमनं-विरेयणं पडिकम्मं करेति करॆन्तं वा सातिज्जति.
1708,
1709,जे भिक्खू अरोगे य पडिकम्मं करेति करॆन्तं वा सातिज्जति.
1710,
1711,जे भिक्खू पासत्थं वन्दति वन्दन्तं वा सातिज्जति.
1712,
1713,जे भिक्खू पासत्थं पसंसति पसंसन्तं वा सातिज्जति.
1714,
1715,जे भिक्खू ओसन्नं वन्दति वन्दन्तं वा सातिज्जति.
1716,
1717,जे भिक्खू ओसन्नं पसंसति पसंसन्तं वा सातिज्जति.
1718,
1719,जे भिक्खू कुसीलं वन्दति वन्दन्तं वा सातिज्जति.
1720,
1721,जे भिक्खू कुसीलं पसंसति पसंसन्तं वा सातिज्जति.
1722,
1723,जे भिक्खू नितियं वन्दति वन्दन्तं वा सातिज्जति.
1724,
1725,जे भिक्खू नितियं पसंसति पसंसन्तं वा सातिज्जति.
1726,
1727,जे भिक्खू संसत्तं वन्दति वन्दन्तं वा सातिज्जति.
1728,
1729,जे भिक्खू संसत्तं पसंसति पसंसन्तं वा सातिज्जति.
1730,
1731,जे भिक्खू काहियं वन्दति वन्दन्तं वा सातिज्जति.
1732,
1733,जे भिक्खू काहियं पसंसति पसंसन्तं वा सातिज्जति.
1734,
1735,जे भिक्खू पासणियं वन्दति वन्दन्तं वा सातिज्जति.
1736,
1737,जे भिक्खू पासणियं पसंसति पसंसन्तं वा सातिज्जति.
1738,
1739,जे भिक्खू मामगं वन्दति वन्दन्तं वा सातिज्जति.
1740,
1741,जे भिक्खू मामगं पसंसति पसंसन्तं वा सातिज्जति.
1742,
1743,जे भिक्खू सम्पसारयं वन्दति वन्दन्तं वा सातिज्जति.
1744,
1745,जे भिक्खू सम्पसारयं पसंसति पसंसन्तं वा सातिज्जति.
1746,
1747,जे भिक्खू धाइपिण्डं भुञ्जति भुञ्जन्तं वा सातिज्जति.
1748,
1749,जे भिक्खू दूतिपिण्डं भुञ्जति भुञ्जन्तं वा सातिज्जति.
1750,
1751,जे भिक्खू निमित्तपिण्डं भुञ्जति भुञ्जन्तं वा सातिज्जति.
1752,
1753,जे भिक्खू आजीवियपिण्डं भुञ्जति भुञ्जन्तं वा सातिज्जति.
1754,
1755,जे भिक्खू वणीमगपिण्डं भुञ्जति भुञ्जन्तं वा सातिज्जति.
1756,
1757,जे भिक्खू तिगिच्छापिण्डं भुञ्जति भुञ्जन्तं वा सातिज्जति.
1758,
1759,जे भिक्खू कोहपिण्डं भुञ्जति भुञ्जन्तं वा सातिज्जति.
1760,
1761,जे भिक्खू मानपिण्डं भुञ्जति भुञ्जन्तं वा सातिज्जति.
1762,
1763,जे भिक्खू मायापिण्डं भुञ्जति भुञ्जन्तं वा सातिज्जति.
1764,
1765,जे भिक्खू लोभपिण्डं भुञ्जति भुञ्जन्तं वा सातिज्जति.
1766,
1767,जे भिक्खू विज्जापिण्डं भुञ्जति भुञ्जन्तं वा सातिज्जति.
1768,
1769,जे भिक्खू मन्तपिण्डं भुञ्जति भुञ्जन्तं वा सातिज्जति.
1770,
1771,जे भिक्खू जोगपिण्डं भुञ्जति भुञ्जन्तं वा सातिज्जति.
1772,
1773,जे भिक्खू चुण्णपिण्डं भुञ्जति भुञ्जन्तं वा सातिज्जति.
1774,
1775,जे भिक्खू अन्तद्धाणपिण्डं भुञ्जति भुञ्जन्तं वा सातिज्जति.
1776,
1777,तं सेवमाणे आवज्जइ चाउम्मासियं परिहारट्ठाणं उग्घातियं.
1778,
1779,
1780,
1781,---------------------------------------------------------------------
1782,जे भिक्खू पडिग्गहं किणेति किणावेति कीयं आहट्टु दिज्जमाणं पडिग्गाहेति पडिग्गाहॆन्तं वा सातिज्जति.
1783,
1784,जे भिक्खू पडिग्गहं पामिच्चेति पामिच्चावेति पामिच्चं आहट्टु दिज्जमाणं पडिग्गाहेति पडिग्गाहॆन्तं वा सातिज्जति.
1785,
1786,जे भिक्खू पडिग्गहं परियट्टेति परियट्टावेति परियट्टियं आहट्टु दिज्जमाणं पडिग्गाहेति पडिग्गाहॆन्तं वा सातिज्जति.
1787,
1788,जे भिक्खू पडिग्गहं अच्छॆज्जं अनिसट्ठं अभिहडं आहट्टु दिज्जमाणं पडिग्गाहेति पडिग्गाहॆन्तं वा सातिज्जति.
1789,
1790,जे भिक्खू अइरेगं पडिग्गहं गणिं उद्दिसिय गणिं समुद्दिसिय तं गणिं अनापुच्छिय अनामन्तिय अन्नमन्नस्स वियरति वियरन्तं वा सातिज्जति.
1791,
1792,जे भिक्खू अइरेगं पडिग्गहं खुड्डगस्स वा खुड्डियाए वा थेरगस्स वा थेरियाए वा-अहत्थच्छिन्नस्स अपायच्छिन्नस्स अकण्णच्छिन्नस्स अनासच्छिन्नस्स अनॊट्ठच्छिन्नस्स सक्कस्स- देति दॆन्तं वा सातिज्जति.
1793,
1794,जे भिक्खू अइरेगं पडिग्गहं खुड्डगस्स वा खुड्डियाए वा जाव ऒट्ठच्छिन्नस्स असक्कस्स- न देति न दॆन्तं वा सातिज्जति.
1795,
1796,जे भिक्खू पडिग्गहं अनलं अथिरं अधुवं अधारणिज्जं धरेति धरॆन्तं वा सातिज्जति.
1797,
1798,जे भिक्खू पडिग्गहं अलं थिरं धुवं धारणिज्जं न धरेति न धरॆन्तं वा सातिज्जति.
1799,
1800,जे भिक्खू वण्णमन्तं पडिग्गहं विवण्णं करेति करॆन्तं वा सातिज्जति.
1801,
1802,जे भिक्खू विवण्णं पडिग्गहं वण्णमन्तं करेति करॆन्तं वा सातिज्जति.
1803,
1804,जे भिक्खू नो नवए मे पडिग्गहे लद्धे त्ति कट्टु सीओदग-वियडेण वा उसिणोदग- वियडेण वा उच्छोलॆज्ज वा पधोवॆज्ज वा उच्छोलॆन्तं वा पधोवॆन्तं वा सातिज्जति.
1805,
1806,जे भिक्खू नो नवए मे पडिग्गहे लद्धे त्ति कट्टु बहुदेवसिएण सीओदग-वियडेण वा उसिणोदग-वियडेण वा उच्छोलॆज्ज वा पधोवॆज्ज वा उच्छोलॆन्तं वा पधोवॆन्तं वा सातिज्जति.
1807,
1808,जे भिक्खू नो नवए मे पडिग्गहे लद्धे त्ति कट्टु कक्केण वा लॊद्धेण वा चुण्णेण वा वण्णेण वा आघंसॆज्ज वा पघंसॆज्ज वा आघंसन्तं वा पघंसन्तं वा सातिज्जति.
1809,
1810,जे भिक्खू नो नवए मे पडिग्गहे लद्धे त्ति कट्टु बहुदेवसिएण कक्केण वा लॊद्धेण वा चुण्णेण वा वण्णेण वा आघंसॆज्ज वा पघंसॆज्ज वा आघंसन्तं वा पघंसन्तं वा सातिज्जति.
1811,
1812,जे भिक्खू दुब्भिगन्धे मे पडिग्गहे लद्धे त्ति कट्टु सीओदग-वियडेण वा उसिणोदग-वियडेण वा उच्छोलॆज्ज वा पधोवॆज्ज वा उच्छोलॆन्तं वा पधोवॆन्तं वा सातिज्जति.
1813,
1814,जे भिक्खू दुब्भिगन्धे मे पडिग्गहे लद्धे त्ति कट्टु बहुदेवसिएण सीओदग-वियडेण वा उसिणोदग-वियडेण वा उच्छोलॆज्ज वा पधोवॆज्ज वा उच्छोलॆन्तं वा पधोवॆन्तं वा सातिज्जति.
1815,
1816,जे भिक्खू दुब्भिङ्गन्धे मे पडिग्गहे लद्धे त्ति कट्टु कक्केण वा लॊद्धेण वा चुण्णेण वा वण्णेण वा आघंसॆज्ज वा पघंसॆज्ज वा आसङ्घन्तं वा पघंसन्तं वा सातिज्जति.
1817,
1818,"जे भिक्खू दुब्भिङ्गन्धे मे पडिग्गहे लद्धे त्ति कट्टु बहुदेसिएण कक्केण वा लॊद्धेण वा चुण्णेण वा वण्णेण वा आघंसॆज्ज वा पघंसॆज्ज वा आघंसन्तं वा पघंसन्तं वा सातिज्जति. [* एवं तॆल्लेण वा घएण वा, नवनीएण वा, वसाए वा मक्खॆज्ज वा, मिलिङ्गॆज्ज वा, मक्खॆन्तं वा मिलिगॆन्तं वा सातिज्जति० एए चतारि आलावगा भणिया]. "
1819,
1820,जे भिक्खू अनन्तरहियाए पुढवीए जाव जीवपतिट्ठिए सअण्डे जाव ससङ्कमणंसि चलाचले सपडिग्गहं आयावॆज्ज वा पयावॆज्ज वा आयावॆन्तं वा पयावॆन्तं वा सातिज्जति.
1821,
1822,जे भिक्खू ससिणिद्धाए पुढवीए जाव पडिग्गहं आयावॆज्ज वा जाव सातिज्जति.
1823,
1824,जे भिक्खू ससरक्खाए पुढवीए जाव पडिग्गहं आयावॆज्ज वा जाव सातिज्जति.
1825,
1826,जे भिक्खू मट्टियमकडाए पुढवीए जाव पडिग्गहं आयावॆज्ज वा जाव सातिज्जति.
1827,
1828,जे भिक्खू चित्तमन्ताए पुढवीए जाव पडिग्गहं आयावॆज्ज वा जाव सातिज्जति.
1829,
1830,जे भिक्खू चित्तमन्ताए सिलाए जाव पडिग्गहं आयावॆज्ज वा जाव सातिज्जति.
1831,
1832,जे भिक्खू चित्तमन्ताए लेलूए जाव पडिग्गहं आयावॆज्ज वा जाव सातिज्जति.
1833,
1834,जे भिक्खू कोलावासंसि वा दारुए जीवपइट्ठिए सअण्डे सपाणे सबीए सहरिए सऒस्से सउदए सउत्तिङ्ग-पणग-दग-मट्टिय-मक्कडा सन्ताणगंसि पडिग्गहं आयावॆज्ज वा पयावॆज्ज वा आयावॆन्तं वा पयावॆन्तं वा सातिज्जति.
1835,
1836,जे भिक्खू थूणंसि वा गिहेलुयंसि वा उसुकालंसि वा कामजलंसि वा अन्नयरंसि वा तहप्पगारंसि अन्तरिक्खजायंसि दुब्बद्धे दुन्निक्खित्ते अनिकम्पे चलाचले पडिग्गहं आयावॆज्ज वा पयावॆज्ज वा आयावॆन्तं वा पयावॆन्तं वा सातिज्जति.
1837,
1838,जे भिक्खू कुलियंसि वा भित्तिंसि वा सिलंसि वा लेलुंसि वा अन्नयरंसि वा तहप्पगारंसि अन्तरिक्खजायंसि दुब्बद्धे जाव आयावॆन्तं वा पयावॆन्तं वा सातिज्जति.
1839,
1840,जे भिक्खू खन्धंसि वा फलिहंसि वा मञ्चंसि वा मडम्बंसि वा मालंसि वा पासायंसि वा हम्मतलंसि वा अन्नयरंसि वा तहप्पगारंसि अन्तरिक्खजायंसि दुब्बद्धे दुन्निक्खित्ते अनिकम्पे चलाचले पडिग्गहं आयावॆज्ज वा पयावॆज्ज वा आयावॆन्तं वा पयावॆन्तं वा सातिज्जति.
1841,
1842,जे भिक्खू पडिग्गहाओ पुढवीकायं नीहरति नीहरावेति नीहरियं आहट्टु दॆज्जमाणं पडिग्गाहेति पडिग्गाहॆन्तं वा सातिज्जति.
1843,
1844,जे भिक्खू पडिग्गहाओ आउकायं नीहरति जाव सातिज्जति.
1845,
1846,जे भिक्खू पडिग्गहाओ तेउक्कायं नीहरति जाव सातिज्जति.
1847,
1848,जे भिक्खू पडिग्गहाओ कन्दाणि वा मूलाणि वा पत्ताणि वा पुप्फाणि वा फलाणि वा बीजाणि वा नीहरति नीहरावेति नीहरियं आहट्टु दॆज्जमाणं पडिग्गाहेति पडिग्गाहॆन्तं वा सातिज्जति.
1849,
1850,जे भिक्खू पडिग्गहाओ ओसहिबीयाइं नीहरति जाव सातिज्जति.
1851,
1852,जे भिक्खू पडिग्गहाओ तसपाणजातिं नीहरति जाव सातिज्जति.
1853,
1854,जे भिक्खू पडिग्गहगं निक्कोरेति निक्कोरावेति निक्कोरियं आहट्टु दॆज्जमाणं पडिग्गाहेति पडिग्गाहॆन्तं वा सातिज्जति.
1855,
1856,जे भिक्खू नायगं वा अनायगं वा उवासगं वा अनुवासगं वा गामन्तरंसि वा गामपहन्तरंसि वापडिग्गहगं ओभासिय-ओभासिय जायति जायन्तं वा सातिज्जति.
1857,
1858,जे भिक्खू नायगं वा [अनायगं वा उवासगं वा] अनुवासगं वा परिसामज्झाओ उट्ठवॆत्ता पडिग्गहगं ओभासिय-ओभासिय जायति जायन्तं वा सातिज्जति.
1859,
1860,जे भिक्खू पडिग्गहनीसाए उडुबद्धं वसति वसन्तं वा सातिज्जति.
1861,
1862,जे भिक्खू पडिग्गहनीसाए वासावासं वसति वसन्तं वा सातिज्जति.
1863,
1864,तं सेवमाणे आवज्जइ चाउम्मासियं परिहारट्ठाणं उग्घातियं.
1865,
1866,
1867,
1868,---------------------------------------------------------------------
1869,जे भिक्खू भिक्खूणं आगाढं वदति वदन्तं वा सातिज्जति.
1870,
1871,जे भिक्खू भिक्खूणं फरुसं वदति वदन्तं वा सातिज्जति.
1872,
1873,जे भिक्खू भिक्खूणं आगाढं फरुसं वदति वदन्तं वा सातिज्जति.
1874,
1875,जे भिक्खू भिक्खूणं अन्नयरीए अच्चासायणाए अच्चासाएति अच्चासाऎन्तं वा सा०.
1876,
1877,जे भिक्खू सचित्तं अम्बं भुञ्जति भुजन्तं वा सातिज्जति.
1878,
1879,जे भिक्खू सचित्तं अम्बं विडसति विडसन्तं वा सातिज्जति.
1880,
1881,जे भिक्खू सचित्तं अम्बं वा अम्बपेसिं वा अम्बभित्तं वा अम्बसालगं वा अम्बडगलं वा अम्बचोयगं वा भुञ्जति भुञ्जन्तं वा सातिज्जति.
1882,
1883,जे भिक्खू सचित्तं अम्बं वा जाव अम्बचोयगं वा विडसति विडसन्तं वा सातिज्जति.
1884,
1885,जे भिक्खू सचित्तपइट्ठियं अम्बं भुञ्जति भुञ्जन्तं वा सातिज्जति.
1886,
1887,जे भिक्खू सचित्तपइट्ठियं अम्बं विडसति विडसन्तं वा सातिज्जति.
1888,
1889,जे भिक्खू सचित्तपइट्ठियं अम्बं वा जाव भुञ्जति भुञ्जन्तं वा सातिज्जति.
1890,
1891,जे भिक्खू सचित्तपइट्ठियं अम्बं वा जाव विडसति विडसन्तं वा सातिज्जति.
1892,
1893,जे भिक्खू अन्नउत्थिएण वा गारत्थिएण वा अप्पणो पाए आमज्जावॆज्ज वा पमज्जावॆज्ज वा आमज्जावॆन्तं वा पमज्जावॆन्तं वा सातिज्जति.
1894,
1895,जे भिक्खू अन्नउत्थिएण वा गारत्थिएण वा अप्पणो पाए संवाहावॆज्ज वा पलिमद्दावॆज्ज वा संवाहावॆन्तं वा पलिमद्दावॆन्तं वा सातिज्जति.
1896,
1897,जे भिक्खू अन्नउत्थिएण वा गारत्थिएण वा अप्पणो पाए तॆल्लेण वा घएण वा वसाए वा नवनीएण वा अब्भङ्गावॆज्ज वा मक्खावॆज्ज वा अब्भङ्गावॆन्तं वा मक्खावॆन्तं वा सातिज्जति.
1898,
1899,जे भिक्खू अन्नउत्थिएण वा गारत्थिएण वा अप्पणो पाए लॊद्धेण वा कक्केण वा चुण्णेण वा वण्णेण वा उल्लोलावॆज्ज वा उव्वट्टावॆज्ज वा उल्लोलावॆन्तं वा उव्वट्टावॆन्तं वा सातिज्जति.
1900,
1901,जे भिक्खू अन्नउत्थिएण वा गारत्थिएण वा अप्पणो पाए सीओदग-वियडेण वा उसिणोदग-वियडेण वा उल्लोलावॆज्ज वा उच्छोलावॆज्ज वा पधोवावॆज्ज वा उच्छोलावॆन्तं वा पधोवावॆन्तं वा सातिज्जति.
1902,
1903,जे भिक्खू अन्नउत्थिएण वा गारत्थिएण वा अप्पणो पाए फुमावॆज्ज वा रयावॆज्ज वा फुमावॆन्तं वा रयावॆन्तं वा सातिज्जति.
1904,
1905,जे भिक्खू अन्नउत्थिएण वा गारत्थिएण वा अप्पणो कायं आमज्जावॆज्ज वा पमज्जावॆज्ज वा आमज्जावॆन्तं वा पमज्जावॆन्तं वा सातिज्जति.
1906,
1907,जे भिक्खू अन्नउत्थिएण वा गारत्थिएण वा अप्पणो कायं संवाहावॆज्ज वा पलिमद्दावॆज्ज वा संवाहावॆन्तं वा पलिमद्दावॆन्तं वा सातिज्जति.
1908,
1909,जे भिक्खू अन्नउत्थिएण वा गारत्थिएण वा अप्पणो कायं तॆल्लेण वा घएण वा वसाए वा नवनीएण वा अब्भङ्गावॆज्ज वा मक्खावॆज्ज वा अब्भङ्गावॆन्तं वा मक्खावॆन्तं वा सातिज्जति.
1910,
1911,जे भिक्खू अन्नउत्थिएण वा गारत्थिएण वा अप्पणो कायं लॊद्धेण वा कक्केण वा चुण्णेण वा वण्णेण वा उल्लोलावॆज्ज वा उव्वट्टावॆज्ज वा उल्लोलावॆन्तं वा उव्वट्टावॆन्तं वा सातिज्जति.
1912,
1913,जे भिक्खू अन्नउत्थिएण वा गारत्थिएण वा अप्पणो कायं सीओदग-वियडेण वा उसिणोदग-वियडेण वा उच्छोलावॆज्ज वा पधोवावॆज्ज वा उच्छोलावॆन्तं वा पधोवावॆन्तं वा सातिज्जति.
1914,
1915,जे भिक्खू अन्नउत्थिएण वा गारत्थिएण वा अप्पणो कायं फुमावॆज्ज वा रयावॆज्ज वा फुमावॆन्तं वा रयावॆन्तं वा सातिज्जति.
1916,
1917,जे भिक्खू अन्नउत्थिएण वा गारत्थिएण वा अप्पणो कायंसि वणं आमज्जावॆज्ज वा पमज्जावॆज्ज वा आमज्जावॆन्तं वा पमज्जावॆन्तं वा सातिज्जति.
1918,
1919,जे भिक्खू अन्नउत्थिएण वा गारत्थिएण वा अप्पणो कायंसि वणं संवाहावॆज्ज वा पलिमद्दावॆज्ज वा संवाहावॆन्तं वा पलिमद्दावॆन्तं वा सातिज्जति.
1920,
1921,जे भिक्खू अन्नउत्थिएण वा गारत्थिएण वा अप्पणो कायंसि वणं तॆल्लेण वा घएण वा वसाए वा नवनीएण वा अब्भङ्गावॆज्ज वा मक्खावॆज्ज वा अब्भङ्गावॆन्तं वा मक्खावॆन्तं वा सातिज्जति.
1922,
1923,जे भिक्खू अन्नउत्थिएण वा गारत्थिएण वा अप्पणो कायंसि वणं लॊद्धेण वा कक्केण वा चुण्णेण वा वण्णेण उल्लोलावॆज्ज वा उव्वट्टावॆज्ज वा उल्लोलावॆन्तं वा उव्वट्टावॆन्तं वा सातिज्जति.
1924,
1925,जे भिक्खू अन्नउत्थिएण वा गारत्थिएण वा अप्पणो कायंसि वणं सीओदग-वियडेण वा उसिणोदग-वियडेण वा उच्छोलावॆज्ज वा पधोवावॆज्ज वा उच्छोलावॆन्तं वा पधोवावॆन्तं वा सातिज्जति.
1926,
1927,जे भिक्खू अन्नउत्थिएण वा गारत्थिएण वा अप्पणो कायंसि वणं फुमावॆज्ज वा रयावॆज्ज वा फुमावॆन्तं वा रयावॆन्तं वा सातिज्जति.
1928,
1929,जे भिक्खू अन्नउत्थिएण वा गारत्थिएण वा अप्पणो कायंसि गण्डं वा पिडयं वा अरइयं वा असियं वा भगन्दलं वा अन्नयरेण तिक्खेणं सत्थजाएणं अच्छिन्दावॆज्ज वा विच्छिन्दावॆज्ज वा अच्छिन्दावॆन्तं वा विच्छिन्दावॆन्तं वा सातिज्जति.
1930,
1931,जे भिक्खू अन्नउत्थिएण वा जाव विच्छिन्दावित्ता वा पूयं वा सोणियं वा नीहरावॆज्ज वा विसोहावॆज्ज वा नीहरावॆन्तं वा विसोहावॆन्तं वा सातिज्जति.
1932,
1933,जे भिक्खू अन्नउत्थिएण वा जाव विसोहावॆत्ता वा सीओदग-वियडेण वा उसिणोदग-वियडेण वा उच्छोलावॆज्ज वा पधोवावॆज्ज वा उच्छोलावॆन्तं वा पधोवावॆन्तं वा सातिज्जति.
1934,
1935,जे भिक्खू अन्नउत्थिएण वा जाव पधोवावॆत्ता वा अन्नयरेणं आलेवणजाएणं आलिम्पावॆज्ज वा विलिम्पावॆज्ज वा आलिम्पावॆन्तं वा विलिम्पावॆन्तं वा सातिज्जति.
1936,
1937,जे भिक्खू अन्नउत्थिएण वा जाव पधोवावॆत्ता वा अन्नयरेणं आलेवणजाएणं आलिम्पावॆत्ता वा विलिम्पावॆत्ता वा तॆल्लेण वा घएण वा वसाए वा नवनीएण वा अब्भङ्गावॆज्ज वा मक्खावॆज्ज वा अब्भङ्गावॆन्तं वा मक्खावॆन्तं वा सातिज्जति.
1938,
1939,जे भिक्खू अन्नउत्थिएण वा पधोवावॆत्ता वा अन्नयरेणं आलेवणजाएणं आलिम्पावॆत्ता वा विलिम्पावॆत्ता वा तॆल्लेण वा घएण वा वसाए वा नवनीएण वा अब्भङ्गावॆत्ता वा मक्खावॆत्ता वा अन्नयरेणं धूवणजाएणं धूवावॆज्ज वा पधूवावॆज्ज वा धूवावॆन्तं वा पधूवावॆन्तं वा सातिज्जति.
1940,
1941,जे भिक्खू अन्नउत्थिएण वा गारत्थिएण वा अप्पणो पालुकिमियं वा कुच्छिकिमियं वा अङ्गुलीए निवेसाविय-निवेसाविय नीहरावेति नीहरावॆन्तं वा सातिज्जति.
1942,
1943,जे भिक्खू अन्नउत्थिएण वा गारत्थिएण वा अप्पणो दीहाओ नह-सिहाओ कप्पावॆज्ज वा सण्ठवावॆज्ज वा कप्पावॆन्तं वा सण्ठवावॆन्तं वा सातिज्जति.
1944,
1945,जे भिक्खू अन्नउत्थिएण वा गारत्थिएण वा अप्पणो दीहाइं जङ्घ-रोमाइं कप्पावॆज्ज वा सण्ठवावॆज्ज वा कप्पावॆन्तं वा सण्ठवावॆन्तं वा सातिज्जति.
1946,
1947,जे भिक्खू अन्नउत्थिएण वा गारत्थिएण वा अप्पणो दीहाइं वत्थि-रोमाइं कप्पावॆज्ज वा सण्ठवावॆज्ज वा कप्पावॆन्तं वा सण्ठवावॆन्तं वा सातिज्जति.
1948,
1949,जे भिक्खू अन्नउत्थिएण वा गारत्थिएण वा अपप्णो दीहाइं चक्खु रोमाइं कप्पावॆज्ज वा सण्ठवावॆज्ज वा कप्पावॆन्तं वा सण्ठवावॆन्तं वा सातिज्जति.
1950,
1951,जे भिक्खू अन्नउत्थिएण वा गारत्थिएण वा अप्पणो दीहाइं कक्खाण-रोमाइं कप्पावॆज्ज वा सण्ठवावॆज्ज वा कप्पावॆन्तं वा सण्ठवावॆन्तं वा सातिज्जति.
1952,
1953,जे भिक्खू अन्नउत्थिएण वा गारत्थिएण वा अप्पणो दीहाइं मंसु-रोमाइं कप्पावॆज्ज वा सण्ठवावॆज्ज वा कप्पावॆन्तं वा सण्ठवावॆन्तं वा सातिज्जति.
1954,
1955,जे भिक्खू अन्नउत्थिएण वा गारत्थिएण वा अप्पणो दन्ते आघंसावॆज्ज वा पघंसावॆज्ज वा आघंसावॆन्तं वा पघंसावॆन्तं वा सातिज्जति.
1956,
1957,जे भिक्खू अन्नउत्थिएण वा गारत्थिएण वा अप्पणो दन्ते उच्छोलावॆज्ज वा पधोवावॆज्ज वा उच्छोलावॆन्तं वा पधोवावॆन्तं वा सातिज्जति.
1958,
1959,जे भिक्खू अन्नउत्थिएण वा गारत्थिएण वा अप्पणो दन्ते फुमावॆज्ज वा रयावॆज्ज वा फुमावॆन्तं वा रयावॆन्तं वा सातिज्जति.
1960,
1961,जे भिक्खू अन्नउत्थिएण वा गारत्थिएण वा अप्पणो उट्ठे आमज्जावॆज्ज वा पमज्जावॆज्ज वा आमज्जावॆन्तं वा पमज्जावॆन्तं वा सातिज्जति.
1962,
1963,जे भिक्खू अन्नउत्थिएण वा गारत्थिएण वा अप्पणो उट्ठे संवाहावॆज्ज वा पलिमद्दावॆज्ज वा आमज्जावॆन्तं वा पमज्जावॆन्तं वा सातिज्जति.
1964,
1965,जे भिक्खू अन्नउत्थिएण वा गारत्थिएण वा अप्पणो उट्ठे तॆल्लेण वा घएण वा वसाए वा नवणीएण वा अब्भङ्गावॆज्ज वा मक्खावॆज्ज वा अब्भङ्गावॆन्तं वा मक्खावॆन्तं वा सातिज्जति.
1966,
1967,जे भिक्खू अन्नउत्थिएण वा गारत्थिएण वा अप्पणो उट्ठे लॊद्धेण वा कक्केण वा चुण्णेण वा वण्णेण वा उल्लोलावॆज्ज वा उव्वट्टावॆज्ज वा उल्लोलावॆन्तं वा उव्वट्टावॆन्तं वा सातिज्जति.
1968,
1969,जे भिक्खू अन्नउत्थिएण वा गारत्थिएण वा अप्पणो उट्ठे सीओदग-वियडेण वा उसिणोदग-वियडेण वा उच्छोलावॆज्ज वा पधोवावॆज्जा वा उच्छोलावॆन्तं वा पधोवावॆन्तं वा सातिज्जति.
1970,
1971,जे भिक्खू अन्नउत्थिएण वा गारत्थिएण वा अप्पणो उट्ठे फुमावॆज्ज वा रयावॆज्ज वा फुमावॆन्तं वा रयावॆन्तं वा सातिज्जति.
1972,
1973,जे भिक्खू अन्नउत्थिएण वा गारत्थिएण वा अप्पणो दीहाइं उत्तरॊट्ठ-रोमाइं कप्पावॆज्ज वा सण्ठवावॆज्ज वा कप्पावॆन्तं वा सण्ठवावॆन्तं वा सातिज्जति.
1974,
1975,जे भिक्खू अन्नउत्थिएण वा गारत्थिएण वा अप्पणो दीहाइं नासा-रोमाइं कप्पावॆज्ज वा सण्ठवावॆज्ज वा कप्पावॆन्तं वा सण्ठवावॆन्तं वा सातिज्जति.
1976,
1977,जे भिक्खू अन्नउत्थिएण वा गारत्थिएण वा अप्पणो दीहाइं अच्छि-पत्ताइं कप्पावॆज्ज वा सण्ठवावॆज्ज वा कप्पावॆन्तं वा सण्ठवावॆन्तं वा सातिज्जति.
1978,
1979,जे भिक्खू अन्नउत्थिएण वा गारत्थिएण वा अप्पणो अच्छीणि आमज्जावॆज्ज वा पमज्जावॆज्ज वा आमज्जावॆन्तं वा पमज्जावॆन्तं वा सातिज्जति.
1980,
1981,जे भिक्खू अन्नउत्थिएण वा गारत्थिएण वा अप्पणो अच्छीणि संवाहावॆज्ज वा पलिमद्दावॆज्ज वा संवाहावॆन्तं वा पलिमद्दावॆन्तं वा सातिज्जति.
1982,
1983,जे भिक्खू अन्नउत्थिएण वा गारत्थिएण वा अप्पणो अच्छीणि तॆल्लेण वा घएण वा वसाए वा नवनीएण वा अब्भङ्गावॆज्ज वा मक्खावॆज्ज वा अब्भङ्गावॆन्तं वा मक्खावॆन्तं वा सातिज्जति.
1984,
1985,जे भिक्खू अन्नउत्थिएण वा गारत्थिएण वा अप्पणो अच्छीणि लॊद्धेण वा कक्केण वा चुण्णेण वा वण्णेण वा उल्लोलावॆज्ज वा उव्वट्टावॆज्ज वा उल्लोलावॆन्तं वा उव्वट्टावॆन्तं वा सातिज्जति ।. 
1986,
1987,जे भिक्खू अन्नउत्थिएण वा गारत्थिएण वा अप्पणो अच्छीणि सीओदग-वियडेण वा उसिणोदग-वियडेण वा उच्छोलावॆज्ज वा पधोवावॆज्ज वा उच्छोलावॆन्तं वा पधोवावॆन्तं वा सातिज्जति.
1988,
1989,जे भिक्खू अन्नउत्थिएण वा गारत्थिएण वा अप्पणो अच्छीणि फुमावॆज्ज वा रयावॆज्ज वा फुमावॆन्तं वा रयावॆन्तं वा सातिज्जति.
1990,
1991,जे भिक्खू अन्नउत्थिएण वा गारत्थिएण वा अप्पणो दीहाइं भमुग-रोमाइं कप्पावॆज्ज वा सण्ठवावॆज्ज वा कप्पावॆन्तं वा सण्ठवावॆन्तं वा सातिज्जति.
1992,
1993,जे भिक्खू अन्नउत्थिएण वा गारत्थिएण वा अप्पणो दीहाइं पास-रोमाइं कप्पावॆज्ज वा सण्ठवावॆज्ज वा कप्पावॆन्तं वा सातिज्जति.
1994,
1995,जे भिक्खू अन्नउत्थिएण वा गारत्थिएण वा अप्पणो कायाओ सेयं वा जल्लं वा पङ्कं वा मलं वा नीहरावॆज्ज वा विसोहावॆज्ज वा नीहरावॆन्तं वा विसोहावॆन्तं वा सातिज्जति.
1996,
1997,जे भिक्खू अन्नउत्थिएण वा गारत्थिएण वा अप्पणो अच्छिमलं वा कण्णमलं वा दन्तमलं वा नहमलं वा नीहरावॆज्ज वा विसोहावॆज्ज वा नीहरावॆन्तं वा विसोहावॆन्तं वा सातिज्जति.
1998,
1999,जे भिक्खू अन्नउत्थिएण वा गारत्थिएण वा गामाणुगामं दूइज्जमाणे अप्पणो सीसदुवारियं कारवेति कारवॆन्तं वा सातिज्जति.
2000,
2001,जे भिक्खू आगन्तारेसु वा आरामगारेसु वा गाहावइकुलेसु वा परियावसहेसु वा उच्चार-पासवणं परिट्ठवेति परिट्ठवॆन्तं वा सातिज्जति.
2002,
2003,जे भिक्खू उज्जाणंसि वा [उज्जाणगिहंसि वा उज्जाणसालंसि वा निज्जाणंसि वा निज्जाणगिहंसि वा निज्जाणसालंसि वा उच्चार-पासवणं परिट्ठवेति परिट्ठवॆन्तं वा] सातिज्जति.
2004,
2005,जे भिक्खू अट्टंसि वा [अट्टालयंसि वा पागारंसि वा परियंसि वा दारंसि वा गोपुरंसि वा उच्चार-पासवणं परिट्ठवेति परिट्ठवॆन्तं वा] सातिज्जति.
2006,
2007,जे भिक्खू दगमग्गंसि वा [दगपहंसि वा दगतीरंसि वा दगठाणंसि वा उच्चार-पासवणं परिट्ठवेति परिट्ठवॆन्तं वा] सातिज्जति.
2008,
2009,जे भिक्खू सुन्नगिहंसि वा [सुन्नसालंसि वा भिन्नगिहंसि वा भिन्नसालंसि वा कूडागारंसि वा कॊट्ठागारंसि वा उच्चार-पासवणं परिट्ठवेति परिट्ठवॆन्तं वा] सातिज्जति.
2010,
2011,जे भिक्खू तणसालंसि वा [तणगिहंसि वा तुससालंसि वा तुसगिहंसि वा बुससालंसि वा बुसगिहंसि वा उच्चार-पासवणं परिट्ठवेति परिट्ठवॆन्तं वा] सातिज्जति.
2012,
2013,जे भिक्खू जाणसालंसि वा [जाणगिहंसि वा जुग्गसालंसि वा जुग्गगिहंसि वा उच्चारपासवणं परिट्ठवेति परिट्ठवॆन्तं वा] सातिज्जति.
2014,
2015,जे भिक्खू पणियसालंसि वा [पणियगिहंसि वा परियागसालंसि वा परियागगिहंसि वा कुवियसालंसि वा कुवियगिहंसि वा उच्चार-पासवणं परिट्ठवेति परिट्ठवॆन्तं वा] सातिज्जति.
2016,
2017,जे भिक्खू गोणसालंसि वा [गोणगिहंसि वा महाकुलंसि वा महागिहंसि वा उच्चारपासवणं परिट्ठवेति परिट्ठवेतं वा] सातिज्जति.
2018,
2019,जे भिक्खू अन्नउत्थिस्स वा गारत्थियस्स वा असनं वा पानं वा खाइमं वा साइमं वा देति दॆन्तं वा सातिज्जति. [पडिच्छति पडिच्छन्तं वा सातिज्जति.]. 
2020,
2021,जे भिक्खू अन्नउत्थिस्स वा गारत्थियस्स वा वत्थं वा पडिग्गहं वा कम्बलं वा पायपुञ्छणं वा देति दॆन्तं वा सातिज्जति. [पडिच्छति पडिच्छन्तं वा सातिज्जति.]. 
2022,
2023,जे भिक्खू पासत्थस्स असनं वा पानं वा खाइमं वा साइमं वा देति दॆन्तं वा सातिज्जति.
2024,
2025,जे भिक्खू पासत्थस्स असनं वा जाव पडिच्छति पडिच्छन्तं वा सातिज्जति.
2026,
2027,जे भिक्खू पासत्थस्स वत्थं वा पडिग्गहं वा कम्बलं वा पायपुञ्छणं वा देति दॆन्तं वा सातिज्जति.
2028,
2029,जे भिक्खू पासत्थस्स वत्थं वा जाव पडिच्छति पडिच्छन्तं वा सातिज्जति.
2030,
2031,जे भिक्खू ओसन्नस्स असनं वा पानं वा खाइमं वा साइमं वा देति दॆन्तं वा सा०.
2032,
2033,जे भिक्खू ओसन्नस्स असनं वा जाव पडिच्छति पडिच्छन्तं वा सातिज्जति.
2034,
2035,जे भिक्खू ओसन्नस्स वत्थं वा पडिग्गहं वा कम्बलं वा पायपुञ्छणं वा देति दॆन्तं वा सातिज्जति.
2036,
2037,जे भिक्खू ओसन्नस्स वत्थं वा जाव पडिच्छति पडिच्छन्तं वा सातिज्जति.
2038,
2039,जे भिक्खू कुसीलस्स असनं वा जाव देति दॆन्तं वा सातिज्जति.
2040,
2041,जे भिक्खू कुसीलस्स असनं वा जाव पडिच्छति पडिच्छन्तं वा सातिज्जति.
2042,
2043,जे भिक्खू कुसीलस्स वत्थं वा जाव देति दॆन्तं वा सातिज्जति.
2044,
2045,जे भिक्खू कुसीलस्स वत्थं वा जाव पडिच्छति पडिच्छन्तं वा सातिज्जति.
2046,
2047,जे भिक्खू नितियस्स असनं वा जाव देति दॆन्तं वा सातिज्जति.
2048,
2049,जे भिक्खू नितियस्स असनं वा जाव पडिच्छति पडिच्छन्तं वा सातिज्जति.
2050,
2051,जे भिक्खू नितियस्स वत्थं वा जाव देति दॆन्तं वा सातिज्जति.
2052,
2053,जे भिक्खू नितियस्स वत्थं वा जाव पडिच्छति पडिच्छन्तं वा सातिज्जति.
2054,
2055,जे भिक्खू संसत्तस्स असनं वा पानं वा खाइमं वा साइमं वा देति दॆन्तं वा सातिज्जति.
2056,
2057,जे भिक्खू संसत्तस्स असनं वा जाव पडिच्छति पडिच्छन्तं वा सातिज्जति.
2058,
2059,जे भिक्खू संसत्तस्स वत्थं वा जाव देति दॆन्तं वा सातिज्जति.
2060,
2061,जे भिक्खू संसत्तस्स वत्थं वा जाव पडिच्छति पडिच्छन्तं वा सातिज्जति.
2062,
2063,जे भिक्खू जायणावत्थं वा निमन्तणावत्थं वा अजाणिय अपुच्छिय अगवेसिय पडिग्गाहेति पडिग्गाहॆन्तं वा सातिज्जति सेय वत्थे चउण्हं अन्नयरे सिया तं जहा- निच्चनियंसणिए मज्जणिए छणूस्सविए रायदुवारिए.
2064,
2065,जे भिक्खू विभूसावडियाए अप्पणो पाए आमज्जॆज्ज वा पमज्जॆज्ज वा आमज्जन्तं वा पमज्जन्तं वा सातिज्जति.
2066,
2067,जे भिक्खू विभूसावडियाए अप्पणो पाए संवाहॆज्ज वा पलिमद्दॆज्ज संवाहॆन्तं वा पलिमद्दॆन्तं वा सातिज्जति.
2068,
2069,जे भिक्खू विभूसावडियाए अप्पणो पाए तॆल्लेण वा घएण वा वसाए वा नवनीएण वा अब्भङ्गॆज्ज वा मक्खॆज्ज वा अब्भङ्गॆन्तं वा मक्खॆन्तं वा सातिज्जति.
2070,
2071,जे भिक्खू विभूसावडियाए अप्पणो पाए लॊद्धेण वा कक्केण वा चुण्णेण वा वण्णेण वा उल्लोलॆज्ज वा उव्वट्टॆज्ज वा उल्लोलॆन्तं वा उव्वट्टॆन्तं वा सातिज्जति.
2072,
2073,जे भिक्खू विभूसावडियाए अप्पणो पाए सीओदग-वियडेण वा उसिणोदग-वियडेण वा उच्छोलॆज्ज वा पधोवॆज्ज वा उच्छोलॆन्तं वा पधोवॆन्तं वा सातिज्जति.
2074,
2075,जे भिक्खू विभूसावडियाए अप्पणो पाए फुमॆज्ज वा रऎज्ज वा फुमॆन्तं वा रऎन्तं वा सातिज्जति.
2076,
2077,जे भिक्खू विभूसावडियाए अप्पणो कायं आमज्जॆज्ज वा पमज्जॆज्ज वा आमज्जन्तं वा पमज्जन्तं वा सातिज्जति.
2078,
2079,जे भिक्खू विभूसावडियाए अप्पणो कायं संवाहॆज्ज वा पलिमद्दॆज्ज वा संवाहॆन्तं वा पलिमद्दॆन्तं वा सातिज्जति.
2080,
2081,जे भिक्खू विभूसावडियाए अप्पणो कायं तॆल्लेण वा घएण वा वसाए वा नवनीएण वा अब्भङ्गॆज्ज वा मक्खॆज्ज वा अब्भङ्गॆन्तं वा मक्खॆन्तं वा सातिज्जति.
2082,
2083,जे भिक्खू विभूसावडियाए अप्पणो कायं लॊद्धेण वा कक्केण वा चुण्णेण वा वण्णेण वा उल्लोलॆज्ज वा उव्वट्टॆज्ज वा उल्लोलॆन्तं वा उव्वट्टॆन्तं वा सातिज्जति.
2084,
2085,जे भिक्खू विभूसावडियाए अप्पणो कायं सीओदग-वियडेण वा उसिणोदग-वियडेण वा उच्छोलॆज्ज वा पधोवॆज्ज वा उच्छोलॆन्तं वा पधोवॆन्तं वा सातिज्जति.
2086,
2087,जे भिक्खू विभूसावडियाए अप्पणो कायं फुमॆज्ज वा रऎज्ज वा फुमॆन्तं वा रएतं वा सातिज्जति.
2088,
2089,जे भिक्खू विभूसावडियाए अप्पणो कायंसि वणं आमज्जॆज्ज वा पमज्जॆज्ज वा आमज्जन्तं वा पमज्जन्तं वा सातिज्जति.
2090,
2091,जे भिक्खू विभूसावडियाए अप्पणो कायंसि वणं संवाहॆज्ज वा पलिमद्दॆज्ज वा संवाहॆन्तं वा पलिमद्दॆन्तं वा सातिज्जति.
2092,
2093,जे भिक्खू विभूसावडियाए अप्पणो कायंसि वणं तॆल्लेण वा घएण वा वसाए वा नवनीएण वा अब्भङ्गॆज्ज वा मक्खॆज्ज वा अब्भङ्गॆन्तं वा मक्खॆन्तं वा सातिज्जति.
2094,
2095,जे भिक्खू विभूसावडियाए अप्पणो कायंसि वणं लॊद्धेण वा कक्केण वा चुण्णेण वा वण्णेण वा उल्लोलॆज्ज वा उव्वट्टॆज्ज वा उल्लोलॆन्तं वा उव्वट्टॆन्तं वा सातिज्जति.
2096,
2097,जे भिक्खू विभूसावडियाए अप्पणो कायंसि वणं सीओदग-वियडेण वा उसिणोदग-वियडेण वा उच्छोलॆज्ज वा पधोवॆज्ज वा उच्छॊंलॆन्तं वा पधोवॆन्तं वा सातिज्जति.
2098,
2099,जे भिक्खू विभूसावडियाए अप्पणो कायंसि वणं फुमॆज्ज वा रऎज्ज वा फुमॆन्तं वा रऎन्तं वा सातिज्जति.
2100,
2101,जे भिक्खू विभूसावडियाए अप्पणो कायंसि गण्डं वा पिडयं वा अरइयं वा असियं वा भगन्दलं वा अन्नयरेणं तिक्खेणं सत्थजाएणं अच्छिन्दॆज्ज वा विच्छिन्दॆज्ज वा अच्छिन्दॆन्तं वा विच्छिन्दॆन्तं वा सातिज्जति.
2102,
2103,जे भिक्खू विभूसावडियाए अप्पणो कायंसि गण्डं जाव विच्छिन्दित्ता वा पूयं वा सोणियं वा नीहरॆज्ज वा विसोहॆज्ज वा नीहरॆन्तं वा विसोहॆन्तं वा सातिज्जति.
2104,
2105,जे भिक्खू विभूसावडियाए अप्पणो कायंसि गण्डं जाव नीहरित्ता वा सीओदग-वियडेण वा उसिणोदग-वियडेण वा उच्छोलॆज्ज वा पधोवॆज्ज वा उच्छोलॆन्तं वा पधोवॆन्तं वा सातिज्जति.
2106,
2107,जे भिक्खू विभूसावडियाए अप्पणो कायंसि गण्डं जाव उच्छोलॆत्ता वा पधोऎत्ता वा अन्नयरेणं आलेवणजाएणं आलिम्पॆज्ज वा विलिम्पॆज्ज वा आलिम्पन्तं वा विलिम्पन्तं वा सातिज्जति.
2108,
2109,जे भिक्खू विभूसावडियाए अप्पणो कायंसि गण्डं जाव पधोऎत्ता वा अन्नयरेणं आलेवणजाएणं आलिम्पित्ता वा विलिम्पित्ता वा तॆल्लेण वा घएण वा वसाए वा नवनीएण वा अब्भङ्गॆज्ज वा मक्खॆज्ज वा अब्भङ्गॆन्तं वा मक्खॆन्तं वा सातिज्जति.
2110,
2111,जे भिक्खू विभूसावडियाए अप्पणो कायंसि गण्डं जाव नवनीएण वा अब्भङ्गॆत्ता वा मक्खॆत्ता वा अन्नयरेणं धूवण जाएणं धूवॆज्ज वा पधूवॆज्ज वा धूवॆन्तं वा पधूवॆन्तं वा सातिज्जति.
2112,
2113,जे भिक्खू विभूसावडियाए अप्पणो पालुकिमियं वा कुच्छिकिमियं वा अङ्गुलीओ निवेसिय-निवेसिय नीहरति नीहरॆन्तं वा सातिज्जति.
2114,
2115,जे भिक्खू विभूसावडियाए अप्पणो दीहाओ नह-सिहाओ कप्पॆज्ज वा सण्ठवॆज्ज वा कप्पॆन्तं वा सण्ठवॆन्तं वा सातिज्जति.
2116,
2117,जे भिक्खू विभूसावडियाए अप्पणो दीहाइं जङ्घ-रोमाइं कप्पॆज्ज वा सण्ठवॆज्ज वा कप्पॆन्तं वा सण्ठवॆन्तं वा सातिज्जति.
2118,
2119,जे भिक्खू विभूसावडियाए अप्पणो दीहाइं वत्थिं-रोमाइं कप्पॆज्ज वा सण्ठवॆज्ज वा कप्पॆन्तं वा सण्ठवॆन्तं वा सातिज्जति.
2120,
2121,जे भिक्खू विभूसावडियाए अप्पणो दीहाइं चक्खु रोमाइं कप्पॆज्ज वा सण्ठवॆज्ज वा कप्पॆन्तं वा सण्ठवॆन्तं वा सातिज्जति.
2122,
2123,जे भिक्खू विभूसावडियाए अप्पणो दीहाइं कक्खाण-रोमाइं कप्पॆज्ज वा सण्ठवॆज्ज वा कप्पॆन्तं वा सण्ठवेतं वा सातिज्जति.
2124,
2125,जे भिक्खू विभूसावडियाए अप्पणो दीहाइं मंसु-रोमाइं कप्पॆज्ज वा सण्ठवॆज्ज वा कप्पॆन्तं वा सण्ठवॆन्तं वा सातिज्जति.
2126,
2127,जे भिक्खू विभूसावडियाए अप्पणो दन्ते आघंसॆज्ज वा पघंसॆज्ज वा आघंसन्तं वा पघंसन्तं वा सातिज्जति.
2128,
2129,जे भिक्खू विभूसावडियाए अप्पणो दन्ते उच्छोलॆज्ज वा पधोवॆज्ज वा उच्छोलॆन्तं वा पधोवॆन्तं वा सातिज्जति.
2130,
2131,जे भिक्खू विभूसावडियाए अप्पणो दन्ते फुमॆज्ज वा रऎज्ज वा फुमॆन्तं वा रऎन्तं वा सातिज्जति.
2132,
2133,जे भिक्खू विभूसावडियाए अप्पणो उट्ठे आमज्जॆज्ज वा पमज्जॆज्ज वा आमज्जन्तं वा पमज्जन्तं वा सातिज्जति.
2134,
2135,जे भिक्खू विभूसावडियाए अप्पणो उट्ठे संवाहॆज्ज वा पलिमद्दॆज्ज वा संवाहॆन्तं वा पलिमद्दॆन्तं वा सातिज्जति.
2136,
2137,जे भिक्खू विभूसावडियाए अप्पणो उट्ठे तॆल्लेण वा घएण वा वसाए वा नवनीएण वा अब्भङ्गॆज्ज वा मक्खॆज्ज वा अब्भङ्गॆन्तं वा मक्खॆन्तं वा सातिज्जति.
2138,
2139,जे भिक्खू विभूसावडियाए अप्पणो उट्ठे लॊद्धेण वा कक्केण वा चुण्णेण वा वण्णेण वा उल्लोलॆज्ज वा उव्वट्टॆज्ज वा उल्लोलॆन्तं वा उव्वट्टॆन्तं वा सातिज्जति.
2140,
2141,जे भिक्खू विभूसावडियाए अप्पणो उट्ठे सीओदग-वियडेण वा उसिणोदग-वियडेण वा उच्छोलॆज्ज वा पधोवॆज्ज वा उच्छोलॆन्तं वा पधोवॆन्तं वा सातिज्जति.
2142,
2143,जे भिक्खू विभूसावडियाए अप्पणो उट्ठे फुमॆज्ज वा रऎज्ज वा फुमॆन्तं वा रऎन्तं वा सातिज्जति.
2144,
2145,जे भिक्खू विभूसावडियाए अप्पणो उत्तरॊट्ठ-रोमाइं कप्पॆज्ज वा सण्ठवॆज्ज वा कप्पॆन्तं वा सण्ठवॆन्तं वा सातिज्जति.
2146,
2147,जे भिक्खू विभूसावडियाए अप्पणो दीहाइं नासा-रोमाइं कप्पॆज्ज वा सण्ठवॆज्ज वा कप्पॆन्तं वा सण्ठवॆन्तं वा सातिज्जति.
2148,
2149,जे भिक्खू विभूसावडियाए अप्पणो दीहाइं अच्छि-पत्ताइं कप्पॆज्ज वा सण्ठवॆज्ज वा कप्पॆन्तं वा सण्ठवॆन्तं वा सातिज्जति.
2150,
2151,जे भिक्खू विभूसावडियाए अप्पणो अच्छीणि आमज्जॆज्ज वा पमज्जॆज्ज वा आमज्जन्तं वा पमज्जन्तं वा सातिज्जति.
2152,
2153,जे भिक्खू विभूसावडियाए अप्पणो अच्छीणि संवाहॆज्ज वा पलिमद्दॆज्ज वा संवाहॆन्तं वा पलिमद्दॆन्तं वा सातिज्जति.
2154,
2155,जे भिक्खू विभूसावडियाए अप्पणो अच्छीणि तॆल्लेण वा घएण वा वसाए वा नवनीएण वा अब्भङ्गॆज्ज वा मक्खॆज्ज वा अब्भङ्गॆन्तं वा मक्खॆन्तं वा सातिज्जति.
2156,
2157,जे भिक्खू विभूसावडियाए अप्पणो अच्छीणि लॊद्धेण वा कक्केण वा चुण्णेण वा वण्णेण वा उल्लोलॆज्ज वा उव्वट्टॆज्ज वा उल्लोलॆन्तं वा उव्वट्टॆन्तं वा सातिज्जति.
2158,
2159,जे भिक्खू विभूसावडियाए अप्पणो अच्छीणि सीओदग-वियडेण वा उसिणोदग-वियडेण वा उच्छोलॆज्ज वा उच्छोलॆन्तं वा पधोवॆन्तं वा सातिज्जति.
2160,
2161,जे भिक्खू विभूसावडियाए अप्पणो अच्छीणि फुमॆज्ज वा रऎज्ज वा फुमॆन्तं वा रऎन्तं वा सातिज्जति.
2162,
2163,जे भिक्खू विभूसावडियाए अप्पणो दीहाइं भमुग-रोमाइं कप्पॆज्ज वा सण्ठवॆज्ज वा कप्पॆन्तं वा सण्ठवॆन्तं वा सातिज्जति.
2164,
2165,जे भिक्खू विभूसावडियाए अप्पणो दीहाइं पास-रोमाइं कप्पॆज्ज वा सण्ठवॆज्ज वा कप्पॆन्तं वा सण्ठवॆन्तं वा सातिज्जति.
2166,
2167,जे भिक्खू विभूसावडियाए अप्पणो कायाओ सेयं वा जल्लं वा पङ्कं वा मलं वा नीहरॆज्ज वा विसोहॆज्ज वा नीहरॆन्तं वा विसोहॆन्तं वा सातिज्जति.
2168,
2169,जे भिक्खू विभूसावडियाए अप्पणो अच्छिमलं वा कण्णमलं वा दन्तमलं वा नहमलं वा नीहरॆज्ज वा विसोहॆज्ज वा नीहरॆन्तं वा विसोहॆन्तं वा सातिज्जति.
2170,
2171,जे भिक्खू विभूसावडियाए गामाणुगामं दूइज्जमाणे अप्पणो सीसदुवारियं करेति करॆन्तं वा सातिज्जति.
2172,
2173,जे भिक्खू विभूसावडियाए वत्थं वा पडिग्गहं वा कम्बलं वा पायपूञ्छणं वा अन्नयरं वा उवगरणजायं धरेति धरॆन्तं वा सातिज्जति.
2174,
2175,जे भिक्खू विभूसावडियाए वत्थं वा पडिग्गहं वा कम्बलं वा पायपुञ्छणं वा अन्नयरं वा उवगरणजायं धोवेति धोवॆन्तं वा सातिज्जति.
2176,
2177,तं सेवमाणे आवज्जइ चाउम्मासियं परिहारट्ठाणं उग्घातियं.
2178,
2179,
2180,
2181,---------------------------------------------------------------------
2182,जे भिक्खू सागारियं सॆज्जं उवागच्छति उवागच्छन्तं वा सातिज्जति.
2183,
2184,जे भिक्खू सोदगं सॆज्जं अनुपविसति अनुपविसन्तं वा सातिज्जति.
2185,
2186,जे भिक्खू सागणियं सॆज्जं अनुपविसति अनुपविसन्तं वा सातिज्जति.
2187,
2188,जे भिक्खू सचित्तं उच्छुं भुञ्जति भुञ्जन्तं वा सातिज्जति.
2189,
2190,जे भिक्खू सचित्तं उच्छुं विडसति विडसन्तं वा सातिज्जति.
2191,
2192,जे भिक्खू सचित्तं अन्तरुच्छुयं वा उच्छुखण्डियं वा उच्छुचोयगं वा उच्छुमेरगं वा उच्छुसालगं वा उच्छुडगलं वा भुञ्जति भुञ्जन्तं वा सातिज्जति.
2193,
2194,जे भिक्खू सचित्तं अन्तरुच्छुयं वा उच्छुखण्डियं वा उच्छुचोयगं वा उच्छुमेरगं वा उच्छुसालगं वा उच्छुडगलं वा विडसति विडसन्तं वा सातिज्जति.
2195,
2196,जे भिक्खू सचित्तपइट्ठियं उच्छं भुञ्जति भुञ्जन्तं वा सातिज्जति.
2197,
2198,जे भिक्खू सचित्तपइट्ठियं उच्छुं विडसति विडसन्तं वा सातिज्जति.
2199,
2200,जे भिक्खू सचित्तपइट्ठियं अन्तरुच्छुयं वा उच्छुखण्डियं वा उच्छुचोयगं वा उच्छुमेरगं वा उच्छुसालगं वा उच्छुडगलं वा भुञ्जति भुञ्जन्तं वा सातिज्जति.
2201,
2202,जे भिक्खू सचित्तपइट्ठियं अन्तरुच्छुयं वा उच्छुखण्डियं वा उच्छुचोयगं वा उच्छुमेरगं वा उच्छुसालगं वा उच्छुडगलं वा विडसति विडसन्तं वा सातिज्जति.
2203,
2204,जे भिक्खू आरण्णयाणं वणंवयाणं अडवीजत्तापट्ठियाणं असनं पानं वा खाइमं वा साइमं वा पडिग्गाहेति पडिग्गाहेतं वा सातिज्जति.
2205,
2206,जे भिक्खू वुसिरातियं अवुसिरातियं वदति वदन्तं वा सातिज्जति.
2207,
2208,जे भिक्खू अवुसिरातियं वुसिरातियं वदति वदन्तं वा सातिज्जति.
2209,
2210,जे भिक्खू वुसिरातियं गणाओ अवुसिराइयं गणं सङ्कमति सङ्कमन्तं वा सा०.
2211,
2212,जे भिक्खू वुग्गहवक्कन्ताणं असनं वा पानं वा खाइमं वा साइमं वा देति दॆन्तं वा सातिज्जति.
2213,
2214,जे भिक्खू वुग्गहवक्कन्ताणं असनं वा जाव पडिच्छति पडिच्छन्तं वा सातिज्जति.
2215,
2216,जे भिक्खू वुग्गहवक्कन्ताणं वत्थं वा पडिग्गहं वा कम्बलं वा पायपुञ्छणं वा देति दॆन्तं वा सातिज्जति.
2217,
2218,जे भिक्खू वुग्गहवक्कन्ताणं वत्थं वा जाव पडिच्छति पडिच्छन्तं वा सातिज्जति.
2219,
2220,जे भिक्खू वुग्गहवक्कन्ताणं वसहिं देति दॆन्तं वा सातिज्जति.
2221,
2222,जे भिक्खू वुग्गहवक्कन्ताणं वसहिं पडिच्छति पडिच्छन्तं वा सातिज्जति.
2223,
2224,जे भिक्खू वुग्गहवक्कन्ताणं वसहिं अनुपविसति अनुपविसन्तं वा सातिज्जति.
2225,
2226,जे भिक्खू वुग्गहवक्कन्ताणं सज्झायं देति दॆन्तं वा सातिज्जति.
2227,
2228,जे भिक्खू वुग्गहवक्कन्ताणं सज्झायं पडिच्छति पडिच्छन्तं वा सातिज्जति.
2229,
2230,जे भिक्खू अडविं अनेगाहमगणिज्जं सति लाढे विहाराए सन्थरमाणेसु जनवएसु विहारपडियाए अभिसन्धारेति अभिसन्धारॆन्तं वा सातिज्जति.
2231,
2232,जे भिक्खू विरूवरूवाइं दसुगाययणाइं अनारियाइं मिलक्खूइं पच्चन्तियाइं सति लाढे विहारए सन्थरमाणेसु जनवएसु विहारपडियाए अभिसन्धारेति अभिसन्धारॆन्तं वा सातिज्जति.
2233,
2234,जे भिक्खू दुगुञ्छियकुलेसु असनं वा जाव पडिग्गाहेति पडिग्गाहॆन्तं वा सातिज्जति.
2235,
2236,जे भिक्खू दुगुञ्छियकुलेसु वत्थं वा जाव पडिग्गाहेति पडिग्गाहॆन्तं वा सातिज्जति.
2237,
2238,जे भिक्खू दुगुञ्छियकुलेसु वसहिं पडिग्गाहेति पडिग्गाहॆन्तं वा सातिज्जति.
2239,
2240,जे भिक्खू दुगुञ्छियकुलेसु सज्झायं उद्दिसति उद्दिसन्तं वा सातिज्जति.
2241,
2242,जे भिक्खू दुगुञ्छियकुलेसु सज्झायं वाएति वाऎन्तं वा सातिज्जति.
2243,
2244,जे भिक्खू दुगुञ्छियकुलेसु सज्झायं पडिच्छति पडिच्छन्तं वा सातिज्जति.
2245,
2246,जे भिक्खू असनं वा जाव पुढवीए निक्खिवति निक्खिवन्तं जाव वा सातिज्जति.
2247,
2248,जे भिक्खू असनं वा जाव सन्थारए निक्खिवति निक्खिवन्तं वा सातिज्जति.
2249,
2250,जे भिक्खू असनं वा पानं वा खाइमं वा साइमं वा वेहासे निक्खिवति निक्खिवन्तं वा सा०।. 
2251,
2252,जे भिक्खू अन्नउत्थिएहिं वा गारत्थिएहिं वा सद्धिं भुञ्जति भुञ्जन्तं वा सातिज्जति.
2253,
2254,जे भिक्खू अन्नउत्थिएहिं वा गारत्थिएहिं वा सद्धिं आवेढिय-परिवेढिए भुञ्जति भुञ्जन्तं वा सातिज्जति.
2255,
2256,जे भिक्खू आयरिय-उवज्झायाणं सॆज्जा-सन्थारयं पाएणं सङ्घट्टॆत्ता हत्थेणं अणणुन्नवॆत्ता घारयमाणे गच्छति गच्छन्तं वा सातिज्जति.
2257,
2258,जे भिक्खू पमाणातिरित्तं वा गणणातिरित्तं वा उवहिं धरेति धरॆन्तं वा सातिज्जति.
2259,
2260,जे भिक्खू अनन्तरहियाए पुढवीए उच्चार-पासवणं परिट्ठवेति परिट्ठवॆन्तं वा सा०.
2261,
2262,जे भिक्खू ससिणिद्धाए पुढवीए उच्चार-पासवणं० वा सातिज्जति.
2263,
2264,जे भिक्खू ससरक्खाए पुढवीए उच्चार-पासवणं० वा सातिज्जति.
2265,
2266,जे भिक्खू मट्टियमकडाए पुढवीए उच्चार-पासवणं० वा सातिज्जति.
2267,
2268,जे भिक्खू चित्तमन्ताए पुढवीए उच्चार-पासवणं परिट्ठवेति परिट्ठवॆन्तं वा सा०।. 
2269,
2270,जे भिक्खू चित्तमन्ताए सिलाए उच्चार-पासवणं परिट्ठवेति परिट्ठवॆन्तं वा सा०.
2271,
2272,जे भिक्खू चित्तमन्ताए लेलूए उच्चार-पासवणं परिट्ठवेति परिट्ठवॆन्तं वा सा०.
2273,
2274,जे भिक्खू कोलावासंसि वा दारुए जीवपइट्ठिए सअण्डे सपाणे सबीए सहरिए सऒस्से सउत्तिङ्ग-पणग-दग-मट्टिय-मक्कडा-सन्ताणए उच्चार-पासवणं० सातिज्जति.
2275,
2276,जे भिक्खू थूणंसि वा गिहेलुयंसि वा उसुयालंसि वा कामजलंसि वा अन्नयरंसि वा तहप्पगारंसि अन्तरिक्खजायंसि दुब्बद्धे दुन्निक्खित्ते अनिकम्पे चलाचले उच्चारपासवणं परिट्ठवेति परिट्ठवॆन्तं वा सातिज्जति.
2277,
2278,जे भिक्खू कुलियंसि वा भित्तिंसि वा सिलंसि वा लेलुंसि वा अन्नयरंसि वा तहप्पगारंसि जाव उच्चारपासवणं परिट्ठवेति परिट्ठवॆन्तं वा सातिज्जति.
2279,
2280,जे भिक्खू खन्धंसि वा फलिहंसि वा मञ्चंसि वा मण्डवंसि वा मालंसि वा पासायंसि वा हम्मतलंसि वा अन्नयरंसि वा तहप्पगारंसि जाव उच्चार-पासवणं परिट्ठवेति परिट्ठवॆन्तं वा सातिज्जति —
2281,
2282,तं सेवमाणे आवज्जइ चाउम्मासियं परिहारट्ठाणं उग्घातियं.
2283,
2284,
2285,
2286,---------------------------------------------------------------------
2287,जे भिक्खू कोउहल्लपडियाए अन्नयरं तसपाणजातिं तणपासएण वा मुञ्जपासएण वा कट्ठपासएण वा चम्मपासएण वा वॆत्तपासएण वा रज्जुपासएण वा सुत्तपासएण वा बन्धति बन्धन्तं वा सातिज्जति.
2288,
2289,जे भिक्खू कोउहल्लपडियाए अन्नयरं तसपाणजातिं तणपासएण वा जाव रज्जुपासएण वा सुत्तपासएण वा बद्धॆल्लयं मुयति मुयन्तं वा सातिज्जति.
2290,
2291,जे भिक्खू कोउहल्लपडियाए तणमालियं वा [मुञ्जमालियं वा वॆत्तमालियं वा भिण्डमालियं वा मयणमालियं वा पिच्छमालियं वा दन्तमालियं वा सिङ्गमालियं वा सङ्खमालियं वा हड्डमालियं वा कट्ठमालियं वा पत्तमालियं वा पुप्फमालियं वा फलमालियं वा बीजमालियं वा] हरियमालियं वा करेति करॆन्तं वा सातिज्जति.
2292,
2293,जे भिक्खू कोउहल्लपडियाए तणमालियं वा जाव हरियमालियं वा धरेति धरॆन्तं वा सातिज्जति.
2294,
2295,जे भिक्खू कोउहल्लपडियाए तणमालियं वा जाव हरियमालियं वा धरेति धरॆन्तं वा सातिज्जति.
2296,
2297,जे भिक्खू कोउहल्लपडियाए अयलोहाणि वा तम्बलोहाणि वा तउयलोहाणि वा सीसगलोहाणि वा रुप्पलोहाणि वा सुवण्णलोहाणि वा करेति करॆन्तं वा सातिज्जति.
2298,
2299,जे भिक्खू कोउहल्लपडियाए अयलोहाणि वा तम्बलोहाणि वा तउयलोहाणि वा सीसगलोहाणि वा रुप्पलोहाणि वा सुवण्णलोहाणि वा धरेति धरॆन्तं वा सातिज्जति.
2300,
2301,जे भिक्खू कोउहल्लपडियाए अयलोहाणि वा तम्बलोहाणि वा तउयलोहामि वा सीसगलोहाणि वा रुप्पलोहाणि वा सुवण्णलोहाणि वा परिभुञ्जति परिभुञ्जन्तं वा सातिज्जति.
2302,
2303,जे भिक्खू कोउहल्लपडियाए हाराणि वा अद्धहाराणि वा एगावली वा मुत्तावली वा कनगावली वा रयणावली वा कडगाणि वा तुडियाणि वा केऊराणि वा कुण्डलाणि वा पट्टाणि वा मउडाणि वा पलम्बसुत्ताणि वा सुवण्णसुत्ताणि वा करेति करॆन्तं वा सातिज्जति.
2304,
2305,जे भिक्खू कोउहल्लपडियाए हाराणि वा अद्धहाराणि वा जाव मउडाणि वा पलम्बसुत्ताणि वा सुवण्णसुत्ताणि वा धरेति धरॆन्तं वा सातिज्जति.
2306,
2307,जे भिक्खू कोउहल्लपडियाए हाराणि वा अद्धहाराणि वा जाव मउडाणि वा पलम्बसुत्ताणि वा सुवण्णसुत्ताणि वा पिणद्धति पिणद्धन्तं वा सातिज्जति.
2308,
2309,जे भिक्खू कोउहल्लपडियाए आईणाणि वा [सहिणाणि वा कल्लाणि वा सहिणकल्लाणाणि वा आयाणि वा कायाणि वा खोमाणि वा दुगुल्लाणि वा तिरीडपट्टाणि वा मलयाणि वा पत्तुण्णाणि वा अंसुयाणि वा चीणंसुयाणि वा देसरागणि वा अमिलाणि वा गज्जलाणि वा फाडियागाणि वा कोतवाणि वा कम्बलाणि वा पावारगाणि वा कनगाणि वा कनगकताणि वा कनगपट्टाणि वा कनगखचियाणि वा कनगफुल्लियाणि वा वग्घाणि वा विवग्घाणि वा आभरणाणि वा आभरणविचित्ताणि वा उद्दाणि वा गोरमिगाईणगाणि वा किण्हमिगाईणगाणि वा नीलमिगाइणगाणि वा पेसाणि वा पेसलेसाणि वा] करेति करॆन्तं वा सातिज्जति.
2310,
2311,जे भिक्खू कोउहल्लपडियाए आईणाणि वा जाव नीलमिगाईणगाणि वा पेसाणि वा पेसलेसाणि वा धरेति धरॆन्तं वा सातिज्जति.
2312,
2313,जे भिक्खू कोउहल्लपडियाए आईणाणि वा जाव नीलमिगाईणगाणि वा पेसाणि वा पेसलेसाणि वा परिभुञ्जति परिभुञ्जन्त वा सातिज्जति.
2314,
2315,जा निग्गन्थी निग्गन्थस्स पाए अन्नउत्थिएण वा गारत्थिएण वा आमज्जावॆज्ज वा पमज्जावॆज्ज वा आमज्जावॆन्तं वा पमज्जावॆन्तं वा सातिज्जति.
2316,
2317,जा निग्गन्थी निग्गन्थस्स पाए अन्नउत्थिएण वा गारत्थिएण वा संवाहावॆज्ज वा पलिमद्दावॆज्ज वा संवाहवॆन्तं वा पलिमद्दावॆन्तं वा सातिज्जति.
2318,
2319,जा निग्गन्थी निग्गन्थस्स पाए अन्नउत्थिएण वा गारत्थिएण वा तॆल्लेण वा घएण वा वसाए वा नवनीएण वा अब्भङ्गावॆज्ज वा मक्खावॆज्ज वा अब्भङ्गावॆन्तं वा मक्खावॆन्तं वा सातिज्जति.
2320,
2321,जा निग्गन्थी निग्गन्थस्स पाए अन्नउत्थिएण वा गारत्थिएण वा लॊद्धेण वा कक्केण वा चुण्णेण वा वण्णेण वा उल्लोलावॆज्ज वा उव्वट्टावॆज्ज वा उल्लोलावॆन्तं वा उव्वट्टावॆन्तं वा सातिज्जति ।. 
2322,
2323,जा निग्गन्थी निग्गन्थस्स पाए अन्नउत्थिएण वा गारत्थिएण वा सीओदग-वियडेण वा उसिणोदग-वियडेण वा उच्छोलावॆज्ज वा पधोवावॆज्ज वा उच्छोलावॆन्तं वा पधोवावॆन्तं वा सातिज्जति.
2324,
2325,जा निग्गन्थी निग्गन्थस्स पाए अन्नउत्थिएण वा गारत्थिएण वा फुमावॆज्ज वा रयावॆज्ज वा फुमावॆन्तं वा रयावॆन्तं सातिज्जति.
2326,
2327,जा निग्गन्थी निग्गन्थस्स कायं अन्नउत्थिएण वा गारत्थिएण वा आमज्जावॆज्ज वा पमज्जावॆज्ज वा आमज्जावॆन्तं वा पमज्जावॆन्तं वा सातिज्जति.
2328,
2329,जा निग्गन्थी निग्गन्थस्स कायं अन्नउत्थिएण वा गारत्थिएण वा संवाहावॆज्ज वा पलिमद्दावॆज्ज वा संवाहावॆन्तं वा पलिमद्दावॆन्तं वा सातिज्जति.
2330,
2331,जा निग्गन्थी निग्गन्थस्स कायं अन्नउत्थिएण वा गारत्थिएण वा तॆल्लेण वा घएण वा वसाए वा नवनीएण वा अब्भङ्गावॆज्ज वा मक्खावॆज्ज वा अब्भङ्गावॆन्तं वा मक्खावॆन्तं वा सातिज्जति.
2332,
2333,जा निग्गन्थी निग्गन्थस्स कायं अन्नउत्थिएण वा गारत्थिएण वा लॊद्धेण वा कक्केण वा चुण्णेण वा वण्णेण वा उल्लोलावॆज्ज वा उव्वट्टावॆज्ज वा उल्लोलावॆन्त वा उव्वट्टावॆन्तं वा सातिज्जति.
2334,
2335,जा निग्गन्थी निग्गन्थस्स कायं अन्नउत्थिएण वा गारत्थिएण वा सीओदग-वियडेण वा उसिणोदग-वियडेण वा उच्छोलावॆज्ज वा पधोवॆज्ज वा उच्छोलावॆन्तं वा पधोवावॆन्तं वा सातिज्जति.
2336,
2337,जा निग्गन्थी निग्गन्थस्स कायं अन्नउत्थिएण वा गारत्थिएण वा फुमावॆज्ज वा रयावॆज्ज वा फुमावॆन्तं वा रयावॆन्तं वा सातिज्जति.
2338,
2339,जा निग्गन्थी निग्गन्थस्स कायंसि वणं अन्नउत्थिएण वा गारत्थिएण वा आमज्जावॆज्ज वा पमज्जावॆज्ज वा आमज्जावॆन्तं वा पमज्जावॆन्तं वा सातिज्जति.
2340,
2341,जा निग्गन्थी निग्गन्थस्स कायंसि वणं अन्नउत्थिएण वा गारत्थिएण वा संवाहावॆज्ज वा पलिमद्दावॆज्ज वा संवाहावॆन्तं वा पलिमद्दावॆन्तं वा सातिज्जति.
2342,
2343,जा निग्गन्थी निग्गन्थस्स कायंसि वणं अन्नउत्थिएण वा गारत्थिएण वा तॆल्लेण वा घएण वा वसाए वा नवनीएण वा अब्भङ्गावॆज्ज वा मक्खावॆज्ज वा अब्भङ्गावॆन्तं वा मक्खावॆन्तं वा सा०.
2344,
2345,जा निग्गन्थी निग्गन्थस्स कायंसि वणं अन्नउत्थिएण वा गारत्थिएण वा लॊद्धेण वा कक्केण वा चुण्णेण वा वण्णेण वा उल्लोलावॆज्ज वा उव्वट्टावॆज्ज वा उल्लोलावॆन्तं वा उव्वट्टावॆन्तं वा सातिज्जति ।. 
2346,
2347,जा निग्गन्थी निग्गन्थस्स कायंसि वणं अन्नउत्थिएण वा गारत्थिएण वा सीओदग-वियडेण वा उसिणोदग-वियडेण वा उच्छोलावॆज्ज वा पधोवावॆज्ज वा उच्छोलावॆन्तं वा पधोवावॆन्तं वा सा०.
2348,
2349,जा निग्गन्थी निग्गन्थस्स कायंसि वणं अन्नउत्थिएण वा गारत्थिएण वा फुमावॆज्ज वा रयावॆज्ज वा फुमावॆन्तं वा रयावॆन्तं वा सातिज्जति.
2350,
2351,जा निग्गन्थी निग्गन्थस्स कायंसि गण्डं वा पिडयं वा अरइयं वा असियं वा भगन्दलं वा अन्नउत्थिएण वा गारत्थिएण वा अन्नयरेणं तिक्खेणं सत्थजाएणं अच्छिन्दावॆज्ज वा विच्छिन्दावॆज्ज वा अच्छिन्दावॆन्तं वा विच्छिन्दावॆन्तं वा सातिज्जति.
2352,
2353,जा निग्गन्थी निग्गन्थस्स कायंसि गण्डं वा पिडयं वा जाव अच्छिन्दावित्ता वा विच्छिन्दावित्ता वा पूयं वा सोणियं वा नीहरावॆज्ज वा विसोहावॆज्ज वा नीहरावॆन्तं वा विसोहावॆन्तं वा सा०.
2354,
2355,जा निग्गन्थी निग्गन्थस्स कायंसि गण्डं वा जाव नीहरावॆत्ता वा विसोहावॆत्ता वा सीओदग वियडेण वा उसिणोदग-वियडेण वा उच्छोलावॆज्ज वा पधोयावॆज्ज वा उच्छोलावॆन्तं वा पधोयावॆन्तं वा सातिज्जति.
2356,
2357,जा निग्गन्थी निग्गन्थस्स कायंसि गण्डं वा जाव उच्छोलावॆत्ता वा पधोयावॆत्ता वा अन्नयरेणं आलेवणजाएणं आलिम्पावॆज्ज वा विलिम्पावॆज्ज वा आलिम्पिवॆन्तं वा विलिम्पावॆन्तं वा सातिज्जति.
2358,
2359,जा निग्गन्थी निग्गन्थस्स कायंसि गण्डं वा जाव आलिम्पावॆत्ता वा विलिम्पावॆत्ता वा तॆल्लेण वा घएण वा वसाए वा नवनीएण वा अब्भङ्गावॆज्ज वा मक्खावॆज्ज वा अब्भङ्गावॆन्तं वा मक्खावॆन्तं वा सातिज्जति.
2360,
2361,जा निग्गन्थी निग्गन्थस्स कायंसि गण्डं वा जाव अब्भङ्गावॆत्ता वा मक्खावॆत्ता वा अन्नयरेणं धूवणजाएणं धूवावॆज्ज वा पधूवावॆज्ज वा धूवावॆन्तं वा पधूवावॆन्तं वा सातिज्जति.
2362,
2363,जा निग्गन्थी निग्गन्थस्स पालुकिमियं वा कुच्छिकिमियं वा अन्नउत्थिएण वा गारत्थिएण वा अङ्गुलीए निवेसाविय-निवेसाविय नीहरावेति नीहरावॆन्तं वा सातिज्जति.
2364,
2365,जा निग्गन्थी निग्गन्थस्स दीहाओ नह-सिहओ अन्नउत्थिएण वा गारत्थिएण वा कप्पावॆज्ज वा सण्ठवावॆज्ज वा कप्पावॆन्तं वा सण्ठवावॆन्तं वा सातिज्जति.
2366,
2367,जा निग्गन्थी निग्गन्थस्स दीहाइं जङ्घ-रोमाइं अन्नउत्थिएण वा गारत्थिएण वा कप्पावॆज्ज वा सण्ठवावॆज्ज वा कप्पावॆन्तं वा सण्ठवावॆन्तं वा सातिज्जति.
2368,
2369,जा निग्गन्थी निग्गन्थस्स दीहाइं वत्थि-रोमाइं अन्नउत्थिएण वा गारत्थिएण वा कप्पावॆज्ज वा सण्ठवावॆज्ज वा कप्पावॆन्तं वा सण्ठवावॆन्तं वा सातिज्जति.
2370,
2371,जा निग्गन्थी निग्गन्थस्स दीहाइं चक्खु रोमाइं अन्नउत्थिएण वा गारत्थिएण वा कप्पावॆज्ज वा सण्ठवावॆज्ज वा कप्पावॆन्तं वा सण्ठवावॆन्तं वा सातिज्जति.
2372,
2373,जा निग्गन्थी निग्गन्थस्स दीहाइं कक्खाण-रोमाइं अन्नउत्थिएण वा गारत्थिएण वा कप्पावॆज्ज वा सण्ठवावॆज्ज वा कप्पावॆन्तं वा सण्ठवावॆन्तं वा सातिज्जति.
2374,
2375,जा निग्गन्थी निग्गन्थस्स दीहाइं मंसु-रोमाइं अन्नउत्थिएण वा गारत्थिएण वा कप्पावॆज्ज वा सण्ठवावॆज्ज वा कप्पावॆन्तं वा सण्ठवावॆन्त वा सातिज्जति.
2376,
2377,जा निग्गन्थी निग्गन्थस्स दन्ते अन्नउत्थिएण वा गारत्थिएण वा आघंसावॆज्ज वा पघंसावॆज्ज वा आघंसावॆन्तं वा पघंसावॆन्तं वा सातिज्जति.
2378,
2379,जा निग्गन्थी निग्गन्थस्स दन्ते अन्नउत्थिएण वा गारत्थिएण वा उच्छोलावॆज्ज वा पधोयावॆज्ज वा उच्छोलावॆन्तं वा पधोयावॆन्तं वा सातिज्जति.
2380,
2381,जा निग्गन्थी निग्गन्थस्स दन्ते अन्नउत्थिएण वा गारत्थिएण वा फुमावॆज्ज वा रयावॆज्ज वा फुमावॆन्तं वा रयावॆन्तं वा सातिज्जति.
2382,
2383,जा निग्गन्थी निग्गन्थस्स उट्ठे अन्नउत्थिएण वा गारत्थिएण वा आमज्जावॆज्ज वा पमज्जावॆज्ज वा आमज्जावॆन्तं वा पमज्जावॆन्तं वा सातिज्जति.
2384,
2385,जा निग्गन्थी निग्गन्थस्स उट्ठे अन्नउत्थिएण वा गारत्थिएण वा संवाहावॆज्ज वा पलिमद्दावॆज्ज वा संवाहावॆन्तं वा पलिमद्दावॆन्तं वा सातिज्जति.
2386,
2387,जा निग्गन्थी निग्गन्थस्स उट्ठे अन्नउत्थिएण वा गारत्थिएण वा तॆल्लेण वा घएण वा वसाए वा नवनीएण वा अब्भङ्गावॆज्ज वा मक्खावॆज्ज वा अब्भङ्गावॆन्तं वा मक्खावॆन्तं वा सातिज्जति ।. 
2388,
2389,जा निग्गन्थी निग्गन्थस्स उट्ठे अन्नउत्थिएण वा गारत्थिएण वा लॊद्धेण वा कक्केण वा चुण्णेण वा वण्णेण वा उल्लोलावॆज्ज वा उव्वट्टावॆज्ज वा उल्लोलावॆन्तं वा उव्वट्टावॆन्तं वा सातिज्जति.
2390,
2391,जा निग्गन्थी निग्गन्थस्स उट्ठे अन्नउत्थिएण वा गारत्थिएण वा सीओदग-वियडेण वा उसिणोदग-वियडेण वा उच्छोलावॆज्ज वा पधोयावॆज्ज वा उच्छोलावॆन्तं वा पधोयावॆन्तं वा सातिज्जति.
2392,
2393,जा निग्गन्थी निग्गन्थस्स उट्ठे अन्नउत्थिएण वा गारत्थिएण वा फुमावॆज्ज वा रयावॆज्ज वा फुमावॆन्तं वा रयावॆन्तं वा सातिज्जति.
2394,
2395,"जा निग्गन्थी निग्गन्थस्स दीहाइं उत्तरॊट्ठ-रोमाइं अन्नउत्थिएण वा गारत्थिएण वा कप्पावॆज्ज वा सण्ठवावॆज्ज वा कप्पावॆन्तं वा सण्ठवावॆन्तं वा सातिज्जति, [जा निग्गन्थ निग्गन्थस्स दीहाइं नासा-रोमाइं अन्नउत्थिएण वा गारत्थिएण वा कप्पावॆज्ज वा सण्ठवावॆज्ज वा कप्पावॆन्तं वा सण्ठवावॆन्तं वा सातिज्जति.]. "
2396,
2397,जा निग्गन्थी निग्गन्थस्स दीहाइं अच्छि-पत्ताइं अन्नउत्थिएण वा गारत्थिएण वा कप्पावॆज्ज वा सण्ठवावॆज्ज वा कप्पावॆन्तं वा सण्ठवावॆन्तं वा सातिज्जति.
2398,
2399,जा निग्गन्थी निग्गन्थस्स अच्छीणि अन्नउत्थिएण वा गारत्थिएण वा आमज्जावॆज्ज वा पमज्जावॆज्ज वा आमज्जावॆन्तं पमज्जावॆन्तं वा सातिज्जति.
2400,
2401,जा निग्गन्थी निग्गन्थस्स अच्छीणि अन्नउत्थिएण वा गारत्थिएण वा संवाहावॆज्ज वा पलिमद्दावॆज्ज वा संवाहावॆन्तं वा पलिमद्दावॆन्तं वा सातिज्जति.
2402,
2403,जा निग्गन्थी निग्गन्थस्स अच्छीणि अन्नउत्थिएण वा गारत्थिएण वा तॆल्लेण वा घएण वा वसाए वा नवनीएण वा अब्भङ्गावॆज्ज वा मक्खावॆज्ज वा अब्भङ्गावॆन्तं वा मक्खावॆन्तं वा सा०.
2404,
2405,जा निग्गन्थी निग्गन्थस्स अच्छीणि अन्नउत्थिएण वा गारत्थिएण वा लॊद्धेण वा कक्केण वा चुण्णेण वा वण्णेण वा उल्लोलावॆज्ज वा उव्वट्टावॆज्ज वा उल्लोलावॆन्तं वा उव्वट्टावॆन्तं वा सातिज्जति.
2406,
2407,जा निग्गन्थी निग्गन्थस्स अच्छीणि अन्नउत्थिएण वा गारत्थिएण वा सीओदग-वियडेण वा उसिणोदग-वियडेण वा उच्छोलावॆज्ज वा पधोयावॆज्ज वा उच्छोलावॆन्तं वा पधोयावॆन्तं वा सा०.
2408,
2409,जा निग्गन्थी निग्गन्थस्स अच्छीणि अन्नउत्थिएण वा गारत्थिएण वा फुमावॆज्ज वा रयावॆज्ज वा फुमावॆन्तं वा रयावॆन्तं वा सातिज्जति.
2410,
2411,जा निग्गन्थी निग्गन्थस्स दीहाइं भमुग-रोमाइं अन्नउत्थिएण वा गारत्थिएण वा कप्पावॆज्ज वा सण्ठवावॆज्ज वा कप्पावॆन्तं वा सण्ठवावॆन्तं वा सातिज्जति.
2412,
2413,जा निग्गन्थी निग्गन्थस्स दीहाइं पास-रोमाइं अन्नउत्थिएण वा गारत्थिएण वा कप्पावॆज्ज वा सण्ठवावॆज्ज वा कप्पावॆन्तं वा सण्ठवावॆन्तं वा सातिज्जति.
2414,
2415,जा निग्गन्थी निग्गन्थस्स कायाओ सेयं वा जल्लं वा पङ्कं वा मलं वा अन्नउत्थिएण वा गारत्थिएण नीहरावॆज्ज वा विसोहावॆज्ज वा नीहरावॆन्तं वा विसोहावॆन्तं वा सातिज्जति.
2416,
2417,जा निग्गन्थी निग्गन्थस्स अच्छिमलं वा कण्णमलं वा दन्तमलं वा नहमलं वा अन्नउत्थिएण वा गारत्थिएण वा नीहरावॆज्ज वा जाव विसोहावॆन्तं वा सातिज्जति.
2418,
2419,जा निग्गन्थी निग्गन्थस्स गामाणुगामं दूइज्जमाणस्स अन्नउत्थिएण वा गारत्थिएण वा सीसदुवारियं कारवेति कारवॆन्तं वा सातिज्जति.
2420,
2421,जे निग्गन्थे निग्गन्थीए पाए अन्नउत्थिएण वा गारत्थिएण वा आमज्जावॆज्ज वा पमज्जावॆज्ज वा आमज्जावॆन्तं वा पमज्जावॆन्तं वा सातिज्जति.
2422,
2423,जे निग्गन्थे निग्गन्थीए पाए अन्नउत्थिएण वा गारत्थिएण वा संवाहावॆज्ज वा पलिमद्दावॆज्ज वा संवाहावॆन्तं वा पलिमद्दावॆन्तं वा सातिज्जति.
2424,
2425,जे निग्गन्थे निग्गन्थीए पाए अन्नउत्थिएण वा गारत्थिएण वा तॆल्लेण वा घएण वा वसाए वा नवनीएण वा अब्भङ्गावॆज्ज वा मक्खावॆज्ज वा अब्भङ्गावॆन्तं मक्खावॆन्तं वा सातिज्जति.
2426,
2427,जे निग्गन्थे निग्गन्थीए पाए अन्नउत्थिएण वा गारत्थिएण वा लॊद्धेण वा कक्केण वा चुण्णेण वा वण्णेण वा उल्लोलावॆज्ज वा उव्वट्टावॆज्ज वा उल्लोलावॆन्तं वा उव्वट्टावॆन्तं वा सा० ।. 
2428,
2429,जे निग्गन्थे निग्गन्थीए पाए अन्नउत्थिएण वा गारत्थिएण वा सीओदग-वियडेण वा उसिणोदग-वियडेण वा उच्छोलावॆज्ज वा पधोवावॆज्ज वा उच्छोलावॆन्तं वा पधोवावॆन्तं वा सातिज्जति.
2430,
2431,जे निग्गन्थे निग्गन्थीए पाए अन्नउत्थिएण वा गारत्थिएण वा फुमावॆज्ज वा रयावॆज्ज वा फुमावॆन्तं वा रयावॆन्तं वा सातिज्जति.
2432,
2433,जे निग्गन्थे निग्गन्थीए कायं अन्नउत्थिएण वा गारत्थिएण वा आमज्जावॆज्ज वा पमज्जावॆज्ज वा आमज्जावॆन्तं वा पमज्जावॆन्तं वा सातिज्जति.
2434,
2435,जे निग्गन्थे निग्गन्थीए कायं अन्नउत्थिएण वा गारत्थिएण वा संवाहावॆज्ज वा पलिमद्दावॆज्ज वा संवाहावॆन्तं वा पलिमद्दावॆन्तं वा सातिज्जति.
2436,
2437,जे निग्गन्थे निग्गन्थीए कायं अन्नउत्थिएण वा गारत्थिएण वा तॆल्लेण वा घएण वा वसाए वा नवनीएण वा अब्भङ्गावॆज्ज वा मक्खावॆज्ज वा अब्भङ्गावॆन्तं वा मक्खावॆन्तं वा सातिज्जति.
2438,
2439,जे निग्गन्थे निग्गन्थीए कायं अन्नउत्थिएण वा गारत्थिएण वा लॊद्धेण वा कक्केण वा चुण्णेण वा वण्णेण वा उल्लोलावॆज्ज वा उव्वट्टावॆज्ज वा उल्लोलावॆन्तं वा उव्वट्टावॆन्तं वा सातिज्जति ।. 
2440,
2441,जे निग्गन्थे निग्गन्थीए पाए अन्नउत्थिएण वा गारत्थिएण वा सीओदग-वियडेण वा उसिणोदग-वियडेण वा उच्छोलावॆज्ज वा पधोवावॆज्ज वा उच्छोलावॆन्तं वा पधोवावॆन्तं वा सातिज्जति.
2442,
2443,जे निग्गन्थे निग्गन्थीए कायं अन्नउत्थिएण वा गारत्थिएण वा फुमावॆज्ज वा रयावॆज्ज वा फुमावॆन्तं वा रयावॆन्तं वा सातिज्जति.
2444,
2445,जे निग्गन्थे निग्गन्थीए कायंसि वणं अन्नउत्थिएण वा गारत्थिएण वा आमज्जावॆज्ज वा पमज्जावॆज्ज वा आमज्जावॆन्तं वा पमज्जावॆन्तं वा सातिज्जति.
2446,
2447,जे निग्गन्थे निग्गन्थीए कायंसि वणं अन्नउत्थिएण वा गारत्थिएण वा संवाहावॆज्ज वा पलिमद्दावॆज्ज वा संवाहावॆन्तं वा पलिमद्दावॆन्तं वा सातिज्जति.
2448,
2449,जे निग्गन्थे निग्गन्थीए कायंसि वणं अन्नउत्थिएण वा गारत्थिएण वा तॆल्लेण वा घएण वा वसाए वा नवनीएण वा अब्भङ्गावॆज्ज वा मक्खावॆज्ज वा अब्भङ्गावॆन्तं वा मक्खावॆन्तं वा सा०.
2450,
2451,जे निग्गन्थे निग्गन्थीए कायंसि वणं अन्नउत्थिएण वा गारत्थिएण वा लॊद्धेणं वा कक्केण वा चुण्णेण वा वण्णेण वा उल्लोलावॆज्ज वा उव्वट्टावॆज्ज वा उल्लोलावॆन्तं वा उव्वट्टावॆन्तं वा सातिज्जति.
2452,
2453,जे निग्गन्थे निग्गन्थीए कायंसि वणं अन्नउत्थिएण वा गारत्थिएण वा सीओदग-वियडेण वा उसिणोदग-वियडेण वा उच्छोलावॆज्ज वा पधोवावॆज्ज वा उच्छोलावॆन्त पा पधोवावॆन्तं वा सा०.
2454,
2455,जे निग्गन्थे निग्गन्थीए कायंसि वणं अन्नउत्थिएण वा गारत्थिएण वा फुमावॆज्ज वा रयावॆज्ज वा फुमावॆन्तं वा रयावॆन्तं वा सातिज्जति.
2456,
2457,जे निग्गन्थे निग्गन्थीए कायंसि गण्डं वा पिडयं वा अरइयं वा असियं वा भगन्दलं वा अन्नउत्थिएण वा गारत्थिएण वा अन्नयरेणं तिक्खेण सत्थजाएणं अच्छिन्दावॆज्ज वा विच्छिन्दावॆज्ज वा अच्छिन्दावॆन्तं वा विच्छिन्दावॆन्तं वा सातिज्जति.
2458,
2459,जे निग्गन्थे निग्गन्थीए कायंसि गण्डं वा जाव सत्थजाएणं अच्छिन्दावॆत्ता वा विच्छिन्दावॆत्ता वा पूयं वा सोणियं वा नीहरावेज वा विसोहावॆज्ज वा नीहरावॆन्तं वा विसोहावॆन्तं वा सा०.
2460,
2461,जे निग्गन्थे निग्गन्थीए कायंसि गण्डं वा जाव नीहरावॆत्ता वा विसोहावॆत्ता वा सीओदग-वियडेण वा उसिणोदग-वियडेण वा उच्छोलावॆज्ज वा पधोवावॆज्ज वा उच्छोलावॆन्तं वा पधोवावॆन्तं वा सा०.
2462,
2463,जे निग्गन्थे निग्गन्थीए कायंसि गण्डं वा जाव उच्छोलावॆत्ता वा पधोवावॆत्ता वा अन्नयरेण आलेवणजाएणं आलिम्पावॆज्ज वा विलिम्पावॆज्ज वा आलिम्पावॆन्तं वा विलिम्पावॆन्तं वा सातिज्जति.
2464,
2465,जे निग्गन्थे निग्गन्थीए कायंसि गण्डं वा जाव तॆल्लेण वा घएण वा वसाए वा नवनीएण वा अब्भङ्गावॆज्ज वा मक्खावॆज्ज वा अब्भङ्गावॆन्तं वा मक्खावॆन्तं वा सातिज्जति.
2466,
2467,जे निग्गन्थे निग्गन्थीए कायंसि गण्डं वा जाव अब्भङ्गावॆत्ता वा मक्खावॆत्ता वा अन्नयरेणं आलेवणजाएणं धुवावॆज्ज वा पधुवावॆज्ज वा धुवावॆन्तं वा पधुवावॆन्तं वा सातिज्जति.
2468,
2469,जे निग्गन्थे निग्गन्थीए पालुकिमियं वा कुच्छिकिमिंय वा अन्नउत्थिएण वा गारत्थिएण वा अङ्गुलीए निवेसाविय-निवेसाविय नीहरावेति नीहरावॆन्तं वा सातिज्जति.
2470,
2471,जे निग्गन्थे निग्गन्थीए दीहाओ नह-सिहाओ अन्नउत्थिएण वा गारत्थिएण वा कप्पावॆज्ज वा सण्ठवावॆज्ज वा कप्पावॆन्तं वा सण्ठवावॆन्तं वा सातिज्जति.
2472,
2473,जे निग्गन्थे निग्गन्थीए दीहाइं जङ्घ-रोमाइं अन्नउत्थिएण वा गारत्थिएण वा कप्पावॆज्ज वा सण्ठवावॆज्ज वा कप्पावॆन्तं वा सण्ठवावॆन्तं वा सातिज्जति.
2474,
2475,जे निग्गन्थे निग्गन्थीए दीहाइं वत्थि-रोमाइं अन्नउत्थिएण वा गारत्थिएण वा कप्पावॆज्ज वा सण्ठवावॆज्ज वा कप्पावॆन्तं वा सण्ठवावॆन्तं वा सातिज्जति.
2476,
2477,जे निग्गन्थे निग्गन्थीए दीहाइं चक्खु रोमाइं अन्नउत्थिएण वा गारत्थिएण वा कप्पावॆज्ज वा सण्ठवावॆज्ज वा कप्पावॆन्तं वा सण्ठवावॆन्तं वा सातिज्जति.
2478,
2479,जे निग्गन्थे निग्गन्थीए दीहाइं कक्खाण-रोमाइं अन्नउत्थिएण वा गारत्थिएण वा कप्पावॆज्ज वा सण्ठवावॆज्ज वा कप्पावॆन्तं वा सण्ठवावॆन्तं वा सातिज्जति.
2480,
2481,जे निग्गन्थे निग्गन्थीए दीहाइं मंसु-रोमाइं अन्नउत्थिएण वा गारत्थिएण वा कप्पावॆज्ज वा सण्ठवावॆज्ज वा कप्पावॆन्तं वा सण्ठवावॆन्तं वा सातिज्जति.
2482,
2483,जे निग्गन्थे निग्गन्थीए दन्ते अन्नउत्थिएण वा गारत्थिएण वा आघंसावॆज्ज वा पघंसावॆज्ज वा आघंसावॆन्तं वा पघंसावॆन्तं वा सातिज्जति.
2484,
2485,जे निग्गन्थे निग्गन्थीए दन्ते अन्नउत्थिएण वा गारत्थिएण वा उच्छोलावॆज्ज वा पधोवावॆज्ज वा उच्छोलावॆन्तं वा पधोवावॆन्तं वा सातिज्जति.
2486,
2487,जे निग्गन्थे निग्गन्थीए दन्ते अन्नउत्थिएण वा गारत्थिएण वा फुमावॆज्ज वा रयावॆज्ज वा फुमावॆन्तं वा रयावॆन्तं वा सातिज्जति.
2488,
2489,जे निग्गन्थे निग्गन्थीए उट्ठे अन्नउत्थिएण वा गारत्थिएण वा आमज्जावॆज्ज वा पमज्जावॆज्ज वा आमज्जावॆन्तं वा पमज्जावॆन्तं वा सातिज्जति.
2490,
2491,जे निग्गन्थे निग्गन्थीए उट्ठे अन्नउत्थिएण वा गारत्थिएण वा संवाहावॆज्ज वा पलिमद्दावॆज्ज वा संवाहावॆन्तं वा पलिमद्दावॆन्तं वा सातिज्जति.
2492,
2493,जे निग्गन्थे निग्गन्थीए उट्ठे अन्नउत्थिएण वा गारत्थिएण वा तॆल्लेण वा घएण वा वसाए वा नवनीएण वा अब्भङ्गावॆज्ज वा मक्खावॆज्ज वा अब्भङ्गावॆन्तं वा मक्खावॆन्तं वा सातिज्जति.
2494,
2495,जे निग्गन्थे निग्गन्थीए उट्ठे अन्नउत्थिएण वा गारत्थिएण वा लॊद्धेण वा कक्केण वा चुण्णेण वा वण्णेण वा उल्लोलावॆज्ज वा उव्वट्टावॆज्ज वा उल्लोलावॆन्तं वा उव्वट्टावॆन्तं वा सा० ।. 
2496,
2497,जे निग्गन्थे निग्गन्थीए उट्ठे अन्नउत्थिएण वा गारत्थिएण वा सीओदग-वियडेण वा उसिणोदग-वियडेण वा उच्छोलावॆज्ज वा पधोवावॆज्ज वा उच्छोलावॆन्तं वा पधोवावॆन्तं वा सातिज्जति.
2498,
2499,जे निग्गन्थे निग्गन्थीए उट्ठे अन्नउत्थिएण वा गारत्थिएण फुमावॆज्ज वा रयावॆज्ज वा फुमावॆन्तं वा रयावॆन्तं वा वा सातिज्जति.
2500,
2501,जे निग्गन्थे निग्गन्थीए दीहाइं उत्तरॊट्ठ-रोमाइं अन्नउत्थिएण वा गारत्थिएण वा कप्पावॆज्ज वा सण्ठवावॆज्ज वा कप्पावॆन्तं वा सण्ठवावॆन्तं वा सातिज्जति.
2502,
2503,जे निग्गन्थे निग्गन्थीए वा दीहाइं नासा-रोमाइं अन्नउत्थिएण वा गारत्थिएण वा कप्पावॆज्ज वा सण्ठवावॆज्ज वा कप्पावॆन्तं वा सण्ठवावॆन्तं वा सातिज्जति.
2504,
2505,जे निग्गन्थे निग्गन्थीए दीहाइं अच्छि-पत्ताइं अन्नउत्थिएण वा गारत्थिएण वा कप्पावॆज्ज वा सण्ठवावॆज्ज वा कप्पावॆन्तं वा सण्ठवावॆन्तं वा सातिज्जति.
2506,
2507,जे निग्गन्थे निग्गन्थीए अच्छीणि अन्नउत्थिएण वा गारत्थिएण वा आमज्जावॆज्ज वा पमज्जावॆज्ज वा आमज्जावॆन्तं वा पमज्जावॆन्तं वा सातिज्जति.
2508,
2509,जे निग्गन्थे निग्गन्थीए अच्छीणि अन्नउत्थिएण वा गारत्थिएण वा संवाहावॆज्ज वा पलिमद्दावॆज्ज वा संवाहावॆन्तं वा पलिमद्दावॆन्तं वा सातिज्जति.
2510,
2511,जे निग्गन्थे निग्गन्थीए अच्छीणि अन्नउत्थिएण वा गारत्थिएण वा तॆल्लेण वा घएण वा वसाए वा नवनीएण वा अब्भङ्गावॆज्ज वा मक्खावॆज्ज वा अब्भङ्गावॆन्तं वा मक्खावॆन्तं वा सा०.
2512,
2513,जे निग्गन्थे निग्गन्थीए अच्छीणि अन्नउत्थिएण वा गारत्थिएण वा लॊद्धेण वा कक्केण वा चुण्णेण वा वण्णेण वा उल्लोलावॆज्ज वा उव्वट्टावॆज्ज वा उल्लोलावॆन्तं वा उव्वट्टावॆन्तं वा सातिज्जति.
2514,
2515,जे निग्गन्थे निग्गन्थीए अच्छीणि अन्नउत्थिएण वा गारत्थिएण वा सीओदग-वियडेण वा उसिणोदग-वियडेण वा उच्छोलावॆज्ज वा पधोवावॆज्ज वा उच्छोलावॆन्तं वा पधोवावॆन्तं वा सा०.
2516,
2517,जे निग्गन्थे निग्गन्थीए अच्छीणि अन्नउत्थिएण वा गारत्थिएण वा फुमावॆज्ज वा रयावॆज्ज वा फुमावॆन्तं वा रयावॆन्तं वा सातिज्जति.
2518,
2519,जे निग्गन्थे निग्गन्थीए दीहाइं भमुग-रोमाइं अन्नउत्थिएण वा गारत्थिएण वा कप्पावॆज्ज वा सण्ठवावॆज्ज वा कप्पावॆन्तं वा सण्ठवावॆन्तं वा सातिज्जति.
2520,
2521,जे निग्गन्थे निग्गन्थीए दीहाइं पास रोमाइं अन्नउत्थिएण वा गारत्थिएण वा कप्पावॆज्ज वा सण्ठवावॆज्ज वा कप्पावॆन्तं वा सण्ठवावॆन्तं वा सातिज्जति.
2522,
2523,जे निग्गन्थे निग्गन्थीए कायाओ सेयं वा जल्लं वा पङ्कं वा मलं वा अन्नउत्थिएण वा गारत्थिएण वा नीहरावॆज्ज वा विसोहावॆज्ज वा नीहरावॆन्तं वा विसोहावॆन्तं वा सातिज्जति.
2524,
2525,जे निग्गन्थे निग्गन्थीए अच्छिमलं वा कण्णमलं वा दन्तमलं वा नहमलं वा अन्नउत्थिएण वा गारत्थिएण वा नीहरावॆज्ज वा विसोहावॆज्ज वा नीहरावॆन्तं वा विसोहावॆन्तं वा सा०.
2526,
2527,जे निग्गन्थे निग्गन्थीए गामानुगामं दूइज्जमाणीए अन्नउत्थिएण वा गारत्थिएण वा सीसदुवारियं कारवेति कारवॆन्तं वा सातिज्जति.
2528,
2529,जे निग्गन्थे निग्गन्थस्स सरिसगस्स अन्ते ओवासे सन्ते ओवासं न देति न दॆन्तं वा सातिज्जति.
2530,
2531,जे निग्गन्थे निग्गन्थीए सरिसियाए अन्ते ओवासे सन्ते ओवासं न देति न दॆन्तं वा सातिज्जति ।. 
2532,
2533,जे भिक्खू मालोहडं असनं वा पानं वा खाइमं वा साइमं वा दॆज्जमाणं पडिग्गाहेति पडिग्गाहॆन्तं वा सातिज्जति.
2534,
2535,जे भिक्खू कॊट्ठियाउत्तं असनं वा पानं वा खाइमं वा साइमं वा उक्कुज्जिय अवकुज्जिय ओहरिय दॆज्जमाणं पडिग्गाहेति पडिग्गाहॆन्तं वा सातिज्जति.
2536,
2537,जे भिक्खू मट्टियाओलित्तं असनं वा पानं वा खाइमं वा साइमं वा उब्भिन्दिय दॆज्जमाण पडिग्गाहेति पडिग्गाहॆन्तं वा सातिज्जति.
2538,
2539,जे भिक्खू असनं वा० पुढविपतिट्ठियं पडिग्गाहेति पडिग्गाहॆन्तं वा सातिज्जति.
2540,
2541,जे भिक्खू असनं वा० आउपतिट्ठियं पडिग्गाहेति पडिग्गाहॆन्तं वा सातिज्जति.
2542,
2543,जे भिक्खू असनं वा० तेउपतिट्ठियं पडिग्गाहेति पडिग्गाहॆन्तं वा सातिज्जति.
2544,
2545,जे भिक्खू असनं वा० वणप्फतिकायपतिट्ठियं पडिग्गाहेति पडिग्गाहॆन्तं वा सा०.
2546,
2547,जे भिक्खू अच्चुसिणं असनं वा० सुप्पेण वा विहुणेण वा तालियण्टेण वा पत्तेण वा साहाए वा साहाभङ्गेण वा पिहुणेण वा पिहुणहत्थेण वा चेलेण वा चेलकण्णेण वा हत्थेण वा मुहेण वा फुमित्ता वीइत्ता आहट्टु दॆज्जमाणं पडिग्गाहेति पडिग्गाहॆन्तं वा सातिज्जति.
2548,
2549,जे भिक्खू उस्सेइमं वा संसेइमं वा चाउलोदगं वा वारोदगं वा तिलोदगं वा तुसोदगं वा उवोदगं वा आयामं वा सोवीरं वा अम्बकञ्जियं वा सुद्धवियडं वा अहुणाधोयं अणम्बिलं अवक्कन्तं अपरिणयं अविद्धत्थं पडिग्गाहेति पडिग्गाहॆन्तं वा सातिज्जति.
2550,
2551,जे भिक्खू अप्पणो आयरियत्ताए लक्खणाइं वागरेति वागरॆन्तं वा सातिज्जति.
2552,
2553,जे भिक्खू गाऎज्ज वा हसॆज्ज वा वाऎज्ज वा नच्चॆज्ज वा अभिणऎज्ज वा हयहेसियं वा हत्थिगुलगुलाइयं वा उक्कुट्ठसीहणाइं वा करेति करॆन्तं वा सातिज्जति.
2554,
2555,जे भिक्खू भेरिसद्दाणि वा पडहसद्दाणि वा मुरवसद्दाणि वा मुइङ्गसद्दाणि वा नन्दिसद्दाणि वा झल्लरिसद्दाणि वा डमरुयसद्दाणि वा मड्डयसद्दाणि वा सदुयसद्दाणि वा पएससद्दाणि वा गोलुकिसद्दाणि वा अन्नयराणि वा तहप्पगाराणि वितताणि सद्दाणि कण्णसोयपडियाए अभिसन्धारेति अभिसन्धारॆन्तं वा सातिज्जति.
2556,
2557,जे भिक्खू वीणासद्दाणि विपञ्चिसद्दाणि वा तुणसद्दाणि वा बद्धीसगसद्दाणि वा पणवसद्दाणि वा तुम्बवीणासद्दाणि वा झोडयसद्दाणि वा ढङ्कुणसद्दाणि वा अन्नयराणि वा तहप्पगाराणि तताणि सद्दाणि कण्णसोयपडियाए अभिसन्धारेति अभिसन्धारॆन्तं वा सातिज्जति.
2558,
2559,जे भिक्खू तालसद्दाणि वा कंसतालसद्दाणि वा लत्तियासद्दाणि वा गोहियसद्दाणि वा मकरियसद्दाणि वा कच्छभिसद्दाणि वा महतिसद्दाणि वा सणालियसद्दाणि वा वालियसद्दाणि वा अन्नयराणि वा तहप्पगाराणि घनानि सद्दाणि कण्णसोयपडियाए अभिसन्धारेति अभिसन्धारॆन्तं वा सातिज्जति.
2560,
2561,जे भिक्खू सङ्खसद्दाणि वा वंससद्दाणि वा वेणुसद्दाणि व खरमुहियसद्दाणि वा परिलिसद्दाणि वा वॆच्चासद्दाणि वा अन्नयराणि तहप्पगाराणि झुसिराणि सद्दाणि कण्णसोयपडियाए अभिसन्धारेति अभिसन्धारॆन्तं वा सातिज्जति.
2562,
2563,जे भिक्खू वप्पाणि वा फलिहाणि व उप्पलाणि वा पल्ललाणि वा उज्झराणि वा निज्झराणि वा वावीणि वा पॊक्खराणि वा दीहियाणि वा गुञ्जालियाणि वा सराणि वा सरपन्तियाणि वा सरसरपन्तियाणि वा कण्णसोयपडियाए अभिसन्धारेति अभिसन्धारॆन्तं वा सातिज्जति.
2564,
2565,जे भिक्खू कच्छाणि वा गहनानि वा नूमाणि वा वनानि वा वन-विदुग्गाणि वा पव्वाणि वा पव्वय-विदुग्गाणि वा कण्णसोयपडियाए अभिसन्धारेति अभिसन्धारॆन्तं वा सातिज्जति.
2566,
2567,जे भिक्खू गामाणि वा नगराणि वा खेडाणि वा कब्बडाणि वा मडम्बाणि वा दोणमुहाणि वा पट्टणाणि वा आगराणि वा सम्बाहाणि वा सन्निवेसाणि वा कण्णसोयपडियाए अभिसन्धारेति अभिसन्धारॆन्तं वा सातिज्जति.
2568,
2569,जे भिक्खू गाममहाणि वा नगरमहाणि वा खेडमहाणि वा कब्बडमहाणि वा मडम्बमहाणि वा दोणमुहमहाणि वा पट्टणमहाणि वा आगरमहाणि वा सम्बाहमहाणि वा सन्निवेसमहाणि वा कण्णसोयपडियाए अभिसन्धारेति अभिसन्धारॆन्तं वा सातिज्जति.
2570,
2571,जे भिक्खू गामवहाणि वा नगरवहाणि जाव सन्निवेसवहाणि वा कण्णसोय-पडियाए अभिसन्धारेति अभिसन्धारॆन्तं वा सातिज्जति.
2572,
2573,जे भिक्खू गामपहाणि वा नगरपहाणि वा जाव सन्निवेसपहाणि वा कण्ण-सोयपडियाए अभिसन्धारेति अभिसन्धारॆन्तं वा सातिज्जति.
2574,
2575,जे भिक्खू आसकरणाणि वा हत्थिकरणाणि वा उट्टकरणाणि वा गोणकरणाणि वा महिसकरणाणि वा सूकरकरणाणि वा कण्णसोययपडियाए अभिसन्धारेति अभिसन्धारॆन्तं वा सातिज्जति.
2576,
2577,जे भिक्खू आसजुद्धाणि वा हत्थिजुद्धाणि वा उट्टजुद्धाणि वा गोणजुद्धाणि वा महिसजुद्धाणि वा सूकरजुद्धाणि वा कण्णसोयपडियाए अभिसन्धारेति अभिसन्धारॆन्तं वा सातिज्जति.
2578,
2579,जे भिक्खू उज्जूहियठाणाणि वा हयजूहियठाणाणि वा गयजूहियठाणाणि वा कण्णसोयपडियाए अभिसन्धारेति अभिसन्धारॆन्तं वा सातिज्जति.
2580,
2581,जे भिक्खू अभिसेयट्ठाणाणि वा अक्खाइयट्ठाणाणि वा मानुम्मानियट्ठाणाणि वा महयाहय-नटट-गीय-वादिय-तन्ती-तल-ताल-तुडिय-पडुप्पवाइयट्ठाणाणि वा कण्णसोयपडियाए अभिसन्धारेति अभिसन्धारॆन्तं वा सातिज्जति.
2582,
2583,जे भिक्खू डिम्बाणि वा डमराणि वा खाराणि वा वेराणि वा महाजुद्धाणि वा महासङ्गामाणि वा कलहाणि वा बोलाणि वा कण्णसोयपडियाए अभिसन्धारेति अभिसन्धारॆन्तं वा सातिज्जति.
2584,
2585,जे भिक्खू विरूवरूवेसु महुस्सेवेसु इत्थीणि वा पुरिसाणि वा थेराणि वा मज्झिमाणि वा डहराणि वा अणलङ्कियाणि वा सुअलङ्कियाणि वा गायन्ताणि वा वायन्ताणि वा नच्चन्ताणि वा हसन्ताणि वा रमन्ताणि वा मोहन्ताणि वा विउलं असनं वा पानं वा खाइमं वा साइमं वा परिभाऎन्ताणि वा परिभञ्जन्ताणि वा कण्णसोयपडियाए अभिसन्धारेति अभिसन्धारॆन्तं वा सातिज्जति.
2586,
2587,जे भिक्खू इहलोइएसु वा सद्देसु परलोइएसु वा सद्देसु दिट्ठेसु वा सद्देसु अदिट्ठेसु वा सद्देसु सुएसु वा सद्देसु असुएसु वा सद्देसु विण्णाएसु वा सद्देसु अविण्णाएसु वा सद्देसु सज्जति रज्जति गिज्झति अज्झोववज्जति सज्जमाणं वा रज्जमाणं वा गिज्झमाणं वा अज्झोववज्जमाणं वा सातिज्जति-तं सेवमाणे आवज्जइ चाउम्मासियं परिहारट्ठाणं उग्घातियं.
2588,
2589,
2590,
2591,---------------------------------------------------------------------
2592,जे भिक्खू अणट्ठाए नावं दुरुहति दुरुहन्तं वा सातिज्जति.
2593,
2594,जे भिक्खू नावं किणति किणावेति कीयमाहट्टु दॆज्जमाणं दुरुहति दुरुहन्तं वा सा०।. 
2595,
2596,जे भिक्खू नावं पामिच्चति पामिच्चावेति पामच्चमाहट्टु दॆज्जमाणं दुरुहति दुरुहन्तं वा सातिज्जति.
2597,
2598,जे भिक्खू नावं परियट्टेति परियट्टावेति परियट्टमाहट्टु दॆज्जमाणं दुरुहति दुरुहन्तं वा सातिज्जति.
2599,
2600,जे भिक्खू नावं अच्छॆज्जं अनिसिट्ठं अभिहडमाहट्टु दॆज्जमाणं दुरुहति दुरुहन्तं वा सातिज्जति.
2601,
2602,जे भिक्खू थलाओ नावं जले ओकासावेति ओकसावॆन्तं वा सातिज्जति.
2603,
2604,जे भिक्खू जलाओ नावं थले उक्कसावेति उक्कसावॆन्तं वा सातिज्जति.
2605,
2606,जे भिक्खू पुण्णं नावं उस्सिञ्चति उस्सिञ्चन्तं वा सातिज्जति.
2607,
2608,जे भिक्खू पडिणावियं कट्टु नावाए दुरुहति दुरुहन्तं वा सातिज्जति.
2609,
2610,जे भिक्खू पडिणावियं कट्टु नावाए दुरुहति दुरुहन्तं वा सातिज्जति.
2611,
2612,जे भिक्खू उड्ढगामिणिं वा नावं अहोगामिणिं वा नावं दुरुहति दुरुहन्तं वा सा०.
2613,
2614,जे भिक्खू जोयणवेलागामिणिं वा अद्धजोयणवेलागामिणिं वा नावं दुरुहति दुरुहन्तं वा सातिज्जति.
2615,
2616,जे भिक्खू नावं आकसावेति ओकसावेति खेवावेति रज्जुणा वा कड्ढति कड्ढन्तं वा सातिज्जति.
2617,
2618,जे भिक्खू नावं अलित्ताएण वा फिहएण वा वंसेण वा वलेण वा वाहेति वाहॆन्तं वा सातिज्जति.
2619,
2620,जे भिक्खू नावाओ उदगं भायणेण वा पडिग्गहेण वा मत्तेण वा नावा उस्सिञ्चणेण वा उस्सिञ्चति उस्सिञ्चन्तं वा सातिज्जति.
2621,
2622,जे भिक्खू नावं उत्तिङ्गेण उदगं आसमणिं उवरुवरिं कज्जलमाणिं पेहाय हत्थेण वा पाएण वा आसत्थपत्तेण वा कुसपत्तेण वा मट्टियाए वा चेलकण्णेण वा पडिपिहेति पडिपिहॆन्तं वा सा०.
2623,
2624,जे भिक्खू नावागओ नावागयस्स असनं० पडिग्गाहेति पडिग्गाहॆन्तं सातिज्जति.
2625,
2626,जे भिक्खू नावागओ जलगयस्स असनं० पडिग्गाहेति पडिग्गाहॆन्तं सातिज्जति.
2627,
2628,जे भिक्खू नावागओ पङ्कगयस्स असनं० पडिग्गाहेति पडिग्गाहॆन्तं सातिज्जति.
2629,
2630,जे भिक्खू नावागओ थलगयस्स असनं० पडिग्गाहेति पडिग्गाहॆन्तं सातिज्जति.
2631,
2632,जे भिक्खू जलगओ नावागयस्स असनं० पडिग्गाहेति पडिग्गाहॆन्तं सातिज्जति.
2633,
2634,जे भिक्खू जलगओ जलगयस्स असनं० पडिग्गाहेति पडिग्गाहॆन्तं सातिज्जति.
2635,
2636,जे भिक्खू जलगओ पङ्कगयस्स असनं० पडिग्गाहेति पडिग्गाहॆन्तं सातिज्जति.
2637,
2638,जे भिक्खू जलगओ थलगयस्स असनं० पडिग्गाहेति पडिग्गाहॆन्तं सातिज्जति.
2639,
2640,जे भिक्खू पङ्कगओ नावागयस्स असनं० पडिग्गाहेति पडिग्गाहॆन्तं सातिज्जति.
2641,
2642,जे भिक्खू पङ्कगओ जलगयस्स असनं० पडिग्गाहेति पडिग्गाहॆन्तं सातिज्जति.
2643,
2644,जे भिक्खू पङ्कगओ पङ्कगयस्स असनं० पडिग्गाहेति पडिग्गाहॆन्तं सातिज्जति.
2645,
2646,जे भिक्खू पङ्कगओ थलगयस्स असनं० पडिग्गाहेति पडिग्गाहॆन्तं सातिज्जति.
2647,
2648,जे भिक्खू थलगओ नावागयस्स असनं० पडिग्गाहेति पडिग्गाहॆन्तं सातिज्जति.
2649,
2650,जे भिक्खू थलगओ जलगयस्स असनं० पडिग्गाहेति पडिग्गाहॆन्तं सातिज्जति.
2651,
2652,जे भिक्खू थलगओ पङ्कगयस्स असनं० पडिग्गाहेति पडिग्गाहॆन्तं सातिज्जति.
2653,
2654,जे भिक्खू थलगओ थलगयस्स असनं० पडिग्गाहेति पडिग्गाहॆन्तं सातिज्जति.
2655,
2656,जे भिक्खू वत्थं किणति किणावेति कीयमाहट्टु दॆज्जमाणं पडिग्गाहेति पडिग्गाहॆन्तं वा सातिज्जति.
2657,
2658,जे भिक्खू वत्थं पामिच्चेति पामिच्चावेति पामिच्चमाहट्टु दिज्जमाणं पडिग्गाहेति पडिग्गाहॆन्तं वा सातिज्जति.
2659,
2660,जे भिक्खू वत्थं परियट्टेति परियट्टावेति पामिच्चमाहट्टु दिज्जमाणं पडिग्गाहेति पडिग्गाहॆन्तं वा सातिज्जति.
2661,
2662,जे भिक्खू वत्थं अच्छॆज्जं अनिसट्ठं अभिहडमाहट्टु दिज्जमाणं पडिग्गाहेति पडिग्गाहॆन्तं वा सातिज्जति.
2663,
2664,जे भिक्खू अइरेगं वत्थं गणिं उद्दिसिय गणिं समुद्दिसिय तं गणिं अनापुच्छिय अनामन्तिय अन्नमन्नस्स वियरति वियरन्तं वा सातिज्जति.
2665,
2666,जे भिक्खू अइरेगं वत्थ खुड्डगस्स वा खुड्डियाए वा थेरगस्स वा थेरियाए वा- अहत्थच्छिन्नस्स अपायच्छिन्नस्स अकण्णच्छिन्नस्स अनासच्छिन्नस्स अनॊट्ठच्छिन्नस्स सक्कस्स-देति दॆन्तं वा सातिज्जति.
2667,
2668,जे भिक्खू अइरेगं वत्थं खुड्डगस्स वा खुड्डियाए वा थेरगस्स वा थेरियाए वा-हत्थच्छिन्नस्स जाव असक्कस्स-न देति न दॆन्तं वा सातिज्जति.
2669,
2670,जे भिक्खू वत्थं अनलं अथिरं अधुवं अधारणिज्जं धरेति धरॆन्तं वा सातिज्जति.
2671,
2672,जे भिक्खू वत्थं अलं थिरं धुवं धारणिज्जं न धरेति न धरॆन्तं वा सातिज्जति.
2673,
2674,जे भिक्खू वण्णमन्तं वत्थं विवण्णं करेति करॆन्तं वा सातिज्जति.
2675,
2676,जे भिक्खू विवण्णं वत्थं वण्णमन्तं करेति करॆन्तं वा सातिज्जति.
2677,
2678,जे भिक्खू नो नवए मे वत्थं लद्धे त्ति कट्टु सीओदग-वियडेण वा उसिणोदग-वियडेण वा उच्छोलॆज्ज वा पधोवॆज्ज वा उच्छोलॆन्तं वा पधोवॆन्तं वा सातिज्जति.
2679,
2680,जे भिक्खू नो नवए मे वत्थं लद्धे त्ति कट्टु बहुदेवसिएण सीओदग-वियडेण वा उसिणोदग-वियडेण वा उच्छोलॆज्ज वा पधोवॆज्ज वा उच्छोलॆन्तं वा पधोवॆन्तं वा सातिज्जति.
2681,
2682,जे भिक्खू नो नवए मे वत्थं लद्धे त्ति कट्टु कक्केण वा लॊद्धेण वा चुण्णेण वा वण्णेण वा आघंसॆज्ज वा पघंसॆज्ज वा आघंसतं वा पघंसन्त वा सातिज्जति.
2683,
2684,जे भिक्खू नो नवए मे वत्थं लद्धे त्ति कट्टु बहुदेवसिएण कक्केण वा लॊद्धेण वा चुण्णेण वा वण्णेण वा आघंसॆज्ज वा पघंसॆज्ज वा आघंसतं वा पघंसन्त वा सातिज्जति.
2685,
2686,जे भिक्खू दुब्भिगन्धे मे वत्थं लद्धे त्ति कट्टु सीओदग-वियडेण वा उसिणोदग-वियडेण वा उच्छोलॆज्ज वा पधोवॆज्ज वा उच्छोलॆन्तं वा पधोवॆन्तं वा सातिज्जति.
2687,
2688,जे भिक्खू दुब्भिगन्धे मे वत्थं लद्धे त्ति कट्टु बहुदेवसिएण सीओदग-वियडेण वा उसिणोदग-वियडेण वा उच्छोलॆज्ज वा पधोवॆज्ज वा उच्छोलॆन्तं वा पधोवॆन्तं वा सातिज्जति.
2689,
2690,जे भिक्खू दुब्भिगन्धे मे वत्थं लद्धे त्ति कट्टु कक्केण वा लॊद्धेण वा चुण्णेण वा वण्णेण वा आघंसॆज्ज वा पघंसॆज्ज वा आघंसतं वा पघंसन्त वा सातिज्जति.
2691,
2692,जे भिक्खू दुब्भिगन्धे मे वत्थं लद्धे त्ति कट्टु बहुदेवसिएण कक्केण वा लॊद्धेण वा चुण्णेण वा वण्णेण वा आघंसॆज्ज वा पघंसॆज्ज वा आघंसतं वा पघंसन्त वा सातिज्जति.
2693,
2694,जे भिक्खू अनन्तरहियाए पुढवीए वत्थं आयावॆज्ज वा पयावॆज्ज वा आयावॆन्तं वा पयावॆन्तं वा सातिज्जति.
2695,
2696,जे भिक्खू ससिणिद्धाए पुढवीए वत्थं आयावॆज्ज वा० सातिज्जति.
2697,
2698,जे भिक्खू ससरक्खाए पुढवीए वत्थं आयावॆज्ज वा० सातिज्जति.
2699,
2700,जे भिक्खू मट्टियमक्कडाए पुढवीए वत्थं आयावॆज्ज वा० सातिज्जति.
2701,
2702,जे भिक्खू चित्तमन्ताए पुढवीए वत्थं आयावॆज्ज वा० सातिज्जति.
2703,
2704,जे भिक्खू चित्तमन्ताए सिलाए वत्थं आयावॆज्ज वा० सातिज्जति.
2705,
2706,जे भिक्खू चित्तमन्ताए लेलूए वत्थं आयावॆज्ज वा० सातिज्जति.
2707,
2708,जे भिक्खू कोलावासंसि वा दारुए जीवपइट्ठिए सअण्डे सपाणे सबीए सहरिए सऒस्से सउदए सउत्तिङ्ग-पणग-दग-मट्टिय-मक्कडा सन्ताणगंसि वत्थं आयावॆज्ज वा पयावॆज्ज वा आयावॆन्तं वा पयावॆन्तं वा सातिज्जति.
2709,
2710,जे भिक्खू थूणंसि वा गिहेलुयंसि वा उसुकालंसि वा कामजलंसि वा अन्नयरंसि वा तहप्पगारंसि अन्तरिक्खजायंसि दुब्बद्धे दुन्निक्खित्ते अनिकम्पे चलाचले वत्थं आयावॆज्ज वा पयावॆज्ज आयावॆन्तं वा पयावॆन्तं वा सातिज्जति.
2711,
2712,जे भिक्खू कुलियंसि वा भित्तिंसि वा सिलंसि वा लेलुंसि वा अन्नयरंसि वा तहप्पगारंसि अन्तरिक्खजायंसि दुब्बद्धे दुन्निक्खित्ते अनिकम्पे चलाचले वत्थं आयावॆज्ज वा पयावॆज्ज वा आयावॆन्तं वा पयावॆन्तं वा सातिज्जति.
2713,
2714,जे भिक्खू कुलियंसि वा भित्तिंसि वा सिलंसि वा लेलुंसि वा अन्नयरंसि वा तहप्पगारंसि अन्तरिक्खजायंसि दुब्बद्धे दुन्निक्खित्ते अनिकम्पे चलाचले वत्थं आयावॆज्ज वा पयावॆज्ज वा आयावॆन्तं वा पयावॆन्तं वा सातिज्जति.
2715,
2716,जे भिक्खू वत्थाओ पुढवीकायं नीहरति नीहरावेति नीहरियं आहट्टु दॆज्जमाणं पडिग्गाहेति पडिग्गाहॆन्तं वा सातिज्जति.
2717,
2718,जे भिक्खू वत्थाओ आउकायं नीहरति नीहरावेति नीहरियं आहट्टु दॆज्जमाणं पडिग्गाहेति पडिग्गाहॆन्तं वा सातिज्जति.
2719,
2720,जे भिक्खू वत्थाओ तेउक्कायं नीहरति नीहरावेति नीहरियं आहट्टु दॆज्जमाणं पडिग्गाहेति पडिग्गाहॆन्तं वा सातिज्जति.
2721,
2722,जे भिक्खू वत्थाओ कन्दाणि वा मूलाणि वा पत्ताणि वा पुप्फाणि वा फलाणि वा बीजाणि वा नीहरति नीहरावेति नीहरियं आहट्टु दॆज्जमाणं पडिग्गाहेति पडिग्गाहॆन्तं वा सातिज्जति.
2723,
2724,जे भिक्खू वत्थाओ ओसहिबीयाइं नीहरति नीहरावेति नीहरियं आहट्टु दॆज्जमाणं पडिग्गाहेति पडिग्गाहॆन्तं वा सातिज्जति.
2725,
2726,जे भिक्खू वत्थाओ तसपाणजातिं नीहरति नीहरावेति नीहरियं आहट्टु दॆज्जमाणं पडिग्गाहेति पडिग्गाहॆन्तं वा सातिज्जति.
2727,
2728,जे भिक्खू वत्थं निक्कोरेति निक्कोरावेति निक्कोरियं आहट्टु दॆज्जमाणं पडिग्गाहेति पडिग्गाहॆन्तं वा सातिज्जति.
2729,
2730,जे भिक्खू नायगं वा अनायगं वा उवासगं वा अनुवासगं वा गामन्तरंसि वा गामपहन्तरंसि वा वत्थं ओभासिय जायति जायन्तं वा सातिज्जति.
2731,
2732,जे भिक्खू नायगं वा अनायगं वा उवासगं वा अनुवासगं वा परिसामज्झाओ उट्ठवॆत्ता वत्थं ओभासिय-ओभासिय जायति जायन्तं वा सातिज्जति.
2733,
2734,जे भिक्खू वत्थनीसाए उडुबद्धं वसति वसन्तं वा सातिज्जति.
2735,
2736,जे भिक्खू वत्थनीसाए वासावासं वसति वसन्तं वा सातिज्जति.
2737,
2738,तं सेवमाणे आवज्जइ चाउम्मासियं परिहारट्ठाणं उग्घातियं.
2739,
2740,
2741,
2742,---------------------------------------------------------------------
2743,जे भिक्खू वियडं किणति किणावेति कीयमाहट्टु दिज्जमाणं पडिग्गाहेति पडिग्गाहॆन्तं वा सातिज्जति.
2744,
2745,जे भिक्खू वियडं पामिच्चेति पामिच्चावेति पामिच्चमाहट्टु दिज्जमाणं पडिग्गाहेति पडिग्गाहॆन्तं वा सातिज्जति.
2746,
2747,जे भिक्खू वियडं परियट्टेति परियट्टावेति परियट्टियमाहट्टु दॆज्जमाणं पडिग्गाहेति पडिग्गाहॆन्तं वा सातिज्जति.
2748,
2749,जे भिक्खू वियडं अच्छॆज्जं अनिसिट्ठं अभिहडमाहट्टु दॆज्जमाणं पडिग्गाहेति पडिग्गाहॆन्तं वा सातिज्जति.
2750,
2751,जे भिक्खू गिलाणस्सट्ठाए परं तिण्हं वियडदत्तीणं पडिग्गाहेति पडिग्गाहॆन्तं वा सातिज्जति ।. 
2752,
2753,जे भिक्खू वियडं गहाय गामाणुगामं दूइज्जति दूइज्जन्तं वा सातिज्जति.
2754,
2755,जे भिक्खू वियडं गालेति गालावेति गालियमाहट्टु दॆज्जमाणं पडिग्गाहेति पडिग्गाहॆन्तं वा सातिज्जति.
2756,
2757,जे भिक्खू चउहिं सञ्झाहिं सज्झायं करेति करॆन्तं वा सातिज्जति तं जहा-पुव्वाए सञ्झाए पच्छिमाए सञ्झाए अवरण्हे अड्ढरत्ते.
2758,
2759,जे भिक्खू कालियसुयस्सं परं तिण्हं पुच्छाणं पुच्छति पुच्छन्तं वा सातिज्जति.
2760,
2761,जे भिक्खू दिट्ठिवायस्सं परं सत्तण्हं पुच्छाणं पुच्छति पुच्छन्तं वा सातिज्जति.
2762,
2763,जे भिक्खू चउसु महामहेसु सज्झायं करेति करॆन्तं वा सातिज्जति त्ति तं जहा इन्दमहे खन्दमहे जक्खमहे भूतमहे.
2764,
2765,जे भिक्खू चउसु महापाडिवएसु सज्झायं करेति करॆन्तं वा सातिज्जति तं जहा-सुगिम्हयपाडिवए आसाढीपाडिवए आसोयपाडिवए कत्तियपाडिवए.
2766,
2767,जे भिक्खू चाउकाल पोरिसिं सज्झायं उवातिणावेति उवातिणावॆन्तं वा सातिज्जति.
2768,
2769,जे भिक्खू असज्झाइए सज्झायं करेति करॆन्तं वा सातिज्जति.
2770,
2771,जे भिक्खू अप्पणो असज्झाइयंसि सज्झायं करेति करॆन्तं वा सातिज्जति.
2772,
2773,जे भिक्खू हॆट्ठिल्लाइं समोसरणाइं अवाऎत्ता उवरिम सुयं वाएति वाऎन्तं वा सा०.
2774,
2775,जे भिक्खू नव बम्भचेराइं अवाऎत्ता उत्तमसुयं वाएति वाऎन्तं वा सातिज्जति.
2776,
2777,जे भिक्खू अपत्तं वाएति वाऎन्तं वा सातिज्जति.
2778,
2779,जे भिक्खू पत्तं न वाएति न वाऎन्तं वा सातिज्जति.
2780,
2781,जे भिक्खू अपत्तं वाएति वाऎन्तं वा सातिज्जति.
2782,
2783,जे भिक्खू पत्तं न वाएति न वाऎन्तं वा सातिज्जति.
2784,
2785,जे भिक्खू अव्वत्तं वाएति वाऎन्तं वा सातिज्जति.
2786,
2787,जे भिक्खू दोण्हं सरिसयाणं ऎक्कं सञ्चिक्खावेति ऎक्कं वाएति वाऎन्तं वा सा०.
2788,
2789,जे भिक्खू आयरिय-उवज्झाएहिं अविदिन्नं गिरं आतियति आतियन्तं वा सा०.
2790,
2791,जे भिक्खू अन्नउत्थियं वा गारत्थियं वा वाएति वाऎन्तं वा सातिज्जति.
2792,
2793,जे भिक्खू अन्नउत्थियं वा गारत्थियं वा पडिच्छति पडिच्छन्तं वा सातिज्जति.
2794,
2795,जे भिक्खू पासत्थं वाएति वाऎन्तं वा सातिज्जति.
2796,
2797,जे भिक्खू पासत्थं पडिच्छति पडिच्छन्तं वा सातिज्जति.
2798,
2799,जे भिक्खू ओसन्नं वाएति वाऎन्तं वा सातिज्जति.
2800,
2801,जे भिक्खू ओसन्नं पडिच्छति पडिच्छन्तं वा सातिज्जति.
2802,
2803,जे भिक्खू कुसीलं वाएति वाऎन्तं वा सातिज्जति.
2804,
2805,जे भिक्खू कुसीलं पडिच्छति पडिच्छन्तं वा सातिज्जति.
2806,
2807,जे भिक्खू नितियं वाएति वाऎन्तं वा सातिज्जति.
2808,
2809,जे भिक्खू नितियं पडिच्छति पडिच्छन्तं वा सातिज्जति.
2810,
2811,जे भिक्खू संसत्तं वाएति वाऎन्तं वा सातिज्जति.
2812,
2813,जे भिक्खू संसत्तं पडिच्छति पडिच्छन्तं वा सातिज्जति.
2814,
2815,तं सेवमाणे आवज्जइ चाउम्मासियं परिहारट्ठाणं उग्घातियं.
2816,
2817,
2818,
2819,---------------------------------------------------------------------
2820,जे भिक्खू मासियं परिहारट्ठाणं पडिसेवित्ता आलोऎज्जा अपलिउञ्चियं आलोए-माणस्स मासियं पलिउञ्चियं आलोएमाणस्स दोमासियं.
2821,
2822,जे भिक्खू दोमासियं परिहारट्ठाणं पडिसेवित्ता आलोऎज्जा अपलिउञ्चियं आलोएमाणस्स दोमासियं पलिउञ्चियं आलोएमाणस्स तेमासियं.
2823,
2824,जे भिक्खू तेमासियं परिहारट्ठाणं पडिसेवित्ता आलोऎज्जा अपलिउञ्चियं आलोएमाणस्स तेमासियं पलिउञ्चियं आलोएमाणस्स चाउम्मासियं.
2825,
2826,जे भिक्खू चाउम्मासियं परिहारट्ठाणं पडिसेवित्ता आलोऎज्जा अपलिउञ्चियं आलोएमाणस्स चाउम्मासियं पलिउञ्चियं आलोएमाणस्स पञ्चमासियं.
2827,
2828,जे भिक्खू पञ्चमासियं परिहारट्ठाणं पडिसेवित्ता आलोऎज्जा अपलिउञ्चियं आलोएमाणस्स पञ्चमासियं पलिउञ्चियं आलोएमाणस्स छम्मासियं तेणं परं पलिउञ्चिए वा अपलिउञ्चिए वा ते चेव छम्मासा.
2829,
2830,जे भिक्खू बहुसो वि मासियं परिहारट्ठाणं पडिसेवित्ता आलोऎज्जा अपलिउञ्चियं आलोएमाणस्स मासियं पलिउञ्चियं आलोएमाणस्स दोमासियं.
2831,
2832,जे भिक्खू बहुसो वि दोमासियं परिहारट्ठाणं पडिसेवित्ता आलोऎज्जा अपलिउञ्चियं आलोएमाणस्स दोमासियं पलिउञ्चियं आलोएमाणस्स तेमासियं.
2833,
2834,जे भिक्खू बहुसो वि तेमासियं परिहारट्ठाणं पडिसेवित्ता आलोऎज्जा अपलिउञ्चियं आलोएमाणस्स तेमासियं पलिउञ्चियं आलोएमाणस्स चाउम्मासियं.
2835,
2836,जे भिक्खू बहुसो वि चाउम्मासियं परिहारट्ठाणं पडिसेवित्ता आलोऎज्जा अपलिउञ्चियं आलोएमाणस्स चाउम्मासियं पलिउञ्चियं आलोएमाणस्स पञ्चमासियं.
2837,
2838,जे भिक्खू बहुसोवि पञ्चमासियं परिहारट्ठाणं पडिसेवित्ता आलोऎज्जा अपलिउञ्चियं आलोएमाणस्स पञ्चमासियं पलिउञ्चियं आलोएमाणस्स छम्मासियं तेणं परं पलिउञ्चिए वा अपलिउञ्चिए वा ते चेव छम्मासा.
2839,
2840,जे भिक्खू मासियं वा दोमासियं वा तेमासियं वा चाउम्मासियं वा पञ्चमासियं वा एएसिं परिहारट्ठाणाणं अन्नयरं परिहारट्ठाणं पडिसेवित्ता आलोऎज्जा अपलिउञ्चियं आलोएमाणस्स मासियं वा दोमासियं वा तेमासियं वा चाउम्मासियं वा पञ्चमासियं वा पलिउञ्चियं आलोएमाणस्स दोमसियं वा तेमासियं वा चाउम्मासियं वा पञ्चमासियं वा छम्मासियं वा तेणं परं पलिउञ्चिए वा अपलिउञ्चिए वा ते चेव छम्मासा.
2841,
2842,जे भिक्खू बहुसो वि मासियं वा बहुसो वि दोमासियं वा बहुसो वि तेमासियं वा बहुसो वि चाउम्मासियं वा बहुसो वि पञ्चमासियं वा एएसिं परिहारट्ठाणाणं अन्नयरं परिहारट्ठाणं पडिसेवित्ता आलोऎज्जा अपलिउञ्चियं आलोएमाणस्स मासियं वा दोमासियं वा तेमासियं वा चाउम्मासियं वा पञ्चमासियं वा पलिउञ्चियं आलोएमाणस्स दोमसियं वा तेमासियं वा चाउम्मासियं वा पञ्चमासियं वा छम्मासियं वा तेणं परं पलिउञ्चिए वा अपलिउञ्चिए वा ते चेव छम्मासा.
2843,
2844,जे भिक्खू चाउम्मासियं वा साइरेगचाउम्मासियं वा पञ्चमासियं वा साइरेगपञ्च-मासियं एएसिं परिहारट्ठाणाणं अन्नयरं परिहारट्ठाणं पडिसेवित्ता आलोऎज्जा अपलिउञ्चियं आलोएमाणस्स चाउम्मासियं वा साइरेगचाउम्मासियं वा पञ्चमासियं वा साइरेगपञ्चमासियं वा पलिउञ्चियं आलोएमाणस्स पञ्चमासियं वा साइरेगपञ्चमासियं वा छम्मासियं वा तेणं परं पलिउञ्चिए वा अपलिउञ्चिए वा ते चेव छम्मासा.
2845,
2846,जे भिक्खू बहुसो वि चाउम्मासियं वा बहुसो वि साइरेगचाउम्मासियं वा बहुसो वि पञ्चमासियं वा बहुसो वि साइरेगपञ्चमासियं वा एएसिं परिहारट्ठाणाणं अन्नयरं परिहारट्ठाणं पडिसेवित्ता आलोऎज्जा अपलिउञ्चियं आलोएमाणस्स चाउम्मासियं वा साइरेगचाउम्मासियं वा पञ्चमासियं वा साइरेगपञ्चमासियं वा पलिउञ्चियं आलोएमाणस्स पञ्चमासियं वा साइरेगपञ्चमासियं वा छम्मासियं वा तेणं परं पलिउञ्चिए वा अपलिउञ्चिए वा ते चेव छम्मासा.
2847,
2848,"जे भिक्खू चाउम्मासियं वा साइरेगचाउम्मासियं वा पञ्चमासियं वा साइरेग पञ्चमासियं एएसिं परिहारट्ठाणाणं अन्नयरं परिहारट्ठाणं पडिसेवित्ता आलोऎज्जा अपलिउञ्चियं आलोएमाणे ठवणिज्जं ठवइत्ता करणिज्जं वेयावडियं ठविए वि पडिसेवित्ता से वि कसिणे तत्थेव आरुहेयव्वे सिया पुव्विं पडिसेवियं पुव्विं आलोइयं, पुव्विं पडिसेवियं पच्छा आलोइयं, पच्छा पडिसेवियं पुव्विं आलोइयं, पच्छा पडिसेवियं पच्छा आलोइयं, अपलिउञ्चिए अपलिउञ्चियं, अपलिउञ्चिए पलिउञ्चियं, पलिउञ्चिए अपलिउञ्चियं, पलिउञ्चिए पलिउञ्चियं, अपलिउञ्चिए अपलिउञ्चियं आलोएमाणस्स सव्वमेयं सकयं साहणियं जे एयाए पट्ठवणाए पट्ठविए निव्विसमाणे पडिसेवेइ वि कसिणे तत्थेव आरुहेयव्वे सिया."
2849,
2850,"जे भिक्खू बहुसो वि चाउम्मासियं वा बहुसो वि साइरेगचाउम्मासियं वा बहुसो वि पञ्चमासियं वा बहुसो वि सातिरेगपञ्चमासियं वा एएसिं परिहारट्ठाणाणं अन्नयरं परिहारट्ठाणं पडिसेवित्ता आलोऎज्जा अपलिउञ्चियं आलोएमाणे ठवणिज्जं ठवइत्ता करणिज्जं वेयावडियं ठविए वि पडिसेवित्ता से वि कसिणे तत्थेव आरुहेयव्व सिया पुव्विं पडिसेवियं पुव्विं आलोइयं, पुव्विं पडिसेवियं पच्छा आलोइयं, पच्छा पडिसेवियं पुव्विं आलोइयं, पच्छा पडिसेवयं पच्छा आलोइयं, अपलिउञ्चिए अपलिउञ्चियं अपलिउञ्चिए पलिउञ्चियं पलिउञ्चिए अपलिउञ्चियं पलिउञ्चिए पलिउञ्चियं अपलिउञ्चिए अपलिउञ्चिए आलोएमाणस्स सव्वमेयं सकयं साहणिय जे एयाए पट्ठवणाए पट्ठविए निव्विसमाणे पडिसेवेइ से वि कसिणे तत्थेव आरुहेयव्वे सिया."
2851,
2852,"जे भिक्खू चाउम्मासियं वा साइरेगचाउम्मासियं वा पञ्चमासियं वा साइरेगपञ्च-मासियं वा एएसिं परिहारट्ठाणाणं अन्नयरं परिहारट्ठाणं पडिसेवित्ता आलोऎज्जा पलिउञ्चियं आलोएमाणे ठवणिज्जं ठवइत्ता करणिज्जं वेयावडियं ठविए वि पडिसेवित्ता से वि कसिणे तत्थेव आरुहेयव्वे सिया पुव्विं पडिसेवियं पुव्विं आलोइयं, पुव्विं पडिसेवियं पच्छा आलोइयं, पच्छा पडिसेवियं पुव्विं आलोइयं, पच्छा पडिसेवियं पच्छा आलोइयं, अपलिउञ्चिए अपलिउञ्चियं अपलिउञ्चिए पलिउञ्चिए पलिउञ्चिए अपलिउञ्चियं पलिउञ्चिए पलिउञ्चियं, पलिउञ्चिए पलिउञ्चियं आलोएमाणस्स सव्वमेयं सकयं साहणियं जे एयाए पट्ठवणाए पट्ठविए निव्विसमाणे पडिसेवेइ से वि कसिणे तत्थेव आरुहेयव्वे सिया."
2853,
2854,"जे भिक्खू बहुसो वि चाउम्मासियं वा बहुसो वि साइरेगचाउम्मासियं वा बहुसो वि पञ्चमासियं वा बहुसो वि साइरेगपञ्चमासियं वा एएसिं परिहारट्ठाणाणं अन्नयरं परिहारट्ठाणं पडिसेवित्ता आलोऎज्ज पलिउञ्चियं आलोएमाणे ठवणिज्जं ठवइत्ता करणिज्जं वेयावडियं ठविए वि पडिसेवित्ता से वि कसिणे तत्थेव आरुहेयव्वे सिया पुव्विं पडिसेवियं पुव्विं आलोइयं पुव्विं पडिसेवियं पच्छा आलोइयं, पच्छा पडिसेवियं पुव्विं आलोइयं, पच्छा पडिसेवियं पच्छा आलोइयं, अपलिउञ्चिए अपलिउञ्चियं अपलिउञ्चिए पलिउञ्चियं पलिउञ्चिए अपलिउञ्चियं पलिउञ्चिए पलिउञ्चियं, पलिउञ्चिए पलिउञ्चियं आलोएमाणस्स सव्वमेयं सकयं साहणियं जे एयाए पट्ठवणाए पट्ठविए निव्विसमाणे पडिसेवेइ से वि कसिणे तत्थेव आरुहेयव्वे सिया."
2855,
2856,छम्मासियं परिहारट्ठाणं पट्ठविए अनगारे अन्तरा दोमासियं परिहारट्ठाणं पडिसेवित्ता आलोऎज्जा अहावरा वीसतिरातिया आरोवणा आदिमज्झेवसाणे सअट्ठं सहेउं सकारणं अहीनमतिरित्तं तेन परं सवीसतिरातिया दो मासा.
2857,
2858,"पञ्चमासियं परिहारट्ठाणं पट्ठविए अनगारे अन्तरा दोमासियं परिहारट्ठाणं पडिसेवित्ता आलोऎज्जा, अहावरा वीसतिरातिया आरोवणा आदिमज्झेवसाणे सअट्ठं सहेउं सकारणं अहीनमतिरित्तं तेन परं सवीसतिरातिया दो मासा."
2859,
2860,"चाउम्मासियं परिहारट्ठाणं पट्ठविए अनगारे अन्तरा दोमासियं परिहारट्ठाणं पडिसेवित्ता आलोऎज्जा, अहावरा वीसतिरातिया आरोवणा आदिमज्झेवसाणे सअट्ठं सहेउं सकारणं अहीनमतिरित्तं तेन परं सवीसतिरातिया दो मासा."
2861,
2862,"तेमासियं परिहारट्ठाणं पट्ठविए अनगारे अन्तरा दोमासियं परिहारट्ठाणं पडिसेवित्ता आलोऎज्जा, अहावरा वीसतिरातिया आरोवणा आदिमज्झेवसाणे सअट्ठं सहेउं सकारणं अहीनमतिरित्तं तेन परं सवीसतिरातिया दो मासा."
2863,
2864,"दोमासियं परिहारट्ठाणं पट्ठविए अनगारे अन्तरा दोमासियं परिहारट्ठाणं पडिसेवित्ता आलोऎज्जा, अहावरा वीसतिरातिया आरोवणा आदिमज्झेवसाणे सअट्ठं सहेउं सकारणं अहीनमतिरित्तं तेन परं सवीसतिरातिया दो मासा."
2865,
2866,मासियं परिहारट्ठाणं पट्ठविए अनगारे अन्तरा दोमासियं परिहारट्ठाणं पडिसेवित्ता आलोऎज्जा अहावरा वीसतिरातिया आरोवणा आदिमज्झेवसाणे सअट्ठं सहेउं सकारणं अहीनमतिरित्तं तेन परं सवीसतिरातिया दो मासा.
2867,
2868,सवीसतिरातियं दोमासियं परिहारट्ठाणं पट्ठविए अनगारे अन्तरा दोमासियं परिहारट्ठाणं पडिसेवित्ता आलोऎज्जा अहावरा वीसतिरातिया आरोवणा आदिमज्झेवसाणे सअट्ठं सहेउं सकारणं अहीनमतिरित्तं तेन परं दसराया तिन्नि मासा.
2869,
2870,सदसरायं तेमासियं परिहारट्ठाणं जाव तेन परं चत्तारि मासा.
2871,
2872,चाउम्मासियं परिहारट्ठाणं जाव तेन परं सवीसतिराया चत्तारि मासा.
2873,
2874,सवीसतिरायं चाउम्मासियं परिहारट्ठाणं जाव तेन परं सदसराया पञ्चमासा.
2875,
2876,"सदसरायं पञ्चमासियं परिहारट्ठाणं पट्ठविए अनगारे अन्तरा दोमासियं परिहारट्ठाणं पडिसेवित्ता आलोऎज्जा, अहावरा वीसतिरातिया आरोवणा आदिमज्झेवसाणे सअट्ठं सहेउं सकारणं अहीनमतिरित्तं तेन परं छम्मासा."
2877,
2878,छम्मासियं परिहारट्ठाणं जाव तेन परं दिवड्ढो मासो.
2879,
2880,पञ्चमासियं परिहारट्ठाणं जाव तेन परं दिवड्ढो मासो.
2881,
2882,चाउम्मासियं परिहारट्ठाणं जाव तेन परं दिवड्ढो मासो.
2883,
2884,तेमासियं परिहारट्ठाणं जाव तेन परं दिवड्ढो मासो.
2885,
2886,दोमासियं परिहारट्ठाणं जाव तेन परं दिवड्ढो मासो.
2887,
2888,मासियं परिहारट्ठाणं पट्ठविए जाव तेन परं दिवड्ढो मासो.
2889,
2890,"दिवड्ढमासियं परिहारट्ठाणं पट्ठविए अनगारे अन्तरा मासियं परिहारट्ठाणं पडिसेवित्ता आलॊज्जा, अहावरा पक्खिया आरोवणा आदिमज्झेवसाणे सअट्ठं सहेउं सकारणं अहीनमतिरित्तं तेन परं दो मासा ।. "
2891,
2892,दोमासियं परिहारट्ठाणं पट्ठविए अनगारे जाव तेन परं अड्ढाइज्जा मासा.
2893,
2894,"अड्ढाइज्जमासियं परिहारट्ठाणं पट्ठविए अनगारे अन्तरा मासियं परिहारट्ठाणं पडिसेवित्ता आलोऎज्जा, अहावरा पक्खिया आरोवणा आदिमज्झेवसाणे सअट्ठं सहेउं सकारणं अहीनमतिरित्तं तेन परं तिन्नि मासा."
2895,
2896,"तेमासियं परिहारट्ठाणं पट्ठविए अनगारे अन्तरा मासियं परिहारट्ठाणं पडिसेवित्ता आलोऎज्जा, अहावरा पक्खिया आरोवणा आदिमज्झेवसाणे सअट्ठं सहेउं सकारणं अहीनमतिरित्तं तेन परं अद्धुट्ठा मासा."
2897,
2898,अद्धुट्ठमासियं परिहारट्ठाणं पट्ठविए अनगारे जाव तेन परं चत्तारि मासा.
2899,
2900,चाउम्मासियं परिहारट्ठाणं पट्ठविए अनगारे जाव तेन परं अद्धपञ्चमा मासा.
2901,
2902,अद्धपञ्चमासियं परिहारट्ठाणं पट्ठविए अनगारे जाव तेन परं पञ्च मासा.
2903,
2904,पञ्चमासियं परिहारट्ठाणं पट्ठविए अनगारे जाव तेन परं अद्धछट्ठा मासा.
2905,
2906,अद्धछट्ठमासियं परिहारट्ठाणं पट्ठविए जाव तेन परं छम्मासा.
2907,
2908,दोमासियं परिहारट्ठाणं पट्ठविए अनगारे जाव तेन परं अड्ढाइज्जा मासा.
2909,
2910,"अड्ढाइज्जमासियं परिहारट्ठाणं पट्ठविए अनगारे अन्तरा दोमासियं परिहारट्ठाणं पडिसेवित्ता आलोऎज्जा, अहावरा वीसतिराइया आरोवणा आदिमज्झेवसाणे सअट्ठं सहेउं सकारणं अहीनमतिरित्तं तेन परं सपञ्चरातिया तिन्नि मासा."
2911,
2912,"सपञ्चरायतेमासियं परिहारट्ठाणं पट्ठविए अनगारे अन्तरा मासियं परिहारट्ठाणं पडिसेवित्ता आलोऎज्जा, अहावरा पक्खिया आरोवणा आदिमज्झेवसाणे सअट्ठं सहेउं सकारणं अहीनमतिरित्तं तेन परं सवीसतिराया तिन्नि मासा."
2913,
2914,"सवीसतिरायतेमासियं परिहारट्ठाणं पट्ठविए अनगारे अन्तरा दोमासियं परिहारट्ठाणं पडिसेवित्ता आलोऎज्जा, अहावरा वीसतिराइया आरोवणा आदिमज्झेवसाणे सअट्ठं सहेउं सकारणं अहीनमतिरित्तं तेन परं सदसराया चत्तारि मासा."
2915,
2916,सदसरायचाउम्मासियं परिहारट्ठाणं पट्ठविए अनगारे अन्तरा मासियं परिहारट्ठाणं पडिसेवित्ता आलोऎज्जा अहावरा पक्खिया आरोवणा आदिमज्झेवसाणे सअट्ठं सहेउं सकारणं अहीनमतिरित्तं तेन परं पञ्चूना पञ्चमासा.
2917,
2918,पञ्चूनपञ्चमासियं परिहारट्ठाणं पट्ठविए अनगारे अन्तरा दोमासियं परिहारट्ठाणं पडिसेवित्ता आलोऎज्जा अहावरा वीसतिराइया आरोवणा आदिमज्झेवसाणे सअट्ठं सहेउं सकारणं अहीनमतिरित्तं तेन परं अद्धछट्ठा मासा.
2919,
2920,अद्धछट्ठमासियं परिहारट्ठाणं पट्ठविए अनगारे अन्तरा मासियं परिहारट्ठाणं पडिसेवित्ता आलोऎज्जा अहावरा पक्खिया आरोवणा आदिमज्झेवसाणे सअट्ठं सहेउं सकारणं अहीनमतिरित्तं तेन परं छम्मासा.
2921,
2922,
2923,
2924,मुनि दीपरत्नसागरेण संशोधितः सम्पादिताश्च“निसीहं छेयसुत्तं”सम्मत्तं
2925,
