line_number,devanagari_text
1,नाणं पञ्चविहं पन्नत्तं तं जहा — आभिनिबोहियनाणं सुयनाणं ओहिनाणं मणपज्जवनाणं केवलनाणं.
2,
3,
4,
5,---------------------------------------------------------------------
6,"तत्थ चत्तारि नाणाइं ठप्पाइं ठवणिज्जाइं नो उद्दिसिज्जन्ति नो समुद्दिसिज्जन्ति नो अणुन्नविज्जन्ति, सुयनाणस्स उद्देसो समुद्देसो अणुन्ना अनुओगो य पवत्तइ."
7,
8,
9,
10,---------------------------------------------------------------------
11,"जइ सुयनाणस्स उद्देसो समुद्देसो अणुन्ना अनुओगो य पवत्तइ किं अङ्गपविट्ठस्स उद्देसो समुद्देसो अणुन्ना अनुओगो य पवत्तइ?, किं अङ्गबाहिरस्स उद्देसो समुद्देसो अणुन्ना अनुओगो य पवत्तइ?, अङ्गपविट्ठस्स वि उद्देसो समुद्देसो अणुन्ना अनुओगो य पवत्तइ, अङ्गबाहिरस्स वि उद्देसो समुद्देसो अणुन्ना अनुओगो य पवत्तइ, इमं पुण पट्ठवणं पडुच्च अङ्गबाहिरस्स उद्देसो समुद्देसो अणुन्ना अनुओगो य पवत्तइ."
12,
13,
14,
15,---------------------------------------------------------------------
16,"जइ अङ्गबाहिरस्स उद्देसो समुद्देसो अणुन्ना अनुओगो य पवत्तइ किं कालियस्स उद्देसो समुद्देसो अणुन्ना अनुओगो य पवत्तइ?, उक्कालियस्स उद्देसो समुद्देसो अणुन्ना अनुओगो य पवत्तइ?, कालियस्स वि उद्देसो समुद्देसो अणुन्ना अनुओगो य पवत्तइ उक्कालियस्स वि उद्देसो समुद्देसो अणुन्ना अनुओगो य पवत्तइ, इमं पुण पट्ठवणं पडुच्च उक्कालियस्स उद्देसो जाव अनुओगो य पवत्तइ."
17,
18,
19,
20,---------------------------------------------------------------------
21,"जइ उक्कालियस्स उद्देसो जाव अनुओगो य पवत्तइ किं आवस्सयस्स उद्देसो जाव अनुओगो य पवत्तइ? आवस्सयवतिरित्तस्स उद्देसो जाव अनुओगो य पवत्तइ? आवस्सयस्स वि उद्देसो जाव अनुओगो य पवत्तइ, आवस्सयवतिरित्तस्स वि उद्देसो जाव अनुओगो य पवत्तइ. इमं पुण पट्ठवणं पडुच्च आवस्सयस्स अनुओगो."
22,
23,
24,
25,---------------------------------------------------------------------
26,जइ आवस्सयस्स अनुओगो आवस्सयण्णं किं अङ्गं अङ्गाइं सुयखन्धो सुयखन्धा अज्झयणं अज्झयणाइं उद्देसो उद्देसा? आवस्सयण्णं नो अङ्गं नो अङ्गाइं सुयखन्धो नो सुयखन्धा नो अज्झयणं अज्झयणाइं नो उद्देसो नो उद्देसा.
27,
28,
29,
30,---------------------------------------------------------------------
31,तम्हा आवस्सयं निक्खिविस्सामि सुयं निक्खिविस्सामि खन्धं निक्खिविस्सामि अज्झयणं निक्खिविस्सामि.
32,
33,
34,
35,---------------------------------------------------------------------
36,जत्थ य जं जाणेज्जा निक्खेवं निक्खिवे निरवसेसं
37,जत्थ वि य न जाणेज्जा चउक्कयं निक्खिवे तत्थ // अणुओग.८
38,
39,
40,
41,---------------------------------------------------------------------
42,से किं तं आवस्सयं? आवस्सयं चउव्विहं पन्नत्तं तं जहा — नामावस्सयं ठवणावस्सयं दव्वावस्सयं भावावस्सयं.
43,
44,
45,
46,---------------------------------------------------------------------
47,से किं तं नामावस्सयं? नामावस्सयं — जस्स णं जीवस्स वा अजीवस्स वा जीवाण वा अजीवाण वा तदुभयस्स वा तदुभयाण वा आवस्सए त्ति नामं कज्जइ से तं नामावस्सयं.
48,
49,
50,
51,---------------------------------------------------------------------
52,"से किं तं ठवणावस्सयं?, ठवणावस्सयं — जंणं कट्ठकम्मे वा पोत्थकम्मे वा चित्तकम्मे वो लेप्पकम्मे वा गन्थिमे वा वेढिमे वा पूरिमे वा सङ्घाइमे वा अक्खे वा वराडए वा एगो वा अनेगो वा सब्भावठणाए वा असब्भावठवणाए वा आवस्सए त्ति ठवणा ठविज्जइ, से तं ठवणावस्सयं."
53,
54,
55,
56,---------------------------------------------------------------------
57,"नाम-ट्ठवणाणं को पइविसेसो? नामं आवकहियं, ठवणा इत्तरिया वा होज्जा आवकहिया वा."
58,
59,
60,
61,---------------------------------------------------------------------
62,से किं तं दव्वावस्सयं? दव्वावस्सयं दुविहं पन्नत्तं आगमओ य नोआगमओ य.
63,
64,
65,
66,---------------------------------------------------------------------
67,"से किं तं आगमओ दव्वावस्सयं? आगमओ दव्वावस्सयं जस्स णं आवस्सए त्ति पदं सिक्खियं ठियं जियं मियं परिजियं नामसमं घोससमं अहीनक्खरं अनच्चक्खरं अव्वाइद्धक्खरं अक्खलियं अमिलियं अवच्चामेलियं पडिपुन्नं पडिपुन्नघोसं कण्ठोट्ठविप्पमुक्कं गुरुवायणोवगयं, से णं तत्थ वायणाए पुच्छणाए परियट्टणाए धम्मकहाए नो अनुप्पेहाए, कम्हा? अनुवओगो दव्वमिति कट्टु."
68,
69,
70,
71,---------------------------------------------------------------------
72,"नेगमस्स णं एगो अनुवउत्तो आगमओ एगं दव्वावस्सयं दोन्नि अनुवउत्ता आगमओ दोन्नि दव्वावस्सयाइं तिन्नि अनुवउत्ता आगमओ तिन्नि दव्वावस्सयाइं एवं जावइया अनुवउत्ता तावइयाइं ताइं नेगमस्स आगमओ दव्वावस्सयाइं, एवमेव ववहारस्स वि, सङ्गहस्स णं एगो वा अनेगा वा अनुवउत्तो वा अनुवउत्ता वा आगमओ दव्वावस्सयं वा दव्वावस्सयाणि वा से एगे दव्वावस्सए, उज्जुसुयस्स एगो अनुवउत्तो आगमओ एगं दव्वावस्सयं, पुहत्तं नेच्छइ तिण्हं सद्दनयाणं जाणए अनुवउत्ते अवत्थू, कम्हा? जइ जाणए अनुवउत्ते न भवइ जइ अनुवउत्ते जाणए न भवति, तम्हा नत्थि आगमओ दव्वावस्सयं. से तं आगमओ दव्वावस्सयं."
73,
74,
75,
76,---------------------------------------------------------------------
77,से किं तं नोआगमओ दव्वावस्सयं? नोआगमओ दव्वावस्सयं तिविहं पन्नत्तं तं जाणगसरीरदव्वावस्सयं भवियसरीरदव्वावस्सयं जाणगसरीर-भवियसरीरवत्तिरित्तं दव्वावस्सयं.
78,
79,
80,
81,---------------------------------------------------------------------
82,"से किं तं जाणगसरीरदव्वावस्सयं? जाणगसरीरदव्वावसस्यं — आवस्सए त्ति पयत्थाहि-गारजाणगस्स जं सरीरयं ववगय-चुय-चाविय-चत्तदेहं जीवविप्पजढं सेज्जागयं वा सन्थारगयं वा निसीहिआगयं वा सिद्धसिलातलगयं वा पासित्ताणं कोइ वएज्जा- अहो! णं इमेणं सरीरसमुस्सएणं जिनदिट्ठेणं भावेणं आवस्सए त्ति पयं आघवियं पन्नवियं परूवियं दंसियं निदंसियं उवदंसियं, जहा को दिट्ठन्तो? अयं महुकुम्भे आसी अयं घयकुम्भे आसी, से तं जाणगसरीरदव्वावस्सयं."
83,
84,
85,
86,---------------------------------------------------------------------
87,"से किं तं भवियसरीरदव्वावस्सयं? भवियसरीरदव्वावस्सयं — जे जीवे जोणिजम्मण-निक्खन्ते इमेणं चेव आत्तएणं सरीरसमुस्सएणं जिनोवदिट्ठेणं भावेणं आवस्सए त्ति पयं सेयकाले सिक्खिस्सइ न ताव सिक्खइ, जहा को दिट्ठन्तो? अयं महुकुम्भे भविस्सइ अयं घयकुम्भे भविस्सइ, से तं भवियसरीरदव्वावस्सयं."
88,
89,
90,
91,---------------------------------------------------------------------
92,से किं तं जाणगसरीर-भवियसरीर-वतिरित्तं दव्वावस्सयं? जाणगसरीर-भविय-सरीर-वतिरित्तं दव्वावस्सयं तिविहं पन्नत्तं तं जहा लोइयं कुप्पावयणियं लोगुत्तरियं.
93,
94,
95,
96,---------------------------------------------------------------------
97,"से किं तं लोइयं दव्वावस्सयं? लोइयं दव्वावस्सयं — जे इमे राईसर-तलवर-माडम्बिय-कोडुम्बिय-इब्भ-सेट्ठि-सेनावइ-सत्थवाहप्पभिइओ कल्लं पाउप्पभायाए रयणीए सुविमलाए फुल्लुप्पल-कमल-कोमलुंमिलियंमि अहापण्डुरे पभाए रत्तासोगप्पगासकिंसुय-सुयमुह-गुञ्जद्धराग-सरिसे कमलागर-नलिनिसण्डबोहए उट्ठियंमि सूरे सहस्सरस्सिंमि दिनयरे तेयसा जलन्ते मुहधोयण-दन्तपक्खालण-तेल्ल-फणिह-सिद्धत्थय-हरियालिय-अद्दाग-धूव-पुप्फ-मल्ल-गन्ध-तम्बोल-वत्थाइयाइं दव्वावस्सयाइं काउं, तओ पच्छा रायकुलं वा देवकुलं वा आरामं वा उज्जानं वा सभं वा पवं वा गच्छन्ति, से तं लोइयं दव्वावस्सयं."
98,
99,
100,
101,---------------------------------------------------------------------
102,"से किं तं कुप्पावयणियं दव्वावस्सयं? कुप्पावयणियं दव्वावस्सयं — जे इमे चरग-चीरिय-चम्मखण्डिय-भिक्खोण्ड-पण्डुरङ्ग-गोयम-गोव्वइय गिहिधम्म-धम्मचिन्तग-अविरुद्ध-विरुद्ध-वुड्ढसावगप्प-भिइओ पासण्डत्था कल्लं पाउप्पभायाए रयणीए जाव तेयसा जलन्ते इन्दस्स वा खन्दस्स वा रुद्दस्स वा सिवस्स वा वेसमणस्स वा देवस्स वा नागस्स वा जक्खस्स वा भूयस्स वा मुगुन्दस्स वा अज्जाए वा दुग्गाए वा कोट्टकिरियाए वा उवलेवण-संमज्जण-आवरिसण-धूव-पुप्फ-गन्ध-मल्लाइयाइं दव्वावस्साइं करॆन्ति, से तं कुप्पावयणियं दव्वावस्सयं."
103,
104,
105,
106,---------------------------------------------------------------------
107,"से किं तं लोगुत्तरियं दव्वावस्सयं? जे इमे समणगुणमुक्कजोगी छक्कायनिरनुकम्पा हया इव उद्दामा गया इव निरङ्कुसा घट्ठा मट्ठा तुप्पोट्ठा पण्डुरपाउरणा जिणाणं अणाणाए सच्छन्दं विहरिऊणं उभओकालं आवस्सयस्स उवट्ठन्ति, से तं लोगुत्तरियं दव्वावस्सयं, से तं जाणगसरीर-भवियसरीर-वतिरत्तं दव्वावस्सयं, से तं नोआगमओ दव्वावस्सयं, से तं दव्वावस्सयं."
108,
109,
110,
111,---------------------------------------------------------------------
112,से किं तं भावावस्सयं? भावावस्सयं दुविहं पन्नत्तं आगमओ य नोआगमओ य.
113,
114,
115,
116,---------------------------------------------------------------------
117,"से किं तं आगमओ भावावस्सयं? आगमओ भावावस्सयं — जाणए उवउत्ते, से त्तं आगमओ भावावस्सयं."
118,
119,
120,
121,---------------------------------------------------------------------
122,"से किं तं नोआगमओ भावावस्सयं? नो आगमओ भावावस्सयं? तिविहं पन्नत्तं, तं जहा — लोइयं कुप्पावयणियं लोगुत्तरियं."
123,
124,
125,
126,---------------------------------------------------------------------
127,"से किं तं लोइयं भावावस्सयं? लोइयं भावावस्सयं — पुव्वण्हे भारहं अवरण्हे रामायणं, से तं लोइयं भावावस्सयं."
128,
129,
130,
131,---------------------------------------------------------------------
132,"से किं तं कुप्पावयणियं भावावस्सयं? कुप्पावयणियं भावावस्सयं — जे इमं चरग-चीरिय जाव पासण्डत्था इज्जञ्जलि-होम-जप-उदुरुक्क-नमोक्कारमाइयाइं भावावस्सयाइं करॆन्ति, से तं कुप्पावयणियं भावावस्सयं."
133,
134,
135,
136,---------------------------------------------------------------------
137,"से किं तं लोगुत्तरियं भावावस्सयं? लोगुत्तरियं भावावस्सयं-जंणं इमं समणे वा समणी वा सावए वा साविया वा तच्चित्ते तम्मणे तल्लेसे तदज्झवसिए तत्तिव्वज्झवसाणे तदट्ठोवउत्ते तदप्पियकरणे तब्भावणाभाविए अन्नत्थ कत्थई मणं अकरेमाणे उभओ कालं आवस्सयं करॆन्ति, से तं लोगुत्तरियं भावावस्सयं, से तं नोआगमओ भावावस्सयं, से तं भावावस्सयं."
138,
139,
140,
141,---------------------------------------------------------------------
142,तस्स णं इमे एगट्ठिया नानाघोसा नानावञ्जणा नामधेज्जा भवन्ति.
143,
144,
145,
146,---------------------------------------------------------------------
147,आवस्सयं अवस्सकरणिज्जं धुवनिग्गहो विसोही य
148,अज्झयणछक्कवग्गो नाओ आराहणा मग्गो // अणुओग.३०
149,
150,
151,
152,---------------------------------------------------------------------
153,समणेण सावएण य अवस्सकायव्वं हवइ जम्हा
154,अन्तो अहोनिसस्स उ तम्हा आवस्सयं नाम // अणुओग.३१
155,
156,
157,
158,---------------------------------------------------------------------
159,से तं आवस्सयं.
160,
161,
162,
163,---------------------------------------------------------------------
164,से किं तं सुयं? सुयं चउव्विहं पन्नत्तं. नामसुयं ठवणासुयं दव्वसुयं भावसुयं.
165,
166,
167,
168,---------------------------------------------------------------------
169,"से किं तं नामसुयं? नामसुयं — जस्स णं जीवस्स वा अजीवस्स वा जीवाण वा अजीवाण वा तदुभयस्स वा तदुभयाण वा सुए त्ति नामं कज्जइ, से तं नामसुयं."
170,
171,
172,
173,---------------------------------------------------------------------
174,"से किं तं ठवणासुयं? ठवणासुयं — जंणं कट्ठकम्मे वा [चित्तकम्मे वा पोत्थकम्मे वा लेप्पकम्मे वा गन्थिमे वा वेढिमे वा पूरिमे वा सङ्घाइमे वा अक्खे वा वराडए वा एगो वा अनेगा वा सब्भाव-ठवणाए वा असब्भावठवणाए वा सुए त्ति] ठवणा ठविज्जइ, से तं ठवणासुयं. नाम-ट्ठवणाणं को पइविसेसो नामं आवकहियं ठवणा इत्तरिया वा होज्जा आवकहिया वा."
175,
176,
177,
178,---------------------------------------------------------------------
179,से किं तं दव्वसुयं? दव्वसुयं दुविहं पन्नत्तं. आगमओ य नोआगमओ य.
180,
181,
182,
183,---------------------------------------------------------------------
184,"से किं तं आगमओ दव्वसुयं? आगमओ दव्वसुयं — जस्स णं सुए त्ति पदं सिक्खियं ठियं जियं मियं परिजियं जाव नो अनुप्पेहाए, कम्हा? अनुवओगो दव्वमिति कट्टु, नेगमस्स एगो अनुवउत्तो आगमओ एगं दव्वसुयं जाव कम्हा? जइ जाणए अनुवउत्ते न भवइ, से तं आगमओ दव्वसुयं."
185,
186,
187,
188,---------------------------------------------------------------------
189,से किं तं नोआगमओ दव्वसुयं? नोआगमओ दव्वसुयं तिविहं पन्नत्तं तं जहा —जाणगसरीरदव्वसुयं भवियसरीरदव्वसुयं जाणगसरीर-भवियसरीर-वतिरित्तं दव्वसुयं.
190,
191,
192,
193,---------------------------------------------------------------------
194,से किं तं जाणगसरीरदव्वसुयं? जाणगसरीरदव्वसुयं — सुए त्ति पयत्थाहिगारजाण-गस्स जं सरीरयं ववगय-चुय-चाविय-चत्तदेहं तं चेव पुव्वभणियं भाणियव्वं जाव से तं जाणग-सरीरदव्वसुयं.
195,
196,
197,
198,---------------------------------------------------------------------
199,से किं तं भवियसरीरदव्वसुयं? भवियसरीरदव्वसुयं — जे जीवे जोणीजम्मणनिक्खन्ते जहा दव्वावस्सए तहा भाणियव्वं जाव से तं भविय-सरीरदव्वसुयं.
200,
201,
202,
203,---------------------------------------------------------------------
204,"से किं तं जाणगसरीर-भवियसरीर-वतिरित्तं दव्वसुयं? जाणगसरीर-भवियसरीर-वतिरित्तं दव्वसुयं-पत्तय-पोत्थय-लिहियं अहवा जाणयसरीर भवियसरीर वइरित्तं दव्वसुयं पञ्चविहं पन्नत्तं तं जहा —अण्डयं बोण्डयं कीडयं वालयं वागयं, से किं तं अण्डयं? अण्डयं-हंसगब्भाइ, से तं अण्डयं. से किं तं बोण्डयं? बोण्डयं-कप्पासमाइ, से तं बोण्डयं. से किं तं कीडयं? कीडयं पञ्चविहं पन्नत्तं तं जहा —पट्टे मलए अंसुए चीणंसुए किमिरागे, से तं कीडयं. से किं तं वालयं? वालयं पञ्चविहं पन्नत्तं तं जहा — उण्णिए उट्टिए मियलोमिए कुतवे किट्टिसे, से तं वालयं. से किं तं वागयं? वागयं-सणमाइ, से तं वागयं, से तं जाणगसरीरभवियसरीर-वतिरित्तं दव्वसुयं. से तं नोआगमओ दव्वसुयं, से तं दव्वसुयं."
205,
206,
207,
208,---------------------------------------------------------------------
209,से किं तं भावसुयं? दुविहं पन्नत्तं तञ्जहा- आगमओ य नोआगमओ य.
210,
211,
212,
213,---------------------------------------------------------------------
214,से किं तं आगमओ भावसुयं? आगमओ भावसुयं — जाणए उवउत्ते से तं आगमओ भावसुयं.
215,
216,
217,
218,---------------------------------------------------------------------
219,से किं तं नोआगमओ भावसुयं? नोआगमओ भावसुयं दुविहं पन्नत्तं तं जहा — लोइयं लोगुत्तरियं.
220,
221,
222,
223,---------------------------------------------------------------------
224,"से किं तं लोइयं नोआगमओ भावसुयं? [तं]- जं इमं अन्नाणिएहिं मिच्छा-दिट्ठीहिं सच्छन्द-बुद्धि-मइ-विगप्पियं, तं जहा — भारहं रामायणं भीमासुरुत्तं कोडिल्लयं घोडयमुहं सगडभद्दि-याओ कप्पासियं नागसुहुमं कनगसत्तरी वेसियं वइसेसियं बुद्धवयणं काविलं लोगायतं सट्ठितन्तं माढरं पुराणं वागरणं नाडगादि अहवा बावत्तरिकलाओ चत्तारि वेया सङ्गोवङ्गा, से तं लोइयं नोआगमतो भावसुयं."
225,
226,
227,
228,---------------------------------------------------------------------
229,"से किं लोगुत्तरियं नोआगमतो भावसुयं? लोगुत्तरियं नोआगमतो भावसुयं जं इमं अरहन्तेहिं भगवन्तेहिं उप्पन्ननाणदंसणधरेहिं तीय-पडुप्पन्नमनागयजाणएहिं सव्वन्नूहिं सव्वदरिसीहिं तेलोक्क-वहिय-महिय-पूइएहिं अप्पडिहयवरनाणदंसणधरेहिं पणीयं दुवालसङ्गं गणिपिडगं, तं जहा — आयारो सूयगडो ठाणं समवाओ विवाहपन्नत्ती नायाधम्मकहाओ उवासगदसाओ अन्तगडदसाओ अनुत्तरोववाइयदसाओ पण्हावागरणाइं विवागसुयं दिट्ठिवाओ य, से तं लोगुत्तरियं नोआगमतो भावसुयं, से तं नोआगमओ भावसुयं, से तं भावुसयं."
230,
231,
232,
233,---------------------------------------------------------------------
234,तस्स णं इमे एगट्ठिया नानाधोसा नानावञ्जणा नामधेज्जा भवन्ति.
235,
236,
237,
238,---------------------------------------------------------------------
239,सुय सुत्त गन्थ सिद्धन्त सासणे आण वयण उवएसे
240,पन्नवण आगमे'विय एगट्ठा पज्जवा सुत्ते // अणुओग.४८
241,
242,
243,
244,---------------------------------------------------------------------
245,से तं सुयं.
246,
247,
248,
249,---------------------------------------------------------------------
250,से किं तं खन्धे? खन्धे चउव्विहे पन्नत्ते नामखन्धे ठवणाखन्धे दव्वखन्धे भावखन्धे.
251,
252,
253,
254,---------------------------------------------------------------------
255,से किं तं नामखन्धे? नामखन्धे नामट्ठवणाओ पुव्वभणियाणुक्कमेण भाणिअव्वाओ.
256,
257,
258,
259,---------------------------------------------------------------------
260,"से किं तं दव्वखन्धे? दव्वखन्धे दुविहे पन्नत्ते तं जहा —आगमओ य नोआगमओ य, से किं तं आगमओ दव्वखन्धे? आगमओ दव्वखन्धे- जस्स णं खन्धे त्ति पदं सिक्खियं सेसं जहा दव्वा-वस्सए तहा भाणियव्वं, नवरं खन्धाभिलाओ जाव से किं तं जाणगसरीर-भवियसरीर-वतिरित्ते दव्वखन्धे? जाणगसरीर-भविय-सरीर-वतिरित्ते दव्वखन्धे तिविहे पन्नत्ते तं जहा — सचित्ते अचित्ते मीसए."
261,
262,
263,
264,---------------------------------------------------------------------
265,"से किं तं सचित्ते दव्वखन्धे? सचित्ते दव्वखन्धे अनेगविहे पन्नत्ते तं जहा — हयखन्धे गयखन्धे किन्नरखन्धे किम्पुरिसखन्धे महोरगखन्धे गन्धव्वखन्धे उसभखन्धे, से तं सचित्ते दव्वखन्धे."
266,
267,
268,
269,---------------------------------------------------------------------
270,"से किं तं अचित्ते दव्वखन्धे? अचित्ते दव्वखन्धे अनेगविहे पन्नत्ते तं जहा — दुपएसिए खन्धे तिपएसिए खन्धे जाव दसपएसिए खन्धे सङ्खेज्जपएसिए खन्धे असङ्खेज्जपएसिए खन्धे अनन्तपएसिए खन्धे, से तं अचित्ते दव्वखन्धे."
271,
272,
273,
274,---------------------------------------------------------------------
275,"से किं तं मीसए दव्वखन्धे? मीसए दव्वखन्धे अनेगविहे पन्नत्ते तं जहा — सेनाए अग्गिमे खन्धे, सेनाए मज्झिमे खन्धे, सेनाए पच्छिमे खन्धे, से तं मीसए दव्वखन्धे."
276,
277,
278,
279,---------------------------------------------------------------------
280,अहवा जाणगसरीर-भवियसरीर-वत्तिरित्ते दव्वखन्धे तिविहे पन्नत्ते तं जहा — कसिणखन्धे अकसिणखन्धे अनेगदवियखन्धे.
281,
282,
283,
284,---------------------------------------------------------------------
285,"से किं तं कसिणखन्धे? कसिणखन्धे- से चेव हयखन्धे गयखन्धे [किन्नरखन्धे किम्पुरिसखन्धे महोरगखन्धे] गन्धव्वखन्धे उसभखन्धे, से तं कसिणखन्धे."
286,
287,
288,
289,---------------------------------------------------------------------
290,"से किं तं अकसिणखन्धे? अकसिणखन्धे- से चेव दुपएसिए खन्धे [तिपएसिए खन्धे जाव दसपएसिए खन्धे सङ्खेज्जपएसिए खन्धे असङ्खेज्जपएसिए खन्धे] अनन्तपएसिए खन्धे, से तं अकसिणखन्धे."
291,
292,
293,
294,---------------------------------------------------------------------
295,"से किं तं अनेगदवियखन्धे, तस्स चेव देसे अवचिए तस्सेव देसे उवचिए, से तं अनेगदवियखन्धे, से तं जाणगसरीर-भवियसरीर-वत्तिरित्ते दव्वखन्धे, से तं नोआगमओ दव्वखन्धे, से तं दव्वखन्धे."
296,
297,
298,
299,---------------------------------------------------------------------
300,से किं तं भावखन्धे? भावखन्धे दुविहे पन्नत्ते० आगमओ य नोआगमओ य.
301,
302,
303,
304,---------------------------------------------------------------------
305,"से किं तं आगमओ भावखन्धे? आगमओ भावखन्धे जाणए उवउत्ते, से तं आगमओ भावखन्धे."
306,
307,
308,
309,---------------------------------------------------------------------
310,"से किं तं नोआगमओ भावखन्धे? नोआगमओ भावखन्धे- एएसिं चेव सामाइय-माइ-याणं छण्हं अज्झयणाणं समुदय-समिति-समागमेणं निप्फन्ने आवस्सयसुयखन्धे भावखन्धे त्ति लब्भइ, से तं नोआगमओ भावखन्धे, से त्तं भावखन्धे."
311,
312,
313,
314,---------------------------------------------------------------------
315,"तस्स णं इमे एगट्ठिया नानाघोसा नानावञ्जणा नामधेज्जा भवन्ति, तं जहा —"
316,
317,
318,
319,---------------------------------------------------------------------
320,गण काए य निकाए खन्धे वग्गे तहेव रासी य
321,पुञ्जे पिण्डे निगरे सङ्घाए आउल समूहे // अणुओग.६४
322,
323,
324,
325,---------------------------------------------------------------------
326,से तं खन्धे.
327,
328,
329,
330,---------------------------------------------------------------------
331,आवस्सयस्स णं इमे अत्थाहिगारा भवन्ति तं जहा :-. 
332,
333,
334,
335,---------------------------------------------------------------------
336,सावज्जजोगविरई उक्कित्तण गुणवओ य पडिवत्ती
337,खलियस्स निन्दणा वणतिगिच्छ गुणधारणा चेव // अणुओग.६७
338,
339,
340,
341,---------------------------------------------------------------------
342,आवस्सयस्स एसो पिण्डत्थो वण्णिओ समासेणं
343,एतो एक्केक्कं पुण अज्झयणं कित्तइस्सामि // अणुओग.६८
344,
345,
346,
347,---------------------------------------------------------------------
348,"तं जहा — सामाइयं चउवीसत्थओ वन्दणयं पडिक्कमणं काउस्सग्गो पच्चक्खाणं. तत्थ पढमं अज्झयणं सामाइयं, तस्स णं इमे चत्तारि अनुओगदारा भवन्ति, तं जहा — उवक्कमे निक्खेवे अनुगमे नए."
349,
350,
351,
352,---------------------------------------------------------------------
353,से किं तं उवक्कमे? उवक्कमे छव्विहे पन्नत्ते तं जहा — नामोवक्कमे ठवणोवक्कमे दव्वोवक्कमे खेत्तोवक्कमे कालोवक्कमे भावोवक्कमे. से नामट्ठवणाओ गयाओ. से किं तं दव्वोवक्कमे? [तं] दुविहे पन्नत्ते तं जहा — आगमओ य नोआगओ य जाव जाणग-सरीर-भविय-सरीर-वतिरित्ते दव्वोवक्कमे तिविहे पन्नत्ते तं जहा —सचित्ते अचित्ते मीसए.
354,
355,
356,
357,---------------------------------------------------------------------
358,"से किं तं सचित्ते दव्वोवक्कमे? सचित्ते दव्वोवक्कमे तिविहे पन्नत्ते, तं जहा — दुपयाणं चउप्पयाणं अपयाणं, एक्किक्के पुण दुविहे पन्नत्ते तं जहा — परिकम्मे य वत्थुविनासे य."
359,
360,
361,
362,---------------------------------------------------------------------
363,से किं तं दुपयउवक्कमे? दुपयउवक्कमे- दुपयाणं नडाणं नट्टाणं जल्लाणं मल्लाणं मुट्ठियाणं वेलम्बगाणं कहगाणं पवगाणं लासगाणं आइक्खगाणं लङ्खाणं मङ्खाणं तूणइल्लाणं तुम्बवीणियाणं कावोयाणं मागहाणं से तं दुपयउवक्कमे.
364,
365,
366,
367,---------------------------------------------------------------------
368,"से किं तं चउप्पयउवक्कमे? चउप्पयउवक्कमे- चउप्पयाणं आसाणं हत्थीणं इच्चाइ, से तं चउप्पयउवक्कमे."
369,
370,
371,
372,---------------------------------------------------------------------
373,"से किं तं अपयउवक्कमे? अपयउवक्कमे अपयाणं अम्बाणं अम्बाडगाणं इच्चाइ, से तं अपयउवक्कमे, से तं सच्चित्ते दव्वोवकम्मे."
374,
375,
376,
377,---------------------------------------------------------------------
378,"से किं तं अचित्ते दव्वोवक्कमे? अचित्ते दव्वोवक्कमे खण्डाईणं गुडाईणं मच्छण्डीणं, से तं अचित्ते दव्वोवक्कमे."
379,
380,
381,
382,---------------------------------------------------------------------
383,"से किं तं मीसए दव्वोवक्कमे? मीसए दव्वोवक्कमे- से चेव थासगआयंसगाइमण्डिए आसाई, से तं मीसए दव्वोवक्कमे, से तं जाणगसरीर-भवियसरीर-वतिरित्ते दव्वोवक्कमे, से तं नोआगमओ दव्वोवक्कमे, से तं दव्वोवक्कमे."
384,
385,
386,
387,---------------------------------------------------------------------
388,"से किं तं खेत्तोवक्कमे? खेत्तोवक्कमे- जंणं हलकुलियाईहिं खेत्ताइं उवक्कमिज्जन्ति (इच्चाइ), से तं खेत्तोवक्कमे."
389,
390,
391,
392,---------------------------------------------------------------------
393,"से किं तं कालोवक्कमे? कालोवक्कमे- जंणं नालियाईहिं कालस्सोवक्कमणं कीरइ, से तं कालोवक्कमे."
394,
395,
396,
397,---------------------------------------------------------------------
398,"से किं तं भावोवक्कमे? भावोवक्कमे दुविहे पन्नत्ते तं जहा — आगमओ य नोआगमओ य. से किं तं आगमओ भावोवक्कमे? आगमओ भावोवक्कमे जाणए उवउत्ते, से तं आगमओ भावोवक्कमे. से किं तं नोआगमओ भावोवक्कमे? नोआगमओ भावोवक्कमे दुविहे पन्नत्ते तं जहा —पसत्थे य अपसत्थे य. से किं तं अपसत्थे भावोवक्कमे? डोडिणि-गणिया अमच्चाईणं, से तं अपसत्थे भावोवक्कमे. से किं तं पसत्थे भावोवक्कमे? पसत्थे भावोवक्कमे- गुरुमाईणं, से तं पसत्थे भावोवक्कमे. से तं नोआगमओ भावोवक्कमे, से तं भावोवक्कमे से तं उवक्कमे."
399,
400,
401,
402,---------------------------------------------------------------------
403,अहवा उवक्कमे छव्विहे पन्नत्ते तं जहा — आनुपुव्वी नामं पमाणं वत्तव्वया अत्थाहिगारे समोयारे.
404,
405,
406,
407,---------------------------------------------------------------------
408,से किं तं आनुपुव्वी? आनुपुव्वी दसविहा पन्नत्ता तं जहा — नामाणुपुव्वी ठवणाणुपुव्वी दव्वाणुपुव्वी खेत्ताणुपुव्वी कालाणुपुव्वी उक्कित्तणाणुपुव्वी गणणाणुपुव्वी सण्ठाणाणुपुव्वी सामायारियाणुपुव्वी भावाणुपुव्वी.
409,
410,
411,
412,---------------------------------------------------------------------
413,से किं तं नामाणुपुव्वी? नाम ठवणाओ गयाओ.
414,
415,से किं तं दव्वाणुपुव्वी? दव्वाणुपुव्वी दुविहा पन्नत्ता तं जहा — आगमओ य नोआगमओ य.
416,
417,"से किं तं आगमओ दव्वाणुपुव्वी? आगमओ दव्वाणुपुव्वी जस्स णं आणुपुव्वित्ति पयं सिक्खियं ठियं नियं मियं परिजियं जाव नो अणुप्पेहाए; कम्हा? अनुवओगो दव्वं इति कट्टु. नेगमस्स णं एगो अनुवउत्तो आगमओ एगा दव्वा० जाव कम्हा? जइ जाणए अनुवउत्ते न भवइ० से तं आगमओ दव्वाणुपुव्वी. से किं तं नो आगमओ दव्वाणुप्व्वी? तं तिविहा पन्नत्ता, तं जहा – जाणयसरीर० भवियसरीर० जाणयसरीर भवियसरीर वइरित्ता दव्वाणुपुव्वी. से किं तं जाणयसरीर दव्वाणुपुव्वी? तं पयत्थाहिगार-जाणयस्स जं सरीरयं ववगय-चुय-चाविय चत्त देहं सेसं जहा दव्वावस्सए तहा भाणियव्वं जाव से तं जाणयसरीर-दव्वाणुपुव्वी."
418,
419,से किं तं भविय-सरीर दव्वाणुपुव्वी? तं – जे जीवे जोणी जम्मणनिक्खन्ते सेसं जहा दव्वावस्सए जाव से तं भवियसरीर दव्वाणुपुव्वी.
420,
421,"से किं तं जाणगसरीर-भवियसरीर-वतिरित्ता दव्वाणुपुव्वी? जाणगसरीर-भवियसरीर-वतिरित्ता दव्वाणुपुव्वी दुविहा पन्नत्ता तं जहा —ओवणिहिया य अनोवणिहिया य, तत्थ णं जा सा ओवणिहिया सा ठप्पा, तत्थ णं जा सा अनोवणिहिया सा दुविहा पन्नत्ता तं जहा — नेगमववहाराणं सङ्गहस्स य."
422,
423,
424,
425,---------------------------------------------------------------------
426,से किं तं नेगम-ववहाराणं अणोवणिहिया दव्वाणुपुव्वी? नेगम-ववहाराणं अणोवणिहिया दव्वाणुपुव्वी पञ्चविहा पन्नत्ता तं जहा —अट्ठपयपरूवणया भङ्गसमुक्कित्तणया भङ्गोवदंसणया समोयारे अनुगमे.
427,
428,
429,
430,---------------------------------------------------------------------
431,"से किं तं नेगम-ववहाराणं अट्ठपयपरूवणया? नेगम-ववहाराणं अट्ठपयपरूवणया-तिपएसिए आणुपुव्वी चउपएसिए आणुपुव्वी जाव दसपएसिए आणुपुव्वी सङ्खेज्जपएसिए आणुपुव्वी असङ्खेज्जपएसिए आणुपुव्वी अनन्तपएसिए आणुपुव्वी, परमाणुपोग्गले अणाणुपुव्वी, दुपएसिए अवत्तव्वए, तिपएसिया आणुपुव्वीओ जाव अनन्तपएसिया आणुपुव्वीओ, परमाणुपोग्गला अणाणुपुव्वीओ, दुपएसिया अवत्तव्वयाइं, से तं नेगमववहाराणं अट्ठपयपरूवणया."
432,
433,
434,
435,---------------------------------------------------------------------
436,एयाए णं नेगम-ववहाराणं अट्ठपयपरूवणयाए किं पओयणं? एयाए णं नेगम-ववहाराणं अट्ठपयपरूवणयाए भङ्गसमुक्कित्तणया कज्जइ.
437,
438,
439,
440,---------------------------------------------------------------------
441,"से किं तं नेगम-ववहाराणं भङ्गसमुक्कित्तणया? नेगम-ववहाराणं भङ्गस-मुक्कित्तणया-अत्थि आणुपुव्वी अत्थि अणाणुपुव्वी अत्थि अवत्तव्वए, अत्थि आणुपुव्वीओ अत्थि अणाणु-पुव्वीओ अत्थि अवत्तव्वयाइं, अहवा अत्थि आणुपुव्वी य अणाणुपुव्वी य, अहवा अत्थि आणुपुव्वी य अणाणुपुव्वीओ य, अहवा अत्थि आणुपुव्वीओ य अणाणुपुव्वी य, अहवा अत्थि आणुपुव्वीओ य अणाणुपुव्वीओ य, अहवा अत्थि आणुपुव्वी य अवत्तव्वए य, अहवा अत्थि आणुपुव्वी य अवत्तव्वयाइं य, अहवा अत्थि आणुपुव्वीओ य अवत्तव्वए य, अहवा अत्थि आणुपुव्वीओ य अवत्तव्वयाइं य, अहवा अत्थि अणाणुपुव्वी य अवत्तव्वए य, अहवा अत्थि अणाणुपुव्वी य अवत्तव्वयाइं य, अहवा अत्थि अणाणुपुव्वीओ य अवत्तव्वए य च, अहवा अत्थि आणुपुव्वी य अणाणुपुव्वी य अवत्तव्वए य, अहवा अत्थि आणुपुव्वी य अणाणुपुव्वी य अवत्तव्वयाइं च, अहवा अत्थि आणुपुव्वी य अणाणुपुव्वीओ य अवत्तव्वए य, अहवा अत्थि अणाणुपुव्वीओ य अवत्तव्वयाइं च, अहवा अत्थि आणुपुव्वी य अणाणुपुव्वीओ य अवत्तव्वए य, अहवा अत्थि आणुपुव्वीओ य अणाणुपुव्वी य अवत्तव्वए य, अहवा अत्थि आणुपुव्वी य अणाणुपुव्वीओ य अवत्तव्वयाइं च अहवा अत्थि आणुपुव्वीओ य अणाणुपुव्वी य अवत्तव्वयाइं च, अहवा अत्थि आणुपुव्वीओ य अणाणुपुव्वीओ य अवत्तव्वए य, अहवा अत्थि आणुपुव्वीओ य अणाणुपुव्वीओ य अवत्तव्वयाइं च."
442,
443,"एए अट्ठ भङ्गा, एवं सव्वे वि छव्वीसं भङ्गा, से तं नेगम-ववहाराणं भङ्गसमुक्कित्तणया."
444,
445,
446,
447,---------------------------------------------------------------------
448,एयाए णं नेगम-ववहाराणं भङ्गसमुक्कित्तणायए किं पओयणं? एयाए णं नेगम ववहाराणं भङ्गसमुक्कित्तणयाए भङ्गोवदंसणया कीरइ.
449,
450,
451,
452,---------------------------------------------------------------------
453,"से किं तं नेगम-ववहाराणं भङ्गोवदंसणया? नेगम-ववहाराणं भङ्गोवदंसणया (१) तिपएसिए आणुपुव्वी परमाणुपोग्गले अणाणुपुव्वी दुपएसिए अवत्तव्वए, अहवा (२) तिपएसिया आणुपुव्वीओ परमाणुपोग्गला-अणाणुपुव्वीओ दुपएसिया अवत्तव्वयाइं अहवा (३) तिपएसिए य परमाणुपोग्गले य आणुपुव्वी य अणाणुपुव्वी य चउभङ्गो, अहवा (४) तिपएसिए य दुपएसिए य आणुपुव्वी य अवत्तव्वए य० चउभङ्गो, अहवा (५) परमाणु पोग्गले य दुपएसिए य अणाणुपुव्वी य अवत्तव्वए य चउभङ्गो, अहवा (६) अहवा तिपएसिए य परमाणुपोग्गले य दुपएसिए आणुपुव्वी य अणाणुपुव्वी य अवत्तव्वए य अहवा (७) तिपएसिए य परमाणुपोग्गल य दुपएसिया य आणुपुव्वी य अणाणुपुव्वी य अवत्तव्वयाइं य अहवा (८) तिपएसिए य परमाणुपुग्गला य दुपएसिए य आणुपुव्वी य अनानुपुव्वीओ य अवत्तव्वए य, अहवा (९) तिपएसिए य परमाणु पोग्गला य दुपएसिया य आणुपुव्वी य अणाणुपुव्वीओ य अवत्तव्वाइं च अहवा (१०) तिपएसिया य परमाणुपोग्गले य दुपएसिए य आणुपुव्वीओ य अणाणुपुव्वी य अवत्तव्वए य अहवा (११) तिपएसिया य परमाणु पोग्गले य दुपएसिया य आणुपुव्वीओ य अणाणुपुव्वी अवत्तव्वयाइं च अहवा (१२) तिपएसिया य परमाणुपोग्गला य दुपएसिए य आणुपुव्वीओ य अणाणुपुव्वी य अवत्तव्वए य अहवा (१३) तिपएसिया य परमाणुपोग्गला य दुपएसिया य आणुपुव्वीओ य अणाणुपुव्वीओ य अवत्तव्वयाइं च. से तं नेगम-ववहाराणं भङ्गोवदंसणया."
454,
455,
456,
457,---------------------------------------------------------------------
458,"से किं तं समोयारे?, नेगम-ववहाराणं आणुपुव्विदव्वाइं कहिं समोयरन्त- किं आणुपुव्विदव्वेहिं समोयरन्ति अणाणुपुव्विदव्वेहिं समोयरन्ति अवत्तव्वयदव्वेहिं समोयरन्ति? नेगम-ववहाराणं आणुपुव्विदव्वाइं आणुपुव्विदव्वेहिं समोयरन्ति नो अणाणुपुव्वि दव्वेहिं समोयरन्ति नो अवत्तव्वयदव्वेहिं समोयरन्ति."
459,
460,नेगम-ववहाराणं अणाणुपुव्वि दव्वाइं कहिं समोयरन्ति- किं आणुपुव्विदव्वेहिं समोयरन्ति अणाणुपुव्विदव्वेहिं समोयरन्ति अवत्तव्वयदव्वेहिं समोयरन्ति? नेगमववहाराणं अणाणुपुव्विदव्वाइं नो आणुपुव्विदव्वेहिं समोयरन्ति अणाणुपुव्विदव्वेहिं समोयरन्ति नो अवत्तव्वयदव्वेहिं समोयरन्ति.
461,
462,"नेगम-ववहाराणं अवत्तव्वयदव्वाइं कहिं समोयरन्ति- किं आणुपुव्वि दव्वेहिं समोयरन्ति अणाणुपुव्वि दव्वेहिं समोयरन्ति अवत्तव्वय दव्वेहिं समोयरन्ति? नेगमववहाराणं अवत्तव्वयदव्वाइं नो आणुपुव्विदव्वेहिं समोयरन्ति नो अणाणुपुव्विदव्वेहिं समोयरन्ति अवत्तव्वयदव्वेहिं समोयरन्ति, से तं समोयारे."
463,
464,
465,
466,---------------------------------------------------------------------
467,से किं तं अनुगमे? अनुगमे नवविहे पन्नत्ते तं जहा :-. 
468,
469,
470,
471,---------------------------------------------------------------------
472,सन्तपयपरूवणया दव्वपमाणं च खेत्त फुसणा य
473,कालो य अन्तरं भाग भाव अप्पाबहुं चेव // अणुओग.९१
474,
475,
476,
477,---------------------------------------------------------------------
478,"नेगम-ववहाराणं आणुपुव्विदव्वाइं किं अत्थि नत्थि?, नियमा अत्थि, नेगम-ववहाराणं अणाणुपुव्विदव्वाइं किं अत्थि नत्थि? नियमा अत्थि, नेगम-ववहाराणं अवत्तव्वयदव्वाइं किं अत्थि नत्थि? नियमा अत्थि."
479,
480,
481,
482,---------------------------------------------------------------------
483,"नेगम-ववहाराणं आणुपुव्विदव्वाइं किं सङ्खेज्जाइं असङ्खेज्जाइं अनन्ताइं? नो सङ्खेज्जाइं नो असङ्खेज्जाइं अनन्ताइं, एवं अणाणुपुव्विदव्वाइं अवत्तव्वगदव्वाइं च अनन्ताइं भाणियव्वाइं."
484,
485,
486,
487,---------------------------------------------------------------------
488,"नेगम-ववहाराणं आणुपुव्विदव्वाइं लोगस्स कति भागे होज्जा- किं सङ्खेज्जइभागे होज्जा असङ्खेज्जइभागे होज्जा सङ्खेज्जेसु भागेसु होज्जा असङ्खेज्जेसु भागेसु होज्जा सव्वलोए होज्जा? एगदव्वं पडुच्च लोगस्स सङ्खेज्जइभागे वा होज्जा असङ्खेज्जइभागे वा होज्जा सङ्खेज्जेसु भागेसु वा होज्जा असङ्खेज्जेसु भागेसु वा होज्जा सव्वलोए वा होज्जा, नानादव्वाइं पडुच्च नियमा सव्वलोए होज्जा."
489,
490,"नेगम-ववहाराणं अणाणुपुव्विदव्वाइं लोगस्स कति भागे होज्जा- किं सङ्खेज्जइभागे होज्जा जाव सव्वलोए होज्जा? एगदव्वं पडुच्च लोगस्स नो सङ्खेज्जइभागे होज्जा असङ्खेज्जइभागे होज्जा नो सङ्खेज्जेसु भागेसु होज्जा नो असङ्खेज्जेसु भागेसु होज्जा नो सव्वलोए होज्जा, नानादव्वाइं पडुच्च नियमा सव्वलोए होज्जा एवं अवत्तव्वगदव्वाणि भाणियव्वाइं."
491,
492,
493,
494,---------------------------------------------------------------------
495,"नेगम-ववहाराणं आणुपुव्विदव्वाइं लोगस्स कति भागं फुसन्ति-किं सङ्खेज्जइभागं फुसन्ति असङ्खेज्जइभागं फुसन्ति सङ्खेज्जे भागे फुसन्ति असङ्खेज्जे भागे फुसन्ति सव्वलोगं फुसन्ति? एगदव्वं पडुच्च लोगस्स सङ्खेज्जइभागं वा फुसन्ति असङ्खेज्जइभागं वा फुसन्ति सङ्खेज्जे भागे वा फुसन्ति असङ्खेज्जे भागे वा फुसन्ति सव्वलोगं वा फुसन्ति नानादव्वाइं पडुच्च नियमा सव्वलोगं फुसन्ति, नेगम-ववहाराणं अणाणुपुव्विदव्वाणं पुच्छा० एगदव्वं पडुच्च नो सङ्खेज्जइभागं फुसन्ति असङ्खेज्जइभागं फुसन्ति नो सङ्खेज्जे भागे फुसन्ति नो असङ्खेज्जे भागे फुसन्ति नो सव्वलोगं फुसन्ति, नानादव्वाइं पडुच्च नियमा सव्वलोगं फुसन्ति एवं अवत्तव्वदव्वाणि वि भाणियव्वाणि."
496,
497,
498,
499,---------------------------------------------------------------------
500,"नेगम-ववहाराणं आणुपुव्विदव्वाइं कालओ केवच्चिरं हॊन्ति? एगदव्वं पडुच्च जहन्नेणं एगं समयं उक्कोसेणं असङ्खेज्जं कालं, नानादव्वाइं पडुच्च नियमा सव्वद्धा, अणाणुपुव्विदव्वाइं अवत्तव्वगदव्वाइं च एवं चेव भाणियव्वाइं."
501,
502,
503,
504,---------------------------------------------------------------------
505,"नेगम-ववहाराणं आणुपुव्विदव्वाणं अन्तरं कालओ केवच्चिरं होइ? एगदव्वं पडुच्च जहन्नेणं एगं समयं उक्कोसेणं अनन्तं कालं, नानादव्वाइं पडुच्च नत्थि अन्तरं, नेगम-ववहाराणं अणाणुपुव्विदव्वाणं अन्तरं कालओ केवच्चिरं होइ? एगदव्वं पडुच्च जहन्नेणं एगं समयं उक्कोसेणं असङ्खेज्जं कालं, नानादव्वाइं पडुच्च नत्थि अन्तरं, नेगम ववहाराणं अवत्तव्वगदव्वाणं अन्तरं कालओ केवच्चिरं होइ? एगदव्वं पडुच्च जहन्नेणं एगं समयं उक्कोसेणं अनन्तं कालं, नानादव्वाइं पडुच्च नत्थि अन्तरं."
506,
507,
508,
509,---------------------------------------------------------------------
510,"नेगम-ववहाराणं आणुपुव्विदव्वाइं सेसदव्वाणं कइ भागे होज्जा- किं सङ्खेज्जइ भागे होज्जा असङ्खेज्जइभागे होज्जा सङ्खेज्जेसु भागेसु होज्जा असङ्खेज्जेसु भागेसु होज्जा? नो सङ्खेज्जइभागे होज्जा नो असङ्खेज्जइभागे होज्जा नो सङ्खेज्जेसु भागेसु होज्जा, नियमा असङ्खेज्जेसु भागेसु होज्जा, नेगम-ववहाराणं अणाणुपुव्विदव्वाइं सेसदव्वाणं कइ भागे होज्जा- किं सङ्खेज्जइभागे होज्जा जाव असङ्खेज्जेसु भागेसु होज्जा? नो सङ्खेज्जइभागे होज्जा असङ्खेज्जइभागे होज्जा नो सङ्खेज्जेसु भागेसु होज्जा नो असङ्खेज्जेसु भागेसु होज्जा, एवं अवत्तव्वगदव्वाणि वि भाणियव्वाणि."
511,
512,
513,
514,---------------------------------------------------------------------
515,"नेगम-ववहाराणं आणुपुव्विदव्वाइं कयरंमि भावे होज्जा- किं उदइए भावे होज्जा उवसमिए भावे होज्जा खइए भावे होज्जा खओवसमिए भावे होज्जा पारिणामिए भावे होज्जा सन्निवाइए भावे होज्जा? नियमा साइपारिणामिए भावे होज्जा, अणाणुपुव्वि दव्वाणि अवत्तव्वगदव्वाणि य एवं चेव भाणियव्वाणि."
516,
517,
518,
519,---------------------------------------------------------------------
520,"एएसि णं भन्ते! नेगम-ववहाराणं आणुपुव्विदव्वाणं अणाणुपुव्विदव्वाणं अवत्तव्वगदव्वाण य दव्वट्ठयाए पएसट्ठयाए दव्वट्ठ-पएसट्ठयाए कयरे कयरेहिन्तो अप्पा वा बहुया वा तुल्ला वा विसेसाहिया वा? गोयमा! सव्वत्थोवाइं नेगम-ववहाराणं अवत्तव्वगदव्वाइं दव्वट्ठयाए अणाणुपुव्विदव्वाइं दव्वट्ठयाए विसेसाहियाइं आणुपुव्विदव्वाइं दव्वट्ठयाए असङ्खेज्जगुणाइं, पएसट्ठयाए-सव्वत्थोवाइं नेगम-ववहाराणं अणाणुपुव्विदव्वाइं अपएसट्ठयाए अवत्तव्वगदव्वाइं पएसट्ठयाए विसेसाहियाइं आणुपुव्विदव्वाइं पएसट्ठयाए अनन्तगुणाइं दव्वट्ठ-पएसट्ठयाए-सव्वत्थोवाइं नेगम-ववहाराणं अवत्तव्वगदव्वाइं दव्वट्ठयाए अणाणुपुव्विदव्वाइं दव्वट्ठयाए अपएसट्ठयाए विसेसाहियाइं अवत्तव्वग दव्वाइं पएसट्ठयाए विसेसाहियाइं आणुपुव्विदव्वाइं दव्वट्ठयाए असङ्खेज्जगुणाइं ताइं चेव पएसट्ठयाए अनन्त-गुणाइं, से तं अनुगमे, से तं नेगम-ववहाराणं अनोवणिहिया दव्वाणुपुव्वी."
521,
522,
523,
524,---------------------------------------------------------------------
525,से किं तं सङ्गहस्स अनोवणिहिया दव्वाणुपुव्वी? सङ्गहस्स अनोवणिहिया दव्वाणु-पुव्वी पञ्चविहा पन्नत्ता तं जहा —अट्ठपयपरूवणया भङ्गसमुक्कित्तणया भङ्गोवदंसणया समोयारे अनुगमे.
526,
527,
528,
529,---------------------------------------------------------------------
530,"से किं तं सङ्गहस्स अट्ठपयपरूवणया? सङ्गहस्स अट्ठपयपरूवणया-तिपएसिया आणुपुव्वी चउपएसिया आणुपुव्वी जाव दसपएसिया आणुपुव्वी सङ्खेज्जपएसिया आणुपुव्वी असङ्खेज्ज-पएसिया आणुपुव्वी अनन्तपएसिया आणुपुव्वी परमाणुपोग्गला अणाणुपुव्वी दुपएसिया अवत्तव्वए, से तं सङ्गहस्स अट्ठपयपरूवणया."
531,
532,
533,
534,---------------------------------------------------------------------
535,"एयाए णं सङ्गहस्स अट्ठपयपरूवणयाए किं पओयणं? एयाए णं सङ्गहस्स अट्ठपयपरूवणयाए भङ्गसमुक्कित्तणया कीरइ, से किं तं सङ्गहस्स भङ्गसमुक्कित्तणया? सङ्गहस्स भङ्गस-मुक्कित्तणया- अत्थि आणुपुव्वी अत्थि अणाणुपुव्वी अत्थि अवत्तव्वए, अहवा अत्थि आणुपुव्वी य अणाणुपुव्वी य, अहवा अत्थि आणुपुव्वी य, अवत्तव्वए य अहवा अत्थि अणाणुपुव्वी य अवत्तव्वए य, अहवा अत्थि आणुपुव्वी य अणाणुपुव्वी य अवत्तव्वए य एवं एए सत्तं भङ्गा, से तं सङ्गहस्स भङ्गसमुक्कित्तणया, एयाए णं सङ्गहस्स भङ्गसमुक्कित्तणयाए किं पओयणं? एयाए णं सङ्गहस्स भङ्गसमुक्कित्तणयाए भङ्गोवन्दसणया कीरइ."
536,
537,
538,
539,---------------------------------------------------------------------
540,"से किं तं सङ्गहस्स भङ्गोवदंसणया? सङ्गहस्स भङ्गोवदंसणया- तिपएसिया आणुपुव्वी परमाणुपोग्गला अणाणुपुव्वी दुपएसिया अवत्तव्वए, अहवा तिपएसिया य परमाणुपोग्गला य आणुपुव्वी य अणाणुपुव्वी य अहवा तिपएसिया व दुपएसिया य आणुपुव्वी य अवत्तव्वए य अहवा परमाणुपोग्गला य दुपएसिया य अणाणुपुव्वी य अवत्तव्वए य अहवा तिपएसिया य परमाणुपोग्गला य दुपएसिया य आणुपुव्वी य अणाणुपुव्वी य अवत्तव्वए य, एवं एए सत्त भङ्गा, से तं सङ्गहस्स भङ्गोवदंसणया."
541,
542,
543,
544,---------------------------------------------------------------------
545,"से किं तं सङ्गहस्स समोयारे?, सङ्गहस्स आणुपुव्विदव्वाइं कहिं समोयरन्ति किं आणुपुव्विदव्वेहिं समोयरन्ति अणाणुपुव्विदव्वेहिं समोयरन्ति अवत्तव्वगदव्वेहिं समोयरन्ति?, सङ्गहस्स आणुपुव्विदव्वाइं आणुपुव्विदव्वेहिं समोयरन्ति नो अणाणुपुव्विदव्वेहिं समोयरन्ति नो अवत्तव्वगदव्वेहिं समोयरन्ति एवं दोन्नि वि सट्ठाणे सट्ठाणे समोयरन्ति, से तं समोयारे."
546,
547,
548,
549,---------------------------------------------------------------------
550,से किं तं अनुगमे? अनुगमे अट्ठविहे पन्नत्ते तं जहा :-. 
551,
552,
553,
554,---------------------------------------------------------------------
555,सन्तपयपरूवणया दव्वपमाणं च खेत्त फुसणा य
556,कालो य अन्तरं भाग भावे अप्पाबहुं नत्थि // अणुओग.१०७
557,
558,
559,
560,---------------------------------------------------------------------
561,"सङ्गहस्स आणुपुव्विदव्वाइं किं अत्थि नत्थि? नियमा अत्थि, एवं दोन्नि वि, सङ्गहस्स आणुपुव्विदव्वाइं किं सङ्खेज्जाइं असङ्खेज्जाइं अनन्ताइं? नो सङ्खेज्जाइं नो असङ्खेज्जाइं नो अनन्ताइं, नियमा एगो रासी, एवं दोन्नि वि, सङ्गहस्स आणुपुव्विदव्वाइं लोगस्स कति भागे होज्जा- किं सङ्खेज्जइभागे होज्जा असङ्खेज्जइभागे होज्जा सङ्खेज्जेसु भागेसु होज्जा असङ्खेज्जेसु भागेसु होज्जा सव्वलोए होज्जा? नो सङ्खेज्जइभागे होज्जा नो असङ्खेज्जइभागो होज्जा नो सङ्खेज्जेसु भागेसु होज्जा नो असङ्खेज्जेसु भागेसु होज्जा नियमा सव्वलोए होज्जा, एवं दोन्नि वि, सङ्गहस्स आणुपुव्विदव्वाइं लोगस्स कत्ति भागं फुसन्ति- किं सङ्खेज्जइभागं फुसन्ति जाव सव्वलोगं फुसन्ति? नो सङ्खेज्जइभागं फुसन्ति नो असङ्खेज्जइभागं फुसन्ति नो सङ्खेज्जे भागे फुसन्ति नो असङ्खेज्जे भागे फुसन्ति नियमा सव्वलोगं फुसन्ति, एवं दोन्नि वि."
562,
563,"सङ्गहस्स आणुपुव्विदव्वाइं कालओ केवच्चिरं हॊन्ति?, सव्वद्धा, एवं दोन्नि वि, सङ्गहस्स आणुपुव्विदव्वाणं अन्तरं कालओ केवच्चिरं अन्तरं होइ?, नत्थि अन्तरं, एवं दोन्नि वि, सङ्गहस्स आणुपुव्विदव्वाइं सेसदव्वाणं कइ भागे होज्जा- किं सङ्खेज्जइभागे होज्जा जाव असङ्खेज्जेसु भागेसु होज्जा ?, नो सङ्खेज्जइभागे होज्जा, नो असङ्खेज्जइभागे होज्जा, नो सङ्खेज्जेसु भागेसु होज्जा नो असङ्खेज्जेसु भागेसु होज्जा, नियमा तिभागे होज्जा, एवं दोन्नि वि, सङ्गहस्स आणुपुव्विदव्वाइं कयरंमि भावे होज्जा?, नियमा साइपारिणामिए भावे होज्जा, एवं दोन्नि वि, अप्पाबहुं नत्थि. से तं अनुगमे, से तं सङ्गहस्स अणोवणिहिया दव्वाणुपुव्वी, से तं अणोवणिहिया दव्वाणुपुव्वी."
564,
565,
566,
567,---------------------------------------------------------------------
568,"से किं तं ओवणिहिया दव्वाणुपुव्वी? ओवणिहिया दव्वाणुपुव्वी तिविहा पन्नत्ता, तं जहा — पुव्वाणुपुव्वी पच्छाणुपुव्वी अणाणुपुव्वी."
569,
570,
571,
572,---------------------------------------------------------------------
573,"से किं तं पुव्वाणुपुव्वी?, पुव्वाणुपुव्वी- धम्मत्थिकाए अधम्मत्थिकाए आगा-सत्थिकाए जीवत्थिकाए पोग्गलत्थिकाए अद्धासमए, से तं पुव्वाणुपुव्वी. से किं तं पच्छाणुपुव्वी? पच्छाणुपुव्वी- अद्धासमए जाव धम्मत्थिकाए, से तं पच्छाणुपुव्वी. से किं तं अणाणुपुव्वी? अणाणुपुव्वी- एयाए चेव एगाइयाए एगुत्तरियाए छगच्छगयाए सेढीए अन्नमन्नब्भासो दुरूवूणो, से तं अणाणुपुव्वी."
574,
575,
576,
577,---------------------------------------------------------------------
578,"अहवा ओवणिहिया दव्वाणुपुव्वी तिविहा पन्नत्ता तं जहा पुव्वाणुपुव्वी पच्छाणुपुव्वी अणाणुपुव्वी, से किं तं पुव्वाणुपुव्वी?, पुव्वाणुपुव्वी- परमाणुपोग्गले दुपएसिए तिपएसिए जाव दसपएसिए सङ्खेज्जपएसिए असङ्खेज्जपएसिए अनन्तपएसिए, से तं पुव्वाणुपुव्वी. से किं तं पच्छाणुपुव्वी?, अनन्तपएसिए जाव दुपएसिए परमाणुपोग्गले, से तं पच्छाणुपुव्वी. से किं तं अणाणुपुव्वी?, एयाए चेव एगाइयाए अएगुत्तरियाए अनन्तगच्छगयाए सेढीए अन्नमन्नब्भासो दुरूवणो, से तं अणाणुपूव्वी, से तं ओवणिहिया दव्वाणुपुव्वी, से तं जाणगसरीर-भवियसरीर-वतिरित्ता दव्वाणुपुव्वी, से तं नोआगमओ दव्वाणुपुव्वी, से तं दव्वाणुपुव्वी."
579,
580,
581,
582,---------------------------------------------------------------------
583,"से किं तं खेत्ताणुपुव्वी?, खेत्ताणुपुव्वी दुविहा पन्नत्ता तं जहा —ओवणिहिया य अणोवहिणिया य."
584,
585,
586,
587,---------------------------------------------------------------------
588,"तत्थ णं जा सा ओवणिहिया सा ठप्पा, तत्थ णं जा सा अणोवणिहिया सा दुविहा पन्नत्ता तं जहा — नेगम-ववहाराणं सङ्गहस्स य."
589,
590,
591,
592,---------------------------------------------------------------------
593,"से किं तं नेगम-ववहाराणं अनोवणिहिया खेत्ताणुपुव्वी?, नेगम-ववहाराणं अणोव-णिहिया खेत्ताणुपुव्वी पञ्चविहा पन्नत्ता तं जहा — अट्ठपयपरूवणया भङ्गसमुक्कित्तणया भङ्गोवदंसणया समोयारे अनुगमे, से किं तं नेगम-ववहाराणं अट्ठपयपरूवणया? नेगम-ववहाराणं अट्ठपयपरूवणया-तिपएसागाढे आणुपुव्वी जाव दसपएसोगाढे आणुपुव्वी, सङ्खेज्जपएसोगाढे आणुपुव्वी असङ्खेज्जपएसोगाढे आणुपुव्वी, एगपएसोगाढे अणाणुपुव्वी, दुपएसोगाढे अवत्तव्वए, तिपएसोगाढा आणुपुव्वीओ जाव दसपएसोगाढा आणुपुव्वीओ जाव असङ्खेज्ज-पएसोगाढा आणुपुव्वीओ एगपएसोगाढा अणाणुपुव्वीओ दुपएसोगाढा अवत्तव्वगाइं, से तं नेगम-ववहाराणं अट्ठपयपरूवणया."
594,
595,एयाए णं नेगम-ववहाराणं अट्ठपय-परूवणयाए किं पओयणं.
596,
597,"एयाए णं नेगम-ववहाराणं अट्ठपयपरूवणयाए, नेगमववहाराणं भङ्गसमुक्कित्तणया कज्जइ, से किं तं नेगम-ववहाराणं भङ्गसमुक्कित्तणया? नेगमव-वहाराणं भङ्गसमुक्कित्तणया अत्थि आणुपुव्वी अत्थि अणाणुपुव्वी अत्थि अवत्तव्वए, एवं दव्वाणुपुव्विगमेणं खेत्ताणुपुव्वीए वि ते चेव छव्वीसं भङ्गा भाणियव्वा, जाव से तं नेगम-ववहाराणं भङ्गसमुक्कित्तणया."
598,
599,"एयाए णं नेगम-ववहाराणं भङ्गसमुक्कित्तणयाए किं पओयणं?, एयाए णं नेगमववहाराणं भङ्गसमुक्कित्तणयाए नेगमववहाराणं भङ्गोवदंसणया कीरइ, से किं तं नेगम-ववहाराणं भङ्गोवदंसणया?, नेगम-ववहाराणं भङ्गोवदंसणया तिपएसोगाढे आणुपुव्वी एगपएसोगाढे अणाणुपुव्वी दुपएसोगाढे अवत्तव्वए तिपएसोगाढे आणुपुव्वीओ एगपएसोगाढा अणाणुपुव्वीओ दुपएसोगाढा अवत्तव्वयाइं अहवा तिपएसोगाढा य एगपएसोगाढे य आणुपुव्वी य अणाणुपुव्वी य एवं तहा चेव दव्वाणुपुव्विगमेणं छव्वीसं भङ्गा भाणियव्वा जाव से तं नेगमववहाराणं भङ्गोवदंसणया."
600,
601,"से किं तं समोयारे? समोयारे-नेगम-ववहाराणं आणुपुव्विदव्वाइं कहिं समोयरन्ति- किं आणुपुव्विदव्वेहिं समयोरन्ति अणाणुपुव्विदव्वेहिं समोयरन्ति अवत्तव्वयदव्वेहिं समोयरन्ति?, नेगम-ववहाराणं आणुपुव्विदव्वाइं आणुपुव्विदव्वेहिं समोयरन्ति नो अणाणुपुव्विदेहिं समोयरन्ति नो अवत्तव्वयदव्वेहिं समोयरन्ति, एवं दोन्नि वि सट्ठाणे समोयरन्ति त्ति भाणियव्वं, से तं समोयारे."
602,
603,से किं तं अनुगमे? अनुगमे नवविहे पन्नत्ते तं जहा.
604,
605,
606,
607,---------------------------------------------------------------------
608,सन्तपयपरूवणया दव्वपमाणं च खेत्त फुसणा य
609,कालो य अन्तरं भाग भाव अप्पाबहुं चेव // अणुओग.११५
610,
611,
612,
613,---------------------------------------------------------------------
614,"नेगम-ववहाराणं आणुपुव्विदव्वाइं किं अत्थि नत्थि?, नियमा अत्थि, एवं दोन्नि वि, नेगम-ववहाराणं आणुपुव्विदव्वाइं किं सङ्खेज्जाइं असङ्खेज्जाइं अनन्ताइं? नो सङ्खेज्जाइं नोअसङ्खेज्जाइं अनन्ताइं, एवं दोन्नि वि, नेगम-ववहाराणं आणुपुव्विदव्वाइं लोगस्स कति भागे होज्जा- किं सङ्खेज्जइ भागे होज्जा असङ्खेज्जइभागे होज्जा सङ्खज्जेसु भागेसु होज्जा असङ्खेज्जेसु भागेसु होज्जा सव्वलोए होज्जा ?, एगदव्वं पडुच्च लोगस्स सङ्खेज्जइभागे वा होज्जा असङ्खेज्जइभागे वा होज्जा सङ्खेज्जेसु भागेसु वा होज्जा असङ्खेज्जेसु भागेसु वा होज्जा देसूणे लोए वा होज्जा, नानादव्वाइं पडुच्च नियमा सव्वलोए होज्जा."
615,
616,"नेगम-ववहाराणं अणाणुपुव्विदव्वाणं पुच्छाए एगदव्वं पडुच्च नो सङ्खेज्जइभागे होज्जा असङ्खेज्जइभागे होज्जा नो सङ्खेज्जेसु भागेसु होज्जा नो असङ्खेज्जेसु भागेसु होज्जा, नो सव्वलोए होज्जा, नानादव्वाइं पडुच्च नियमा सव्वलोए होज्जा, एवं अवत्तव्वगदव्वाणि वि भाणियव्वाणि."
617,
618,"नेगम-ववहाराणं आणुपुव्विदव्वाइं लोगस्स कति भागं फुसन्ति- किं सङ्खेज्जइभागं फुसन्ति जाव सव्वलोगं फुसन्ति?, एगदव्वं पडुच्च सङ्खेज्जइभागं वा फुसन्ति असङ्खेज्जइभागं वा फुसन्ति सङ्खेज्जे भागे वा फुसन्ति असङ्खेज्जे भागे वा फुसन्ति देसूणं लोगं वा फुसन्ति नानादव्वाइं पडुच्च नियमा सव्वलोगं फुसन्ति, अणाणुपुव्विदव्वाइं अवत्तव्वगदव्वाइं च जहा खेत्तं नवरं फुसणा भाणियव्वा."
619,
620,"नेगम-ववहाराणं आणुपुव्विदव्वाइं कालओ केवच्चिरं हॊन्ति? एगदव्वं पडुच्च जहन्नेणं एगं समयं उक्कोसेणं असङ्खेज्जं कालं, नानादव्वाइं पडुच्च नियमा सव्वद्धा, एवं दोन्नि वि."
621,
622,"नेगम-ववहाराणं आणुपुव्विदव्वाणं अन्तरं कालओ केवच्चिरं होइ? एगदव्वं पडुच्च जहन्नेणं एगं समयं उक्कोसेणं असङ्खेज्जं कालं, नानादव्वाइं पडुच्च नत्थि अन्तरं, एवं दोन्नि वि. नेगम-ववहाराणं आणुपुव्विदव्वाइं सेसदव्वाणं कइ भागे होज्जा? तिन्नि वि जहा दव्वाणुपुव्वीए. नेगम-ववहाराणं आणुपुव्विदव्वाइं कयरंमि भावे होज्जा? नियमा साइपारिणामिए भावे होज्जा, एवं दोन्नि वि, एएसिं णं भन्ते! नेगम-ववहाराणं आणुपुव्विदव्वाणं अणाणुपुव्विदव्वाणं अवत्तव्वगदव्वाण य दव्वट्ठयाए पएसट्ठयाए दव्वट्ठ-पएसट्ठयाए कयरे कयरेहिन्तो अप्पा वा बहुया वा तुल्ला वा विसेसाहिया वा?, गोयमा! सव्वत्थोवाइं नेगम-ववहाराणं अवत्तव्वगदव्वाइं दव्वट्ठयाए अणाणुपुव्विदव्वाइं दव्वट्ठयाए विसेसाहियाइं आणुपुव्विदव्वाइं दव्वट्ठयाए असङ्खेज्जगुणाइं, पएसट्ठयाए सव्वत्थोवाइं नेगमववहाराणं अणाणुपुव्वी-दव्वाइं अपएसट्ठयाए अवत्तव्वगदव्वाइं पएसट्ठयाए विसेसाहियाइं आणुपुव्वीदव्वाइं पएसट्ठयाए असङ्खेज्जगुणाइं दव्वट्ठ-पएसट्ठयाए-सव्वत्थोवाइं नेगमववहाराणं अवत्तव्वगदव्वाइं दव्वट्ठयाए अणाणुपुव्विदव्वाइं दव्वट्ठयाए अपएसट्ठयाए विसेसाहियाइं अवत्तव्वगदव्वाइं पएसट्ठयाए विसेसाहियाइं आणुपुव्विदव्वाइं दव्वट्ठयाए असङ्खेज्जगुणाइं ताइं चेव पएसट्ठयाए-असङ्खेज्जगुणाइं, से तं अनुगमे. से तं नेगम-ववहाराणं अणोवणिहिया खेत्ताणुपुव्वी."
623,
624,
625,
626,---------------------------------------------------------------------
627,"से किं तं सङ्गहस्स अनोवणिहिया खेत्ताणुपुव्वी? खेत्ताणुपुव्वी पञ्चविहा पन्नत्ता, तं जहा — अट्ठपयपरूवणया भङ्गसमुक्कित्तणया भङ्गोवदंसणया समोयारे अनुगमे, से किं तं सङ्गहस्स अट्ठपयरूवणया? तिपएसोगाढे आणुपुव्वी चउप्पएसोगाढे आनुपुव्वी जाव दसपएसोगाढे आणुपुव्वी सङ्खिज्जपएसोगाढे आणुपुव्वी असङ्खिज्जपएसोगाढे आणुपुव्वी एगपएसोगाढे अणाणुपुव्वी दुपएसोगाढे अवत्तव्वए, से तं सङ्गहस्स अट्ठपयपरूवणया, एयाए णं सङ्गहस्स अट्ठपयपरूवणयाए किं पओअणं? एयाए णं सङ्गहस्स अट्ठपय परूवणयाए सङ्गहस्स भङ्गसमुक्कित्तणया कज्जति."
628,
629,"से किं तं सङ्गहस्स भङ्गसमुक्कित्तणया? अत्थि आणुपुव्वी अत्थि अणाणुपुव्वी य अत्थि अवत्तव्वए, अहवा अत्थि आणुपुव्वी य अणाणुपुव्वी य एवं जहा दव्वाणुपुव्वीए सङ्गहस्स तहा भाणियव्वं जाव से तं सङ्गहस्स भङ्गसमुक्कित्तणया."
630,
631,"एयाए णं सङ्गहस्स भङ्गसमुक्कित्तणयाए किं पओअणं? एआए णं सङ्गहस्स भङ्गसमुक्कित्तणयाए सङ्गहस्स भङ्गोवदंसणया कज्जति, से किं तं सङ्गहस्स भङ्गोवदंसणया? तिपएसोगाढे आणुपुव्वी एगपएसोगाढे अणाणुपुव्वी दुपएसोगाढे अवत्तव्वए अहवा तिपएसोगाढे य एगपएसोगाढे य आणुपुव्वी य अणाणुपुव्वी य एवं जहा दव्वाणुपुव्वीए सङ्गस्स तहा खेत्ताणुपुव्वीए वि भाणिअव्वं जाव से तं सङ्गहस्स भङ्गोवदंसणया."
632,
633,"से किं तं समोआरे?, सङ्गहस्स आणुपुव्विदव्वाइं कहिं समोतरन्ति- किं आणुपुव्विदव्वेहिं समोतरन्ति अणाणुपुव्विदव्वेहिं अवत्तव्वगदव्वेहिं? तिन्नि वि सट्ठाणे समोतरन्ति, से तं समोयारे. से किं तं अनुगमे? अट्ठविहे पन्नत्ते."
634,
635,
636,
637,---------------------------------------------------------------------
638,सन्तपयपरूवणया जाव अप्पाबहुं नत्थि.
639,
640,
641,
642,---------------------------------------------------------------------
643,"सङ्गहस्स आणुपुव्विदव्वाइं किं अत्थि नत्थि? नियमा अत्थि, एवं तिन्नि वि, सेसदारगाइं जहा दव्वाणुपुव्वीए सङ्गहस्स तहा खेत्ताणुपुव्वीए वि भाणिअव्वाइं जाव से तं अनुगमे, से तं सङ्गहस्स अणोवणिहिया खेत्ताणुपुव्वी, से तं अणोवणिहिया खेत्ताणुपुव्वी."
644,
645,
646,
647,---------------------------------------------------------------------
648,"से किं तं ओवणिहिया खेत्ताणुपुव्वी? ओवणिहिया खेत्ताणुपुव्वी तिविहा पन्नत्ता, तं जहा — पुव्वाणुपुव्वी, पच्छाणुपुव्वी अणाणुपुव्वी. से किं तं पुव्वाणुपुव्वी? पुव्वाणुव्वी-अहोलोए तिरियलोए उड्ढलोए, से तं पुव्वाणुपुव्वी."
649,
650,"से किं तं पच्छाणुपुव्वी उड्ढलोए तिरियलोए अहोलोए, से तं पच्छाणुपुव्वी. से किं तं अणाणुपुव्वी? एयाए चेव एगाइयाए एगुत्तरियाए तिगच्छगयाए सेढीए अन्नमन्नब्भासो दुरूवणो, से तं अणाणुपुव्वी."
651,
652,"अहोलोयखेत्ताणुपुव्वी तिविहा, पुव्वाणुपुव्वी पच्छाणुपुव्वी अणाणुपुव्वी, से किं तं पुव्वाणु-पुव्वी? रयणप्पभा सक्करप्पभा वालुयप्पभा पङ्कप्पभा धूमप्पभा तमा तमतमा, से तं पुव्वाणुपुव्वी. से किं तं पच्छाणुपुव्वी? तमतमा जाव रयणप्पभा से तं पच्छाणुपुव्वी. से किं तं अणाणुपुव्वी? एयाए चेव एगाइयाए एगुत्तरियाए सत्तगच्छ-गयाए सेढीए अन्नमन्नब्भासो दुरूवूणो, से तं अणाणुपुव्वी. तिरियलोयखेत्ताणुपुव्वी तिविहा, पुव्वाणुपुव्वी पच्छाणुपुव्वी अणाणुपुव्वी. से किं तं पुव्वाणुपुव्वी?"
653,
654,
655,
656,---------------------------------------------------------------------
657,जम्बुद्दीवे लवणे घायइ-कालोय-पुक्खरे वरुणे
658,खीर-घय-खोय-नन्दी अरुणवरे कुण्डले रुयगे // अणुओग.१२१
659,
660,
661,
662,---------------------------------------------------------------------
663,जम्बुद्दीवाओ खलु निरन्तरा सेसया असङ्खइमा
664,भुयगवर-कुसवरा वि य कोञ्चवरा''भरणमाईया // अणुओग.१२२
665,
666,
667,
668,---------------------------------------------------------------------
669,आभरण-वत्थ-गन्धे उप्पल-तिलए य पुढवि-निहि-रयणे
670,वासहर-दह-नईओ विजया वक्खार कप्पिन्दा // अणुओग.१२३
671,
672,
673,
674,---------------------------------------------------------------------
675,कुरु-मन्दर-आवासा कूडा नक्खत्त-चन्द-सूरा य
676,देवे नागे जक्खे भूए य सयम्भुरमणे य // अणुओग.१२४
677,
678,
679,
680,---------------------------------------------------------------------
681,"से तं पुव्वाणुपुव्वी. से किं तं पच्छाणुपुव्वी? पच्छाणुपुव्वी-सयम्भुरमणे जाव जम्बुद्दीवे, से तं पच्छाणुपुव्वी."
682,
683,"से किं तं अणाणुपुव्वी? अणाणुपुव्वी एयाए चेव एगाइयाए एगुत्तरियाए असङ्खेज्जगच्छगयाए सेढीए अन्नमन्नब्भासो दुरूवणो, से तं अणाणुपुव्वी, उड्ढलोयखेत्ताणुपुव्वी तिविहा पन्नत्ता तं जहा — पुव्वाणुपुव्वी पच्छाणुपुव्वी अणाणुपुव्वी. से किं तं पुव्वाणुपुव्वी? पुव्वाणुपुव्वी सोहम्मे ईसाणे सणङ्कुमारे माहिन्दे बम्भलोए लन्तए महासुक्के सहस्सारे आणए पाणए आरणे अच्चुए गेवेज्जविमाणा अनुत्तरविमाणा ईसिप्पब्भारा, से तं पुव्वाणुपुव्वी."
684,
685,"से किं तं पच्छाणुपुव्वी? पच्छाणुपुव्वी-ईसिपब्भारा जाव सोहम्मे, से तं पच्छाणुपुव्वी."
686,
687,"से किं तं अणाणुपुव्वी? अणाणुपुव्वी एयाए चेव एगाइयाए एगुत्तरियाए पन्नरस गच्छगयाए सेढीए अन्नमन्नब्भासो दुरूवूणो, से तं अणाणुपुव्वी, अहवा ओवणिहिया खेत्ताणुपुव्वी तिविहा पन्नत्ता तं जहा —पुव्वाणुपुव्वी पच्छाणुपुव्वी अणाणुपुव्वी. से किं तं पुव्वाणुपुव्वी? पुव्वाणुपुव्वी एगपएसोगाढे दुएपसोगाढे जाव असङ्खेज्जपएसोगाढे, से तं पुव्वाणुपुव्वी. से किं तं पच्छाणुपुव्वी? पच्छाणुपुव्वी-असङ्खेज्जपएसोगाढे जाव एगपएसोगाढे, से तं पच्छाणुपुव्वी. से किं तं अणाणुपुव्वी? अणाणुपुव्वी एयाए चेव एगाइयाए एगुत्तरियाए असङ्खेज्जगच्छगयाए सेढीए अन्नमन्नब्भासो दुरूवूणो, से तं अणाणुपुव्वी. से तं ओवणिहिया खेत्ताणुपुव्वी, से तं खेत्ताणुपुव्वी."
688,
689,
690,
691,---------------------------------------------------------------------
692,"से किं तं कालाणुपुव्वी? कालाणुपुव्वी दुविहा पन्नत्ता, तं जहा — ओवणिहिया य अणोवणिहिया य."
693,
694,
695,
696,---------------------------------------------------------------------
697,"तत्थ णं जा सा ओवणिहिया सा ठप्पा, तत्थ णं जा सा अणोवणिहिया सा दुविहा पन्नत्ता तं जहा — नेगम-ववहाराणं सङ्गहस्स य."
698,
699,
700,
701,---------------------------------------------------------------------
702,"से किं तं नेगम-ववहाराणं अणोवणिहिया कालाणुपुव्वी?, तं कालाणुपुव्वी पञ्चविहा पन्नत्ता, तं जहा —अट्ठपयपरूवणया भङ्गसमुक्कित्तणया भङ्गोवदंसणया समोयारे अनुगमे."
703,
704,
705,
706,---------------------------------------------------------------------
707,"से किं तं नेगम-ववहाराणं अट्ठपयपरूवणया? तं जहा तिसमयट्ठिईए आणुपुव्वीए जाव दससमयट्ठिईए आणुपुव्वीए सङ्खेज्जसमयट्ठिईए आणुपुव्वी असङ्खेज्ज-समयट्ठिईए आणुपुव्वी एग-समयट्ठिईए अणाणुपुव्वी दुसमयट्ठिईए अवत्तव्वए, तिसमयट्ठिईयाओ आणुपुव्वीओ एगसमयट्ठिईयाओ अणाणुपुव्वीओ दुसमयट्ठिईयाओ अवत्तव्वगाइं, से तं नेगम-ववहाराणं अट्ठपयपरूवणया, एयाए णं नेगम-ववहाराणं अट्ठपयपरूवणयाए किं पओयणं? एयाए णं नेगम-ववहाराणं अट्ठपयपरूवयणाए नेगम ववहाराणं भङ्गसमुक्कित्तणया कज्जइ."
708,
709,
710,
711,---------------------------------------------------------------------
712,"से किं तं नेगमववहाराणं भङ्गसमुक्कित्तणया? नेगम-ववहाराणं भङ्गसमुक्कित्तणया-अत्थि आणुपुव्वी अत्थि अणाणुपुव्वी अत्थि अवत्तव्वए, एवं दव्वाणुपुव्विगमेणं कालाणुपुव्वीए वि ते चेव छव्वीसं भङ्गा भाणियव्वा जाव से तं नेगम-ववहाराणं भङ्गसमुक्कित्तणया, एयाए णं नेगम-ववहाराणं भङ्गस-मुक्कित्तणयाए किं पओयणं? एयाए णं नेगम-ववहाराणं भङ्गसमुक्कित्तणयाए नेगमववहाराणं भङ्गो-वदंसणया कज्जइ."
713,
714,
715,
716,---------------------------------------------------------------------
717,"से किं तं नेगम-ववहाराणं भङ्गोवदंसणया?, नेगम-ववहाराणं भङ्गोवदंसणया तिसिमयट्ठिईए आणुपुव्वी एगसमयट्ठिईए अणाणुपुव्वी दुसमयट्ठिईए अवत्तव्वए, तिसमयट्ठिईयाओ आणुपुव्वीओ एगसमयट्ठिईयाओ अणाणुपुव्वीओ दुसमयट्ठिईयाओ अवत्तव्वगाइं, अहवा तिसमयट्ठिईए य एगसमयट्ठिए य आणुपुव्वी य अणाणुपुव्वी य एवं तहा चेव दव्वाणुपुव्विगमेणं छव्वीसं भङ्गा भाणि-यव्वा जाव से तं नेगम-ववहाराणं भङ्गोवदंसणया."
718,
719,
720,
721,---------------------------------------------------------------------
722,"से किं तं समोयारे? समोयारे-नेगम-ववहाराणं आणुपुव्विदव्वाइं कहिं समोयरन्ति?, किं आणुपुव्विदव्वेहिं समोयरन्ति अणाणुपुव्वी दव्वेहिं अवत्तव्वग दव्वेहिं०? एवं तिन्नि वि सट्ठाणे समोयरन्ति इति भाणियव्वं, से तं समोयारे."
723,
724,
725,
726,---------------------------------------------------------------------
727,"से किं तं अनुगमे?, अनुगमे नवविहे पन्नत्ते तं जहा —"
728,
729,
730,
731,---------------------------------------------------------------------
732,सन्तपयपरूवणया दव्वपमाणं च खेत्त फुसणा य
733,कालो य अन्तरं भाग भाव अप्पाबहुं चेव // अणुओग.१३४
734,
735,
736,
737,---------------------------------------------------------------------
738,"नेगम-ववहाराणं आणुपुव्विदव्वाइं किं अत्थि नत्थि? नियमा अत्थि एवं दोन्नि वि. नेगम-ववहाराणं आणुपुव्विदव्वाइं किं सङ्खेज्जाइं असङ्खेज्जाइं अनन्ताइं?, नो सङ्खेज्जाइं असङ्खेज्जाइं नो अनन्ताइं, एवं दोन्नि वि. नेगम-ववहाराणं आणुपुव्विदव्वाइं लोगस्स कति भागे होज्जा- किं सङ्खेज्जइभागे होज्जा असङ्खेज्जइभागे होज्जा सङ्खेज्जेसु भागेसु होज्जा असङ्खेज्जेसु भागेसु होजा सव्वलोए होजा? एगदव्वं पडुच्च लोगस्स सङ्खेज्जइभागे वा होज्जा असङ्खेज्जइभागे वा होज्जा सङ्खेज्जेसु भागेसु वा होज्जा असङ्खेज्जेसु भागेसु वा होज्जा देसूणे लोए वा होज्जा, नानादव्वाइं पडुच्च नियमा सव्वलोए होज्जा, एवं अणाणुपुव्वी दव्वं आएसन्तरेण वा सव्वपुच्छासु होज्जा, एवं अवत्तव्वगदव्वाणि वि जहा खेत्ताणुपुव्वीए फुसणा कालाणुपुव्वीए वि तहा चेव भाणिअव्वा."
739,
740,"नेगम-ववहाराणं आणुपुव्विदव्वाइं कालओ केवच्चिरं हॊन्ति? एगदव्वं पडुच्च जहन्नेणं तिन्नि समया उक्कोसेणं असङ्खेज्जं कालं, नानादव्वाइं पडुच्च सव्वद्धा, नेगमववहाराणं अणाणुपुव्विदव्वाइं कालओ केवच्चिरं हॊन्ति? एगदव्वं पडुच्च अजहन्नमणुक्कोसेणं एक्कं समयं, नानादव्वाइं पडुच्च सव्वद्धा, नेगम-ववहाराणं अवत्तव्वगदव्वाइं कालओ केवच्चिरं हॊन्ति? एगदव्वं पडुच्च अजहन्नणुक्कोसेणं दो समयं नानादव्वाइं पडुच्च सव्वद्धा, नेगम-ववहाराणं आणुपुव्विदव्वाणं अन्तरं कालओ केवच्चिरं होइ? एगदव्वं पडुच्च जहन्नेणं एगं समयं उक्कोसेणं दो समया, नानादव्वाइं पडुच्च नत्थि अन्तरं, नेगम-ववहाराणं अणाणुपुव्विदव्वाणं अन्तरं कालओ केवच्चिरं होइ? एगदव्वं पडुच्च जहन्नेणं दो समया उक्कोसेणं असङ्खेज्जं कालं, नानादव्वाइं पडुच्च नत्थि अन्तरं, नेगम-ववहाराणं अवत्तव्वगदव्वाणं अन्तरं कालओ केवच्चिरं होइ? एगदव्वं पडुच्च जहन्नेणं एगं समयं, उक्कोसेणं असङ्खेज्जं कालं, नानादव्वाइं पडुच्च नत्थि अन्तरं. नेगम-ववहाराणं आणुपुव्विदव्वाइं सेसदव्वाणं कइ भागे होज्जा-पुच्छा जहेव खेत्ताणुपुव्वीए भावो वि तहेव, अप्पाबहुं पि तहेव नेयव्वं. से तं अणुगमे, से तं नेगम-ववहाराणं अणोवणिहिया कालाणुपुव्वी."
741,
742,
743,
744,---------------------------------------------------------------------
745,से किं तं सङ्गहस्स अणोवणिहिया कालाणुपुव्वी? अणोवणिहिया काला० पञ्चविहा पन्नत्ता० अट्ठपयपरूवणया भङ्गसमुक्कित्तणया भङ्गोवन्दसणया समोयारे अनुगमे.
746,
747,
748,
749,---------------------------------------------------------------------
750,"से किं तं सङ्गहस्स अट्ठपयपरूवणया, एयाइं पञ्च वि दाराइं जहा खेत्ताणुपुव्वीए सङ्गहस्स तहा कालाणुपुव्वीए वि भाणियव्वाणि नवरं — ठितीअभिलावो जाव से तं अनुगमे, से तं सङ्गहस्स अणोवणिहिया कालाणुपुव्वी, से तं अणोवणिहिया कालाणुपुव्वी."
751,
752,
753,
754,---------------------------------------------------------------------
755,"से किं तं ओवणिहिया कालाणुपुव्वी? ओवणिहिया कालाणुपुव्वी तिविहा पन्नत्ता तं जहा — पुव्वाणुपुव्वी पच्छाणुपुव्वी अणाणुपुव्वी. से किं तं पुव्वाणुपुव्वी? पुव्वाणुपुव्वी समए आवलिया आणापाणू थोवे लवे मुहुत्ते अहोरत्ते पक्खे मासे उऊ अयणे संवच्छरे जुगे वाससए वाससहस्से वाससयसहस्से पुव्वङ्गे पुव्वे तुडियङ्गे तुडिए अडडङ्गे अड्डे अववङ्गे अववे हुहुयङ्गे हुहुए उप्पलङ्गे उप्पले पउमङ्गे पउमे नलिनङ्गे नलिने अत्थनिउरङ्गे अत्थनिउरे अउयङ्गे अउए नउयङ्गे नउए पउयङ्गे पउउ चूलियङ्गे चूलिया सीसपहेलियङ्गे सीसपहेलिया पलिओवमे सागरोवमे ओसप्पिणी उस्सप्पिणी पोगग्लपरियट्टे अतीतदद्धा अनागतद्धा सव्वद्धा, से तं पुव्वाणुपुव्वी."
756,
757,"से किं तं पच्छाणुपुव्वी?, सव्वद्धा जाव समए, से तं पच्छाणुपुव्वी."
758,
759,से किं तं अणाणुपुव्वी? अणाणुपुव्वी- एयाए चेव एगाइयाए एगुत्तरियाए अनन्तगच्छगयाए सेढीए अन्नमन्नब्भासो दुरूवूणो से तं अणाणुपुव्वी.
760,
761,"अहवा ओवणिहिया कालाणुपुव्वी तिविहा पन्नत्ता तं जहा —पुव्वाणुपुव्वी पच्छाणुपुव्वी अणाणुपुव्वी. से किं तं पुव्वाणुपुव्वी? पुव्वाणुपुव्वी- एगसमयट्ठिईए दुसमयट्ठिईए तिसमयट्ठिईए जाव दसमयट्ठिईए सङ्खेज्जसमयट्ठिईए असङ्खेज्जसमयट्ठिईए से तं पुव्वाणुपुव्वी. से किं तं पच्छाणुपुव्वी ? पच्छाणुपुव्वी-असङ्खेज्जसमयट्ठिईए जाव एगसमयट्ठिईए, से तं पच्छाणुपुव्वी. से किं तं अणाणुपुव्वी? अणाणुपुव्वी एयाए चेव एगाइयाए जाव दुरूवूणो, से तं अणाणुपुव्वी. से तं ओवणिहिया कालाणुपुव्वी. से तं कालाणुपुव्वी."
762,
763,
764,
765,---------------------------------------------------------------------
766,से किं तं उक्कित्तणाणुपुव्वी? उक्कित्तणाणुपुव्वी तिविहा पन्नत्ता तं जहा पुव्वाणु-पुव्वी पच्छाणुपुव्वी अणाणुपुव्वी. से किं तं पुव्वाणुपुव्वी? पुव्वाणुपुव्वी उसभे अजिए सम्भवे अभिनन्दणे सुमती पउमप्पभे सुपासे चन्दप्पहे सुविही सीतले सेज्जंसे वासुपुज्जे विमले अनन्ते धम्मे सन्ती कुन्थू अरे मल्ली मुणिसुव्वए नमी अरिट्ठनेमी पासे वद्धमाणे; से तं पुव्वाणुपुव्वी.
767,
768,"से किं तं पच्छाणुपुव्वी? पच्छाणुपुव्वी वद्धमाणे जाव उसभे, से तं पच्छाणुपुव्वी. से किं तं अणाणुपुव्वी? अणाणुपुव्वी एयाए चेव एगाइयाए एगुत्तरियाए चउवीसगच्छगयाए सेढीए अन्नमन्नब्भासो दुरूवूणो, से तं अणाणुपुव्वी, से तं उक्कित्तणाणुपुव्वी."
769,
770,
771,
772,---------------------------------------------------------------------
773,"से किं तं गणणाणुपुव्वी? गणणाणुपुव्वी तिविहा पन्नत्ता तं जहा — पुव्वाणुपुव्वी पच्छाणुपुव्वी अणाणुपुव्वी. से किं तं पुव्वाणुपुव्वी? पुव्वाणुपुव्वी एगो दस सयं सहस्सं दससहस्साइं सयसहस्सं दससयसहस्साइं कोडी दसकोडीओ कोडिसयं दसकोडिसयाइं, से तं पुव्वाणुपुव्वी."
774,
775,"से किं तं पच्छाणुपुव्वी? पच्छाणुपुव्वी दसकोडिसयाइं जाव एगो, से तं पच्छाणुपुव्वी. से किं तं अणाणुपुव्वी? अणाणुपुव्वी एयाए चेव एगाइयाए एगुत्तरियाए दसकोडिसयगच्छगयाए सेढीए अन्नमन्नब्भासो दुरूवणो, से तं अणाणुपुव्वी, से तं गणणाणुपुव्वी."
776,
777,
778,
779,---------------------------------------------------------------------
780,"से किं तं सण्ठाणाणुपुव्वी? सण्ठाणाणुपुव्वी तिविहा पन्नत्ता तं जहा — पुव्वाणुपुव्वी पच्छाणुपुव्वी अणाणुपुव्वी. से किं तं पुव्वाणुपुव्वी? पुव्वाणुपुव्वी-समचउरंसे नग्गोहपरिमण्डले साई खुज्जे वामणे हुण्डे, से तं पुव्वाणुपुव्वी. से किं तं पच्छाणुपुव्वी? पच्छाणुपुव्वी हुण्डे जाव समचउरंसे, से तं पच्छाणुपुव्वी. से किं तं अणाणुपुव्वी? अणाणुपुव्वी एयाए चेव एगाइयाए एगुत्तरियाए छगच्छगयाए सेढीए अन्नमन्नब्भासो दुरूवणे से तं अणाणुपुव्वी, से तं सण्ठाणाणुपुव्वी."
781,
782,
783,
784,---------------------------------------------------------------------
785,से किं तं सामायारियाणुपुव्वी? सामायारियाणुपुव्वी तिविहा पन्नत्ता तं जहा पुव्वाणुपुव्वी अणाणुपुव्वी. से किं तं पुव्वाणुपुव्वी? [पुव्वाणुपुव्वी] -.
786,
787,
788,
789,---------------------------------------------------------------------
790,इच्छा मिच्छा तहक्कारो आवस्सिया य निसीहिया
791,आपुच्छणा य पडिपुच्छा छन्दणा य निमन्तणा // अणुओग.१४३
792,
793,
794,
795,---------------------------------------------------------------------
796,"उवसम्पया य काले सामायारी भवे दसविहा उ, से तं पुव्वाणुपुव्वी. से किं तं पच्छाणुपुव्वी? पच्छाणुपुव्वी-उवसम्पया जाव इच्छा, से तं पच्छाणुपुव्वी. से किं तं अणाणुपुव्वी? अणाणुपुव्वी एयाए चेव एगाइयाए एगुत्तरियाए दसगच्छगयाए सेढीए अन्नमन्नब्भासो दुरूवूणो, से तं अणाणुपुव्वी. से तं सामायारियाणुपुव्वी."
797,
798,
799,
800,---------------------------------------------------------------------
801,"से किं तं भावाणुपुव्वी? भावाणुपुव्वी तिविहा पन्नत्ता, तं जहा — पुव्वाणुपुव्वी पच्छाणुपुव्वी अणाणुपुव्वी. से किं तं पुव्वाणुपुव्वी? उदइए उवसमिए खइए खओवसमिए पारिणामिए सन्निवाइए, से तं पुव्वाणुपुव्वी. से किं तं पच्छाणुपुव्वी? सन्निवाइए जाव उदइए, से तं पच्छाणुपुव्वी. से किं तं अणाणुपुव्वी? अणाणुपुव्वी एयाए चेव एगाइयाए एगुत्तरियाए छगच्छगयाए सेढीए अन्न-मन्नब्भासो दुरूवूणो से तं अणाणुपुव्वी. से तं भावाणुपुव्वी, से तं आणुपुव्वी."
802,
803,
804,
805,---------------------------------------------------------------------
806,से किं तं नामे? नामे दसविहे पन्नत्ते तं जहा — एगनामे दुनामे तिनामे चउनामे पञ्चनामे छनामे सत्तनामे अट्ठनामे नवनामे दसनामे.
807,
808,
809,
810,---------------------------------------------------------------------
811,से किं तं एगनामे? एगनामे —
812,
813,
814,
815,---------------------------------------------------------------------
816,नामाणि जाणि काणि वि दव्वाण गुणाण पज्जवाणं च
817,तेसिं आगम-निहसे नामन्ति परूविया सण्णा // अणुओग.१४८
818,
819,
820,
821,---------------------------------------------------------------------
822,से तं एगनामे.
823,
824,
825,
826,---------------------------------------------------------------------
827,से किं तं दुनामे? दुनामे दुविहे पन्नत्ते तं जहा — एगक्खरिए य अनेगक्खरिए य.
828,
829,"से किं तं एगक्खरिए? एगक्खरिए अनेगविहे पन्नत्ते तं जहा —ह्रीः श्रीः धी: स्त्री, से तं एगक्खरिए. से किं तं अनेगक्खरिए? अनेगक्खरिए अनेगविहे पन्नत्ते तं जहा —कण्णा वीणा लता माला, से तं अनेगक्खरिए."
830,
831,"अहवा दुनामे दुविहे पन्नत्ते तं जहा —जीवनामे य अजीवनामे य, से किं तं जीवनामे? जीवनामे अनेगविहे पन्नत्ते तं जहा —देवदत्तो जण्णदत्तो विण्हुदत्तो सोमदत्तो, से तं जीवनामे. से किं तं अजीवनामे? अजीवनामे अनेगविहे पन्नत्ते तं जहा —घडो पडो कडो रहो, से तं अजीवनामे."
832,
833,"अहवा दुनामे दुविहे पन्नत्ते तं जहा — विसेसिए य अविसेसिए य. अविसेसिए दव्वे विसेसिए जीवदव्वे य अजीवदव्वे य, अविसेसिए जीवदव्वे विसेसिए नेरइए तिरिक्खजोणिए मणुस्से देवे, अविसेसिए नेरइए विसेसिए रयणप्पभाए सक्करप्पभाए वालुयप्पभाए पङ्कप्पभाए धूमप्पभाए तमाए तमतमाए, अविसेसिए रयणप्पभापुढविनेरइए विसेसिए पज्जत्तए य अपज्जत्तए य एवं जाव अविसेसिए तमतमापुढविनेरइए विसेसिए पज्जत्तए य अपज्जत्तए य, अविसेसिए तिरिक्खजोणिए विसेसिए एगिन्दिए बेइन्दिए तेइन्दिए चउरिन्दिए पञ्चिन्दिए, अविसेसिए एगिन्दिए विसेसिए पुढविकाइए आउकाइए तेउकाइए वाउकाइए वणस्सइकाइए, अविसेसिए पुढविकाइए विसेसिए सुहुमपुढविकाइए य बादरपुढविकाइए य, अविसेसिए सुहुमपुढविकाइए विसेसिए पज्जत्तयसुहुमपुढविकाइए य अपज्जत्तयसुहुमपुढविकाइए य, अविसेसिए बादरपुढविकाइए विसेसिए पज्जत्तयबादरपुढविकाइए य अपज्जत्तयबादरपुढविकाइए य एवं आउकाइए तेउकाइए वाउकाइए वणस्स-इकाइए य, अविसेसियविसेसिय-पज्जत्तय-अपज्जत्तयभेदेहिं भाणियव्वा, अविसेसिए बेइन्दिए विसेसिए पज्जत्तयबेइन्दिए य अपज्जत्तयबेइन्दिए य, एवं तेइन्दिय चउरिन्दियावि भाणियव्वा."
834,
835,"अविसेसिए पञ्चिन्दियतिरिक्खजोणिए विसेसिए जलयरपञ्चिन्दियतिरिक्खजोणिए थलयर-पञ्चिन्दियतिरिक्खजोणिए खहयरपञ्चिन्दियतिरिक्खजोणिए य, अविसेसिए जलयरपञ्चिन्दियतिरिक्खजोणिए विसेसिए संमुच्छिम-जलयरपञ्चिदियतिरिक्खजोणिए य गब्भवक्कन्तियजलयरपञ्चिन्दियतिरिक्खजोणिए य, अविसेसिए संमुच्छिम-जलयरपञ्चिन्दियतिरिक्खजोणिए विसेसिए पज्जत्तयसंमुच्छिमजलयरपञ्चिन्दिय-तिरिक्खजोणिए य अपज्जत्तय-संमुच्छिमजलयरपञ्चिन्दियतिरिक्खजोणिए य, अविसेसिए गब्भवक्कन्तिय-जलयपञ्चिन्दियतिरिक्खजोणिए विसेसिए पज्जत्तयगब्भवक्कन्तियजलयरपञ्चिन्दियतिरिक्खजोणिए य अपज्जत्तयगब्भवक्कन्तियजलयर-पञ्चिन्दियतिरिक्खजोणिए य, अविसेसिए थलयरपञ्चिन्दियतिरिक्खजोणिए विसेसिए चउप्पयथलयरपञ्चिन्दिय० य परिसप्पथलयरपञ्चिन्दिय० य, अविसेसिए चउप्पयथलयरपञ्चिन्दिय० विसेसिए संमुच्छिमचउप्पयथलयरपञ्चिन्दिय० गब्भवक्कन्तियचउप्पथलयर० य, अविसेसिए संमुच्छिमच-उप्पयथलयरपञ्चिन्दियतिरिक्खजोणिए विसेसिए पज्जत्तयसम्मुच्छिमचउप्पयथलयर० य अपज्जत्तय-संमुच्छिमचउप्पयथलयर-पञ्चिन्दियतिरिक्खजोणिए य अविसेसिए गब्भवक्कन्तियचउप्पयथलयर-पञ्चिन्दियतिरिक्खजोणिए विसेसिए पज्जत्तयगब्भवक्कन्तियचउप्पयथलयरपञ्चिन्दियतिरिक्खजोणिए य अपज्जत्तयगब्भवक्कन्तियचउप्पयथलयर०, अविसेसिए परिसप्पथलयरपञ्चिन्दियतिरिक्खजोणिए विसेसिए उरपरिसप्प-थलयर० भुयपरिसप्पथलयर० एते'वि संमुच्छिमा पज्जत्तगा अपज्जत्तगा य, गब्भवक्कन्तिया वि पज्जत्तगा अपज्जत्तगा य भाणियव्वा अविसेसिए खहयर-पञ्चिन्दियतिरिक्खजोणिए विसेसिए संमुच्छिम-खहयरपञ्चिन्दिय० गब्भवक्कन्तियखहयर-पञ्चिन्दिय०, अविसेसिए संमुच्छिमखहयरपञ्चिन्दियतिरिक्खजोणिए विसेसिए पज्जत्तय-संमुच्छिमखहयर० अपज्जत्तयसंमुच्छिमखहयर० अविसेसिए गब्भवक्कन्तियखहयर-पञ्चिन्दियतिरिक्खजोणिए विसेसिए पज्जत्तयगब्भवक्कन्तियखहयर० अपज्जत्तयगब्भवक्कन्तियखहयर०, अविसेसिए मणुस्से विसेसिए संमुच्छिममणुस्से य गब्भवक्कन्तियमणुस्से य, अविसेसिए संमुच्छिममणुस्से विसेसिए पज्जत्तयसम्मुच्छिममणुस्से य अपज्जत्तयसम्मुच्छिममणुस्से य, अविसेसिए गब्भवक्कन्तियमणुस्से विसेसिए पज्जत्तयगब्भवक्कन्तियमणुस्से य अपज्जत्तयगब्भवक्कन्तियमणुस्से य, [अहवा] अविसेसिए गब्भवक्कन्तिय मणुस्से विसेसिए कम्मभूमओ य अकम्मभूमओ य अन्तरदीवओ य सङ्खिज्ज वासाउय असङ्खिज्ज वासाउय पज्जत्ता-पज्जत्तओ."
836,
837,"अविसेसिए देवे विसेसिए भवणवासी वाणमन्तरे जोइसिए वेमाणिए य, अविसेसिए भवणवासी विसेसिए असुरकुमारे नागकुमारे सुवण्णकुमारे विज्जुकुमारे अग्गिकुमारे दीवकुमारे उदहिकुमारे दिसाकुमारे वाउकुमारे थणियकुमारे सव्वेसिं पि अविसेसिय-विसेसिय-पज्जत्तय-अपज्जत्तयभेया भाणियव्वा, अविसेसिए वाणमन्तरे विसेसिए पिसाए भूए जक्खे रक्खसे किन्नरे कुम्पुरिसे महोरगे गन्धव्वे, एतेसिं पि अविसेसिय-विसेसिय-पज्जत्तय-अपज्जत्तय भेया भाणियव्वा. अविसेसिए जोइसिए विसेसिए चन्दे सूरे गहे नक्खत्ते तारारूवे, एतेसिं पि अविसेसिय-विसेसिय-पज्जत्तय-अपज्जत्तयभेया भाणियव्वा."
838,
839,"अविसेसिए वेमाणिए विसेसिए कप्पोवगे य कप्पातीतगे य, अविसेसिए कप्पोवगे विसेसिए सोहम्मए ईसाणए सणङ्कुमारए माहिन्दए बम्भलोयए लन्तयए महासुक्कए सहस्सारए आणयए पाणयए आरणए अच्चुयए, एतेसिं पि अविसेसिय-विसेसिय-पज्जत्तय-अपज्जत्तय भेदा भाणियव्वा. अविसेसिए कप्पातीतए विसेसिए गेवेज्जए य अनुत्तरोववाइए य, अविसेसिए गेवेज्जए विसेसिए हेट्ठिम-गेवेज्जए मज्झिम-गेवेज्जए उवरिमगेवेज्जए, अविसेसिए हेट्ठिम-गेवेज्जए विसेसिए हेट्ठिमहेट्ठिम-गेवेज्जए हेट्ठिम-मज्झिम-गेवेज्जए हेट्ठिम-उवरिम-गेवेज्जए, अविसेसिए मज्झिम-गेवेज्जए विसेसिए मज्झिम-हेट्ठिम गेवेज्जए मज्झिम-मज्झिम-गेवेज्जए मज्झिम-उवरिम गवेज्जए, अविसेसिए उवरिम गेवेज्जए विसेसिए उवरिम-हेट्ठिम-गेवेज्जए उवरिम-मज्झिम-गेवेज्जे उवरिम-उवरिम-गेवेज्जए. एतेसिं पि सव्वेसिं अविसेसिय-विसेसिय-पज्जत्तय-अपज्जत्तय भेया भाणियव्वा. अविसेसिए अनुत्तरोववाइए विसेसिए विजयए वेजयन्तए जयन्तए अपराजियए सव्वट्ठसिद्धए य, एतेसिं पि सव्वेसिं अविसेसिय-विसेसिय-पज्जत्तय-अपज्जत्तय-भेदा भाणियव्वा."
840,
841,"अविसेसिए अजीवदव्वे विसेसिए धम्मत्थिकाए अधम्मत्थिकाए आगासत्थिकाए पोग्गलत्थिकाए अद्धासमए य, अविसेसिए पोग्गलत्थिकाए विसेसिए परमाणुपोग्गले दुपएसिए तिपएसिए जाव अनन्तपएसिए य, से तं दुनामे."
842,
843,
844,
845,---------------------------------------------------------------------
846,"से किं तं तिनामे? तिनामे तिविहे पन्नत्ते तं जहा — दव्वनामे गुणनामे पज्जवनामे य, से किं तं दव्वनामे? दव्वनामे छव्विहे पन्नत्ते० धम्मत्थिकाए जाव अद्धासमए, से तं दव्वनामे."
847,
848,"से किं तं गुणनामे? गुणनामे पञ्चविहे पन्नत्ते तं जहा — वण्णनामे जाव सण्ठाणनामे. से किं तं वण्णनामे? वण्णनामे पञ्चविहे पन्नत्ते तं जहा —कालवण्णनामे नीलवण्णनामे लोहियवण्णनामे हालिद्दवण्णनामे सुक्किलवण्णनामे से तं वण्णनामे. से किं तं गन्धनामे? गन्धनामे दुविहे तं जहा — सुब्भिगन्धनामे य दुब्भिगन्धनामे य. से तं गन्धनामे. से किं तं रसनामे? रसनामे पञ्चविहे पन्नत्तं तं जहा — तित्तरसनामे कडुयरसनामे कसायरसनामे अम्बिलरसनामे महुरसनामे, से तं रसनामे. से किं तं फासनामे? फासनामे अट्ठविहे पन्नत्ते तं जहा — कक्खडफासनामे मउयफासनामे गरुयफासनामे लहुयफासनामे सीतफासनामे उसिणफासनामे निद्धफासनामे लुक्खफासनामे, से तं फासनामे. से किं तं सण्ठाणनामे? सण्ठाणनामे पञ्चविहे पन्नत्ते तं जहा —परिमण्डलसण्ठाणनामे वट्टसण्ठाणनामे तंससण्ठाणनामे चउरंससण्ठाणनामे आयतसण्ठाणनामे, से तं सण्ठाणनामे. से तं गुणनामे."
849,
850,"से किं तं पज्जवनामे? पज्जवनामे अनेगविहे पन्नत्ते तं जहा —एगगुणकालए दुगुणकालए तिगुणकालए जाव दसगुणकालए सङ्खेज्जगुणकालए असङ्खेज्जगुणकालए अनन्तगुणकालए एवं नील-लोहिय-हालिद्द-सुक्किला वि भाणियव्वा. एगगुणसुब्भिगन्धे दुगुणसुब्भिगन्धे तिगुणसुब्भिगन्धे जाव अनन्तगुणसुब्भिगन्धे एवं दुब्भिगन्धो वि भाणियव्वो. एगगुणतित्ते जाव अनन्तगुणतित्ते एवं कडुय-कसाय-अम्बिल-महुरा वि भाणियव्वा. एगगुणकक्खडे जाव अनन्तगुणकक्खडे, एवं मउय-गरुय-लहुय-सीत-उसिण-निद्ध-लुक्खा वि भाणियव्वा, से तं पज्जवनामे."
851,
852,
853,
854,---------------------------------------------------------------------
855,तं पुण नामं तिविहं इत्थी पुरिसं नपुंसगं चेव
856,एएसिं तिण्हम्पि य अन्तंमि परूवणं वोच्छं // अणुओग.१५२
857,
858,
859,
860,---------------------------------------------------------------------
861,तत्थ पुरिसस्स अन्ता आ ई ऊ ओ हवन्ति चत्तारि
862,ते चेव इत्थियाए हवन्ति ओकारपरिहीणा // अणुओग.१५३
863,
864,
865,
866,---------------------------------------------------------------------
867,अं तिय इं तिय उं तिय अन्ता उ नपुंसगस्स बोद्धव्वा
868,एएसिं तिण्हम्पि य वोच्छामि निदंसणे एत्तो // अणुओग.१५४
869,
870,
871,
872,---------------------------------------------------------------------
873,आकारन्तो राया ईकारन्तो गिरी य सिहरी य
874,ऊकारन्तो विण्हू दुमो ओअन्तो उ पुरिसाणं // अणुओग.१५५
875,
876,
877,
878,---------------------------------------------------------------------
879,आकारन्ता माला ईकारन्ता सिरी य लच्छी य
880,ऊकारन्ता जम्बू वहू य अन्ता उ इत्थीणं // अणुओग.१५६
881,
882,
883,
884,---------------------------------------------------------------------
885,अङ्कारन्तं धन्नं इङ्कारन्तं नपुंसगं अच्छिं
886,उङ्कारन्तं पीलुं महुं च अन्ता नपुंसाणं // अणुओग.१५७
887,
888,
889,
890,---------------------------------------------------------------------
891,से तं तिनामे.
892,
893,
894,
895,---------------------------------------------------------------------
896,"से किं तं चउनामे? चउनामे चउव्विहे पन्नत्ते तं जहा — आगमेणं लोवेणं पयईए विगारेणं से किं तं आगमेणं? आगमेणं-पद्मानि पयांसि कुण्डानि, से तं आगमेणं. से किं तं लोवेणं? लोवेणं-ते अत्र ते'त्र पटो अत्र पटो'त्र घटो अत्र घटो'त्र रथो अत्र रथो'त्र से तं लोवेणं. से किं तं पयईए ? पयईए-अग्नी एत्तउ पटू इमउ शाले एते माले इमे, से तं पयईए. से किं तं विगारेणं? विगारेणं — दण्डस्य अग्रं दण्डाग्रं सा आगता सागता दधि इदं दधीदं नदी ईहते नदीहते मधु उदकं मधूदकं वधू ऊहते वधूहते, से तं विगारेणं, से तं चउनामे."
897,
898,
899,
900,---------------------------------------------------------------------
901,"से किं तं पञ्चनामे? पञ्चनामे पञ्चविहे पन्नत्ते, तं जहा – नामिकं, नइपातिकं आख्यातिकं अउपसगिकं मिश्रं. अश्व इति नामिकं खल्विति नइपातिकं धावतीत्याख्यातिकं परीत्यउपसर्गिकं संयत इति मिश्रं, से तं पञ्चनामे."
902,
903,
904,
905,---------------------------------------------------------------------
906,"से किं तं छनामे? छनामे छव्विहे पन्नत्ते तं जहा — उदइए उवसमिए खइए खओवसमिए पारिणामिए सन्निवाइए. से किं तं उदइए? उदइए दुविहे पन्नत्ते तं जहा — उदए य उदयनिप्फन्ने य, से किं तं उदए? उदए- अट्ठण्हं कम्मपयडीणं उदएणं, से तं उदए. से किं तं उदयनिप्फन्ने? उदयनिप्फन्ने दुविहे पन्नत्ते तं जहा — जीवोदयनिप्फन्ने य अजीवोदयनिप्फन्ने य. से किं तं जीवोदयनिप्फन्ने? जीवोदयनिप्फन्ने अनेगविहे पन्नत्ते तं जहा — नेरइए तिरिक्खजोणिए मणुस्से देवे पुढविकाइए जाव तसकाइए कोहकसाई जाव लोभकसाई इत्थिवेए पुरिसवेए नपुंसगवेए कण्हलेसे जाव सुक्कलेसे मिच्छदिट्ठी अविरए असण्णी अन्नाणी आहारए छउमत्थे सजोगी संसारत्थे असिद्धे अकेवली, से तं जीवोदयनिप्फन्ने. . "
907,
908,"से किं तं अजीवोदयनिप्फन्ने? अजीवोदयनिप्फन्ने अनेगविहे पन्नत्ते तं जहा —ओरालियं वा सरीरं ओरालियसरीरपओगपरिणामिय वा दव्वं वेउव्वियं वा सरीरं वेउव्वियसरीरपओगपरिणामियं वा दव्वं, एवं आहारयं सरीरं तेयगं सरीरं कम्मयं सरीरं च भाणियव्वं. पओगपरिणामिए वण्णे गन्धे रसे फासे, से तं अजीवोदयनिप्फन्ने, से तं उदयनिप्फन्ने, से तं उदइए. . "
909,
910,"से किं तं उवसमिए? उवसमिए दुविहे पन्नत्ते तं जहा — उवसमे य उवसमनिप्फन्ने य. से किं तं उवसमे? उवसमे-मोहणिज्जस्स कम्मस्स उवसमेणं, से तं उवसमे. से किं तं उवसमनिप्फन्ने? उवसमनिप्फन्ने अनेगविहे पन्नत्ते तं जहा — उवसन्तकोहे उवसन्तमाणे उवसन्तमाए उवसन्तलोभे उवसन्तपेज्जे उवसन्तदोसे उवसन्तदंसणमोहणिज्जे उवसन्त-चरित्तमोहणिज्जे उवसमिया सम्मत्तलद्धी उवसमिया चरित्तलद्धी उवसन्तकसायछउमत्थवीयरागे, से तं उवसम-निप्फन्ने, से तं उवसमिए."
911,
912,"से किं तं खइए? दुविहे पन्नत्ते तं जहा खए य खयनिप्फन्ने य. से किं तं खए खएअट्ठण्हं कम्मपयडीणं खएणं, से तं खए. से किं तं खयनिप्फन्ने? खयनिप्फन्ने अनेगविहे पन्नत्ते तं जहा — उप्पन्ननाणदंसणधरे अरहा जिणे केवली खीणआभिणिबोहियनाणावरणे खीणसुयनाणावरणे खीणओहि-नाणावरणे खीणमणपज्जवनाणावरणे खीणकेवलनाणावरणे अनावरणे निरावरणे खीणावरणे नाणावरणिज्ज-कम्मविप्पमुक्के, केवलदंसी सव्वदंसी खीणनिद्दे खीणनिद्दानिद्दे खीणपयले खीणपयलापयले खीणथीणगिद्धी खीणचक्खुदंसणावरणे खीणअचक्खुदंसणावरणे खीणओहिदंसणावरणे खीणकेवलदंसणावरणे अनावरणे निरावरणे खीणावरणे दरिसणावरणिज्जकम्मविप्पमुक्के खीणसायवेयणिज्जे खीणअसाय-वेयणिज्जे अवेयणे निव्वेयणे खीणवेयणे सुभासुभवेयणिज्जकम्मविप्पमुक्के, खीणकोहे खीणमाणे खीणमाए खीणलोहे खीण-पेज्जे खीणदोसे खीणदंसणमोहणिज्जे खीणचरित्तमोह० अमोहे निम्मोहे खीणमोहे मोहणिज्ज कम्मविप्पमुक्के, खीणनेरइयाउए खीणतिरिक्खजोणियाउए खीणमणुस्साउए खीणदेवाउए अणाउए निराउए खीणाउए आउकम्मविप्पमुक्के, गइ-जाइ-सरीरङ्गोवङ्ग-बन्धण-सङ्घायण-सङ्घयण-सण्ठाण-अनेगबॊन्दिविन्द-सङ्घायविप्पमुक्के खीणसुभनामे खीणअसुभनामे अनामे निन्नामे खीणनामे सुभासुभनाम-कम्मविप्पमुक्के, खीणउच्चागोए खीणनीयागोए अगोए निगोए खीणगोए सुभासुभगोत्तकम्मविप्पमुक्के, खीणदानन्तराए खीणलाभन्तराए खीणभोगन्तराए खीणउवभोगन्तराए खीणवीरियन्तराए अनन्तराए निरन्तराए खीणन्तराए अन्तराय-कम्मविप्पमुक्के, सिद्धे बुद्धे मुत्ते परिनिव्वुडे अन्तगडे सव्वदुक्खप्पहीणे, से तं खयनिप्फन्ने. से तं खइए."
913,
914,"से किं तं खओवसमिए? खओवसमिए दुविहे पन्नत्ते तं जहा — खओवसमे य खओवसम-निप्फने य. से किं तं खओवसमे? खओवसमे चउण्हं घाइकम्माणं खओवसमेणं नाणावरणिज्जस्स दंसणावरणिज्जस्स मोहणिज्जस्स अन्तरायस्स खओवसमेणं, से तं खओवसमे. से किं तं खओवसम-निप्फन्ने? खओवसम-निप्फन्ने अनेगविहे पन्नत्ते तं जहा — खओवसमिया आभिनिबोहियनाणलद्धीखओवसमिया जाव मणपज्जवनाणलद्धीखओवसमिया मइअन्नाणलद्धीखओवसमिया सुयअन्नाण खओवसमिया विभङ्गनाण खओवसमिया, चक्खुदंसण लद्धि खओवसमिया अचक्खुदंसणलद्धी खओवसमिया ओहिदंसणलद्धीखओवसमिया, सम्मदंसणलद्धीखओवसमिया मिच्छा-दंसणलद्धीखओवसमिया सम्ममिच्छा-दंसणलद्धीखओवसमिया, सामाइयचरित्तलद्धीखओवसमिया छेदोवट्ठावण-चरित्तलद्धीखओवसमिया परिहार-विसुद्धियचरित्तलद्धी खओवसमिया सुहुमसम्परायचरित्तलद्धी खओवसमिया चरित्ताचरित्तलद्धी खओवसमिया, दानलद्धीखओवसमिया लाभलद्धीखओवसमिया भोगलद्धीखओवसमिया उवभोगलद्धीखओवसमिया वीरिय-लद्धीखओवसमिया बालवीरियलद्धीखओवसमिया पण्डियवीरियलद्धीखओवसमिया बालपण्डियवीरियलद्धीख-ओवसमिया, सोइन्दियलद्धीखओवसमिया जाव फासिन्दियलद्धी खओवसमिए आयारधरेखओवसमिए सूयगड-धरेखओवसमिए जाव दिट्ठिवायधरेखओवसमिए, नवपुव्वीखओवसमिए जाव चउद्दसपुव्वीखओवसमिए, गणीखओवसमिए वायए, से तं खओवसमनिप्फन्ने. से तं खओवसमिए."
915,
916,से किं तं पारिणामिए? पारिणामिए दुविहे पन्नत्ते तं जहा — साइपारिणामिए य अनाइ-पारिणामिए य. से किं तं साइ-पारिणामिए? साइपारिणामिए अनेगविहे पन्नत्ते तं जहा —
917,
918,
919,
920,---------------------------------------------------------------------
921,जुण्णसुरा जुण्णगुलो जुण्णधयं जुण्णतन्दुला चेव
922,अब्भा य अब्भरुक्खा सञ्झा गन्धव्वनगरा य // अणुओग.१६२
923,
924,
925,
926,---------------------------------------------------------------------
927,"उक्कावाया दिसादाहा गज्जियं विज्जू निग्घाया जूवया जक्खालित्ता धूमिया महिया रयुग्घाओ चन्दोवरागा सूरोवरागा चन्दपरिवेसा सूरपरिवेसा पडिचन्दा पडिसूरा इन्दधनू उदगमच्छा कविहसिया अमोहा वासा वासधरा गामा नगरा धरा पव्वत्ता पायाला भवना निरया रयणप्पभा जाव तमतमा सोहम्मे जाव अच्चुए गेवेज्जे अनुत्तरे ईसिप्पब्भारा परमाणुपोग्गले दुपएसिए जाव अनन्तपएसिए, से तं साइपारिणामिए. से किं तं अनाइ-पारिणामिए? अनाइ-पारिणामिए धम्मत्थिकाए अधम्मत्थिकाए आगासत्थिकाए जीवत्थिकाए पोग्गलत्थिकाए अद्धासमए लोए अलोए जाव जीवा अजीवा भवसिद्धिया अभवसिद्धिया, से तं अनाइ-पारिणामिए, से तं पारिणामिए."
928,
929,"से किं तं सन्निवाइए? सन्निवाइए एएसिं चेव उदइय-उवसमिय-खइय-खओवसमिय-पारिणामियाणं भावाणं दुगसञ्जोएणं तिगसञ्जोएणं चउक्कसञ्जोएणं पञ्चगसञ्जोएणं जे निप्फज्जइ सव्वे ते सन्निवाइए नामे, तत्थ णं दस दुगसञ्जोगा दस तिगसञ्जोगा पञ्च चउक्कसञ्जोगा एगे पञ्चकसञ्जोगे, तत्थ णं जे ते दस दुगसञ्जोगा ते णं इमे- अत्थि नामे उदइए उवसमनिप्फन्ने अत्थि नामे उदइए खयनिप्फन्ने अत्थि नामे उदइए खओवसमनिप्फन्ने अत्थि नामे उदइए पारिणामियनिप्फन्ने अत्थि नामे उवसमिए खयनिप्फन्ने अत्थि नामे उवसमिए खओवसमनिप्फन्ने अत्थि नामे उवसमिए पारिणामियनिप्फन्ने अत्थि नामे खइए खओवसमनिप्फन्ने अत्थि नामे खइए पारिणामिय निप्फन्ने अत्थि नामे खओवसमिए पारिणामियनिप्फन्ने."
930,
931,"कयरे से नामे उदइए उवसमनिप्फन्ने? उदइए त्ति मणुस्से उवसन्ता कसाया, एस णं से नामे उदइए उवसमनिप्फन्ने, कयरे से नामे उदइए खयनिप्फन्ने? उदइए त्ति मणुस्से खइयं सम्मत्तं, एस णं से नामे उदइए खयनिप्फन्ने, कयरे से नामे उदइए खओवसमनिप्फन्ने? उदइए त्ति मणुस्से खओवसमियाइं इन्दियाइं, एस णं से नामे उदइए खओवसमनिप्फन्ने, कयरे से नामे उदइए पारिणामियनिप्फन्ने? उदइए त्ति माणुस्से पारिणामिए जीवे, एस णं से नामे उदइए पारिणामिय-निप्फन्ने, कयरे से नामे उवसमिए खयनिप्फन्ने? उवसन्ता कसाया खइयं समत्तं, एस णं से नामे उवसमिए खयनिप्फणअणे. कयरे से नामे उवसमिए खओवसमनिप्फन्ने? उवसन्ता कसाया खओवसमियाइं इन्दियाइं एस णं से नामे उवसमिए खओवसमनिप्पण्णे, कयरे से नामे उवसमिए पारिणा-मियनिप्फन्ने? उवसन्ता कसाया पारिणामिए जीवे, एस णं से नामे उवसमिए पारिणामियनिप्फन्ने."
932,
933,"कयरे से नामे खइए खओवसमनिप्फन्ने? खइयं सम्मत्तं, खओवसामियाइं इन्दियाइं, एस णं नामे खइए-खओवसम-निप्फन्ने, कयरे से नामे खइए पारिणामिम निप्फन्ने? खइयं सम्मत्तं पारिणामिए जीवे, एस णं से नामे खइए पारिणामियनिप्फन्ने. कयरे से नामे खओवसमिए पारिणामियनिप्फन्ने? खओवसमियाइं इन्दियाइं पारिणामिए जीवे, एस णं से नामे खओवसमिए पारिणामियनिप्फन्ने. तत्थ णं जेते दस तिगसञ्जोगा ते णं इमे- (१) अत्थि नामे उदइए उवसमिए खय-निप्फन्ने (२) अत्थि नामे उदइए उवसमिए खओवसमनिप्फन्ने (३) अत्थि नामे उदइए उवसमिए पारिणामियनिप्फन्ने (४) अत्थि नामे उदइए खइए खओवसमनिप्फन्ने (५) अत्थि नामे उदइए खइए पारिणामियनिप्फन्ने (६) अत्थि नामे उदइए खओवसमिए पारिणामियनिप्फन्ने (७) अत्थि नामे उवसमिए खइए खओवसमनिप्फन्ने (८) अत्थि नामे उवसमिए खइए पारिणामियनिप्फन्ने (९) अत्थि नामे उवसमिए खओवसमिए पारिणामियनिप्फन्ने (१०) अत्थि नामे खइए खओवसमिए पारिणामियनिप्फन्ने."
934,
935,"(१) कयरे से नामे उदइए उवसमिए खयनिप्फन्ने? उदइए त्ति मणुस्से उवसन्ता कसाया खइयं सम्मत्तं, एस णं से नामे उदइए उवसमिए खयनिप्फन्ने, (२) कयरे से नामे उदइए उवसमइए खओवसमनिप्फन्ने? उदइए त्ति मणुस्से उवसन्ता कसाया खओवसमियाइं इन्दियाइं एस णं से नामे उदइए उवसमिए खओवसमनिप्फन्ने, (३) कयरे से नामे उदइए उवसमिए पारिणामियनिप्फन्ने? उदइए त्ति माणुस्से उवसन्ता कसाया पारिणामिए जीवे, एस णं से नामे उदइए उवसमिए पारिणामियनिप्फन्ने."
936,
937,"(४) कयरे से नामे उदइए खइए खओवसमनिप्फन्ने उदइए त्ति मणुस्से खइयं सम्मत्तं खओवसमियाइं इन्दियाइं, एस णं से नामे उदइए खइए खओवसमिए –निप्फन्ने (५) कयरे नामे उदइए खइए पारिणामियनिप्फन्ने? उदइए त्ति मणुस्से खइयं सम्मत्तं पारिणामिए जीवे, एस णं से नामे उदइए खइए पारिणामिय निप्फन्ने, (६) कयरे से नामे उदइए खओवसमिए पारिणामिए निप्फन्ने? उदइए त्ति माणुस्से खओवसमियाइं इन्दियाइं पारिणामिए जीवे, एस णं से नामे उदइए खओवसमिए पारिणामियनिप्फन्ने."
938,
939,"(७) कयरे से नामे उवसमिए खइए खओवसमियनिप्फन्ने? उवसन्ता कसाया खइयं सम्मत्तं खओवसमियाइं इन्दियाइं, एस णं से नामे उवसमिए खइए खओवसमनिप्फन्ने (८) कयरे से नामे उवसमिए खइए पारिणामियनिप्फन्ने? उवसन्ता कसाया खइयं सम्मत्तं पारिणामिए जीवे, एस णं से नामे उवसमिए खइए खओवसमनिप्फन्ने (९) कयरे से नामे उवसमिए खओवसमिए पारिणामियनिप्फन्ने? उवसन्ता कसाया खओवसमियाइं इन्दियाइं पारिणामिए जीवे, एस णं से नामे उवसमिए खओवसमिए पारिणामियनिप्फण्णं. (१०) कयरे से नामे खइए खओवसमिए पारिणामियनिप्फन्ने? खइयं सम्मत्तं खओवसमियाइं इन्दियाइं पारिणामिए जीवे, एस णं से नामे खइए खओवसमिए पारिणामियनिप्फन्ने."
940,
941,तत्थ णं जेते पञ्च चउक्कसञ्जोगा ते णं इमे (१) अत्थि नामे उदइए उवसमिए खइए खओवसमनिप्फन्ने (२) अत्थि नामे उदइए उवसमिए खइए पारिणामियनिप्फन्ने (३) अत्थि नामे उदइए उवसमिए खओवसमिए पारिणामियनिप्फन्ने (४) अत्थि नामे उदइए खइए खओवसमिए पारिणामियनिप्फन्ने (५) अत्थि नामे उवसमिए खइए खओवसमिए पारिणामनिप्फन्ने.
942,
943,"कयरे से नामे उदइए उवसमिए खइए खओवसमनिप्फन्ने? उदइए त्ति मणुस्से उवसन्ता कसाया खइयं सम्मत्तं खओवसमियाइं इन्दियाइं, एस णं से नामे उदइए उवसमिए खइए खओवसमिए पारिणामियनिप्फन्ने. (२) कयरे से नामे उदइए उवसमिए खइए पारिणामिय निप्फन्ने? उदइए त्ति मणुस्से उवसन्ता कसाया खइयं सम्मत्तं पारिणामिए जीवे, एस णं से नामे उदइए उवसमिए खइए पारिणामिअनिप्फन्ने. (३) कयरे से नामे उदइए उवसमिए खओवसमिए पारिणामियनिप्फन्ने? उदइए त्ति मणुस्से उवसन्ता कसाया खओवसमिआइं इन्दियाइं पारिणामिए जीवे, एस णं से नामे उदइए उवसमिए खओवसमिए पारिणामियनिप्फन्ने. (४) कयरे से नामे उदइए खइए खओवसमिए पारिणामिय-निप्फन्ने ? उदइए त्ति मणुस्से खइयं सम्मत्तं खओवसमियाइं इन्दियाइं पारिणामिए जीवे, एस णं से नामे उदइए खइए खओवसमिए पारिणामियनिप्फणे. (५) कयरे से नामे उवसमिए खइए खओवसमिए पारिणामिय-निप्फन्ने? उवसन्ता कसाया खइयं सम्मत्तं खओवसमियाइं इन्दियाइं पारिणामिए जीवे, एस णं से नामे उवसमिए खइए खओवसमिए पारिणामियनिप्फन्ने."
944,
945,"तत्थ णं जे से एक्के पञ्चगसञ्जोए से णं इमे अत्थि नामे उदइए उवसमिए खइए खओवसमिए पारिणामियनिप्फन्ने. कयरे से नामे उदइए जाव पारिणामियनिप्फन्ने? उदइए त्ति मणुस्से उवसन्ता कसाया खइयं समत्तं खओवसमियाइं इन्दियाइं पारिणामिए जीवे, एस णं से नामे उदइए जाव पारिणामियनिप्फन्ने, से तं सन्निवाइए से तं छनामे."
946,
947,
948,
949,---------------------------------------------------------------------
950,से किं तं सत्तनामे? सत्तनामे- सत्त सरा पन्नत्ता तं जहा —
951,
952,
953,
954,---------------------------------------------------------------------
955,सज्जे रिसभे गन्धारे मज्झिमे पञ्चमे सरे
956,धेवए चेव नेसाए सरा सत्त वियाहिया // अणुओग.१६५
957,
958,
959,
960,---------------------------------------------------------------------
961,एएसिं णं सत्तण्हं सराणं सत्त सरट्ठाणा पन्नत्ता तं जहा —
962,
963,
964,
965,---------------------------------------------------------------------
966,सज्जं च अग्गजीहाए उरेण रिसभं सरं
967,कण्ठुग्गएण गन्धारं मज्झजीहाए मज्झिमं // अणुओग.१६७
968,
969,
970,
971,---------------------------------------------------------------------
972,नासाए पञ्चमं बूया दन्तोट्ठेणं य धेवतं
973,भमुहक्खेवेण नेसाहं सरट्ठाणा वियाहिया // अणुओग.१६८
974,
975,
976,
977,---------------------------------------------------------------------
978,सत्त सरा जीवनिस्सिया पन्नत्ता तं जहा —
979,
980,
981,
982,---------------------------------------------------------------------
983,सज्जं रवइ मयूरो कुक्कुडो रिसभं सरं
984,हंसो रवइ गन्धारं मज्झिमं तु गवेलगा // अणुओग.१७०
985,
986,
987,
988,---------------------------------------------------------------------
989,अह कुसुमसम्भवे काले कोइला पञ्चमं सरं
990,छट्ठं च सारसा कुञ्चा नेसायं सत्तमं गओ // अणुओग.१७१
991,
992,
993,
994,---------------------------------------------------------------------
995,सत्त सरा अजीनिस्सिया पन्नत्ता तं जहा —
996,
997,
998,
999,---------------------------------------------------------------------
1000,सज्जं रवइ मुयङ्गो गोमुही रिसभं सरं
1001,सङ्खो रवइ गन्धारं मज्झिमं पुण झल्लरी // अणुओग.१७३
1002,
1003,
1004,
1005,---------------------------------------------------------------------
1006,चउचलणपइट्ठाणा गोहिया पञ्चमं सरं
1007,आडम्बरो धेवइयं महाभेरी य सत्तमं // अणुओग.१७४
1008,
1009,
1010,
1011,---------------------------------------------------------------------
1012,एएसि णं सत्तण्हं सराणं सत्त सरलक्खणा पन्नत्ता तं जहा —
1013,
1014,
1015,
1016,---------------------------------------------------------------------
1017,सज्जेण लहइ वित्तिं कयं च न विनस्सइ
1018,गावो पुत्ता य मित्ता य नारीणं होई वल्लहो // अणुओग.१७६
1019,
1020,
1021,
1022,---------------------------------------------------------------------
1023,रिसभेण उ एसज्जं सेनावच्चं धनानि य
1024,वत्थगन्धमलङ्कारं इत्थीओ सयणाणि य // अणुओग.१७७
1025,
1026,
1027,
1028,---------------------------------------------------------------------
1029,गन्धारे गीतजुत्तिण्णा विज्जवित्ती कलाहिया
1030,हवन्ति कइणो पण्णा जे अन्ने सत्थपारगा // अणुओग.१७८
1031,
1032,
1033,
1034,---------------------------------------------------------------------
1035,मज्झिमसरमन्ता उ हवन्ति सुहजीविणो
1036,खायई पियई देई मज्झिमसरमस्सिओ // अणुओग.१७९
1037,
1038,
1039,
1040,---------------------------------------------------------------------
1041,पञ्चमसरमन्ता उ हवन्ति पुहवीपती
1042,सूरा सङ्गहकत्तारो अनेगगणनायगा // अणुओग.१८०
1043,
1044,
1045,
1046,---------------------------------------------------------------------
1047,धेवयसरमन्ता उ हवन्ति दुहजीविणो
1048,साउणिया वाउरिया सोयरिया मच्छबन्धा य // अणुओग.१८१
1049,
1050,
1051,
1052,---------------------------------------------------------------------
1053,नेसायसरमन्ता उ हवन्ति कलहकारगा
1054,जङ्घाचरा लेहवाहा हिण्डगा भारवाहगा // अणुओग.१८२
1055,
1056,
1057,
1058,---------------------------------------------------------------------
1059,एएसिं णं सत्तण्हं सराणं तओ गामा पन्नत्ता तं जहा — सज्जगामे मज्झिमगामे गन्धारगामे. सज्जगामस्स णं सत्त मुच्छणाओ पन्नत्ताओ तं जहा —
1060,
1061,
1062,
1063,---------------------------------------------------------------------
1064,मङ्गी कोरव्वीया हरीया रयणी य सारकन्ता य
1065,छट्ठी य सारसी नाम सुद्धसज्जा य सत्तमा // अणुओग.१८४
1066,
1067,
1068,
1069,---------------------------------------------------------------------
1070,मज्झिमगामस्स णं सत्त मुच्छणाओ पन्नत्ताओ तं जहा —
1071,
1072,
1073,
1074,---------------------------------------------------------------------
1075,उत्तरमन्दा रयणी उत्तरा उत्तरायता
1076,समोक्कन्ता य सोवीरा अभिरुवा होइ सत्तमा // अणुओग.१८६
1077,
1078,
1079,
1080,---------------------------------------------------------------------
1081,गन्धारगामस्स णं सत्त मुच्छणाओ पन्नत्ताओ तं जहा —
1082,
1083,
1084,
1085,---------------------------------------------------------------------
1086,नन्दी य खुड्डिया पूरिमा य चउत्थी य सुद्धगन्धारा
1087,उत्तरगन्धारा वि य पञ्चमिया हवइ मुच्छा उ // अणुओग.१८८
1088,
1089,
1090,
1091,---------------------------------------------------------------------
1092,सुट्ठुत्तरमायामा सा छट्ठी सव्वओ उ नायव्वा
1093,अह उत्तरायता कोडिमा य सा सत्तमी मुच्छा // अणुओग.१८९
1094,
1095,
1096,
1097,---------------------------------------------------------------------
1098,सत्त सरा कओ हवन्ति? गीयस्स का हवइ जोणी?
1099,कइसमया ऊसासा? कइ वा गीयस्स आगारा? // अणुओग.१९०
1100,
1101,
1102,
1103,---------------------------------------------------------------------
1104,सत्त सरा नाभीओ हवन्ति गीयं च रुइयजोणी
1105,पायसमा ऊसासा तिन्नि य गीयस्स आगारा // अणुओग.१९१
1106,
1107,
1108,
1109,---------------------------------------------------------------------
1110,आइमिउ आरभन्ता समुव्वहन्ता य मज्झयारंमि
1111,अवसाने य उज्झन्ता तिन्नि वि गीयस्स आगारा // अणुओग.१९२
1112,
1113,
1114,
1115,---------------------------------------------------------------------
1116,छद्दोसे अट्ठगुणे तिन्नि य वित्ताइं दोन्नि भणितीओ
1117,जो नाही सो गाहिइ सुसिक्खिओ रङ्गमज्झंमि // अणुओग.१९३
1118,
1119,
1120,
1121,---------------------------------------------------------------------
1122,भीयं दुयमुप्पिच्छं उत्तालं च कमसो मुणेयव्वं
1123,काकस्सरमणुणासं छद्दोसा हॊन्ति गीयस्स // अणुओग.१९४
1124,
1125,
1126,
1127,---------------------------------------------------------------------
1128,पुण्णं रत्तं च अलङ्कियं च वत्तं च तहेव मविघुट्ठं
1129,महुरं समं सुललियं अट्ठ गुणा हॊन्ति गेयस्स // अणुओग.१९५
1130,
1131,
1132,
1133,---------------------------------------------------------------------
1134,उर-कण्ठ-सिर-विसुद्धं च गिज्जन्ते मउय-रिभिय-पदबद्धं
1135,समतालपदुक्खेवं सत्तस्सरसीभरं गीयं // अणुओग.१९६
1136,
1137,
1138,
1139,---------------------------------------------------------------------
1140,अक्खरसमं पदसमं तालसमं लयसमं च गेहसमं
1141,निस्ससिउस्ससियसमं सञ्चारसमं सरा सत्त // अणुओग.१९७
1142,
1143,
1144,
1145,---------------------------------------------------------------------
1146,निद्दोसं सारवन्तं च हेउजुत्तमलङ्कियं
1147,उवनीयं सोवयारं च मियं महुरमेव य // अणुओग.१९८
1148,
1149,
1150,
1151,---------------------------------------------------------------------
1152,समं अद्धसमं चेव सव्वत्थ विसमं च जं
1153,तिन्नि वित्तप्पयाराइं चउत्थं नोवलब्भई // अणुओग.१९९
1154,
1155,
1156,
1157,---------------------------------------------------------------------
1158,सक्कया पायया चेव भणितीओ हॊन्ति दोन्नि वि
1159,सरमण्डलंमि गिज्जन्ते पसत्था इसिभासिया // अणुओग.२००
1160,
1161,
1162,
1163,---------------------------------------------------------------------
1164,केसी गायइ महुरं केसी गायइ खरं च रुक्खं च
1165,केसी गायइ चउरं केसीय विलम्बियं दुतङ्केसी? विस्सरं पुण केरिसी? // अणुओग.२०१
1166,
1167,
1168,
1169,---------------------------------------------------------------------
1170,सामा गायइ महुरं काली गायइ खरं च रुक्खं च
1171,"गोरी गायइ चउरं काणाय विलम्बियं दुतं मन्दा, विस्सरं पुण पिङ्गला // अणुओग.२०२"
1172,
1173,
1174,
1175,---------------------------------------------------------------------
1176,सत्त सरा तओ गामा मुच्छणा एगवीसई
1177,ताणा एगूणपन्नासं समत्तं सरमडलं // अणुओग.२०३
1178,
1179,
1180,
1181,---------------------------------------------------------------------
1182,से तं सत्तनामे.
1183,
1184,
1185,
1186,---------------------------------------------------------------------
1187,से किं तं अट्ठनामे? अट्ठविहा वयणविभत्ती पन्नत्ता तं जहा —
1188,
1189,
1190,
1191,---------------------------------------------------------------------
1192,निद्देसे पढमा होइ बितिया उवएसणे
1193,तइया करणंमि कया चउत्थी सम्पयावणे // अणुओग.२०६
1194,
1195,
1196,
1197,---------------------------------------------------------------------
1198,पञ्चमी य अवायाणे छट्ठी सस्सामिवायणे
1199,सत्तमी सन्निहाणत्थे अट्ठमामन्तणी भवे // अणुओग.२०७
1200,
1201,
1202,
1203,---------------------------------------------------------------------
1204,तत्थ पढमा विभत्ती निद्देसे सो इमो अहं व त्ति
1205,बिइया पुण उवएसे भण कुणसु इमं व तं व त्ति // अणुओग.२०८
1206,
1207,
1208,
1209,---------------------------------------------------------------------
1210,तइया करणंमि कया भणियं व कयं व तेण व मए वा
1211,हन्दि नमो साहाए हवइ चउत्थी पयाणंमि // अणुओग.२०९
1212,
1213,
1214,
1215,---------------------------------------------------------------------
1216,अवणय गेण्ह य एत्तो इतो वा पञ्चमी अवायाणे
1217,छट्ठी तस्स इमस्स व गयस्स वा सामिसम्बन्धे // अणुओग.२१०
1218,
1219,
1220,
1221,---------------------------------------------------------------------
1222,हवइ पुण सत्तमी तं इमंमि आधारकालभावे य
1223,आमन्तणी भवे अट्ठमी उ जह हे जुवाण त्ति // अणुओग.२११
1224,
1225,
1226,
1227,---------------------------------------------------------------------
1228,से तं अट्ठनामे.
1229,
1230,
1231,
1232,---------------------------------------------------------------------
1233,से किं तं नवनामे? नवनामे नव कव्वरसा पन्नत्ता तं जहा —
1234,
1235,
1236,
1237,---------------------------------------------------------------------
1238,वीरो सिङ्गारो अब्भुओ य रोद्दो य होइ बोधव्वो
1239,वेलणओ बीभच्छो हासो कलुणो पसन्तो य // अणुओग.२१४
1240,
1241,
1242,
1243,---------------------------------------------------------------------
1244,तत्थ परिच्चायंमि य तवचरणे सत्तुजणविनासे य
1245,अणणुसय-धिति-परक्कमलिङ्गो वीरो रसो होइ // अणुओग.२१५
1246,
1247,
1248,
1249,---------------------------------------------------------------------
1250,सो नाम महावीरो जो रज्जं पयहिऊण पव्वइओ
1251,काम-कोह-महासत्तु-पक्खनिग्घायणं कुणइ // अणुओग.२१६
1252,
1253,
1254,
1255,---------------------------------------------------------------------
1256,सिङ्गारो नाम रसो रतिसञ्जोगाभिलाससञ्जणणो
1257,मण्डण-विलास-बिब्बो अहासलीलारमण लिङ्गो // अणुओग.२१७
1258,
1259,
1260,
1261,---------------------------------------------------------------------
1262,महुरं विलास-ललियं हिययुम्मादणकरं जुवाणाणं
1263,सामा सद्दुद्दामं दाएती मेहलादामं // अणुओग.२१८
1264,
1265,
1266,
1267,---------------------------------------------------------------------
1268,विम्हयकरो अपुव्वो 'नुभूयपुव्वो य जो रसो होइ
1269,हरिसविसायुप्पत्तिलक्खणो अब्भुओ नाम // अणुओग.२१९
1270,
1271,
1272,
1273,---------------------------------------------------------------------
1274,अब्भुतरमिह एत्तो अन्नं किं अत्थि जीवलोगंमि
1275,जं जिनवयणे अत्था तिकालजुत्ता वि नज्जन्ति? // अणुओग.२२०
1276,
1277,
1278,
1279,---------------------------------------------------------------------
1280,भयजणणरूव सद्दन्धकार-चिन्ता कहासमुप्पन्नो
1281,संमोह-सम्भम-विसाय-मरणिलिङ्गो रसो रोद्दो // अणुओग.२२१
1282,
1283,
1284,
1285,---------------------------------------------------------------------
1286,भिउडी-विडम्बियमुहा सन्दट्ठोट्ठ इय रुहियरमोकिण्णो
1287,हणसि पसुं असुरनिभो भीमरसिय अइरोद्द रोद्दो'सि // अणुओग.२२२
1288,
1289,
1290,
1291,---------------------------------------------------------------------
1292,विनओवयार-गुज्झ गुरुदार मेरावइक्कमुप्पन्नो
1293,वेलणओ नाम रसो लज्जासङ्काकरणलिङ्गो // अणुओग.२२३
1294,
1295,
1296,
1297,---------------------------------------------------------------------
1298,किं लोइयकरणीओ लज्जणीयतरं लज्जिया मोत्ति
1299,वारेज्जंमि गुरुजनो परिवन्दइ जं बहुप्पोत्तं // अणुओग.२२४
1300,
1301,
1302,
1303,---------------------------------------------------------------------
1304,असुइ-कुणिम-दुद्दंसण सञ्जोगब्भासगन्धनिप्फन्नो
1305,निव्वेयविहिंसालक्खणो रसो होइ बीभत्थो // अणुओग.२२५
1306,
1307,
1308,
1309,---------------------------------------------------------------------
1310,असुइमलभरियनिज्झर सभावदुग्गन्धि सव्वकालं पि
1311,धन्ना उ सरीरकलिं बहुमलकलुसं विमुचन्ति // अणुओग.२२६
1312,
1313,
1314,
1315,---------------------------------------------------------------------
1316,रूव-वय-वेस-भासा विवरीयविलम्बणा समुप्पन्नो
1317,हासो मनप्पहासो पगासलिङ्गो रसो होइ // अणुओग.२२७
1318,
1319,
1320,
1321,---------------------------------------------------------------------
1322,पासुत्त-मसीमण्डिय पडिबुद्ध देयरं पलोयन्ती
1323,ही जह थण-भर-कम्पण-पणमियमज्झा हसइ सामा // अणुओग.२२८
1324,
1325,
1326,
1327,---------------------------------------------------------------------
1328,पियविप्पओग-बन्ध-वह वाहि-विनिवाय सम्भमुप्पन्नो
1329,सोइय-विलविय-पव्वाय-रुण्णलिङ्गो रसो करूणो // अणुओग.२२९
1330,
1331,
1332,
1333,---------------------------------------------------------------------
1334,पज्झाय-किलामिययं बाहागयपप्पुयच्छियं बहुसो
1335,तस्स विओगे पुत्तिय! दुब्बलयं ते मुहं जायं // अणुओग.२३०
1336,
1337,
1338,
1339,---------------------------------------------------------------------
1340,निद्दोसमण-समाहाण सम्भवो जो पसन्तभावेणं
1341,अविकारलक्खणो सो रसो पसन्तो त्ति नायव्वो // अणुओग.२३१
1342,
1343,
1344,
1345,---------------------------------------------------------------------
1346,सब्भाव-निव्विगारं उवसन्त-पसन्त-सोमदिट्ठीयं
1347,ही जह मुणिणो सोहइ मुहकमलं पीवरसिरीयं // अणुओग.२३२
1348,
1349,
1350,
1351,---------------------------------------------------------------------
1352,एए नव कव्वरसा बत्तीसदोसविहिसमुप्पन्ना
1353,गाहाहिं मुणेयव्वा हवन्ति सुद्धा य मीसा वा // अणुओग.२३३
1354,
1355,
1356,
1357,---------------------------------------------------------------------
1358,से तं नवनामे.
1359,
1360,
1361,
1362,---------------------------------------------------------------------
1363,से किं तं दसनामे? दसनामे दसविहे पन्नत्ते तं जहा — गोण्णे नोगोण्णे आयाणपएणं पडिवक्खपएणं पाहण्णयाए अनाइसिद्धन्तेणं नामेणं अवयवेणं सञ्जोगेणं पमाणेणं.
1364,
1365,"से किं तं गोण्णे? गोण्णे-खमतीति खमणो तवतीति तवणो जलतीति जलणो पवतीति पवणो से तं गोण्णे. से किं तं नोगोण्णे? अकुन्तो सकुन्तो अमुग्गो समुग्गो अमुद्दो समुद्दो अलालं पलालं अकुलिया सकुलिया नो पलं असतीति पलासो अमाइवाहए माइवाहए अबीयवावए बीयवावए नो इन्दं गोवयतीति इन्दगोवए, से तं नोगेण्णे. से किं तं आयाणपएणं? आवन्ती चाउरङ्गिज्जं असङ्खयं अहातत्थिज्जं अद्दइज्जं जण्णइज्जं पुरिसइज्जं एलइज्जं वीरियं धम्मो मग्गो समोसरणं आहत्तहीयं गन्थे जमईयं से तं आयाणपएणं."
1366,
1367,"से किं तं पडिवक्खपएणं? नवेसु गामागर-नगर खेड-कब्बड-मडम्ब-दोणमुह-पट्टणासम-संवाह-सन्निवेसेसु संनिविस्समाणेसु असिवा सिवा अग्गी सीयलो विसं महुरं कल्लालघरेसु अम्बिलं साउयं जे रत्तए से अलत्तए जे लाउए से अलाउए जे सुभए से कुसुम्भए आलवन्ते विवलीयभासए, से तं पडिवक्खपएणं. से किं तं पाहण्णयाए? असोगवने सत्तवण्णवने चम्पगवने चूयवने नागवने पुन्नागवने उच्छुवने दक्खवने सालवने, से तं पाहण्णयाए. से किं तं अनाइसिद्धन्तेणं? धम्मत्थिकाए जाव अद्धासमए, से तं अनाइसिद्धन्तेणं. से किं तं नामेणं? नामेणं पिउपियामहस्स नामेणं उन्नामियए, से तं नामेणं, से किं तं अवयवेणं?"
1368,
1369,
1370,
1371,---------------------------------------------------------------------
1372,सिङ्गी सिही विसाणी दाढी पक्खी खुरी नही वाली
1373,दुपय चउप्पय बहुपय नङ्गूली केसरी ककुही // अणुओग.२३६
1374,
1375,
1376,
1377,---------------------------------------------------------------------
1378,परियरबन्धेण भडं जाणेज्जा महिलियं निवसणेणं
1379,सित्थेणं दोणपायं कविं च एगाए गाहाए // अणुओग.२३७
1380,
1381,
1382,
1383,---------------------------------------------------------------------
1384,"से तं अवयवेणं. से किं तं सञ्जोगेणं? सञ्जोगे चउव्विहे पन्नत्ते तं जहा — दव्वसञ्जोगे खेत्तसञ्जोगे कालसञ्जोगे भावसञ्जोगे. से किं तं दव्वसञ्जोगे? दव्वसञ्जोगे तिविहे पन्नत्ते तं जहा —सचित्ते अचित्ते मीसए. से किं तं सचित्ते? सचित्ते-गोहिं गोमिए महिसीहिं माहिसिए ऊरणीहिं ऊरणिए उट्टीहिं उट्टीवाले, से तं सचित्ते. से किं तं अचित्ते? अचित्ते छत्तेणं छत्ती दण्डेण दण्डी पडेण पडी घडेण घडी कडेण कडी, से तं अचित्ते. से किं तं मीसए? मीसए हलेणं हालिए सगडेणं सागडिए रहेणं रहए नावाए नाविए, से तं मीसए. से तं दव्वसञ्जोगे. . "
1385,
1386,"से किं तं खेत्तसञ्जोगे? खेत्तसञ्जोगे भारहे एरवए हेमवए हेरण्णवए हरिवासए रम्मगवासए देवरकुरुए उत्तरकुरुए पुव्वविदेहए अवरविदेहए अहवा मागहए मालवए सोरट्ठए मरहट्ठए कोङ्कणए कोसलए, से तं खेत्तसञ्जोगे. . "
1387,
1388,"से किं तं कालसञ्जोगे? कालसञ्जोगे सुसम-सुसमए सुसमए सुसम-दूसमए दूसम-सुसमए दूसमए दूसमदूसमए अहवा पाउसए वासारत्तए सरदए हेमन्तए वसन्तए गिम्हए, से तं कालसञ्जोगे. . "
1389,
1390,"से किं तं भावसञ्जोगे? भावसञ्जोगे दुविहे पन्नत्ते तं जहा — पसत्थे य अपसत्थे य, से किं तं पसत्थे? पसत्थे नाणेणं नाणी दंसणेणं दंसणी चरित्तेणं चरित्ती, से तं पसत्थे. से किं तं अपसत्थे? अपसत्थे कोहेणं कोही माणेणं माणी मायाए मायी लोभेणं लोभी, से तं अपसत्थे. से तं भावसञ्जोगे, से तं सञ्जोएणं."
1391,
1392,"से किं तं पमाणेणं? पमाणे चउव्विहे पन्नत्ते तं जहा — नामप्पमाणे ठवणप्पमाणे दव्वप्पमाणे भावप्पमाणे. से किं तं नामप्पमाणे? नामप्पमाणे जस्स णं जीवस्स वा अजीवस्स वा जीवाण वा अजीवाण वा तदुभयस्स व तदुभयाण वा पमाणे त्ति नामं कज्जइ, से तं नामप्पमाणे. से किं तं ठवणप्पमाणे? ठवणप्पमाणे सत्तविहे पन्नत्ते तं जहा :-."
1393,
1394,
1395,
1396,---------------------------------------------------------------------
1397,नक्खत्त-देवय-कुले पासण्ड-गणे य जीवियाहेउं
1398,आभिप्पाइयनामे ठवणानामं तु सत्तविहं // अणुओग.२३९
1399,
1400,
1401,
1402,---------------------------------------------------------------------
1403,"से किं तं नक्खत्तनामे? नक्खत्तनामे कत्तियाहिं जाए-कत्तिए कत्तियादिन्ने कत्तियाधम्मे कत्तियासम्मे कत्तियादेवे कत्तियादासे कत्तियासेने कत्तियारक्खिए, रोहिणीहिं जाए-रोहिणिए रोहिणिदिन्ने रोहिणिधम्मे रोहिणिसम्मे रोहिणिदेवे रोहिणिदासे रोहिणिसेने रोहिणिरक्खिए य एवं सव्वनक्खत्तेसु नामा भाणियव्वा, एत्थ सङ्गहणिगाहाओ."
1404,
1405,
1406,
1407,---------------------------------------------------------------------
1408,कत्तिय रोहिणि मिगसिर अद्दा य पुनव्वसू य पुस्से य
1409,तत्तो य अस्सिलेसा मघाओ दो फग्गुणीओ य // अणुओग.२४१
1410,
1411,
1412,
1413,---------------------------------------------------------------------
1414,हत्थो चित्ता साती विसाहा तह य होइ अनुराहा
1415,जेट्ठा मूलो पुव्वासाढा तह उत्तरा चेव // अणुओग.२४२
1416,
1417,
1418,
1419,---------------------------------------------------------------------
1420,अभिई सवण धणिट्ठा सतभिसया दो य हॊन्ति भद्दवया
1421,रेवति अस्सिणि भरणि एसा नक्खत्तपरिवाडी // अणुओग.२४३
1422,
1423,
1424,
1425,---------------------------------------------------------------------
1426,"से तं नक्खत्तनामे. से किं तं देवयानामे? देवयानामे-अग्गिदेवयाहिं जाए-अग्गिए अग्गिदिन्ने अग्गिधम्मे अग्गिसम्मे अग्गिदेवे अग्गिदासे अग्गिसेने अग्गिरक्खिए एवं सव्वनक्खत्त-देवया-नामा भाणियव्वा, एत्थं पि सङ्गहणिगाहाओ —"
1427,
1428,
1429,
1430,---------------------------------------------------------------------
1431,अग्गि पयावइ सोमे रुद्दो अदिती बहस्सई सप्पे
1432,पिति भग अज्जम सविया तट्ठा वाऊ य इन्दग्गी // अणुओग.२४५
1433,
1434,
1435,
1436,---------------------------------------------------------------------
1437,मित्तो इन्दो निरती आऊ विस्सो य बम्भ विण्हू य
1438,वसु वरुण अय विवद्धी पुस्से आसे जमे चेव // अणुओग.२४६
1439,
1440,
1441,
1442,---------------------------------------------------------------------
1443,"से तं देवयनामे. से किं तं कुलनामे? कुलनामे- उग्गे भोगे राइण्णे खत्तिए इक्खागे नाते कोरव्वे, से तं कुलनामे. से किं तं पासण्डनामे? समणे पण्डरङ्गे भिक्खू कावालिए तावसए परिव्वायगे, से तं पासण्डनामे. से किं तं गणनामे? मल्ले मल्लदिन्ने मल्लधम्मे मल्लसम्मे मल्लदेवे मल्लदासे मल्लसेने मल्लरक्खिए, से तं गणनामे. से किं तं जीवियनामे? जीवियनामे-अवकरए उक्कुरुडए उज्झियए कज्जवए सुप्पए, से तं जीवियानामे. से किं तं आभिप्पाइयनामे? अम्बए निबंए बबुलए पलासए सिणए पीलुए करीरए, से तं आभिप्पाइयनामे. से तं ठवणप्पमाणे."
1444,
1445,"से किं तं दव्वप्पमाणे? दव्वप्पमाणे छव्विहे पन्नत्ते तं जहा —धम्मत्थिकाए जाव अद्धासमए, से तं दव्वप्पमाणे. से किं तं भावप्पमाणे? भावप्पमाणे चउव्विहे पन्नत्ते तं जहा — सामासिए तद्धितए धाउए निरुत्तिए. से किं तं सामासिए? सामासिए सत्त समासा भवन्ति तं जहा —"
1446,
1447,
1448,
1449,---------------------------------------------------------------------
1450,दन्दे य बहुव्वीही कम्मधारए दिऊ तहा
1451,तप्पुरिस अव्वईभावे एगसेसे य सत्तमे // अणुओग.२४८
1452,
1453,
1454,
1455,---------------------------------------------------------------------
1456,"से किं तं दन्दे? दन्दे-दन्ताश्च ओष्ठउ च दन्तोष्ठं, स्तनउ च उदरं च स्तनोदरं, वस्त्रं च पात्रं च वस्त्रपात्रं, अश्वाश्च महिषाश्च अश्वमहिषं, अहिश्च नकुलश्च अहिनकुलं, से तं दन्दे. से किं तं बहुव्वीही? बहुव्वीही-फुल्ला इमंमि गिरिंमि कुडय-कयम्बा सो इमो गिरी फुल्लिय-कुडय-कयम्बो, से तं बहुव्वीही. से किं तं कम्मधारए? कम्मधारए-घवलो वसहो धवलवसहो, किण्हो मिगो किण्हमिगो, सेतो पडो सेतपडो, रत्तो पडो रत्तपडो, से तं कम्मधारए. से किं तं दिगू? तिन्नि कडुयाणि तिकुडुयं, तिन्नि दिगु-महुराणि तिमहुरं, तिन्नि गुणा तिगुणं, तिन्नि पुराणि तिपुरं, तिन्नि सराणि तिसरं, तिन्नि पुक्खराणि तिपुक्खरं, तिन्नि बिन्दुयाणि तिबिन्दुयं, तिन्नि पहा तिपहं, पञ्च नदीओ पञ्चनदं, सत्त गया सत्तगयं, नव तुरगा नवतुरगं, दस गामा दसगामं, दस पुराणि दसपुरं, से तं दिगू."
1457,
1458,"से किं तं तप्पुरिसे? तप्पुरिसे-तित्थे कागो तित्थकागो, वने हत्थी वनहत्थी, वने वराहो वनवहारो, वने महिसो वनमहिसो, वने मयूरो वनमयूरो, से तं तप्पुरिसे. से किं तं अव्वईभावे? अव्वईभावे- अनुगामं अनुनदीयं अनुफरिहं अनुचरियं से तं अव्वईभावे. से किं तं एगसेसे? एगसेसे- जहा एगो पुरिसो तहा बहवे पुरिसा जहा बहवे पुरिसा तहा एगो पुरिसो, जहा एगो करिसावणो तहा बहवे करिसावणा जहा बहवे करिसावणा तहा एगो करिसावणो, जहा एगो साली तहा बहवे साली जहा बहवे साली तहा एगो साली, से तं एगसेसे, से तं सामासिए. से किं तं तद्धित्तए? तद्धितए अट्ठविहे पन्नत्ते."
1459,
1460,
1461,
1462,---------------------------------------------------------------------
1463,कम्मे सिप्प सिलोए सञ्जोग समीवओ य सञ्जूहे
1464,इस्सरिय अवच्चेण य तद्धितनामं तु अट्ठविहं // अणुओग.२५०
1465,
1466,
1467,
1468,---------------------------------------------------------------------
1469,"से किं तं कम्मनामे? कम्मनामे तणहारए कट्ठहारए पत्तहारए दोसिए सोत्तिए कप्पासिए भण्डवेयालिए कोलालिए, से तं कम्मनामे. से किं तं सिप्पनामे? सिप्पनामे वत्थिए तन्तिए तुन्नाए तन्तुवाए पट्टकारे उएटटे वरूडे मुञ्जकारे कट्ठकारे छत्तकारे वज्झकारे पोत्थकारे चित्तकारे दन्तकारे लेप्पकारे सेलकारे कोट्टिमकारे से तं सिप्पनामे. से किं तं सिलोगनामे? सिलोगनामे-समणे माहणे सव्वातिही, से तं सिलोगनामे. से किं तं सञ्जोगनामे? सञ्जोगनामे रण्णो ससुरए रण्णो जामाउए रण्णो साले रण्णो भाउए रण्णो भगिणीवई, से तं सञ्जोगनामे. से किं तं समीवनामे? समीवनामे-गिरिस्स समीवे नगरं गिरिनगरं, विदिसाए समीवे नगरं वेदिसं नयरं वेन्नाए समीवे नगरं वेन्नायडं, तगराए समीवे नगरं तगरायडं, से तं समीवनामे."
1470,
1471,"से किं तं सञ्जूहनामे? तरङ्गवतिकारे मलयवतिकारे अत्ताणुसट्ठिकारे बिन्दुकारे, से तं सञ्जूहनामे. से किं तं इस्सरियनामे? इस्सरियनामे-राईसरे तलवरे माडम्बिए कोडुम्बिए इब्भे सेट्ठी सत्थवाहे सेनावई, से तं इस्सरियनामे. से किं तं अवच्चनामे ? अवच्चनामे-अरहन्तमाया चक्कवट्टिमाया बलदेवमाया वासुदेवमाया रायमाया गणरायमाया वायगमाया, से तं अवच्चनामे. से तं तद्धितए."
1472,
1473,"से किं तं धाउए? धाउए-भू सत्तायां परस्मइभाषा एध व्र̥द्धउ स्पद्ध संहर्षे गाध्र̥ प्रतिष्ठा-लिप्सयोः ग्रन्थे च बाध्र̥ लोडने, से तं धाउए. से किं तं निरुत्तिए? निरुत्तिए मह्यां शेते महिषः, भ्रमति च रउति च भ्रमरः, मुहुर्मुहुर्लसति मुसलं, कपिरिव लम्बते त्थेति य करोति कपित्थं, चिदिति करोति खल्लं च भवति चिक्खल्लं, उर्ध्वकर्णः उलूकः मेखस्य माला मेखला, से तं निरुत्तिए. से तं भावप्पमाणे. से तं पमाणेणं. से तं दसनामे. से तं नामे."
1474,
1475,
1476,
1477,---------------------------------------------------------------------
1478,से किं तं पमाणे? पमाणे चउव्विहे पन्नत्ते तं जहा:- दव्वप्पमाणे खेत्तप्पमाणे कालप्पमाणे भावप्पमाणे.
1479,
1480,
1481,
1482,---------------------------------------------------------------------
1483,"से किं तं दव्वप्पमाणे? दव्वप्पमाणे दुविहे पन्नत्ते, तं जहा — पएसनिप्फन्ने य विभागनिप्फन्ने य. से किं तं पएसेनिप्फन्ने? तं-परमाणुपोग्गले दुपएसिए जाव दसपएसिए सङ्खेज्जपएसिए असङ्खेज्जपएसिए अनन्तपएसिए, से तं पएसनिप्फन्ने. से किं तं विभागनिप्फन्ने? तं-पञ्चविहे पन्नत्ते तं जहा —माणे उम्माणे ओमाणे गणिमे पडिमाणे. से किं तं माणे? दुविहे पन्नत्ते तं जहा धन्नमाणप्पमाणे रसमाणप्पमाणे य, से किं तं धन्नमाणप्पमाणे? दो असतीओ पसती दो पसतीओ सेतिया चत्तारि सेतियाओ कुलओ चत्तारि कुलया पत्थो चत्तारि पत्थया आढगं चत्तारि आढगाइं दोणो सट्ठिं आढगाइं जहन्नए कुम्भे असीइं आढगाइं मज्झिमए कुम्भे आढगसतं उक्कोसए कुम्भे अट्ठ य आढगसतिए वाहे. एएणं धन्नमाणप्पमाणेणं किं पओयणं? एएणं धन्नमाणप्पमाणेणं मुत्तोली-मुरव-इड्डर-अलिन्द-ओचारसंसियाणं धन्नाणं धन्नमाणप्पमाणनिव्वित्तिलक्खणं भवइ, से तं धन्नमाणप्पमाणे."
1484,
1485,"से किं तं रसमानप्पमाणे? धन्नमाणप्पमाणओ चउभागविवड्ढिए अब्भिन्तरसिहाजुत्ते रसमानप्पमाणे विहिज्जइ, तं जहा — चउसट्ठिया बत्तीसिया सोलसिया अट्ठभाइया चउभाइया अद्धमाणी माणी, दो चउसट्ठियाओ बत्तीसिया दो बत्तिसियाओ, बत्तीसियाओ सोलसिया दो सोलसियाओ अट्ठभाइया दो अट्ठभाइयाओ चउभाइया दो चउभाइयाओ अद्धमाणी दो अद्धमाणीओ माणी. एएणं रसमाणप्पमाणेणं कि पओयणं? एएणं रसमानप्पमाणेणं वारग-घडग-करग-कलसिय-गग्गरि-दइय-करोडिय-कुण्डिय संसियाणं रसाणं रसमानप्पमाणनिव्वित्ति-लक्खणं भवइ, से तं रसमानप्पमाणे. से तं माणे. . "
1486,
1487,"से किं त उम्माणे उम्माणे-जं णं उम्मिणिज्जइ तं जहा — अद्धकरिसो करिसो अद्धपलं पलं अद्धतुला तुला अद्धभारो भारो दो अद्धकरिसा करिसो दो करिसा अद्धपलं दो अद्धपलाइं पलं पञ्चुत्तरपलसइया तुला दस तुलाओ अद्धभारो बीसं तुलाओ भारो, एएणं उम्माणप्पमाणेणं किं पओयणं? एएणं उम्माणप्पमाणेणं पत्त-अगरु-तग-चोयय-कुङ्कुम-खण्ड-गुल-मच्छण्डियादीणं दव्वाणं उम्माणप्पमाणनिव्वित्ति लक्खणं भवइ. से तं उम्माणे."
1488,
1489,"से किं तं ओमाणे? ओमाणे-जं णं ओमिणिज्जइ, तं जहा — हत्थेण वा दण्डेण वा धणुणा वा जुगेण वा नालियाए वा अक्खेण वा मुसलेण वा."
1490,
1491,
1492,
1493,---------------------------------------------------------------------
1494,दण्डं धनुं जुगं नालियं व अक्खं मुसलं च चउहत्थं
1495,दसनालियं च रज्जुं वियाण ओमाणसण्णाए // अणुओग.२५४
1496,
1497,
1498,
1499,---------------------------------------------------------------------
1500,वत्थुंमि हत्थमेज्जं खित्ते दण्डं धनुं च पन्थंमि
1501,खायं च नालियाए वियाण ओमाणसण्णाए // अणुओग.२५५
1502,
1503,
1504,
1505,---------------------------------------------------------------------
1506,"एएणं ओमाणप्पमाणेणं किं पओयणं? एएणं ओमाणप्पमाणेणं खाय-चिय-रचिय-करकचिय-कड-पड-भित्ति-परिक्खेवसंसियाणं दव्वाणं ओमाणप्पमाणनिव्वित्तिलक्खणं भवइ, से तं ओमाणे. से किं तं गणिमे? गणिमे-जं णं गणिज्जइ, तं जहा — एगो दस सयं सहस्सं दससहस्साइं सयसहस्सं दससयसहस्साइं कोडी, एएणं गणिमप्पमाणेणं किं पओयणं? एएणं गणिमप्पमाणेणं भितग-भिति-भत्त-वेयण-आयव्वयसंसियाणं दव्वाणं गणियप्पमाणनिव्वित्तिलक्खणं भवइ, से तं गणिमे."
1507,
1508,"से किं तं पडिमाणे? पडिमाणे जं णं पडिमिणिज्जइ, तं जहा — गुञ्जा कागणी निप्फावो कम्ममासओ मण्डलओ सुवण्णो, पञ्च गुञ्जाओ कम्ममासओ, कागण्यपेक्षया चत्तारि कागणीओ कम्ममासओ, तिन्नि निप्फावा कम्ममासओ एवं चउक्कओ कम्ममासओ कागण्यपेक्षयेत्यर्थः बारस कम्ममासया मण्डलओ, एवं अडयालीसाए कागणीओ मण्डलओ, सोलस कम्ममासया सुवण्णो, एवं चउसट्ठीए कागणीओ सुवण्णो, एएणं पडिमाणप्पमाणेणं किं पओयणं? एएणं पडिमाणपमाणेणं सुवण्ण रजतमणिमोत्ति सङ्खसिलप्पवालाइं णं दव्वाणं पडिमाणप्पमाणनिव्वित्तिलक्खणं भवइ. से तं पडिमाणे, से तं विभागनिप्फन्ने, से तं दव्वप्पामाणे."
1509,
1510,
1511,
1512,---------------------------------------------------------------------
1513,"से किं तं खेत्तप्पमाणं? खेत्तप्पमाणे दुविहे, पएसनिप्फन्ने य विभागनिप्फन्ने य. से किं तं पएसनिप्फन्ने? एगपएसोगाढे दुपएसोगाढे तिपएसोगाढे जाव दसपएसोगाढे सङ्खेज्जपएसोगाढे असङ्खेज्जपएसोगाढे, से तं पएसनिप्फन्ने. से किं तं विभागनिप्फन्ने?"
1514,
1515,
1516,
1517,---------------------------------------------------------------------
1518,अङ्गुल विहत्थि रयणी कुच्छी धनु गाउयं च बोधव्वं
1519,जोयण सेढी पयरं लोगमलोगे'वि य तहेव // अणुओग.२५८
1520,
1521,
1522,
1523,---------------------------------------------------------------------
1524,"से किं तं अङ्गुले? अङ्गुले तिविहे पन्नत्ते तं जहा — आयङ्गुले उस्सेहङ्गुले पमाणङ्गुले से किं तं आयङ्गुले? आयङ्गुले जे णं जया मणुस्सा भवन्ति तेसि णं तया अप्पणो अङ्गुलेणं दुवालस अङ्गुलाइं मुहं नव मुहाइं पुरिसे पमाणजुत्ते भवइ, दोणीए पुरिसे माणजुत्ते भवइ, अद्धभारं तुल्लमाणे पुरिसे उम्माणजुत्ते भवइ."
1525,
1526,
1527,
1528,---------------------------------------------------------------------
1529,माणुम्माणप्पमाणजुत्ता लक्खणवञ्जणगुणेहिं उववेया
1530,उत्तमकुलप्पसूया उत्तमपुरिसा मुणेयव्वा // अणुओग.२६०
1531,
1532,
1533,
1534,---------------------------------------------------------------------
1535,हॊन्ति पुण अहियपुरिसा अट्ठसयं अङ्गुलाण उव्विद्धा
1536,छन्नउइ अहमपुरिसा चउरुत्तरा मज्झिमिल्ला उ // अणुओग.२६१
1537,
1538,
1539,
1540,---------------------------------------------------------------------
1541,"हीना वा अहिया वा, जेखलु सरसत्त-सारपरिहीना"
1542,ते उत्तम पुरिसाणं अवस्स पेसत्तणमुवॆन्ति // अणुओग.२६२
1543,
1544,
1545,
1546,---------------------------------------------------------------------
1547,"एएणं अङ्गुलप्पमाणएणं छ अङ्गुलाइं पाओ, दो पाया विहत्थी, दो विहत्थीओ रयणी, दो रयणीओ कुच्छी, दो कुच्छीओ दण्डं धणू जुगे नालिया अक्खे मुसले दो धणुसहस्साइं गाउयं, चत्तारि गाउयाइं जोयणं, एएणं आयङ्गुलप्पमाणेणं कि पओयणं? एएणं आयङ्गुलप्पमाणेणं — जे णं जया मणुस्सा भवन्ति तेसि णं तया अप्पणो अङ्गुलेणं अगड-तलाग-दह-नदी-वावी-पुक्खरिणी-दीहिया-गुञ्जालियाओ सरा सरपन्तियाओ सरसरपन्तियाओ बिलपन्तियाओ आरामुज्जाण-कानन-वन-वनसण्ड-वनराईओ देवकुल-सभा-पवा-थूभ-खाइय-परिहाओ पागार-अट्टालय-चरिय-दार-गोपुर-पासाय-घर-सरण-लेण-आवण-सिङ्घाडग-तिग-चउक्क-चच्चर-चउम्मुह-महापह-पह-सगड-जाण-जुग्ग-गिल्लि-थिल्लि-सीय-सन्दमाणियाओ लोही-लोहकडाह-कडुच्छुय-आसन-सयन-खम्भ-भण्ड-मत्तोवगरणमाईणि अज्जकालियाइं च जोयणाइं मविज्जन्ति, से समासओ तिविहे पन्नत्ते तं जहा — सूइअङ्गुले पयरङ्गुले घनङ्गुले, अङ्गुलायया एगपएसिया सेढी सूईअङ्गुले, सूई सूईए गुणिया पयरङ्गुले, पयरं सूईए गुणितं घनङ्गुले, एएसि णं भन्ते! सूईअङ्गुल-पयरङ्गुल-घनङ्गुलाणं कयरे कयरेहिन्तो अप्पे वा बहुए वा तुल्ले वा विसेसाहिए वा? सव्वत्थोवे सूईअङ्गुले पयरङ्गुले असङ्खेज्जगुणे घनङ्गुले असङ्खेज्जगुणे, से तं आयङ्गुले. से किं तं उस्सेहङ्गुले? उस्सेहङ्गुले अनेगविहे पन्नत्ते, तं जहा —."
1548,
1549,
1550,
1551,---------------------------------------------------------------------
1552,परमाणू तसरेणू रहरेणू अग्गयं च वालस्स
1553,लिक्खा जूआ य जवो अट्ठगुण विवड्ढिया कमसो // अणुओग.२६४
1554,
1555,
1556,
1557,---------------------------------------------------------------------
1558,"से किं तं परमाणू? परमाणू दुविहे पन्नत्ते, तं जहा — सुहूमे य ववहारिए य, तत्थ णं जे से सुहुमे से ठप्पे, तत्थ णं जे से ववहारिए से णं अनन्तानन्ताणं सुहुमपोग्गलाणं समुदय समिति-समागमेणं ववहारिए परमाणुपोग्गले निप्फज्जइ, से णं भन्ते! असिधारं वा खुरधारं वा ओगाहेज्जा ?, हन्ता ओगाहेज्जा. से णं तत्थ छिज्जेज्ज वा भिज्जेज्ज वा? नो इणट्ठे समट्ठे, नो खलु तत्थ सत्थं कमइ, से णं भन्ते! अगनिकायस्स मज्झंमज्झंणं वीइवएज्जा?, हन्ता वीइवएज्जा, से णं भन्ते! तत्थ'ज्झेज्जा?, नो इणट्ठे समट्ठे, नो खलु तत्थ सत्थं कमइ."
1559,
1560,"से णं भन्ते! पुक्खरसंवगट्टगस्स महामेहस्स मज्झंमज्झे णं वीइवएज्जा?, हन्ता वीइवएज्जा. से णं त्तथ उदउल्लेसिआ? नो इणट्ठे समट्ठे, नो खलु तत्थ सत्थं कमइ. से णं भन्ते! गङ्गाए महानईए पडिसोयं हव्वमागच्छेज्जा?, हन्ता हव्वमागच्छेज्जा, से णं तत्थ विनिघायमावज्जेज्जा?, नो इणट्ठे समट्ठे, नो खलु तत्थ सत्थं कमइ. से णं भन्ते! उदगावत्तं वा उदगबिन्दु वा ओगाहेज्जा?, हन्ता ओगाहेज्जा, से णं तत्थ कुत्थेज्जा वा परियावज्जेज्ज वा? नो इणट्ठे समट्ठे, नो खलु तत्थ सत्थं कमइ."
1561,
1562,
1563,
1564,---------------------------------------------------------------------
1565,सत्थेण सुतिक्खेण वि छेत्तुं भेत्तुं च जं किर न सक्का
1566,तं परमाणुं सिद्धा वयन्ति आइं पमाणाणं // अणुओग.२६६
1567,
1568,
1569,
1570,---------------------------------------------------------------------
1571,"अनन्ताणं वावहारियपरमाणुपोग्गलाणं समुदय-समिति-समागमेणं सा एगा उसण्ह-सण्हिया इ वा सण्हसण्हिया इ वा उड्ढरेणू इ वा तसरेणू इ वा रहरेणू इ वा, अट्ठ उसण्हसण्हियाओ सा एगा सण्हसण्हिया, अट्ठ सण्हसण्हियाओ सा एगा उड्ढरेणू, अट्ठ उड्ढरेणूओ सा एगा तसरेणू, अट्ठ तसरेणूओ सा एगा रहरेणू, अट्ठ रहरेणूओ देवकुरु-उत्तरकुरुगाणं मणुस्साणं से एगे वालग्गे, अट्ठ देवकुरु-उत्तरकुरुगाणं मणुस्साणं वालग्गा हरिवास-रम्मगवासाणं मणुस्साणं से एगे वालग्गे, अट्ठ हरिवस्सरम्मगवासाणं मणुसाणं वालग्गा हेमवय-हेरण्णवयाणं मणुस्साणं से एगे वालग्गे, अट्ठ हेमवय-हेरण्णवयाणं मणुस्साणं वालग्गा पुव्वविदेह-अवरविदेहाणं मणुस्साणं से एगे वालग्गे, अट्ठ पुव्वविदेहे-अवरविदेहाणं मणुस्साणं वालग्गा सा एगा लिक्खा."
1572,
1573,"अट्ठ लिक्खाओ सा एगा जूया, अट्ठ जूयाओ से एगे जवमज्झे, अट्ठ जवमज्झा से एगे उस्सेहङ्गुले, एएणं अङ्गुलप्पमाणेणं छ अङ्गुलाइं पादो, बारस अङ्गुलाइं विहत्थी, चउवीसं अङ्गुलाइं रयणी, अडयालीसं अङ्गुलाइं कुच्छी, छन्नउई अङ्गुलाइं से एगे दण्डेइ वा धणू इ वा जुगे इ वा नालिया इ वा अक्खे इ वा मुसले इ वा, एएणं धनुप्पमाणेणं दो धनुसहस्साइं गाउयं, चत्तारि गाउयाइं जोयणं, एएणं उस्सेहङ्गुलेणं किं पओयणं? एएणं उस्सेहङ्गुलेणं नेरइयतिरिक्खजोणिय-मणुस्स-देवाणं सरीरोगाहणाओ मविज्जन्ति."
1574,
1575,"नेरइयाणं भन्ते! केमहालिया सरीरोगाहणा पन्नत्ता? गोयमा दुविहा पन्नत्ता तं जहा — भवधारणिज्जा य उत्तरवेउवविया य, तत्थ णं जा सा भवधारणिज्जा सा जहन्नेणं अङ्गुलस्स असङ्खेज्जइभागं उक्कोसेणं पञ्च धनुसयाइं, तत्थ णं जा सा उत्तरवेउव्विया सा जहन्नेणं अङ्गुलस्स सङ्खेज्जइभागं उक्कोसेणं धनुसहस्सं."
1576,
1577,"रयणप्पभापुढवीए नेरइयाणं भन्ते! केमहालिया सरीरोगाहणा पन्नत्ता? गोयमा! दुविहा, तं जहा भवधारणिज्जा य उत्तरवेउव्विया य, तत्थ णं जा सा भवधारणिज्जा सा जहन्नेणं अङ्गुलस्स असङ्खेज्जइभागं उक्कोसेणं सत्त धणूइं तिन्नि रयणीओ छच्च अङ्गुलाइं तत्थ णं जा सा उत्तरेवउव्विया सा जहन्नेणं अङ्गुलस्स सङ्खेज्जइभागं उक्कोसेणं पन्नरस धणूइं दोन्नि रयणीओ बारस अङ्गुलाइ."
1578,
1579,"सक्करप्पभापुढवीए नेरइयाणं भन्ते केमहालिया सरीरोगाहणा पन्नत्ता? गोयमा दुविहा पन्नत्ता, तं जहा — भवधारणिज्जा य उत्तरवेउव्विया य, तत्थ णं जा सा भवधारणिज्जा सा जहन्नेणं अङ्गुलस्स असङ्खेज्जइभागं उक्कोसेणं पन्नरस धणूइं अड्ढाइज्जाओ रयणीओ, तत्थ णं जा सा उत्तरवेउव्विया सा जहन्नेणं अङ्गुलस्स सङ्खेज्जइभागं उक्कोसेणं एकतीसं धणूइं एक्का रयणी य."
1580,
1581,"वालुयप्पभापुढवीए नेरइयाइणं भन्ते! केमहालिया सरीरोगाहणा पन्नत्ता? गोयमा दुविहा पन्नत्ता, तं जहा — भवधारणिज्जा य उत्तरवेउव्विया य, तत्थ णं जा सा भवधारणिज्जा सा जहन्नेणं अङ्गुलस्स असङ्खेज्जइभागं, उक्कोसेणं एकतीसं धणूइं इक्का रयणी य, तत्थ णं जा सा उत्तरवेउव्विया सा जहन्नेणं अङ्गुलस्स सङ्खेज्जइभागं, उक्कोसेणं बावट्ठिं धणूइं दो रयणीओ य."
1582,
1583,"एवं सव्वासिं पुढवीणं पुच्छा भाणियव्वा; पङ्कप्पभाए पुढवीए भवधारणिज्जा जहन्नेणं अङ्गुलस्स असङ्खेज्जइभागं उक्कोसेणं बावट्ठिं धणूइं दो रयणीओ य, उत्तरवेउव्विया जहन्नेणं अङ्गुलस्स सङ्खेज्जइभागं उक्कोसेणं पणवीसं धनुसयं, धूमप्पहाए भवधारणिज्जा जहन्नेणं अङ्गुलस्स असङ्खेज्जइ भागे, उक्कोसेणं पणवीसं धनुसयं, उत्तरवेउव्विय जहन्नेणं अङ्गुलस्स असङ्खेज्जइ भागे, उक्कोसेणं अड्ढाइज्जाइं धनुसयाइं. तमाए भवधारणिज्जा अङ्गुलस्स असङ्खेज्जइ भागे उक्कोसेणं अड्ढाइज्जाइ धनुसयाइं, उत्तरवेउव्विया जहन्नेणं अङ्गुलस्स सङ्खेज्जइभागं उक्कोसेणं पञ्च धनुसयाइं, तमतमापुढवीए नेरइयाणं भन्ते! केमहालिया सरीरोगाहणा पन्नत्ता? गोयमा! दुविहा पन्नत्ता, तं जहा भवधारणिज्जा य उत्तरवेउव्विया य, तत्थ णं जा सा भवधारणिज्जा सा जहन्नेणं अङ्गुलस्स असङ्खेज्जइभागं, उक्कोसेणं पञ्च धनुसयाइं, तत्थ णं जा सा उत्तरवेउव्विया सा जहन्नेणं अङ्गुलस्स सङ्खेज्जइभागं उक्कोसेणं धनुसहस्सं."
1584,
1585,"असुरकुमाराणं भन्ते! केमहालिया सरीरोगाहणा पन्नत्ता? गोयमा! दुविहा पन्नत्ता तं जहा — भवधारणिज्जा य उत्तरवेउव्विया य, तत्थ णं जा सा भवधारणिज्जा सा जहन्नेणं अङ्गुलस्स असङ्खेज्जइ-भागं, उक्कोसेणं सत्त रयणीओ, तत्थ णं जा सा उत्तरवेउव्विया सा जहन्नेणं अङ्गुलस्स सङ्खेज्जइभागं उक्कोसेणं जोयणसयसहस्सं, एवं असुरकुमारगमेणं जाव थणियकुमाराणं ताव भाणियव्वं."
1586,
1587,"पुढविकाइयाणं भन्ते! केमहालिया सरीरोगाहणा पन्नत्ता? गोयमा! जहन्नेणं अङ्गुलस्स असङ्खेज्जइभागं उक्कोसेणं वि अङ्गुलस्स असङ्खेज्जइभागं, एवं सुहुमाणं ओहियाणं अपज्जत्तगाणं पज्जत्तगाणं च भाणियव्वं, बादराणं ओहियाणं अपज्जत्तगाणं पज्जत्तगाणं च भाणियव्वं, एवं जाव बादर-वाउकाइयाणं पज्जत्तगाणं भाणियव्वं. . "
1588,
1589,"वणस्सइकाइयाणं भन्ते! केमहालिया सरीरोगाहणा पन्नत्ता? गोयमा! जहन्नेणं अङ्गुलस्स असङ्खेज्जइभागं उक्कोसेणं सातिरेगं जोयणसहस्सं, सुहुमवणस्सइकाइयाणं ओहियाणं अपज्जत्तगाणं पज्जत्तगाणं तिण्हं पि जहन्नेणं अङ्गुलस्स असङ्खेज्जइभागं उक्कोसेण वि अङ्गुलस्स असङ्खेज्जइभागं, बादरवणस्सइकाइयाणं जहन्नेणं अङ्गुलस्स असङ्खेज्जइभागं उक्कोसेणं सातिरेगं जोयणसहस्सं, अपज्जत्तगाणं जहन्नेणं अङ्गुलस्स असङ्खेज्जइभागं उक्कोसेणं वि अङ्गुलस्स असङ्खेज्जइभागं, पज्जत्तगाणं जहन्नेणं अङ्गुलस्स असङ्खेज्जइभागं उक्कोसेणं सातिरेगं जोयणसहस्सं."
1590,
1591,"एवं बेइन्दियाणं पुच्छा गोयमा! जहन्नेणं अङ्गुलस्स असङ्खेज्जइभागं उक्कोसेणं बारस जोयणाइं, अपज्जत्तगाणं जहन्नेणं अङ्गुलस्स असङ्खेज्जइभागं उक्कोसेणं वि अङ्गुलस्सअसङ्खेज्जइभागं, पज्जत्तगाणं जहन्नेणं अङ्गुलस्स असङ्खेज्जइभागं उक्कोसेणं बारस जोयणाइं. तेइन्दियाणं पुच्छा, गोयमा! जहन्नेणं अङ्गुलस्स असङ्खेज्जइभागं उक्कोसेणं तिन्नि गाउयाइं, अपज्जत्तगाणं जहन्नेणं अङ्गुलस्स असङ्खेज्जइभागं उक्कोसेण वि अङ्गुलस्स असङ्खेज्जइभागं, पज्जत्तगाणं जहन्नेणं अङ्गुलस्स सङ्खेज्जइभागं उक्कोसेणं तिन्नि गाउयाइं. चउरिन्दियाणं पुच्छा, गोयमा! जहन्नेणं अङ्गुलस्स असङ्खेज्जइभागं उक्कोसेणं चत्तारि गाउयाइं, अपज्जत्तगाणं जहन्नेणं वि उक्कोसेणं वि अङ्गुलस्स असङ्खेज्जइभागं, पज्जत्तगाणं जहन्नेणं अङ्गुलस्स असङ्खेज्जइभागं, उक्कोसेणं चत्तारि गाउयाइं पञ्चेदियतिरिक्खजोणियाणं भन्ते! केमहालिया सरीरोगाहणा पन्नत्ता? गोयमा! जहन्नेणं अङ्गुलस्स असङ्खेज्जइभागं उक्कोसेणं जोयणसहस्सं, जलयरपञ्चिन्दियतिरिक्खजोणियाणं पुच्छा, गोयमा! एवं चेव संमुच्छिमजलयर पञ्चिदियं तिरिक्खजोणियाणं पुच्छा, गोयमा! जहन्नेणं अङ्गु० असं० उक्कोसेणं जोयण सहस्सं, अपज्जत्तगसंमुच्छियमजलयर-पञ्चिन्दियतिरिक्खजोणियाणं पुच्छा, गोयमा! जहन्नेणं अङ्गुलस्स असङ्खेज्जइभागं उक्कोसेणं वि अङ्गुलस्स असङ्खेज्जइभागं, पज्जत्तग संमुच्छिमजलयर पञ्चिन्दिय तिरिक्खजोणियाणं पुच्छा, गोयमा! जहन्नेणं अङ्गुलस्स सङ्खेज्जइभागं उक्कोसेणं जोयणसहस्सं, गब्भ-वक्कन्तिय जलयरपञ्चिन्दिय तिरिक्खजोणियाणं पुच्छा, गोयमा! जहन्नेणं अङ्गुलस्स असङ्खेज्जइभागं उक्कोसेणं जोयणसहस्सं, अपज्जत्तग गब्भवक्कन्तिय जलयरपञ्चिदिय-तिरिक्खजोणियाणं पुच्छा, गोयमा! जहन्नेणं अङ्गुलस्स असङ्खेज्जइभागं उक्कोसेणं वि अङ्गुलस्स असङ्खेज्जइभागं पज्जत्तग गब्भवक्कन्तिय जलयरपञ्चिन्दिय-तिरिक्खजोणियाणं पुच्छा, गोयमा! जहन्नेणं अङ्गुलस्स सङ्खेज्जइभागं उक्कोसेणं जोयणसहस्सं, चउप्पयथलयरपञ्चिन्दिय पुच्छा, गोयमा! जहन्नेणं अङ्गुलस्स असङ्खेज्जइभागं उक्कोसेणं छ गाउयाइं, संमुच्छिचउप्पयथलयर पुच्छा, गोयमा! जहन्नेणं अङ्गुलस्स असङ्खेज्जइभागं उक्कोसेणं गाउयपुहुत्तं, अपज्जत्तगसंमुच्छिमचउप्पयथलयर पुच्छा, गोयमा! जहन्नेणं अङ्गुलस्स असङ्खेज्जइभागं उक्कोसणं वि अङ्गुलस्स असङ्खेज्जइभागं, पज्जत्तगसंमुच्छिमचउप्पयथलयर० पुच्छा, गोयमा! जहन्नेणं अङ्गुलस्स सङ्खेज्जइभागं उक्कोसेणं गाउयपुहुत्तं, गब्भवक्कन्तिय चउप्पय थलयर पुच्छा, गोयमा! जहन्नेणं अङ्गुलस्स असङ्खेज्जइभागं उक्कोसेणं छग्गाउयाइं, अपज्जत्तग गब्भवक्कन्तिय चउप्पयथलयर पुच्छा, गोयमा! जहन्नेणं अङ्गुलस्स असङ्खेज्जइभागं उक्कोसेणं वि अङ्गुलस्स असङ्खेज्जइभागं, पज्जत्तग गब्भवक्कन्तिय चउपयथलयर पुच्छा, गोयमा! जहन्नेणं अङ्गुलस्स सङ्खेज्जइभागं उक्कोसेणं छग्गाउयाइं, उरपरिसप्पथलयरपञ्चिन्दिय पुच्छा, गोयमा! जहन्नेणं अङ्गु असङ्खे० उक्कोसेणं जोयणसहस्सं, संमुच्छिमउरपरिसप्पथलयर पुच्छा, गोयमा! जहन्नेणं अङ्गुलस्स असङ्खेज्जइभागं उक्कोसेणं जोयणपुहुत्तं, अपज्जत्तग संमुच्छिमउरपरिसप्प थलयर पुच्छा, गोयमा! जहन्नेणं अङ्गुलस्स असङ्खेज्जइभागं उक्कोसेणं वि अङ्गुलस्स असङ्खेज्जइभागं, पज्जत्तग संमुच्छिम उरपरिसप्प थलयर पुच्छा, गोयमा! जहन्नेणं अङ्गुलस्स असङ्खेज्जइभागं उक्कोसेणं जोयणपुहुत्तं. गब्भवक्कन्तिय उरपरिसप्प थलयर पुच्छा, गोयमा! जहन्नेणं अङ्गुलस्स असङ्खेज्जइभागं उक्कोसेणं जोयणसहस्सं, अपज्जत्तग गब्भवक्कन्तिय उरपरिसप्प थलयर पुच्छा, गोयमा! जहन्नेणं अङ्गुलस्स असङ्खेज्जइभागं उक्कोसेण वि अङ्गुलस्स असङ्खेज्जइभागं, पज्जत्तग गब्भवक्कं तियउरपरिसप्प पुच्छा, गोयमा! जहन्नेणं अगुलस्स सङ्खेज्जइभागं उक्कोसेणं जोयणसहस्सं."
1592,
1593,"भूअपरिसप्पथलयर पञ्चॆन्दियाणं पुच्छा, गोयमा! जहन्नेणं अङ्गु० असं० उक्कोसेणं गाउअ पुहुत्त, संमु० भुअ० पुच्छा, गोयमा! जह० अङ्गु० असं० उक्को० घणुपुहुत्तं, अपज्जत्तगसंमु० पुच्छा, गोयमा! जह० अङ्गु० असं० उक्कोसेण वि अङ्गु० असं०, पज्जत्तग संमुच्छिम भुअ० पुच्छा, गोयमा! ज० अं० सं० उक्को० धनुपुहुत्तं, गब्भ० भुअ० थल०? गोयमा! जह० अं० असं० उक्को० गाउयपुहुत्तं, अपज्ज० भुअप०, गोयमा! ज० अं० असं० उ० वि अं० असं०, पज्जत्त भुअप०? गोयमा! जह० अं० सं० उ० गाउपुहुत्तं. खहयर पञ्चॆन्दियपुच्छा, गोयमा! जह० अङ्गु० असं० उक्को० धनुपुहुत्तं, संमु० खह० जहा भुअगपरिसप्प संमु० तिसु वि गमेसु तहा भाणियव्वं, गब्भ० खहयर०? गोयमा गोयमा! जहन्नेणं अङ्गुलस्स असङ्खेज्जइभागं उक्कोसेणं धणुपुहत्तं अपज्जत्तग्ग० खहयर० पुच्छा, गोयमा! जह० अं० असं० उक्को० अं० असं०, पज्जत्तग्ग० खह०? गोयमा! जह० अं० सङ्खे० उक्को० धनुपुहुत्तं, एत्थ सङ्गहणिगाहाओ भवन्ति, तं जहा."
1594,
1595,
1596,
1597,---------------------------------------------------------------------
1598,जोयणसहस्स गाउयपुहुत्तं तत्तो य जोयणपुहुत्तं
1599,दोण्हं तु धनु-पुहुत्तं संमुच्छिमे होइ उच्चत्तं // अणुओग.२६८
1600,
1601,
1602,
1603,---------------------------------------------------------------------
1604,जोयणसहस्स छग्गाउयाइं तत्तो य जोयणसहस्सं
1605,गाउयपुहुत्त भुयगे पक्खीसु भवे धनुपुहुत्तं // अणुओग.२६९
1606,
1607,
1608,
1609,---------------------------------------------------------------------
1610,"मणुस्साणं भन्ते! केमहालिया सरीरोगाहणा पन्नत्ता? गोयमा! जहन्नेणं अङ्गुलस्स असङ्खेज्जइभागं उक्कोसेणं तिन्नि गाउयाइं, संमुच्छिममणुस्साणं पुच्छा, गोयमा! जह० अङ्गु० असङ्खेज्जइभागं उक्कोसेण वि अङ्गुलस्स असङ्खेज्जइभागं, गब्भवक्कन्तियमणुस्साणं पुच्छा, गोयमा! जहन्नेणं अङ्गुलस्स असङ्खेज्जइभागं उक्कोसेणं तिन्नि गाउयाइं, अपज्जत्तगगब्भवक्कन्तियमणुस्साणं पुच्छा, गोयमा! जहन्नेणं अङ्गुलस्स असङ्खेज्जइभागं उक्कोसेणं वि अङ्गुलस्स असङ्खेज्जइभागं, पज्जत्तगगब्भ-वक्कन्तिय-मणुस्साणं पुच्छा, गोयमा! जहन्नेणं अङ्गुलस्स सङ्खेज्जइभागं उक्कोसेणं तिन्नि गाउयाइं."
1611,
1612,"वाणमन्तराणं भवधारणिज्जा य उत्तरवेउव्विया य जहा असुरकुमाराणं तहा भाणियव्वा, जहा वाणमन्तराणं तहा जोइसियाणं वि."
1613,
1614,"सोहम्मे कप्पे देवाणं भन्ते! केमहालिया सरीरोगाहणा पन्नत्ता? गोयमा! दुविहा० भवधारणिज्जा य उत्तरवेउव्विया य, तत्थ णं जा सा भवधारणिज्जा सा जहन्नेणं अङ्गुलस्स असङ्खेज्जइ-भागं उक्कोसेणं सत्त रयणीओ, तत्थ णं जा सा उत्तरवेउव्विया सा जहन्नेणं अङ्गुलस्स सङ्खेज्जइभागं उक्कोसेणं जोयणसयसहस्सं एवं ईसाण कप्पे वि भाणियव्वं, जहा सोहम्मे कप्पे देवाणं पुच्छा तहा सेसकप्पदेवाणं पुच्छा भाणियव्वा जाव अच्चुतो कप्पो, सणङ्कुमारे भवधारणिज्जा जहन्नेणं अङ्गुलस्स असङ्खेज्जइभागं उक्कोसेणं छ रयणीओ, उत्तरवेउव्विया जहा सोहम्मे, भव० जहा सणङ्कुमारा तहा माहिन्दे वि भाणियव्वा, बम्भलोग-लन्तगेसु भवधारणिज्जा जहन्नेणं अङ्गुलस्स असङ्खेज्जइभागहं उक्कोसेणं पञ्च रयणीओ उत्तरवेउव्विया जहा सोहम्मे महासुक्क-सहस्सारेसु भवधारणिज्जा जहन्नेणं अङ्गु० असं० असङ्खेज्जइभागं उक्कोसेणं चत्तारि रयणीओ, उत्तरवेउव्विया जहा सोहम्मे, आणत-पाणत-आरण-अच्चुतेसु चउसु वि भवधारणिज्जा जहन्नेणं अङ्गु० असं० उक्कोसेणं तिन्नि रयणीओ, उत्तरवेउव्विया जहा सोहम्मे. . "
1615,
1616,"गेवेज्जगदेवाणं पुच्छा, एगे भवधारणिज्जे सरीरगे पन्नत्ते, से जहन्नेणं अङ्गुलस्स असं० उक्कोसेणं दो रयणीओ. अनुत्तरोववाईयदेवाणं पुच्छा, एगे भवधारणिज्जे सरीरगे पन्नत्ते, से जहन्नेणं अङ्गुलस्स असङ्खेज्जइभागं उक्कोसेणं एगा रयणी, [एवं सव्वाणं दुविहा भवधारणिज्जा जहन्नेणं अङ्गुलस्स असङ्खेज्जइभागं उक्कोसेणं दुगुणा दुगुणा, उत्तरेवउव्विया जहन्नेणं अङ्गु० सङ्खे० उक्कोसेणं दुगुणा दुगुणा, एवं असुरकुमाराईणं जाव अनुत्तरविमानवासीणं सगसगसरीरोगाहणा भाणियव्वा."
1617,
1618,"से समासओ तिविहे पन्नत्ता तं जहा-सूईअङ्गुले पयरङ्गुले घनङ्गुले, अङ्गुलायया एगपएसिया सेढी सूईअङ्गुले, सूई सूईए गुणिया पयरङ्गुले, पयरं सूईए गुणितं घनङ्गुले, एएसि णं सूईअङ्गुल-पयरङ्गुल-घनङ्गुलाणं कयरे कयरेहिन्तो अप्पे वा बहुए वा तुल्ले वा विसेसाहिए वा? सव्वत्थोवे सूईअङ्गुले पयरङ्गुले असङ्खेज्जगुणे घनङ्गुले असङ्खेज्जगुणे, से तं उस्सेहङ्गुले."
1619,
1620,"से किं तं पमाणङ्गुले? पमाणङ्गुले एगमेगस्स णं रण्णो चाउरन्तचक्कवट्टिस्स अट्ठसो-वण्णिए कागणिरयणे छत्तले दुवालसंसिए अट्ठकण्णिए अहिगरणिसण्ठाणसण्ठिए पन्नत्ते, तस्स णं एगमेगा कोडी उस्सेहङ्गुल-विक्खम्भा तं समणस्स भगवओ महावीरस्स अद्धङ्गुलं तं सहस्सगुणियं पमाणङ्गुलं भवइ, एएणं अङ्गुलपमाणेणं छ अङ्गुलाइं पादो, दो पाया विहत्थी, दो विहत्थीओ रयणी, दो रयणीओ कुच्छी, दो कुच्छीओ धणू, दो धणुसहस्साइं गाउयं, चत्तारि गाउयाइं जोयणं, एएणं पमाणङ्गुलेणं किं पओयणं? एएणं पमाणङ्गुलेणं पुढवीणं कण्डाणं पातालाणं भवणाणं भवणपत्थडाणं निरयाणं निरयावलियाणं निरयपत्थडाणं कप्पाणं विमाणाणं विमाणावलियाणं विमाण-पत्थडाणं टङ्काणं कूडाणं सेलाणं सिहरीणं पब्भराणं विजयाणं वक्खाराणं वासाणं वासहराणं पव्वयाणं वेलाणं वेइयाणं दाराणं तोरणाणं दीवाणं समुद्दाणं आयाम-विक्खम्भ-उच्चत्त-उव्वेह-परिक्खेवा मविज्जन्ति, से समासओ तिविहे० सेढीअङ्गुले पयरङ्गुले घनङ्गुले, असङ्खेज्जाओ जोयणकोडाकोडीओ सेढी, सेढी सेढीए गुणिया पयरं, पयरं सेढीए गुणियं लोगो, सङ्खेज्जएणं लोगो गुणितो सङ्खेज्जा लोगा, असङ्खेज्जएणं लोगो, गुणितो असङ्खेज्जा लोगा, अनन्तेणं लोगो गुणिओ अनन्ता लोगा, एएसि णं सेढीअङ्गुल-पयरङ्गुल-घनङ्गुलाणं कयरे कयरेहिन्तो अप्पे वा बहुए वा तुल्ले वा विसेसाहिए वा? सव्वत्थोवे सेढीअङ्गुले पयरङ्गुले असङ्खेज्जगुणे घनङ्गुले असङ्खेज्जगुणे, से तं पमाणङ्गुले. से तं विभागनिप्फण्णे, से तं खेत्तप्पमाणे."
1621,
1622,
1623,
1624,---------------------------------------------------------------------
1625,से किं तं कालप्पमाणे? कालप्पमाणे दुविहे पन्नत्ते तं जहा — पएसनिप्फन्ने य विभागनिप्फन्ने य.
1626,
1627,
1628,
1629,---------------------------------------------------------------------
1630,"से किं तं पएसनिप्फन्ने? पएसनिप्फन्ने एगसमयट्ठिईए दुसमयट्ठिईए तिसम-यट्ठिईए जाव दसमयट्ठिईए सङ्खेज्जसमयट्ठिईए असङ्खेज्जसमयट्ठिईए, से तं पएसनिप्फन्ने."
1631,
1632,
1633,
1634,---------------------------------------------------------------------
1635,से किं तं विभागनिप्फन्ने? विभागनिप्फन्ने —
1636,
1637,
1638,
1639,---------------------------------------------------------------------
1640,समयावलिय मुहुत्ता दिवस अहोरत्त-पक्ख-मासा य
1641,संवच्छर-जुग-पलिया सागर-ओसप्पि-परियट्टा // अणुओग.२७४
1642,
1643,
1644,
1645,---------------------------------------------------------------------
1646,"से किं तं समए? समयस्स णं परूवणं करिस्सामि, से जहानामए तुण्णागदारए सिया तरुणे बलवं जुगवं जुवाणे अप्पातङ्के थिरग्गहत्थे दढपाणि-पाय-पास-पिट्ठं-तरोरुपरिणते तलजमल-जुयल-परिघनिभबाहू चम्मेट्ठग-दुहण-मुट्ठिय-समाहत-निचित-गत्तकाए उरस्सबलसमन्नागए लङ्घण पवण-जइण-वायामसमत्थे छेए दक्खे पत्तट्ठे कुसले मेहावी निउणे निउणसिप्पोवगए एगं महतिं पडसाडियं वा पट्टसाडियं वा गहाय वा गहाय सयराहं हत्थमेत्तं ओसारेज्जा, तत्थ चोयए पन्नवयं एवं वयासी जेणं कालेणं तेणं तुण्णागदारएणं तीसे पडसाडियाए वा पट्टसाडियाए वा सयराहं हत्थमेत्तं ओसारिए से समए भवइ? नो इणट्ठे समट्ठे, कम्हा?, जम्हा सङ्खेज्जाणं तन्तूणं समुदय-समिति-समागमेणं एगा पडसाडिया निप्फज्जइ उवरिल्लंमि तन्तुंमि अच्छिन्ने हेट्ठिल्ले तन्तू न छिज्जइ, अन्नंमि काले उवरिल्ले तन्तू छिज्जइ, अन्नंमि काले हिट्ठिल्ले तन्तू छिज्जइ, तम्हा से समए न भवइ, एवं वयन्तं पन्नवयं चोयए एवं वयासी —"
1647,
1648,"जेणं कालेणं तेणं तुण्णागदारएणं तीसे पडसाडियाए वा पट्टसाडियाए वा उवरिल्ले तन्तू छिन्ने से समए भवइ?, न भवइ. कम्हा? जम्हा सङ्खेज्जाणं पम्हाणं समुदय-समिति-समागमेणं एगे तन्तू निप्फज्जइ, उवरिल्ले पम्हे अच्छिन्ने हेट्ठिल्ले पम्हे न छिज्जइ अन्नंमि काले उवरिल्ले पम्हे छिज्जइ अन्नंमि काले हेट्ठिल्ले पम्हे छिज्जइ, तम्हा से समए न भवइ, एवं वयन्तं पन्नवयं चोयए एवं वयासी जेणं कालेणं तेणं तुण्णागदारएणं तस्स तन्तुस्स उवरिल्ले पम्हे छिन्ने से समए भवइ?, न भवइ, कम्हा? जम्हा अनन्ताणं सङ्घायाणं समुदय-समिति-समागमेणं एगे पम्हे निप्फज्जइ, उवरिल्ले सङ्घाए अविसङ्घाइए हेट्ठिल्ले सङ्घाए न विसङ्घाइज्जइ, अन्नंमि काले उवरिल्ले सङ्घाए विसङ्घाइज्जइ अन्नंमि काले हेट्ठिल्ले सङ्घाए विसङ्घाइज्जइ, तम्हा से समए न भवइ, एत्तो वि य णं सुहुतराए समए पन्नत्ते समणाउसो. असङ्खेज्जाणं समयाणं समुदय-समिति-समागमेणं सा एगा आवलिया त्ति वुच्चइ, सङ्खेज्जाओ आवलियाओ ऊसासो, सङ्खेज्जाओ आवलियाओ नीसासो."
1649,
1650,
1651,
1652,---------------------------------------------------------------------
1653,"हट्ठस्स अणवगल्लस्स, निरुवक्किट्ठस्स जन्तुणो"
1654,एगे ऊसास-नीसासे एस पाणु त्ति वुच्चइ // अणुओग.२७६
1655,
1656,
1657,
1658,---------------------------------------------------------------------
1659,सत्त पाणूणि से थोवे सत्त थोवाणि से लवे
1660,लवाणं सत्तहत्तरिए एस मुहुत्ते वियाहिए // अणुओग.२७७
1661,
1662,
1663,
1664,---------------------------------------------------------------------
1665,तिन्नि सहस्सा सत्त य सयाइं तेहत्तरि य ऊसासा
1666,एस मुहुत्तो भणियो सव्वेहिं अनन्तनाणीहिं // अणुओग.२७८
1667,
1668,
1669,
1670,---------------------------------------------------------------------
1671,"एएणं मुहुत्तपमाणेणं तीसं मुहुत्ता अहोरत्तं, पन्नरस्स अहोरत्ता पक्खो, दो पक्खा मासो, दो मासा उऊ, तिन्नि उऊ अयण, दो अयणाइं संवच्छरे, पञ्च संवच्छराइं जुगे, वीसं जुगाइं वाससयं, दसवाससयाइं वाससहस्सं, सयं वाससहस्साणं वाससयसहस्सं, चउरासीइं वाससयसहस्साइं से एगे पुव्वङ्गे, चउरासीइं पुव्वङ्गसयसहस्साइं स एगेपुव्वे, चउरासीइं पुव्वसयसहस्साइं स एगे तुडियङ्गे, चउरासीइं तुडियङ्गसय-सहस्साइं से एगे तुडिए, चउरासीइं तुडियसयसहस्साइं से एगे अडडङ्गे, चउरासीइं अडडङ्गसयसहस्साइं से एगे अडडे, एवं अववङ्गे अववे हुहुयङ्गे हुहुए उप्पलङ्गे उप्पले पउमङ्गे पउमे नलिनङ्गे नलिने अत्थनिउरङ्गे अत्थनिउरे अउयङ्गे अउए नउयङ्गे नउए पउयङ्गे पउए चूलियङ्गे चूलिया सीसपहेलियङ्गे चउरासीइं सीसपहेलियङ्ग-सयसहस्साइं सा एगा, सीसपहेलिया एतावता चेव गणिए एतावए चेवे गणियस्स विसए अतो परं ओवमिए पवत्तइ."
1672,
1673,
1674,
1675,---------------------------------------------------------------------
1676,"से किं तं ओवमिए? ओवमिए दुविहे० पलिओवमे य सागरोवमे य, से किं तं पलिओवमे? तं तिविहे पन्नत्ते, तं जहा — उद्धारपलिओवमे अद्धापलिओवमे खेत्तपलिओवमे य, से किं तं उद्धारपलिओवमे? दुविहे पन्नत्ते, तं जहा — सुहुमे य वावहारिए य, तत्थ णं जे सुहुमे से ठप्पे तत्थ णं जे से वावहारिए से जहानामए पल्ले सिया-जोयणं आयाम-विक्खम्भेणं जोयणं उड्ढं उच्चत्तेणं तं तिगुणं सविसेसं परिक्खेवेणं, से णं पल्ले एगाहिय-बेयाहिय-तेयाहिय जाव उक्कोसेणं सत्तरत्तपरूढाणं संसट्ठे संनिचित्ते भरिए वालग्गकोडीणं, से णं वालग्गे नो अग्गी डहेज्जा नो वाऊ हरेज्जा नो कुच्छेज्जा नो पलिविद्धंसेज्जा नो पूइत्ताए हव्वमागच्छेज्जा, तओ णं समए-समए एगमेगं वालग्गं अवहाय जावइएणं कालेणं से पल्ले खीणे नीरए निल्लेवे निट्ठिए भवइ, से तं वावहारिए उद्धारपलिओवमे."
1677,
1678,
1679,
1680,---------------------------------------------------------------------
1681,एएसिं पल्लाणं कोडाकोडी हवेज्ज दसगुणिया
1682,तं ववहारिअस्स उद्धासागरोवमस्स एगस्स भवे परीमाणं // अणुओग.२८१
1683,
1684,
1685,
1686,---------------------------------------------------------------------
1687,"एएहिं वावहारिअ उद्धार पलिओवम सागरोवमेहिं किं पओयणं?, एएहिं० नत्थि किञ्चिप्पओयणं, केवलं पन्नवणा पन्नविज्जइ, से तं वावहारिए उद्धारपलिओवमे."
1688,
1689,"से किं तं सुहुमे उद्धारपलिओवमे?, तं जहा – से जहानामए पल्ले सिआ जोयणं आयामविक्खम्भेणं जोयणं उव्वेहेणं तं तिगुणं सविसेसं परिक्खेवेणं, से णं पल्ले एगाहिअ-बेआहिअ-तेआहिय उक्कोसेणं सत्तरत्त परूढाणं संसट्ठे संनिचिते भरिए वालग्गकोडीणं, तत्थ णं एगमेगे वालग्गे असङ्खिज्जाइं खण्डाइं कज्जइ, ते णं वालग्गा दिट्ठीओगाहणाओ असङ्खेज्जइभागमेत्ता सुहुमस्स पणगजीवस्स सरीरोगाहणाउ असङ्खेज्जगुणा, ते णं वालग्गा नो अग्गी डहेज्जा, नो वाऊ हरेज्जा, नो कुहेज्जा, नो पलिविद्धंसिज्जा, नो पूइत्ताए हव्वमागच्छेज्जा, तओ णं समए समए एगमेगं वालग्गं अवहाय जावइएण कालेणं से पल्ले खीणे नीरए निल्लेवे निट्ठिए भवइ, से तं सुहुमे उद्धारपलिओवमे."
1690,
1691,
1692,
1693,---------------------------------------------------------------------
1694,एएसिं पल्लाणं कोडाकोडी हवेज्ज दसगुणिया
1695,तं सुहुमस्स अद्धासागरोवमस्स एगस्स भवे परीमाणं // अणुओग.२८३
1696,
1697,
1698,
1699,---------------------------------------------------------------------
1700,"एएहिं सुहुमउद्धारपलिओवम-सागरोवमेहिं किं पओयणं? एएहिं० सागरोवमेहिं, दीव-समुद्दाणं उद्धारो धेप्पइ, केवइया णं भन्ते! दीव-समुद्दा उद्धारेणं पन्नत्ता? गोयमा! जावइया णं अड्ढाइज्जाणं उद्धारसागरोवमाणं उद्धारसमया एवइयाणं दीवसमुद्दा० से तं सुहुमे उद्धारपलिओवमे, से तं उद्धारपलिओवमे."
1701,
1702,"से किं तं अद्धापलिओवमे? दुविहे पन्नत्ते तं जहा — सुहुमे य वावहारिए य, तत्थ णं जे से सुहुमे से ठप्पे, तत्थ णं जे से वावहारिए० से जहानामए पल्ले सिया-जोयणं आयाम-विक्खम्भेणं जोयणं उड्ढं उच्चत्तेणं, तं तिगुणं सविसेसं परिक्खवेणं, से णं पल्ले एगाहिय-बेयाहिय-जाव भरिए वालग्गकोडीणं, से णं वालग्गे, नो अग्गी डहेज्जा जाव नो पलिविद्धंसेज्जा नो पूइत्ताए हव्वमागच्छेज्जा, तओ णं वाससए-वाससए गते एगमेगं वालग्गं अवहाय जावइएणं कालेणं से पल्ले खीणे नीरए निल्लेवे निट्ठिए भवइ से तं वावहारिए अद्धापलिओवमे."
1703,
1704,
1705,
1706,---------------------------------------------------------------------
1707,एएसिं पल्लाणं कोडाकोडी हवेज्जा दसगुणिया
1708,तं ववहारियस्स अद्धासागरोवमस्स एगस्स भवे परीमाणं // अणुओग.२८५
1709,
1710,
1711,
1712,---------------------------------------------------------------------
1713,"एएहिं वावहारिय अद्धापलिओवम-सागरोवमेहिं कि पओयणं? एएहिं वावहारिय अद्धापलिओवम-सागरोवमेहिं नत्थि किञ्चिप्पओयणं, केवलं पन्नवणट्ठं पन्नविज्जति, से तं वावहारिए अद्धापलिओवमे."
1714,
1715,"से किं तं सुहुमे अद्धापलिओवमे? सुहुमे अद्धापलिओवमे, से जहानामए पल्ले सिया-जोयणं आयाम-विक्खम्भेणं जोयण उड्ढं उच्चत्तेणं तं तिगुणं सविसेसं परिक्खेवेणं, से णं पल्ले एगाहिय-बेयाहिय-जाव भरिए वालग्गकोडीणं, तत्थ णं एगमेगे असङ्खेज्जाइं खण्डाइं कज्जइ, ते णं वालग्गे दिट्ठीओगाहणाओ असङ्खेज्जइभागमेत्ता सुहुमस्स पणगजीवस्स सरीरोगाहणाओ असङ्खेज्जगुणा, से णं वालग्गे, नो अग्गी डहेज्जा जाव नो पलिविद्धंसेज्जा नो पूइत्ताए हव्वमागच्छेज्जा तओ णं वाससए-वाससए गते एगमेगं वालग्गं अवहाय जावइएणं कालेणं से पल्ले खीणे जाव निट्ठिए भवइ, से तं सुहुमे अद्धापलिओवमे."
1716,
1717,
1718,
1719,---------------------------------------------------------------------
1720,एएसिं पल्लाणं कोडाकोडी भवेज्जा दसगुणिया
1721,तं सुहुमस्स अद्धासागरोवमस्स एगस्स भवे परीमाणं // अणुओग.२८७
1722,
1723,
1724,
1725,---------------------------------------------------------------------
1726,एएहिं सुहुमअद्धापलिओवम-सागरोवमेहिं किं पओयणं? एएहिं सुहुमअद्धापलिओवम-सागरोवमेहिं नेरइय-तिरिक्खजोणिय-मणुस्स-देवाणं आउयाइं मविज्जन्ति.
1727,
1728,
1729,
1730,---------------------------------------------------------------------
1731,"नेरइयाणं भन्ते! केवइयं कालं ठिई पन्नत्ता? जहन्नेणं दसवाससहस्साइं उक्कोसेणं तेत्तीसं सागरोवमाइं जहा पन्नवणाए ठिईपए सव्वसत्ताणं. रयणप्पभापुढवि नेरइआणं पुच्छा, जहन्नेणं दसवाससहस्साइं उक्कोसेणं एक्कं सागरोवमं, अपज्जत्तग रयणप्पभापुढवि नेरइआणं पुच्छा, जहन्नेणं वि अन्तोमुहुत्तं उक्कोसेण वि अन्तोमुहुत्तं, पज्जत्तग रयणप्पभापुढवि नेरइआणं पुच्छा, गोयमा! जहन्नेणं दसवाससहस्साइं अन्तोमुहुत्तूणाइं उक्कोसेणं सागरोवमं अन्तोमुहूत्तोणं."
1732,
1733,"सक्करप्पभापुढविनेरइआणं पुच्छा, जहन्नेणं एक्कं सागरोवमं उक्कोसेणं तिन्नि सागरोवमाइं, एवं सेसपुढवीसु पुच्छा भाणियव्वा, वालुयप्पभापुढवि नेरइआणं जहन्नेणं तिन्नि सागरोवमाइं उक्कोसेणं सत्त सागरोवमाइं, पङ्कप्पभापुढवि नेरइयाणं जहन्नेणं सत्त सागरोवमाइं उक्कोसेणं दस सागरोवमाइं, धूमप्पभापुढवि नेरइयाणं जहन्नेणं दस सागरोवमाइं उक्कोसेणं सत्तरस सागरोवमाइं, तमप्पहापुढवि नेरइयाणं जहन्नेणं सत्तरस सागरोवाइं उक्कोसेणं बावीस सागरोवमाइं, तमतमा पुढवी नेरइयाणं भन्ते! केव० गोयमा जहा० बावीसं सागरोवमं, उक्को०तेत्तीसं सागरोवमाइं."
1734,
1735,"असुरकुमाराणं भन्ते पुच्छा, जहन्नेणं दस वाससहस्साइं उक्कोसेणं सातिरेगं सागरोवमं असुरकुमार-देवीणं पुच्छा० जहन्नेणं दस वाससहस्साइं उक्कोसेणं अद्धपञ्चमाइं पलिओवमाइं, नागकुमाराणं भन्ते० जहन्नेणं दस वाससहस्साइं उक्कोसेणं देसूणाइं दुन्नि पलिओवमाइं, नागकुमारीणं भन्ते० जहन्नेणं दस वाससहस्साइं उक्कोसेणं देसूणं पलिओवमं एवं जहा नागकुमाराणं देवाणं देवीण य तहा जाव थणिय-कुमाराणं देवाणं देवीणं य भाणियव्वं."
1736,
1737,"पुढविकाइआणं पुच्छा० जहन्नेणं अन्तोमुहुत्तं उक्कोसेणं बावीसं वाससहस्साइं, सुहुमपुढ-विकाइआणं ओहिआणं अपज्जत्तगाणं पज्जत्तगाण य तिण्ह वि पुच्छा, गोयमा! जहन्नेणं वि अन्तोमुहुत्तं उक्कोसेणं वि अन्तोमुहुत्तं, बादरपुढविकाइयाणं पुच्छा गोयमा! जहन्नेणं अन्तोमुहुत्तं उक्कोसेणं बावीसं वाससहस्साइं, अपज्जत्तग बादर पुढविकाइय पुच्छा० गोयमा! जह० वि उक्को० वि अन्तोमुहूत्तं, पज्जत्तग बादर पुढविकाइय पुच्छा० गोयमा! जह० अन्तोमुहूत्तं उक्को० बावीसं वास-सहस्साइं अन्तोमुहुत्तूणाइं एवं सेसकाइआणं वि पुच्छा वयणं भाणियव्वं."
1738,
1739,"आउकाइआणं जहन्नेणं अन्तोमुहुत्तं उक्कोसेणं सत्त-वाससहस्साइं, सुहुमआउकाइआणं ओहिआणं अपज्जत्तगाणं पज्जत्तगाणं तिण्ह वि जहन्नेण वि अन्तोमुहुत्तं उक्कोसेण वि अन्तोमुहुत्तं बादरआउकाइयाणं जहा ओहिआणं अपज्जत्तगबादर-आउकाइआणं जहन्नेण वि अन्तोमुहुत्तं उक्कोसेण वि अन्तोमुहुत्तं पज्जत्तग बादर आउकाइआणं जहन्नेणं अन्तोमुहुत्तं उक्कोसेणं सत्त वाससहस्साइं अन्तोमुहुत्तूणाइं."
1740,
1741,"तेउकाइआणं जहन्नेणं अन्तोमुहुत्तं उक्कोसेणं तिन्न राइन्दिआइं, सुहुमतेउकाइआणं ओहिआणं अपज्जत्तगाणं पज्जत्तगाणं तिण्ह वि जहन्नेणं वि अन्तोमुहुत्तं उक्कोसेणं वि अन्तोमुहुत्तं, बादरतेउकाइआणं जहन्नेणं अन्तोमुहुत्तं उक्कोसेणं तिन्नि राइन्दिआइं, अपज्जत्तग-बादरतेउ० जहन्नेणं वि अन्तोमुहुत्तं उक्कोसेणं वि अन्तोमुहुत्तं, पज्जत्तगबादरतेउ० जहन्नेणं अन्तोमुहुत्तं उक्कोसेणं तिन्नि राइन्दियाइं अन्तोमुहुत्तूणाइं."
1742,
1743,"वाउकाइआणं जहन्नेणं अन्तोमुहुत्तं उक्कोसेणं तिन्नि वाससहस्साइं, सुहुमवाउकाइआणं ओहिआणं अपज्जत्तगाणं पज्जत्तगाण य तिण्हि वि जहन्नेणं वि अन्तोमुहुत्तं उक्कोसेणं वि अन्तोमुहुत्तं, बादरवाउकाइयाणं जहन्नेणं अन्तोमुहुत्तं उक्कोसेणं तिन्नि वाससहस्साइं, अपज्जत्तग बादर वाउकाइयाणं जहन्नेण वि अन्तोमुहुत्तं उक्कोसेणं वि अन्तोमुहुत्तं, पज्जत्तग बादर वाउकाइयाणं जहन्नेणं अन्तोमुहुत्तं उक्कोसेणं तिन्नि वाससहस्साइं अन्तोमुहुत्तूणाइं. वणस्सइकाइआणं जहन्नेणं अन्तोमुहुत्तं उक्कोसेणं दस वाससहस्साइं, सुहुमवणस्सइकाइआणं ओहिआणं अपज्जत्तगाणं पज्जत्तगाणं य तिण्हि वि जहन्नेण वि अन्तोमुहुत्तं उक्कोसेणं वि अन्तोमुहुत्तं, बादर वणस्सइकाइयाणं जहन्नेणं अन्तोमुहुत्तं उक्कोसेणं दसवाससहस्साइं, अपज्जत्तग बादर वणस्सइकाइयाणं जहन्नेणं वि उक्कोसेण वि अन्तोमुहुत्तं पज्जत्त बादर वणस्सइकाइयाणं जहन्नेणं अन्तोमुहूत्तं उक्कोसेणं दस वाससहस्साइं अन्तोमुहत्तूणाइं."
1744,
1745,"बेइन्दिआणं पुच्छा० जहन्नेणं अन्तोमुहुत्तं उक्कोसेणं बारस संवच्छराणि, अपज्जत्तग बेइन्दिआणं पुच्छा० गोयमा! जहन्नेणं वि अन्तोमुहुत्तं उक्कोसेणं वि अन्तोमुहुत्तं, पज्जत्तग बेइन्दिआणं पुच्छा, गोयमा! जहन्नेणं अन्तोमुहुत्तं उक्कोसेण बारस संवच्छराइं अन्तोमुहुत्तूणाइं."
1746,
1747,"तेइन्दियाणं पुच्छा० जहन्नेणं अन्तोमुहुत्तं उक्कोसेणं एकूणपन्नासं राइन्दिआइं, अपज्जत्तग तेइन्दिआणं पुच्छा० गोयमा! जहन्नेणं वि अन्तोमुहुत्तं उक्कोसेण वि अन्तोमुहुत्तं पज्जत्तगतेइन्दिआणं पुच्छा० गोयमा! जहन्नेणं अन्तोमुहुत्तं उक्कोसेणं एगूणपन्नासं राइन्दिआइं अन्तोमुहुत्तूणाइं."
1748,
1749,"चउरिन्दिआणं भन्ते! केवइअं कालं ठिती पन्नत्ता? गोयमा! जहन्नेणं अन्तोमुहुत्तं उक्कोसेणं छम्मासा, अपज्जत्तग चउरिन्दिआणं पुच्छा, गोयमा! जहन्नेणं वि अन्तोमुहुत्तं उक्कोसेण वि अन्तोमुहुत्तं, पज्जत्तग चउरिन्दियाणं पुच्छा० गोयमा! जहन्नेणं अन्तोमुहुत्तं उक्कोसेणं छम्मासा अन्तोमुहुत्तूणा."
1750,
1751,"पञ्चिन्दिय तिरिक्खजोणिआणं पुच्छा० गोयमा! जहन्नेणं अन्तोमुहुत्तं उक्कोसेणं तिन्नि पलिओवमाइं, जलयर पञ्चिन्दिअ तिरिक्ख-जोणिआणं पुच्छा०, गोयमा जहन्नेणं अन्तोमुहुत्तं उक्कोसेणं पुव्वकोडी, संमुच्छिम जलयर पञ्चिदिअ तिरिक्खजोणिआणं पुच्छा० गोयमा! जहन्नेणं अन्तोमुहुत्तं उक्कोसेणं पुव्वकोडी, अपज्जत्तय संमुच्छिम जलयर पञ्चिदिअ पुच्छा० गोयमा! जहन्नेणं वि अन्तोमुहुत्तं उक्कोसेणं वि अन्तोमुहुत्तं, पज्जत्तय संमुच्छिम जलयर पञ्चिदिअ पुच्छा० गोयमा! जहन्नेणं अन्तोमुहुत्तं उक्कोसेणं पुव्वकोडी अन्तोमुहुत्तूणा, गब्भवक्कन्तिअ जलयर पञ्चिदिअ पुच्छा० गोयमा! जहन्नेणं अन्तोमुहुत्त उक्कोसेणं पुव्वकोडी, अपज्जत्तय गब्भवक्कन्तिय जलयर पञ्चिदिअ पुच्छा० गोयमा! जहन्नेणं वि अन्तोमुहुत्तं उक्कोसेण वि अन्तोमुहुत्तं, पज्जत्तय गब्भवक्कन्तिय जलयर पञ्चिन्दिअ पुच्छा० गोयमा! जहन्नेणं अन्तोमुहुत्तं उक्कोसेणं पुव्वकोडी, अन्तोमुहुत्तूणा."
1752,
1753,"चउप्पयथलयरपञ्चिदिअ पुच्छा० जहन्नेणं अन्तोमुहुत्तं उक्कोसेणं तिन्नि पलिओवमाइं, संमुच्छिम चउप्पय थलयर पञ्चॆन्दिय पुच्छा० गोयमा! जह० अन्तो० उक्को० चउरासीति वाससहस्साइं, अपज्जत्तय संमुच्छिम चउप्पय थलयर पञ्चिन्दिअ जाव गोयमा! जहन्नेणं वि अन्तोमुहुत्तं उक्कोसेण वि अन्तोमुहुत्तं, पज्जत्तय संमुच्छिम चउप्पय थलयरपञ्चिदिय जाव गोयमा जहन्नेणं अन्तोमुहुत्तं उक्कोसेणं चउरासीइवाससहस्साइं अन्तोमुहुत्तूणाइं."
1754,
1755,"गब्भवक्कन्तिअ चउप्पयथलयर पञ्चिदिअ जाव गोयमा! जहन्नेणं अन्तोमुहुत्तं उक्कोसेणं तिन्नि पलिओवमाइं, अपज्जत्तग गब्भवक्कन्तिअ चउप्पयथलयर पञ्चिदिअ जाव गोयमा जहन्नेणं वि अन्तोमुहुत्तं उक्कोसेण वि अन्तोमुहुत्तं, पज्जत्तग गब्भवक्कन्तिअ चउप्पय-थलयर पञ्चिन्दिअ जाव गोयमा! जहन्नेणं अन्तोमुहुत्तं उक्कोसेणं तिन्नि पलिओवमाइं अन्तोमुहुत्तूणाइं, उरपरिसप्प थलयरपञ्चिदिअ जाव गोयमा! जहन्नेणं अन्तोमुहुत्तं उक्कोसेणं पुव्वकोडी, संमुच्छिम उपरिसप्प थलयरपञ्चिन्दिअ जाव गोयमा! जहन्नेणं अन्तोमुहुत्तं उक्कोसेणं तेवन्नं वाससहस्साइं, अपज्जत्तय संमुच्छिम उरपरिसप्प थलयरपञ्चिदिअ जाव गोयमा! जहन्नेणं वि अन्तोमुहुत्तं उक्कोसेणं वि अन्तोमुहुत्तं, पज्जत्तय संमुच्छिम उरपरिसप्प थलयरपञ्चिन्दिअ जाव गोयमा! जहन्नेणं अन्तोमुहुत्तं उक्कोसेणं तेवन्नं वाससहस्साइं अन्तोमुहुत्तूणाइं."
1756,
1757,"गब्भवक्कन्तिअ उरपरिसप्प थलयरपञ्चिन्दिअ जाव गोयमा! जहन्नेणं अन्तोमुहुत्तं उक्कोसेणं पुव्वकोडी, अपज्जत्तग गब्भवक्कन्तिय उरपरिसप्प थलयरपञ्चिन्दिय जाव गोयमा! जहन्नेणं वि अन्तोमुहुत्तं उक्कोसेण वि अन्तोमुहुत्तं, पज्जत्तय गब्भवक्कन्तिय उरपरिसप्प थलयरपञ्चिन्दिअ जाव गोयमा! जहन्नेणं अन्तोमुहुत्तं उक्कोसेणं पुव्वकोडी अन्तोमुहुत्तूणा."
1758,
1759,"भुअपरिसप्प थलयर पञ्चिन्दिअ जाव गोयमा! जहन्नेणं अन्तोमुहुत्तं उक्कोसेणं पुव्वकोडी, संमुच्छिम भुअपरिसप्प थलयरपञ्चिदिअ जाव गोयमा! जहन्नेणं अन्तोमुहुत्तं उक्कोसेणं बायालीसं वाससहस्साइं, अपज्जत्तय संमुच्छिम भुअपरिसप्प थलयरपञ्चिदिअ जाव गोयमा! जहन्नेण वि अन्तोमुहुत्तं उक्कोसेणं वि अन्तोमुहुत्तं, पज्जत्तग संमुच्छिम भुयपरिसप्प थलयर पञ्चॆन्दिय जाव गोयमा! जह० अन्तो० उक्कोसेणं बायालीसं वाससस्साइं अन्तोमुहुत्तूणाइं."
1760,
1761,"गब्भवक्कन्तिय भुअपरिसप्प थलयरपञ्चिन्दिअ जाव गोयमा! जहन्नेणं अन्तोमुहुत्तं उक्केसेणं पुव्वकोडी, अपज्जत्तय गब्भवक्कन्तिअ भुअपरिसप्प थलयरपञ्चिन्दिय जाव गोयमा! जहन्नेणं वि अन्तोमुहुत्तं उक्कोसेणं वि अन्तोमुहुत्तं, पज्जत्तय गब्भवक्कन्तिअ भुअपरिसप्प थलयरपञ्चिअ जाव गोयमा! जहन्नेणं अन्तोमुहुत्तं उक्कोसेणं पुव्वकोडी अन्तोमुहुत्तूणा."
1762,
1763,"खहयरपञ्चिदिय जाव गोयमा! जह० अन्तो० उक्को० पलिओवमस्स असङ्खिज्जतिभागो, संमुच्छिम खहयर पञ्चिदिअ जाव गोयमा! जह० अन्तो० उक्को० बावत्तरिं वाससहस्साइं, अपज्जत्तय संमुच्छिम खहयर पञ्चिदिअ जाव गोयमा! जहन्नेणं वि अन्तोमुहुत्तं उक्कोसेणं वि अन्तोमुहुत्तं, पज्जत्तग संमुच्छिम खहयर पञ्चिदिअ जाव गोयमा! जह० अन्तो० उक्को० बावत्तरि वाससहस्साइं अन्तोमुहुत्तूणाइं."
1764,
1765,"गब्भवक्कन्तिअ खहयर पञ्चिन्दिय जाव गोयमा! जहन्नेणं अन्तोमुहुत्तं उक्कोसेणं पलिओवमसस असङ्खिज्जइभागो, अपज्जत्तग गब्भवक्कन्तिअ खहयर पञ्चिन्दिअ जाव गोयमा! जहन्नेणं वि अन्तोमुहुत्तं उक्कोसेण वि अन्तोमुहुत्तं, पज्जत्तग गब्भवक्कन्तिअ खहयर पञ्चिदिअतिरिक्ख-जोणियाणं भन्ते! केवइअं कालं ठिती पन्नत्ता? गोयमा! जहन्नेणं अन्तोमुहुत्तं उक्कोसेणं पलिओवमस्स असङ्खिज्जइभागो अन्तोमुहुत्तूणो. एत्थ एएसिं सङ्गहणि गाहाओ भवन्ति तं जहा —"
1766,
1767,
1768,
1769,---------------------------------------------------------------------
1770,संमुच्छिम पुव्वकोडी चउरासीइं भवे सहस्साइं
1771,तेवण्णा बायाला बावत्तरिमेव पक्खीणं // अणुओग.२९०
1772,
1773,
1774,
1775,---------------------------------------------------------------------
1776,गब्भंमि पुव्वकोडी तिन्नि अ पलिओवमाइं परमाउ
1777,उरग भुअ पुव्वकोडी पलिओवम'सङ्खभागो अ // अणुओग.२९१
1778,
1779,
1780,
1781,---------------------------------------------------------------------
1782,"मणुस्साणं भन्ते! केवइअं कालं ठिती पन्नत्ता? गोयमा! जहन्नेणं अन्तोमुहुत्तं उक्कोसेणं तिन्नि पलिओवमाइं, संमुच्छिम मणुस्साणं जाव गोयमा जहन्नेणं वि अन्तोमुहुत्तं उक्कोसेणं वि अन्तोमुहुत्तं, गब्भवक्कन्तिअ मणुस्साणं जाव गोयमा! जहन्नेणं अन्तोमुहुत्तं उक्कोसेण तिन्नि पलिओवमाइं अपज्जत्तय गब्भवक्कन्तिअ मणुस्साणं जाव गोयमा! जहन्नेणं वि अन्तोमुहुत्तं उक्कोसेण वि अन्तोमुहुत्तं, पज्जत्तय गब्भव० मणूसाणं० जहन्नेणं अन्तोमुहुत्तं उक्को० तिन्नि पलिओवमाइं अन्तोमुहुत्तूणाइं."
1783,
1784,"वाणमन्तराणं भन्ते देवाणं० गोयमा! जहन्नेणं दस वाससहस्साइं उक्कोसेणं पलिओवमं, वाणमन्तरीणं देवीणं पुच्छा गोयमा! जहन्नेणं दस वाससहस्साइं उक्कोसेणं अद्धपलिओवमं. जोतिसियाणं भन्ते देवाणं० गोयमा! जहन्नेणं सातिरेगं अट्ठभागपलिओवमं उक्कोसेणं पलिओवमं वाससतसहस्समब्भहिअं, जोतिसिणीणं भन्ते देवीणं पुच्छा गोयमा! जहन्नेणं अट्ठभागपलिओवमं उक्कोसेणं अद्धपलिओवमं पन्नासाए वाससहस्सेहिं अब्भहिअं."
1785,
1786,"चन्दविमाणाणं भन्ते देवाणं पुच्छा० गोयमा! जहन्नेणं चउभागपलिवओवमं उक्कोसेणं पलिओवमं वाससतसहस्समब्भहिअं, चन्दविमाणाणं भन्ते! देवीणं पुच्छा० गोयमा! जहन्नेणं चउब्भाग पलिओवमं उक्कोसेणं अद्धपलिओवमं पन्नासाए वाससहस्सेहिं अब्भहिअं."
1787,
1788,"सूरविमाणाणं भन्ते देवाणं? गोयमा! जहन्नेणं चउभागपलिओवमं उक्कोसेणं पलिओवमं वाससहस्समब्भहिअं, सूरविमाणाणं भन्ते देवीणं? गोयमा! जहन्नेणं चउब्भगपलिओवमं उक्कोसेणं अद्धपलिओवमं पञ्चहिं वाससतेहिं अब्भहिअं."
1789,
1790,"गहविमाणाणं भन्ते देवाणं? गोयमा! जहन्नेणं चउब्भाग पलिओवमं उक्कोसेणं पलिओवमं, गहविमाणाणं भन्ते देवीणं? गोयमा! जहन्नेणं चउभागपलिओवमं उक्कोसेणं अद्धपलिओवमं. नक्खत्तविमाणाणं भन्ते देवाणं? गोयमा! जहन्नेणं चउब्भागपलिओवमं उक्कोसेणं अद्धपलिओवमं. नक्खत्त विमाणाणं देवी णं पुच्छा० गोयमा! जहन्नेणं चउब्भाग पलिओवमं उक्कोसेणं सातिरेगं चउब्भागपलिओवमं."
1791,
1792,"ताराविमाणाणं भन्ते! देवाणं? गोयमा! जहन्नेणं सातिरेगं अट्ठभागपलिओवमं उक्कोसेणं चउभागपलिओवमं, ताराविमाणणं भन्ते! देवीणं? गोयमा! जहन्नेणं अट्ठभागपलिओवमं उक्कोसेणं साइरेगं अट्ठभागपलिओवमं."
1793,
1794,"वेमाणियाण भन्ते! देवाणं? गोयमा जहन्नेणं पलिओवमं उक्कोसेणं तेत्तीसं सागरोवमाइं, वेमाणियाणं भन्ते देवीणं? गोयमा! जहन्नेणं पलिओवमं उक्कोसेणं पणपन्नं पलिओवमाइं."
1795,
1796,"सोहम्मे णं भन्ते! कप्पे देवाणं? गोयमा! जहन्नेणं पलिओवमं उक्कोसेणं दो सागरोवमाइं, सोहम्मे णं भन्ते! कप्पे परिग्गहियादेवीणं? गोयमा! जहन्नेणं पलिओवमं उक्कोसेणं सत्त पलिओवमाइं, सोहम्मे णं अपरिग्गहियादेवीणं? गोयम! जहन्नेणं पलिओवमं उक्कोसेणं पन्नासं पलिओवमाइं."
1797,
1798,"ईसाणे णं भन्ते! कप्पे देवाणं? गोयमा! जहन्नेणं साइरेगं पलिओवमं उक्कोसेणं साइरेगाइं दो सागरोवमाइं, ईसाणे णं भन्ते! कप्पे परिग्गहियादेवीणं? गोयमा! जहन्नेणं साइरेगं पलिओवमं उक्कोसेणं नव पलिओवमाइं, ईसाणे णं भन्ते! कप्पे अपरिग्गहियादेवीणं? गोयमा! जहन्नेणं साइरेगं पलिओवमं उक्कोसेणं पणपन्न पलिओवमाइं."
1799,
1800,सणङ्कुमारे णं भन्ते! कप्पे देवाणं? गोयमा! जहन्नेणं दो सागरोवमाइं उक्कोसेणं दस सागरोवमाइं.
1801,
1802,माहिन्दे णं भन्ते! कप्पे देवाणं पुच्छा० गोयमा! जहन्नेणं साइरेगाइं दो सागरोवमाइं उक्कोसेणं साइरेगाइं सतसागरोवमाइं. बम्भलोए णं भन्ते! कप्पे देवाणं पुच्छा० गोयमा! जहन्नेणं सत्त सागरोवमाइं उक्कोसेणं दस सागरोवमाइं.
1803,
1804,"एवं कप्पे कप्पे एवं भाणिअव्वं० लन्तए जहन्नेणं दस सागरोवमाइं उक्कोसेणं चउद्दस सागरोवमाइं, महासुक्के जहन्नेणं चउद्दस सागरोवमाइं उक्कोसेणं सत्तरस सागरोवमाइं, सहस्सारे जहन्नेणं सत्तरस सागरोवमाइं उक्कोसेणं अट्ठारस सागरोवमाइं, आणए जहन्नेणं अट्ठारस सागरोवमाइं उककोसेणं एगूणवीसं सागरोवमाइं, पाणए जहन्नेणं एगूणवीसं सागरोवमाइं उककोसेणं वीसं सागरोवमाइं, आरणे जहन्नेणं वीसं सागरोवमाइं उककोसेणं एकवीसं सागरोवमाइं अचज्चुए जहन्नेणं एक्कवीसं सागरोवमाइं उक्कोसेणं बावीसं सागरोवमाइं."
1805,
1806,"हेट्ठिमहेट्ठिमगेवेज्जविमाणेसु देवाणं पुच्छा० गोयमा! जहन्नेणं बावीसं सागरोवमाइं उक्कोसेणं तेवीसं सागरोवमाइं, हेट्ठिमज्झिमगेवेज्जविमाणेसु णं भन्ते देवाणं? गोयमा! जहन्नेणं तेवीसं सागरोवमाइं उक्कोसेणं चउवीसं सागरोवमाइं, हेट्ठिमउवरिमगेवेज्जविमाणेसु णं भन्ते देवाणं? गोयमा! जहन्नेणं चउव्वीसं सागरोवमाइं उक्कोसेणं पणवीसं सागरोवमाइं, मज्झिमहेट्ठिमगेवेज्जविमाणेसु णं भन्ते! देवाणं? गोयमा! जहन्नेणं पणवीसं सागरोवमाइं उक्कोसेणं छव्वीसं सागरोवमाइं, मज्झिममज्झिम-गेवेज्जविमाणेसु णं भन्ते देवाणं? गोयमा! जहन्नेणं छव्वीसं सागरोवमाइं उक्कोसेणं सत्तावीसं सागरोवमाइं, मज्झिमउवरिमगेवेज्जविमाणेसु णं भन्ते देवाणं? गोयमा! जहन्नेणं सत्तावीसं सागरोवमाइं उक्कोसेणं अट्ठावीसं सागरोवमाइं, उवरिमहेट्ठिमगेवेज्जविमाणेसु णं भन्ते! देवाणं? गोयमा! जहन्नेणं अट्ठावीसं सागरोवमाइं उक्कोसेणं एगूणतीसं सागरोवमाइं, उवरिममज्झिमगेवेज्जविमाणेसु णं भन्ते देवाणं ? गोयमा! जहन्नेणं एगूणतीसं सागरोवमाइं उक्कोसेणं तीसं सागरोवमाइं, उवरिमउवरिम-गेवेज्जविमाणेसु णं भन्ते! देवाणं? गोयमा! जहन्नेणं तीसं सागरोवमाइं उक्कोसेणं एक्कतीसं सागरोवमाइं."
1807,
1808,"विजयवेजयन्तजयन्तअपराजितविमाणेसु णं भन्ते! देवाणं केवतिअं कालं ठिती पन्नत्ता? गोयमा! जहन्नेणं एक्कतीसं सागरोवमाइं उक्कोसेणं तेत्तीसं सागरोवमाइं, सव्वट्ठसिद्धे णं भन्ते महाविमाणे देवाणं केवतिअं कालं ठिती पन्नत्ता? गोयमा! अजहन्नमनुक्कोसं तेत्तीसं सागरोवमाइं, से तं सुहुमे अद्धापलिओवमे, से तं अद्धा पलिओवमे."
1809,
1810,
1811,
1812,---------------------------------------------------------------------
1813,"से किं तं खेत्तपलिओवमे? खेत्तपलिओवमे दुविहे पन्नत्ते, तं जहा — सुहुमे य वावहारिए य, तत्थ णं जे से सुहुमे से ठप्पे, तत्थ णं जे से वावहारिए से जहानामए पल्ले सिया- जोयणं आयाम-विक्खम्भेणं जोयणं उड्ढं उच्चत्तेणं तं तिगुणं सविसेसं परिक्खेवेणं, से णं पल्ले एगाहिय बेयाहिय-जाव भरिए वालग्गकोडीणं, से णं वालग्गे नो अग्गी डहेज्जा जाव नो पूइत्ताए हव्वमाग्छछेज्जा, जे णं तस्स पल्लस्स आगासपएसा तेहिं वालग्गेहिं अप्फुन्ना तओ णं समए-समए एगमेगं आगासपएसं. अवहाय जावइएणं कालेणं से पल्ले खीणे [नीरए निल्लेवे] निट्ठिए भवइ, से तं वावहारिए खेत्तपलिओवमे."
1814,
1815,
1816,
1817,---------------------------------------------------------------------
1818,एएसिं पल्लाणं कोडाकोडी भवेज्ज दसगुणिया
1819,तं वावहारियस्स खेत्तसागरोवमस्स एगस्स भवे परीमाणं // अणुओग.२९४
1820,
1821,
1822,
1823,---------------------------------------------------------------------
1824,"एएहिं वावहारियएहिं खेत्तपलिओवम-सागरोवमेहिं किं पओयणं? एएहिं वावहारिएहिं खेत्तपलिओवम-सागरोवमेहिं नत्थि किञ्चिप्पओयणं, केवलं पन्नवणट्ठं पन्नविज्जइ, से तं वावहारिए खेत्तपलिओवमे. से किं तं सुहुमे खेत्तपलिओवमे? सुहुमे खेत्तपलिओवमे, से जहानामए पल्ले सिया-जोयणं आयाम-विक्खम्भेणं जोयणं उड्ढं उच्चत्तेणं तं तिगुणं सविसेसं परिक्खेवेणं, से णं पल्ले एगाहिय-बेयाहिय-तेयाहिय उक्कोसेणं सत्तरत्तपरूढाणं संमट्ठे सन्निचित्ते भरिए वालग्गकोडीणं, तत्थ णं एगमेगे वालग्गे असङ्खेज्जाइं खण्डाइं कज्जइ, ते णं वालग्गा दिट्ठीओगाहणाओ असङ्खेज्जइभागमेत्ता सुहुमस्स पणगजीवस्स सरीरोगाहणाओ असङ्खेज्जगुणा, से णं वालग्गे नो अग्गी डहेज्जा नो पलिविद्धंसेज्जा नो पूइत्ताए हव्वमागच्छेज्जा, जे णं तस्स पल्लस्स आगासपएसा तेहिं वालग्गेहिं अप्फुन्ना वा अणप्फुन्ना वा तओ णं समए-समए एगमेगं आगासपएसं अवहाय जावइएणं कालेणं से पल्ले खीणे जाव निट्ठिए भवइ, से तं सुहुमे खेत्तपलिओवमे, तत्थ णं चोयए पन्नवगं एवं वयासी."
1825,
1826,"अत्थि णं तस्स पल्लस्स आगासपएसा जे णं तेहिं वालग्गेहिं अणप्फुन्ना? हन्ता अत्थि, जहा को दिट्ठन्तो? से जहानामए कोट्ठए सिया कोहण्डाणं भरिए तत्थ णं माउलिङ्गा पक्खित्ता ते वि माया, तत्थ णं बिल्ला पक्खित्ता ते वि माया, तत्थ णं आमलगा पक्खित्ता ते वि माया, तत्थ णं बयरा पक्खित्ता ते वि माया, तत्थ णं चणगा पक्खित्ता ते वि माया, तत्थ णं मुग्गा पक्खित्ता ते वि माया, तत्थ णं सरिसवा पक्खित्ता से वि माया, तत्थ णं गङ्गावालुया पक्खित्ता सा वि माया एवमेव एएणं दिट्ठन्तेणं अत्थि णं तस्स पल्लस्स आगासपएसा जे णं तेहिं वालग्गेहिं अणप्फुन्ना. [तं सुहुमस्स खेत्तसागरोवमं०]. "
1827,
1828,
1829,
1830,---------------------------------------------------------------------
1831,एएसिं पल्लाणं कोडाकोडी भवेज्ज दसगुणिया
1832,तं सुहुमस्स खेत्तसागरोवमस्स एगस्स भवे परीमाणं // अणुओग.२९६
1833,
1834,
1835,
1836,---------------------------------------------------------------------
1837,एएहिं सुहुमखेत्तपलिओवम-सागरोवमेहिं किं पओयणं? एएहिं सुहुमखेत्तपलिओवम-सागरोवमेहिं दिट्ठिवाए दव्वा मविज्जन्ति.
1838,
1839,
1840,
1841,---------------------------------------------------------------------
1842,"कइविहा णं भन्ते दव्वा पन्नत्ता? गोयमा! दुविहा दव्वा पन्नत्ता तं जहा — जीवदव्वा य अजीवदव्वा य. अजीवदव्वा णं भन्ते! कइविहा पन्नत्ता? गोयमा! अजीवदव्वा दुविहा पन्नत्ता, तं जहा -अरूविअजीवदव्वा य रूविअजीवदव्वा य, अरूविअजीवदव्वा णं कइविहा पन्नत्ता? गोयमा ! दसविहा पण्णत्ता तं जहा धम्मत्थिकाए धम्मत्थिकायस्स देसा धम्मत्थिकायस्स पएसा अधम्मत्थिकाए अधम्मत्थिकायस्स देसा अधम्मत्थिकायस्स पएसा आगासत्थिकाए आगासत्थिकायस्स देसा आगासत्थिकायस्स पएसा अद्धासमए, रूविअजीवदव्वा कइविहा पन्नत्ता? गोयमा! रूवि अजीव दव्वा चउव्विहा पण्णत्ता तं जहा -खन्धा खन्धदेसा खन्धप्पएसा परमाणुपोग्गला. ते णं भन्ते! किं सङ्खेज्जा असङ्खेज्जा अनन्ता? गोयमा! नो सङ्खेज्जा नो असङ्खेज्जा अनन्ता, से केणट्ठेणं भन्ते! – एवं वुच्चइ० नो सङ्खेज्जा नो असङ्खेज्जा अनन्ता? गोयमा! अनन्ता परमाणु पोग्गला, अनन्ता दुपएसिया खन्धा जाव अनन्ता अनन्तपएसिया खन्धा, से तेणट्ठेणं गोयमा! एवं वुच्चइ ते णं नो सङ्खेज्जा नो असङ्खेज्जा अनन्ता."
1843,
1844,"जीवदव्वा णं भन्ते! किं सङ्खेज्जा असङ्खेज्जा अनन्ता? गोयमा! नो सङ्खेज्जा नो असङ्खेज्जा अनन्ता, से केणट्ठेणं भन्ते! एवं वुच्चइ? गोयमा! असङ्खेज्जा नेरइया असङ्खेज्जा असुरकुमारा जाव असङ्खेज्जा थणियकुमारा असङ्खेज्जा पुढविकाइया जाव असङ्खेज्जा वाउकाइया अनन्ता वणस्सइकाइया असङ्खेज्जा बेइन्दिया असङ्खेज्जा चउरिन्दिया असङ्खेज्जा पञ्चिन्दिय-तिरिक्खजोणिया असङ्खेज्जा मणुस्सा असङ्खेज्जा वाणमन्तरा असङ्खेज्जा जोइसिया असङ्खेज्जा वेमाणिया अनन्ता सिद्धा, से तेणट्ठेणं गोयमा! एवं वुच्चइ जीवदव्वाणं नो सङ्खेज्जा नो असङ्खेज्जा अनन्ता."
1845,
1846,
1847,
1848,---------------------------------------------------------------------
1849,"कइ णं भन्ते सरीरा पन्नत्ता? गोयमा! पञ्च सरीरा पन्नत्ता, तं जहा — ओरालिए वेउव्विए आहारए तेयए कम्मए. नेरइयाणं भन्ते! कइ सरीरा पन्नत्ता? गोयमा! तओ सरीरा पण्णत्ता तं जहा- वेउव्विए तेयए कम्मए. असुरकुमाराणं कइ सरीरा पन्नत्ता? गोयमा! तओ सरीरा० वेउव्विए तेए कम्मए एवं तिन्नि-तिन्नि एवं चेव सरीरा जाव थणियकुमाराणं भाणियव्वा."
1850,
1851,"पुढविकाइयाणं भन्ते! कइ सरीरा पन्नत्ता? गोयमा! तओ सरीरा पण्णत्ता तं जहा — ओरालिए तेयए कम्मए, एवं आउ-तेउ-वणस्सइकाइयाणं वि एए चेव तिन्नि सरीरा भाणियव्वा, वाउकाइयाणं० चत्तारि सरीरा पन्नत्ता तं जहा — ओरालिए वेउव्विए तेयए कम्मए; बेइन्दिय-तेइन्दिय-चउरिन्दियाणं जहा पुढविकाइयाणं, पञ्चिन्दियतिरिक्खजोणियाणं जहा वाउकाइयाणं, मणुस्साणं जाव गोयमा! पञ्च सरीरा पं० तं जहा-ओरालिए वेउव्विए आहारए तेयए कम्मए. वाणमन्तराणं जोइसियाणं वेमाणियाणं जहा नेरइयाणं."
1852,
1853,"केवइया णं भन्ते ओरालिय-सरीरा पन्नत्ता? गोयमा! दुविहा बद्धेल्लया य मुक्केल्लया य, तत्थ णं जे ते बद्धेल्लया ते णं असङ्खेज्जा असङ्खेज्जाहिं उस्सप्पिणी-ओसप्पिणीहिं अवहीरन्ति कालओ खेत्तओ असङ्खेज्जा लोगा, तत्थ णं जे ते मुक्केल्लया ते णं अनन्ता – अनन्ताहिं उस्सप्पिणी-ओसप्पिणीहिं अवहीरन्ति कालओ खेत्तओ अनन्ता लोगा दव्वओ अभवसिद्धएहिं अनन्तगुणा सिद्धाणं अनन्तभागो. केवइआणं भन्ते! वेउव्विअसरीरा पन्नत्ता? गोतम! तं जहा-दुविहा पन्नत्ता तं जहा-बद्धेल्लया य मुक्केल्लया य, तत्थ णं जे ते बद्धेल्लया ते णं असङ्खेज्जा असङ्खेज्जाहिं उस्सप्पिणी-ओसप्पिणीहिं अवहीरन्ति कालओ खेत्तओ असङ्खेज्जाओ सेढीओ पयरस्स असङ्खेज्जइभागो, तत्थ णं जे ते मुक्केल्लया ते णं अनन्ता अनन्ताहिं उस्सप्पिणी-ओस्सप्पिणीहिं अवहीरन्ति कालओ सेसं जहा ओरालियस्स मुक्केल्लया तहा एए वि भाणियव्वा. आहारगसरीरा पुच्छा० गोयमा! तं दुविहा पन्नत्ता तं जहा-बद्धेल्लया य मुक्केल्लया य, तत्थ णं जे ते बद्धेल्लया ते णं सिय अत्थि सिय नत्थि, जइ अत्थि जहन्नेणं एगो वा दो वा तिन्नि वा उक्कोसेणं सहस्सपुहत्तं, मुक्केल्लया जहा ओरालियसरीरस्स तहा भाणियव्वा."
1854,
1855,"तेयगसरीरा पुच्छा० गोयमा! तं दुविहा पन्नत्ता तं जहा-बद्धेल्लया य मुक्केल्लया य, तत्थ णं जे ते बद्धेल्लया ते णं अनन्ता अनन्ताहिं उस्सप्पिणी-ओसप्पिणीहिं अवहीरन्ति कालओ खेत्तओ अनन्ता लोगा दव्वओ सिद्धेहिं अनन्तगुणा सव्वजीवाणं अनन्तभागूणा, तत्थ णं जे ते मुक्केल्लया ते णं अनन्ता अनन्ताहिं उस्सप्पिणी-ओसप्पिणीहिं अवहीरन्ति कालओ खेत्तओ अनन्ता लोगा दव्वओ सव्वजीवेहिं अनन्तगुणा सव्व जीववग्गस्स अनन्तभागो."
1856,
1857,कम्मगसरीरा पुच्छा० गोयमा! तं दुविहा पन्नत्ता तं जहा-बद्धेल्लया य मुक्केल्लया य जहा तेयगसरीरा तहा कम्मगसरीरा वि भाणियव्वा.
1858,
1859,"नेरइयाणं भन्ते! केवइया ओरालियसरीरा पन्नत्ता? गोयमा! तं दुविहा पन्नत्ता तं जहा-बद्धेल्लया य मुक्केल्लया य, तत्थ णं जे ते बद्धेल्लया ते णं नत्थि, तत्थ णं जे ते मुक्केल्लया ते जहा ओहिया ओरालियसरीरा तहा भाणियव्वा, नेरइयाणं भन्ते केवइया वेउव्वियसरीरा पन्नत्ता? गोयमा! तं दुविहा पन्नत्ता तं जहा-बद्धेल्लया य मुक्केल्लया य, तत्थ णं जे ते बद्धेल्लया ते णं असङ्खेज्जा-असङ्खेज्जाहिं उस्सप्पिणी-ओसप्पिणीहिं अवहीरन्ति कालओ खेत्तओ असङ्खेज्जाओ सेढीओ पयरस्स असङ्खेज्जइभागो तासि णं सेढीणं विक्खम्भसूई अङ्गुल पढमवग्गमूलं बिइयवग्गमूल पडुप्पन्नं अहव णं अङ्गुल बिइयवग्गमूल घनपमाणमेत्ताओ सेढीओ, तत्थ णं जे ते मुक्केल्लया ते णं जहा ओहिया ओरालियसरीरा तहा भाणियव्वा, नेरइयाणं भन्ते! केवइया आहारगसरीरा पन्नत्ता? गोयमा! तं जहा-दुविहा बद्धेल्लया य मुक्केल्लया य, तत्थ णं जे ते बद्धेल्लया ते णं नत्थि, तत्थ णं जे ते मुक्केल्लया ते जहा ओहिया ओरालियसरीरा तहा भाणियव्वा. तेयग-कम्मगसरीरा जहा एएसिं चेव वेउव्वियसरीरा तहा भाणियव्वा."
1860,
1861,"असुरकुमाराणं भन्ते! केवइया ओरालियसरीरा पन्नत्ता? गोयमा! जहा नेरइयाणं ओरालियसरीरा तहा भाणियव्वा, असुरकुमाराणं भन्ते! केवइया वेउव्वियसरीरा पन्नत्ता? गोयमा! दुविहा पन्नत्ता तं जहा-बद्धेल्लया य मुक्केल्लया य तत्थ णं जे ते बद्धेल्लया ते णं असङ्खेज्जा-असङ्खेज्जाहिं उस्सप्पिणीहिं अवहीरन्ति कालओ खेत्तओ असङ्खेज्जाओ सेढीओ पयरस्स असङ्खेज्जइभागो तासि णं सेढीणं विक्खम्भसूई अङ्गुल पढमवग्ग- मूलस्स असङ्खेज्जइभागो, मुक्केल्लया जहा ओहिया ओरालियसरीरा तहा भाणियव्वा, असुरकुमाराणं भन्ते! केवइया आहारगसरीरा पन्नत्ता? गोयमा! तं-दुविहा पन्नत्ता तं जहा-बद्धेल्लया य मुक्केल्लया य जहा एएसिं चेव ओरालियसरीरा तहा भाणियव्वा, तेयग-कम्मगसरीरा जहा एएसिं चेव वेउव्वियसरीरा तहा भाणियव्वा, जहा असुरकुमाराणं तहा जाव थणियकुमाराणं ताव भाणियव्वं."
1862,
1863,"पुढिकाइयाणं भन्ते! केवइया ओरालियसरीरा पन्नत्ता? गोयमा! दुविहा पन्नत्ता तं जहा-बद्धेल्लया य मुक्केल्लया य एवं जहा ओहिया ओरालियसरीरा तहा भाणियव्वा, पुढविकाइयाणं भन्ते केवइया वेउव्वियसरीरा पन्नत्ता? गोयमा दुविहा पन्नत्ता तं जहा-बद्धेल्लया य मुक्केल्लया य, तत्थ णं जे ते बद्धेल्लया ते णं नत्थि, मुक्केल्लया जहा ओहियाणं ओरालियसरीरा तहा भाणियव्वा, -आहारगसरीरा वि एवं चेव भाणियव्वा, तेयग-कम्मगसरीरा जहा एएसिं चेव ओरालियसरीरा तहा भाणियव्वा, जहा पुढविकाइयाणं एवं आउकाइयाणं तेउकाइयाणं य सव्वसरीरा भाणियव्वा."
1864,
1865,"वाउकाइयाणं भन्ते! केवइया ओरालियसरीरा पन्नत्ता? गोयमा दुविहा पन्नत्ता तं जहा-बद्धेल्लया य मुक्केल्लया य, जहा पुढविकाइयाणं ओरालियसरीरा तहा भाणियव्वा, वाउकाइयाणं भन्ते! केवइया वेउव्वियसरीरा पन्नत्ता? गोयमा! दुविहा पन्नत्ता तं जहा-बद्धेल्लया य मुक्केल्लया य, तत्थ णं जे ते बद्धेल्लया ते णं असङ्खेज्जा समए-समए अवहीरमाणा-अहीरमाणा खेत्त पलिओवमस्स असङ्खेज्जइभागमेत्तेणं कालेणं अवहीरन्ति नो चेव णं अवहिया सिया, मुक्केल्लया वेउव्वियसरीरा आहारगसरीरा जहा पुढविकाइयाणं तहा भाणियव्वा, तेयग-कम्मगसरीरा जहा पुढविकाइयाणं तहा भाणियव्वा."
1866,
1867,"वणस्सइकाइयाणं ओरालिय-वेउव्वियआहारगसरीरा जहा पुढविकाइयाणं तहा भाणियव्वा, वणस्सइकाइयाणं भन्ते! केवइया तेयगकम्मग-सरीरा पन्नत्ता? गोयमा! दुविहा पन्नत्ता, जहा- ओहिया तेयग-कम्मगसरीरा तहा वणस्सइकाइयाण वि तेयग-कम्मगसरीरा भाणियव्वा."
1868,
1869,"बेइन्दियाणं भन्ते! केवइया ओरालियसरीरा पन्नत्ता? गोयमा! दुविहा पन्नत्ता तं जहा बद्धेल्लया य मुक्केल्लया य, तत्थ णं जे ते बद्धेल्लया ते णं असङ्खेज्जा-असङ्खेज्जाहिं उस्सप्पिणी-ओसप्पिणीहिं अवहीरन्ति कालओ खेत्तओ असङ्खेज्जाओ सेढीओ पयरस्स असङ्खेज्जइभागो तासिं णं सेढीणं विक्खम्भसूई असङ्खेज्जाओ जोयणकोडाकोडीओ असङ्खेज्जाइं सेढिवग्गमूलाइं बेइन्दियाणं ओरालियसरीरेहिं बद्धेल्लएहिं पयरो अवहीरइ असङ्खेज्जाहिं उस्सप्पिणी-ओसप्पिणीहिं कालओ खेत्तओ अङ्गुलपयरस्स आवलियाए य असङ्खेज्जइभागपलिभागेणं, मुक्केल्लया जहा ओहिया ओरालियसरीरा तहा भाणियव्वा, वेउव्वियआहार-गसरीरा बद्धेल्लया नत्थि, मुक्केल्लया जहा ओहिया ओरालियसरीरा तहा भाणियव्वा, तेयगकम्मगसरीरा जहा एएसिं चेव ओरालियसरीरा तहा भाणियव्वा."
1870,
1871,"जहा बेइन्दियाणं तहा तेइन्दियचउरिन्दियाण वि भाणियव्वा, पञ्चिन्दिय तिरिक्खजोणियाण वि ओरालियसरीरा एवं चेव भाणियव्वा, पञ्चिन्दियतिरिक्खजोणियाणं भन्ते! केवइया वेउव्वियसरीरा पन्नत्ता? गोयमा! दुविहा पन्नत्ता तं जहा-बद्धेल्लया य मुक्केल्लया य, तत्थ णं जे ते बद्धेल्लया ते णं असङ्खेज्जा असङ्खेज्जाहिं उस्सप्पिणी-ओसप्पिणीहिं अवहीरन्ति कालओ खेत्तओ असङ्खेज्जाओ सेढीओ पयरस्स असङ्खेज्जइभागो तासिं णं सेढीणं विक्खम्भसूई अङ्गुल पढम-वग्गमूलस्स असङ्खेज्जइभागो, मुक्केल्लया जहा ओहिया ओरालिया तहा भाणियव्वा, आहारगसरीरा जहा बेइन्दियाणं, तेयग-कम्मगसरीरा जहा ओरालिया."
1872,
1873,"मणुस्साणं भन्ते! केविइया ओरालियसरीरा पन्नत्ता? गो! दुविहा पन्नत्ता तं जहा-बद्धेल्लया य मुक्केल्लया य तत्थ णं जे ते बद्धेल्लया ते णं सिय सङ्खेज्जा सिय असङ्खेज्जा जहन्नपए सङ्खेज्जा-सङ्खेज्जाओ कोडा-कोडीओ एगूणतीसं ठाणाइं तिजमलपयस्स उवरिं चउजमलपयस्स हेट्ठा अहव णं छट्ठो वग्गो पञ्चमवग्गपडुप्पन्नो अहव णं छण्णउइ छेयणग दायिरासी, उक्कोसपए असङ्खेज्जा-असङ्खेज्जाहिं उस्सप्पिणी-ओसप्पिणीहिं अवहीरन्ति कालओ खेत्तओ उक्कोसपए रूवपक्खित्तेहिं मणुस्सेहिं सेढी अवहीरइ कालओ असङ्खेज्जाहिं उस्सप्पिणी-ओसप्पिणीहिं, खेत्तओ अङ्गुल पढमवग्गमूलं तइयवग्गमूलपडुप्पन्नं, मुककेल्लया जहा ओहिया ओरालिया तहा भाणियव्वा."
1874,
1875,"मणुस्साणं भन्ते! केवइया वेउव्वियसरीरा पन्नत्ता? गोयमा! दुविहा पन्नत्ता तं जहा-बद्धेल्लया य मुक्केल्लया य, तत्थ णं जे ते बद्धेल्लया ते णं सङ्खेज्जा समए-समए अवहीरमाणा-अवहीरमाणा सङ्खेज्जेणं कालेणं अवहीरन्ति नो चेव णं अवहिया सिया, मुक्केल्लया जहा ओहिया ओरालियाणं मुक्के तहा भाणि०."
1876,
1877,"मणुस्साणं भन्ते! केवइया आहारगसरीरा पन्नत्ता? गोयमा! दुविहा पन्नत्ता तं जहा बद्धेल्लया य मुक्केल्लया य, तत्थ णं जे ते बद्धेल्लया ते णं सिय अत्थि सिय नत्थि, जइ अत्थि जहन्नेणं एगो वा दो वा तिन्नि वा उक्कोसेणं सहस्सपुहत्तं, मुक्केल्लया जहा ओहिया ओरालियाणं, तेयग-कम्मगसरीरा जहा एएसिं चेव ओरालिया तहा भाणियव्वा."
1878,
1879,"वाणमन्तराणं ओरालियसरीरा जहा नेरइयाणं, वाणमन्तराणं भन्ते! केवइया वेउव्वियसरीरा पन्नत्ता? गोयमा ! दुविहा पन्नत्ता तं जहा बद्धेल्लया य मुक्केल्लया य, तत्थ णं जे ते बद्धेल्लया ते णं असङ्खेज्जा-असङ्खेज्जाहिं उस्सप्पिणी-ओसप्पिणीहिं अवहीरन्ति कालओ, खेत्तओ असङ्खेज्जाओ सेढीओ पयरस्स असङ्खेज्जइभागो तासिं णं सेढीणं विक्खम्भसूई सङ्खेज्ज जोयणसय-वग्गपलिओभागो पयरस्स, मुक्केल्लया जहा ओहिया ओरालिया तहा भा० आहारगसरीरा दुविहा वि जहा असुरकुमाराणं तहा भा०. वाणमन्तराणं भन्ते! केवइया तेयग-कम्मगसरीरा पन्नत्ता? गोयमा! जहा एएसिं चेव वेउव्विय सरीरा तहा तेअग० भाणियव्वा."
1880,
1881,"जोइसियाणं ओरालियसरीरा जहा नेरइयाणं, जोइसियाणं भन्ते केवइया वेउव्वियसरीरा पन्नत्ता? गोयमा ! दुविहा पन्नत्ता तं जहा - बद्धेल्लया य मुक्केल्लया य, तत्थ णं जे ते बद्धेल्लया जाव तासि णं सेढीणं विक्खम्भसूई बेछप्पन्नङ्गुलसयवग्गपलिभागो पयरस्स, मुक्केल्लया जहा ओहिया ओरालिया, तहा भाणियव्वा आहारगसरीरा जहा नेरइयाणं तहा भाणियव्वा तेयग-कम्मगसरीरा जहा एएसिं चेव वेउव्विया तहा भाणियव्वा."
1882,
1883,"वेमाणियाणं भन्ते केवइया ओरालियसरीरा पन्नत्ता? गोयमा! जहा नेरइयाणं तहा, वेमाणियाणं भन्ते केवइया वेउव्वियसरीरा पन्नत्ता? गोयमा! दुविहा बद्धेल्लया य मुक्केल्लया य, तत्थ णं जे ते बद्धेल्लया ते णं असङ्खिज्जा असङ्खेज्जा हिं उस्सप्पिणी अवहीरन्ति कालओ खेत्तओ असं० सेढीओ पयरस्स असङ्खे० तासि णं सेढीणं विक्खम्भसूई अङ्गुल बीयवग्गमूलं तइयवग्ग-मूलपडुप्पन्नं अहव णं अङ्गुल तइयवग्ग मूलधणप्पमाण मेत्ताओ सेढीओ, मुक्केल्लया जहा ओहिया ओरालिया तहा भाणियव्वा, आहारग-सरीरा जहा नेरइयाणं तेयग-कम्मगसरीरा जहा एएसिं चेव वेउव्वियसरीरा तहा भाणियव्वा, से तं सुहुमे खेत्तपलिओवमे. से तं खेत्तपलिओवमे से, तं पलिओवमे, से तं विभागनिप्फन्ने, से तं कालप्पमाणे."
1884,
1885,
1886,
1887,---------------------------------------------------------------------
1888,"से किं तं भावप्पमाणे? भावप्पमाणे तिविहे पन्नत्ते, तं जहा — गुणप्पमाणे नयप्पमाणे सङ्खप्पमाणे."
1889,
1890,
1891,
1892,---------------------------------------------------------------------
1893,से किं तं गुणप्पमाणे? गुणप्पमाणे दुविहे पन्नत्ते तं जहा — जीव गुणप्पमाणे य अजीव गुणप्पमाणे य. से किं तं अजीवगुणप्पमाणे? अजीवगुणप्पमाणे पञ्चविहे पन्नत्ते तं जहा वण्ण गुणप्पमाणे गन्ध गुणप्पमाणे रस गुणप्पमाणे फास गुणप्पमाणे सण्ठाण गुणप्पमाणे.
1894,
1895,"से किं तं वण्णगुणप्पमाणे? तं जहा पञ्चविहे पन्नत्ते तं जहा कालवण्णगुणप्पमाणे जाव सुक्किलवण्ण-गुणप्पमाणे, से तं वण्णगुणप्पमाणे. से किं तं गन्धगुणप्पमाणे? तं दुविहे, सुब्भिगन्धगुणप्पमाणे दुब्भिगन्ध-गुणप्पमाणे, से तं गन्धगुणप्पमाणे. से किं तं रसगुणप्पमाणे? पञ्चविहे पन्नत्ते तं जहा तित्तरस गुणप्पमाणे जाव महुररस गुणप्पमाणे, से तं रसगुणप्पमाणे. से किं तं फासगुणप्पमाणे? तं जहा अट्ठविहे पन्नत्ते तं जहा कक्खडफास गुणप्पमाणे जाव लुक्खफास गुणप्पमाणे, से तं फास गुणप्पमाणे. से किं तं सण्ठाणगुणप्पमाणे? पञ्चविहे पन्नत्ते तं जहा — परिमण्डलसण्ठाण गुणप्पमाणे जाव आययसण्ठाण गुणप्पमाणे, से तं सण्ठाणगुणप्पमाणे. से तं अजीव-गुणप्पमाणे."
1896,
1897,"से किं तं जीवगुणप्पमाणे? जीवगुणप्पमाणे तिविहे पन्नत्ते तं जहा — नाणगुणप्पमाणे दंसण-गुणप्पमाणे चरित्त-गुणप्पमाणे. से किं तं नाणगुणप्पमाणे? चउव्विहे पन्नत्ते तं जहा-पच्चक्खे अनुमाने ओवम्मे आगमे. से किं तं पच्चक्खे? दुविहे प० तं जहा इन्दियपच्चक्खे नोइन्दियपच्चक्खे य. से किं तं इन्दियपच्चक्खे? पञ्चविहे प० तं जहा-सोइन्दिय-पच्चक्खे जाव फासिन्दियपच्चक्खे, से तं इन्दियपच्चक्खे. से किं तं नोइन्दियपच्चक्खे? तिविहे ओहिनाणपच्चक्खे मणपज्जवनाणपच्चक्खे केवलनाणपच्चक्खे, से तं नोइन्दियपच्चक्खे. से तं पच्चक्खे. . "
1898,
1899,"से किं तं अनुमाने? तिविहे प० तं जहा पुव्ववं सेसवं दिट्ठसाहम्मवं, से किं तं पुव्ववं?"
1900,
1901,
1902,
1903,---------------------------------------------------------------------
1904,माता पुत्तं जहा नट्ठं जुवाणं पुनरागतं
1905,काई पच्चभिजाणेज्जा पुव्वलिङ्गेण केणई // अणुओग.३०२
1906,
1907,
1908,
1909,---------------------------------------------------------------------
1910,"तं जहा — खत्तेण वा वणेण वा लञ्छणेण वा मसेण वा तिलएण वा, से तं पुव्ववं. से किं तं सेसवं? पञ्चविहं प० तं जहा-कज्जेणं कारणेणं गुणेणं अवयवेणं आसएणं. से किं तं कज्जेणं? तं जहा सङ्खं सद्देणं भेरिं तालिएणं वसभं ढिङ्किएणं मोरं केकाइएणं हयं हेसिएणं हत्थिं गुलगुलाइएणं रहं घणघणाइएणं, से तं कज्जेणं. से किं तं कारणेणं? तं जहा-तन्तवो पडस्स कारणं न पडो तन्तुकारणं, वीरणा कडस्स कारणं न कडो वीरणकारणं, मिप्पिण्डो घडस्स कारणं न घडो मिप्पिण्डकारणं, से तं कारणेणं."
1911,
1912,"से किं तं गुणेणं? तं जहा-सुवण्णं निकसेणं पुप्फं गन्धेण लवणं रसेणं मइरं आसाएणं वत्थं फासेणं, से तं गुणेणं. से किं तं अवयवेणं? अवयवेणं महिसं सिङ्गेणं, कुक्कुडं सिहाए, हत्थिं विसाणेणं, वराहं दाढाए, मोरं पिञ्च्छेणं, आसं खुरेणं, वग्घं नहेणं, चमरिं वालग्गेणं, वानरं लङ्गुलेणं दुपयं मणुस्सा, चउप्पयं गवमादि, बहुपयं गोम्हियादि, सीहं केसरेणं, वसहं ककुहेणं, महिलं वलयबाहाए."
1913,
1914,
1915,
1916,---------------------------------------------------------------------
1917,परियरबन्धेण भडं जाणेज्जा महिलिय निवसणेणं
1918,सित्थेण दोणपागं कविं च एगाए गाहाए // अणुओग.३०४
1919,
1920,
1921,
1922,---------------------------------------------------------------------
1923,"से तं अवयवेणं. से किं तं आसएणं? आसएणं अग्गिं धूमेणं, सलिलं बलागाहिं, वुट्ठिं अब्भविकारेणं, कुलपुत्तं सीलसमायारेणं, से तं आसएणं, से तं सेसवं."
1924,
1925,"से किं तं दिट्ठसाहम्मवं? दुविहं पन्नत्तं तं जहा सामन्नदिट्ठं च विसेसदिट्ठं च. से किं तं सामन्नदिट्ठं? तं जहा जहा एगो पुरिसो तहा बहवे पुरिसा जहा बहवे पुरिसा तहा एगो पुरिसो, जहा एगो करिसावणो तहा बहवे करिसावणा जहा बहवे करिसावणा तहा एगो करिसावणो, से तं सामन्नदिट्ठं. . "
1926,
1927,"से किं तं विसेसदिट्ठं? तं जहा से जहानामए केइ पुरिसे कञ्चि पुरिसं बहूणं पुरिसाणं मज्झे पुव्वदिट्ठं पुरिसं पच्चभिजाणेज्जा अयं से पुरिसे, बहूणं वा करिसावणाणं मज्झे पुव्वदिट्ठं करिसावणं पच्चभिजाणेज्जा अयं से करिसावणे, तस्स समासओ तिविहं गहणं भवइ तं जहा —तीयकालगहणं पडुप्पन्नकालगहणं अनागय-कालगहणं, से किं तं तीयकालगहणं? तीयकालगहणं उत्तिणाणि वणाणि निप्फन्नसस्सं वा मेइणिं पुण्णाणि य कुण्ड-सर-नदि-दह-तलागाणि पासित्ता तेणं साहिज्जइ जहा- सुवुट्ठी आसी, से तं तीयकाल-गहणं. से किं तं पडुप्पन्नकालगहणं? पडुप्पन्नकालगहणं साहुं गोयरग्गगयं विच्छड्डियपउरभत्तपाणं पासित्ता तेणं साहिज्जइ जहा-सुभिक्खे वट्टइ, से तं पडुप्पन्नकालगहणं. से किं तं अनागयकालगहणं?"
1928,
1929,
1930,
1931,---------------------------------------------------------------------
1932,अब्भस्स निम्मलत्तं कसिणा य गिरी सविज्जुया मेहा
1933,थणियं वाउब्भासो सझा रत्ता य पणिद्धा य // अणुओग.३०६
1934,
1935,
1936,
1937,---------------------------------------------------------------------
1938,"वारुणं वा माहिन्दं वा अन्नयरं वा पसत्थं उप्पायं पासित्ता तेणं साहिज्जइ जहा सुवुट्ठी भविस्सइ, से तं अनागयकालगहणं, एएसिं चेव विवज्जासे तिविहं गहणं भवइ तं जहा तीयकालगहणं जाव अनागयकालगहणं. से किं तं तीयकालगहणं? नित्तिणाइं वणाइं अनिप्फण्ण सस्सं वा मेइणिं सुक्काणि य कुण्ड-सर-नदि-दह-तडागाइं पासित्ता तेणं साहिज्जइ जहा कुवुट्ठी आसी, से तं तीयकालहणं. से किं तं पडुप्पन्नकालगहणं? साहुं गोयरग्गगयं भिक्खं अलभमाणं पासित्ता तेणं साहिज्जइ जहा दुब्भिक्खे वट्टइ. से तं पडुप्पमाणकालगहणं, से किं तं अनागयकालगहणं?"
1939,
1940,
1941,
1942,---------------------------------------------------------------------
1943,धूमायन्ति दिसाओ सञ्चिक्खिय मेइणी अपडिबद्धा
1944,वाया नेरइया खलु कुवुट्ठिमेवं निवेयन्ति // अणुओग.३०८
1945,
1946,
1947,
1948,---------------------------------------------------------------------
1949,"अग्गेयं वा वायव्वं वा अन्नयरं वा अप्पसत्थं उप्पायं पासित्ता ते णं साहिज्जइ जहा कुवुट्ठी भविस्सइ, से तं अनागयकालगहणं से तं विसेसदिट्ठं, से तं दिट्ठसाहम्मवं, से तं अनुमाणे."
1950,
1951,"से किं तं ओवम्मे? तं जहा दुविहे पन्नत्ते तं जहा-साहम्मोवणीए य वेहम्मोवणीए य. से किं तं साहम्मोवणीए? तिविहे पन्नत्ते तं जहा किञ्चिसाहम्मे पायसाहम्मे सव्वसाहम्मे. से किं तं किञ्चिसाहम्मे? जहा-मन्दरो तहा सरिसवो जहा सरिसवो तहा मन्दरो, जहा समुद्दो तहा गोप्पयं जहा गोप्पयं तहा समुद्दो, जहा आइच्चो तहा खज्जोतो जहा खज्जोतो तहा आइच्चो, जहा चन्दो तहा कुमुदो जहा कुमुदो तहा चन्दो. से तं किञ्चिसाहम्मे. से किं तं पायसाहम्मे? जहा गो तहा गवओ जहा गवओ तहा गो, से तं पायसाहम्मे. से किं तं सव्वसाहम्मे? ओवम्मं नत्थि, तहा वि तस्स तेणेव ओवम्मं कीरइ जहा अरहन्तेहिं अरहन्तसरिसं कयं, चक्कवट्टिणा चक्कवट्टिसरिसं कयं, बलदेवेण बलदेवसरिसं कयं, वासुदेवेणं वासुदेवसरिसं कयं, साहुणा साहुसरिसं कयं, से तं सव्वसाहम्मे. से तं साहम्मोवणीए. . "
1952,
1953,"से किं तं वेहम्मोवणीए? तं जहा तिविहे पन्नत्ते तं जहा-किञ्चिवेहम्मे पायवेहम्मे सव्ववेहम्मे. से किं तं किञ्चिवेहम्मे? जहा सामलेरो न तहा बाहुलेरो जहा बाहुलेरो न तहा सामलेरो, से तं किञ्चिवेहम्मे. से किं तं पायवेहम्मे? जहा वायसो न तहा पायसो जहा पायसो न तहा वायसो, से तं पायवेहम्मे. से किं तं सव्ववेहम्मे? ओवम्मं नत्थि, तहा वि तस्स तेणेव ओवम्मं कीरइ जहा-नीचेण नीचसरिसं कयं, दासेणं दाससरिसं कयं, काकेण कागसरिस कयं, साणेणं साणसरिसं कयं, पाणेण पाणसरिसं कयं से तं सव्ववेहम्मे. से तं वहम्मोवणीए, से तं ओवम्मे."
1954,
1955,"से किं तं आगमे? दुविहे पन्नत्ते तं जहा लोइए लोगुत्तरिए य. से किं तं लोइए आगमे? जं णं इमं अन्नाणिएहिं मिच्छदिट्ठीहिं सच्छन्दबुद्धि-मइविगप्पियं तं जहा — भारहं रामायणं जाव चत्तारि वेया सङ्गोवङ्गा, से तं लोइए आगमे. से किं तं लोगुत्तरिए आगमे? लोगुत्तरिए आगमे जं णं इमं अरहन्तेहिं भगवन्तेहिं उप्पन्ननाणंसणधरेहिं तीयपडुप्पन्नमनागयजाणएहिं सव्वण्णूहिं सव्वदरिसीहिं तेलोक्कवहिय-महिय-पूइएहिं पणीयं दुवालसङ्गं गणिपिडगं तं जहा —आयारो जाव दिट्ठिवाओ से तं लोगुत्तरिए आगमे. . "
1956,
1957,"अहवा आगमे तिविहे पन्नत्ते तं जहा — सुत्तागमे अत्थागमे तदुभयागमे, अहवा आगमे तिविहे पन्नत्ते तं जहा अत्तागमे अनन्तरागमे परम्परागमे. तित्थगराणं अत्थस्स अत्तागमे गणहराणं सुत्तस्स अत्तागमे अत्थस्स अनन्तरागमे, गणहरसीसाणं सुत्तस्स अनन्तरागमे अत्थस्स परम्परागमे, तेण परं सुत्तस्स वि अत्थस्स वि नो अत्तागमे नो अनन्तरागमे परम्परागमे, से तं लोगुत्तरिए आगमे, से तं आगमे. से तं नाणगुणप्पमाणे. . "
1958,
1959,"से किं तं दंसण-गुणप्पमाणे? दंसणगुणप्पमाणे चउव्विहे पन्नत्ते तं जहा — चक्खुदंसण गुणप्पमाणे अचक्खुदंसण गुणप्पमाणे ओहिदंसण गुणप्पमाणे केवलदंसण गुणप्पमाणे. चक्खुदंसणं चक्खुदंसणिस्स घड-पड-कड-रहादिएसु दव्वेसु, अचक्खुदंसणं अचक्खुदंसणिस्स आयभावे, ओहिदंसणं ओहिदंसणिस्स सव्वरूविदव्वेहिं न पुण सव्वपज्जवेहिं, केवलदंसणं केवलदंसणिस्स सव्वदव्वेहिं सव्वपज्जवेहिं य, से तं दंसणगुणप्पमाणे. . "
1960,
1961,"से किं तं चरित्त-गुणप्पमाणे? चरित्तगुणप्पमाणे पञ्चविहे पन्नत्ते तं जहा — सामाइय चरित्त गुणप्पमाणे छेदोवट्ठावणिय चरित्त-गुणप्पमाणे परिहारविसुद्धिय चरित्त गुणप्पमाणे सुहुमसम्पराय चरित्तगुणप्पमाणे अहक्खाय चरित्तगुणप्पमाणे. सामाइय चरित्तगुणप्पमाणे दुविहे पन्नत्ते तं जहा — इत्तरिए य आवकहिए य, छेदोवट्ठावणिय चरित्तगुणप्पमाणे दुविहे पन्नत्ते तं जहा — साइयारे य निरइयारे य, परिहारविसुद्धिय चरित्तगुणप्पमाणे दुविहे पन्नत्ते तं जहा निव्विसमाणए य निव्विट्ठकाइए य, सुहुमसम्पराय चरित्तगुणप्पमाणे दुविहे पन्नत्ते तं जहा सङ्किलिस्समाणए य विसुज्झमाणए य, अहक्खाय चरित्तगुणप्पमाणे दुविहे पन्नत्ते तं जहा —पडिवाई य अपडिवाई य अहवा-छउमत्थिए य केवलिए य, से तं चरित्तगुणप्पमाणे. से तं जीवगुणप्पमाणे. से तं गुणप्पमाणे."
1962,
1963,
1964,
1965,---------------------------------------------------------------------
1966,"से किं तं नयप्पमाणे? नयप्पमाणे तिविहे पन्नत्ते तं जहा पत्थगदिट्ठन्तेणं वसहिदिट्ठन्तेणं पएसदिट्ठन्तेणं. से किं तं पत्थगदिट्ठन्तेणं? पत्थगदिट्ठन्तेणं से जहानामए केइ पुरिसे परसुं गहाय अडवीसमहुत्तो गच्छेज्जा तं केइ पासित्ता वएज्जा कहिं भवं गच्छसि?, अविसुद्धो नेगमो भणति-पत्थगस्स गच्छामि, तं च केइ छिन्दमाणं पासित्ता वएज्जा-किं भवं छिन्दसि? विसुद्धो नेगमो भणति पत्थगं छिन्दामि, तं च केइ तच्छेमाणं पासित्ता वएज्जा-किं भवं तच्छेसि? विसुद्धतराओ नेगमो भणति पत्थगं तच्छेमि, तं च केइ उक्किरमाणं पासित्ता वएज्जा किं भवं उक्किरसि? विसुद्धतराओ नेगमो भणति पत्थगं उक्किरामि, तं च केइ लिहमाणं पासित्ता वएज्जा किं भवं लिहसि? विसुद्धतराओ नेगमो भणति पत्थगं लिहामि, एवं विसुद्धतरागस्स नेगमस्स नामाउडिओ पत्थओ, एवमेव ववहारस्स वि, सङ्गहस्स चिओ मिओ मेज्जसमारूढो पत्थओ, उज्जुसुयस्स पत्थओ वि पत्थओ मेज्जं पि पत्थओ, तिण्हं सद्दनयाणं पत्थगाहिगारजाणओ पत्थओ जस्स वा वसेणं पत्थओ निप्फज्जइ, से तं पत्थगदिट्ठन्तेणं."
1967,
1968,"से किं तं वसहि-दिट्ठन्तेणं? वसहिदिट्ठन्तेणं-से जहानामए केइ पुरिसे कञ्चि पुरिसं वएज्जा कहिं भवं वससि? तं अविसुद्धो नेगमो भणति लोगो वसामि, लोगे तिविहे पन्नत्ते तं जहा — उड्ढलोए अहेलोए तिरियलोए, तेसु सव्वेसु भवं वससि?, विसुद्धो नेगमो भणति तिरियलोए वसामि, तिरियलोए जम्बुद्दीवाइया सयम्भुरमणपज्जवसाणा असङ्खेज्जा दीव-समुद्दा पन्नत्ता, तेसु सव्वेसु भवं वससि? विसुद्धतराओ नेगमो भणति जम्बुद्दीवे वसामि, जम्बुद्दीवे दस खेत्ता पन्नत्ता तं जहा भरहे एरवए हेमवए हेरण्णवए हरिवस्से रम्मगवस्से देवकुरा उत्तरकुरा पुव्वविदेहे अवरविदेहे, तेसु सव्वेसु भवं वससि? विसुद्धतराओ नेगमो भणति भरहे वासे वसामि, भरहे वासे दुविहे पन्नत्ते तं जहा दाहिणड्ढभरहे य उत्तरड्ढभरहे य, तेसुं सव्वेसु भवं वससि? विसुद्धतराओ नेगमो भणति दाहिणड्ढभरहे वसामि, दाहिणड्ढ-भरहे अनेगाइं गामागर-नगर-खेड कब्बड-मडम्ब-दोणमुह-पट्टणासम-सम्बाह-सन्निवेसाइं, तेसु सव्वेसु भवं वससि? विसुद्धतराओ नेगमो भणति पाडलिपुत्ते वसामि, पाडलिपुत्ते अनेगाइं गिहाइं, तेसुं सव्वेसु भवं वससि? विसुद्ध-तराओ नेगमो भणति देवदत्तस्स घरे वसामि, देवदत्तस्स घरे अनेगा कोट्ठगा, तेसु सव्वेसु भवं वससि? विसुद्धतराओ नेगमो भणति गब्भघरे वसामि, एवं विसुद्धतरागस्स नेगमस्स वसमाणो वसइ, एवमेव ववहारस्स वि, सङ्गहस्स सन्थारसमारूढो वसइ, उज्जुसुयस्स जेसु आगासपएसेसु ओगाढो तेसु वसइ, तिण्हं सद्दनयाणं आयभावे वसइ, से तं वसहिदिट्ठन्तेणं."
1969,
1970,"से किं तं पएसदिट्ठन्तेणं? पएसदिट्ठन्तेणं नेगमो भणति छण्हं पएसो, तं जहा —धम्मपएसो अधम्मपएसो आगासपएसो जीवपएसो खन्धपएसो देसपएसो, एवं वयन्तं नेगमं सङ्गहो भणति जं भणसि छण्हं पएसो तं न भवइ, कम्हा? जम्हा जो देसपएसो सो तस्सेव दव्वस्स, जहा को दिट्ठन्तो? दासेण मे खरो कीओ दासो'वि मे खरो'वि मे, तं मा भणाहि छण्हं पएसो, भणाहि पञ्चण्हं पएसो तं जहा —धम्मपएसो अधम्मपएसो आगासपएसो जीवपएसो खन्धपएसो, एवं वयन्तं सङ्गहं ववहारो भणसि जं भणति पञ्चण्हं पएसो तं न भवइ, कम्हा? जइ जहा पञ्चण्हं गोट्ठियाणं पुरिसाण केइ दव्वजाए सामण्णे भवइ, तं जहा —हिरण्णे वा सुवण्णे वा धणे वा धन्ने वा, तो जुत्तं वत्तुं जहा पञ्चण्हं पएसो तं मा भणाहि पञ्चण्हं पएसो भणाहि पञ्चविहो पएसो, तं जहा —धम्मपएसो अधम्मपएसो आगासपएसो जीवपएसो खन्धपएसो, एवं वयन्तं ववहारं उज्जुसुओ भणति जं भणसि पञ्चविहो पएसो तं न भवइ, कम्हा? जइ ते पञ्चविहो पएसो एवं ते एक्केक्को पएसो पञ्चविहो एवं ते पणवीसतिविहो पएसो भवइ, तं मा भणाहि-पञ्चविहो पएसो, भणाहि भइयव्वो पएसो सिय धम्मपएसो सिय अधम्मपएसो सिय आगासपएसो सिय जीवपएसो सिय खन्धपएसो, एवं वयन्तं उज्जुसुयं सम्पइ सद्दनओ भणति जं भणसि भइयव्वो पएसो तं न भवइ, कम्हा? जइ ते भइयव्वो पएसो एवं ते धम्मपएसो वि सिय धम्मपएसो सिय अधम्मपएसो सिय आगासपएसो सिय जीवपएसो सिय खन्धपएसो, अधम्मपएसो वि सिय धम्मपएसो सिय अधम्मपएसो सिय आगासपएसो सिय जीवपएसो-सिय खन्धपएसो, आगासपएसो वि सिय धम्मपएसो सिय अधम्मपएसो जाव सिय खन्धपएसो जीवपएसो वि-सिय धम्मपएसो सिय जाव सिय खन्धपएसो खन्धपएसी'वि सिय धम्मपएसो जाव सिय खन्धपएसो, एवं ते अणवत्था भविस्सइ, तं मा भणाहि-भइयव्वी पएसो."
1971,
1972,"भणाहि धम्मे पएसे से पएसे धम्मे, अधम्मे पएसे से पएसे अधम्मे, आगासे पएसे से पएसे आगासे, जीवे पएसे से पएसे नोजीवे, खन्धे पएसे से पएसे नोखन्धे, एवं वयन्तं सद्दनयं समभिरूढो भणति जं भणसि धम्मे पएसे से पएसे धम्मे जाव जीवे पएसे से पएसे नो जीवे खन्धे पएसे से पएसे नोखन्धे, तं न भवइ, कम्हा? एत्थं खलु दो समासा भवन्ति तं जहा — तप्पुरिसे य कम्मधारए य, तं न नज्जइ कयरेणं समासेणं भणसि ? किं तप्पुरिसेणं, किं कम्मधारएणं? जइ तप्पुरिसेणं भणसि तो मा एवं भणाहि, अह कम्मधारएणं भणसि तो विसेसओ भणाहि, धम्मे य से पएसे य से पएसे धम्मे, अधम्मे य से पएसे य से पएसे अधम्मे, आगासे य से पएसे य से पएसे आगासे, जीवे य पएसे य से पएसे नोजीवे, खन्धे य से पएसे य से पएसे नोखन्धे, एवं वयन्तं समभिरूढं सम्पइ एवम्भूओ भणति जं जं भणसि तं तं सव्वं कसिणं पडिपुन्नं निरवसेसं एगग्गहणगहीयं, देसे' वि मे अवत्थू पएसे' वि मे अवत्थू, से तं पएसदिट्ठन्तेणं, से तं नयप्पमाणेणं."
1973,
1974,
1975,
1976,---------------------------------------------------------------------
1977,से किं तं सङ्खप्पमाणे? सङ्खप्पमाणे अट्ठविहे पन्नत्ते तं जहा — नामसङ्खा ठवण-सङ्खा दव्वसङ्खा ओवम्मसङ्खा परिमाणसङ्खा जाणणासङ्खा गणणासङ्खा भावसङ्खा.
1978,
1979,से किं तं नामसङ्खा? नामसङ्खा जस्स णं जीवस्स वा अजीवस्स वा जीवाण वा अजीवाण वा तदुभयस्स वा तदुभयाण वा सङ्खा ति नामं कज्जइ से तं नामसङ्खा.
1980,
1981,से किं तं ठवणसङ्खा ठवणसङ्खा-जं णं कट्ठकम्मे वा चित्तकम्मे वा पोत्थकम्मे वा जाव से तं ठवणसङ्खा. नाम-ट्ठवणाणं को पइविसेसो? नामं आवकहियं ठवणा इत्तरिया वा होज्जा आवकहिया वा होज्जा.
1982,
1983,से किं तं दव्वसङ्खा? दव्वसङ्खा दुविहा पन्नत्ता तं जहा — आगमओ य नोआगमओ य जाव से किं तं जाणगसरीर-भवियसरीर-वतिरित्ता दव्वसङ्खा? जाणगसरीर-भविय-सरीर-वतिरित्ता दव्वसङ्खा तिविहा पन्नत्ता तं जहा —एगभविए बद्धाउए अभिमुहनामगोत्ते य.
1984,
1985,"एगभविए णं भन्ते! एगभविए त्ति कालओ केवच्चिरं होइ? जहन्नेणं अन्तोमुहुत्तं उक्कोसेणं पुव्वकोडी, बद्धाउए णं भन्ते! बद्धाउए त्ति कालओ केवच्चिरं होइ? जहन्नेणं अन्तोमुहुत्तं उक्कोसेणं पुव्वकोडी-तिभागं, अभिमुहनामगोत्ते णं भन्ते! अभिमुहनामगोत्ते त्ति कालओ केवच्चिरं होइ? जहन्नेणं एक्कं समयं उक्कोसेणं अन्तोमुहुत्तं."
1986,
1987,"इयाणिं को नओ कं सङ्खं इच्छइ? तत्थ नेगम-सङ्गह-ववहारा तिविहं सङ्खं इच्छन्ति, तं जहा एगभवियं बद्धाउयं अभिमुहनामगोत्तं च, उज्जुसुओ दुविहं सङ्खं इच्छइ तं जहा बद्धाउयं च अभिमुहनामगोत्तं च, तिन्नि सद्दनया अभिमुहनामगोत्तं सङ्खं इच्छन्ति, से तं जाणगसरीर-भवियसरीरवतिरित्ता दव्वसङ्खा, से तं नोआगमओ दव्वसङ्खा, से तं दव्वसङ्खा. . "
1988,
1989,"से किं तं ओवम्मसङ्खा? ओवम्मसङ्खा चउव्विहा पन्नत्ता तं जहा — अत्थि सन्तयं सन्तएणं उवमिज्जइ, अत्थि सन्तयं असन्तएणं उवमिज्जइ, अत्थि असन्तयं सन्तएणं उवमिज्जइ, अत्थि असन्तयं असन्तएणं उवमिज्जइ, तत्थ सन्तयं सन्तएणं उवमिज्जइ जहा- सन्ता अरहन्ता सन्तएहिं पुरवरेहिं सन्तएहिं कवाडेहिं सन्तएहिं वच्छेहिं उवमिज्जन्ति, तं जहा."
1990,
1991,
1992,
1993,---------------------------------------------------------------------
1994,पुरवर-कवाड-वच्छा फलिहभुया दुन्दुहित्थणियघोसा
1995,सिरिवच्छङ्कियवच्छा सव्वे वि जिणा चउव्वीसं // अणुओग.३१२
1996,
1997,
1998,
1999,---------------------------------------------------------------------
2000,सन्तयं असन्तएणं उवमिज्जइ जहा-सन्ताइं नेरइय-तिरिक्खजोणिय-मणुस्स-देवाणं आउयाइं असन्तएहिं पलिओवम-सागरोवमहिं उवमिज्जन्ति असन्तयं सन्तएणं उवमिज्जइ.
2001,
2002,
2003,
2004,---------------------------------------------------------------------
2005,परिजूरियपेरन्तं चलन्तबेण्टं पडन्तनिच्छीरं
2006,पत्तं वसणप्पत्तं कालप्पत्तं भणइ गाहं // अणुओग.३१४
2007,
2008,
2009,
2010,---------------------------------------------------------------------
2011,जह तुब्भे तह अम्हे तुम्हे वि य होहिहा जहा अम्हे
2012,अप्पाहेइ पडन्तं पण्डुयपत्तं किसलयाणं // अणुओग.३१५
2013,
2014,
2015,
2016,---------------------------------------------------------------------
2017,नवि अत्थि न वि य होही उल्लावो किसल-पण्डुपत्ताणं
2018,उवमा खलु एस कया भवियजन-विबोहणट्ठाए // अणुओग.३१६
2019,
2020,
2021,
2022,---------------------------------------------------------------------
2023,"असन्तयं असन्तएणं उवमिज्जइ, जहा खरविसाणं तहा ससविसाणं, से तं ओवम्मसङ्खा. से किं तं परिमाणसङ्खा? परिमाणसङ्खा दुविहा पन्नत्ता तं जहा — कालियसुय परिमाणसङ्खा दिट्ठिवायसुय-परिमाणसङ्खा य. से किं तं कालियसुय परिमाणसङ्खा? अनेगविहा पन्नत्ता तं जहा — पज्जवसङ्खा अक्खरसङ्खा सङ्घायसङ्खा पयसङ्खा पायसङ्खा गाहासङ्खा सिलोगसङ्खा वेढसङ्खा निज्जुत्तिसङ्खा अनुओगदारसङ्खा उद्देसगसङ्खा अज्झयणसङ्खा सुयखन्धसङ्खा अङ्गसङ्खा, से तं कालियसुयपरिमाणसङ्खा."
2024,
2025,"से किं तं दिट्ठिवायसुयपरिमाणसङ्खा? अनेगविहा पन्नत्ता तं जहा — पज्जवसङ्खा जाव अनुओगदारसङ्खा पाहुडसङ्खा पाहुडपाहुड सङ्खा, पाहुडियासङ्खा पाहुडपाहुडियासङ्खा वत्थुसङ्खा, से तं दिट्ठिवायसुय परिमाणसङ्खा, से तं परिमाणसङ्खा."
2026,
2027,"से किं तं जाणणासङ्खा? जाणणासङ्खा जो जं जाणइ तं जहा — सद्दं सद्दिओ गणियं गणियओ निमित्तं नेमित्तिओ कालं कालनाणी वेज्जयं वेज्जो, से तं जाणणासङ्खा. से किं तं गणणासङ्खा? गणणासङ्खे एक्को गणणं न उवेइ, दुप्पभिइ सङ्खा, तं जहा सङ्खेज्जए असङ्खेज्जए अनन्तए."
2028,
2029,से किं तं सङ्खेज्जए? सङ्खेज्जए तिविहे पन्नत्ते तं जहा —जहन्नए उक्कोसए अजहन्न-मनुक्कोसए. से किं तं असङ्खेज्जए? असङ्खेज्जए तिविहे पन्नत्ते तं जहा — परित्तासङ्खेज्जए जुत्तासङ्खेज्जए असङ्खेज्जासङ्खेज्जए. से किं तं परित्तासङ्खेज्जए? परित्तासङ्खेज्जए तिविहे पन्नत्ते तं जहा — जहन्नए उक्कोसेए अजहन्नमनुक्कोसए. से किं तं जुत्तासङ्खेज्जए? जुत्तासङ्खेज्जए तिविहे पन्नत्ते तं जहा —जहन्नए उक्कोसए अजहन्नमणुक्कोसए. से किं तं असङ्खेज्जासङ्खेज्जए? असङ्खेज्जासङ्खेज्जए तिविहे पन्नत्ते तं जहा — जहन्नए उक्कोसए अजहन्नमनुक्कोसए.
2030,
2031,"से किं तं अनन्तए? अनन्तए तिविहे पन्नत्ते तं जहा — परित्तानन्तए जुत्तानन्तए अनन्तानन्तए. से किं तं परित्तानन्तए? परित्तानन्तए तिविहे पन्नत्ते तं जहा —जहन्नए उक्कोसए अजहन्न-मणुक्कोसए. से किं तं जुत्तानन्तए? जुत्तानन्तए तिविहे पन्नत्ते तं जहा —जहन्नए उक्कोसए अजहन्न-मणुक्कोसए. से किं तं अनन्तानन्तए? अनन्तानन्तए दुविहे पन्नत्ते तं जहा — जहन्नए अजहन्न-मनुक्कोसए, जहन्नयं सङ्खेज्जयं केत्तियं होइ? दोरूवाइं, तेणं परं अजहन्नमनुक्कोसयाइं ठाणाइं जाव उक्कोसयं सङ्खेज्जयं न पावइ, उक्कोसयं सङ्खेज्जयं केत्तियं होइ? उक्कोसयस्स सङ्खेज्जयस्स परूवणं करिस्सामि —"
2032,
2033,"से जहानामए पल्ले सिया एगं जोयणसयसहस्सं आयाम-विक्खम्भेणं तिन्नि जोयणसय- सहस्साइं सोलस सहस्साइं दोन्नि य सत्तावीसं जोयण सए तिन्नि य कोसे अट्ठावीसं च धनुसयं तेरस य अङ्गुलाइं अद्धं अङ्गुलं च किञ्चिविसेसाहियं परिक्खेवेणं पन्नत्ते, से णं पल्ले सिद्धत्थयाणं भरिए, तओ णं तेहिं सिद्धत्थएहिं दीव-समुद्दाणं उद्धारो धेप्पइ, एगे दीवे एगे समुद्दे एगे दीवे एगे समुद्दे एवं पक्खिप्पमाणेहिं-पक्खिप्पमाणेहिं जावइया दीव-समुद्दा तेहिं सिद्धत्थएहिं अप्फुण्णा एस णं एवइए खेत्ते पल्ले आइट्ठे से पल्ले सिद्धत्थयाणं भरिए ततो णं त्तेहिं सिद्धत्थएहिं दीवसमुद्दाणं उद्धारे धेप्पति एगेदीवे एगे समुद्दे एवं पक्खिपमाणेहिं पक्खिपमाणेहिं जावइयाण दीव समुद्दा णं तेहिं सिद्धत्थएहिं अप्फुन्ना एसणं एवतिए खेत्ते पल्ले पढमा सलागा० एवइयाणं सलागाणं असंलप्पा लोगा भरिया तहा वि उक्कोसयं सङ्खेज्जयं न पावइ, जहा को दिट्ठन्तो?"
2034,
2035,"से जहानामए मञ्चे सिया आमलगाणं भरिए तत्थ एगे आमलए पक्खित्ते से वि माते अन्ने वि पक्खित्ते से वि माते अन्ने वि पक्खित्ते से वि माते एवं पक्खिप्पमाणेहिं पक्खिप्पमाणेहिं होही से वि आमलए जंमि पक्खित्ते से मञ्चे भरिज्जिहिइ होही से आमलए जे तत्थ न माहिइ, एवामेव उक्कोसए सङ्खेज्जए रूवं पक्खित्तं जहन्नयं परित्तासङ्खेज्जयं भवइ, तेणं परं अजहन्नमनुक्कोसयाइं ठाणाइं जाव उक्कोसयं परित्तासङ्खेज्जयं न पावइ, उक्कोसयं परित्तासङ्खेज्जयं केवइयं होइ? जहन्नयं परित्तासङ्खेज्जयं जहन्नय-परित्ता सङ्खेज्जयमेत्ताणं रासीणं अन्नमन्नब्भासो रूवूणो उक्कोसयं परित्तासङ्खेज्जयं होइ, अहवा जहन्नयं जुत्तासङ्खेज्जयं रूवूणं उक्कोसयं परित्तासङ्खेज्जयं होइ. जहन्नयं जुत्तासङ्खेज्जयं केत्तियं होइ? जहन्नयं परित्तासङ्खेज्जयं जहन्नय-परित्तासङ्खेज्जयमेत्ताणं रासीणं अन्नमन्नब्भासो पडिपुन्नो जहन्नयं जुत्तासङ्खेज्जयं होइ अहवा उक्कोसए परित्तासङ्खेज्जए रूवं पक्खित्तं जहन्नयं जुत्तासङ्खेज्जयं होइ आवलिया वि एत्तिया चेव, तेण परं अजहन्न-मनुक्कोसयाइं ठाणाइं जाव उक्कोसयं जुत्तासङ्खेज्जयं न पावइ. उक्कोसयं जुत्तासङ्खेज्जयं केत्तियं होइ? जहन्नएणं जुत्तासङ्खेज्जएणं आवलिया गुणिया अन्नमन्नब्भासो रूवूणो उक्कोसयं जुत्तासङ्खेज्जयं होइ. अहवा जहन्नयं असङ्खेज्जासङ्खेज्जयं रूवूणं उक्कोसयं जुत्तासङ्खेज्जयं होइ. जहन्नयं असङ्खेज्जासङ्खेज्जयं केत्तियं होइ? जहन्नएणं जुत्तासङ्खेज्जएणं आवलिया गुणिया अन्नमन्नब्भासो पडिपुन्नो जहन्नयं असङ्खेज्जासङ्खेज्जयं होइ, अहवा उक्कोसए जुत्तासङ्खेज्जए रूवं पक्खित्तं जहन्नयं असङ्खेज्जासङ्खेज्जयं होइ, तेणं परं अजहन्नमनुक्कोसयाइं ठाणाइं जावं उक्कोसयं असङ्खेज्जासङ्खेज्जयं न पावइ, उक्कोसयं असङ्खेज्जासङ्खेज्जयं केत्तियं होइ? जहन्नयं असङ्खेज्जासङ्खेज्जयं जहन्नय-असङ्खेज्जासङ्खेज्जयमेत्ताणं रासीणं अन्नमन्नब्भासो रूवूणो उक्कोसयं असङ्खेज्जा-सङ्खेज्जयं होइ, अहवा जहन्नयं परित्तानन्तयं रूवूणं उक्कोसयं असङ्खेज्जासङ्खेज्जयं होइ."
2036,
2037,"जहन्नयं परित्ताणन्तयं केत्तियं होइ? जहन्नयं असङ्खेज्जासङ्खेज्जयं जहन्नयं-असङ्खेज्जा-सङ्खेज्जमेत्ताणं रासीणं अन्नमन्नब्भासो पडिपुन्नो जहन्नयं परित्तानन्तयं होइ. अहवा उक्कोसए असङ्खेज्जासङ्खेज्जए रूवं पक्खित्तं जहन्नयं परित्तानन्तयं होइ, तेण परं अजहन्नमनुक्कोसयाइं ठाणाइं जाव उक्कोसयं परित्तानन्तयं न पावइ, उक्कोसयं परित्तानन्तयं केत्तियं होइ? जहन्नयं परित्तानन्तयं जहन्नय-परित्तानन्तयमेत्ताणं रासीणं अन्नमन्नब्भासो रूवूणो उक्कोसयं परित्तानन्तयं होइ, अहवा जहन्नयं जुत्तानन्तयं रूवूणं उक्कोसयं परित्तानन्तयं होइ. जहन्नयं जुत्तानन्तयं केत्तियं होइ? जहन्नयं परित्तानन्तयं जहन्नय-परित्तानन्तय-मेत्ताणं रासीणं अन्नमन्नब्भासो पडिपुन्नो जहन्नयं जुत्तानन्तयं होइ, अहवा उक्कोसए परित्तानन्तए रूवं पक्खित्तं जहन्नयं जुत्तानन्तयं होइ, अभवसिद्धिया वि तत्तिया चेव तेणं परं अजहन्न-मनुक्कोसयाइं ठाणाइं जाव उक्कोसयं जुत्तानन्तयं न पावइ, उक्कोसयं जुत्तानन्तयं केत्तियं होइ? जहन्नएण जुत्तानन्तएणं अभवसिद्धिया गुणिया अन्नमन्नब्भासो रूवूणो उक्कोसयं जुत्तानन्तयं होइ अहवा जहन्नयं अनन्तानन्तयं रूवूणं उक्कोसयं जुत्तानन्तयं होइ जहन्नयं अनन्तानन्तयं केत्तियं होइ? जहन्नयं जुत्तानन्तएणं अभवसिद्धिया गुणिया अन्नमन्नब्भासो पडिपुन्नो जहन्नयं अनन्तानन्तयं होइ, अहवा उक्कोसए जुत्तानन्तए रूवं पक्खित्तं जहन्नयं अनन्तानन्तयं होइ, तेणं परं अजहन्नमनुक्कोसयाइं ठाणाइं, से तं गणणासङ्खा."
2038,
2039,"से किं तं भावसङ्खा? भावसङ्खा-जे इमे जीवा सङ्खगइनामगोत्ताइं कम्माइं वेदॆन्ति, से तं भावसङ्खा, से तं सङ्खप्पमाणे, से तं भावप्पमाणे, से तं पमाणे."
2040,
2041,
2042,
2043,---------------------------------------------------------------------
2044,से किं तं वत्तव्वया? वत्तव्वया तिविहा पन्नत्ता तं जहा — ससमयवत्तव्वया परसमय-वत्तव्वया ससमय-परसमयवत्तव्वया.
2045,
2046,"से किं तं ससमयवत्तव्वया? जत्थ णं ससमए आघविज्जइ पन्नविज्जइ परूविज्जइ दंसिज्जइ निदंसिज्जइ उवदंसिज्जइ, से तं ससमयवत्तव्वया. से किं तं परसमयवत्तव्वया? परसमयवत्तव्वया जत्थ णं परसमए आघविज्जइ जाव उवदंसिज्जइ, से तं परसमयवत्तव्वया. से किं तं ससमय-परसमयवत्तव्वया? जत्थ ससमए परसमए आघविज्जइ जाव उवदंसिज्जइ से तं ससमय-परसमयवत्तव्वया, इयाणिं को नओ कं वत्तव्वयं इच्छइ? तत्थ नेगम-सङ्गह-ववहारा तिविहं वत्तव्वयं इच्छन्ति."
2047,
2048,"तं जहा —ससमयवत्तव्वयं परसमयवत्तव्वयं ससमय-परसमयवत्तव्वयं उज्जुसुओ दुविहं वत्तव्वयं इच्छइ, तं जहा — ससमयवत्तव्वयं परसमयवत्तव्वयं. तत्थ णं जा सा ससमयवत्तव्वया सा ससमयं पविट्ठा जा सा परसमयवत्तव्वया सा परसमयं पविट्ठा, तम्हा दुविहा वत्तव्वया, नत्थि तिविहा वत्तव्वया, तिन्नि सद्दनया एगं ससमयवत्तव्वयं इच्छन्ति, नत्थि परसमयवत्तव्वया, कम्हा? जम्हा परसमए अणट्ठे अहेऊ असब्भावे अकिरिया उम्मग्गे अनुवएसे मिच्छादंसणमिति कट्टु, तम्हा सव्वा ससमयवत्तव्वया नत्थि परसमयवत्तव्वया नत्थि ससमय-परसमयवत्तव्वया, से तं वत्तव्वया."
2049,
2050,
2051,
2052,---------------------------------------------------------------------
2053,"से किं तं अत्थाहिगारे? जो जस्स अज्झयणस्स अत्थाहिगारो, तं —"
2054,
2055,
2056,
2057,---------------------------------------------------------------------
2058,सावज्जजोगविरई उक्कित्तण गुणवओ य पडिवत्ती
2059,खलियस्स निन्दणा वणतिगिच्छ गुणधारणा चेव // अणुओग.३२०
2060,
2061,
2062,
2063,---------------------------------------------------------------------
2064,से तं अत्थाहिगारे.
2065,
2066,
2067,
2068,---------------------------------------------------------------------
2069,"से किं तं समोयारे? समोयारे छव्विहे पन्नत्ते तं जहा — नामसमोयारे ठवणसमोयारे दव्वसमोयारे खेत्तसमोयारे कालसमोयारे भावसमोयारे. नामट्ठवणाओ गयाओ, जाव से तं भवियसरीर-दव्व-समोयारे. से किं तं जाणगसरीर-भवियसरीर-वतिरित्ते दव्वसमोयारे? जाणगसरीर-भविय-सरीर वत्तिरित्ते दव्वसमोयारे तिविहे पन्नत्ते तं जहा — आयसमोयारे परसमोयारे तदुभयसमोयारे, सव्वदव्वा वि णं आयसमोयारेणं आयभावे समोयरन्ति, परसमोयारेणं जहा कुण्डे बदराणि, तदुभयसमोयारेणं जहा घरे थम्भो आयभावे य, जहा घडे गीवा आयभावे य, अहवा जाणगसरीर-भवियसरीर-वतिरित्ते दव्वसमोयारे दुविहे पन्नत्ते तं जहा —आयसमोयारे य तदुभयसमोयारे य, चउसट्ठिया आयसमोयारेणं आयभावे समोयरइ तदुभयसमोयारेणं बत्तीसियाए समोयरइ आयभावे य, बत्तीसिया आयसमोयारेणं आयभावे समोयरइ तदुभयसमोयारेणं सोलसियाए समोयरइ आयभावे य, सोलसिया आयसमोयारेणं आयभावे समोयरइ तदुभयसमोयारेणं अट्ठभाइयाए समोयरइ आयभावे य, अट्ठभाइया आयसमोयारेणं आयभावे समोयरइ तदुभयसमोयारेणं चउभाइयाए समोयरइ आयभावे य, चउभाइया आयसमोयारेणं आयभावे समोयरइ तदुभयसमोयारेणं अद्धामाणीए समोयरइ आयभावे य, अद्धमाणी आयसमोयारेणं आयभावे समोयरइ तदुभयसमोयारेणं माणीए समोयरइ आयभावे य, से तं जाणगसरीर-भवियसरीर-वतिरित्ते दव्वसमोयारे, से तं नोआगमओ दव्वसमोयारे, से तं दव्वसमोयारे."
2070,
2071,"से किं तं खेत्तसमोयारे? दुविहे पन्नत्ते तं जहा आयसमोयारे य तदुभयसमोयारे य. भरहेवासे आयामसमोयारेणं आयभावे समोयरइ तदुभयसमोयारेणं जम्बुद्दीवे दीवे समोयरइ आयभावे य, जम्बुद्दीवे दीवे आयसमोयारेणं आयभावे समोयरइ तदुभयसमोयारेणं तिरियलोए समोयरइ आयभावे य, तिरियलोए आयसमोयारेणं आयभावे समोयरइ तदुभयसमोयारेणं लोए समोयरइ आयभावे य, लोए आयसमोयारेणं आयभावे समोयरइ तदुभयसमोयारेणं अलोए समोयरइ आयभावे य, से तं खेत्तसमोयारे. . "
2072,
2073,"से किं तं कालसमोयारे? का० दुविहे पन्नत्ते तं जहा आयसमोयारे य तदुभयसमोयारे य, समए आयसमोयारेणं आयभावे समयोरइ तदुभयसमोयारेणं आवलियाए समोयरइ आयभावे य, एवं आणापाणू थोवे लवे मुहुत्ते अहोरत्ते पक्खे मासे ऊऊ अयने संवच्छरे जुगे वाससए वाससहस्से वाससय-सहस्से पुव्वङ्गे पुव्वे तुडिअङ्गे तुडिए अडडङ्गे अडडे अववङ्गे अवए हूहूअङ्गे हूहूए उप्पलङ्गे उप्पले पउअङ्गे पउमङ्गे पउमे नलिनङ्गे नलिने अच्छिनिउरङ्गे अच्छिनिउरे अउअङ्गे अउए नउअङ्गे नउए पउअङ्गे पउए चूलिअङ्गे चूलिए सीसपहेलिअङ्गे सीसपहेलिए पलिओवमे सागरोवमे आयसमोयारेणं आयभावे समयोरइ तदुभयसमोयारेणं ओसप्पिणीउस्सप्पिणीसु समोयरइ आयभावे य, ओसप्पिणीउस्सप्पिणीओ आयस-मोयारेणं आयभावे समो० तदुभय-समोयारेणं पोग्गलपरियट्टे समोयरइ आयभावे य, पोग्गलपरियट्टे आयसमोयारेणं आयभावे समो० तदुभयसमोयारेणं तीतद्धा अनागतद्धासु समो० आयभावे य, तीतद्धा अनागतद्धाओ आयसमोयारेणं आयभावे समोयरइ तदुभयसमोयारेणं सव्वद्धाए समोयरइ आयभावे य, से तं कालसमोयारे. . "
2074,
2075,"से किं तं भावसमोयारे? भावसमोयारे दुविहे पन्नत्ते तं जहा — आयसमोयारे य तदुभयसमोयारे य, कोहे आयसमोयारेणं आयभावे समोयरइ तदुभयसमोयारेणं माणे समोयरइ आयभावे य, एवं माणे माया लोभे रागे मोहणिज्जे अट्ठकम्मपगडीओ आयसमोयारेणं आयभावे समोयरइ तदुभयसमोयारेणं छव्विहे भावे समोयरइ आयभावे य एवं छव्विहे भावे जीवे, जीवत्थिकाए आयसमोयारेणं आयभावे समोयरइ तदुभयसमोयारेणं सव्वदव्वेसु समोयरइ आयभावे य. एत्थ सङ्गहणी गाहा —"
2076,
2077,
2078,
2079,---------------------------------------------------------------------
2080,कोहे माणे माया लोभे रागे य मोहणिज्जे य
2081,पगडी भावे जीवे जीवत्थिकाय सव्वदव्वा य // अणुओग.३२३
2082,
2083,
2084,
2085,---------------------------------------------------------------------
2086,"से तं भावसमोयारे, से तं समोयारे. से तं उवक्कमे."
2087,
2088,
2089,
2090,---------------------------------------------------------------------
2091,से किं तं निक्खेवे? निक्खेवे तिविहे पन्नत्ते तं जहा — ओहनिप्फन्ने नामनिप्फन्ने सुत्तालावगनिप्फन्ने.
2092,
2093,"से किं तं ओहनिप्फन्ने? ओहनिप्फन्ने चउव्विहे पन्नत्ते तं जहा — अज्झयणे अज्झीणे आए झवणा. से किं तं अज्झयणे? अज्झयणे चउव्विहे पन्नत्ते तं जहा — नामज्झयणे ठवणज्झयणे दव्वज्झयणे भावज्झयणे. नाम-ट्ठवणाओ गयाओ, से किं तं दव्वज्झयणे? दवज्झयणे दुविहे पन्नत्ते, तं जहा — आगमओ नोआगमओ य. से किं तं आगमओ दव्वज्झयणं? आगमओ दव्वज्झयणे जस्स णं अज्झयणे त्ति पदं सिक्खियं ठियं जियं मियं परिजियं जाव एवं जावइया अनुवउत्ता तावइयाइं ताइं नेगमस्स आगमओ दव्वज्झयणाइं, एवमेव ववहारस्स वि, सङ्गहस्स णं एगो वा अनेगा वा जाव से तं आगमओ दव्वज्झयणे."
2094,
2095,"से किं तं नोआगमओ दव्वज्झयणे? नोआगमओ दव्वज्झयणे तिविहे पन्नत्ते तं जहा —जाणगसरीरदव्वज्झयणे भवियसरीरदव्वज्झयणे जाणगसरीरभवियसरीरवतिरित्ते दव्वज्झयणे. से किं तं जाणगसरीरदव्वज्झयणे? जाणगसरीरदव्वज्झयणे- अज्झयणे त्ति पयत्थाहिगारजाणगस्स जं सरीरयं ववगय-चुय-चाविय-चत्तदेहं जीवविप्पजढं जाव- अहो णं इमेणं सरीरसमुस्सएणं जिनदिट्ठेणं भावेणं अज्झयणे त्ति पयं आघवियं पन्नवियं परूवियं दंसियं निन्दसियं उवदंसियं, जहा को दिट्ठन्तो? अयं महुकुम्भे आसी अयं घयकुम्भे आसी, से तं जाणगसरीरदव्वज्झयणे. से किं तं भवियसरीर-दव्वज्झयणे? भवियसरीरदव्वज्झयणे जे जीवे जोणिजम्मणनिक्खन्ते इमेणं चेव आदत्तएणं सरीरसमुस्सएणं जिनदिट्ठेणं भावेणं अज्झयणे त्ति पयं सेयकाले सिक्खिस्सइ न ताव सिक्खइ, जहा को दिट्ठन्तो? अयं महुकुम्भे भविस्सइ अयं घयकुम्भे भविस्सइ, से तं भवियसरीरदव्वज्झयणे, से किं तं जाणगसरीर-भवियसर-वतिरित्ते दव्वज्झयणे? जाणगसरीर-भवियसरीर-वतिरित्ते दव्वज्झयणे पत्तय-पोत्थय-लिहियं, से तं जाणगसरीर-भवियसरीर-वतिरित्ते दव्वज्झयणे, से तं नोआगमओ दव्वज्झयणे, से तं दव्वज्झयणे."
2096,
2097,"से किं तं भावज्झयणे? भावज्झयणे दुविहे पन्नत्ते तं जहा — आगमओ य नोआगमओ य, से किं तं आगमओ भावज्झयणे? आगमओ भावज्झयणे जाणए उवउत्ते, से तं आगमओ भावज्झयणे. से किं तं नोआगमओ भावज्झयणे? नोआगमओ भावज्झयणं."
2098,
2099,
2100,
2101,---------------------------------------------------------------------
2102,अज्झप्पस्साणयणं कम्माणं अवचओ उवचियाणं
2103,अनुवचओ य नवाणं तम्हा अज्झयणमिच्छन्ति // अणुओग.३२६
2104,
2105,
2106,
2107,---------------------------------------------------------------------
2108,से तं नोआगमओ भावज्झयणे. से तं भावज्झयणे. से तं अज्झयणे.
2109,
2110,"से किं तं अज्झीणे? अज्झीणे चउव्विहे पन्नत्ते तं जहा — नामज्झीणे ठवणज्झीणे दव्वज्झीणे भावज्झीणे, नाम-ट्ठवणाओ गयाओ, से किं तं दव्वज्झीणे? दव्वज्झीणे दुविहे पन्नत्ते तं जहा —आगमओ य नोआगमओ य. से किं तं आगमओ दव्वज्झीणे? आगमओ दव्वज्झीणे जस्स णं अज्झीणे त्ति पदं सिक्खियं जाव से तं आगमओ दव्वज्झीणे. से किं तं नोआगमओ दव्वज्झीणे? नोआगमओ दव्वज्झीणे तिविहे पन्नत्ते तं जहा — जाणगसरीरदव्वज्झीणे भवियसरीरदव्वज्झीणे जाणगसरीर-भवियसरीरवतिरित्ते दव्वज्झीणे."
2111,
2112,"से किं तं जाणगसरीरदव्वज्झीणे? जाणगसरीरदव्वज्झीणे अज्झीणे त्ति पयत्थाहिगार-जाणगस्स जं सरीरयं ववगय-चुय-चाविय-चत्तदेहं जीवविप्पजढं जहा दव्वज्झयणे तहा भाणियव्वं, जाव से तं जाणगसरीरदव्वज्झीणे. से किं तं भवियसरीरदव्वज्झीणे? भवियसरीरदव्वज्झीणे जे जीवे जोणिजम्मण-निक्खन्ते जहा दव्वज्झयणे जाव से तं भवियसरीरदव्वज्झीणे. से किं तं जाणगसरीर-भवियसरीर-वतिरित्ते दव्वज्झीणे? जाणगसरीर-भवियसरीर-वतिरित्ते दव्वज्झीणे-सव्वागाससेढी, से तं जाणगसरीर-भवियसरीर-वतिरित्ते दव्वज्झीणे. से तं नोआगमओ दव्वज्झीणे. से तं दव्वज्झीणे."
2113,
2114,से किं तं भावज्झीणे? भावज्झीणे दुविहे पन्नत्ते तं जहा — आगमओ य नोआगमओ य. से किं तं आगमओ भावज्झीणे? आगमओ भावज्झीणे- जाणए उवउत्ते से तं आगमओ भावज्झीणे. से किं तं नोआगमओ भावज्झीणे? नोआगमओ भावज्झीणे —
2115,
2116,
2117,
2118,---------------------------------------------------------------------
2119,जह दीवा दीवसयं पइप्पए सो य दिप्पए दीवो
2120,दीवसमा आयरिया दिप्पन्ति परं च दीवॆन्ति // अणुओग.३२८
2121,
2122,
2123,
2124,---------------------------------------------------------------------
2125,"से तं नोआगमओ भावज्झीणे, से तं भावज्झीणे. से तं अज्झीणे."
2126,
2127,"से किं तं आए? आए चउव्विहे पन्नत्ते तं जहा — नामाए ठवणाए दव्वाए भावाए. नाम-ट्ठवणाओ गयाओ, से किं तं दव्वाए? दव्वाए दुविहे पन्नत्ते तं जहा —आगमओ य नोआगमओ य."
2128,
2129,"से किं तं आगमओ दव्वाए? आगमओ दव्वाए जस्स णं आए त्ति पदं सिक्खियं ठियं जाव कम्हा? अनुवओगो दव्वमिति कट्टु, नेगमस्स णं जावइया अनुवउत्ता तावइया ते दव्वाया, जाव से तं आगमओ दव्वाए. . "
2130,
2131,से किं तं नोआगमओ दव्वाए? नोआगमओ दव्वाए तिविहे पन्नत्ते तं जहा जाणगसरीर दव्वाए भवियसरीर दव्वाए जाणगसरीर-भवियसरीर-वतिरित्ते दव्वाए. से किं तं जाणग-सरीर दव्वाए ? जाणगसरीर दव्वाए त्ति पयत्थाहिगारजाणगस्स जं सरीरयं ववगय-चुय-चाविय-चत्तदेहं जहा दवज्झयणं जाव से तं जाणगसरीरदव्वाए. से किं तं भवियसरीर दव्वाए? भवियसरीर दव्वाए जे जीवे जोणिजम्मणनिक्खन्ते जहा दव्वज्झयणे जाव से तं भवियसरीर दव्वाए. से किं तं जाणगसरीर-भवियसरीर-वतिरित्ते दव्वाए? जाणगसरीर-भवियसरीर-वतिरित्ते दव्वाए तिविहे पन्नत्ते तं जहा — लोइए कुप्पावयणिए लोगुत्तरिए. . 
2132,
2133,"से किं तं लोइए? लोइए तिविहे पन्नत्ते तं जहा सचित्ते अचित्ते मीसए य, से किं तं सचित्ते? सचित्ते तिविहे पन्नत्ते तं जहा दुपयाणं चउप्पयाणं अपयाणं, दुपयाणं-दासाणं दासीणं चउप्पयाणं-आसाणं हत्थीणं, अपयाणं-अम्बाणं अम्बाडगाणं आए; से तं सचित्ते. से किं तं अचित्ते? तं सुवण्ण-रयय-मणि-मोत्तिय-सङ्ख-सिल-प्पवाल-रत्तरयणाणं सन्त-सार-सावएज्जस्स आए, से तं अचित्ते. से किं तं मीसए? मीसए दासाणं दासीणं आसाणं हत्थीणं समाभरियाउज्जालङ्कियाणं आए, से तं मीसए. से तं लोइए."
2134,
2135,"से किं तं कुप्पावयणिए? कुप्पावयणिए तिविहे पन्नत्ते तं जहा — सचित्ते अचित्ते मीसए. तिन्निवि जहा लोइए, जाव से तं मीसए, से तं कुप्पावयणिए."
2136,
2137,"से किं तं लोगुत्तरिए? लोगुत्तरिए तिविहे पन्नत्ते तं जहा —सचित्ते अचित्ते मीसए. से किं तं सचित्ते? सचित्ते सीसाणं सिस्सिणीणं आए से तं सचित्ते. से किं तं अचित्ते? अचित्ते-पडिग्गहाणं वत्थाणं कम्बलाणं पायपुञ्छणाणं आए से तं अचित्ते. से किं तं मीसए? मीसए सीसाणं सिस्सिणियाणं सभण्डमत्तोवगरणाणं आए, से तं मीसए. से तं लोगुत्तरिए. से तं जाणगसरीर-भवियसरीर-वतिरित्ते दव्वाए. से तं नोआगमओ दव्वाए. से तं दव्वाए. . "
2138,
2139,"से किं तं भावाए? भावाए दुविहे पन्नत्ते तं जहा — आगमओ य नोआगमओ य. से किं तं आगमओ भावाए? आगमओ भावाए- जाणए उवउत्ते, से तं आगमओ भावाए. से किं तं नोआगमओ भावाए? नोआगमओ भावाए दुविहे पन्नत्ते तं जहा — पसत्थे य अपसत्थे य. से किं तं पसत्थे? पसत्थे तिविहे पन्नत्ते तं जहा — नाणाए दंसणाए चरित्ताए, से तं पसत्थे. से किं त अपसत्थे? अपसत्थे चउव्विहे पन्नत्ते तं जहा — कोहाए माणाए मायाए लोभाए, से तं अपसत्थे. से तं नोआगमओ भावाए से तं भावाए. से तं आए."
2140,
2141,"से किं तं झवणा? झवणा चउव्विहा पन्नत्ता तं जहा — नामज्झवणा ठवणज्झवणा दव्वज्जवणा भावज्झवणा. नाम-ट्ठवणाओ गयाओ, से किं तं दव्वज्झवणा? दव्वज्झवणा दुविहा पन्नत्ता तं जहा — आगमओ य नोआगमओ य, से किं तं आगमओ दव्वज्झवणा? आगमओ दव्वज्झवणा जस्स णं झवणे त्ति पदं सिक्खियं जाव से तं आगमओ दव्वज्झवणा. . "
2142,
2143,"से किं तं नो आगमओ दव्वज्झवणा? नोआगमओ दव्वज्झवणा तिविहा पन्नत्ता तं जहा — जाणगसरीर दव्वज्झवणा भविय-सरीर दव्वज्झवणा जाणगसरीर-भविय-सरीर-वतिरित्ता दव्वज्झवणा. से किं तं जाणगसरीर-दव्वज्झवणा? जाणगसरीर दव्ज्झवणा झवणे त्ति पयत्थाहिगारजाणगस्स जं सरीरयं ववगय-चुय-चाविय-सेसं जहा दव्वज्झयणे, जाव से तं [जाणय० से किं तं भवि० दव्व०? तं जहा-जे जीवे जोणि जम्मण निक्खन्ते सेसं जहा दव्वज्झयणे जाव से तं] भवियसरीरदव्वज्झवणा."
2144,
2145,"से किं तं जाणगसरीर-भवियसरीर-वतिरित्ता दव्वज्झवणा? जहा जाणयसरीर भविअसरीर वइरित्ते दव्वाए तहा भाणियव्वा जाव से तं मीसया, से तं लोगुत्तरिया. से तं जाणगसरीर-भवियसरीर-वतिरित्ता दव्वज्झवणा. से तं नोओगमओ दव्वज्झवणा. से तं दव्वज्झवणा."
2146,
2147,से किं तं भावज्झवणा? भावज्झवणा दुविहा पन्नत्ता तं जहा —आगमओ य नोआगमओ य भावज्झवणा. . 
2148,
2149,"से किं तं आगमओ भावज्झवणा? जाणए उवउत्ते, से तं आगमओ भावज्झवणा. . "
2150,
2151,से किं तं नोआगमओ भावज्झवणा? नोआगमओ भावज्झवणा दुविहा पन्नत्ता तं जहा — पसत्था य अपसत्था य.
2152,
2153,"से किं तं पसत्था? पसत्था चउव्विहा पन्नत्ता तं जहा —कोहज्झवणा माणज्झवणा मायज्झवणा लोभज्झवणा, से तं पसत्था. . "
2154,
2155,"से किं तं अपसत्था? अपसत्था तिविहा पन्नत्ता तं जहा — नाणज्झवणा दंसणज्झवणा चरित्तज्झवणा. से तं अपसत्था, से तं नोआगमओ भावज्झवणा. से तं भावज्झवणा. से तं झवणा. से तं ओहनिप्फन्ने."
2156,
2157,"से किं तं नामनिप्फन्ने? नामनिप्फन्ने-सामाइए से समासओ चउव्विहे पन्नत्ते तं जहा — नामसामाइए ठवणसामाइए दव्वसामाइए भावसामाइए. नाम-ट्ठवणाओ गयाओ, दव्वसामाइए वि तहेव, जाव से तं भवियसरीरदव्वसामाइए."
2158,
2159,"से किं तं जाणगसरीर-भविय-सरीरवतिरित्ते दव्वसामाइए? जाणगसरीर-भविय-सरीर-वतिरित्ते दव्वसामाइए पत्तय-पोत्थय-लिहियं, से तं जाणगसरीर-भविय-सरीर-वतिरित्ते दव्वसामाइए. से तं नोआगमओ दव्वासामाइए. से तं दव्वसामाइए."
2160,
2161,"से किं तं भावसामाइए? भावसामाइए दुविहे पन्नत्ते तं जहा — आगमओ य नोआगमओ य. से किं तं आगमओ भावसामाइए? आगमओ भावसामाइए जाणए उवउत्ते, से तं आगमओ भावसामाइए. . "
2162,
2163,से किं तं नोआगमओ भावसामाइए? नोआगमओ भावसामाइए —
2164,
2165,
2166,
2167,---------------------------------------------------------------------
2168,जस्स सामाणिओ अप्पा सञ्जमे नियमे तवे
2169,तस्स सामाइयं होइ इइ केवलभासियं // अणुओग.३३०
2170,
2171,
2172,
2173,---------------------------------------------------------------------
2174,जो समो सव्वभूएसु तसेसु थावरेसु य
2175,तस्स सामाइयं होइ इइ केवलिभासियं // अणुओग.३३१
2176,
2177,
2178,
2179,---------------------------------------------------------------------
2180,जह मम न पियं दुक्खं जाणिय एमेव सव्वजीवाणं
2181,न हणइ न हणावेइ य सममणती तेण सो समणो // अणुओग.३३२
2182,
2183,
2184,
2185,---------------------------------------------------------------------
2186,नत्थि य से कोइ वेसो पिओ व सव्वेसु चेव जीवेसु
2187,एएण होइ समणो एसो अन्नो वि पज्जाओ // अणुओग.३३३
2188,
2189,
2190,
2191,---------------------------------------------------------------------
2192,उरग-गिरि-जलण-सागर-नहतल-तरुगणसमो य जो होइ
2193,भमर-मिय-धरणि-जलरुह-रवि-पवणसमो य सो समणो // अणुओग.३३४
2194,
2195,
2196,
2197,---------------------------------------------------------------------
2198,तो समणो जइ सुमणो भावेण य जइ न होइ पावमणो
2199,सयणे य जणे य समो समो य माणावमाणेसु // अणुओग.३३५
2200,
2201,
2202,
2203,---------------------------------------------------------------------
2204,से तं नोआगमओ भावसामाइए. से तं भावसामाइए. से तं सामाइए. से तं नामनिप्फन्ने.
2205,
2206,"से किं तं सुत्तालावगनिप्फन्ने? सुत्तालावगनिप्फन्ने इयाणिं सुत्तालावगनिप्फन्ने निक्खेवे इच्छावेइ, से य पत्तलक्खणे वि न निक्खिप्पइ, कम्हा? लाघवत्थं, अओ अत्थि तइए अनुओगदारे अनुगमे त्ति, तत्थ निक्खित्ते इहं निक्खित्ते भवइ, इहं वा निक्खित्ते तत्थ निक्खित्ते भवइ, तम्हा इहं न निक्खिप्पइ तहिं चेव निक्खिप्पिस्सइ, से तं निक्खेवे."
2207,
2208,
2209,
2210,---------------------------------------------------------------------
2211,से किं तं अनुगमे? अनुगमे दुविहे पन्नत्ते तं जहा — सुत्तानुगमे य निज्जुत्तिअनुगमे य. से किं तं निज्जुत्तिअनुगमे? निज्जुत्तिअनुगमे तिविहे पन्नत्ते तं जहा — निक्खेव निज्जुत्तिअनुगमे उवग्घाय-निज्जुत्तिअनुगमे सुत्तफासियनिज्जुत्तिअनुगमे. . 
2212,
2213,"से किं तं निक्खेव निज्जुत्तिअनुगमे? निक्खेव निज्जुत्तिअनुगमे अनुगए, से तं निक्खेवनिज्जुत्तिअनुगमे."
2214,
2215,"से किं तं उवग्घाय निज्जुत्तिअनुगमे? उवघाय निज्जुत्तिअनुगमे इमाहिं दोहिं दारगाहाहिं अनुगन्तव्वो, तं जहा —"
2216,
2217,
2218,
2219,---------------------------------------------------------------------
2220,उद्देसे निद्देसे य निग्गमे खेत्त काल पुरिसे य
2221,कारण पच्चय लक्खण नए समोआरणा'नुमए // अणुओग.३३८
2222,
2223,
2224,
2225,---------------------------------------------------------------------
2226,किं कइविहं कस्स कहिं केसु कहं केच्चिरं हवइ कालं?
2227,कइ सन्तरं अविरहियं भवा''गरिस फासण निरुत्ती // अणुओग.३३९
2228,
2229,
2230,
2231,---------------------------------------------------------------------
2232,से त्तं उवग्घाय निज्जुत्ति अनुगमे.
2233,
2234,"से किं तं सुत्तफासियनिज्जुत्तिअनुगमे? सुत्तकाल० सुत्तं उच्चारेयव्वं अक्खलियं अमिलियं अवच्चामेलियं पडिपुन्नं पडिपुन्नघोसं कण्ठोट्ठविप्पमुक्कं गुरुवायणोवगयं, तओ तत्थ नज्जिहिति ससमयपयं वा परसमयपयं वा बन्धपयं वा मोक्खपयं वा सामाइयपयं वा नोसामाइयपयं वा, तओ तंमि उच्चारिए समाणे केसिञ्चि भगवन्ताणं केइ अत्थाहिगारा अहिगया भवन्ति, केसिञ्चि य केइ अणहिगया भवन्ति, तओ तेसिं अणहिगयाणं अत्थाणं अहिगणट्ठयाए पदेणं पदं वण्णइस्सामि —"
2235,
2236,
2237,
2238,---------------------------------------------------------------------
2239,संहिता य पदं चेव पदत्थो पदविग्गहो
2240,चालणा य पसिद्धी य छव्विहं विद्धि लक्खणं // अणुओग.३४१
2241,
2242,
2243,
2244,---------------------------------------------------------------------
2245,"से तं सुत्तफासियनिज्जुत्तिअनुगमे, से तं निज्जुत्तिअनुगमे, से तं अनुगमे."
2246,
2247,
2248,
2249,---------------------------------------------------------------------
2250,"से किं तं नए? सत्त मूलनया पन्नत्ता तं जहा — नेगमे सङ्गहे ववहारे उज्जुसुए सद्दे समढिरूढे एवम्भूए, तत्थ —"
2251,
2252,
2253,
2254,---------------------------------------------------------------------
2255,नेगेहिं माणेहिं मिणइ त्ति नेगमस्स य निरुत्ती
2256,सेसाणं पि नयाणं लक्खणमिणमो सुणह वोच्छं // अणुओग.३४४
2257,
2258,
2259,
2260,---------------------------------------------------------------------
2261,सङ्गहिय-पिण्डियत्थं सङ्गहवयणं समासओ बॆन्ति
2262,वच्चइ विनिच्छियत्थं ववहारो सव्वदव्वेसु // अणुओग.३४५
2263,
2264,
2265,
2266,---------------------------------------------------------------------
2267,पच्चुप्पन्नगाही उज्जुसुओ नयविही मुणेयव्वो
2268,इच्छइ विसेसियतरं पच्चुप्पन्नं नओ सद्दो // अणुओग.३४६
2269,
2270,
2271,
2272,---------------------------------------------------------------------
2273,वत्थूओ सङ्कमणं होइ अवत्थू नए समभिरूढे
2274,वञ्जण-अत्थ-तदुभयं एवम्भूओ विसेसेइ // अणुओग.३४७
2275,
2276,
2277,
2278,---------------------------------------------------------------------
2279,नायंमि गिण्हियव्वे अगिण्हियव्वंमि चेव अत्थंमि
2280,जइयव्वमेव इइ जो उवएसो सो नओ नाम // अणुओग.३४८
2281,
2282,
2283,
2284,---------------------------------------------------------------------
2285,सव्वेसिं पि नयाणं बहुविहवत्तव्वयं निसामित्ता
2286,तं सव्वनयविसुद्धं जं चरणगुणट्ठिओ साहू // अणुओग.३४९
2287,
2288,
2289,
2290,---------------------------------------------------------------------
2291,से तं नए.
2292,
2293,
2294,
