line_number,devanagari_text
1,पिण्डे उग्गम उप्पायणेसणा जोयणा पमाणे य
2,इङ्गाल धूम कारण अट्ठविहा पिण्डनिज्जुत्ति // फिण्ड्णि.१
3,
4,
5,
6,---------------------------------------------------------------------
7,पिण्ड निकाय समूहे सम्पिण्डण पिण्डणा य समवाए
8,समुसरण निचय उवचय चए य जुम्मे य रासी य // फिण्ड्णि.२
9,
10,
11,
12,---------------------------------------------------------------------
13,पिण्डस्स उ निक्खेवो चौक्कओ छक्कओ व कायव्वो
14,निक्खेवं काऊणं परूवणा तस्स कायव्वा // फिण्ड्णि.३
15,
16,
17,
18,---------------------------------------------------------------------
19,कुलए य चौभागस्स सम्भवो छक्कए चौण्हं च
20,नियमेण सम्भवो अत्थि छक्कगं निक्खिवे तम्हा // फिण्ड्णि.४
21,
22,
23,
24,---------------------------------------------------------------------
25,नामण्ठवणापिण्डो दव्वे खॆत्ते य काल भावे य
26,एसो खलु पिण्डस्स उ निक्खेवो छव्विहो होइ // फिण्ड्णि.५
27,
28,
29,
30,---------------------------------------------------------------------
31,गॊण्णं समयकयं वा जं वावि हवॆज्ज तदुभएण कयं
32,तं बिन्ति नामपिण्डं ठवणापिण्डं अओ वॊच्छं // फिण्ड्णि.६
33,
34,
35,
36,---------------------------------------------------------------------
37,गुणनिप्फन्नं गॊण्णं तं चेव जहत्थम सत्थवी बॆन्ति
38,तं पुण खवणो जलणो तवणो पवणो पईवो य // फिण्ड्णि.७
39,
40,
41,
42,---------------------------------------------------------------------
43,पिण्डण बहुदव्वाणं पडिवक्खेणावि जत्थ पिण्डक्खा
44,सो समयकओ पिण्डो जह सुत्तं पिण्डपडियाई // फिण्ड्णि.८
45,
46,
47,
48,---------------------------------------------------------------------
49,जस्स पुण पिण्डवायट्ठयं पविट्ठस्स होइ सम्पत्ती
50,गुडओयणपिण्डेहिं तं तदुभयपिण्डमाहंसु // फिण्ड्णि.९
51,
52,
53,
54,---------------------------------------------------------------------
55,उभयाइरित्तमहवा अन्नम्पि हु अत्थि लोइयं नाम
56,अत्ताभिप्पायकयं जह सीहगदेवदत्ताई // फिण्ड्णि.१०
57,
58,
59,
60,---------------------------------------------------------------------
61,गॊण्णसमयारित्तं इणमन्नं वा'वि सूइयं नाम
62,जह पिण्डौत्ति कीरै कस्सै नामं मनूसस्स // फिण्ड्णि.११
63,
64,
65,
66,---------------------------------------------------------------------
67,तुल्ले'वि अभिप्पाए समयपसिद्धं न गिण्हए लोओ
68,जं पुण लोयपसिद्धं तं सामैया उवचरन्ति // फिण्ड्णि.१२
69,
70,
71,
72,---------------------------------------------------------------------
73,अक्खे वराडए वा कट्ठे पुत्थे व चित्तकम्मे वा
74,सब्भावमसब्भावे ठवणापिण्डं वियाणाहि // फिण्ड्णि.१३
75,
76,
77,
78,---------------------------------------------------------------------
79,इक्को उ असब्भावे तिण्हं ठवणा उ होइ सब्भावे
80,चित्तेसु असब्भावे दारुअलॆप्पोवले सियरो // फिण्ड्णि.१४
81,
82,
83,
84,---------------------------------------------------------------------
85,तिविहो उ दव्वपिण्डो सच्चित्तो मीसओ अचित्तो य
86,ऎक्कॆक्कस्स य ऎत्तो नव नव भेआ उ पत्तेयं ।। गाहा-१६ // फिण्ड्णि.१५
87,
88,
89,
90,---------------------------------------------------------------------
91,पुढवी आउक्काओ तेऊ वाऊ वणस्सई चेव
92,बेइन्दिय तेइन्दिय चौरो पञ्चॆन्दिया चेव // फिण्ड्णि.१६
93,
94,
95,
96,---------------------------------------------------------------------
97,पुढवीकाओ तिविहो सच्चित्तो मीसओ य अच्चित्तो
98,सच्चित्तो पुण दुविहो निच्छयववहारओ चेव // फिण्ड्णि.१७
99,
100,
101,
102,---------------------------------------------------------------------
103,निच्छयओ सच्चित्तो पुढविमहापव्वयाण बहुमज्झे
104,अच्चित्तमीसवज्जो सेसो ववहारसच्चित्तो // फिण्ड्णि.१८
105,
106,
107,
108,---------------------------------------------------------------------
109,खीरदुमहॆट्ठ पन्थे कट्ठोले इन्धणे य मीसो उ
110,पोरिसि एग दुग तिगं बहुइन्धणमज्झथोवे य // फिण्ड्णि.१९
111,
112,
113,
114,---------------------------------------------------------------------
115,सीउण्ह-खार-खत्ते अग्गी-लोणूस अम्बिले-नेहे
116,वुक्कन्तजोणिएणं पयोयणं तेणिमं होइ // फिण्ड्णि.२०
117,
118,
119,
120,---------------------------------------------------------------------
121,अवरद्धिगविसबन्धे लवणेण व सुरभिउवलएणं वा
122,अच्चित्तस्स उ गहणं पओयणं तेणिमं च'न्नं // फिण्ड्णि.२१
123,
124,
125,
126,---------------------------------------------------------------------
127,ठाणनिसियणतुयट्टण उच्चाराई चेव उस्सग्गो
128,घट्टगडगलगलेवो एमाइ पओयणं बहुहा // फिण्ड्णि.२२
129,
130,
131,
132,---------------------------------------------------------------------
133,आउक्काओ तिविहो सच्चित्तो मीसओ य अच्चित्तो
134,सच्चित्तो पुण दुविहो निच्छयववहारओ चेव // फिण्ड्णि.२३
135,
136,
137,
138,---------------------------------------------------------------------
139,घनौदही घनवलया करगसमुद्दद्दहाण बहुमज्झे
140,अह निच्छयसच्चित्तो ववहारनयस्स अघडाई // फिण्ड्णि.२४
141,
142,
143,
144,---------------------------------------------------------------------
145,उसिणोदगमनुवत्ते दण्डे वासे य पडियमित्तम्मि
146,मॊत्तूणादेसतिगं चाउलौदगे'बहु पसन्नं // फिण्ड्णि.२५
147,
148,
149,
150,---------------------------------------------------------------------
151,भण्डगपासविलग्गा उत्तेडा बुब्बुया न संमन्ति
152,जा ताव मीसगं तन्दुला य रज्झन्ति जाव'न्ने // फिण्ड्णि.२६
153,
154,
155,
156,---------------------------------------------------------------------
157,एए उ अनाएसा तिन्नि वि कालनियमस्स'सम्भवओ
158,लुक्खेयर भण्डग पवण सम्भवासम्भवाईहिं // फिण्ड्णि.२७
159,
160,
161,
162,---------------------------------------------------------------------
163,जाव न बहुप्पसन्नं ता मीसं एस इत्थ आएसो
164,होइ पमाणमचित्तं बहुप्पसन्नं तु नायव्वं // फिण्ड्णि.२८
165,
166,
167,
168,---------------------------------------------------------------------
169,सीउण्ह खारखत्ते अग्गी लोणूस अम्बिले नेहे
170,वुक्कन्तजोणिएणं पओयणं तेणिमं होइ // फिण्ड्णि.२९
171,
172,
173,
174,---------------------------------------------------------------------
175,परिसेयपियणहत्थाइ धोवणं चीरधोवणं चेव
176,आयमण भाणधुवणं एमाइ पओयणं बहुहा // फिण्ड्णि.३०
177,
178,
179,
180,---------------------------------------------------------------------
181,उउबद्ध धुवण बाउस बम्भविनासो अठाणठवणं च
182,सम्पाइमवाउवहो पावण भूओवघाओ य // फिण्ड्णि.३१
183,
184,
185,
186,---------------------------------------------------------------------
187,ऐभार चुडण पणए सीयलपाउरण'जीर गेलण्णे
188,ओहावण कायवहो वासासु अधोवणे दोसा ।। गाहा-३३ // फिण्ड्णि.३२
189,
190,
191,
192,---------------------------------------------------------------------
193,अप्पत्तॆच्चिय वासे सव्वं उवहिं धुवन्ति जयणाए
194,असईए उ दवस्स य जहन्नओ पायनिज्जोगो // फिण्ड्णि.३३
195,
196,
197,
198,---------------------------------------------------------------------
199,आयरियगिलाणाण य मैला मैला पुणो'वि धोवन्ति
200,मा हु गुरूण अवण्णो लोगम्मि अजीरणं इयरे // फिण्ड्णि.३४
201,
202,
203,
204,---------------------------------------------------------------------
205,पायस्स पडोयारो दुनिसिज्ज तिपट्ट पॊत्ति रयहरणं
206,एए उ न वीसामे जयणा सङ्कामणा धुवणं // फिण्ड्णि.३५
207,
208,
209,
210,---------------------------------------------------------------------
211,पायस्स पडोयारो पत्तगवज्जो य पायनिज्जोगो
212,दॊन्नि निसिज्जाओ पुण अब्भिन्तर बाहिरा चेव // फिण्ड्णि.३६
213,
214,
215,
216,---------------------------------------------------------------------
217,सन्थारुत्तरचोलगपट्टा तिन्नि उ हवन्ति नायव्वा
218,मुहपॊत्तियत्ति पॊत्ती एगनिसॆज्जं च रयहरणं // फिण्ड्णि.३७
219,
220,
221,
222,---------------------------------------------------------------------
223,एए उ न वीसामे पैदिनमुवओगओ य जयणाए
224,सङ्कामिऊण धोवन्ति विज्ज छप्पैया तत्थ विहिणा उ // फिण्ड्णि.३८
225,
226,
227,
228,---------------------------------------------------------------------
229,जो पुण वीसमिज्जै तं एवं वीयराय-आणाए
230,पत्ते धोवणकाले उवहिं वीसामए साहू // फिण्ड्णि.३९
231,
232,
233,
234,---------------------------------------------------------------------
235,अब्भिन्तरपरिभोगं उवरिं पाउणै नाइदूरे य
236,तिन्नि य तिन्नि य एगं निसिं तु काउं परिच्छिज्जा // फिण्ड्णि.४०
237,
238,
239,
240,---------------------------------------------------------------------
241,धोवत्थं तिन्नि दिना उवरिं पाउणै तह य आसन्नं
242,धारेइ तिन्नि दियहे एगदिनं उवरि लम्बन्तं // फिण्ड्णि.४१
243,
244,
245,
246,---------------------------------------------------------------------
247,केई ऎक्कॆक्कनिसिं संवासेउं तिहा परिच्छन्ति
248,पाउणै जै न लग्गन्ति छप्पैया ताहि धोवन्ति // फिण्ड्णि.४२
249,
250,
251,
252,---------------------------------------------------------------------
253,निव्वोदगस्स गहणं केई भाणेसु असुइ पडिसेहो
254,गिहिभायणेसु गहणं ठिय वासे मीसगं छारो // फिण्ड्णि.४३
255,
256,
257,
258,---------------------------------------------------------------------
259,गुरुपच्चक्खाणिगिलाण सेहमाईण धोवणं पुव्वं
260,तो अप्पणो पुव्वमहाकडे य इयरे दुवे पच्छा // फिण्ड्णि.४४
261,
262,
263,
264,---------------------------------------------------------------------
265,अच्छोडपिट्टणासु य न धुवे धोए पयावणं न करे
266,परिभोग अपरिभोगे छायायव पेह कल्लाणं // फिण्ड्णि.४५
267,
268,
269,
270,---------------------------------------------------------------------
271,तिविहो तेउक्काओ सच्चित्तो मीसओ य अच्चित्तो
272,सचित्तो पुण दुविहो निच्छय ववहारओ चेव // फिण्ड्णि.४६
273,
274,
275,
276,---------------------------------------------------------------------
277,इट्टगपागाईणं बहुमज्झे विज्जुमाइ निच्छयओ
278,इङ्गालाई इयरॊत्ति मुम्मुरमाई उ मिस्सो उ // फिण्ड्णि.४७
279,
280,
281,
282,---------------------------------------------------------------------
283,ओयणवञ्जणपानग आयामुसिणोदगं च कुम्मासा
284,डगलगसरक्खसूई पिप्पलमाई उ उवओगो // फिण्ड्णि.४८
285,
286,
287,
288,---------------------------------------------------------------------
289,वाउक्काओ तिविहो सच्चित्तो मीसओ य अच्चित्तो
290,सचित्तो पुण दुविहो निच्छयववहारओ चेव ।। गाहा-५० // फिण्ड्णि.४९
291,
292,
293,
294,---------------------------------------------------------------------
295,सवलय घनतनुवाया ऐहिम ऐदुद्दिणे य निच्छयओ
296,ववहार पाइणाई अक्कन्ताई य अच्चित्तो // फिण्ड्णि.५०
297,
298,
299,
300,---------------------------------------------------------------------
301,अक्कन्तधन्तघाणे देहानुगए य पीलियाइसु य
302,अच्चित्त वाउकाओ व एवविहो भणिओ कम्मट्ठमहणेहिं // फिण्ड्णि.५१
303,
304,
305,
306,---------------------------------------------------------------------
307,हत्थसयमेग गन्ता दैओ अच्चित्तु बीयए मीसो
308,तैयम्मि उ सचित्तो वत्थी पुण पोरिसिदिनेसु // फिण्ड्णि.५२
309,
310,
311,
312,---------------------------------------------------------------------
313,निद्धेयरो य कालो एगन्तिसिणिद्धमज्झिमजहन्नो
314,लुक्खोवि होइ तिविहो जहन्नमज्झो य उक्कोसो // फिण्ड्णि.५३
315,
316,
317,
318,---------------------------------------------------------------------
319,एगन्तसिणिद्धंमी पोरिसिमेगं अचेअणो होइ
320,बिइयाए संमीसो तैयाइ सचेयणो वत्थी // फिण्ड्णि.५४
321,
322,
323,
324,---------------------------------------------------------------------
325,मज्झिमनिद्धे दो पोरिसीउ अच्चित्तु मीसओ तैए
326,चौत्थीए सच्चित्तो पवणो दैयाइ मज्झगओ // फिण्ड्णि.५५
327,
328,
329,
330,---------------------------------------------------------------------
331,पोरिसितिगमच्चित्तो निद्धजहन्नम्मि मीसग चौत्थी
332,सच्चित्त पञ्चमीए एवं लुक्खे'वि दिनवुड्ढी // फिण्ड्णि.५६
333,
334,
335,
336,---------------------------------------------------------------------
337,दैएण वत्थिणा वा पओयणं हॊज्ज वाउणा मुणिणो
338,गेलन्नम्मि व हॊज्जा सचित्तमीसे परिहरॆज्जा // फिण्ड्णि.५७
339,
340,
341,
342,---------------------------------------------------------------------
343,वणसैकाओ तिविहो सच्चित्तो मीसओ य अच्चित्तो
344,सच्चित्तो पुण दुविहो निच्छयववहारओ चेव // फिण्ड्णि.५८
345,
346,
347,
348,---------------------------------------------------------------------
349,सव्वो'व'नन्तकाओ सच्चित्तो होइ निच्छयनयस्स
350,ववहारस्स य सेसो मीसो पव्वायरॊट्टाई // फिण्ड्णि.५९
351,
352,
353,
354,---------------------------------------------------------------------
355,पुप्फाणं पत्ताणं सरडुफलाणं तहेव हरियाणं
356,वॆण्टम्मि मिलाणम्मि नायव्वं जीवविप्पजढं // फिण्ड्णि.६०
357,
358,
359,
360,---------------------------------------------------------------------
361,सन्थारपायदण्डगखोमिय कप्पा य पीढफलगाई
362,ओसहभेसज्जाणि य एमाइ पओयणं बहुहा // फिण्ड्णि.६१
363,
364,
365,
366,---------------------------------------------------------------------
367,बियतियचौरो पञ्चन्दिया य तिप्पभिइ जत्थ उ समॆन्ति
368,सट्ठाणे सट्ठाणे सो पिण्डो तेण कज्जमिणं // फिण्ड्णि.६२
369,
370,
371,
372,---------------------------------------------------------------------
373,बेइन्दियपरिभोगो अक्खाण ससिप्पसङ्खमाईणं
374,तेइन्दियाण उद्देहिगादि जं वा वए वॆज्जो // फिण्ड्णि.६३
375,
376,
377,
378,---------------------------------------------------------------------
379,चौरिन्दियाण मच्छियपरिहारो चेव आसमक्खिया चेव
380,पञ्चॆन्दियपिण्डम्मि उ अव्ववहारी उ नेरैया // फिण्ड्णि.६४
381,
382,
383,
384,---------------------------------------------------------------------
385,चम्मट्ठिदन्तनहरोमसिङ्ग अविलाइछगणगोमुत्ते
386,खीरदधिमाइयाण य पञ्चिन्दियतिरियपरिभोगो // फिण्ड्णि.६५
387,
388,
389,
390,---------------------------------------------------------------------
391,सच्चित्ते पव्वावण पन्थुवएसे य भिक्खदाणाई
392,सीसट्ठिग अच्चित्ते मीसट्ठिसरक्खपहपुच्छा ।। गाहा-६७ // फिण्ड्णि.६६
393,
394,
395,
396,---------------------------------------------------------------------
397,खमगाइ कालकज्जाइएसु पुच्छिज्ज देवयं कञ्चि
398,पन्थे सुभासुभे वा पुच्छेई दिव्व उवओगो // फिण्ड्णि.६७
399,
400,
401,
402,---------------------------------------------------------------------
403,अह मीसओ य पिण्डो एएसिं चिय नवण्ह पिण्डाणं
404,दुग सञ्जोगाईओ नायव्वो जाव चरमॊत्ति // फिण्ड्णि.६८
405,
406,
407,
408,---------------------------------------------------------------------
409,सोवीर गोरसासव वेसण भेसज्ज नेह सागफले
410,पॊग्गललोण गुलोयण नेगा पिण्डा उ सञ्जोगे // फिण्ड्णि.६९
411,
412,
413,
414,---------------------------------------------------------------------
415,तिन्नि उ पएससमया ठाणट्ठिइउ दविए तयाएसा
416,चौपञ्चमपिण्डाणं जत्थ जया तप्परूवणया // फिण्ड्णि.७०
417,
418,
419,
420,---------------------------------------------------------------------
421,मुत्तदविएसु जुज्जै जै अन्नॊन्नाणुवेहओ पिण्डो
422,मुत्तिविमुत्तेसुवि सो जुज्जै ननुसङ्खबाहुल्ला // फिण्ड्णि.७१
423,
424,
425,
426,---------------------------------------------------------------------
427,जह तिपएसो खन्धो तिसुवि पएसेसु जो समोगाढो
428,अविभागिण सम्बद्धो कहन्नु नेवं तदाधारो? // फिण्ड्णि.७२
429,
430,
431,
432,---------------------------------------------------------------------
433,अहवा चौण्ह नियमा जोगविभागेण जुज्जए पिण्डो
434,दोसु जहियं तु पिण्डो वण्णिज्जै कीरए वावि // फिण्ड्णि.७३
435,
436,
437,
438,---------------------------------------------------------------------
439,दुविहो उ भावपिण्डो पसत्थओ चेव अप्पसत्थो य
440,एएसिं दोण्हम्पिय पत्तेय परूवणं वॊच्छं // फिण्ड्णि.७४
441,
442,
443,
444,---------------------------------------------------------------------
445,एगविहाइदसविहो पसत्थओ चेव अप्पसत्थो य
446,सञ्जम विज्जाचरणे नाणादितिगं च तिविहो उ // फिण्ड्णि.७५
447,
448,
449,
450,---------------------------------------------------------------------
451,नाणं दंसणं तव सञ्जमो य वय पञ्च छच्च जाणॆज्जा
452,पिण्डेसणं पाणेसणं उग्गहपडिमा य पिण्डम्मि // फिण्ड्णि.७६
453,
454,
455,
456,---------------------------------------------------------------------
457,पवयणमाया नव बम्भगुत्तिओ तह य समणधम्मो य
458,एस पसत्थो पिण्डो भणिओ कम्मट्ठमहणेहिं // फिण्ड्णि.७७
459,
460,
461,
462,---------------------------------------------------------------------
463,अपसत्थो य असञ्जम अन्नाणं अविरै य मिच्छत्तं
464,कोहायासवकाया कम्मे'गुत्ती अ हम्मो य // फिण्ड्णि.७८
465,
466,
467,
468,---------------------------------------------------------------------
469,बज्झै य जेण कम्मं सो सव्वो होइ अप्पसत्थो उ
470,मुच्चै य जेण सो उण पसत्थओ नवरि विन्नेओ // फिण्ड्णि.७९
471,
472,
473,
474,---------------------------------------------------------------------
475,दंसणनाणचरित्ताण पज्जवा जे उ जत्तिया वा'वि
476,सो सो होइ तयक्खो पज्जवपेयालणा पिण्डो // फिण्ड्णि.८०
477,
478,
479,
480,---------------------------------------------------------------------
481,कम्माण जेण भावेण अप्पगं चिणै चिक्कणं पिण्डं
482,सो होइ भावपिण्डो पिण्डयए पिण्डण जम्हा // फिण्ड्णि.८१
483,
484,
485,
486,---------------------------------------------------------------------
487,दव्वे अच्चित्तेणं भावम्मि वेय पसत्थएणिहं पगयं
488,उच्चारियत्थसरिसा सीसमै विकोवणट्ठाए // फिण्ड्णि.८२
489,
490,
491,
492,---------------------------------------------------------------------
493,आहारौवहिसॆज्जा पसत्थपिण्डस्सुवग्गहं कुणै
494,आहारे अहिगारो अट्ठहिं ठाणेहिं सो सुद्धो ।। गाहा-८४ // फिण्ड्णि.८३
495,
496,
497,
498,---------------------------------------------------------------------
499,निव्वाणं खलु कज्जं नाणाइतिगं च कारणं तस्स
500,निव्वाणकारणाणं च कारणं होइ आहारो // फिण्ड्णि.८४
501,
502,
503,
504,---------------------------------------------------------------------
505,जह कारणं तु तन्तू पडस्स तेसिं च हॊन्ति पम्हाइं
506,नाणाइतिगस्सेवं आहारो मॊक्खनेमस्स // फिण्ड्णि.८५
507,
508,
509,
510,---------------------------------------------------------------------
511,जह कारणमनुवहयं कज्जं साहेइ अविकलं नियमा
512,मॊक्खक्खमाणि एवं नाणाईणि उ अविगलाइं // फिण्ड्णि.८६
513,
514,
515,
516,---------------------------------------------------------------------
517,सङ्खेवपिण्डियत्थो एवं पिण्डो मए समक्खाओ
518,फुडवियडपायडत्थं वॊच्छामि एसणं ऎत्तो // फिण्ड्णि.८७
519,
520,
521,
522,---------------------------------------------------------------------
523,एसण गवेसण मग्गणा य उग्गोवणा य बॊद्धव्वा
524,एए उ एसणाए नामा एगट्ठिया हॊन्ति // फिण्ड्णि.८८
525,
526,
527,
528,---------------------------------------------------------------------
529,नामण्ठवणा दविए भावम्मि य एसणा मुणेयव्वा
530,दव्वे भावे ऎक्कॆक्कया उ तिविहा मुणेयव्वा // फिण्ड्णि.८९
531,
532,
533,
534,---------------------------------------------------------------------
535,जम्मं एसै एगो सुयस्स अन्नो तमेसए नट्ठं
536,सत्तुं एसै अन्नो पएण अन्नो य से मच्चुं // फिण्ड्णि.९०
537,
538,
539,
540,---------------------------------------------------------------------
541,एमेव सेसएसु वि चौप्पयापय अचित्तमीसेसु
542,जा जत्थ जुज्जए एसणा उ तं तत्थ जोऎज्जा // फिण्ड्णि.९१
543,
544,
545,
546,---------------------------------------------------------------------
547,भावेसणा उ तिविहा गवेसगहणेसणा उ बॊद्धव्वा
548,गासेसणा उ कमसो पन्नत्ता वीयरागेहिं // फिण्ड्णि.९२
549,
550,
551,
552,---------------------------------------------------------------------
553,अगविट्ठस्स उ गहणं न होइ न य अगहियस्स परिभोगो
554,एसणतिगस्स एसा नायव्वा आनुपुव्वी उ // फिण्ड्णि.९३
555,
556,
557,
558,---------------------------------------------------------------------
559,नामं ठवणा दविए भावम्मि गवेसणा मुणेयव्वा
560,दव्वम्मि कुरङ्गगया उग्गमौप्पायणा भावे // फिण्ड्णि.९४
561,
562,
563,
564,---------------------------------------------------------------------
565,जियसत्तुदेविचित्त सभपविसणं कनगपिट्ठपासणया
566,दोहलदुब्बलपुच्छा कहणं आणा य पुरिसाणं // फिण्ड्णि.९५
567,
568,
569,
570,---------------------------------------------------------------------
571,सीवन्निसरिसमोयगकरणं सीवन्निरुक्खहॆट्ठेसु
572,आगमन कुरङ्गाणं पसत्थ अपसत्थ उवमा उ // फिण्ड्णि.९६
573,
574,
575,
576,---------------------------------------------------------------------
577,विइअमेयं कुरङ्गाणं जया सीवन्नि सीयै
578,पुरावि वाया वायन्ता न उणं पुञ्जकपुञ्जका // फिण्ड्णि.९७
579,
580,
581,
582,---------------------------------------------------------------------
583,हत्थिग्गहणं गिम्हे अरहट्टेहिं भरणं च सरसीणं
584,अच्चुदएण नलवणा अहिरूढा गयकुलागमनं // फिण्ड्णि.९८
585,
586,
587,
588,---------------------------------------------------------------------
589,विइयमेयं गजकुलाणं जया रोहन्ति नलवणा
590,अन्नयावि झरन्ति झरा न य एवं बहुओदगा // फिण्ड्णि.९९
591,
592,
593,
594,---------------------------------------------------------------------
595,उग्गम उग्गोवण मग्गणा य एगट्ठियाइ एयाणि
596,नामं ठवणा दविए भावम्मि य उग्गहो होइ ।। गाहा-१०१ // फिण्ड्णि.१००
597,
598,
599,
600,---------------------------------------------------------------------
601,दव्वम्मि लड्डुगाई भावे तिविहॊग्गमो मुणेयव्वो
602,दंसणनाणचरित्ते चरिउग्गमेणॆत्थ अहिगारो // फिण्ड्णि.१०१
603,
604,
605,
606,---------------------------------------------------------------------
607,जोइसतणोसहीणं मेहरिणकराणमुग्गमो दव्वे
608,सो पुण जत्तो य जया जहा य दव्वुग्गमो वच्चो // फिण्ड्णि.१०२
609,
610,
611,
612,---------------------------------------------------------------------
613,वासहरा अनुजत्ता अत्थाणी जॊग्ग किड्डकाले य
614,घडगसरावेसु कया उ मोगया लड्डुगपियस्स // फिण्ड्णि.१०३
615,
616,
617,
618,---------------------------------------------------------------------
619,जॊग्ग अजिण्ण मारुय निसग्ग तिसमुत्थ तो सुइसमुत्थो
620,आहारुग्गमचिन्ता असुइत्ति दुहा मलप्पभवो // फिण्ड्णि.१०४
621,
622,
623,
624,---------------------------------------------------------------------
625,तस्सेवं वेरग्गुग्गमेण सम्मत्तनाणचरणाणं
626,जुगवं कमुग्गमो वा केवलनाणुग्गमो जाओ // फिण्ड्णि.१०५
627,
628,
629,
630,---------------------------------------------------------------------
631,दंसणनाणप्पभवं चरणं सुद्धेसु तेसु तस्सुद्धी
632,चरणेण कम्मसुद्धी उग्गमसमुद्धीइ चरणसुद्धी // फिण्ड्णि.१०६
633,
634,
635,
636,---------------------------------------------------------------------
637,आहाकम्मुद्देसिय पूईकम्मे य मीसजाए य
638,ठवणा पाहुडियाए पाओअर कीय पामिच्चे // फिण्ड्णि.१०७
639,
640,
641,
642,---------------------------------------------------------------------
643,परियट्टिए अभिहडे उब्भिन्ने मालोहडे इय
644,अच्छिज्जे अनिसिट्ठे अज्झोयरए य सोलसमे // फिण्ड्णि.१०८
645,
646,
647,
648,---------------------------------------------------------------------
649,आहाकम्मियनामा एगट्ठा कस्स वावि किं वावि ?
650,परपक्खे य सपक्खे चौरो गहणे य आणाई // फिण्ड्णि.१०९
651,
652,
653,
654,---------------------------------------------------------------------
655,आहा अहे य कम्मे आयाहम्मे य अत्तकम्मे य
656,पडिसेवण पडिसुणणा संवास'नुमोयणा चेव // फिण्ड्णि.११०
657,
658,
659,
660,---------------------------------------------------------------------
661,धनुजुयकायभराणं कुडुम्ब-रज्जधुरमाइयाणं च
662,खन्धाई हिययं मिय दव्वाहा अन्तए धणुणो // फिण्ड्णि.१११
663,
664,
665,
666,---------------------------------------------------------------------
667,ओरालसरीराणं उद्दवण तिवायणं च जस्सट्ठा
668,मणमाहित्ता कीरै आहाकम्मं तयं बॆन्ति // फिण्ड्णि.११२
669,
670,
671,
672,---------------------------------------------------------------------
673,ओरालग्गहणेणं तिरिक्खमनुया'हवा सुहुमवज्जा
674,उद्दवणं पुण जाणसु ऐवायविवज्जियं पीडं // फिण्ड्णि.११३
675,
676,
677,
678,---------------------------------------------------------------------
679,कायवैमनो तिन्नि उ अहवा देहाउइन्दियप्पाणा
680,सामित्तावायाणे होइ तिवाओ य करणेसु य // फिण्ड्णि.११४
681,
682,
683,
684,---------------------------------------------------------------------
685,हिययम्मि समाहेउं एगमनेगं च गाहगं जो उ
686,वहनं करेइ दाया कायेण तमाहकम्मं ति // फिण्ड्णि.११५
687,
688,
689,
690,---------------------------------------------------------------------
691,जं दव्वं उदगाइसु छूढमहे वयै जं च भारेणं
692,सीईए रज्जुएण व ओयरणं दव्व'हेकम्मं // फिण्ड्णि.११६
693,
694,
695,
696,---------------------------------------------------------------------
697,सञ्जमठाणाणं कण्डगाण लेसा-ठिई-विसेसाणं
698,भावं अहे करेई तम्हा तं भाव'हेकम्मं ।। गाहा-११८ // फिण्ड्णि.११७
699,
700,
701,
702,---------------------------------------------------------------------
703,तत्थानन्ता उ चरित्तपज्जवा हॊन्ति सञ्जमट्ठाणं
704,सङ्खैयाणि उ ताणि कण्डगं होइ नायव्वं // फिण्ड्णि.११८
705,
706,
707,
708,---------------------------------------------------------------------
709,सङ्खाईयाणि उ कण्डगाणि छट्ठाणगं विनिद्दिट्ठं
710,छट्ठाणा उ असङ्खा सञ्जमसेढी मुणेयव्वा // फिण्ड्णि.११९
711,
712,
713,
714,---------------------------------------------------------------------
715,किण्हाइया उ लेसा उक्कोसविसुद्धिठिइविसेसाओ
716,एएसि विसुद्धाणं अप्पं तग्गाहगो कुणै // फिण्ड्णि.१२०
717,
718,
719,
720,---------------------------------------------------------------------
721,भावोवयारमाहेउमप्पगे किञ्चिनूण चरणग्गो
722,आहाकम्मग्गाही अहो अहो नेइ अप्पाणं // फिण्ड्णि.१२१
723,
724,
725,
726,---------------------------------------------------------------------
727,बन्धै अहे भवाऊ पकरेइ अहोमुहाइं कम्माइं
728,घनकरणं तिव्वेण उ भावेण चओ उवचओ य // फिण्ड्णि.१२२
729,
730,
731,
732,---------------------------------------------------------------------
733,तेसि गुरूणमुदएण अप्पगं दुग्गईए पवडन्तं
734,न चएइ विधारेउं अहरगतिं निन्ति कम्माइं // फिण्ड्णि.१२३
735,
736,
737,
738,---------------------------------------------------------------------
739,अट्ठाए अणट्ठाए छक्कायपमद्दणं तु जो कुणै
740,अनियाए य नियाए आयाहम्मं तयं बॆन्ति // फिण्ड्णि.१२४
741,
742,
743,
744,---------------------------------------------------------------------
745,जाणन्तु अजाणन्तो तहेव निद्दिसिय ओहओ वा'वि
746,जाणगमजाणगे वा वहेइ अनिया निया एसा // फिण्ड्णि.१२५
747,
748,
749,
750,---------------------------------------------------------------------
751,दव्वाया खलु काया भावाया तिन्नि नाणमाईणि
752,परपाणपाडणरओ चरणायं अप्पणो हणै // फिण्ड्णि.१२६
753,
754,
755,
756,---------------------------------------------------------------------
757,निच्छयनयस्स चरणाय विधाए नाणदंसणवहो'वि
758,ववहारस्स उ चरणे हयम्मि भयणा उ सेसाणं // फिण्ड्णि.१२७
759,
760,
761,
762,---------------------------------------------------------------------
763,दव्वम्मि अत्तकम्मं जं जो उ ममायए तगं दव्वं
764,भावे असुहपरिणओ परकम्मं अत्तणो कुणै // फिण्ड्णि.१२८
765,
766,
767,
768,---------------------------------------------------------------------
769,आहाकम्मपरिणओ फासुयमवि सङ्किलिट्ठपरिणामो
770,आइयमाणो बज्झै तं जाणसु अत्तकम्मन्ति // फिण्ड्णि.१२९
771,
772,
773,
774,---------------------------------------------------------------------
775,परकम्म अत्तकम्मीकरेइ तं जो उ गिण्हिउं भुञ्जे
776,तत्थ भवे परकिरिया कहं नु अन्नत्थं सङ्कमई? // फिण्ड्णि.१३०
777,
778,
779,
780,---------------------------------------------------------------------
781,कूडौवमाइ केई परप्पौत्ते'वि बॆन्तिं बन्धॊत्ति
782,भणै गुरूवि पमत्तो बज्झै कूडे अदक्खो य // फिण्ड्णि.१३१
783,
784,
785,
786,---------------------------------------------------------------------
787,एमेव भावकूडे बज्झै जो असुभभावपरिणामो
788,तम्हा उ असुभभावो वज्जेयव्वो पयत्तेणं // फिण्ड्णि.१३२
789,
790,
791,
792,---------------------------------------------------------------------
793,कामं सयं न कुव्वै जाणन्तो पुण तहावि तग्गाही
794,वड्ढेइ तप्पसङ्गं अगिण्हमाणो उ वारेइ // फिण्ड्णि.१३३
795,
796,
797,
798,---------------------------------------------------------------------
799,अत्तीकरेइ कम्मं पडिसेवाईहिं तं पुण इमेहिं
800,तत्थ गुरू आइपयं लहु लहु लहुगा कमेणियरे ।। गाहा-१३५ // फिण्ड्णि.१३४
801,
802,
803,
804,---------------------------------------------------------------------
805,पडिसेवणमाईणं दाराण'नुमोयणा-वसाणाणं
806,जहसम्भवं सरूवं सोदाहरणं पवक्खामि // फिण्ड्णि.१३५
807,
808,
809,
810,---------------------------------------------------------------------
811,अन्नेणाहाकम्मं उवनीयं असै चोइओ भणै
812,परहत्थेणङ्गारे कड्ढन्तो जह न डज्झै हु // फिण्ड्णि.१३६
813,
814,
815,
816,---------------------------------------------------------------------
817,एवं खु सुद्धो दोसो दॆन्तस्स कूडौवमाए
818,समयत्थमजाणन्तो मूढो पडिसेवणं कुणै // फिण्ड्णि.१३७
819,
820,
821,
822,---------------------------------------------------------------------
823,उवओगम्मि य लाभं कम्मग्गाहिस्स चित्तरक्खट्ठा
824,आलोइए सुलद्धं भणै भणन्तस्स पडिसुणणा // फिण्ड्णि.१३८
825,
826,
827,
828,---------------------------------------------------------------------
829,संवासो उ पसिद्धो अनुमोयण कम्मभोयगपसंसा
830,एएसिमुदाहरणा एए उ कमेण नायव्वा // फिण्ड्णि.१३९
831,
832,
833,
834,---------------------------------------------------------------------
835,पडिसेवणाए तेणा पडिसुणणाए उ रायपुत्तो उ
836,संवासम्मि य पल्ली अनुमोयण रायदुट्ठो य // फिण्ड्णि.१४०
837,
838,
839,
840,---------------------------------------------------------------------
841,गोणीहरण सभूमी नेऊणं गोणिओ पहे भक्खे
842,निव्विसया परिवेसण ठियावि ते कूविया घत्थे // फिण्ड्णि.१४१
843,
844,
845,
846,---------------------------------------------------------------------
847,जे'विय परिवेसन्ती भायणाणि धरन्ति य
848,ते'वि बज्झन्ति तिव्वेणकम्मुणा किमु भोइणो? // फिण्ड्णि.१४२
849,
850,
851,
852,---------------------------------------------------------------------
853,सामत्थण रायसुए पिइवहण सहाय तह य तुण्हिक्को
854,तिण्हम्पि हु पडिसुणणा रण्णा सिट्ठम्मि सा नत्थि // फिण्ड्णि.१४३
855,
856,
857,
858,---------------------------------------------------------------------
859,भुञ्ज न भुञ्जे भुञ्जसु तैओ तुसिणीउ भुञ्जए पढमो
860,तिण्हम्पि हु पडिसुणणा पडिसेहन्तस्स सा नत्थि // फिण्ड्णि.१४४
861,
862,
863,
864,---------------------------------------------------------------------
865,आणॆत्तुभुञ्जगा कम्मुणा उ बीयस्स वाइओ दोसो
866,तैयस्स य मानसिओ तीहिं विसुद्धो चौत्थो उ // फिण्ड्णि.१४५
867,
868,
869,
870,---------------------------------------------------------------------
871,पडिसेवण पडिसुणणा संवास'नुमोयणा उ चौरो वि
872,पियमारगरायसुए विभासियव्वा जैजणे'वि // फिण्ड्णि.१४६
873,
874,
875,
876,---------------------------------------------------------------------
877,पल्लीवहम्मि नट्ठा चोरा वणिया वयं न चोरत्ति
878,न पलाणा पावकर त्ति काउं रन्ना उवालद्धा // फिण्ड्णि.१४७
879,
880,
881,
882,---------------------------------------------------------------------
883,आहाकडभोईहिं सहवासो तह य तव्विवज्जम्पि
884,दंसणगन्ध परिकहा भाविन्ति सुलूहवित्तिम्पि // फिण्ड्णि.१४८
885,
886,
887,
888,---------------------------------------------------------------------
889,रायोरोह'वराहे विभूसिओ घाइओ नयरमज्झे
890,धन्नाधन्नत्ति कहा वहावहो कप्पडियखोला // फिण्ड्णि.१४९
891,
892,
893,
894,---------------------------------------------------------------------
895,साउं पज्जत्तं आयरेण काले रिउक्खमं निद्धं
896,तग्गुणविकत्थणाए अभुञ्जमाणे'वि अणुमन्ना // फिण्ड्णि.१५०
897,
898,
899,
900,---------------------------------------------------------------------
901,आहा अहे य कम्मे आयाहम्मे य अत्तकम्मे य
902,जह वञ्जणनाणत्तं अत्थेण'वि पुच्छए एवं ।। गाहा-१५२ // फिण्ड्णि.१५१
903,
904,
905,
906,---------------------------------------------------------------------
907,एगट्ठा एगवञ्जण एगट्ठा नाणवञ्जणा चेव
908,नाणट्ठ एगवञ्जण नाणट्ठा वञ्जणानाणा // फिण्ड्णि.१५२
909,
910,
911,
912,---------------------------------------------------------------------
913,दिट्ठं खीरं खीरं एगट्ठं एगवञ्जणं लोए
914,एगट्ठं बहुनामं दुद्ध पओ पीलु खीरं च // फिण्ड्णि.१५३
915,
916,
917,
918,---------------------------------------------------------------------
919,गोमहिसिअयाखीरं नाणट्ठं एगवञ्जणं लोए
920,घडपडसगडरहाई होइ पिहत्थं पिहंनामं // फिण्ड्णि.१५४
921,
922,
923,
924,---------------------------------------------------------------------
925,आहाकम्माईणं होइ दुरुत्ताइं पढमभङ्गो उ
926,आहाहेकम्मन्ति य बिइओ सक्किन्द इव भङ्गो // फिण्ड्णि.१५५
927,
928,
929,
930,---------------------------------------------------------------------
931,आहाकम्मन्तरिया असणाईं उ चौरो तैयभङ्गो
932,आहाकम्म पडुच्चा नियमा सुन्नो चरिमभङ्गो // फिण्ड्णि.१५६
933,
934,
935,
936,---------------------------------------------------------------------
937,इन्दत्थं जह सद्दा पुरन्दराई उ नाइवत्तन्ते
938,अहकम्म आयहम्मा तह आहं नाइवत्तन्ते // फिण्ड्णि.१५७
939,
940,
941,
942,---------------------------------------------------------------------
943,आहाकम्मेण अहे करेति जं हणै पाणभूयाइं
944,जं तं आइयमाणो परकम्मं अत्तणो कुणै // फिण्ड्णि.१५८
945,
946,
947,
948,---------------------------------------------------------------------
949,कस्सत्ति पुच्छियंमी नियमा साहम्मियस्स तं होइ
950,साहम्मियस्स तम्हा कायव्व परूवणा विहिणा // फिण्ड्णि.१५९
951,
952,
953,
954,---------------------------------------------------------------------
955,नामं ठवणा दविए खॆत्ते काले य पवयणे लिङ्गे
956,दंसण नाण चरित्ते अभिग्गहे भावणाओ य // फिण्ड्णि.१६०
957,
958,
959,
960,---------------------------------------------------------------------
961,नामम्मि सरिसनामो ठवणाए कट्ठकम्ममाईया
962,दव्वम्मि जो उ भविओ साहम्मिसरीरगं जं च // फिण्ड्णि.१६१
963,
964,
965,
966,---------------------------------------------------------------------
967,खॆत्ते समाणदेवी कालम्मि समाण कालसम्भूओ
968,पवयणि सङ्घेगयरो लिङ्गे रयहरण मुहपॊत्ती // फिण्ड्णि.१६२
969,
970,
971,
972,---------------------------------------------------------------------
973,दंसण नाणे चरणे तिग पण पण तिविह होइ उ चरित्ते
974,दव्वाइओ अभिग्गह अह भावणमो अनिच्चाई // फिण्ड्णि.१६३
975,
976,
977,
978,---------------------------------------------------------------------
979,जावन्त देवदत्ता गिही व अगिहीव तेसि दाहामि
980,नो कप्पई गिहीणं दाहन्ति विसेसियं कप्पे // फिण्ड्णि.१६४
981,
982,
983,
984,---------------------------------------------------------------------
985,पासण्डीसु न वि एवं मीसामीसेसु होइ हु विभासा
986,समणेसु सञ्जयाण उ विसरिसनामाणवि न कप्पे // फिण्ड्णि.१६५
987,
988,
989,
990,---------------------------------------------------------------------
991,नीसमनीसा व कडं ठवणासाहम्मियम्मि उ विभासा
992,दव्वे मयतणुभत्तं न तं तु कुच्छा विवज्जॆज्जा // फिण्ड्णि.१६६
993,
994,
995,
996,---------------------------------------------------------------------
997,पासण्डियसमणाणं गिहिनिग्गन्थाणं चेव उ विभासा
998,जह नामम्मि तहेव य खॆत्ते काले य नायव्वं // फिण्ड्णि.१६७
999,
1000,
1001,
1002,---------------------------------------------------------------------
1003,दस ससिहागा सावग पवयणसाहम्मिया न लिङ्गेण
1004,लिङ्गेण उ साहम्मी नो पवयण निण्हगा सव्वे ।। गाहा-१६९ // फिण्ड्णि.१६८
1005,
1006,
1007,
1008,---------------------------------------------------------------------
1009,विसरिसदंसणजुत्ता पवयणसाहम्मिया न दंसणओ
1010,तित्थगरा पत्तेया नो पवयणदंस साहम्मी // फिण्ड्णि.१६९
1011,
1012,
1013,
1014,---------------------------------------------------------------------
1015,नाणचरित्ता एवं नायव्वा हॊन्ति पवयणेणं तु
1016,पवयणओ साहम्मी नाभिग्गहसावगा जैणो // फिण्ड्णि.१७०
1017,
1018,
1019,
1020,---------------------------------------------------------------------
1021,साहम्म'भिग्गहेणं नो पवयण निण्ह तित्थ पत्तेया
1022,एवं पवयणभावण ऎत्तो सेसाण वॊच्छामि // फिण्ड्णि.१७१
1023,
1024,
1025,
1026,---------------------------------------------------------------------
1027,लिङ्गाईहिवि एवं ऎक्कॆक्केणं तु उवरिमा नेया
1028,जे'नन्ने उवरिल्ला ते मॊत्तुं सेसए एवं // फिण्ड्णि.१७२
1029,
1030,
1031,
1032,---------------------------------------------------------------------
1033,लिङ्गेण उ साहम्मी न दंसणे वीसुदंसि जैनिण्हा
1034,पत्तेयबुद्ध तित्थङ्करा य बीयम्मि भङ्गम्मि // फिण्ड्णि.१७३
1035,
1036,
1037,
1038,---------------------------------------------------------------------
1039,लिङ्गेण उ नाभिग्गह अणभिग्गह वीसु'भिग्गहा चेव
1040,जैसावग बियभङ्गे पत्तेयबुहा य तित्थयरा // फिण्ड्णि.१७४
1041,
1042,
1043,
1044,---------------------------------------------------------------------
1045,एवं लिङ्गेण भावण दंसणनाणे य पढमभङ्गो उ
1046,जैसावग विसुनाणी एवं चिय बिइयभङ्गो'वि // फिण्ड्णि.१७५
1047,
1048,
1049,
1050,---------------------------------------------------------------------
1051,दंसणचरणे पढमो सावग जैणो य बीयभङ्गो उ
1052,जैणो विसरिसदंसी दंसे य अभिग्गहे वॊच्छं // फिण्ड्णि.१७६
1053,
1054,
1055,
1056,---------------------------------------------------------------------
1057,सावग जै वीस'भिग्गह पढमो बीओ य भावना चेवं
1058,नाणेण'वि नॆज्जेवं ऎत्तो चरणेण वॊच्छामि // फिण्ड्णि.१७७
1059,
1060,
1061,
1062,---------------------------------------------------------------------
1063,जैणो वीसाभिग्गह पढमो बिय निण्हसावगजैणो उ
1064,एवं तु भावणासु'वि वॊच्छं दोण्हन्तिमाणित्तो // फिण्ड्णि.१७८
1065,
1066,
1067,
1068,---------------------------------------------------------------------
1069,जैणो सावग निण्हव पढमे बिइए य हुन्ति भङ्गे य
1070,केवलनाणे तित्थङ्करस्स नो कप्पै कयं तु // फिण्ड्णि.१७९
1071,
1072,
1073,
1074,---------------------------------------------------------------------
1075,पत्तेयबुद्ध निण्हव उवासए केवली वि आसज्ज
1076,खैयाइए य भावे पडुच्च भङ्गे उ जोऎज्जा // फिण्ड्णि.१८०
1077,
1078,
1079,
1080,---------------------------------------------------------------------
1081,जत्थ उ तैओ भङ्गो तत्थ न कप्पं तु सेसए भयणा
1082,तित्थङ्करकेवलिणो जह कप्पं नो य सेसाणं // फिण्ड्णि.१८१
1083,
1084,
1085,
1086,---------------------------------------------------------------------
1087,किं तं आहाकम्मन्ति पुच्छिए तस्सरूवकहणत्थं
1088,सम्भवपदरिसणत्थं च तस्स असणाइयं भणै // फिण्ड्णि.१८२
1089,
1090,
1091,
1092,---------------------------------------------------------------------
1093,सालीमाई अवडे फले य सुण्ठाइ साइमं होइ
1094,तस्स कडनिट्ठियंमी सुद्धमसुद्धे य चत्तारि // फिण्ड्णि.१८३
1095,
1096,
1097,
1098,---------------------------------------------------------------------
1099,कॊद्दवरालगगामे वसही रमणिज्ज भिक्ख सज्झाए
1100,खॆत्तपडिलेहसञ्जय सावयपुच्छुज्जुए कहणा // फिण्ड्णि.१८४
1101,
1102,
1103,
1104,---------------------------------------------------------------------
1105,जुज्जै गणस्स खॆत्तं नवरि गुरूणं तु नत्थि पाउग्गं
1106,सालित्ति कए रुम्पण परिभायण निययगेहेसु ।। गाहा-१८६ // फिण्ड्णि.१८५
1107,
1108,
1109,
1110,---------------------------------------------------------------------
1111,वोलिन्ता ते व अन्ने वा अडन्ता तत्थ गोयरं
1112,सुणन्ति एसणाजुत्ता बालादिजनसङ्कहा // फिण्ड्णि.१८६
1113,
1114,
1115,
1116,---------------------------------------------------------------------
1117,एए ते जेसिमो रद्धो सालिकूरो घरे घरे
1118,दिन्नो वा सेसयं देमि देहि वा बिन्ति वा इमं // फिण्ड्णि.१८७
1119,
1120,
1121,
1122,---------------------------------------------------------------------
1123,थक्के थक्कावडियं अभत्तए सालिभत्तयं जायं
1124,मज्झ य पैस्स मरणं दियरस्स य से मया भज्जा // फिण्ड्णि.१८८
1125,
1126,
1127,
1128,---------------------------------------------------------------------
1129,चाउलोदगम्पि से देहि सालीआयामकञ्जियं
1130,किमेयन्ति कयं नाउं ? वज्जन्त'न्नं वयन्ति य // फिण्ड्णि.१८९
1131,
1132,
1133,
1134,---------------------------------------------------------------------
1135,लोणागडोदए एवं खाणित्तु महुरोदगं
1136,ढक्किएण'च्छते ताव जाव साहुत्ति आगया // फिण्ड्णि.१९०
1137,
1138,
1139,
1140,---------------------------------------------------------------------
1141,कक्कडिय अम्बगा वा दाडिम दक्खा य बीयपूराई
1142,खाइम'हिगरणकरणन्ति साइमं तिगडुगाईयं // फिण्ड्णि.१९१
1143,
1144,
1145,
1146,---------------------------------------------------------------------
1147,असणाईण चौण्हवि आमं जं साहुगहणपाउग्गं
1148,तं निट्ठियं वियाणसु उवक्खडं तू कडं होइ // फिण्ड्णि.१९२
1149,
1150,
1151,
1152,---------------------------------------------------------------------
1153,कण्डियतिगुणुक्कण्डा उ निट्ठिया नेगदुगुणकण्डा उ
1154,निट्ठियकडो उ कूरो आहाकम्मं दुगुणमाहु // फिण्ड्णि.१९३
1155,
1156,
1157,
1158,---------------------------------------------------------------------
1159,छायम्पि विवज्जन्ती केई फलहेउगाइवुत्तस्स
1160,तं तु न जुज्जै जम्हा फलम्पि कप्पं बिइयभङ्गे // फिण्ड्णि.१९४
1161,
1162,
1163,
1164,---------------------------------------------------------------------
1165,परपच्चैया छाया नवि सा रुक्खॊव्वं वट्टिया कत्ता
1166,नट्ठच्छाए उ दुमे कप्पै एवं भणन्तस्स // फिण्ड्णि.१९५
1167,
1168,
1169,
1170,---------------------------------------------------------------------
1171,वड्ढै हायै छाया तच्छिक्कं पूइयम्पिव न कप्पे
1172,न य आहाय सुविहिए निव्वत्तयई रविच्छायं // फिण्ड्णि.१९६
1173,
1174,
1175,
1176,---------------------------------------------------------------------
1177,अघनघनचारिगगणे छाया नट्ठा दिया पुणो होइ
1178,कप्पै निरायवे नाम आयवे तं विवज्जेउं // फिण्ड्णि.१९७
1179,
1180,
1181,
1182,---------------------------------------------------------------------
1183,तम्हा न एस दोसो सम्भवई कम्मलक्खणविहूणो
1184,तम्पिय हु ऐघिल्ला वज्जेमाणा अदोसिल्ला // फिण्ड्णि.१९८
1185,
1186,
1187,
1188,---------------------------------------------------------------------
1189,परपक्खो उ गिहत्था समणा समणीउ होइ उ सपक्खो
1190,फासुकडं रद्धं वा निट्ठियमियरं कडं सव्वं // फिण्ड्णि.१९९
1191,
1192,
1193,
1194,---------------------------------------------------------------------
1195,तस्स कडनिट्ठियंमी अन्नस्स कडम्मि निट्ठिए तस्स
1196,चौभङ्गो इत्थ भवे चरमदुगे होइ कप्पं तु // फिण्ड्णि.२००
1197,
1198,
1199,
1200,---------------------------------------------------------------------
1201,चौरो ऐक्कम वैक्कमो य ऐयार तह अनायारो
1202,निद्दरिसण चौण्हवि आहाकम्मे निमन्तणया // फिण्ड्णि.२०१
1203,
1204,
1205,
1206,---------------------------------------------------------------------
1207,सालीघयगुलगोरस नवेसु वल्लीफलेसु जाएसुं
1208,दाने अहिगमसड्ढे आहाय कए निमन्तेइ ।। गाहा-२०३ // फिण्ड्णि.२०२
1209,
1210,
1211,
1212,---------------------------------------------------------------------
1213,आहाकम्मग्गहणे ऐकम्माईसु वट्टए चौसु
1214,नेउरहारिग हत्थी चौतिग दुगएग चलणेणं // फिण्ड्णि.२०३
1215,
1216,
1217,
1218,---------------------------------------------------------------------
1219,आहाकम्मामन्तण पडिसुणमाणे ऐक्कमो होइ
1220,पयभेयाउ वैक्कम गहिए तैएयरो गिलिए // फिण्ड्णि.२०४
1221,
1222,
1223,
1224,---------------------------------------------------------------------
1225,आणाइणो य दोसा गहणे जं भणियमह इमे ते उ
1226,आणाभङ्ग'णवत्था मिच्छत्त विराहणा चेव // फिण्ड्णि.२०५
1227,
1228,
1229,
1230,---------------------------------------------------------------------
1231,आणं सव्वजिणाणं गिण्हन्तो तं ऐक्कमै लुद्धो
1232,आणं च'इक्कमन्तो कस्साएसा कुणै सेसं ? // फिण्ड्णि.२०६
1233,
1234,
1235,
1236,---------------------------------------------------------------------
1237,ऎक्केण कयमकज्जं करेइ तप्पच्चया पुणो अन्नो
1238,सायाबहुल परम्पर वॊच्छेओ सञ्जमतवाणं // फिण्ड्णि.२०७
1239,
1240,
1241,
1242,---------------------------------------------------------------------
1243,जो जहवायं न कुणई मिच्छद्दिट्ठी तओ हु को अन्नो ?
1244,वड्ढेइ य मिच्छत्तं परस्स सङ्कं जणेमाणो // फिण्ड्णि.२०८
1245,
1246,
1247,
1248,---------------------------------------------------------------------
1249,वड्ढेइ तप्पसङ्गं गेही य परस्स अप्पणो चेव
1250,सजियम्पि भिन्नदाढो न मुयै निद्धन्धसो पच्छा // फिण्ड्णि.२०९
1251,
1252,
1253,
1254,---------------------------------------------------------------------
1255,खद्धे निद्धे य रुया सुत्ते हानी तिगिच्छणे काया
1256,पडियरगाणवि हानी कुणै किलेसं किलिस्सन्तो // फिण्ड्णि.२१०
1257,
1258,
1259,
1260,---------------------------------------------------------------------
1261,जह कम्मं तु अकप्पं तच्छिक्कं वा'वि भायणठियं वा
1262,परिहरणं तस्सेव य गहियमदोसं च तह भणै // फिण्ड्णि.२११
1263,
1264,
1265,
1266,---------------------------------------------------------------------
1267,अब्भॊज्जे गमणाइ य पुच्छा दव्वकुलदेस भावे य
1268,एव जयन्ते छलणा दिट्ठन्ता तत्थिमे दॊन्नि // फिण्ड्णि.२१२
1269,
1270,
1271,
1272,---------------------------------------------------------------------
1273,जह वन्तं तु अभॊज्जं भत्तं जैविय सुसक्कयं आसि
1274,एवमसञ्जमवमने अनेसणिज्जं अभॊज्जं तु // फिण्ड्णि.२१३
1275,
1276,
1277,
1278,---------------------------------------------------------------------
1279,मज्जारखैयमंसा मंसासित्थि कुणिमं सुणयवन्तं
1280,वन्नाइ अन्नमुप्पाइयन्ति किं तं भवे भॊज्जं ? // फिण्ड्णि.२१४
1281,
1282,
1283,
1284,---------------------------------------------------------------------
1285,केई भणन्ति पहिए अट्ठाणे मंसपेसिवोसिरणं
1286,सम्भारिय परिवेस वट्टण वारेइ सुओ करे धॆत्तुं // फिण्ड्णि.२१५
1287,
1288,
1289,
1290,---------------------------------------------------------------------
1291,अविकालकरहीखीरं ल्हसुण पलण्डू सुरा य गोमंसं
1292,वेयसमएवि अभयं किञ्चि अभॊज्जं अपॆज्जं च // फिण्ड्णि.२१६
1293,
1294,
1295,
1296,---------------------------------------------------------------------
1297,वन्नाइजुयावि बली सपललफलसेहरा असुइनत्था
1298,असुइस्स विप्पुसेणवि जह छिक्काओ अभॊज्जाओ // फिण्ड्णि.२१७
1299,
1300,
1301,
1302,---------------------------------------------------------------------
1303,एमेव उज्झियम्मिवि आहाकम्मम्मि अकयए कप्पे
1304,होइ अभॊज्जं भाणे जत्थ वसुद्धम्पि तं पडियं // फिण्ड्णि.२१८
1305,
1306,
1307,
1308,---------------------------------------------------------------------
1309,वन्तुच्चारसरिच्छं कम्मं सोउमवि कोविओ भीओ
1310,परिहरै सावि य दुहा विहिअविहीए य परिहरणा ।। गाहा-२२० // फिण्ड्णि.२१९
1311,
1312,
1313,
1314,---------------------------------------------------------------------
1315,सालीओअणहत्थं दट्ठुं भणै अविकोविओ दॆन्तिं
1316,कत्तॊच्चौत्ति साली? वणि जाणै पुच्छ तं गन्तुं // फिण्ड्णि.२२०
1317,
1318,
1319,
1320,---------------------------------------------------------------------
1321,गन्तूण आवणं सो वाणियगं पुच्छए कओ साली
1322,पच्चन्ते मगहाए गॊब्बरगामो तहिं वयै // फिण्ड्णि.२२१
1323,
1324,
1325,
1326,---------------------------------------------------------------------
1327,कम्मासङ्काए पहं मॊत्तुं कण्टाहिसावया अदिसि
1328,छायम्पि विवज्जन्तो डज्झै उण्हेण मुच्छाई // फिण्ड्णि.२२२
1329,
1330,
1331,
1332,---------------------------------------------------------------------
1333,इय अविहीपरिहारी नाणाईणं न होइ आभागी
1334,दव्वकुलदेसभावे विहिपरिहरणा इमा तत्थ // फिण्ड्णि.२२३
1335,
1336,
1337,
1338,---------------------------------------------------------------------
1339,ओयणसमिइमसत्तुग कुम्मासाई उ हॊन्ति दव्वाइं
1340,बहुजनमप्पजनं वा कुलं तु देसो सुरट्ठाई // फिण्ड्णि.२२४
1341,
1342,
1343,
1344,---------------------------------------------------------------------
1345,आयर'नायर भावे सयं व अन्नेण वा'वि दावणया
1346,एएसिं तु पयाणं चौपय तिपया व भयणा उ // फिण्ड्णि.२२५
1347,
1348,
1349,
1350,---------------------------------------------------------------------
1351,अनुचियदेसं सव्वं कुलमप्पं आयरो य तो पुच्छा
1352,बहुएवि नत्थि पुच्छा सदेसदविए अभावे'वि // फिण्ड्णि.२२६
1353,
1354,
1355,
1356,---------------------------------------------------------------------
1357,तुज्झट्ठाए कयमिणमन्नॊन्नमवॆक्खए य सविलक्खं
1358,वज्जन्ति गाढरुट्ठा का भे तत्तित्ति वा गिण्हे // फिण्ड्णि.२२७
1359,
1360,
1361,
1362,---------------------------------------------------------------------
1363,गूढायारा न करॆन्ति आयरं पुच्छियावि न कहॆन्ति
1364,थोवन्ति व नो पुट्ठा तं च असुद्धं कहं तत्थ ? // फिण्ड्णि.२२८
1365,
1366,
1367,
1368,---------------------------------------------------------------------
1369,आहाकम्मपरिणओ फासुयभोईवि बन्धओ होइ
1370,सुद्धं गवेसमाणो आहाकम्मेवि सो सुद्धो // फिण्ड्णि.२२९
1371,
1372,
1373,
1374,---------------------------------------------------------------------
1375,सङ्घुद्दिट्ठं सोउं एइ दुयं कोइ भोइए पत्तो
1376,दिन्नन्ति देहि मज्झन्ति गाउ सोउं तओ लग्गो // फिण्ड्णि.२३०
1377,
1378,
1379,
1380,---------------------------------------------------------------------
1381,मासियपारणगट्ठा गमनं आसन्नगामगं खमगे
1382,सड्ढी पायसकरणं कयाइ अज्जॆज्जिही खमओ // फिण्ड्णि.२३१
1383,
1384,
1385,
1386,---------------------------------------------------------------------
1387,खॆल्लगमल्लगलॆच्छारियाणि डिम्भग निभच्छ रुण्टणया
1388,हन्दि समणत्ति पायस घयगुलजुय जावणट्ठाए // फिण्ड्णि.२३२
1389,
1390,
1391,
1392,---------------------------------------------------------------------
1393,एगन्तमवक्कमणं जै साहू इज्ज हॊज्ज तिन्नो मि
1394,तणुकॊट्ठम्मि अमुच्छा भुत्तम्मि य केवलं नाणं // फिण्ड्णि.२३३
1395,
1396,
1397,
1398,---------------------------------------------------------------------
1399,चन्दोदयं च सूरोदयं च रन्नो उ दॊन्नि उज्जाणा
1400,तेसिं विवरियगमने आणाकोवो तओ दण्डो // फिण्ड्णि.२३४
1401,
1402,
1403,
1404,---------------------------------------------------------------------
1405,सूरोदयं गच्छमहं पभाए चन्दोदयं जन्तु तणाइहारा
1406,दुहा खी पच्चुरसन्तिकाउं रायावि चन्दोदयमेव गच्छे // फिण्ड्णि.२३५
1407,
1408,
1409,
1410,---------------------------------------------------------------------
1411,पत्तलदुमसालगया दच्छामु निवङ्गणत्ति दुच्चित्ता
1412,उज्जानपालएहिं गहिया य हया य बद्धा य ।। गाहा-२३७ // फिण्ड्णि.२३६
1413,
1414,
1415,
1416,---------------------------------------------------------------------
1417,सहस पैट्ठा दिट्ठ इयरेहि निवङ्गणत्ति तो बद्धा
1418,निन्तस्स य अवरण्हे दंसणमुभओ वहविसग्गा // फिण्ड्णि.२३७
1419,
1420,
1421,
1422,---------------------------------------------------------------------
1423,जह ते दंसणकङ्खी अपूरिइच्छा विनासिया रण्णा
1424,दिट्ठे'वियरे मुक्का एमेव इहं समोयारो // फिण्ड्णि.२३८
1425,
1426,
1427,
1428,---------------------------------------------------------------------
1429,आहाकम्म भुञ्जै न पडिक्कमए य तस्स ठाणस्स
1430,एमेव अडै बोडो लुक्कविलुक्को जह कवोडो // फिण्ड्णि.२३९
1431,
1432,
1433,
1434,---------------------------------------------------------------------
1435,आहाकम्मद्दारं भणियमियाणिं पुरा समुद्दिट्ठं
1436,उद्देसियन्ति वॊच्छं समासओ तं दुहा होइ // फिण्ड्णि.२४०
1437,
1438,
1439,
1440,---------------------------------------------------------------------
1441,ओहेण विभागेण य ओहे ठप्पं तु बारस विभागे
1442,उद्दिट्ठ कडे कम्मे ऎक्कॆक्कि चौक्कओ भेओ // फिण्ड्णि.२४१
1443,
1444,
1445,
1446,---------------------------------------------------------------------
1447,जीवामु कहवि ओमे निययं भिक्खावि कैवई देमो
1448,हन्दि हु नत्थि अदिन्नं भुज्जै अकयं न य फलेइ // फिण्ड्णि.२४२
1449,
1450,
1451,
1452,---------------------------------------------------------------------
1453,सा उ अविसेसियं चिय मियम्मि भत्तम्मि तण्डुले छुहै
1454,पासण्डीण गिहीण व जो एहिइ तस्स भिक्खट्ठा // फिण्ड्णि.२४३
1455,
1456,
1457,
1458,---------------------------------------------------------------------
1459,छौमत्थोधुद्देसं कहं वियाणाइ? चोइए भणै
1460,उवौत्तो गुरु एवं गिहत्थसद्दाइचिट्ठाए // फिण्ड्णि.२४४
1461,
1462,
1463,
1464,---------------------------------------------------------------------
1465,दिन्ना उ ताउ पञ्चवि रेहाउ करेइ देइ व गणन्ति
1466,देह इओ मा य इओ अवणेह य ऎत्तिया भिक्खा // फिण्ड्णि.२४५
1467,
1468,
1469,
1470,---------------------------------------------------------------------
1471,सद्दाइएसु साहू मुच्छं न करॆज्ज गोयरगओ य
1472,एसणजुत्तो हॊज्जा गोणीवच्छो गवत्तिव्व // फिण्ड्णि.२४६
1473,
1474,
1475,
1476,---------------------------------------------------------------------
1477,ऊसवमण्डणवग्गा न पाणियं वच्छए नविय चारिं
1478,वणियागम अवरण्हे वच्छगरडणं खरण्टणया // फिण्ड्णि.२४७
1479,
1480,
1481,
1482,---------------------------------------------------------------------
1483,पञ्चविहविसयसॊक्खक्खणी वहू समहियं गिहं तं तु
1484,न गणेइ गोणिवच्छो मुच्छिय गढिओ गवत्तम्मि // फिण्ड्णि.२४८
1485,
1486,
1487,
1488,---------------------------------------------------------------------
1489,गमनागमनुक्खेवे भासिय सोयाइ इन्दियाउत्तो
1490,एसणमनेसणं वा तह जाणै तम्मणो समणो // फिण्ड्णि.२४९
1491,
1492,
1493,
1494,---------------------------------------------------------------------
1495,महईए सङ्खडीए उव्वरियं कूरवञ्जणाईयं
1496,पौरं दट्ठूण गिही भणै इमं देहि पुण्णट्ठा // फिण्ड्णि.२५०
1497,
1498,
1499,
1500,---------------------------------------------------------------------
1501,तत्थ विभागुद्देसियमेवं सम्भवै पुव्वमुद्दिट्ठं
1502,सीसगणहियट्ठाए तं चेव विभागओ भणै // फिण्ड्णि.२५१
1503,
1504,
1505,
1506,---------------------------------------------------------------------
1507,उद्देसियं समुद्देसियं च आएसियं समाएसं
1508,एवं कडे य कम्मे ऎक्कॆक्कि चौक्कओ भेओ // फिण्ड्णि.२५२
1509,
1510,
1511,
1512,---------------------------------------------------------------------
1513,जावन्तियमुद्देसं पासण्डीणं भवे समुद्देसं
1514,समणाणं आएसं निग्गन्थाणं समाएसं ।। गाहा-२५४ // फिण्ड्णि.२५३
1515,
1516,
1517,
1518,---------------------------------------------------------------------
1519,छिन्नमछिन्नं दुविहं दव्वे खॆत्ते य काल भावे य
1520,निप्फाइयनिप्फन्नं नायव्वं जं जहिं कमै // फिण्ड्णि.२५४
1521,
1522,
1523,
1524,---------------------------------------------------------------------
1525,भत्तुव्वरियं खलु सङ्खडीए तद्दिवसमन्नदिवसे वा
1526,अन्तो बहिं च सव्वं सव्वदिनं देहिं अच्छिन्नं // फिण्ड्णि.२५५
1527,
1528,
1529,
1530,---------------------------------------------------------------------
1531,देहि इमं मा सेसं अन्तो बाहिरगयं व एगयरं
1532,जाव अमुगत्ति वेला अमुगं वेलं च आरब्भ // फिण्ड्णि.२५६
1533,
1534,
1535,
1536,---------------------------------------------------------------------
1537,दव्वाई छिन्नम्पि हु जै भणई आरओ'वि मा देह
1538,तो कप्पै छिन्नम्पि हु अच्छिन्नकडं परिहरन्ति // फिण्ड्णि.२५७
1539,
1540,
1541,
1542,---------------------------------------------------------------------
1543,अमुगाणन्ति व दिज्जौ अमुकाणं मत्ति ऎत्थ उ विभासा
1544,जत्थ जईण विसिट्ठो निद्देसो तं परिहरिज्जा // फिण्ड्णि.२५८
1545,
1546,
1547,
1548,---------------------------------------------------------------------
1549,सन्दिस्सन्तं जो सुणै कप्पए तस्स सेसए ठवणा
1550,सङ्कलिय साहणं वा करॆन्ति असुए इमा मेरा // फिण्ड्णि.२५९
1551,
1552,
1553,
1554,---------------------------------------------------------------------
1555,मा एयं देहि इमं पुट्ठे सिट्ठम्मि तं परिहरन्ति
1556,जं दिन्नं तं दिन्नं मा सम्पै देहि गेण्हन्ति // फिण्ड्णि.२६०
1557,
1558,
1559,
1560,---------------------------------------------------------------------
1561,रसभायणहेउं वा मा कुच्छिहिई सुहं व दाहामि
1562,दहिमाई आयत्तं करेइ कूरं कडं एयं // फिण्ड्णि.२६१
1563,
1564,
1565,
1566,---------------------------------------------------------------------
1567,मा काहन्ति अवण्णं परिकट्ठलियं व दिज्जै सुहं तु
1568,वियडेण फाणिएण व निद्धेण समं तु वट्टन्ति // फिण्ड्णि.२६२
1569,
1570,
1571,
1572,---------------------------------------------------------------------
1573,एमेव य कम्मम्मि'वि उण्हवणे नवरि तत्थ नाणत्तं
1574,ताविय विलीणएणं मोयग चुन्नीपुणक्करणं // फिण्ड्णि.२६३
1575,
1576,
1577,
1578,---------------------------------------------------------------------
1579,अमुगन्ति पुणो रद्धं दाहमकप्पं तु आरओ कप्पं
1580,खॆत्ते अन्तो बाहिं काले सुइव्वं परॆव्वं वा // फिण्ड्णि.२६४
1581,
1582,
1583,
1584,---------------------------------------------------------------------
1585,जं जह व कयं दाहं तं कप्पै आरओ तहा अकयं
1586,कयपाकमणिट्ठन्ति ठियम्पि जावन्तियं मॊत्तुं // फिण्ड्णि.२६५
1587,
1588,
1589,
1590,---------------------------------------------------------------------
1591,छक्कायनिरनुकम्पा जिनपवयणबाहिरा बहिप्फोडा
1592,एवं वयन्ति फोडा लुक्कविलुक्का जह कवोडा // फिण्ड्णि.२६६
1593,
1594,
1595,
1596,---------------------------------------------------------------------
1597,पूईकम्मं दुविहं दव्वे भावे य होइ नायव्वं
1598,दव्वम्मि छगणधम्मिय भावम्मि य बायरं सुहुमं // फिण्ड्णि.२६७
1599,
1600,
1601,
1602,---------------------------------------------------------------------
1603,गन्धाइगुणसमिढं जं दव्वं असुइगन्धदव्वजुयं
1604,पूइत्ति परिहरिज्जै तं जाणसु दव्वपूइत्ति // फिण्ड्णि.२६८
1605,
1606,
1607,
1608,---------------------------------------------------------------------
1609,गॊट्ठिनिउत्तो धम्मी सहाए आसन्नगॊट्ठिभत्ताए
1610,समियसुरवल्लमीसं अजिन्न सन्ना महिसिपोहो // फिण्ड्णि.२६९
1611,
1612,
1613,
1614,---------------------------------------------------------------------
1615,सञ्जायलित्तभत्ते गॊट्ठिगगन्धॊत्ति चुल्लवणिआयो
1616,उक्खणिय अन्नछगणेण लिम्पणं दव्वपूई ऊ ।। गाहा-२७१ // फिण्ड्णि.२७०
1617,
1618,
1619,
1620,---------------------------------------------------------------------
1621,उग्गमकोडीअवयवमित्तेण वि मीसियं सुसुद्धम्पि
1622,सुद्धम्पि कुणै चरणं पूइं तं भावओ पूई // फिण्ड्णि.२७१
1623,
1624,
1625,
1626,---------------------------------------------------------------------
1627,आहाकम्मुद्देसिय मीसं तह बायरा य पाहुडिया
1628,पूई अज्झोयरओ उग्गमकोडी भवे एसा // फिण्ड्णि.२७२
1629,
1630,
1631,
1632,---------------------------------------------------------------------
1633,बायर सुहुमं भावे उ पूइयं सुहुममुवरि वॊच्छामि
1634,उवगरण भत्तपाणे दुविहं पुण बायरं पूइं // फिण्ड्णि.२७३
1635,
1636,
1637,
1638,---------------------------------------------------------------------
1639,चुल्लुक्खलिया डोए दव्वीछूढे य मीसगं पूइं
1640,डाए लोणे हिङ्गू सङ्कामण फोडणे धूमे // फिण्ड्णि.२७४
1641,
1642,
1643,
1644,---------------------------------------------------------------------
1645,सिज्झन्तस्सुवयारं दिज्जन्तस्स व करेइ जं दव्वं
1646,तं उवकरणं चुल्ली उक्खा दव्वी य डोयाई // फिण्ड्णि.२७५
1647,
1648,
1649,
1650,---------------------------------------------------------------------
1651,चुलुक्खा कम्माई आइमभङ्गेसु तीसुवि अकप्पं
1652,पडिकुट्ठं तत्थत्थं अन्नत्थगयं अणुन्नायं // फिण्ड्णि.२७६
1653,
1654,
1655,
1656,---------------------------------------------------------------------
1657,कम्मियकद्दममिस्सा चुल्ली उक्खा य फड्डगजुया उ
1658,उवगरणपूइमेयं डोए दण्डे व एगयरे // फिण्ड्णि.२७७
1659,
1660,
1661,
1662,---------------------------------------------------------------------
1663,दव्वीछूढॆत्ति जं वुत्तं कम्मदव्वीए जं दए
1664,कम्मं घट्टिय सुद्धं तु घट्टए हारपूइयं // फिण्ड्णि.२७८
1665,
1666,
1667,
1668,---------------------------------------------------------------------
1669,अत्तट्ठिय आयाणे डायं लोणं च कम्म हिङ्गुं वा
1670,तं भत्तपाणपूई फोडण अन्नं व जं छुहै // फिण्ड्णि.२७९
1671,
1672,
1673,
1674,---------------------------------------------------------------------
1675,सङ्कामेउं कम्मं सिद्धं जङ्किञ्चि तत्थ छूढं वा
1676,अङ्गारधूमि थाली वेसण हॆट्ठा मुणीहि धूमो // फिण्ड्णि.२८०
1677,
1678,
1679,
1680,---------------------------------------------------------------------
1681,इन्धणधूमेगन्धे अवयवमाईहिं सुहुमपूई उ
1682,सुन्दरमेयं पूई चोयग भणिए गुरू भणै // फिण्ड्णि.२८१
1683,
1684,
1685,
1686,---------------------------------------------------------------------
1687,इन्धणधूमेगन्धे अवयवमाई न पूइयं होइ
1688,जेसिं तु एस पूई सोही नवि विज्जए तेसिं // फिण्ड्णि.२८२
1689,
1690,
1691,
1692,---------------------------------------------------------------------
1693,इन्धण अगणीअवयव धूमो बप्फो य अन्नगन्धो य
1694,सव्वं फुसन्ति लोयं भन्नै सव्वं तओ पूई // फिण्ड्णि.२८३
1695,
1696,
1697,
1698,---------------------------------------------------------------------
1699,ननु सुहुमपूइयस्सा पुव्वुद्दिट्ठस्स'सम्भवो एवं
1700,इन्धणधूमाईहिं तम्हा पूइत्ति सिद्धमिणं // फिण्ड्णि.२८४
1701,
1702,
1703,
1704,---------------------------------------------------------------------
1705,चोयग! इन्धणमाईहिं चौहिवि सुहुमपूइयं होइ
1706,पन्नवणामित्तमियं परिहरणा नत्थि एयस्स // फिण्ड्णि.२८५
1707,
1708,
1709,
1710,---------------------------------------------------------------------
1711,सज्झमसज्झं कज्जं सज्झं साहिज्जए न उ असज्झं
1712,जो उ असज्झं साहै किलिस्सै न तं च साहेई // फिण्ड्णि.२८६
1713,
1714,
1715,
1716,---------------------------------------------------------------------
1717,आहाकम्मियभायण पप्फोडण काउ अकयए कप्पे
1718,गहियं तु सुहुमपूई धोवणमाईहिं परिहरणा ।। गाहा-२८८ // फिण्ड्णि.२८७
1719,
1720,
1721,
1722,---------------------------------------------------------------------
1723,धोयम्पि निरावयवं न होइ आहच्च कम्मगहणम्मि
1724,न य अद्दव्वा उ गुणा भन्नई सुद्धा कओ एवं? // फिण्ड्णि.२८८
1725,
1726,
1727,
1728,---------------------------------------------------------------------
1729,लोएवि असुइगन्धा विपरिणया दूरओ न दूसन्ति
1730,न य मारन्ति परिणया दूरगाय अवि विसावयवा // फिण्ड्णि.२८९
1731,
1732,
1733,
1734,---------------------------------------------------------------------
1735,सेसेहि उ दव्वेहिं जावैयं फुसै तत्तियं पूई
1736,लेवेहि तिहि उ पूई कप्पै कप्पे कए तिगुणे // फिण्ड्णि.२९०
1737,
1738,
1739,
1740,---------------------------------------------------------------------
1741,इन्धणमाइं मॊत्तुं चौरो सेसाणि हॊन्ति दव्वाइं
1742,तेसिं पुण परिमाणं तयप्पमाणाउ आरब्भ // फिण्ड्णि.२९१
1743,
1744,
1745,
1746,---------------------------------------------------------------------
1747,पढमदिवसम्मि कम्मं तिन्नि उ दिवसाणि पूइयं होइ
1748,पूईसु तिसु न कप्पै कप्पै तैओ जया कप्पो // फिण्ड्णि.२९२
1749,
1750,
1751,
1752,---------------------------------------------------------------------
1753,समणकडाहाकम्मं समणाणं जं कडेण मीसं तु
1754,आहार उवहि वसही सव्वं तं पूइयं होइ // फिण्ड्णि.२९३
1755,
1756,
1757,
1758,---------------------------------------------------------------------
1759,सड्ढस्स थेवदिवसेसु सङ्खडी आसि सङ्घभत्तं वा
1760,पुच्छित्तु निउणपुच्छं संलावाओ व'गारीणं // फिण्ड्णि.२९४
1761,
1762,
1763,
1764,---------------------------------------------------------------------
1765,मीसज्जायं जावन्तियं च पासण्डिसाहुमीसं च
1766,सहसन्तरं न कप्पै कप्पै कप्पे कए तिगुणे // फिण्ड्णि.२९५
1767,
1768,
1769,
1770,---------------------------------------------------------------------
1771,दुग्गासे तं समैच्छिउं व अद्धाणसीसए जत्ता
1772,सड्ढी बहुभिक्खयरे मीसज्जायं करे कोई // फिण्ड्णि.२९६
1773,
1774,
1775,
1776,---------------------------------------------------------------------
1777,जावन्तट्ठा सिद्धं न एइ तं देह कामियं जैणं
1778,बहुसु व अपहुप्पन्ते भणाइ अन्नम्पि रन्धेह // फिण्ड्णि.२९७
1779,
1780,
1781,
1782,---------------------------------------------------------------------
1783,अत्तट्ठा रन्धन्ते पासण्डीणम्पि बिइयओ भणै
1784,निग्गन्थट्ठा तैओ अत्तट्ठाए'वि रन्धन्ते सो होइ // फिण्ड्णि.२९८
1785,
1786,
1787,
1788,---------------------------------------------------------------------
1789,विसघाइयपिसियासी मरै तमन्नोवि खाइउं मरै
1790,इय पारम्परमरणे अनुमरै सहस्ससो जाव // फिण्ड्णि.२९९
1791,
1792,
1793,
1794,---------------------------------------------------------------------
1795,एवं मीसज्जायं चरणप्पं हणै साहु सुविसुद्धं
1796,तम्हा तं नो कप्पै पुरिससहस्सन्तरगयम्पि // फिण्ड्णि.३००
1797,
1798,
1799,
1800,---------------------------------------------------------------------
1801,निच्छोडिए करीसेण वा'वि उव्वट्टिए तओ कप्पा
1802,सुक्खावित्ता गिण्है अन्न चौत्थे असुक्के'वि // फिण्ड्णि.३०१
1803,
1804,
1805,
1806,---------------------------------------------------------------------
1807,सट्ठाणपरट्ठाणे दुविहं ठवियं तु होइ नायव्वं
1808,खीराइ परम्परए हत्थगय घरन्तरं जाव // फिण्ड्णि.३०२
1809,
1810,
1811,
1812,---------------------------------------------------------------------
1813,चुल्ली उवचुल्ली वा ठाणसठाणं तु भायणं पिढरे
1814,सट्ठाणट्ठाणम्मि य भायणट्ठाणे य चौभङ्गो // फिण्ड्णि.३०३
1815,
1816,
1817,
1818,---------------------------------------------------------------------
1819,छब्बगवारगमाई होइ परट्ठाणमो व'नेगविहं
1820,सट्ठाणे पिढरे छब्बगे य एमेव दूरे य ।। गाहा-३०५ // फिण्ड्णि.३०४
1821,
1822,
1823,
1824,---------------------------------------------------------------------
1825,ऎक्कॆक्कं तं दुविहं अनन्तरं परम्परे य नायव्वं
1826,अविकारि कयं दव्वं तं चेव अनन्तरं होइ // फिण्ड्णि.३०५
1827,
1828,
1829,
1830,---------------------------------------------------------------------
1831,उच्छुक्खीराईयं विगारि अविगारि घयगुलाईयं
1832,परियावज्जणदोसा ओयणदहिमाईयं वा'वि // फिण्ड्णि.३०६
1833,
1834,
1835,
1836,---------------------------------------------------------------------
1837,उब्भट्ठ परिन्नायं अन्नं लद्धं पओयणे घॆच्छी
1838,रिणभीया व अगारी दहित्ति दाहं सुए ठवणा // फिण्ड्णि.३०७
1839,
1840,
1841,
1842,---------------------------------------------------------------------
1843,नवनीय मन्थुतक्कं व जाव अत्तट्ठिया व गिण्हन्ति
1844,देसूणा जाव घयं कुसणम्पिय जत्तियं कालं // फिण्ड्णि.३०८
1845,
1846,
1847,
1848,---------------------------------------------------------------------
1849,रसकक्कबपिण्डगुला मच्छण्डिय खण्ड सक्कराणं च
1850,होइ परम्परठवणा अन्नत्थ व जुज्जए जत्थ // फिण्ड्णि.३०९
1851,
1852,
1853,
1854,---------------------------------------------------------------------
1855,भिक्खग्गाही एगत्थ कुणै बिइओ उ दोसु उवओगं
1856,तेन परं उक्खित्ता पाहुडिया होइ ठवणा उ // फिण्ड्णि.३१०
1857,
1858,
1859,
1860,---------------------------------------------------------------------
1861,पाहुडियावि हु दुविहा बायर सुहुमा य होइ नायव्वा
1862,ओसक्कणमुस्सक्कण कब्बट्ठीए समोसरणो // फिण्ड्णि.३११
1863,
1864,
1865,
1866,---------------------------------------------------------------------
1867,कन्तामि ताव पेलुं तो ते दाहामि पुत्त! मा रोव
1868,तं जै सुणेइ साहू न गच्छए तत्थ आरम्भो // फिण्ड्णि.३१२
1869,
1870,
1871,
1872,---------------------------------------------------------------------
1873,अन्नट्ठ उट्ठिया बा तुब्भवि दाहामि किम्पि परिहरति
1874,किह दाणि न उट्ठिहिसी? साहुपभावेण लब्भामो // फिण्ड्णि.३१३
1875,
1876,
1877,
1878,---------------------------------------------------------------------
1879,मा ताव झङ्ख पुत्तय! परिवाडीए इहेहि सो साहू
1880,एयस्स उट्ठिया ते दाहं सोउं विवज्जेइ // फिण्ड्णि.३१४
1881,
1882,
1883,
1884,---------------------------------------------------------------------
1885,अङ्गुलियाए घॆत्तुं कड्ढै कप्पट्ठओ घरं तेणं
1886,किन्ति कहिए न गच्छै पाहुडिया एस सुहुमा उ // फिण्ड्णि.३१५
1887,
1888,
1889,
1890,---------------------------------------------------------------------
1891,पुत्तस्स विवाहदिणं ओसरणे ऐच्छिए मुणिय सड्ढा
1892,ओसक्कन्तो सरणे सङ्खडिपाहेणग दवट्ठा // फिण्ड्णि.३१६
1893,
1894,
1895,
1896,---------------------------------------------------------------------
1897,अप्पत्तम्मि य ठवियं ओसरणे होहिइत्ति उस्सकणं
1898,तं पागडमियरं वा करेइ उज्जू अनुज्जू वा // फिण्ड्णि.३१७
1899,
1900,
1901,
1902,---------------------------------------------------------------------
1903,मङ्गलहेउं पुन्नट्ठया व ओसक्कियं दुहा पगयं
1904,उस्सक्कियम्पि किन्ति य पुट्ठे सिट्ठे विवज्जन्ति // फिण्ड्णि.३१८
1905,
1906,
1907,
1908,---------------------------------------------------------------------
1909,पाहुडिभत्तं भुञ्जैं न पडिक्कमए य तस्स ठाणस्स
1910,एमेव अडै बोडो लुक्कविलुक्को जह कवोडो // फिण्ड्णि.३१९
1911,
1912,
1913,
1914,---------------------------------------------------------------------
1915,लोयविरलुत्तमङ्गं तवोकिसं जल्लखौरियसरीरं
1916,जुगमॆत्तन्तरदिट्ठिं अतुरियचवलं सगिहमिन्तं // फिण्ड्णि.३२०
1917,
1918,
1919,
1920,---------------------------------------------------------------------
1921,दट्ठूण य तमनगारं सड्ढी संवेगमागया काई
1922,विपुल'न्नपाण घॆत्तूण निग्गया निग्गओ सो'वि ।। गाहा-३२२ // फिण्ड्णि.३२१
1923,
1924,
1925,
1926,---------------------------------------------------------------------
1927,नीयदुवारम्मि घरे न सुज्झई एसणत्तिकाऊणं
1928,नीहम्मिए अगारी अच्छै विलिया व'गहिएणं // फिण्ड्णि.३२२
1929,
1930,
1931,
1932,---------------------------------------------------------------------
1933,चरणकरणालसंमी अन्नम्मि य आगए गहिय पुच्छा
1934,इहलोगं परलोगं कहेइ चैउं इमं लोगं // फिण्ड्णि.३२३
1935,
1936,
1937,
1938,---------------------------------------------------------------------
1939,नीयदुवारम्मि घरे भिक्खं निच्छन्ति एसणासमिया
1940,जं पुच्छसि मज्झ कहं कप्पै? लिङ्गोवजीवी'हं // फिण्ड्णि.३२४
1941,
1942,
1943,
1944,---------------------------------------------------------------------
1945,साहुगुणेसणकहणं आउट्टा तस्स तिप्पै तहेव
1946,कुक्कुडि चरन्ति एए वयं तु चिन्नव्वया बीओ // फिण्ड्णि.३२५
1947,
1948,
1949,
1950,---------------------------------------------------------------------
1951,पाओकरणं दुविहं पागडकरणं पगासकरणं च
1952,पागड सङ्कामण कुड्डदारपाए य छिन्ने व // फिण्ड्णि.३२६
1953,
1954,
1955,
1956,---------------------------------------------------------------------
1957,रयणपईवे जोई न कप्पै पगासणा सुविहियाणं
1958,अत्तट्ठिय परिभॊत्तुं कप्पै कप्पे अकाऊणं // फिण्ड्णि.३२७
1959,
1960,
1961,
1962,---------------------------------------------------------------------
1963,सञ्चारिमा य चुल्ली बहिं व चुल्ली पुरा कया तेसिं
1964,तहि रन्धन्ति कयाई उवही पूई य पाओ य // फिण्ड्णि.३२८
1965,
1966,
1967,
1968,---------------------------------------------------------------------
1969,नॆच्छह तमिसम्मि तओ बाहिरचुल्लीए साहु सिद्धण्णे
1970,इय सोउं परिहरए पुट्ठे सिट्ठम्मिवि तहेव // फिण्ड्णि.३२९
1971,
1972,
1973,
1974,---------------------------------------------------------------------
1975,मच्छियधम्मा अन्तो बाहि पवायं पगासमासन्नं
1976,इय अत्तट्ठिय गहणं पागडकरणे विभासा उ // फिण्ड्णि.३३०
1977,
1978,
1979,
1980,---------------------------------------------------------------------
1981,कुड्डस्स कुणै छिड्डं दारं वड्ढेइ कुणै अन्नं वा
1982,अवणेइ छायणं वा ठावै रयणं व दिप्पन्तं // फिण्ड्णि.३३१
1983,
1984,
1985,
1986,---------------------------------------------------------------------
1987,जोइ पैवं कुणै व तहेव कहणं तु पुट्ठे'पुट्ठेवा
1988,अत्तट्ठिए उ गहणं जोइ पईवे उ वज्जेइ // फिण्ड्णि.३३२
1989,
1990,
1991,
1992,---------------------------------------------------------------------
1993,पागडपयासकरणे कयम्मि सहसा व अहव'नाभोगा
1994,गहियं विगिञ्चिऊणं गेण्है अन्नं अकयकप्पे // फिण्ड्णि.३३३
1995,
1996,
1997,
1998,---------------------------------------------------------------------
1999,कीयगडम्पिय दुविहं दव्वे भावे य दुविहमॆक्कॆक्कं
2000,आयकियं च परकियं परदव्वं तिविह'चित्ताइ // फिण्ड्णि.३३४
2001,
2002,
2003,
2004,---------------------------------------------------------------------
2005,आयकियं पुण दुविहं दव्वे भावे य दव्व चुण्णाई
2006,भावम्मि परस्स'ट्ठा अहवावी अप्पणा चेव // फिण्ड्णि.३३५
2007,
2008,
2009,
2010,---------------------------------------------------------------------
2011,निम्मल्लगन्धगुलिया वन्नयपॊत्ताइ आयकय दव्वे
2012,गेलन्ने उड्डाहो पौणे चडुगारि अहिगरणं // फिण्ड्णि.३३६
2013,
2014,
2015,
2016,---------------------------------------------------------------------
2017,वैयाइ मङ्खमाई परभावकयं तु सञ्जयट्ठाए
2018,उप्पायणा निमन्तण कीडगड अभिहडे ठविए // फिण्ड्णि.३३७
2019,
2020,
2021,
2022,---------------------------------------------------------------------
2023,सागारि मङ्ख छन्दण पडिसेहो पुच्छ बहु गए वासे
2024,कयरिं दिसिं गमिस्सह? अमुइं तहिं सन्थवं कुणै ।। गाहा-३३९ // फिण्ड्णि.३३८
2025,
2026,
2027,
2028,---------------------------------------------------------------------
2029,दिज्जन्ते पडिसेहो कज्जे घॆच्छं निमन्तणं जैणं
2030,पुव्वगय आगएसुं सञ्छुहई एगगेहम्मि // फिण्ड्णि.३३९
2031,
2032,
2033,
2034,---------------------------------------------------------------------
2035,धम्मकह वाय खमणं निमित्त आयावणे सुयट्ठाणं
2036,जाई कुल गण कम्मे सिप्पम्मि य भावकीयं तु // फिण्ड्णि.३४०
2037,
2038,
2039,
2040,---------------------------------------------------------------------
2041,धम्मकहाअक्खित्ते धम्मकहाउट्ठियाण वा गिण्हे
2042,कड्ढं ति साहवो चिय तुमं व कहि ? पुच्छिए तुसिणी // फिण्ड्णि.३४१
2043,
2044,
2045,
2046,---------------------------------------------------------------------
2047,किं वा कहिज्ज छारा दगसोयरिया व अहव'गारत्था
2048,किं छगलगगलवलया मुण्डकुडुम्बी व किं कहए? // फिण्ड्णि.३४२
2049,
2050,
2051,
2052,---------------------------------------------------------------------
2053,एमेव वाइ खमए निमित्तमायावगम्मि य विभासा
2054,सुयठाणं गणिमाई अहवा वाणायरियमाई // फिण्ड्णि.३४३
2055,
2056,
2057,
2058,---------------------------------------------------------------------
2059,पामिच्चम्पिय दुविहं लोइय लोगुत्तरं समासेण
2060,लोइय सज्झिलगाई लोगुत्तर वत्थमाईसु // फिण्ड्णि.३४४
2061,
2062,
2063,
2064,---------------------------------------------------------------------
2065,सुयअभिगमनाय विही बहि पुच्छा एग जीवै ससा ते
2066,पविसण पाग निवारण उच्छिन्दण तॆल्ल जैदाणं // फिण्ड्णि.३४५
2067,
2068,
2069,
2070,---------------------------------------------------------------------
2071,अपरिमियनेहवुड्ढी दासत्तं सो य आगओ पुच्छा
2072,दासत्तकहण मा रुय अचिरा मोएमि ऎत्ताहे // फिण्ड्णि.३४६
2073,
2074,
2075,
2076,---------------------------------------------------------------------
2077,भिक्ख दगसमारम्भे कहणाउट्टो कहिं ति वसहित्ति
2078,संवेया आहरणं विसज्ज कहणा कैवया उ // फिण्ड्णि.३४७
2079,
2080,
2081,
2082,---------------------------------------------------------------------
2083,एए चेव य दोसा सविसेसयरा उ वत्थपाएसुं
2084,लोइयपामिच्चेसुं लोगुत्तरिया इमे अन्ने // फिण्ड्णि.३४८
2085,
2086,
2087,
2088,---------------------------------------------------------------------
2089,मैलिय फालिय खोमिय हिय नट्ठे वा'वि अन्न मग्गन्ते
2090,अवि सुन्दरे वि दिन्ने दुक्कररोई कलहमाई // फिण्ड्णि.३४९
2091,
2092,
2093,
2094,---------------------------------------------------------------------
2095,उच्चत्ताए दानं दुल्लभ खग्गूड अलस पामिच्चे
2096,तम्पिय गुरुस्सगासे ठवेइ सो देह मा कलहो // फिण्ड्णि.३५०
2097,
2098,
2099,
2100,---------------------------------------------------------------------
2101,परियट्टियम्पि दुविहं लोइय लोगुत्तरं समासेणं
2102,ऎक्कॆक्कम्पिय दुविहं तद्दव्वे अन्नदव्वे य // फिण्ड्णि.३५१
2103,
2104,
2105,
2106,---------------------------------------------------------------------
2107,अवरॊप्पसज्झिलगा सञ्जुत्ता दोवि अन्नमन्नेणं
2108,पॊग्गलिय सञ्जयट्ठा परियट्टण सङ्खडे बोही // फिण्ड्णि.३५२
2109,
2110,
2111,
2112,---------------------------------------------------------------------
2113,अनुकम्प भगिनिगेहे दरिद्द परियट्टणा य कूरस्स
2114,पुच्छा कॊद्दवकूरे मच्छर नाइक्ख पन्तावे // फिण्ड्णि.३५३
2115,
2116,
2117,
2118,---------------------------------------------------------------------
2119,इयरो'विय पन्तावे निसि ओसवियाण तेसि दिक्खा य
2120,तम्हा उ न घेतव्वं कै वा जे ओसमेहिन्ति ? // फिण्ड्णि.३५४
2121,
2122,
2123,
2124,---------------------------------------------------------------------
2125,ऊणहिय दुब्बलं वा खर गुरु छिन्नं मैल असीयसहं
2126,दुव्वन्नं वा नाउं विपरिणमे अन्नभणिओ वा ।। गाहा-३५६ // फिण्ड्णि.३५५
2127,
2128,
2129,
2130,---------------------------------------------------------------------
2131,एगस्स माणजुत्तं न उ बिइए एवमाइकज्जेसु
2132,गुरुपामूले ठवणं सो दलयै अन्नहा कलहो // फिण्ड्णि.३५६
2133,
2134,
2135,
2136,---------------------------------------------------------------------
2137,आइन्नमणाइन्नं निसिहाभिहडं च नोनिसीहं च
2138,निसिहाभिहडं ठप्पं वॊच्छामी नोनिसीहं तु // फिण्ड्णि.३५७
2139,
2140,
2141,
2142,---------------------------------------------------------------------
2143,सग्गाम परग्गामे सदेस परदेसमेव बॊद्धव्वं
2144,दुविहं तु परग्गामे जलथल नावोडुजङ्घाए // फिण्ड्णि.३५८
2145,
2146,
2147,
2148,---------------------------------------------------------------------
2149,जङ्घा बाह तरीइ व जले थले खन्धआरखुरनिबद्धा
2150,सञ्जमआयविराहण तहियं पुण सञ्जमे काया // फिण्ड्णि.३५९
2151,
2152,
2153,
2154,---------------------------------------------------------------------
2155,अत्थाहगाहपं कामगरोहारा जले अवाया उ
2156,कण्टाहितेणसावय थलम्भि एए भवे दोसा // फिण्ड्णि.३६०
2157,
2158,
2159,
2160,---------------------------------------------------------------------
2161,सग्गामे'विय दुविहं घरन्तरं नोघरन्तरं चेव
2162,तिघरन्तरा परेणं घरन्तरं तं तु नायव्वं // फिण्ड्णि.३६१
2163,
2164,
2165,
2166,---------------------------------------------------------------------
2167,नोघरन्तर'नेगविहं वा पाडगसाहीनिवेसणगिहेसु
2168,काये खन्धे मिम्मय कंसेण व तं तु आणॆज्जा // फिण्ड्णि.३६२
2169,
2170,
2171,
2172,---------------------------------------------------------------------
2173,सुन्नं व असै कालो पगयं व पहेणगं व पासुत्ता
2174,इय एइ काइ घॆत्तुं दीवेइ य कारणं तं तु // फिण्ड्णि.३६३
2175,
2176,
2177,
2178,---------------------------------------------------------------------
2179,एसेव कमो नियमा निसिहाभिहडे'वि होइ नायव्वो
2180,अविइअदायगभावं निसीहिअं तं तु नायव्वं // फिण्ड्णि.३६४
2181,
2182,
2183,
2184,---------------------------------------------------------------------
2185,ऐदूरजलन्तरिया कम्मासङ्काए मा न घॆच्छन्ति
2186,आणेति सङ्खडीओ सड्ढो सड्ढी व पच्छन्नं // फिण्ड्णि.३६५
2187,
2188,
2189,
2190,---------------------------------------------------------------------
2191,निग्गम देउल दानं दियाइ सन्नाइ निग्गए दानं
2192,सिट्ठम्मि सेसगमनं दिन्त'न्ने वारयन्ते'न्ने // फिण्ड्णि.३६६
2193,
2194,
2195,
2196,---------------------------------------------------------------------
2197,भुञ्जण अजीर पुरिमड्ढगाइ अच्छन्ति भुत्तसेसं वा
2198,आगमनिसीहिगाई न भुञ्जई सावगासङ्का // फिण्ड्णि.३६७
2199,
2200,
2201,
2202,---------------------------------------------------------------------
2203,उक्खित्तं निक्खिप्पै आसगयं मल्लगम्मि पासगए
2204,खामित्तु गया सड्ढा ते'वि य सुद्धा असढभावा // फिण्ड्णि.३६८
2205,
2206,
2207,
2208,---------------------------------------------------------------------
2209,लद्धं पहेणगं मे अमुगत्थगयाए सङ्खडीए वा
2210,वन्दनगट्ठपविट्ठा देइ तयं पट्ठिय नियत्ता // फिण्ड्णि.३६९
2211,
2212,
2213,
2214,---------------------------------------------------------------------
2215,नीयं पहेणगं मे नियगाणं निच्छियं व तं तेहिं
2216,सागरि सयज्झियं वा पडिकुट्ठा सङ्खडे रुट्ठा // फिण्ड्णि.३७०
2217,
2218,
2219,
2220,---------------------------------------------------------------------
2221,एयं तु अणाइन्नं दुविहम्पिय आहडं समक्खायं
2222,आइन्नम्पिय दुविहं देसे तह देसदेसे य // फिण्ड्णि.३७१
2223,
2224,
2225,
2226,---------------------------------------------------------------------
2227,हत्थसयं खलु देसो आरेणं होइ देसदेसो य
2228,आइण्णं मिवि तिगिहा तं चिय उवओगपुव्वागा ।। गाहा-३७३ // फिण्ड्णि.३७२
2229,
2230,
2231,
2232,---------------------------------------------------------------------
2233,परिवेसणपन्तीए दूरपवेसे य घङ्घसालगिहे
2234,हत्थसया आइन्नं गहणं परओ उ पडिकुट्ठं // फिण्ड्णि.३७३
2235,
2236,
2237,
2238,---------------------------------------------------------------------
2239,होइ पुण देसदेसो अन्तो गिह सा न दीसए जत्थ
2240,उक्खेवाई तत्थ उ सोयाई देइ उवओगं // फिण्ड्णि.३७४
2241,
2242,
2243,
2244,---------------------------------------------------------------------
2245,उक्कोसं मज्झिम जहन्नगं च तिविहं तु होइ आइन्नं
2246,करपरियत्तं जहन्नं सयमुक्कस मज्झिमं सेसं // फिण्ड्णि.३७५
2247,
2248,
2249,
2250,---------------------------------------------------------------------
2251,पिहिउब्भिन्नकवाडे फासुय अप्फासे य बॊद्धवे
2252,अप्फासुय पुढविमाई फासुय छगणाइदद्दरए // फिण्ड्णि.३७६
2253,
2254,
2255,
2256,---------------------------------------------------------------------
2257,उब्भिन्ने छक्काया दाने कयविक्कए य अहिगरणं
2258,ते चेव कवाडम्मि वि सविसेसा जन्तमाईसु // फिण्ड्णि.३७७
2259,
2260,
2261,
2262,---------------------------------------------------------------------
2263,सच्चित्तपुढविलित्तं लेलु सिलं वा'वि दाउमोलित्तं
2264,सच्चित्तपुढविलेवो चिरम्पि उदगं अचिरलित्ते // फिण्ड्णि.३७८
2265,
2266,
2267,
2268,---------------------------------------------------------------------
2269,एवं तु पुव्व नो लित्ते काया उल्लिम्पणे'वि ते चेव
2270,तिम्मेउं उवलिम्पै जौमुद्दं वावि तावेउं // फिण्ड्णि.३७९
2271,
2272,
2273,
2274,---------------------------------------------------------------------
2275,जह चेव पुव्वलित्ते काय दाउं पुणो'वि तह चेव
2276,उवलिप्पन्ते काया मुइअङ्गाइं नवरि छट्ठे // फिण्ड्णि.३८०
2277,
2278,
2279,
2280,---------------------------------------------------------------------
2281,परस्स तं देइ सए व गेहे तॆल्लं व लोणं व घयं गुलं वा
2282,उग्घाडिए तम्मि करे अवस्सं स विक्कयं तेण किणाइ अन्नं // फिण्ड्णि.३८१
2283,
2284,
2285,
2286,---------------------------------------------------------------------
2287,दानकयविक्कया चेव होइ अहिगरणमजयभावस्स
2288,निवयन्ति जे य तहियं जीवा मुइयङ्गमूसाई // फिण्ड्णि.३८२
2289,
2290,
2291,
2292,---------------------------------------------------------------------
2293,जहेव कुम्भाइसु पुव्वलित्ते उब्भिज्जमाणे य हवन्ति काया
2294,ओलिम्पमाणे वि तहा तहेव काया कवाडम्मि विभासियव्वा // फिण्ड्णि.३८३
2295,
2296,
2297,
2298,---------------------------------------------------------------------
2299,घरकोइलसञ्चारा आवत्तण पीढगाइ हॆट्ठुवरिं
2300,निन्ते ठिए य अन्तो डिम्भाईपॆल्लणे दोसा // फिण्ड्णि.३८४
2301,
2302,
2303,
2304,---------------------------------------------------------------------
2305,घॆप्पै अङ्कुचियागम्मि कवाडे पैदिने परिवहन्ते
2306,अजऊमुद्दिय गण्ठी परिभुज्जै दद्दरो जो य // फिण्ड्णि.३८५
2307,
2308,
2309,
2310,---------------------------------------------------------------------
2311,मालोहडम्पि दुविहं जहन्नमुक्कोसगं च बॊद्धव्वं
2312,अग्गतले हि जहन्नं तव्विवरीयं तु उक्कोसं // फिण्ड्णि.३८६
2313,
2314,
2315,
2316,---------------------------------------------------------------------
2317,भिक्खू जहन्नगंमी गेरुय उक्कोसगम्मि दिट्ठन्तो
2318,अहिडसणमालपडणे य एवमाई भवे दोसा // फिण्ड्णि.३८७
2319,
2320,
2321,
2322,---------------------------------------------------------------------
2323,मालाभिमुहं दट्ठूण अगारिं निग्गओ तओ साहू
2324,तच्चण्णिय आगमनं पुच्छा य अदिन्नदाणत्ति // फिण्ड्णि.३८८
2325,
2326,
2327,
2328,---------------------------------------------------------------------
2329,मालम्मि कुट्ठ मोयग सुगन्ध अहि पविसणं करे डक्का
2330,अन्नदिण साहु आगम निद्दय कहणा य सम्बोही ।। गाहा-३९० // फिण्ड्णि.३८९
2331,
2332,
2333,
2334,---------------------------------------------------------------------
2335,आसन्दिपीढमञ्चकजं तोडूखल पडन्त उभयवहे
2336,वॊच्छेय पओसाई उड्डाहमनाणिवाओ य // फिण्ड्णि.३९०
2337,
2338,
2339,
2340,---------------------------------------------------------------------
2341,एमेव य उक्कोसे वारण निस्सेणि गुव्विणीपडणं
2342,गब्भित्थिकुच्छिफोडण पुरओ मरणं कहण बोही // फिण्ड्णि.३९१
2343,
2344,
2345,
2346,---------------------------------------------------------------------
2347,उड्ढमहे तिरियम्पिय अहवा मालोहडं भवे तिविहं
2348,उड्ढमहे ओयरणं भणियं कुम्भाइसू उभयं // फिण्ड्णि.३९२
2349,
2350,
2351,
2352,---------------------------------------------------------------------
2353,दद्दरसिलसोवाणे पुव्वारूढे अनुच्चमुक्खित्ते
2354,मालोहडं न होइ सेसं मालोहडं होइ // फिण्ड्णि.३९३
2355,
2356,
2357,
2358,---------------------------------------------------------------------
2359,तिरियायय उज्जुगएण गिण्हई जं करेण पासन्तो
2360,एयमणुच्चुक्खित्तं उच्चुक्खित्तं भवे सेसं // फिण्ड्णि.३९४
2361,
2362,
2363,
2364,---------------------------------------------------------------------
2365,अच्छिज्जम्पिय तिविहं पभू य सामी य तेणए चेव
2366,अच्छिज्जं पडिकुट्ठं समणाण न कप्पए घॆत्तुं // फिण्ड्णि.३९५
2367,
2368,
2369,
2370,---------------------------------------------------------------------
2371,गोवालए य भयए खरए पुत्ते य धूय सुण्हाए
2372,अचियत्तसङ्खडाई केइ पओसं जहा गोवो // फिण्ड्णि.३९६
2373,
2374,
2375,
2376,---------------------------------------------------------------------
2377,गोवपओ अच्छॆत्तुं दिन्नं तु जैस्स भैदिने पहुणा
2378,पयभाणूणं दट्ठुं खिंसै भोई रुवे चेडा // फिण्ड्णि.३९७
2379,
2380,
2381,
2382,---------------------------------------------------------------------
2383,पडियरण पओसेणं भावं नाउं जैस्स आलावो
2384,तन्निब्बन्धा गहियं हन्दि उ मुक्को सि मा बीयं // फिण्ड्णि.३९८
2385,
2386,
2387,
2388,---------------------------------------------------------------------
2389,नानिव्विट्ठं लब्भै दासी वि न भुज्जए रिते भत्ता
2390,दॊन्नेगयरपओसं जं काही अन्तरायं च // फिण्ड्णि.३९९
2391,
2392,
2393,
2394,---------------------------------------------------------------------
2395,सामी चारभडा वा सञ्जय दट्ठूण तेसि अट्ठाए
2396,कलुणाणं अच्छॆज्जं साहूण न कप्पए घॆत्तुं // फिण्ड्णि.४००
2397,
2398,
2399,
2400,---------------------------------------------------------------------
2401,आहारोवहिमाई जै अट्ठाए उ कोइ अच्छिन्दे
2402,सङ्खडि असङ्खडीए तं गिण्हन्ते इमे दोसा // फिण्ड्णि.४०१
2403,
2404,
2405,
2406,---------------------------------------------------------------------
2407,अचियत्तमन्तरायं तेनाहड एग'नेगवॊच्छेओ
2408,निच्छुभणाई दोसा तस्स अ लम्भे य जं पावे // फिण्ड्णि.४०२
2409,
2410,
2411,
2412,---------------------------------------------------------------------
2413,तेणो व सञ्जयट्ठा कलुणाणं अप्पणो व अट्ठाए
2414,वॊच्छेय पओसं वा न कप्पई कप्प'णुन्नायं // फिण्ड्णि.४०३
2415,
2416,
2417,
2418,---------------------------------------------------------------------
2419,सञ्जयभद्दा तेणा आयन्ती वा असन्थरे जैणं
2420,जै देतिं न घॆत्तव्वं निच्छुभ वॊच्छेउ मा हॊज्जा // फिण्ड्णि.४०४
2421,
2422,
2423,
2424,---------------------------------------------------------------------
2425,घयसत्तुयदिट्ठन्तो समणुन्नाय व घॆत्तुणं पच्छा
2426,दॆन्ति तयं तेसिं चिय समणुन्नाया व भुञ्जन्ति // फिण्ड्णि.४०५
2427,
2428,
2429,
2430,---------------------------------------------------------------------
2431,घयसत्तुगदिट्ठन्तो अम्बापाए य तप्पिया पियरो
2432,काममकामे धम्मो निओइए अम्हवि कयाई ।। गाहा-४०७ // फिण्ड्णि.४०६
2433,
2434,
2435,
2436,---------------------------------------------------------------------
2437,ऐमसिट्ठं पडिकुट्ठं अनुनायं कप्पए सुविहियाणं
2438,लड्डुग चॊल्लग जन्ते सङ्खडि खीरावणाईसु // फिण्ड्णि.४०७
2439,
2440,
2441,
2442,---------------------------------------------------------------------
2443,बत्तीसा सामन्ने ते कहिं ण्हाउं गयत्ति इअ वुत्ते
2444,परसन्तिएण पुन्नं न तरसि काउन्ति पच्चाह // फिण्ड्णि.४०८
2445,
2446,
2447,
2448,---------------------------------------------------------------------
2449,अविय हु बत्तीसाए दिन्नेहिं तवेग मोयगो न भवे
2450,अप्पवयं बहुआयं जै जाणसि देहि तो मज्झं // फिण्ड्णि.४०९
2451,
2452,
2453,
2454,---------------------------------------------------------------------
2455,लाभिय नॆन्तो पुट्ठो किं लद्धं? नत्थि पच्छिमो दाए
2456,इयरो'वि आह नाहं देमित्ति सहोढ चोरत्ति // फिण्ड्णि.४१०
2457,
2458,
2459,
2460,---------------------------------------------------------------------
2461,गिण्हण कड्ढण ववहार पच्छकडुड्डाह पुच्छ निव्विसए
2462,अपहुम्मि हुन्ति दोसा पहुम्मि दिन्ने तओ गहणं // फिण्ड्णि.४११
2463,
2464,
2465,
2466,---------------------------------------------------------------------
2467,एमेव य जन्तम्मिवि सङ्खडि खीरे य आवणाईसुं
2468,सामन्नं पडिकुट्ठं कप्पै घॆत्तुं अणुन्नायं // फिण्ड्णि.४१२
2469,
2470,
2471,
2472,---------------------------------------------------------------------
2473,चुल्लत्ति दारमहुणा बहुवत्तव्वन्ति तं कयं पच्छा
2474,वन्नेइ गुरू सो पुण सामियहत्थीण विन्नेओ // फिण्ड्णि.४१३
2475,
2476,
2477,
2478,---------------------------------------------------------------------
2479,छिन्नमछिन्नो दुविहो होइ अछिन्नो निसिट्ठ अनिसिट्ठो
2480,छिन्नम्भि चुल्लगंमी कप्पै घॆत्तुं निसिट्ठम्मि // फिण्ड्णि.४१४
2481,
2482,
2483,
2484,---------------------------------------------------------------------
2485,छिन्ने दिट्ठमदिट्ठो जो य निसिट्ठो भवे अछिन्नो य
2486,सो कप्पै इयरो उण अदिट्ठदिट्ठो व'णुन्नाओ // फिण्ड्णि.४१५
2487,
2488,
2489,
2490,---------------------------------------------------------------------
2491,अनिसिट्ठमणुन्नायं कप्पै घॆत्तुं तहेव अद्दिट्ठं
2492,जड्डस्स य अनिसिट्ठं न कप्पई कप्पै अदिट्ठं // फिण्ड्णि.४१६
2493,
2494,
2495,
2496,---------------------------------------------------------------------
2497,निवपिण्डो गयभत्तं गहणाई अन्तराइयमदिन्नं
2498,डॊम्बस्स सन्तिएवि हु अभिक्ख वसहीय फेडणया // फिण्ड्णि.४१७
2499,
2500,
2501,
2502,---------------------------------------------------------------------
2503,अज्झोयरओ तिविहो जावन्तिय सधरमीसपासण्डे
2504,मूलम्मि य पुव्वकये ओयरई तिण्ह अट्ठाए // फिण्ड्णि.४१८
2505,
2506,
2507,
2508,---------------------------------------------------------------------
2509,तण्डुलजलआयाणे पुप्फफले सागवेसणे लोणे
2510,परिमाणे नाणत्तं अज्झोयरमीसजाए य // फिण्ड्णि.४१९
2511,
2512,
2513,
2514,---------------------------------------------------------------------
2515,जावन्तिए विसोही सघरपासण्डिमीसए पूई
2516,छिन्ने विसोहि दिन्नम्मि कप्पई न कप्पई सेसं // फिण्ड्णि.४२०
2517,
2518,
2519,
2520,---------------------------------------------------------------------
2521,छिन्नम्मि तओ उक्कड्ढियम्मि कप्पै पिहीकए सेसं
2522,आहावणाए दिन्नं च तत्तियं कप्पए सेसं // फिण्ड्णि.४२१
2523,
2524,
2525,
2526,---------------------------------------------------------------------
2527,एसो सोलसभेओ दुहा कीरई उग्गमो
2528,एगो विसोहिकोडी अविसोही उ चावरा // फिण्ड्णि.४२२
2529,
2530,
2531,
2532,---------------------------------------------------------------------
2533,आहाकम्मुद्देसिय चरमतिगं पूइ मीसजाए य
2534,बायरपाहुडियाविय अज्झोयरए य चरिमदुगं ।। गाहा-४२४ // फिण्ड्णि.४२३
2535,
2536,
2537,
2538,---------------------------------------------------------------------
2539,उग्गमकोडी अवयव लेवालेवे य अकयए कप्पे
2540,कञ्जिय आयामग चाउलोय संसट्ठ पूईओ // फिण्ड्णि.४२४
2541,
2542,
2543,
2544,---------------------------------------------------------------------
2545,सुक्केण'वि जं छिक्कं तु असुइणा धोवए जहा लोए
2546,इह सुक्केण'वि छिक्कं दोवै कम्मेण भाणं तु? // फिण्ड्णि.४२५
2547,
2548,
2549,
2550,---------------------------------------------------------------------
2551,लेवालेवत्ति जं वुत्तं जम्पि दव्वमलेवडं
2552,तम्पि घॆत्तुं न कप्पन्ति तक्काइ किमु लेवडं? // फिण्ड्णि.४२६
2553,
2554,
2555,
2556,---------------------------------------------------------------------
2557,आहाय जं कीरै तं तु कम्मं वज्जेहिही ओयणमेगमेव
2558,सोवीर आयामग चाउलो दगं कम्मन्ति तो तग्गहणं करॆन्ति // फिण्ड्णि.४२७
2559,
2560,
2561,
2562,---------------------------------------------------------------------
2563,सेसा विसोहिकोडी भत्तं पानं विगिञ्च जहसत्तिं
2564,अणलक्खिय मीसदवे सव्वविवेगे'वयव सुद्धो // फिण्ड्णि.४२८
2565,
2566,
2567,
2568,---------------------------------------------------------------------
2569,दव्वाइओ विवेगो दव्वे जं दव्व जं जहिं खॆत्ते
2570,काले अकालहीनं असढो जं पस्सई भावे // फिण्ड्णि.४२९
2571,
2572,
2573,
2574,---------------------------------------------------------------------
2575,सुक्कॊल्लसरिसपाए असरिसपाए य ऎत्थ चौभङ्गो
2576,तुल्ले तुल्लनिवाए तत्थ दुवे दॊन्न'तुल्ला उ // फिण्ड्णि.४३०
2577,
2578,
2579,
2580,---------------------------------------------------------------------
2581,सुक्के सुक्कं पडियं विगिञ्चिउं होइ तं सुहं पढमो
2582,बीयम्मि दवं छोढुं गालन्ति दवं करं दाउं // फिण्ड्णि.४३१
2583,
2584,
2585,
2586,---------------------------------------------------------------------
2587,तैयम्मि करं छोढुं उल्लिञ्चै ओयणाइ जं तरौ
2588,दुल्लहदव्वं चरिमे तत्तियमित्तं विगिञ्चन्ति // फिण्ड्णि.४३२
2589,
2590,
2591,
2592,---------------------------------------------------------------------
2593,सन्थरे सव्वमुज्झन्ति चौभङ्गो असन्थरे
2594,असढो सुज्झई तेसुं मायावी जेसु बज्झई // फिण्ड्णि.४३३
2595,
2596,
2597,
2598,---------------------------------------------------------------------
2599,कोडीकरणं दुविहं उग्गमकोडी विसोहिकोडी य
2600,उग्गमकोडी छक्कं विसोहिकोडी अनेगविहा // फिण्ड्णि.४३४
2601,
2602,
2603,
2604,---------------------------------------------------------------------
2605,नव चेव अढारसगं सत्तावीसा तहेव चौपन्ना
2606,नौई दो चेव सया उ सत्तरी होइ कोडीणं // फिण्ड्णि.४३५
2607,
2608,
2609,
2610,---------------------------------------------------------------------
2611,सोलस उग्गमदोसे गिहिणोउ समुट्ठिए वियाणाहि
2612,उप्पायणाए दोसे साहूउ समुट्ठिए जाण // फिण्ड्णि.४३६
2613,
2614,
2615,
2616,---------------------------------------------------------------------
2617,नामं ठवणा दविए भावे उप्पायणा मुणेयव्वा
2618,दव्वम्मि होइ तिविहा भावम्मि उ सोलसपया उ // फिण्ड्णि.४३७
2619,
2620,
2621,
2622,---------------------------------------------------------------------
2623,आसूयमाइएहिं बालचियतुरङ्ग बीयमाईहिं
2624,सुयआसदुमाईणं उप्पायणया उ सच्चित्ता // फिण्ड्णि.४३८
2625,
2626,
2627,
2628,---------------------------------------------------------------------
2629,कनगरययाइयाणं जहॆट्ठधाउविहिया उ अच्चित्ता
2630,मीसा उ सभण्डाणं दुपयाइकया उ उप्पत्ती // फिण्ड्णि.४३९
2631,
2632,
2633,
2634,---------------------------------------------------------------------
2635,भावे पसत्थ इयरो कोहाउप्पायणा उ अपसत्थो
2636,कोहाइजुया धायाइणं च नाणाइ उ पसत्था ।। गाहा-४४१ // फिण्ड्णि.४४०
2637,
2638,
2639,
2640,---------------------------------------------------------------------
2641,धाई दूइ निमित्ते आजीव वणीमगे तिगिच्छा य
2642,कोहे माने माया लोभे य हवन्ति दस एए // फिण्ड्णि.४४१
2643,
2644,
2645,
2646,---------------------------------------------------------------------
2647,पुव्विम्पच्छासन्थव विज्जा भन्ते य चुण्ण जोगे य
2648,उप्पायणाइ दोसा सोलसमे मूलकम्मे य // फिण्ड्णि.४४२
2649,
2650,
2651,
2652,---------------------------------------------------------------------
2653,खीरे य मज्जणे मण्डणे य कीलावणङ्कधाई य
2654,ऎक्कॆक्काविय दुविहा करणे कारावणे चेव // फिण्ड्णि.४४३
2655,
2656,
2657,
2658,---------------------------------------------------------------------
2659,धारेइ धीयए वा धयन्ति वा तमिति तेण धाई उ
2660,जहविहवं आसि पुरा खीराई पञ्च धाईओ // फिण्ड्णि.४४४
2661,
2662,
2663,
2664,---------------------------------------------------------------------
2665,खीराहारो रोवै मज्झ कयासाय देहि णं पिज्जे
2666,पच्छा व मज्झ दाहिसि अलं व भुज्जो व एहामि // फिण्ड्णि.४४५
2667,
2668,
2669,
2670,---------------------------------------------------------------------
2671,मैमं अरोगि दीहाउओ य होइ अविमाणिओ बालो
2672,दुल्लभयं खु सुयमुहं पिज्जाहि अहं व से देमि // फिण्ड्णि.४४६
2673,
2674,
2675,
2676,---------------------------------------------------------------------
2677,अहिगरण भद्दपन्ता कम्मुदय गिलाणए य उड्डाहो
2678,चडुकारी य अवण्णो नियगो अन्नं च जं सङ्के // फिण्ड्णि.४४७
2679,
2680,
2681,
2682,---------------------------------------------------------------------
2683,अयमवरो उ विकप्पो भिक्खायरि सड्ढि अद्धिई पुच्छा
2684,दुक्खसहाय विभासा हियं च धाइत्तणं अज्जो // फिण्ड्णि.४४८
2685,
2686,
2687,
2688,---------------------------------------------------------------------
2689,वयगण्डतणुयथूलत्तणेहिं तं पुच्छिउं अयाणन्तो
2690,तत्थ गओ तस्समक्खं भणाइ तं पासिउं बालं // फिण्ड्णि.४४९
2691,
2692,
2693,
2694,---------------------------------------------------------------------
2695,अहुणुट्ठियं व अणविक्खियं व इणमं कुलं तु मन्नामि
2696,पुन्नेहिं जहिताए जदिच्छाए व तरई बालेण सूएमो // फिण्ड्णि.४५०
2697,
2698,
2699,
2700,---------------------------------------------------------------------
2701,थेरी दुब्बलक्खीरा चिमिढो पॆल्लियमुहो ऐथणीए
2702,तणुई उ मन्दखीरा कुप्परथणियाए सूइमुहो // फिण्ड्णि.४५१
2703,
2704,
2705,
2706,---------------------------------------------------------------------
2707,जा जेण होइ वण्णेण उक्कडा गरहए य तं तेणं
2708,गरहै समाण तिव्वं पसत्थमियरं च दुव्वन्नं // फिण्ड्णि.४५२
2709,
2710,
2711,
2712,---------------------------------------------------------------------
2713,उव्वट्टिया पओसं छोभग उब्भामओ य से जं तु
2714,हॊज्जा मज्झवि विग्घो विसाइ इयरी व एमेव // फिण्ड्णि.४५३
2715,
2716,
2717,
2718,---------------------------------------------------------------------
2719,एमेव सेसियासुवि सुयमाइसु करणकारणं सगिहे
2720,इड्ढीसु य धाईसु य तहेव उव्वट्टियाण गमो // फिण्ड्णि.४५४
2721,
2722,
2723,
2724,---------------------------------------------------------------------
2725,लोलै महीए धूलीए गुण्डिओ ण्हाणि अहवणं मज्जे
2726,जलभीरु अबलनयनो ऐउप्पिलणे अ रत्तच्छो // फिण्ड्णि.४५५
2727,
2728,
2729,
2730,---------------------------------------------------------------------
2731,अब्भङ्गिय संवाहिय उव्वट्टिय मज्जियं च तो बालं
2732,उवणेइ मज्जधाई मण्डणधाईए सुइदेहं // फिण्ड्णि.४५६
2733,
2734,
2735,
2736,---------------------------------------------------------------------
2737,उसुआइएहिं मण्डेहि ताव णं अहवणं विभूसेमि
2738,हत्थिच्चगा व पाए कया गलिच्चा व पाए वा ।। गाहा-४५८ // फिण्ड्णि.४५७
2739,
2740,
2741,
2742,---------------------------------------------------------------------
2743,ढड्ढरसर छुन्नमुहो मौयगिरो मौयमम्मणुल्लावो
2744,उल्लावणगाईहिं व करेइ कारेइ वा किड्डं // फिण्ड्णि.४५८
2745,
2746,
2747,
2748,---------------------------------------------------------------------
2749,थुल्लीए वियडपाओ भग्गकडी सुक्कडाए दुक्खं च
2750,निम्भंसकक्खडकरेहिं भीरुओ होइ घॆप्पन्ते // फिण्ड्णि.४५९
2751,
2752,
2753,
2754,---------------------------------------------------------------------
2755,कॊल्लैरे वत्थव्वो दत्तो आहिण्डओ भवे सीसो
2756,अवहरै धाइपिण्डं अङ्गुलिजलणे य सादिव्वं // फिण्ड्णि.४६०
2757,
2758,
2759,
2760,---------------------------------------------------------------------
2761,ओमे सङ्गमथेरा गच्छ विसज्जन्ति जङ्घबलहीना
2762,नवभागखॆत्तवसही दत्तस्स य आगमो ताहे // फिण्ड्णि.४६१
2763,
2764,
2765,
2766,---------------------------------------------------------------------
2767,उवसबाहिं ठाणं अन्नाउञ्छेण सङ्किलेसो य
2768,पूयणचेडे मा रुय पडिलाभण वियडणा सम्मं // फिण्ड्णि.४६२
2769,
2770,
2771,
2772,---------------------------------------------------------------------
2773,सग्गाम परग्गामे दुविहा दूई उ होइ नायव्वा
2774,सा वा सो वा भणई भणै व तं छन्नवयणेणं // फिण्ड्णि.४६३
2775,
2776,
2777,
2778,---------------------------------------------------------------------
2779,ऎक्कॆक्काविय दुविहा पागड छन्ना य छन्न दुविहा उ
2780,लोगुत्तरि तत्थेगा बीया पुण उभयपक्खेसु // फिण्ड्णि.४६४
2781,
2782,
2783,
2784,---------------------------------------------------------------------
2785,भिक्खाइए वच्चन्ते अप्पाहणि नेइ खन्तियाईणं
2786,सा ते अमुगं माया सो व पिया ते इमं भणै // फिण्ड्णि.४६५
2787,
2788,
2789,
2790,---------------------------------------------------------------------
2791,दूइत्तं खु गरहियं अप्पाहिउं बिइयपच्चया भणति
2792,अविकोविया सुया ते जा आह मैं भणसु खन्तिं // फिण्ड्णि.४६६
2793,
2794,
2795,
2796,---------------------------------------------------------------------
2797,उभये'विय पच्छन्ना खन्त! कहिज्जाहि खन्तियाए तुमं
2798,तं तह सञ्जायन्तिय तहेव अह तं करॆज्जाहि // फिण्ड्णि.४६७
2799,
2800,
2801,
2802,---------------------------------------------------------------------
2803,गामाण दोण्ह वेरं सॆज्जायरि धूय तत्थ खन्तस्स
2804,वहपरिणय खन्त'ज्झत्थ णं व नाए कए जुद्धं // फिण्ड्णि.४६८
2805,
2806,
2807,
2808,---------------------------------------------------------------------
2809,जामाइपुत्तपैमारणं च केण कहियन्ति जनवाओ
2810,जामाइपुत्तपैमारएण खन्तेण मे सिट्ठं // फिण्ड्णि.४६९
2811,
2812,
2813,
2814,---------------------------------------------------------------------
2815,नियमा तिकालविसए'वि निमित्ते छव्विहे भवे दोसा
2816,सज्जं तु वट्टमाणे आउभए तत्थिमं नायं // फिण्ड्णि.४७०
2817,
2818,
2819,
2820,---------------------------------------------------------------------
2821,लाभालाभं सुहं दुक्खं जीवियं मरणं तहा
2822,छव्विहे'वि निमित्ते उ दोसा हॊन्ति इमे सुण // फिण्ड्णि.४७१
2823,
2824,
2825,
2826,---------------------------------------------------------------------
2827,आकम्पिया निमित्तेण भोइणी भोइए चिरगयम्मि
2828,पुव्वभणिए कहं ते आगौ? रुट्ठो य वडवाए // फिण्ड्णि.४७२
2829,
2830,
2831,
2832,---------------------------------------------------------------------
2833,दूराभोयण एगागि आगओ परिणयस्स पच्चोणी
2834,पुच्छा समणे कहणं साइयङ्कार सुमिणाई // फिण्ड्णि.४७३
2835,
2836,
2837,
2838,---------------------------------------------------------------------
2839,कोवो वडवागब्भं च पुच्छिओ पञ्चपुण्डमाहंसु
2840,फालण दिट्ठे जै नेव तो तुहं अवितहं कै वा ।। गाहा-४७५ // फिण्ड्णि.४७४
2841,
2842,
2843,
2844,---------------------------------------------------------------------
2845,जाई कुल गण कम्मे सिप्पे आजीवणा उ पञ्चविहा
2846,सूयाए असूयाए व अप्पाण कहेहि ऎक्कॆक्के // फिण्ड्णि.४७५
2847,
2848,
2849,
2850,---------------------------------------------------------------------
2851,जाईकुले विभासा गणो उ मल्लाइ कम्म किसिमाई
2852,तुण्णाइ सिप्प'णावज्जगं च कम्मेयरा''वज्जं // फिण्ड्णि.४७६
2853,
2854,
2855,
2856,---------------------------------------------------------------------
2857,होमायवितहकरणे नज्जै जह सॊत्तियस्स पुत्तॊत्ति
2858,वसिओ वेस गुरुकुले आयरियगुणे व सूएइ // फिण्ड्णि.४७७
2859,
2860,
2861,
2862,---------------------------------------------------------------------
2863,सम्ममसम्मा किरिया अनेन ऊणा'हिया व विवरीया
2864,समिहामन्ताहुइठाण जागकाले य घोसाई // फिण्ड्णि.४७८
2865,
2866,
2867,
2868,---------------------------------------------------------------------
2869,उग्गाइकुलेसु वि एवमेव गणमण्डलप्पवेसाई
2870,देउलदरिसणभासा उवनयणे दण्डमाइया // फिण्ड्णि.४७९
2871,
2872,
2873,
2874,---------------------------------------------------------------------
2875,कत्तरि पओअणावॆक्ख वत्थुबहुवित्थरेसु एमेव
2876,कम्मेसु य सिप्पेसु य सम्ममसम्मेसु सूईयरा // फिण्ड्णि.४८०
2877,
2878,
2879,
2880,---------------------------------------------------------------------
2881,समणे महाणि किवणे अतिही साणे य होइ पञ्चमए
2882,वणि जायणत्ति वणिओ पायप्पाणं वणेइत्ति // फिण्ड्णि.४८१
2883,
2884,
2885,
2886,---------------------------------------------------------------------
2887,मयमाइवच्छगम्पिव वणेइ आहारमाइलोभेणं
2888,समणेसु महाणेसु य किविणा'तिहिसाणभत्तेसु // फिण्ड्णि.४८२
2889,
2890,
2891,
2892,---------------------------------------------------------------------
2893,निग्गन्थ सक्क तावस गेरुय आजीव पञ्चहा समणा
2894,तेसि परिवेसणाए लोभेण वणिज्ज को अप्पं? // फिण्ड्णि.४८३
2895,
2896,
2897,
2898,---------------------------------------------------------------------
2899,भुञ्जन्ति चित्तकम्मट्ठिया व कारुणिय दाणरुइणो य
2900,अवि कामगद्दभेसुवि न नस्सई किं पुण जईसु? // फिण्ड्णि.४८४
2901,
2902,
2903,
2904,---------------------------------------------------------------------
2905,मिच्छत्तथिरीकरणं उग्गमदोसा य तेसु वा गच्छे
2906,चडुकार'दिन्नदाणा पच्चत्थिग मा पुणो इन्तु // फिण्ड्णि.४८५
2907,
2908,
2909,
2910,---------------------------------------------------------------------
2911,लोयाणुग्गहकारिसु भूमीदेवेसु बहुफलं दानं
2912,अवि नाम बम्भबन्धुसु किं पुण छक्कम्मनिरएसु? // फिण्ड्णि.४८६
2913,
2914,
2915,
2916,---------------------------------------------------------------------
2917,किवणेसु दुम्मणेसु य अबन्धवायङ्कजुङ्गियङ्गेसुं
2918,पूयाहिज्जे लोए दानपडागं हरै दिन्तो // फिण्ड्णि.४८७
2919,
2920,
2921,
2922,---------------------------------------------------------------------
2923,पाएण देइ लोगो उवगारिसु परिचिएसु झुसिएसु
2924,जो पुण अद्धाखिन्नं अतिहिं पूएइ तं दानं // फिण्ड्णि.४८८
2925,
2926,
2927,
2928,---------------------------------------------------------------------
2929,अवि नाम हॊज्ज सुलभो गोणाईणं तणाइ आहारो
2930,छिच्छिक्कारहयाणं न हु सुलहो होइ सुणहा णं // फिण्ड्णि.४८९
2931,
2932,
2933,
2934,---------------------------------------------------------------------
2935,केलासभवणा एए आगया गुज्झगा महिं
2936,चरन्ति जक्खरूवेणं पुया'पूया हिया'हिया // फिण्ड्णि.४९०
2937,
2938,
2939,
2940,---------------------------------------------------------------------
2941,एएण मज्झ भावो दिट्ठो लोए पणामहॆज्जम्मि
2942,ऎक्कॆक्के पुव्वुत्ता भद्दगपन्ताइणो दोसा ।। गाहा-४९२ // फिण्ड्णि.४९१
2943,
2944,
2945,
2946,---------------------------------------------------------------------
2947,एमेव कागमाई साणग्गहणेण सूइया हॊन्ति
2948,जो वा जम्मि पसत्तो वणै तहिं पुट्ठ'पुट्ठो वा // फिण्ड्णि.४९२
2949,
2950,
2951,
2952,---------------------------------------------------------------------
2953,दानं न होइ अफलं पत्तमपत्तेसु सन्निजुज्जन्तं
2954,इय विभणिए'वि दोसा पसंसओ किं पुण अपत्ते // फिण्ड्णि.४९३
2955,
2956,
2957,
2958,---------------------------------------------------------------------
2959,भणै नाहं वॆज्जो अहवा'वि कहेइ अप्पणो किरियं
2960,अहवा'वि विज्जयाए तिविह तिगिच्छा मुणेयव्वा // फिण्ड्णि.४९४
2961,
2962,
2963,
2964,---------------------------------------------------------------------
2965,भिक्खाइ गओ रोगी किं विज्जो'हन्ति पुच्छिओ भणै
2966,अत्थावत्तीए कया अबुहाणं बोहणा एवं // फिण्ड्णि.४९५
2967,
2968,
2969,
2970,---------------------------------------------------------------------
2971,एरिसयं चिय दुक्खं भेसज्जेण अमुगेण पौणं मे
2972,सहसुप्पन्नं व रुयं वारेमो अट्ठमाईहिं // फिण्ड्णि.४९६
2973,
2974,
2975,
2976,---------------------------------------------------------------------
2977,संसोधन संसमणं नियाणपरिवज्जणं च जं तत्थ
2978,आगन्तु धाउखोभे य आमए कुणै किरियं तु // फिण्ड्णि.४९७
2979,
2980,
2981,
2982,---------------------------------------------------------------------
2983,अस्सञ्जमजोगाणं पसन्धणं कायघाय अयगोलो
2984,दुब्बलवग्घा हरणं अच्चुदये गिण्हणुड्डाहे // फिण्ड्णि.४९८
2985,
2986,
2987,
2988,---------------------------------------------------------------------
2989,हत्थकप्प गिरिफुल्लिय रायगिहं खलु तहेव चम्पा य
2990,कडघयपुन्ने इट्टग लड्डुग तह सीहकेसरए // फिण्ड्णि.४९९
2991,
2992,
2993,
2994,---------------------------------------------------------------------
2995,विज्जातवप्पभावं रायकुले वा'वि वल्लभत्तं से
2996,नाउं ओरस्सबलं जो लब्भै देइ भया कोहपिण्डो सो // फिण्ड्णि.५००
2997,
2998,
2999,
3000,---------------------------------------------------------------------
3001,अन्नेसि दिज्जमाणे जायन्तो वा अलद्धिओ कुप्पे
3002,कोहफलम्मि'वि दिट्ठे जो लब्भै कोहपिण्डो सो // फिण्ड्णि.५०१
3003,
3004,
3005,
3006,---------------------------------------------------------------------
3007,करडुयभत्तमलद्धुं अन्नहिं दाहित्थ एव वच्चन्तो
3008,थेरा भोयण तैए आइक्खण खामणा दानं // फिण्ड्णि.५०२
3009,
3010,
3011,
3012,---------------------------------------------------------------------
3013,उच्छाहिओ परेण व लद्धिपसंसाहिं वा समुत्तैओ
3014,अवमानिओ परेण य जो एसै मानपिण्डो सो // फिण्ड्णि.५०३
3015,
3016,
3017,
3018,---------------------------------------------------------------------
3019,इट्टगछणम्मि परिपिण्डियाण उल्लाव को नु हु पगेव
3020,आणिज्ज इट्टगाओ? खुड्डो पच्चाह आणेमि // फिण्ड्णि.५०४
3021,
3022,
3023,
3024,---------------------------------------------------------------------
3025,जैविय ता पज्जत्ता अगुलघयाहिं न ताहिं णे कज्जं
3026,जारिसियाओ इच्छह ता आणेमित्ति निक्खन्तो // फिण्ड्णि.५०५
3027,
3028,
3029,
3030,---------------------------------------------------------------------
3031,ओहासिय पडिसिद्धो भणै अगारिं अवस्सिमा मज्झं
3032,जै लहसि तो तं मे नासाए कुणसु मोयन्ति // फिण्ड्णि.५०६
3033,
3034,
3035,
3036,---------------------------------------------------------------------
3037,कस्स घर पुच्छिऊणं परिसाए अमुइ कैरौ पुच्छे
3038,किं तेण'म्हे जायसु सो किविणो स दाहिइ न तुज्झं // फिण्ड्णि.५०७
3039,
3040,
3041,
3042,---------------------------------------------------------------------
3043,दाहामि तेण भणिए जै न भवसि छण्हमेसि पुरिसाणं
3044,अन्नयरो तो ते'हं परिसामज्झम्मि पणया मि ।। गाहा-५०९ // फिण्ड्णि.५०८
3045,
3046,
3047,
3048,---------------------------------------------------------------------
3049,सेयङ्गुलि बगुड्डावे किङ्करे ण्हायए तहा
3050,गिद्धावरङ्खि हद्दन्नए य पुरिसाहमा छा उ // फिण्ड्णि.५०९
3051,
3052,
3053,
3054,---------------------------------------------------------------------
3055,जायसु न एरिसो'हं इट्टगा देहि पुव्वमैगन्तुं
3056,माला उत्तारि गुलं भोएमि दिऎत्ति आरूढा // फिण्ड्णि.५१०
3057,
3058,
3059,
3060,---------------------------------------------------------------------
3061,सिइअवणण पडिलाभण दिस्सियरी बोलमङ्गुली नासं
3062,दुण्हेगयरपओसो आयविवत्ती य उड्डाहो // फिण्ड्णि.५११
3063,
3064,
3065,
3066,---------------------------------------------------------------------
3067,रायगिहे धम्मरुई असाढभूई य खुड्डओ तस्स
3068,रायनडगेहपविसण सम्भोइय मोयए लम्भो // फिण्ड्णि.५१२
3069,
3070,
3071,
3072,---------------------------------------------------------------------
3073,आयरिय उवज्झाए सङ्घाडग काणखुज्ज तद्दोसी
3074,नडपासण पज्जत्तं निकायण दिने दिने दानं // फिण्ड्णि.५१३
3075,
3076,
3077,
3078,---------------------------------------------------------------------
3079,धूयदुए सन्देसो दान सिणेह करणं रहे करणं
3080,लिङ्गं मुयत्ति गुरुसिट्ठ विवाहे उत्तमा पगई // फिण्ड्णि.५१४
3081,
3082,
3083,
3084,---------------------------------------------------------------------
3085,रायघरे य कयाई निम्महिलं नाडगं नडागच्छी
3086,ता य विहरम्मि मत्ता उवरि गिहे दोवि पासुत्ता // फिण्ड्णि.५१५
3087,
3088,
3089,
3090,---------------------------------------------------------------------
3091,वाघाएण नियत्तो दिस्स विचेला विराग सम्बोही
3092,इङ्गियनाए पुच्छा पजीवणं रट्ठपालन्ति // फिण्ड्णि.५१६
3093,
3094,
3095,
3096,---------------------------------------------------------------------
3097,इक्खागवंस भरहो आयंसघरे य केवलालोओ
3098,हाराइखिवण गहणं उवसग्ग न सो नियत्तॊत्ति // फिण्ड्णि.५१७
3099,
3100,
3101,
3102,---------------------------------------------------------------------
3103,तेन समं पव्वैया पञ्च नरसयत्ति नाडए डहणं
3104,गेलन्नखमगपाहुण थेरादिट्ठा य बीयं तु // फिण्ड्णि.५१८
3105,
3106,
3107,
3108,---------------------------------------------------------------------
3109,लब्भन्तम्पि न गिण्है अन्नं अमुगन्ति अज्ज घॆच्छामि
3110,भद्दरसन्ति व काउं गिण्है खद्धं सिणिद्धाई // फिण्ड्णि.५१९
3111,
3112,
3113,
3114,---------------------------------------------------------------------
3115,चम्पा छणम्मि घिच्छामि मोयए ते'वि सीहकेसरए
3116,पडिसेह धम्मलाभं काऊणं सीहकेसरए // फिण्ड्णि.५२०
3117,
3118,
3119,
3120,---------------------------------------------------------------------
3121,सड्ढ'ड्ढरत्तकेसरभायणभरणं च पुच्छ पुरिमड्ढे
3122,उवओग सन्त चोयण साहुत्ति विगिञ्चणे नाणं // फिण्ड्णि.५२१
3123,
3124,
3125,
3126,---------------------------------------------------------------------
3127,दुविहो उ सन्थवो खलु सम्बन्धी वयणसन्थवो चेव
3128,ऎक्कॆक्कोविय दुविहो पुव्विं पच्छा य नायव्वो // फिण्ड्णि.५२२
3129,
3130,
3131,
3132,---------------------------------------------------------------------
3133,मायपिइ पुव्वसन्थव सासूससुराइयाण पच्छा उ
3134,गिहि सन्थव सम्बन्धं करेइ पुव्वं च पच्छा वा // फिण्ड्णि.५२३
3135,
3136,
3137,
3138,---------------------------------------------------------------------
3139,आयवयं च परवयं नाउं सम्बन्धए तयणुरूवं
3140,मम माया एरिसिया ससा व धूया व नत्ताई // फिण्ड्णि.५२४
3141,
3142,
3143,
3144,---------------------------------------------------------------------
3145,अद्धिई दिट्ठिपण्हव पुच्छा कहणं ममेरिसी जननी
3146,थणखेवो सम्बन्धो विहवा सुण्हाइदानं च ।। गाहा-५२६ // फिण्ड्णि.५२५
3147,
3148,
3149,
3150,---------------------------------------------------------------------
3151,पच्छासन्थवदोसा सासू विहवादिधूयदानं च
3152,भज्जा ममेरिसिच्चिय सज्जो धाओ व भङ्गो वा // फिण्ड्णि.५२६
3153,
3154,
3155,
3156,---------------------------------------------------------------------
3157,मायावी चडुयारी अम्हं ओहावणं कुणै एसो
3158,निच्छुभणाई पन्तो करिज्ज भद्देसु पडिबन्धो // फिण्ड्णि.५२७
3159,
3160,
3161,
3162,---------------------------------------------------------------------
3163,गुणसन्थवणे पुव्विं सन्तासन्तेण जो थुणिज्जाहि
3164,दायारमदिन्नंमी सो पुव्विं सन्थवो हवै // फिण्ड्णि.५२८
3165,
3166,
3167,
3168,---------------------------------------------------------------------
3169,एसो सो जस्स गुणा वियरन्ति अवारिया दसदिसासु
3170,इहरा कहासु सुणिमो पच्चक्खं अज्ज दिट्ठो सि // फिण्ड्णि.५२९
3171,
3172,
3173,
3174,---------------------------------------------------------------------
3175,गुणसन्थवेण पच्छा सन्तासन्तेण जो थुणिज्जाहि
3176,दायारं दिन्नंमी सो पच्छा सन्थवो होइ // फिण्ड्णि.५३०
3177,
3178,
3179,
3180,---------------------------------------------------------------------
3181,विमलीकय'म्ह चक्खू जहत्थया वियरिया गुणा तुज्झं
3182,आसि पुरा णे सङ्का सम्पयं निस्सङ्कियं जायं // फिण्ड्णि.५३१
3183,
3184,
3185,
3186,---------------------------------------------------------------------
3187,विज्जामन्तपरूवण विज्जाए भिक्खुवासओ होइ
3188,मन्तम्मि सीसवेयण तत्थ मुरुण्डेण दिट्ठन्तो // फिण्ड्णि.५३२
3189,
3190,
3191,
3192,---------------------------------------------------------------------
3193,परिपिण्डणमुल्लावो ऐपन्तो भिक्खुवासओ दावे
3194,जै इच्छै अनुजाणह घयगुलवत्थाणि दावेमि // फिण्ड्णि.५३३
3195,
3196,
3197,
3198,---------------------------------------------------------------------
3199,गन्तुं विज्जामन्तण किं देमि ? घयं गुलं च वत्थाई
3200,दिन्ने पडिसाहरणं केण हियं केण मुट्ठो मि ? // फिण्ड्णि.५३४
3201,
3202,
3203,
3204,---------------------------------------------------------------------
3205,पडिविज्जथम्भणाई सो वा अन्नो व से करिज्जाहि
3206,पावाजीवीमाई कम्मणगारी य गहणाई // फिण्ड्णि.५३५
3207,
3208,
3209,
3210,---------------------------------------------------------------------
3211,जह जह पएसिणी जाणुगम्मि पालित्तओ भमाडेइ
3212,तह तह सीसे वियणा पणस्सै मरुण्डरायस्स // फिण्ड्णि.५३६
3213,
3214,
3215,
3216,---------------------------------------------------------------------
3217,पडिमन्तथम्भणाई सो वा अन्नो व से करिज्जाहि
3218,पावाजीवियमाई कम्मणगारी भवे बीयं // फिण्ड्णि.५३७
3219,
3220,
3221,
3222,---------------------------------------------------------------------
3223,चुण्णे अन्तद्धाणे चाणक्के पायलेवणे समिए
3224,मूल विवाहे दो दण्डिणी उ आयाणपरिसाडे // फिण्ड्णि.५३८
3225,
3226,
3227,
3228,---------------------------------------------------------------------
3229,जङ्घाहीना ओमे कुसुमपुरे सिस्सजोग रहकरणं
3230,खुड्डदुगञ्जणसुणणा गमनं देसन्तरे सरणं // फिण्ड्णि.५३९
3231,
3232,
3233,
3234,---------------------------------------------------------------------
3235,भिक्खे परिहायन्ते थेराणं तेसि ओमे दिन्ताणं
3236,सहभुज्ज चन्दगुत्ते ओमोयरियाए दोबल्लं // फिण्ड्णि.५४०
3237,
3238,
3239,
3240,---------------------------------------------------------------------
3241,चाणक्कपुच्छ इट्टालचुण्णदारं पिहित्तु धूमे य
3242,दट्ठुं कुच्छ पसंसा थेरसमीवे उवालम्भो // फिण्ड्णि.५४१
3243,
3244,
3245,
3246,---------------------------------------------------------------------
3247,जे विज्जमन्तदोसा ते च्चिय वसिकरणमाइचुण्णेहिं
3248,एगमनेग पओसं कुज्जा पत्थारओ वा'वि ।। गाहा-५४३ // फिण्ड्णि.५४२
3249,
3250,
3251,
3252,---------------------------------------------------------------------
3253,सूभगदुब्भग्गकरा जोगा आहारिमा य इयरे य
3254,आघंसधूववासा पायपलेवाइणो इयरे // फिण्ड्णि.५४३
3255,
3256,
3257,
3258,---------------------------------------------------------------------
3259,नैकण्हबिन्न दीवे पञ्चसया तावसाण निवसन्ति
3260,पव्वदिवसेसु कुलवई पालेवुत्तार सक्कारे // फिण्ड्णि.५४४
3261,
3262,
3263,
3264,---------------------------------------------------------------------
3265,जन सावगाण खिंसण समिय'क्खण माइठाण लेवेण
3266,सावय पयत्तकरणं अविनय लोए चलणधोए // फिण्ड्णि.५४५
3267,
3268,
3269,
3270,---------------------------------------------------------------------
3271,पडिलाभिय वच्चन्ता निब्बुड नैकूल मिलण समिया''ओ
3272,विम्हिय पञ्चसया तावसाण पव्वज्ज साहा य // फिण्ड्णि.५४६
3273,
3274,
3275,
3276,---------------------------------------------------------------------
3277,अकुमार खयं जोणी विवरीयट्ठा निवेसणं वा'वि
3278,गम्मपए पायं वा जो कुव्वै मूलकम्मं तं // फिण्ड्णि.५४७
3279,
3280,
3281,
3282,---------------------------------------------------------------------
3283,अधिई पुच्छा आसन्न विवाहे भिन्नकन्नसाहणया
3284,आयमणपियण ओसह अक्खय जज्जीवअहिगरणं // फिण्ड्णि.५४८
3285,
3286,
3287,
3288,---------------------------------------------------------------------
3289,जङ्घा परिजिय सड्ढी अद्धिइ आणिज्जए मम खवत्ती
3290,जोगो जोणुग्घाडण पडिसेह पओस उड्डाहो // फिण्ड्णि.५४९
3291,
3292,
3293,
3294,---------------------------------------------------------------------
3295,मा ते फंसॆज्ज कुलं अदिज्जमाणा सुया वयं पत्ता
3296,धम्मो य'लोहियस्सा जै बिन्दू तत्तिया नरया // फिण्ड्णि.५५०
3297,
3298,
3299,
3300,---------------------------------------------------------------------
3301,किं न ठविज्जै पुत्तो पत्तो कुलगॊत्तकित्तिसन्ताणो
3302,पच्छाविय तं कज्जं असङ्गगहो मा य नासिज्जा // फिण्ड्णि.५५१
3303,
3304,
3305,
3306,---------------------------------------------------------------------
3307,किं अद्धि इत्ति पुच्छा सवित्तिणी गब्भिणित्ति से देवी
3308,गब्भाहाणं तुज्झवि करोमि मा अद्धिइं कुणसु // फिण्ड्णि.५५२
3309,
3310,
3311,
3312,---------------------------------------------------------------------
3313,जैवि सुओ मे होही तहवि कणिट्ठॊत्ति इयर जुवराया
3314,देइ परिसाडणं से नाए य पओस पत्थारो // फिण्ड्णि.५५३
3315,
3316,
3317,
3318,---------------------------------------------------------------------
3319,सङ्खडिकरणे काया कामपवित्तिं च कुणै एगत्थ
3320,एगत्थुड्डाहाई जज्जिय भोगन्तरायं च // फिण्ड्णि.५५४
3321,
3322,
3323,
3324,---------------------------------------------------------------------
3325,एवं तु गविट्ठस्सा उग्गमौप्पायणाविसुद्धस्स
3326,गहणविसोहिविसुद्धस्स होइ गहणं तु पिण्डस्स // फिण्ड्णि.५५५
3327,
3328,
3329,
3330,---------------------------------------------------------------------
3331,उप्पायणाए दोसे साहूउ समुट्ठिए या इमे भणिया
3332,दसएसणाइ दोसे आयपर समुट्ठिए वॊच्छं // फिण्ड्णि.५५६
3333,
3334,
3335,
3336,---------------------------------------------------------------------
3337,दॊन्नि उ साहुसमुत्था सङ्किय तह भावओ'परिणयं च
3338,सेसा अट्ठवि नियमा गिहिणो य समुट्ठिए जाण // फिण्ड्णि.५५७
3339,
3340,
3341,
3342,---------------------------------------------------------------------
3343,नामं ठवणा दविए भावे गहणेसणा मुणेयव्वा
3344,दव्वे वानरजूहं भावम्मि य दस पया हुन्ति // फिण्ड्णि.५५८
3345,
3346,
3347,
3348,---------------------------------------------------------------------
3349,परिसडियपण्डुपत्तं वनसण्डं दट्ठु अन्नहिं पेसे
3350,जूहवई पडियरए जूहेण समं तहिं गच्छे ।। गाहा-५६० // फिण्ड्णि.५५९
3351,
3352,
3353,
3354,---------------------------------------------------------------------
3355,सयमेवालोएउं जूहवई तं वनं समन्तेण
3356,वियरै तेसि पयारं चरिऊण य तो दहं गच्छे // फिण्ड्णि.५६०
3357,
3358,
3359,
3360,---------------------------------------------------------------------
3361,ओयरन्तं पयं दट्ठु नीहरन्तं न दीसई
3362,नालेण पियह पाणीयं नेस निक्कारणो दहो // फिण्ड्णि.५६१
3363,
3364,
3365,
3366,---------------------------------------------------------------------
3367,सङ्किय मक्खिय निक्खित्त पिहिय साहरिय दायगुम्मीसे
3368,अपरिणय लित्त छड्डिय एसणदोसा दस हवन्ति // फिण्ड्णि.५६२
3369,
3370,
3371,
3372,---------------------------------------------------------------------
3373,सङ्काए चौभङ्गो दोसु वि गहणे य भुञ्जणे लग्गो
3374,जं सङ्कियमावन्नो पणवीसा चरिमए सुद्धो // फिण्ड्णि.५६३
3375,
3376,
3377,
3378,---------------------------------------------------------------------
3379,उग्गमदोसा सोलस आहाकम्माइ एसणादोसा
3380,नव मक्खियाइ एए पणवीसा चरिमए सुद्धो // फिण्ड्णि.५६४
3381,
3382,
3383,
3384,---------------------------------------------------------------------
3385,छौमत्थो सुयनाणी उवौत्तो उज्जुओ पयत्तेणं
3386,आवन्नो पणवीसं सुयनाणपमाणओ सुद्धो // फिण्ड्णि.५६५
3387,
3388,
3389,
3390,---------------------------------------------------------------------
3391,ओहो सुओवौत्तो सुयनाणी जै वि गिण्है असुद्धं
3392,तं केवली वि भुञ्जै अप्पमाण सुयं भवे इहरा // फिण्ड्णि.५६६
3393,
3394,
3395,
3396,---------------------------------------------------------------------
3397,सुत्तस्स अप्पमाणे चरणाभावो तओ य मॊक्खस्स
3398,मॊक्खस्स'विय अभावे दिक्खपवित्ती निरत्था उ // फिण्ड्णि.५६७
3399,
3400,
3401,
3402,---------------------------------------------------------------------
3403,किन्तिह खद्ध ! भिक्खा दिज्जै न य तरै पुच्छिउं हिरिमं
3404,इय सङ्काए धॆत्तुं तं भुञ्जै सङ्किओ चेव // फिण्ड्णि.५६८
3405,
3406,
3407,
3408,---------------------------------------------------------------------
3409,हियएण सङ्कएणं गहिओ अन्नेणं सोहिया सा य
3410,पगयं पहेणगं वा सोउं निस्सङ्किओ भुञ्जे // फिण्ड्णि.५६९
3411,
3412,
3413,
3414,---------------------------------------------------------------------
3415,जारिसय च्चिय लद्धा खद्धा भिक्खा मए अमुयगेहे
3416,अन्नेहि वि तारिसिया वियडन्त निसामए तैए // फिण्ड्णि.५७०
3417,
3418,
3419,
3420,---------------------------------------------------------------------
3421,जै सङ्का दोसकरी एवं सुद्धम्पि होइ अविसुद्धं
3422,निस्सङ्कमेसियन्तिय अनेसणिज्जम्पि निद्दोसं // फिण्ड्णि.५७१
3423,
3424,
3425,
3426,---------------------------------------------------------------------
3427,अविसुद्धो परिणामो एगयरे अवडिओ य पक्खम्मि
3428,एसिम्पि कुणै णेसिं अणेसिमेसिं विसुद्धो उ // फिण्ड्णि.५७२
3429,
3430,
3431,
3432,---------------------------------------------------------------------
3433,दुविहं च मक्खियं खलु सच्चित्तं चेव होइ अच्चित्तं
3434,सच्चित्तं पुण तिविहं अच्चित्तं होइ दुविहं तु // फिण्ड्णि.५७३
3435,
3436,
3437,
3438,---------------------------------------------------------------------
3439,पुढवी आउ वणस्सै तिविहं सच्चित्तमक्खियं होइ
3440,अच्चित्तं पुण दुविहं गरहियमियरे य भयणा उ // फिण्ड्णि.५७४
3441,
3442,
3443,
3444,---------------------------------------------------------------------
3445,सुक्केण सरक्खेण मक्खियमल्लेण पुढविकाएणं
3446,सव्वम्पि मक्खियं तं ऎत्तो आउम्मि वॊच्छामि // फिण्ड्णि.५७५
3447,
3448,
3449,
3450,---------------------------------------------------------------------
3451,पुरपच्छकम्म ससिणिद्धुल्ले चत्तारि आउभेयाओ
3452,उक्किट्ठरसालित्तं परित्त'नन्तं महिरुहेसु ।। गाहा-५७७ // फिण्ड्णि.५७६
3453,
3454,
3455,
3456,---------------------------------------------------------------------
3457,सेसेहि उ काएहिं तीहि वि तेऊसमीरणतसेहिं
3458,सच्चित्तं मीसं वा न मक्खितं अत्थि उल्लं वा // फिण्ड्णि.५७७
3459,
3460,
3461,
3462,---------------------------------------------------------------------
3463,सच्चित्तमक्खियम्मि उ हत्थे मत्ते य होइ चौभङ्गो
3464,आइतिए पडिसेहो चरिमे भङ्गे अणुन्ना उ // फिण्ड्णि.५७८
3465,
3466,
3467,
3468,---------------------------------------------------------------------
3469,अच्चित्तमक्खियम्मि उ चौसु वि भङ्गेसु होइ भयणा उ
3470,अगरहिएण उ गहणं पडिसेहो गरहिए होइ // फिण्ड्णि.५७९
3471,
3472,
3473,
3474,---------------------------------------------------------------------
3475,संसज्जिमेहिं वज्जं अगरहिएहिम्पि गोरसदवेहिं
3476,महुघयतॆल्ल गुलेहि य मा मच्छिपिवीलियाघाओ // फिण्ड्णि.५८०
3477,
3478,
3479,
3480,---------------------------------------------------------------------
3481,मंसवससोणियासव लोए वा गरहिएहिं विवज्जॆज्जा
3482,उभओ'वि गरहिएहिं मुत्तुच्चारेहिं छित्तम्पि // फिण्ड्णि.५८१
3483,
3484,
3485,
3486,---------------------------------------------------------------------
3487,सच्चित्तमीसएसु दुविहं काएसु होइ निक्खित्तं
3488,ऎक्कॆक्कं तं दुविहं अनन्तर परम्परं चेव // फिण्ड्णि.५८२
3489,
3490,
3491,
3492,---------------------------------------------------------------------
3493,पुढवी आउक्काए तेउ वाऊ वणस्सै तसाणं
3494,ऎक्कॆक्क दुहा'नन्तर परम्पर'गणिम्मि सत्तविहा // फिण्ड्णि.५८३
3495,
3496,
3497,
3498,---------------------------------------------------------------------
3499,सच्चित्तपुढविकाए सच्चित्तो चेव पुढवि निक्खित्तो
3500,आऊ तेउ वणस्सै समीरण तसेसु एमेव // फिण्ड्णि.५८४
3501,
3502,
3503,
3504,---------------------------------------------------------------------
3505,एमेव सेसयाणवि निक्खेवो होइ जीवकायकाएसुं
3506,ऎक्कॆक्को सट्ठाणे परठाणे पञ्च पञ्चेव // फिण्ड्णि.५८५
3507,
3508,
3509,
3510,---------------------------------------------------------------------
3511,एमेव मीसएसु वि मीसाण सचेयणाण निक्खेवो
3512,मीसाणं मीसेसु य दोण्हम्पिय होइ अच्चित्ते // फिण्ड्णि.५८६
3513,
3514,
3515,
3516,---------------------------------------------------------------------
3517,जत्थ उ सचित्तमीसे चौभङ्गो तत्थ चऊसु वि अगिज्झं
3518,तं तु अनन्तर इयरं परित्त'नन्तं च वनकाए // फिण्ड्णि.५८७
3519,
3520,
3521,
3522,---------------------------------------------------------------------
3523,अहवण सचित्तमीसो उ एगओ एगओ उ अच्चित्तो
3524,ऎत्थवि चौक्कभङ्गो तत्थाइतिए कहा नत्थि // फिण्ड्णि.५८८
3525,
3526,
3527,
3528,---------------------------------------------------------------------
3529,जं पुण अचित्तदव्वं निक्खिप्पै चेयणेसु दव्वेसु
3530,तहिं मग्गणा उ इणमो अनन्तरपरम्परा होइ // फिण्ड्णि.५८९
3531,
3532,
3533,
3534,---------------------------------------------------------------------
3535,ओगाहिमायनन्तरं परम्परं पिढरगाइ पुढवीए
3536,नवनीयाइ अनन्तर परम्परं नावामाईसु // फिण्ड्णि.५९०
3537,
3538,
3539,
3540,---------------------------------------------------------------------
3541,विज्झायमुम्मुरिङ्गालमेव अप्पत्तपत्तसमजाले
3542,वॊक्कन्ते सत्तदुगं जन्तोलित्ते य जयणाए // फिण्ड्णि.५९१
3543,
3544,
3545,
3546,---------------------------------------------------------------------
3547,विज्झाउत्ति न दीसै अग्गी दीसेइ इन्धणे छूढे
3548,आपिङ्गल अगनिकणा मुम्मुर निज्जाल इङ्गाले // फिण्ड्णि.५९२
3549,
3550,
3551,
3552,---------------------------------------------------------------------
3553,अप्पत्ता उ चौत्थे जाला पिढरं तु पञ्चमे पत्ता
3554,छट्ठे पुण कण्णसमा जाला समैच्छिया चरिमे ।। गाहा-५९४ // फिण्ड्णि.५९३
3555,
3556,
3557,
3558,---------------------------------------------------------------------
3559,पासोलित्तकडाहे परिसाडी नत्थि तम्पिय विसालं
3560,सो'विय अचिरच्छूढो उच्छुरसो नाइउसिणो य // फिण्ड्णि.५९४
3561,
3562,
3563,
3564,---------------------------------------------------------------------
3565,उसिणोदगम्पि धॆप्पै गुडरसपरिणामियं अणच्चुसिणं
3566,जं च अघट्टियकन्नं घट्टियपडणम्मि मा अग्गी // फिण्ड्णि.५९५
3567,
3568,
3569,
3570,---------------------------------------------------------------------
3571,पासोलित्तकडाहे'नच्चुसिणे अपरिसाड'घट्टन्ते
3572,सोलस भङ्गविगप्पा पढमे'णुन्ना न सेसेसु // फिण्ड्णि.५९६
3573,
3574,
3575,
3576,---------------------------------------------------------------------
3577,पयसमदुगअब्भासे माणं भङ्गाण तेसिमा रयणा
3578,एगन्तरियं लहुगुरु दुगुणा दुगुणा य वामेसु // फिण्ड्णि.५९७
3579,
3580,
3581,
3582,---------------------------------------------------------------------
3583,दुविहविराहण उसिणे छड्डण हानी य भाणभेओ य
3584,वाउक्खित्तानन्तरपरम्परा पप्पडिय वत्थी // फिण्ड्णि.५९८
3585,
3586,
3587,
3588,---------------------------------------------------------------------
3589,हरियाइ अनन्तरिया परम्परं पिढरमाइसु वणम्मि
3590,पूपाई पिट्ठ'नन्तर भरिए कुउबाइसू इयरा // फिण्ड्णि.५९९
3591,
3592,
3593,
3594,---------------------------------------------------------------------
3595,सच्चित्ते अच्चित्ते मीसग पिहियम्मि होइ चौभङ्गो
3596,आइतिगे पडिसेहो चरिमे भङ्गम्मि भयणा उ // फिण्ड्णि.६००
3597,
3598,
3599,
3600,---------------------------------------------------------------------
3601,जह चेव उ निक्खित्ते सञ्जोगा चेव हॊन्ति भङ्गा य
3602,एमेव य पिहियम्मि वि नाणत्तमिणं तैयभङ्गे // फिण्ड्णि.६०१
3603,
3604,
3605,
3606,---------------------------------------------------------------------
3607,अङ्गारधूवियाई अनन्तरो सन्तरो सरावाई
3608,तत्थेव ऐरवाऊ परम्परं बत्थिणा पिहिए // फिण्ड्णि.६०२
3609,
3610,
3611,
3612,---------------------------------------------------------------------
3613,ऐरं फलाइपिहितं वणम्मि इयरं तु पिच्छ पिढराई
3614,कच्छवसञ्चाराई अनन्तरानन्तरे छट्ठे // फिण्ड्णि.६०३
3615,
3616,
3617,
3618,---------------------------------------------------------------------
3619,गुरु गुरुणा गुरु लहुणा लहुयं गुरुएण दो'वि लहुयाइं
3620,अच्चित्तेणवि पिहिए चौभङ्गो दोसु अग्गॆज्झं // फिण्ड्णि.६०४
3621,
3622,
3623,
3624,---------------------------------------------------------------------
3625,सच्चित्ते अच्चित्ते मीसग साहारणे य चौभङ्गो
3626,आइतिए पडिसेहो चरिमे भङ्गम्मि भयणा उ // फिण्ड्णि.६०५
3627,
3628,
3629,
3630,---------------------------------------------------------------------
3631,जह चेव उ निक्खित्ते सञ्जोगा चेव हॊन्ति भङ्गा य
3632,तहा चेव उ साहरणे नाणत्तमिणं तैयभङ्गे // फिण्ड्णि.६०६
3633,
3634,
3635,
3636,---------------------------------------------------------------------
3637,मत्तेण जेण दाहिइ तत्थ अदिज्जं तु हॊज्ज असनाई
3638,छोढु तयन्नहि तेणं देई अह होइ साहरणं // फिण्ड्णि.६०७
3639,
3640,
3641,
3642,---------------------------------------------------------------------
3643,भूमाइएसु तं पुण साहरणं होइ छसु वि काएसु
3644,जं तं दुहा अचित्तं साहरणं तत्थ चौभङ्गो // फिण्ड्णि.६०८
3645,
3646,
3647,
3648,---------------------------------------------------------------------
3649,सुक्के सुक्कं पढमो सुक्के उल्लं तु बिइयओ भङ्गो
3650,उल्ले सुक्कं तैओ उल्ले उल्लं चौत्थो उ // फिण्ड्णि.६०९
3651,
3652,
3653,
3654,---------------------------------------------------------------------
3655,ऎक्कॆक्के चौभङ्गो सुक्काईएसु चौसु भङ्गेसु
3656,थोवे थोवं थोवे बहुं च विवरीय दो अन्ने ।। गाहा-६११ // फिण्ड्णि.६१०
3657,
3658,
3659,
3660,---------------------------------------------------------------------
3661,जत्थ उ थोवे थोवं सुक्के उल्लं च छुहै तं गॆज्झं
3662,जै तं तु समुक्खेउं थोवाहारं दलै अन्नं // फिण्ड्णि.६११
3663,
3664,
3665,
3666,---------------------------------------------------------------------
3667,उक्खेवे निक्खेवे महल्लभाणम्मि लुद्ध वह डाहो
3668,अचियत्तं वॊच्छेओ छक्कायवहो य गुरुमत्ते // फिण्ड्णि.६१२
3669,
3670,
3671,
3672,---------------------------------------------------------------------
3673,थोवे थोवं छूढं सुक्कं उल्लं तु तं तु आइन्नं
3674,बहुयं तु अणाइन्नं कडदोसो सॊत्ति काऊणं // फिण्ड्णि.६१३
3675,
3676,
3677,
3678,---------------------------------------------------------------------
3679,बाले वुड्ढे मत्ते उम्मत्ते वेविए य जरिए य
3680,अन्धिल्लए पगलिए आरूढे पाउयाहिं च // फिण्ड्णि.६१४
3681,
3682,
3683,
3684,---------------------------------------------------------------------
3685,हत्थु'दुनियलबद्धे विवज्जिए चेव हत्थपाएहिं
3686,तेरासि गुव्विणी बालवच्छ भुञ्जन्ति घुसुलिन्ती // फिण्ड्णि.६१५
3687,
3688,
3689,
3690,---------------------------------------------------------------------
3691,भज्जन्ति य दलयन्ती कण्डन्ती चेव तह य पीसन्ती
3692,पीजन्ती रुञ्चन्ती कत्तन्ति पमद्दमाणी य // फिण्ड्णि.६१६
3693,
3694,
3695,
3696,---------------------------------------------------------------------
3697,छक्कायवग्गहत्था समणट्ठा निक्खिवित्तु ते चेव
3698,ते चेवोगाहन्ती सङ्घट्टन्ता'रभन्ती य // फिण्ड्णि.६१७
3699,
3700,
3701,
3702,---------------------------------------------------------------------
3703,संसत्तेण य दव्वेण लित्तहत्था य लित्तमत्ता य
3704,उव्वत्तन्ती साहारणं व दिन्ती य चोरिययं // फिण्ड्णि.६१८
3705,
3706,
3707,
3708,---------------------------------------------------------------------
3709,पाहुडियं च ठवन्ती सपच्चवाया परं च उद्दिस्स
3710,आभोगमनाभोगे दलन्ती वज्जणिज्जा ए // फिण्ड्णि.६१९
3711,
3712,
3713,
3714,---------------------------------------------------------------------
3715,एएसि दायगाणं गहणं केसिञ्चि होइ भैयव्वं
3716,केसिञ्ची अग्गहणं तव्विवरीए भवे गहणं // फिण्ड्णि.६२०
3717,
3718,
3719,
3720,---------------------------------------------------------------------
3721,कब्बट्ठिग अप्पाहण दिन्ने अन्नन्न गहण पज्जत्तं
3722,खन्तिय मग्गणदिन्ने उड्डाह पओस चारभडा // फिण्ड्णि.६२१
3723,
3724,
3725,
3726,---------------------------------------------------------------------
3727,थेरो गलन्तलालो कम्पणहत्थो पडिज्ज वा दॆन्तो
3728,अपहुत्ति य अचियत्तं एगयरे वा उभयओ वा // फिण्ड्णि.६२२
3729,
3730,
3731,
3732,---------------------------------------------------------------------
3733,अवयास भाणभेओ वमनं असुइत्ति लोगगरिहा य
3734,पन्तावणं च मत्ते वमणविवज्जा य उम्मत्ते // फिण्ड्णि.६२३
3735,
3736,
3737,
3738,---------------------------------------------------------------------
3739,वेविय परिसाडणया पासे व छुभॆज्जा भाणभेओ वा
3740,एमेव य जरियम्मिवि जरसङ्कमणं च उड्डाहो // फिण्ड्णि.६२४
3741,
3742,
3743,
3744,---------------------------------------------------------------------
3745,उड्डाह कायपडणं अन्धे भेओ य पास छुहणं च
3746,तद्दोसी सङ्कमणं गलन्त भिस भिन्नदेहे य // फिण्ड्णि.६२५
3747,
3748,
3749,
3750,---------------------------------------------------------------------
3751,पाउयदुरूढपडणं बद्धे परियाव असुइ खिंसा य
3752,करछिन्नासुइ खिंसा ते च्चिय पाये'वि पडणं च // फिण्ड्णि.६२६
3753,
3754,
3755,
3756,---------------------------------------------------------------------
3757,आयपरोभयदोसा अभिक्खगहणम्मि खोभण नपुंसे
3758,लोगदुगुञ्छा सङ्का एरिसया नूनमेए'वि ।। गाहा-६२८ // फिण्ड्णि.६२७
3759,
3760,
3761,
3762,---------------------------------------------------------------------
3763,गुव्विणि गब्भे सङ्घट्टणा उ उट्ठन्तुवेसमाणीए
3764,बालाई मंसुडग मज्जाराई विराहॆज्जा // फिण्ड्णि.६२८
3765,
3766,
3767,
3768,---------------------------------------------------------------------
3769,भुञ्जन्ती आयमणे उदगं छॊट्टीय लोगगरिहा य
3770,घुसुलन्ती संसत्ते करम्मि लित्ते भवे रसगा // फिण्ड्णि.६२९
3771,
3772,
3773,
3774,---------------------------------------------------------------------
3775,दगबीए सङ्घट्टण पीसणकण्डदल भज्जणे डहणं
3776,पिञ्जन्त रुञ्चणाई दिन्ने लित्ते करे उदगं // फिण्ड्णि.६३०
3777,
3778,
3779,
3780,---------------------------------------------------------------------
3781,लोणदगअगनिवत्थीफलाइमच्छाइ सजिय हत्थम्मि
3782,पाएणोगाहणया सङ्घट्टण सेसकाएणं // फिण्ड्णि.६३१
3783,
3784,
3785,
3786,---------------------------------------------------------------------
3787,खणमाणी आरभए मज्जै धोयै व सिञ्चए किञ्चि
3788,छेयविसारणमाई छिन्दै छट्ठे फुरुफुरुन्ते // फिण्ड्णि.६३२
3789,
3790,
3791,
3792,---------------------------------------------------------------------
3793,छक्कायवग्गहत्था केई कोलाइकन्नलैयाई
3794,सिद्धत्थगपुप्फाणि य सिरम्मि दिन्नाइं वज्जन्ति // फिण्ड्णि.६३३
3795,
3796,
3797,
3798,---------------------------------------------------------------------
3799,अन्ने भणन्ति दससु वि एसणदोसेसु नत्थि तग्गहणं
3800,तेन न वज्जं भन्नै ननु गहणं दायगग्गहणा // फिण्ड्णि.६३४
3801,
3802,
3803,
3804,---------------------------------------------------------------------
3805,संसज्जिमम्मि देसे संसज्जिमदव्वलित्तकरमत्ता
3806,सञ्चारो ओयत्तण उक्खिप्पन्ते'वि ते चेव // फिण्ड्णि.६३५
3807,
3808,
3809,
3810,---------------------------------------------------------------------
3811,साधारणं बहूणं तत्थ उ दोसा जहेव अनिसिट्ठे
3812,चोरियए गहणाई भयए सुण्हाइ वा दन्ते // फिण्ड्णि.६३६
3813,
3814,
3815,
3816,---------------------------------------------------------------------
3817,पाहुडिठवियगदोसा तिरिउड्ढमहे तिहा अवायाओ
3818,धम्मियमाई ठवियं परस्स परसन्तियं वा'वि // फिण्ड्णि.६३७
3819,
3820,
3821,
3822,---------------------------------------------------------------------
3823,अनुकम्पा पडिनीयट्ठया व ते कुणै जाणमाणो'वि
3824,एसणदोसे बिइओ कुणै उ असढो अयाणन्तो // फिण्ड्णि.६३८
3825,
3826,
3827,
3828,---------------------------------------------------------------------
3829,भिक्खामित्ते अवियालणा उ बालेण दिज्जमाणम्मि
3830,सन्दिट्ठे वा गहणं ऐबहुय वियालणे'णुन्ना // फिण्ड्णि.६३९
3831,
3832,
3833,
3834,---------------------------------------------------------------------
3835,थेर पहु थरथरन्ते धरिए अन्नेण दढसरीरे वा
3836,अव्वत्तमत्तसड्ढे अविम्भले वा असागरिए // फिण्ड्णि.६४०
3837,
3838,
3839,
3840,---------------------------------------------------------------------
3841,सुइम्भद्दगदित्ताई दढग्गहे वेविए जरम्मि सिवे
3842,अन्नधरियं तु सड्ढो देयन्धो'न्नेण वा धरिए // फिण्ड्णि.६४१
3843,
3844,
3845,
3846,---------------------------------------------------------------------
3847,मण्डलपसूतिकुट्ठी'सागरिए पाउयागए अयले
3848,कमबद्धे सवियारे इयरे बिट्ठे असागरिए // फिण्ड्णि.६४२
3849,
3850,
3851,
3852,---------------------------------------------------------------------
3853,पण्डग अप्पडिसेवी वेला थणजीवि इयर सव्वम्पि
3854,उक्खित्तमनावाए न किञ्चि लग्गं ठवन्तीए // फिण्ड्णि.६४३
3855,
3856,
3857,
3858,---------------------------------------------------------------------
3859,पीसन्ती निप्पिट्ठे फासुं वा धुसुलणे असंसत्तं
3860,कत्तणि असङ्खचुण्णं चुण्णं वा जा अचॊक्खलिणी ।। गाहा-६४५ // फिण्ड्णि.६४४
3861,
3862,
3863,
3864,---------------------------------------------------------------------
3865,उव्वट्टणि'संसत्तेण वा'वि अट्टील्लए न घट्टेइ
3866,पिञ्जणपमद्दणेसु य पच्छाकम्मं जहिं नत्थि // फिण्ड्णि.६४५
3867,
3868,
3869,
3870,---------------------------------------------------------------------
3871,सेसेसु य पडिवक्खो न सम्भवै कायगहणमाईसु
3872,पडिवक्खस्स अभावे नियमा उ भवे तयग्गहणं // फिण्ड्णि.६४६
3873,
3874,
3875,
3876,---------------------------------------------------------------------
3877,सच्चित्ते अच्चित्ते मीसग उम्मीसगम्मि चौभङ्गो
3878,आइतिए पडिसेहो चरिमे भङ्गम्मि भयणा उ // फिण्ड्णि.६४७
3879,
3880,
3881,
3882,---------------------------------------------------------------------
3883,जह चेव य सञ्जोगा कायाणं हॆट्ठओ य साहरणे
3884,तह चेव य उम्मीसे होइ विसेसो इमो तत्थ // फिण्ड्णि.६४८
3885,
3886,
3887,
3888,---------------------------------------------------------------------
3889,दायव्वमदायव्वं च दो'वि दव्वाइं देइ मीसेउं
3890,ओयणकुसुणाईणं साहरण तयण्णहिं छोढुं // फिण्ड्णि.६४९
3891,
3892,
3893,
3894,---------------------------------------------------------------------
3895,तम्पिय सुक्के सुक्कं भङ्गा चत्तारि जह उ साहरणो
3896,अप्पबहुए'वि चौरो तहेव आइन्न'णाइन्ने // फिण्ड्णि.६५०
3897,
3898,
3899,
3900,---------------------------------------------------------------------
3901,अपरिणयम्पिय दुविहं दव्वे भावे य दुविहमॆक्कॆक्कं
3902,दव्वम्मि होइ छक्कं भावम्मि य होइ सज्झिलगा // फिण्ड्णि.६५१
3903,
3904,
3905,
3906,---------------------------------------------------------------------
3907,जीवत्तम्मि अविगए अपरिणयं परिणयं गए जीवे
3908,दिट्ठन्तो दुद्धदही इय अपरिणयं परिणयं तं च // फिण्ड्णि.६५२
3909,
3910,
3911,
3912,---------------------------------------------------------------------
3913,दुगमाई सामन्ने जै परिणमई उ तत्थ एगस्स
3914,देमित्ति न सेसाणं अपरिणयं भावओ एयं // फिण्ड्णि.६५३
3915,
3916,
3917,
3918,---------------------------------------------------------------------
3919,एगेण वा'वि एसिं मणम्मि परिणामियं न इयरेणं
3920,तम्पि हु होइ अगिज्झं सज्झिलगा सामि साहू वा // फिण्ड्णि.६५४
3921,
3922,
3923,
3924,---------------------------------------------------------------------
3925,घॆत्तव्वमलेवकडं लेवकडे मा हु पच्छकम्माई
3926,न य रसगेहिपसङ्गो इअ वुत्ते चोयगो भणै // फिण्ड्णि.६५५
3927,
3928,
3929,
3930,---------------------------------------------------------------------
3931,जै पच्छकम्मदोसा हवन्ति मा चेव भुञ्जऊ सययं
3932,तवनियमसञ्जमाणं चोयग! हानी खमन्तस्स // फिण्ड्णि.६५६
3933,
3934,
3935,
3936,---------------------------------------------------------------------
3937,लित्तन्ति भाणिऊणं छम्मासा हायए चौत्थं तु
3938,आयम्बिलस्स गहणं असन्थरे अप्पलेवं तु // फिण्ड्णि.६५७
3939,
3940,
3941,
3942,---------------------------------------------------------------------
3943,आयम्बिलपारणए छम्मास निरन्तरं तु खविऊणं
3944,जै न तरै छम्मासे एगदिनूनं तओ कुणौ // फिण्ड्णि.६५८
3945,
3946,
3947,
3948,---------------------------------------------------------------------
3949,एवं ऎक्कॆक्कदिनं आयम्बिलपारणं खवेऊणं
3950,दिवसे दिवसे गिण्हौ आयम्बिलमेव निल्लेवं // फिण्ड्णि.६५९
3951,
3952,
3953,
3954,---------------------------------------------------------------------
3955,जै से न जोगहानी सम्पै एसे व होइ तो खमओ
3956,खमणन्तरेण आयम्बिलं तु नियमं तवं कुणै // फिण्ड्णि.६६०
3957,
3958,
3959,
3960,---------------------------------------------------------------------
3961,हॆट्ठावणि कोलसगा सोवीरगकूरभोइणो मनुया
3962,जै ते'वि जवॆन्ति तहा किं नाम जई न जाविन्ति? ।। गाहा-६६२ // फिण्ड्णि.६६१
3963,
3964,
3965,
3966,---------------------------------------------------------------------
3967,तिय सीयं समणाणं तिय उण्ह गिहीण तेण'णुन्नायं
3968,तक्काईणं गहणं कट्टरमाईसु भैयव्वं // फिण्ड्णि.६६२
3969,
3970,
3971,
3972,---------------------------------------------------------------------
3973,आहारौवहिसॆज्जा तिन्नि वि उण्हा गिहीण सीए'वि
3974,तेण उ जीरै तेसिं दुहओ उसिणेण आहारो // फिण्ड्णि.६६३
3975,
3976,
3977,
3978,---------------------------------------------------------------------
3979,एयाइं चिय तिन्नि वि जईण सीयाइं हॊन्ति गिम्हे वि
3980,तेणुवहम्मै अग्गी तओ य दोसा अजीराई // फिण्ड्णि.६६४
3981,
3982,
3983,
3984,---------------------------------------------------------------------
3985,ओयण मण्डग सत्तुग कुम्मासाराय मासकलवट्टा
3986,तूयरिमसूरमुग्गा मासा य अलेवडा सुक्का // फिण्ड्णि.६६५
3987,
3988,
3989,
3990,---------------------------------------------------------------------
3991,उब्भिज्जपिज्जकङ्गू तक्कॊल्लणसूवकञ्जि कढियाई
3992,एए उ अप्पलेवा पच्छाकम्मं तहिं भैयं // फिण्ड्णि.६६६
3993,
3994,
3995,
3996,---------------------------------------------------------------------
3997,खीर दहि जाउ कट्टर तॆल्ल घेयं फाणियं सपिण्डरसं
3998,इच्चाई बहुलेवं पच्छाकम्मं तहिं नियमा // फिण्ड्णि.६६७
3999,
4000,
4001,
4002,---------------------------------------------------------------------
4003,संसट्ठेयरहत्थो मत्तो'विय दव्व सावसेसियरं
4004,एएसु अट्ठ भङ्गा नियमा गहणं तु ओएसु // फिण्ड्णि.६६८
4005,
4006,
4007,
4008,---------------------------------------------------------------------
4009,सच्चित्ते अच्चित्ते मीसग तह छड्डणे य चौभङ्गो
4010,चौभङ्गे पडिसेहो गहणे आणाइणो दोसा // फिण्ड्णि.६६९
4011,
4012,
4013,
4014,---------------------------------------------------------------------
4015,उसिणस्स छड्डणे दॆन्तओ व डज्झॆज्झ कायदाहो वा
4016,सीयपडणम्मि काया पडिए महुबिन्दुआहरणं // फिण्ड्णि.६७०
4017,
4018,
4019,
4020,---------------------------------------------------------------------
4021,नामं ठवणा दविए भावे घासेसणा मुणेयव्वा
4022,दव्वे मच्छाहरणं भावम्मि य होइ पञ्चविहा // फिण्ड्णि.६७१
4023,
4024,
4025,
4026,---------------------------------------------------------------------
4027,चरियं व कप्पियं वा आहरणं दुविहमेव नायव्वं
4028,अत्थस्स साहणट्ठा इन्धणमिव ओयणट्ठाए // फिण्ड्णि.६७२
4029,
4030,
4031,
4032,---------------------------------------------------------------------
4033,अह मंसम्मि पहीणे झायन्तं मच्छियं भणै मच्छो
4034,किं झायसिं तं एवं? सुण ताव जहा अहिरिओ'सि // फिण्ड्णि.६७३
4035,
4036,
4037,
4038,---------------------------------------------------------------------
4039,तिबलागमुहुम्मुक्को तिक्खुत्तो वलयामुहे
4040,तिसत्तक्खुत्तो जालेणं सै छिन्नोदए दहे // फिण्ड्णि.६७४
4041,
4042,
4043,
4044,---------------------------------------------------------------------
4045,एयारिसं ममं सत्तं सढं घट्टियघट्टणं
4046,इच्छसि गलेण घॆत्तुं अहो ते अहिरीयया // फिण्ड्णि.६७५
4047,
4048,
4049,
4050,---------------------------------------------------------------------
4051,बायालीसेसणसङ्कडम्मि गहणम्मि जीव! न हु छलिओ
4052,इण्हिं जह न छलिज्जसि भुञ्जन्तो रागदोसेहिं // फिण्ड्णि.६७६
4053,
4054,
4055,
4056,---------------------------------------------------------------------
4057,घासेसणा उ भावे होइ पसत्था तहेव अपसत्था
4058,अपसत्था पञ्चविहा तव्विवरीया पसत्थाउ // फिण्ड्णि.६७७
4059,
4060,
4061,
4062,---------------------------------------------------------------------
4063,दव्वे भावे सञ्जोअणा उ दव्वे दुहा उ बहि अन्तो
4064,भिक्खं चिय हिण्डन्तो सञ्जोयन्तम्मि बाहिरिया ।। गाहा-६७९ // फिण्ड्णि.६७८
4065,
4066,
4067,
4068,---------------------------------------------------------------------
4069,खीरदहिसूवकट्टरलम्भे गुडसप्पिवडगवालुङ्के
4070,अन्तो उ तिहा पाए लम्बण वयणे विभासा उ // फिण्ड्णि.६७९
4071,
4072,
4073,
4074,---------------------------------------------------------------------
4075,संयोयणाए दोसो जो सञ्जोएइ भत्तपानं तु
4076,दव्वाई रसहेउं वाघाओ तस्सिमो होइ // फिण्ड्णि.६८०
4077,
4078,
4079,
4080,---------------------------------------------------------------------
4081,सञ्जोयणा उ भावे सञ्जोएऊण तानि दव्वाइं
4082,सञ्जोयै कम्मेणं कम्मेण भवं तओ दुक्खं // फिण्ड्णि.६८१
4083,
4084,
4085,
4086,---------------------------------------------------------------------
4087,पत्ते य पौरलम्भे भुत्तुव्वरिए य सेसगमणट्ठा
4088,दिट्ठो सञ्जोगो खलु अहक्कमो तस्सिमो होइ // फिण्ड्णि.६८२
4089,
4090,
4091,
4092,---------------------------------------------------------------------
4093,रसहेउं पडिसिद्धो संयोगो कप्पए गिलाणट्ठा
4094,जस्स व अभत्तछन्दो सुहोचिओ'भाविओ जो य // फिण्ड्णि.६८३
4095,
4096,
4097,
4098,---------------------------------------------------------------------
4099,बत्तीसं किर कवला आहारो कुच्छिपूरओ भणिओ
4100,पुरिसस्स महिलियाए अट्ठावीसं भवे कवला // फिण्ड्णि.६८४
4101,
4102,
4103,
4104,---------------------------------------------------------------------
4105,ऎत्तो किणाइ हीनं अद्धं अद्ध'द्धगं च आहारं
4106,साहुस्स बिन्ति धीरा जायामायं च ओमं च // फिण्ड्णि.६८५
4107,
4108,
4109,
4110,---------------------------------------------------------------------
4111,पगामं च निगामं च जो पणीयं भत्तपानमाहारे
4112,ऐबहुयं ऐबहुसो पमाणदोसो मुणेयव्वो // फिण्ड्णि.६८६
4113,
4114,
4115,
4116,---------------------------------------------------------------------
4117,बत्तीसाइ परेणं पगाम निच्चं तमेव उ निकामं
4118,जं पुण गलन्तनेहं पणीयमिति तं बुहा बॆन्ति // फिण्ड्णि.६८७
4119,
4120,
4121,
4122,---------------------------------------------------------------------
4123,ऐबहुयं ऐबहुसो ऐप्पमाणेण भोयणं भॊत्तुं
4124,हाऎज्ज व वामिज्ज व मारिज्ज व तं अजीरन्तं // फिण्ड्णि.६८८
4125,
4126,
4127,
4128,---------------------------------------------------------------------
4129,बहुयातीयमैबहुं ऐबहुसो तिन्नि तिन्नि व परेणं
4130,तं चिय ऐप्पमाणं भुञ्जै जं वा अतिप्पन्तो // फिण्ड्णि.६८९
4131,
4132,
4133,
4134,---------------------------------------------------------------------
4135,हियाहारा मियाहारा अप्पाहारा य जे नरा
4136,न ते विज्जा तिगिच्छन्ति अप्पाणं ते तिगिच्छगा // फिण्ड्णि.६९०
4137,
4138,
4139,
4140,---------------------------------------------------------------------
4141,तॆल्लदहिसमाओगा अहिओ खरीदहिकञ्जियाणं च
4142,पत्थं पुण रोगहरं न य हेऊ होइ रोगस्स // फिण्ड्णि.६९१
4143,
4144,
4145,
4146,---------------------------------------------------------------------
4147,अद्धमसणस्स सव्वञ्जनस्स कुज्जा दवस्स दो भागे
4148,वाऊपवियारणट्ठा छब्भायं ऊणयं कुज्जा // फिण्ड्णि.६९२
4149,
4150,
4151,
4152,---------------------------------------------------------------------
4153,सीओ उसिणो साहारणो य कालो तिहा मुणेयव्वो
4154,साहारणम्मि काले तत्थाहारे इमा मत्ता // फिण्ड्णि.६९३
4155,
4156,
4157,
4158,---------------------------------------------------------------------
4159,सीए दवस्स एगो भत्ते चत्तारि अहव दो पाणे
4160,उसिणे दवस्स दॊन्नि उ तिन्नि व सेसा उ भत्तस्स // फिण्ड्णि.६९४
4161,
4162,
4163,
4164,---------------------------------------------------------------------
4165,एगो दवस्स भागो उवट्ठितो भोयणस्स दो भागा
4166,वड्ढन्ति व हायन्ति व दो दो भागा उ ऎक्कॆक्के ।। गाहा-६९६ // फिण्ड्णि.६९५
4167,
4168,
4169,
4170,---------------------------------------------------------------------
4171,तत्थ उ तैयचौत्था दॊन्नि य अणवट्ठिया भवे भागा
4172,पञ्चमछट्ठो पढमो बिइओ वि अवट्ठिया भागा // फिण्ड्णि.६९६
4173,
4174,
4175,
4176,---------------------------------------------------------------------
4177,तं होइ सैङ्गालं जं आहारेइ मुच्छिओ सन्तो
4178,तं पुण होइ सधूमं जं आहारेइ निन्दन्तो // फिण्ड्णि.६९७
4179,
4180,
4181,
4182,---------------------------------------------------------------------
4183,अङ्गारत्तमपत्तं जलमाणं इन्धणं सधूमं तु
4184,अङ्गारत्ति पवुच्चै तं चिय दड्ढं गए धूमे // फिण्ड्णि.६९८
4185,
4186,
4187,
4188,---------------------------------------------------------------------
4189,रागग्गिसम्पलित्तो भुञ्जन्तो फासुयम्पि आहारं
4190,निद्दड्ढङ्गालनिभं करेइ चरणिन्धणं खिप्पं // फिण्ड्णि.६९९
4191,
4192,
4193,
4194,---------------------------------------------------------------------
4195,दोसग्गीवि जलन्तो अप्पत्तियधूमधूमियं चरणं
4196,अङ्गारमित्तसरिसं जा न हवै निद्दही ताव // फिण्ड्णि.७००
4197,
4198,
4199,
4200,---------------------------------------------------------------------
4201,रागेण सैङ्गालं दोसेण सधूमगं मुणेयव्वं
4202,छायालीसं दोसा बॊद्धव्वा भोयणविहीए // फिण्ड्णि.७०१
4203,
4204,
4205,
4206,---------------------------------------------------------------------
4207,आहारन्ति तवस्सी विगैङ्गालं च विगयधूमं च
4208,झाणज्झयणनिमित्तं एसुवएसो पवयणस्स // फिण्ड्णि.७०२
4209,
4210,
4211,
4212,---------------------------------------------------------------------
4213,छहिं कारणेहिं साधू आहारिन्तो वि आयरै धम्मं
4214,छहिं चेव कारणेहिं निज्जूहिन्तो वि आयरै // फिण्ड्णि.७०३
4215,
4216,
4217,
4218,---------------------------------------------------------------------
4219,वेयण वेयावच्चे इरियट्ठाए य सञ्जमट्ठाए
4220,तह पाणवत्तियाए छट्ठं पुण धम्मचिन्ताए // फिण्ड्णि.७०४
4221,
4222,
4223,
4224,---------------------------------------------------------------------
4225,नत्थि छुहाए सरिसा वियणा भुञ्जॆज्ज तप्पसमणट्ठा
4226,छाओ वेयावच्चं न तरै काउं अओ भुञ्जे // फिण्ड्णि.७०५
4227,
4228,
4229,
4230,---------------------------------------------------------------------
4231,इरिअं नवि सोहेई पेहाईअं च सञ्जमं काउं
4232,छाओ वा परिहायै गुणणुप्पेहासु अ असत्तो // फिण्ड्णि.७०६
4233,
4234,
4235,
4236,---------------------------------------------------------------------
4237,अहव ण कुज्जाहारं छहिं ठाणेहिं सञ्जए
4238,पच्छा पच्छिमकालम्मि काउं अप्पक्खमं खमं // फिण्ड्णि.७०७
4239,
4240,
4241,
4242,---------------------------------------------------------------------
4243,आयङ्के उवसग्गे तितिक्खया बम्भचेरगुत्तीसु
4244,पाणिदया तवहेउं सरीरवॊच्छेयणट्ठाए // फिण्ड्णि.७०८
4245,
4246,
4247,
4248,---------------------------------------------------------------------
4249,आयङ्को जरमाई रायासन्नायगाइ उवसग्गो
4250,बम्भवयपालणट्ठा पाणिदया वासमहियाई // फिण्ड्णि.७०९
4251,
4252,
4253,
4254,---------------------------------------------------------------------
4255,तवहेउ चौत्थाई जाव उ छम्मासिओ तवो होइ
4256,छट्ठं सरीरवॊच्छेयणट्ठया हो अणाहारो // फिण्ड्णि.७१०
4257,
4258,
4259,
4260,---------------------------------------------------------------------
4261,सोलस उग्गमदोसा सोलस उप्पायणाए दोसा उ
4262,दस एसणाए दोसा सञ्जोयणमाइ पञ्चेव // फिण्ड्णि.७११
4263,
4264,
4265,
4266,---------------------------------------------------------------------
4267,एसो आहारविही जह भणिओ सव्वभावदंसीहिं
4268,धम्मावस्सगजोगा जेण न हायन्ति तं कुज्जा // फिण्ड्णि.७१२
4269,
4270,
4271,
4272,---------------------------------------------------------------------
4273,जा जयमाणस्स भवे विराहणा सुत्तविहिसमग्गस्स
4274,सा होइ निज्जरफला अज्झत्थविसोहिजुत्तस्स // फिण्ड्णि.७१३
4275,
4276,
4277,
