line_number,devanagari_text
1,[ॐ कारगुरवे नमः ॐ ह्रीं श्रीं अर्हं नमः गौतमस्वामिने नमः]
2,
3,[नमोस्तु णं श्रमणाय भगवते महावीराय]
4,
5,[श्रीधनेश्वरमुनिविरचितम]
6,
7,[सुरसुन्दरीचरित्रम]
8,
9,
10,[प. १]
11,सुहसामन्नपइन्नासमयसमारद्धलोयकम्मस्स
12,अमरवइवयणधरिओ परिकुडिलो कुन्तलकलावो // शुर्शुछ.१
13,
14,कन्नासन्ने सोहइ जस्स अवत्थाणपत्थणत्थंव
15,चित्तब्भन्तररुद्धप्पवेसकन्दप्पदूउव्व // शुर्शुछ.२
16,
17,अहवा. 
18,
19,सोहइ जस्स सुसङ्गयउभयंसलुलन्तकुन्तलकलावा
20,मुत्ती सुवन्नवन्ना सकज्जलग्गव्व दीवसिहा // शुर्शुछ.३
21,
22,
23,[प. २]
24,जस्स पणामा पावइ पलयं पउरोपि विग्घसङ्घाओ
25,तस्स रिसहस्स पढमं नमामि पयपङ्कयं पयओ // शुर्शुछ.४
26,
27,[चतुर्भिः कलापकम]
28,अजियाइणो जिणिन्दे वन्दे जम्मंमि जेसिममरिन्दा
29,रागाइणो वि सत्तू पञ्चत्तं पाविया समयं // शुर्शुछ.५
30,
31,जम्मणसमयाणन्तरसुमेरुसिहराभिसेयसमयम्मि
32,सक्कन्दणकयकुवियप्पन्नासणे कयपयत्तस्स // शुर्शुछ.६
33,
34,रागाइवइरिसेणव्व जस्स दट्ठुं अणन्नसामत्थं
35,थरहरिया अच्चत्थं ससिलोच्चयसायरा वसुहा // शुर्शुछ.७
36,
37,निम्मलकमनहनियरो पडिबिम्बियपणयतिहुअणो जस्स
38,उव्वहइ जायगव्वो केवलनाणस्स समसीसिं // शुर्शुछ.८
39,
40,जस्स य पणाममेत्ता निम्मलकमणक्खपडियपडिबिम्बा
41,एक्कारसगुणमुवलब्भ अप्पयं हरिसिया तियसा // शुर्शुछ.९
42,
43,
44,[प. ३]
45,तं वन्दे जिणयन्दं देविन्दनरिन्दविन्दवन्दिययं
46,सिद्धत्थनरिन्दसुअं चरिमं चरिमं गइं पत्तं // शुर्शुछ.१०
47,
48,[पञ्चभिः कुलकम]
49,दुज्जयअणङ्गमायङ्गभङ्गसारङ्गपुङ्गवसरिच्छे
50,सासयसिवसुहसहिए सिद्धे सिरसा नमंसामि ११ // शुर्शुछ.११
51,
52,दुद्धंसधन्तविद्धंसधीरसिद्धन्तदेसए धीरे
53,पञ्चविहायाररए सिरसा वन्दामि आयरिए // शुर्शुछ.१२
54,
55,विसयसुहनिप्पिवासे संसारच्छेयकरणतल्लिच्छे
56,वन्दामि उवज्झाए सुत्तत्थविसारए सययं // शुर्शुछ.१३
57,
58,पञ्चमहव्वयदुव्वहपव्वयउव्वहणपच्चले सिरसा
59,घरवासपासमुक्के साहू सव्वे नमंसामि // शुर्शुछ.१४
60,
61,जीए कमकमलं पाविऊण पाविन्ति पाणिणो परमं
62,नाणं अन्नाणा वि हु सा जयइ सरस्सई देवी // शुर्शुछ.१५
63,
64,
65,[प. ४]
66,जाण पसाएण पुण मएवि जडबुद्धिणा कहाकरणे
67,"लीलाए पयट्टिज्जइ, विसेसओ ते गुरू वन्दे // शुर्शुछ.१६"
68,
69,इय पुज्जपणइकरणप्पणासियासेसविग्घसङ्घाओ
70,वोच्छं संवेगकरिं कहं तु सुरसुन्दरिं नाम // शुर्शुछ.१७
71,
72,अन्नं च तस्स कीरइ पढमं चिय पत्थणा खलजणस्स
73,बीहेइ कविजणो जस्स मूसओ इव बिडालस्स // शुर्शुछ.१८
74,
75,अहवा सहावउच्चिय दोसग्गहणम्मि वावडमणस्स
76,अब्भत्थणासएहि वि न खलस्स खलत्तणं गलइ // शुर्शुछ.१९
77,
78,कुडिलत्तणं न उज्झइ परिच्छिद्दगवेसओ य दोजीहो
79,पत्थिज्जन्तो वि कवीहिं दुज्जणो सप्पसारिच्छो // शुर्शुछ.२०
80,
81,अब्भत्थिओ वि वङ्को कलुसियहियओ सुवित्तपरिहीणो
82,चन्दोव्व दुज्जणो इह दोसासङ्गे पयासेइ // शुर्शुछ.२१
83,
84,
85,[प. ५]
86,ललिए व निट्ठुरे वा कव्वे दोसो खलेहिं घेत्तव्वो
87,उट्ठमुहाओ अहवा नीहरइ न जीरयं कहवि // शुर्शुछ.२२
88,
89,दुज्जणसहाए पडियं निम्मलकव्वं पि लहइ न पइट्ठं
90,जलबिन्दुव्व सुतत्ते आयसभाणम्मि पक्खित्तो // शुर्शुछ.२३
91,
92,आसज्ज दुज्जणं कविजणस्स अब्भत्थणा तओ विहला
93,न हु सक्कररससित्तोवि चयइ कडुयत्तणं निम्बो // शुर्शुछ.२४
94,
95,अहवा कहापबन्धो कीरइ किं दुज्जणाण सङ्काए?
96,जूयाभएण परिहाणविमोयणं हन्दि! न हु जुत्तं // शुर्शुछ.२५
97,
98,दुज्जणअसंमयं पि हु कुणइ कवी कव्वमेत्थ किमजुत्तं?
99,उलुयाणमभासन्तोवि दिणयरो किं न उग्गमइ? // शुर्शुछ.२६
100,
101,अपत्थिओवि सुयणो कईण कव्वे गुणे पयासेइ
102,धवलेइ जयं सयलं सभावओ चेव निसिनाहो // शुर्शुछ.२७
103,
104,
105,[प. ६]
106,निन्दाकारिजणस्स वि दोसग्गाही न सज्जणो कहवि
107,कुणइ सुयन्धं वासिं तच्छिज्जन्तो वि मलयरुहो // शुर्शुछ.२८
108,
109,अन्नं च हवइ हु विरूवयम्पि हु कव्वं सुयणाण सङ्गमे लट्ठं
110,सिप्पिपुडम्मि पविट्ठं जलम्पि मुत्ताहलं होइ // शुर्शुछ.२९
111,
112,अब्भत्थणारिहां जं सुयणा तो ते उ पत्थिमो इण्हिं
113,एगग्गमणा होउं साहिज्जन्तिं निसामेह // शुर्शुछ.३०
114,
115,घोरे अणोरपारे संसारे जोणिलक्खपउरम्मि
116,अइदुलहं लद्धूणं मणुयत्तं भवियलोएण // शुर्शुछ.३१
117,
118,देविन्दचन्दनागिन्दविन्दमणुइन्दवन्दियजिणेहिं
119,वज्जरिए उज्जमिउं जुत्तं धम्मम्मि सुद्धम्मि // शुर्शुछ.३२
120,
121,सो अन्तरारिविजए रोगद्दोसा य अन्तरा सत्तू
122,तव्विजऎ च्चिय सोक्खं तेहिं जियाणं पुणो दुक्खं // शुर्शुछ.३३
123,
124,
125,[प. ७]
126,एवं च ठिए रागद्देसाणुगया जीवा पावेन्ति विविहदुक्खाइं
127,तम्हा तव्विजऎ च्चिय विबुहेहिं होइ जइयव्वं // शुर्शुछ.३४
128,
129,एयत्थसाहणपरा सोलसपरिच्छेयसङ्गया ललिया
130,पाइयगाहाहिं कहा कीरइ सुरसुन्दरीनामा // शुर्शुछ.३५
131,
132,अबुहजणबोहणं तह दुक्कहलोयाण चित्तरञ्जणयं
133,जुगवं णो सक्किज्जइ कवीहिं उभयम्पि काऊण // शुर्शुछ.३६
134,
135,जओ सालङ्कारेण घणक्खरेण रञ्जिज्जए जणो विबुहो
136,पयडत्थललियकव्वं अबुहाणं बोहणं कुणइ // शुर्शुछ.३७
137,
138,दोण्ह वि एक्कवएच्चिय सक्किज्जइ रञ्जणं न काऊणं
139,एक्कं गेण्हन्ताणं अवस्स किर नासए बीयं // शुर्शुछ.३८
140,
141,नियगुरुकमप्पसाया कावि हु सत्ती उ जइवि मह अत्थि
142,उवमासिलेसरूपगवण्णगबहुलम्मि कव्वम्मि // शुर्शुछ.३९
143,
144,
145,[प. ८]
146,तहवि हु तयं न कीरइ असमत्थं पत्थुअम्मि जं अत्थे
147,तो अबुहबोहणत्थं पयडत्था कीरए एसा // शुर्शुछ.४०
148,
149,किञ्च सीसिणिमयहरियाए गुरुभगिणीए अलन्धवयणाए
150,सिरिकल्लाणमईए पवत्तिणीए उ वयणेण // शुर्शुछ.४१
151,
152,पारद्धा जं एसा कवित्तगव्वेण नो मए तेण
153,कीरइउत्ताणत्था पाइयगाहाहिं ललियपया // शुर्शुछ.४२
154,
155,हु पज्जत्तं बहुणा पत्थुयविग्धावहेण विहलेण
156,विहवकुलबालियाकयकडक्खविक्खेवसरिसेणं // शुर्शुछ.४३
157,
158,निसुणह एगग्गमणा होउमियाणिं कहं कहिज्जन्तं
159,अड̣धाइज्जसएहिं गाहाणं कयपरिच्छेयं // शुर्शुछ.४४
160,
161,अत्थेत्थ सुवित्थिन्नो उड̣धाहोलोगमज्झयारम्मि
162,नामेण तिरियलोगो विबुहाणुगओ सुमेरुव्व // शुर्शुछ.४५
163,
164,
165,[प. ९]
166,दीवो उ अत्थि तत्थवि वित्थरओ जोयणाण लक्खं तु
167,जलहिवलयावगụ̄धो जम्बुद्दीवो त्ति विक्खाओ // शुर्शुछ.४६
168,
169,तस्स य दाहिणभागे भरहं नामेण अत्थि वरखेत्तं
170,वेयड्ढनगवरेणं दुहा विहत्तं सुवित्थिन्नं // शुर्शुछ.४७
171,
172,अह दाहिणड्ढभरहे गङ्गासिन्धूण मज्झयारम्मि
173,कप्पदुमोव्व दुमाणं बहुदेसाणं पहाणयारो // शुर्शुछ.४८
174,
175,धन्नसमिद्धिलपामररासयसंसद्दपूरियदियन्तो
176,अविकरहमहिसरासहनाणाविहगोहणाइन्नो // शुर्शुछ.४९
177,
178,पइदियहवहन्ताणेयसारणीविसररेहिरुज्जाणो
179,पुरनगरगामपउरो बहुरिद्धिसमिद्धसयलजणो // शुर्शुछ.५०
180,
181,निच्चं पमुइयलोओ नाणाविहउच्छवेहिं अविरहिओ
182,भयडमररहियगामो कुरुत्ति नामेण वरदेसो // शुर्शुछ.५१
183,
184,[चतुर्भिः कलापकम]
185,
186,[प. १०]
187,अविय अणवरयवहन्ताणेयवणियसत्थोहवसिमसयलपहो
188,जत्थ न नज्जइ पहि पहिं अडविवसिठाणयविसेसो // शुर्शुछ.५२
189,
190,अन्नं च तम्मि देसे गुणाण भवणम्मि एयमच्छरियं
191,सोअरहिओवि जं सुणइ जणवओ लोयभणियाइं // शुर्शुछ.५३
192,
193,अविय जत्थ य गाममहल्ला कररहिया धम्मवज्जिया मुणिणो
194,देसस्स तस्स संवण्णणम्मि को उज्जमं कुणइ? // शुर्शुछ.५४
195,
196,तत्थवि य अत्थि वित्थिन्नजलहिवलयाणुकारिपरिहाए
197,परपुरिसालङ्घाए परिक्खित्तं भमिरमयराए // शुर्शुछ.५५
198,
199,पडवक्खभयुप्पायणविसालसालेण परिगयं रम्मं
200,रमणीयमगरतोरणगोउरदारेहिं परिकिन्नं // शुर्शुछ.५६
201,
202,अइनीलबहलउववणविरायमाणावसाणभागेहिं
203,मत्तालम्बगवक्खयजुएहिं वरचित्तजुत्तेहिं // शुर्शुछ.५७
204,
205,
206,[प. ११]
207,नाणभूमिजुएहिं पासाएहिं तुसारधवलेहिं
208,तन्नयरवासिजणजसथूहेहिव्व निच्चमइरम्मं // शुर्शुछ.५८
209,
210,तह अवरावरदेसागएण तन्नयरवासिणा चेव
211,वणियकलानिउणेणं पइदियहं वणियलोएण // शुर्शुछ.५९
212,
213,किज्जन्तवणिज्जेहिं विरायमाणं अणेगहट्टेहिं
214,परिपूरिएहिं अन्तो बहुमुल्लकियाणगसएहिं // शुर्शुछ.६०
215,
216,उत्तुङ्गमगरतोरणपवणुद्धुयधवलधयवडड̣धेहिं
217,सुदंरदेवउलेहिं उवसोहियसुन्दरपएसं // शुर्शुछ.६१
218,
219,तह पण्डुपउमसण्डोहमण्डियाणेयगुरुतरसरेहिं
220,सोवाणपन्तिसुगमावयारवावीसहस्सेहिं // शुर्शुछ.६२
221,
222,वरतियचउक्कचच्चरआरामुज्जाणदीहियाईहिं
223,देवाणमवि कुणन्तं पए पए चित्तसंहरणं // शुर्शुछ.६३
224,
225,
226,[प. १२]
227,सयलन्नपुरपहाणं नयरं सिरिहत्थिणाउरं नाम
228,नयरगुणोहुववेयं सङ्कासं अमरनयरस्स // शुर्शुछ.६४
229,
230,[दशमिः कुलकम]
231,जत्थ य निवसइ लोओ पियंवओ धम्मकरणतल्लिच्छो
232,दक्खिन्नचायभोगेहिं सङ्गओ तह कलाकुसलो // शुर्शुछ.६५
233,
234,जत्थ य पुरम्मि निच्चं इओ तओ बहुपओयणपरेण
235,भमिरजणसमुदएणं दुस्सञ्चाराओ रत्थाओ // शुर्शुछ.६६
236,
237,जत्थ य कोडिपडायापच्छाइयसयलगयणमग्गम्मि
238,लोओ गिम्हदिणेसुवि रविकरतावं न याणेइ // शुर्शुछ.६७
239,
240,जत्थ य पुरम्मि पुरिसा घरभित्तिनिहित्तमणिमऊहेहिं
241,निच्चं हयन्धयारे गयम्पि राइं न याणन्ति // शुर्शुछ.६८
242,
243,रम्मत्तणओ जस्स य पलोयणत्थंव आगया देवा
244,कोउगवक्खित्तमणा अणमिसनयणत्तणं पत्ता // शुर्शुछ.६९
245,
246,
247,[प. १३]
248,धवलहरसिहरविरइयपवणपहल्लन्तवेजयन्तीओ
249,सन्नन्ति व रविणो सारहिस्स अइउच्चगमणट्ठा // शुर्शुछ.७०
250,
251,जत्थ य पुरम्मि दीसइ पायपहारो उ रङ्गभूमीसु
252,दण्डो उ धयवडाणं सीसच्छेओ जुयारीण // शुर्शुछ.७१
253,
254,कुसुमाण सिरसि बन्धो सागच्छेत्तेसु जीवकत्तणया
255,तह पण्डियपरिसासु पत्ताणं हन्दि! भिन्दणया // शुर्शुछ.७२
256,
257,अह एक्कॊ च्चिय दोसो गुणाण भवणम्मि तम्मि नयरम्मि
258,निद्दोससाहुणो जं सयावि दीसन्ति गुत्तिठिया // शुर्शुछ.७३
259,
260,अह तम्मि पुरम्मि पहू पभूयकरितुरयरयणभण्डारो
261,जहभणियनीइपालणआणन्दियसयसजणचित्तो // शुर्शुछ.७४
262,
263,नियबुद्धिसमुदएणं वसीकयासेससत्तुसन्ताणो
264,सम्पूरियत्थिसमुदयमणपत्थियअत्थवित्थारो // शुर्शुछ.७५
265,
266,
267,[प. १४]
268,दढकạधिणभुया 'परिमियपरक्कमक्कन्तसयलपडिवक्खो
269,पडिवक्खभामिणीवयणनलिणसङ्कोयमणमयङ्को // शुर्शुछ.७६
270,
271,सूरोव्व पिहुपयावो सीहो इव अकयपरबलासङ्को
272,उयहिव्व सुगम्भीरो चन्दो इव जणमणाणन्दो // शुर्शुछ.७७
273,
274,रुवेण कामदेवो बुद्धिए सुरगुरुस्स सारिच्छो
275,निवसइ पमोयपत्तो राया सिरिअमरकेउत्ति // शुर्शुछ.७८
276,
277,[पञ्चभिः कुलकम]
278,तस्स य तिवग्गसारं रज्जसिरिं सम्ममणुहवन्तस्स
279,वच्चन्ति वासराइ इन्दस्स व देवलोगम्मि // शुर्शुछ.७९
280,
281,अह अन्नया कयाइवि अत्थाणगयस्स राइणो तस्स
282,विणयपणउत्तमङ्गो पडिहारो बन्धुलो भणई // शुर्शुछ.८०
283,
284,देव! कुसग्गपुराओ चित्तयरो चित्तकम्मपत्तट्ठो
285,नामेण चित्तसेणो समागतो चिट्ठइ दुवारे // शुर्शुछ.८१
286,
287,
288,[प. १५]
289,सो देवपायदंसणसुहकङ्खी इच्छए इह पवेसं
290,एवं च ठिए अम्हं देवाएसो पमाणन्ति // शुर्शुछ.८२
291,
292,तत्तो रण्णा भणियं लहुं पवेसेहि ताहे सो विहिणा
293,अत्थाणम्मि पविट्ठो कयविणओ राइणो पुरओ // शुर्शुछ.८३
294,
295,उवविट्ठो भूमीए रन्ना भणिओ कुओ 'सि तं भद्द!?
296,केण व कज्जेण इहं समागओ मह समीवम्मि? // शुर्शुछ.८४
297,
298,तो भणइ चित्तसेणो कुसग्गनयराउ आगओ देव!
299,चित्तगरो साइसयं जाणामि य चित्तकम्ममहं // शुर्शुछ.८५
300,
301,चित्तप्पिओ य देवो सुम्मइ वत्तासुं तेण अहमेत्थ
302,चित्तकलं पयडेउं समागओ देवपासम्मि // शुर्शुछ.८६
303,
304,तत्तो रन्ना भणियं केरिसयं चित्तकोसलं तुज्झ?
305,दंसेहि ताव मज्झं आलिहियं किञ्चि वररुवं // शुर्शुछ.८७
306,
307,
308,[प. १६]
309,अह तेण कक्खदेसम्मि गोविया चित्तपट्टिया सहसा
310,पयडीकाउं रण्णो समप्पिया हिट्ठवयणेण // शुर्शुछ.८८
311,
312,पसरन्तपयडपुलओ राया पुलोएइ तत्थ आलिहियं
313,नाणावन्नयकलियं पमाणरेहाहिं सुविसुद्धं // शुर्शुछ.८९
314,
315,अहिणवज्जोव्वणवररुवजुत्तमच्चन्तमणहरागारं
316,अहिणवसिहिणारम्भं कण्णाए रुवयं पवरं // शुर्शुछ.९०
317,
318,तं दट्ठुं नरनाहो चिन्तइ एसो हु चित्तकम्मम्मि
319,अइकुसलो जं लिहियं अउव्वरुवं इमं रूवं // शुर्शुछ.९१
320,
321,तिलोक्कम्मिवि मन्ने एरिसरूवा न इत्थिया अत्थि
322,चित्तकलानिउणत्ता अदिट्ठरूवा इमा लिहिया // शुर्शुछ.९२
323,
324,जइ पुण कत्थवि होज्जा एरिसरुवेण इत्थिया कन्ना
325,तीए वि सङ्गमो जइ ता रज्जं होज्ज सकयत्थं // शुर्शुछ.९३
326,
327,
328,[प. १७]
329,एवं चिन्तेन्तस्स य वम्महसरगोयरम्मि पडियस्स
330,वीसरिओ से अप्पा चित्ते 'वक्खित्तचित्तस्स // शुर्शुछ.९४
331,
332,तत्तो खणन्तराओ संमीलियलोयणो अमरकेऊ
333,सीहासणाउ पडिओ मुच्छाए परवसो सहसा // शुर्शुछ.९५
334,
335,हा! हा! हत्ति भणन्ता अत्थाणगया समुट्ठिया लोया
336,वीयन्ति वीयणेहिं सीयलसलिलेणं सिञ्चन्ति // शुर्शुछ.९६
337,
338,वयणे खिवन्ति खिप्प कप्पूरं तह मलेन्ति अङ्गाइं
339,तं दट्ठुं चित्तसेणो पहसियवयणो दढं जाओ // शुर्शुछ.९७
340,
341,रे! रे! कोवि हु पावो अहिमररूवेण आगओ एसो
342,कम्मणगारी जेणिह विमोहिओ अम्ह सामित्ति // शुर्शुछ.९८
343,
344,तालेह हणह वन्धह एवं भणन्तेहिं अङ्गरक्खेहिं
345,गहिओ सो हम्मन्तो एवं भणिउं समाढत्तो // शुर्शुछ.९९
346,
347,
348,[प. १८]
349,भो! भो! भद्दा! नाहं दुट्ठो ता मा मुहा कयत्थेह
350,तत्तो य तेहिं भणियं कहं न दुट्ठो तुमं पाव!? // शुर्शुछ.१००
351,
352,कम्मणकयं हि चित्तं पयंसियं कीस राइणो तुमए?
353,तह मुच्छियम्मि देवे वियसियवयणो य किं जाओ? // शुर्शुछ.१०१
354,
355,ता कहसु केण रण्णो वहणत्थं पेसिओ तुमं पाव!?
356,तो भणइ चित्तसेणो अक्खिस्सं तुम्ह सव्वम्पि // शुर्शुछ.१०२
357,
358,रन्नो अब्भुदयत्थं समागओ न उण दुट्ठबुद्धीए
359,एमाइ भणन्तोवि हु बद्धो सो रायपुरिसेहिं // शुर्शुछ.१०३
360,
361,एत्थन्तरम्मि राया गयमुच्छो सत्थचेयणो जाओ
362,अह नरवइणा भणियं मुञ्चह भो! चित्तगरमेयं // शुर्शुछ.१०४
363,
364,उच्छोडियबन्धो सो रन्ना भणिओ य भद्द! उवविससु
365,आइक्खसु मह सच्चं केण तुमं पेसिओ एत्थ? // शुर्शुछ.१०५
366,
367,
368,[प. १९]
369,तो भणइ चित्तसेणो निसुणसु नरनाह! एत्थ परमत्थं
370,चित्तगरवेसधारी समागओ जेण अहमेत्थ // शुर्शुछ.१०६
371,
372,अत्थेत्थ कुसग्गपुरं सुपसिद्धं चेव देवपायाणं
373,नयरगुणोहुववेयं धणधन्नसमिद्धजणकलियं // शुर्शुछ.१०७
374,
375,पणइजणपूरियासो राया घणवाहणॊत्ति तत्थासि
376,पाणप्पिया से देवी वसन्तसेणत्ति नामेण // शुर्शुछ.१०८
377,
378,ताण य पुत्तो नरवाहणॊत्ति नामेण उक्कडपयावो
379,कमलावइत्तिनामा धूयाअच्चन्तरूववई // शुर्शुछ.१०९
380,
381,अह अन्नया य राया दाउं नरवाहणस्स नियरज्जं
382,कमलावई य भगिणी अणुरूववरस्स दायव्वा // शुर्शुछ.११०
383,
384,इय भणिऊण पुत्तं सुगुरुसमीवम्मि जायसंवेगो
385,संसारुच्छेयकरं सामन्नं उवगओ विहिणा // शुर्शुछ.१११
386,
387,
388,[प. २०]
389,नरवाहणोवि राया रज्जं पालेइ पणयपडिवक्खं
390,चिट्ठइ कन्नन्तेउरमज्झे कमलावइ वि सुहं // शुर्शुछ.११२
391,
392,एत्तो य तम्मि नयरे निवसइ वणिओ उ सागरो नाम
393,रन्नो बालसवयंसो जिणवयणे गाढमणुरत्तो // शुर्शुछ.११३
394,
395,सिरिमइनामा भज्जा अइप्पिया तस्स सीलसम्पन्ना
396,सिरिदत्तो से पुत्तो सिरिकन्ता तहय दुहियत्ति // शुर्शुछ.११४
397,
398,सिरिकन्ता अणुदियहं वच्चई कमलावईए पासम्मि
399,जाया य गरुयपीई अन्नोन्नं ताण दोण्हम्पि // शुर्शुछ.११५
400,
401,इत्थीजणजोगाओ गहियाओ कलाओ बालभावेवि
402,सगलकलानिउणस्स उ पासम्मि सुमित्तसेणस्स // शुर्शुछ.११६
403,
404,रायदुहियाए समयं चित्ताईयाहि विविहकीलाहिं
405,सिरिकन्ता कीलेत्ता विगालसमयम्मि एइ गिहं // शुर्शुछ.११७
406,
407,
408,[प. २१]
409,सिरिकन्ताए समयं सिणेहसाराए रायधूयाए
410,वोलीणो बहुकालो नाणाविहकीडणरयाए // शुर्शुछ.११८
411,
412,कमसो वड्ढन्तीओ तियसाण वि पत्थणिज्जरूवाओ
413,पत्ताओ पढमजोव्वणमणङ्गसिङ्गारआवासं // शुर्शुछ.११९
414,
415,अह अन्नया य राया मइसागरसागरेहि सञ्जुत्तो
416,अत्थाणमण्डवम्मी आसीणो अच्छई जाव // शुर्शुछ.१२०
417,
418,नियसहियणसञ्जुत्ता ताव य कमलावई तहिं आया
419,भूसणपसाहिअङ्गी गेन्दुयकीलाए कीलन्ती // शुर्शुछ.१२१
420,
421,अह सा भगिणी रन्ना पीईए निवेसिया निउच्छङ्गे
422,तत्तो दट्ठुं तीए रूवं तह जोव्वणमुदग्गं // शुर्शुछ.१२२
423,
424,भणिओ रन्ना मन्ती मइसागर! तइय पव्वयन्तेण
425,ताएण अहं भणिओ भगिणी ठाणम्मि दायव्वा // शुर्शुछ.१२३
426,
427,
428,[प. २२]
429,इण्हिं वरस्स उचिया जाया एसत्ति ता महं कहसु
430,को अणुरूवो पुरिसो इमीए सुकुलप्पसूओ य? // शुर्शुछ.१२४
431,
432,मइसागरेण भणियं देवॊ च्चिय एत्थ जाणए उचियं
433,तत्तो रन्ना भणियं एवं मे फुरई चित्तम्मि // शुर्शुछ.१२५
434,
435,कीरइ सयंवरो इह हक्कारिज्जन्तु सव्वरायाणो
436,जो चेव हिययइट्ठो तं चेव वरेई जेणेसा // शुर्शुछ.१२६
437,
438,मइसागरेण भणियं जं देवो आणवेइ तं किच्चं
439,नवरि सयंवरकरणं सम्पइ उचियं न काउं जे // शुर्शुछ.१२७
440,
441,सव्वेवि निवा जइया आयत्ता हॊन्ति एगनरवइणो
442,तदणुन्नाएण तया सयंवरो होइ कायव्वो // शुर्शुछ.१२८
443,
444,एगस्स जओ वरणे सेसाणं सो निवारगो होइ
445,सम्पइ पुण रायाणो नरिन्द! सव्वेवि अहमिन्दा // शुर्शुछ.१२९
446,
447,
448,[प. २३]
449,ता ताणमेगवरणे सेसा सव्वेवि सत्तुणो हॊन्ति
450,न य सक्का सङ्गामे जिणिउं सव्वेवि एगेण // शुर्शुछ.१३०
451,
452,ता अलमिमिणा नरवर! विग्गहमूलेणणत्थबहुलेण
453,कमलावईसयंवरकरणेण एत्थ पत्थावे // शुर्शुछ.१३१
454,
455,तत्तो रण्णा भणियं कस्सेसा तरिहि भद्द! दायव्वा
456,को व इमीए इट्ठो मणस्स इह कह णु नायव्वं? // शुर्शुछ.१३२
457,
458,जस्स व तस्स व रन्नो दायव्वा न य मए निययभगिणी
459,"दिन्ना होइ सुदिन्ना जस्स, इमा तस्स दायव्वा // शुर्शुछ.१३३"
460,
461,एवं च जाव जम्पइ राया मइसागरेण सह तत्थ
462,ताव य दुवारपालो पणामपच्चुट्ठिओ भणइ // शुर्शुछ.१३४
463,
464,अट्ठङ्गनिमित्तविऊ भूयभविस्सत्थपयडणपडिट्ठो
465,सुणईनामो इहइं समागओ देव! नेमित्ती // शुर्शुछ.१३५
466,
467,
468,[प. २४]
469,सो देवदंसणत्थं दुवारदेसम्मि चिट्ठइ इयाणिं
470,इय सोउं नरवइणा भणियं तुरियं पवेसेहिं // शुर्शुछ.१३६
471,
472,तयणन्तरं च सुमई निम्मलसियवसणसोहियसरीरो
473,गोरोयणकयतिलओ समागओ राइणो पुरओ // शुर्शुछ.१३७
474,
475,आसीपयाणपुव्वं दाउं दुव्वक्खए नरिन्दस्स
476,रन्ना कओवयारो उचियासणगम्मि उवविट्ठो // शुर्शुछ.१३८
477,
478,रन्ना पच्चयहेउं अतीयवत्थुम्मि पुच्छिओ एसो
479,पच्चक्खं पिव सव्वं साहेइ सो अवितहं जाव // शुर्शुछ.१३९
480,
481,ताहे पहसियवयणो राया नरवाहणो इमं भणति
482,भो सुमइ! मज्झ भगिणी एसा कमलावई कण्णा // शुर्शुछ.१४०
483,
484,एईए को भत्ता होही मणवल्लहुत्ति वज्जरसु
485,सुमई निरूविऊणं निमित्तमेवं समुल्लवइ // शुर्शुछ.१४१
486,
487,
488,[प. २५]
489,नरवर! चित्ते लिहियं एईए रूवयं पुलोएत्ता
490,मुच्छिज्जिस्सइ जो इह होही भत्ता इमीए सो // शुर्शुछ.१४२
491,
492,सयलोरोहपहाणा तस्स य होही इमा महादेवी
493,एत्थत्त्थे य नरेसर! मा काहिसि अन्नहाभावं // शुर्शुछ.१४३
494,
495,एत्थन्तरम्मि सागरसेट्ठी संलवइ सुमइनेमित्तिं
496,सिरिकन्ताए भत्ता को होही मज्झ धूयाए? // शुर्शुछ.१४४
497,
498,वज्जरइ तओ सुमई कसिणभुयङ्गेण डसियमेयं जो
499,उज्जीविस्सइ सॊ च्चिय भत्ता धूयाए ते होही // शुर्शुछ.१४५
500,
501,एवं च पुच्छिऊणं उचियं काऊण तस्स उवयारं
502,पट्ठविओ नरवइणा जहागयं पडिगओ सुमई // शुर्शुछ.१४६
503,
504,तत्तो य भणइ मन्ती सोहणमहुणा नरिन्द! सञ्जायं
505,ता इण्हिं तब्भणिए कायव्वो उज्जमो होइ // शुर्शुछ.१४७
506,
507,
508,[प. २६]
509,भणियं रन्ना को इह साइसयं लिहइ चित्तकम्मन्ति
510,मइसागरेण भणियं सुपसिद्धो ताव इह नयरे // शुर्शुछ.१४८
511,
512,एक्कॊ च्चिय कमलावइउज्झायसुमित्तसेणनामस्स
513,तणओ उ चित्तसेणो अइकुसलो चित्तकम्मम्मि // शुर्शुछ.१४९
514,
515,[युग्मम]
516,रन्ना भणियं सिग्घं वाहरह तयन्ति तक्खणेण अहं
517,वाहरिओ सम्पत्तो भणिओ रन्ना सबहुमाणं // शुर्शुछ.१५०
518,
519,कमलावईए रूवं सिग्धं आलिहसु चित्तफलहीए
520,"जं आणवेसि भणिउं, सोहणवन्नेहि तं लिहियं // शुर्शुछ.१५१"
521,
522,देक्खालियं च रन्नो साइसयं पेक्खिऊण तो तुट्ठो
523,भणिओ अहं रन्ना एत्थत्थे तं सिउचिउत्ति // शुर्शुछ.१५२
524,
525,चित्तगरवेसधारी एयं घेत्तूण सव्वराईणं
526,दंसेणु जस्स मुच्छा जायइ एयं पुलोएउं // शुर्शुछ.१५३
527,
528,
529,[प. २७]
530,"सो मह साहेअव्वो सिग्धं आगम्म, जेण तस्सेव"
531,महया उवयारेण दिज्जइ कमलावई एसा // शुर्शुछ.१५४
532,
533,[युग्मम]
534,एवं रण्णा भणिओ तत्तो पणमित्तु तस्स पयकमलं
535,कइवयपरियणसहिओ कुसग्गनयराउ नीहरिओ // शुर्शुछ.१५५
536,
537,सुग्गीवकित्तिवद्धणपमुहाणं नरवईण मे एसा
538,सन्दंसियाउ न पुणो जाया इह अत्थसंसिद्धी // शुर्शुछ.१५६
539,
540,अज्ज पुणो इह नयरे समागओ देव! तुम्ह पासम्मि
541,एयं नियच्छिऊणं मुच्छा जाया य तुम्हाणं // शुर्शुछ.१५७
542,
543,जायं मह सामिसमीहियं ति चिन्त्तित्तु तेण नरनाह!
544,जाओ हरिसो मज्झ सुमरिय नेमित्तियं वयणं // शुर्शुछ.१५८
545,
546,एएण कारणेणं मुच्छाए तुम्ह हरिसिओ अहयं
547,ता मा नरिन्द! अन्नहभावेण वियप्पसु ममन्ति // शुर्शुछ.१५९
548,
549,
550,[प. २८]
551,इइ चित्तसेणवयणं सोऊणं विगयअन्नआसङ्को
552,वज्जरइ अमरकेऊ विम्हइओ चित्तरूवेण // शुर्शुछ.१६०
553,
554,किं तीए कन्नाए एरिसयं अत्थि रूवसोहग्गं?
555,ता भणई चित्तसेणो निमेसमेत्तं इमं लिहियं // शुर्शुछ.१६१
556,
557,को सक्कइ कुसलोवि हु जहट्ठियं तीए रायकन्नाए
558,निज्जियतियसविलासिणीरूवं रूवं समालिहिउं? // शुर्शुछ.१६२
559,
560,तव्वयणं सोऊणं हरिसियहियएण राइणा तस्स
561,अङ्गविलग्गमसेसं पसाइयं कडयवत्थाइं // शुर्शुछ.१६३
562,
563,तो भणइ चित्तसेणो आएसं देह देव! अम्हाणं
564,नरवाहणस्स रण्णो जहट्ठियं जेण साहेमो // शुर्शुछ.१६४
565,
566,रण्णण्णुन्नाओ सो कमेण पत्तो कुसग्गनयरम्मि
567,नरवाहणस्स रन्नो सिट्ठो सव्वोवि वुत्तन्तो // शुर्शुछ.१६५
568,
569,
570,[प. २९]
571,अह तेणवि नियभगिणी पभूयधणपरियणेण परियरिया
572,पट्ठविया हिट्ठेणं सयंवरा अमरकेउस्स // शुर्शुछ.१६६
573,
574,सिरिकन्ताइसहिजणं आभासित्ता य सयलपरिवारं
575,कमलावईवि चलिया हरिसविसायाउरा हियए // शुर्शुछ.१६७
576,
577,इच्छियवरलाभेणं साणन्दा तहय बन्धुविरहेणं
578,किञ्चि ससोगा पत्ता कमेण सा हत्थिणपुरम्मि // शुर्शुछ.१६८
579,
580,महया विच्छड्डेणं सोहणलग्गम्मि गुरुपमोएणं
581,कमलावई उ रन्ना परिणीया खत्तकुलविहिणा // शुर्शुछ.१६९
582,
583,पाणाणवि अब्भहिया पवरा अन्तेउरस्स सयलस्स
584,इन्दस्सव इन्दाणी जाया अह सा महादेवी // शुर्शुछ.१७०
585,
586,तीए सह विसयसोक्खं अणुहवमाणस्स राइणो तस्स
587,नीईए सयलभूमिं निययं परिवालयन्तस्स // शुर्शुछ.१७१
588,
589,
590,[प. ३०]
591,वच्चन्ति वासराइं सुहसमुदयमसममणुहवन्तस्स
592,विबुहपहुस्सव तियसालयम्मि अद्दिट्ठदुक्खस्स // शुर्शुछ.१७२
593,
594,तम्मि य पुरे पसिद्धो पवरो पउराण आसि धणधम्मो
595,सेट्ठी निवस्स इट्ठो पत्तट्ठो सव्वसत्थेसु // शुर्शुछ.१७३
596,
597,नीसेसअत्थिवित्थरपत्थियअब्भहियदिन्नवरदाणो
598,अज्जयपज्जयजणयज्जियाए लच्छीए 'लङ्करिओ // शुर्शुछ.१७४
599,
600,जिणसमयसत्थवित्थरवियक्खणो मोक्खमग्गतल्लिच्छो
601,जिणसाहुपूयणरओ साहम्मियवच्छलो धणियं // शुर्शुछ.१७५
602,
603,अवहसियतियससुन्दरिरूवाइसया पईवया दक्खा
604,भज्जा मणोरमनामा तस्स य पाणप्पिया धणियं // शुर्शुछ.१७६
605,
606,ताणं तिवग्गसारं विसयसुहं सम्ममणुहवन्ताणं
607,नियकुलमण्डणभूओ जाओ अह दारओ एक्को // शुर्शुछ.१७७
608,
609,
610,[प. ३१]
611,वत्ते य बारसाहे अम्मापीईहिं निययकुलविहिणा
612,धणदेवॊत्ति य सम्मं नामं निव्वत्तियं तस्स // शुर्शुछ.१७८
613,
614,अह पञ्चधाइकयविविहलालणो दारओ स वड्ढन्तो
615,पत्तो कुमारभावं माउपिउणं कयाणन्दो // शुर्शुछ.१७९
616,
617,अब्भहियअट्ठवरिसो सम्मं अब्भसियसयलविज्जस्स
618,उज्झायस्सुवणीओ विन्नायकलाकलावस्स // शुर्शुछ.१८०
619,
620,थेवेण वि कालेणं अहिगमियाओ समत्थविज्जाओ
621,सयले कलाकलावे अह जाओ सोवि पत्तट्ठो // शुर्शुछ.१८१
622,
623,तत्तो गहियकलावो समाणिओ नियघरम्मि धणदेवो
624,पिउणा से उज्झाओ स पूइओ वत्थमाईहिं // शुर्शुछ.१८२
625,
626,कमसो पवड्ढमाणो धणदेवो जोव्वणं समणुपत्तो
627,निज्जियअणङ्गरुवो जाओ वरकामिणीदइओ // शुर्शुछ.१८३
628,
629,
630,[प. ३२]
631,अह सो समाणजोव्वणरूवाइसएहिं वरवयंसेहिं
632,परियरिओ आहिण्डइ ईसरलीलं विडम्बन्तो // शुर्शुछ.१८४
633,
634,अह अन्नया कयाइवि वयंसविसरेण परिगओ एसो
635,नयराओ नीहरिओ पत्तो य मणोरमुज्जाणे // शुर्शुछ.१८५
636,
637,दिट्ठो य तत्थ एगो पुरिसो गुरुसोयपरिगओ तेण
638,वावीतडोवविट्ठो अंसुजलोहलियगण्डयलो // शुर्शुछ.१८६
639,
640,धणदेवो तं दट्ठुं पुरिसं उप्पन्नगरुयकारुण्णो
641,आसन्ने गन्तूणं महुरगिराए इमं भणति // शुर्शुछ.१८७
642,
643,को सि तुमं कत्तो वा किं वा ते सोयकारणं भद्द!?
644,एवं च तेण भणिओ सो पुरिसो एवमुल्लवइ // शुर्शुछ.१८८
645,
646,कह तम्मि वज्जरिज्जइ दुक्खं गुरुदुक्खपीडियमणेहिं
647,न कुणइ जो पडियारं न य दुहिओ अहव जो होइ? // शुर्शुछ.१८९
648,
649,
650,[प. ३३]
651,तहवि हु कहेमि सुन्दर! मा वयणं तुज्झ निप्फलं जाउ
652,सीहगुहानामेणं अइविसमा अत्थि पल्लित्ति // शुर्शुछ.१९०
653,
654,तीए य सुपइट्ठो पल्लिवई तस्स भारिया लच्छी
655,तीए पुत्तो जाओ जयसेणो जणमणाणन्दो // शुर्शुछ.१९१
656,
657,तस्स य बालग्गहो अहयं नामेण देवसम्मॊत्ति
658,कीलामि य जयसेणं तत्थ अहं विविहकीलाहिं // शुर्शुछ.१९२
659,
660,अह अन्नया य बाहिं विणिग्गओ गेण्हिऊण जयसेणं
661,पुरिसेहिं दोहि दिट्ठो तत्थ अहं जोगिरूवेहिं // शुर्शुछ.१९३
662,
663,सम्भासिऊण पुव्विं दिन्नो मह तेहिं पवरतम्बोलो
664,तम्मि समाणियमित्ते मइसंमोहो महं जाओ // शुर्शुछ.१९४
665,
666,तत्तो कुमरसमेओ तेसिमणुमग्गमेव लग्गो हं
667,जाणामि नेव किञ्चिवि विमोहिओ तेहिं पावेहिं // शुर्शुछ.१९५
668,
669,
670,[प. ३४]
671,तेहि समेतो अहयं वयामि जा कित्तियम्पि भूभागं
672,ताव य तिसिएण मए एगम्मि उववणनिगुञ्जे // शुर्शुछ.१९६
673,
674,बहुविहतरुफलकलुसं पीयं नीरं तु तप्पभावेण
675,जाओ सत्थसरीरो विचिन्तियं ताहि मे एयं // शुर्शुछ.१९७
676,
677,रयणीइ गहिय कुमरं नासिस्समिमाण पावपुरिसाणं
678,इय चिन्तिय चलिओ हं अलक्खिओ चेव सह तेहिं // शुर्शुछ.१९८
679,
680,पत्ताए रयणीए निसुया अन्नोन्नमुल्लवेमाणा
681,एएण बालएणं सिज्झिस्सइ जक्खिणी अम्हं // शुर्शुछ.१९९
682,
683,तुगीयपव्वयम्मी पत्ता हुंणिऊण बालयं एयं
684,सिद्धाए जक्खिणीए पाविस्सामो निहिं तं तु // शुर्शुछ.२००
685,
686,"इय तेसिं सोऊणं भणियं, भयवेविरो दढं जाओ"
687,सुत्तेसु तेसु घेत्तुं जयसेणं ताहि नट्ठो हं // शुर्शुछ.२०१
688,
689,
690,[प. ३५]
691,कहकहवि हु नासन्तो गवेसमाणेहिं तेहिं हं पत्तो
692,बन्धित्तु तओ वसभे समारुहेत्ता इहाणीओ // शुर्शुछ.२०२
693,
694,अज्ज पुणो इह नयरे सम्पत्तो सत्तमाउ दिवसाउ
695,तन्हाछुहाभिभूओ मुक्को हं एत्थ उज्जाणे // शुर्शुछ.२०३
696,
697,ता भद्द! इमं गुरुसोयकारणं साहियं मए तुम्ह
698,जइ अत्थि कावि सत्ती ता रक्खह बालयं तं तु // शुर्शुछ.२०४
699,
700,भणियं धणदेवेणं सम्पइ चिट्ठन्ति कत्थ ते पुरिसा?
701,सो भणइ गहियकुमरो एगो नग्गोहहेट्ठम्मि // शुर्शुछ.२०५
702,
703,बीओ पुरे पविट्ठो सुराइकज्जेण सम्पयं चेव
704,इय भणिए धणदेवो जोगियपासे गओ तुरियं // शुर्शुछ.२०६
705,
706,भणिओ य तेण एसो एयं मह देसु बालयं भद्द!
707,"अहयं सुवन्नलक्खं तुह देमि, न एत्थ सन्देहो // शुर्शुछ.२०७"
708,
709,
710,[प. ३६]
711,तो जोगिएण भणियं जाव न सो एइ दुइयओ जोगी
712,ताव मह देसु लक्खं जेण इमं देमि तुह बालं // शुर्शुछ.२०८
713,
714,तत्तो धणदेवेणं समप्पियं अङ्गुलीययं तस्स
715,दीणारलक्खमुल्लं मुक्को य इमेण जयसेणो // शुर्शुछ.२०९
716,
717,घेत्तूण अङ्गुलीयं सिग्घयरं जोगिओ तओ नट्ठो
718,घेत्तूण य जयसेणं धणदेवो देवसम्मस्स // शुर्शुछ.२१०
719,
720,पासम्मि समल्लीणो भणिओ एसो य गिन्ह कुमरत्ति
721,तत्तो य देवसम्मो पहसियवयणो इमं भणइ // शुर्शुछ.२११
722,
723,तं सामी तं बन्धू तं चिय मह जीयदायगो सुयणु!
724,किं किं न कयं तुमए जीयं कुमरस्स दिन्तेण? // शुर्शुछ.२१२
725,
726,"मह सामियस्स दिन्नं, जीयं जं पाणवल्लहो पुत्तो"
727,पाविट्ठदुट्ठजोगियकयन्तवयणाउ नीहरिओ // शुर्शुछ.२१३
728,
729,
730,[प. ३७]
731,तत्तो धवदेवेणं नीओ गेहम्मि भोइओ सम्मं
732,सत्थस्स मेलिऊणं पट्ठविओ निययठाणम्मि // शुर्शुछ.२१४
733,
734,एसो पुण वुत्तन्तो वित्थरिओ तत्थ पुरवरे सहसा
735,अइचाई धणदेवो देइ धणं लक्खगन्नेहिं // शुर्शुछ.२१५
736,
737,ता जत्थ जत्थ दीसइ धणदेवो नियवयंसपरियरिओ
738,अन्नोन्नं पुरलोओ तत्थ इमं विविहमुल्लवइ // शुर्शुछ.२१६
739,
740,एसो सो धणदेवो चाई भोगी य तह कलाकुसलो
741,अत्थिजणपत्थिओ जो वरिसइ लक्खेहिं धन्नॊत्ति // शुर्शुछ.२१७
742,
743,अन्ने पुण मच्छरिणो भणन्ति नियचायगव्विया तत्थ
744,किं सलहिज्जइ एसो नियपिउलच्छीए खयकालो? // शुर्शुछ.२१८
745,
746,तं दाणमिह पसस्सं तं चेव य पोरुसस्स वुड̣धिकरं
747,जं नियपरक्कमेणं विढविय विलसिज्जइ जहिच्छं // शुर्शुछ.२१९
748,
749,
750,[प. ३८]
751,जं पुण अज्जयपज्जयजणयज्जियअत्थमज्झओ दाणं
752,परमत्थओ कलङ्कं तयं तु पुरिसाभिमाणीणं // शुर्शुछ.२२०
753,
754,भणियं च बप्पविढविय दव्वेणं को न विड̣धिरं कुणइ
755,सइविढवणविलासणयं जणयइ विरलं सुयं नारी // शुर्शुछ.२२१
756,
757,एयं जणप्पवायं निसुणित्ता चिन्तई उ धणदेवो
758,सच्चं भणन्ति एए न हु जुत्तं मज्झ एरिसयं // शुर्शुछ.२२२
759,
760,ता परदेसं गन्तु विढवित्ता भूरिभूइपब्भारं
761,विलसामि जहिच्छाए दीणा 'णाहाण अविसङ्को // शुर्शुछ.२२३
762,
763,इय चिन्तिय धणदेवो माउपिऊणं सगासमागम्म
764,विणयपणउत्तमङ्गो कयञ्जली भणिउमाढत्तो // शुर्शुछ.२२४
765,
766,तुब्भेहिं अणुन्नाओ गन्तूणं ताय! अन्नदेसम्मि
767,विढवामि भूरिदव्वं इय इच्छा सम्पयं मज्झ // शुर्शुछ.२२५
768,
769,
770,[प. ३९]
771,ता अणुजाणउ ताओ पुज्जन्तु मणोरहा इमे मज्झ
772,गच्छामि अन्नदेसं वणिज्जबुद्धीए सयमेव // शुर्शुछ.२२६
773,
774,भणियं जणणीए तओ गमणवयणम्पि दुस्सहं पुत्त!
775,अच्छउ ता दूरॆ च्चिय पुण गमणं अन्नदेसम्मि // शुर्शुछ.२२७
776,
777,अन्नं च अत्थि लच्छी तुह जणएणावि अज्जिया पुत्त!
778,जीए विलसन्तोवि हु अन्तं काउं न सत्तो सि // शुर्शुछ.२२८
779,
780,अविय जणएण य तुह पुत्तय! अत्थुप्पत्तीए कारणं जं जं
781,तं सव्वं कारवियं किं कज्जं तुह वणिज्जेण? // शुर्शुछ.२२९
782,
783,भणियं धणदेवेणं जावज्जवि अम्मि! बालओ पुत्तो
784,ताव नियजणणिसिहिणे फरिसन्तो लहइ सोहम्पि // शुर्शुछ.२३०
785,
786,वोलीणबालभावो छिप्पइ पावेण तं करेमाणो
787,तह पिउलच्छी जणणिव्व होइ सुसमत्थपुत्ताणं // शुर्शुछ.२३१
788,
789,
790,[प. ४०]
791,सुसमत्थो वि हु जो जणयअज्जियं सम्पयं निसेवेइ
792,सो अम्मि! ताव लोए ममंव उवहासं लहइ // शुर्शुछ.२३२
793,
794,इय भणिउं धणदेवो अंसुजलुप्फुण्णलोयणो सहसा
795,मुक्कलह इह भणन्तो पडिओ जणणीए चलसेणु // शुर्शुछ.२३३
796,
797,तो धणधम्मो सेट्ठी नाउं अवसाण- (य) कारणं तस्स
798,वज्जरइ पुत्तं! को तुज्झ वञ्छिए कुणइ विग्घन्ति? // शुर्शुछ.२३४
799,
800,जणएणं जणणी पुत्तविओगं अणिच्छमाणीवि
801,कहकहवि हु सण्ठविया विन्नायसुयावमाणेण // शुर्शुछ.२३५
802,
803,एवं सो धणदेवो मायावित्तेहिं अब्भणुन्नाओ
804,परदेसगमणजोगं गहिऊण चउव्विहं भण्डं // शुर्शुछ.२३६
805,
806,अट्ठाहियमहिमाओ कारावेत्ता जिणिन्दभवणेसु
807,सम्पूइय साहुजणं संमाणिय माणणिज्जजणं // शुर्शुछ.२३७
808,
809,
810,[प. ४१]
811,सयलम्मि तम्मि नयरे कारिय आघोसणं जणे मिलिए
812,नेमित्तियआइट्ठे सुहदिवसे विहियमङ्गल्ले // शुर्शुछ.२३८
813,
814,गहिऊण पवरसउणं अङ्गीकाउं कुसग्गवरनयरं
815,हियबन्धुवणियसहिओ नीहरिओ निययनयराओ // शुर्शुछ.२३९
816,
817,[चतुर्भिः कलापकम]
818,एवं सो धणदेवो संवाहियसहपयट्टजणनियरो
819,लहुलहुपयाणएहिं वच्चइ सह गरुयसत्थेण // शुर्शुछ.२४०
820,
821,तत्तो 'णुवासरं सो सत्थो वसिमं अइक्कमेऊण
822,अह कमसो सम्पत्तो एक्कं अइभीसणं अडविं // शुर्शुछ.२४१
823,
824,जत्थ अदीसन्ताणवि घणपत्तलपउरपायवत्तणओ
825,कूइयसरसंसवणा गम्मइ विहगाण अत्थित्तं // शुर्शुछ.२४२
826,
827,अन्नं त जीए लोया नीइपहाणस्स पुहइपालस्स
828,नयरीए इव न कुणन्ति कहवि उम्मगसञ्चरणं // शुर्शुछ.२४३
829,
830,
831,[प. ४२]
832,वियडाडवीए तीए मज्झंमज्झेण वयइ सो सत्थो
833,नियकोलाहलपडिरवपडिपूरियजुन्नतरुविवरो // शुर्शुछ.२४४
834,
835,तुङ्गतरुनियरसाहप्पसाहसञ्छन्नअम्बरत्तणओ
836,सव्वम्पि वहइ दियहं अलग्गरविकिरणसन्तावो // शुर्शुछ.२४५
837,
838,कविकगुयुगरुतरवोक्कारसवणसहसुत्तसन्तबहुवसहो
839,उत्तसियवसहवालणनिमित्तपमुक्कहक्कारो // शुर्शुछ.२४६
840,
841,हक्कारसद्दपडिरवसंसवणुत्तासियाण सयराहं
842,आयन्नन्तो दिसि दिसि घूयाणं भूरिहुङ्कारे // शुर्शुछ.२४७
843,
844,वसहकण्ठपलम्बिरघण्टिया-रणियपूरियभूरितरम्बरो
845,"विसखुरुक्खयरेणुनिरन्तरो, वयइ तत्थ स वाणियसत्थओ // शुर्शुछ.२४८"
846,
847,
848,[प. ४३]
849,साहुधणेसरविरइयसुबोहगाहासमूहरम्माए
850,रागग्गिदोसविसहरपसमणजलमन्तभूयाए // शुर्शुछ.२४९
851,
852,एसो एत्थ समप्पइ अडविपवेसस्स वन्नणो नाम
853,सुरसुन्दरिनामाए कहाए पढमो परिच्छेओ // शुर्शुछ.२५०
854,
855,
856,
857,---------------------------------------------------------------------
858,
859,[प. ४४]
860,[|| द्वितीयः परिच्छेदः]
861,
862,अह अन्नवासरम्मी कमेण बहुवोलियाए अडवीए
863,गहिय जलासयमेगं अह सो आवासिओ सत्थो // शुर्शुछ.१
864,
865,अह तम्मि सत्थलोए उल्लद्दियसयलवसहनियरम्मि
866,जलइन्धणाइअट्ठा इओ तओ परियडन्तम्मि // शुर्शुछ.२
867,
868,पमुक्केसु दिसि दिसि चरणत्थं सव्ववसहमहिसेसु
869,पारद्धेसु य तक्कालमुचियकिच्चेसु लोएण // शुर्शुछ.३
870,
871,नाऊण पणिहिवसओ भोयणकज्जम्मि आउलं सत्थं
872,सत्थम्मि तम्मि पडिया झडित्ति भिल्लाण धाडित्ति // शुर्शुछ.४
873,
874,[तिस्र̥भिः कलापकम]
875,
876,[प. ४५]
877,अविय. 
878,
879,नवमुग्गवन्नअड्डणढक्कियआजाणुभीसणसरीरा
880,मसिरासी इव काला कुवियकयन्तोव्व दुप्पिच्छा // शुर्शुछ.५
881,
882,खरबीभच्छसरीरा पलासपत्तेहिं विहियसेहरया
883,गुञ्जाफलरतच्छा उब्भङ्खरकेसमपब्भारा // शुर्शुछ.६
884,
885,सनद्धबद्धकवया पट्ठिपएसा 'वणद्धतोणीरा
886,कन्नायड्ढियधणुहपट्ठदीसन्तभल्लोडा // शुर्शुछ.७
887,
888,केवि असिवग्गहत्था केवि हु करगहियलउडया अवरे
889,गुम्फणफेरणसुङ्कारएहिं जीयं व अवणेन्ता // शुर्शुछ.८
890,
891,धिट्ठानिट्ठुरहियया दिसो दिसिं ‘मारि मारि’ भणमाणा
892,अन्नाया एव कुओवि ज्झत्ति भिल्ला समावडिया // शुर्शुछ.९
893,
894,[पञ्चभिः कुलकम]
895,
896,[प. ४६]
897,पडिएसु तओ तेसुं सत्थो सव्वो वि आउलीभूओ
898,भिल्लाण पउरभावा वक्खेवा सत्थपुरिसाण // शुर्शुछ.१०
899,
900,अह तम्मि सरणरहिए ल्हसिज्जन्ते समत्थसत्थम्मि
901,दप्पपरिपूरियङ्गा हक्किय जम्पन्ति केवि नरा // शुर्शुछ.११
902,
903,रे! रे! पिसायरूवा! कत्थिण्हिं जाह दिट्ठिपहपडिया
904,पयडह सव्वं जइ अत्थि तुम्हमिह पोरिसं किम्पि // शुर्शुछ.१२
905,
906,केवि पुण भीरुहियया वरया दसणउडगहियअङ्गुलिणो
907,हा! हा! रक्खह रक्खह एवं कलुणाइं जम्पन्ति // शुर्शुछ.१३
908,
909,केवि हु लुण्टिज्जन्ता इओ तओ तह पहम्ममाणा य
910,कीवा पलायणट्ठा तत्थ गवेसन्ति छिद्दाणि // शुर्शुछ.१४
911,
912,केवि कहकहवि पावियछिद्दा गाढं च खसफसेमाणा
913,सणियं सणियं ओसक्किऊण लीयन्ति गहणेसु // शुर्शुछ.१५
914,
915,
916,[प. ४७]
917,केवि हु वेविरदेहा सịधिलीकयकच्छबन्धणा धणियं
918,पमुक्कपुरिसयारा अङ्गीकयदीणजणचेट्ठा // शुर्शुछ.१६
919,
920,परिचत्तसयललज्जा कहकहमवि मोक्खणं विमग्गन्ता
921,"तेसिं चिय पावाणं, कुणन्ति बहुचाडुकम्माणि // शुर्शुछ.१७"
922,
923,केवि हु मयमिव भूपट्ठिसण्ठियं अप्पयं पयंसन्ति
924,केवि हु छुहन्ति गण्ठिं महीए पक्खाणि जोएत्ता // शुर्शुछ.१८
925,
926,जेवि हु इओ तओ इन्धणाइअट्ठा गयासि सत्थाओ
927,तेवि हु कलयलसद्दं सोउं वच्चन्ति दूरयरं // शुर्शुछ.१९
928,
929,रे! लेह हणह बन्धह मारह वयणाइं भरह धूलीए
930,सुम्मन्ति तत्थ सत्थे दिसि दिसि एवंविहा सद्दा // शुर्शुछ.२०
931,
932,एयावसरम्मि तओ पासित्तु इओ तओ विलुम्पन्तं
933,भिल्लेहिं सत्थलोयं कइवयनियपुरिसपरियरिओ // शुर्शुछ.२१
934,
935,
936,[प. ४८]
937,उप्पाएन्तो तेसिं आगिईए चेव चित्तसङ्खोहं
938,वसुनन्दयखग्गकरो धणदेवो एवमुल्लवइ // शुर्शुछ.२२
939,
940,रे! रे! पावा! जइ अत्थि तुम्ह इह कावि दप्पकण्डूई
941,ता हवह मज्झ पुरओ सहसा तं जेण अवणेमि // शुर्शुछ.२३
942,
943,मा भणह जं न भणियं एस कसवट्टओ सुपुरिसाण
944,न हि नियजुवइसलहिया पुरिसा पुरिसत्तणमुवेन्ति // शुर्शुछ.२४
945,
946,हा! धी! धी! एयस्स उ रे! दुट्ठा! तुम्ह पुरिसगारस्स
947,नासन्तलोयपट्ठीधावणउवलद्धापसरस्स // शुर्शुछ.२५
948,
949,एवं च निसामित्ता दोच्चं तच्चं समुल्लवन्तस्स
950,धणदेवस्सुल्लावे सुहडाणवि भूरिभयजणगे // शुर्शुछ.२६
951,
952,रे! रे! लेह इमस्सवि फेडेमो धीरयं किराडस्स
953,एवं समुल्लवन्ता वलिया ते झत्ति तयभिमुहं // शुर्शुछ.२७
954,
955,
956,[प. ४९]
957,पत्ता य आहसन्ता धणदेवस्सन्तियं समन्ता ते
958,तिक्खासिकोन्ततोमरभल्लीहि य पहरिउं लग्गा // शुर्शुछ.२८
959,
960,धणदेवोवि असङ्को तहा पयट्टेसु तेसु भिल्लेसु
961,ताणमुरमोडिऊणं कुणइ नियपोरिसं पयडं // शुर्शुछ.२९
962,
963,जह जह ते भिल्लनरा देन्ति पहारे दढं दयाहीणा
964,धणदेवो उण तह तह अब्भसियकलो पवञ्चेइ // शुर्शुछ.३०
965,
966,अविय फरएण केवि हु इओ तओ केवि कायकरणेणं
967,केवि हु दूराउच्चिय एन्ते खग्गाभिधाएण // शुर्शुछ.३१
968,
969,कहकहवि हु भिल्लेहिं गहिओ फरएहिं उट्ठहेऊण
970,भणियं च तेहिं रे! रे! एसो सत्थाहिवो वणिओ // शुर्शुछ.३२
971,
972,ता बन्धिऊण एयं अक्खयदेहं तु पल्लिनाहस्स
973,अप्पेमो जेणेसो देइ वणिओ धणं बहुयं // शुर्शुछ.३३
974,
975,
976,[प. ५०]
977,तत्तो य तेहिं गन्तुं पल्लीवइणो समप्पिओ एसो
978,एत्थन्तरम्मि दिट्ठो धणदेवो देवसम्मेण // शुर्शुछ.३४
979,
980,तत्तो य तेण भणिओ सदुक्खमेवं तु पल्लिनाहस्स
981,हा! हा! सामिय! एसो महाणुभावो स धणदेवो // शुर्शुछ.३५
982,
983,जेण तया तुह तणओ जोगियगहिओवि मोइओ आसि
984,दाउं सुवन्नलक्खं निक्कारणवच्छलेणं तु // शुर्शुछ.३६
985,
986,जयसेणकुमरजीवियदाया धणधम्मसेट्ठिपुत्तो सो
987,परमुवयारी सामिय! कहणु अहन्नेहिं विहिउत्ति? // शुर्शुछ.३७
988,
989,इय देवसम्मभणियं सोउं सम्भन्तलोयणो सहसा
990,अह भणइ सुप्पइट्ठो मुञ्चह मुञ्चह महाभागं // शुर्शुछ.३८
991,
992,पासट्ठियपुरिसेहिं तक्खणमुच्छोडिया य से बन्धा
993,पल्लीवइणा ताहे अवगụ̄धो सायरं एसो // शुर्शुछ.३९
994,
995,
996,[प. ५१]
997,तत्तो विहियपणामो तक्कालमुचियम्मि आसणे दिन्ने
998,"पासट्ठियपुरिसेहिं, उवविट्ठो तत्थ धणदेवो // शुर्शुछ.४०"
999,
1000,तत्तो य दीहदीहं नीससिय विसायगब्भिणं एवं
1001,लज्जावणमियवयणो पल्लिवई भणिउमाढत्तो // शुर्शुछ.४१
1002,
1003,परमुवगारित्ति तुमं उवेच्च किलहोसि अम्ह दट्ठवो
1004,नवरं गिहागयस्सवि सागयमेवंविहं विहियं! // शुर्शुछ.४२
1005,
1006,जायइ अवगारफलो विहिओ पावाणं अहव उवयारो
1007,सप्पस्स जहा दिन्नं दुद्धम्पि विसत्तणमुवेइ // शुर्शुछ.४३
1008,
1009,पावो अहं कयग्धो सुयजीवियदायगस्स जेणज्ज
1010,गिहमागयस्स एयं अहम्मकम्मं समायरियं // शुर्शुछ.४४
1011,
1012,भणियं धणदेवेणं कीस इमं वहह गुरुविसायन्ति
1013,"अन्नाणं अवरज्झइ, को दोसो एत्थ तुम्हाणं? // शुर्शुछ.४५"
1014,
1015,
1016,[प. ५२]
1017,दट्ठुं अणन्नसरिसं भिल्लवई तस्स वयणविन्नाणं
1018,रूवं तह सुयणत्तं पुणोवि अइरञ्जिओ भणइ // शुर्शुछ.४६
1019,
1020,पेच्छह एगम्मि नरे केत्तियगुणसमुदओ समं वसइ?
1021,बहुरयणा हु वसुमई सच्चो लोयप्पवाओ 'यं // शुर्शुछ.४७
1022,
1023,धी! धी! मह पुरिसत्तं धी! धी! मह एरिसाए वित्तीए
1024,नियकुलकलङ्कभूयस्स मज्झ धी! पुरिसजम्मेण // शुर्शुछ.४८
1025,
1026,धी! मज्झ जीविएण कुकम्मनिरयस्स धम्मरहियस्स
1027,एयारिसपुरिसाणं लुण्टणकम्मम्मि निरयस्स // शुर्शुछ.४९
1028,
1029,एत्तियमेत्तेणं चिय धन्नो 'हं जं महाणुभावस्स
1030,अक्खयदेहस्स इमस्स दंसणं झत्ति सञ्जायं // शुर्शुछ.५०
1031,
1032,जइ पुण होज्ज विवत्ती समयं भिल्लेहिं जुज्झमाणस्स
1033,ता कह मज्झ अउन्नस्स होज्ज पावस्स नित्थारो? // शुर्शुछ.५१
1034,
1035,
1036,[प. ०५३]
1037,एमाइ बहुविगप्पं अप्पाणं निन्दिऊण तो भणइ
1038,भो! भो! भिल्ला सत्थे जं गहियं एत्थ तुम्हेहिं // शुर्शुछ.५२
1039,
1040,तं सव्वम्पि समप्पह इमस्स धणदेवनामवणियस्स
1041,तेहिं तणमज्जायं समप्पियं तस्स तं सव्वं // शुर्शुछ.५३
1042,
1043,[युग्मम]
1044,तत्तो सबालवुड̣धे मिलिए लोगम्मि भयविमुक्कम्मि
1045,वज्जरइ सुप्पइट्ठो धणदेवं नेहगब्भमिणं // शुर्शुछ.५४
1046,
1047,एत्तो गाउयमेत्ते सीहगुहा नाम अत्थि मे पल्ली
1048,तीए लहुमागच्छह अज्ज मह पाहुणा होह // शुर्शुछ.५५
1049,
1050,भणियं धणदेवेणं एवं होउत्ति ताहे सो सत्थो
1051,धणदेवमग्गलग्गो सीहगुहं झत्ति सम्पत्तो // शुर्शुछ.५६
1052,
1053,आवासियस्स तत्तो वसिमासन्नम्मि सत्थलोयस्स
1054,पल्लीवइणा नीओ धणदेवो निययगहेम्मि // शुर्शुछ.५७
1055,
1056,
1057,[प. ५४]
1058,अब्भङ्गिऊण विहिणा सुगन्धतेल्लेहिं पवरजुवईहिं
1059,अद्धाणपरिस्समनासगेण वरवारिणा न्हविओ // शुर्शुछ.५८
1060,
1061,घणसारसारसिरिखण्डचच्चिओ ताहे पल्लिनाहेण
1062,सहिओ पवराहारं भोत्तूण समुट्ठिओ कमसो // शुर्शुछ.५९
1063,
1064,कप्पूरपूरसहिए तम्बोले आयरेण से दिन्ने
1065,वज्जरइ धणदेवो सुहासणत्थो इमं वयणं // शुर्शुछ.६०
1066,
1067,एसा हु ताव पल्ली आवासो निग्धिणस्स लोयस्स
1068,तुब्भेवि तस्स पहुणो अणन्नसोज्जन्नदयकलिया // शुर्शुछ.६१
1069,
1070,एसो न सम्मजोगो अहिवइभिच्चाण मह ठियं चित्ते
1071,जं सोयसच्चदक्खिन्नवज्जियाणं इमं ठाणं // शुर्शुछ.६२
1072,
1073,भिल्लाणं नाहावि हु जं एरिसगुणगणेण सञ्जुत्ता
1074,एयं मणम्मि भावइ महन्तमच्छेरयं मज्झ // शुर्शुछ.६३
1075,
1076,
1077,[प. ५५]
1078,असरिससोजन्नजुया तुम्हे एयाए वसह पल्लीए
1079,उत्तमनरावि होउं साहह मह केण कज्जेण? // शुर्शुछ.६४
1080,
1081,तो भणइ सुपइट्ठो किं कहिएणं इमेण धणदेव!
1082,वञ्चणमवमाणं चिय मइजुत्तो नो पगासेज्जा // शुर्शुछ.६५
1083,
1084,तहवि हु भणामि मा होउ तुज्झ अब्भत्थणा इमा विहला
1085,एगग्गमणो होउं साहिज्जन्तं निसामेहि // शुर्शुछ.६६
1086,
1087,निच्चं पमुइयनरनारिपुत्रगामावलीए रमणीओ
1088,बहुदिवसवन्नणिज्जो अङ्गो नामेण देसो 'त्थि // शुर्शुछ.६७
1089,
1090,तम्मि य पुरं पुराणं पवरं सुरनयरसरिसरिद्धिल्लं
1091,भयडमरकरविमुक्कं सिद्धत्थपुरन्ति विक्खायं // शुर्शुछ.६८
1092,
1093,तम्मि य मयन्धरिउकरडिकरडनिब्भेयणम्मि पत्तट्ठो
1094,कम्बुन्नयसुग्गीवो सुग्गीवो नाम नरनाहो // शुर्शुछ.६९
1095,
1096,
1097,[प. ५६]
1098,सयलोरोहपहाणा सुन्दरसरदिन्दुबिम्बसमवयणा
1099,बुद्धीए अणन्नसमा कमला नामेण से देवी // शुर्शुछ.७०
1100,
1101,तीए सह विसयसोक्खं अणुहवमाणस्स तह य रज्जधुरं
1102,पुव्वभवपुन्नपायवसमप्पियं पालयन्तस्स // शुर्शुछ.७१
1103,
1104,वच्चन्तेसु दिणेसुं तीए देवीए अह अहं पुत्तो
1105,जाओ कयं च नामं विहिणा मह सुप्पइट्ठॊत्ति // शुर्शुछ.७२
1106,
1107,लालिज्जन्तो पञ्चहिं धाईहिं कमेण वड्ढमाणो 'हं
1108,सञ्जाओ पञ्चवरिसो माउपिऊणं कयाणन्दो // शुर्शुछ.७३
1109,
1110,एत्थन्तरम्मि गिम्हे सन्तावियमहियले वइक्कन्ते
1111,निव्ववियमहीवị̄धो रसन्तसालूरसङ्घाओ // शुर्शुछ.७४
1112,
1113,पवहन्तबहलवाहिणिखलहलसंसद्दबहिरियदिगन्तो
1114,गज्जन्तगहिरजलहरदंसणनच्चन्तसिहिनिवहो // शुर्शुछ.७५
1115,
1116,
1117,[प. ५७]
1118,पप्फुल्लफुल्लसोहियनीवोहविरायमाणवणनियरो
1119,मुचकुन्दकुडयसन्दियरयगब्भिणवाइयसमीरो // शुर्शुछ.७६
1120,
1121,पुलिणपइट्ठियबालयकयवालुयदेउलेहिं रमणीओ
1122,करिसयजणपारम्भियहलउत्तयचच्चियबइल्लो // शुर्शुछ.७७
1123,
1124,हरिसवसहसिरपामर दिसि दिसि चब्भत्तभूरिकेयारो
1125,पत्तो वासारत्तो कद्दमदुल्लङ्घमग्गिल्लो // शुर्शुछ.७८
1126,
1127,[पञ्चभिः कुलकम]
1128,एयारिसम्मि नवपाउसम्मि पत्तम्मि अन्नदिवसम्मि
1129,नरनाहो सुग्गीवो विहिणा कयभोयणो सन्तो // शुर्शुछ.७९
1130,
1131,चन्दणचच्चियदेहो परिहियमिउसण्हनिम्मलदुगूलो
1132,तम्बोलवग्गहत्थो समागतो देविभवणम्मि // शुर्शुछ.८०
1133,
1134,[युग्मम]
1135,सत्ततले पासाए आरụ̄धो उवरिमाए भूमीए
1136,देवीए कयविणओ महरिहसेज्जाए आसीणो // शुर्शुछ.८१
1137,
1138,
1139,[प. ५८]
1140,खणमेगमच्छिऊणं परिहासकहाहिम्पिययमाए सह
1141,सियवसणच्छाइयाए कोमलतूलीए पासुत्तो // शुर्शुछ.८२
1142,
1143,ततो य सजलजलहरगञ्जियसद्देण नट्ठनिद्दो सो
1144,उट्ठित्तुं संनिविट्ठो निज्जूहगसण्ठियमसूरे // शुर्शुछ.८३
1145,
1146,अद्धासणे निविट्ठा कमलदेवीवि ताहे नरपहुणो
1147,वज्जरइ तओ राया हरिसवसुल्लसियरोमञ्चो // शुर्शुछ.८४
1148,
1149,मह (नह) सङ्गमगरुयसमुल्लसन्तमणहरपओहरा झत्ति
1150,पेच्छ पिए! सञ्जाया तुज्झ सरिच्छा कुबेरदिसा // शुर्शुछ.८५
1151,
1152,तरलत्तं नयणाणं कुडिलत्तं सुतणु! तुज्झ केसाणं
1153,अणुकरइ पेच्छ विज्जू घणमज्झे चिगिचिगायन्ती // शुर्शुछ.८६
1154,
1155,अन्नं च पिय! पेच्छसु परिब्भमन्तेहिं इन्दगोवेहिं
1156,नज्जइ पाउसलच्छी पचुन्निया महीयले पडिया // शुर्शुछ.८७
1157,
1158,
1159,[प. ५९]
1160,पाउसनरिन्दनवसङ्गमम्मि जायम्मि भूमिमहिलाए
1161,हरियङ्कुरच्छलेणं पेच्छसु रोमञ्चओ जाओ // शुर्शुछ.८८
1162,
1163,निट्ठुर करपसरेणं इमेण सन्ताविआ इमा पुहई
1164,इय रोसेणव रुद्धो घणेहिं सूरस्स करपसरो // शुर्शुछ.८९
1165,
1166,मह आगमेवि पियविरहियाण महिलाण किं न फुट्टाइं
1167,हिययाइं सामरिसं विज्जुज्जोएण जोएइ // शुर्शुछ.९०
1168,
1169,नाउं मह आगमणं तहवि हु किं चल्लिया पिया मोत्तुं
1170,गज्जन्तो रोसेणव पहियाणं दलइ हिययाइं // शुर्शुछ.९१
1171,
1172,धवलबलायादạ̄धो विज्जुलयाचवलदीहजीहालो
1173,कसणशरीरो धावइ पहियाणं पाउसपिसाओ // शुर्शुछ.९२
1174,
1175,पेच्छ सुरचावनिग्गयधाराबाणेहिं विरहिहिययाइं
1176,विन्धन्तो उवहसइव पञ्चसरं पञ्चसरसहियं // शुर्शुछ.९३
1177,
1178,
1179,[प. ६०]
1180,एत्थन्तरम्मि देवी नरनाहं भणइ हरिसिता सन्ती
1181,सेसउऊण नरवर! अब्भहिओ पाउसो एसो // शुर्शुछ.९४
1182,
1183,मोत्तूण विरहिणिजणं सुहओ जं एस कामुयजणस्स
1184,पामरवच्छतणोसहिपमुहाणं तहय जीवाणं // शुर्शुछ.९५
1185,
1186,"अह भणइ पुहइनाहो ईसिं हसेऊण, देवि! तं सच्चं"
1187,आहीणं सञ्जायं जं सुम्मइ एत्थ लोगम्मि // शुर्शुछ.९६
1188,
1189,धाया पुरिसा पेच्छन्ति आयारा धायचं दिसावलयं
1190,तह देवि! तुमं सुहिया सव्वं सुहियन्ति मन्नेसि // शुर्शुछ.९७
1191,
1192,सव्वेवि देवि! उउणो सउन्नलोयस्स हॊन्ति सुहहेऊ
1193,पुन्नविहूणाण पुणो पाउससमओवि दुहहेऊ // शुर्शुछ.९८
1194,
1195,ओ! पेच्छ पेच्छ सुन्दरि! अद्धसमारम्मि जरकुडीरम्मि
1196,ओघसरसयविराइयविराइयडिम्भसमूहे रुयन्तम्मि // शुर्शुछ.९९
1197,
1198,
1199,[प. ६१]
1200,निययघरिणीए बाढं चोइज्जन्तो पुणो पुणो वरओ
1201,आवरणरहियदेहो हम्मन्तो वारिधाराहिं // शुर्शुछ.१००
1202,
1203,उद्धुसियरोमकूवो सीयलअनिलेण सङ्कुइयगत्तो
1204,एसो दरिद्दपुरिसो कहकहवि समारइ कुडीरं // शुर्शुछ.१०१
1205,
1206,[तिस्र̥भिः कुलकम]
1207,ओलम्बियकन्नजुयं हम्मन्तं गुरुयवारिधाराहिं
1208,ओलुग्गभग्गदेउलकोणगयं रासभं नियसु // शुर्शुछ.१०२
1209,
1210,तह पेच्छ इमं सुन्दरि! सुणहं चुल्लीए सुन्नगेहम्मि
1211,सीएण कुणुकुणन्तं खरखरखड्डं खणेमाणं // शुर्शुछ.१०३
1212,
1213,तह पेच्छ जरबइल्ला जलहरधारावलीहि हम्मन्ता
1214,ईरियासमिउव्व मुणी वच्चन्ति महिं पलोएन्ता // शुर्शुछ.१०४
1215,
1216,सेवालियभूमितले फिल्लुसमाणा य थामथामम्मि
1217,हत्थगयलट्ठिखण्डा भिक्खं परियडइ जररोरो // शुर्शुछ.१०५
1218,
1219,
1220,[प. ६२]
1221,एवं च जाव साहइ देवीए ताव कञ्चुई झत्ति
1222,पायवडणुट्ठिओ अह वसुदत्तो भणिउमाढत्तो // शुर्शुछ.१०६
1223,
1224,देवेण जो उ पुव्विं पट्ठविओ आसि चम्पनयरीए
1225,सिरिकित्तिवम्मरन्नो दूओ दामोदरो नाम // शुर्शुछ.१०७
1226,
1227,सो देवपायदंसणसुहकङ्खी आगओ दुवारम्मि
1228,"चिट्ठइ, एवं च ठिए देवो पमाणन्ति तं सोच्चा // शुर्शुछ.१०८"
1229,
1230,दिट्ठीए आपुच्छिय देविं सहसत्ति उट्ठिओ राया
1231,अत्थाणमण्डवस्स उ आसन्नो जाव सम्पत्तो // शुर्शुछ.१०९
1232,
1233,ताव य विज्जुचमुक्कारणन्तरं चण्डचडडसंसद्दो
1234,आसन्नो सञ्जाओ भेसियनरनारिसङ्घाओ // शुर्शुछ.११०
1235,
1236,[तिस्र̥भिः कुलकम]
1237,तयणन्तरं च महाहारवसंमीसं समुट्ठियं सद्दं
1238,देवीगिहम्मि सोउं सहसा वलिओ महीनाहो // शुर्शुछ.१११
1239,
1240,
1241,[प. ६३]
1242,वज्जरइ देविधावी रुयमाणी धग्धरेण सद्देण
1243,नरवर! मुट्ठा मुट्ठा देवी विज्जूए दद्धत्ति // शुर्शुछ.११२
1244,
1245,दट्ठूण भूमिपडियं देवीदेहं जिएण परिचत्तं
1246,हा! हा! हत्ति भणन्तो राया मुच्छावसं पत्तो // शुर्शुछ.११३
1247,
1248,दट्ठूण भूमिपडियं नरनाहं मुच्छियं विगयचेट्ठं
1249,भूरितरो सञ्जातो परियणअक्कन्दसद्दोवि // शुर्शुछ.११४
1250,
1251,पासट्ठियपुरिसेहिं सीयलपवणाइयम्मि विहियम्मि
1252,रायावि विगयमुच्छो विलविउमेवं समाढत्तो // शुर्शुछ.११५
1253,
1254,हा वल्लहि! हा सामिणि! हा जीवियदायगे! विसालच्छि!
1255,हा मह हिययनिवासिणि! हा! कत्थ गया ममं मोत्तुं? // शुर्शुछ.११६
1256,
1257,हा गोरदेंहि! हा पिहुपओहरे! हा सुकोमलसरीरे!
1258,हा कह निग्घिणविहिणा तुह उवरिं पाडिया विज्जू? // शुर्शुछ.११७
1259,
1260,
1261,[प. ६४]
1262,घणसारघुसिणचच्चणउचियसरीरम्मि कह णु हयविहिणा
1263,विज्जूनिवाओ विहिओ मज्झ अउन्नेहिं पावेण? // शुर्शुछ.११८
1264,
1265,हा देवि तुज्झ विरहे नारनारीसङ्कुलं इमं नयरं
1266,उव्वसिंयनयरसरिसं अडविसमाणं च पडिहाइ // शुर्शुछ.११९
1267,
1268,किल देवि! तं भणन्ती तुह विरहे अच्छिउं न सक्केमि
1269,तं कह अहं अहन्नो तुमए सहसा परिच्चतो // शुर्शुछ.१२०
1270,
1271,हा! किं न किम्पि जम्पसि किंवा तं सुयणु! मज्झ रुट्ठा सि
1272,किंव मए अवरद्धं सुन्दरि! तं मज्झ साहेसु? // शुर्शुछ.१२१
1273,
1274,तं चिय मह वल्लहिया नेहो मह नत्थि अन्नइत्थीसु
1275,तुज्झ कए परिचत्तो सयलो ओरोहनारिजणो // शुर्शुछ.१२२
1276,
1277,तहवि तुमं किं सुन्दरी! निब्भररत्तस्स देसि नालावं?
1278,ता पसिय पसिय सामिणि! उट्ठिय मह देसु पडिवयणं // शुर्शुछ.१२३
1279,
1280,
1281,[प. ६५]
1282,एमाइ जाव विलवइ विविहं राया सकलुणसद्देण
1283,ताव अहं सम्पत्तो रोवन्तो तत्थ धणदेव! // शुर्शुछ.१२४
1284,
1285,उच्छङ्गे विणिवेसिय ममं तओ गाढकलुणसद्देण
1286,तं चेव पलवमाणो सुदीहरं रुवइ बालोव्व // शुर्शुछ.१२५
1287,
1288,एत्थन्तरम्मि मन्ती सुमईनामो भणइ नरनाह
1289,देव! अलं रुन्नेण मयकिच्चं कुणह देवीए // शुर्शुछ.१२६
1290,
1291,भणइ तओ नरनाहो चन्दणदारूणि बाहिं नीणेह
1292,देवीए जेण समयं अहम्पि अग्गीए विस्सामि // शुर्शुछ.१२७
1293,
1294,तो भणइ सुमइमन्ती कायरजणचेट्ठिएण किं इमिणा
1295,"मरण 'ज्झवसाऐणं, अवलम्बसु धीर! धीरत्तं // शुर्शुछ.१२८"
1296,
1297,मरणेण तुज्झ नरवर! देसो सव्वोवि होइ जं गम्मो
1298,पडिवक्खनरवराणं बालो तह सुपइट्ठॊत्ति // शुर्शुछ.१२९
1299,
1300,
1301,[प. ६६]
1302,देवाणं बम्भणाण य लिगीणं तह पागयजणस्स
1303,धम्मकिरियाओ सव्वा वहन्ति देवे धरन्तम्मि // शुर्शुछ.१३०
1304,
1305,महिलामेत्तस्स कए न हु जुत्तं तुम्ह उत्तमनराण
1306,असमञ्जसमायरिउं विन्नायजगस्सभावाणं // शुर्शुछ.१३१
1307,
1308,अविय निरुवक्कमकायस्सवि उसभजिणिन्दस्स आइदेवस्स
1309,मरणं जायं जइया का गणणा अन्नमणुएसु? // शुर्शुछ.१३२
1310,
1311,निज्जियपडिवक्खस्सवि छक्खण्डमहीसरस्स भरहस्स
1312,जइया जायं मरणं का गणणा अन्नमणुएसु // शुर्शुछ.१३३
1313,
1314,गरुयपरक्कमनिज्जियरिउबलपाइक्कच्चक्ककयरक्खा
1315,सोण्डीरा नरवइणो सोमजसा ' 'इच्चजसपमुहा // शुर्शुछ.१३४
1316,
1317,जइ ताव ते य निहाया पावकयन्तेण निग्घिणमणेण
1318,अनिवारियपसरेणं का गणणा अन्नलोयम्मि? // शुर्शुछ.१३५
1319,
1320,[युग्मम]
1321,
1322,[प. ६७]
1323,जेसिम्पि य तित्तीसं आउयमुदहीण पवरदेवाणं
1324,तेसिम्पि होइ चवणं का गणणा अन्नसत्तेसु? // शुर्शुछ.१३६
1325,
1326,भवणवइवाणमन्तरजोइसियाणं विमणवासीणं
1327,जइ नाम होइ चवणं का गणणा मणुयलोयम्मि? // शुर्शुछ.१३७
1328,
1329,सो कोवि नत्थि जीवो तिलोयमज्झम्मि जो वसं न गओ
1330,मच्चुस्स पावमइणो मोत्तुं सिद्धे सुहसमिद्धे // शुर्शुछ.१३८
1331,
1332,इय कालकवलियं पेच्छिऊण सयलम्पि तिहुअणं देव!
1333,जायम्मि देविमरणे किं सोगं कुणह विहलं तु? // शुर्शुछ.१३९
1334,
1335,जुज्जइ काउं सोगो मरणं जइ होज्ज तीए एक्काए
1336,साहारणम्मि मरणे को सोगो किंव रुन्नेण? // शुर्शुछ.१४०
1337,
1338,अइतणुतणग्गसङ्गयजललवतुल्लम्मि जीवियव्वम्मि
1339,निद्दासङ्गे जं पुण उट्ठिज्जइ तं महच्छरियं // शुर्शुछ.१४१
1340,
1341,
1342,[प. ६८]
1343,इय लोयस्स सरूवं कुवियकयन्तस्स एरिसं दट्ठुं
1344,देविमरणम्मि नरवर! न हु जुत्तं सोगकरणन्ति // शुर्शुछ.१४२
1345,
1346,एवं च बहुविगप्पं भणिओ सो सुमइणा नरवरिन्दो
1347,तक्कालुचियं सव्वं मइकिच्चं कुणइ देवीए // शुर्शुछ.१४३
1348,
1349,कइवयदिणाइं परिचत्तलोयसम्भावणाइवावारो
1350,गहगहिओ इव चिट्ठइ राया देवीए सोगेण // शुर्शुछ.१४४
1351,
1352,सुमइमुहेहिं तावय नाणाविहसोयमोयणपडूहिं
1353,बोहिज्जन्तो गिराहिं जाओ कालेण गयसोगो // शुर्शुछ.१४५
1354,
1355,नाऊण अट्ठवरिसं ममं तओ गरुयपुत्तनेहेण
1356,सङ्गहिय उवज्झायं गाहेइ कलाणसन्दोहं // शुर्शुछ.१४६
1357,
1358,गहिए कलाकलावे गामसहस्सं तया महं दिन्नं
1359,मह दंसणेण राया साहारइ देविविरहम्पि // शुर्शुछ.१४७
1360,
1361,
1362,[प. ०५९]
1363,अह अन्नया कयाइवि अत्थाणगयस्स राइणो झत्ति
1364,पणमिय दुवारवालो वज्जरइ सूहवो एवं // शुर्शुछ.१४८
1365,
1366,चम्पापुरीओ सामिय! महन्तओ कित्तिधम्मनरवइणो
1367,देवस्स दंसणत्थं चिट्ठइ पडिहारभूमीए // शुर्शुछ.१४९
1368,
1369,सिग्घं पवेससुत्ति य भणिए सो राइणा अणुन्नाओ
1370,आगम्म विहियविणओ उवविट्ठो उचियठाणम्मि // शुर्शुछ.१५०
1371,
1372,तम्बोलाइपयच्छणपुव्वं सो राइणा समुल्लविओ
1373,आगमकारणं भो! साहसु तो भणिउमाढत्तो // शुर्शुछ.१५१
1374,
1375,चम्पाए पुरवरीए सुपसिद्धो चेव देवपायाणं
1376,वित्थारियविमलकित्ती राया सिरिकित्तिधम्मो 'त्थि // शुर्शुछ.१५२
1377,
1378,निज्जियसुरिन्दसुन्दरिरूवातिसया समत्थमहिलाण
1379,अब्भहिया से देवी कित्तिमई लोयविक्खाया // शुर्शुछ.१५३
1380,
1381,
1382,[प. ७०]
1383,तीय धूया सोहग्गरूवविण्णाणगारवग्धविया
1384,पायालकन्नयसमा कणयवई नाम वरकन्ना // शुर्शुछ.१५४
1385,
1386,सम्पत्तजोव्वणा सा आभरणविभूसिया पिउसयासे
1387,पट्ठविया माऊए तदुचियवरदाणअट्ठाए // शुर्शुछ.१५५
1388,
1389,आगम्म पायपडिया पिउणा सा सहरिसं निउच्छङ्गे
1390,विणिवेसिय अवगụ̄धा भणिया य इमं तु सा कन्ना // शुर्शुछ.१५६
1391,
1392,पुत्ति! नियहिययइट्ठं सामन्तमहन्तयाण मज्झम्मि
1393,"साहसु जेण तुहं सो किज्जइ भत्ता, किमन्नेणं? // शुर्शुछ.१५७"
1394,
1395,एवं पिउणा भणिया लज्जाए अहोमुही ठिया बाला
1396,पुणरुत्तं पुट्ठावि हु न किञ्चि पडिउत्तरं देइ // शुर्शुछ.१५८
1397,
1398,तो चिन्तिउं पयत्तो एया लज्जालुया इमा वरई
1399,न हु सक्कइ वज्जरिउं एसो मह ताय! इट्ठॊत्ति // शुर्शुछ.१५९
1400,
1401,
1402,[प. ७१]
1403,ता चिन्तेमि सयं चिय अणुरूवमिमीए पवरभत्तारं
1404,विन्नाणरूवसम्पयकलियं वरवंसउप्पन्नं // शुर्शुछ.१६०
1405,
1406,खणमेगमच्छिऊणं राया चिन्ताउरो भणइ तत्तो
1407,पुत्ति! तुह रूवसरिसो भत्ता लद्धो मए इण्हिं // शुर्शुछ.१६१
1408,
1409,सिद्धत्थपुरे राया सुग्गीवो नाम मह परं मित्तं
1410,"तस्स तुमं गच्छ लहुं सयंवरा, एत्थ किं बहुणा? // शुर्शुछ.१६२"
1411,
1412,एवं च भणियमेत्ते सा कन्ना देव! तुम्ह नामेण
1413,निसुएणं चिय जाया हरिसवसुल्लसियरोमञ्चा // शुर्शुछ.१६३
1414,
1415,नाऊण तीए भावं राया सम्पेक्खिउण मह वयणं
1416,"वज्जरइ, तं महाबल! वच्चसु सिद्धत्थनयरम्मि // शुर्शुछ.१६४"
1417,
1418,घेत्तुं सयंवरमिमं कणगवइं भूरिभूइसञ्जुत्तं
1419,कइवयबलसञ्जुत्तो सोहणतिहिकरणनक्खतो // शुर्शुछ.१६५
1420,
1421,[युग्मम]
1422,
1423,[प. ७२]
1424,जं आणवेसि भणिउं तत्तो हं तं गहीय सञ्चलिओ
1425,जाव य कमेण एत्तो जोयणमेत्तम्मि सम्पत्तो // शुर्शुछ.१६६
1426,
1427,अज्ज रयणीविरामे कइवयतुरएहिं वेगवन्तेहिं
1428,उग्गिलिय आगओ हुं तुम्हाण पियं निवेएमि // शुर्शुछ.१६७
1429,
1430,देव! महमेयमागमणकारणं पुच्छियं हि जं तुमए
1431,एवं चवत्थियम्मि सम्पइ देवो पमाणन्ति // शुर्शुछ.१६८
1432,
1433,हरिसाऊरियहियओ अह राया भणइ परियणं निययं
1434,महया विच्छड्डेणं नयरे कन्नं पवेसेह // शुर्शुछ.१६९
1435,
1436,तो परियणेण सम्मं तहत्ति सम्पाडियम्मि वयणम्मि
1437,सोहणलग्गे रन्ना परिणीया तत्थ कणगवई // शुर्शुछ.१७०
1438,
1439,सा रन्नो कणगवई कालेण अईव वल्लहा जाया
1440,मह माऊए ठाणे विहिया अह पट्टबद्धा सा // शुर्शुछ.१७१
1441,
1442,
1443,[प. ७३]
1444,अइवल्लहम्पि वीसरइ माणूसं देसकालअन्तरियं
1445,वल्लीसमं हि पिम्मं जं आसन्नं तहिं चडइ // शुर्शुछ.१७२
1446,
1447,वच्चन्ति वासराइं मह पिउणो तीए गाढरत्तस्स
1448,सịधिलीकयसेसोरोहरमणिगमणाइचेट्ठस्स // शुर्शुछ.१७३
1449,
1450,अह अन्नया कयाइवि कणगवईए सुओ समुप्पन्नो
1451,सुरहॊत्ति विहियनामो पत्तो सो कुमरभावम्मि // शुर्शुछ.१७४
1452,
1453,अन्नदियहम्मि एयं एगन्ते भणइ कणगवई देवी
1454,जुवरायपए किं नवि अहिसिच्चइ देव! मे पुत्तो // शुर्शुछ.१७५
1455,
1456,तो भणइ नरवरिन्दो जेट्ठे पुत्तम्मि सुप्पइट्ठम्मि
1457,विज्जन्ते न हु जुत्तं जुवरायं ठाविउं सुरहं // शुर्शुछ.१७६
1458,
1459,भणियं देवीए तओ जेट्ठट्ठवणे निहोडउ को णु?
1460,जइ तुज्झ अहं दइया ता सुरहं कुणसु जुयरायं // शुर्शुछ.१७७
1461,
1462,
1463,[प. ७४]
1464,ताहे रन्ना भणियं सुट्ठुं पिया तं सुलोयणे! मज्झ
1465,किन्तु इमस्स 'णुरत्ता सामन्तमहन्तया सव्वे // शुर्शुछ.१७८
1466,
1467,तह एसो सुसमत्थो एवं विहिए विहेज्ज तं किम्पि
1468,अवमाणिओ हु जेणं ममावि रज्जं अवहरेज्जा // शुर्शुछ.१७९
1469,
1470,तो भणइ हसिय देवी एरिससत्तेण कह तुमं विहिणा
1471,पिययम! राया विहिओ नवरि किराडो कओ हॊन्तो? // शुर्शुछ.१८०
1472,
1473,जेणेव सुप्पइट्ठो एरिसओ उक्कडो पयावेण
1474,तेणेव इमं सिग्घं कट्ठहरे खिवसु जत्तेण // शुर्शुछ.१८१
1475,
1476,तत्तो य मज्झ पुत्तं जुवरायं ठाविउं पयत्तेण
1477,अच्छसु विगयासङ्को रज्जं च ममं च माणन्तो // शुर्शुछ.१८२
1478,
1479,एवं देवीवयणं सोउं पडिउत्तरं अदाऊणं
1480,राया समुट्ठिऊणं अत्थाणे गन्तुमुवविट्ठो // शुर्शुछ.१८३
1481,
1482,
1483,[प. ७५]
1484,एयं च देविवयणं सूहवियानामियाए चेडीए
1485,पच्छन्ने सोऊणं सव्वं धणदेव! मह सिट्ठं // शुर्शुछ.१८४
1486,
1487,तं सोउं मह विगप्पो चित्ते एयारिसो समुप्पन्नो
1488,किं कणगवईए वुत्तो करेज्ज एवं पिया मज्झ? // शुर्शुछ.१८५
1489,
1490,अहवा न गणन्ति पुव्वनेहं न य नीइं नेय लोयअववायं
1491,न य भाविआवयाओ पुरिसा महिलाण आयत्ता // शुर्शुछ.१८६
1492,
1493,ता जा न किम्पि अन्नं देवीवयणाओ मह पिया कुणइ
1494,"ताव अहिट्ठेमि सयं रज्जं, पियरं विणासेत्ता // शुर्शुछ.१८७"
1495,
1496,अहव न एयं जुत्तं विवेयजुत्तस्स मज्झ काउं जे
1497,ता बन्धिऊण पियरं कट्ठहरगयं अणुचरामि // शुर्शुछ.१८८
1498,
1499,किंवा कणगवइं चिय सह सुरहेणं नयामि जमवयणे
1500,किंवा कट्ठहरम्मि दोन्निवि घेत्तेमि बन्धउं? // शुर्शुछ.१८९
1501,
1502,
1503,[प. ७६]
1504,अहवा किं मह इमिणा पेक्खामो ताव जं पिया कुणइ
1505,अदिट्ठपाणियम्मि न हु जुत्तं पाणहुम्मुयणं // शुर्शुछ.१९०
1506,
1507,अह राया मह उवरिं दिणे दिणे पिययमाए भन्नन्तो
1508,जाओ सịधिलसिणेहो कन्नविसं जं महन्तविसं // शुर्शुछ.१९१
1509,
1510,सहसत्ति अन्नदियहे किम्पि मिसं दाविऊण मह रन्ना
1511,हरियं गामसहस्सं दिन्नं लहुखेडयं एक्कं // शुर्शुछ.१९२
1512,
1513,सञ्जायअमरिसेणं ताहे मए चिन्तियं दुरायारं
1514,"मारेऊण एयं रज्जमहिट्ठेमि, किं बहुणा? // शुर्शुछ.१९३"
1515,
1516,अहवा न पुव्वपुरिसेहिं मज्झं वंसे कयं इमं पावं
1517,तमहम्पि कह करोमी असाररज्जस्स कज्जेण? // शुर्शुछ.१९४
1518,
1519,"महिलावयणेण इमो रागन्धो कुणइ, कुणउ अन्नायं"
1520,मह पुण विवेयजुत्तस्स हन्दि! न हु एरिसं जुत्तं // शुर्शुछ.१९५
1521,
1522,
1523,[प. ७७]
1524,ता किं करेमि इण्हिं अवमाणं ताव दूसहं पिउणो
1525,अप्पवहोवि न जुत्तो देसच्चाओ परं जुत्तो // शुर्शुछ.१९६
1526,
1527,गन्तूणमन्नदेसं तम्हा सेवामि अन्ननरनाहं
1528,हुं तम्पि हु नहु जुत्तं अवमाणपयं हि सेवत्ति // शुर्शुछ.१९७
1529,
1530,सुग्गीवनरिन्दसुओ जुयराया आसि एस रिद्धिजुओ
1531,सम्पइ पुण वण्ठोइव कह सेवं कुणइ भिच्चाण? // शुर्शुछ.१९८
1532,
1533,एमाइवयणवित्थरवज्जरणसमुज्जएण लोएणं
1534,दंसिज्जन्तो रिऊण कहं गेहेसुं परिभमिस्सं? // शुर्शुछ.१९९
1535,
1536,तम्हा कइवयनियपुरिसपरिगओ अकयअन्नजणसेवो
1537,गन्तुं चिट्ठामि अहं कम्मिवि पच्चन्तदेसम्मि // शुर्शुछ.२००
1538,
1539,जा जीवइ एस पिया एयम्मि मयम्मि पुण जहा जुत्तं
1540,तइय च्चिय काहामो किं इण्हिं तीए चिन्ताए? // शुर्शुछ.२०१
1541,
1542,
1543,[प. ७८]
1544,एवं विणिच्छियमई कइवयपियपरियणेण परियरिओ
1545,सामन्तमन्तिपुरनायगेहिं रन्ना य अन्नाओ // शुर्शुछ.२०२
1546,
1547,नीहरिओ तत्तो हं कमेण अह पाविउं इमं पल्लिं
1548,सीहगुहं नामेण अच्छिउमेईए पारद्धं // शुर्शुछ.२०३
1549,
1550,मिलिया मज्झ अणेगे भिल्ला चोरा कुकम्मनिरया य
1551,तेहिं परिवारिओ हं सम्पइ पल्लीवई जाओ // शुर्शुछ.२०४
1552,
1553,तं जं तुमए पुट्ठं तुम्हाणं कह णु एत्थ आवासो
1554,उत्तमनराण पाविट्ठलोयजोगाए पल्लीए? // शुर्शुछ.२०५
1555,
1556,एयं सङ्खेवेणं कहियमवत्थाणकारणं एत्थ
1557,तं तुह धणदेव! मए गरुयसिणेहेण सव्वम्पि // शुर्शुछ.२०६
1558,
1559,भणियं धणदेवेणं अव्वो! जणओपि एरिसं कुणइ
1560,अवमाणं पुत्ताणं धी! धी! संसारवासस्स // शुर्शुछ.२०७
1561,
1562,
1563,[प. ७९]
1564,सॊ च्चिय कज्जवसेणं वल्लहओ होइ एत्थ संसारे
1565,कारणवसेण सोवि हु रिउव्व वेसो जणो होइ // शुर्शुछ.२०८
1566,
1567,परमत्थओ न कोवि हु पिओ व सत्तू व अत्थि लोगम्मि
1568,नइ माया नेय पिया सकज्जवसओ जणो सव्वो // शुर्शुछ.२०९
1569,
1570,पुत्तोवि सत्तुसरिसो दीसइ नियकारणे अपुज्जन्ते
1571,पिउणा सुविणीओवि हु धिरत्थु संसारवासस्स // शुर्शुछ.२१०
1572,
1573,तं चिय कुमार! महप्पा तं चिय पसमस्स लद्धपरमत्थो
1574,तं चिय विवेयजुत्तो तुमऎ च्चिय मण्डिया वसुहा // शुर्शुछ.२११
1575,
1576,पिउणा 'वमाणिओवि हु अन्नं असमञ्जसं अकाऊणं
1577,सन्तम्मि बले तहवि हु देसच्चाओ कओ जेण // शुर्शुछ.२१२
1578,
1579,एमाइवयणवित्थरअवरोप्परवड्ढमाणनेहाणं
1580,ताणं पञ्च व सत्त व वोलीणा वासरा जाव // शुर्शुछ.२१३
1581,
1582,
1583,[प. ८०]
1584,तावय समत्थसत्थं दठ्ठूणं गमणउच्छुगीभूयं
1585,धणदेवो आपुच्छइ गमणत्थं सुप्पइट्ठं तं // शुर्शुछ.२१४
1586,
1587,तुम्ह विओगो दूसहो एसो सत्थो समुच्छुगीभूओ
1588,तं कुमारो! अम्ह जायं एत्थ तडी एत्थ वग्घॊत्ति // शुर्शुछ.२१५
1589,
1590,एएणं चिय नेच्छन्ति साहवो सज्जणेहिं संसग्गिं
1591,जम्हा विओगविहुरियहिययस्स न ओसहं अन्नं // शुर्शुछ.२१६
1592,
1593,[युग्मम]
1594,जहवि हु वहइ न जीहा एरिसवयणे समुल्लविज्जन्ते
1595,तहवि हु भणामि मुञ्चसु गच्छामो सम्पयं अम्हे // शुर्शुछ.२१७
1596,
1597,ता किम्पि चिन्तिऊणं खणन्तरं दीहर च नीससिउं
1598,वज्जरइ सुप्पइट्ठो सविसायं एरिसं वयणं // शुर्शुछ.२१८
1599,
1600,अम्हारिसेहिं गिहमागयाण तुम्हारिसाणं सुयणाणं
1601,को उवयारो कीरउ एरिसठाणे वसन्तेहिं? // शुर्शुछ.२१९
1602,
1603,
1604,[प. ८१]
1605,तहवि हु भणामि किञ्चिवि कायव्वो नेव पत्थणाभङ्गो
1606,जेण परकज्जसाहणनिरया खलु सज्जणा हॊन्ति // शुर्शुछ.२२०
1607,
1608,तत्तो फुरन्तनिम्मलम ऊहविच्छु रियदसदिसा ' 'भोगो
1609,एक्कोवि अणेगगुणो पवरमणी तस्स उवणीओ // शुर्शुछ.२२१
1610,
1611,दट्ठुं दिव्वमणिं तं दीसन्ताणेयलक्खणं विमलं
1612,वियसियलोयणजुअलो अह धणदेवो इमं भणइ // शुर्शुछ.२२२
1613,
1614,एरिसपवरमणीणं मणुस्सखेत्तम्मि सम्भवो नत्थि
1615,नवरं जइ सुरलोगे हवेज्ज न हु अन्नखेत्तम्मि // शुर्शुछ.२२३
1616,
1617,एवं विणिच्छियम्मिवि तहवि हु कोऊहलं महं हियए
1618,तो भणसु कह णु जाया सम्पत्ती तुम्ह एयस्स? // शुर्शुछ.२२४
1619,
1620,तो भणइ सुप्पइट्ठो सम्मं हि विणिच्छियं तुमे भद्द!
1621,माणुसखेत्तसमुत्थो न होइ एसो मणी ताव // शुर्शुछ.२२५
1622,
1623,
1624,[प. ८२]
1625,किन्तु सुरलोगजाओ एसो सम्पाविओ जहम्हेहिं
1626,तं एगमणो होउ जइ कोउगमत्थि तो सुणसु // शुर्शुछ.२२६
1627,
1628,पुव्वं एगम्मि दिणे पभायसमयम्मि गहियकोदण्डा
1629,चलिओ कइवयनियपुरिसपरिगओ मिगवहट्ठाए // शुर्शुछ.२२७
1630,
1631,उत्तरदिसामुहो हं गाउमेत्तम्मि भूमिभागम्मि
1632,घणपत्तलतरुवरसङ्कुलमि वियरामि जाव वणे // शुर्शुछ.२२८
1633,
1634,ताव य निसुओ सद्दो दूसहगुरुदुक्खसूयओ कलुणो
1635,आगासे महिलाए सघग्घरं रोयमाणीए // शुर्शुछ.२२९
1636,
1637,[युग्मम]
1638,हा! कह मज्झ निमित्ते पिययम! अतिगरुयआवयं पत्तो?
1639,हा! अज्जउत्त! इण्हिं तुह विरहे नत्थि मह जीयं // शुर्शुछ.२३०
1640,
1641,तदणन्तरं च केणवि हक्किय अइनिट्ठुरं समुल्लवियं
1642,कत्तो मह वसगाए साहारो तुज्झ एएण? // शुर्शुछ.२३१
1643,
1644,
1645,[प. ८३]
1646,तं सोऊणं मज्झं मणम्मि कोऊहलं समुप्पन्नं
1647,जाव य दोण्णि व तिण्णि व वच्चामि पयाइं ता निसुओ // शुर्शुछ.२३२
1648,
1649,एगम्मि वणनिगुञ्जे अदिस्समाणस्स कस्सवि नरस्स
1650,गुरुदुक्खसूयणपरो मन्दो नित्थणणसंसद्दो // शुर्शुछ.२३३
1651,
1652,[युग्मम]
1653,तत्तो महन्तकोऊहलेण तत्तोमुहो अहं चलिओ
1654,पेच्छामि सम्बलितरुं सरलं उत्तुङ्गमइगरुयं // शुर्शुछ.२३४
1655,
1656,दंसणमेत्तुप्पाइयअइगरुयभएहिं रत्तनेत्तेहिं
1657,कसिणसरीरसमुब्मूयभूरिपहाभरियगयणेहिं // शुर्शुछ.२३५
1658,
1659,निम्मलमणिवलयसमुच्छलन्तकन्तीए पयडवयणेहिं
1660,गुरुरोसवसवियम्भियफारफणाघोरभुयगेहिं // शुर्शुछ.२३६
1661,
1662,दीहरललन्तजीहासहस्सविप्फुरणभीइजणगेहिं
1663,असरिसअमरिसवसविप्पमुक्कफुङ्कारसद्देहिं // शुर्शुछ.२३७
1664,
1665,
1666,[प. ८४]
1667,अइगरुयपन्नगेहिं समन्तओ वẹ̄धियो अणेगेहिं
1668,एगो दिव्वागारो पुरिसो दिट्ठो अहे तस्स // शुर्शुछ.२३८
1669,
1670,[चतस्र̥भिः कलापकम]
1671,अइदूसहवियणावसविमुक्कपुणरुत्तमन्दहुङ्कारं
1672,आकण्ठवẹ̄धियं तं दट्ठुं पुरिसं मए भणियं // शुर्शुछ.२३९
1673,
1674,धी! धी! हयविहिणो विलसियस्स असमिक्खियस्स एयस्स
1675,एयारिसेवि पुरिसे एरिसदुक्खं करेन्तस्स // शुर्शुछ.२४०
1676,
1677,एमाइ मए परिदेवियम्मि भणियं इमं तओ तेणं
1678,अलमिमिणा ते परिदेविएण सुण ताव मह वयणं // शुर्शुछ.२४१
1679,
1680,चिट्ठइ चूडाए महं मज्झे बद्धो फुरन्तकिरणिल्लो
1681,दिव्वो मणीण पवरो मणी भुयङ्गोहविद्दवणो // शुर्शुछ.२४२
1682,
1683,जस्स पभावेण इमे डसिउमणावि हु चयन्ति नो डसिउं
1684,घोरविसावि हु सप्पा सप्पन्ति न बद्धवयणव्व // शुर्शुछ.२४३
1685,
1686,
1687,[प. ८५]
1688,तं घेत्तूणं वरमणिं सिञ्चसु सलिलेण तेण तो पच्छा
1689,अच्छोडेसु भुयङ्गे अङ्गविलग्गे महमणेगे // शुर्शुछ.२४४
1690,
1691,आमन्ति भणन्तेणं तव्वयणं सायरं कयं सव्वं
1692,अच्छोडिया जलेणं झत्ति विलीणा अह भुयङ्गा // शुर्शुछ.२४५
1693,
1694,अविय मणिसलिलेणं सित्ता खणेण सव्वेवि पाविया विलयं
1695,खरजालावलिजलणोवताविया मयणपिण्डव्व // शुर्शुछ.२४६
1696,
1697,अह सो पणट्ठवियणो सीयलतरुछाहियाए उवविट्ठो
1698,महपुरिसकयसुकोमलकिसलयसञ्छण्णसन्थरए // शुर्शुछ.२४७
1699,
1700,"आभट्ठो पढमं च तेण अहयं कत्तो तुमं आगतो,"
1701,"किंवा नाम कहिं कुलम्मि विमले जाओ सि, को ते पिया?"
1702,
1703,एवं भो धणदेव! तेण तइया पुट्ठे मए साहिया
1704,पुव्वुत्ता सयलावि तुज्झ कहिया जा सा पउत्ती तहिं // शुर्शुछ.२४८
1705,
1706,
1707,[प. ८६]
1708,साहुधणेसरविरइयसुबोहगाहासमूहरम्माए
1709,रागग्गिदोसविसहरपसमणजलमन्तभूयाए // शुर्शुछ.२४९
1710,
1711,एसो एत्थ समप्पइ विज्जाहरमोयणॊत्ति नामेण
1712,सुरसुन्दरिनामाए कहाए बीओ परिच्छेओ // शुर्शुछ.५००
1713,
1714,
1715,
1716,---------------------------------------------------------------------
1717,
1718,[प. ८७]
1719,[|| त्र̥तीयः परिच्छेदः]
1720,
1721,अह सोवि मए पुट्ठो केण तुमं एरिसाए घोराए
1722,खित्तो सि आवयाए केण व कज्जेण भद्द! मुहा // शुर्शुछ.१
1723,
1724,एवं च पुच्छिओ सो सदुक्खमइदीहरं च नीससिउं
1725,चित्तब्भन्तरगुरुदुक्खसूयगं मोत्तु अंसुजलं // शुर्शुछ.२
1726,
1727,अह सो भणइ सुभणिओ संसारे रोगमोहियमणाणं
1728,सुलहाओ आवयाओ जीवाण अदीहदंसीणं // शुर्शुछ.३
1729,
1730,संसारसागरम्मी परिब्भमन्ताण भद्द! जीवाणं
1731,न हु चोज्जमावयाहिं अनिजन्तियकरणवग्गाणं // शुर्शुछ.४
1732,
1733,
1734,[प. ८७]
1735,पुव्वकयकम्मदोसा दुक्खं सव्वम्पि जायइ जियाणं
1736,अवराहेसु गुणेसु य निमित्तमेतं परो होइ // शुर्शुछ.५
1737,
1738,परमत्थओ न केणइ सुहं व दुक्खं व कीरइ नरस्स
1739,पुव्वकयमेव कम्मं सुहदुहजणणम्मि तल्लिच्छं // शुर्शुछ.६
1740,
1741,तत्तो य मए भणियं एवं एयन्ति नत्थि सन्देहो
1742,तहवि हु विसेसकारणवियाणणे अम्हइच्छत्ति // शुर्शुछ.७
1743,
1744,अह भणइ भो सुन्दर! जइ एवं सुट्ठु तुम्ह निब्बन्धो
1745,ता एगमणो होउं साहिज्जन्तं निसामेहि // शुर्शुछ.८
1746,
1747,अत्थेथ भरहखेत्ते विक्खाओ खेयरावलीगम्मो
1748,तुङ्गोव्व रुप्पपुञ्जो दसदिसिपसरन्तकन्तिल्लो // शुर्शुछ.९
1749,
1750,झरझरझरन्तनिज्झरहुङ्काररवेहिं बहिरियदियन्तो
1751,मयरन्दपाणलम्पडअलिवलयविरायमाणवणो // शुर्शुछ.१०
1752,
1753,
1754,[प. ८९]
1755,वहमाणवाहिणीणं दिसिदिसिसुव्वन्तखलहरासद्दो
1756,ठाणे ठाणे विज्जाहरोरुपुरपन्तिसोहिल्लो // शुर्शुछ.११
1757,
1758,विज्जापसाहणुज्जयविज्जाहरसंनिरुद्धएगन्तो
1759,वरसिद्धाययणेहिं परिमण्डिय चूलियासिहरो // शुर्शुछ.१२
1760,
1761,सिद्धाययणपरिट्ठियजिणबिम्बच्चणनिमित्तमिन्तीहिं
1762,विविहविबुहावलींहिं विणायमाणम्बरा ' 'भोगो // शुर्शुछ.१३
1763,
1764,कयलीहरट्ठिएहिं पइमज्झण्हं वणे वणे बहुसो
1765,कन्ताबिइज्जविज्जाहरेहिं किज्जन्तसङ्गीओ // शुर्शुछ.१४
1766,
1767,अइमहुरभारईए ठाणे ठाणम्मि चारणमुणीहिं
1768,पारद्धदेसणेहिं पडिबोहिज्जन्तजन्तुगणो // शुर्शुछ.१५
1769,
1770,पुव्वावरसागरपाविएण होऊण मज्झदेसम्मि
1771,पिसुणेणव जेण कओ दुब्भावो भरहवासस्स // शुर्शुछ.१६
1772,
1773,
1774,[प. ९०]
1775,सुविसालदक्खिणुत्तरविभत्तसẹ̄धीदुगेण सोहिल्लो
1776,आसियसव्विड̣धीओ वेयड̣धो नाम सेलॊत्ति // शुर्शुछ.१७
1777,
1778,[नवभिः कुलकम]
1779,तत्थत्थि दक्खिणाए सẹ̄धीए खयरलोयपडिपुन्नं
1780,भमिरखयरङ्गणागणनेउरझङ्काररवमुहलं // शुर्शुछ.१८
1781,
1782,उत्तुङ्गमगरतोरणअसमाणदुवारदेससोहेहिं
1783,निच्चं विरायमाणं विज्जाहरभवणवन्देहिं // शुर्शुछ.१९
1784,
1785,सयलतइलोक्कलच्छीनियनिलयं रयणसञ्चयं नाम
1786,नगरं नयरगुणड्ढं पमुदियनरनारीसङ्घायं // शुर्शुछ.२०
1787,
1788,[तिस्र̥भिः कुलकम]
1789,तम्मि य पुरम्मि बहुविहविज्जाहरसयसहस्ससङ्किन्ने
1790,परिवसइ गुणनिहाणो पवणगई नाम वरखयरो // शुर्शुछ.२१
1791,
1792,विन्नाणविणयजुत्ता पइणो अच्चन्तवच्छलसहावा
1793,नियपरिमलजियबउला बउलवई नाम से भज्जा // शुर्शुछ.२२
1794,
1795,
1796,[प. ९१]
1797,तीए सह विसयसोक्खं अणुहवमाणस्स तस्स कालेण
1798,अहमेगएव पुत्तो उप्पन्नो कयमणाणन्दो // शुर्शुछ.२३
1799,
1800,जम्मदिणॆ च्चिय पुरनरचित्तचमुक्कारकारयं मज्झ
1801,वद्धावणयं पिउणा कारवियमसमहरिसेणं // शुर्शुछ.२४
1802,
1803,कमसो य बारसाहे वोलीणे मज्झ जणणिजणएहिं
1804,गुरतुट्ठीए पइट्ठियमहिहाणं चित्तवेगॊत्ति // शुर्शुछ.२५
1805,
1806,वोलीणेसु य कइवयवरिसेसु अहं महन्तबुद्धिस्स
1807,अज्झावयस्स सुहतिहिरिक्खम्मि समप्पिओ पिउणा // शुर्शुछ.२६
1808,
1809,तत्तो अकालहीणं तहविहअज्झावयप्पभावेण
1810,नियमइसामत्थेण य गहियाओ कलाओ सयलाओ // शुर्शुछ.२७
1811,
1812,नियकुलकमागयाओ पिउणा विज्जाओ मज्झ दिन्नाओ
1813,नहगामिणिपमुहाओ जहविहिणा साहियव्वाओ // शुर्शुछ.२८
1814,
1815,
1816,[प. ९२]
1817,दंसियमयणवियारं महिलाजणहिययमोहणमुदारं
1818,अह कमसो सम्पत्तो अहयं नवजोव्वणारम्भं // शुर्शुछ.२९
1819,
1820,अन्नम्मि दिणम्मि अहं समाणजोव्वणवयंसपरियरिओ
1821,पत्तो अणेयतरुसण्डमण्डियं मणहरुज्जाणं // शुर्शुछ.३०
1822,
1823,पारद्धविविहकीला चिट्ठामो जा खणन्तरं तत्थ
1824,ताव य गयणे दिट्ठा दिव्वविमाणाण रिञ्छोली // शुर्शुछ.३१
1825,
1826,पसरन्तपवररयणोरुदित्तिविच्छुरियनहयला ' 'भोया
1827,उत्तरदिसा पयट्टा सुरसुन्दरी गेयसोहिल्ला // शुर्शुछ.३२
1828,
1829,[युग्मम]
1830,तं दट्ठु मए भणियं कत्थ इमो हन्दि! देवसन्दोहो
1831,चलिओ चलन्तकुण्डलमुत्ताहलधवलगण्डयलो? // शुर्शुछ.३३
1832,
1833,ईसि हसिऊण भणियं मज्झ वयंसेण बन्धुदत्तेण
1834,सुपसिद्धमेव एयं वेयड्ढनगे वसन्ताणं // शुर्शुछ.३४
1835,
1836,
1837,[प. ९३]
1838,जिणवन्दणत्थमेत्थं सिद्धाययणेसु एइ सुरनिवहो
1839,निच्चम्पि वयंस! अओ पसिद्धवत्थुम्मि का पुच्छा? // शुर्शुछ.३५
1840,
1841,तत्तो य मए भणियं एवं एयन्ति किन्तु निसुणेसु
1842,महया विच्छड्डेणं न एति निच्चं सुरा एत्थ // शुर्शुछ.३६
1843,
1844,अज्ज पुणो सविमाणा सव्विड̣धीए महन्तहरिसेणं
1845,दीसन्ति जं वयन्ता तेण मए पुच्छियं मित्त! // शुर्शुछ.३७
1846,
1847,अह भणइ बन्धुदत्तो खणन्तरं चिन्तिऊण सवितक्कं
1848,हुं नायं पारद्धा सिद्धाययणेसु जत्ताओ // शुर्शुछ.३८
1849,
1850,पसरन्तसुरहिमलयानिलुद्धुरो जेण वट्टइ वसन्तो
1851,किसलइयसयलतरुवरविरायमाणोरुवणनियरो // शुर्शुछ.३९
1852,
1853,अविय वायन्तमलयमारुयचलन्तपत्तलविसालसाहाहिं
1854,नच्चन्तिव तरुणो पहरिसेण महुमासआगमणे // शुर्शुछ.४०
1855,
1856,
1857,[प. ९४]
1858,कुसुमा ' 'मोया ' 'यड̣धियअलिउलझङ्कारगहिरसद्देण
1859,गायन्तिव तरुनियरा वसन्तमासागमे तुट्ठा // शुर्शुछ.४१
1860,
1861,मयरन्दपिञ्जराओ विसट्टसुगन्धकुसुमवयणाओ
1862,वणराईओ हसन्तिव वसन्तमासागमं दट्ठुं // शुर्शुछ.४२
1863,
1864,दट्ठूणव तरुनियरं महुसमए बहलपत्तलच्छायं
1865,अवमाणिओ पलासो कसिणमुहो झत्ति सञ्जाओ // शुर्शुछ.४३
1866,
1867,अच्छउ ता फलकाले फुल्लिमंसमएवि कालिमा वयणे
1868,इय कलिउंव पलासो चत्तो पत्तेहिं किविणोव्व // शुर्शुछ.४४
1869,
1870,दट्ठूण वणसमिद्धिं पलासविडवेहिं मउलियं वयणं
1871,अन्नेवि हु अप्पत्ता पररिद्धिं नेय विसहन्ति // शुर्शुछ.४५
1872,
1873,अविय पावियवसन्तमासो वणम्मि निस्सेसपीयलोहियओ
1874,पियविरहियपहियाणं भयजणओ किंसुयपिसाओ // शुर्शुछ.४६
1875,
1876,
1877,[प. ९५]
1878,अन्नं च पञ्चसरलोद्धएणं महुमासबिइज्जएण दयरहियं
1879,हम्मन्तीओ गाढं दट्ठूणव पहियमहिलाओ // शुर्शुछ.४७
1880,
1881,हसियंव मज्झसण्ठियकलयण्ठिकएण कूइयरवेण
1882,पयडियमञ्जरिगुरुदन्तपन्तियं चूयविडवेहिं // शुर्शुछ.४८
1883,
1884,दट्ठूण पहियनिवहं निहयं महुमासलोद्धयनरेण
1885,ओणयमुहीओ कुसुमंसुएहिं रोयन्तिव लयाओ // शुर्शुछ.४९
1886,
1887,मयपहियाण जलन्तिव ठाणे ठाणे महन्तचीयाओ
1888,घणकिंसुयच्छलेणं अलिरवमिसिमिसियसद्दाओ // शुर्शुछ.५०
1889,
1890,निज्झरतडेसु तरुणो पवणपहल्लन्तजलनिबुड्डेहिं
1891,साहाकरेहिं देन्तिव जलञ्जलिं जत्थ पहियाणं // शुर्शुछ.५१
1892,
1893,किञ्च घणकिंसुयनवरङ्गयविराइया बद्धपवरमयणहला
1894,पाडलकुसुमा सोहई वसन्तलच्छी नववहुव्व // शुर्शुछ.५२
1895,
1896,
1897,[प. ९६]
1898,अन्नं च बुहसहिओवि हु सूरो कव्वसत्तो वसन्तमाहप्पा
1899,उवभुञ्जिऊण मीणं सम्पइ मेसस्स उक्कॊत्ति // शुर्शुछ.५३
1900,
1901,ता एरिसे वसन्ते दिसिदिसिपसरन्तपरहुयासद्दे
1902,वित्थरियचच्चरीरवमुहरियउज्जाणभूभागे // शुर्शुछ.५४
1903,
1904,विलसन्ति कामुयजणा अन्दोलिज्जन्ति तरुणजुवईओ
1905,वित्थरइ पडहयरवो पियन्ति वरवारुणिं तरुणा // शुर्शुछ.५५
1906,
1907,साहीणपिययमाणं तरुणीणं वल्लहम्मि महुमासे
1908,धम्मपरायणलोएण एत्थ कीरन्ति जत्ताओ // शुर्शुछ.५६
1909,
1910,जिणबिम्बाणं भत्तीए तेण एए समागया देवा
1911,सव्वायरेण वेयड्ढसिद्धकूडेसु जत्तत्थं // शुर्शुछ.५७
1912,
1913,तत्तो य मए भणियं जइ एवं तो वयंस! अम्हेवि
1914,गन्तूण सिद्धकूडे सासयसव्वन्नुपडिमाओ // शुर्शुछ.५८
1915,
1916,
1917,[प. ९७]
1918,भत्तीए पणमिऊणं करेसु नियमाणुसत्तणं सहलं
1919,पेच्छामो जिणजत्तं सुयखयरोहेण किज्जन्तं // शुर्शुछ.५९
1920,
1921,[युग्मम]
1922,अह सव्वेहिवि भणियं एवं होउत्ति सुट्ठु ते भणियं
1923,एत्थन्तरम्मि पत्तो मह धाइसुओ बलो नाम // शुर्शुछ.६०
1924,
1925,आगम्म तेम भणियं पिउणा ते चित्तवेग! संलत्तं
1926,एसो हु रयणसञ्चयवत्थव्वो सयलखयरजणो // शुर्शुछ.६१
1927,
1928,न्हाओ विलित्तदेहो सुहनेवत्थो महाविभूईए
1929,चलिओ जिणजत्ताए आसन्ने सिद्धकूडम्मि // शुर्शुछ.६२
1930,
1931,तेण समं अम्हेवि हु चलिया ता सिग्घमेव आगच्छ
1932,कयण्हाणाइविहाणा जेण समं चेव गच्छामो // शुर्शुछ.६३
1933,
1934,तव्वयणं सोऊणं नियगेहे आगओ पिउसमीवे
1935,तेवि य मज्झ वयंसा नियनियगेहेसु सम्पत्ता // शुर्शुछ.६४
1936,
1937,
1938,[प. ९८]
1939,कयण्हाणाइविहाणो सह पिउणा ताहे पवणगइणा हं
1940,तक्कालुचियं सव्वं गहिऊणं धूवपुप्फाइं // शुर्शुछ.६५
1941,
1942,नागरजणेण सहिओ उप्पइओ खग्गसामलं गयणं
1943,गच्छन्तेण कमेणं दिट्ठं भवणं जिणिन्दस्स // शुर्शुछ.६६
1944,
1945,वायन्तमउयमारुयमन्दन्दोलन्तधयवडगेहिं
1946,सन्नंव करेमाणं आगमणत्थं जणोहस्स // शुर्शुछ.६७
1947,
1948,दुन्दुहिमउन्दमद्दलतिलिमापमुहेण तूरसद्देण
1949,हक्कारन्तेव जणं जत्तासमए जिणिन्दस्स // शुर्शुछ.६८
1950,
1951,तत्तो कमेण पत्ता दिसि दिसि नच्चन्तअच्छरानियरं
1952,मणहरगेयझुणीए आणन्दियभवियसन्दोहं // शुर्शुछ.६९
1953,
1954,नाणाविहवत्थेहिं कयउल्लोयं मणोहरायारं
1955,विच्छित्तीए लम्बियनिम्मलवरहारओचूलं // शुर्शुछ.७०
1956,
1957,
1958,[प. ९९]
1959,विरइयघणफुल्लहरं विचित्तलम्बन्ततारियाइन्नं
1960,पवरपडिमण्डवेणं उच्छाइयअङ्गणाभोयं // शुर्शुछ.७१
1961,
1962,नीसलतड्डियचन्दायएहिं मण्डियचउक्कियादेसं
1963,फुल्लमयपवरतोरणसोहियमज्झं जिणिन्दगिहं // शुर्शुछ.७२
1964,
1965,[चतस्र̥भिः कलापकम]
1966,तस्स य दुवारदेसे निम्मलजलपूरियाए वावीए
1967,काउण पायसोयं निययवयंसेहिं परिवरिओ // शुर्शुछ.७३
1968,
1969,जिणभवणदुवारट्ठियउच्चल्लियफुल्लमालियोहस्स
1970,पुप्फाइं गेण्हन्तो अन्तो विहिणा पविट्ठो हं // शुर्शुछ.७४
1971,
1972,[युग्गम]
1973,पूइय जिणिन्दबिम्बे काउं चीइवन्दणं जहाविहिणा
1974,बाहिं नीहरिओ हं उवविट्ठो खयरमज्झम्मि // शुर्शुछ.७५
1975,
1976,वत्ते जिणमज्जणए इओ तओ तत्थ सञ्चरन्तो हं
1977,अवरोप्परदंसियकोउगेहिं सहिओ वयंसेहिं // शुर्शुछ.७६
1978,
1979,
1980,[प. १००]
1981,कत्थइ विलासिणिजणं पेच्छन्तो नच्चमाणयं विविहं
1982,कत्थइ कविवरनिवहं जिणचरियं अहिणवेमाणं // शुर्शुछ.७७
1983,
1984,वीणारवसंवलियं कत्थवि गीयज्झुणिं निसामेन्तो
1985,विरइयविविहायारं कत्थवि य बलिं पलोएन्तो // शुर्शुछ.७८
1986,
1987,कत्थइ तरुणनरेहिं दिज्जन्तं रासयं सुणेमाणो
1988,सुरसुन्दरीहिं कत्थइ गिज्जन्तं धवलसङ्घायं // शुर्शुछ.७९
1989,
1990,एवं च जाव कोऊहलेण अवरावरेसु ठाणेसु
1991,हिण्डामि तत्थ भवणे लीलाए समं वयंसेहिं // शुर्शुछ.८०
1992,
1993,ताव मह माउलसुओ सहरिसमागम्म साइयं दाउं
1994,वज्जरइ भाणुवेगो पभूयकालाओ दिट्ठो सि // शुर्शुछ.८१
1995,
1996,[युग्मम]
1997,कुसलं च पवणगइणो पिउभगिणीए य बउलवइयाए?
1998,"तत्तो य मए भणियं कुसलं सव्वेसि, अन्नं च // शुर्शुछ.८२"
1999,
2000,
2001,[प. १०१]
2002,एत्थेव आगयाइ इमाइं चिट्ठन्ति भद्द! जिणभवणे
2003,अम्मापिऊण मूलं समागओ तेण सहिओ हं // शुर्शुछ.८३
2004,
2005,सायरमवगụ̄धो सो तेहिं पउत्तिं च पुच्छिओ भणइ
2006,कुसलं मह जणगाणं नागमणं कारणावेक्खं // शुर्शुछ.८४
2007,
2008,अह सो मए पभणिओ वित्तप्पाया इमा हु जिणजत्ता
2009,सम्पइ पुण अम्हाणं आगच्छसु पाहुणो ताव // शुर्शुछ.८५
2010,
2011,तो भणइ भाणुवेगो एवं एयन्ति किन्तु निसुणेसु
2012,मह चित्तभाणुपिउणा लहुमागच्छेज्ज इति भणियं // शुर्शुछ.८६
2013,
2014,ता चित्तवेग! सम्पइ तं चिय नगरम्मि एहि महतणए
2015,उक्कण्ठिओ पगामं जं अच्छइ तुम्ह माउलओ // शुर्शुछ.८७
2016,
2017,एवं च तेण भणिओ अम्मापीईहिं अब्भणुन्नाओ
2018,भाउसमेओ पत्तो नगरमहं कुञ्जरावत्तं // शुर्शुछ.८८
2019,
2020,
2021,[प. १०२]
2022,तहिंय च चित्तभाणू मं दट्ठूं सुट्ठु हरिसिओ भणइ
2023,सुन्दरमायरियं ते जमागओ अम्ह पाहुणओ // शुर्शुछ.८९
2024,
2025,निययपउत्तिं सव्वं कहिउं कयभोयणाइवावारो
2026,पत्ताए रयणीए पासुत्तो पवरसयणीए // शुर्शुछ.९०
2027,
2028,तत्थ य पभायसमए लवमाणे तम्बचूलनिउरम्बे
2029,दिट्ठो अदिट्ठपुव्वो एसो सुमिणो मए तइया // शुर्शुछ.९१
2030,
2031,किल धवलफुल्लमालं मणोहरं दट्ठु तग्गहट्ठाए
2032,चलिओ हं न य सक्केमि गेण्हिउं तं जया कहवि // शुर्शुछ.९२
2033,
2034,केणवि मित्तेण तओ समप्पिया आयरेण मे गहिया
2035,ओलम्बिस्सं गलए किल नियए ताव सा झत्ति // शुर्शुछ.९३
2036,
2037,पडिया मह हत्थाओ कत्थवि य गयत्ति नेय जाणामि
2038,ताहे महन्तदुक्खं तव्विरहे मज्झ सञ्जायं // शुर्शुछ.९४
2039,
2040,[तिस्र̥भिः कुलकम]
2041,
2042,[प. १०३]
2043,सुक्कावि मए एसा पुणोवि अमिलाणकुसुमिया विहिया
2044,इय भणिऊणं केणवि कण्ठे विणिवेसिया मज्झ // शुर्शुछ.९५
2045,
2046,ताव पडुपटहझल्लरिकाहलभम्भामउन्दसद्दालं
2047,सोउं तूरस्स रवं झत्ति पणट्ठा महं निद्दा // शुर्शुछ.९६
2048,
2049,तो हरिसविसायड्ढं दट्ठुं सुमिणं विचिन्तियं हियए
2050,किं नाम मज्झ सूयइ अदिट्ठपुव्वं इमं सुमिणं? // शुर्शुछ.९७
2051,
2052,का हन्दि! इमा माला विज्जा व सम्पया व मह होज्जा
2053,"दिन्ना केणवि नट्ठा पुणरवि लद्धा, न याणामि // शुर्शुछ.९८"
2054,
2055,एवं अणिच्छियत्थो सुविणसरूवस्स उट्ठिओ अहयं
2056,काउं पभायकिच्चं अह सहिओ भाणुवेगेण // शुर्शुछ.९९
2057,
2058,आरụ̄धो पासाए उवरिमभूमीए चित्तसालाए
2059,मणिरयणकोट्टिमम्मी उवविट्ठो मत्तवारणए // शुर्शुछ.१००
2060,
2061,[युग्मम]
2062,
2063,[प. १०४]
2064,अह तं पभायदिट्ठं सिट्ठं सुविणं तु भाणुवेगस्स
2065,निच्छइउं नो सक्कइ सोवि हु सुविणस्स सब्भावं // शुर्शुछ.१०१
2066,
2067,चिन्तित्ता सुविणफलं विगप्पसङ्कप्पखित्तनियचित्ता
2068,जा चिट्ठामो अम्हे खणन्तरं तत्थ ठाणम्मि // शुर्शुछ.१०२
2069,
2070,ताव य वरनेवत्थो महग्घआभरमभूसियसरीरो
2071,सव्वो वि नयरलोओ गन्तुं कत्थवि पयट्टोति // शुर्शुछ.१०३
2072,
2073,[युग्मम]
2074,तं दट्ठुं मए भणियं सबालवुड̣धो इमो जणो कत्थ
2075,कयउवसोहो वच्चइ साहसु भो भाणुवेगम्ह? // शुर्शुछ.१०४
2076,
2077,भणियं च तेण निसुणसु अज्जं जं मयणतेरसी भद्द!
2078,मयरन्दुज्जाणठियस्स तेण जत्ताए मयणस्स // शुर्शुछ.१०५
2079,
2080,एसो नरनारिगणो पूयत्थं तस्स वच्चइ पमोया
2081,अम्हेवि हु गच्छामो पेच्छामो कुसुमसरजत्तं // शुर्शुछ.१०६
2082,
2083,[युग्मम]
2084,
2085,[प. १०५]
2086,तत्तो य मए भणियं एवं होउत्ति दोवि सञ्चलिया
2087,कयसिङ्गारा पयओ पत्ता य कमेण उज्जाणं // शुर्शुछ.१०७
2088,
2089,कीलन्तकामिणीयणरणन्तनेउररवेण तरुनियरो
2090,मयणमहूसवतुट्ठो गायइ इव चच्चरिं जत्थ // शुर्शुछ.१०८
2091,
2092,मलयानिलहल्लावियसाहाहिं विघुम्ममाणया धणियं
2093,कोइलकयकलकोलाहलेहिं अफुडक्रवारालावा // शुर्शुछ.१०९
2094,
2095,आयम्बिरनवकिसिलयआयम्बमुहा महीरुहा जत्थ
2096,आसाइयमहुमासा मत्ता इव सच्चविज्जन्ति // शुर्शुछ.११०
2097,
2098,[युग्मम]
2099,सुविसट्टकुसुमसोहन्तमञ्जरीपुञ्जरइयसेहरया
2100,जोहारेन्ततिव पवणोणयाहिं साहाहिं पउरजणं // शुर्शुछ.१११
2101,
2102,तम्मि य पवरुज्जाणे घणतरुवरमण्डिए सुरमणीए
2103,दंसणमेत्तुपाइयमयणे मयरन्दनामम्मि // शुर्शुछ.११२
2104,
2105,
2106,[प. १०६]
2107,नाणानेवत्थेणं नायरलोएण परिगया जाव
2108,पविसामो ता दिट्ठं दूराओ मयणदेवहरं // शुर्शुछ.११३
2109,
2110,[युग्मम]
2111,रइजुत्तमयणपूयणनिमित्तमित्तेण पउरलोएण
2112,पडिपुन्नं सुविलासं उत्तुङ्गं तुङ्गपागारं // शुर्शुछ.११४
2113,
2114,उद्दामवज्जन्तअच्चन्तवरमद्दलं मत्तवरकामिणीसङ्घकयगुन्दलं
2115,चच्चरीसद्दअक्खित्तकामुयजणं पडहियासद्दनच्चन्तबहुवामणं // शुर्शुछ.११५
2116,
2117,पिययमासत्तनररुद्धकयलीहरं दोलियारूढपुरबालियासुन्दरं
2118,सविडवेसाजणारद्धजलकीडयं सलिलसम्पायकयकद्दमुप्पीलयं // शुर्शुछ.११६
2119,
2120,तं मज्झे पविसित्ता दट्ठूण रईए सञ्जुयं मयणं
2121,निग्गन्तूणं दोण्णिवि उवविट्ठा बारवेईए // शुर्शुछ.११७
2122,
2123,नाणविहकीलाहिं कीलन्तं पुरजणं पुलोएन्तो
2124,जाव खणन्तरमेगं कुमर! अहं तत्थ अच्छामि // शुर्शुछ.११८
2125,
2126,
2127,[प. १०७]
2128,तावासन्नम्मि दुमे अन्दोलिन्ती सहीण मज्झगया
2129,दिट्ठा अउव्वरूवा जुवई नवजोव्वणारम्भा // शुर्शुछ.११९
2130,
2131,पीणुन्नयघणसिहिणुच्छलन्तहारावलीए कयसोहा
2132,उत्तत्तकणयवन्ना मणिकुडंलमण्डियकवोला // शुर्शुछ.१२०
2133,
2134,अमयमइयव्व विहिणा विहिया कयलोयलोयणाणन्दा
2135,दंसणमेत्तेणं चिय पल्हायन्ती जणमणाइं // शुर्शुछ.१२१
2136,
2137,[चतस्र̥भिः कलापकम]
2138,तं दट्ठुं चिन्तियं मे का एसा हन्दि! मणहरसरुवा
2139,"किं नागकन्नगेसा अवइन्ना, अहव वणलच्छी? // शुर्शुछ.१२२"
2140,
2141,किंवा सुरलोगाओ पब्भट्ठा तियससुन्दरी एसा
2142,किंवा मयणविउत्त होज्ज रई गहियदेहत्ति? // शुर्शुछ.१२३
2143,
2144,एवं विगप्पमाणो अणमिसनयणेहिं तं पुलोएन्तो
2145,तीएवि पुलोइओ हं ससिणिद्धअवङ्गदिट्ठीए // शुर्शुछ.१२४
2146,
2147,
2148,[प. १०८]
2149,पुट्ठो य भाणुवेगो का एसा कस्स वावि महिलत्ति?
2150,ईसीसिविहसिउणं अह भणियं भाणुवेगेणं // शुर्शुछ.१२५
2151,
2152,एईए सङ्कहाए न हु कज्जं किञ्चि उट्ठिमो ताव
2153,एसा हुं वङ्कवङ्कं जोयइ तुह संमुहं जेण // शुर्शुछ.१२६
2154,
2155,अङ्गेसु निवडमाणा दिट्ठी एवंविहाण महिलाण
2156,देहं कुणइ असत्थं अवस्स हिययं अवहरेज्जा // शुर्शुछ.१२७
2157,
2158,तत्तो य मए भणियं परिहासपरो सि अम्हे एमेव
2159,पुच्छामो कोउगेणं तं पुण अन्नं विअप्पेसि // शुर्शुछ.१२८
2160,
2161,तो भणइ भाणुवेगो इमम्मि नयरम्मि अत्थि पयडजसो
2162,खयरो अमियगई तस्स भारिया चित्तमालत्ति // शुर्शुछ.१२९
2163,
2164,एसा एगा धूया ताणं जाया अणोवमगुणड̣धा
2165,नामेण कणगमाला विन्नाणसमन्निया कन्ना // शुर्शुछ.१३०
2166,
2167,
2168,[प. १०९]
2169,तत्तो य मए भणियं का एसा मयणपूयणं कुणइ?
2170,एसावि का सहीए पुरओ वत्तं कहेमाणी? // शुर्शुछ.१३१
2171,
2172,को व इमो अवलम्बइ गलए वेसाए तरुणओ पुरिसो?
2173,एमाइ मए पुट्ठो हसिऊण तओ इमं भणइ // शुर्शुछ.१३२
2174,
2175,एवंविहपुच्छाहिं कीस तुम सुयणु! मं पयारेस?
2176,को जुन्नमज्जरिं कञ्जिएण पवियारिउं तरइ? // शुर्शुछ.१३३
2177,
2178,न हु सुयणु! पढमपुच्छं एरिसपुच्छाहिं छाइउं तरसि
2179,किडएहिं पयत्तेणवि छाइज्जइ कह णु पच्चूसो? // शुर्शुछ.१३४
2180,
2181,एवं च तेण भणिओ लज्जाए अहोमुहो ठिओ अहयं
2182,तं दट्ठु भाणुवेगो ठिओ अलक्खोव्व होऊणं // शुर्शुछ.१३५
2183,
2184,लज्जाए तस्समए वालिज्जन्तीवि अन्नओहुत्तं
2185,मड्डाए तहवि निवडइ मह दिट्ठी तीए मुहकमले // शुर्शुछ.१३६
2186,
2187,
2188,[प. ११०]
2189,अणुरायतन्तिबद्धा दिट्ठी जणसङ्कुलेवि मग्गमि
2190,सरिऊण सणिय-सणियं जत्थ पियं तत्थ अल्लियइ // शुर्शुछ.१३७
2191,
2192,सहिजणपच्छन्नेहिं पुणो पुणो तरलदिट्ठिपाएहिं
2193,भद्दवयमेहविज्जूए विलसियं तीए विजियन्ति // शुर्शुछ.१३८
2194,
2195,तो तीए तरलपम्हलदिट्ठीबाणेहिं जज्जरे हियए
2196,मज्झ पविट्ठा पञ्चवि कुसुमसरा मयणपविमुक्का // शुर्शुछ.१३९
2197,
2198,एत्थन्तरम्मितीए सहिनिवहो नियगिहेसु सञ्चलिओ
2199,सावि हु बाला चलिया पुणो पुणो मं पुलोएन्ती // शुर्शुछ.१४०
2200,
2201,वलियग्गीवं तीए ससिणिद्धअवङ्गदिट्ठिदोरेण
2202,आयड̣धिय पच्छन्नं मह हिययं झत्ति अवहरियं // शुर्शुछ.१४१
2203,
2204,नाउंवहरिज्जन्तं मह हिययं तीए पयविलग्गाइं
2205,कूयन्ति नेऊराइं पुणो पुणो कụधियपुरिसोव्व // शुर्शुछ.१४२
2206,
2207,
2208,[प. १११]
2209,मयणत्ता सा जन्ती अणमिसनयणेहिं पुलइया ताव
2210,जावुज्जाणतरूहिं अन्तरिया दिट्ठिमग्गाओ // शुर्शुछ.१४३
2211,
2212,वोलीणदंसणाए तीए मह माणसम्मि सन्तावो
2213,दुव्विसहो सञ्जाओ समयं अइदीहसासेहिं // शुर्शुछ.१४४
2214,
2215,अह भणइ भाणुवेगो गच्छामो नियगिहम्मि अम्हेवि
2216,एवन्ति मए भणिए समागया दोवि गेहम्मि // शुर्शुछ.१४५
2217,
2218,तत्तो अहमारụ̄धो उवरिमभूमीए तत्थ सयणीए
2219,पासुत्तो उवविट्ठो मह पासे भाणुवेगोवि // शुर्शुछ.१४६
2220,
2221,तो भणइ भाणुवेगो कीस तुमं दुम्मणोव्व सञ्जाओ?
2222,मुञ्चसि विसायगब्भे सुदीहरे कीस नीसासे? // शुर्शुछ.१४७
2223,
2224,किं कुणसि अङ्गभङ्गं दीहं नीससिय मुक्कहुङ्कारो
2225,भठ्ठट्टियचणगो विव सयणीए कीस तडफडसि? // शुर्शुछ.१४८
2226,
2227,
2228,[प. ११२]
2229,किङ्किम्पि चिन्तिऊणं अणिमित्तं चेव कीस तं हससि?
2230,निययविगप्पवसेणं कीस पुणो दुम्मणो होसि? // शुर्शुछ.१४९
2231,
2232,नाणारससङ्किन्नं नाडयकव्वं अहिणवेमाणो
2233,किं चिट्ठसि न य साहसि सब्भावं किञ्चि अम्हाणं? // शुर्शुछ.१५०
2234,
2235,एवं च तेण बहुसो पुच्छिज्जन्तेण कुमर! मे भणियं
2236,जाणामि नेव किं पुण मह देहं गाढमस्सत्थं? // शुर्शुछ.१५१
2237,
2238,हसिऊण तेण भणियं पुव्वं चिय साहियं मए तुज्झ
2239,एवंविहमहिलाणं न सुन्दरं दंसणं होइ // शुर्शुछ.१५२
2240,
2241,ता तीए चक्खुदोसा एसो सव्वोवि तुज्झ सन्तावो
2242,दाविज्जइ सा हत्थं पट्ठीए जेण होइ सुहं // शुर्शुछ.१५३
2243,
2244,नीससिय मए भणियं सन्देहो जीवियस्सवि य अम्हं
2245,तं पुण सुहिओ भाओ य परिहासं कीस नो कुणसि? // शुर्शुछ.१५४
2246,
2247,
2248,[प. ११३]
2249,तो भणइ भाणुवेगो सब्भावविवज्जियस्स पुरिसस्स
2250,अन्नायम्मि सरूवे किं काउं सक्किमो अम्हे? // शुर्शुछ.१५५
2251,
2252,ताहि मए वज्जरियं साहिज्जइ तस्स जो न याणाइ
2253,तं पुण जाणन्तोवि हु अलियं चिय पुच्छिसि ममन्ति // शुर्शुछ.१५६
2254,
2255,एमाइवयणवित्थरवज्जरणपरायणाण अम्हाणं
2256,चूयलया गिहदासी आगन्तूणं इमं भणइ // शुर्शुछ.१५७
2257,
2258,अच्छइ दुवारदेसे समागया तुम्ह दंसणनिमित्तं
2259,सोमलया नामेणं वरधाई कणगमालाए // शुर्शुछ.१५८
2260,
2261,तो भणइ भाणुवेगो लहुं पवेसेह एव भणियम्मि
2262,अह सच्चिय सोमलया समागया अम्ह पासम्मि // शुर्शुछ.१५९
2263,
2264,कयउवयारा ताहे उवविट्ठा भणइ सायरं वयणं
2265,एगन्तं कुणह तओ चूयलया पेसिया तत्तो // शुर्शुछ.१६०
2266,
2267,
2268,[प. ११४]
2269,भणियं सोमलयाए सरणागयवच्छला जओ सुयणा
2270,परितायह परितायह ममं तओ भीमवसणाओ // शुर्शुछ.१६१
2271,
2272,हरिसाऊरियहियएण ताहे एवंविहं मए भणियं
2273,"कत्तो भद्दे! वसणं, सा भणई कुसुमबाणाओ // शुर्शुछ.१६२"
2274,
2275,ईसीसि विहसिऊणं वज्जरियं ताहि भाणुवेगेण
2276,कडकडियसव्वसन्धिं गयलायन्नं तुह शरीरं // शुर्शुछ.१६३
2277,
2278,निन्नट्ठदन्तपन्तिं सियकेसहसन्तसीससोहिल्लं
2279,दूरपलम्बिरवलिवलयसहियसिहिणेहिं बीभच्छं // शुर्शुछ.१६४
2280,
2281,दट्ठूण भीयभीओ दूरं दूरेण वच्चइ अणङ्गो
2282,तत्तो कह तुज्झ भयं जराए जज्जरियदेहाए? // शुर्शुछ.१६५
2283,
2284,सोमलयाए भणियं मा मं उवहससु सुणसु वत्तन्तं
2285,जह कुसुमबाणविहियं परम्पराए मह भयन्ति // शुर्शुछ.१६६
2286,
2287,
2288,[प. ११५]
2289,उज्जाणाउ कीलिय समागया नियगिहे कणगमाला
2290,विच्छायवयणसोहा विडप्पगहिया ससिकलव्व // शुर्शुछ.१६७
2291,
2292,तत्तो य मए पुठ्ठा कीस तुमं पुत्ति! विमणदुम्मणिया?
2293,न य तीए किञ्चि सिट्ठं सुदीहरं नवरि नीससिउं // शुर्शुछ.१६८
2294,
2295,अंसुजलपूरियाइं नयणाइं कयाइं दीणवयणाए
2296,तत्तो य मए पुट्ठा तीए सही हंसिया नाम // शुर्शुछ.१६९
2297,
2298,तीए भणियं अम्बे! उज्जाण अज्ज पाविया अम्हे
2299,पूइय मयणं बाहिं नीसरिया जाव ता दिट्ठो // शुर्शुछ.१७०
2300,
2301,कोउगवक्खित्तमणो उवविट्ठो भाणुवेगपासम्मि
2302,पच्चक्खोव्व अणङ्गो एगो तरुणो महाभागो // शुर्शुछ.१७१
2303,
2304,[युग्मम]
2305,तं दट्ठूणं एसा जाया निप्फन्दलोयणा सहसा
2306,आसत्ता तव्वयणे आलेक्खगयव्व निच्चेट्ठा // शुर्शुछ.१७२
2307,
2308,
2309,[प. ११६]
2310,सव्वङ्गिओ इमीए अणिमिसदिट्ठीए जोइओ स युवा
2311,न य तेण इमा दिट्ठा कोउगवक्खित्तचित्तेण // शुर्शुछ.१७३
2312,
2313,तो तस्स नयणगोयरमपावमाणा सलज्जमुहकमला
2314,दोहग्गदूसियं पिव अत्ताणं मन्नमाणव्व // शुर्शुछ.१७४
2315,
2316,किङ्किम्पि चिन्तिऊणं भणइ सहीओ! इमम्मि चूयदुमे
2317,कीलामो ताव खणं बन्धिय अन्दोलयं अम्हे // शुर्शुछ.१७५
2318,
2319,[युग्मम]
2320,एवं ताहिं भणिए तहेव सम्पाडियम्मि एसावि
2321,गुरुसद्देण सहीओ आसन्नाओवि वाहरइ // शुर्शुछ.१७६
2322,
2323,जइ एसो मह सद्दं सोऊणं संमुहं पलोएज्जा
2324,होज्जामि ता कयत्था इइ आसाए तडिज्जन्ती // शुर्शुछ.१७७
2325,
2326,तं पेक्खिऊण य मए परिहासवसेण जम्पियं एयं
2327,आसन्नम्पि सहिजणं उच्चुच्चं कीस वाहरसि? // शुर्शुछ.१७८
2328,
2329,
2330,[प. ११७]
2331,कोउगवक्खित्तमणो एसो तुह देइ नेय पडिवयणं
2332,तं वयणं सोऊणं सविलक्खा किञ्चि सञ्जाया // शुर्शुछ.१७९
2333,
2334,एत्थन्तरम्मि दिट्ठा तेण जुवाणेण 'णङ्गरूवेण
2335,सज्झसहरिसेहिं इमा ताहि अउव्वं रसं पत्ता // शुर्शुछ.१८०
2336,
2337,तेणालोइयमेत्ता सोहग्गसमन्नियं च अप्पाणं
2338,जीवियमवि सकयत्थं मन्नन्ता पुलइयसरीरा // शुर्शुछ.१८१
2339,
2340,अवरुण्डइ सहिनिवहं उच्चं संलवइ हसइ अनिमित्तं
2341,पायङ्गुट्ठेण महिं विलिहइ केसे य सञ्जमइ // शुर्शुछ.१८२
2342,
2343,एमाइं सवियारं चेट्ठन्ता कीलिऊण खणमेगं
2344,मयणसरविहुरियङ्गी इहागया एरिसा जाया // शुर्शुछ.१८३
2345,
2346,एवं च हंसियाए भणियम्मि पुणोवि सा मए पुट्ठा
2347,"को सो पुरिसो हंसिणि!, कहियं सव्वम्पि मह तीए // शुर्शुछ.१८४"
2348,
2349,
2350,[प. ११८]
2351,"सोहणठाणे रागो पुत्तीए, चिन्तिउं गया पासे"
2352,तीए दिट्ठा य मए सयणीयगया कणगमाला // शुर्शुछ.१८५
2353,
2354,आपण्डुरमुहकमला सुदीहसासेहिं सोसियसरीरा
2355,कहकहवि हु नियजीयं महया किच्छेण धारन्ती // शुर्शुछ.१८६
2356,
2357,पियविरहजलणजालावलीहिं सन्तावियाए वरईए
2358,हारो चन्दणपङ्को मुम्मुरसरिसोव्व पडिहाइ // शुर्शुछ.१८७
2359,
2360,चीयव्व मुणालाइं नलिणीदलाइम्पि जालतुल्लाइं
2361,अङ्गाररासिसरिसा पडिहासइ हंसतूलीवि // शुर्शुछ.१८८
2362,
2363,पुट्ठा न देइ वयणं आलवइ न सहिजणं सिणिद्धम्पि
2364,झाणोवगया वरजोगिणिव्व जाया विगयचेट्ठा // शुर्शुछ.१८९
2365,
2366,पियविरहपिसाएणं गहिय गयचेयणावि हु सहीहिं
2367,आसासिज्जउ वरई सुन्दर! तुह नाममन्तेहिं // शुर्शुछ.१९०
2368,
2369,
2370,[प. ११९]
2371,पियविरहपीडियं तं तुडिगयनियजीवियं मुणेऊणं
2372,तद्दुक्खदुक्खिया हं समागया तुम्ह पासम्मि // शुर्शुछ.१९१
2373,
2374,एवं कुसुमसराओ अइगरुयं आगयं महं वसणं
2375,जं तीए दुक्खियाए अहम्पि अइदुक्खिया चेव // शुर्शुछ.१९२
2376,
2377,ता सुयणु! कणगमाला जा सा नीसाससोसियसरीरा
2378,आसासिज्जउ वरई जाव न सासा समप्पन्ति // शुर्शुछ.१९३
2379,
2380,लहु कुणसु किञ्चुवायं जाव न नीसरइ जीवियं तीए
2381,गयजीवियाए पच्छा किङ्काही लावयरसेण? // शुर्शुछ.१९४
2382,
2383,तव्वयणं सोऊणं तइया अह रायउत्त! मे भणियं
2384,एयम्पि न जाणामो का एसा कणगमालत्ति // शुर्शुछ.१९५
2385,
2386,ता पुच्छ भाणुवेगं पत्थुयवत्थुम्मि गहियपरमत्थं
2387,अम्हे पुण पाहुणया अयाणुया एत्थ वत्थुमि // शुर्शुछ.१९६
2388,
2389,
2390,[प. १२०]
2391,अह भणइ भाणुवेगो अम्हेवि हु नेव जाणिमो किञ्चि
2392,तो भणइ सोमलया सासूयं एरिसं वयणं // शुर्शुछ.१९७
2393,
2394,हरिऊण तीए हिययं दिट्ठिबाणेहिं पहरियं अङ्गे
2395,तुडिगयजीयं काउं तं सम्पइ अयाणुओ जाओ // शुर्शुछ.१९८
2396,
2397,कण्ठगयजीवियासा तुह विरहे मरइ नत्थि सन्देहो
2398,अयणत्तं अवलम्बियं तं चिट्ठसि निद्दओ भद्द! // शुर्शुछ.१९९
2399,
2400,अन्नं च. 
2401,
2402,जो जत्थ जणो निवसइ रक्खइ सो आयरेण तं गेहं
2403,तीए मणम्मि वसन्तो किं निद्दय! तं मणं दहसि? // शुर्शुछ.२००
2404,
2405,हरिऊण तीए हिययं सम्पइ चोरोव्व निन्हवेमाणो
2406,न हु छुट्टसि सुयणु! तुमं किञ्चि उवायं विचिन्तेसु // शुर्शुछ.२०१
2407,
2408,तत्तो य मए भणियं अम्म! तं चेव साहसु उवायं
2409,एवं चवत्थियम्मि जं जुत्तं अम्ह काउं जे // शुर्शुछ.२०२
2410,
2411,
2412,[प. १२१]
2413,भणियं सोमलयाए चित्तं पत्तं व पच्चयनिमित्तं
2414,पट्ठवसु जेण चित्तं सन्धीरइ सा तयं दट्ठुं // शुर्शुछ.२०३
2415,
2416,तत्तो य मए लिहिया पत्ते नलिणीओ तीए पउमम्मि
2417,मोत्तूण सेसकुसुमे निलीयमाणो अली लिहिओ // शुर्शुछ.२०४
2418,
2419,हिट्ठे य तस्स लिहिया एसा गाहा उव्वुन्नयरसेण
2420,नियभावसूयणपरा पच्छन्नत्था तया कुमर! // शुर्शुछ.२०५
2421,
2422,तह कहवि परिट्ठवियं अलिणो नलिणीए परिमलं हियए
2423,लोयणुप्पयणं जह तस्स केवलं संसकुसुमेसु // शुर्शुछ.२०६
2424,
2425,तं च बहु पत्तमज्झे काउं तो पेसिओ सतम्बोलो
2426,चूयलयाए हत्थे दोवि गया तीए पासम्मि // शुर्शुछ.२०७
2427,
2428,तत्तो खणन्तराओ चूयलया आगया इमं भणइ
2429,एत्तो विणिग्गया हं पत्ता य कमेण तग्गेहे // शुर्शुछ.२०८
2430,
2431,
2432,[प. १२२]
2433,मत्तव्व मुच्छिया इव गिलिया इव सुयणु! गुरुपिसाएण
2434,दिट्ठा उ कणगमाला विसममवत्थन्तरं पत्ता // शुर्शुछ.२०९
2435,
2436,तीए सहीहिं भणियं समागया चित्तवेगदूइत्ति
2437,अह सा तुह नामक्खरआयन्नणलद्धबुद्धिया // शुर्शुछ.२१०
2438,
2439,झत्ति निविट्ठा तत्तो पासिय मं लज्जियाव मणयन्ति
2440,ताहे समप्पिओ से तम्बोलो सहरिसं गहिओ // शुर्शुछ.२११
2441,
2442,गहियत्थाए भणियं केणेसो पेसिओ म्ह तम्बोलो?
2443,मे भणियं तह सुन्दरि! मणोहरेणं पिययमेणं // शुर्शुछ.२१२
2444,
2445,तीए भणियं कन्ना अहन्ति कह मज्झ पिययमो भद्दे!?
2446,मे भणियं नणु होही अह सा अफुडक्खरं भणइ // शुर्शुछ.२१३
2447,
2448,कह मामि! अउन्नाए एत्तियमेत्ताणि मज्झ पुन्नाणि
2449,जं सो भत्ता होही दंसणमित्तम्पि अइदुलहं // शुर्शुछ.२१४
2450,
2451,
2452,[प. १२३]
2453,एत्तियमेत्तं भणिउं अंसुजलुप्फुण्णलोयणा झत्ति
2454,नीसासमोत्तूणं गयचेट्ठा सा पुणो जाया // शुर्शुछ.२१५
2455,
2456,तत्तो सहीहिं भणियं साहेज्जसु तस्स निग्घिणमणस्स
2457,जहदिट्ठं हि सरूवं इमीए अइगरुयपेम्माए // शुर्शुछ.२१६
2458,
2459,अन्नं च जह कहवि ताव वोलइ रयणी कुसलेण ता पभायम्मि
2460,उज्जाणम्मि गयाए दायव्वं दंसणमिमीए // शुर्शुछ.२१७
2461,
2462,तद्दंसणेण जीवइ न अन्नहा एस निच्छओ अम्ह
2463,एवं बहुहा भणिया समागया तुम्ह पासम्मि // शुर्शुछ.२१८
2464,
2465,एवं चूयलयाए भणियं सोऊण तीए वुत्तन्तं
2466,दुगुणतरो मे जाओ तव्विरहे गरुययसन्तावो // शुर्शुछ.२१९
2467,
2468,जइ मरिही सा बाला कहवि हु गुरुविरहताविया हन्दि!
2469,एएण निमित्तेणं ता मज्झवि आगयं मरणं // शुर्शुछ.२२०
2470,
2471,
2472,[प. १२४]
2473,अहवा सिणेहजुत्ता जइ सा ता कीस मज्झ पडिवयणं
2474,नवि दिन्नं ता मन्ने मन्दसिणेहा उ मह उवरिं // शुर्शुछ.२२१
2475,
2476,जइवि हु सा निन्नेहा तहवि मणं मज्झ तीए विरहम्मि
2477,पजलियजलणसमुज्जलजालालिद्धंव पडिहाइ // शुर्शुछ.२२२
2478,
2479,नयणेहिं पुलइया सा ताइं चिय दहउ एस पियविरहो
2480,हियएण किमवरद्धं जेण तयं निद्दयं दहइ? // शुर्शुछ.२२३
2481,
2482,अन्नेण कयं अन्नो न भुञ्जए अलियमेरिसं वयणं
2483,सा दिट्ठा नयणेहिं जाओ हिययस्स सन्तावो // शुर्शुछ.२२४
2484,
2485,रोवन्तु नाम तं जणमपेच्छमाणाणि दड्ढनयणाणि
2486,तं हियय! किं विमूरसि साहीणे चिन्तियव्वम्मि? // शुर्शुछ.२२५
2487,
2488,नयणेहिं जोइया सा हियएण कओ य गुरयपडिबन्धो
2489,सरिसेवि हु अवराहे विरहो हिययं दढं दहइ // शुर्शुछ.२२६
2490,
2491,
2492,[प. १२५]
2493,एत्थन्तरम्मि सूरो भमिऊणं भुवणमण्डलमसेसं
2494,अत्थगिरिमत्थयत्थो जाओ अद्धाणखिन्नोव्व // शुर्शुछ.२२७
2495,
2496,निट्ठुरकरेहिं भुवणं इमेण सन्तावियन्ति रोसेण
2497,नज्जइव अत्थगिरिणा सीसाओ ̣धालिओ सूरो // शुर्शुछ.२२८
2498,
2499,नाऊण सूरपडणं अणुलग्गा उवरि अत्थसेलस्स
2500,रोसेण रत्तमुहा समागया झत्ति अह सञ्झा // शुर्शुछ.२२९
2501,
2502,तयणन्तरमन्धारियदिसिवलया नवरि आगया रयणी
2503,पयडियतारयनिवहा कोसियहुङ्कारभीसणया // शुर्शुछ.२३०
2504,
2505,ताव य खणन्तराओ निन्नासियबहलतिमिरसङ्घाओ
2506,माणिणिमाणुम्महणो वित्थरिओ ससिकरनिहाओ // शुर्शुछ.२३१
2507,
2508,मयलञ्छणपवणेणं गाढं सन्धुक्किओ विओयग्गी
2509,सन्ताविउं पयत्तो मह हिययं ताहे सयगुणियं // शुर्शुछ.२३२
2510,
2511,
2512,[प. १२६]
2513,अह चिन्तिउं पयत्तो अमयमओ सुम्मई इमो चन्दो
2514,नवरं तव्विरहे अज्ज विज्जुपुञ्जोवमो जाओ // शुर्शुछ.२३३
2515,
2516,हे हियय! कीस उज्झसि उव्वेयं कीस कुणसि अच्चत्थं?
2517,दुल्लहजणम्मि रागं पढमं चिय कीस तं कुणसि? // शुर्शुछ.२३४
2518,
2519,अन्नं च जो किर करेइ नेहं तस्सेव य हियय! रच्चिउं जुत्तं
2520,दूरट्ठिओवि जो दहइ माणसं तम्मि को रागो? // शुर्शुछ.२३५
2521,
2522,सॊ च्चिय वुब्भइ हियए सॊ च्चिय अइनिट्ठुरो दहइ देहं
2523,कस्स कहिज्जइ वत्ता सरणाओ भयम्मि उब्भूए? // शुर्शुछ.२३६
2524,
2525,किं मन्ने होज्ज दियहं जम्मी लग्गेज्ज मज्झ हत्थम्मि
2526,मणनिव्ववणो तीए कमलोयरकोमलो हत्थो // शुर्शुछ.२३७
2527,
2528,अच्छउ ता दूरॆ च्चिय पाणिग्गहणाइयं तु सह तीए
2529,अम्हाण मणोदइयं दंसणमवि दुल्लहं मन्ने // शुर्शुछ.२३८
2530,
2531,
2532,[प. १२७]
2533,किं मज्झ जीविएणं किंवा मह हन्दि! मणुयजम्मेण
2534,जो विरहदुक्खसमणं तीए वयणं न पेच्छामि? // शुर्शुछ.२३९
2535,
2536,अहवा चूयलयाए भणिएणं भविस्सई पभायम्मि
2537,तीए सह दंसणयं अणुकूलो जइ विही होही // शुर्शुछ.२४०
2538,
2539,गुरुविरहजलणजालावलीहिं सन्तावियस्स हिययस्स
2540,अन्नो नत्थि उवाओ पियदंसणओसहं मोत्तुं // शुर्शुछ.२४१
2541,
2542,एमाइविगप्पेहिं पणट्ठणिद्दस्स मज्झ सा रयणी
2543,चउजामावि हु तइया जामसहस्सोवमा जाया // शुर्शुछ.२४२
2544,
2545,असरिसदूसहसन्तावतावियं कहवि माणसं मज्झ
2546,फुडमाणम्पि न फुट्टं मन्ने तद्दंसणासाए // शुर्शुछ.२४३
2547,
2548,सीयलकरनियरेणवि सन्तावं फेडिउं मह असत्तो
2549,अह लज्जिउव्व चन्दो अत्थगिरिं पाविओ तत्तो // शुर्शुछ.२४४
2550,
2551,
2552,[प. १२८]
2553,पच्चूसगयवरुम्मूलियाए उड्डीणससिविहङ्गाए
2554,रयणिलयाए गलन्तिव कुसुमाइं तारयनिहेण? // शुर्शुछ.२४५
2555,
2556,अह इन्ददिसा सहसा केसुयसुयतुण्डसच्छहा जाया
2557,आसन्नसूरमण्डलवज्जरणत्थंव लोयस्स // शुर्शुछ.२४६
2558,
2559,पडिबोहियकमलवणो पसरियखरकिरणपूरियदियन्तो
2560,मेलियरहङ्गजुयलो तदणन्तरमुग्गओ सूरो // शुर्शुछ.२४७
2561,
2562,एत्थन्तरम्मि अहयम्पि समुट्ठिऊण किच्चं पभायतणयं करिउं पयत्तो
2563,भो सुप्पइट्ठ! तइया दइयाइ होही सन्दंसणम्ह इइ पहिट्ठमणो पगामं // शुर्शुछ.२४८
2564,
2565,साहुधणेसरविरइयसुबोहगाहासमूहरम्माए
2566,रागग्गिदोसविसहरपसमणजलमन्तभूयाए // शुर्शुछ.२४९
2567,
2568,एसोवि परिसमप्पइ विरहे सूरुग्गमॊत्ति सुपसिद्धो
2569,सुरसुन्दरिनामाए कहाए तइओ परिच्छेओ ९५० // शुर्शुछ.९५०
2570,
2571,
2572,
2573,---------------------------------------------------------------------
2574,
2575,[प. १२९]
2576,[चतुर्थः परिच्छेदः]
2577,
2578,अह भाओ भाणुवेगो समागओ पहसिओ ममं भणइ
2579,गम्मउ उज्जाणम्मि चूयलयावयणमणुसरिउं // शुर्शुछ.१
2580,
2581,हरिसाऊरियहियएण ताहि एवन्ति जपमाणेणं
2582,तक्कालुचियं जाव य कायव्वं काउमारद्वं // शुर्शुछ.२
2583,
2584,एत्थन्तरम्मि निसुओ मङ्गलतूरस्स गहिरनिग्घोसो
2585,पुट्ठो य मए भाया कत्थ इमं वज्जए तूरं? // शुर्शुछ.३
2586,
2587,तो भणइ भाणुवेगो सम्मं जाणे न कारणं एत्थ
2588,नवरं अमियगइगिहे भाविज्जइ एस तूररवो // शुर्शुछ.४
2589,
2590,अह चिन्तियं मए किं आसन्नपियासमागमस्सावि
2591,अब्भहिओ सन्तावो फुरइ य वामं तहा नयणं? // शुर्शुछ.५
2592,
2593,
2594,[प. १३०]
2595,ता भवियव्वं केणवि एत्थ नणु कारणेण ताहे मए
2596,चूयलया वाहरिया समागया अह इमं भणिया // शुर्शुछ.६
2597,
2598,कत्थ इमो तूररवो केणव कज्जेण सम्ममुवलब्भ
2599,आगन्तूणं भद्दे! सिग्घं चिय कहसु अम्हाणं // शुर्शुछ.७
2600,
2601,गन्तूणं चूयलया खणन्तराओ समागया धणियं
2602,विच्छायवयणकमला पुट्ठा य मए इमं भणइ // शुर्शुछ.८
2603,
2604,एत्तो विणिग्गयाए अमियगइगिहस्स दारदेसम्मि
2605,भूरिजणसङ्कुलम्मी मए न लद्धो पवेसोवि // शुर्शुछ.९
2606,
2607,तत्तो य बन्धुदत्तो पत्थुयवत्थुम्मि पुच्छिया भणइ
2608,वरणम्मि एस भद्दे! महोच्छवो कणगमालाए // शुर्शुछ.१०
2609,
2610,सिरिगन्धवाहणसुओ गङ्गावत्तम्मि खयरनयरम्मि
2611,नहवाहणॊत्ति सुम्मइ तस्स विइन्ना कणयमाला // शुर्शुछ.११
2612,
2613,
2614,[प. १३१]
2615,एवं वियाणिऊणं समागया एत्थ तुम्ह पासम्मि
2616,कन्नकडुयम्पि तुम्हं साहिज्जइ मन्दाभागाए // शुर्शुछ.१२
2617,
2618,तीए वयणं सोउं धसत्ति गुरुमोग्गरेण पहओ हं
2619,मुच्छानिमीलियच्छो पडिओ भूमिए गयचेठ्ठो // शुर्शुछ.१३
2620,
2621,घणसारसारगोसीसमीससलिलेण ताहि संसित्तो
2622,सुकुमालतालविण्टयसीयलपवणेण गयमुच्छो // शुर्शुछ.१४
2623,
2624,परिचिन्तिउं पयत्तो पेच्छह दुव्विहियविलासियं विहिणो
2625,पियसङ्गमणोरहभंसणम्मि उज्जुत्तचित्तस्स // शुर्शुछ.१५
2626,
2627,अहवा अन्नह परिचिन्तिज्जइ सहरिसकण्डुज्जएण हियएण
2628,परिणमइ अन्नहच्चिय कज्जारम्भो विहिवसेण // शुर्शुछ.१६
2629,
2630,कत्थ इमा कत्थ अहं अन्नोन्नं कत्थ गरुयअणुरागो
2631,नवरं हयासविहिणा सव्वं चिय अन्नहा विहियं // शुर्शुछ.१७
2632,
2633,
2634,[प. १३२]
2635,पुव्वम्पि हु जइ बुद्धी एरिसया आसि तुज्झ रे दिव्व!
2636,ता कह मह पढमं चिय तीए सह दंसणं विहियं? // शुर्शुछ.१८
2637,
2638,काऊम दंसणं गरूयरायसहियं हयास! रे! दिव्व!
2639,अन्नत्थ तं मयच्छिं जोडेन्तो कि नं लज्जिहिसि? // शुर्शुछ.१९
2640,
2641,अविय नयणाण पडउ वज्जं अहवा वज्जस्स वड्डिलं किम्पि
2642,अमुणियजणेवि दिट्ठे अणुबन्धं जाणि कुव्वन्ति // शुर्शुछ.२०
2643,
2644,खणपरिचियदुल्लहलोयकारणे कीस! तं मिहसि?
2645,मुञ्चसु गरुयविसायं विवरीओ हयविही जेण // शुर्शुछ.२१
2646,
2647,एरिसदुविस्सहेवि हु सञ्जाए हिययं गरुयदुक्खम्मि
2648,वज्जघडियंव मन्ने जं नवि सयसिक्करं जासि // शुर्शुछ.२२
2649,
2650,एमाइबहुविगप्पं चिन्तेमाणस्स गरुयसोगस्स
2651,तव्विरहदूमियमाणसस्स तइया महं कुमर! // शुर्शुछ.२३
2652,
2653,
2654,[प. १३३]
2655,पुणरवि सा सोमलया समागया किञ्चि हरिसियाव मणे
2656,उवविट्ठा मं दट्ठुं सुट्ठुं विसायाउरं तइया // शुर्शुछ.२४
2657,
2658,[युग्मम]
2659,ता भणइ कीस सुन्दर! दीससि तं दुम्मणोव्व अच्चत्थं
2660,"सुणिउं वरणयवत्तं, ताव निसामेसु मह वयणं // शुर्शुछ.२५"
2661,
2662,भणियं च मए अज्जवि किं आसा कावि अत्थि अम्हाण
2663,"वज्जरसि जेण एवं सोमलए!, ताहि सा भणइ // शुर्शुछ.२६"
2664,
2665,तुह विरहे गयचेट्ठं दट्ठूणं ताव कणगमालं तु
2666,चूयलया कल्लम्मि पट्ठविया तुम्ह पासम्मि // शुर्शुछ.२७
2667,
2668,सावि हु सहीहिं कहवि तुह सङ्गमसूयगेहिं वयणेहिं
2669,आसासियावि वरई तुह सङ्गमपावमाणा उ // शुर्शुछ.२८
2670,
2671,खणमेत्तं मुच्छिज्जइ उठ्ठियइ पुणोवि मुयइ हुङ्कारे
2672,गायइ हसइ य वेवइरोवइ य खणेण उत्तसइ // शुर्शुछ.२९
2673,
2674,
2675,[प. १३४]
2676,गहगहिया इव बाला असमञ्जसचेट्ठियाइ कुणमाणा
2677,हसियावि सहिजणेणं नवि जाणइ किञ्चि हयहियया // शुर्शुछ.३०
2678,
2679,[तिस्र̥भिः कुलकम]
2680,तं पेक्खिऊण य मए विचिन्तियं जाव मुयइ नो पाणे
2681,गुरुअणुरागा एसा ताव उवायं विचिन्तेमि // शुर्शुछ.३१
2682,
2683,तत्तो तव्वुत्तन्तो कहिओ गन्तूण चित्तमालाए
2684,तज्जणणीए उ मए एगन्तगयाए सव्वोवि // शुर्शुछ.३२
2685,
2686,विन्नायसरूवत्था पासे आगम्म कणगमालाए
2687,वज्जरइ चित्तमाला कीस तुमं पुत्ति! उव्विग्गा? // शुर्शुछ.३३
2688,
2689,अच्छसि ओसन्नमुही भणियावि हु कीस देसि नालावं?
2690,सुहसज्झं चेव इमं मा पुत्ति! विसायमुव्वहसु // शुर्शुछ.३४
2691,
2692,अम्हाण चित्तभाणू आयत्तो तं च पुत्ति! कन्ना सि
2693,उचिओ य चित्तवेगो रूवेणं कलाहिं जं तुज्झ // शुर्शुछ.३५
2694,
2695,
2696,[प. १३५]
2697,तस्स य उवरिं जाओ अणुरागो तुज्झ तेण सव्वम्पि
2698,अमुकूलमिणं जायं मा चिन्तसु अन्नहा वच्छे! // शुर्शुछ.३६
2699,
2700,किन्तु तुह पुत्ति! जणओ गङ्गावत्तम्मि खयरनयरम्मि
2701,पासम्मि गन्धवाहणविज्जाहरराइणो हु गओ // शुर्शुछ.३७
2702,
2703,आगच्छउ सो सिग्घं कुसलेणं ताहे तुज्झ वीवाहं
2704,महया विच्छड्डेणं कारिस्सइ चित्तवेगेण // शुर्शुछ.३८
2705,
2706,एसोवि चित्तमासो वित्तप्पाउत्ति लब्भिही लग्गं
2707,सिग्घं चिय पुत्ति! तुमं मा काहिसि किञ्चि उव्वेवं // शुर्शुछ.३९
2708,
2709,एवं नियजणणीए भणिया सा विगयविरहसन्तावा
2710,जाया मणयं सत्था समुट्ठिया ताहे से जणणी // शुर्शुछ.४०
2711,
2712,एत्थन्तरम्मि सहसा समागओ ताओ खयरनयराओ
2713,अमियगई से जणओ कयविणओ परियणेणेसो // शुर्शुछ.४१
2714,
2715,
2716,[प. १३६]
2717,ण्हाय विलित्तो भुत्तो उवविठ्ठो उवरिमाए भूमीए
2718,अहयम्पि चित्तमालासहिया तत्थेव सम्पत्ता // शुर्शुछ.४२
2719,
2720,कुसलपउतिं पुच्छिय नियदइयं ताहे चित्तमालाए
2721,नियधूयाए पउत्ती सव्वावि हु तस्स अक्खाया // शुर्शुछ.४३
2722,
2723,तं सोउं अमियगई साममुहो तक्खणेण सञ्जाओ
2724,भणइ अहो! अइगरूयं समागयं अम्ह वसणन्ति // शुर्शुछ.४४
2725,
2726,तो भणइ चित्तमाला पिययम! किं कारणं नु वसणस्स?
2727,तत्तो य अमियगइणा वज्जरियं पिययमे! सुणसु // शुर्शुछ.४५
2728,
2729,नरवइकज्जेणेत्तो गङ्गावत्तम्मि तम्मि नयरम्मि
2730,सिरिगन्धवाहणस्स ओ पासम्मि गओ अहं तइया // शुर्शुछ.४६
2731,
2732,कयविणओ उवविट्ठो अत्थाणगयस्स राइणो पासे
2733,सम्भासिएण य तओ निवेइयं रायकज्जं से // शुर्शुछ.४७
2734,
2735,
2736,[प. १३७]
2737,एत्थन्तरम्मि सुन्दरि! पडिहारनिवेइओ अणुन्नाओ
2738,अत्थाणम्मि पविट्ठो एगो विज्जाहरकुमारो // शुर्शुछ.४८
2739,
2740,विहियपणामो रन्नो पारद्धो एरिसं स वज्जरिउं
2741,विज्जाहराण राया वेयड̣धे आसि जो देव! // शुर्शुछ.४९
2742,
2743,संसिद्धसयलविज्जो ससुरासुरमणुयलोयविक्खाओ
2744,सुरवाहणॊत्ति नामं विज्जाहरचक्कवट्टित्ति // शुर्शुछ.५०
2745,
2746,अवमाणवज्जियं जो विज्जाहररायलच्छिमणुहविउं
2747,विक्खायजसं पुत्तं निययपए ठाविऊण तुमं // शुर्शुछ.५१
2748,
2749,संसारवासभीओ नाऊण असारयं विभूईए
2750,रज्जसिरिं अवउज्झिय पडग्गलग्गं जरतणंव // शुर्शुछ.५२
2751,
2752,सिरिउसहनाहजिणवरवज्जरियं सव्वविरइरूवं जो
2753,चारितं पडिवन्नो चित्तङ्गयमुणिवरसमीवे // शुर्शुछ.५३
2754,
2755,
2756,[प. १३८]
2757,गहणा ' 'सेवणरूवं सिक्खं अब्भसिय गुरूसमीवम्मि
2758,अहियसुओ पडिवज्जिय एगल्लविहारपडिमं सो // शुर्शुछ.५४
2759,
2760,छट्ठ 'ट्ठमदसमदुवालसाइनाणाविहे तवोकम्मे
2761,उज्जुत्तो विहरन्तो गामागरमण्डियं वसुहं // शुर्शुछ.५५
2762,
2763,सम्पत्तो एत्थेव य वेयड̣धे चित्तकूडसिहरम्मि
2764,तुम्ह पिया सुरवाहणविज्जाहरमुणिवरो अज्ज // शुर्शुछ.५६
2765,
2766,पडिमापडिवन्नस्सिह सुक्कज्झाणेण खवियमोहस्स
2767,लोयालोयपयासं उप्पन्नं केवलं तस्स // शुर्शुछ.५७
2768,
2769,[नवभिः कुलकम]
2770,तत्तो य तस्स वयणं सोऊणं गन्धवाहणो राया
2771,हरिसवसवियसियच्छो भणइ तयं सायरं एवं // शुर्शुछ.५८
2772,
2773,"भो आगच्छसु सङ्गय! आसन्नो, अज्ज तायवत्ताए"
2774,सहलीकयं म्ह जीयं केवलउप्पत्तिगब्माए // शुर्शुछ.५९
2775,
2776,
2777,[प. १३९]
2778,ससरीरपरिहियं सो सव्वं आभरणवत्थमाईयं
2779,विलइय तस्स सरीरे तत्तो भण्डारियं भणइ // शुर्शुछ.६०
2780,
2781,अद्धत्तेरसकोडी पवरसुवन्नस्स देसु एयस्स
2782,पीईदाणं तत्तो तहत्ति सम्पाडियं तेण // शुर्शुछ.६१
2783,
2784,तयणन्तरं च राया विज्जाहरनियरपरिगओ चलिओ
2785,जणयस्स चित्तकूडे भत्तीए वन्दणनिमित्तं // शुर्शुछ.६२
2786,
2787,विज्जाविरइयवरविमाणआरूढपरियणाणुगओ
2788,सुहनेवत्थविराइयनायरजणपरिगओ सहसा // शुर्शुछ.६३
2789,
2790,[युग्मम]
2791,तेण सहिओ अहम्पि हु चलिओ मुणिपायवन्दणनिमित्तं
2792,अह सव्वे सम्पत्ता आसन्ने चित्तकूडस्स // शुर्शुछ.६४
2793,
2794,चउविहदेवनिकायं निवयन्तं दट्ठुं चित्तकूडम्मि
2795,सविसेसहरिसियमणो वियसियमुहपङ्कओ राया // शुर्शुछ.६५
2796,
2797,
2798,[प. १४०]
2799,सिग्घतरं गन्तूणं बहुजणपरिवारिओ पयत्तेण
2800,सुरकयकेवलिमहिमं थुव्वन्तं दिव्वनारीहिं // शुर्शुछ.६६
2801,
2802,दट्ठूण मुणिवरं तं काऊण पयाहिणं च तिक्खुत्तो
2803,बहुमाणवससमुट्ठियरोमञ्चयञ्चियसरीरो // शुर्शुछ.६७
2804,
2805,भूमितललुलियमउडं पञ्चङ्गं करिय ताहे पणिवायं
2806,पहरिसगलन्तनयणो अह एवं थुणिउमाढत्तो // शुर्शुछ.६८
2807,
2808,[चतस्र̥भिः कलापकम]
2809,जय जय जीवदयावर! सुक्कज्झाणेणदड्ढकम्मवण!
2810,वोच्छिन्नभवनिबन्धण! जाइजरामरणदुक्खहर! // शुर्शुछ.६९
2811,
2812,उप्पन्नविमलकेवलउवलद्धसमत्थणेयसब्भाव!
2813,सासयसिवसुहसाहण! पत्तअहक्खायचारित्त! // शुर्शुछ.७०
2814,
2815,भयवं अणाइनिहणे परिब्भमन्ताण भवसमुद्दम्मि
2816,दाउं हत्थालम्बं अम्ह समुत्तारणं कुणसु ७१|| // शुर्शुछ.७१
2817,
2818,
2819,[प. १४१]
2820,एवं थुणिऊण मुणिं मुणिमुहकमलनिहियमणनयणो
2821,उवविट्ठो धरणीए नासन्ने नाइदूरम्मि // शुर्शुछ.७२
2822,
2823,एत्थन्तरम्मि मुणिणा परत्थसम्पायणेक्करसिएण
2824,गम्भीरभारईए पारद्धा देसणा एवं // शुर्शुछ.७३
2825,
2826,अइदुलहं मणुयत्तं असासंसारसागरगयाणं
2827,कुगईण पउरभावा सकम्मवसगाण जीवाणं // शुर्शुछ.७४
2828,
2829,तम्पि हु जराभिभूयं आवासो रोगसोगवाहीणं
2830,सारीरमाणसाणेयदुक्खसम्पायकलियन्ति // शुर्शुछ.७५
2831,
2832,पवणाहयधयवडचञ्चलाओ लच्छीओ तहय मणुयाणं
2833,अणवट्ठिया य नेहा सुहिसयमपियाइजणविसया // शुर्शुछ.७६
2834,
2835,विसयसुहम्पि हु परिणामदारूणं नारयाइदुहहेऊ
2836,आरम्भपरिग्गहसञ्चियस्स पावस्स परिणामो // शुर्शुछ.७७
2837,
2838,
2839,[प. १४२]
2840,अइभीसणेण बन्धेण गरूयपीडावहो खु जीवाणं
2841,मिच्छावियप्पवसओ सव्वम्पि हु सोक्खमाभाइ // शुर्शुछ.७८
2842,
2843,अणवरयसम्पयट्टो मच्चू अवहरइ जीवसङ्घायं
2844,एवं च ठिए भो भो भद्दा! सम्मं विचिन्तेह // शुर्शुछ.७९
2845,
2846,केवलिभणियं धम्मं मोत्तूणं नत्थि किञ्चि अन्नन्ति
2847,सरणं भवभीयाणं भवियाणं भवनिबुड्डाणं // शुर्शुछ.८०
2848,
2849,तम्हा कुणह पयत्तं दुलहं लद्धूण माणुसं जम्मं
2850,जिणइन्दभणियधम्मे सासयसिवसोक्खहेउम्मि // शुर्शुछ.८१
2851,
2852,सावज्जकज्जवज्जणरूवं परिगेण्हिऊण पव्वज्जं
2853,खविऊण कम्मसत्तुं सासयसोक्खं वयह मोक्खं // शुर्शुछ.८२
2854,
2855,इय केवलिणा भणिए विणिवेसिय करयलञ्जलिं सीसे
2856,वज्जरइ गन्धवाहणराया उ तहत्ति जं भणह // शुर्शुछ.८३
2857,
2858,
2859,[प. १४३]
2860,दाउं विज्जानियरं रज्जेण समं तु निययपुत्तस्स
2861,नहवाणस्स तत्तो करोमि गिहवासचायन्ति // शुर्शुछ.८४
2862,
2863,एत्थन्तरम्मि सुन्दरि! पत्थावं जाणिऊण पुच्छाए
2864,विहियपणामेण मए पुट्ठो मुणिकेवली एवं // शुर्शुछ.८५
2865,
2866,लोयालोयविलोयणकेवलनाणेण नायभावस्स
2867,पच्चक्खं हि भयवओ एयं जमहं तु पुच्छिस्सं // शुर्शुछ.८६
2868,
2869,एक्कच्चिय मह धूया जाया विन्नाणरूवसम्पुन्ना
2870,पाणाणवि वल्लहिया नामेणं कणगमालत्ति // शुर्शुछ.८७
2871,
2872,धूयाए को भत्ता होही मणवल्लहॊत्ति एयाए
2873,चिन्ताए मह हिययं भयवं! निच्चपि अक्खलियं // शुर्शुछ.८८
2874,
2875,ता मणनिव्वुइहेउं साहिज्जउ एस अम्ह वुत्तन्तो
2876,पाणिग्गहणं तीए को किर विज्जाहरो काही? // शुर्शुछ.८९
2877,
2878,
2879,[प. १४४]
2880,एवं च पुच्छिएणं केवलिणा सुयणु! एरिसं भणियं
2881,मा भद्द! कुण विसायं थोव चिय एत्थ वत्थुम्मि // शुर्शुछ.९०
2882,
2883,तुह धूयाए भत्ता सो होही जो इमम्मि वेयड̣धे
2884,गुणकलियं पालिस्सइ विज्जाहरचक्कवट्टित्तं // शुर्शुछ.९१
2885,
2886,पुव्वभवनेहबद्धा तुह धूया तस्स पाणवल्लहिया
2887,होही सयलन्तेउरललामभूया महादेवी // शुर्शुछ.९२
2888,
2889,केवलिवयणं सोउं सञ्जाओ मज्झ गरूयआणन्दो
2890,एत्थन्तरम्मि राया समुट्ठिओ वन्दिऊण मुणिं // शुर्शुछ.९३
2891,
2892,तत्तो रन्ना सहिओ समागओ तम्मि चेव नयरम्मि
2893,अह रन्ना हं भणिओ बहुमाणजुयं इमं वयणं // शुर्शुछ.९४
2894,
2895,अइवल्लहावि धूया दायव्वा ताव कस्सइ नरस्स
2896,जं एसा लोगट्ठिई तेणम्हे एरिसं भणिमो // शुर्शुछ.९५
2897,
2898,
2899,[प. १४५]
2900,नहवाहणस्स दिज्जउ सा कन्ना जेण वित्तवीवाहं
2901,निययपए ठविउणं सेवामो तायपयजुयलं // शुर्शुछ.९६
2902,
2903,तत्तो मएवि भणियं एत्थत्थे नत्थि किञ्चि वत्तव्वं
2904,धूया कित्तियमेत्तं पाणावि हु तुम्ह आयत्ता // शुर्शुछ.९७
2905,
2906,सच्चिय धूया धन्ना सुण्हा जा होइ देवपायाणं
2907,केवलिगिरावि सच्चा जं किज्जइ एरिसे विहिए // शुर्शुछ.९८
2908,
2909,तुम्ह सुयं मोत्तूणं वेयड्ढगिरिम्मि होज्ज को अन्नो
2910,विज्जाण चक्कवट्टी जस्स पिया होज्ज मह धूया? // शुर्शुछ.९९
2911,
2912,एवं च मए भणिए वियसियवयणेण राइणाणत्तो
2913,सोमजसो जोइसिओ विवाहलग्गं निरूवेसु // शुर्शुछ.१००
2914,
2915,तत्तो जोइसिएणं सम्मं आलोचिऊण आइट्ठं
2916,वइसाहसुद्धपञ्चमिरत्तीए सोहणं लग्गं // शुर्शुछ.१०१
2917,
2918,
2919,[प. १४६]
2920,तत्तो य मए भणियं आएसं देह जेण गन्तूण
2921,नियनयरेसञ्जुत्तिं विवाहकज्जस्स कारेमि // शुर्शुछ.१०२
2922,
2923,तेणाणुन्नाओ हं सिग्घं चिय आगओ इहं सुयणु!
2924,रायामच्चेहिं समं चन्दजसा ' 'इच्चनामेहिं // शुर्शुछ.१०३
2925,
2926,एएवि कणगमालावरणत्थं आगया मए समयं
2927,कल्ले पभायसमए किल होइ वरणयं तीए // शुर्शुछ.१०४
2928,
2929,एवं च ठिए एसा एक्का धूया सुट्ठु पिया ताव कणगमालम्ह
2930,एईए अणुराओ सञ्जाओ चित्तवेगम्मि // शुर्शुछ.१०५
2931,
2932,ता जइ मणो 'णुकूलं सम्पाडिस्सं न एक्कधूयाए
2933,"एईयवि, ता सुन्दरी! किञ्च मए जीविएणन्ति? // शुर्शुछ.१०६"
2934,
2935,उवयारेणं महया विमग्गिया राइणा सुयनिमित्तं
2936,सिरिगन्धवाहणेणं मएवि दिन्ना इमा तस्स // शुर्शुछ.१०७
2937,
2938,
2939,[प. १४७]
2940,तं च इयाणिं अन्नहकाउं चाइज्जए न जं सुयणु!
2941,एएण कारणेणं मे भणियं आगयं वसणं // शुर्शुछ.१०८
2942,
2943,एवं पिययमवयणं सोऊणं चित्तवेग! सञ्जाया
2944,मह सामिणीवि विच्छायवयणिया चित्तमालत्ति // शुर्शुछ.१०९
2945,
2946,तत्तो तीए भणियं मह चित्ते फुरइ एरिसं ताव
2947,परिचयइ कणगमाला तव्विरहे जीवियमवस्सं // शुर्शुछ.११०
2948,
2949,कहकहवि मए जं सा तप्पावणसुयगेहिं वयणेहिं
2950,पुव्विं सधीरविया एयं पुण अन्नहा जायं // शुर्शुछ.१११
2951,
2952,भणियं च अमियगइणा एवं हि ठिए करेमि किं सुयणु!
2953,जइ ताव न देमि इमं तो राया रूसइ अवस्सं // शुर्शुछ.११२
2954,
2955,केवलिवयणा रन्नो अइगरुओ एत्थ आयरो जाओ
2956,तेण इमाइ अदाणे अइगरुयं होइ मह खूणं // शुर्शुछ.११३
2957,
2958,
2959,[प. १४८]
2960,रुट्ठेण तेण वेयड्ढनगवरे जं न होइ आवासो
2961,"अइथोवं चिय एयं, अन्नम्पि विरूवयं होइ // शुर्शुछ.११४"
2962,
2963,अन्नं च गिण्हिस्सइ मड्डाइवि राया एयं न एत्थ सन्देहो
2964,ताव वरं सयमेव य समप्पियानेहविद्धीए // शुर्शुछ.११५
2965,
2966,जइ पुण दिज्जइ एसा रायसुयं मोत्तु चित्तवेगस्स
2967,ता तस्सावि अम्हाणवि पाणाणवि संसओ होइ // शुर्शुछ.११६
2968,
2969,ता सुन्दरि! न हु कज्जं अन्नेहिं एत्थ बहुविगप्पेहिं
2970,तह भणसु कणगमालं जह उज्झइ तम्मि अणुरायं // शुर्शुछ.११७
2971,
2972,किञ्च उत्तमकुलप्पसूओ पियंवओ सयलजणमणाणन्दो
2973,सूरो धीरो चाई नियपिउलच्छीअलङ्करिओ // शुर्शुछ.११८
2974,
2975,रूवेण जोव्वणेण य कलाहिं विज्जाहिं निम्मलगुणेहिं
2976,विक्खाओ नहवाहणकुमरो सव्वम्मि वेयड̣धे // शुर्शुछ.११९
2977,
2978,
2979,[प. १४९]
2980,तत्तो स एव भत्ता कमागओ होउ कणगमालाए
2981,न हु कज्जं अन्नेण अवायबहुलेण पुरिसेणं // शुर्शुछ.१२०
2982,
2983,एवं च अमियगइणा भणियाए ताहि चित्तमालाए
2984,भणिया हं सोमलए! किं जुत्तं सम्पयं काउं? // शुर्शुछ.१२१
2985,
2986,तत्तो य मए भणियं तं चेव य इत्थ गहियपरमत्था
2987,नियधूयाए सरुवस्स एत्थ किमहं भणामित्ति? // शुर्शुछ.१२२
2988,
2989,तो भणइ चित्तमाला तीए गन्तूण भावमुलभसु
2990,इच्छइ व नवा अन्नं पुरिसं गुणदोसकहणेण? // शुर्शुछ.१२३
2991,
2992,"नहवाहणं पसंसिय अब्भहियगुणंहिं, निन्दिऊणन्नं"
2993,तह कुणसु जहा इच्छइ वीवाहं एयतणएण // शुर्शुछ.१२४
2994,
2995,तत्तो य मए भणियं सामिणि! किं तं न याणसि सभावं
2996,नियधूयाए जेणं आएसं देसि मह एवं // शुर्शुछ.१२५
2997,
2998,
2999,[प. १५०]
3000,"मन्निस्सइ वीवाहं जं सा अण्णस्स, अच्छउ सुदूरं"
3001,सोउं पउत्तिमेयं मन्ने जीयं परिच्चयइ // शुर्शुछ.१२६
3002,
3003,मह वयणं सोऊणं गुरुदुक्खसमाहया भणइ तत्तो
3004,वियलन्तसकज्जलनयणसलिलसामलियगण्डयला // शुर्शुछ.१२७
3005,
3006,जं भणसि तुमं भद्दे! मज्झवि हिययम्मि फुरइ तं सच्चं
3007,नवरं हयासविहिणो वसेण अइदुक्करं जायं // शुर्शुछ.१२८
3008,
3009,[युग्मम]
3010,तत्तो अइगुरुसोगं रुयमाणिं पिच्छिऊण नियदइयं
3011,वज्जरियममियगइणा सुन्दरि! किं एत्थ रुन्नेणं? // शुर्शुछ.१२९
3012,
3013,किं मह थोवं दुक्खं नवरं न चएमि अन्नहाकाउं
3014,सुइरम्पि चिन्तिऊणवि लभामि नन्नं उवायन्ति // शुर्शुछ.१३०
3015,
3016,तम्हा महिलागाहं मोत्तूणं आयइं निरूवेसु
3017,रायसुयस्स अदाणे दोसे य गुणे विचिन्तेसु // शुर्शुछ.१३१
3018,
3019,
3020,[प. १५१]
3021,"अन्न चं, कणगमाला बहुमाणपरा हु जणणिजणगाणं"
3022,पडिकूलिस्सइ वयणं न अम्ह गुणदोसकहणेण // शुर्शुछ.१३२
3023,
3024,"अन्नञ्च, कन्नगाए भत्ता किल होइ गुरुअणुन्नाओ"
3025,तदणुन्नाए य जओ सयंवराईवि कीरन्ति // शुर्शुछ.१३३
3026,
3027,किच्च नहवाहणरायसुओ जाव न दिट्ठीइ गोयरे पडइ
3028,तावच्चिय अणुराओ इमीए अन्नम्मि पुरिसम्मि // शुर्शुछ.१३४
3029,
3030,निज्जियअणङ्गरुवे दिठ्ठे उण तम्मि होहिही रागो
3031,ता किं सुन्दरी! बहुणा विगप्पसङ्कप्पजालेण // शुर्शुछ.१३५
3032,
3033,गन्तूण कणगमालं सुनिउणवयणेहिं भणसु तं सुयणु!
3034,एयम्मि वइयरम्मि जह अम्हं होइ न हु वसणं // शुर्शुछ.१३६
3035,
3036,एवं च अमियगइणा भणियाए ताहि चित्तमालाए
3037,भणिया हं सोमलए! पिययमवयणं लहुं कुणसु // शुर्शुछ.१३७
3038,
3039,
3040,[प. १५२]
3041,तत्तो तहत्ति भणिउ समुट्ठिया जाव ताहि मे पुट्ठा
3042,चन्दणनामा चेडी कत्थच्छइ कणगमालत्ति? // शुर्शुछ.१३८
3043,
3044,तीए भणियं एसा उवरिमभूमीओ उत्तिरेऊण
3045,गिहउज्जाणाभिमुहा गच्छइ विच्छायमुहकमला // शुर्शुछ.१३९
3046,
3047,तं सोऊण विगप्पो उप्पन्नो मह मणम्मि एरिसओ
3048,नूणं अलक्खियाए पिउवयणं तीए निसुयन्ति // शुर्शुछ.१४०
3049,
3050,तेणेव इमा मन्ने जाया विच्छावयणिया बाला
3051,ता जाव एत्थ गन्तुं विरूवमायरइ नवि किञ्चि // शुर्शुछ.१४१
3052,
3053,ता सिग्धं चिय गन्तु निवारणे तीए उज्जमामित्ति
3054,एवं विचिन्तयन्ती अणुमग्गेणेव चलिया हं // शुर्शुछ.१४२
3055,
3056,[युग्मम]
3057,पत्ता य घरुज्जाणे इओ तओ तग्गेवसणनिमित्तं
3058,जा परियडामि अहयं घणतरुयरसङ्कडिल्लम्मि // शुर्शुछ.१४३
3059,
3060,
3061,[प. १५३]
3062,घणपत्तलकयलीहरमणोहरे तत्थ एगदेसम्मि
3063,पत्तलतमालतरुतलहेट्ठनिविट्ठा मए दिट्ठा // शुर्शुछ.१४४
3064,
3065,किङ्किम्पि चिन्तयन्ती गलन्तथूलंसुसित्तगण्डयला
3066,अणहुन्तमणसमीहियगुरुदुक्खा कणगमालत्ति // शुर्शुछ.१४५
3067,
3068,तत्तो विचिन्तियं मे किं मन्ने नियगिहं पमोत्तूण
3069,एगागिणी हु एसा समागया एत्थ उज्जाणे? // शुर्शुछ.१४६
3070,
3071,[युग्मम]
3072,ता एईइ अदिट्ठा पच्छन्नठिया निएमि जं कुणति
3073,विन्नायसरुवत्था एसा नियजणयवयणस्स // शुर्शुछ.१४७
3074,
3075,एवं विचिन्तिऊणं तुण्हिक्का कयलिथम्भअन्तरिया
3076,खणमेगं जा चिट्ठामि तत्थ ता सुणसु जं जायं // शुर्शुछ.१४८
3077,
3078,दीहं नीससिऊणं एवं भणियं तु कणगमालाए
3079,अज्जवि किमित्थ बहुणा विगप्पसङ्कप्पजालेण? // शुर्शुछ.१४९
3080,
3081,
3082,[प. १५४]
3083,सुचिरं विचिन्तिऊणवि तेण जणेणं न सङ्गमो ताव
3084,पुन्नरहियाए मज्झं हयविहिणो विलसियवसेण // शुर्शुछ.१५०
3085,
3086,अच्छउ सङ्गमसोक्खं दंसणआसावि दुल्लहा जाया
3087,जाए तस्स विओगे फुट्टन्तं धारियं हिययं // शुर्शुछ.१५१
3088,
3089,ता का अज्जवि आसा जेण तुमं हियय! फुट्टसि न झत्ति
3090,खणमित्तदिट्ठवल्लहविओयवज्जेण दलियम्पि? // शुर्शुछ.१५२
3091,
3092,न य पिउवयणं सोउं इच्छियजणविरहकारयं हियं
3093,वज्जघडियंव मन्ने जं नवि सयसिक्करं जासि // शुर्शुछ.१५३
3094,
3095,अम्माए तायस्सवि वल्लहिया हं ति इय मरट्टो जो
3096,हिययम्मि आसि मज्झं सोवि हु इण्हिं पलीणॊत्ति // शुर्शुछ.१५४
3097,
3098,सुहसज्झं चिय एयं कज्जं मा पुत्ति! कुण विसायन्ति
3099,एवंविहवयणेहिं पयारिया जेण अम्बाए // शुर्शुछ.१५५
3100,
3101,
3102,[प. १५५]
3103,जस्सुवरि तुज्झ इच्छा दायव्वा तस्स तं मए पुत्ति!
3104,इयनियवयणं ताएण सम्पयं अन्नहा विहियं // शुर्शुछ.१५६
3105,
3106,विन्नायमहसरूवो ओ अन्नहा जइ करेइ ताओवि
3107,मह वञ्छियसम्पत्तीए सम्भवो ता कहं होउ? // शुर्शुछ.१५७
3108,
3109,एवं वियाणिऊणवि हियय! तुमं कीस मुञ्चसि न आसं
3110,तज्जणसङ्गमविसयं जेणज्जवि जीवियं धरसि? // शुर्शुछ.१५८
3111,
3112,अहवा न कोवि दोसो पहुपरवसचिट्ठियस्स तायस्स
3113,सुम्मइ जणम्मि पयडं कट्ठो खलु भिच्चभावॊत्ति // शुर्शुछ.१५९
3114,
3115,जइवि हु विजियाणङ्गो रुवेणं जइवि सम्पयाकलिओ
3116,जइवि हु उत्तमवंसो सक्खा सक्कन्दणो जइवि // शुर्शुछ.१६०
3117,
3118,तहवि न भावइ अन्नो पुरिसो तं हिययवल्लहं मोत्तुं
3119,जइ एस निच्छओ हियय! तुज्झ ता किं विलम्बेण? // शुर्शुछ.१६१
3120,
3121,[युग्मम]
3122,
3123,[प. १५६]
3124,एसो सो पत्थावो अइदुलहो पाविऒत्ति कलिऊणं
3125,उज्जम विचिन्तियत्थे होउ अविग्धेण सम्पत्ती // शुर्शुछ.१६२
3126,
3127,एवं हि कए तायस्य देइ दोसं न किम्पि रायावि
3128,दूसहविओयदुक्खस्स होइ एवं च वोच्छेओ // शुर्शुछ.१६३
3129,
3130,एमाइबहुविगप्पा भणिऊणं चित्तवेग! सा बाला
3131,कयमरणज्झवसाया आरụधा अह तमालम्मि // शुर्शुछ.१६४
3132,
3133,दट्ठूण साहसन्तीए नवरि देहं पकम्पियं मज्झं
3134,न वहइ वाया कहवि हु थक्काओ सव्वसन्धीओ // शुर्शुछ.१६५
3135,
3136,तत्तो य कणगमाला आरुहिऊणं तमालसाहाए
3137,बन्धिय निउत्तरीयं बन्धइ नियकन्धराभोए // शुर्शुछ.१६६
3138,
3139,अह पभणिउं पयत्ता अम्मे! जं किञ्चि बालभावाओ
3140,पभिइं किलेसिया तं तं खमियव्वं महं संव्वं // शुर्शुछ.१६७
3141,
3142,
3143,[प. १५७]
3144,ताय! तुमम्पि हु मह खमसु सम्पयं पणयपरवसाइ मए
3145,पुव्विं किलेसिओ जं परलोयं पत्थिया अहयं // शुर्शुछ.१६८
3146,
3147,जणणीसमहियनेहे! सोमलए! खम किलेसिया जं सि
3148,सुसिणिद्धसहीसन्दोह! खमसु जं किञ्चि अवरद्धं // शुर्शुछ.१६९
3149,
3150,खणमित्तदिट्ठ! वल्लह! हिययब्भन्तरपविट्ठ! निसुणेसु
3151,पत्थेमि किञ्चि सामिय! पाणच्चायं करेमाणी // शुर्शुछ.१७०
3152,
3153,तुह सङ्गमरहियाए एसो जम्मो हु ताव वोलीणो
3154,अन्नभवे पुण सामिय! तं चिय मह वल्लहो हुज्जा // शुर्शुछ.१७१
3155,
3156,अन्नं भणामि सामिय! जइवि हु अइनिट्ठुरं इमं वयणं
3157,तहवि हु तुह आवयावारणत्थमेसो म्ह निब्बन्धो // शुर्शुछ.१७२
3158,
3159,नीसर मह हिययाओ रुद्धे कण्ठम्मि पासएणहवा
3160,सक्केसि न नीसरिउ सामिय! मह पाणवल्लहय! // शुर्शुछ.१७३
3161,
3162,
3163,[प. १५८]
3164,मन्ने च किञ्चि लद्धं हयविहिणा मरणकारणं अन्नं
3165,मह तेण कारणेणं तुमए सह दंसणं विहियं // शुर्शुछ.१७४
3166,
3167,वणदेवयाओ! निसुणह तुम्ह पसायाओ अन्नजम्मेवि
3168,"सो खणदिट्ठो लोगो दइओ मह होज्ज, नन्नॊत्ति // शुर्शुछ.१७५"
3169,
3170,एवं भणिउं तीए मुक्को अप्पा अहोमुहो झत्ति
3171,एत्थन्तरम्मि गयणे समुट्ठिया एरिसा वाया // शुर्शुछ.१७६
3172,
3173,मा मा साहसमेयं आयर भद्दे! समुच्छुगा होउं
3174,सो चेव तुज्झ भत्ता होही नणु चित्तवेगॊत्ति // शुर्शुछ.१७७
3175,
3176,तत्थेव लग्गदिवसे पाणिग्गहणं भविस्सई तेणं
3177,अह सुन्दरि! एत्थत्थे मा किञ्चिवि कुण विसायन्ति // शुर्शुछ.१७८
3178,
3179,[युग्मम]
3180,"वयणाणन्तरमेव हि तुट्टो से पासओ, तओ अहयं"
3181,तव्वयणगलियसज्झससत्थसरीरा गया पासे // शुर्शुछ.१७९
3182,
3183,
3184,[प. १५९]
3185,तत्तो सलज्जवयणा भणिया य मए न पुत्ति! तुह जुत्तं
3186,एरिसमायरिउं जणणिजणगमाईणदुहजणयं // शुर्शुछ.१८०
3187,
3188,तत्तो य तीइ भणियं अम्बे! अम्हारिसाण किं अन्न
3189,एवं हि गए काउं जुत्तं मरणं पमोत्तूणं? // शुर्शुछ.१८१
3190,
3191,जओ वरि मरणं मा विरहो विरहो अइदूसहो 'म्ह पडिहाइ
3192,वरि एक्कं चिय मरणं जेण समप्पन्ति दुक्खाइं // शुर्शुछ.१८२
3193,
3194,तत्तो य मए तीसे कहिओ सव्वोवि पुव्ववुत्तन्तो
3195,भणिया य पुत्ति! सम्पइ किं तुह पडिहासए काउं? // शुर्शुछ.१८३
3196,
3197,अह तीए वज्जरियं लज्जं मोत्तुं भणामि एयं तु
3198,नवि मज्झ करे लग्गइ अन्नो पुरिसो इहं जम्मे // शुर्शुछ.१८४
3199,
3200,हसिऊण मए भणियं देवयवयणाउ सिद्धमेयन्ति
3201,किन्तु कह तुज्झ जणओ छुट्टिस्सइ गन्धवाहणओ? // शुर्शुछ.१८५
3202,
3203,
3204,[प. १६०]
3205,एत्थन्तरम्मि पुणरवि गयणे वाया समुट्ठिया एसा
3206,मा! कुणह बहुविगप्पे मह वयणं ताव निसुणेह // शुर्शुछ.१८६
3207,
3208,गन्तूणं सोमलया साहउ जणयस्स एरिसं वयणं
3209,भणिया बहुप्पगारं भणइ तओ कणगमालेवं // शुर्शुछ.१८७
3210,
3211,जं चेव कुणइ ताओ तं चेव मज्झ बहुमयं सव्वं
3212,जइ होइ सुन्दरं इह तायस्सवि कीरइ तयन्ति // शुर्शुछ.१८८
3213,
3214,तत्तो अविगप्पं से वरणाइं पडिच्छियव्वन्ति
3215,एवं हि कए कमसो होही इट्ठत्थसम्पत्ती // शुर्शुछ.१८९
3216,
3217,इय देवयाए वयणं सोऊणं चित्तवेग! अम्हाणं
3218,सञ्जातो गुरुतोसो ततो य मए इमं भणियं // शुर्शुछ.१९०
3219,
3220,मणवञ्छियवत्थुम्मी मा कीरउ पुत्ति! कावि आसङ्का
3221,कवडेणवि तेण तुमं मन्नसु नियजणयवयणन्ति // शुर्शुछ.१९१
3222,
3223,
3224,[प. १६१]
3225,एवं च देवयाए वयणं अन्नस्स नेव कहियव्वं
3226,मा विन्नायसरूवो विरूवमायरइ सो राय // शुर्शुछ.१९२
3227,
3228,एयम्मि कए पयडे लोयपवायाउ नायपरमत्थो
3229,राया 'वस्सं तुह वल्लहस्स आयरइ असुहन्ति // शुर्शुछ.१९३
3230,
3231,तो भणइ कणगमाला एवं एयन्ति नत्थि सन्देहो
3232,ता अम्बे! पत्थुयत्थे उज्जम किं एत्थ बहुएण? // शुर्शुछ.१९४
3233,
3234,तत्तो य मए गन्तुं सिट्ठं एयं तु चित्तमालाए
3235,भणिया बहुप्पगारं तुह धूया भणइ एवं तु // शुर्शुछ.१९५
3236,
3237,जं किञ्चि भणइ ताओ जं चिय इह बहुमयं तु अम्बाए
3238,जं चेव य सगुणतरं मएवि तं चेव कायव्वं // शुर्शुछ.१९६
3239,
3240,"जह अब्भुदओ तायस्स होइ, जह होइ नावया कयावि"
3241,"तह चेव य कायव्वं मएवि, किं एत्थ अन्नेण? // शुर्शुछ.१९७"
3242,
3243,
3244,[प. १६२]
3245,तत्तो य चित्तमाला तव्वयणं कहइ निययदइयस्स
3246,तं सोउं अमियगई हरिसियवयणो इमं भणइ // शुर्शुछ.१९८
3247,
3248,सुन्दरमणुट्ठियं हन्दि! मज्झ धूयाए जणयभत्ताए
3249,दक्खिन्नवयणविन्नामपगरिसो दंसिओ एवं // शुर्शुछ.१९९
3250,
3251,तत्तो पभायसमए रायामच्चेहिं वरणयं तीसे
3252,महया विच्छड्डेणं विहियं कयजणयआणन्दं // शुर्शुछ.२००
3253,
3254,एवं च ठिए तुह मणनिव्वुइहेउं तीए वयणेण आगया अहयं
3255,कहणत्थं पत्थुयवत्थुवित्थरस्सेत्थ तुह पासे // शुर्शुछ.२०१
3256,
3257,ता मा सुन्दर! वरणयसवणाओ दुम्मणो तुमं होसु
3258,जं देवयाए वयणं अलियं न य हवइ एयं तु // शुर्शुछ.२०२
3259,
3260,एवं च कणगमालाभाणइ न नाह! तं पमोत्तूण
3261,अन्नस्स करो लग्गइ मह हत्थे इत्थ जम्मम्मि // शुर्शुछ.२०३
3262,
3263,
3264,[प. १६३]
3265,देवयवयणं जइ सच्चयं ता धरेमि नियपाणा
3266,तदभावे पुण सरणं मरणं मह निच्छओ एसो // शुर्शुछ.२०४
3267,
3268,भो सुप्पइठ्ठ! एवं सोमलयावयणसवणओ तइया
3269,जायं मणयं मह माणसस्स सत्थत्तणं तत्तो // शुर्शुछ.२०५
3270,
3271,एवं विचिन्तियं मे केवलिणा जेण एरिसं भणियं
3272,"पुव्वभवनेहबद्धा होही भज्जत्ति, ता एयं // शुर्शुछ.२०६"
3273,
3274,सम्भवइ नूण अम्हं अवरोप्पदंसणाओ अइगरुओ
3275,अणुराओ जाओ जं सुम्मइ लोयप्पवाओ य // शुर्शुछ.२०७
3276,
3277,जाइसराइं मन्ने इमाइं नयणाइं सयललोयस्स
3278,वियसन्ति पिये दिट्ठे अव्वो! मउलिन्ति वेसम्मि // शुर्शुछ.२०८
3279,
3280,ता भवियव्वं इमिणा नवरं अइदुग्घडम्ह पडिहाइ
3281,जं सा रायसुएणं वरिया कह मज्ज होहित्ति? // शुर्शुछ.२०९
3282,
3283,
3284,[प. १६४]
3285,एवं विचिन्तिऊणं तम्बोलपयाणपुव्वयं भणिया
3286,जं किञ्चि एत्थ होही दीसिस्सइ तं सयं अम्बे! // शुर्शुछ.२१०
3287,
3288,भणियं सोमलयाए एवं एयन्ति नत्थि सन्देहो
3289,तत्तो विहियपणामा उट्ठियसट्ठाणमणुपत्ता // शुर्शुछ.२११
3290,
3291,अह भणइ भाणुवेगो पुव्विं दिट्ठस्स तस्स सुमिणस्स
3292,लेसेण कोवि अत्थो 'वधारिओ ताव तं सुणसु // शुर्शुछ.२१२
3293,
3294,"एसा हु कणगमाला माला होहित्ति, तीए जो रागो"
3295,तग्गहणं तं जाणसु वरणं पुण तीए अपत्ती // शुर्शुछ.२१३
3296,
3297,एत्तियमेत्तो अत्थो परिप्फुडो ताव जाणिओ हु मए
3298,सेसम्पि हु अव्वत्तं वियाणियं किञ्चि तं सुणसु // शुर्शुछ.२१४
3299,
3300,कोवि उवाएण इमं अप्पिस्सइ तुज्झ सा पुणो कहवि
3301,भट्ठा तुह हत्थाओ पाविस्सइ आवइ गरुइं // शुर्शुछ.२१५
3302,
3303,
3304,[प. १६५]
3305,तत्तो रक्खिय कोवि हु ̣धोइस्सइ तुज्झ तेण पज्जन्तो
3306,सुविणस्स सुन्दरो इय विणिच्छिओ सुविणसब्भावो // शुर्शुछ.२१६
3307,
3308,तं सोउं मए भणियं सम्मं हि विणिच्छियं तुमे सुयणु!
3309,घडइ जओ एसत्थो नवरं अइदुग्घडो लाहो // शुर्शुछ.२१७
3310,
3311,तो भणइ भाणुवेगो वत्थुं न तं अत्थि एत्थ लोगम्मि
3312,अणुकूलस्स उ विहिणो जं मन्ने दुग्घडं होइ // शुर्शुछ.२१८
3313,
3314,भो सुप्पइट्ठ! एवं पइदियहं तक्कहाविणोएण
3315,तप्पावणआसाए वोलीणा वासरा कइवि // शुर्शुछ.२१९
3316,
3317,आसन्नमागयं अह लग्गदिणं ताहि खयरपरियरिओ
3318,महया विच्छड्डेणं बन्धुजणसमन्निओ तत्थ // शुर्शुछ.२२०
3319,
3320,वीवाहत्थं तीए नहवाहणखयररायअङ्गरुहो
3321,सम्पत्तो अह पत्ता कमेण सा पञ्चमितिहीवि // शुर्शुछ.२२१
3322,
3323,
3324,[प. १६६]
3325,तत्तो 'वरण्हसमए मज्झ विगप्पो मणम्मि उप्पन्नो
3326,अव्वो! किं तं अलियं होही इह देवयावयणं? // शुर्शुछ.२२२
3327,
3328,अहव न दीसइ किञ्चिवि अणुरूवं तस्स तेण मन्नामि
3329,सोमलयावज्जरियं सव्वमलीगं हि सञ्जायं // शुर्शुछ.२२३
3330,
3331,एमाइबहुविगप्पं चिन्तेन्तो रणरणेण गहिओ हं
3332,कत्थवि धिइमलहन्तो नीहरिओ ताओ नयराओ // शुर्शुछ.२२४
3333,
3334,पत्तो य तमुज्जाणं सच्चविया जत्थ सा मए पुव्विं
3335,अन्दोलणतरुहिट्ठे गन्तुमहं ताहि उवविट्ठो // शुर्शुछ.२२५
3336,
3337,अह चिन्तिउं पयत्तो इण्हिं किं मज्झ काउमुचियं तु
3338,परहत्थं सम्पत्ता ताव पिया मह नियन्तस्स // शुर्शुछ.२२६
3339,
3340,देवयवयणासाए नेव उवाओवि चिन्तिओ कोवि
3341,इण्हिं पुण नो सक्कं किम्पि उवायन्तरं काउं // शुर्शुछ.२२७
3342,
3343,
3344,[प. १६७]
3345,एसोवि हु अणुरागो एवम्पि गए न तुट्टए कहवि
3346,पइसमयं च पवड्ढइ सन्तावो विरहसञ्जणिओ // शुर्शुछ.२२८
3347,
3348,अविय दुल्लहलम्भम्मि जणे जस्सिह पुरिसस्स होइ अणुरागो
3349,छिल्लरयपाणिएणव अणुदियहं तेण सुसियव्वं // शुर्शुछ.२२९
3350,
3351,गरुयपियसङ्गमासाभंससमुच्छलियरणरणाइन्नं
3352,न य जाणे कहव इमं नियहिययं सण्ठवामित्ति? // शुर्शुछ.२३०
3353,
3354,ता किं करेमिं इण्हिं अहवा किं एत्थ बहुविगप्पेहिं
3355,गुरुविरहदुक्खसमणो पाणच्चाओ परं जुत्तो // शुर्शुछ.२३१
3356,
3357,जइवि न जुज्जइ एसो विवेयजुत्ताण उत्तमनराण
3358,तीए विरहे तहवि हु सक्केमि न जीवियं धरिउं // शुर्शुछ.२३२
3359,
3360,ता एत्थेव तरुवरे तीए अन्दोलणेण सुपवित्ते
3361,उबन्धिय अप्पाणं पाणच्चायं करेमित्ति // शुर्शुछ.२३३
3362,
3363,
3364,[प. १६८]
3365,एवं विचिन्तिऊणं आरụधो तम्मि तरुवरे अहयं
3366,दाउं गलए पासं अह एवं भणिउमाढत्तो // शुर्शुछ.२३४
3367,
3368,रे दिव्व! अन्नजन्मे दुल्लहलम्भम्मि माणसे नेहं
3369,मा मह करिज्ज एसा हु पत्थणा तुह मए विहिया // शुर्शुछ.२३५
3370,
3371,"अन्नं च केवलिणो तं वयणं, सा वाया देवियावि, तं सुविणं"
3372,आसानिबन्धणं मज्झ दिव्व! सव्वं कयं अलियं // शुर्शुछ.२३६
3373,
3374,एवं भणिऊण मए मुक्को अप्पा अहोमुहो झति
3375,ताहे गạ̄धीभूए पासम्मि सरीरभारेण // शुर्शुछ.२३७
3376,
3377,रूद्धं गलयं आकुञ्चियाओ धमणीओ पसरिया वियणा
3378,भग्गं लोयणजुयलं रुद्धो पवणस्स सञ्चारो // शुर्शुछ.२३८
3379,
3380,उव्वेल्लियमङ्गेहिं जायं उदरं च पवणपडिहत्थं
3381,करणाइं घाइयाइं जाया अह वेयणा मन्दा // शुर्शुछ.२३९
3382,
3383,
3384,[प. १६९]
3385,भो सुप्पइट्ठ! एवं वियणापरिमन्दइन्दिएण मए
3386,एत्थन्तरम्मि निसुओ सद्दो अपणट्ठचित्तेण // शुर्शुछ.२४०
3387,
3388,मा साहस मा साहसमेयं काउरिसजणसमाइण्णं
3389,आयरिय देवदुल्लहनियरुवं भद्द! नासेसु // शुर्शुछ.२४१
3390,
3391,एत्थन्तरम्मि केणवि लम्बन्तं उक्खिवित्तु मह देहं
3392,लहु च्छिन्दिऊण पासं विहिओ मिउसीयलो पवणो // शुर्शुछ.२४२
3393,
3394,तत्तो तुसारसीयलसारमिनीरच्छडाहिं संसित्तो
3395,उल्हासिऊण हिययं अङ्गं संवाहियं सव्वं // शुर्शुछ.२४३
3396,
3397,मुच्छानिमीलियच्छो सव्वं सुविणंव तं विमन्नन्तो
3398,कोमलकिसलयरइए सत्थरए सोविओ तेण // शुर्शुछ.२४४
3399,
3400,पुणरुत्तपवणकरणाइयाहिं नाणाविहाहिं चिट्ठाहिं
3401,गयवेयणेण तत्तो खणन्तरा चेयणा लद्धा // शुर्शुछ.२४५
3402,
3403,
3404,[प. १७०]
3405,उम्मीलियलोयणजुयलएण दिठ्ठो विसिट्ठसण्ठाणो
3406,नवजोव्वणो जुवाणो पच्चक्खं पञ्चबाणोव्व // शुर्शुछ.२४६
3407,
3408,"भणियं च तेण किं भद्द! बाहए, दंसियं मए गलयं"
3409,अह संवाहणविहिणा तम्पि हु सत्थं कयं तेण // शुर्शुछ.२४७
3410,
3411,"विगयसयलपीडो सत्थदेहो तया हं, किसलयरइयम्मी सत्थरे संनिविट्ठो"
3412,विरहविहुरियङ्गो दीहनीसासखिन्नो अहिलसियपय-त्था 'साहणुव्विन्नचित्तो // शुर्शुछ.२४८
3413,
3414,साहुधणेसरविरइयसुबोहगाहासमूहरम्माए
3415,रागग्गिदोसविसहरपसमणजलमन्तभूयाए // शुर्शुछ.२४९
3416,
3417,एसोवि परिसमप्पइ पासगपरिमोयणॊत्ति नामेण
3418,सुरसुन्दरिनामाए कहाए तुरिओ परिच्छेओ १००० // शुर्शुछ.१०००
3419,
3420,
3421,
3422,---------------------------------------------------------------------
3423,
3424,[प. १७१]
3425,[पञ्चमः परिच्छेदः]
3426,
3427,अह सो दठ्ठूण ममं विद्दाणमुहं गलन्तनयणिल्लं
3428,करयलनिमियकवोलं एवं भणिउं समाढत्तो // शुर्शुछ.१
3429,
3430,सुन्दर! तुह सरिसाणं उत्तमपुरिसाण जुज्जइ न काउं
3431,अहमजणसमाइन्नो अप्पवहो कुगइसञ्जणणो // शुर्शुछ.२
3432,
3433,अन्नं च को सि तुमं कस्स कओ केण व कज्जेण एयमायरियं?
3434,कीस ससोगो सुन्दर! अविरलथूलंसुऐ मुयसि? // शुर्शुछ.३
3435,
3436,दीहं नीससिऊणं तत्तो य मए तया इमं भणियं
3437,किं कहियाए इमाए विहलाए सुयणु! वत्ताए? // शुर्शुछ.४
3438,
3439,"कहिएण जेण लब्भइ कोवि गुणो, तमिह साहिउं जुत्तं"
3440,अन्नह पुण तुसखण्डणसरिसेणं किं नु कहिएणं? // शुर्शुछ.५
3441,
3442,
3443,[प. १७२]
3444,अविय वोलीणपायकज्जे साहारो कोवि नत्थि कहिएण
3445,गयपाणियम्मि पालीइ बन्धणं कं गुणं लहउ? // शुर्शुछ.६
3446,
3447,दुस्सहदुक्खसमुच्छेयणम्मि उज्जुत्तमाणसस्स तुमे
3448,कीस कयं मह विग्धं पाणच्चायं करेन्तस्स? // शुर्शुछ.७
3449,
3450,"ता मा काहिसि इण्हिम्पि मज्झ विग्घन्ति, ताहि सो भणइ"
3451,मा भद्द! कुणसु एवं साहसु मह कारण ताव // शुर्शुछ.८
3452,
3453,विन्नायम्मि सरूवे जेण उवाओवि लब्भए कोवि
3454,तत्तो य मए कहिया नीसेसा पुव्ववत्ता से // शुर्शुछ.९
3455,
3456,उल्लम्बणअवसाणा तं सोउं सुप्पइट्ठ! तेणाहं
3457,भणिओ जुवईए कए न हु जुत्तं उत्तमनराण // शुर्शुछ.१०
3458,
3459,एरिसमायरिउं भो! विसेसओ तुम्ह नीइकुसलाण
3460,जीवन्ता जेण नरा कल्लाणपरं परमुविन्ति // शुर्शुछ.११
3461,
3462,
3463,[प. १७३]
3464,किञ्च धन्नो सि तुमं जस्सत्थि ताव अन्नोन्नवयणसञ्चारो
3465,तह देवयाए वयणं आसाए निबन्धणं अत्थि // शुर्शुछ.१२
3466,
3467,तह एगनगरवासो अवरोप्परभावजणणसङ्गब्भो
3468,"ता कीस कुणसि सोयं, धन्नो तं पुन्नवन्तो य // शुर्शुछ.१३"
3469,
3470,मह पुण पुन्नविहूणस्स कहवि तद्दंसणम्मि जा आसा
3471,तीएवि हु दालिद्दं तहवि हु धारेमि नियपाणे // शुर्शुछ.१४
3472,
3473,कित्तियमित्तं दुक्खं हॊन्ते वयणक्कमम्मि तुह भद्द!?
3474,जं मह मणदइयाए ठाणाइं अयाणमाणस्स // शुर्शुछ.१५
3475,
3476,तत्तो य मए भणियं साहसु मह ताव निययवुत्तन्तं
3477,ठाणम्पि नेय जाणसि कह णु तुमं नियदइयाए? // शुर्शुछ.१६
3478,
3479,कम्मि पुरे तुह वासो केणव कज्जेण आगओ एत्थ?
3480,तत्तो य तेण भणियं एगमणो भो! निसामेहि // शुर्शुछ.१७
3481,
3482,
3483,[प. १७४]
3484,एत्थेव अत्थि सेले बहुविज्जाहरपुरोहपरिकलिए
3485,सुविभत्ततियचउक्कं नाणाउज्जाणरमणीयं // शुर्शुछ.१८
3486,
3487,सुविसालसालकलियं सक्कन्दणपुरवरस्स सारिच्छं
3488,उत्तरसẹ̄धीए पुरं पवरं सुरनन्दणं नाम // शुर्शुछ.१९
3489,
3490,[युग्मम]
3491,साहीणसयलविज्जो विज्जाहरनियरपणयपयकमलो
3492,कमलदलतुल्लनयणो नयणमणाणन्दणो सूरो // शुर्शुछ.२०
3493,
3494,सूरोव्व निहयतेयस्सितेयनिवहो अखण्डियपयावो
3495,दप्पिट्ठवइरिवारणनिवारणे सीहपोयसमो // शुर्शुछ.२१
3496,
3497,विज्जाहराण राया सुपसिद्धो चेव सव्वखयराण
3498,पसरन्तविमलकित्ती आसी हरिचन्दनामॊत्ति // शुर्शुछ.२२
3499,
3500,[तिस्र̥भिः कुलकम]
3501,सरसिरुहसरिसवयणा नीलुप्पलदलविसालवरनयणा
3502,कमलोयररुइदेहा रयणवई नाम से महिला // शुर्शुछ.२३
3503,
3504,
3505,[प. १७५]
3506,सयलोरोहपहाणाए तीए पाणप्पियाए देवीए
3507,समयं तिवग्गसारं विसयसुहं अणुहवन्तस्स // शुर्शुछ.२४
3508,
3509,देवकुमारसरिच्छो अह तीए दारओ समुप्पन्नो
3510,उचियसमए य तेहिं पहञ्जणो नाम से विहियं // शुर्शुछ.२५
3511,
3512,धूया य बन्धुसुन्दरिनामा असमाणरुवलावन्ना
3513,दोन्निवि ताइं कमसो पत्ताइं जोव्वणं पढमं // शुर्शुछ.२६
3514,
3515,अह अन्नया कयाइवि अवरोप्परनेहगरुयभावाणं
3516,एगन्तम्मि ठियाणं उल्लावो तेसिं सञ्जाओ // शुर्शुछ.२७
3517,
3518,भणियं पहञ्जणेणं पढमं तुह होइ किञ्चिजमवच्चं
3519,धूया वा तणओ वा तं मह तणयस्स दायव्वं // शुर्शुछ.२८
3520,
3521,अविय तुज्झ महं वा जं होज्ज किम्पि इह पढमगं तु डिम्भरुयं
3522,अवरोप्परसम्बन्धो ताणं अम्हेहिं कायव्वो // शुर्शुछ.२९
3523,
3524,
3525,[प. १७६]
3526,ता बन्धुसुन्दरीए तहत्ति बहु मन्नियं तयं वयणं
3527,गरुयसहोयरसब्भावनेहअक्खित्तचित्ताए // शुर्शुछ.३०
3528,
3529,एत्तो य अत्थिनयरं वेयड̣धे उत्तराए सẹ̄धीए
3530,सव्वोउयतरुवणसण्डमण्डियं चमरचञ्चन्ति // शुर्शुछ.३१
3531,
3532,तत्थ य खयरनरीसो भाणुगइ नाम अतुल्लसामत्थो
3533,निज्जियअणङ्गरुवो कामिणिजणमाणसाणन्दो // शुर्शुछ.३२
3534,
3535,हरिचन्दखयरपवरेण नियसुया बन्धुसुन्दरी तस्स
3536,दिन्ना वरपीईए विवाहिआ सायरं तेण // शुर्शुछ.३३
3537,
3538,तीइ सुतणूइ समयं अणुहवमाणो उ गरुयपीईए
3539,पञ्चपयारे विसए भाणुगई भुञ्जइ रज्जं // शुर्शुछ.३४
3540,
3541,वच्चन्तेसु दिणेसुं तीए देवीए दारिया जाया
3542,उज्जोइयदिसिवलया उ चित्तलेहत्ति नामेण // शुर्शुछ.३५
3543,
3544,
3545,[प. १७७]
3546,तयणन्तरं च देवी सुन्दरसुविणेहिं सूइय तणयं
3547,सूया सुहतिहिरिक्खे चित्तगइ नाम से विहियं // शुर्शुछ.३६
3548,
3549,हरिचन्दोवि हु राया चारणसमणस्स सुमुहनामस्स
3550,पयमूले सोऊणं जिणधम्मं सिद्धिसुहहेउं // शुर्शुछ.३७
3551,
3552,निययपए ठविऊणं पहञ्जणं नियसुयं विणिक्खन्तो
3553,संसारवासभीओ निव्विन्नो कामभोगाण // शुर्शुछ.३८
3554,
3555,[यूग्मम]
3556,सामन्नं काऊणं पयमूले चारणस्स सुमुहस्स
3557,"निट्ठवियकम्मजालो, अन्तगडो केवली जाओ // शुर्शुछ.३९"
3558,
3559,जो पहञ्जणोवि हु विज्जाहरनरवई पयाविल्लो
3560,भुञ्जइ जणयविइण्णं रज्जं गयसयलआसङ्को // शुर्शुछ.४०
3561,
3562,तस्सय सयलन्तेउरपवराओ दुन्नि अग्गमहिसीओ
3563,कलहंसी मञ्जूसा उत्तमवंसप्पसूयाओ // शुर्शुछ.४१
3564,
3565,
3566,[प. १७८]
3567,कलहंसीए जाओ पुत्तो जलणप्पहॊत्ति नामेण
3568,मञ्जूसाए लहुओ पुत्तो कणगप्पहो नामो // शुर्शुछ.४२
3569,
3570,निययसहोयरवयणं सुमरन्ती बन्धुसुन्दरी देवी
3571,नाऊण चित्तलेहं नियधूयं जोव्वणं पत्तं // शुर्शुछ.४३
3572,
3573,अह तं भाउयवयणं साहइ दइयस्स भाणुगइणो सा
3574,तत्तो य भाणुगइणा नियधूया चित्तलेहा सा // शुर्शुछ.४४
3575,
3576,दिन्ना खयरपहञ्जणसुयस्स जेट्ठस्स रूवजुतस्स
3577,"जलणपहस्स, तेणवि परिणीया परमपीईए // शुर्शुछ.४५"
3578,
3579,[युग्मम]
3580,सुरनन्दणम्मि नयरे नीया अह तीए नेहसहियाए
3581,सह विसए भुञ्जन्तो चिट्ठइ देवोव्व दियलोए // शुर्शुछ.४६
3582,
3583,अह अन्नया कयाइवि खयराहिवई पहञ्जणो दट्ठुं
3584,गयणे ससङ्कधवलं देवउलगोरयं गेहं // शुर्शुछ.४७
3585,
3586,
3587,[प. १७९]
3588,अह चिन्तिउं पयत्तो मणोहरो हन्दि! एस आगारो
3589,एयागिईए ता हं कारेमि जिणालयं रम्मं // शुर्शुछ.४८
3590,
3591,मणिकुट्टिमम्मि तत्तो आलिहिउं उज्जओ जया राया
3592,ताव य झत्ति विलीणो पवणहओ जलहरो सव्वो // शुर्शुछ.४९
3593,
3594,दठ्ठूणं तं विलीणं खणेण राया विचिन्तए एवं
3595,एवंविहा नराणं लच्छीओ चवलरूवाओ // शुर्शुछ.५०
3596,
3597,जह एसो अब्भलवो खणेण दिट्ठो पुणो पणट्ठॊत्ति
3598,तह सव्वेवि पयत्था खणमित्ताणन्दसञ्जणणा // शुर्शुछ.५१
3599,
3600,रूवं च जीवियं जोव्वणं च सव्वेवि बन्धुसम्बन्धा
3601,एवमणिच्चा अव्वो! धिरत्थु संसारवासस्स // शुर्शुछ.५२
3602,
3603,पच्चक्खं हि अणिच्चं नाऊणवि जं थिरंव मन्नन्ति
3604,"विसया ' 'सत्ता सत्ता, एयं अविवेयसामत्थं // शुर्शुछ.५३"
3605,
3606,
3607,[प. १८०]
3608,नाऊणवि जिणवयणं आरम्भपरिग्गहेसु वट्टन्ति
3609,कामासत्ता जं पुण अहो! महामोहमाहप्पं // शुर्शुछ.५४
3610,
3611,ता 'लं मम रज्जेणं संसारनिवासहेउभूएण
3612,जाणियजिणिन्दवयणस्स हन्दि! गुरुदुक्खमूलेण // शुर्शुछ.५५
3613,
3614,ता सावज्जं वज्जिय पव्वज्जाउज्जमं करेमि लहुं
3615,किं मह इमिणा दुग्गइनिबन्धणासाररज्जेण? // शुर्शुछ.५६
3616,
3617,अन्नं च मज्झ वंसे रज्जं दाऊण निययपुत्ताण
3618,बहवे कयसामन्ना रायाणो पाविया सुगइं // शुर्शुछ.५७
3619,
3620,तव्वंसपसूएण मएवि कायव्वयं इमं तम्हा
3621,इय चिन्तिऊण राया संसइ संनिहियखयराणं // शुर्शुछ.५८
3622,
3623,एत्थन्तरे सुघोसो चउनाणी चारणो मुणी तत्थ
3624,विरहन्तो सम्पत्तो भवियाण विबोहणट्ठाए // शुर्शुछ.५९
3625,
3626,
3627,[प. १८१]
3628,राया पहञ्जणो अह सुयस्स जलणप्पहस्स अह रज्जं
3629,दाऊण तहा कणगप्पहस्स पन्नत्तिवरविज्जं // शुर्शुछ.६०
3630,
3631,तत्तो य विणिक्खन्तो सुघोससाहुस्स पायमूलम्मि
3632,अवहाय रायलच्छिं पहञ्जणो खयररायत्ति // शुर्शुछ.६१
3633,
3634,जलणप्पहोवि भुञ्जइ रायसिरिं खयरनियरपरिकिन्नो
3635,सयलोरोहपहाणाइ चित्तलेहाइ समयन्ति // शुर्शुछ.६२
3636,
3637,कणगप्पहोवि साहिय विज्जं पन्नत्तिनामियं विहिणा
3638,विज्जापभावसञ्जायगरुयसामत्थवित्थारो // शुर्शुछ.६३
3639,
3640,उज्झिय नियवंसकमं अणविक्खिय अयसपडहयं लोए
3641,बहुमन्निय अविवेयं अवियारिय दोग्गइगमणं // शुर्शुछ.६४
3642,
3643,अणवेक्खिय गुरुभावं अङ्गीकाऊण तह अदक्खिन्नं
3644,रायसिरिलोलुएणं विज्जाबलदप्पभरिएण // शुर्शुछ.६५
3645,
3646,
3647,[प. १८२]
3648,जलणप्पहस्स जिट्ठस्स भाउणो पिउविदिन्नरज्जपयं
3649,उद्दालियं तु कणगप्पहेण विज्जापभावाओ // शुर्शुछ.६६
3650,
3651,[चतस्र̥भिः कुलकम]
3652,तत्तो अहिट्ठियं तं रज्जं सव्वम्पि उग्गतेएण
3653,सामाइणा सव्वो वसीकओ खयरनिउरम्बो // शुर्शुछ.६७
3654,
3655,नीसारिओ सभूमीओ ताहि जलणप्पहो कणिट्ठेण
3656,नयरम्मि चमरचञ्चे समागओ ससुरपासम्मि // शुर्शुछ.६८
3657,
3658,बहुमाणपुव्वयं सो पवेसिओ नियपुरम्मि ससुरेण
3659,भाणुगइराइणा अह समयं चिय चित्तलेहाए // शुर्शुछ.६९
3660,
3661,अह परमपमोएणं तहिं वसन्तस्स सुरनयरम्मि
3662,भो चित्तवेग! तस्स उ वोलीणा वासरा कइवि // शुर्शुछ.७०
3663,
3664,अह अन्नया कयाइवि जलणपहो सालएण सञ्जुत्तो
3665,चित्तगइनामएणं नीहरिओ ताओ नयराओ // शुर्शुछ.७१
3666,
3667,
3668,[प. १८३]
3669,पेच्छन्तो बहुविहउववणांइ रमणीयतरुसणाहाइं
3670,भारण्डचक्कमण्डियपसन्नजलदीहियानिवहं // शुर्शुछ.७२
3671,
3672,पसरियसियभासाइं पेच्छन्तो गिरिवरस्स सिहराइं
3673,किन्नरमिहुणसुसङ्गकयलीहरविहियसोहम्मि // शुर्शुछ.७३
3674,
3675,अइकलकूइयकलयण्ठिलट्ठकोलाहलाभिरमणीए
3676,परिभमिरभमरनिउरम्बगरुयझङ्कारमहुरम्मि // शुर्शुछ.७४
3677,
3678,एगम्मि वणनिगुञ्जे फलभरविणमन्तदुमसयाइन्ने
3679,पत्तो सकोउगेणं समयं चिय चित्तगइणा उ // शुर्शुछ.७५
3680,
3681,[चतुस्र̥भिः कुलकम]
3682,वायन्तमउयमारुयहल्लन्तसुपल्लवोहसोहिल्लं
3683,पेच्छइ रत्तासोयं महुयरिगणविहियहलबोलं // शुर्शुछ.७६
3684,
3685,तस्स य अहे निविट्ठो कञ्चणपउमम्मि मुणिवरो दिट्ठो
3686,विज्जाहरनरकिन्नरसुरविसरेणं नमिज्जन्तो // शुर्शुछ.७७
3687,
3688,
3689,[प. १८४]
3690,उप्पन्नविमलकेवलनाणो अह सुरवरेहिं थुव्वन्तो
3691,आसन्ने उण जलणप्पहेण सो पच्चभिन्नाओ // शुर्शुछ.७८
3692,
3693,सो एसो मज्झ पिया पहञ्जणो नाम मुणिवरो एवं
3694,सिट्ठम्मि चित्तगइणो तत्तो ते दोवि हरिसेण // शुर्शुछ.७९
3695,
3696,ति पइक्खिणिउं सम्मं हरिसवसुट्ठन्तबहलरोमञ्चा
3697,पणमियकेवलिचलणा विणिविट्ठा धरणिवट्ठम्मि // शुर्शुछ.८०
3698,
3699,[युग्मम]
3700,निज्जियसनीरजीमूयघोसगम्भीरभारईए तओ
3701,तीइ परिसाइ भयवं पारद्धो देसणं काउं // शुर्शुछ.८१
3702,
3703,अविय गयकलहकन्नचवला लच्छी मणुयाणमाउमणिच्चं
3704,जोव्वणमवि मणुयाणं सहसत्ति जरा अभिद्दवइ // शुर्शुछ.८२
3705,
3706,रोगसयपीडियं तम्पि जोव्वणं जाइ जीवलोगम्मि
3707,इट्ठवियोगा 'णिट्ठप्पओगदुक्खेहिं केसिञ्चि // शुर्शुछ.८३
3708,
3709,
3710,[प. १८५]
3711,अइपरिमियम्मि चवले रोगजरासोगवाहिपउरम्मि
3712,जीवाण जोव्वणे एरिसम्मि को नाम पडिबन्धो? // शुर्शुछ.८४
3713,
3714,विसया कुगइनिमित्तं उवभुत्ता तुच्छगा तहा तेवि
3715,विरसा सइ अवसाणे तेसु तओ को व पडिबन्धो? // शुर्शुछ.८५
3716,
3717,इय संसारे सारं जं किर पडिहासए विवज्जासा
3718,तम्पि हु दुहसयहेउत्ति जाणिउं कुणह जिणधम्मं // शुर्शुछ.८६
3719,
3720,जं दुलहा सामग्गी एसा तुब्भेहिं भवसमुद्दम्मि
3721,पत्ता अपत्तपुव्वा ता मा तं निप्फलं नेह // शुर्शुछ.८७
3722,
3723,एसा हु पुणो दुलहा जाईलक्खोहसङ्कुलभवम्मि
3724,हिण्डन्ताणं ताणं न य अन्नं जिणमयं मोत्तुं // शुर्शुछ.८८
3725,
3726,तम्हा जिणेहिं भणियं दिक्खं घेत्तूण सञ्जमं काउं
3727,उज्झिय तो संसार पावह सिद्धीए पवरसुहं // शुर्शुछ.८९
3728,
3729,
3730,[प. १८६]
3731,एवं मुणिणा धम्मम्मि साहिए केवि तत्थ पव्वइया
3732,जाया उवासया तह अन्ने सम्मं पवन्नत्ति // शुर्शुछ.९०
3733,
3734,एत्थन्तरम्मि पणमिय जलणपहो विन्नवेइ नियपियरं
3735,भयवं! पुणरवि रज्जं किं तं मह होज्ज नो अहवा? // शुर्शुछ.९१
3736,
3737,"अह केवलिणा भणियं होही, तं कइय, पुच्छियमणेण"
3738,तो भणइ मुणिवरिन्दो केवलविन्नायपरमत्थो // शुर्शुछ.९२
3739,
3740,भाणुगइदिन्नरोहिणिविज्जाए साहियाए ते भद्द!
3741,होही पुणरवि खयराहिवत्तणं नत्थि सन्देहो // शुर्शुछ.९३
3742,
3743,एवं मुणिणा भणिए पहसियवयणेहिं वन्दिओ भयवं
3744,एत्थन्तरम्मि परिसा जहागयं पडिगया सव्वा // शुर्शुछ.९४
3745,
3746,तत्तो ते दोवि जणा समागया झत्ति निययनयरम्मि
3747,चित्तगइणा य कहियं केवलिवयणं तु नियपिउणो // शुर्शुछ.९५
3748,
3749,
3750,[प. १८७]
3751,तत्तो य भाणुगइणा सोहणरिक्खम्मि रोहिणी विज्जा
3752,जामाउयतणयाणं दोण्हवि समयं विदिन्नति // शुर्शुछ.९६
3753,
3754,भणिया य पुव्वसेवं करजावविहाणओ कुणह सम्मं
3755,वसिमम्मि ठिया समयं छम्मासं जाव तो पच्छा // शुर्शुछ.९७
3756,
3757,उत्तरसेवा उग्गा कायव्वा एगगेहिं अडवीए
3758,बीएण पुणो उत्तरसाहगरूवेण होयव्वं // शुर्शुछ.९८
3759,
3760,अन्नं च भीसणासुवि विभीसियासुं मणं न दायव्वं
3761,पुन्ने सत्तममासे देस्सइ अह दंसणं विज्जा // शुर्शुछ.९९
3762,
3763,एवं रन्ना भणिया दोन्निवि पणमित्तु तस्स पयकमलं
3764,पारद्धा तं काउं छम्मासा जाव पुन्नत्ति // शुर्शुछ.१००
3765,
3766,अह सत्तम्मि मासे गन्तुं अडवीए तव्विही सव्वो
3767,जलणप्पहेण पुव्विं पारद्धो जावहोमाई // शुर्शुछ.१०१
3768,
3769,
3770,[प. १८८]
3771,वसुनन्दयखग्गकरो चित्तगई तस्स रक्खओ जाओ
3772,सोवि हु अणन्नचित्तो पारद्धो तं विहिं काउं // शुर्शुछ.१०२
3773,
3774,अन्नदिवसम्मि तुरियं आगच्छन्ती पकम्पमाणतणू
3775,दिट्ठा उ चित्तलेहा भयभीया तम्मि ठाणम्मि // शुर्शुछ.१०३
3776,
3777,तं दट्ठुं नियभगिणिं चित्तगई भणइ कत्थ तं भद्दे!
3778,आया सुभीसणाए एक्कल्ला एत्थ अडवीए? // शुर्शुछ.१०४
3779,
3780,कस्स व भएण गाढं कम्पसि तं भगिणि! ताहि सा भणइ
3781,नयराउ निग्गया हं परियरिया दासचेडीहिं // शुर्शुछ.१०५
3782,
3783,पत्ता उज्जाणम्मी तत्थ मए पूइओ कुसुमबाणो
3784,नियगिहमागच्छन्ती विमोहिया झत्ति केणावि // शुर्शुछ.१०६
3785,
3786,मोत्तूणं परियणं तं पलायमाणी समागया एत्थ
3787,अडवीए ताव मए दिट्ठो कणगप्पहो सहसा // शुर्शुछ.१०७
3788,
3789,
3790,[प. १८९]
3791,पावेण तेण भणियं इच्छ ममं ताहि गाढकुद्धाए
3792,अक्कोसिओ स बहुहा निट्ठुरवयणेहिं मे ताहे // शुर्शुछ.१०८
3793,
3794,उग्गीरिऊण खग्गं भणिया हं तेण इच्छसु ममन्ति
3795,"अह नवि, तो ते सीसं छिन्दामि इमेण खग्गेण // शुर्शुछ.१०९"
3796,
3797,एवं च तेण भणिया पलायमाणी भएण कम्पन्ती
3798,पत्ता तुम्ह समीवे रक्ख ममं ताओ पावाओ // शुर्शुछ.११०
3799,
3800,एवं भणमाणिं तं सहसा आगम्म गिण्हिउं हत्थे
3801,उप्पइओ कणगपहो तमालदलसामलं गयणं // शुर्शुछ.१११
3802,
3803,हा! रक्ख रक्ख भाउय! हा वल्लह! कुणसु मह परित्तत्तिं
3804,एमाइ विलवमाणिं हीरन्तिं दट्ठु नियभगिणिं // शुर्शुछ.११२
3805,
3806,नियकुलकलङ्ककारय! कत्थ ममं जीसि दिट्ठिपहपडिओ?
3807,पुरिसो भव एस तुहं सीसच्छेयं करेमित्ति // शुर्शुछ.११३
3808,
3809,
3810,[प. १९०]
3811,एमाइ वाहरन्तो चित्तगई गहियनिसियकरवालो
3812,अणुमग्गेणुप्पइओ भगिणिए विमोयणट्ठाए // शुर्शुछ.११४
3813,
3814,[तिस्र̥भिः कुलकम]
3815,अह तं विमोहयन्तो कणगपहो आगओ नियनयरे
3816,चित्तगईवि खयरो अणुमग्गं तस्स सम्पत्तो // शुर्शुछ.११४
3817,
3818,तत्तो विमोहणीए विज्जाए मोहिऊण चिन्त्तगइं
3819,सुरनन्दणे पविट्ठो कणगपहो निययनयरम्मि // शुर्शुछ.११६
3820,
3821,अह सो मोहियचित्तो चित्तगई तत्थ वाहिरुज्जाणे
3822,वीसरियभगिणिहरणो अवयरिओ कोउहल्लेण // शुर्शुछ.११७
3823,
3824,दट्ठुं जणसन्दोहं उसभजिणिन्दस्स पवरभवणम्मि
3825,जत्तासमए मिलियं विचित्तनेवत्थसच्छायं // शुर्शुछ.११८
3826,
3827,पविसिय जिणिन्दभवणं वन्दिय भत्तीइ पढमजिणनाहं
3828,उवविट्ठो चित्तगई विज्जाहरनियरमज्झम्मि // शुर्शुछ.११९
3829,
3830,
3831,[प. १९१]
3832,पत्तो खणन्तराओ जलणप्पहपेसिओ नरो एगो
3833,पुच्छन्तो चित्तगइं दमघोसो नाम जिणभवणे // शुर्शुछ.१२०
3834,
3835,दट्ठूण य चित्तगइं पणमिय नेऊण ताहि एगन्ते
3836,दमघोसो भणइ तओ भगिणीए विमोयणट्ठाए // शुर्शुछ.१२१
3837,
3838,"उप्पइओ ताव तुमं, जलणपहो पिच्छिउम्पि तं सव्वं"
3839,अक्खुहियमणो सम्मं नवि चलिओ निययकिरियाओ // शुर्शुछ.१२२
3840,
3841,[युग्मम]
3842,निच्चलचित्तं दट्ठुं जलणपहं मन्तजाववावारं
3843,अह सा रोहिणिविज्जा पच्चक्खा झत्ति सञ्जाया // शुर्शुछ.१२३
3844,
3845,भणियं तीए पुत्तय! अणन्नसरिसं हि सुट्ठु धीरत्तं
3846,ता सिद्धा तुज्झ अहं भणसु य जं मज्झ कायव्वं? // शुर्शुछ.१२४
3847,
3848,भणियं जलप्पहेणं अवहरिया मज्झ भारिया जा सा
3849,"कणगप्पहेणं, तं ताव सिग्घमाणेह मह पासं // शुर्शुछ.१२५"
3850,
3851,
3852,[प. १९२]
3853,भणियं विज्जाइ तओ सुणसु इमं ताव वइयरं पुत्त!
3854,केवलिवयणाईओ सव्वोवि हु वइयरो तस्स // शुर्शुछ.१२६
3855,
3856,पन्नत्तीए कहिओ तत्तो सो आगओ तुह समीवे
3857,खोहणहेउं सव्वं मायाए कयं इमं तेण // शुर्शुछ.१२७
3858,
3859,[युग्मम]
3860,तुह महिला नियगेहे अच्छइ निरुवद्दवा सुहेणं तु
3861,चित्तगई पुण तेणं विमोहिओ मोहणिपभावा // शुर्शुछ.१२८
3862,
3863,सुरनन्दणम्मि नयरे जिणिन्दभवणम्मि अच्छइ निविट्ठो
3864,ता मा काहिसि किञ्चिवि एत्थत्थे पुत्त! उव्वेवं // शुर्शुछ.१२९
3865,
3866,[युग्मम]
3867,एवं भणिउं विज्जा अदंसणं झत्ति उवगया ताहे
3868,अहयं जलणपहेणं पट्ठविओ तुम्ह पासम्मि // शुर्शुछ.१३०
3869,
3870,एवं च तेण भणिओ दमघोसेणं अमूढचित्तो सो
3871,चित्तगई सञ्जाओ चलिओ सह तेण नियठाणं // शुर्शुछ.१३१
3872,
3873,
3874,[प. १९३]
3875,एत्थन्तरम्मि न्हवणे वित्तप्पायम्मि जिणवरिन्दस्स
3876,पविसइ नयरे लोगो नाणाविहवाहणारụ̄धो // शुर्शुछ.१३२
3877,
3878,अविय कोवि हु सिबियारụ̄धो आरụ̄धो रहवरेसु चित्तेसु
3879,हयगयअस्सतरेसुं डोलियजुगेसु विविहेसु // शुर्शुछ.१३३
3880,
3881,एत्थन्तरम्मि हत्थी कणगप्पहसन्तिओ महाकाओ
3882,मयमत्तो उम्मिट्ठो नीहरिओ ताओ नयराओ // शुर्शुछ.१३४
3883,
3884,भञ्जन्तो गिहदारे उड̣धोसेन्तो वरण्डए बहुसो
3885,मारिन्तो जणनियरं अच्छोलिन्तो रहे विविहे // शुर्शुछ.१३५
3886,
3887,अह तं कयन्तसरिसं उड̣धीकयगुरुकरं सुघोरमुहं
3888,दट्ठुं नट्ठो लोओ दिसो दिसिं मरणभयभीओ // शुर्शुछ.१३६
3889,
3890,सोवि हु पवहणनिवहं भञ्जन्तो दन्तपायघाएहिं
3891,उच्छोलिन्तो सुण्डाइ हिण्डए सव्वओ तत्थ // शुर्शुछ.१३७
3892,
3893,
3894,[प. १९४]
3895,कोऊहलेण गयणे परिट्ठिओ पुलोइउं पयत्तो सो
3896,चित्तगई मत्तकरिं कयन्तवयणंव दुप्पिच्छं // शुर्शुछ.१३८
3897,
3898,एत्थन्तरम्मि एगम्मि रहवरे पढमजोव्वणारम्भा
3899,जुवई अणन्नरूवा बहुविहवरभूसणाइन्ना // शुर्शुछ.१३९
3900,
3901,उम्मग्गपयट्टेहिं जच्चतुरङ्गेहिं हत्थितट्ठेहिं
3902,भग्गम्मि रहे भूमीइ निवडिया विगयजीयव्व // शुर्शुछ.१४०
3903,
3904,[युग्मम]
3905,नवनीलुप्पलसच्छहविसाललोलन्तलोयणा वरई
3906,सम्भग्गकन्नकुण्डलविलुलियवरकुन्तलकलावा // शुर्शुछ.१४१
3907,
3908,विच्छिन्नकणयखिङ्खिणिनियरपलम्बन्तमेहलादामा
3909,ईसीसिहारपच्छन्नथणहरा गलियसिरकुसुमा // शुर्शुछ.१४२
3910,
3911,विहडियअङ्गयजुयला निवडियकडया पणट्ठगेविज्जा
3912,तुट्टगुणहारवियलियमुत्ताहलसोहियसरीरा // शुर्शुछ.१४३
3913,
3914,
3915,[प. १९५]
3916,सम्भग्गनेउरजुया मुसुमूरियरयणमालियानियरा
3917,भूमितललुलियदेहा अह दिट्ठा तेण सा करिणा // शुर्शुछ.१४४
3918,
3919,[चतस्र̥भिः कलापकम]
3920,तत्तो उज्झियहत्थो तीइ वहट्ठाइ करिवरो चलिओ
3921,तं दट्ठु परियरेण गरुओ हाहारवो विहिओ // शुर्शुछ.१४५
3922,
3923,सुसिलिट्ठअङ्गुवङ्गं अह तं पडिपुन्नचन्दसमवयणं
3924,करगिज्झमज्झभागं वियडनियम्बत्थलिं जुवइं // शुर्शुछ.१४६
3925,
3926,"दट्ठुम्पि समासन्नं नागं, गन्तुं अचायमाणिं तु"
3927,मरणभयाओ गाढं वेवन्तसरीरयं खुद्धं // शुर्शुछ.१४७
3928,
3929,तायारमपिक्खन्तिं सतरलतारं दिसो नियच्छन्तिं
3930,दट्ठूणं चितगई गयणत्थो चिन्तए एवं // शुर्शुछ.१४८
3931,
3932,[तिस्र̥भिः कुलकम]
3933,हा! हा! कामनिहाणं महिलारयणं विणस्सइ लग्गं
3934,ओयरिऊणं गयणाउ ताहि अङ्कम्मि सा गहिआ // शुर्शुछ.१४९
3935,
3936,
3937,[प. १९६]
3938,घित्तूण सयं सहसा ठाणे निरुवद्दवम्मि नेऊण
3939,सीयलतरुछायाए निवेसिया कुट्टिमुच्छङ्गे // शुर्शुछ.१५०
3940,
3941,तत्तो य उत्तरीयमिउपवणा ' 'सासियाए सो तीए
3942,लज्जासज्झसमउलियनयणेहिं पुलोइओ तत्तो // शुर्शुछ.१५१
3943,
3944,चियपरिचियंव दट्ठुं तं तरुणं गरुयनेहसब्भावा
3945,अमएणव संसित्ता जाया अह वियसियकवोला // शुर्शुछ.१५२
3946,
3947,चित्तगईवि य तीए दठ्ठूण अणोवमं तयं रूवं
3948,तव्वयणनिसियनिप्फन्दलोयणो चिट्ठई जाव // शुर्शुछ.१५३
3949,
3950,ताव य तीए धाई कइवयजुवईहिं परिगया झत्ति
3951,आगन्तुं उवविट्ठा भणइ तयं महुरवाणीए // शुर्शुछ.१५४
3952,
3953,[युग्मम]
3954,परकज्जकरणनिरया हवन्ति किर सज्जणत्ति सच्चवियं
3955,कन्नगमेयं मोयन्तएण तुमए गइन्दाओ // शुर्शुछ.१५५
3956,
3957,
3958,[प. १९७]
3959,ता निक्कारणवच्छल! तुज्झ पभावाओ जीविया एसा
3960,एमाइ बहुविगप्पं अभिनन्दिय सा पुणो भणइ // शुर्शुछ.१५६
3961,
3962,गच्छामि अम्ह गेहं उस्सूरं वट्टए जओ इण्हिं
3963,भणियं च चित्तगइणा एवं कुणहत्ति तत्तो य // शुर्शुछ.१५७
3964,
3965,नियनयराभिमुहाणं ताणं चलियाण तीए कन्नाए
3966,चित्तगइकरयलओ मुद्दारयणं लहुं गहियं // शुर्शुछ.१५८
3967,
3968,निययकरसण्ठियं पुण समप्पियं तस्स ताण पच्छन्नं
3969,अह सा सज्झसवेविरदेहा गन्तुं पयट्टत्ति // शुर्शुछ.१५९
3970,
3971,वलियग्गीवं तीए अइगुरुअणुरायपिसुणदिट्टीए
3972,निज्झाइओ तहासो जह जाओ कुसुमसरविसओ // शुर्शुछ.१६०
3973,
3974,अह सा सहियणसहिया कमेण नियपुरवरं पविट्ठत्ति
3975,चित्तगईवि य तीए जोव्वणरूवेहिं हयहियओ // शुर्शुछ.१६१
3976,
3977,
3978,[प. १९८]
3979,चित्तलिहिउव्व जाओ खणन्तरं विगयअन्नवावारो
3980,तं दट्ठुं दमघोसो सविणयमेवं समुल्लवइ // शुर्शुछ.१६२
3981,
3982,[युग्मम]
3983,अत्थ गिरिसिहरमणुसरइ दिणयरो एस वियलियपयावो
3984,ता गम्मउ नियठाणे कुमार! किमिणा विलम्बेण? // शुर्शुछ.१६३
3985,
3986,तव्वयणं सोऊणं काउं आगारसंवरं भणइ
3987,एवं करेमु नवरं कारणमेयं विलम्बस्स // शुर्शुछ.१६४
3988,
3989,मह हत्थाओ पडियं मुद्दारयणं तु एत्थ कत्थवि य
3990,तं गविसिउं पभाए झडत्ति अहमागमिस्सामि // शुर्शुछ.१६५
3991,
3992,तं पुण गच्छसु सिग्धं कहेज्ज जलणप्पहस्स वुत्तन्तं
3993,ईसि हसिऊण तओ दमघोसो एवमुल्लवइ १६६ // शुर्शुछ.१६६
3994,
3995,पच्चक्खम्मिवि दिट्ठे कुमार! किं एत्थ वङ्कभणिएएहिं?
3996,किं नवि दिट्ठा कन्ना तुह हत्था तं पगिण्हन्ती // शुर्शुछ.१६७
3997,
3998,
3999,[प. १९९]
4000,ता कवडं मोत्तूणं जहट्ठियं चेव साहिउं जुत्तं
4001,कन्नाए मूलसुद्धिं उवलभिउं आगमिस्सामि // शुर्शुछ.१६८
4002,
4003,एवं च तेण भणिओ चित्तगई विहसिऊण वज्जरइ
4004,सम्मं वियाणियं ते मणोगयं मज्झ दमघोस! // शुर्शुछ.१६९
4005,
4006,अह सो कयप्पणामो उप्पइओ पाविओ नियं ठाणं
4007,चित्तगईवि पविट्ठो जुगाइजिणमन्दिरे रम्मे // शुर्शुछ.१७०
4008,
4009,वन्दियजिणिन्दबिम्बो जिणउग्गहवज्जियम्मि एगन्ते
4010,गन्तूणं उवविट्ठो समागया ताव रयणीवि // शुर्शुछ.१७१
4011,
4012,अह चिन्तिउं पयत्तो किं मन्ने तीइ मज्झ हत्थाओ
4013,गहिउं मुद्दारयणं किंवा मह ̣धोइयं निययं? // शुर्शुछ.१७२
4014,
4015,कण णु मए नायव्वं तीए कुलं कहव सा वरेयव्वा
4016,जइ सा हविज्ज महिला हविज्ज तो जीवियं सहलं // शुर्शुछ.१७३
4017,
4018,
4019,[प. २००]
4020,तारिसरूवजुयाए समयं इह विसयसेवणं जुत्तं
4021,तदभावे विसयासा विडम्बणा मज्झ पजिहाइ // शुर्शुछ.१७४
4022,
4023,सो य कयत्थो पुरिसो लग्गिज्जा जस्स करयले बाला
4024,रम्भागब्भसुकोमलबाहुलया हंसगइगमणा // शुर्शुछ.१७५
4025,
4026,धन्नो हमित्तिएणं गहिया अङ्कम्मि सा मए सुतणू
4027,अवगूहिया य गाढं जं न मए वञ्चिओ तं तु // शुर्शुछ.१७६
4028,
4029,पुणरवि हविज्ज जत्ता हत्थिभए भूमिनिवडिया तह सा
4030,घित्तूण जेण सहसा अवयासेज्जा तयं गाढं // शुर्शुछ.१७७
4031,
4032,एमाइ बहुविगप्पं विचितयन्तस्स तग्गयमणस्स
4033,"निद्दाए समं राई खयं गया, उग्गओ सूरो // शुर्शुछ.१७८"
4034,
4035,अह सो पहायसमए विहिणा वन्दित्तु जिणवरं पढमं
4036,चलिओ कन्ना कुलहरवियाणणत्थं पुराभिमुहो // शुर्शुछ.१७९
4037,
4038,
4039,[प. २०१]
4040,पत्तो य पुरं पिच्छइ जणरहियं सुन्नसयलधवलहरं
4041,पुरलच्छिविप्पमुक्कं उव्वसियं अडविपडिरुवं // शुर्शुछ.१८०
4042,
4043,अह पिच्छिऊण तं सो विम्हियहियओ मणेण चिन्तेइ
4044,कत्तो हन्त! अकण्डे पुरमेयं उव्वसं जायं? // शुर्शुछ.१८१
4045,
4046,किं होज्ज इन्दयालं अहवा सच्चं हि उव्वसं एयं
4047,किं कुविएण सुरेणं अवहरियमिमाओ ठाणाओ // शुर्शुछ.१८२
4048,
4049,अहवा भयाओ कस्सवि नट्ठो लोगो इमाओ नयराओ
4050,एवं विचिन्तयन्तो चित्तगई पविसई जाव // शुर्शुछ.१८३
4051,
4052,तावय समुहमिन्तो एगो पुरिसो पुलोइओ तेण
4053,उवयारपुव्वयं सो महुरगिराए इमं भणिओ // शुर्शुछ.१८४
4054,
4055,[तिस्र̥भिः कुलकम]
4056,भद्दमुह! किंनिमित्तं उव्वसियं पुरवरं इमं सहसा
4057,तत्तो य तेण भणियं साहिज्जन्तं निसामेहि // शुर्शुछ.१८५
4058,
4059,
4060,[प. २०२]
4061,ताव सुपसिद्धमेयं विज्जापन्नत्तिगव्विओ सूरो
4062,पालइ पुरवरमेयं कणगपहो खयररायत्ति // शुर्शुछ.१८६
4063,
4064,जलणप्पहस्स जेट्ठस्स भाउणो पिउविदिन्नरज्जपयं
4065,उद्दालिऊण जेणिह अहिट्ठियं अप्पणा चेव // शुर्शुछ.१८७
4066,
4067,नीसारिओ य भाया जिट्ठो ससुरस्स सो गओ नयरे
4068,एसोवि इमम्मि पुरे अच्छइ रज्जं अणुहवन्तो // शुर्शुछ.१८८
4069,
4070,ससुरेण भाणुगइणा किल विज्जा रोहिणी उ से दिन्ना
4071,सो साहिउं पयत्तो सिट्ठं च इमस्स विज्जाए // शुर्शुछ.१८९
4072,
4073,तत्तो तव्विग्घट्ठा राया कणगप्पहो गओ तत्थ
4074,न य खोभिओ स तेणं मणेण भीओ तओ एसो // शुर्शुछ.१९०
4075,
4076,नियनयराभिमुहेणं आगच्छन्तेण अन्नचित्तेण
4077,कहवि हु पमायवसओ जिणभवणं लङ्घियमणेण // शुर्शुछ.१९१
4078,
4079,
4080,[प. २०३]
4081,पुव्वं धरणिन्देणं एसो समओ कओ नहयराण
4082,जिणभवणसाहुपडिमाणं लङ्घणं एत्थ जो काही // शुर्शुछ.१९२
4083,
4084,तस्स खयराहमस्स ओ विज्जाच्छेओ भविस्सई सहसा
4085,एवं वेयड्ढनगे अइविदियं सयलखयराण // शुर्शुछ.१९३
4086,
4087,[युग्मम]
4088,तत्तो इमस्स रन्नो जिनभवणं लङ्घियन्ति रुट्ठेण
4089,धरणेण तक्खणिच्चिय विज्जाच्छेओ कओ भद्द! // शुर्शुछ.१९४
4090,
4091,जलणप्पहस्स विज्जा सिद्धत्ति वियाणिऊण कणगपहो
4092,विज्जारहिओ इहयं ठाउमसत्तोति अह नट्ठो // शुर्शुछ.१९५
4093,
4094,गङ्गावत्तम्मि गओ भयभीओ दक्खिणाए सẹ̄धीए
4095,सिरिगन्धवाहणस्स ओ सरणं सह नाइवग्गेणं // शुर्शुछ.१९६
4096,
4097,नाऊण वइयरमिणं खुहिओ सव्वोवि नायरो लोगो
4098,पहुरहिओ भयभीओ अवरोप्परमेवमुल्लवइ // शुर्शुछ.१९७
4099,
4100,
4101,[प. २०४]
4102,अम्हाण पहू नट्ठो न य सक्कइ वासिउं पुरं एयं
4103,तेण विणा ता अम्हं न जुत्तमिह अच्छिउं इण्हिं // शुर्शुछ.१९८
4104,
4105,को कुणइ अम्ह रक्खं एत्थ वसन्ताण नाहरहियाण
4106,सव्वेसिं तेण उचियं पुरमेयं उज्झिउं सिग्घं // शुर्शुछ.१९९
4107,
4108,एवं विणिच्छियम्मी नयरमहन्तेहिं मन्तकुसलेहिं
4109,सव्वोवि जणो नट्ठो जायं अह सुन्नयं नयरं // शुर्शुछ.२००
4110,
4111,आसज्ज कारणमिणं उव्वसियं तेण पुरवरं एयं
4112,चित्तगई भणइ तओ कत्थ गओ सो जण भद्द!? // शुर्शुछ.२०१
4113,
4114,तत्तो य तेण भणियं कोवि जणो गयणवल्लहे नयरे
4115,कोवि गओ विजयपुरे कोवि हु इह वेजयन्तम्मि // शुर्शुछ.२०२
4116,
4117,सत्तुञ्जयम्मि कोवि हु अरिञ्जए कोवि तह गओ लोओ
4118,अन्नो नन्दणनयरे अवरो विमलम्मि नयरम्मि // शुर्शुछ.२०३
4119,
4120,
4121,[प. २०५]
4122,रहनेउरम्मि कोवि हु आणन्दपुरम्मि अरिजए कोवि
4123,सगडामुहम्मि कोवि हु पुरीए तह वेजयन्तीए // शुर्शुछ.२०४
4124,
4125,कोवि हु रयणपुरम्मि सिरिनयरे रयणसञ्चयं कोवि
4126,नयरम्मि जलावत्ते कोवि गओ सङ्खनाभम्मि // शुर्शुछ.२०५
4127,
4128,अवरावरनयरेसुं पडिवक्खसमासएण पुरलोओ
4129,सव्वोवि हु विक्खिरिओ सत्तुयपुञ्जोव्व वायहओ // शुर्शुछ.२०६
4130,
4131,एवं भणिऊण नरो विहियपणामो स गन्तुमारद्धो
4132,चित्तगईवि य ताहे सोच्चा तव्वयणं सहसा // शुर्शुछ.२०७
4133,
4134,पहउव्व मोग्गरेणं गिलिओ इव रक्खसेण खुहिएण
4135,वज्जेण ताडिओ इव दुक्खं अइदूसहं पत्तो // शुर्शुछ.२०८
4136,
4137,[युग्मम]
4138,अह चिन्तिउं पयत्तो दट्ठव्वा कत्थ सा मए बाला
4139,मह हिययकयाणन्दा एवं विहियम्मि हयविहिणा? // शुर्शुछ.२०९
4140,
4141,
4142,[प. २०६]
4143,इत्थवि नयरे तीए कुलकोडिसमाउलम्मि विउलम्मि
4144,दंसणमवि अइदुलहं अवियाणियकुलहराए उ // शुर्शुछ.२१०
4145,
4146,इण्हिं पुण नाणाविहनयरेसुं पवसियम्मि लोयम्मि
4147,दइयाए पउत्तीयवि वियाणणे सम्भवो नत्थि // शुर्शुछ.२११
4148,
4149,ता किं करेमि इण्हिं हयविहिणा विहडियम्मि एयम्मि
4150,लब्भिज्ज कह पउत्ती कहवा मह दंसणं होज्जा? // शुर्शुछ.२१२
4151,
4152,को पुच्छिज्जउ नामं को मह साहिज्ज कुलहरं तीए?
4153,जत्थ गया मम दइया अक्खिज्जा पुरवरं को तं? // शुर्शुछ.२१३
4154,
4155,कहव तुडिजोगओ सा दिट्ठा अम्हेहिं हयविहिनिओगा
4156,इण्हिं पुण दट्ठव्वा को जाणइ कत्थव नवत्ति? // शुर्शुछ.२१४
4157,
4158,तीए नामक्खराइं विरहपिसायस्स मन्तभूयाइं
4159,सुइगोयरं गयाइं न मज्झ हा! कत्थ वच्चामि? // शुर्शुछ.२१५
4160,
4161,
4162,[प. २०७]
4163,हा! हियय! कास झूरसि निब्बन्धं मुञ्च तम्मि लोयम्मि
4164,अज्जवि का तुह आसा ठाणम्पि अयाणमाणस्स // शुर्शुछ.२१६
4165,
4166,अविय जइ डज्झसि ता डज्झसु कुट्टसि हे हियय! न हु निवारेमि
4167,दइयाए जं पउत्तीवि दुल्लहा सम्पयं जाया // शुर्शुछ.२१७
4168,
4169,अहवा किं इमिणा चिन्तिएण अइगरुयविसायगब्भेण
4170,अवलम्बिय धीरत्तं किञ्चि उवायं विचिन्तेमि // शुर्शुछ.२१८
4171,
4172,जेण उवायपयट्टा पुरिसा पाविन्ति इच्छियं अत्थं
4173,सुम्मइ लोयम्मि जओ लब्भइ सुविणं सुयन्तेहिं // शुर्शुछ.२१९
4174,
4175,एसो य इह उवाओ भमामि सव्वेसु खयरनयरेसु
4176,मा कहय कोवि कत्थवि तीए पउत्तिम्पि साहिज्जा // शुर्शुछ.२२०
4177,
4178,दासिज्ज अहव सक्खा परिब्भमन्तेहि कम्मिवि पुरम्मि
4179,"चन्दमुही सा बाला, तहा य अइसुन्दरं चेव // शुर्शुछ.२२१"
4180,
4181,
4182,[प. २०८]
4183,एवं विणिच्छियत्थो सो हं भो चित्तवेग! चित्तगई
4184,दइयाविओयगुरुदुक्खवज्जनिद्दलियमणसेलो // शुर्शुछ.२२२
4185,
4186,परिचत्तबन्धुवग्गो अह गुरुअणुरायपरवसो तत्तो
4187,एगागी वेयड̣धे उत्तरसẹ̄धीए नयरेसु // शुर्शुछ.२२३
4188,
4189,सव्वेसुवि परिभमिओ न य लद्धा तीए कत्थवि पउत्ती
4190,तत्तो य दक्खिणाए सेणीए आगओ अहयं // शुर्शुछ.२२४
4191,
4192,तत्थवि पुरेसु केसुवि आहिण्डिय इच्छियं अपाविन्तो
4193,अज्ज पुणो इह पत्तो तुह नयरं कुञ्जरावत्ते // शुर्शुछ.२२५
4194,
4195,एयम्मि य उज्जाणे मह पविस्सन्तस्स सोहणो सउणो
4196,सञ्जाओ तह फुरिया दाहिणबाहू तहा नयणं // शुर्शुछ.२२६
4197,
4198,तत्तो वियप्पियं मे अवस्समज्जेव होहिई तीए
4199,"दइयाए दंसणं, अहव किञ्चि अइसोहणं अन्नं // शुर्शुछ.२२७"
4200,
4201,
4202,[प. २०९]
4203,एवं विचिन्तयन्तो पत्तो हं एत्थ कयलिगेहम्मि
4204,काऊण पायसोयं उवविट्ठो कुट्टिमुच्छङ्गे // शुर्शुछ.२२८
4205,
4206,ताव य खणन्तराओ समागया सुयणु! मज्झ निद्दत्ति
4207,सोऊण तुज्झ सद्दं झत्ति पबुद्धो अहं तत्तो // शुर्शुछ.२२९
4208,
4209,केण इमं उल्लवियन्ति चिन्तिउं जा दिसाओ पुलएमि
4210,ताव य तुमं हि दिट्ठो पलम्बमाणो तरुलयाए // शुर्शुछ.२३०
4211,
4212,हा! हा! अणङ्गरूवो कह णु जुवाणो विणस्सए लग्गो?
4213,एवं विचिन्तिऊणं हाहासद्दं करेमाणो // शुर्शुछ.२३१
4214,
4215,पत्तो तुज्झ समीवे छिन्नो अह पासओ मए सहसा
4216,भो चित्तवेग! सेसं पच्चक्खं चेव तुह सव्वं // शुर्शुछ.२३२
4217,
4218,[युग्मम]
4219,तं जं तुमए पुट्ठं कह णु तुमं भद्द! निययदइयाए
4220,ठाणम्पि नेय जाणसि तं सव्वं साहियं एयं // शुर्शुछ.२३३
4221,
4222,
4223,[प. २१०]
4224,तो दुलहं मणुयत्तं दट्ठूणं रूवजोव्वणसमेयं
4225,महिलामित्तस्स कए न हु मरणं होइ कायव्वं // शुर्शुछ.२३४
4226,
4227,भो चित्तवेग! जइवि हु पियविरहे दूसहं हवइ दुक्खं
4228,उत्तमकुलप्पसूयाण तहवि एयं न जुत्तन्ति // शुर्शुछ.२३५
4229,
4230,जाणामि अहम्पि इमं मणवल्लहमाणुसस्स विरहम्मि
4231,नरए नेरइयस्सव उप्पज्जइ दारुणं दुक्खं // शुर्शुछ.२३६
4232,
4233,तहवि हु न होइ जुत्तो अप्पवहो किन्तु कोवि हु उवाओ
4234,चिन्तेयव्वो जह सा पाविज्जइ हिययवल्लहिया // शुर्शुछ.२३७
4235,
4236,भो सुप्पइट्ठ! एवं वज्जरिए तेण चित्तगइणा ओ
4237,दीहं नीससिऊणं एवं हि मए समुल्लवियं // शुर्शुछ.२३८
4238,
4239,वोलीणा तीइ कहा न हु इण्हिं अत्थि कोवि उवाओ
4240,अज्जेव य रयणीए जं होही तीइ विवाहो // शुर्शुछ.२३९
4241,
4242,
4243,[प. २११]
4244,चित्तगई भणइ तओ एक्कोवि य तीए पावणोवाओ
4245,मह फुरइ माणसम्मी जइ तुह पडिहासए सुयणु! // शुर्शुछ.२४०
4246,
4247,भणियं च मए को सो तत्तो सो भणइ भद्द! निसुणेसु
4248,किल एसो कुलायारो दक्खिणसẹ̄धीए खयराण // शुर्शुछ.२४१
4249,
4250,कन्नाविवाहसमए एकल्ला पूयए कुसुमबाणं
4251,नियकुलकमागयं अह परिणिज्जइ सा तओ पच्छा // शुर्शुछ.२४२
4252,
4253,तं कममणुपालिन्ती सा एही मयणपूयणनिमित्तं
4254,अम्हे पुण दोवि जणा पुव्वं चिय इत्थ पविसामो // शुर्शुछ.२४३
4255,
4256,अह तीए आगयाए नेवत्थं तीए सन्तयं अहयं
4257,घित्तूण इत्थिरूवो गच्छिस्सं वरयपासम्मि // शुर्शुछ.२४४
4258,
4259,घितूण कणगमालं तं पुण नासिज्ज तक्खणा चेव
4260,अहयम्पि उवाएणं नासिस्सं लद्धपत्थावो // शुर्शुछ.२४५
4261,
4262,
4263,[प. २१२]
4264,"एवं हि कए तीए सम्पत्ती अत्थि, नन्नहा भद्द!"
4265,तह देवयाए वयणं होज्जा एवं च सच्चन्ति // शुर्शुछ.२४६
4266,
4267,किञ्च पुरिसेण पुरिसयारो कायव्वो ताव इच्छियत्थम्मि
4268,विहिणो निओगओ पुण हवइ हु कज्जस्स निप्फत्ती // शुर्शुछ.२४७
4269,
4270,एवं च तेण कहिए उचिए उवाए आगामियं गरुयदुक्खमचिन्तिऊण
4271,भो सुप्पइट्ठ! वयणं पडिवन्नयं से तिव्वाणुरागपरिमोहियमाणसेण // शुर्शुछ.२४८
4272,
4273,साहुधणेसरविरइयसुबोहगाहासमूहरम्माए
4274,रागग्गिदोसविसहरपसमणजलमन्तभूयाए // शुर्शुछ.२४९
4275,
4276,एसोवि कणगमालापावणउवएससूयगो भणिओ
4277,सुरसुन्दरीकहाए पञ्चमओ वरं परिच्छेओ १२५० // शुर्शुछ.१२५०
4278,
4279,
4280,
4281,---------------------------------------------------------------------
4282,
4283,[प. २१३]
4284,[|| षष्ठः परिच्छेदः]
4285,
4286,इत्थन्तरम्मि सूरो भमिऊणं गयणमण्डलमसेसं
4287,अवरसमुद्दं पत्तो पहखिन्नो मज्जंणत्थवं // शुर्शुछ.१
4288,
4289,भणियं च चित्तगइणा अन्नाया एव एत्थ पविसामो
4290,मयणस्स गिहे सम्पइ पत्थुअअत्थस्स हेउम्मि // शुर्शुछ.२
4291,
4292,तत्तो य मए भणियं एवं होउत्ति उट्ठिया दोवि
4293,उच्चिणिय कइवयाइं पुप्फाइं तत्थ उज्जाणे // शुर्शुछ.३
4294,
4295,पविसिय मयणस्स गिहे पूइय मयणं च एवमुल्लवियं
4296,भयवं! तुह प्पसाया सम्पज्जओ इच्छियं अम्ह // शुर्शुछ.४
4297,
4298,[युग्मम]
4299,एवं भणिऊण तओ दोवि निलुक्का अणङ्गपट्ठीए
4300,"रयणीए जाममित्ते बोलीणे, किञ्चिअहियम्मि // शुर्शुछ.५"
4301,
4302,
4303,[प. २१४]
4304,बहुपरियणपरियरिया गिज्जन्ता पवरमङ्गलसएहिं
4305,वज्जन्तेण य विविहं नाणाविहतूरनिवहेण // शुर्शुछ.६
4306,
4307,नियसहियणेण सहिया आरụ̄धा उत्तिमाए सिबियाए
4308,कयमङ्गलोवयारा सियभूसणभूसियसरीरा // शुर्शुछ.७
4309,
4310,सियवसणपाउयङ्गी आबद्धसुगन्धकुसुमआमेला
4311,पत्ता ओ कणगमाला दारे अह कामगेहस्स // शुर्शुछ.८
4312,
4313,[चतस्र̥भिः कलापकम]
4314,उत्तिन्ना सिवियाओ पूयणउवगरणयं गहेऊण
4315,धरिऊण दारदेसे सयलं नियपरियणं ताहे // शुर्शुछ.९
4316,
4317,एगागिणी पविट्ठा मयरद्धयबिम्बपूयणनिमित्तं
4318,पविसित्तु भवणदारं अग्गलियं ताए बालाए // शुर्शुछ.१०
4319,
4320,[युग्मम]
4321,सम्पूइऊण कामं अह सा निवडेवि तस्स चलणेसु
4322,दीहं नीससिऊणं गलन्तथूलंसुनयणिल्ला // शुर्शुछ.११
4323,
4324,
4325,[प. २१५]
4326,लहुसद्देणं एयं सोवालम्भं सगग्गरं भणइ
4327,निज्जियसुरमणुओवि हु पहरसि इत्थीण किं भयवं!? // शुर्शुछ.१२
4328,
4329,[युग्मम]
4330,जइ मज्झ तम्मि लोए भयवं! गरुओ कओ हु अणुराओ
4331,ता कीस तं पमोत्तुं घडसि ममं अन्नलोएणं? // शुर्शुछ.१३
4332,
4333,अन्नं च सुम्मन्ति इत्थ लोए पञ्चेव सिलीमुहा ओ किल तुज्झ
4334,नवरं ममं पडुच्चा सहस्सबाणोव्व तं जाओ // शुर्शुछ.१४
4335,
4336,जइ जाव मज्झ पहरसि पहरसु को तं निवारेइ भयवं!
4337,नवरं तह मह पहरसु कयन्तभवणे जह वयामि // शुर्शुछ.१५
4338,
4339,तुमए पुण तह पहया जह न मया नेय जीविया अहयं
4340,ता किं भणामि इण्हिं सरणम्मि समागया तुज्झ? // शुर्शुछ.१६
4341,
4342,दड्ढस्स हुयवहेणं सो चेव जहोसहं तु लोयस्स
4343,तुमए पीडियदेहा तह सरणं तुज्झ अल्लीणा // शुर्शुछ.१७
4344,
4345,
4346,[प. २१६]
4347,जइ मज्झ तुमं तुट्ठो देहि वरं पत्थिओ मए एयं
4348,मा मह हविज्ज एरिसविडम्बणा अन्नजम्मेवि // शुर्शुछ.१८
4349,
4350,ताव इमो मह जम्मो पियजणआसाए वोलिओ अहलो
4351,तं चिय दइयं दिज्जसु भयवं! मह अन्नजम्मेवि // शुर्शुछ.१९
4352,
4353,भो सुप्पइट्ठ! एवं भणिऊणं ताहि कणगमालाए
4354,विअलन्तथूलअंसुयपवाहसंसित्तसिहिणाए // शुर्शुछ.२०
4355,
4356,नाणाविहरयणविणिम्मियम्मि पसरन्तविमलकिरणम्मि
4357,गब्भहरदारनिहिए रम्मे अह तोरणे तीए // शुर्शुछ.२१
4358,
4359,बद्धो निउत्तरीएण पासओ ताहि सा पुणो भणइ
4360,एसा मरामि सम्पइ कुसुमाउह! तुज्झ पुरओ हं // शुर्शुछ.२२
4361,
4362,[तिस्र̥भिः कुलकम]
4363,मा मह भणिज्ज कोवि हु विहियमजुत्तन्ति कणगमालाए
4364,एत्तियमित्तं कालं विमालियं जेण आसाए // शुर्शुछ.२३
4365,
4366,
4367,[प. २१७]
4368,इण्हिं पुण न हु सक्का काउं भङ्गं तु नियपइन्नाए
4369,तं मोत्तुं हिययदइयं न लग्गए मह करे अन्नो // शुर्शुछ.२४
4370,
4371,अन्नं च देवयाओ! अलियं जम्पन्ति नेय कइयावि
4372,तम्पि हु अन्नह जायं मज्झ अउन्नेहिं पावाए // शुर्शुछ.२५
4373,
4374,अहव कवडेण केणवि पिसायरूवेण वञ्चिया तइया
4375,नहवाहणभत्तेणं अहवा खयरेण केणावि // शुर्शुछ.२६
4376,
4377,ता सम्पयंमि मा होज्ज मज्झ अभिवञ्छियत्थवाघाओ
4378,भयवं! तुह प्पसाया सिज्झउ मरणं अविग्घेण // शुर्शुछ.२७
4379,
4380,पियविरहगरुयमोग्गरजज्जरियमणाए मज्झ पावाए
4381,मरणं होज्ज न होज्ज व अज्जवि आसङ्कए हिययं? // शुर्शुछ.२८
4382,
4383,पियविरहदुक्खसमणं लब्भइ मरणम्पि गरुयपुन्नेहिं
4384,तं जइ हविज्ज इण्हिं सुकयत्था होज्ज ता अहयं // शुर्शुछ.२९
4385,
4386,
4387,[प. २१८]
4388,एवं भणियं तीए मुक्को अप्पा अहोमुहो झत्ति
4389,तुरियं गन्तूण मए छिन्नो अह पासओ तीए // शुर्शुछ.३०
4390,
4391,गहिऊण तयं अङ्के ताहे सणियं मए इमं भणिया
4392,निज्जियसुरासुरिन्दो तुट्ठो तुह सुयणु! रइनाहो // शुर्शुछ.३१
4393,
4394,असरिससाहसआवज्जिएण मयरद्धएण तुह सुयणु!
4395,एयम्मि चेव जम्मे उवणीओ सो जणो एसो // शुर्शुछ.३२
4396,
4397,किज्जउ कण्ठग्गहणं गाढं उक्कण्ठिओ जणो तुज्झ
4398,एवं भणिया बाला लज्जाए अहोमुही जाया // शुर्शुछ.३३
4399,
4400,चित्तगईवि य ताहे समागओ तम्मि चेव ठाणम्मि
4401,तत्तो य मए भणियं वरमित्तो एस मह सुयणु! // शुर्शुछ.३४
4402,
4403,तुज्झ विओए सुन्दरि! अप्पवहे उज्जओ अहमिमेण
4404,विणिवारिओ अकारणवच्छल्लजुएण धीरेण // शुर्शुछ.३५
4405,
4406,
4407,[प. २१९]
4408,तुह पावणे उवाओ एसो मह साहिओ इमेणेव
4409,एएण सहाएणं सिज्झिस्सइ इच्छियं अम्ह // शुर्शुछ.३६
4410,
4411,कन्नासहावसुलहं उज्झित्ता सज्झसं सुयणु! तम्हा
4412,नियनेवत्थं सव्वं झत्ति समुप्पेसु एयस्स // शुर्शुछ.३७
4413,
4414,काऊण तुज्झ रूवं जेण इमो सुयणु! वच्चए बाहिं
4415,परियणविमोहणट्ठा परकज्जसमुज्जओ धीरो // शुर्शुछ.३८
4416,
4417,एवं च मए भणिया सहरिसहियया करेइ तं सव्वं
4418,अह दोवि निलुक्काइं पुणरवि मयणस्स पट्ठीए // शुर्शुछ.३९
4419,
4420,चित्तगईवि य तीए नीसेसं निविसिऊण नेवत्थं
4421,उग्धाडिउं दुवारं आरụ̄धो झत्ति सिवियाए // शुर्शुछ.४०
4422,
4423,अह तम्मि गइ लोए नीसद्दं जाणिऊण तं भवणं
4424,भणिया य मए एसा सुन्दरि! किं इण्हि कायव्वं? // शुर्शुछ.४१
4425,
4426,
4427,[प. २२०]
4428,ओणयंमुहीए तीए सज्झसवसकम्पमाणगत्ताए
4429,कहकहवि हु उल्लविओ खलन्तअव्वत्तवाणीए // शुर्शुछ.४२
4430,
4431,गुरुविरहपीडियाए पिययम! तं पाविओ तुडिवसेण
4432,कुणसु सयं जं जुत्तं सरणम्मि समागया तुज्झ // शुर्शुछ.४३
4433,
4434,[युग्मम]
4435,एवं तीए भणिए गन्धव्वविहीए सा मए बाला
4436,परिणीया तं मयणं देवं काऊण सक्खिणयं // शुर्शुछ.४४
4437,
4438,अवणित्तु कमेण तओ सज्झसमेईइ विविहवयणेहिं
4439,खणमेगं रमिऊणं सुत्तो आलिङ्गिऊण तयं // शुर्शुछ.४५
4440,
4441,निद्दाविगमे य मए वज्जरियं सुयणु! वच्चिमो इण्हिं
4442,एरिसमायरिऊणं न हु जुत्तं अच्छिउं एत्थ // शुर्शुछ.४६
4443,
4444,दीहं नीससिएणं अह भणियं तीई हिययदइयाए
4445,हा अज्जउत्त! जुत्तं कमपत्तं आसि मह मरणं // शुर्शुछ.४७
4446,
4447,
4448,[प. २२१]
4449,मज्झ निमित्ते पाविसि सामिय! जं गरुयआवइं इण्हिं
4450,नहवाहणो पयण्डो विज्जाबलदप्पिओ तहय // शुर्शुछ.४८
4451,
4452,नासन्ताणवि अम्हं न नाह! सरणं तु विज्जए किञ्चि
4453,ता तुह वइरिणिरूवा जाया परमत्थओ अहयं // शुर्शुछ.४९
4454,
4455,तुहविरहतावियाए न आसि मह सामि! तारिसं दुक्खं
4456,जं तुह नाह! विवत्तिं सम्भाविय इण्हि सञ्जायं // शुर्शुछ.५०
4457,
4458,लद्धोवि नाह! कहवि हु मज्झ अउन्नाए होसि न हु इण्हिं
4459,पुन्नरहियाण अहवा पत्तम्पि हु विहडए सहसा // शुर्शुछ.५१
4460,
4461,भो सुप्पइट्ठ! एवं भणिउं अवलम्बिऊण मह कण्ठे
4462,गुरुदुक्खनिब्भराए रुन्नं अह तीए बालाए // शुर्शुछ.५२
4463,
4464,तत्तो य मए भणियं सुन्दरि! किं सोयमसरिसं वहसि?
4465,लद्धं जं लहिअव्वं इण्हिं जं होउ तं होउ // शुर्शुछ.५३
4466,
4467,
4468,[प. २२२]
4469,"तुह सङ्गमरहियाणं मरणं जइ होज्ज, होज्ज ता दुक्खं"
4470,इण्हिं पुणम्ह सुन्दरि! मरणेवि हु नत्थि दुक्खन्ति // शुर्शुछ.५४
4471,
4472,किञ्च एसो अचिन्तिओवि हु जह जाओ सङ्गमो सह तुमाए
4473,तह चेव मा कयावि हु अन्नम्पि हु सोहणं होज्जा // शुर्शुछ.५५
4474,
4475,"कीरउ ताव उवाओ अहलो जइ होइ होउ, को दोसो?"
4476,मञ्चयवडियाण पुणो तहट्ठिया चेव भूमित्ति // शुर्शुछ.५६
4477,
4478,नहवाहणखयरं तं दट्टूण मए इमं कयं सुयणु!
4479,भवियव्वयाए दिट्ठं होज्जा जं किञ्चिमह उचियं // शुर्शुछ.५७
4480,
4481,अब्भुवगयं हि मरणं नासिज्जउ तहवि ताओ खयराओ
4482,जलचव्वणुज्जयाणं मा कहवि हु एइ गुलओवि // शुर्शुछ.५८
4483,
4484,ता सुयणु! मुञ्च सोयं वच्चामो रयणसञ्चए ताव
4485,कालोचियं च पच्छा दिट्ठं दिट्ठं करिस्सामो // शुर्शुछ.५९
4486,
4487,
4488,[प. २२३]
4489,तत्तो य तीए समयं नीहरिओ पणमिऊण रइनाहं
4490,अह तीए कण्ठलग्गो उप्पइओ गयणमग्गम्मि // शुर्शुछ.६०
4491,
4492,रागन्धयारमोहियनराण दट्ठुंव तारिसं चरियं
4493,दूरं नासियतिमिरो अह सहसा उग्गओ सूरो // शुर्शुछ.६१
4494,
4495,तत्तो य तीए भणियं सामिय! गाढं पिवासिया अहयं
4496,सूसइ गलयं अज्जवि केदूरे अम्ह तं नयरं? // शुर्शुछ.६२
4497,
4498,दूरे अज्जवि नयरं सुन्दरि! इत्थ वणनिकुञ्जम्मि
4499,ओयरिमो जं होही इत्थ जलं एव मे भणिए // शुर्शुछ.६३
4500,
4501,तत्तो दोवि जणाइं अवइन्नाइं वणम्मि रम्मम्मि
4502,सीयलजलपडिपुन्नं अह दिट्ठं तत्थ निज्झरणं // शुर्शुछ.६४
4503,
4504,पाऊण जलं अह सा पत्तलतरुछाहियाए उवविट्ठा
4505,काउं सरीरचिन्तं अहमवि तत्थेव आयाओ // शुर्शुछ.६५
4506,
4507,
4508,[प. २२४]
4509,भो सुप्पइट्ठ! एवं खणन्तरं वीसमामि जा तत्थ
4510,ताव य निसुओ सद्दो आसन्ने केलिगेहम्मि // शुर्शुछ.६६
4511,
4512,जाया सत्थसरीरा सुन्दरि! वच्चामु इण्हिं नियठाणं
4513,एयं सद्दं सोउं एस विगप्पो महुप्पन्नो // शुर्शुछ.६७
4514,
4515,नूणं चित्तगइस्स य एसो सद्दो न होइ अन्नस्स
4516,एयम्मि वणनिगुञ्जे अहवा को सम्भवो तस्स? // शुर्शुछ.६८
4517,
4518,एवं विञ्चिन्तियम्मी कयलीगेहाओ ताओ गुविलाओ
4519,तरुणमहिलासमेओ चित्तगई झत्ति नीहरिओ // शुर्शुछ.६९
4520,
4521,तत्तो गन्तूण मए सहरिसमालिङ्गिओ सनेहेणं
4522,"अहमवि तेणं, तत्तो उवविट्ठा दोवि तत्थेव // शुर्शुछ.७०"
4523,
4524,तत्तो य मए भणियो नीहरिएणं तु मयणगेहाओ
4525,किं मित्त! तुमे विहियं विमोहिओ परियणो कहवा? // शुर्शुछ.७१
4526,
4527,
4528,[प. २२५]
4529,कहव तुमं निच्छुट्टो का वा एसा मणोहरागारा
4530,"महिला, कत्थ व पत्ता, साहसु मह सव्वमेयन्ति? // शुर्शुछ.७२"
4531,
4532,चित्तगई भणइ तओ निसुणसु भो चित्तवेग! एगमणो
4533,काऊण कणगमालारूवमहं ताव नीहरिओ // शुर्शुछ.७३
4534,
4535,आरụ̄धो सिबियाए पत्तो य कमेण वरसमीवम्मि
4536,विज्जाहरिगणगिज्जन्तविविहवरमङ्गलुप्पीलो // शुर्शुछ.७४
4537,
4538,लग्गे समागयम्मी गहिओ मह करयलो सहरिसेण
4539,"नहवाहणेण, तत्तो कमेण वत्तो य वीवाहो // शुर्शुछ.७५"
4540,
4541,नहवाहणस्स पुरओ नट्टं विविहङ्गहारसोहिल्लं
4542,पारद्धं वारविलासिणीहिं वरगेयसंवलियं // शुर्शुछ.७६
4543,
4544,एत्थन्तरम्मि एगा जुवई आगम्म करयलं निययं
4545,मुद्दारयणसमेयं दंसइ मह सज्झसुप्फुण्णा // शुर्शुछ.७७
4546,
4547,
4548,[प. २२६]
4549,तं दट्ठुं चिन्तियं मे एसा सा मज्झ सन्तिया मुद्दा
4550,हत्थिभयमोइयाए जा गहिया तीए कन्नाए // शुर्शुछ.७८
4551,
4552,अइगुरुयं अङ्गुट्ठिं मणयं ओसारिउं मए तत्तो
4553,अवलोइया य एसा सहसा अह पच्चभिन्नाया // शुर्शुछ.७९
4554,
4555,एसा सा मह दइया हत्थिभए जा विमोइया तइया
4556,विहिणो निओगओ कह जाया हग्गावणापच्छं // शुर्शुछ.८०
4557,
4558,पेच्छ अइदुग्घडम्पि हु सहसा कह मज्झ दंसणं जायं?
4559,अणुकूलो अहव विही किंवा तं जं नवि करेइ? // शुर्शुछ.८१
4560,
4561,एवं विचिन्तिऊणं निदंसिओ नियकरो मए तीए
4562,पुव्वं समप्पियाए तीए मुद्दाए सञ्जुत्तो // शुर्शुछ.८२
4563,
4564,कन्ने होउ तीए आसन्नसहीय साहियं एयं
4565,अवनिद्दएण दुक्खइ सीसं किर कणगमालाए // शुर्शुछ.८३
4566,
4567,
4568,[प. २२७]
4569,ता एसा खणमेगं असोगवणियाइ सुवइ लग्गत्ति
4570,तुम्हे एत्थ ठियाओ जहासुहं चेव अच्छाह // शुर्शुछ.८४
4571,
4572,वत्ते पुण पेक्खणए जाणाविज्जाउ अम्ह सिग्घन्ति
4573,एवं भणिउं तीए उट्ठविओ चित्तवेग! अहं // शुर्शुछ.८५
4574,
4575,तत्तो तीए समयं पवरघरुज्जाणतिलयभूयाए
4576,वियसन्तसुरहिमञ्जरिमयरन्दामोयसुहयाए // शुर्शुछ.८६
4577,
4578,पत्तो रमणीयाए असोगवणियाए सहरिसं तीए
4579,"दिन्नम्मी आसणम्मी उवविट्ठो, सावि मह पुरओ // शुर्शुछ.८७"
4580,
4581,अह सा सज्झसभरिया जाहे न चएइ किञ्चि वज्जरिउं
4582,ताहे निययपउत्ती सव्वावि हु चित्तवेग! मए // शुर्शुछ.८८
4583,
4584,पुव्वं जा तुह कहिया तीएवि हु सा मए समासेण
4585,कहिया य जाव इत्थं इत्थीरूवेण आयाओ // शुर्शुछ.८९
4586,
4587,
4588,[प. २२८]
4589,सुन्दरि! तुज्झ विओगे गुरुदुक्खं माणसं मए पत्तं
4590,भमिओ तुज्झ निमित्ते सव्वेसुवि खयरनयरेसु // शुर्शुछ.९०
4591,
4592,ता लज्जं मोत्तूणं साहसु किं तुज्झ नामधेयन्ति
4593,कम्मि कुले तुह जम्मो किंवा नामं तु ते पिउणो? // शुर्शुछ.९१
4594,
4595,कहवि पुरे इह पत्ता पभूयलोयस्स मज्झयारम्मी
4596,इत्थीरूवोवि अहं विन्नाओ सुयणु! कह तुमए? // शुर्शुछ.९२
4597,
4598,एवं च मए भणिया कहवि हु उज्झित्तु सज्झसं बाला
4599,मणयं खलन्तवयणा अह एवं भणिउमाढत्ता // शुर्शुछ.९३
4600,
4601,आयन्नसु मणवल्लह! कहेमि सव्वम्पि जं तुमे पुट्ठं
4602,तुम्ह सुपसिद्धमेव हि नयरं सुरनन्दणं ताव // शुर्शुछ.९४
4603,
4604,तत्थासि सुविक्खाओ पहञ्जणो नाम खयररायत्ति
4605,तस्स य पवरो मन्ती अइकुसलो नीइसत्थेसु // शुर्शुछ.९५
4606,
4607,
4608,[प. २२९]
4609,पहुणो य दढं भत्तो बुद्धीए चउव्विहाए सम्पन्नो
4610,रन्नो विस्सासपयं आसि पुरा मेहनाउत्ति // शुर्शुछ.९६
4611,
4612,[युग्मम]
4613,तस्स य घरिणी पवरा पइव्वया रूवसंवयाकलिया
4614,उत्तमकुलप्पसूया इन्दुमई नाम आसित्ति // शुर्शुछ.९७
4615,
4616,तीए सह विसयसोक्खं निसेवमाणस्स मेहनायस्स
4617,जाओ सुओ सुरूवो नामेणं असणिवेगॊत्ति // शुर्शुछ.९८
4618,
4619,अब्भसियकलानियरो साहियविज्जो गुणाण आवासो
4620,जणयाण कयाणन्दो कमसो सो जोव्वणं पत्तो // शुर्शुछ.९९
4621,
4622,एत्तो य दक्खिणाए इमीए सẹ̄धीए कुञ्जरावत्ते
4623,एयम्मि चेव नयरे चन्दगई आसि वरखयरो // शुर्शुछ.१००
4624,
4625,तस्स य मणवल्लहिया महिला नामेण मयणरेहत्ति
4626,कालेण ताण पुत्तो अमियगई नाम सञ्जाओ // शुर्शुछ.१०१
4627,
4628,
4629,[प. २३०]
4630,धूया चम्पयगोरा चम्पयमालत्ति तदणुसञ्जाया
4631,पत्ता य जोव्वणं सा विज्जाहरकुमरमणहरणं // शुर्शुछ.१०२
4632,
4633,अह सा चम्पगमाला वरिया सुरनन्दणम्मि नयरम्मि
4634,"मन्तिसुयअसणिवेगस्स, सायरं तेण परिणीया // शुर्शुछ.१०३"
4635,
4636,नीया नियए नयरे सह तीए सो विसालनयणाए
4637,परपीईए जुतो भुञ्जइ माणुस्सए भोगे // शुर्शुछ.१०४
4638,
4639,अह अन्नया कयाइवि मन्तिपयं देवि असणिवेगस्स
4640,नियतणयस्स तत्तो विरत्तचित्तो महासत्तो // शुर्शुछ.१०५
4641,
4642,रन्ना पहञ्जणेणं सहिओ सञ्जायगरुयसंवेगो
4643,सुगुरुण पायमूले पव्वइओ मेहनाओ सो // शुर्शुछ.१०६
4644,
4645,खयरो वि असणिवेगो चम्पगमालाए हिययदइयाए
4646,समयं गिहवासफलं अणुहवई विसयसोक्खन्ति // शुर्शुछ.१०७
4647,
4648,
4649,[प. २३१]
4650,अह चम्पगमालाए कमेण पुत्ता ओ पञ्च उप्पन्ना
4651,ताणं पिययम! निसुणसु कमेण एयाइं नामाइं // शुर्शुछ.१०८
4652,
4653,वज्जगई वाउगई चन्दो तह चन्दणो सुसीहो य
4654,पञ्चण्हं पुत्ताणं उवरिं धूया अहं जाया // शुर्शुछ.१०९
4655,
4656,जम्मदिणे मह पिउणा सुयजम्ममहूसवाओ अव्महिओ
4657,काराविओ सहरिसं महोच्छवो गरुयनेहेण // शुर्शुछ.११०
4658,
4659,वत्ते य बारसाहे नामं तु पियङ्गुमञ्जरी मज्झ
4660,विहियं कमेण अहयं देहोवचएण वड्ढन्ता // शुर्शुछ.१११
4661,
4662,जणयाण कयाणन्दा लालिज्जन्ता य धाइपणगेण
4663,पत्ता कुमारिभावं कयपरियणलोयणाणन्दा // शुर्शुछ.११२
4664,
4665,[युग्मम]
4666,जुवईजणजोग्गाओ नट्टाईया कलाओ सयलाओ
4667,गहियाओ कमेण तओ पत्ता हं जोव्वणं पढमं // शुर्शुछ.११३
4668,
4669,
4670,[प. २३२]
4671,सुसिणिद्धसहीसहिया रमामि विविहासु तत्थ कीलासु
4672,वरचित्तपत्तछिज्जयनच्चणगन्धव्ववीणासु // शुर्शुछ.११४
4673,
4674,तत्थ य पिययम! अहयं सहावओ पुरिसवेसिणी जाया
4675,वरया य मज्झ बहवे इन्ति तहिं खयरपवराण // शुर्शुछ.११५
4676,
4677,"वररूवकलारिद्धीओ तेसिं, जणओवि मज्झ साहेइ"
4678,न य कत्थवि मह ईच्छा जायइ तो ते निवारेइ // शुर्शुछ.११६
4679,
4680,जो जो आवइ वरओ तं तं नेच्छामि जावय अहं तु
4681,ताहे य असणिवेगो मज्झ पिया सोयमावन्नो // शुर्शुछ.११७
4682,
4683,जट्ठूणं तं ससोगं चम्पगमाला उ भणइ नियदइयं
4684,कीसससोगो सामिय! दीससि चिन्ताउरो धणियं? // शुर्शुछ.११८
4685,
4686,तत्तो य तेण भणियं मह धूया ताव जोव्वणं पत्ता
4687,न य इच्छइ किम्पि वरं सुन्दरि! गरुई इमा चिन्ता // शुर्शुछ.११९
4688,
4689,
4690,[प. २३३]
4691,धूया जोव्वणपत्ता वररहिया कुलहरम्मि वसमाणा
4692,तं किम्पि कुणइ कज्जं लहइ कुलं मइलणं जेण // शुर्शुछ.१२०
4693,
4694,को होज्ज वरो धूयाए हन्दि! मणइच्छिउत्ति चिन्ताए
4695,सुदंरि! न एइ निद्दा रयणीएवि मह पसुत्तस्स // शुर्शुछ.१२१
4696,
4697,एयं निसम्म वयणं चम्पगमालावि ताहि मे जणणी
4698,मज्झ निमित्ते सुन्दर! जाया सोगाउरा धणियं // शुर्शुछ.१२२
4699,
4700,अन्नदिणम्मि पियसही पभायसमयम्मि धारिणीनामा
4701,सुज्जापहस्स धूया समागया मज्झ पासम्मि // शुर्शुछ.१२३
4702,
4703,भणइ य किमज्ज पियसहि! हियव्व विक्कियव्व वुन्नव्व
4704,दीससि अन्नमणा विव विद्दाणमुहा ससोगिल्ला // शुर्शुछ.१२४
4705,
4706,चिरआगयावि पियसहि! कीस न सम्भासिया अहं तुमए?
4707,ता भणसु सोगकारणमेयं जं तुज्झ सञ्जायं? // शुर्शुछ.१२५
4708,
4709,
4710,[प. २३४]
4711,एवं च पियसहीए भणियाए मए तया समुल्लवियं
4712,सम्ममुवलक्खियं ते धारिणि! निसुणेसु वुत्तन्त्तं // शुर्शुछ.१२६
4713,
4714,तुज्झेहिं समं पियसहि! कीलित्ता ता वियालसमयम्मि
4715,नाणाविहकीलाहिं समागया निययगेहम्मि // शुर्शुछ.१२७
4716,
4717,उवरिमभूमीइ तओ नाणामणिरयणहेममइयम्मि
4718,पल्लङ्के पासुत्ता पवराए हंसतूलीए // शुर्शुछ.१२८
4719,
4720,अह अड्ढरत्तसमए दुन्दुहिसद्दं सुणित्तु पडिबुद्धा
4721,पिच्छामि गयणमग्गं दिव्वविमाणेहिं सङ्किन्नं // शुर्शुछ.१२९
4722,
4723,दट्ठूण देवनिवहं उज्जोइयगयणमण्डलं तत्थ
4724,सुरसुन्दरिगणसहियं चिन्त्ता मे एरिसा जाया // शुर्शुछ.१३०
4725,
4726,कत्थेरिसाइं मन्ने दिव्वविमाणाइं दिट्ठपुव्वाइं
4727,एवंविहा य देवा देवीओ कत्थ दिट्ठाओ // शुर्शुछ.१३१
4728,
4729,
4730,[प. २३५]
4731,एवं विञ्चिन्तयन्ती पियसहि! मुच्छावसं अहं पत्ता
4732,मुच्छाविरमे तत्तो जाईसरणं समुप्पन्नं // शुर्शुछ.१३२
4733,
4734,सम्भरिया पुव्वभवा दोन्नि मए मणुयदेवसम्बद्धा
4735,जह तं निसुणसु धारिणि! सव्वम्पि हु वज्जरिज्जन्तं // शुर्शुछ.१३३
4736,
4737,जम्बुद्दीवे दीवे सुरगिरिणो उत्तरम्मि पासम्मि
4738,एरवयं वरखित्तं इहत्थि तेलोक्कविक्खायं // शुर्शुछ.१३४
4739,
4740,तम्मि य मज्झिमखण्डे आरियखित्तम्मि आसि वरनयरं
4741,अमरपुरसरिसरूवं पडिवक्खनरिन्ददुग्गम्मं // शुर्शुछ.१३५
4742,
4743,तिहुअणलच्छीनिलयं इब्भसहस्सोवसेवियं विउलं
4744,आकालसुप्पइट्ठं नामेणवि सुप्पइट्ठन्ति // शुर्शुछ.१३६
4745,
4746,[युग्मम]
4747,उवहसियधणयविहवो उवयाररओ य सयललोयस्स
4748,देवगुरुपूयणरओ वच्छल्लयरो य बन्धूणं // शुर्शुछ.१३७
4749,
4750,
4751,[प. २३६]
4752,दक्खिन्नदयाकलिओ अग्गाणी सयलवणियसत्थस्स
4753,हरिदत्तो नामेणं इब्मो परिवसइ अह तत्थ // शुर्शुछ.१३८
4754,
4755,[युग्मम]
4756,निज्जियरइसोहग्गा सीलवई महुरभासिणी दक्खा
4757,पाणपिया विणयवई विणयवई भारिया तस्स // शुर्शुछ.१३९
4758,
4759,पञ्चपयारे विसए तीए समं तस्य अणुहवन्तस्स
4760,जाओ पहाणपुत्तो वसुदत्तो नाम सुप्रसिद्धो // शुर्शुछ.१४०
4761,
4762,ततो विणयवईए कमेण धूयाओ तिन्नि जायाओ
4763,निज्जियसुरिन्दसुन्दरिरूवाइसएण कलियाओ // शुर्शुछ.१४१
4764,
4765,जेट्ठा सुलोयणत्ति य बीया कन्ना अणङ्गवईनामा
4766,वसुवइनामा तइया तिलोयअच्छेरयब्भूया // शुर्शुछ.१४२
4767,
4768,कमसो वड्ढन्तीओ तरुणजणुम्मायकारयं रम्मं
4769,अह ताओ पत्ताओ तिन्निवि नवजोव्वणारम्भं // शुर्शुछ.१४३
4770,
4771,
4772,[प. २३७]
4773,कन्ना सुलोयणा सा परिणीया मेहलावइपुरीए
4774,सागरदत्तसुएणं सुबन्धुनामेण वणिएण // शुर्शुछ.१४४
4775,
4776,विजयवईनयरीए सुएण धणभूइसत्थवाहस्स
4777,धणवाहणनामेणं विवाहिया 'णङ्गवइकन्ना // शुर्शुछ.१४५
4778,
4779,सावि हु वसुमइकन्ना नयरीए मेहलावईए ओ
4780,धणवइणा परिणीया तणएण समुद्ददत्तस्स // शुर्शुछ.१४६
4781,
4782,अह सो धणवइवणिओ कलासु कुसलो अणङ्गपडिरूवो
4783,समयं तु वसुमईए भुञ्जइ माणुस्सए भोए // शुर्शुछ.१४७
4784,
4785,वड्ढन्तसिणेहाणं ताणं अन्नोन्नरत्तचिताणं
4786,नवजोव्वणाण सरसं विसयसुहं सेवमाणाणं // शुर्शुछ.१४८
4787,
4788,गुरुजणविणयरयाणं अवरोप्परविरहदुक्खरहियाणं
4789,वच्चन्ति वासराइं आणन्दियबन्धुवग्गाणं // शुर्शुछ.१४९
4790,
4791,[युग्मम]
4792,
4793,[प. २३८]
4794,अह अन्नया कयाइवि पवरे हम्मियतलम्मि पासुत्तो
4795,धणवइवणिओ तीए वसुमइदइयाए सञ्जुत्तो // शुर्शुछ.१५०
4796,
4797,निम्मलससिकरउज्जोइयाए रयणीए पच्छिमे जामे
4798,निद्दाखए विबुद्धा मुद्धा सा वसुमई वरई // शुर्शुछ.१५१
4799,
4800,नियसयणीयपसुत्तं परपुरिसं पिक्खिऊण भयभीया
4801,सा पवणहया तणुतरुलयव्व अह कम्पिया सहसा // शुर्शुछ.१५२
4802,
4803,चिन्तइ सा मियनयणा कत्थ गओ मज्झ निययनाहो सो
4804,दुक्खपवेसम्मि गिहे एसो पुरिसो कह पविट्ठो? // शुर्शुछ.१५३
4805,
4806,किंवा सो मणदइओ हविज्ज निहओ इमेण पावेण
4807,सोच्चिय दइओ अन्नो पडिहासइ किं विवज्जासा? // शुर्शुछ.१५४
4808,
4809,अहवा न होइ एसो मह दइओ ताव निच्छओ एस
4810,एस अउव्वो कोवि हु दीसइ दिव्वाणुकारित्ति // शुर्शुछ.१५५
4811,
4812,
4813,[प. २३९]
4814,तह सुवइ सुवीसत्थो पविसित्ता परगिहम्मि जं एसो
4815,तं नूणं भवियव्वं केणावि हु कारणेणित्थ // शुर्शुछ.१५६
4816,
4817,जइ एस अन्नपुरिसो दइओ वा तहवि इण्हि मह जुत्तं
4818,नियसासुयाए सिग्घं जहट्ठियं चेव साहेउं // शुर्शुछ.१५७
4819,
4820,जइ पुण एयं न कहेमि कहवि नियसासुयाए वुत्तन्तं
4821,आजम्मम्पि कलकं सुदूसहं होइ ता मज्झ // शुर्शुछ.१५८
4822,
4823,एवं विचिन्तिऊणं उत्तरिया हम्मियाओ सा बाला
4824,पत्ता य सासुयाए सुदंसणाए समीवम्मि // शुर्शुछ.१५९
4825,
4826,सा सणियं उट्ठविया भणइ किमागमणकारणं सुण्हे!
4827,तत्तो य वसुमईए जहट्ठियं साहियं सव्वं // शुर्शुछ.१६०
4828,
4829,भणियं सुदंसणाए न सम्भवो अत्थि इत्थ अन्नस्स
4830,निद्दावसओ होज्जा तुह जाओ विब्भमो एसो // शुर्शुछ.१६१
4831,
4832,
4833,[प. २४०]
4834,भणियं च वसुमईए अम्ब! सयं चेव ता निरूवेसु
4835,एवं तीए भणिया सुदंसणा लहुं गया तत्थ // शुर्शुछ.१६२
4836,
4837,सम्मं निरूविओ सो निद्दाए पसुत्तओ तहिं पुरिसो
4838,नायं सुदंसणाए जह एस न होइ मह पुत्तो // शुर्शुछ.१६३
4839,
4840,तत्तो सुदंसणाए पोक्करियं दीहरेण सद्देण
4841,धावह धावह लोया! एस अउव्वो नरो कोवि // शुर्शुछ.१६४
4842,
4843,अम्ह घरम्मि पविट्ठो जारो चोरोव्व नूण होऊण
4844,एवं सुदंसणाए विहियं सोऊण हलबोलं // शुर्शुछ.१६५
4845,
4846,रे! लेह लेह धावह कत्थ गओ कत्थ अच्छइ निलुक्को
4847,एमाइ वाहरन्तो समुट्ठिओ परियणो सव्वो // शुर्शुछ.१६६
4848,
4849,मिलिओ य भूरिलोगो किं किं एयन्ति एव जम्पन्तो
4850,सिट्ठी समुद्ददत्तो भणइ पिए! केण मुसिया सि? // शुर्शुछ.१६७
4851,
4852,
4853,[प. २४१]
4854,सोवि हु सयणीयाओ समुट्ठिओ कलयलं निसामित्तं
4855,"वज्जरइ केण अम्बे! मुसिया, जं एवमुल्लवसि? // शुर्शुछ.१६८"
4856,
4857,न हु इत्थ कोवि दीसइ दुट्ठमई कीस अम्बि! उव्विग्गा?
4858,एवं तु तेण भणिया सुदंसणा एवमुल्लवइ // शुर्शुछ.१६९
4859,
4860,को सि तुमं कस्स सुओ कीस गिहं मज्झ आगओ पाव!?
4861,हा! धिट्ठ! किंनिमित्तं अम्बित्ति ममं समुल्लवसि? // शुर्शुछ.१७०
4862,
4863,कीस मह पुत्तसेज्जाए इत्थ सुत्तोसि नट्ठमज्जाय!
4864,कत्थ कओ मे पुत्तो धणवइनामो हयास! तुमे? // शुर्शुछ.१७१
4865,
4866,एवं च तीइ निट्ठुरवयणाणि निसम्म विम्हिओ चित्ते
4867,सो पुरिसो नियदेहं पुणो पुणो अह पुलोएइ // शुर्शुछ.१७२
4868,
4869,आलोइऊण सुइरं नियदेहं जाव सामलमुहो सो
4870,उप्पइयमणो ताहे आलोयइ नहयलं सहसा // शुर्शुछ.१७३
4871,
4872,
4873,[प. २४२]
4874,बुड बुड इय अव्वत्तं जावं दिन्तोव्व पवरविज्जाए
4875,उल्ललइ य पुणरुत्तं दद्दुर इव भूमिपट्ठम्मि // शुर्शुछ.१७४
4876,
4877,जाओ खणेण दीणो खयरकुमारोव्व नट्ठ वरविज्जो
4878,गाढं वेविरदेहो मụ̄धोव्व हिउव्व सञ्जाओ // शुर्शुछ.१७५
4879,
4880,अह तं तारिसरूवं पुरिसं दट्ठूं सुदंसणा भणइ
4881,पाविट्ठ! किं न साहसि कत्थ कओ मह सुओ तुमए? // शुर्शुछ.१७६
4882,
4883,सोवि अहोमुहवयणो होऊण ठिओ न जम्पई जाव
4884,ताहे सो जणनिवहो विविहं उल्लविउमाढत्तो // शुर्शुछ.१७७
4885,
4886,एसो इब्भघरम्मी समागओ चोरियाए धणलुद्धो
4887,अन्ने भणन्ति चोरो जइ ता सेज्जाए किं सुत्तो? // शुर्शुछ.१७८
4888,
4889,ता एस वसुमईए कएण परदारियाए आयाओ
4890,अन्ने भणन्ति जारो जइ ता अम्बित्ति किं भणइ? // शुर्शुछ.१७९
4891,
4892,
4893,[प. २४३]
4894,ता एस धणवइच्चिय विहिओ केणावि अन्नरुवेण
4895,देवेण दाणवेण व केलीए पिएण मन्नामो // शुर्शुछ.१८०
4896,
4897,अन्ने भणन्ति भूओ एस पिसाउव्व आगओ एत्थ
4898,अम्हाण छलणहेउं एरिसरुवेण दुट्ठप्पा // शुर्शुछ.१८१
4899,
4900,भो भो न एवमेयं भणन्ति अन्ने उ किन्तु निसुणेह
4901,वसुमइयाए सीलं परिक्खिउं आगओ तियसो // शुर्शुछ.१८२
4902,
4903,एमाइ बहुविगप्पं परोप्परं जा जणो समुल्लवइ
4904,ताव य पियसहि! धारिणि! निसुणसु जं तत्थ सञ्जायं // शुर्शुछ.१८३
4905,
4906,केऊरहारअङ्गयविरायमाणो मणोहरसरीरो
4907,सहसा पयडीभूओ भासुरदित्ती तहिं तियसो // शुर्शुछ.१८४
4908,
4909,देवेण तेण भणियं निसुणह एयस्स वइयरं भद्दा!
4910,अवियाणियपरमत्था करेह किं बहुविहविगप्पे! // शुर्शुछ.१८५
4911,
4912,
4913,[प. २४४]
4914,एसो हु पावकारी सुमङ्गलो नाम नहयरो आसि
4915,साहियबहुविहविज्जो विज्जाहरनयरसुपसिद्धो // शुर्शुछ.१८६
4916,
4917,अह अन्नया कयाइवि भममाणो इच्छिएसु नयरेसु
4918,एसो इत्थ पुरए समागओ जोव्वणुम्मत्तो // शुर्शुछ.१८७
4919,
4920,हम्मियतलमारụधा ण्हाणुत्तिन्ना हु वसुमई एसा
4921,गयणट्ठिएण दिट्ठा इमेण सुइरं च निज्जाया // शुर्शुछ.१८८
4922,
4923,दट्ठुं इमीए रूवं खुहियं अह माणसं तु एयस्स
4924,काउं धणवइरुवं अवयरिओ इत्थ गेहम्मि // शुर्शुछ.१८९
4925,
4926,अवियाणियपरमत्था भुत्ता अह वसुमई इमेणावि
4927,सुरयम्मि रञ्जियमणो चिन्तइ एवं महापावो // शुर्शुछ.१९०
4928,
4929,धणवइरूवेण ठिओ अन्नाओ एत्थ सयललोएण
4930,एईए वरतणूए समयं सेवामि सुरयसुहं // शुर्शुछ.१९१
4931,
4932,
4933,[प. २४५]
4934,विज्जाहरीहिं किंवा मह कज्जं किंव अन्नजुवईहिं
4935,सोहग्गनिहाणाए पत्ताए इमाए महिलाए? // शुर्शुछ.१९२
4936,
4937,एवं विचिन्तिउणं अवहरिओ धणवई इमेणं तु
4938,नेऊण भरहखित्ते मुक्को उ विणीयनयरीए // शुर्शुछ.१९३
4939,
4940,पच्छाइय नियरुवं धणवइरुवं विहित्तु विज्जाए
4941,वसुमइसुरयासत्तो एसो सो चिठ्ठई एत्थ // शुर्शुछ.१९४
4942,
4943,सोवि हु धणवइवणिओ विणीयनयरीए पाविओ वरओ
4944,दट्ठुं अउव्वनयरिं विम्हियहियओ विञ्चितेइ // शुर्शुछ.१९५
4945,
4946,का एसा वरनयरी कत्थ व सा मेहलावई नयरी
4947,किं केण व अवहरिओ पेच्छामि व सुमिणयं एयं? // शुर्शुछ.१९६
4948,
4949,एवं विचिन्तयन्तो बाहिं नयरीए जाव परिभमई
4950,तावय पवरुज्जाणे समोसạधो केवली दिट्ठो // शुर्शुछ.१९७
4951,
4952,
4953,[प. २४६]
4954,सिरिउसहनाहजिणवरवंसपसूओ तिलोयविक्खाओ
4955,नामेणं दण्डविरओ रायरिसी मुणिगणसमेओ // शुर्शुछ.१९८
4956,
4957,तं दट्ठुं जायतोसो काऊण पयाहिणं तु तिक्खुत्तो
4958,पणमिय केवलिचलणे उवविट्ठो उचियदेसम्मि // शुर्शुछ.१९९
4959,
4960,नाऊण य पत्थावं विहियपणामेण तेण संलत्तं
4961,केण अहं अवहरिओ भवयं! किंवा इमं खित्तं? // शुर्शुछ.२००
4962,
4963,का वा एसा नयरी एवं पुट्ठेण भगवया तस्स
4964,धणवइणो पुव्वुत्तं सव्वम्पि हु साहियं तइया // शुर्शुछ.२०१
4965,
4966,विन्नायसरुवो सो भज्जापिइमाइवन्धुपरिहीणो
4967,गुरुसोगसमावन्नो केवलिणा एरिसं भणिओ // शुर्शुछ.२०२
4968,
4969,मा भद्द! कुणसु सोयं एरिसओ चेव एस संसारो
4970,इट्ठविओगा 'णिट्ठप्पओगदुक्खेहिं सङ्किन्नो // शुर्शुछ.२०३
4971,
4972,
4973,[प. २४७]
4974,एयम्मि वसन्ताणं जीवाणं विसयमोहियमणाणं
4975,सञ्जोगविप्पओगा अणन्तसो भद्द! जायन्ति // शुर्शुछ.२०४
4976,
4977,परमत्थओ य दुक्खं जायइ नियदुट्ठकम्मुणा जणियं
4978,हवइ हु निमित्तमित्तं सेसं पुण बज्झअत्थम्मि // शुर्शुछ.२०५
4979,
4980,ता तेण नहयरेणं न मज्झपरमत्थओ कयं दुक्खं
4981,किन्तु नियकम्मजणियं एवं भावेसु नियचित्ते // शुर्शुछ.२०६
4982,
4983,अविय ‘‘पत्थरेणाहओ कीवो पत्थरं डक्कुमिच्छई
4984,मिगारिओ सरं पप्प सरुप्पत्तिं विमग्गई’’ // शुर्शुछ.२०७
4985,
4986,ता भद्द! जिणाणाए कम्मसमुच्छेयणम्मि उज्जमसु
4987,तत्तो विलीणकम्मो पाविहिसि न एरिसं दुक्खं // शुर्शुछ.२०८
4988,
4989,इय केवलिया भणिओ पडिबुद्धो धणवई इमं भणइ
4990,इच्छामो अणुसट्ठिं पव्वज्जं देह मे भयवं! // शुर्शुछ.२०९
4991,
4992,
4993,[प. २४८]
4994,केवलिणा से दिन्ना पव्वज्जा सव्वपावमलहरणी
4995,अह जाओ सो समणो सामन्नगुणेहिं उववेओ // शुर्शुछ.२१०
4996,
4997,पुव्वसयसहस्साइं तीसं काऊण उग्गतवचरणं
4998,तेमासिंय च काऊण अणसणं चत्तदेहो सो // शुर्शुछ.२११
4999,
5000,उववण्णो ईसाणे अच्छरगणसङ्कुले विमाणम्मि
5001,चन्दज्जुणाभिहाणे देवो चन्दज्जुणो नाम // शुर्शुछ.२१२
5002,
5003,[युग्मम]
5004,ओहिन्नाणेण तओ नाऊणं सयलनिययवुत्तन्तं
5005,सो हं भो भो भद्दा! समागओ एत्थ नयरीए // शुर्शुछ.२१३
5006,
5007,वसुमइकण्ठविलग्गो सयणीयगओ पसुत्तओ दिट्ठो
5008,पच्छाइयनियरूवो धणवइरूवेण एस ठिओ // शुर्शुछ.२१४
5009,
5010,जाओ य मज्झ कोवो तव्वसओ चिन्तियं मए एयं
5011,मारेमि इमं पावं मह दइयाए सह पसुत्तं // शुर्शुछ.२१५
5012,
5013,
5014,[प. २४९]
5015,जणणिजणयाण अहवा जाणावित्ता य सयललोयस्स
5016,एयस्स दुट्ठचरियं काहामि विणिग्गहं पच्छा // शुर्शुछ.२१६
5017,
5018,एवं विचिन्तिऊणं अवहरियाओ इमस्स पावस्स
5019,सव्वाओ विज्जाओ जाओ य इमो सभावत्थो // शुर्शुछ.२१७
5020,
5021,तत्तो य वसुमईए सहसा निद्दा मए खयं नीया
5022,एईए विबुद्धाए नायं जह एस परपुरिसो // शुर्शुछ.२१८
5023,
5024,गन्तूण सासुयाए सिट्ठा वत्ता इमीइ सव्वावि
5025,तत्तो सुदंसणाए दठ्ठूण इमं कओ रोलो // शुर्शुछ.२१९
5026,
5027,पडिबुद्धेण इमेणवि तेणिह अम्बा सुदंसणा भणिया
5028,सोउं निट्ठुरवयणं पलोइयं निययदेहं तु // शुर्शुछ.२२०
5029,
5030,दठ्ठूण पुव्वरूवं नियदेहं विम्हिओ इमो चित्ते
5031,मह विज्जाए पभावो अवहरिओ केण अज्जत्ति? // शुर्शुछ.२२१
5032,
5033,
5034,[प. २५०]
5035,एवं विचिन्तिऊणं उप्पइउमणेण ताहि एएण
5036,नियविज्जा सम्भरिया पवरा नहगामिणी नाम // शुर्शुछ.२२२
5037,
5038,तहवि हु उप्पइऊणं जाहे न चएइ ताहि विन्नायं
5039,कुविएण मज्झ केणवि विज्जाच्छेओ कओ 'वस्सं // शुर्शुछ.२२३
5040,
5041,तेणेव सभावत्थो जाओ न चएमि गयणमुप्पइउं
5042,एवं विगप्पयन्तो एसो दीणत्तणं पत्तो // शुर्शुछ.२२४
5043,
5044,एवं पियसहि! धारिणि! सोउं तियसस्स भासियं तस्स
5045,सेट्ठी समुद्ददत्तो सुदंसणा सावि से भज्जा // शुर्शुछ.२२५
5046,
5047,आलिङ्गिय तं देवं अइगुरुसुयदुक्खदलियहिययाइं
5048,दीहरसरेण दोण्णिवि करुणं रोत्तु पवत्ताइं // शुर्शुछ.२२६
5049,
5050,तह तेहिं तत्थ रुन्नं करुणपलावेहिं नेहभरिएहिं
5051,जह सो समागयजणो सव्वोवि हु रोविउं लग्गो // शुर्शुछ.२२७
5052,
5053,
5054,[प. २५१]
5055,सोऊण रुन्नसद्दं गिहम्मि नयरवत्थव्वो
5056,सव्वोवि हु संमिलिओ सबालवुड̣धो जणो तत्थ // शुर्शुछ.२२८
5057,
5058,नाऊण य वुत्तन्तं सव्वं अन्नुन्नवज्जरिज्जन्तं
5059,अक्कोसन्ति बहुविहं सुमङ्गलं नयरनारीओ // शुर्शुछ.२२९
5060,
5061,एयस्स पडउ विज्जू सुत्तो मा एस बुज्झउ पावो
5062,निद्दोसोवि धणवई अवहरिओ जेण पावेण // शुर्शुछ.२३०
5063,
5064,हा! पाव! किं न आसी खयरीओ तुह सरूवजुत्ताओ
5065,मुद्धाए वसुमईए जेण तुमे खण्डियं सीलं? // शुर्शुछ.२३१
5066,
5067,ता पाव! इण्हि पावसु अणज्जकज्जम्मि निरय! निल्लज्ज!
5068,नियदुच्चेट्ठियसरिसं इहपरलोए फलं कडुयं // शुर्शुछ.२३२
5069,
5070,एयं न होइ जोग्गं नामं एयस्स दुट्ठचरियस्स!
5071,पावो अमङ्गलो एस जेण एयं कयं पावं // शुर्शुछ.२३३
5072,
5073,
5074,[प. २५२]
5075,कन्नकडुएहिं एवं असब्भवयणेहिं तेण लोएणं
5076,अक्कोसिओ स बहुहा सुदीणवयणो तहिं वरओ // शुर्शुछ.२३४
5077,
5078,तेणेव देवेण तहिं मायावित्ताइं रोवमाणाइं
5079,अणुसासियाइं सम्मं तुण्हिक्काइं तु जायाइं // शुर्शुछ.२३५
5080,
5081,तत्तो सुरेण भणिया मुञ्चन्ती थूलअंसुयपवाहं
5082,भद्दे! वसुमइ! इण्हिं को तुह हिययस्स उच्छाहो? // शुर्शुछ.२३६
5083,
5084,अह तीए वज्जरियं लज्जाए समोणमन्तवयणाए
5085,जं किञ्चि तुम सामिय! आइससि तहिं समुच्छाहो // शुर्शुछ.२३७
5086,
5087,भणियं सुरेण सुन्दरि! जइ एवं ता करेसु पव्वज्जं
5088,जिणवरभणियं धम्मं कम्ममहाकन्दकोद्दालं // शुर्शुछ.२३८
5089,
5090,जइवि हु सुन्दरि! तुमए अयाणमाणाए एयमायरियं
5091,तहवि हु इमस्स ओसहं होउ पव्वज्जा // शुर्शुछ.२३९
5092,
5093,
5094,[प. २५३]
5095,तत्तो य वसुमईए तहत्ति बहु मन्नियं तयं वयणं
5096,महईए विभूईए नियबन्धवअणुमया ताहे // शुर्शुछ.२४०
5097,
5098,तत्थेव य नयरीए सुहम्मनामस्स पवरसूरिस्स
5099,मयहरियाए बहुविहसाहुणिगणसेवियकमाए // शुर्शुछ.२४१
5100,
5101,चन्दजसानामाए समप्पिया सुरवरेण सयमेव
5102,तीएवि य आगमविहिणा दिन्ना दिक्खा वसुमईए // शुर्शुछ.२४२
5103,
5104,[तिस्र̥भिः कुलकम]
5105,सोवि सुमङ्गलखयरो गुरुरोसेणावि तेण देवेण
5106,दट्ठूण दीणवयणो न मारियो कहवि हु दयाए // शुर्शुछ.२४३
5107,
5108,नेऊण माणुसुत्तरगिरिस्स परओ स उज्झिओ वरओ
5109,अह सो तियसो पत्तो निययविमाणम्मि वेगेण // शुर्शुछ.२४४
5110,
5111,सावि हु वसुमइअज्जा समिईगुत्तीसु सम्ममुवउत्ता
5112,सज्झायज्झाणजुत्ता उज्जुत्ता विणयकरणम्मि // शुर्शुछ.२४५
5113,
5114,
5115,[प. २५४]
5116,पुव्वसयसहस्साइं बहूणि काऊण पवरसामन्नं
5117,संलेहणाए सम्मं झोसित्ता निययदेहं तु // शुर्शुछ.२४६
5118,
5119,अणुरायवसा तं चिय झायन्ती सुरवरं निए हियए
5120,कयअणसणा वसुमई कालं काऊण उववन्ना // शुर्शुछ.२४७
5121,
5122,ईसाणनामम्मि बिइज्जकप्पे चन्दज्जुणे दिव्वविमाणयम्मि
5123,देवस्स चन्दज्जुणनामगस्स चन्दप्पहा नाम पहाणदेवी // शुर्शुछ.२४८
5124,
5125,साहुधणेसरविरइयसुबोहगाहासमूहरम्माए
5126,रागग्गिदोसविसहरपसमणजलमन्तभूयाए // शुर्शुछ.२४९
5127,
5128,एसोवि परिसमप्पइ वसुमइसुरलोयपावणो नाम
5129,सुरसुन्दरिनामाए कहाए छट्ठो परिच्छेओ // शुर्शुछ.२५०
5130,
5131,
5132,
5133,---------------------------------------------------------------------
5134,
5135,[प. २५५]
5136,[सप्तमः परिच्छेदः]
5137,
5138,अह पुव्वसङ्गएणं समयं चन्दज्जुणेण देवेण
5139,गạ̄धाणुरायरत्ता भुञ्जइ दियलोगसोक्खाइं // शुर्शुछ.१
5140,
5141,चन्दप्पहदेवीए सुरलोए सुरवरेण तेण समं
5142,बोलीणो बहुकालो दिव्वसुहं अणुहवन्तीए // शुर्शुछ.२
5143,
5144,अह अन्नया कयाइवि विच्छायं पिच्छिऊण नियदइयं
5145,भयभीया सा देवी तं देवं एवमुल्लवइ // शुर्शुछ.३
5146,
5147,सामिय! कीस ससङ्को अरइपरद्धोव्व दीससि तुमन्ति
5148,तह कन्त! रुइविवज्जियदेहो दीणोव किं इण्हिं? // शुर्शुछ.४
5149,
5150,
5151,[प. २५६]
5152,सुक्कइ कीस अकम्हा कुसुमसमूहो सिरम्मि सञ्जमिओ?
5153,वसणाणि तुज्झ सामिय! सामलवन्नाणि किं अहुणा? // शुर्शुछ.५
5154,
5155,थरहरइ कीस दिट्ठी कामम्मि य सịधिलआयरो इण्हिं
5156,"मोडसि य कीस अङ्गं पुणो पुणो, देव! वज्जरसु? // शुर्शुछ.६"
5157,
5158,अह चन्दज्जुणदेवो एवं पुट्ठो पियाए वज्जरइ
5159,किं न याणसि सुन्दरि! जेण ममं पुच्छसि इमं तु? // शुर्शुछ.७
5160,
5161,देवस्स चवणसमए इमाणि जायन्ति सुयणु! लिङ्गाणि!
5162,ता मज्झवि चुइसमओ आसन्नो वट्टइ इयाणिं // शुर्शुछ.८
5163,
5164,एवं निसम्म वयणं देवी अइवल्लहस्स देवस्स
5165,उपन्नगरुयसोया दुक्खं नरओवमं पत्ता // शुर्शुछ.९
5166,
5167,अह अन्नया कयाइवि सो देवो तीइ पिच्छमाणीए
5168,खरतरपवणसमुद्धयदीवोव्व अदंसणीभूओ // शुर्शुछ.१०
5169,
5170,
5171,[प. २५७]
5172,दट्ठूण चुयं देवं देवी चन्दप्पहा सुदुक्खत्ता
5173,मुच्छाविरमे करुणं विलविउमेवं समारद्धा // शुर्शुछ.११
5174,
5175,हा! नाह! पाणवल्लह! मोत्तूण ममं गओ कहिं देव!
5176,तुमए रहिया सामिय! कं सरणमहं पवज्जामि? // शुर्शुछ.१२
5177,
5178,खणलवमेत्तम्पि तुमं विणा मए नेव नाह! अच्छन्तो
5179,मोत्तूण ममं इण्हिं कत्थ गओ लोयणाणन्द! // शुर्शुछ.१३
5180,
5181,तं चेव मज्झ सरणं तं नाहो जीवियं तुमं देव!
5182,तुमए मुक्का सामिय! भण इण्हिं कत्थ वच्चामि? // शुर्शुछ.१४
5183,
5184,हा! कत्थ गओ वल्लह! एत्थ अणाहं ममं पमोत्तूणं
5185,को मह सरणं इण्हिं सामिय! तुमए पमुक्काए? // शुर्शुछ.१५
5186,
5187,सो चेव देवलोगो देवसहस्सोवसोहिओ रम्मो
5188,तुह विरहियाए इण्हिं भावइ नरओवमो मज्झ // शुर्शुछ.१६
5189,
5190,
5191,[प. २५८]
5192,तं चिय इमं विमाणं रम्मं मणिकणगरयणविच्छुरियं
5193,तुमए मुक्कं भावइ घडियालयसच्छहं नाह! // शुर्शुछ.१७
5194,
5195,किङ्करवग्गोपि इमो चाडुकरो विणयकरणतल्लिच्छो
5196,परमाहम्मियसरिसो भासइ तुह नाह! विरहम्मि // शुर्शुछ.१८
5197,
5198,पुंनागनागचम्पयनमेरुमन्दाररेहिरं रम्मं
5199,उज्जाणं तुह विरहे असिपत्तवणंव पडिहाइ // शुर्शुछ.१९
5200,
5201,वरमज्जणवावीओ निम्पलजलपूरियाओ रम्माओ
5202,भासन्ति तुज्झ विरहे वेयरणिनईए तुल्लाओ // शुर्शुछ.२०
5203,
5204,धन्नाओ नारीओ जाओ मयं अणुसरन्ति भत्तारं
5205,एयम्मि देवभावे कत्तो एयारिसं मज्झ? // शुर्शुछ.२१
5206,
5207,एमाइ पलवमाणा सा देवी हणइ नियय हत्थेहिं
5208,अङ्गाइं सुदुक्खत्ता कन्दन्ती करुणसद्देण // शुर्शुछ.२२
5209,
5210,
5211,[प. २५९]
5212,मुच्छिज्जइ पुणरुत्तं नीसाहारा य पडइ भूमीए
5213,सम्पत्तचेयणा सा पुणरवि एवं समुल्लवइ // शुर्शुछ.२३
5214,
5215,हा! नाह! किं न पेच्छसि विलवन्तिं जं न देसि उल्लावं
5216,किं वा रुट्ठो वल्लह! किं अवरद्धं मए तुज्झ? // शुर्शुछ.२४
5217,
5218,पणयकुवियाए सामिय! चाडुसहस्साणि मज्झ कुव्वन्तो
5219,इण्हिं कीस अकण्डे विलवन्तिं मुञ्चसि ममं तु? // शुर्शुछ.२५
5220,
5221,हा! नाह! किं न याणसि अइगुरुअणुरायमोहिया एसा
5222,मह विरहे कह होही जेण अकण्डे तुमे मुक्का? // शुर्शुछ.२६
5223,
5224,एवं बहुप्पगारं पिययमविरहम्मि कन्दमाणा सा
5225,जाया उम्मूलियकमलिणिव्व विच्छायमुहकमला // शुर्शुछ.२७
5226,
5227,दट्ठूण गरुयसोयं गुरुदुक्खसमोहयं तयं देविं
5228,तीए निद्धवयंसा सयम्पभा एवमुल्लवइ // शुर्शुछ.२८
5229,
5230,
5231,[प. २६०]
5232,जाणियजिणवयणावि हु संसारसरूवयं सुणेऊण
5233,इयरमहिलव्व पियसहि! विलवसि किं एरिसं बहुहा? // शुर्शुछ.२९
5234,
5235,पियसहि! न हु साहारो बहुणावि हु विलविएण जं अत्थि
5236,ता किं छालियगलथणसमेण विहलेण रुन्नेण? // शुर्शुछ.३०
5237,
5238,जइ विलवसि सयहुत्तं पिट्टसि देहं करेसि गुरुसोयं
5239,तहवि हु न एइ दइओ कालकयन्तेण जो नीओ // शुर्शुछ.३१
5240,
5241,तो एयं नाऊणं नेहं सịधिलेसु मुञ्च गुरुसोगं
5242,उज्जम जिणिन्दधम्मे एवंविहदुक्खसमणम्मि // शुर्शुछ.३२
5243,
5244,सो तवसञ्जमरूवो देवभवे नत्थि वट्टमाणाए
5245,सम्मत्तसुद्धिहेउं सुन्दरि! ता उज्जमं कुणसु // शुर्शुछ.३३
5246,
5247,गन्तूण विदेहेसुं वन्दसु तिलोक्कबन्धवजिणिन्दे
5248,केवलिणो तह साहू सञ्जमकरणुज्जए धीरे // शुर्शुछ.३४
5249,
5250,
5251,[प. २६१]
5252,सासयजिणभवणट्ठियजिणिन्दबिम्बाणि परमभत्तीए
5253,कुलसेलदीवपव्वयठियाणि गन्तूण पणमेसु // शुर्शुछ.३५
5254,
5255,एवं विसुद्धसम्मत्तसञ्जुया पाविऊण मणुयत्तं
5256,लद्धुं जिणवरदिक्खं हयकम्मा वयसि सिद्धीए // शुर्शुछ.३६
5257,
5258,एवंविहदुक्खाइं तत्थ गया नेव पाविसि अवस्सं
5259,जरमरणरोगसोगेहिं वज्जिया होसि आकालं // शुर्शुछ.३७
5260,
5261,एवं सयम्पभाए भणिया चन्दप्पहा तहिं देवी
5262,मोत्तुण दइयसोगं समागया एत्थ लोयम्मि // शुर्शुछ.३८
5263,
5264,सहिया सयम्पभाए वन्दित्ता जिणवरिन्दबिम्बाइं
5265,नन्दीसरम्मि ताहे समागया एत्थ भरहम्मि // शुर्शुछ.३९
5266,
5267,तत्थ य पेच्छइ नयरे रायगिहे पवरबाहिरूज्जाणे
5268,समणगणसेवियकमं ससुरासुरमणुयपरियरियं // शुर्शुछ.४०
5269,
5270,
5271,[प. २६२]
5272,धम्मं वागरमाणं सुहङ्करं नाम केवलिं ताहे
5273,गयणाओ ओयरिया सा देवी पियसहिसमेया // शुर्शुछ.४१
5274,
5275,[युग्मम]
5276,वन्दिय सुहङ्करं तं सुहं करन्तं तु भवियसत्ताणं
5277,सेसम्पि समणसङ्घं उवविट्ठा उचियदेसम्मि // शुर्शुछ.४२
5278,
5279,अह सो भयवं तीए सदेवमणुयासुराइपरिसाए
5280,गम्भीरभारईए एवं भणिउं समाढत्तो // शुर्शुछ.४३
5281,
5282,अइदुलहो मणुयभवो सुकुलुप्पत्ती जिणिन्दधम्मो य
5283,पत्तम्मि तम्मि उज्जमह सव्वहा मा पमाएह // शुर्शुछ.४४
5284,
5285,करगहियसलिलसरिसं खणे खणे झिज्जए इमं आउं
5286,तम्हा जिणवरधम्मे मा हु पमायं कुणह तुम्हे // शुर्शुछ.४५
5287,
5288,कुससूइअग्गसङ्गयजललवतुल्लम्मि जीवियव्वम्मि
5289,उज्जमह भावसारं अइविसमा जेण कम्मगई // शुर्शुछ.४६
5290,
5291,
5292,[प. २६३]
5293,जम्हा पमायमूलं दुक्खं सव्वम्पि एत्थ संसारे
5294,चउसुवि गईसु नियमा तेण इमो होइ मोत्तव्वो // शुर्शुछ.४७
5295,
5296,एसो जम्मनिमित्तं रोगजरामरणदुक्खसयहेऊ
5297,एयवसगा य सत्ता भमन्ति भवसागरे घोरे // शुर्शुछ.४८
5298,
5299,मोत्तुण ता पमायं करेह वरउज्जमं जिणिन्दस्स
5300,धम्मम्मि तग्गयमणा संसारसमुद्दबोहित्थे // शुर्शुछ.४९
5301,
5302,परमत्थबन्धुभूए इमम्मि धम्मम्मि उज्जमं कुणह
5303,निद्धूयसव्वपावा पावह तो मोक्खसोक्खाइं // शुर्शुछ.५०
5304,
5305,नाउं कहन्तरं सा देवी चन्दप्पहा इमं भणइ
5306,भयवं! कत्थुववन्नो दइओ चन्दज्जुणो मज्झ? // शुर्शुछ.५१
5307,
5308,मह कित्तियं च आउं इओ चुयाए य कत्थ मह जम्मो?
5309,दइएण तेण होज्ज नवा दंसणं मज्झ? // शुर्शुछ.५२
5310,
5311,
5312,[प. २६४]
5313,एवं च पुच्छिओ सो बहुमाणजुयाए तीए देवीए
5314,भयवं सुहङ्करो अह एवं भणिउं समाढत्तो // शुर्शुछ.५३
5315,
5316,भद्दे! सो तुह दइओ इह चेव य भारहम्मि वासम्मि
5317,वेयड्ढपव्वयवरे उत्तरसẹ̄धीए रम्माए // शुर्शुछ.५४
5318,
5319,नयरम्मि चमरचञ्चे भाणुगईनामयस्स खयरस्स
5320,पियजायाकुच्छीए उप्पन्नो पुत्तभावेण // शुर्शुछ.५५
5321,
5322,[युग्मम]
5323,पलिओवमाणि अट्ठ ओ तुह आउ आसि समुदियं मद्दे!
5324,इण्हिं तु वासलक्खं अवसेसं चिट्ठए आउं // शुर्शुछ.५६
5325,
5326,पुन्नम्मि वासलक्खे चइऊण तुमम्पि तीइ सẹ̄धीए
5327,सुरनन्दणम्मि नयरे खयरस्स ओ असणिवेगस्स // शुर्शुछ.५७
5328,
5329,धूया होहिसि भद्दे! पवरा उ पियङ्गुमञ्जरीनामा
5330,पुव्वदइएण समयं तत्थ य तुह दंसणं होही // शुर्शुछ.५८
5331,
5332,[युग्मम]
5333,
5334,[प. २६५]
5335,तत्तो य भणइ देवी नायव्वो सो मए कहं भयवं!
5336,कहवा पाणिग्गहणं होही मह तेण समयम्पि? // शुर्शुछ.५९
5337,
5338,अह केवलिणा भणियं निसुणसु जत्ताए जिणवरिन्दस्स
5339,उम्मिट्ठकरिवराओ मोइस्सइ जो तुमं भद्दे! // शुर्शुछ.६०
5340,
5341,सो चेव य नायव्वो एसो सो पुव्ववल्लहो मज्झ
5342,पुणरवि विसेसदंसणमेवं तुह होहिही तेण // शुर्शुछ.६१
5343,
5344,[युग्मम]
5345,तुह माउलधूयाए पाणिग्गहणम्मि कणगमालाए
5346,काउं तीए रूवं एही सो मित्तकज्जेण // शुर्शुछ.६२
5347,
5348,जो तत्थ कणगमालारूवो होही स पुव्वदइउत्ति
5349,नायव्वो नीसङ्कं भद्दे! चन्दप्पभे! तुमए // शुर्शुछ.६३
5350,
5351,तयणन्तरं च होही पाणिग्गहणम्पि तेण सह तुज्झ
5352,जाईसरणेण तुमं सुमरिस्ससि मह इमं वयणं // शुर्शुछ.६४
5353,
5354,
5355,[प. २६६]
5356,एवं पियसहि! धारिणि! केवलिवयणं निसम्म सा देवी
5357,जाया हरिसियहियया केवलिणो नमिय पयकमलं // शुर्शुछ.६५
5358,
5359,तत्तो उप्पइया सा सासयजिणचेइयाइं सव्वाइं
5360,वन्दित्ता तित्थयरे महाविदेहेसु सव्वेवि // शुर्शुछ.६६
5361,
5362,सट्ठाणं सम्पत्ता तं चिय देवं मणेण चिन्तेन्ती
5363,अह अन्नया कयाइवि सावि चुया आउयखयम्मि // शुर्शुछ.६७
5364,
5365,[तिस्र̥भिः कुलकम]
5366,एवं च ठिए जा सा वसुमई अज्जा देवी चन्दप्पहा य सुरलोए
5367,सा हं पियङ्गुमञ्जरिनामा इह सुयणु! सञ्जाया // शुर्शुछ.६८
5368,
5369,दठ्ठूण देवनिवहं जाईसरणम्मि अज्ज उप्पन्ने
5370,सम्भरिओ सो देवो पाणप्पिओ आसि जो सग्गे // शुर्शुछ.६९
5371,
5372,चिरपरिचियस्स पियसहि! गाढं उक्कण्ठिया अहं इण्हिं
5373,तस्सङ्गमइच्छाइ समुच्छुगं इण्हि मह चित्तं // शुर्शुछ.७०
5374,
5375,
5376,[प. २६७]
5377,तं कइय दिणं होही जम्मि ससिणेहनिद्धदिट्ठीए
5378,पुव्वभवनेहबद्धं पेच्छिस्सं वल्लहं तमहं? // शुर्शुछ.७१
5379,
5380,कह सो मे दट्ठव्वो सिग्घं कह तेण सङ्गमो होही
5381,एवंविहचिन्ताए जाया सोगाउरा अहयं // शुर्शुछ.७२
5382,
5383,तं चिय चितन्तीए 'वक्खित्तमणाइ आगयावि तुमं
5384,पियसहि! नो सच्चविया तेण न सम्भासिया भद्दे! // शुर्शुछ.७३
5385,
5386,तं जं तुमए पुट्ठं जायं किं सोगकारणं तुज्झ
5387,पियसहि! धारिणि! तं तुह नीसेसं साहियं एयं // शुर्शुछ.७४
5388,
5389,अह धारिणीए भणियं केवलिवयणं न अन्नहा भद्दे!
5390,ता कीस कुणसि सोयं एवं एएण होयव्वं? // शुर्शुछ.७५
5391,
5392,हसिऊण मए भणियं एवं एयन्ति नत्थि सन्देहो
5393,नवरं अइउक्कण्ठा तुवरइ मह माणसं सुयणु! // शुर्शुछ.७६
5394,
5395,
5396,[प. २६८]
5397,एत्थन्तरम्मि पिययम! चम्पगमाला समागया जणणी
5398,भणइ लहु पुत्ति! मज्जसु भुञ्जसु कुण पवरसिङ्गारं // शुर्शुछ.७७
5399,
5400,भणियं च मए किं अम्मि! कारणं जं अइप्पगे चेव
5401,"जाया भोयणवेला, अम्माए तओ इमं भणियं // शुर्शुछ.७८"
5402,
5403,उज्जाणे जिणभवणे होही ण्हवणं जुगादिदेवस्स
5404,महया विच्छड्डेणं अत्थमणं जाव सूरस्स // शुर्शुछ.७९
5405,
5406,तत्थ य पुरवत्थव्वो वच्चइ ण्हवणस्स पेक्खओ लोगो
5407,अम्हेवि गमिस्सामो परियणसहियाइं तत्थेव // शुर्शुछ.८०
5408,
5409,तेणेव कारणेणं पभायसमयम्मि भोयणं सिद्धं
5410,ता होसु लहुं पउणा जिणभवणे जेण वच्चामो // शुर्शुछ.८१
5411,
5412,एवं नियजणणीए वयणं सोऊण उट्ठिया झत्ति
5413,कयभोयणाइचेट्ठा आरụ̄धा सन्दणे पवरे // शुर्शुछ.८२
5414,
5415,
5416,[प. २६९]
5417,नियपरियणपरियरिया गया य उज्जाणभूसणे तत्थ
5418,जिणमन्दिरम्मि सम्मं पूइत्ता वन्दिओ भयवं // शुर्शुछ.८३
5419,
5420,दिट्ठं जिणिन्द ण्हवणं कीरन्तं भत्तिजुत्तखयरेहिं
5421,वित्तप्पाये न्हवणे नियपरियणसञ्जुया अहयं // शुर्शुछ.८४
5422,
5423,आरụ̄धा रहपवरे वलिया नयरस्स अभिमुहा जाव
5424,उम्मिट्ठो नयराओ नीहरिओ करिवरो ताव // शुर्शुछ.८५
5425,
5426,तं दट्ठुं संमुहमिन्तं तुरया मह रहवरस्स उत्तट्ठा
5427,उम्मग्गेण पयट्ठा भग्गो सो सन्दणो ताहे // शुर्शुछ.८६
5428,
5429,भूमीए अहं पडिया मुच्छाए विगयचेयणा जाया
5430,तेण परं जं जायं पिययम! तमहं न जाणामि // शुर्शुछ.८७
5431,
5432,नवरं दिट्ठो सि तुमं वीयन्तो निययउत्तरीएण
5433,दट्ठूण तुमं जाओ गरुओ हिययम्मि आणन्दो // शुर्शुछ.८८
5434,
5435,
5436,[प. २७०]
5437,तत्तो मज्झ विगप्पो पिययम! एसो मणम्मि सञ्जाओ
5438,एयं तं सञ्जायं केवलिणा जं तयाइट्ठं // शुर्शुछ.८९
5439,
5440,पुव्वभवसङ्गओ सो ता नूणं एस वल्लहो मज्झ
5441,रमइ य इमम्मि दिट्ठी मणं च आणन्दमुव्वहइ // शुर्शुछ.९०
5442,
5443,अमएणव संसित्तं दिट्ठम्मि इमम्मि मह सरीरम्पि
5444,वियसियनयणो एसोवि दीसए साणुरागोव्व // शुर्शुछ.९१
5445,
5446,ता मह पाणपिओ सो अवस्समेसॊत्ति जाव चिन्तेमि
5447,ताव य परियणसहिया समागया तत्थ मह धाई // शुर्शुछ.९२
5448,
5449,अभिनन्दिऊण तीए आपुट्ठो ताहिं पिययम! तुमन्ति
5450,वच्चमो नियनयरे उस्सूरं वट्टए जेण // शुर्शुछ.९३
5451,
5452,एवं भणिउं चलिया तत्तो य मए विचिन्तियं एयं
5453,पुन्नेहिं पिओ दिट्ठो इण्हिं न चएमि छड्डेउं // शुर्शुछ.९४
5454,
5455,
5456,[प. २७१]
5457,एयस्स वयणपङ्कयपलोयणं मोत्तु मह इमा दिट्ठी
5458,पङ्कनिबुड्डा दुब्बलगाइव्व न सक्कए गन्तुं // शुर्शुछ.९५
5459,
5460,अविय एवंविहे मुहुत्ते नयणजुयं मिलइ कस्सवि जणस्स
5461,हत्थिव्व पकखुत्तो दुक्खुत्तारं दढं होइ // शुर्शुछ.९६
5462,
5463,एसा वि मज्झ धाई चलिया एयं पमोत्तु मणदइयं
5464,लज्जाए वज्जरिउं अहम्पि सक्केमि नो किम्पि // शुर्शुछ.९७
5465,
5466,ता मज्झ इमं जुत्तं गिण्हामि इमस्स किञ्चि आभरणं
5467,तं चिय पलोइऊणं जेण मणं निव्वुइं कुणइ // शुर्शुछ.९८
5468,
5469,मणवल्लहेण एएण विरहिया नियमिहम्मि सम्पत्ता
5470,तं चेव पुलइऊणं सन्धीरिस्सामि नियहिययं // शुर्शुछ.९९
5471,
5472,अन्नं च किल एस इत्थिरूवो पाणिग्गहणम्मि कणगमालाए
5473,"एही, तत्थ य होही पुणोवि किल दंसणं इमिणा // शुर्शुछ.१००"
5474,
5475,
5476,[प. २७२]
5477,इय तइया केवलिया आइट्ठं मज्झ तेण एयस्स
5478,तं चेव य आभरणं साभिन्नाणं तहिं होही // शुर्शुछ.१०१
5479,
5480,एवं विचिन्तिऊणं मुद्दारयणं तु तुम्ह हत्थाओ
5481,गहियं वल्लह! तइया नियया य समप्पिया मुद्दा // शुर्शुछ.१०२
5482,
5483,पियकरफासपवित्तं परिहित्ता तम्पि गुरुपमोएण
5484,चलिया वलन्तगीवा सपरियणा नयरसंमुहिया // शुर्शुछ.१०३
5485,
5486,अह धारिणिनामाए कन्ने होऊण मज्झ उल्लवियं
5487,एयं केवलिवयणं निव्वडियं ताव इक्कं तु // शुर्शुछ.१०४
5488,
5489,ता एस देवजीवो पुव्विं जो आसि तुज्झ वल्लहओ
5490,एवं तीए भणिए सरोसमेवं मए भणियं // शुर्शुछ.१०५
5491,
5492,हुं हुं दिट्ठा सि तुमं धारिणि! अवसरसु दिट्ठिमग्गाओ
5493,एवंविहमणिबद्धं जा जम्पसि अम्ह पुरउत्ति // शुर्शुछ.१०६
5494,
5495,
5496,[प. २७३]
5497,इण्हिं न वल्लहो किं पुव्वं जं आसि मज्झ वल्लहओ
5498,ईसिं हसिऊण तओ कयञ्जली धारिणी भणइ // शुर्शुछ.१०७
5499,
5500,पियसहि! खम अवराहं सव्वमसच्चं इमं मए भणियं
5501,जह पुव्वं तह अहुणावि वल्लहो चेव तुह एसो // शुर्शुछ.१०८
5502,
5503,किं पुण भणामि सच्चं जइ दइओ कीस उज्झिउं चलिया?
5504,ता मा पियसहि! रूससु घडइ चिय मह इमं वयणं // शुर्शुछ.१०९
5505,
5506,एमाइ बहुविगप्पं सहासवयणाइ तीइ सञ्जुत्ता
5507,पत्ता गिहम्मि कमसो अत्थमिओ ताव सूरोवि // शुर्शुछ.११०
5508,
5509,अह तीए धारिणीए जाइसरणाइसयलवुत्तन्तो
5510,कहिओ मह माऊए तं सोऊं हरिसिया एसा // शुर्शुछ.१११
5511,
5512,तीएवि सव्वं कहियं मह पिउणो असणिवेगनामस्स
5513,तत्तो य हरिसिएण वज्जरियं तेण एवं तु // शुर्शुछ.११२
5514,
5515,
5516,[प. २७४]
5517,आसि मह गरुयचिन्ता धूया जं पुरिसवेसिणी जाया
5518,न य इच्छइ किञ्चि वरं कहमेयमहं करिस्सामि? // शुर्शुछ.११३
5519,
5520,सुन्दरमेयं जायं जाईसरणं इमीए जं जायं
5521,अम्हं चिय अब्भुदओ अब्भुदओ उब्भिन्ने पाणियं पडियं // शुर्शुछ.११४
5522,
5523,अन्नं च पुरिसेहिं मज्झ सिट्ठं हत्थिभए जेण मोइया एसा
5524,सो भाणुमइपुत्तो चित्तगई नाम वरकुमरो // शुर्शुछ.११५
5525,
5526,तस्सेव देमि एयं जइ इच्छा अत्थि तम्मि एआए?
5527,तत्तो चम्पगमाला हरिसियचित्ता इमं भणइ // शुर्शुछ.११६
5528,
5529,जोगॊ च्चिय सो कुमरो इमाइ पवराइ मज्झ धूयाए
5530,एईएवि सञ्जाओ अइगुरुओ तम्मि अणुराओ // शुर्शुछ.११७
5531,
5532,किन्तु निसुणेसु सामिय! रन्नो कणगप्पहस्स एयस्स
5533,भाणुगइणो य रण्णो परोप्परं गरुयवेरन्ति // शुर्शुछ.११८
5534,
5535,
5536,[प. २७५]
5537,"जलणप्पहकज्जेणं, सुप्पसिद्धं चेव तुम्ह एयन्ति"
5538,"ता कह एही इहइं चित्तगई पाणिगहणत्थं? , // शुर्शुछ.११९"
5539,
5540,धूया संयवरा जइ पेसिज्जइ तम्मि चेव नयरम्मि
5541,एवं न होइ पिययम! आणन्दो मज्झ हिययस्स // शुर्शुछ.१२०
5542,
5543,जओ एसा एक्का धूया वल्लहिया ता इमीए वीवाहं
5544,जह नवि पेच्छामि अहं ता किं मह जीविएणन्ति? // शुर्शुछ.१२१
5545,
5546,एवं चम्पगमाला मह जणणी जाव तत्थ उल्लवइ
5547,ताव य चन्दणनामो मह भाया आगओ भणइ // शुर्शुछ.१२२
5548,
5549,किं अच्छह वीसत्था तुम्हे इह ताय! निव्विचिन्तत्ति
5550,एयं नयरं ताव य सव्वम्पि हु आउलीभूयं // शुर्शुछ.१२३
5551,
5552,तत्तो भणियं पिउणा केण व कज्जेण पुत्त! जाणासि?
5553,अह चन्दणेण भणियं इय वत्ता ताव नयरम्मि // शुर्शुछ.१२४
5554,
5555,
5556,[प. २७६]
5557,किल कणगप्पहरन्नो जिणभवणे लन्धियम्मि कुद्धेण
5558,विज्जाणं अवहारो विहिओ धरणिन्दनामेण // शुर्शुछ.१२५
5559,
5560,जलणप्पहस्स सिद्धा रोहिणिनामा किल 'ज्ज विज्जत्ति
5561,तस्स य भयाउ नट्ठो राया कणगप्पहो ताव // शुर्शुछ.१२६
5562,
5563,सिरिगन्धवाहणस्स उ खयरप्पहाणस्स सो गओ सरणं
5564,तव्विरहे पुरमेयं सयलम्पि हु आउलीभूयं // शुर्शुछ.१२७
5565,
5566,जलणप्पहभयभीया सव्वेवि हु नायरा पलायन्ति
5567,मोत्तूण इमं नयरं वयन्ति अवरावरपुरेसु // शुर्शुछ.१२८
5568,
5569,एवं च ठिए अम्हम्पि ताय! इण्हिं विसेसओ होइ नासियव्वन्ति
5570,कणगप्पहस्स रन्नो पवरो मन्ती जओ ताओ // शुर्शुछ.१२९
5571,
5572,एवं च पुत्तवयणं सोऊणं ताहि असणियवेगेण
5573,आणत्ता नियपुरिसा सञ्जत्ति कुणह गमणत्थं // शुर्शुछ.१३०
5574,
5575,
5576,[प. २७७]
5577,विज्जाए वरविमाणं विउव्वियं ताहिं मज्झ जणएण
5578,आरोवियं च सव्वं घरसारं तत्थ पुरिसेहिं // शुर्शुछ.१३१
5579,
5580,एवं च मज्झ पिययम! धारिणीनामाए साहियं सव्वं
5581,अहमवि तम्मि विमाणे आरụ̄धा परियणेण समं // शुर्शुछ.१३२
5582,
5583,तत्तो य तं विमाणं उप्पइयं खग्गसामलं गयणं
5584,वेगेण य सम्पत्तं गङ्गावत्तम्मि नयरम्मि // शुर्शुछ.१३३
5585,
5586,कणगप्पहस्स रन्नो आवासे तत्थ तं समोइन्नं
5587,अह गन्धवाहणेणवि उचियपवित्ती कया तस्स // शुर्शुछ.१३४
5588,
5589,एवं गङ्गावत्ते कइवयदिवसाणि जाव अच्छामि
5590,हियएण चिन्तयन्ती पिययम! तुह दंसणोवायं // शुर्शुछ.१३५
5591,
5592,अविय पेच्छिस्सं कइय अहं कइया मह तेण सङ्गमो होही
5593,कइया वीवाहदिणं होही तं कणगमालाए? // शुर्शुछ.१३६
5594,
5595,
5596,[प. २७८]
5597,एमाइ बहुविगप्पं चिन्तेमाणी अहोनिसं तत्थ
5598,रयणीएवि नो निद्दं लहामि तुह नाह! विरहम्मि // शुर्शुछ.१३७
5599,
5600,अन्नदिवसम्मि भाया चम्पगमालाए मज्झ जणणीए
5601,अमियगई तत्थ पुरे समागओ रायकज्जेण // शुर्शुछ.१३८
5602,
5603,दट्ठूण असणिवेगं अह सो सञ्जायपहरिसो भणइ
5604,सिरिगन्धवाहणेणं रन्ना बहुमाणपुव्वं तु // शुर्शुछ.१३९
5605,
5606,नहवाहणस्स कज्जे विमग्गिया अज्ज कणगमालत्ति
5607,सहरिसवयणेण मएवि तस्स दिन्ना इमा भद्द! // शुर्शुछ.१४०
5608,
5609,[युग्मम]
5610,एईए पञ्चमीए विवाहलग्गं निरूविंय तीए
5611,नियबन्धवजुत्तेणं आगन्तव्वं तहिं तुमए // शुर्शुछ.१४१
5612,
5613,अह भणइ असणिवेगो सयमेव य तत्थ गन्तुमुचियम्ह
5614,तुम्ह वयणाओ सम्पइ विसेसओ होइ गन्तव्वं // शुर्शुछ.१४२
5615,
5616,
5617,[प. २७९]
5618,किन्तु निसुणेसु कारणमम्हं गमणं न होइ जह उचियं
5619,कणगप्पहस्स रण्णो वट्टइ विसमा दसा जेण // शुर्शुछ.१४३
5620,
5621,एक्कं विज्जाछेओ रज्जब्भंसो य नियपुरिच्चाओ
5622,ता तम्मि ससोगम्मि कह गमणं होइ मह उचियं? // शुर्शुछ.१४४
5623,
5624,जे दुहियम्मि न दुहिया आवयपत्ते बिइज्जया नेव
5625,पहुणो न ते उ भिच्चा धुत्ता परमत्थओ नेया // शुर्शुछ.१४५
5626,
5627,एत्थत्थे ता सम्पइ निब्बन्धो ते न होइ कायव्वो
5628,तुह भगिणी पुण एही लग्गदिणे आउला जइवि // शुर्शुछ.१४६
5629,
5630,अमियगई भणइ तओ पेसेहि पियङ्गुमञ्जरिं ताव
5631,एईए कणगमाला अच्छइ उक्कण्ठिया जेण // शुर्शुछ.१४७
5632,
5633,तत्तो जणएण अहं पट्ठविया माउलेण सह एत्थ
5634,पत्ता य कमेण इहं मिलिया तो कणगमालाए // शुर्शुछ.१४८
5635,
5636,
5637,[प. २८०]
5638,एवं पिययम! अहयं माउलयगिहम्मि एत्थ आयाया
5639,चिन्तेमि कइय होही लग्गदिणं मज्झ पुण्णेहिं? // शुर्शुछ.१४९
5640,
5641,जत्थ मए दट्ठव्वो सो हु जणो जीवियाओ अब्भहिओ
5642,एवं चिन्तेतीए समागया पञ्चमी एसा // शुर्शुछ.१५०
5643,
5644,जाव य कमेण वत्ते पाणिग्गहणम्मि ताहे पिक्खणए
5645,नहवाहणस्स पुरओ पारद्धे चिन्तियं हि मए // शुर्शुछ.१५१
5646,
5647,एसा हु कणगमाला सहिजणमज्झम्मि दीसइ निविट्ठा
5648,सो मह मणवल्लहओ न कोवि इह दीसए ता किं? // शुर्शुछ.१५२
5649,
5650,केवलिणो तं वयणं होज्जा अलियं तु मह अउन्नेहिं
5651,"नहि नहि, अवरदीसाए अवि उग्गमइ रवी कहवि // शुर्शुछ.१५३"
5652,
5653,पयलिज्ज व मेरुगिरी पलयं गच्छेज्ज उदहिणो सव्वे
5654,न य केवलिणा भणिया भावा इह अन्नहा हॊन्ति // शुर्शुछ.१५४
5655,
5656,
5657,[प. २८१]
5658,ता किं नु कणगमाला अहवा सो हिययवल्लहो मज्झ?
5659,दंसिय मुद्दारयणं करेमि नीसङ्कियं एयं // शुर्शुछ.१५५
5660,
5661,एवं विचिन्तिऊणं समागया ताहि तुज्झ पासम्मि
5662,मुद्दारयणसमेओ निययकरो दंसिओ ताहे // शुर्शुछ.१५६
5663,
5664,तत्तो पिययम! तुमए मुद्दासहियम्मि दंसिए हत्थे
5665,एसो सो मह दइउत्ति पच्चओ झत्ति उपन्नो // शुर्शुछ.१५७
5666,
5667,पेच्छ कह एस एवं काऊणवि विगयसयलआसङ्को
5668,"चिट्ठइ, किं नवि बीहइ नहवाहणरायउत्तस्स? // शुर्शुछ.१५८"
5669,
5670,किञ्चि उवायं ताहिं करेमि एयस्स मोयणट्ठाए
5671,एवं विचिन्तिऊणं वञ्चिय तं सहियणं सव्वं // शुर्शुछ.१५९
5672,
5673,कवडेण मए सामिय! समाणिओ इह असोगवणियए
5674,तं जं तुमए पुट्ठं तं सव्वं साहियं एयं // शुर्शुछ.१६०
5675,
5676,[युग्मम]
5677,
5678,[प. २८२]
5679,अविय जइवि हु कन्ना पिययम! सज्झसभरिया न सक्कए कहवि
5680,मणवल्लहस्स पुरओ एक्कम्पि हु वयणमुल्लविउं // शुर्शुछ.१६१
5681,
5682,तहवि मए सविसेसं णियचरियं साहियं इमं जम्हा
5683,जाईसरणगुणेणं परिचिय इव भाससि तुमन्ति // शुर्शुछ.१६२
5684,
5685,[युग्मम]
5686,भो चित्तवेग! एवं तीए वयणं निसम्म सहसत्ति
5687,मुच्छाविरमे मज्झवि जाईसरणं समुप्पन्नं // शुर्शुछ.१६३
5688,
5689,सम्भरियं सव्वम्पि हु मएवि पुव्वोइयं नियञ्चरियं
5690,अह तीए संलत्तं पिययम! किं इण्हि कायव्वं? // शुर्शुछ.१६४
5691,
5692,तत्तो य मए भणियं वियाणियं कुलहरं तु ते सुयणु!
5693,ता वच्च तुमं गेहं अहमवि इत्तो पलाइस्सं // शुर्शुछ.१६५
5694,
5695,पडिया हु कणगमाला मड्डाए मज्झ एत्थ वावीए
5696,कलयलपुव्वं एवं साहिज्जसु सयललोयस्स // शुर्शुछ.१६६
5697,
5698,
5699,[प. २८३]
5700,एवं कए न कस्स वि आसङ्का होइ चित्तवेगम्मि
5701,नाहवाहणाओ एवं विमोइओ होइ वरमित्तो // शुर्शुछ.१६७
5702,
5703,अन्नं च निसुयं च मए सुन्दरि! सुरनन्दणपुरवरम्मि आगम्म
5704,जलणप्पहेण पुणरवि अहिट्ठियं निययरज्जन्ति // शुर्शुछ.१६८
5705,
5706,वडियं च पुरवरं तं रन्ना संमाणिओ य पुरलोओ
5707,ता तत्थ अहं गन्तुं आणाविस्सामि तुह जणगं // शुर्शुछ.१६९
5708,
5709,जलणप्पहोवि राया पेक्खिस्सइ पुव्वगउरवेणेव
5710,तत्थ तुमं परिणिस्सं अम्मापीईणणुन्नाया (न्नाओ?) // शुर्शुछ.१७०
5711,
5712,एवं च कए वल्लहि! सलाहणिज्जं तु होइ सव्वम्पि
5713,अन्नह पुण विहियम्मि उभयकुलं मइलियं होइ // शुर्शुछ.१७१
5714,
5715,तत्तो य तीए भणियं जमिह तुमं किञ्चि आणवेसि मए
5716,तं सव्वं कायव्वं नवरं पिय! सुणसु विन्नत्तिं // शुर्शुछ.१७२
5717,
5718,
5719,[प. २८४]
5720,जीवियसन्देहेणं कहवि मए अज्ज नाह! सम्पत्तो
5721,मोत्तूण तुमं इण्हिं कत्थवि सक्केमि नो गन्तुं // शुर्शुछ.१७३
5722,
5723,तावच्चिय मह जीयं जाव तुमं नयणगोयरे वससि
5724,तुह दंसणरहिया पुण झत्ति य पाणेहिं मुञ्चामि // शुर्शुछ.१७४
5725,
5726,जम्पि निमिसन्ति नयणा एत्तियमेत्तम्पि दूसहं मन्ने
5727,किं पुण जं बहुदिवसे तुह विरहे नाह! अच्छिस्सं? // शुर्शुछ.१७५
5728,
5729,ता नाह! जत्थ वच्चसि अणुगन्तव्वं मएवि तत्थेव
5730,एवं च ठिए कज्जे जं कायव्वं तयं भणसु // शुर्शुछ.१७६
5731,
5732,अन्नं च सट्ठाणे पत्ताए पाणिग्गहणं भविस्सई मज्झ
5733,एवंविहआसाए सगिहं वच्चामि जइ नाह! // शुर्शुछ.१७७
5734,
5735,एत्तो य मज्झ जणओ भणिओवि हु जइ न वच्चई कहवि
5736,"जलणप्पहेण रन्ना, कणगपहं मोत्तु नियनयरे // शुर्शुछ.१७८"
5737,
5738,
5739,[प. २८५]
5740,ता मह का होज्ज गई तुमए सह दंसणणम्पि न हु होज्जा
5741,अच्छउ पाणिग्गहणं दूरॆ च्चिय मह मणाणन्दं // शुर्शुछ.१७९
5742,
5743,[तिस्र̥भिः कुलकम]
5744,ता किं बहुणा वल्लह! मेल्लामि तुमं न ताव हत्थाओ
5745,अन्नं जं कायव्वं तं चिय मह आणवेसुत्ति // शुर्शुछ.१८०
5746,
5747,भो चित्तवेग! एवं तीए भणिए मएवि संलत्तं
5748,जइ एवं ता सुन्दरि! सिग्धं पउणा भवेसुत्ति // शुर्शुछ.१८१
5749,
5750,वियलइ जाव न रयणी पेक्खणगक्खित्तमाणसो जाव
5751,"नहवाहणपमुहो इह लोगो, ता वच्चिमो सुयणु! // शुर्शुछ.१८२"
5752,
5753,भणियं च तीए एसा पउणा चिट्ठामि नाह! तुह पुरओ
5754,तत्तो उप्पइओ हं सहसा गयणम्मि सह तीए // शुर्शुछ.१८३
5755,
5756,जाव य कित्तियमेत्तं खेत्तं वच्चामि वल्लहाइ सह
5757,ताव य तीए भणियं उदरे पीडा ममं जाया // शुर्शुछ.१८४
5758,
5759,
5760,[प. २८६]
5761,थक्कं सव्वसरीरं हियए सूलं सुदूसहं एइ
5762,ता सामि! कुण परित्तं सक्केमि न गन्तुमहमिणंहिं // शुर्शुछ.१८५
5763,
5764,तत्तो य मए भणियं सुन्दरि! सुकुमालदेहिया तं सि
5765,रत्तीए नेव सुत्ता वायइ अइसीयलो वाओ // शुर्शुछ.१८६
5766,
5767,तेण तुह उदरपीडा जाया ता मा करेहिसि विसायं
5768,पउणीकरोमि सिग्घं ओयरिउं इह निउञ्जम्मि // शुर्शुछ.१८७
5769,
5770,एवं भणमाणो हं ओयरिओ एत्थ वणनिउञ्जम्मि
5771,एत्थ निवाए दइया पवेसिया कयलिगेहम्मि // शुर्शुछ.१८८
5772,
5773,घसिऊण अरणिकट्ठं अग्गी पज्जालिओ मए पच्छा
5774,संसेवियं सरीरं बहुहा तत्तो मए भणियं // शुर्शुछ.१८९
5775,
5776,जाया सत्थसरीया सुन्दरि! वच्चामु इण्हि नियठाणं
5777,तत्तो य तीए भणियं पिययम! एवं करेमॊत्ति // शुर्शुछ.१९०
5778,
5779,
5780,[प. २८७]
5781,एवं दोवि जणाइं नीहरियाइं तु कयलिगेहाओ
5782,भो चित्तवेग! तत्तो दिट्ठो सहसा तुमं एत्थ // शुर्शुछ.१९१
5783,
5784,एसा हु कणगमालाभगिणी उ पियङ्गुमञ्जरीनामा
5785,तुह उवयारकलाओ सम्पत्ता मित्त! एवन्ति // शुर्शुछ.१९२
5786,
5787,तं जं तुमए पुट्ठं तं सव्वं साहियं मए एयं
5788,भो सुप्पइट्ठ! एवं वज्जरियं चित्तगइणा ओ // शुर्शुछ.१९३
5789,
5790,तत्तो य मए भणियं निग्घिणहियओ न अत्थि मह सरिसो
5791,जेण सकज्जरएणं पवेसिओ मित्त! विसमम्मि // शुर्शुछ.१९४
5792,
5793,तुह पुण महाणुभावत्तणेण परकज्जकरणनिरयस्स
5794,अभिवञ्छियत्थसिद्धी नियपुन्नपभावओ जाया // शुर्शुछ.१९५
5795,
5796,ता मित्त! तुह सरिच्छो निक्कारणवच्छलो जए नन्नो
5797,अइदुल्लहोवि जेणं दइयाए समागओ विहिओ // शुर्शुछ.१९६
5798,
5799,
5800,[प. २८८]
5801,तह जीवियम्पि दिन्नं तुमए मह एरिसं करिन्तेण
5802,ता मित्त! तुमं मोत्तुं उबगारी नत्थि अन्नॊत्ति // शुर्शुछ.१९७
5803,
5804,तत्तो य चित्तगइणा भणियं किं उवकयं मए तुज्झ?
5805,तं चेव कयं सुकयं परिणामे सुन्दरं जमिह // शुर्शुछ.१९८
5806,
5807,मुहरसियं परिणामे य दारुणं सज्जणा न संसन्ति
5808,उवगारं विसमीसियभोयणदाणंव खुहियस्स // शुर्शुछ.१९९
5809,
5810,एयस्सवि मह सुन्दर! पडिहासइ न सुन्दरो परिणामो
5811,नहवाहणो हि जेणं विज्जाबलदप्पिओ चण्डो // शुर्शुछ.२००
5812,
5813,दारावहारवेरं अइगरुयं हन्दि! एत्थ लोयम्मि
5814,ता भद्द! तुमं चिन्तसु नित्थारो कह णु रायाओ? // शुर्शुछ.२०१
5815,
5816,तत्तो य मए भणियं विचिन्तिएणं तु एत्थ किं बहुणा?
5817,तं चेव किञ्चि होही जं दिट्ठं मम पुन्नेहिं // शुर्शुछ.२०२
5818,
5819,
5820,[प. २८९]
5821,अइदुल्लहावि हु मए सम्पत्ता विहिवसेण जह एसा
5822,अन्नम्पि सुन्दरं तह! होही भवियव्वयादिट्ठं // शुर्शुछ.२०३
5823,
5824,भणइ तओ चित्तगई एवं एयं तु निच्छयमएण
5825,तहवि हु न होइ जुत्ता एसा पायप्पसारणिया // शुर्शुछ.२०४
5826,
5827,तत्तो य मए भणियं एवं तु ववत्थियम्मि कज्जम्मि
5828,जं कायव्वं सम्पइ तं चेव य इत्थ साहेसु // शुर्शुछ.२०५
5829,
5830,भणइ तओ चित्तगई पलायणं चेव सम्पयं उचियं
5831,नियनयरम्मिवि गमणं सम्पइ उचियं न होइत्ति // शुर्शुछ.२०६
5832,
5833,महईं वेला वट्टइ अच्छन्ताणं इमम्मि ठाणम्मि
5834,ता मा करेसु इण्हिं कालक्खेवं महाभाग! // शुर्शुछ.२०७
5835,
5836,तह कहवि हु कायव्वं सरीरहाणी न होइ जह मित्त!
5837,सुरनन्दणम्मि नयरे अहम्पि एत्तो गमिस्सामि // शुर्शुछ.२०८
5838,
5839,
5840,[प. २९०]
5841,जलणप्पहेण समयं च सङ्गयं कट्टु असणिवेगस्स
5842,तेण विइन्नं एयं परिणेस्सं पुव्वभवदइयं // शुर्शुछ.२०९
5843,
5844,भो सुप्पइट्ठ! एवं भणिऊण पियङ्गुमञ्जरीइ समं
5845,चित्तगई उप्पइओ पत्तो य कमेण सट्ठाणं // शुर्शुछ.२१०
5846,
5847,तत्तो तमालदलसामलम्मि गयणे अहम्पि अप्पइओ
5848,भो सुप्पइट्ठ! सहिओ दइयाए कणगमालाए // शुर्शुछ.२११
5849,
5850,नववियसियअरविन्दविन्दसञ्छन्नसच्छसलिलाइं
5851,पुलएन्तो विउलसरोवराइं वरहंसकलियाइं // शुर्शुछ.२१२
5852,
5853,फलभरविणमियसाहासहस्ससोहन्तसाहिसहियाइं
5854,पिच्छन्तो गिरिवरनिज्झराइं कयकोइलरवाइं // शुर्शुछ.२१३
5855,
5856,किंनरसुरमिहुण 'द्धासियाइं सियकन्तकन्तिकलियाइं
5857,लङ्घन्तो रम्माइं गिरिवरगुरुसाणुसिहराइं // शुर्शुछ.२१४
5858,
5859,
5860,[प. २९१]
5861,बहुविहवावारपरायणेण सहियाइ खयरलोएण
5862,पेच्छन्तो गामाइयं पमुइयनरनारिपुन्नाइं // शुर्शुछ.२१५
5863,
5864,दक्खिणदिसामुहो हं वच्चामि कमेण जाव गहणम्मि
5865,दूराओ ता दिट्ठं तडिल्लयासच्छहं किञ्चि // शुर्शुछ.२१६
5866,
5867,तं दट्ठु मए भणियं किं मन्ने एरिसं इमं दइए!
5868,दीसइ अइतेइल्लं एन्तं अम्हाण संमुहयं // शुर्शुछ.२१७
5869,
5870,भणियं च तीए पिययम! विज्जू उक्का व ताव नवि होई
5871,"थिरभावाओ, नवरं होज्ज सुरो सुरविमाणं वा // शुर्शुछ.२१८"
5872,
5873,भो सुप्पइट्ठ! एवं उल्लवमाणाण अम्ह सहसत्ति
5874,भासुरसरीरधारी समागओ सुरवरो एक्को // शुर्शुछ.२१९
5875,
5876,नमिओ य भणइ एसो अवि कुसलं तुम्ह चित्तवेगत्ति?
5877,"परियाणसि भद्द! ममं नवत्ति, तत्तो मए भणियं // शुर्शुछ.२२०"
5878,
5879,
5880,[प. २९२]
5881,"जाणामि कम्पि देवं सामन्नेणं, विसेसओ न पुणो"
5882,भणियं सुरेण तत्तो चिरपरिचियमवि न याणेसि // शुर्शुछ.२२१
5883,
5884,विणयपणएण भणियं इह जम्मे परिचओ न तावत्थि
5885,जइ नवरं अन्नभवे तुमए सह मह महाभाग! // शुर्शुछ.२२२
5886,
5887,नवरं तुमम्मि दिट्ठे दिट्ठी आणन्दिया मणं मुइयं
5888,जाणामि तेण कोवि हु पुव्वभवे आसि सम्बन्धो // शुर्शुछ.२२३
5889,
5890,एवं च मए भणिए पयडीकाउं फुरन्ततेइल्लं
5891,वज्जरइ सुरवरो सो मित्त! मणिं गेण्ह एयन्ति // शुर्शुछ.२२४
5892,
5893,मणिणो समप्पणत्थं समागओ सुयणु! तुह समीवम्मि
5894,तम्हा विसहरमहणं गेण्हसु पवरं मणिं एयं // शुर्शुछ.२२५
5895,
5896,तत्तो य मए भणियं सुरवर! वज्जरसु ताव मह एयं
5897,निक्कारणा पवित्ती न होइ जं उत्तमा बिन्ति // शुर्शुछ.२२६
5898,
5899,
5900,[प. २९३]
5901,ता केण कारणेणं मज्झ समप्पेसि दिव्वमणिमेयं?
5902,पुव्वभवे सम्बन्धो तुमए सह आसि को मज्झ? // शुर्शुछ.२२७
5903,
5904,तत्तो सुरेण भणियं पत्थावो वित्थरस्स न हु एसो
5905,सयला ' 'वयाविणासं गेण्हसु एयं मणिं ताव // शुर्शुछ.२२८
5906,
5907,भणियं च मए किञ्चिह मज्झ कत्तोवि आवया होही
5908,तव्विगमत्थं सुरवर! जेण समप्पेसि मणिमेयं? // शुर्शुछ.२२९
5909,
5910,भणियं सुरेण सुन्दर! तुह चरियं सव्वमेव विज्जाए
5911,पन्नत्तीए सिट्ठं नहवाहणरायतणयस्स // शुर्शुछ.२३०
5912,
5913,दइयावहारकुविओ अमरिसफुरफुरन्तअहरुल्लो
5914,बहुनहयरपरियरिओ तुज्झ वहट्ठाए सञ्चलिओ // शुर्शुछ.२३१
5915,
5916,तुज्झ अणुमग्गलग्गो आसन्नो चेव वट्टइ इयाणिं
5917,तत्ता जीवन्तयरी होही तुह आवया गरुई // शुर्शुछ.२३२
5918,
5919,
5920,[प. २९४]
5921,एयस्स पभावाओ नित्थरिहिसि आवइ सुभीमम्पि
5922,ता गिण्ह इमं सुन्दर! दिव्वमणिं पाणरक्खट्ठा // शुर्शुछ.२३३
5923,
5924,बन्धसु निजुत्तिमङ्गे गुत्तं कुन्तलकलावमज्झम्मि
5925,नहवाहणविज्जाणं पडिघायसमत्थमच्चत्थं // शुर्शुछ.२३४
5926,
5927,जइ पुण कहवि हु उवसमइ नेय तव्विहियवेयणानिवहो
5928,ता मणिजलेण देहं सिञ्चेयव्वं पयत्तेण // शुर्शुछ.२३५
5929,
5930,एवं विहिए होहिसि पणट्ठवियणो पुणण्णवसरीरो
5931,ता एस मणी सययं संनिहिओ भद्द! कायव्वो // शुर्शुछ.२३६
5932,
5933,सयमेव अहम्पि तुमं सुन्दर! रक्खेमि ताओ खयराओ
5934,नवरं समुच्छुगो हं अइगरुयपओयणवसेण // शुर्शुछ.२३७
5935,
5936,ता तं पओयणमहं झडित्ति सम्पाडिऊण एहामि
5937,काहामि सयलसुत्थं मा काहिसि अन्नहाभावं // शुर्शुछ.२३८
5938,
5939,
5940,[प. २९५]
5941,अन्नं च तेण समयं विज्जाबलदप्पिएण खयरेण
5942,मा काहिसि सङ्गामं गरुओ विज्जाहि तुह जं सो // शुर्शुछ.२३९
5943,
5944,अइदुक्करं हि जइवि हु एयं पुरुसाहिमाणजुत्ताणं
5945,कारणवसेण तहवि हु जुद्धारम्भो न कायव्वो // शुर्शुछ.२४०
5946,
5947,जं तेण समं जुज्झे अवस्स तुह होइ पाणचाउत्ति
5948,ता मह वयणाउ तुमे वारहडी नेव कायव्वा // शुर्शुछ.२४१
5949,
5950,किञ्च सङ्कुइय केसरी जं उप्पइउमणो गयस्स वहणट्ठा
5951,सोण्डीरत्तं किं तत्तिएण उवहासयं लहइ? // शुर्शुछ.२४२
5952,
5953,लद्धावसरो पच्छा साहियविज्जो करिज्जं जं रुइयं
5954,झाडपलियञ्चणेणवि तुरियगई सिग्घओ चेव // शुर्शुछ.२४३
5955,
5956,किं बहुणा? एसॊ च्चिय दिव्वमणी मन्दपभावाओ तस्स विज्जाओ
5957,"काही, किं तुह कज्जं ससरीरायासकरणेण? // शुर्शुछ.२४४"
5958,
5959,
5960,[प. २९६]
5961,एवं सुरेण भणिए काऊणं अञ्जलिं पयत्तेण
5962,विहियपणामेण मए भणियं जं आणवेसित्ति // शुर्शुछ.२४५
5963,
5964,बहुमाणपुव्वयं अह दिव्वमणी सुरवरेण मह सीसे
5965,बद्धो नियहत्थेणं सरीरक्खा य विहियत्ति // शुर्शुछ.२४६
5966,
5967,बद्धे मणिम्मि सहसा गरुयपमोओ मणम्मि सञ्जाओ
5968,भो सुप्पइट्ठ! नट्ठं भय असेसं सरीराओ // शुर्शुछ.२४७
5969,
5970,सम्भासेउं हयगुरुभयं नेहसारं ममं सो कन्ताजुत्तं विविहवयणालावसम्भासणाए
5971,तत्तो दित्तीभरियगयणो निज्जियाणङ्गरूवो देवो पत्तो तुरियगमणो झत्ति अद्दंसणन्ति // शुर्शुछ.२४८
5972,
5973,साहुधणेसरविरइयसुबोहगाहासमूहरम्माए
5974,रागग्गिदोसविसहरपसमणजलमन्तभूयाए // शुर्शुछ.२४९
5975,
5976,एसोवि परिसमप्पइ दिव्वमणिसमप्पणॊत्ति नामेण
5977,सुरसुन्दरीकहाए सत्तमओ वरपरिच्छेओ १७५० // शुर्शुछ.१७५०
5978,
5979,
5980,
5981,---------------------------------------------------------------------
5982,
5983,[प. २९७]
5984,[अष्टमः परिच्छेदः]
5985,
5986,अहयम्पि तओ दक्खिणदिसामुहो सह पियाए सञ्चिलिओ
5987,चिन्तेमि य किं काही खयरो नहवाहणो इण्हिं? // शुर्शुछ.१
5988,
5989,कयसुररक्खस्स महं बहुविज्जादप्पिओवि सो खयरो
5990,न हु सक्किस्सइ काउं अवयारं गरुयरोसोवि // शुर्शुछ.२
5991,
5992,अहवा किं मह इमिणा विचिन्तिएणेह फग्गुभूएण
5993,होही किञ्चि ममं चिय जं दिट्ठं पुच्वकम्मेहिं // शुर्शुछ.३
5994,
5995,दिव्वमणिणो पभावा संनिज्झेणं च तहय देवस्स
5996,पुन्नाणुभावसरिसं होही भवियव्वयादिट्ठं // शुर्शुछ.४
5997,
5998,एमाइबहुविगप्पे चिन्तेमाणो वयामि जा तत्थ
5999,ताव य मह दइयाए भणियं भयवेविरतणूए // शुर्शुछ.५
6000,
6001,
6002,[प. २९८]
6003,हा नाह! कोवि एसो दीसइ एन्तो 'णुमग्गमम्हाणं
6004,विज्जाहरपरियरिओ मन्ने नहवाहणो होही // शुर्शुछ.६
6005,
6006,ता पिय! किम्पि उवायं चिन्तसु पीडा न होई जह तुम्ह
6007,अहयम्पि विरहगुरुदुक्खभाइणी जह न होमित्ति // शुर्शुछ.७
6008,
6009,वलियग्गीवं तत्तो पुलोइऊणं मइवि संलत्तं
6010,एमेव कीस सुन्दरि! गरुयविसायं समुव्वहसि? // शुर्शुछ.८
6011,
6012,जइ ता अतक्किओवि हु एज्ज इमो खयरविन्दपरियरिओ
6013,"ता होज्ज भयं गरुयं, विन्नाए किं भयं सुयणु!? // शुर्शुछ.९"
6014,
6015,देवेण चेव कहियं आगमणमिमस्स तुज्झ पच्चक्खं
6016,ता किं एयं दट्ठुं भयाउरा सुयणु! सञ्जाया? // शुर्शुछ.१०
6017,
6018,देवस्स दिव्वमणिणो पभावओ सुयणु! सुन्दरं होही
6019,मा मा कुणसु विसायं एन्तं दट्ठूण एयन्ति // शुर्शुछ.११
6020,
6021,
6022,[प. २९९]
6023,अन्नो न कोवि इण्हिं काउं सक्किज्जए उवाउत्ति
6024,एसो जं सिग्घगई आसन्नो वट्टइ इयाणिं // शुर्शुछ.१२
6025,
6026,दूरेवि न सक्किज्जइ उक्कडविज्जस्स नासिउमिमस्स
6027,किं पुण लोयणविसए पत्तेहिं सुयणु! अम्हेहिं // शुर्शुछ.१३
6028,
6029,ता होउ पिए! किञ्चिवि जं दिट्ठं मज्झ पुव्वकम्मेहिं
6030,नवि किञ्चि सोइएणं इह लब्भइ जीवलोगम्मि // शुर्शुछ.१४
6031,
6032,एवं च मए भणिए मुञ्चन्ती थूलअंसुयपवाहं
6033,गरुयभयसोयतविया सा बाला इय पुणो भणइ // शुर्शुछ.१५
6034,
6035,हा! नाह! पाणवल्लह! हयविहिणा पावकारिणी अहयं
6036,वंसस्सव फलसमओ तुह विणासाय विहियत्ति // शुर्शुछ.१६
6037,
6038,जइ तइया मणवल्लह! पाणच्चाओ मए कओ हॊन्तो
6039,ता किं एरिसगरुआवईए तं नाह! निवडन्तो? // शुर्शुछ.१७
6040,
6041,
6042,[प. ३००]
6043,जइ गब्भाओ पडन्ता बालत्ते वावि जइ मया हॊन्ता
6044,ता किं मज्झ निमित्ते होज्ज इमा आवया तुज्झ? // शुर्शुछ.१८
6045,
6046,एसो मुहमहुरोवि हु परोप्परं अम्ह गरुयअणुराओ
6047,गब्भोव्ववेसराए जाओ गरुआवयाहेऊ // शुर्शुछ.१९
6048,
6049,इण्हिं च तुमं सामिय! कम्मं अवलम्बिऊण खक्को सि
6050,आवयनिवारणत्थं न चिन्तसे किञ्चिवि उवायं // शुर्शुछ.२०
6051,
6052,तत्तो य मए भणियं मा सुन्दरि! कुणसु किञ्चिवि विसायं
6053,अवियारिय कयकज्जं एरिसयं होइ नणु सुयणु! // शुर्शुछ.२१
6054,
6055,अप्पबलं च परबलं अणवेक्खिय आढवेइ जो कज्जं
6056,अवमाणपाणनासं अवस्स सो पावए पुरिसो // शुर्शुछ.२२
6057,
6058,नीईए वट्टमाणा मणुया न लहन्ति आवयानिवहं
6059,सुयणु! मए का नीई तुमं हरन्तेण विहियत्ति? // शुर्शुछ.२३
6060,
6061,
6062,[प. ३०१]
6063,विहियं रायविरुद्धं अणुरायपरव्वसेहिं अम्हेहिं
6064,ता इण्हिं आवयाए सुयणु! विसाओ न कायव्वो // शुर्शुछ.२४
6065,
6066,किञ्च एवं ठिएवि सुन्दरि! अणुकूलो कहवि जइ विही होइ
6067,ता आवयावि अम्हं परिणमिही सम्पयत्तेण // शुर्शुछ.२५
6068,
6069,बलिओ हु इमो सत्तू ताव य सज्झो न पुरिसगारस्स
6070,पुव्वभवनिम्मिएहिं वारिज्जइ नवरि पुन्नेहिं // शुर्शुछ.२६
6071,
6072,जइ ताव अत्थि पुन्नं किं कज्जं सुयणु! पुरिसगारेण?
6073,अह नत्थि किञ्चि पुन्नं विहलो ता पुरिसगारोवि // शुर्शुछ.२७
6074,
6075,एक्कत्तो मह पुन्नं अन्नत्तो दप्पिओ इमो सत्तू
6076,पेच्छामो ता सुन्दरि! कस्स जओ होज्ज एयाण? // शुर्शुछ.२८
6077,
6078,एमाइबहुविगप्पं उल्लवमाणो पियाए सह जाव
6079,भो सुप्पइट्ठ! पत्तो तुरियगई इह पएसम्मि // शुर्शुछ.२९
6080,
6081,
6082,[प. ३०२]
6083,ताव य तुरिययरगई पत्तो नहवाहणो मह समीवं
6084,रोसायासासञ्जियसोयजलोहलियगण्डयलो // शुर्शुछ.३०
6085,
6086,भणियं च तेण रे! रे खयराहम! कत्थ वच्चसे इन्हिं?
6087,इहपरलोयविरुद्धं एरिसं कम्मं समायरिउं? // शुर्शुछ.३१
6088,
6089,[युग्मम]
6090,काउं रायविरुद्धं नासन्तो कत्थ छुट्टसे पाव!?
6091,सूयारसालवडिओ ससउव्वं विणस्ससे इण्हिं // शुर्शुछ.३२
6092,
6093,रे! रे! केण बलेणं एरिसकम्मं तुमे समायरियं?
6094,हरिऊण मह महेलं नासन्तो कत्थ छुट्टिहिसि? // शुर्शुछ.३३
6095,
6096,रे मूढ! केण दिन्ना तुह बुद्धी एरिसा अहम्मेण?
6097,अहवा कुविओ दइवो पुरिसं किं हणइ लउडेण? // शुर्शुछ.३४
6098,
6099,रे मूढ! पुन्नवज्जिय! उम्मग्गपयट्ट! नट्ठमज्जाय!
6100,कुविओ तुज्झ कयन्तो तेण तुमे एरिसं विहियं // शुर्शुछ.३५
6101,
6102,
6103,[प. ३०३]
6104,जेण बलेणं एयं रायविरुद्धं तुमे समायरियं
6105,तं कुणसु इण्हि पयडं मा भणिहिसि जं न भणियन्ति // शुर्शुछ.३६
6106,
6107,एसो तुह तिक्खेण सीसं छिन्दामि अद्धचन्देण
6108,जइ अत्थि पोरिसं किञ्चि होसु ता जुज्झसज्जॊत्ति // शुर्शुछ.३७
6109,
6110,भो सुप्पइट्ठ! एवं भणिऊणं तेण गरुयरोसेण
6111,आयड̣धिऊण धणुहं मुक्को मह संमुहो बाणो // शुर्शुछ.३८
6112,
6113,अह सो धणुहविमुक्को वेगेणागम्म मज्झ आसन्ने
6114,आवडिउव्व सिलाए वलिओ पच्छामुहो झत्ति // शुर्शुछ.३९
6115,
6116,तं दट्ठुं सो खयरो विम्हियहियओ ससङ्किओ किञ्चि
6117,खणमेगमच्छिऊणं इय वज्जरिउं समाढत्तो // शुर्शुछ.४०
6118,
6119,जइ कहवि खुद्दविज्जापभावओ मह सरो पडिक्खलिओ
6120,तहवि न छुट्टसि इण्हिं अग्गेयाईण सत्थाण // शुर्शुछ.४१
6121,
6122,
6123,[प. ३०४]
6124,एवं च भणन्तेणं तेणं आवाहियाइं सत्थाइं
6125,अहिमन्तिय मन्तेहिं मुञ्चइ इक्किक्कयं कमसो // शुर्शुछ.४२
6126,
6127,अविय उट्ठिन्तफुलिङ्गालं फुरन्तजालासहस्संवलियं
6128,अग्गेयं अइभीमं मज्झ वहट्ठाए पट्ठवियं // शुर्शुछ.४३
6129,
6130,तम्पि हु मह आसन्ने मणिप्पभावाओ होउमसमत्थं
6131,पासे सम्भमिऊणं विज्झायं झत्ति तत्तो य // शुर्शुछ.४४
6132,
6133,वारुणवायव्वाइं पट्ठवियाइं कमेण सत्थाइं
6134,ताणिवि मणिप्पभावा दूरिच्चिय मह विलीणाइं // शुर्शुछ.४५
6135,
6136,अह ताणि अमोहाणिवि पडिहयसत्तीणि दट्ठु सत्थाणि
6137,जाओ विच्छायमुहो रायसुओ विम्हयक्खित्तो // शुर्शुछ.४६
6138,
6139,खणमेगमच्छिऊणं पुणोवि सो एरिसं समुल्लवइ
6140,रे खयराहम! दप्पं मा हु करिज्जासि नियचिन्त्ते // शुर्शुछ.४७
6141,
6142,
6143,[प. ३०५]
6144,मह मन्तस्स पभावा विज्जाए वावि ओसहीए वा
6145,एमाइं सत्थाइं निहयपयावाइं जायाइं // शुर्शुछ.४८
6146,
6147,जओ मन्तेण व तन्तेण व हन्तुं सक्कन्ति नेव एयाइं
6148,किन्तु निसुणेसि कारणमेतेहिं जं न निहओ तं // शुर्शुछ.४९
6149,
6150,एसो हु पावकारी सुहमच्चूए न चेव जोग्गॊत्ति
6151,ता दुहमारेण इमो मारेयव्वो तुमे कुमर! // शुर्शुछ.५०
6152,
6153,इय मज्झ सिक्खणत्थं हओ तुमं नेव दिव्वसत्थेहिं
6154,न उणो तुह विज्जाहिं हम्मइ सत्तीओ एएसिं // शुर्शुछ.५१
6155,
6156,[युग्मम]
6157,ता इण्हि मह न छुट्टसि पायालं जइवि पविससे मूढ!
6158,मोरोवि अहव धिप्पइ हन्त! तइज्जम्मि उड्डाणे // शुर्शुछ.५२
6159,
6160,रे खयराहम! इण्हिं कत्तो मह जासि दिट्ठिपहपडिओ?
6161,द्दुहमच्चूए एसो मारेमि तुमं न सन्देहो // शुर्शुछ.५३
6162,
6163,
6164,[प. ३०६]
6165,भो सुप्पइट्ठ! एवं भणिऊणं गरुयअभिनिवेसेणं
6166,नहवाहणेण नागिणिविज्जा आवाहिया तत्तो // शुर्शुछ.५४
6167,
6168,भीसणभुयगेहिं खणेण वẹ̄धियं उग्गविसवियारेहिं
6169,सव्वङ्गेसु बद्धो सरागजीवोव्व कम्मेहिं // शुर्शुछ.५५
6170,
6171,तत्तो महन्तवियणा पाउब्भूया ममं तओ देहं
6172,गयणाओ निवडिओ हं भुयङ्गभारेण भूमीए // शुर्शुछ.५६
6173,
6174,वियणाए विब्भलङ्गो संवलितरुणो इमस्स हिट्ठम्मि
6175,गयचेयणोव्व जाओ भुजङ्गसङ्घायउब्बद्धो // शुर्शुछ.५७
6176,
6177,सावि मह पाणदइया गरुयं दठ्ठूण आवयं मज्झं
6178,अइदुक्खिया वराई रोयन्ता घग्घरसरेण // शुर्शुछ.५८
6179,
6180,हा अज्जउत्त! वल्लह! एय अणत्थस्स कारिणी अहयं
6181,हा पाविट्ठा तइया किं न मया मयणपचक्खं // शुर्शुछ.५९
6182,
6183,
6184,[प. ३०७]
6185,हा कह मज्झनिमित्ते पिययम! अइगरुय आवयं पत्तो
6186,हा अज्जउत्त! इण्हिं तुह विरहे नत्थि मह जीयं // शुर्शुछ.६०
6187,
6188,भो भो धणदेव! इमं सोउं खयरस्स भासियं तस्स
6189,एत्थन्तरम्मि य महं एस विगप्पो समुप्पन्नो // शुर्शुछ.६१
6190,
6191,महिलापलावसद्दो पुव्विं जो आसि इह मए निसुओ
6192,एयदइयाए नूणं सो होही कणगमालाए // शुर्शुछ.६२
6193,
6194,तत्तो य पुरिससद्दो तयणन्तरमेव जो मए निसुओ
6195,नहवाहणस्स होही सो सद्दो एयसत्तस्स // शुर्शुछ.६३
6196,
6197,अहवा किं मए इमिणा विचिन्तिएणं तु ताव निसुणेमि
6198,जं किञ्चि कहइ एसो नियचरियं चित्तवेगॊत्ति // शुर्शुछ.६४
6199,
6200,एवं विचिन्तिऊणं तत्तो धणदेव! सुणिउमाढत्तो
6201,तव्वयणमहं सव्वं अह सो एवं समुल्लवइ // शुर्शुछ.६५
6202,
6203,
6204,[प. ३०८]
6205,भो सुप्पइट्ठ एवं विलवन्ता बहुविहं सुदुक्खत्ता
6206,नहवाहणेण नीया मज्झ पिया कणगमालत्ति // शुर्शुछ.६६
6207,
6208,अहयम्पि तओ दूसहविसहरकयवेयणाए वेवन्तो
6209,दइया विओयगुरुदुक्खताविओ जाव चिट्ठामि // शुर्शुछ.६७
6210,
6211,भो सुप्पइट्ठ! ताव य तुमम्पि इह आगओ पएसम्मि
6212,तुमए मणिनीरेणं एसो मेल्लाविओ अहयं // शुर्शुछ.६८
6213,
6214,[युग्मम]
6215,ता भो तुमए दिन्नं मह जीयं एत्थ नत्थि सन्देहो
6216,मणिणो य पभावाओ न य डक्को दुट्ठसप्पेहिं // शुर्शुछ.६९
6217,
6218,अन्नह कह मह जीयं हविज्जगुरुवेयणा परद्धस्स
6219,कीणासवयणसच्छहभीसणभुयगेहिं गहियस्स // शुर्शुछ.७०
6220,
6221,तं जं तुमए पुट्ठं केण तुमं एरिसाए महईए
6222,खित्तो सि आवयाए तं सव्वं साहियं एयं // शुर्शुछ.७१
6223,
6224,
6225,[प. ३०९]
6226,इय भो धणदेव! तया सोउं खयरस्स भासियं तस्स
6227,तत्तो य मए एयं विचिन्तियं निययचित्तम्मि // शुर्शुछ.७२
6228,
6229,पेच्छ नरा विबुहावि हु अणुरायपरवसा विसयगिद्धा
6230,पाविन्ति आवयाओ विविहाओ एत्थं संसारे // शुर्शुछ.७३
6231,
6232,अच्छउ ता परलोगे इहेव पाविन्ति गरुयदुक्खाइं
6233,रागविमोहियचित्ता कज्जाकज्जं अयाणन्ता // शुर्शुछ.७४
6234,
6235,सारीरमाणसाणं दूसहदुक्खाण कारणं पढमं
6236,इह परलोए घोरो रागॊ च्चिय सयलजीवाणं // शुर्शुछ.७५
6237,
6238,रागन्धा इह जीवा दुल्लहलोयम्मि गाढमणुरत्ता
6239,जं वेइन्ति असायं कत्तो तं हन्दि! नरएवि? // शुर्शुछ.७६
6240,
6241,वल्लहविओयतविया असमञ्जसचिट्ठियाइं कुणमाणा
6242,नरए नेरइया इव निच्चं चिय दुक्खिया हॊन्ति // शुर्शुछ.७७
6243,
6244,
6245,[प. ३१०]
6246,वहबन्धमारणाइं लहन्ति रागेण मोहिया जीवा
6247,वच्चन्त्ति दुग्गईए सहन्ति विविहाइं दुक्खाइं // शुर्शुछ.७८
6248,
6249,रागो हि दुक्खरूवो रागो चिय सयलआवयाहेऊ
6250,रागपरद्धा जीवा भमन्ति भवसागरे घोरे // शुर्शुछ.७९
6251,
6252,ताव चिय परमसुहं जाव न रागो मणम्मि उच्छरइ
6253,हन्दि! सरागम्मि मणे दुक्खसहस्साइं पविसन्ति // शुर्शुछ.८०
6254,
6255,एमाइ चिन्तिऊणं धणदेव! मए इमं तु वज्जरियं
6256,भो चित्तवेग! इण्हिं मा कीरउ कोवि सोगॊत्ति // शुर्शुछ.८१
6257,
6258,जं एसो संसारो एरिसदुक्खाण निययआवासो
6259,पत्ताए आवयाए तेण विसाओ न कायव्वो // शुर्शुछ.८२
6260,
6261,जरमरणरोगवल्लहविओगबहुलम्मि एत्थ संसारे
6262,जम्हा सकम्मजणियं जायइ जीवाण दुक्खन्ति // शुर्शुछ.८३
6263,
6264,
6265,[प. ३११]
6266,तो भणइ चित्तवेगो भद्द! विसाओ न कोवि मह अन्नो
6267,एकच्चिय मह चिन्ता कुणइ मणे दूसहं दुक्खं // शुर्शुछ.८४
6268,
6269,सा कह वरई होही नीया नहवाहणेण रुयमाणी
6270,जीवइ व नवा इण्हिं दट्ठुं मह तारिसमवत्थं? // शुर्शुछ.८५
6271,
6272,एवं च जाव साहइ सो खयरो मज्झ भद्द! धणदेव!
6273,एत्थन्तरंम्मि निसुणसु जो वुत्तन्तो तहिं जाओ // शुर्शुछ.८६
6274,
6275,एक्को कमलदल 'च्छो पिहुवच्छो सुरवरो तहिं सहसा
6276,ओइन्नो गयणाओ उज्जोइन्तो दिसावलयं // शुर्शुछ.८७
6277,
6278,दट्ठुं समागयं तं वियसियवयणो य चित्तवेगो सो
6279,अब्भुट्ठिऊण पणमइ तं देवं परमविणएण // शुर्शुछ.८८
6280,
6281,अह सो सुहासणत्थो तियसो संलवइ भद्द! तुह कुसलं?
6282,मणिणो य पभावाओ नित्थिन्ना आवया विउला! // शुर्शुछ.८९
6283,
6284,
6285,[प. ३१२]
6286,तो भणइ चित्तवेगो तुम्ह पभावाओ सम्पयं कुसलं
6287,ता सम्पइ मह साहसु महन्तकोऊहलं इत्थ // शुर्शुछ.९०
6288,
6289,पुव्वभवे सम्बन्धो तुमए सह आसि को ममं देव!?
6290,केण व कज्जेण तुमं आसि गओ उच्छुगो तइया? // शुर्शुछ.९१
6291,
6292,तत्तो य भणइ तियसो इमेण कज्जेण आगओ सुयणु!
6293,सा एगमणो होउं साहिज्जन्तं निसामेहि // शुर्शुछ.९२
6294,
6295,जम्बुद्दीवे इहइं एरवए अत्थि आरिए देसे
6296,विजयवई नामेणं नयरी सुरनयरिसङ्कासा // शुर्शुछ.९३
6297,
6298,तीएवि सुविक्खाओ धणभूई नाम आसि सत्थाहो
6299,दक्खिन्नदयाजुत्तो उज्जुत्तो जइणधम्मम्मि // शुर्शुछ.९४
6300,
6301,चन्दोव्व कलानिलओ गयव्व निच्चं पयट्टवरदाणो
6302,अणुयत्तियमित्तो वासरोव्व बुहलोयमणइट्ठो // शुर्शुछ.९५
6303,
6304,
6305,[प. ३१३]
6306,तस्स य पसन्तरूवा पइव्वया सच्चसीलदयजुत्ता
6307,भज्जा सुन्दरदेहा सुन्दरिनामा सुविक्खाया // शुर्शुछ.९६
6308,
6309,विमलं सावगधम्मं सम्मं अह ताण पालयन्ताणं
6310,वच्चन्ति वासराइं सुसाहुजणभत्तिजुत्ताणं // शुर्शुछ.९७
6311,
6312,अह अन्नया कयाइवि पहाण सुविणेहिं सूइयं तणयं
6313,सा सुन्दरी पसूया पभूयसुहलक्खणाइन्नं // शुर्शुछ.९८
6314,
6315,निज्जियअणङ्गरूवं तेएण य दिणयरस्स सारिच्छं
6316,सोमं ससिबिम्बं पिव जिणिन्दधम्मंव सुहजणयं // शुर्शुछ.९९
6317,
6318,अह तस्स बारसाहे वोलीणे निययजणणिजणएहिं
6319,गरुयपमोएण कयं विहिणा नामं सुधम्मॊत्ति // शुर्शुछ.१००
6320,
6321,धणवाहणाभिहाणो बीओ कालेण से सुओ जाओ
6322,सोवि हु सुधम्मनामो जाओ अह अट्ठवारिसओ // शुर्शुछ.१०१
6323,
6324,
6325,[प. ३१४]
6326,तीए य पुरवरीए विहरन्तो अन्नया समोयरिओ
6327,समणसयसेवियकमो सदंसणो नाम आयरिओ // शुर्शुछ.१०२
6328,
6329,अप्पडिबद्धविहारी चउदस पुव्वी गुणाण आवासो
6330,पुव्वुत्तरदिसिभाए अवट्ठिओ नन्दणुज्जाणे // शुर्शुछ.१०३
6331,
6332,सव्वोपि नयरलोओ विण्ग्गिओ सूरिवन्दणनिमित्तं
6333,धणभूईवि हु चलिओ भत्तीए तणयसञ्जुत्तो // शुर्शुछ.१०४
6334,
6335,उम्मुक्कवाहणो अह दूराओ विहियउत्तरासङ्गो
6336,तिपयक्खिणिऊण गुरुं वन्दइ परमाए भत्तीए // शुर्शुछ.१०५
6337,
6338,भीमभवोयहिनिवडन्तजन्तुसन्तरणवरतरण्डम्मि
6339,"दिन्नम्मि धम्मलाभे गुरुणा, सेसे मुणी नमिउं // शुर्शुछ.१०६"
6340,
6341,उवविट्ठो सत्थाहो महिवट्ठे पुरजणेण सञ्जुत्तो
6342,सुरीवि मोक्खमग्गं जिणधम्मं कहिउमाढत्तो // शुर्शुछ.१०७
6343,
6344,[युग्मम]
6345,
6346,[प. ३१५]
6347,अविय सम्मद्दंसणमूलो पञ्चमहव्वयमहल्लदढखन्धो
6348,समिईगुत्तीतवसञ्जमाइसाहापसाहिल्लो // शुर्शुछ.१०८
6349,
6350,विविहाभिग्गहगोच्छो मणहरसीलङ्गपत्तसोहिल्लो
6351,वरलद्धिकुसुमकलिओ सग्ग 'पवग्गाइसुहफलओ // शुर्शुछ.१०९
6352,
6353,चारित्तकप्परुक्खो वित्थरओ साहिओ जिणाणाए
6354,दुहतावतावियाणं जियाण सरणं अणन्नसमं // शुर्शुछ.११०
6355,
6356,[तिस्र̥मिः कुलकम]
6357,चवलाइं इन्दियाइं दुक्खनिमित्तं च विसयसङ्गोवि
6358,कोहाइणो कसाया निबन्धणं दोग्गइए उ // शुर्शुछ.१११
6359,
6360,एक्कसि कओ पमाओ जीवं पाडेइ भवसमुद्दम्मि
6361,भीमो य भवो बहुसो पयासिओ तीए परिसाए // शुर्शुछ.११२
6362,
6363,सूरिस्स तस्स वयणं परमामयसच्छहं निसामित्ता
6364,संविग्गा सा परिसा जहागयं पडिगया सव्वा // शुर्शुछ.११३
6365,
6366,
6367,[प. ३१६]
6368,सोऊण सुधम्मनामो धम्ममई गुरुगिरं निसामित्ता
6369,संसारभउव्विग्गो पणमिय सूरिं इमं भणइ // शुर्शुछ.११४
6370,
6371,इच्छामि तुम्ह मूले निरवज्जं गिण्हिउं सुपव्वज्जं
6372,जणगेहिं अणुन्नाओ भीओ जरजम्ममरणाणं // शुर्शुछ.११५
6373,
6374,भणियं गुरुणा य तओ होउ अविग्धं तुहेत्थ वत्थुम्मि
6375,अम्मापिऊहिं मुक्को अह सो पव्वाविओ गुरुणा // शुर्शुछ.११६
6376,
6377,अब्भसियदुविहसिक्खो सञ्जमतवविणयकरणउज्जुत्तो
6378,विहिणागुरुपामूले अहिज्जिउं सो समाढत्तो // शुर्शुछ.११७
6379,
6380,सिग्घ महामई सो जाओ सुत्तत्थतदुमभयविहिन्नू
6381,चुद्दसपुव्वी गुरुसाहुसम्मओ गुणगणावासो // शुर्शुछ.११८
6382,
6383,नाऊण जोगयं से सुहरिक्खे सूरिणा नियपयम्मि
6384,अहिसित्तो सूरीवि य संलिहियतणू गओ मोक्खं // शुर्शुछ.११९
6385,
6386,
6387,[प. ३१७]
6388,समणगणसम्परिवुडो सुहम्मसूरीवि विविहदेसेसु
6389,बोहिन्तो भवियजणं विहरइ पुरगामनगरेसु // शुर्शुछ.१२०
6390,
6391,धणवाहणोवि कमसो वड्ढन्तो पञ्चधाइपरियरिओ
6392,पत्तो कुमरभावं अहिज्जिओ तह कलानिवहं // शुर्शुछ.१२१
6393,
6394,पत्तो य जोव्वणं सो कामिणिजणहिययचोरणसमत्थं
6395,पिउणा य तन्निमित्तं वरिया वररुवसम्पन्ना // शुर्शुछ.१२२
6396,
6397,सिरिसुप्पइट्ठनयरे धूया हरिदत्तपवरइब्भस्स
6398,विणयवईसंमूया 'णङ्गवई नाम वरकन्ना // शुर्शुछ.१२३
6399,
6400,महया विच्छड्डेणं परिणीया सोहणम्मि सा लग्गे
6401,धणवाहणेण तत्तो आणीया निययनयरीए // शुर्शुछ.१२४
6402,
6403,अह सो तीए रत्तो जोव्वणवररुवसोउमल्लेसु
6404,गाढं विसयासत्तो गयंवि कालं न याणाइ // शुर्शुछ.१२५
6405,
6406,
6407,[प. ३१८]
6408,अह अन्नया सुधम्मो विहरन्तो मुणिवरो तहिं पत्तो
6409,विजयवईनयरीए वासारत्तस्स पारम्भे // शुर्शुछ.१२६
6410,
6411,साहूहिं तत्थ वसही विमग्गिया ताहि सत्थवाहेण
6412,धणभूइणा विदिन्ना सुविसुद्धा जाणसालासु // शुर्शुछ.१२७
6413,
6414,नियपरियणेण सहिओ सत्थाहो एइ गुरुसमीवम्मि
6415,सामाइयाइजुत्तो संविग्गो सुणइ जिणघम्मं // शुर्शुछ.१२८
6416,
6417,धणवाहणो उ दइयासुरयसुहासत्तमाणसो धणियं
6418,पिउणा भणिओवि दढं न ए (हो?)इ गुरुवन्दओ कहवि // शुर्शुछ.१२९
6419,
6420,अहतं विसयासत्तं गुरुरागं धम्मकरणनिरवेक्खं
6421,परिचत्तसेसकज्जं दट्ठुं लहुभायरं गुरुणो // शुर्शुछ.१३०
6422,
6423,जाया एसा चिन्ता भाया मे रागमोहिओ वरओ
6424,जिणवयणबाहिरमई इन्दियविसएसु आसत्तो // शुर्शुछ.१३१
6425,
6426,
6427,[प. ३१९]
6428,दुल्लहमवि मणुयत्तं पावित्ता धम्मविरहिओ एसो
6429,गच्छिस्सइ नरयम्मि घोरासु य तिरियजोणीसुं // शुर्शुछ.१३२
6430,
6431,[तिस्र̥भिः कुलकम]
6432,केणावि उवाएणं बोहेमि रागमोहियं एयं
6433,एवं विचिन्तिऊणं गुरुणा सद्दाविओ भाया // शुर्शुछ.१३३
6434,
6435,महया उवरोहेणं समागओ वन्दिऊण तो सूरिं
6436,उवविट्ठो से पुरओ अह सूरि भणिउमाढत्तो // शुर्शुछ.१३४
6437,
6438,पोग्गलपरियट्टेहिं बहूहिं सम्पाविऊण मणुयत्तं
6439,हारेसु मा मुहाए विसयामिसमोहिओ भद्द! // शुर्शुछ.१३५
6440,
6441,विसएसु दढं सत्ता सत्ता बन्धन्ति असुहकम्माइं
6442,तव्वसओ संसारे भमन्ति अहमासु जोणीसु // शुर्शुछ.१३६
6443,
6444,वहबन्धमारणाई नाणाविहवेयणाओ नरएसु
6445,पाविन्ति विसयगिद्धा दूसहाओ दीहरं कालं // शुर्शुछ.१३७
6446,
6447,
6448,[प. ३२०]
6449,अच्छउ ता परलोए इहेव पाविन्ति गुरुयदुक्खाइं
6450,विसयपसत्ता दुद्दन्तइन्दिया देहिणो बहवे // शुर्शुछ.१३८
6451,
6452,मोत्तूण निययजूहं करेणुसुहसुरयफासपडिबद्धो
6453,बद्धो वारीबन्धे फासेण गओ गओ निहणं // शुर्शुछ.१३९
6454,
6455,रसणिन्दियम्मि लुद्धो विद्धो गलएण मच्छओ निहओ
6456,धाणिन्दियम्मि सत्तो पत्तो उरगोवि मरणदुहं // शुर्शुछ.१४०
6457,
6458,उज्जोइयसयलदिसं दीवसिहं पेच्छिउं पयङ्गोवि
6459,तग्गहणरओ मरणं पत्तो नणु चक्खुदोसेण // शुर्शुछ.१४१
6460,
6461,गोरीसद्दासत्तो निच्चलतड्डवियकन्नजुयलिल्लो
6462,सवणिन्दियदोसेणं मिओ मओ वाहबाणेण // शुर्शुछ.१४२
6463,
6464,एक्किक्किन्दियवसगा एए सव्वेवि पाविया निहणं
6465,पञ्चिदियवसगाणं नराण पुण का गई होज्जा? // शुर्शुछ.१४३
6466,
6467,
6468,[प. ३२१]
6469,ता पञ्चिदियवसगो विसयसुहं सेविऊण मा भद्द!
6470,धम्मोवज्जणरहिओ वच्चसु घोरम्मि नरयम्मि // शुर्शुछ.१४४
6471,
6472,किज्जउ धम्मम्मि मई विसयसुहं उज्झिऊण ता इण्हिं
6473,सहलीकरेसु सुन्दर! अइदुलहं मणुयजम्मन्ति // शुर्शुछ.१४५
6474,
6475,एयं गुरुणो वयणं निसम्म धणवाहणो इमं भणइ
6476,इच्छामि तुम्हवयणं किं पुण निसुणेह मह भणियं // शुर्शुछ.१४६
6477,
6478,अइनेहपरा वरई खणमवि विरहं न सक्कए सọ̄धुं
6479,दइया 'णङ्गवई मह तेण न सक्केमि तं मोत्तुं // शुर्शुछ.१४७
6480,
6481,तुब्भम्पि वन्दणत्थं आगमणं तेण होइ न मज्झ
6482,मह विरहे सा वरई इण्हिम्पि हु अच्छए किच्छं // शुर्शुछ.१४८
6483,
6484,तत्तो गुरुणा भणियं चञ्चलचित्ताणं महिलिआण कए
6485,को व सकन्नो पुरिसो हारिज्जा अप्पयं भद! // शुर्शुछ.१४९
6486,
6487,
6488,[प. ३२२]
6489,पवणुद्धुयधयचञ्चलचित्तासुं महिलिआसु आसत्तो
6490,"जो धम्मम्मि पमायइ, सो काउरिसो न सप्पपुरिसो // शुर्शुछ.१५०"
6491,
6492,अविय अन्तोविसभरियाओ मणहररुवाओ बज्झवित्तीए
6493,गुञ्जाफलसरिसाओ हॊन्ति सभावेण महिलाओ // शुर्शुछ.१५१
6494,
6495,सच्चदयसोयरहिया अकज्जनिरयाओ साहसधणाओ
6496,"भयजणणीओ, तासुं को व सकन्नो रइं कुज्जा? // शुर्शुछ.१५२"
6497,
6498,रत्ताओ हरन्ति धणं पाणेवि हरन्ति तह विरत्ताओ
6499,रागेवि विरागेवि य भयङ्करा दुट्ठजुवईओ // शुर्शुछ.१५३
6500,
6501,अन्नं चिन्तेन्ति मणे नियन्ति अन्नं धडेन्ति अन्नेण
6502,चलचित्ताणं ताणं को नाम हविज्ज वल्लहओ? // शुर्शुछ.१५४
6503,
6504,मारेन्ति पइ जारस्स कारणे तम्पि हन्दि! अन्नट्ठा
6505,वीसासन्ति य अन्नं सब्भावं नेय पयडेन्ति // शुर्शुछ.१५५
6506,
6507,
6508,[प. ३२३]
6509,किं बहुणा भणिएणं जाओ य हणन्ति निययपुत्तम्पि
6510,को नाम पिओ तासिं हविज्ज चवलाण महिलाण? // शुर्शुछ.१५६
6511,
6512,ता भद्द! एरिसाणं तडिच्छडाडोवचवलहिययाणं
6513,महिलाण कए को इह हविज्ज सịधिलायरो धम्मे? // शुर्शुछ.१५७
6514,
6515,इय गुरुभणियं सोउं विहसिय धणवाहणेण संलत्तं
6516,अन्नाओ जुवईओ एवंविहदुट्ठचरियाओ // शुर्शुछ.१५८
6517,
6518,मह महिला पुण सरला पइव्वया सच्चसीलदयजुत्ता
6519,अणुरत्ता सुविणीया थिरनेहा गुरुजणे भत्ता // शुर्शुछ.१५९
6520,
6521,सरिसा सा कह होज्जा असुद्धचरियाण अन्नमहिलाण?
6522,लोहतुरङ्गाईणं दीसइ गुरु अन्तरं लोए // शुर्शुछ.१६०
6523,
6524,तत्तो गुरुणा भणियं मणोहरा तुज्झ जइवि सा महिला
6525,तहवि हु उवभुज्जन्ता सरणी सा नरयनयरस्स // शुर्शुछ.१६१
6526,
6527,
6528,[प. ३२४]
6529,जह किम्पागफलाइं भुत्ताइं दुहावहाइं इह हॊन्ति
6530,तह इत्थीसुरयसुहं मणहरमवि दोग्गइं नेइ // शुर्शुछ.१६२
6531,
6532,जह विसमीसं सरसम्पि भोयणं जीवियं हरइ भुत्तं
6533,तह सुन्दरावि रमणी रमिया नणु दोग्गइं देइ // शुर्शुछ.१६३
6534,
6535,ता उज्झसु अणुरायं कुगइनिमित्ताए निययदइयाए
6536,पञ्चमहव्वयजुत्तो होसुं तुमं चरणनिरउत्ति // शुर्शुछ.१६४
6537,
6538,एवं दिवसे दिवसे संवेगकरेहिं महुरवयणेहिं
6539,बोहिज्जन्तो मणयं जाओ अह पयणुरागो सो // शुर्शुछ.१६५
6540,
6541,अन्नदिणे एगन्ते गुरुपुरओ अञ्जलिं करेऊण
6542,धणवाहणो स एवं वज्जरई परमसंविग्गो // शुर्शुछ.१६६
6543,
6544,तुम्हाणममयभूए वयणे निसुएवि मज्झ हिययाओ
6545,किं नो सक्कइ रागो विसंव दुट्ठस्स सप्पस्स? // शुर्शुछ.१६७
6546,
6547,
6548,[प. ३२५]
6549,भयवं! ताव न तुट्टइ दइयाए उवरि सव्वहा रागो
6550,नवरं करेमि एक्कं जइ जुत्तं तुम्ह पडिहाइ // शुर्शुछ.१६८
6551,
6552,सुरयसुहनिप्पिवासो दिक्खं गिण्हामि तुम्ह पामूले
6553,दइयाए समं अहयं दंसणमित्तेण सन्तुट्ठो // शुर्शुछ.१६९
6554,
6555,एवं ववत्थियम्मि जइ जोग्गं देह मज्झ तो दिक्खं
6556,तीए अदंसणेणं सक्केमि न जीवियं धरिउं // शुर्शुछ.१७०
6557,
6558,तव्वयणं सोऊण य सुधम्मसूरि विचिन्तए एवं
6559,पेच्छह अइदुरन्तो रागो कह विलसए लोए? // शुर्शुछ.१७१
6560,
6561,एवम्पि ता दिज्जउ पव्वज्जा ताहि गहियसुत्तत्थो
6562,सयमेव विवेगजुओ उज्झिस्सइ रागसम्बन्धं // शुर्शुछ.१७२
6563,
6564,एवं विचिन्तिऊणं अणङ्गवइयाए सञ्जुओ ताहे
6565,धणवाहणो सभाया गुरुणा पव्वाविओ विहिणा // शुर्शुछ.१७३
6566,
6567,
6568,[प. ३२६]
6569,चन्दजसानामाए मयहरियाए समप्पिया सावि
6570,साहुणिगणमज्झगया सिक्खइ वरसाहुणीकिरियं // शुर्शुछ.१७४
6571,
6572,एवं च ताण दोण्हवि परोप्परं जाव तुट्टइ न रागो
6573,बहुणावि हु कालेणं सुत्तत्थ विसारयाणम्पि // शुर्शुछ.१७५
6574,
6575,ताव य गुरुणा भणियं एगन्ते भारईए महुराए
6576,एयं न जुत्तमहुणा उत्तमसत्ताण तुम्हाण // शुर्शुछ.१७६
6577,
6578,[युग्मम]
6579,अविरइजुवइजणेवि हु सवियारपलोयणम्मि साहुस्स
6580,पायच्छित्तं गरुयं भणियं सुत्ते जिणिन्दस्स // शुर्शुछ.१७७
6581,
6582,जं पुण साहुणि विसए सवियारपलोयणं तु साहुस्स
6583,तं भद्द! गुरुअणत्थस्स कारण वन्नियं समए // शुर्शुछ.१७८
6584,
6585,इयरमहिलाजणेवि हु दिट्ठीपाओ न होइ जुत्तोति
6586,किं पुण समणीविसए अबोहिबीयस्स मूलम्मि? // शुर्शुछ.१७९
6587,
6588,
6589,[प. ३२७]
6590,ता उज्झिय अविवेयं रागं अवहत्थिऊण भावेण
6591,परिहरसु सव्वहच्चिय दिट्ठिकुसीलत्तणं एयं // शुर्शुछ.१८०
6592,
6593,एवं गुरुणा भणिओ संविग्गो सोवि चिन्तए एवं
6594,अइरागपरवसस्स ओ धी!धी! मह निव्विवेयस्स // शुर्शुछ.१८१
6595,
6596,जो हं पणट्ठलज्जो गयरायपयम्मि वट्टमाणोवि
6597,साहुजणनिन्दणिज्जं रागं न चएमि छड्डेउं // शुर्शुछ.१८२
6598,
6599,लद्धूणवि निरवज्जं पव्वज्जं दुट्ठरागपडिबद्धो
6600,होहामि पुन्नरहिओ दीहरसंसारआभागी // शुर्शुछ.१८३
6601,
6602,ही जीव! पाव! भमिहिसि नारयतिरिएसु दीहरं कालं
6603,अविसयपयट्टरागो लद्धूणवि धम्ममणवज्जं // शुर्शुछ.१८४
6604,
6605,एवं भावेन्तस्सवि धणवाहणसाहुणो न उत्तरइ
6606,अणुरागो तव्विसए ताएवि य तस्स उवरिम्मि // शुर्शुछ.१८५
6607,
6608,
6609,[प. ३२८]
6610,एवं वच्चइ कालो सञ्जमतवविणयकरणनिररयाणं
6611,गुरुआणासम्पाडणपराण अह ताण दोण्हम्पि // शुर्शुछ.१८६
6612,
6613,अह अन्नया कयाइवि भगिणीए वसुमईए सञ्जुत्ता
6614,चलिया 'णङ्गवई वियारभूमिए बहियाओ // शुर्शुछ.१८७
6615,
6616,दिट्ठो य ताहि एगो महिलासहिओ नरो उ उम्मत्तो
6617,धूलिरयधूसरङ्गो जरचीवरचीरियाइन्नो // शुर्शुछ.१८८
6618,
6619,उगायन्तो बहुहा नच्चन्तो डिम्भसत्थपरिकिन्नो
6620,तं दुट्ठुमणङ्गवई सुइरं पुलएइ तं जुयलं // शुर्शुछ.१८९
6621,
6622,तत्तो तीए भणियं भगिणीए सुलोयणाए अणुहरइ
6623,अज्जो! एसा जुवई गहगहियनरस्स पासत्था // शुर्शुछ.१९०
6624,
6625,भणियं च वसुमईए सुइरं निज्झाइऊण सविसायं
6626,सच्चिय एसा अम्हं भगिणी ओ सुलोयणा नाम // शुर्शुछ.१९१
6627,
6628,
6629,[प. ३२९]
6630,परिणीया आसि पुरा सुबन्धुणा मेहलावइपुरीए
6631,दिट्ठा कणगरहेणं कयाइ अह रायउत्तेणं // शुर्शुछ.१९२
6632,
6633,अन्तेउरम्मि छụ̄धा अइगुरुअणुरायहरियहियएण
6634,सयलोरोहपहाणा जाया अह तस्स वल्लहिया // शुर्शुछ.१९३
6635,
6636,एयं मह पच्चक्खं सव्वम्पि हु सासुरे वसन्तीए
6637,"वित्तं, तुमएवि सुयं अज्जे! लोयप्पवायाओ // शुर्शुछ.१९४"
6638,
6639,एसो गहगहियनरो दीसइ सरिसो उ रायउत्तस्स
6640,ता एसो कणगरहो एसावि सुलोयणा नूणं // शुर्शुछ.१९५
6641,
6642,भणियमणङ्गवईए सम्भासेमो इमं तु नियभगिणिं
6643,"किं अम्हे परियाणइ, अहवाविअ भम्भला एसा // शुर्शुछ.१९६"
6644,
6645,तत्तो गन्तुं दोहिवि महुरं आभासियावि सा जाहे
6646,नवि जाणइ किञ्चि फुडं बोल्लइ य बहुअसम्बध्धं // शुर्शुछ.१९७
6647,
6648,
6649,[प. ३३०]
6650,ताहे दोवि जणाइं सुधम्मसूरिस्स पायमूलम्मि
6651,करुणापराहिं अज्जाहिं ताहि नीयाइं सविसायं // शुर्शुछ.१९८
6652,
6653,[युग्मम]
6654,भणिओ अज्जाहिं गुरू एसा अम्हाण जिट्ठभगिणी ओ
6655,किं होइ नवा भयवं! जाया उम्मत्तिया कहवा? // शुर्शुछ.१९९
6656,
6657,भणियं गुरुणा तत्तो नाणेण वियाणिऊण परमत्थं
6658,सच्चिय सुलोयणा सा कणगरहो एस जुवराया // शुर्शुछ.२००
6659,
6660,जोगो मइमोहकरो सीसे खित्तो इमाण सुत्ताण
6661,एक्काए सवत्तीए ईसावसगाढकुद्धाए // शुर्शुछ.२०१
6662,
6663,तस्स वसेणं दोण्हवि मइसंमोहो इमाणं सञ्जाओ
6664,रन्ना य तओ विज्जा बहवे सद्दाविआ तत्थ // शुर्शुछ.२०२
6665,
6666,न य केणवि पउणाइं कयाइं कालेण रक्खगनराण
6667,कहवि पमायपराणं नीहरियाइं इमाइं तु // शुर्शुछ.२०३
6668,
6669,
6670,[प. ३३१]
6671,भणियं च वसुमईए भयवं! एयाण मूढचित्ताणं
6672,"जइ पेच्छह उवयारं, पडिजोगं देह चिन्तेउं // शुर्शुछ.२०४"
6673,
6674,तत्तो गुरुणा तेसिं दिन्नो उम्मायनासणपडिट्ठो
6675,"पडिजोगो, जायाइं दोण्णिवि अह सत्थचित्ताइं // शुर्शुछ.२०५"
6676,
6677,दट्ठूण भगिणिजुयलं सुलोयणा विम्हिया इमं भणइ
6678,किं नाम इमं सुमिणं किंवा मइविब्भमो एस? // शुर्शुछ.२०६
6679,
6680,सा कत्थ अम्ह नयरी सा य विभूई य ते अलङ्कारा
6681,कह धूलिघूसराइं इह म्हि ( म्हो? ) सम्पावियाइन्ति? // शुर्शुछ.२०७
6682,
6683,दोन्निवि गहियवयाओ कत्थ व भगिणीओ मज्झ इहइं तु?
6684,ता नूण इन्दयालं एयं अहवावि सुमिणन्ति // शुर्शुछ.२०८
6685,
6686,तत्तो य वसुमईए कहियं उम्मायकारणं सव्वं
6687,जाव य गुरुमाहप्पा नट्ठो तुम्हाण उम्माओ // शुर्शुछ.२०९
6688,
6689,
6690,[प. ३३२]
6691,जइया य तुमं भद्दे! छụधा अन्तेउरम्मि जुवरन्ना
6692,तइयच्चिय खयरेणं मायाइ सुमङ्गलेण अहं // शुर्शुछ.२१०
6693,
6694,भुत्ता पभूयकालं धणवइदेवेण बोहिया तत्तो
6695,जाया चन्दजसाए पयमूले सुयणु! पव्वइया // शुर्शुछ.२११
6696,
6697,एसावि अणङ्गवई धम्मं सोऊण भवभयुव्विग्गा
6698,नियभत्तुणा समेया पव्वइया एत्थ गच्छम्मि // शुर्शुछ.२१२
6699,
6700,ता सुयणु! न सुविणमिणं सच्चं चिय जं इमं दिट्ठं
6701,एसो सो अम्ह गुरु सुधम्मनामो महासत्तो // शुर्शुछ.२१३
6702,
6703,तत्तो दोवि जणाइं सुधम्मसूरिस्स परमविणएणं
6704,वन्दन्ति हरिरिसाइं पयकमलं सयलदोसहरं // शुर्शुछ.२१४
6705,
6706,तत्तो संवेयकरिं गुरुणो सोऊण देसणं पवरं
6707,पडिबुद्धाइं दोन्निवि कमेण पव्वाइयाइन्ति // शुर्शुछ.२१५
6708,
6709,
6710,[प. ३३३]
6711,मयहरियाए पासे भगिणीजुअलेण सञ्जुया तत्तो
6712,सञ्जमगुरुविणयरया सुलोयणा कुणइ विविहतवं // शुर्शुछ.२१६
6713,
6714,एवं चन्दजसाए पयमूले ताण अच्छमाणाणं
6715,तिण्हम्पि हु भगिणीणं वोलीणा वासरा बहवे // शुर्शुछ.२१७
6716,
6717,मुणिणो कणगरहस्स उ धणवाहणसाहुणो य सञ्जाओ
6718,भो चित्तवेग! तइया अन्नोन्नं गरुयनेहॊत्ति // शुर्शुछ.२१८
6719,
6720,पञ्चमहव्वयजुत्ता समिईगुत्तीसु सम्ममुवउत्ता
6721,नाणाविहतवनिरया गिण्हन्ति य सुत्तअत्थाई // शुर्शुछ.२१९
6722,
6723,गुरुआणाए निरया दोन्निवि पालेन्ति चरणकरणाइं
6724,एवं पभूयकालो वोलीणो ताव दोण्हम्पि // शुर्शुछ.२२०
6725,
6726,[युग्मम]
6727,अह अन्नया कयाइवि थोवं नियआउयं मुणेऊणं
6728,सूरी संलिहियतणू अणसणविहिणा मओ सम्मं // शुर्शुछ.२२१
6729,
6730,
6731,[प. ३३४]
6732,बीयम्मि देवलोगे पवरे चन्दज्जुणे विमाणम्मि
6733,जाओ विमाणसामी देवो उ ससिप्पभो नाम // शुर्शुछ.२२२
6734,
6735,धणवाहणोवि साहू अतुट्टरागो चरित्तु सामन्नं
6736,कालं काउं विहिणा उप्पन्नो बीयकप्पम्मि // शुर्शुछ.२२३
6737,
6738,सामाणियठाणम्मि देवस्स ससिप्पहस्स सो जाओ
6739,भासुरसरीरधारी देवो विज्जुप्पहो नाम // शुर्शुछ.२२४
6740,
6741,सावि हु अणङ्गवइया अविगयरागा चरित्तु सामन्नं
6742,विज्जुप्पहस्स जाया देवी अह चन्दरेहत्ति // शुर्शुछ.२२५
6743,
6744,सम्भरिय पुव्ववेरं बहूवसग्गे करित्तु अइभीमे
6745,अग्गिकुमारसुरेणं सुम्बन्धुजीवेण पावेण // शुर्शुछ.२२६
6746,
6747,कणगरहो सो साहू सुलोयणाए समं तु अज्जाए
6748,निहओ तं उवसग्गं विसहन्तो सम्मभावेण // शुर्शुछ.२२७
6749,
6750,
6751,[प. ३३५]
6752,कालं काउं दोन्निवि उवन्नाइं तु बीयकप्पम्मि
6753,चन्दज्जुणे विमाणे सामाणियदेवभावेण // शुर्शुछ.२२८
6754,
6755,[तिस्र̥भिः कुलकम]
6756,कणगरहो ओ विहुप्पहनामो इयरा सयम्पभा नाम
6757,सावि तइज्जा भगिणी वसुमइया आउयखयम्मि // शुर्शुछ.२२९
6758,
6759,पुव्वदइयस्स जाया चन्दज्जुणनामगस्स देवस्स
6760,तत्थेव किल विमाणे देवी चन्दप्पभा नाम // शुर्शुछ.२३०
6761,
6762,एवं एगविमाणे दिव्वसुहं ताण अणुहवन्ताणं
6763,सव्वेसिं अन्नोन्नं अइगरुया आसि पीईओ // शुर्शुछ.२३१
6764,
6765,पलिओवमाणि अट्ठ उ दिव्वसुहं तत्थ अणुहवेऊणं
6766,देवो विज्जुप्पहो सो चइऊण इमम्मि वेयड̣धे // शुर्शुछ.२३२
6767,
6768,दक्खिणसẹ̄धीइ पुरे रमणीए रयणसञ्चए पवरे
6769,पवणगइखयरपुत्तो उप्पन्नो बउलवइयाए // शुर्शुछ.२३३
6770,
6771,
6772,[प. ३३६]
6773,एवं चि ठिए जो धणवाहणजीवो देवो विज्जुप्पहो य दियलोए
6774,सो य तुमं इह सुन्दर! उप्पन्नो चित्तवेगॊत्ति // शुर्शुछ.२३४
6775,
6776,देवीवि चन्दरेहा तत्तो आउक्खए चुया सन्ती
6777,उप्पन्ना वेयड̣धे नयरे सिरिकुञ्जरावत्ते // शुर्शुछ.२३५
6778,
6779,खयरस्स अमियगइणो पियाए भज्जाए चित्तमालाए
6780,कुच्छीए सम्भूया पियधूया कणगमालत्ति // शुर्शुछ.२३६
6781,
6782,[युग्मम]
6783,भो चित्तवेग! पुव्विं तुब्भं जो आसि रागसम्बन्धो
6784,सामन्नमुवगयाणवि तस्स फलं एरिसं जायं // शुर्शुछ.२३७
6785,
6786,रुवं बलं च दित्ती रिद्धीवि य आसि थेविया तुम्ह
6787,देवभवे तुह आउं विमज्झिमं थवेयं आसि // शुर्शुछ.२३८
6788,
6789,एत्थवि माणुस्स-भवे अवरोप्पर-दंसणाओ आरब्भ
6790,दुसहं विओय-दुक्खं सञ्जायं तुम्ह दोण्हम्पि // शुर्शुछ.२३९
6791,
6792,
6793,[प. ३३७]
6794,तुमएच्चिय अणुभूयं विओयदुक्खं सुदूसहं जमिह
6795,भो चित्तवेग! किंवा कहिएणं तेण तुह पुरओ? // शुर्शुछ.२४०
6796,
6797,काऊणवि सामन्नं सरागभावो तुमे न जं चत्तो
6798,तस्स फलेणं एसा दूसहा तुह आवया जाया // शुर्शुछ.२४१
6799,
6800,देवभवे तुह मित्तो चन्दज्जुणनामगो य जो आसि
6801,चइऊण सोवि तत्तो चित्तगई एत्थ सञ्जाओ // शुर्शुछ.२४२
6802,
6803,वसुमइनामा अज्जा देवी चन्दप्पहा य दियलोए
6804,सावि य पियङ्गुमञ्जरिनामा इह भद्र! उप्पन्ना // शुर्शुछ.२४३
6805,
6806,जं पुव्वसङ्गओ सो चित्तगई तेण तुम्ह सञ्जाओ
6807,अन्नोन्नं गुरुनेहो सुन्दर! सइदंसणेणम्पि // शुर्शुछ.२४४
6808,
6809,तेणं उवायपुव्वं घडिया सा तुज्झ कणगमालाओ
6810,इण्हिं सकम्म्वसओ जाओ तुह तीइ सह विरहो // शुर्शुछ.२४५
6811,
6812,
6813,[प. ३३८]
6814,भो चित्तवेग! बहुणा किंवा भणिएण एत्थ अन्नेण?
6815,जं चेव आसि पुट्ठं तं चिय तुह ताव साहेमि // शुर्शुछ.२४६
6816,
6817,कणगरहो सो साहू अइप्पिओ आसि तुज्झ अन्नभवे
6818,तत्तो य देवलोए विहुप्पहो नाम जो देवो // शुर्शुछ.२४७
6819,
6820,सो य अहं तुह वल्लहमित्तो अज्जवि तत्थ वसामि दिवम्मि
6821,कारणमित्थमिमं तु पडुच्च मे अइसङ्गयओ सि तुमन्ति // शुर्शुछ.२४८
6822,
6823,साहुधणेसरविरइयसुबोहगाहासमूहरम्माए
6824,रागग्गिदोसविसहरपसमणजलमन्तभूयाए // शुर्शुछ.२४९
6825,
6826,एसो एत्थ समप्पइ चिरपरिचियवन्नणॊत्ति नामेण
6827,सुरसुन्दरिकहाए अट्ठमओ वरपरिच्छेओ // शुर्शुछ.२५०
6828,
6829,
6830,
6831,---------------------------------------------------------------------
6832,
6833,[प. ३३९]
6834,[नवमः परिच्छेदः]
6835,
6836,अह भणइ चित्तवेगो सुरवर! मह कहसु केण कज्जेण
6837,तइया मणिं समप्पिय कत्थ गओ आसि तुरियगई? // शुर्शुछ.१
6838,
6839,तो भणइ सुरो सुन्दर! निसुणसु एयम्पि वज्जरिज्जन्तं
6840,अज्ज अहं आणत्तो ससिप्पहेणं तु देवेण // शुर्शुछ.२
6841,
6842,गच्छ विहुप्पह! खिप्पं जम्बूद्वीवम्मि भरहखेत्तम्मि
6843,नयरे कुसग्गनामे धणवाहणमुणिवरसमीवे // शुर्शुछ.३
6844,
6845,सो पुव्ववेरिएणं दिट्ठो झाणम्मि सण्ठिओ तत्थ
6846,तं दट्ठु कुविओ सो काही अइगरुयउवसग्गं // शुर्शुछ.४
6847,
6848,ता तस्स रक्खणट्ठा सिग्धं वच्चाहि तम्मि नयरम्मि
6849,अहमवि इन्दाणत्तिं समाणिउं आगमिस्सामि // शुर्शुछ.५
6850,
6851,
6852,[प. ३४०]
6853,तत्तो तहत्ति भणिउं वेगेण समागओ अहं इहइं
6854,तावय दइयासहिओ पलायमाणो तुमं दिटिठो // शुर्शुछ.६
6855,
6856,ओहिनाणेण मए नायं जह एस सो हि विज्जुपहो
6857,मह मित्तो नहवाहणभयाउरो वच्चए तुरियं // शुर्शुछ.७
6858,
6859,नहवाहणोवि एसो पटिठविलग्गो इमस्स एइत्ति
6860,ताहे करेमि किञ्चिवि उवगारं पुव्वमित्तस्स // शुर्शुछ.८
6861,
6862,एवं विचिन्तिऊणं तुम्ह समीवम्मि आगओ अहयं
6863,तइया य मणी दिव्वो समप्पिओ जीवरक्खट्ठा // शुर्शुछ.९
6864,
6865,तत्तो य गओ तुरियं घणवाहणमुणिवरस्स पासम्मि
6866,दिट्ठो य मए देवो उवसग्गं तस्स कुणमाणो // शुर्शुछ.१०
6867,
6868,भणियं च मए रे! रे! तियसाहम! कत्थ वच्चसे इण्हिं
6869,देविदवन्दियाणं मुणीण एवं करेमाणो? // शुर्शुछ.११
6870,
6871,
6872,[प. ३४१]
6873,उप्पायन्तो पीडं मुणीण समसत्तुमित्तवग्गाणं
6874,पाविट्ठ! कत्थ वच्चसि दिट्ठीमग्गम्मि मह पडिओ? // शुर्शुछ.१२
6875,
6876,एवं च मए भणिए भवणवई सो सुरो ससम्भन्तो
6877,नट्ठो सहसा ताव य सुक्कज्झाणे पविट्ठस्स // शुर्शुछ.१३
6878,
6879,मुणिणो मोहावगमा उप्पन्नं केवलं वरं नाणं
6880,केवलिमहिमा विहिया तओ मए परमविणएणं // शुर्शुछ.१४
6881,
6882,[युग्मम]
6883,सोउं दुन्दुहिसद्दं देवा मणुया य आगया बहवे
6884,कहिओ तेसिं धम्मो केवलिणा मोक्खसुहहेऊ // शुर्शुछ.१५
6885,
6886,पत्थावं लहिऊणं पुट्ठो सो केवली मए एवं
6887,भयवं! किं अवरद्धं इमस्स देवस्स तुम्हेहिं // शुर्शुछ.१६
6888,
6889,जेणेसो पावमई जीवियववरोवणम्मि उज्जुत्तो?
6890,तो भणइ मुणी निसुणसु जह वेरं आसि अन्न भवे // शुर्शुछ.१७
6891,
6892,
6893,[प. ३४२]
6894,धायइसण्डविदेहे चम्पानामेण आसि वरनयरी
6895,तीए पउमो राया जुवराया समरकेउत्ति // शुर्शुछ.१८
6896,
6897,जिणवयणभावियप्पा सहोयरा दोवि नेहसञ्जुत्ता
6898,पालेन्ति देसविरइं रज्जधुरं तह य नीईए // शुर्शुछ.१९
6899,
6900,अत्थाणमुवगयाणं नाहियवाई समागओ कविलो
6901,वज्जरइ नत्थि जीवो न य सव्वन्नू न नेव्वाणं // शुर्शुछ.२०
6902,
6903,जिणमयसत्थत्थवियाणएण जुवराइणा जिओ वाए
6904,दिट्ठन्तहेउकारणनाणाविहजुत्तिनिवहेण // शुर्शुछ.२१
6905,
6906,जुवरन्नो पडिवयणं जाहे न चएइ किम्पि सो दाउं
6907,ताहे मन्तिमहत्तमसामन्ताईहिं उवहसिओ // शुर्शुछ.२२
6908,
6909,जाओ य विलक्खो सो दढं पउट्ठो य समरकेउस्स
6910,कह णु महायणमज्झे एएणं धरिसिओ अहयं? // शुर्शुछ.२३
6911,
6912,
6913,[प. ३४३]
6914,एवं विचिन्तयन्तो अइगुरुरोसेण धमधमन्तो सो
6915,अत्थाणमण्डवाओ नीहरिओ चिन्तए एवं // शुर्शुछ.२४
6916,
6917,न य केणइ पुव्वमहं पराइओ वाइणा इहं लोए
6918,पावेण इमेण पुणो सभाए मज्झम्मि कह विजिओ? // शुर्शुछ.२५
6919,
6920,ता रयणीए भवणे इमस्स गन्तूण गहियकरवालो
6921,छिन्दामि उत्तिमङ्गं जेण मणं निव्वुइं लहइ // शुर्शुछ.२६
6922,
6923,रोद्दज्झाणोवगओ एवं सो चिन्तिऊण रयणीए
6924,गहियाउहो पविट्ठो वासहरे समरकेउस्स // शुर्शुछ.२७
6925,
6926,वच्चोहरभितीए पच्छन्नो अच्छए पलीणो सो
6927,काऊण गोसकिच्चं समागओ तत्थ जुवराया // शुर्शुछ.२८
6928,
6929,दीवयवग्गकरेहिं नरेहिं उज्झोइएण मग्गेणं
6930,वच्चोहरगमणिच्छा अह जाया रायउत्तस्य // शुर्शुछ.२९
6931,
6932,
6933,[प. ३४४]
6934,पुरिसेहिं तत्थ दिट्ठो वच्चोहरसण्ठिओ स दुट्ठमई
6935,आयड्ढन्तो खग्गं गहिओ बद्धो य सहसत्ति // शुर्शुछ.३०
6936,
6937,जुवरन्ना नाओ सो नाहियवाई स एस कविलॊत्ति
6938,नूणं वायम्मि जिओ मज्झ वहट्ठा इह पविट्ठो // शुर्शुछ.३१
6939,
6940,दठ्ठूण दीणवयणं वेवन्तसरीरयं तयं कविलं
6941,परिचत्तजीवियासं जाया करुणा कुमारस्स // शुर्शुछ.३२
6942,
6943,भणियं कुमरेण तओ जीवन्तो ताव इण्हि मुक्को सि
6944,मोत्तूण मज्झ देसं ठाएयव्वं तुमे पाव! // शुर्शुछ.३३
6945,
6946,इय भणिओ सो नट्ठो गन्तूणं ताहि दूरदेसम्मि
6947,भिल्लजणाइन्नाए अवट्ठिओभिल्लपल्लीए // शुर्शुछ.३४
6948,
6949,अह अन्नया य पउमो पुत्तं अहिसिञ्चिऊण रज्जम्मि
6950,जुवराइणा समेओ पव्वइओ गुरुसमीवम्मि // शुर्शुछ.३५
6951,
6952,
6953,[प. ३४५]
6954,दोन्निवि गुरुणा सहिया विहरन्ता बहुविहेसु देसेसु
6955,सत्थेण समं चलिया रयणपुरं नाम वरनयरं // शुर्शुछ.३६
6956,
6957,सत्थाओ कहवि भट्ठा दोन्निवि अडवीए मोहिया मुणिणो
6958,सम्पत्ता पल्लीए पाणयअट्ठा पविट्ठा ते // शुर्शुछ.३७
6959,
6960,दिट्ठा य परियडन्ता कविलेणं कहवि पच्चभिन्नाया
6961,कुद्धो य दढं एसो दट्ठूण मुणिं समरकेउं // शुर्शुछ.३८
6962,
6963,चिन्तेइ ताहे कविलो इमेण वाएवि निज्जिओ अहयं
6964,निव्विसओ आणत्तो तइया य इमेण पावेण // शुर्शुछ.३९
6965,
6966,ता कवडेणं केणवि वइरस्सन्तं करेमि इण्हिम्पि
6967,इय चिन्तिऊण वन्दइ ते मुणिणो परमविणएण // शुर्शुछ.४०
6968,
6969,नीया य निजे गेहे विसमीसं भत्तपाणयं दिन्नं
6970,भणिया य विणयपुव्वं भयवं! एत्थेव भुञ्जेह // शुर्शुछ.४१
6971,
6972,
6973,[प. ३४६]
6974,अद्धाणगमणखिन्ना निव्वियणे एत्थ एगदेसम्मि
6975,भुञ्जिय वीसमिउं तो पभायकाले वएज्जाह // शुर्शुछ.४२
6976,
6977,एवं भणिया तेणं सुहभावा वीसमित्तु खणमेगं
6978,सज्झायं काऊणं पारद्धा भोयणं काऊं // शुर्शुछ.४३
6979,
6980,संनिहियदेवयाए मुणिअणुकम्पाए तयं विसं हरियं
6981,भोत्तूण तओ दोन्निवि सज्झायं काउमारद्धा // शुर्शुछ.४४
6982,
6983,चिन्तेइ तओ कविलो हन्त विसेणं न किं मया एए
6984,नूणं मन्तबलेणं अवहरिया होज्ज विससत्ती // शुर्शुछ.४५
6985,
6986,ता रयणीइ अवस्सं मारेयव्वो मए इमो मुण्डो
6987,जीवन्तम्मि इमम्मि नत्थि ममं जेण सन्तोसो // शुर्शुछ.४६
6988,
6989,पत्ताए रयणीए सज्झायं कट्टु साहुणो सुत्ता
6990,कविलोवि अद्धरत्ते समागओ साहुवहणट्ठा // शुर्शुछ.४७
6991,
6992,
6993,[प. ३४७]
6994,आयड̣धिऊणं खग्गं जाव पहारं करेइ साहुस्स
6995,रुट्ठाए देवयाए पहओ सो तेण खग्गेण // शुर्शुछ.४८
6996,
6997,रोद्दज्झाणोवगओ मरिऊण गओ बिइज्जपुढवीए
6998,मुणिणोवि निरइयारं सामन्नं काउं बहुकालं // शुर्शुछ.४९
6999,
7000,कालं काउं विहिणा दोन्निवि सोहम्मनामकप्पम्मि
7001,उप्पन्ना सुहप्पुन्ना अच्छरगणसङ्कुलविमाणे // शुर्शुछ.५०
7002,
7003,[युग्मम]
7004,तत्तो य पउमजीवो सागरमेगं तु आउयं तत्थ
7005,अणुहविऊणिह दीवे एरवए विजयनयरीए // शुर्शुछ.५१
7006,
7007,धणभूइनामगस्स ओ जाओ तणओ सुधम्मनामॊत्ति
7008,काऊण य सामन्नं उप्पन्नो बीयकप्पम्मि // शुर्शुछ.५२
7009,
7010,[युग्मम]
7011,चन्दज्जुणे विमाणे ससिप्पहो नाम सो सुरो जाओ
7012,दो चेव सागराइं सम्पुन्नं आउयं तस्स // शुर्शुछ.५३
7013,
7014,
7015,[प. ३४८]
7016,भद्द! विहुप्पह! सम्पइ विमाणसामी उ सो सुरो तुम्ह
7017,जस्साएसेण तुमं समागओ मह समीवम्मि // शुर्शुछ.५४
7018,
7019,सो समरकेउजीवो सागरमेगं तु अट्ठपलिएहिं
7020,अब्भहियं अणुभविउं देवभवे अह चुओ तत्तो // शुर्शुछ.५५
7021,
7022,एत्थेव भरहखेत्ते कुसग्गनयरम्मि भद्दकित्तिस्स
7023,रन्नो पियमहिलाए सुबन्धुदत्ताए कुच्छीए // शुर्शुछ.५६
7024,
7025,उप्पन्नो सो देवो जाओ य कमेण दारओ तत्तो
7026,घणवाहणॊत्ति नामं विहियं से उचियसमयम्मि // शुर्शुछ.५७
7027,
7028,वड्ढन्तो य कमेणं पत्तो अह जोव्वणं जणाणन्दं
7029,अहिसिञ्चिय तं रज्जे जाओ समणो पिया तस्स // शुर्शुछ.५८
7030,
7031,[युग्मम]
7032,सोवि बहुपुव्वलक्खे रज्जं परिवालिऊण सम्बुद्धो
7033,नरवाहणं तु पुत्तं रज्जे ठविऊण पव्वइओ // शुर्शुछ.५९
7034,
7035,
7036,[प. ३४९]
7037,भद्द! विहुप्पह! सो हं विहरन्तो अज्ज इह पुरे पत्तो
7038,अह एगराइयाए ठिओ य पडिमाए अह एत्थ // शुर्शुछ.६०
7039,
7040,सोवि हु कविलो नरए अणुहविउं दारुणं महं दुक्खं
7041,सागरमेगं अहियं आउं भोत्तूण उव्वट्टो // शुर्शुछ.६१
7042,
7043,जाओ मगहाविसए आभीरो साभडॊत्ति नामेण
7044,काऊण य बालतवं भवणवई सो सुरो जाओ // शुर्शुछ.६२
7045,
7046,परमाहम्मियदेवो उवरुद्दो नाम सो तहिं जाओ
7047,दट्ठूण ममं इहइं समागओ आसुरुत्तॊत्ति // शुर्शुछ.६३
7048,
7049,सुमरन्तो तं वइरं समागओ तेण मह वहठ्ठाए
7050,एयं वइरनिमित्तं समासओ तुह मए सिट्ठं // शुर्शुछ.६४
7051,
7052,भो चित्तवेग! तत्तो पुणरवि सो केवली मए पुट्ठो
7053,भयवं! केत्तियमाउं कत्थं व मह होज्ज उप्पत्ती? // शुर्शुछ.६५
7054,
7055,
7056,[प. ३५०]
7057,को व पिया मह होही बोहिस्सइ को जिणिन्दधम्मम्मि?
7058,एवं च मए भणिंओ भयवं! सो भणिउंमाढत्तो // शुर्शुछ.६६
7059,
7060,चिट्ठइ आउगसेसं एगवीसं वासकोडिकोडीओ
7061,तत्तो चइऊण तुमं आउक्खए हत्थिणपुरम्मि // शुर्शुछ.६७
7062,
7063,सिरिअमरकेउरन्नो देवीकमलावईए कुच्छिम्मि
7064,बहुउवयाइयलद्धो उववज्जिसि पुत्तभावेण // शुर्शुछ.६८
7065,
7066,[युग्मम]
7067,जणणीइ समं तत्थ य अवहरिओ पुव्ववेरियसुरेण
7068,भो चित्तवेग! खयराहिवस्स गेहम्मि वड̣धिहिसि // शुर्शुछ.६९
7069,
7070,एन्तेण मह समीवे दिव्वमणी जस्स ̣धोइओ तुमए
7071,सॊ च्चिय परमत्थपिया भविस्सइ तम्मि जम्मम्मि // शुर्शुछ.७०
7072,
7073,पासम्मि सुप्पइट्ठस्स सूरिणो पाविऊण गिहिधम्मं
7074,अह लद्धुं समणत्तं काहिसि संसारवोच्छेयं // शुर्शुछ.७१
7075,
7076,
7077,[प. ३५१]
7078,इय केवलिणा भणिए तहत्ति बहु मन्निऊण तव्वयणं
7079,ति पयक्खिणिऊण पुणो 'भिवन्दिओ सो मए भयवं // शुर्शुछ.७२
7080,
7081,तत्तो उप्पइऊणं समागओ एत्थ तुह समीवम्मि
7082,जं तं तुमए पुट्ठं तं सव्वं साहियं एयं // शुर्शुछ.७३
7083,
7084,भो चित्तवेग! सम्पइ कायव्वं जं मए तमाइससु
7085,तो भणइ चित्तवेगो सुरवर! निसुणेसु मह वयणं // शुर्शुछ.७४
7086,
7087,नहवाहणेण नीया जा सा मह भारिया सुदुक्खत्ता
7088,तयवत्थं मं दट्ठुं विलवन्ती कलुणसद्देण // शुर्शुछ.७५
7089,
7090,भुयगोहवẹ̄धियस्सवि न तारिसं आसि मज्झ मणदुक्खं
7091,जह तीए कलुणरोवणविलावसद्दं सुणन्तस्स // शुर्शुछ.७६
7092,
7093,सा कह चिट्ठइ सम्पइ न नवत्ति मज्झ साहेसु?
7094,ओहिन्नाणेण तुमं जाणसि पच्चक्खमिव सव्वं // शुर्शुछ.७७
7095,
7096,
7097,[प. ३५२]
7098,ईसिं हसिऊण तओ देवो वज्जरइ भद्द! निसुणेसु
7099,सा तुह भज्जा नीया गङ्गावत्तम्मि रुयमाणी // शुर्शुछ.७८
7100,
7101,नहवाहणेण तत्तो छụ̄धा अन्तेउरम्मि निययम्मि
7102,गुरुसोयपीडियाए किल एवं चिन्तयन्तीए // शुर्शुछ.७९
7103,
7104,सो मह दइओ तावय भीसणभुयगेहिं गहियसव्वङ्गो
7105,गुरुवेयणाए मन्ने होही पाणेण परिचत्तो // शुर्शुछ.८०
7106,
7107,अह कहमवि जइ जीवइ तहवि हु मह तेण नत्थिसञ्जोगो
7108,विज्जाबलअहिएणं पावेण इमेण हरियाए // शुर्शुछ.८१
7109,
7110,ता सम्पइ मह जुत्तं मरिउं गुरुसोयदुक्खतवियाए
7111,सुविणेवि नेव अन्नो पुरिसो मह लग्गए अङ्गे // शुर्शुछ.८२
7112,
7113,इय मन्तिऊण तीए अइउग्गविसं तु भक्खियं सहसा
7114,भञ्जिय लोयणजुयलं महीयले निवडिया तत्तो // शुर्शुछ.८३
7115,
7116,
7117,[प. ३५३]
7118,तदवत्थं तं दट्ठुं हाहासद्दो समुट्ठिओ तत्थ
7119,तं सोउं नहवाहणखयरोवि समागओ तत्थ // शुर्शुछ.८४
7120,
7121,नाऊण विसवियारं मन्ते तन्ते पउञ्जई विविहे
7122,विसनिम्महणे मणिणो आबन्धई तीए अङ्गम्मि // शुर्शुछ.८५
7123,
7124,न य तीए कोवि गुणो जाओ विसघारियाए बालाए
7125,आहूया अह बहवे विसमन्तवियाणया खयरा // शुर्शुछ.८६
7126,
7127,सव्वायरलग्गेहिवि तेहिवि पउणा न सक्किया काउं
7128,ताहे मयत्ति काउं मयकिच्चं तीए काऊण // शुर्शुछ.८७
7129,
7130,नीया पेयवणम्मी नहवाहणपरियणेण सा बाला
7131,चीयाए पक्खिविउं तत्तो उद्दीविओ जलणो // शुर्शुछ.८८
7132,
7133,[युग्मम]
7134,एत्तियमेत्तं साहइ सो देवो जाव चित्तवेगस्स
7135,धणदेव! ताव निसुणसु जं संवित्तं तहिं तइया // शुर्शुछ.८९
7136,
7137,
7138,[प. ३५४]
7139,सोउं दइयामरणं दूसहगुरुदुक्खदलियसव्वङ्गो
7140,वज्जासणिभिन्नो इव उग्गभुयङ्गेण गसिउव्व // शुर्शुछ.९०
7141,
7142,गहिउव्व रक्खसेणं पहओ इव मोग्गरेण गरुएण
7143,नीससिय दीहदीहं गुरुसोयाउरिओ खयरो // शुर्शुछ.९१
7144,
7145,मुच्छानिमीलियच्छो धसत्ति धरणीयलम्मि सो पडिओ
7146,निन्नट्ठसयलचेट्ठो सञ्जाओ विगयजीउव्व // शुर्शुछ.९२
7147,
7148,[तिस्र̥भिः कुलकम]
7149,दठ्ठूण चित्तवेगं तदवत्थं ताहे तेण देवेण
7150,सीयलजलमाणेत्ता सित्तो सो सव्वअङ्गेसु // शुर्शुछ.९३
7151,
7152,विहिओ य मए पवणो सुकोमलो निययउत्तरीएण
7153,तत्तो खणन्तराओ लद्धूणवि चेयणं कहवि // शुर्शुछ.९४
7154,
7155,पुणरुत्तं मुच्छिज्जइ अइगुरुअणुरायमोहिओ खयरो
7156,अइवल्लहमहिलाए मरणं सरिऊण दुक्खत्तो // शुर्शुछ.९५
7157,
7158,
7159,[प. ३५५]
7160,कहकहवि समासत्थो विहिओ गुरुसोयपीडिओ तहवि
7161,थूलंसुए मुयन्तो अहोमुहो चिट्ठई जाव // शुर्शुछ.९६
7162,
7163,ताव य सुरेण भणिओ महिलामेत्तस्य कारणे कीस
7164,आयसिज्जइ अप्पा एवंविहसोयकरणेणं? // शुर्शुछ.९७
7165,
7166,[युग्मम]
7167,विबुहजणनिन्दणिज्जं असमञ्जसचेट्ठियं पमोत्तूण
7168,वत्थुसरूवं सुन्दर! भावेयव्वं पयत्तेण // शुर्शुछ.९८
7169,
7170,संसारम्मि अणन्ते परिब्भमन्ताण हॊन्ति जीवाण
7171,संयोगविप्पओगा इट्ठाणिट्ठेहिं सयहुत्तं // शुर्शुछ.९९
7172,
7173,नहु हरिसो सञ्जोगे नेवं विसाओवि इट्ठविरहम्मि
7174,कायव्वो बुद्धिमया संसाररूवयं नाउं // शुर्शुछ.१००
7175,
7176,किञ्च पुव्वभवे जो तुमए अणुरागो नेव उज्झिओ तइया
7177,समणत्तणेवि पत्ते तस्य पभावाउ सग्गेवि // शुर्शुछ.१०१
7178,
7179,
7180,[प. ३५६]
7181,रिद्धिबलतेयहीणो आसि तुमं तह य एत्थ जम्मम्मि
7182,एवं विओयदुक्खं पत्तं तक्कम्मदोसेण // शुर्शुछ.१०२
7183,
7184,[युग्मम]
7185,तहवि हु अज्जवि रागं तीए उवरिं न मुञ्चसे कीस?
7186,एवंविहदुक्खाणं एसॊ च्चिय कारणं परमं // शुर्शुछ.१०३
7187,
7188,अह भणइ चित्तवेगो सुरवर! मह फुरइ दाहिणं नयणं
7189,पहसियमुहो य दीससि तुमन्ति ता कहसु परमर्त्थ // शुर्शुछ.१०४
7190,
7191,किं जीवइ सा बाला सच्चं चिय अहव सा मया वरई?
7192,जइ ताव तुमं मित्तो आसि महं अन्नजम्मम्मि // शुर्शुछ.१०५
7193,
7194,दंसिज्जउ सा सिग्घं अह नवि ता मज्झ जीवियं नत्थि
7195,लज्जामि बहु भणन्तो एसो चिय निच्छओ मज्झ // शुर्शुछ.१०६
7196,
7197,ईसिं हसिऊण तओ देवो वज्जरइ भद्द! जइ एवं
7198,ता पिट्ठओ निरूवसु जेण तयं पेच्छसे दइयं // शुर्शुछ.१०७
7199,
7200,
7201,[प. ३५७]
7202,एवं सुरेण भणिओ वलियग्गीवं निरूवई जाव
7203,ताव य विहूसियङ्गी पेच्छइ नियभारियं सहसा // शुर्शुछ.१०८
7204,
7205,तं दट्ठु चित्तवेगो ससङ्किओ नियमणम्मि वज्जरइ
7206,सुरवर! साहसु सच्चं हासं मोत्तूण मह इण्हिं // शुर्शुछ.१०९
7207,
7208,किंवा सच्चिय एसा नहवाहणअवहिया महं दइया
7209,मह आसासणहेउं सुरमाया अह तुमे विहिया? // शुर्शुछ.११०
7210,
7211,जइ ताव विसं भक्खिय मह विरहे सा मया सुदुक्खत्ता
7212,ता कह इह जीवन्ती सम्पत्ता अक्खयसरीरी? // शुर्शुछ.१११
7213,
7214,"तत्तो य भणइ देवो सच्चिय एसा, न होइ सुरमाया"
7215,अवहरिय सा मए इहाणिया तहय निसुणेसु // शुर्शुछ.११२
7216,
7217,केवलिमहिमं काउं आगच्छन्तेण तुह समीवम्मि
7218,ओहिन्नाणेण मए दिट्ठा तुह भारिया एसा // शुर्शुछ.११३
7219,
7220,
7221,[प. ३५८]
7222,कयमरणज्झवसाणा तत्तो य मए विचिन्तियं एयं
7223,गहिऊण इमं पच्छा गच्छिस्सं मित्तपासम्मि // शुर्शुछ.११४
7224,
7225,इय चिन्तिय पत्तो हं गङ्गावत्तम्मि तम्मि नयरम्मि
7226,विसवेयविहुरियङ्गी दिट्ठा य मए इमा तत्थ // शुर्शुछ.११५
7227,
7228,हन्तूण मन्तसत्तिं सव्वेसिं थम्भियं मए उ विसं
7229,तत्तो मयत्ति कलिउं मयकिच्चं तीए काऊणं // शुर्शुछ.११६
7230,
7231,नीया पेयवणम्मी नहवाहणपरियणेण सा बाला
7232,चीयाए पक्खिविउं जाहे उज्जालिओ जलणो // शुर्शुछ.११७
7233,
7234,ताहे अवहरिय विसं धेत्तूण इमं समागओ इहइ
7235,तुज्झ समीवे ताव य एस विगप्पो महं जाओ // शुर्शुछ.११८
7236,
7237,[तिस्र̥भिः कुलकम]
7238,सोउं इमीइ मरणं किं मन्ने एस कुणइ मह मित्तो
7239,किं दढरागो अज्जवि अहवावि हु पयणुरागॊत्ति // शुर्शुछ.११९
7240,
7241,
7242,[प. ३५९]
7243,इय चिन्तिऊण एसा अद्दिस्सा सुयणु! तुह मए विहिया
7244,नाऊण निच्छयं ते इण्हिं पुण पयडिया भद्द! // शुर्शुछ.१२०
7245,
7246,ता मा कुण आसङ्कं सच्चिय एसा उ कणगमालत्ति
7247,इय भणिए सो खयरो पहसियवयणो दढं जाओ // शुर्शुछ.१२१
7248,
7249,अह पणमिय तं देवं कयञ्जली भणइ चित्तवेगो सो
7250,अइनेहो दक्खिन्नं अहो णु ते मित्तवच्छल्लं // शुर्शुछ.१२२
7251,
7252,परउवयाररया इह महानुभावा भवन्ति पयईए
7253,अणुवकयावि परेणं वट्टन्ति सयावि उवयारे // शुर्शुछ.१२३
7254,
7255,तुमए दिन्नं जीयं मणसन्तावो तुमे य निव्वविओ
7256,अणहसरीसा एसा तुमए मज्झ उवणीया // शुर्शुछ.१२४
7257,
7258,आउलमणस्स पुव्विं तुमए जं किञ्चि मज्झ उवइट्ठं
7259,सव्वं भरियघडस्सव तं मह पासेण बोलीणं // शुर्शुछ.१२५
7260,
7261,
7262,[प. ३६०]
7263,तुज्झ पभावा सुरवर! जाओ हं सत्थमाणसो इण्हिं
7264,कायव्वं जं किञ्चिवि सम्पइ आइससु तं सव्वं // शुर्शुछ.१२६
7265,
7266,भणियं देवेण तओ हवइ हु देवाण दंसणममोहं
7267,तो भणसु भद्द! किञ्चिंवि जेण तयं तुह पयच्छामि // शुर्शुछ.१२७
7268,
7269,तो भणइ चित्तवेगो जइ एवं देसु मज्झ तं किञ्चि
7270,नहवाहणखयरो जह न सक्कए मं पराभविउं // शुर्शुछ.१२८
7271,
7272,भणियं देवेण तओ महिलासहियस्स पहरिओ जं सो
7273,विज्जाहरकयमेरं विंलधिउं दप्पवामụ̄धो // शुर्शुछ.१२९
7274,
7275,तेणेव कारणेणं विज्जाच्छेओ इमस्स सञ्जाओ
7276,ता सम्पइ असमत्थो भद्द! तुमं सो पराभविंउ // शुर्शुछ.१३०
7277,
7278,अन्नं च. 
7279,
7280,किल पुव्ववेरिएणं अवहरिओ जायगरुयरोसेण
7281,तो चित्तवेग! खयराहिवस्स गेहम्मि वड̣धिहिसि // शुर्शुछ.१३१
7282,
7283,
7284,[प. ३६१]
7285,इय तइया केवलिणा भाविभवं मज्झ साहयन्तेण
7286,आइट्ठं ता तुमए होयव्वं खयरनाहेण // शुर्शुछ.१३२
7287,
7288,[युग्मम]
7289,वेयड्ढदक्खिणाए सẹ̄धीए सयलखयरनाहाणं
7290,"सामिं करेमि सम्पइ तुमन्ति, किं एत्थ अन्नेण? // शुर्शुछ.१३३"
7291,
7292,मज्झ पभावाओ तुह सव्वाओ चेव खयरविज्जाओ
7293,होहिन्ति पạधियसिद्धा अहियाओ अन्नखयरेहिं // शुर्शुछ.१३४
7294,
7295,परविज्जाणं छेयं मन्ताण ओसहीण अहलत्तं
7296,काहिसि इच्छाए तुमं खयराणं वयणमत्तेणं // शुर्शुछ.१३५
7297,
7298,अइदप्पियावि खयरा आणानिद्देसकारिणो सव्वे
7299,होहिन्ति विणयपणया मज्झ पभावाओ तुह भद्द! // शुर्शुछ.१३६
7300,
7301,ता इण्हिं गन्तूणं वेयड̣धे सिद्धकूडसिहरम्मि
7302,सासयजिणपडिमाणं महिमं अट्ठाहिअं काउं // शुर्शुछ.१३७
7303,
7304,
7305,[प. ३६२]
7306,अब्भत्थिय धरणिन्द सव्वाओ तुज्झ खयरविज्झाओ
7307,दाउण जहाविहिणा गच्छिस्सं ताहि सट्ठाणं // शुर्शुछ.१३८
7308,
7309,[युग्मम]
7310,एवं सुरेण भणिओ पयजुयलं पणमिऊण से खयरो
7311,सुरवर! महापसाओ एवं होउत्ति वज्जरइ // शुर्शुछ.१३९
7312,
7313,बहुमाणजुयं तत्तो आभासित्ता ममं तु सो खयरो
7314,धणदेव! मह समप्पिय मणिमेयं गुरुपमोएण // शुर्शुछ.१४०
7315,
7316,देवेण तेण सहिओ सह महिलाए नहम्मि उप्पइओ
7317,अहयम्पि तओ तत्तो समागओ निययठाणम्मि // शुर्शुछ.१४१
7318,
7319,[युग्मम]
7320,ता भो धणदेव! मए एएण कमेण पाविओ एस
7321,बहुपुन्नपावणिज्जो मणी मणाणन्दसञ्जणणो // शुर्शुछ.१४२
7322,
7323,दियलोयसमुप्पन्नो पवरो एसो मणी महाभाग!
7324,निस्सेसदोससमणो विसेसओ विससमूहस्स // शुर्शुछ.१४३
7325,
7326,
7327,[प. ३६३]
7328,ता धणदेव! महायस! गेण्हसु एयं तुमं मणिं दिव्वं
7329,"सयलगुणेगनिहाणं मह अणुरोहेण, किं बहुणा // शुर्शुछ.१४४"
7330,
7331,एयं निसम्म वयणं कुसलो भणिईसु भणइ धणदेवो
7332,भो रायसुय! जमेयं तुमए सह दंसणं मज्झ // शुर्शुछ.१४५
7333,
7334,जं च इमं अच्चतं वयणं सब्भावगब्भिणं भद्द!
7335,तं चेव मज्झ मणिसयसहस्सलक्खाण अब्भहियं // शुर्शुछ.१४६
7336,
7337,अह भणइ सुप्पइट्ठो निसम्म धणदेवभासियं वयणं
7338,अत्थि य एयं धणदेव! किन्तु अहयम्पि एयम्मि // शुर्शुछ.१४७
7339,
7340,गहिए दिव्वमणिम्मी तुमए मन्ने कयत्थमप्पाणं
7341,ता भो मह धिइहेउं किज्जउ मणिगहणमवियप्पं // शुर्शुछ.१४८
7342,
7343,[युग्मम]
7344,नाउं अइनिबन्धं गहिओ विणिएण सो मणी पवरो
7345,अह भणइ सुप्पइट्ठो पुणरवि धणदेवमासज्ज // शुर्शुछ.१४९
7346,
7347,
7348,[प. ३६४]
7349,गन्तूण कुसग्गपुरे नियत्तमाणेण नियपुराभिमुहं
7350,आगन्तव्वं इहइं अम्हाण अणुग्गहट्ठाए // शुर्शुछ.१५०
7351,
7352,भणियं धणदेवेणं होउ अविग्धेण ताव समओ सो
7353,जं एसो चिय मग्गो नियत्तमाणाणमम्हाण // शुर्शुछ.१५१
7354,
7355,एवं कयसम्भासो रयणिं गमिऊण तस्स गेहम्मि
7356,पत्ते पभायसमए संवụ̄धे सयलसत्थम्मि // शुर्शुछ.१५२
7357,
7358,तव्वेलसमुचियं सो कायव्वं काउं निग्गओ तत्तो
7359,नियपरियणसहिएणं पल्लीवइणा 'णुगम्मन्तो // शुर्शुछ.१५३
7360,
7361,[युग्मम]
7362,कहकहवि नियत्तेउं ससोयवयणं तु पल्लीनांहं तं
7363,सत्थेण समं चलिओ धणदेवो वेसरारụ̄धो // शुर्शुछ.१५४
7364,
7365,कालेण य सम्पत्तो कुसग्गनयरम्मि वणियसञ्जुत्तो
7366,घेत्तुं महग्धमुल्लं दरिसणयं नरवइसमीवे // शुर्शुछ.१५५
7367,
7368,
7369,[प. ३६५]
7370,सम्पत्तो नरवाहणरन्ना बहु मन्निओ तओ तेण
7371,सुङ्कवइ सयलभण्डं पञ्चउलं सक्खिणं काउं // शुर्शुछ.१५६
7372,
7373,[युग्मम]
7374,सागरसेट्ठिस्स तओ भवणेसु भाडएण गहिएसु
7375,उत्तारियं तु भण्डं सव्वम्पि निउत्तपुरिसेहिं // शुर्शुछ.१५७
7376,
7377,उत्तरइ य पइदियहं भण्डं तह घेप्पए य पडिभण्डं
7378,एवं च कइवि मासा वोलीणा तत्थ नयरम्मि // शुर्शुछ.१५८
7379,
7380,सागरसेट्ठिसुएणं सिरिदत्तेण समं तु एयस्स
7381,सञ्जाया गुरुपीई सम्बवहारं करेन्तस्स // शुर्शुछ.१५९
7382,
7383,अह अन्नया य नीओ निययगिहे भोयणस्स कज्जेण
7384,महया उवरोहेणं सिरिदत्तेणं तु धणदेवो // शुर्शुछ.१६०
7385,
7386,तत्थ य गएण दिट्ठा सिरिकन्ता पवररूवसम्पन्ना
7387,भगिणी सिरिदत्तस्स उ कन्ना नवजोव्वणारम्भा // शुर्शुछ.१६१
7388,
7389,
7390,[प. ३६६]
7391,सा तालियण्टहत्था वीएन्ती भोयणं करेन्तेण
7392,सच्चविया पच्चङ्गं अब्भुववन्नो तओ एसो // शुर्शुछ.१६२
7393,
7394,तीएव ससिणेहं अवङ्गदिट्ठीए पुलइओ एसो
7395,अह चिन्तइ धणदेवो तीए रूवेण अक्खित्तो // शुर्शुछ.१६३
7396,
7397,"जइ ताव इमा कन्ना, देन्ति य जइ मे विमग्गिया एए"
7398,ता होज्ज मह कयत्थो दइयाए इमाए मणुयभवो // शुर्शुछ.१६४
7399,
7400,कह होज्ज मज्झ एसा मग्गामि सयम्पि अहव अन्नेण
7401,"जइ दाहिन्ति न मज्झं विमग्गिया, होज्ज लहुयत्तं // शुर्शुछ.१६५"
7402,
7403,अहवा समाणजाई धणवन्तो वसणवज्जिओ तह य
7404,एसावि जोव्वणत्था तम्हा दाहिन्ति मह एए // शुर्शुछ.१६६
7405,
7406,एवं विचिन्तयन्तो काऊणं भोयणं तु धणदेवो
7407,सिरिदत्तेण विइन्ने तम्बोलविलेवणाइम्मि // शुर्शुछ.१६७
7408,
7409,
7410,[प. ३६७]
7411,गेहाओ नीहरिओ गन्तूणं निययवासठाणम्मि
7412,सिरिकन्ताहयहियओ पासुत्तो पवरसयणीए // शुर्शुछ.१६८
7413,
7414,[युग्मम]
7415,एत्तो य मयणवसगा सिरिकन्ता रणरणेण अभिभूया
7416,गन्तूण गिहुज्जाणे पासुत्ता कयलिगेहम्मि // शुर्शुछ.१६९
7417,
7418,तत्थयवक्खित्तमणा कसिणभुयङ्गेण बाहुमूलम्मि
7419,दट्ठा द्ठ्ठूण अहिं अईवभयवेविरसरीरा // शुर्शुछ.१७०
7420,
7421,आगम्म माउमूले रुयमाणी भणइ वेयणपरट्ठा
7422,अम्मो! खद्धा खद्धा अहयं गुरुकसिणसप्पेण // शुर्शुछ.१७१
7423,
7424,[युग्मम]
7425,पेलवसत्तत्तणओ उक्कडयाए य विसवियारस्स
7426,वेयणाए पभूयत्ता सभयत्ता इत्थिभावस्स // शुर्शुछ.१७२
7427,
7428,मीलियलोयलजुयलं नीसाहारा धसत्ति धरणीए
7429,विहलन्धला निवडिया जणणीए पेच्छमाणीए // शुर्शुछ.१७३
7430,
7431,
7432,[प. ३६८]
7433,तं दट्ठुं सिरिमइणा सागरसेट्ठी तहेव सिरिदत्तो
7434,तह सयलपरियणो सो सहसति समाउलीभूओ // शुर्शुछ.१७४
7435,
7436,ताहे बहुगारुडिया हक्कारिज्जन्ति मन्ततन्तविऊ
7437,कीरन्ति मन्तजावा तह वट्टिज्जन्ती मूलीओ // शुर्शुछ.१७५
7438,
7439,धारेन्ति धारणाओ केवि हु कन्नम्मि दिन्ति से जावं
7440,कलुणं विलवइ जणणी सन्धीरइ से पिया एवं // शुर्शुछ.१७६
7441,
7442,सुन्दरि! मा कुण सोयं एयं नेमित्तियं तयं वयणं
7443,सम्पइ पयडीहोही दइए! जामाउओ तुज्झ // शुर्शुछ.१७७
7444,
7445,अविसंवाई जं सो सुमई नेमित्तिओ तहा सुयणु!
7446,कमलावईए सव्वं निव्वडियं तेण आइट्ठं // शुर्शुछ.१७८
7447,
7448,एवं च वट्टमाणे जाहे न चइन्ति तत्थ गारुडिया
7449,सव्वायरलग्गावि हु विसवियणं से नियत्तेउं // शुर्शुछ.१७९
7450,
7451,
7452,[प. ३६९]
7453,तत्तो तीए विसन्नो सव्वोवि हु परियणो पिया भाया
7454,चिन्तेन्ति य किं होही अलियं नेमित्तियाइट्ठं? // शुर्शुछ.१८०
7455,
7456,पुणरवि य तम्मि नयरे डिण्डिमसद्देण सव्वगारुडिया
7457,वाहरिया न य केणवि उट्ठविया सप्पदट्ठा सा // शुर्शुछ.१८१
7458,
7459,एत्थन्तरम्मि केणवि पओयणेणं समागओ तत्थ
7460,धणदेवो अह पेच्छइ समाउलं परियणं सव्वं // शुर्शुछ.१८२
7461,
7462,अह दट्ठुं सिरिदत्तं पुच्छइ किं मित्त! आउला तुब्भे?
7463,"दीसह विद्दाणमुहा, अह सिरिदत्तो इमं भणइ // शुर्शुछ.१८३"
7464,
7465,सिरिकन्ता मह भगिणी कन्ना सप्पेण अज्ज दट्ठत्ति
7466,न उ जीवावइ कोवि हु तेणम्हे आउला मित्त! // शुर्शुछ.१८४
7467,
7468,अन्नं च. 
7469,
7470,नेमित्तिएण पुव्वं आइट्ठं आसि सप्पडसियं जो
7471,उज्जीविस्सइ एयं होही एयाए सो भत्ता // शुर्शुछ.१८५
7472,
7473,
7474,[प. ३७०]
7475,एयं च तस्स वयणं अलियप्पायं तु सम्पइं जायं
7476,जं सा अहिणा डक्का न य कोवि हु तं समुट्ठवइ // शुर्शुछ.१८६
7477,
7478,धणदेव! तओ अम्हं सम्पइ तुट्टा ओ जीवियव्वासा
7479,अइवल्लहभगिणीए तेणम्ह सोगाउला धणियं // शुर्शुछ.१८७
7480,
7481,इय सोउं धणदेवो सहरिसचित्तो समुल्लवइ एवं
7482,मा कुण सोयं सुन्दर! न होइ अलियं तयं वयणं // शुर्शुछ.१८८
7483,
7484,"दे! पिच्छामो ताव य तुह भगिणिं, तेण एवमुल्लविए"
7485,नीओ तीए समीवे धणदेवो भणइ नियपुरिसं // शुर्शुछ.१८९
7486,
7487,तं सुपइट्ठदिन्नं आणेसु मणिन्ति ताहे सो पुरिसो
7488,घित्तुं लहु दिव्वमणिं समागओ तस्स पासम्मि // शुर्शुछ.१९०
7489,
7490,विमलसलिलेण सित्तो दिव्वमणी ताहे तेण नीरेण
7491,अब्भोक्खिया सलीलं समुट्ठिआ सुहपसुत्तव्व // शुर्शुछ.१९१
7492,
7493,अविय. 
7494,
7495,
7496,[प. ३७१]
7497,तीए तं देहगयं सप्पविसं मणिजलेण संसित्तं
7498,सुक्कज्झाणाभिहयं नट्ठं कम्मंव मोहणियं // शुर्शुछ.१९२
7499,
7500,तं दट्ठुं सिरिदत्तो सागरसिट्ठी य हरिसिया दोवि
7501,पिसुणन्ति तुज्झ एसा दिन्ना धणदेव! सिरिकन्ता // शुर्शुछ.१९३
7502,
7503,तत्तो सोहणलग्गे परिणीया उच्छवेण महया उ
7504,तीए सो अणुरत्तो विसयसुहं भुञ्जए तत्थ // शुर्शुछ.१९४
7505,
7506,जा तत्थ कइवि मासे चिट्ठइ सो तीए जोव्वणासत्तो
7507,ताव य सव्वं भण्डं विक्कीयं तस्स पुरिसेहिं // शुर्शुछ.१९५
7508,
7509,पडिभण्डं पिहु गहियं संवụ̄धा सयलसत्थिया ताहे
7510,धणदेवो आपुच्छइ गमणत्थं ससुरवग्गं तं // शुर्शुछ.१९६
7511,
7512,अह भूरिदविणजुत्ता दासीदासाइपरियणसमग्गा
7513,सिरिकन्ता नियपिउणा पट्ठविया भत्तुणा समयं // शुर्शुछ.१९७
7514,
7515,
7516,[प. ३७२]
7517,पुव्वुद्दिट्ठकमेणं धणदेवो गरुयसत्थपरियरिओ
7518,चलिओ नियनयरम्मि कुसग्गनयराउ सुहदिवसे // शुर्शुछ.१९८
7519,
7520,अह कमसो सम्पत्तो सीहगुहासन्नभूपएसम्मि
7521,आवासियम्मि सत्थे धणदेवो चिन्तए एवं // शुर्शुछ.१९९
7522,
7523,तइया पल्लीवइणा भणिओ उ अहं अवस्समेन्तेण
7524,आगन्तव्वं तुमए मह धिइहेउन्ति ता इण्हिं // शुर्शुछ.२००
7525,
7526,आसन्ना सा वट्टइ पल्ली ता सिग्घमेव गच्छामि
7527,दठ्ठूण सुप्पइट्ठं पुणरवि इहमागमिस्सामि // शुर्शुछ.२०१
7528,
7529,इय चिन्तिऊण कइवयपुरिसजुओ वेसरीए आरụ̄धो
7530,सम्पत्तो अह पेच्छइ सीहगुहं सव्वओ दड्ढं // शुर्शुछ.२०२
7531,
7532,अविय. 
7533,
7534,जालालुङ्खियनिवडियगोमहिसकरङ्ककलियपेरन्तं
7535,पेरन्तसत्थविणिहयहयरुहिरपवाहदुग्गन्धं // शुर्शुछ.२०३
7536,
7537,
7538,[प. ३७३]
7539,दुग्गन्धधरणिनिवडियभडमंसवसापसत्तबहुसुणहं
7540,सुणहभयंमुक्कमाणुसकरङ्कसिवमुक्कफेक्कारं // शुर्शुछ.२०४
7541,
7542,फेक्कारसवणसन्तट्ठभीरुउड्डीणगिद्धसिसुनिवहं
7543,सिसुनिवहहत्थसन्दड्ढभिल्लजुवईहिं दुप्पिच्छं // शुर्शुछ.२०५
7544,
7545,दुप्पिच्छजलणजालापलुट्ठभिल्लोहभवणबीभच्छं
7546,बीभच्छजलणकवलियमयमाणुससयसमाइन्नं // शुर्शुछ.२०६
7547,
7548,तं दट्ठुं धणदेवो एवं वज्जरइ हा! किमेयन्ति
7549,अइविसमावि हु पल्ली केण इमा हन्दि! दड्ढत्ति? // शुर्शुछ.२०७
7550,
7551,एत्थन्तरम्मि केणवि करङ्कमज्झट्ठिएण वज्जरियं
7552,धणदेव! एही एत्तो अहयं सो देवसम्मॊत्ति // शुर्शुछ.२०८
7553,
7554,पलिच्छिन्नचलणजुयलो गुरुपहरणघायजज्जरियदेहो
7555,गाढं तिसाभिभूओ अज्जवि चिट्ठामि जीवन्तो // शुर्शुछ.२०९
7556,
7557,
7558,[प. ३७४]
7559,तं सोउं धणदेवो पुरिसं पट्ठविय पाणियनिमित्तं
7560,अइगुरुविसायजुत्तो पत्तो अह तस्य पासम्मि // शुर्शुछ.२१०
7561,
7562,भणियं धणदेवेणं साहसु भो! केण विलसियं एयं
7563,सो कत्थ सुप्पइट्ठो अह सो सणियं समुल्लवइ // शुर्शुछ.२११
7564,
7565,एत्तो तइयम्मि दिणे सिद्धपुराओ समागओ पुरिसो
7566,एगन्तम्मि य सिट्ठं तेण इमं पल्लिनाहस्स // शुर्शुछ.२१२
7567,
7568,कुमर! अहं पट्ठविओ तुहपिउवरमन्तिसुमइनामेण
7569,"भणियं च तेण, एयं साहेज्जसु सुप्पइट्ठस्स // शुर्शुछ.२१३"
7570,
7571,सुग्गीवस्सिह रन्नो अतिसुरयपसङ्गदोसओ जाओ
7572,खयवाही तेण इमो चेट्ठइ खणजीवियव्वॊत्ति // शुर्शुछ.२१४
7573,
7574,एसोवि सुरहकुमरो सन्तावइ सयलपयइवग्गं तु
7575,दुस्सीलो उल्लुण्ठो असब्भभासी अकज्जरओ // शुर्शुछ.२१५
7576,
7577,
7578,[प. ३७५]
7579,तह एयस्स विरत्ता सामन्तमहन्तमाइया सव्वे
7580,"रज्जसिरीए अजोगो, तं चेव य कुमर! जोगो सि // शुर्शुछ.२१६"
7581,
7582,तुज्झ पुण वहट्ठाए कणगवईए पभूयविक्खेवो
7583,पट्ठविओ ता तुमए रक्खेयव्वं नियसरीरं // शुर्शुछ.२१७
7584,
7585,एवं च जाव साहइ सो पुरिसो भद्द! पल्लिनाहस्स
7586,ताव य सो विक्खेवो पभूयरहतुरयपाइक्को // शुर्शुछ.२१८
7587,
7588,सहसच्चिय सम्पत्तो समन्तओ वẹ̄धिया इमा पल्ली
7589,अह भिल्लनिवहसहिओ नीहरिओ सुप्पइट्ठोवि // शुर्शुछ.२१९
7590,
7591,[युग्मम]
7592,बहुजणसंहारकरं लग्गं आओहणं महाघोरं
7593,निहया बहवो भिल्ला विजिया अम्हे परबलेणं // शुर्शुछ.२२०
7594,
7595,गहिऊण तओ सारं सव्वं डहिऊण सीहगुहमेयं
7596,काउं हयविप्पहयं विणिग्गयं परबलं तत्तो // शुर्शुछ.२२१
7597,
7598,
7599,[प. ३७६]
7600,अहयम्पि हु जुज्झन्तो एयमवत्थन्तरं इहं पत्तो
7601,धणदेव! नेव जाणे किं जायं सुप्पइट्ठस्स // शुर्शुछ.२२२
7602,
7603,पञ्चनमोकारो अह दिन्नो सम्मत्तवयसमेओ से
7604,तेणवि य भावसारं पुणरुत्तं भणिउमाढत्तो // शुर्शुछ.२२३
7605,
7606,एत्थन्तरम्मि पुरिसो सलिलं धित्तूण आगओ तत्थ
7607,धणदेवो भणइ तओ पियसु जलं देवसम्म! इमं // शुर्शुछ.२२४
7608,
7609,अह सो जलं पिबन्तो अइतण्हासुसियतालुयत्तणओ
7610,गुरुवेयणापरिगओ सहसा पाणेहिं परिचत्तो // शुर्शुछ.२२५
7611,
7612,धणदेवोवि हु अइगुरुसोगो डहिऊण तस्स तं देहं
7613,सव्वम्पि समरभूमिं जोयावइ निययपुरिसेहिं // शुर्शुछ.२२६
7614,
7615,न य कत्थइ उवलद्धं करङ्कमेत्तम्पि पल्लिनाहस्स
7616,तत्तो चिन्तइ एसो हा! धी! विहिणो विलसियस्स // शुर्शुछ.२२७
7617,
7618,
7619,[प. ३७७]
7620,तारिसगुणजुत्तस्सवि सरलसहावस्स सुप्पइट्ठस्स
7621,निग्घिणकणगवईए हा! हा! कह दारुणं विहियं? // शुर्शुछ.२२८
7622,
7623,माइन्दजालसरिसं सव्वं एयम्मि हन्दि! संसारे
7624,खणदिट्ठनट्ठरूवं धणपरियणजीवियव्वाइं // शुर्शुछ.२२९
7625,
7626,न य नज्जइ किं जायं महाणुभावस्स सुप्पइट्ठस्स
7627,किं जीवइ अहव मओ सङ्गामे एत्थ जुज्झन्तो? // शुर्शुछ.२३०
7628,
7629,एमाइ चिन्तयन्तो धणदेवो आगओ निजे सत्थे
7630,अह कमसो सम्पत्तो सत्थजुओ हत्थिणपुरम्मि // शुर्शुछ.२३१
7631,
7632,तुट्ठाओ जणणिजणया सव्वे आणन्दिया वयंसा से
7633,सोहणदिवसे वहुया पवेसिया निययगेहम्मि // शुर्शुछ.२३२
7634,
7635,अह पुव्वसिणेहेणं सिरिकन्ता सासुयाइणुन्नाया
7636,नियचेडिजुया पत्ता कमलावइदेविगेहम्मि // शुर्शुछ.२३३
7637,
7638,
7639,[प. ३७८]
7640,दट्ठुं पुव्ववयंसिं वियसियमुहपङ्कया महादेवी
7641,अइगरुयसिणेहेणं उट्ठिय आलिङ्गए एयं // शुर्शुछ.२३४
7642,
7643,भणइ य वयंसि! उक्कण्ठियाए दिट्ठा पभूयकालाओ
7644,अइसोहणं हि जायं जं सासुरयम्पि तुहवि एत्थ // शुर्शुछ.२३५
7645,
7646,जं तुमए दिट्ठाए दिट्ठं मन्नामि पिइहरं सव्वं
7647,इय भणिउं देवीए उचियपवित्ती कया तीए // शुर्शुछ.२३६
7648,
7649,उवविट्ठाओ दोन्निवि कुसलपवित्ती य साहिया सव्वा
7650,खणमेगं सम्भासं काऊण भणइ सिरिकन्ता // शुर्शुछ.२३७
7651,
7652,गच्छामि इण्हि गेहे तत्तो कमलावई इमं भणइ
7653,पइदियहं अइ! तुमए आगन्तव्वं मह समीवे // शुर्शुछ.२३८
7654,
7655,भणियं सिरिकन्ताए एवं काहामि एवं भणिऊणं
7656,देवीए अणुन्नाया समागया निययगेहम्मि // शुर्शुछ.२३९
7657,
7658,
7659,[प. ३७९]
7660,एवं सिरिकन्ताए ससुरकुले तत्थ अच्छमाणीए
7661,कमलावईदेवीए समयं गुरुपीइजुत्ताए // शुर्शुछ.२४०
7662,
7663,धणदेवेणं समयं विसयसुहं सम्ममणुहवन्तीए
7664,बहुयाओ अइक्कन्ता वासाणं कोडिकोडीओ // शुर्शुछ.२४१
7665,
7666,[युग्मम]
7667,अह अन्नया कयाइवि रिउण्हाया भत्तुणा समं सुत्ता
7668,रयणीचरिमजामे सुमिणं पासित्तु पडिबुद्धा // शुर्शुछ.२४२
7669,
7670,अह भणइ मए पिययम! सुमिणे चन्दो मुहेण पविसन्तो
7671,"दिट्ठो, तं दठ्ठूणं सहसा बुद्धा तओ अहयं // शुर्शुछ.२४३"
7672,
7673,भणियं धणदेवेणं सुन्दरि! पुत्तो भविस्सए तुज्झ
7674,सयलवणिवग्गपवरो इय एवं सूयए सुमिणं // शुर्शुछ.२४४
7675,
7676,भणियं सिरिकन्ताए एवं पिय! होउ वयणयं सच्चं
7677,सासमदेवीपभावा बद्धो एसो मए गण्ठी // शुर्शुछ.२४५
7678,
7679,
7680,[प. ३८०]
7681,तीए चिय रयणीए तीए कुच्छिंसि गब्भसम्भूई
7682,जाता कमेण जाव य बोलीणा दोन्नि मासा से // शुर्शुछ.२४६
7683,
7684,तइयम्मि पुणो मासे दोहलओ तीए अभयदाणम्मि
7685,जाओ धणदेवेणवि सिट्ठे सो पूरिओ तीए // शुर्शुछ.२४७
7686,
7687,अह उवचियगब्भा पूरिए दोहलम्मी पसवणसमयम्मी आगयम्मी सुहेण
7688,सुहगहनिवहम्मी उच्चठाणट्ठियम्मी सुहकरणमुहुत्ते दारयं सा पसूया // शुर्शुछ.२४८
7689,
7690,साहुधणेसरविरइयसुबोहगाहासमूहरम्माए
7691,रागग्गिदोसविसहरपसमणजलमन्तभूयाए // शुर्शुछ.२४९
7692,
7693,एसोवि परिसमप्पइ सिरिकन्तातणयपसवणो नाम
7694,सुरसुन्दरिनामाए कहाए नवमो परिच्छेओ // शुर्शुछ.२५०
7695,
7696,
7697,
7698,---------------------------------------------------------------------
7699,
7700,[प. ३८१]
7701,[दशमः परिच्छेदः]
7702,
7703,तक्कम्मकुसलविलयासमूहविहियम्मि सूइकम्मम्मि
7704,हल्लुत्तावलिगिहदासिविहियतक्कालकरणिज्जे // शुर्शुछ.१
7705,
7706,सहरिसपरियणवज्जरियवज्जसुयजम्महरिसियमणेण
7707,धणधम्मसेट्ठिणा अह वद्धावणयं समाढत्तं // शुर्शुछ.२
7708,
7709,[युग्मम]
7710,अविय. 
7711,
7712,गहियक्खवत्तपविसन्तनयरनारीजणोहरमणीयं
7713,रमणीयणमुहमण्डण- वावडनियबन्धुवरदारं // शुर्शुछ.३
7714,
7715,वरदारग्गनिवेसियवन्दणमालासणाहसियकलसं
7716,सियकलसहत्थपविसन्तवट्टकिज्जन्तकलसद्दं // शुर्शुछ.४
7717,
7718,
7719,[प. ३८२]
7720,कलसद्दपउरपाउलमङ्गलसङ्गीयपरवपेक्खणयं
7721,पेक्खणयपिक्खक्खित्तलोयदिज्जन्ततम्बोलं // शुर्शुछ.५
7722,
7723,[तिस्र̥भिः कुलकम]
7724,अविय. 
7725,
7726,घोसियजीवा 'घाओ मोयावियविउलबन्दिनि उरम्बो
7727,दिज्जन्तविविहदाणो दीणाणाहाइसुहजणओ // शुर्शुछ.६
7728,
7729,पइजिणमन्दिरकिज्जन्तवज्जवरमज्जणाइवावारो
7730,वरवत्थमाइएहिं संमाणियसाहुसन्दोहो // शुर्शुछ.७
7731,
7732,भोजियसयणसमूहो संमाणियवणियनायरमहलल्लो
7733,जणजणियचमक्कारो सुयजम्ममहूसवो विहिओ // शुर्शुछ.८
7734,
7735,एवं कयकायव्वो सम्पत्ते बारसम्मि दियहम्मि
7736,गहिऊण दरिसणीयं सम्पत्तो राइणो मूलं // शुर्शुछ.९
7737,
7738,कयविणओ धणदेवो भणइ महाराय! सेट्ठिवयणेण
7739,देवीसहिएण तुमे भोत्तव्वं अम्ह गेहम्मि // शुर्शुछ.१०
7740,
7741,
7742,[प. ३८३]
7743,हसिऊं रन्ना भणियं न होइ किं सेट्ठिणो इमं गेहं?
7744,पिउसरिसो जं सेट्ठी विचिन्तगो सयलरज्जस्स? // शुर्शुछ.११
7745,
7746,तहवि हु सेट्ठी जं भणइ किञ्चि तं चेव अम्ह कायव्वं
7747,इय भणिए धणदेवो महापसाउत्ति भणिऊण // शुर्शुछ.१२
7748,
7749,नियगेहे गन्तूणं तक्कालुचियं समत्थकरणीयं
7750,नियपरियणेण कारइ आणन्दियमाणसो जाव // शुर्शुछ.१३
7751,
7752,देवीसहिओ राया करेणुयाविसरपरिगओ ताव
7753,सम्पत्तो सेट्ठिगिहे बन्दिजणुग्घुट्ठजयसद्दो // शुर्शुछ.१४
7754,
7755,[तिस्र̥भिः कुलकम]
7756,कयमङ्गलोवयारो उत्तरिय करेणुयाइ देविजुओ
7757,वरमुत्ताहलविरइयचउक्कसीहासणे पवरे // शुर्शुछ.१५
7758,
7759,उवविट्ठो देविजुओ तत्तो य विलासिणीहिं पवराहिं
7760,आरत्तियावरणपमुहम्मि विहिम्मि विहियम्मि // शुर्शुछ.१६
7761,
7762,
7763,[प. ३८४]
7764,भुत्तो दिव्वाहारं नियपरियणसञ्जुओ जहाविहिणा
7765,गोसीसविलत्तङ्गो परिहावियदिव्ववरवत्थो // शुर्शुछ.१७
7766,
7767,[तिस्र̥भिः कुलकम]
7768,विणय नएणं तत्तो धणदेवेणं इमं तु विन्नत्तो
7769,देवीए पियभगिणी वज्जरइ इमं महाराय! // शुर्शुछ.१८
7770,
7771,पसवन्ति पिउहरम्मी पढमं किल सयलवणियजायाओ
7772,कारणवसेण केणवि सञ्जायं नेव तं मज्झ // शुर्शुछ.१९
7773,
7774,ता देविदंसणेणं इहेव किल पिउहरन्ति मन्नामि
7775,ता जइ इत्तियभूमिं आगच्छइ होइ ता लट्ठं // शुर्शुछ.२०
7776,
7777,एवं च तेण भणिए अह देवी राइणा अणुण्णाया
7778,सिरिकन्ताए समीवे सम्पत्ता कञ्चुइसमेया // शुर्शुछ.२१
7779,
7780,तत्थ य मणोरमाए विलेवणाहरणवत्थमाईहिं
7781,पूइय भणिया देवी सुयस्स नामं करेसुत्ति // शुर्शुछ.२२
7782,
7783,
7784,[प. ३८५]
7785,भणियं देवीए तओ सिट्ठिणि! तुह चेव होइ उचियमिणं
7786,तहवि तुमए भणियं कायव्वमवस्समम्हाणं // शुर्शुछ.२३
7787,
7788,गहिऊण निउच्छङ्गे तं बालं कमलकोमलकरेहिं
7789,कमलावईए भणियं सुगन्धगन्धे खिवन्तीए // शुर्शुछ.२४
7790,
7791,सिरिकन्ताए जणिओ धणदेवेणं तु बालओ एसो
7792,माउपिउअद्धनामो सिरिदेवो नाममेयस्स // शुर्शुछ.२५
7793,
7794,अइसोहणं हि नामं विहियं देवीइ इय भणन्तेण
7795,अविहवनारिगणेणं मङ्गलसद्दो समुग्घुट्ठो // शुर्शुछ.२६
7796,
7797,अह तं मणहरदेहं मुट्ठीकयकरजुयं विसालच्छं
7798,सुकुमालपाणिपायं दठ्ठूण विचिन्तए देवी // शुर्शुछ.२७
7799,
7800,धन्ना मज्झ वयंसी जीए सुओ एरिसो समुप्पन्नो
7801,जणमणनयणाणन्दो मह पुण एयम्पि न हु जायं // शुर्शुछ.२८
7802,
7803,
7804,[प. ३८६]
7805,किं मज्झ जीविएणं किंवा मह विहलगव्वरज्जेण
7806,जा नियतणयस्स मुहं पिच्छामि न मन्दभग्गत्ति // शुर्शुछ.२९
7807,
7808,एमाइ चिन्तयन्ती आभासित्ता वयंसियं निययं
7809,रन्ना सहिया देवी सम्पत्ता निययगेहम्मि // शुर्शुछ.३०
7810,
7811,तत्थ य तं चिन्तन्ती सुयजम्मुक्कण्ठिया ससोइल्ला
7812,परिचत्तदेहचिठ्ठा उव्विग्गा सयलकज्जेसु // शुर्शुछ.३१
7813,
7814,मत्ता व मुच्छिया इव सुत्तव्व मयव्व विगयसत्तव्व
7815,झाणगयजोगिणि इव उवरयनीसेसवावारा // शुर्शुछ.३२
7816,
7817,परिहायन्तसरीरा गुरुसोयायास साममुहकमला
7818,रन्ना कयाइ दिट्ठा पुठ्ठा कमलावई ताहे // शुर्शुछ.३३
7819,
7820,[तिस्र̥भिः कुलकम]
7821,देवि! तुमं किं विमणा दुब्बलदेहा य दीससे इण्हिं
7822,किं वछियं न पुज्जइ साहीणे किङ्करम्मि मए // शुर्शुछ.३४
7823,
7824,
7825,[प. ३८७]
7826,भणियं देवीए तओ अंसुजलासारासित्तसिहिणाए
7827,पिययम! तुह प्पसाया सम्पज्जइ वञ्छियं सव्वं // शुर्शुछ.३५
7828,
7829,तं नत्थि किम्पि सोक्खं तुह प्पसायाउ जं न मे पत्तं
7830,नवरं पुत्तपलोयणसोक्खं सुइणेवि नो दिट्ठं // शुर्शुछ.३६
7831,
7832,धन्नाउ ताउ नारीओ इत्थ जाओ अहो निसिं नाह!
7833,नियय थणं धयन्तं थणन्धयं हन्दि! पिच्छन्ति // शुर्शुछ.३७
7834,
7835,पच्छा परिणीयाइवि सिरिकन्ताए सुओ समुप्पन्नो
7836,तुमए मन्नायाए न पुणो मह मन्दभागाए // शुर्शुछ.३८
7837,
7838,ता देव! देसु पुत्तं अह नवि ता नत्थि जीवियं मज्झ
7839,तुट्टइ थणोवि अह एइ खीरमन्ना गई नत्थि // शुर्शुछ.३९
7840,
7841,तत्तो रन्ना भणियं एत्थत्थे कुणसु देवि! मा सोगं
7842,आराहित्ता तियसं पूरेमि मणोरहे 'वस्सं // शुर्शुछ.४०
7843,
7844,
7845,[प. ३८८]
7846,इय भणिऊणं राया काउं पूयं जिणिन्दपडिमाणं
7847,सियवसणधरो उम्मुक्कसयलमणिकञ्चणाहरणो // शुर्शुछ.४१
7848,
7849,पोसहसालं गन्तुं अट्ठमभत्तं पगिण्हिउं विहिणा
7850,कुससत्थरे निसन्नो एवं भणिउं समाढत्तो // शुर्शुछ.४२
7851,
7852,देवो व दाणवो वा जिणसासणभत्तिसञ्जुओ कोवि
7853,जह संनिहिओ सिग्घ आगच्छउ वञ्छियं देउ // शुर्शुछ.४३
7854,
7855,एवं च चिन्तयन्तो एगन्ते संनिरुद्धजणपसरो
7856,निच्चलदेहो चिट्ठइ राया जा तिन्नि दियहाइं // शुर्शुछ.४४
7857,
7858,ता रयणिचरिमजामे विद्धंसियसयलतिमिरसङ्घायं
7859,भासुरदेहं पुरिसं दठ्ठूण विचिन्तए राया // शुर्शुछ.४५
7860,
7861,[युग्मम]
7862,निमिसन्ति लोयणाइं ता किं एसो न होइ देवॊत्ति
7863,न य मणुयाण सरीरे जायइ एवंविहा दित्ती // शुर्शुछ.४६
7864,
7865,
7866,[प. ३८९]
7867,ता होज्ज इमो को पुण चरणावि महिं फुसन्ति नेयस्स
7868,एवं विगप्पयन्तो राया आभासिओ तेण // शुर्शुछ.४७
7869,
7870,भो अमरकेउनरवर! उग्गतवेणं किलामिओ सि न किं?
7871,एवं भणमाणो सो अब्भुट्ठिय राइणा भणिओ // शुर्शुछ.४८
7872,
7873,को सि तुमं कत्तो वा समागओ कहसु मह महाभाग!?
7874,भणियं सुरेण नरवर! कहेमि कोऊहलं जइ ते // शुर्शुछ.४९
7875,
7876,ईसाणकप्पवासी विहुप्पहो नाम सुरवरो अहयं
7877,आसन्नचवणसमओ परलोयहियं समायरिउं // शुर्शुछ.५०
7878,
7879,तित्थयरवन्दणत्थं विदेहवासम्मि आगओ आसि
7880,तत्थ मए सो भयवं आपुट्ठो निययवुत्तन्तं // शुर्शुछ.५१
7881,
7882,[युग्मम]
7883,उप्पत्ती कत्थ महं चुयस्स एत्तो भविस्सए भयवं!?
7884,तत्तो जिणेण भणियं भरहम्मि य हत्थिणपुरम्मि // शुर्शुछ.५२
7885,
7886,
7887,[प. ३९०]
7888,जो अच्छइ पुत्तत्थी पोसहसालाइ पोसहम्मि ठिओ
7889,सिरिअमरकेउराया तस्स तुमं होसि पुत्तॊत्ति // शुर्शुछ.५३
7890,
7891,[युग्मम]
7892,तव्वयणं सोऊणं समागओ राय! तुह समीवम्मि
7893,ता मा कुणसु किलेसं अहयं होहामि तुह पुत्तो // शुर्शुछ.५४
7894,
7895,गेण्हसु कुण्डलजुयलं नरिन्द! एयं तओ उ देवीए
7896,जीए इच्छसि पुत्तं दायव्वं तीइ आभरणं // शुर्शुछ.५५
7897,
7898,इय भणिउं कन्नाणं उत्तारिय कुण्डलाइं दिव्वाइं
7899,रन्नो समप्पिऊणं देवो अद्दंसणीभूओ // शुर्शुछ.५६
7900,
7901,रन्नावि रयणिविरमे गन्तुं देवीए वियसियमुहेण
7902,सुरदंसणाइ सव्वो वुत्तन्तो साहिओ तत्तो // शुर्शुछ.५७
7903,
7904,कुण्डलजुयलं अप्पिय पभायकिच्चं करित्तु नीसेसं
7905,पडिलाहिय साहुजणं सयं पभुत्तो वराहारं // शुर्शुछ.५८
7906,
7907,
7908,[प. ३९१]
7909,अह अन्नया य देवी रिउण्हाया रयणिचरिमजामम्मि
7910,दट्ठुं सुमिणं सहसा पडिबुद्धा वेविरसरीरा // शुर्शुछ.५९
7911,
7912,भणिया रन्ना सुन्दरि! कीस अकम्हाओ कम्पिया तं सि
7913,तीए भणियं पिययम! सम्पइ सुमिणं मए दिट्ठं // शुर्शुछ.६०
7914,
7915,किल कणगमओ कलसो मज्झ मुहे पविसिउं विणिक्खन्तो
7916,केणावि भञ्जणत्थं नीओ दूरं स कुद्धेण // शुर्शुछ.६१
7917,
7918,पुणरवि बहुकालाओ कहवि हु लद्धो स खीरपडिपुन्नो
7919,सियकुसुममालियाए मएवि सम्पूइओ तत्तो // शुर्शुछ.६२
7920,
7921,एयं सुमिणं दट्ठुं मुहकडुयं परिणईइ सुन्दरयं
7922,जाओ भएण कम्पो मह देहे तेण नरनाह! // शुर्शुछ.६३
7923,
7924,तं सोऊण नरिन्दो जाओ सोगाउरो दढं हियए
7925,वज्जरइ देवि! सुविणं लाभं सूएइ तणयस्स // शुर्शुछ.६४
7926,
7927,
7928,[प. ३९२]
7929,सेसं च सुविणजाणगपुच्छगविहिणा वियाणिउं तुज्झ
7930,साहिस्सं मा काहिसि उव्वेगं किञ्चि हिययम्मि // शुर्शुछ.६५
7931,
7932,तत्तो पभायसमए गन्तुं अत्थाणमण्डवे राया
7933,आणवइ सुमिणसत्थत्थजाणए झत्ति वाहरह // शुर्शुछ.६६
7934,
7935,तत्थ निउत्तनरेहिं तहेव सम्पाडियाए आणाए
7936,सामन्तमन्तिपुरनायगेहिं पुन्नम्मि अत्थाणे // शुर्शुछ.६७
7937,
7938,कयविणया सुविणन्नू उवविट्ठा अह नरिन्दआसन्ने
7939,धणदेवोवि हु रन्नो आसन्नो चेव उवविट्ठो // शुर्शुछ.६८
7940,
7941,[युग्मम]
7942,तत्तो रन्ना तेसिं सिट्ठो सुरदंसणाइवुत्तन्तो
7943,पुव्वुत्तो सव्वोवि हु सुविणगउवलम्भअवसाणो // शुर्शुछ.६९
7944,
7945,सम्मं विणिच्छिऊणं सुविणसरूवं कहेह भो! तत्तं
7946,इय भणिया ते रन्ना अन्नोन्नं जाव चिन्तिन्ति // शुर्शुछ.७०
7947,
7948,
7949,[प. ३९३]
7950,ताव य धणदेवेणं भणियं नरनाह! देसु अवहाणं
7951,सुविणपरमत्थजाणणहेउं निसुणेसु वुत्तुन्तं // शुर्शुछ.७१
7952,
7953,[युग्मम]
7954,"तओ अह अडवीए दिट्ठो भिल्लवई, तेण जह य सप्पेहिं"
7955,बद्धो उ चित्तवेगो विमोइओ मणिपभावाओ // शुर्शुछ.७२
7956,
7957,जह तेण निययचरिए सिट्ठे देवस्स आगमो आसि
7958,देवेण केवली अह दिट्ठो य कुसग्गनयरम्मि // शुर्शुछ.७३
7959,
7960,जह भाविभवं पुट्ठो केवलिणा जह य तस्स आइट्ठं
7961,सिरिअमरकेउरन्नो होहिसि पुत्तो तुमं भद्द! // शुर्शुछ.७४
7962,
7963,जणणीइ समं तत्थ य अवहरिओ पुव्ववेरियसुरेण
7964,ता चित्तवेग! खयराहिवस्स गेहम्मि वड̣धिहिसि // शुर्शुछ.७५
7965,
7966,एमाइ पुव्वउत्तं सवित्थरं साहियं नरवइस्स
7967,धणदेवेणं जाव य सम्पत्तो हत्थिणपुरम्मि // शुर्शुछ.७६
7968,
7969,
7970,[प. ३९४]
7971,ता देव! देविउदरे विहुप्पहो सो सुरो समुप्पन्नो
7972,"होही, जओ न केवलिवयणं इह अन्नहा होइ // शुर्शुछ.७७"
7973,
7974,पुव्वविरुद्धसुरेणं हरिओ खयरस्स वड̣धिओ गेहे
7975,साहियबहुविहविज्जो मिलिही सो निययजणणीए // शुर्शुछ.७८
7976,
7977,इच्छियकन्नादाणं मालाए पूयणम्पि मन्ना सि
7978,एसो नरिदं! सुविणयपरमत्थो फुरइ मह हियए // शुर्शुछ.७९
7979,
7980,एयं धणदेवस्स ओ वयणं सोऊण सुविणयन्नूहिं
7981,भणियं अहो! अउव्वं एयस्स उ बुद्धिकोसल्लं // शुर्शुछ.८०
7982,
7983,सययं तल्लिच्छेहिवि बहुसत्थवियक्खणेहिं अम्हेहिं
7984,तव्विहबुद्धिविउत्तेहिं सक्कियं नो विणिच्छेउं // शुर्शुछ.८१
7985,
7986,सुसिलिट्ठो नणु अत्थो निरूविओ राय! वणियउत्तेण
7987,सव्वेसिं अम्हाणवि सुसंमओ चेव एसॊत्ति // शुर्शुछ.८२
7988,
7989,
7990,[प. ३९५]
7991,इय भणिए ते रन्ना तम्बोलपयाणपुव्वयं सव्वे
7992,पट्ठविया तह सव्वे सामन्तमहन्तमाईया // शुर्शुछ.८३
7993,
7994,तत्तो रन्ना भणियं इण्हिं धणदेव! किमिह कायव्वं
7995,देवीइ समं अम्हं उवट्ठिए दुसहविरहम्मि // शुर्शुछ.८४
7996,
7997,किं एत्थ अत्थि कोवि हु पडिघायविही सुदुट्ठसुविणस्स
7998,भणियं धणदेवेणं न अन्नहा केवलिगिरा ओ // शुर्शुछ.८५
7999,
8000,तहवि हु एस उवाओ कीरइ मा होज्ज तेण पडिघाओ
8001,मञ्चयपडियाण पुणो तहट्ठिया चेव भूमित्ति // शुर्शुछ.८६
8002,
8003,पल्लीवइणा तइया दिव्वमणी जो समप्पिओ मज्झ
8004,सो एस अङ्गुलीयगनिवेसिओ चिट्ठउ करम्मि // शुर्शुछ.८७
8005,
8006,एसो अचिन्तसत्ती अणेयठाणेसु दिट्ठ माहप्पो
8007,ता एयं देवीए करट्ठियं देव! कारेह // शुर्शुछ.८८
8008,
8009,[युग्मम]
8010,
8011,[प. ३९६]
8012,पुव्वविरुद्धोवि सुरो हरणे देवीइ होज्ज असमत्थो
8013,"एयस्स पभावाओ, अह कहवि करिज्ज अवहरणं // शुर्शुछ.८९"
8014,
8015,तहवि हु अवगारम्मी सक्किस्सइ नेव वट्टिउं वइरी
8016,नाउं इमं नरेसर! मा सोगं किञ्चिवि करेह // शुर्शुछ.९०
8017,
8018,अन्नं च. 
8019,
8020,सुविणपडिघायणत्थं कारेसु जिणालएसु महिमाओ
8021,पुएसु समणसङ्घं तदुचियवत्थासणाईहिं // शुर्शुछ.९१
8022,
8023,दावेसु अभयदाणं विविहाभिग्गहतवेसु उज्जमसु
8024,एवं कयम्मि नरवर! सव्वम्पि हु सुन्दरं होही // शुर्शुछ.९२
8025,
8026,इय भणिउं धणदेवो समप्पिउं अङ्गुलीययं निययं
8027,पणमित्ता रायाणं विणिग्गओ रायभवणाओ // शुर्शुछ.९३
8028,
8029,रन्नावि हु गन्तूणं देवीभवणम्मि सयलवुत्तन्तो
8030,सिट्ठो समप्पियं तह देवीए अङ्गुलीयं तं // शुर्शुछ.९४
8031,
8032,
8033,[प. ३९७]
8034,भणिया य देवी! एयं खणम्पि हत्थाओ नेव मोत्तव्वं
8035,एयस्स पभावाओ पभवन्ति न खुद्दसत्ताई // शुर्शुछ.९५
8036,
8037,जिणमन्दिरजत्ताइं कारवियं ताहि राइणा सव्वं
8038,कमलावईवि तत्तो जाया आवन्नसत्तत्ति // शुर्शुछ.९६
8039,
8040,सुहसम्पडन्तहियइट्ठवत्थुसुविणीयपरियणजुयाए
8041,अह सत्तमम्मि मासे जाओ देवीए दोहलओ // शुर्शुछ.९७
8042,
8043,लज्जाए तं कस्सवि जाहे न कहेइ ताव कइयावि
8044,परिहायन्तसरीरा दिट्ठा रन्ना इमं भणिया // शुर्शुछ.९८
8045,
8046,देवि! तुह किं न पुज्जइ दीससि अइदुब्बला जओ इण्हिं
8047,देवीए तो भणियं दोहलओ एस मे नाह! // शुर्शुछ.९९
8048,
8049,वरवारणमारụ̄धा दाणं दिन्ती य अत्थिलोयस्स
8050,तुहउच्छङ्गनिविट्ठा तुमए छत्तं धरन्तेणं // शुर्शुछ.१००
8051,
8052,
8053,[प. ३९८]
8054,हिण्डामि राय! नयरे परियरिया सयलभिच्चवग्गेण
8055,रन्ना भणियं सुन्दरि! कीरइ अहुणा दुयं एयं // शुर्शुछ.१०१
8056,
8057,[युग्मम]
8058,अह पवरपट्टहत्थी सिङ्गारिय आणिओ निउत्तेहिं
8059,तत्थारụ̄धो राया देवी उण तस्स उच्छङ्गे // शुर्शुछ.१०२
8060,
8061,उवरि धवलायवत्तं मुत्ताहलरेहिरं सयं रन्ना
8062,धरियं तत्तो विविहं पढन्तथुइपाढनिवहेण // शुर्शुछ.१०३
8063,
8064,तूरेसु रसन्तेसुं वज्जन्तेसु य असङ्खसङ्खेसु
8065,कलपाणएहिं विहिए वियम्भमाणे य सङ्गीए // शुर्शुछ.१०४
8066,
8067,अत्थिजणपूरियासं दाणं देन्ता समत्थनयरम्मि
8068,आणन्दनिब्भराहिं थुव्वन्ता नयरनारीहिं // शुर्शुछ.१०५
8069,
8070,आहिण्डिऊण विविहं चउक्कतियचच्चरेसु इच्छाए
8071,अह पुरवराउ बाहिं नीहरिओ कुञ्जरो कमसो // शुर्शुछ.१०६
8072,
8073,[चतस्र̥भिः कलापकम]
8074,
8075,[प. ३९९]
8076,सहसच्चिय उम्मिट्ठो विच्छोलिन्तो समत्थजणनियरं
8077,अइवेगेण पयट्टो ईसाणदिसामुहो ताए // शुर्शुछ.१०७
8078,
8079,रे! लेह लेह धावह एस गओ एस जाइ पुरऒत्ति
8080,एमाइ वाहरन्तो भिच्चजणो धाइ पट्ठीए // शुर्शुछ.१०८
8081,
8082,रायावि हु जाहि कहवि हु धरिउं न चएइ करिवरं तं तु
8083,ताहे भणिया देवी एस गओ ताव उम्मिट्ठो // शुर्शुछ.१०९
8084,
8085,अइवेगओ पयट्टो चाइज्जइ कहवि नो नियत्तेउं
8086,ता उत्तरिमो कहवि हु इयरह अडवीए पाडेही // शुर्शुछ.११०
8087,
8088,कमलावईए भणियं ओयरियव्वं कहं नु नरनाह!
8089,रन्ना भणियं निसुणसु पिच्छसि वडपायवं पुरओ // शुर्शुछ.१११
8090,
8091,एयस्स य हेट्ठेणं जाही हत्थी तओ तुमे देवि!
8092,साहाए लग्गिअव्वं सहसा हत्थिं पमोत्तूण // शुर्शुछ.११२
8093,
8094,
8095,[प. ४००]
8096,एवं च जाव राया देविं उल्लवइ ताव सो हत्थी
8097,अइवेगेणं पत्तो वडवायवहिट्ठभूभागे // शुर्शुछ.११३
8098,
8099,दक्खत्तणओ राया झत्ति विलग्गो य तस्स साहाए
8100,लग्गसु लग्गसु देवि! झत्ति एयं भणेमाणो // शुर्शुछ.११४
8101,
8102,अइवेगओ करिस्सा ( स्स? ) अदक्खयाए य इत्थिभावस्स
8103,गब्भस्स य गरुयत्ता भयवेविरओ सरीरस्स // शुर्शुछ.११५
8104,
8105,कयअज्झवसायावि हु न सक्किया जाहि तत्थ लग्गेउं
8106,ताहे य करिवरो सो झडत्ति तत्तो अवक्कन्तो // शुर्शुछ.११६
8107,
8108,[युग्मम]
8109,अह गुरुसोगो राया तहट्ठिओ जा तओ पलोएइ
8110,ता पिच्छइ गयणेणं जन्तं वेगेण तं करिणं // शुर्शुछ.११७
8111,
8112,अह विम्हिओ मणेणं चिन्तइ राया अहो! महच्छरियं
8113,मोत्तुं भूमिपयारं वच्चइ हत्थी नहयलेण // शुर्शुछ.११८
8114,
8115,अहवा. 
8116,
8117,
8118,[प. ४०१]
8119,पुव्वविरुद्धसुरो सो विलसइ नूणं इमेण रूवेण
8120,न हु केवलिणा भणिया भावा इह अन्नहा हॊन्ति // शुर्शुछ.११९
8121,
8122,"एवं विचिन्तयन्तस्स तस्स, हत्थी अदंसणीभूओ"
8123,ताव अणुमग्गलग्गं रन्नो सिन्नं समणुपत्तं // शुर्शुछ.१२०
8124,
8125,अह करिवरमग्गेणं समरप्पियपमुहसुहडसयकलियं
8126,देवीगवेसणत्थं पट्ठविउं साहणं राया // शुर्शुछ.१२१
8127,
8128,कहकहवि गरुयसोओ सामन्तमहन्तगाण वयणेण
8129,पत्तो नियनयरम्मी सुन्नो वुन्नो निराणन्दो // शुर्शुछ.१२२
8130,
8131,[युग्मम]
8132,परिचत्तरज्जचित्तो चिट्ठइ जा कइवि तत्थ दिवसाणि
8133,कमलावइसम्पावणआसाए धरियनियजीओ // शुर्शुछ.१२३
8134,
8135,ता अन्नदिणे सिन्नं समरप्पियपमुहमागयं सहसा
8136,दीणं विमणं खिन्नं लज्जाविणमन्तमुहकमलं // शुर्शुछ.१२४
8137,
8138,[युग्मम]
8139,
8140,[प. ४०२]
8141,अह रन्ना आपुट्ठो समरप्पिओ कहसु भद्द! वुत्ततं
8142,किं दिट्ठो दुट्ठकरी देवीवि विमोइया तत्तो? // शुर्शुछ.१२५
8143,
8144,दीहं नीससिऊणं भणियं समरप्पिएण सुण देव!
8145,करिवरदिसापयट्टा पत्ता अडवीइ ता अम्हे // शुर्शुछ.१२६
8146,
8147,तत्थ य बहुप्पयारं गवेसमाणेहिं देव! अम्हेहिं
8148,दिट्ठो न सो करिवरो नेव य देवी न य पउत्ती // शुर्शुछ.१२७
8149,
8150,अवरावरसवरगणं पुच्छताणं सुदूरपत्ताणं
8151,अह अन्नदिणे कहियं कप्पडियनरेण एक्केण // शुर्शुछ.१२८
8152,
8153,तत्तो सत्तमदिवसे पउमोयरनामए सरवरम्मि
8154,गयणाउ निवडमाणो महिलासहिओ करी दिट्ठो // शुर्शुछ.१२९
8155,
8156,तत्तो भयभीएणं दूरट्ठियगुविलतरुपविट्ठेण
8157,नारीरहिओ पुणरवि पलोइओ तत्थ हत्थित्ति // शुर्शुछ.१३०
8158,
8159,
8160,[प. ४०३]
8161,"वियरतो सरतीरे, इय तस्स ओ वयणयं सुणेऊण"
8162,भणियं दंससु भद्दय! तं सिग्घं सरवरं अम्ह // शुर्शुछ.१३१
8163,
8164,[युग्मम]
8165,अह तेण दंसियं तं पलोइयं सरवरं समं तेण
8166,न य उवलद्धा देवी निउणम्पि गवेसमाणेहिं // शुर्शुछ.१३२
8167,
8168,सरवरजोयणमित्ते विउत्तपुरिसेहिं पाविओ हत्थी
8169,तं घित्तुं निराणन्दा इहागया देवमूलम्मि // शुर्शुछ.१३३
8170,
8171,ता किं तत्थेव सरे गभीरनीरम्मि उवरया देवी
8172,अह तत्तो उत्तरिउं पत्ता उ कहिम्पि वसिमम्मि? // शुर्शुछ.१३४
8173,
8174,अहवा सावयपउरे वणम्मि केणवि विणसिया होज्ज
8175,न य जाणामो किञ्चिवि नरिन्द! देवीए वुत्तन्तं // शुर्शुछ.१३५
8176,
8177,एवं च जाव जम्पइ समरप्पिओ पत्थिवस्स से पुरओ
8178,ताव य दारनिउत्तो कयविणओ एवमुल्लवइ // शुर्शुछ.१३६
8179,
8180,
8181,[प. ४०४]
8182,दारम्मि सुमइनामो नेमित्ती चिट्ठइति सुणिऊण
8183,भणियं रन्ना किं भो! सो एसो सुमइनेमित्ती? // शुर्शुछ.१३७
8184,
8185,जस्साएसाउ तया दिन्ना नरवाहणेण मह देवी?
8186,"पासट्ठिएहिं सिट्ठं, नरिन्द! एवन्ति, अह रन्ना // शुर्शुछ.१३८"
8187,
8188,भणियं पविसउ सिग्धं पुच्छामो जेण देविवुत्तन्तं
8189,वयणाणन्तरमेसो पवेसिओ दारवालेण // शुर्शुछ.१३९
8190,
8191,कयउवयारो रन्ना उवविट्ठो विणयपुव्वयं सुमई
8192,"आपुट्ठो, किं देवी जीवइ व नवत्ति वज्जरसु? // शुर्शुछ.१४०"
8193,
8194,उवओगं दाऊणं भणियं अह सुमइणा जियइति
8195,अक्खयदेहा सम्पइ मिलिया इव बन्धुवग्गस्स // शुर्शुछ.१४१
8196,
8197,"कइया समागमो मह तीए, किं वा हवेज्ज से गब्भे?"
8198,इय पुट्ठो नरवइणा कयउवओगो पुणो भणइ // शुर्शुछ.१४२
8199,
8200,
8201,[प. ४०५]
8202,जइया नरिन्द! सुविणे गिण्हसि विसमट्ठियं कुसुममालं
8203,तत्तो य मासमित्ते समागमो तुम्ह देवीए // शुर्शुछ.१४३
8204,
8205,होही तणओ तीए विजुज्जिही किन्तु जायमेत्तो सो
8206,"नियमाऊए, नरवर! एवं किल कहइ हु निमित्तं // शुर्शुछ.१४४"
8207,
8208,पुट्ठो पुणरवि रन्ना जणणिविउत्तो स जीविही किं नो?
8209,"कत्थवि वुड̣धि जाही, कइया व समागमे तेण // शुर्शुछ.१४५"
8210,
8211,अह सुमई भणइ पुणो बहुकालं जीविही स ते पुत्तो
8212,कत्थ य वुड̣धिं जाही एयं पुण नेव जाणामो // शुर्शुछ.१४६
8213,
8214,कुसुमायरउज्जाणे जइया गयणाओ कन्नगा पडिही
8215,तत्तो य सिग्घमेव हि समागमो तुम्ह तणएण // शुर्शुछ.१४७
8216,
8217,तव्वयणं सोऊणं गयसोगो पहसिओ भणइ राया
8218,भो! भो! सुवन्नलक्खं सिग्घं सुमइस्स देहसि // शुर्शुछ.१४८
8219,
8220,
8221,[प. ४०६]
8222,एयवयणाओ अम्हं देवीविरहम्मि गरुयसोगग्गी
8223,पसरन्तो ओल्हविओ समागमासाजलोहेण // शुर्शुछ.१४९
8224,
8225,अह निययाभरणेणं सुवन्नलक्खेण पूइओ सुमई
8226,नीहरिओ रायावि हु मणयं जाओ विगयसोगो // शुर्शुछ.१५०
8227,
8228,अह अन्नया य राया सुत्तो रयणीइ पेच्छए सुमिणं
8229,उत्तरदिसामुहेणं वयमाणेणं मए कूवे // शुर्शुछ.१५१
8230,
8231,पडिया अद्धमिलाणा धवला कुसुमाण मालिया दिट्ठा
8232,गहिया सहसा जाया पच्चग्गा सुरहिगन्धड̣धा // शुर्शुछ.१५२
8233,
8234,[युग्मम]
8235,दठ्ठूणमिणं सुमिणं पडिबुद्धो चिन्तए इमं राया
8236,एयं हि सुमइभणियं दिट्ठं सुमिणं मए अज्ज // शुर्शुछ.१५३
8237,
8238,ता होही लहु इण्हिं मज्झ वयन्तस्स उत्तरदिसाए
8239,विसमदसापत्ताए देवीए सङ्गमो 'वस्सं // शुर्शुछ.१५४
8240,
8241,
8242,[प. ४०७]
8243,इय चिन्तिऊण राया नियदेसपलोयणच्छलेणं तु
8244,गुरुसेणापरियरिओ नीहरिओ हत्थिणपुराओ // शुर्शुछ.१५५
8245,
8246,कइवयपयाणगाइं गन्तुं उत्तङ्गगिरिसमाइन्ने
8247,अइगुविलतरुसणाहे अडविपएसम्मि एगम्मि // शुर्शुछ.१५६
8248,
8249,आवासिओ ससेन्नो अह कूवे दीहतणसमोच्छइए
8250,कहवि हु पमायवसओ पडिया रन्नो चमरहारी // शुर्शुछ.१५७
8251,
8252,[युग्मम]
8253,अह रन्ना आणत्तो पुरिसो रज्जुप्पओगओ तत्थ
8254,ओइन्नो सन्तमसे इओ तओ जाव गविसेइ // शुर्शुछ.१५८
8255,
8256,ता एगत्थनिलुङ्क्कं पिच्छइ जुवइं तडीइ अगडस्स
8257,भयकम्पन्तसरीरं सन्तमसे तत्थ अच्चन्तं // शुर्शुछ.१५९
8258,
8259,कासि तुमं इह सुन्दरि! इइ पुट्ठा जा न देइ पडिवयणं
8260,ताव य जलमज्झगया विलासिणी कण्ठगयपाणा // शुर्शुछ.१६०
8261,
8262,
8263,[प. ४०८]
8264,सम्पत्ता तेण तओ घित्तूणं तयं कमेण नीहरिओ
8265,वज्जरइ राय! एत्थं अन्नावि हु अच्छए जुवई // शुर्शुछ.१६१
8266,
8267,[युग्मम]
8268,आभट्ठावि न भासइ भएण कम्पन्ततणुलया वरई
8269,एयं निसम्म रन्नो फुरियं अह दाहिणं नयणं // शुर्शुछ.१६२
8270,
8271,अह विम्हिएण रन्नो विचिन्तियं किं हविज्ज सा देवी
8272,अहवा इह अडवीए देवीए सम्भवो कत्थ? // शुर्शुछ.१६३
8273,
8274,अहवा कम्मवसाणं सत्ताणं नवरि एत्थ संसारे
8275,भवियव्वयावसेणं नत्थि तयं जं न सम्भवई // शुर्शुछ.१६४
8276,
8277,"जइ सा हविज्ज देवी ता सुन्दरमेव, कावि अह अन्ना"
8278,तहवि हु उत्तारिज्जउ करुणामूलो जओ धम्मो // शुर्शुछ.१६५
8279,
8280,इय चिन्तिउण रन्ना भणिओ पुरिसो तयम्पि कड̣धेहि
8281,अह सो रज्जूइ पुणो पुरिसो कूवम्मि ओइन्नो // शुर्शुछ.१६६
8282,
8283,
8284,[प. ४०९]
8285,भणिया य सुयणु! अहयं रन्नो सिरिअमरकेउनामस्स
8286,वयणेणं तुहुत्तारणकज्जेणं पुणरवि पविट्ठो // शुर्शुछ.१६७
8287,
8288,ता आरुह मञ्चीए नरगागाराओ अन्धकूवाओ
8289,जेणुत्तारेमि लहुं एयं च निसम्म सा वयणं // शुर्शुछ.१६८
8290,
8291,आरụ̄धा मञ्चीए कमेण उत्तारिया तओ देवी
8292,दुब्बलदेहा रन्ना कहकहवि हु पच्चभिन्नाया // शुर्शुछ.१६९
8293,
8294,[युग्मम]
8295,सावि य दट्ठुं रायं रोवन्ती घग्घरेण सद्देण
8296,चरणविलग्गा रन्ना अंसुजलप्फुन्ननयणेण // शुर्शुछ.१७०
8297,
8298,नीया निययावासे देविं दठ्ठूण परियणो सव्वो
8299,अइगुरुसोगो रोवई विविहपलावेहिं दीणमुहो // शुर्शुछ.१७१
8300,
8301,[युग्मम]
8302,अह कयसरीरचिठ्ठा पुट्ठा कमलावई नरिन्देण
8303,तइया करिणा नीयाए किं तुमे देवि! अणुभूयं? // शुर्शुछ.१७२
8304,
8305,
8306,[प. ४१०]
8307,कइया व कहव पडिया भीसणकूवम्मि एत्थ अडवीए?
8308,कमलावईइ भणियं सुणसु महाराय! साहेमि // शुर्शुछ.१७३
8309,
8310,वडपायवम्मि लग्गे देवे तं विलग्गिउं असत्ता हं
8311,वेगपहावियकरिणा हरिया एगागिणी ताव // शुर्शुछ.१७४
8312,
8313,अह सो गिरिसरियाए विसमतडिं पाविऊण सहसत्ति
8314,अइवेगभङ्गभीउव्व नहयलं झत्ति उप्पइओ // शुर्शुछ.१७५
8315,
8316,तत्तो भयभीयाए विचिन्तियं हन्त! करिवरपविट्ठो
8317,अवहइ कोवि देवो न जेण करिणो वयन्ति नहे // शुर्शुछ.१७६
8318,
8319,इय विम्हियहियया हं पुणो पुणो जा महिं पलोएमि
8320,पिच्छामि ताव गिरितरुपमुहं समगंव वच्चन्तं // शुर्शुछ.१७७
8321,
8322,अविय. 
8323,
8324,एगागिणी अरण्णे महिला बीहिज्ज अडवीमज्झम्मि
8325,इय कलिउंव सहाया तरुणो वेगेण धावन्ति // शुर्शुछ.१७८
8326,
8327,
8328,[प. ४११]
8329,किडियनरसमाइं चलन्तमणुयाइं गामनयराइं
8330,जलभरियसरवराइंवि ( पि? ) महिनिवडियछत्तसरिसाइं // शुर्शुछ.१७९
8331,
8332,दीहरवणराईओ सप्पसरिच्छओ सच्चविज्जन्ति
8333,पालिसारिच्छा गिरिओ सारणिसरिसाओ सरियाओ // शुर्शुछ.१८०
8334,
8335,अह दूरमइगयाए सम्भरिओ अङ्गुलीयगमणी सो
8336,अवहत्थिय ताहि भयं पहओ सो तेण कुम्भयडे // शुर्शुछ.१८१
8337,
8338,अविय मणिसञ्जुयकरपहओ वज्जेणिव ताडिओ गइन्दो सो
8339,मोत्तुं गुरुचीहाडिं अहोमुहो झति गयणाओ // शुर्शुछ.१८२
8340,
8341,जा निवडइ वेगेण ताव य हिट्ठामुहं नियन्तीए
8342,दिट्ठं महन्तमेगं सरोवरं भङ्गुरतरङ्गं // शुर्शुछ.१८३
8343,
8344,[युग्मम]
8345,परिहत्थमच्छपुच्छच्छडाहि उच्छलियसलिलउप्पीलं
8346,महुमत्तमहुयरीविसररुद्धंवियसन्ततामरसं // शुर्शुछ.१८४
8347,
8348,
8349,[प. ४१२]
8350,अविय फुरन्तमणिजालयं तरन्तटिट्टिभालयं
8351,रहङ्गपन्तिमण्डियं विहङ्गसत्थवड्डयं // शुर्शुछ.१८५
8352,
8353,भमन्तभूरिगोहियं सरोरुहालिसोहियं
8354,अणेगसावयाउलं झसोहलुद्धसाउलं // शुर्शुछ.१८६
8355,
8356,चलन्तभीमगाहयं रडतदददूरोहयं
8357,मरालपन्तिसोहियं तमालतालरेहियं // शुर्शुछ.१८७
8358,
8359,रणन्तछप्पयालिंयं बलायपन्तिमालियं
8360,फुरन्तसिप्पिसुम्पुडं भमन्तभीमदीवडं // शुर्शुछ.१८८
8361,
8362,अह तम्मि नीरपुन्ने अणोरपारम्मि सरवरे हत्थी
8363,गयणाओ नीसहङ्गो पडिओ बुड्डो य जलमज्झे // शुर्शुछ.१८९
8364,
8365,अह नीसहे गइन्दे बुड्डे गम्भीरनीरमज्झम्मि
8366,मणिणो माहप्पेणं जलउवरिं चेव थक्का हं // शुर्शुछ.१९०
8367,
8368,
8369,[प. ४१३]
8370,आसाइयफलगावि य उत्तरिउं सरवरस्स तीरम्मि
8371,उपविट्ठा भयभीया गुरुसोगा इय विचिन्तन्त्ता // शुर्शुछ.१९१
8372,
8373,तारिसरिद्धिजुयावि हु खणेण एगागिणी कहं जाया
8374,देसियजुवईव अहो! अइगुविलो कम्मपरिणामो // शुर्शुछ.१९२
8375,
8376,सो कत्थ भिच्चवग्गो सा य सिरी सो विणीयपरिवारो
8377,होहामि कहं इण्हिं विहिया एगागिणी विहिणा? // शुर्शुछ.१९३
8378,
8379,एमाइ चिन्तयन्ती उवरिमवत्थेण छाइउं वयणं
8380,सरणविहुणा सोएणं तत्थ अहं रोविउं लग्गा // शुर्शुछ.१९४
8381,
8382,एत्थतरम्मि केणवि भणिया किं सुयणु! रोयसे करुणं?
8383,तत्तो ससम्भमाए पलोइयं मे तओहुत्तं // शुर्शुछ.१९५
8384,
8385,कइवयपुरिससहाओ तरुणनरो वेसरीइ आरụ̄धो
8386,कयमुहसन्धी पुरओ दिट्ठो उद्धधूलियङ्गिल्लो // शुर्शुछ.१९६
8387,
8388,
8389,[प. ४१४]
8390,अह सो दट्ठूण ममं विम्हियहियउव्व वेसराहिन्तो
8391,उत्तरिय मज्झ चलणेसु निवडिओ भणइ एवं तु // शुर्शुछ.१९७
8392,
8393,परिजाणसि भगिणि! ममं सिरिदत्तो हं कुसग्गनयराओ
8394,आसि गओ परविसए वणिज्जबुद्धीए सत्थजुओ // शुर्शुछ.१९८
8395,
8396,बारसमवच्छराओ पुणरवि चलिओ पुरम्मि निययम्मि
8397,सत्थेण समं इण्हिं सम्पत्तो इह पएसम्मि // शुर्शुछ.१९९
8398,
8399,ता भगिणि! केण विहिणा जाया एगागिणी तुमं एत्थ?
8400,इय भणिया तेण अहं विगयभया झत्ति सञ्जाया // शुर्शुछ.२००
8401,
8402,तत्तो य मए सिट्ठो गयावहारइनिययवुत्तन्तो
8403,अह दिन्नवयणसोया भणिया वणिएण तेणाहं // शुर्शुछ.२०१
8404,
8405,दूरम्मि हत्थिणपुरं सावयचोरेहिं दुग्गमो मग्गो
8406,आसन्नं खु कुसग्गं किं कायव्वं तुमे भगिणि!? // शुर्शुछ.२०२
8407,
8408,
8409,[प. ४१५]
8410,तत्तो य मए भणियं कुसग्गनयरम्मि वच्चिमो ताव
8411,पेच्छामि बन्धुवग्गं पभूयकालाओ सिरिदत्त! // शुर्शुछ.२०३
8412,
8413,अह तेण सहरिसेणं नीया सत्थम्मि निययआवासे
8414,विणओवयारपुव्वं च कारिया सयलदेहठिइं // शुर्शुछ.२०४
8415,
8416,तं देवदिन्नकुण्डलपमुहं सव्वम्पि निययआभरणं
8417,मोत्तूण अङ्गुलीयं समप्पियं तस्स वणियस्स // शुर्शुछ.२०५
8418,
8419,तत्तो सत्थेण समं चलिया सिरिदत्तपरियणसमेया
8420,"किज्जन्तविविहविणया वणिएणं, डोलियारụ̄धा // शुर्शुछ.२०६"
8421,
8422,सोवि हु सत्थो जाव य लहुयपयाणेहिं वयइ अणुदियहं
8423,कइवयपयाणगाइं ता एगदिणम्मि अडवीए // शुर्शुछ.२०७
8424,
8425,अवसउणेणं थक्को दियहे दियहे न जायए सउणं
8426,जाव य दिवड्ढमासे वोलीणे सव्वसत्थिल्ला // शुर्शुछ.२०८
8427,
8428,
8429,[प. ४१६]
8430,सम्बलरहिया तहइं ठाउमसत्ता तओ समुच्चलिया
8431,अवगन्निय अवसउणं नियपुरगमणस्स तुरमाणा // शुर्शुछ.२०९
8432,
8433,[युग्मम]
8434,तत्तो बीयपयाणे पभायसमयम्मि तम्मि सत्थम्मि
8435,सहसा अन्नाउच्चिय दिन्नो भिल्लेहिं ओक्खन्दो // शुर्शुछ.२१०
8436,
8437,अह कलयलं निसामिय सत्थजणे तत्थ आउलीभूए
8438,भिल्लेहिं हम्ममाणे ल्हसिज्जन्ते य सयराहं // शुर्शुछ.२११
8439,
8440,सज्झसभरिया अहमवि पडिया अडवीइ जाव इक्कल्ला
8441,घेत्तूणं एगदिसं नट्ठा अइगुविलतरुगहणे // शुर्शुछ.२१२
8442,
8443,खणमेगं तत्थच्छिय वयामि किल तम्मि सत्थठाणम्मि
8444,पुणरवि मिलामि जेणं सत्थस्स अहन्ति चिन्तन्ती // शुर्शुछ.२१३
8445,
8446,जाव पयट्टा गन्तुं ताव न जाणामि कत्थ गन्तव्वं
8447,कत्तो समागया हं काए व दिसाए सो सत्थो // शुर्शुछ.२१४
8448,
8449,[युग्मम]
8450,
8451,[प. ४१७]
8452,भयकम्पन्तसरीरा ताहे एयं दिसं गहेऊण
8453,सञ्जायदिसामोहा चलिया तरुगहणमज्झेण // शुर्शुछ.२१५
8454,
8455,दूरं गन्तूण पुणो वलिया वच्चामि पिट्ठओहुत्तं
8456,सिरिदत्तजणगवेसणपरायणा तत्थ वणगहणे // शुर्शुछ.२१६
8457,
8458,अह भयतरलच्छीए इओ तओ तत्थ परिभमन्तीए
8459,उम्मग्गगमणभज्जन्तकण्टयाइन्नचरणाए // शुर्शुछ.२१७
8460,
8461,पहसमसụधियाइ दढं पए पए नीसहं कणन्तीए
8462,वसिमन्नेसणहेउं चडिऊण थलम्मि एगम्मि // शुर्शुछ.२१८
8463,
8464,जा पुलइयं समन्ता ताव न दीसइ कहम्पि वसिमन्ति
8465,वियरन्त वालनिवहा समन्तओ भीसणा अडवी // शुर्शुछ.२१९
8466,
8467,[तिस्र̥भिः कुलकम]
8468,अविय कत्थ य करालकेसरिगुञ्जियसवणुत्तसन्तसारङ्गा
8469,कत्थइ महन्तजुज्झन्तमत्तवणमहिसयाइन्ना // शुर्शुछ.२२०
8470,
8471,
8472,[प. ४१८]
8473,कत्थइ गरुय पवङ्गमविमुक्कबोक्कारबहिरियदियन्ता
8474,कत्थ य वणदवडज्झन्तजन्तुकयभीसणारावा // शुर्शुछ.२२१
8475,
8476,कत्थइ पयण्डगण्डयखण्डियरु रुविसररुहिरबीभच्छा
8477,कत्थइ सरहपलोयणपलायमाणोरुकरिविसरा // शुर्शुछ.२२२
8478,
8479,अविय वियरन्तमहाधणुहत्थलोद्धया सुक्कमयसिरसणाहा
8480,जेट्ठक्कमूलकलिया गुरुचितारोहिणीसमेया // शुर्शुछ.२२३
8481,
8482,भद्दवयसमणसहिया उट्ठन्तविसाहपयडमन्दारा
8483,वियरन्तभूरिरिक्खा रेहइ अडवी नहसिरिव्व // शुर्शुछ.२२४
8484,
8485,अह तं अडविं सुइरं पलोययन्तीइ गाढतिसियाए
8486,एक्कम्मि दिसाभाए दिट्ठं जलभरियसरमेगं // शुर्शुछ.२२५
8487,
8488,
8489,[प. ४१९]
8490,तत्तो तत्तोहुत्तं चलिया भयलोललोयणा अहयं
8491,कहकहवि हु सम्पत्ता तम्मि पएसम्मि किच्छेण // शुर्शुछ.२२६
8492,
8493,पीयं च तत्थ सलिलं उवविट्ठा तरुवरस्स हिट्ठम्मि
8494,एत्थन्तरम्मि तरणी अन्तरिओ पसरिया रयणी // शुर्शुछ.२२७
8495,
8496,तओ फेक्कारन्ति सिवाओ जह जह गुञ्जन्ति सावया विविहं
8497,तह तह भएण हिययं कम्पए मह तत्थ रन्नम्मि // शुर्शुछ.२२८
8498,
8499,अह अड्ढरत्तसमए जाया उदरम्मि दूसहा वियणा
8500,तव्वसओ य कणन्ती लुलामि भूमीए जाव अहं // शुर्शुछ.२२९
8501,
8502,ताव य मिगीव रन्ने अइगुरु वियणाहि पीडियसरीरा
8503,सयमेव पसविया हं महाकिलेसेण नरनाह! // शुर्शुछ.२३०
8504,
8505,[युग्मम]
8506,मुच्छाविरमे य तओ लुलमाणं महियलम्मि तं बालं
8507,घित्तूण निजुच्छङ्गे गरुयसिणेहेण तत्तो य // शुर्शुछ.२३१
8508,
8509,
8510,[प. ४२०]
8511,गन्तूण जलासन्ने ण्हावित्ता ताहि निययवत्थाइं
8512,पक्खालिय एगन्ते उवविट्ठा तरुलयागहणे // शुर्शुछ.२३२
8513,
8514,[युग्मम]
8515,तं दिव्वमणिसणाहं उत्तरिय अङ्गुलीययं हत्था
8516,कण्ठम्मि मए बद्धं सुयस्स एवं भणन्तीए // शुर्शुछ.२३३
8517,
8518,एयस्स पभावाओ मा मह तणयस्स केवि अङ्गम्मि
8519,पहरन्तु भूयसावयपिसायदुट्ठग्गहाईया // शुर्शुछ.२३४
8520,
8521,वणवासिणीओ! निसुणह भो भो वणदेवयाओ! मह वयणं
8522,तणयसमेया सम्पइ सरणं भवईणमल्लीणा // शुर्शुछ.२३५
8523,
8524,केसरिवग्घाइणं मंसाहारण कूरसत्ताणं
8525,भीसणअडवीपडिया रक्खेयव्वा पयत्तेण // शुर्शुछ.२३६
8526,
8527,जइ पुत्त! इमा रयणी हॊन्ता मह तम्मि हत्थिणपुरम्मि
8528,ता एत्तियवेलाए राया वद्धाविओ हॊन्तो // शुर्शुछ.२३७
8529,
8530,
8531,[प. ४२१]
8532,सयलस्स परियणस्स य पुरस्स सामन्तन्तिवग्गस्स
8533,कस्स व न होज्ज तोसो पुत्तय! तुह जम्मसमयम्मि // शुर्शुछ.२३८
8534,
8535,दुव्विहियविहिविहाणा पडियाए भीसणे य रन्नम्मि
8536,जाओ सि मज्झ पुत्तय! करेमि किं मन्दभग्गा हं? // शुर्शुछ.२३९
8537,
8538,जायम्मि तुमे पुत्तय! रन्नम्पि हु सम्पयं इमं वसिमं
8539,नट्ठं भयं असेसं उच्छङ्गगए तुमे वच्छ // शुर्शुछ.२४०
8540,
8541,तुह मुहपलोयणेणं सम्पन्नमणोरहा भविस्सामि
8542,रविकरपहयन्धयारे जायम्मि दिणम्मि सकयत्था // शुर्शुछ.२४१
8543,
8544,एमाइ भणन्तीए पहसमखिन्नाए नीसहङ्गाए
8545,वियणाविगमाओ तहिं समागया मे तहिं निद्दा // शुर्शुछ.२४२
8546,
8547,तत्तो खणन्तराओ पडिबुद्धा झत्ति मन्दभग्गा हं
8548,केणावि हु उल्लवियं एयं सद्दं सुणेऊणं // शुर्शुछ.२४३
8549,
8550,
8551,[प. ४२२]
8552,निउणं जोयन्तेणवि पभूयकालाओ पाव! दिट्ठो सि
8553,काहामि वइरअन्तं अणुहव दुव्विहियफलमिण्हिं // शुर्शुछ.२४४
8554,
8555,"एयं सद्दं सोच्चा भीया, को एस एवमुल्लवइ?"
8556,इय चिन्तिय जाव अहं नियउच्छङ्गं पलोएमि // शुर्शुछ.२४५
8557,
8558,ता नत्थि तत्थ पुत्तो विचिन्तियं ताहि हा! किमेयन्ति
8559,किं कहवि होज्ज पडिओ अहवा केणावि अवहरिओ? // शुर्शुछ.२४६
8560,
8561,किंवा सुमिणं एयं किंवा मइविब्भमो महं एसो?
8562,एमाइ चिन्तयन्ती गवेसिंउ ताहि पारद्धा // शुर्शुछ.२४७
8563,
8564,[तिस्र̥भिः कुलकम]
8565,इओ तओ तत्थ गवेसयन्ती सुयं महाराय! अपाउणन्ती
8566,सिरम्मि वज्जेणव ताडिया हं घसत्ति मुच्छाइ वसं गयत्ति // शुर्शुछ.२४८
8567,
8568,साहुधणेसरविरइयसुबोहगाहासमूहरम्माए
8569,रागग्गिदोसविसहरपसमणजलमन्तभूयाए // शुर्शुछ.२४९
8570,
8571,एसोवि परिसमप्पइ कमलावइपुत्तहरणनामॊत्ति
8572,सुरसुन्दरिनामाए कहाए दसमो परिच्छेओ // शुर्शुछ.२५०
8573,
8574,
8575,
8576,---------------------------------------------------------------------
8577,
8578,[प. ४२३]
8579,[एकादशः परिच्छेदः]
8580,
8581,अह लद्धचेयणा हं मुच्छाविरहम्मि गरुयसोगिल्ला
8582,नियहिययं कुट्टिन्ती पलविउमेवं समाढत्ता // शुर्शुछ.१
8583,
8584,हा! निद्दएण केणवि अडवीपडियाए दुक्खतवियाए
8585,तक्खमेत्तुप्पन्नो पुत्तो हरिओ अहन्नाए // शुर्शुछ.२
8586,
8587,किल पुत्तयस्स वयणं पिच्छिस्समहं पभायसमयम्मि
8588,नवरं हयासविहिणा एयं मह अन्नहा विहियं // शुर्शुछ.३
8589,
8590,अडविपवेसाईयं दुक्खं दाऊण दूसहं देव!
8591,किं अज्जवि न हु तुट्ठो अवहरिओ जेण मह पुत्तो? // शुर्शुछ.४
8592,
8593,वणदेवयाओ! तुम्हं सरणम्मि समागयाए मह पुत्तो
8594,"हरिओ, ता किं जुज्जइ एत्थवि वेहा करेउं जे? // शुर्शुछ.५"
8595,
8596,
8597,[प. ४२४]
8598,हा पुत्त! कहमरण्णे मुक्का हं सरणवज्जिया तुमए
8599,हा! कहमुच्छङ्गगओ सहसा अद्दंसणीभूओ? // शुर्शुछ.६
8600,
8601,नूणं निट्ठुररूवं सद्दं सोऊण जस्स पडिबुद्धा
8602,तेणं चिय अवहरिओ पिसायरूवेण केणावि // शुर्शुछ.७
8603,
8604,जस्स पभावाओ तया सहसा गयणाओ गयवरो पडिओ
8605,सोवि मणी अकयत्थो जाओ मह मन्दभागाए // शुर्शुछ.८
8606,
8607,जं कण्ठनिबद्धेवि हु तम्मी अङ्कट्ठिओवि हा पुत्त!
8608,हरिओ निक्करुणेणं केणावि अद्दिस्सरूवेण // शुर्शुछ.९
8609,
8610,एमाइ बहुविगप्पं पलवन्तीए तहिं सुदीणाए
8611,मद्दुक्खदुक्खिया इव खीणा रयणीवि सहसत्ति // शुर्शुछ.१०
8612,
8613,अइकरुणं कन्दन्तिं दट्ठुंव ममं ससोयवयणिल्ला
8614,निवडन्तथूलतारयअंसूहिंव रुयइ नहलच्छी // शुर्शुछ.११
8615,
8616,
8617,[प. ४२५]
8618,एत्थन्तरम्मि सूरो सुयावहारयनिहालणत्थंव
8619,नासियघणन्धयारो आरụधो उदयगिरिसिहरं // शुर्शुछ.१२
8620,
8621,अह अद्धपहरमेत्ते दियहे अइदुक्खिया अहं तत्थ
8622,अइकरुणं कन्दन्ती इओ तओ जाव वियरामि // शुर्शुछ.१३
8623,
8624,ताव कमण्डलुहत्था मिउवक्कलवसणधारिणी तत्थ
8625,परिणयवया पसन्न समागया तावसी एगा // शुर्शुछ.१४
8626,
8627,[युग्मम]
8628,दट्ठुं ममं रुयन्तिं विविहपलावेहिं तत्थ वणगहणे
8629,सञ्जायगरुयकरुणा समागया मज्झ पासम्मि // शुर्शुछ.१५
8630,
8631,महुरवयणेण तीए आपुट्ठा सुयणु! कीस तं रुयसि
8632,कत्तो समागया इह भीसणरन्नम्मि इक्कल्ला? // शुर्शुछ.१६
8633,
8634,काउं तीइ पणामं तत्तो वियलन्तअंसुयाए मए
8635,कुञ्जरहरणाईओ सिट्ठो सव्वोवि वुत्तन्तो // शुर्शुछ.१७
8636,
8637,
8638,[प. ४२६]
8639,अह तावसीए भणियं इमस्स जोगा न होसि तं सुयणु!
8640,तहवि हु किमित्थ कीरइ सकम्मवसगम्मि जियलोए? // शुर्शुछ.१८
8641,
8642,सुन्दरि! कम्मवसाणं सत्ताणं इह भवे वसन्ताणं
8643,एवंविहदुक्खाइं हवन्ति जं एत्थ न हु चोज्जं // शुर्शुछ.१९
8644,
8645,जं किञ्चि असुहकम्मं अन्नभवे सञ्चियं तुमे आसि
8646,तस्स विवागाओ इमं समागयं सुयणु! गुरुवसणं // शुर्शुछ.२०
8647,
8648,ता अन्नभवविढत्ते दुक्खम्मि समागयम्मि को सोगो?
8649,किं वावि विलविएणं सरीरायासभूएणं? // शुर्शुछ.२१
8650,
8651,एत्तो उ समासन्ने अच्छइ अम्हाण आसमो रम्मो
8652,आगच्छ सुयणु! अणुचियमेयं ठाणं जओ तुज्झ // शुर्शुछ.२२
8653,
8654,वायइ सीयलपवणो एत्थ ओ तं अभिणवपसूया सि
8655,सुकुमालसरीराए मा होज्ज विरूवयं किञ्चि // शुर्शुछ.२३
8656,
8657,
8658,[प. ४२७]
8659,इय भणिय तावसीए नीया हं आसमम्मि रम्मम्मि
8660,पडिजग्गिया य सम्मं निक्कारणवच्छलत्तेण // शुर्शुछ.२४
8661,
8662,अह कइवयदिवसेहिं सञ्जाया सत्थदेहिया मणयं
8663,अन्नम्मि दिणे नीया तीए हं कुलवइसमीवे // शुर्शुछ.२५
8664,
8665,तीएवि पुव्वभणिओ वुत्तन्तो साहिओ कुलवइस्स
8666,करुणापरेण तेणवि अणुसट्ठा महुरवयणेहिं // शुर्शुछ.२६
8667,
8668,वच्छे! इह संसारे सुलहाइं एरिसाइं दुक्खाइं
8669,अकयम्मि सुहनिमित्ते धम्मे परलोयबन्धुम्मि // शुर्शुछ.२७
8670,
8671,जायन्ति दूसहाइं जेणं चिय एत्थ दुसहदुक्खाइं
8672,तेणेव चत्तरज्जा वणवासमुवागया धीरा // शुर्शुछ.२८
8673,
8674,एवं भणमाणस्स उ कुलवइणो तीइ तावसीइ अहं
8675,कन्ने होउं भणिया भयवं वरनाणजुत्तो 'यं // शुर्शुछ.२९
8676,
8677,
8678,[प. ४२८]
8679,तो पुच्छ इच्छियत्थं भणियाए ताहि विणयपणयाए
8680,पुट्ठो मए महायस! केण हिओ नन्दणो मज्झ? // शुर्शुछ.३०
8681,
8682,किं जीवइ अहव मओ पिक्खिस्समहं कयाइवि नवत्ति?
8683,अह भणियं कुलवइणा सम्मं दाऊण उवओगं // शुर्शुछ.३१
8684,
8685,वच्छे! उच्छङ्गत्थो तुह तणओ अवहिओ उ देवेण
8686,पाणविओयणहेउं पुव्वविरुद्धेण कुद्धेण // शुर्शुछ.३२
8687,
8688,वेयड्ढगिरिनिउञ्जे नेऊण सिलायलम्मि विउलम्मि
8689,मुक्को छुहाभिभूओ किल किच्छेणेस मरउत्ति // शुर्शुछ.३३
8690,
8691,अह कहवि विहिवसेणं समागओ तत्थ नहयरो एक्को
8692,नियभारियासमेणो तेण य पुत्तॊत्ति सो गहिओ // शुर्शुछ.३४
8693,
8694,"खयरस्स तस्स गेहे वुड्डिं जाही सुहेण, तत्तो य"
8695,सम्पत्तजोव्वणो सो मिलिही तुह हत्थिणपुरम्मि // शुर्शुछ.३५
8696,
8697,
8698,[प. ४२९]
8699,एवं च तेण भणिए पणट्ठसोगा नरिन्द! जाया हं
8700,फलमूलकयाहारा विणयपरा तावसिजणस्स // शुर्शुछ.३६
8701,
8702,पिय! कइवयदिवसाइं अच्छामि तहिं तु आसमे जाव
8703,ता अन्नदिणे कुलवइ मूले धम्मं सुणिन्तीए // शुर्शुछ.३७
8704,
8705,बहुतावसिसहियाए सहसा आसेण वेगजुत्तेण
8706,अवहरिओ सम्पत्तो रायसुओ तत्थ एगागी // शुर्शुछ.३८
8707,
8708,[युग्मम]
8709,अह अतिहिवच्छलेहिं तावसकुमरेहिं विहियसंमाणो
8710,आगम्म विहियविणओ उवविट्ठो कुलवइ समीवे // शुर्शुछ.३९
8711,
8712,कुलवइणा सो पुट्ठो को सि तुमं आगओ कुओ भद्द!?
8713,तत्तो य तेण भणियं कहेमि निसुणेह भयवं! ति // शुर्शुछ.४०
8714,
8715,सिद्धत्थपुरे राया सुग्गीवो नाम आसि विक्खाओ
8716,कणगवई से देवी तीए सुओ सुरहनामो हं // शुर्शुछ.४१
8717,
8718,
8719,[प. ४३०]
8720,अइवल्लहॊत्ति पिउणा जुवरायपयम्मि बालभावेवि
8721,अहिसित्तो अवमन्निय पुत्तं जिट्ठं तु सुप्पइट्ठं // शुर्शुछ.४२
8722,
8723,अह अन्नया कयाइवि खयवाहीए मयम्मि जणयम्मि
8724,तस्स पए हं राया अहिसित्तो मन्तिवग्गेण // शुर्शुछ.४३
8725,
8726,जिट्ठस्स अन्नजणणीतणयस्स उ तस्स सुप्पइट्ठस्स
8727,विज्जाहरेण केणवि कयउवयारेण दिन्नाओ // शुर्शुछ.४४
8728,
8729,नहगामिणिपमुहाओ विज्जाओ तप्पभावओ तेण
8730,काऊण य सङ्गामं अहिट्ठियं अप्पणा रज्जं // शुर्शुछ.४५
8731,
8732,[युग्मम]
8733,तस्स भएण अहम्पि हु समागओ पुरवरीए चम्पाए
8734,जणणिसमेओ पासे मायामहकित्तिधम्मस्स // शुर्शुछ.४६
8735,
8736,तेणवि नियदेसन्ते दिन्नं गामाण सहस्सयं एगं
8737,तत्थ य जणणीसहिओ भयवं! अच्छामि अहयन्ति // शुर्शुछ.४७
8738,
8739,
8740,[प. ४३१]
8741,कइवयदिणेहिं इन्तो इमाइ अडवीइ वाणियगसत्थो
8742,मह पुरिसेहिं विलुत्तो पत्तं वित्तं तहिं पउरं // शुर्शुछ.४८
8743,
8744,अन्नं च तत्थ पत्ता तुक्खारतुरङ्गमा बहुविहीया
8745,ताणावाहणहेउं अज्जेव पभायसमयम्मि // शुर्शुछ.४९
8746,
8747,बाहिं नीहरिओ हं कमेण तुरगे ओ जाव वाहेमि
8748,ताविक्केणं सहसा हरिओ विवरीयसिक्खेण // शुर्शुछ.५०
8749,
8750,[युग्मम]
8751,अविय जह जह ओक्खञ्चिज्जइ तह तह वेगं पगिण्हमाणेण
8752,भयवं! तुरगंमेण इहाणिओ आसमे तुम्ह // शुर्शुछ.५१
8753,
8754,एवं च जाव साहइ सो सुरहो कुलवइस्स वुत्तन्त
8755,तुरयमणुमग्गलग्गं ताव य सिन्नपि से पत्तं // शुर्शुछ.५२
8756,
8757,अह भणियं सुरहेणं भयवं! वच्चामि निययठाणम्मि
8758,जं किञ्चि मए इण्हिं कायव्वं तं च आइससु // शुर्शुछ.५३
8759,
8760,
8761,[प. ४३२]
8762,अह कुलवइणा भणियं गुरुजणपूयाइधम्मकरणम्मि
8763,जहसत्तीइ पयट्टसु सरणागयवच्छलत्ते य // शुर्शुछ.५४
8764,
8765,अन्नं च भद्द! निसुणसु एसा रन्नो य अमरकेउस्स
8766,देवी गयअवहरिया अच्छई कमलावई नाम // शुर्शुछ.५५
8767,
8768,दूरे हत्थिणनयरं सावयपउरा य दुग्गमा अडवी
8769,हलकिट्ठमहीए तहा वियरन्ति न तावसकुमारा // शुर्शुछ.५६
8770,
8771,तेण न एसा सक्कइ पराणिउं नियपुरम्मि अम्हेहिं
8772,न य कोवि तहारूवो अन्नो इह आगओ सत्थो // शुर्शुछ.५७
8773,
8774,एसा सुकुमालतणू अच्छइ किच्छेण इत्थ वणवासे
8775,ता जइ तुमं पराणसि सट्ठाणं होइ ता लट्ठं // शुर्शुछ.५८
8776,
8777,अह सुरहेणं भणियं भयवं! जं भणह तं करेमित्ति
8778,गन्तुं सयमेव अहं अप्पिस्सं अमरकेउस्स // शुर्शुछ.५९
8779,
8780,
8781,[प. ४३३]
8782,भणियां हं कुलवइणा वच्छे! सुरहस्स भासियं निसुयं?
8783,ता वच्चसु सह इमिया अन्नो पुण दुल्लहो सत्थो // शुर्शुछ.६०
8784,
8785,अह चिन्तियं मए किं इमेण सह होइ गमणमम्हाणं
8786,"जुग्गं, अहवा जाणइ भयवं चिय एत्थ जं उचियं // शुर्शुछ.६१"
8787,
8788,इय चिन्तिऊण भणियं भयवं! जं भणसि तं करेमित्ति
8789,"जइ एवं ता वच्छे! पयट्ट, इह तेण भणिया हं // शुर्शुछ.६२"
8790,
8791,बहु मन्निय तव्वयणं ताहे चलिया नरिन्द! तेण समं
8792,तक्कालुचियं काउं तावसिसम्भासणाईयं // शुर्शुछ.६३
8793,
8794,जाव य कमेण पत्ता एत्थ पएसम्मि ताव सुरहो सो
8795,किम्पि मिसं काउणं थक्को एत्थेण रण्णम्मि // शुर्शुछ.६४
8796,
8797,आवासिऊण सिन्नं दिणे दिणे एइ मह समीवम्मि
8798,"दंसेइ य बहुमाणं, अह अन्नदिणम्मि एगन्ते // शुर्शुछ.६५"
8799,
8800,
8801,[प. ४३४]
8802,घित्तुं आहरणाइं मह पासे आगओ भणइ एवं
8803,एयाइं गिण्ह सुन्दरि! न सोहसे तं निराभरणा // शुर्शुछ.६६
8804,
8805,[युग्मम]
8806,तं देवदिन्नकुण्डलपमुहं सव्वम्पि निययआभरणं
8807,परियाणिऊण विम्हियहियाए मए इमं भणिओ // शुर्शुछ.६७
8808,
8809,एयाइं कुओ तुमए पत्ताइं सुरह! मज्झ साहेसु
8810,सो भणइ सुणसु सुन्दरि! पुव्वं मह भिल्लपुरिसेहिं // शुर्शुछ.६८
8811,
8812,इह अडवीइ समिद्धो कुसग्गपुरपत्थिओ वणियसत्थो
8813,गहिओ तहिं च पत्तं एयं तुह जोग्गमाभरणं // शुर्शुछ.६९
8814,
8815,[युग्मम]
8816,तत्तो य मए भणियं मह सन्तियमेवमाभरणमेयं
8817,सिरिदत्तनामगस्स ओ वणियस्स समप्पियं आसि // शुर्शुछ.७०
8818,
8819,हरिसियमुहेण भणियं जइ एवं तरिहि सुन्दरतरन्ति
8820,ता गेण्ह इमं सुन्दरि! इमस्स जोग्गा तुमं नन्ना // शुर्शुछ.७१
8821,
8822,
8823,[प. ४३५]
8824,अह तस्स दुट्ठभावं अन्नाऊणं तयं मए गहियं
8825,तत्तो य पइदिणं सो उवयरइ ममं असुहभावो // शुर्शुछ.७२
8826,
8827,आगच्छइ एगन्ते परिहासकहाओ कहइ मह पुरओ
8828,सवियारं च पलोयइ दंसइ अणुरत्तमप्पाणं // शुर्शुछ.७३
8829,
8830,अह अन्नदिणे पियययम! पावेणं तेण मयणमụ̄धेण
8831,अगणिय कुलमज्जायं उज्झिय लज्जं सुदूरेण // शुर्शुछ.७४
8832,
8833,बहु मन्निय अविवेयं भणिया एगन्तसण्ठिया एवं
8834,वम्महपीडियदेहो सरणं तुह सुयणु! अल्लीणो // शुर्शुछ.७५
8835,
8836,नियअङ्गसङ्गमेणं सहलं मम कुणसु जीवियं अज्ज
8837,तुह आयत्ता पाणा सव्वस्सवि सामिणी तं सि // शुर्शुछ.७६
8838,
8839,तुह सुयणु! किङ्करो हं आणाकारी य परियणो सव्वो
8840,गạ̄धाणुरागरत्तं किं बहुणा इच्छसु ममन्ति // शुर्शुछ.७७
8841,
8842,
8843,[प. ४३६]
8844,तव्वयणं सोऊणं सहसा वज्जेण ताडियाव अहं
8845,उप्पन्नगरुयदुक्खा पिययम! चिन्ताउरा जाया // शुर्शुछ.७८
8846,
8847,[युग्मम]
8848,हा! पाविट्ठो एसो बलावि सीलखण्डणं काही
8849,"सरणविहूणाइ ममं, ता इण्हिं किं करेमित्ति? // शुर्शुछ.७९"
8850,
8851,निब्भत्थामि गिराहिं सम्पइ अइनिट्ठुराहिं जइ एयं
8852,ता एस अमज्जायो इण्हिम्पि विरूवयं कुज्जा // शुर्शुछ.८०
8853,
8854,ता सम्पइ मूयत्तं जुत्तं अवलम्बिउं तओ पच्छा
8855,पत्थावं लहिऊणं नासिस्समिमाओ पावाओ // शुर्शुछ.८१
8856,
8857,इय चिन्तिय तुण्हिका अहोमुहं काउं तत्थ खक्का हं
8858,सोवि य दठ्ठूण ममं निरुत्तरं उट्ठिओ तत्तो // शुर्शुछ.८२
8859,
8860,पत्ताए रयणीए निब्भरसुत्ते य सयलसिन्नम्मि
8861,गहिऊण तमाभरणं पासाइं पलोयणमाणा // शुर्शुछ.८३
8862,
8863,
8864,[प. ४३७]
8865,निहुयगईए चलिया भएण कम्पन्ततणुलया गाढं
8866,वञ्चिय पाहरिए हं नीहरिया ताओ सिन्नाओ // शुर्शुछ.८४
8867,
8868,घित्तूण य एगदिसं चलिया घणतरुवणस्स मज्झेणं
8869,निसुणन्ती बहुसावयभीसणसद्दे बहुविही( ह? )ए // शुर्शुछ.८५
8870,
8871,[युग्मम]
8872,पवणाकम्पियपायवचलन्तपत्ताण सणसणारावं
8873,सीहोरालिसमाणं मन्नन्ती वेविरसरीरा // शुर्शुछ.८६
8874,
8875,वेगेण य गच्छन्ती घणन्धयाराए तीए रयणीए
8876,दीहरघणतणओच्छाइयाए विसमाए भूमीए // शुर्शुछ.८७
8877,
8878,अवियाणियपरमत्था झडत्ति पडिया य एत्थ कूवम्मि
8879,पिययम! कयबहुपावा जीवा इव घोरनरयम्मि // शुर्शुछ.८८
8880,
8881,[युग्मम]
8882,भवियव्वयावसेणं न मया गम्भीरजलनिवुड्डावि
8883,अगडस्स तडिं पाविय तत्थ निलुक्का अहं राय! // शुर्शुछ.८९
8884,
8885,
8886,[प. ४३८]
8887,मरणे उवट्ठिएवि हु सीलं संरक्खियन्ति तुट्ठमणा
8888,अप्पाणं सकयत्थं मन्नन्ता सुरहभयमुक्का // शुर्शुछ.९०
8889,
8890,गाढं छुहाभिभूया चत्तारि दिणाणि एत्थ कूवम्मि
8891,परिचत्तजीवियासा ठिया अहं सरणपरिहीणा // शुर्शुछ.९१
8892,
8893,अज्ज पुण कलयलेण सिबिरं आवासियन्ति नाऊण
8894,सुरहासङ्काए पुणो समाउला नाह! सञ्जाया // शुर्शुछ.९२
8895,
8896,तत्तो कूवपविट्ठं तुम्ह नरं पासिऊण सुट्ठुयरं
8897,भीयाइ पुच्छियाइवि न उत्तरं किञ्चि मे दिन्नं // शुर्शुछ.९३
8898,
8899,पुणरवि य तुम्ह नामं सोऊणं विगयअन्नआसङ्का
8900,हरिसभरनिब्भरङ्गी उत्तरिया देव! कूवाओ // शुर्शुछ.९४
8901,
8902,एयं मए 'णुभूयं सरणविहुणाए तुम्ह विरहम्मि
8903,निसुएण जेण जायइ दुक्खं पासट्ठियाणम्पि // शुर्शुछ.९५
8904,
8905,
8906,[प. ४३९]
8907,इय कमलावइभणियं आयन्निय अमरकेउनरनाहो
8908,बाहजलाविलनयणो गुरुसोगो भणिउमाढत्तो // शुर्शुछ.९६
8909,
8910,किं देव! इत्थ कीरइ सकम्मवसयाण नवरि जीवाण
8911,जायन्ति दूसहाइं दुक्खाइं एत्थ संसारे // शुर्शुछ.९७
8912,
8913,सकयं सुहमसुहं वा इक्को अणुहवइ विविहजोणीसु
8914,माया पिया य भत्ता बन्धुजणो वावि न हु सरणं // शुर्शुछ.९८
8915,
8916,रागद्दोसवसाए असुहफलं आसि जं कयं कम्मं
8917,तस्स वसाओ सुन्दरि! सम्पत्ता वसणरिञ्छोली // शुर्शुछ.९९
8918,
8919,एवं गएवि जं देवि! एत्थ कूवम्मि निवडिया एवं
8920,सम्पत्ता तं मन्ने अनन्नपुण्णोदओ कोवि // शुर्शुछ.१००
8921,
8922,पडिकूडकारिणावि हु विहिणा विहियं तु एत्तियं लट्ठं
8923,जं अक्खयदेहाए तुमए सह सङ्गमो विहिओ // शुर्शुछ.१०१
8924,
8925,
8926,[प. ४४०]
8927,एमाइबहुविगप्पं देविं आसासिऊण सो राया
8928,नियसिन्नेण समेओ समागओ गयपुरं कमसो // शुर्शुछ.१०२
8929,
8930,कारियगरुयपमोओ थुव्वन्तो नयरनारिनिवहेण
8931,कमलावईसमेओ दाणं देन्तो अमरकेऊ // शुर्शुछ.१०३
8932,
8933,कयमङ्गलोवयारो नायरजणजणियहिययआणन्दो
8934,नियमन्दिरे पविट्ठो पक्कलपाइक्कपरियरिओ // शुर्शुछ.१०४
8935,
8936,[युग्मम]
8937,एवं च तस्स रन्नो अदिट्ठदुक्खस्स देविसहियस्स
8938,बोलीणाइं कइवि हु वरिसाणं सयसहस्साइं // शुर्शुछ.१०५
8939,
8940,अह अन्नया कयाइवि अत्थाणगयस्स राइणो तस्स
8941,पडिहाराणुन्नाओ समन्तभद्दॊत्ति नामेण // शुर्शुछ.१०६
8942,
8943,उज्जाणम्मि निउत्तो पत्तो पणमित्तु रायपयकमलं
8944,सीसनिवेसियकरकमलसम्पुडो हरिसिओ भणइ // शुर्शुछ.१०७
8945,
8946,[युग्मम]
8947,
8948,[प. ४४१]
8949,पुव्वं देवेणं अहं नेमित्तियसुमइवयणयं सोच्चा
8950,कुसुमायरउज्जाणस्स पालगत्ते निउत्तो म्हि // शुर्शुछ.१०८
8951,
8952,तं च तिसञ्झं निच्चं पलोयमाणस्स एत्तिओ कालो
8953,वोलीणो न य दिट्ठं किञ्चिवि नेमित्तियाइट्ठं // शुर्शुछ.१०९
8954,
8955,अज्ज पुण अप्पभाए गयणे उज्जाणमज्झयारम्मि
8956,कुसुमियसाहिसमूहं इओ तओ पिच्छमाणेण // शुर्शुछ.११०
8957,
8958,एगम्मि दिसाभाए वल्लरवेल्लीसणाहदुमगहणे
8959,उत्तासियहंसउलो उट्ठाविओ सउणसन्दोहो // शुर्शुछ.१११
8960,
8961,निसुओ विम्हयजणओ बहिरियआसन्नसत्तसुइविवरो
8962,मुहरियदिसाविभागो गरुयखडक्कारसंसद्दो // शुर्शुछ.११२
8963,
8964,[तिस्र̥भिः विशेषकम]
8965,सोऊण य तं सद्दं विम्हियउत्फुल्ललोयणेण मए
8966,पुलइय तत्तोहुत्तं चिन्तियमव्वो! किमेयन्ति // शुर्शुछ.११३
8967,
8968,
8969,[प. ४४२]
8970,कस्स पुण एस सद्दो समुट्ठिओ एत्थ वणनिगुञ्जम्मि
8971,इय चिन्तन्तो कोऊहलेण तत्तोमुहो चलिओ // शुर्शुछ.११४
8972,
8973,ताव य दिट्ठा भूपट्ठिसण्ठिया बउलपायवसमीवे
8974,मुच्छानिमीलियच्छी अधरियसुरसुन्दरीरूवा // शुर्शुछ.११५
8975,
8976,अहिणवजोव्वणउब्भेयसुन्दरा सयलमणहरावयवा
8977,पउमचुया इव लच्छी नरवर! वरबालिया एक्का // शुर्शुछ.११६
8978,
8979,[युग्मम]
8980,नूणं नहत्थलाओ निवडन्तीए इमीए भूमीए
8981,जुवईए पडिसद्दो समुट्ठिओ एस सहसत्ति // शुर्शुछ.११७
8982,
8983,कह मन्ने एरिसस्सवि जुवईरयणस्स एरिसा 'वत्था
8984,विबुहजणसोयणिज्जा धी! विहिणो विलसियं चित्तं // शुर्शुछ.११८
8985,
8986,इय चिन्तन्तेण मए सीयलजलसीयरेहिं संसित्ता
8987,मिउपवणकरणविहिणा अह विहिया सा समासत्था // शुर्शुछ.११९
8988,
8989,
8990,[प. ४४३]
8991,हरिणिव्व जूहभट्ठा सतरलतारं दिसाओ पुलयन्ती
8992,भणिया मए सुमहुरं कीस तुमं सुयणु! बीहेसि? // शुर्शुछ.१२०
8993,
8994,"मा भद्दे! कुणसु भयं थेवम्पि, हु जणयनिविसेसो हं"
8995,का सि तुमं कत्तो वा इह पडिया मज्झ साहेसु? // शुर्शुछ.१२१
8996,
8997,अविय सग्गाओ निवडिया किं सावप्पहया सुरङ्गणा तं सि
8998,किं वावि भट्ठविज्जा विज्जाहरबालिया सुयणु!? // शुर्शुछ.१२२
8999,
9000,तुहरूवदंसणुप्पन्नहरणबुद्धिस्स नहपयट्टस्स
9001,विज्जाहरस्स कस्सवि किंवा हत्थाओ पब्भट्ठा? // शुर्शुछ.१२३
9002,
9003,साहेसु सुयणु! एयं महन्तकोऊहलं इमं मज्झ
9004,नीसाहारा कह नहयलाओ पडिया इहुज्जाणे? // शुर्शुछ.१२४
9005,
9006,इय सा भणिया भूनाह! मज्झ पडिउत्तरं अदाऊण
9007,गुरुदुक्खसूयणपरं अंसुजलं मोत्तुमारद्धा // शुर्शुछ.१२५
9008,
9009,
9010,[प. ४४४]
9011,अह तं तहाविहं पासिऊण परिचिन्तियं मए एयं
9012,तं एयं सञ्जायं जं पुव्वं सुमइणा भणियं // शुर्शुछ.१२६
9013,
9014,कुसुमायरउज्जाणे जइया गयणाओ कन्नगा पडिही
9015,तत्तो य सिग्घमेव हि पुत्तेण समागमो होही // शुर्शुछ.१२७
9016,
9017,"ता किं इह पुट्ठाए इमाए, ताव साहेमि"
9018,गन्तुं वइयरमेयं जहट्ठियं चेव नरवइणो // शुर्शुछ.१२८
9019,
9020,इय चिन्तिऊण तत्तो आसासित्ता सुमहुरवयणेहिं
9021,आणीया नियगेहे समप्पिया सा सभज्जाए // शुर्शुछ.१२९
9022,
9023,नियपरियणं च सवं सरीरसंवाहणाइवावारे
9024,तीए निउइऊणं समागंओ देवपासम्मि // शुर्शुछ.१३०
9025,
9026,एवं समन्तभद्देण साहियं वइयरं निसामित्ता
9027,विम्हियहियओ राया अह एवं भणिउमाढत्तो // शुर्शुछ.१३१
9028,
9029,
9030,[प. ४४५]
9031,अव्वो! हु अवितहं तं पिच्छह नेमित्तियस्स सुमइस्स
9032,ता पुत्तेण समाणं आसन्नं दंसणं इण्हिं // शुर्शुछ.१३२
9033,
9034,ता भो समन्तभद्दय! सिग्घं आणेह बालियं तमिह
9035,जीए पभावेण मए पिक्खेयव्वो सपुत्तोति // शुर्शुछ.१३३
9036,
9037,वयणाणन्तरमेव हि समन्तभद्देण गन्तुमाणीया
9038,सा बालिया विणिज्जियसुरजुवईरूवसोहग्गा // शुर्शुछ.१३४
9039,
9040,तीए सरीरसोहं पिच्छिय रन्ना विचिन्तियं अव्वो
9041,आगारो चिय सूयइ इमीए सुकुलम्मि सम्भूइं // शुर्शुछ.१३५
9042,
9043,उचियासणोवविट्ठा सा कन्ना अमरकेउनरवइणा
9044,भणिया हिययब्भन्तरगुरुसोगु व्वायपण्डुमुहा // शुर्शुछ.१३६
9045,
9046,वच्छे! उज्झसु सोयं चयसु भयं जणयनिविसेसस्स
9047,साहिज्जउ मह एयं कम्मि पुरे तं समुप्पन्ना? // शुर्शुछ.१३७
9048,
9049,
9050,[प. ४४६]
9051,कस्स व धूया कह वा इहागया कह व मज्झ उज्जाणे
9052,पडिया सि नहयलाओ साहेसु सवित्थरं एयं // शुर्शुछ.१३८
9053,
9054,अह सा एवं भणिया गुरुसोया सज्झसेण अभिभूया
9055,उम्मुक्कदीहसासा न किञ्चि पडिउत्तरं देइ // शुर्शुछ.१३९
9056,
9057,अह पुणरुत्तं रन्ना पुट्ठाए तीए कहवि संलत्तं
9058,ताय! चएमि न वोत्तुं बहुदुखं निययवुत्तन्तं // शुर्शुछ.१४०
9059,
9060,तहवि हु अलन्धणीया आणा तायस्स तेण साहेमि
9061,जम्बुद्दीवे भरहे कुसग्गनयरम्मि नामेण // शुर्शुछ.१४१
9062,
9063,अत्थि पुरं सुपसिद्धं तत्थ य नरवाहणो पुहइनाहो
9064,रयणवई से देवी तीए धूया अहं ताय! // शुर्शुछ.१४२
9065,
9066,[युग्मम]
9067,सुरसुन्दरित्तिनामा पुव्विं दुव्विहियकम्मपरिणामा
9068,वेरियसमेण केणइ पिसायरूवेण अवहरिया // शुर्शुछ.१४३
9069,
9070,
9071,[प. ४४७]
9072,एत्तियमित्तं भणिउं सोयसमुब्भुयगरुमन्नुवसा
9073,थूलंसुए मुयन्ती निहुयं रोउं पवत्ता सा // शुर्शुछ.१४४
9074,
9075,एत्थन्तरम्मि रन्नो अद्धासणसङ्गयाए देवीए
9076,कमलावईए गहिया रोवन्ती सा निजुच्छङ्गे // शुर्शुछ.१४५
9077,
9078,भणिया वच्छे! मा रुय न होइ दीवन्तरं इमं सुयणु!
9079,हत्थिणपुरं हि एयं एसो राया अमरकेऊ // शुर्शुछ.१४६
9080,
9081,"कमलावई अहम्पि हु, सहोयरो होइ तुह पिया मज्झ"
9082,वच्छे! तुमम्पि अम्हं सुयपुव्वा नाममेत्तेण // शुर्शुछ.१४७
9083,
9084,बहुविहपओयणेणं कुसग्गनयराओ जो जणो एन्तो
9085,सो सव्वो सुरसुन्दरि! तुह गुणनिवहं मह कहिन्तो // शुर्शुछ.१४८
9086,
9087,एवं सुरूवकलिया एवं पिउणो य वच्छला बाढं
9088,एवं कलासु कुसला एवं दक्खिन्नदयजुत्ता // शुर्शुछ.१४९
9089,
9090,
9091,[प. ४४८]
9092,ता मा कुणसु विसायं एयम्पि य पिउहरं निजं तुज्झ
9093,अच्छसु वीसत्थमणा कीडन्ती विविहकीडाहिं // शुर्शुछ.१५०
9094,
9095,एवविहवयणेहिं आसासित्ता निजुत्तरीएण
9096,अंसुयधोयकवोलं तीए मुहं सम्पमज्जित्ता // शुर्शुछ.१५१
9097,
9098,मुहसोयं दाऊणं नीया देवीए मन्दिरे नियए
9099,तत्थवि उव्विग्गमणा अच्छइ गुरुसोयसन्तत्ता // शुर्शुछ.१५२
9100,
9101,[युग्मम]
9102,नीससइ दीहदीहं खणेण थूलंसुयाइं मिल्लेइ
9103,मुच्छिज्जई खणेणं खणेण संवरइ अप्पाणं // शुर्शुछ.१५३
9104,
9105,विलवइ खणेण विहसइ रोवइ खणेण मूयल्लिया होइ
9106,गुरुचिन्ताभरविहुरियहियया परिहाइ अणुदियहं // शुर्शुछ.१५४
9107,
9108,अह तं विगतयाणन्दं पिच्छिय कमलावई विचिन्तेइ
9109,आणाकारी सव्वोवि परियणो ताव एईए // शुर्शुछ.१५५
9110,
9111,
9112,[प. ४४९]
9113,तह य समाणवयाओ सिणेहसाराओ रायकन्नाओ
9114,नाणाविहचेट्ठाहिं अणुदियहमिमं विणोएन्ति // शुर्शुछ.१५६
9115,
9116,तहवि हु रइं न पावइ एसा चिन्ताए सुसइ अणुदियहं
9117,ता मन्ने का चिन्ता जीए एसा उ परिहाइ // शुर्शुछ.१५७
9118,
9119,जइ ता माउपिऊणं सुमरइ ता किं कहेइ न हु मज्झ?
9120,मयणवियारसरिच्छा नेय वियारा तहिं हुन्ति // शुर्शुछ.१५८
9121,
9122,एगन्तं जह सेवइ विहडियचक्काइं जह य मेल्लेइ
9123,पियसङ्गमसाराओ कहाओ जह सुणइ तच्चित्ता // शुर्शुछ.१५९
9124,
9125,तह मन्ने पेम्मगहो विलसइ एवंविहाहिं चिट्ठाहिं
9126,ता जह एसा मज्झं तहट्ठियं साहइ सरूवं // शुर्शुछ.१६०
9127,
9128,ता तस्स पावणम्मिवि कोवि उवाओवि लब्भए नूणं
9129,न य एसा वज्जरिही पुट्ठावि जहट्ठियं मज्झ // शुर्शुछ.१६१
9130,
9131,[युग्मम]
9132,
9133,[प. ४५०]
9134,वामसहावो मयणो अक्खिज्जन्तो न पायडो होइ
9135,नज्जइ आगारेहिं गोविज्जन्तोवि छेएहिं // शुर्शुछ.१६२
9136,
9137,तहवि हु लहामि केणवि हन्दि! उवाएण भावमेईए
9138,इय चिन्तिय आणत्ता नियचेडी हंसिया नाम // शुर्शुछ.१६३
9139,
9140,सुरसुन्दरीइ उव्वेवकारणं लहसु हंसिए! कहवि
9141,तुज्झ समाणवयाए साहिस्सइ हिययसब्भावं // शुर्शुछ.१६४
9142,
9143,जं आणवेसि सामिणि! इय भणिउं हंसिया गया झत्ति
9144,एगन्तट्ठियसुरसुन्दरीए पासम्मि अल्लीणा // शुर्शुछ.१६५
9145,
9146,सब्भावनेहसूयगेवीसम्भकहाहिं विविहभणिईहिं
9147,उप्पाइय वीसम्भं भणिया सुरसुन्दरी तीए // शुर्शुछ.१६६
9148,
9149,सुरसुन्दरि! तुह चरियस्स निसुणणे अत्थि कोउगं मज्झ
9150,कह केण किं निमित्तं अवहरिया किञ्च अणुभूयं? // शुर्शुछ.१६७
9151,
9152,
9153,[प. ४५१]
9154,सुरसुन्दरीए भणियं ताएणवि आसि पुच्छिया एव
9155,किं पुण लज्जाए मए न सक्कियं तत्थ वज्जरिउं // शुर्शुछ.१६८
9156,
9157,किञ्च मह चरियं सुम्मन्तं जणेई पासट्ठियाणवि दुक्खं
9158,तेण न वोत्तुं मज्झवि गुरुदुक्खसञ्जणगं // शुर्शुछ.१६९
9159,
9160,तहवि हु तुमए पुट्ठा वयंसि! कोऊहलेण गरुएण
9161,साहेमि तेण निसुणसु एगमणा वज्जरिज्जन्तं // शुर्शुछ.१७०
9162,
9163,अत्थि पुहईपयासं निरग्गलोदग्गवग्गिरतुरङ्गं
9164,वग्गिरतुरङ्गखरखुरुक्खयखेहाइन्नरिक्खपहं // शुर्शुछ.१७१
9165,
9166,रिक्खपहपवणकम्पिरधयवडरेहन्तभूरिसाणूरं
9167,साणूरगहिरवज्जिरतूररवुप्फुण्णादिसिचक्कं // शुर्शुछ.१७२
9168,
9169,दिसिच्चक्कगेयसत्थाहसत्थकिज्जन्तवज्जवाणिज्जं
9170,वाणिज्जकलापत्तट्ठलट्ठवाणियगरमणीयं // शुर्शुछ.१७३
9171,
9172,
9173,[प. ४५२]
9174,रमणीयणवरवज्जिरनेउरझङ्काररुद्धसुइविवरं
9175,विवरीयरयवियक्खणविलासिणीलोयपडिपुन्नं // शुर्शुछ.१७४
9176,
9177,पुन्नुक्कडजणवासं इब्भसहस्सोवसोहियं विउलं
9178,विउलरसायलपरिगयपरिहापायारसोहिल्लं // शुर्शुछ.१७५
9179,
9180,सोहिल्लतियचउक्कं उक्कडदप्पिट्ठजोहसयकलियं
9181,नामेण कुसग्गपुरं नयरं दियलोयसारिच्छं // शुर्शुछ.१७६
9182,
9183,[षङ्भिः कुलकम]
9184,अक्कन्तगुरुपरक्कमअच्चन्तुक्कडपयावपडिवक्खो
9185,तत्थत्थि सुविक्खाओ राया नरवाहणो नाम // शुर्शुछ.१७७
9186,
9187,तस्स य रन्नो मित्तो कुमारभावम्मि कहवि सञ्जाओ
9188,वेयड्ढकुञ्जरावत्तचित्तभाणुस्स अङ्गरुहो // शुर्शुछ.१७८
9189,
9190,नामेण भाणुवेगो तेण य पीईथिरत्तणनिमित्तं
9191,दिन्ना नियया भगिणी रयणवई नाम एयस्स // शुर्शुछ.१७९
9192,
9193,
9194,[प. ४५३]
9195,सयलन्तेउरपवरा जाया सा तस्स हिययवल्लहिया
9196,तीइ सह विसयसोक्खं अणुहवमाणस्स कालेणं // शुर्शुछ.१८०
9197,
9198,[युग्मम]
9199,एक्कच्चिय धूया हं जाया जम्मम्मि मज्झ ताएण
9200,सुयजम्मणअब्भहिओ नयरम्मि महोच्छवो विहिओ // शुर्शुछ.१८१
9201,
9202,सुरसुन्दरिसमरूवा एसा इह चिन्तिऊण ताएण
9203,सुरसुन्दरित्ति नामं पइट्ठियं उचियसमयम्मि // शुर्शुछ.१८२
9204,
9205,कमसो पवड्ढमाणा कुमारभावम्मि जुवइजोग्गाओ
9206,गाहाविया कलाओ जाया य कमेण तक्कुसला // शुर्शुछ.१८३
9207,
9208,अविय वित्ते नट्टे गीए पत्तच्छेज्जे य हत्थकण्डेसु
9209,वीणासरलकखणवञ्जणेसु वायरणतक्केसु // शुर्शुछ.१८४
9210,
9211,जाया वियक्खणा हं बुद्धीए सुरगुरुस्स सारिच्छा
9212,एक्कम्मि पए लद्धे सेसं ऊहेमि लद्धीए // शुर्शुछ.१८५
9213,
9214,
9215,[प. ४५४]
9216,अम्बाए तायस्स य सयलस्स य परियणस्स आणन्दं
9217,कुणमाणा सम्पत्ता कमसो हं जोव्वणं पढमं // शुर्शुछ.१८६
9218,
9219,दठ्ठूण जोव्वणं मह ताओ चिन्ताउरो दढं जाओ
9220,को अणुरूवो होही भत्ता इह मज्झ धूयाए? // शुर्शुछ.१८७
9221,
9222,अह अन्नया य सुमई नेमित्ती आगओ तहिं रन्ना
9223,पुट्ठो मह धूयाए को होही भद्द! भत्तारो? // शुर्शुछ.१८८
9224,
9225,भणियं च तेण नरवर! विजाहरचक्कवट्टिणो एसा
9226,होही सयलन्तेउरपवरा अइवल्लहा देवी // शुर्शुछ.१८९
9227,
9228,तव्वयणं सोऊणं मणम्मि आणन्दएण ताएण
9229,दाऊण भूरिदव्वं पट्ठविओ सुमइनेमित्ती // शुर्शुछ.१९०
9230,
9231,अह अन्नया य अहयं परियरिया बहुविहाहिं चेडीहिं
9232,नियसहियणसञ्जुत्ता पत्ता पुरबाहिरुज्जाणे // शुर्शुछ.१९१
9233,
9234,
9235,[प. ४५५]
9236,तत्थ य विविहपगारं कीडन्तीए तदेगदेसम्मि
9237,दिट्ठा पढमवयत्था विज्जाहरबालिया एक्का // शुर्शुछ.१९२
9238,
9239,परिजविय किञ्चि मन्तं उप्पइउमणा पसारइ भुयाओ
9240,उल्ललइ नहयलम्मि निवडइ धरणीइ पुणरुत्तं // शुर्शुछ.१९३
9241,
9242,तं दट्ठुं विम्हिया हं सम्पत्ता तीइ अन्तियं तुरियं
9243,भणिया य मए सुन्दरि! का सि तुमं किञ्च कुणसि इमं? // शुर्शुछ.१९४
9244,
9245,"तीए भणियं भद्दे! आयन्नसु, गिरिवरम्मि वेयड̣धे"
9246,दक्खिणसẹ̄धीए रयणसञ्चयं अत्थि वरनयरं // शुर्शुछ.१९५
9247,
9248,विज्जाहरवरचक्की राया तत्थत्थि चित्तवेगॊत्ति
9249,राया य भाणुवेगो अत्थि पुरे कुञ्जरावत्ते // शुर्शुछ.१९६
9250,
9251,तस्स य दो भगिणीओ सहोयराओ य अईव इट्ठाओ
9252,पढमा ओ बन्धुदत्ता रयणवई नाम बीया उ // शुर्शुछ.१९७
9253,
9254,
9255,[प. ४५६]
9256,सा सुयणु! बन्धुदत्ता परिणीया चित्तवेगनरवइणा
9257,तीए धूया अहयं नामं च पियंवया मज्झ // शुर्शुछ.१९८
9258,
9259,अन्नावि महादेवी तायस्स उ अत्थि कणगमालत्ति
9260,तीए य अत्थि पुत्तो नामेणं मयरकेउत्ति // शुर्शुछ.१९९
9261,
9262,सो मह अईव इट्ठो विरहं न सहामि तस्स निमिसम्पि
9263,सम्पइ पुण ताएणं दिन्नाओ तस्स विज्जाओ // शुर्शुछ.२००
9264,
9265,विज्जाण साहणत्थं पसत्तखित्तम्मि सो गओ विजणे
9266,जहभणियविहाणेणं साहइ सो तत्थ विज्जाओ // शुर्शुछ.२०१
9267,
9268,वट्टइ बीओ मासो विज्जाओ तस्स साहयन्तस्स
9269,अहमवि तस्स विओगे तरामि नो जाव अच्छेउं // शुर्शुछ.२०२
9270,
9271,ता पुच्छिऊण जणगं चलिया हं तस्स दरिसणनिमित्तं
9272,आगमणपरिस्सन्ता ओइन्ना इत्थ उज्जाणे // शुर्शुछ.२०३
9273,
9274,
9275,[प. ४५७]
9276,अहिणवपạधियत्तणओ विज्जाए कहवि मज्झ पयमेगं
9277,पम्हुट्ठमहन्नाए तेण य न चएमि उप्पइउं // शुर्शुछ.२०४
9278,
9279,तं जं तुमए पुट्ठं तं एयं साहियं सुयणु! तुज्झ
9280,विज्जावयस्स भंसे सट्ठाणं कहणु पाविस्सं? // शुर्शुछ.२०५
9281,
9282,पुणरुत्तम्पि हु पạधिए सम्भरइ न मज्झ तं पयं कहवि
9283,उत्तट्ठमयसिलिम्बच्छि! तेणमहमाउलाजाया // शुर्शुछ.२०६
9284,
9285,तत्तो य मए भणियं पियंवए! अत्थि तीइ विज्जाए
9286,एसो कप्पो जं किल साहिज्जइ हन्दि! अन्नस्स! // शुर्शुछ.२०७
9287,
9288,भणियं पियंवयाए साहिज्जइ नत्थि कोवि दोसॊत्ति
9289,जइ एवं ता साहसु मा (मे) कहवि पयं उवलभिज्जा // शुर्शुछ.२०८
9290,
9291,एवं च मए भणिए समाणसिद्धित्ति तीइ भणिऊण
9292,ठाऊण कन्नमूले पạधिया सणियं तु सा विज्जा // शुर्शुछ.२०९
9293,
9294,
9295,[प. ४५८]
9296,तत्तो चितन्तीए लहुमेव मए तयं पयं लद्धं
9297,लहिऊण तीए सिट्ठं भवइ इमं किं नु एवन्ति? // शुर्शुछ.२१०
9298,
9299,वियसियमुहकमलाए तीए भणियं सुट्ठु उवलद्धं
9300,चलणेसु निवडिऊणं भणियं मह होसि तं गुरुणी // शुर्शुछ.२११
9301,
9302,"जीए विज्झा दिन्ना, ता मह साहेसु तुज्झ किं नाम?"
9303,एत्थ पुरम्मी कस्स व धूया तं सुकयपुन्नस्स? // शुर्शुछ.२१२
9304,
9305,मज्झ सहीए भणियं भद्दे! नरवाहणस्स नरवइणो
9306,रयवणइदेवीए धूया सुरसुन्दरी एसा // शुर्शुछ.२१३
9307,
9308,अच्चब्भुयगुणनियरा किं न सुया सयललोयविक्खाया
9309,विज्जाहरधूयाए धूया सुरसुन्दरी भद्दे!? // शुर्शुछ.२१४
9310,
9311,एवं तीए वयणं सोऊणं हरिसबाहपुण्णच्छी
9312,गहिऊण मम कण्ठे पियंवया भणिउमाढत्ता // शुर्शुछ.२१५
9313,
9314,
9315,[प. ४५९]
9316,"अम्बाए मज्झ पुव्विं वज्जरियं आसि, मज्झ लहुभगिणी"
9317,भूमिचरमित्तस्स उ रन्नो मह भाउणा दिन्ना // शुर्शुछ.२१६
9318,
9319,ता माउसियाधूया भगिणी तं होसि मज्झं चन्दमुहि!
9320,इय जम्पिऊण दिन्नं तीए मह साइयं गरुयं // शुर्शुछ.२१७
9321,
9322,तत्तो य मए भणियं आगच्छसु भगिणि! मज्झ गेहम्मि
9323,बन्धुजणवच्छलाए अम्बाए दंसणं कुणसु // शुर्शुछ.२१८
9324,
9325,भणियं पियंवयाए पिक्खिस्सं माउसिं पडिनियत्ता
9326,कारणवसेण सम्पइ गच्छिस्सं भाउयसमीवं // शुर्शुछ.२१९
9327,
9328,इत्थत्थे निब्बन्धं मा काहिसि उच्छुगा अहं इण्हिं
9329,तत्तो य मए भणियं एवन्ति य किन्तु पुच्छामि // शुर्शुछ.२२०
9330,
9331,"किञ्चिवि, तं मह साहसु, तीए भणियं तु पुच्छ, साहेमि"
9332,भणियं च मए भद्दे! कक्खाए गोविए एत्थ? // शुर्शुछ.२२१
9333,
9334,
9335,[प. ४६०]
9336,"चित्तपडे किं अच्छइ लिहियं, चित्तम्मि कोउगं मज्झ"
9337,ता दंसिज्जउ एयं जइ जोग्गं दंसिउं भगिणि! // शुर्शुछ.२२२
9338,
9339,[युग्मम]
9340,वियसियमुहाइ तीए पसारिउं दंसिओ पडो अम्ह
9341,भणियं च तीइ इसो मए सहत्थेण लिहिउत्ति // शुर्शुछ.२२३
9342,
9343,तत्थ य पडम्मि लिहियं दठ्ठूणमणङ्गसंनिभं तरुणं
9344,अमएणव सित्ता हं जाओ हिययस्स आणन्दो // शुर्शुछ.२२४
9345,
9346,चिरपरिचियव्व दिट्ठो दिट्ठी आणन्दबाहपडिहत्था
9347,जाया सव्वसरीरे समुट्ठिओ बहलरोमञ्चो // शुर्शुछ.२२५
9348,
9349,फुरफुरियं अहरेणं उल्लसियं भुयलयाहिं सहसत्ति
9350,ऊससियं च थणेणं थरहरियं ऊरुजुयलेणं // शुर्शुछ.२२६
9351,
9352,सुत्ताव मुच्छिया इव मत्ता इव विगयचेयणा जाया
9353,सोहग्गमन्दिरं तं दठ्ठूणं चित्तलिहियम्पि // शुर्शुछ.२२७
9354,
9355,
9356,[प. ४६१]
9357,नाऊण मज्झ भावं वसन्तियाए सहीइ संलत्तं
9358,को एस तए लिहिओ पियंवए! लोयणाणन्दो? // शुर्शुछ.२२८
9359,
9360,भणियमह कुमुइणीए वसन्तिए! किं तुहित्थ पुच्छाए?
9361,कामिणिहिययाणन्दो लिहिओ रइविरहिओ मयणो // शुर्शुछ.२२९
9362,
9363,ईसिं हसिऊण तओ सिरिमइयाए सहीए संलत्तं
9364,एत्तियकालं रइविरहिओ इमो आसि पञ्चसरो // शुर्शुछ.२३०
9365,
9366,सम्पइ रईए सहिओ एसो मयणॊत्ति किं न पुलएसि?
9367,पयडा रईवि एसा आसन्ना चेव एयस्स // शुर्शुछ.२३१
9368,
9369,तं सोउं सव्वाहिं सहत्थतालं तु पहसिउं भणियं
9370,एवं एयं सिरिमइ! सम्मं हि विणिच्छियं तुमए // शुर्शुछ.२३२
9371,
9372,अह लद्धचेयणाए विन्नाया हन्ति जायलज्जाए
9373,आगारं विणिगूहिय सकोवमेवं मए भणियं // शुर्शुछ.२३३
9374,
9375,
9376,[प. ४६२]
9377,हम्भो! अलियपलाविणि! दंसणमित्तम्पि नत्थि एएण
9378,कत्तो आसन्नत्तं जेण कया हं रई तुमए? // शुर्शुछ.२३४
9379,
9380,"तीए भणियं मा सहि! रूससु, दिट्ठम्मि जेण एयम्मि"
9381,चित्तम्मि रई जाया तेण रई तं मए भणिया // शुर्शुछ.२३५
9382,
9383,भणियं च मए किंवा असमञ्जसभासिणीहिं एयाहिं
9384,"ताव य, पियंवए! कहसु एस को वा तए लिहिओ? // शुर्शुछ.२३६"
9385,
9386,भणियं पियंवयाए भाया मह एस मयरकेउत्ति
9387,रूवेण जो अणङ्गो सूरो चाई कलाकुसलो // शुर्शुछ.२३७
9388,
9389,कइयावि चित्तफलए कइयावि पडम्मि तस्स पडिरूवं
9390,लिहिऊण मए अप्पा विणोइओ एत्तियं कालं // शुर्शुछ.२३८
9391,
9392,सम्पइ पुण असमत्था सहिउं विरहं इमस्स चलिया हं
9393,ता भगिणि! मुञ्च वच्चामि जेण पासम्मि तस्सेव // शुर्शुछ.२३९
9394,
9395,
9396,[प. ४६३]
9397,भणियं च सिरिमईए एवं जो गरुयगुणगणावासो
9398,सो तुह भाया // शुर्शुछ.२४०
9399,
9400,चित्तगएणवि ताव य आणन्दो सहिजणस्स सञ्जणिओ
9401,इण्हिं पच्चक्खम्पि हु दंसिज्जओ अमयभूओ सो // शुर्शुछ.२४१
9402,
9403,विहसियं पियंवयाए भणियं मा सहि
9404, // शुर्शुछ.२४२
9405,
9406,अविय जइ ताव कावि हु अहं ता 'वस्सं तस्स सङ्गमेण सुहं
9407,कायव्वं भगिणीए अणुकूलो जइ विही होही // शुर्शुछ.२४३
9408,
9409,भणियं च मए ताव य एयाओ हवन्तु अलियभणिरीओ
9410,पियसहि! तुमम्पि सम्पइ असमञ्जसभासिणी जाया // शुर्शुछ.२४४
9411,
9412,अइनिउणं किलं चित्त अम्हे कोऊहलेण पुलएमो
9413,तुम्हे सढहिययाओ अन्नह सव्वं वियप्पेह // शुर्शुछ.२४५
9414,
9415,
9416,[प. ४६४]
9417,अह कुमुइणीए भणियं एवं एयन्ति नत्थि सन्देहो
9418,ता सहि! तुमम्पि एवं चित्तं लिहिउं समब्भससु // शुर्शुछ.२४६
9419,
9420,अप्पेसु पडं एयं पियंवए! जेण चित्तमब्भसइ
9421,"तुह भगिणी, अह तीए समप्पिओ कुमुइणीइ पडो // शुर्शुछ.२४७"
9422,
9423,सम्भासिउं ताहिं पियंवया सा तओ ममं उप्पइया नहग्गे
9424,सहीहि जुत्ता बहुकेलियाहिं अहम्पि पत्ता नियमन्दिरम्मि // शुर्शुछ.२४८
9425,
9426,साहुधणेसरविरइयसुबोहगाहासमूहरम्माए
9427,रागग्गिदोसविसहरपसमणजलमन्तभूयाए // शुर्शुछ.२४९
9428,
9429,एसोवि परिसमप्पइ पियंवयादंसणॊत्ति नामेण
9430,सुरसुन्दरीकहाए एक्कारसमो परिच्छेओ // शुर्शुछ.२५०
9431,
9432,
9433,
9434,---------------------------------------------------------------------
9435,
9436,[प. ४६५]
9437,[द्वादशः परिच्छेदः]
9438,
9439,अह तत्थ सुवित्थिन्ने पसत्थवत्थोहविहियउल्लोचे
9440,गन्तुं नियवासगिहे पासुत्ता पवरसयणीए // शुर्शुछ.१
9441,
9442,भणियाओ य सहीओ वच्चह सव्वाओ निययगेहेसु
9443,मह कुणकुणाइ सीसं सीयन्ति य सव्वअङ्गाइं // शुर्शुछ.२
9444,
9445,जरगहिंयव सरीरं ता सोविस्सं खणन्तरं एगं
9446,तत्तो य कुमुइणीए भणियं एवं करेसुत्ति // शुर्शुछ.३
9447,
9448,ईसिं हसिऊण तओ वज्जरियं सिरिमईए किं भगिणि!
9449,"सहसा जायमसत्थं तुह देहं, कारणं भणसु? // शुर्शुछ.४"
9450,
9451,भणियं वसन्तियाए सिरिमइ! तं चेव वेच्चयं मुणसि
9452,ता चिन्तेसु सयं चिय रोगस्स निदाणमेयस्स // शुर्शुछ.५
9453,
9454,
9455,[प. ४६६]
9456,अह सिरिमईइ मज्झं सं धाणाइं निएव सासूयं
9457,भणियं न किम्पि ताव य लक्खिज्जइ बज्झवित्तीए // शुर्शुछ.६
9458,
9459,अविय दुविहा सङ्खेवेणं सारीरा ' 'गन्तुया य रोगत्ति
9460,"अह वायपित्तसिम्भुब्भवा य, इह आदिमा नेया // शुर्शुछ.७"
9461,
9462,ताणं मङ्खणलङ्घणनिवायसेवाइया चिगिच्छाओ
9463,वेज्जयसत्थुद्दिट्ठा पुरिसं कालं न नाऊण // शुर्शुछ.८
9464,
9465,भूयगहचक्खुसागिणिदोसा आगन्तुया मुणेयव्वा
9466,बलिहोममन्ततन्ताइया हु विविहा चिगिच्छा सिं // शुर्शुछ.९
9467,
9468,सारीरियरोगाणं न लक्खणं किञ्चि दीसइ इमीए
9469,ता नूणं आगन्तुयदोसो तक्किज्जई नन्नो // शुर्शुछ.१०
9470,
9471,उत्तारिज्जउ लोणं हक्कारिज्जन्तु विविहगारुडिया
9472,सरिसवघाओ दिज्जउ बज्जउ तह रक्खपोट्टलिया // शुर्शुछ.११
9473,
9474,
9475,[प. ४६७]
9476,अह ललियाए भणियं ता किं सिग्घं न कीरए एयं
9477,वाही उविक्खिओ जं न होइ इह सुन्दरो भद्दे! // शुर्शुछ.१२
9478,
9479,तो सिरिमइए भणियं लक्खेमो अम्हि केवलं वाहिं
9480,न उणो पउणीकाउं सत्ता अह माहवी भणइ // शुर्शुछ.१३
9481,
9482,लक्खइ जो किर वाहिं पउणम्पि हु सो करिस्सए पत्तं
9483,जेणिह दिट्ठा चोरा पहरयमवि देह सो नूणं // शुर्शुछ.१४
9484,
9485,निहुयं हसिऊण तओ सव्वाहिवि सहरिसं समुल्लवियं
9486,सिरिमइ! इण्हि न छुट्टसि अम्ह सहिं जणसु पउणन्ति // शुर्शुछ.१५
9487,
9488,"अन्नं, स तुज्झ जणओ सुप्रसिद्धो मन्तजाणओ सुयणु!"
9489,ता वाहिऊण मन्तं पउणं सुरसुन्दरिं कुणसु // शुर्शुछ.१६
9490,
9491,अह सिरिमईइ भणियं जइ मह जणओ वियाणई मन्ते
9492,"ता किं मह, जइ मिट्ठं खीरं ता किं नु छाणस्स? // शुर्शुछ.१७"
9493,
9494,
9495,[प. ४६८]
9496,किम्पुण भणामि इक्कं जइ मह एसा न रूसए सहिया
9497,एस अउव्वो वाही न फिट्टए मन्तमेत्तेण // शुर्शुछ.१८
9498,
9499,अह कुमुइणीए भणियं किं पुण कोवस्स कारणं एत्थ?
9500,साहेसु निव्विसङ्का विगमो वाहीए जइ होइ // शुर्शुछ.१९
9501,
9502,तो सिरिमईए भणियं जो सो चित्तम्मि विलिहिओ दिट्ठो
9503,सो जइ नवरं वेज्जो वाहिं अवणिज्ज एइए // शुर्शुछ.२०
9504,
9505,अह चित्तपडं सहसा पसारियं पूइऊण तो भणइ
9506,"कुमुइणिया! जइ एवं, ता एयं हन्दि! विन्नवह // शुर्शुछ.२१"
9507,
9508,ईसिं हसिऊण तओ सव्वहिवि सहरिसं समुल्लवियं
9509,"एवन्ति, पञ्जलिउडा भणिउं एयं समाढत्ता // शुर्शुछ.२२"
9510,
9511,दक्खिन्ननिहि! महायस! चित्तट्ठिय! सुणसु अम्ह विण्णत्तिं
9512,तुह दंसणाओ एसा अम्ह सही आउरा जाया // शुर्शुछ.२३
9513,
9514,
9515,[प. ४६९]
9516,ता तह करेसु सुन्दर! जह एसा होइ विगयवाहीया
9517,गुरु मयणामयसम्पीडियाण महिलाणं तं विज्जो // शुर्शुछ.२४
9518,
9519,हुङ्कारं मोत्तूणं ताहिं सकोवं मए इमं भणियं
9520,माए! गहगहिया इव किमसम्बद्धं समुल्लवह? // शुर्शुछ.२५
9521,
9522,किं वावि अचित्तेणं विन्नविएणं गुणो इमेणं तु
9523,चित्तगओ नहि कत्थवि कोवि हु उप्पायए वाहिं // शुर्शुछ.२६
9524,
9525,अह सिरिमईए भणियं तुह चित्तगओ इमो हु जेणेव
9526,तेणेव य अच्चित्ता विहिया सुरसुन्दरि! तुमन्ति // शुर्शुछ.२७
9527,
9528,दीहं नीससिऊणं ताहे सणियं मए समुल्लवियं
9529,जइ एयम्पि वियाणसि ता किं न सम्पाडसि झति? // शुर्शुछ.२८
9530,
9531,इय भणिऊय अहोमुहवयणा विलिहामि जाव महिवट्ठं
9532,ताव य सहत्थतालं हसिउं तीए समुल्लविउं // शुर्शुछ.२९
9533,
9534,
9535,[प. ४७०]
9536,सब्भावसाहगेणं इमेण वयणेणं रञ्जिया सुयणु!
9537,ता तह करेमि सम्पइ जह सव्वं सोहणं होइ // शुर्शुछ.३०
9538,
9539,इय भणिउं चित्तपडं गहिउं पासम्मि सा गया झत्ति
9540,मह जणणीए तत्तो सिट्ठो सव्वोवि वुत्तन्तो // शुर्शुछ.३१
9541,
9542,चित्तपडविलिहिओ सो अणङ्गरूवो पयंसिओ तरुणो
9543,तीएवि गन्तुं रन्नो सिट्ठो सव्वोवि वुत्तन्तो // शुर्शुछ.३२
9544,
9545,अह ताओ तं चित्तं पलोइउं हरिसिओ इमं भणइ
9546,सोहणठाणे रागो सञ्जाओ मज्झ धूयाए // शुर्शुछ.३३
9547,
9548,अहवा न रायहंस मोत्तुं अन्नत्थ रमइ वरहंसी
9549,तस्सेव वरिस्सामो साहियविज्जस्स नियधूयं // शुर्शुछ.३४
9550,
9551,तह भाणुवेगखयरो अम्ह समीवम्मि एइ अणवरयं
9552,तेणेव वरिस्सामो नियधूयं अमरकेउस्स // शुर्शुछ.३५
9553,
9554,
9555,[प. ४७१]
9556,इय नरवइणा भणिए पहसियवयणाए मज्झ जणणीए
9557,भणिया सिरिमई गन्तुं साहिज्जउ मज्झ धूयाए // शुर्शुछ.३६
9558,
9559,मा सुरसुन्दरि! इण्हिं उव्वेवं कुणसु निययचित्तम्मि
9560,सिद्धं समीहियं तुह इय भणिया सिरिमई ताहे // शुर्शुछ.३७
9561,
9562,मज्झ समीवे पत्ता सिट्ठो सव्वोवि पुव्ववुत्तन्तो
9563,अहयम्पि हरिसियमणा मणयं जाया समासत्था // शुर्शुछ.३८
9564,
9565,चिन्तेमि कहय होही तं दियहं जत्थ सो मए सक्खा
9566,दट्ठव्वो नयणुच्छवभूओ मणवल्लहो लोओ? // शुर्शुछ.३९
9567,
9568,तस्सङ्गमआसाए साहारन्तीए माणसं निययं
9569,तं चेव चित्तकम्मं आलिहमाणा य अणुदियहं // शुर्शुछ.४०
9570,
9571,सुसिणिद्धसहिजणेणं तप्पावणसूयगेहिं वयणेहिं
9572,जाव य कइवि दिणाई ठिया अहं सण्ठविज्जन्ता // शुर्शुछ.४१
9573,
9574,
9575,[प. ४७२]
9576,तावन्नम्मि दिणम्मी परिहियवरणाओ चमरियाहत्था
9577,कयगोरोयणतिलया नाहियसत्थेसु निम्माया // शुर्शुछ.४२
9578,
9579,परिवाइया उ एगा आसीवायं करेत्तु अम्हाणं
9580,पुरओ उवविसिऊणं एवं भणिंउ समाढत्ता // शुर्शुछ.४३
9581,
9582,[युग्मम]
9583,जहरुइयं उवभुज्जइ इट्ठं रामिज्जए इमं सारं
9584,जम्हा न किञ्चि विज्जइ अन्नं इहलोगवइरित्तं // शुर्शुछ.४४
9585,
9586,सिरतुण्डमुण्डणाइं परलोगत्थं कुणन्तु जे केवि
9587,ते वरया वरधुत्तेहि वञ्चिया विसयसोक्खाणं // शुर्शुछ.४५
9588,
9589,जम्हा जीवपयत्थो विज्जइ अन्नो न देहवइरित्तो
9590,पच्चक्खपमाणेणं अग्गहणा खरविसाणंव // शुर्शुछ.४६
9591,
9592,पच्चक्खं मोत्तूणं न य अन्नं अत्थि इह पमाणं तु
9593,सन्तेवि पमाणत्ते न सिज्झइ तेण जीवॊत्ति // शुर्शुछ.४७
9594,
9595,
9596,[प. ४७३]
9597,"पच्चक्खपुव्वगं जं अणुमाणं इह, न तेण तग्गहणं"
9598,न य विज्जइ तग्गहणे लिङ्गम्पि अणिन्दियत्तणओ // शुर्शुछ.४८
9599,
9600,लोयपवञ्चणहेउं धुत्तेहिं कयाणि विविहसत्थाणि
9601,न पमाणं विबुहाणं कह तेहिं भविज्ज तस्सिद्धी? // शुर्शुछ.४९
9602,
9603,ता पञ्चभूयसमुदयरूवो जीवो न तेसिं विगमम्मि
9604,तस्साभावम्मि कुओ परलोगो जेण य तदत्थं // शुर्शुछ.५०
9605,
9606,कीरइ अइदुद्धरयं बम्भव्वयसीलपालणाईयं
9607,मụ̄धेहिं सयं नट्ठेहिं तह परं नासयन्तेहिं // शुर्शुछ.५१
9608,
9609,[युग्मम]
9610,गम्मागम्मविभागं मोत्तुं विसयाण सेवणं कुणह
9611,भक्खह सरसं मंसं पियह सुरं विगयआसङ्का // शुर्शुछ.५२
9612,
9613,इय तीए बुद्धिलाए वयणं सोऊण कुगइसञ्जणगं
9614,भणियं मए अहम्मे! मा मा एवं समुल्लवसु // शुर्शुछ.५३
9615,
9616,
9617,[प. ४७४]
9618,विबुहजणनिन्दणिज्जं अवियारियसुन्दरं अजुत्तीयं
9619,को व सकन्नो एयं तुह भणियं सद्दहेज्जावि? // शुर्शुछ.५४
9620,
9621,"जं भणसि नत्थि जीओ अन्नो देहाओ, अणुवंलभाओ"
9622,"तमसङ्गयमच्चत्थं, जम्हा जीवस्स अग्गहणं // शुर्शुछ.५५"
9623,
9624,किं तुह पच्चक्खेणं उयाहु नीसेसपुरिसविसएणं?
9625,न य ताव पढमपक्खो विस्साभावप्पसङ्गाओ // शुर्शुछ.५६
9626,
9627,जं जं तुमं न पिच्छसि तं तं जइ नत्थि ता फुडं मुद्धे!
9628,देसन्तरकालन्तरभावाणमभावया पत्ता // शुर्शुछ.५७
9629,
9630,अह सयलदेसकालुब्भवा नरा नेय तं पलोइन्ति
9631,एयं च कह णु नज्जइ दुरहिगया अन्नचित्ता जं? // शुर्शुछ.५८
9632,
9633,किञ्च जॊ च्चिय इमं विगप्पइ तुह देहे हन्दि! नत्थि जीवॊत्ति
9634,सोवि य जीवो परलोगगामिओ नाणलिङ्गॊत्ति // शुर्शुछ.५९
9635,
9636,
9637,[प. ४७५]
9638,"पच्चक्खमेव एगं जं च पमाणं, न जुत्तमेयम्पि"
9639,पच्चक्खपरोक्खाइं दुन्नेव जओ पमाणाइं // शुर्शुछ.६०
9640,
9641,लोयपयारणहेउं इच्चाइं जमुत्तमहलमेयम्पि
9642,रागद्दोसविमुक्का सव्वन्नू सव्वलोगहिया // शुर्शुछ.६१
9643,
9644,तेहि पणीयं सत्थं तेसिं आणाइ जं च अन्नेहिं
9645,कह तं धुत्तपणीयत्तणेण होज्जापमाणन्ति? // शुर्शुछ.६२
9646,
9647,तम्मि य भणिओ जीवो अन्नभवो तस्स होइ परलोगो
9648,ता पञ्चभूयसमुदयरूवो जीवो कहं मुद्धे!? // शुर्शुछ.६३
9649,
9650,सिद्धम्मि य परलोगो बम्भव्वयपालणाइं सव्वम्पि
9651,तब्भणियं ता जुत्तं काउं सव्वं हियत्थीणं // शुर्शुछ.६४
9652,
9653,गम्मागम्मविभागं इच्चाइं जमुत्तमहलमेयम्पि
9654,जिणवयणनिसिद्धत्ता परलोए दुक्खहेउत्ता // शुर्शुछ.६५
9655,
9656,
9657,[प. ४७६]
9658,एमाइविविहजुत्तीहिं सा कया तक्खणं निरुत्तरिया
9659,जाया विलक्खवयणा असमत्था उत्तरं दाउं // शुर्शुछ.६६
9660,
9661,अह पासवत्तिणीहिं अवहसिया सहीहिं सोलुण्ठं
9662,टक्करटुम्बयमुहमक्कडाहिं बाढं अभिद्दविया // शुर्शुछ.६७
9663,
9664,अम्ह सहीए सद्धिं अज्जवि वायं करेसि दुस्सीले!
9665,ता वच्चसु सट्ठाणं दिट्ठं पण्डिच्चयं तुज्झ // शुर्शुछ.६८
9666,
9667,इय हसिया सा रुट्ठा फुरन्तअहरा विणिग्गया तत्तो
9668,अहमवि सहिजणजुत्ता सुहेण जा तत्थ अच्छेमि // शुर्शुछ.६९
9669,
9670,[युग्मम]
9671,ता अन्नदिणे राया समागओ मज्झ माउगेहम्मि
9672,भणिओ अम्बाए किं दीसह चिन्ताउरा तुब्भे? // शुर्शुछ.७०
9673,
9674,ताएण तओ भणियं सम्मं हि वियाणियं तुमे देवि!
9675,निसुणेसु कहिज्जन्तं गुरुचिन्ताकारणं जमिह // शुर्शुछ.७१
9676,
9677,
9678,[प. ४७७]
9679,सुरसुन्दरीए वुद्धिलनामा परिवाइया जिया वाए
9680,जा पुव्वं किल तीए पउट्ठचिताए आलिहियं // शुर्शुछ.७२
9681,
9682,सुरसुन्दरीइ रूवं चित्तपडे ताहि तं गहेऊणं
9683,उज्जेणीए पत्ता सत्तुञ्जयनरवइसमीवे // शुर्शुछ.७३
9684,
9685,[युग्मम]
9686,तं दंसिय नरवइणो वज्जरिय तीए दुट्ठहिययाए
9687,नरवर! अम्हे पुहइं हिण्डामो तुम्ह कज्जेण // शुर्शुछ.७४
9688,
9689,जं रयणं पुहईए पिच्छामो तं च तुम्ह साहेमो
9690,कन्नारयणं एयं कुसग्गनयरे मए दिट्ठं // शुर्शुछ.७५
9691,
9692,नरवाहणस्स रन्ना धूया सुरसुन्दरी इमा कन्ना
9693,को तीए निरवसेसं लिहिउं सक्किज्ज तणुरूवं? // शुर्शुछ.७६
9694,
9695,अविय. 
9696,
9697,सव्वं चिय सो थेरो जेणेसा निम्मिया पयावइणा
9698,कहमन्नहा न विहिया सुहखाणी अत्तणो भज्जा? // शुर्शुछ.७७
9699,
9700,
9701,[प. ४७८]
9702,एयं विणिम्मिउं लडहरूवतारुण्णचारुसोहग्गं
9703,नूणं अइबहुमाणो विरिचिणो आसि अत्ताणे // शुर्शुछ.७८
9704,
9705,धणुहायड्ढणखिन्नं मयणं नाऊण हिययभेयकरा
9706,मन्ने विहिणा विहिया एसा नणु हत्थभल्लिव्व // शुर्शुछ.७९
9707,
9708,अन्नं च जो इमीए पाणिग्गहणं करिस्सई पुरिसो
9709,सो भरहद्धनरीसो होही पुरिसो न सन्देहो // शुर्शुछ.८०
9710,
9711,इय अइसयनाणीहिं आइट्ठं तीइ जम्मसमयम्मि
9712,ता नरवर! तुह जोग्गा सा कन्ना न उण अन्नस्स // शुर्शुछ.८१
9713,
9714,अह बहुदविणं दाउं पहट्ठवयणेण तेण सा रन्ना
9715,भणिया भयवइ! सिट्ठा जं कन्ना सोहणं विहियं // शुर्शुछ.८२
9716,
9717,एयं च मज्झ सुन्दरि! सिट्ठं सव्वम्पि चारपुरिसेहिं
9718,अह तेण मज्झ पासे पट्ठविओ रयणचूडॊत्ति // शुर्शुछ.८३
9719,
9720,
9721,[प. ४७९]
9722,नामेण निययमन्ती तेण य आगम्म मग्गिओ अहयं
9723,सत्तुञ्जयनरवइणो दिज्जउ सुरसुन्दरी कन्ना // शुर्शुछ.८४
9724,
9725,[युग्मम]
9726,भणियो य मए एसो नेमित्तियसुमइवयणओ भद्द!
9727,होही खयरस्स पिया तस्सेव य तेण दायव्वा // शुर्शुछ.८५
9728,
9729,"अन्नं, सो तुह सामी थेरो ता किन्थ तस्स कन्नाए?"
9730,तत्तो य तेण भणियं मा एवं भणसु नरनाह! // शुर्शुछ.८६
9731,
9732,गुरुआयरेण अहयं पट्ठविओ तेण देसु नियधूयं
9733,एईए अदाणेणं पिच्छामि न सुन्दरं तुम्ह // शुर्शुछ.८७
9734,
9735,तत्तो य मए गाढं कुद्धेणं एरिसं समुल्लवियं
9736,ताव य न देमि धूयं जं रुच्चइ तं कुणेज्जासु // शुर्शुछ.८८
9737,
9738,ता गच्छसु नियपहुणो साहिज्ज जहट्ठियं इमं वयणं
9739,गिहमागयस्स को पुण तुह दण्डो कीरउ इण्हिं? // शुर्शुछ.८९
9740,
9741,
9742,[प. ४८०]
9743,अह तेण तत्थ गन्तुं कहिए सो नियबलेण गारविओ
9744,उज्जेणीओ चलिओ अम्हाणं उवरि जत्ताए // शुर्शुछ.९०
9745,
9746,अविय. 
9747,
9748,बहुभडनरिन्दसन्दणपक्कलपाइक्कचक्कपरियरिओ
9749,खरखुरखयखोणीयलअसङ्खतोक्खारलक्खजुओ // शुर्शुछ.९१
9750,
9751,दप्पियपयण्डपरहत्थिसत्थवित्तासणिक्करसिएहिं
9752,गुरुगिरिगरुयागारेहिं सङ्गओ बहुगइन्देहिं // शुर्शुछ.९२
9753,
9754,सो सत्तुञ्जयराया गुरुरोसो भूरिसिन्नसञ्जुत्तो
9755,चारपुरिसेहिं सिट्ठं सम्पत्तो अम्ह देसेत्ति // शुर्शुछ.९३
9756,
9757,[तिस्र̥भि - र्विशेषकम]
9758,ता देवि! निमित्तेणं इमेण चिन्ताउरो अहं जाओ
9759,अम्बाए तओ भणियं पिययम! किं एत्थ चिन्ताए // शुर्शुछ.९४
9760,
9761,सुरसुन्दरिति भणिउं धूया कणगावलीए मयलेहा
9762,दिज्जउ कयसंमाणो सट्ठाणं जेण सो जाइ // शुर्शुछ.९५
9763,
9764,
9765,[प. ४८१]
9766,इहरा पभूयसेन्नो अप्पबलाणं स अम्ह देसस्स
9767,काही गरुयमुवद्दवमिय भणिए राइणा भणियं // शुर्शुछ.९६
9768,
9769,मन्तीहिवि देवी! इमं विमन्तियं आसि नवरि मन्तिस्स
9770,मइसागरस्स एसो न सुन्दरो भाविओ मन्तो // शुर्शुछ.९७
9771,
9772,जं तेण इमं भणियं आगच्छउ ताव सो कुसग्गम्मि
9773,इह आगयस्स जम्हा मरणं से सुमइणा सिट्ठं // शुर्शुछ.९८
9774,
9775,अन्नं च तस्स रन्नो निग्गमणे आसि मङ्गुला सउणा
9776,अजयावहा य सव्वे सणिच्छराई गहा धणियं // शुर्शुछ.९९
9777,
9778,इह आगयम्मि तम्मी विजओ अम्हं पराजओ तस्स
9779,ता देव! निव्विसङ्का अच्छह किं अन्नमन्तेण? // शुर्शुछ.१००
9780,
9781,रोहगसञ्जुत्ती उण कीरउ गामावि तस्स जे मग्गे
9782,ते उव्वसन्तु खिप्पं तिणघासाई य उज्झन्तु // शुर्शुछ.१०१
9783,
9784,
9785,[प. ४८२]
9786,ढक्किज्जउ कूवाई कुजलाइं सरोवराइं कीरन्तु
9787,पसरनिवारणहेउं ससाहणं तत्थ वयउत्ति // शुर्शुछ.१०२
9788,
9789,इय देवि! मन्तिवयणं कारिय सव्वम्पि आगओ एत्थ
9790,पबलत्तणओ सत्तुस्स तहवि चिन्ताउरो जाओ // शुर्शुछ.१०३
9791,
9792,अह हंसिणि! जा कइवि हु सुहेण वच्चति तत्थ दिवसाइं
9793,ता अन्नदिणे नयरं पवẹ̄धियं सत्तुसिन्नाए // शुर्शुछ.१०४
9794,
9795,तओ पिहिआइं गोउराइं जलेण परिपूरियाओ परिहाओ
9796,संनद्धबद्धकवया पइकविसीसं ठिया जोहा // शुर्शुछ.१०५
9797,
9798,"संवा(चा) रिमजन्ताइं पउणीकीरन्ति, विविहसत्थाइं"
9799,तिक्खलिज्जन्ति तहा कीरइ सुहडाण सम्माणो // शुर्शुछ.१०६
9800,
9801,पददियहं दिज्जन्ति य उक्काला सत्तुसिन्नमइगम्म
9802,निवडन्ति सुहडकरिसुरयनरवरा उभयपक्खेवि // शुर्शुछ.१०७
9803,
9804,
9805,[प. ४८३]
9806,संसइया सामन्ता नायरया आउला दढं जाया
9807,किङ्कायव्वविमụ̄धा जाया तह मन्तिणो अम्ह // शुर्शुछ.१०८
9808,
9809,भीया कायरपुरिसा सङ्गरकरणम्मिउद्धुरा सुहडा
9810,साहसधणो य ताओ सन्धीरइ सुमइवयणेण // शुर्शुछ.१०९
9811,
9812,एवं हंसिणि! जाए समन्तओ आउलम्मि नयरम्मि
9813,अह अन्नदिणे अहयं पासुत्ता हम्मियतलम्मि // शुर्शुछ.११०
9814,
9815,रयणीए केणावि हु हीरन्तं अप्पयं पुलोइत्ता
9816,पडिबुद्धा भयभीया विलविउमेवं समाढत्ता // शुर्शुछ.१११
9817,
9818,हा अम्मि! ताय! कोवि हु देवो वा नहयरो व मं हरइ
9819,धावह धावह सुहडा! इमाओ मेल्लावह ममन्ति // शुर्शुछ.११२
9820,
9821,एमाइं विलवमाणा भणिया हं तेण सुयणु! मा भाहि
9822,नो तुज्झ किञ्चि विरूवं करेमि पाणप्पिया तं सि // शुर्शुछ.११३
9823,
9824,
9825,[प. ४८४]
9826,तुह रूवदंसणुप्पन्नगरुयअणुरायपरवसेण मए
9827,हरिया सि कीस सुन्दरि! भयभीया एवमुल्लवसि? // शुर्शुछ.११४
9828,
9829,वेयड्ढनगनिवासी खयरो हं सुयणु! मयरकेउत्ति
9830,भुञ्जिहिसि मए सद्धिं भोए किं रुयसि उव्विग्गा? // शुर्शुछ.११५
9831,
9832,एयं च तस्स वयणं सोऊणं हरिसिया अहं चित्ते
9833,किं नाम मज्झ दइओ एसो सो मयरकेउत्ति? // शुर्शुछ.११६
9834,
9835,भाया पियंवयाए जस्स तया चित्तविलेहियं रूवं
9836,दठ्ठूण मयणवसगा जाया उम्मत्तिया अहवा // शुर्शुछ.११७
9837,
9838,सो अज्जवि विज्जाओ साहइ ता आगमो कह णु तस्स?
9839,कह मह इत्तियपुन्ना जं सो दीसिज्ज पच्चक्खं? // शुर्शुछ.११८
9840,
9841,एमाइं चिन्तयन्ती नीया हं तेण कत्थवि पएसे
9842,ओइन्ना भूमीए मुक्का हं कयलिगहणम्मि // शुर्शुछ.११९
9843,
9844,
9845,[प. ४८५]
9846,एत्थन्तरम्मि रयणी खयं गया साहिउंव परमत्थं
9847,सम्मं नियच्छ वच्छे! न होइ सो वल्लहो एस // शुर्शुछ.१२०
9848,
9849,जाए पभायसमए दिट्ठो सो सामलेण देहेण
9850,तत्तो गुरुसोगाए विचिन्तियं हा! न सो एसो // शुर्शुछ.१२१
9851,
9852,सो तत्तकञ्चणनिभो रूवेण अणङ्गरूवसारिच्छो
9853,चित्तगएण इमस्स जो सारिच्छं नत्थि थेवम्पि // शुर्शुछ.१२२
9854,
9855,ता किं करेमि इण्हिं सरणविहूणा परव्वसा अहयं
9856,इय चिन्ततीए तया भएण कम्पो समुप्पन्नो // शुर्शुछ.१२३
9857,
9858,अह सो दट्ठूण ममं अंसुजलासारसित्तगण्डयलं
9859,भयभीयं कम्पन्तिं एवं भणिउं समाढत्तो // शुर्शुछ.१२४
9860,
9861,किं सुयणु! तुमं बीहसि भूयपिसाउत्तिसङ्किरी मज्झ
9862,निसुणसु जो हं जेण व हरिया कज्जेण य मयच्छि! // शुर्शुछ.१२५
9863,
9864,
9865,[प. ४८६]
9866,वेयड̣धे वरनयरं गङ्गावत्तन्ति अत्थि सुप्रसिद्धं
9867,तत्थ य राया सिरिगन्धवाहणो आसि विक्खाओ // शुर्शुछ.१२६
9868,
9869,मयणावलीदेवीए तणओ नहवाहणॊत्ति से आसि
9870,बीओ य मयरकेऊ तइओ पुण मेहनाउत्ति // शुर्शुछ.१२७
9871,
9872,नहवाहणोवि साहियविज्जो अह जोव्वणं तु सम्पत्तो
9873,वरिया य तन्निमित्तं वरकन्ना कणगमालत्ति // शुर्शुछ.१२८
9874,
9875,सा उण विवाहसमए विज्जाहरचित्तवेगनामेण
9876,अवहरिउं परिणीया रुट्ठो एसो तओ तस्स // शुर्शुछ.१२९
9877,
9878,अणुमग्गं गन्तूणं बद्धो सो नागिणीए विज्जाए
9879,गहिऊण कणगमालं समागओ निययनयरम्मि // शुर्शुछ.१३०
9880,
9881,तत्तो विज्जाच्छेओ जाओ नहवाहणस्स जेणेसो
9882,महिलासमेयविज्जाहरस्स जाओ 'वगारित्ति // शुर्शुछ.१३१
9883,
9884,
9885,[प. ४८७]
9886,चिरपरिचियदेवेणं दिन्नाओ चित्तवेगखयरस्स
9887,विज्जाओ तेण जाओ विज्जाहरचक्कवट्टी से // शुर्शुछ.१३२
9888,
9889,सयमेव नहयरिन्दा सव्वेवि हु पणइमुवगया तस्य
9890,इय मुणिउं मह जणओ संविग्गो भणिउमाढत्तो // शुर्शुछ.१३३
9891,
9892,पिच्छह भो! मणुयाणं मणोरहा अन्नहा विसड्ढन्ति
9893,विहिणो वसेण नवरं अन्नह कज्जाण परिणामो // शुर्शुछ.१३४
9894,
9895,"किर नियतणयं काउं विज्जाहरचक्कवट्टिणं, करिही"
9896,कयकिच्चो पव्वज्जं केवलिजणयस्स पासम्मि // शुर्शुछ.१३५
9897,
9898,तं पुण अन्नह जायं ता किं कज्जं इमेण रज्जेणं
9899,"नरयाइनिमित्तेणं, सेवामो तायपयजुयलं // शुर्शुछ.१३६"
9900,
9901,जओ. 
9902,
9903,संसारो हु असारो घोरा अइदारुणा य नरयम्मि!
9904,दुसहाओ वियणाओ चित्तो कम्माण परिणामो // शुर्शुछ.१३७
9905,
9906,
9907,[प. ४८८]
9908,चवलो इन्दियगामो रागद्दोसा य दुज्जया लोए
9909,अणवट्ठियं च चित्तं किम्पागफलोवमा विसया // शुर्शुछ.१३८
9910,
9911,अइदुसहो पियविरहो बम्महललियं विवायकडुयन्ति
9912,नरयपुरवत्तिणीओ सेविज्जन्ताओ जुवईओ // शुर्शुछ.१३९
9913,
9914,कुससूइविसमसण्ठियपवणाहयसलिलचञ्चलं जीयं
9915,सामन्नं सव्वेसिं मरणं सत्ताणं संसारे // शुर्शुछ.१४०
9916,
9917,वञ्चणपरा य जीवा दुट्ठकसाएहिं ताविओ लोओ
9918,असुहफलो घरवासो मणुयत्तं तह य नो सुलहं // शुर्शुछ.१४१
9919,
9920,दुलहा धम्मम्मि मई बहुविग्घसमाउलं अहोरत्तं
9921,पयईए चला लच्छी पेम्मं सुविणोवमं लोए // शुर्शुछ.१४२
9922,
9923,आरियखेत्ताईया अइदुलहा सम्पया य जियलोए
9924,अइदारुणमन्नाणं जीवा मिच्छत्तवामụ̄धा // शुर्शुछ.१४३
9925,
9926,
9927,[प. ४८९]
9928,परिहायन्ता भावा धम्मे अइनिन्दिओ पमाउत्ति
9929,खिज्जइ तणुसामत्थं आउयमवि थोवयं होइ // शुर्शुछ.१४४
9930,
9931,किं बहुणा?
9932,
9933,नारयतिरियनरा 'मरगईसु गुरुदुसहदुक्खतवियाण
9934,मोत्तूणं जिणधम्मं जियाण सरणं जओ नन्नं // शुर्शुछ.१४५
9935,
9936,तम्हा तायसमीवं गन्तुं सहलीकरेमि मणुयत्तं
9937,नहवाहणेण भणियं अहमवि तायमणुगमिस्सं // शुर्शुछ.१४६
9938,
9939,जओ. 
9940,
9941,सामित्तं काऊणं आणानिद्देसकारगस्सावि
9942,कह सेवं काहामो सम्पइ भिच्चस्स निययस्स? // शुर्शुछ.१४७
9943,
9944,भणियं ताएण तओ कायव्वमिमं विवेयजुत्ताणं
9945,तत्तो नियसुयसहिओ तक्कालुचियं करेऊण // शुर्शुछ.१४८
9946,
9947,सुरवाहणकेवलिणो मूले काऊण निम्मलचरित्तं
9948,निट्ठवियअट्ठकम्मो अन्तगडो केवली जाओ // शुर्शुछ.१४९
9949,
9950,[युग्मम]
9951,
9952,[प. ४९०]
9953,अह चित्तवेगखयराहिवेण तत्थेव निययनयरम्मि
9954,दाउं सदेसखण्डं अहिसित्तो खयरराया हं // शुर्शुछ.१५०
9955,
9956,एवं च ठिए कारणवसेण केणइ पभायसमयम्मि
9957,नियनयरा एगागी चलिओ हं रयणदीवम्मि // शुर्शुछ.१५१
9958,
9959,नहपट्ठिएण दिट्ठा सुन्दरि! हम्मियतलम्मि पासुत्ता
9960,तं सि तओ अवहरिया मेत्तलसरसल्लिएण मए // शुर्शुछ.१५२
9961,
9962,ता मा रोवसु सुन्दरि! पाणाणवि सामिणी तुमं मज्झ
9963,भुञ्जिहिसि मए सद्धिं भोए वेयड्ढसेलम्मि // शुर्शुछ.१५३
9964,
9965,तव्वयणं सोउणं वज्जेणव ताडिया सुदुक्खत्ता
9966,इय चिन्तिउं पयत्ता हाहा! मह पावपसरस्स // शुर्शुछ.१५४
9967,
9968,मज्झ कएणं ताओ पारद्धो गरुयसत्तुणा ताव
9969,अहमवि इमेण हरिया अन्नत्थ निबद्धरागावि // शुर्शुछ.१५५
9970,
9971,
9972,[प. ४९१]
9973,धा! मह! जीएणं न तायआसासणं न पियलाभो
9974,सत्तुञ्जयदिन्नाए होज्ज सुही ताव ताओवि // शुर्शुछ.१५६
9975,
9976,मणवल्लहस्स तस्स उ लाभेण हविज्ज अहव सुहिया हं
9977,मह पावपरिणईए एत्तो एक्कम्पि नो जायं // शुर्शुछ.१५७
9978,
9979,एवं विचिन्तयन्ती भणिया हं तेण ताव एत्थेव
9980,चिट्ठउ तुमं जाव अहं आसन्ने वंसिगहणाम्मि // शुर्शुछ.१५८
9981,
9982,गन्तूणं विज्जाए पन्नत्तीए लहुं पयच्छामि
9983,जावसहस्समेत्तं पारम्भियपुव्वसेवाए // शुर्शुछ.१५९
9984,
9985,[युग्मम]
9986,इय भणिऊण गओ सो अहमवि गुरुसोयताविया तत्थ
9987,किङ्कायव्वमụ̄धा सरणविहूणा भयुप्पित्था // शुर्शुछ.१६०
9988,
9989,हरिणिव्व जूहभट्ठा सतरलतारं दिसाओ पुलयन्ती
9990,अंसुजलपुन्ननयणा रुयमाणी जाव चिट्ठामि // शुर्शुछ.१६१
9991,
9992,
9993,[प. ४९२]
9994,ताव य तत्थासन्नं पिच्छामि विसालसालसोहिल्लं
9995,पवणाकम्पियफलभरविनमियगुञ्जोहसङ्किन्नं // शुर्शुछ.१६२
9996,
9997,मणहरिफलं पसरन्तपरिमलं बहलपत्तलच्छायं
9998,तप्फलभक्खणनिवडन्तजन्तुसन्ताणकयसद्द // शुर्शुछ.१६३
9999,
10000,निवडन्तससन्ततडप्फडन्तमयविहगकलियभूवीढं
10001,तरुयरमुच्चं मच्चुं जन्तुसन्ताणनासयरं // शुर्शुछ.१६४
10002,
10003,[पञ्चभिः कुलकम]
10004,तं दट्ठुं विसरुक्खं विचिन्तियं गरुयदुक्खतवियाए
10005,पियसहि! हंसिणि! तइया मरणम्मि निबद्धचित्ताए // शुर्शुछ.१६५
10006,
10007,किं काहामि अहन्ना रहिया पियबन्धुजणणिजणएहिं
10008,विहिणा विडम्बिया हं जीवन्ती इय विचिन्तेन्ती // शुर्शुछ.१६६
10009,
10010,गन्तुं तस्स समीवे गहिऊण फलं मुहम्मि पक्खित्तं
10011,मा मह हविज्ज एरिसविडम्बणा अन्नजम्मेवि // शुर्शुछ.१६७
10012,
10013,
10014,[प. ४९३]
10015,इय भणिऊण ससोयं खणन्तरं जाव तत्थ अच्छामि
10016,ताव य गुरुविसवियणाए विब्भला महियले पडिया // शुर्शुछ.१६८
10017,
10018,[तिस्र̥भिः कुलकम]
10019,तओ भमियंव वणतरूहिं उव्वत्तिययंव सयलवसुहाए
10020,सन्धीहिं विहडियं पिव विसीइयं सव्वअङ्गेहिं // शुर्शुछ.१६९
10021,
10022,तत्तो य अकहणीयं पावियवत्थन्तरं तया भद्दे!
10023,जाणामि नेव किञ्चिवि तदुत्तरं जं महं जायं // शुर्शुछ.१७०
10024,
10025,केवलमुच्छङ्गगयं कस्सवि तरुणस्स अमयभूयस्स
10026,विसनिव्ववणसमत्थं मणिसलिलं पाययन्तस्स // शुर्शुछ.१७१
10027,
10028,खणमेत्तं तेन चिय मज्झ सरीरं पसिञ्चमाणस्स
10029,सयमङ्गाइं कोमलकरेहिं परिमद्दयन्तस्स // शुर्शुछ.१७२
10030,
10031,जलसित्ततालवेण्टयहत्थाए विहियसिसिरवायाए
10032,चिरदिट्ठं पियसहीए पियंवयाए कहिज्जन्तं // शुर्शुछ.१७३
10033,
10034,
10035,[प. ४९४]
10036,सयलं मह वुत्तन्तं चित्तपडालोयणाइपज्जन्तं
10037,हरिसभरपुलइयङ्गं खणन्तरं निसुणमाणस्स // शुर्शुछ.१७४
10038,
10039,अप्पाणं पासित्ता पणट्ठविसवेयणा समासत्था
10040,सुमिणंव मन्नमाणा पडिबुद्धा हंसिए! तइया // शुर्शुछ.१७५
10041,
10042,[पञ्चभिः कुलकम]
10043,उम्मीलियनयणजुया ताव य पेच्छामि मयणपडिरूवं
10044,महहिययनिग्गयं पिव तरुणनरं चित्तसंवाइं // शुर्शुछ.१७६
10045,
10046,तं दट्ठु चिन्तियं मे किं मन्ने इन्दजालमेयन्ति?
10047,किं वावि अन्नजम्मो उयाहु किं सुविणयं एयं? // शुर्शुछ.१७७
10048,
10049,किंवा मइसंमोहो किंवावि हु सच्चमेव एयन्ति?
10050,अहवा नहि नहि एयं कत्तो मह इत्तिया पुन्ना? // शुर्शुछ.१७८
10051,
10052,जं सो मणवल्लहओ दीसिज्ज जणो इमेहिं नयणेहिं
10053,जं से उच्छङ्गगया इमस्स पुण सम्भवो कत्थ? // शुर्शुछ.१७९
10054,
10055,
10056,[प. ४९५]
10057,एवं विचिन्तयन्ती पियंवयाए इमं समुल्लविया
10058,सुरसुन्दरि! किं अज्जवि उव्वुण्णमुहिव्व पुलएसि? // शुर्शुछ.१८०
10059,
10060,एसो हु रयणदीवो भगिणी य पियंवया अहं तुज्झ
10061,साहियविज्जो एसो मह भाया मयरकेउत्ति // शुर्शुछ.१८१
10062,
10063,एवं च तीए भणिए एसोच्चिय सॊत्ति हरिसिया चित्ते
10064,सज्झसवेविरदेहा सङ्किन्नरसन्तरं पत्ता // शुर्शुछ.१८२
10065,
10066,उट्ठेत्तु तदङ्काओ पियंवयाए समीवमल्लीणा
10067,अद्धच्छिपेच्छिएहिं पेच्छित्ता तं अपेच्छन्तं // शुर्शुछ.१८३
10068,
10069,एत्थन्तरम्मि एगो खयरो आगम्म भणइ कयविणओ
10070,जिणपूयाए वेला समइच्छइ कुमर! उट्ठेह // शुर्शुछ.१८४
10071,
10072,तव्वयणं सोऊणं पियंवयं ठाविउण मह पासे
10073,कइवयपुरिसमेओ जिणभवणं पाविओ एसो // शुर्शुछ.१८५
10074,
10075,
10076,[प. ४९६]
10077,ताव य पियंवयाए पुट्ठा कह सुयणु! एत्थ तं पत्ता
10078,भूमीचरमणुयाणं सुदुग्गमे रयणदीवम्मि? // शुर्शुछ.१८६
10079,
10080,कीस व विसमुवभुञ्जिय अप्पा वसणम्मि पाडिओ भीमे?
10081,तत्तो य मए तीए पुव्वुत्तं साहियं सव्वं // शुर्शुछ.१८७
10082,
10083,अह सावि मए पुट्ठा चित्तपडं अप्पिऊणमम्हाणं
10084,तइया कत्थ गया तं किंवा अणुचिट्ठियं तुमए? // शुर्शुछ.१८८
10085,
10086,कह वा उवभुत्तविसा भीमअरन्नम्मि पाविया अहयं?
10087,कह वा दुट्ठम्पि विसं खणेण देहाओ अवणीयं? // शुर्शुछ.१८९
10088,
10089,भणियं पियंवयाए चित्तपडं अप्पिऊण तुम्हाण
10090,वेगेण अहं पत्ता इमम्मि वररयणदीवम्मि // शुर्शुछ.१९०
10091,
10092,दिट्ठो य मयरकेऊ कइवयनियपरियणेण सञ्जुत्तो
10093,भाउसिणेहेण ठिया कइवयदिवसाणि अहमेत्थ // शुर्शुछ.१९१
10094,
10095,
10096,[प. ४९७]
10097,एत्थागयताएणं भणिया हं पुत्ति! चिट्ठसु इहेव
10098,होसु पडिचारिगा इह ताव तुमं मयरकेउस्स // शुर्शुछ.१९२
10099,
10100,जं आणवेइ ताउत्ति जम्पियं ताहे एत्थ दीवम्मि
10101,विज्जपसाहणुज्जयभाउसमीवे ठिया सुयणु! // शुर्शुछ.१९३
10102,
10103,नाउं विज्जासिद्धिं बहुविहखयरेहिं सञ्जुओ ताओ
10104,अट्ठाहियानिमित्तं समागओ एत्थ दीवम्मि // शुर्शुछ.१९४
10105,
10106,महया विच्छड्डेणं जिणिन्दमहिमं करेत्तु विज्जाओ
10107,सम्पूइय जहविहिणा संमाणिय माणणिज्जजणं // शुर्शुछ.१९५
10108,
10109,पूइत्तु पूयणीए दाणं दाऊण खयरलोयस्स
10110,वरनट्टगीयवाइयकलियं अट्ठाहियं काउं // शुर्शुछ.१९६
10111,
10112,अज्जेव निसाविरमे सम्पत्तो रयणसञ्चयं ताओ
10113,कायव्वसेसकिच्चो ठिओ इहं मयरकेऊवि // शुर्शुछ.१९७
10114,
10115,[तिस्र̥भि - र्विशेषकम]
10116,
10117,[प. ४९८]
10118,काउं पभायकिच्चं सरीरचिन्ताए निग्गओ अज्ज
10119,वंसिकुडङ्गासन्ने दिट्ठं च पहाणकरवालं // शुर्शुछ.१९८
10120,
10121,गहिऊण कोउगेणं जमजीहासच्छहं तयं खग्गं
10122,तरुणतमालदलाभं फुरन्तधारासुदुप्पिच्छं // शुर्शुछ.१९९
10123,
10124,आसन्नकुडङ्गीए छेयपरिच्छाकएण सहसत्ति
10125,दाउं एगपहारं छिन्ना सा वंसजालित्ति // शुर्शुछ.२००
10126,
10127,[युग्मम]
10128,अह थूलमुत्तियावलिपरियत्तणखणियवामहत्थस्स
10129,विज्जापरिजवणनिरुद्धनासियानिमियनयणस्स // शुर्शुछ.२०१
10130,
10131,तम्मज्झदेसपरिसण्ठियस्स विज्जापसाहणरयस्स
10132,विज्जाहरस्स कस्सवि मणिकुण्डलभूसियकवोलं // शुर्शुछ.२०२
10133,
10134,सहसत्ति उत्तिमङ्गं निवडन्तं पिच्छिऊण महिवड̣धे
10135,सञ्जायसज्झसेणं निरूवियं हा! किमेयन्ति? // शुर्शुछ.२०३
10136,
10137,[तिस्र̥भि-र्विशेषकम]
10138,
10139,[प. ४९९]
10140,पुलयन्तेण य नायं एसो सो मयरकेउनामॊत्ति
10141,सामी गङ्गावत्तस्स गन्धवाहणनरिन्दसुओ // शुर्शुछ.२०४
10142,
10143,अव्वो! पमायवसओ कह वरओ मारिओ निरवराहो?
10144,धी! धी! अन्नाणस्स उ निरत्थयं पावमायरियं // शुर्शुछ.२०५
10145,
10146,एमाइ चिन्तयन्तो पुणो पुणो अप्पयं च निन्दन्तो
10147,जा वयइ थोवभूमिं ता फुरियं दाहिणं नयणं // शुर्शुछ.२०६
10148,
10149,किं मन्ने मह सूयइ सुनिमित्तमिमन्ति चिन्तइ जाव
10150,ताव विसरुक्खमूले दिट्ठा तं निवडिया सुयणु! // शुर्शुछ.२०७
10151,
10152,मणहरसयलावयवं मियङ्कलेहव्व जणमणाणन्दं
10153,दठ्ठूण तुमं सुन्दरि! सित्तो अमएणव कुमारो // शुर्शुछ.२०८
10154,
10155,अव्वो! कह णु मयावि हु आणन्दं देइ मज्झ हिययस्स?
10156,पियपणयिणिव्व एसा जुवई नवजोव्वणारम्भा // शुर्शुछ.२०९
10157,
10158,
10159,[प. ५००]
10160,ता किं इमा मयच्चिय किंवा सजियत्ति जाव पुलएइ
10161,ताव य तुहमुहसण्ठियविसफलखण्डेण विन्नायं // शुर्शुछ.२१०
10162,
10163,अइतिव्वविसवियारा जाया ओ अचेयणा इमा बाला
10164,तो नेऊण सट्ठाणं करेमि एईइ तेगिच्छं // शुर्शुछ.२११
10165,
10166,इय चिन्तिय सुरसुन्दरि! गहिऊण तुमं समागओ एत्थ
10167,सिट्ठो पुव्वुद्दिट्ठो वुत्तन्तो तेण मह सव्वो // शुर्शुछ.२१२
10168,
10169,भणिया य अहमिमेणं ̣धोएसुं तमङ्गुलीययं सिग्घं
10170,विज्जापयाणसमए ताएण समप्पियं जं तु // शुर्शुछ.२१३
10171,
10172,तं दिव्वमणिसणाहं निवारणं सयलदोसपसरस्स
10173,उवलद्धपच्चयं पुण विसेसओ विससमूहम्मि // शुर्शुछ.२१४
10174,
10175,[युग्मम]
10176,भणिया खयरकुमारा पूयासामग्गियं लहुं कुणह
10177,एयं पउणीकाउं जिणपूयं ताहि काऊण // शुर्शुछ.२१५
10178,
10179,
10180,[प. ५०१]
10181,काहामि सन्तिकम्मं विग्धजयट्ठा य मन्तजावं च
10182,विज्जाहरवायायणपावविसुद्धिं समिच्छन्तो // शुर्शुछ.२१६
10183,
10184,[युग्मम]
10185,एत्थन्तरम्मि य मए समप्पियं अङ्गुलीययं तस्स
10186,तस्सलिलपाणविहिणा कया पसत्था तुमं सुयणु! // शुर्शुछ.२१७
10187,
10188,जाव य इमस्स पुरओ चित्तपडालोयणाइवुत्तन्तं
10189,साहेमि ताव सुन्दरि! उवलद्धा चेयणा तुमए // शुर्शुछ.२१८
10190,
10191,तं जं तुमए पुट्ठं तं सव्वं साहियं मए एयं
10192,ता सुरसुन्दरि! सिद्धं समीहियं तुज्झ सव्वम्पि // शुर्शुछ.२१९
10193,
10194,अहवा. 
10195,
10196,दीवन्तरठियम्पि हु जलनिहिमज्झाओ दूरदेसाओ
10197,आणित्तु घडेइ विही अणुकूलो इट्ठलोयन्ति // शुर्शुछ.२२०
10198,
10199,तत्तो य मए भणियं एवं एयन्ति किन्तु निसुणेसु
10200,मज्झ कएणं ताओ अच्छइ गुरुसत्तुपारद्धो // शुर्शुछ.२२१
10201,
10202,
10203,[प. ५०२]
10204,पियदंसणेवि जाए अज्जवि सोगाउरं दढं हिययं
10205,पियसहि! मह सन्तावो तेणज्जवि बाहए देहं // शुर्शुछ.२२२
10206,
10207,सत्तुञ्जयपारद्धो वट्टइ पाणाण संसए ताओ
10208,ता कह अणुकूलत्तं विहिणो मह मन्दभागाए? // शुर्शुछ.२२३
10209,
10210,इय भणिऊणं हंसिणि! सोगावेगाओ रोउमारद्धा
10211,ताव य कयकायव्वो समागओ तीए सो भाया // शुर्शुछ.२२४
10212,
10213,भणिया य तेण किमियं पियंवए! रुयइ तुज्झ पियभगिणी
10214,तीएवि सव्वं सोयस्स कारणं तस्स अक्खायं // शुर्शुछ.२२५
10215,
10216,तत्तो य तेण भणियं सुन्दरि! मा रूय अवस्समज्जेव
10217,गन्तुं कयन्तवयणं नयामि तुह जणयपडिवक्खं // शुर्शुछ.२२६
10218,
10219,जीवन्ते मइ सुन्दरि! को तुह जणयं पराभवेज्जति?
10220,ता गच्छिस्सं सम्पइ बाहुसहाओ अहं तत्थ // शुर्शुछ.२२७
10221,
10222,
10223,[प. ५०३]
10224,एत्थेव पढमजिनवरभवणम्मि पियंवयासमेयाए
10225,अच्छेयव्वं तुमए जहासुहं सोयरहियाए // शुर्शुछ.२२८
10226,
10227,जावागच्छामि अहं हन्तुं सत्तुञ्जयं दुरायारं
10228,इय भणिऊणुप्पइओ गयणं वसुनन्दखग्गकरो // शुर्शुछ.२२९
10229,
10230,सहिया पियंवयाए तत्थेव ठिया अहम्पि तद्दिवसं
10231,चिन्तेन्ती तस्सेव य समागमं गरुयअणुराया // शुर्शुछ.२३०
10232,
10233,किं अज्जवि मणदइओ सहसा हन्तूण तं दुरायारं
10234,विज्जापयावकलिओवि आगओ नेय सो झत्ति // शुर्शुछ.२३१
10235,
10236,वोलीणम्मि य दिवसे रयणिं सव्वम्पि भगिणिसहिया हं
10237,किं पुण न आगओ सॊत्ति जाव चिट्ठामि उव्विग्गा // शुर्शुछ.२३२
10238,
10239,ताव य खरफरुसगिरं तज्जितो भीसणो सरूवेण
10240,निद्धूमसिहिसिहावलिपिङ्गलधम्मिल्लविकरालो // शुर्शुछ.२३३
10241,
10242,
10243,[प. ५०४]
10244,जियदसणच्छयदसणो करग्गनरसिरपणच्चणिक्करओ
10245,मरुकूवविवरसरिसा ' 'पिङ्गललोयणसुदुप्पिच्छो // शुर्शुछ.२३४
10246,
10247,गलतलविलइयखलखलखलिन्तनरमुण्डमालियाकलिओ
10248,तडिपुञ्जुज्जलचञ्चलनिल्लालियदीहजीहालो // शुर्शुछ.२३५
10249,
10250,भीमट्टहासपडिरवउत्तासियसयलसत्तसङ्घाओ
10251,कसिणो विगरालमुहो वेयालो आगओ तत्थ // शुर्शुछ.२३६
10252,
10253,[पञ्चभिः कुलकम]
10254,आ पावे! जं तइया परपुरिसासत्तमाणसाए तुमे
10255,परजुवइलोलुएणं तेण य पाविट्ठपुरिसेण // शुर्शुछ.२३७
10256,
10257,मह विहियं गुरुदुक्खं तस्स फलं तेण पावियं ताव
10258,इण्हिं तुमम्पि पावसु नियचिट्ठियसच्छहं फलन्ति // शुर्शुछ.२३८
10259,
10260,एवं भणमाणो सो हंसिणि! घित्तुं ममं भयुप्पित्थं
10261,उप्पइओ गयणेणं निट्ठरवयणेहिं तज्जेतो // शुर्शुछ.२३९
10262,
10263,[तिस्र̥भि कुलकम]
10264,
10265,[प. ५०५]
10266,मह अणुमग्गविलग्गं अक्कोसिन्तिं पियंवयं सहसा
10267,काउं गयजीवियं पिव भीसणहुङ्कारकरणेणं // शुर्शुछ.२४०
10268,
10269,नेऊण दूरदेसं मुक्का गयणाओ तेण पावेण
10270,सञ्चुन्नियङ्गुवङ्गा नूणं मरउत्ति बुद्धीए // शुर्शुछ.२४१
10271,
10272,[युग्मम]
10273,दइववसेण य पडिया लयावियाणम्मि तम्मि उज्जाणे
10274,दिट्ठा समन्तभद्देण ताहि पुट्ठा य वुत्तन्तं // शुर्शुछ.२४२
10275,
10276,किं इन्दयालमेयं किंवा सुमिणन्ति कत्थ वा पत्ता
10277,कत्थ गओ वेयालो पियंवयाए य किं जायं? // शुर्शुछ.२४३
10278,
10279,मणवल्लहस्स इमिणा हवेज्ज विहियं असोहणं किञ्चि
10280,मन्ने तेणेव लहुं न आगओ तम्मि सो दीवे // शुर्शुछ.२४४
10281,
10282,किंवा मज्झ निमित्तं समागएणं हविज्ज विहियं तु
10283,सत्तुञ्जयनरवइणा थोवबलस्सेह तायस्स? // शुर्शुछ.२४५
10284,
10285,
10286,[प. ५०६]
10287,एमाइ चिन्तयन्तीइ ताहिं गुरुसोयतावियाए मए
10288,पुच्छन्तस्सवि सिट्ठं समन्तभद्दस्स नो किञ्चि // शुर्शुछ.२४६
10289,
10290,तत्तो य आणिया हं भूवइपुरओ समन्तभद्देण
10291,सज्झससोएहिं तहिम्पि तारिसं किञ्चि नो कहियं // शुर्शुछ.२४७
10292,
10293,इय पयडियं गुज्झं नेहसाराइ तुज्झं नियचरियमेवं हंसिए! सव्वमेयं
10294,अइगरुयसिणेहा साहियं वित्थरेणं पणयपरवसाए पुच्छियं जं तइत्ति // शुर्शुछ.२४८
10295,
10296,साहुधणेसरविरइयसुबोहगाहासमूहरम्माए
10297,रागग्गिदोसविसहपसमणजलमन्तभूयाए // शुर्शुछ.२४९
10298,
10299,एसोवि परिसमप्पइ सुरसुन्दरिहरणवन्नणो नाम
10300,सुरसुन्दरीकहाए बारसमो वरपरिच्छेओ // शुर्शुछ.२५०
10301,
10302,
10303,
10304,---------------------------------------------------------------------
10305,
10306,[प. ५०७]
10307,[त्रयोदशः परिच्छेदः]
10308,
10309,अह हंसियाए भणियं अव्वो! अइदूसहं समणुभूयं
10310,जं किल निसुणन्ताणवि उप्पज्जइ गरुयउव्वेवो // शुर्शुछ.१
10311,
10312,एवंविहदुक्खाणं न य उचिया होसि पियसहि! तुमन्ति
10313,किं पुण कीरइ विहिणो विचित्तचरियस्स लोयम्मि? // शुर्शुछ.२
10314,
10315,निच्चं सुहोचियम्पि हु बहुविहदुक्खाण कुणइ आवासं
10316,अद्दिट्ठइट्ठविरहम्पि विरहियं कुणइ दइएण // शुर्शुछ.३
10317,
10318,इय सुरसुन्दरि! विहिणो विचित्तयं जाणिऊण उव्वेवं
10319,"थेवम्पि हु मा काहिसि, को णु गुणो तस्स करणेवि // शुर्शुछ.४"
10320,
10321,अन्नं च जारिसाइं तुह देहे लक्खणाइं दीसन्ति
10322,तह होयव्वं तुमए विज्जाहररायपत्तीए // शुर्शुछ.५
10323,
10324,
10325,[प. ५०८]
10326,अन्नं च मएवि सुयं कुसग्गनयराओ आगयनरेण
10327,कमलावइदेवीए पुरओ एवं कहिज्जन्तं // शुर्शुछ.६
10328,
10329,सत्तुञ्जयनरवइणा रुद्धे नयरम्मि आउले लोए
10330,नहवाहणनरनाहे संसइभूए ससामन्ते // शुर्शुछ.७
10331,
10332,घासिन्धणहाणीए किच्छेणच्छन्तयम्मि पुरलोए
10333,जन्तविमुक्कमहोवलनिहायनिवडन्तपायारे // शुर्शुछ.८
10334,
10335,पटउडिविवरसण्ठियकोद्दालिगखयपडन्तखण्डीसु
10336,धणुसु(मु)हविणिग्गयाणेयपत्तिपच्छाइयनहग्गे // शुर्शुछ.९
10337,
10338,इय नयरम्मि कुसग्गे निवडन्तभडोहरुहिरचिक्खल्ले
10339,सहसा फुरन्तखग्गो समागओ खेयरो एगो // शुर्शुछ.१०
10340,
10341,तेण य गइन्दपरिसण्ठियस्स सत्तुञ्जयस्स खग्गेण
10342,सहसा सीसं छिन्नं फुरन्तरोसारुणच्छेण // शुर्शुछ.११
10343,
10344,
10345,[प. ५०९]
10346,हन्तूण य तं सत्तुं रन्नो नरवाहणस्स पासम्मि
10347,आगम्म तेण भणियं निहओ सत्तू तुह नरिन्द! // शुर्शुछ.१२
10348,
10349,विज्जाहरहरियाए रयणद्दीवे ठियाए धूयाए
10350,तुज्झ सुरसुन्दरीए वयणाओ आगओ अहयं // शुर्शुछ.१३
10351,
10352,सिरिचित्तवेगतणओ खयरो हं मयरकेउनामॊत्ति
10353,पासे पियंवयाए तुह धूया अच्छइ सुहेण // शुर्शुछ.१४
10354,
10355,इय भणिऊण गओ सो रन्ना उण हरिसिएण निग्गन्तुं
10356,सबलेण सत्तुसिन्ने पलायमाणम्मि पहुरहिए // शुर्शुछ.१५
10357,
10358,गयरहतुरङ्गमाइं गहियं सव्वम्पि दव्वसारं से
10359,ता सुरसुन्दरि! पियसहि! तत्थत्थे कुणसु मा चिन्तं // शुर्शुछ.१६
10360,
10361,[युग्मम]
10362,जम्हा सो तुह जणओ तुज्झ पिएणेव निब्भओ विहिओ
10363,अहिणवसाहियविज्जस्स तस्स किं काहिइ पिसाओ? // शुर्शुछ.१७
10364,
10365,
10366,[प. ५१०]
10367,जायं हविज्ज अह कारणन्तरं किम्पि तुज्झ दइयस्स
10368,तव्वसओ सो पियसहि! न आगओ झत्ति तं दीवं // शुर्शुछ.१८
10369,
10370,एमाइनिउणवयणेहिं तीए आसासिया नरिन्दसुया
10371,जाया विमुक्कगुरुसोगवेगिया ' 'णन्दपडिहत्था // शुर्शुछ.१९
10372,
10373,अह हंसियाए सव्वं गन्तुं कमलावईए देवीए
10374,सिट्ठं तीएवि रन्नो जहट्ठियं साहियं सव्वं // शुर्शुछ.२०
10375,
10376,सुरसुन्दरीए एवं पिउभगिणिनिकेयणे वसन्तीए
10377,अन्तेउरविलयाणं अलमाणन्दं जणन्तीए // शुर्शुछ.२१
10378,
10379,"वच्चन्ति वासराइं सुहेण जा कइवि, ताव अन्नदिणे"
10380,अब्भिन्तरपरिसाए कइवयनियपुरिससहियस्स // शुर्शुछ.२२
10381,
10382,सुरसुन्दरिसहियाए देवीए सङ्गयस्स नरवइणो
10383,पडिहारअणुन्नाओ रन्नो अइवल्लहो वणिओ // शुर्शुछ.२३
10384,
10385,
10386,[प. ५११]
10387,भासुररयणसुपूरियथालकरो आगओ कयपणामो
10388,धणदेवो नामेणं उवविट्ठो राइणो पुरओ // शुर्शुछ.२४
10389,
10390,[चतस्र̥भिः कलापकम]
10391,उवणीयदरिसणीयो ससम्भमेणेव राइणा भणिओ
10392,भो भो धणदेव! तुमं आसि गओ सिंहलद्दीवं // शुर्शुछ.२५
10393,
10394,ता कह णु लहु नियत्तो कुसलं पोयस्स किञ्चि नो जायं
10395,जायं विग्घं जेणिह समागओ मासमेत्तेण? // शुर्शुछ.२६
10396,
10397,बहुदिवसपावणिज्जे तम्मि गओ सिंहलम्मि दीवम्मि
10398,सिग्घं जं सि नियत्तो महन्तमच्छेरयं एयं // शुर्शुछ.२७
10399,
10400,भणियं धणदेवेणं आयन्नसु नरवरिन्द! वुत्तन्तं
10401,जह तत्थ गओ सिग्घं समागओ एत्थ नयरम्मि // शुर्शुछ.२८
10402,
10403,सिङ्घलदीवागयवाणिएहिं पोच्छाहिओ इओ ताव
10404,चलिओ तदुचियभण्डं घित्तूण बहुप्पगारमहं // शुर्शुछ.२९
10405,
10406,
10407,[प. ५१२]
10408,तुम्हाण पायजुयलं पणमिय बहुसयडसत्थसञ्जुत्तो
10409,गम्भीरनामयं तं पत्तो वेलाउलं विउलं // शुर्शुछ.३०
10410,
10411,[युग्मम]
10412,अविय नावियजणपडिपुन्नं पउणीकीरन्तजाणवत्तो हं
10413,पूगफलनालिएराइरासिरेहन्तरायपहं // शुर्शुछ.३१
10414,
10415,गयदन्तपालिकलियं गयवइवयणंव कत्थइ विभाइ
10416,कत्थइ कप्पूरागुरुचन्दणसहियं सुरगिरिव्व // शुर्शुछ.३२
10417,
10418,मुत्ताहारविराइयमहीवीढं पुण्डरीयसिहरंव
10419,कत्थइ जाइफलेलाकलियं तं कामुयमुहंव // शुर्शुछ.३३
10420,
10421,नाणादेससमागयभूरिकरनिरुद्धसयलदिसिपक्खं
10422,पविसन्तभूरिभण्डं नरवइभवणंव तं दिट्ठं // शुर्शुछ.३४
10423,
10424,दाउं तदुचियसुङ्कं भण्डं नीयं समुद्दतीरम्मि
10425,नइनाहगमणदच्छं बोहित्थं भाडियं वियडं // शुर्शुछ.३५
10426,
10427,
10428,[प. ५१३]
10429,कमसो य सयलभण्डं चडावियं जाहि तत्थ बोहित्थे
10430,ताहे सुहतिहिरिक्खे नइनाहे पूइए विहिणा // शुर्शुछ.३६
10431,
10432,काउं जिणिन्दपूयं दाणं दाऊण समणसङ्घस्स
10433,आपुच्छिय सुहिनिवहं सम्भासिय सयलपरिवारं // शुर्शुछ.३७
10434,
10435,कीरन्तमङ्गलरवे समुच्छलन्ते य तूरनिग्घोसे
10436,पडुमागहसन्दोहे जयजयसद्दं पउञ्जन्ते // शुर्शुछ.३८
10437,
10438,पिहुपत्तासयमयलं गुणनियरनिबद्धफलहसङ्घायं
10439,सञ्जमियसयजोगं बोहित्थं मुणिवरसरिच्छं // शुर्शुछ.३९
10440,
10441,आरụ̄धो हं तत्तो वेलाए समागयाए गहिराए
10442,पवणपडिपुन्नसियवडवसेणं गन्तुं पयट्टं तं // शुर्शुछ.४०
10443,
10444,[पञ्चभिः कुलकम]
10445,परिहत्थमच्छपुञ्छच्छडअच्छोडणपोच्छलन्तसलिलोहं
10446,सलिलोहसमुच्छाइयफुरन्तगिरिगडयभीसणयं // शुर्शुछ.४१
10447,
10448,
10449,[प. ५१४]
10450,भीसणमगरोवग्गियभुयगगसिज्जन्तगोहियानिवहं
10451,निवहपरिसण्ठियुट्ठियतिमिङ्गिलाढत्तआवत्तं // शुर्शुछ.४२
10452,
10453,आवत्तसमुव्वत्तियसत्तसमाढत्तभीसणारावं
10454,आराववसविसण्ठुलजलयरपरिसरणघोरजलं // शुर्शुछ.४३
10455,
10456,घोरजलघणघणारवमुहरियदिसिचक्कमुक्कडतरङ्गं
10457,रङ्गन्तविद्दुमासियसप्पसमुप्पित्थमीणउलं // शुर्शुछ.४४
10458,
10459,अविय. 
10460,
10461,बहुसत्तकयाहारं निवडन्तमहन्त आवयानिवहं
10462,अप्पत्तपयावासं दुग्गपुरिसंव नइनाइं // शुर्शुछ.४५
10463,
10464,चलमाणमीणमयरं फुरन्तघणतिमिररुद्धपेरन्त
10465,कसिणनिसागासं पिव अपत्तपेरन्तसीमाणं // शुर्शुछ.४६
10466,
10467,एवंविहं समुद्दं मज्झंमज्झेण जाणवत्तं तं
10468,जा वच्चइ कइवि हु जोयणाणि वेगेण नरनाह! // शुर्शुछ.४७
10469,
10470,
10471,[प. ५१५]
10472,ताव य अन्नम्मि दिणे कूवयखम्भग्गसंनिविट्ठेण
10473,निज्जामएण भणियं पिच्छह अच्छेरयं पुरिसा! // शुर्शुछ.४८
10474,
10475,[युग्मम]
10476,कोवि हु महाणुभावो अदीणवयणो सुरिन्दसमरूवो
10477,बाहाहिं कह समुद्दं अणोरपारं इमं तरई? // शुर्शुछ.४९
10478,
10479,तव्वयणं सोऊणं पडिबेडयसङ्गया मए राया
10480,तप्पासे पट्ठविया पत्तट्ठा कोलियकुमारा // शुर्शुछ.५०
10481,
10482,गन्तूण तेहिं भणिओ सो पुरिसो भद्द! इत्थ आरुहसु
10483,धणदेवेणं वणिएणं तुज्झ पासम्मि पट्ठविया // शुर्शुछ.५१
10484,
10485,इय भणियो आरụ̄धो समागओ ताहि अम्ह बोहित्थे
10486,दिट्ठो य मए नरवर! तरुणनरो सो महाभागो // शुर्शुछ.५२
10487,
10488,निज्जियअणङ्गरूवो पुन्निममयलञ्छणोव्व अइसोमो
10489,वरकणयनिहसगोरो अहिणवउट्ठिन्तमुहरोमो // शुर्शुछ.५३
10490,
10491,
10492,[प. ५१६]
10493,किं बहुणा भणिएणं अणुहरए नरवरिन्द! सो तुम्ह
10494,दिट्ठम्मि तम्मि दिट्ठी अम्हं सित्तव्व अमएण // शुर्शुछ.५४
10495,
10496,अव्वो! महाणुभावो एसो अणुहरइ मयरकेउस्स
10497,ता होज्ज किं नु एसो जो तइया अडविपडियाए // शुर्शुछ.५५
10498,
10499,कमलावइदेवीए अङ्काओ जायमित्तओ हरिओ
10500,पुव्वविरुद्धसुरेणं केणवि अद्दिट्ठरूवेण? // शुर्शुछ.५६
10501,
10502,[युग्मम]
10503,अहवा किं मह इमिणा विचिन्तएणेह ताव पुच्छामि
10504,को कत्थ कह व एसो पडिओ य समुद्दमज्झम्मि? // शुर्शुछ.५७
10505,
10506,इय चिन्तिऊण य मए अब्भङ्गुव्वट्टणाइयं तस्स
10507,परमायरेण कारिय भुञ्जाविय परमविणएण // शुर्शुछ.५८
10508,
10509,[युग्मम]
10510,पुट्ठो सुहासणगओ कह णु तुमं धीर! एत्थ भीमम्मि
10511,रयणायरम्मि पडिओ कत्थ व तुम्हाण आवासो? // शुर्शुछ.५९
10512,
10513,
10514,[प. ५१७]
10515,तत्तो य तेण भणियं निसुणसु धणदेव! वज्जरिज्जन्तं
10516,एगग्गमणो होउं एत्थत्थे कोउगं जइ ते // शुर्शुछ.६०
10517,
10518,दक्खिणसẹ̄धीयपुरे वेयड̣धे रयणसञ्चए अत्थि
10519,पवणगइखयरपुत्तो बउलवई कुच्छिसम्भूओ // शुर्शुछ.६१
10520,
10521,खयरिन्दचक्कवट्टी विक्खाओ चित्तवेगनामॊत्ति
10522,अमियगइखयरधूया भज्जा से कणगमालत्ति // शुर्शुछ.६२
10523,
10524,[युग्मम]
10525,तीए य अहं पुत्तो मणदइओ मयरकेउनामॊत्ति
10526,कमसो य वड्ढमाणो पत्तो हं जोव्वणं पढमं // शुर्शुछ.६३
10527,
10528,एत्तो य अत्थि नयरं वेयड̣धे उत्तराए सẹ̄धीए
10529,सव्वोउयतरुवणसण्डमण्डियं चमरचञ्चन्ति // शुर्शुछ.६४
10530,
10531,भाणुगइखयरपुत्तो चित्तगई तत्थ खयरवरराया
10532,सो मह पिउणो मित्तं अहम्पि अइवल्लहो तस्स // शुर्शुछ.६५
10533,
10534,
10535,[प. ५१८]
10536,अह अन्नया कयाइवि पत्तस्स पुरम्मि चमरचञ्चम्मि
10537,पीईइ चित्तगइणा दिन्ना मह रोहिणी विज्जा // शुर्शुछ.६६
10538,
10539,सा सत्तहिं मासेहिं तत्थेण ठिएण साहिया विज्जा
10540,जहभणियविहाणेणं विहीसियाणं अभीएणं // शुर्शुछ.६७
10541,
10542,तत्तो साहियविज्जो सम्पत्तो नियपुरे अहं पिउणा
10543,परमाणन्दियहियएण संसिओ खयरमज्झम्मि // शुर्शुछ.६८
10544,
10545,पिच्छह कह बालेणवि रउद्दरूवावि रोहिणी विज्जा
10546,अक्खुहियमाणसेणं साहिया मज्झ तणएणं? // शुर्शुछ.६९
10547,
10548,अज्जवि विज्जाओ किल साहिउमसमत्थओ इमो बालो
10549,इय चिन्ताए न दिन्ना विज्जाओ इमस्स अद्देहिं // शुर्शुछ.७०
10550,
10551,ता जइ इमेण पढमं रउद्दरुवावि साहिया एसा
10552,का गणणा अन्नासिम्पि साहणे होज्ज एयस्स? // शुर्शुछ.७१
10553,
10554,
10555,[प. ५१९]
10556,अह सोहणम्मि दियहे काउणट्ठाहियं महामहिमं
10557,सिद्धाययणठियाणं जिणपडिमाणं पमोएण // शुर्शुछ.७२
10558,
10559,भणिउं समाणसिद्धिं दिन्नाओ मज्झ सयलविज्जाओ
10560,सोहणविहीवि सव्वो उवइट्ठो ताण ताएण // शुर्शुछ.७३
10561,
10562,[युग्मम]
10563,गन्तूण रयणदीवे फुरन्तकिरणोहरयणविच्छुरिए
10564,विज्जाहरवरनिम्मियजुगाइजिणमन्दिरे रम्मे // शुर्शुछ.७४
10565,
10566,तत्थ य पसत्थखित्ते वियणे विप्फुरियकिरणजालेसु
10567,विज्जापसाहणुज्जयखयरोचियविविहभवणेसु // शुर्शुछ.७५
10568,
10569,साहसु विज्जानियरं परिमियपियपरियणेण परियरिओ
10570,कयजिणवन्दणपूओ परिहरियासेसवावारो // शुर्शुछ.७६
10571,
10572,जोयणमेत्ते खित्ते हिंसा पञ्चिन्दियाण सत्ताण
10573,अप्पपरजोगजणिया जत्तेण य वज्जणीयत्ति // शुर्शुछ.७७
10574,
10575,
10576,[प. ५२०]
10577,जम्हा पमायओवि हु जायाइ इमाइ जायए विग्धं
10578,इय भणिऊणं पिउणा समप्पियं मज्झ अङ्गुलियं // शुर्शुछ.७८
10579,
10580,एयम्पि बन्धसु करे निवारणं सयलदोसपसस्स
10581,पुत्तय! इय भणिऊणं पट्ठविओ परियणसमेओ // शुर्शुछ.७९
10582,
10583,[षड्भिः कुलकम]
10584,गन्तूण रयणदीवे पारद्धो साहिउं जहाविहिणा
10585,बहुरूविणिपमुहाओ नाणारूवाओ विज्जाओ // शुर्शुछ.८०
10586,
10587,अविय. 
10588,
10589,बहुरूवा पन्नत्ती गोरीगन्धारिमोहणुप्पयणी
10590,आगरिसणि उम्मोयणि उच्चाडणि तह वसीयरणी // शुर्शुछ.८१
10591,
10592,एमाइबहुविहाओ साहेमाणस्स मज्झ विज्जाओ
10593,छम्मासा वोलीणा ऊणा दिवसेहिं थोवेहिं // शुर्शुछ.८२
10594,
10595,एत्थन्तरम्मि रयणीइ चरिमजामम्मि जावपज्जन्ते
10596,थरहरियं धरणीए धणियंव दिसागइन्देहिं // शुर्शुछ.८३
10597,
10598,
10599,[प. ५२१]
10600,पज्जलियं गयणेण हसियंव पभूयभूयनिवहेण
10601,ढणियंव पव्वएहिं वरिसियमिव उवलवरिसेणं // शुर्शुछ.८४
10602,
10603,तयणन्तरं समीरो सुगन्धगन्धो य वाइओ मउओ
10604,पविरलफुसियं गन्धोदगं च पडियं तहिं दिव्वं // शुर्शुछ.८५
10605,
10606,दिव्वा य कुसुमवुट्ठी दसद्धवन्ना समन्तओ पडिया
10607,पयडीभूयाओ तओ विविहालङ्कारकलियाओ // शुर्शुछ.८६
10608,
10609,नियनियनामङ्केहिं कलियाओ विचित्तचिन्धनिवहेहिं
10610,चित्तवरवाहणाओ नाणानेवत्थकलियाओ // शुर्शुछ.८७
10611,
10612,अन्नोन्नवन्नाभासुरसरूवरूवाओ विविहविलयाओ
10613,भणियं च ताहिं अम्हे विज्जाओ तुज्झ सिद्धाओ // शुर्शुछ.८८
10614,
10615,[तिस्र̥भिः विशेषकम]
10616,तव्वयणं सोऊणं हरिसियचित्तेण पूयणं विहियं
10617,अग्घाईयं तासिं पत्तेयं जीइ जं उचियं // शुर्शुछ.८९
10618,
10619,
10620,[प. ५२२]
10621,विज्जासिद्धिं नाउं महया भडचडयरेण सञ्जुतो
10622,आउज्जगीयवायणनट्टविहिं बहुविहं घेत्तुं // शुर्शुछ.९०
10623,
10624,अट्ठाहिआनिमित्तं पूयाउवगरणयं गहेऊण
10625,वेयड̣धाओ ताव य ताओवि समागओ तत्थ // शुर्शुछ.९१
10626,
10627,[युग्मम]
10628,काऊण महामहिमं जुगाइजिणमन्दिरम्मि भत्तीए
10629,सम्पूजिय जहविहिणा विज्जानियरं पयत्तेण // शुर्शुछ.९२
10630,
10631,निम्मलपवित्ततित्थोदएहिं पडिमाओ जिणवरिन्दाणं
10632,न्हविऊण महादाणं दाउं विज्जाहरोस्स // शुर्शुछ.९३
10633,
10634,पूएत्तु पूयणिज्जे संमाणिय माणणिज्जजणनियरं
10635,वरगीयनट्टवाइयसञ्जुयमट्ठाहियं काउं // शुर्शुछ.९४
10636,
10637,पडुपडहभेरिभम्भादुन्दुहिसद्दोहपूरियदियन्तं
10638,सुन्दरनहयरसुन्दरिपेक्खणयक्खित्तखयरोहं // शुर्शुछ.९५
10639,
10640,
10641,[प. ५२३]
10642,निम्मलजिणगुणकित्तणपडिट्ठपडुमागहोहसङ्किन्नं
10643,वज्जन्तवंसवीणाकलसद्दाणन्दियजणोहं // शुर्शुछ.९६
10644,
10645,पेच्छागयसुरकिन्नरचित्तचमुक्कारकारयं रम्मं
10646,काउं जिणिन्दभवणे जागरमुरुपावविद्दवणं // शुर्शुछ.९७
10647,
10648,सयलपरिवारसहिओ पत्तो वेयड्ढपव्वयं ताओ
10649,कायव्वसेसकिच्चो तत्थेव अवट्ठिओ अहयं // शुर्शुछ.९८
10650,
10651,[सप्तभिः कुलकम]
10652,काउं जिणस्स पूयं विहिणा जिणवन्दणं च काऊण
10653,उइए रविम्मि अहयं सरीरचिन्ताए नीहरिओ // शुर्शुछ.९९
10654,
10655,काउं सरीरचिन्तं कयसोओ दीहियाइ लीलाइ
10656,वच्चामि जाव थोवं भूभागं ताव पिच्छामि // शुर्शुछ.१००
10657,
10658,[युग्मम]
10659,वंसिकुडङ्गासन्ने खग्गं भूपट्ठिसण्ठियं पवरं
10660,घित्तूण चवलयाए झडत्ति छिन्ना कुडङ्गी सा // शुर्शुछ.१०१
10661,
10662,
10663,[प. ५२४]
10664,तत्थ य पुव्वपविट्ठो आसी खयरो उ मयरकेउत्ति
10665,सामी गङ्गावत्तस्स गङ्घवाहणनरिन्दसुओ // शुर्शुछ.१०२
10666,
10667,छिन्नाए कुडङ्गीए छिन्नं महिवट्ठसण्ठियं दिट्ठं
10668,सहसा सीसं तस्स ओ झंरतयं रुहिरपब्भारं // शुर्शुछ.१०३
10669,
10670,तं दट्ठूण ससम्भमचलन्तपिहुलोललोयणजुएण
10671,हा हा! अहो! अकज्जं कयन्ति परिदेवियं बहुहा // शुर्शुछ.१०४
10672,
10673,अव्वो! पमायवसओ विहिया हिंसा मए इमा जाओ
10674,तत्तो य किम्पि होही विग्घ मह मन्दभग्गस्स? // शुर्शुछ.१०५
10675,
10676,अहवा संसिद्धाओ विज्जाओ विग्घसम्भवो नत्थि
10677,तहवि हु विग्घजयठ्ठा जुत्तं मह जावपूयाइं // शुर्शुछ.१०६
10678,
10679,इय चिन्तिय चलिओ हं अह फुरियं दाहिणेण नयणेण
10680,किं मन्ने मह सूयइ सुनिमित्तमिमन्ति चिन्तिन्तो // शुर्शुछ.१०७
10681,
10682,
10683,[प. ५२५]
10684,कइवि हु पयाणि जाव य वयामि धणदेव! तत्थ वणगहणे
10685,पिच्छामिं ताव किम्पागसाहिणो हिट्ठभूभागे // शुर्शुछ.१०८
10686,
10687,सुत्तंव मुच्छियं पिव सरीरसोहाए सूइयं तिव्वं
10688,नियकुललच्छिमउव्वं अमएणव निम्मियं जुवइं // शुर्शुछ.१०९
10689,
10690,[युग्मम]
10691,अविय दीहरकसिणसुकोमलकुन्तलभारेण सहइ अक्कन्तं
10692,आयड̣धियभमरउलं तीए कमलंव वरसीसं // शुर्शुछ.११०
10693,
10694,कन्नन्तपत्तलोयणनासावंसोवसोहिओ रुइरो
10695,उवहसइव मुहचन्दो तीइ ससङ्कं असम्पुन्नं // शुर्शुछ.१११
10696,
10697,कम्बुन्नयसुकुमाला गीवा जडसङ्गवज्जिया तीए
10698,खरकण्टयकलियाइं उवहसइ मुणालनालाइं // शुर्शुछ.११२
10699,
10700,घणवक्कलपीणुन्नयथणजुयलं सयललोयमणहारि
10701,कह उवमिज्जउ तीऐ सुरिन्दगयकुम्भजुयलेण? // शुर्शुछ.११३
10702,
10703,
10704,[प. ५२६]
10705,ताव य विवेयरहियं थणजुयलं कामुए दढं दहउ
10706,पत्तसवणाण तुम्हं नयणाण न होइ जुत्तमिणं // शुर्शुछ.११४
10707,
10708,इय भणमाणं मन्ने झीणं मज्झं तु तीइ बालाए
10709,अहवा अविणीयजणे उवएसो लहुययं कुणइ // शुर्शुछ.११५
10710,
10711,गरुओ सिहिणाण भरो वोढव्वो कह मइत्ति चिन्ताए
10712,झीणं तीए मज्झं दालिद्दियधूयजणउव्व // शुर्शुछ.११६
10713,
10714,मणहारिसुगम्भीरा पयाहिणावत्तनाभिया तीए
10715,मयरद्धयमज्जणकूवियव्व विहिणा विणिम्मविया // शुर्शुछ.११७
10716,
10717,मंसलसूमालेणं वियडनियम्बच्छलेण सा कुणइ
10718,आलोइयमित्तेणवि समित्तलं तरुणजणहिययं // शुर्शुछ.११८
10719,
10720,रम्भागब्भसुकोमलमुरुजुयं तीइ रेहए रम्मं
10721,मयणघरदारदेसे उज्झियमिव तोरणं विहिणा // शुर्शुछ.११९
10722,
10723,
10724,[प. ५२७]
10725,कुम्मुन्नयचलणजुयलं संहयमिउमंसलङ्गुलिसणाहं
10726,अणुराइल्लं तीए भण कस्स न चोरए चित्तं? // शुर्शुछ.१२०
10727,
10728,इय तं सहसा दट्ठुं दिट्ठी आणन्दिया दढं मज्झ
10729,चियपरिचियंव दट्ठुं जाओ हिययस्स आणन्दो // शुर्शुछ.१२१
10730,
10731,पियपणइणिव्व ताहे निरूविया सा मए विगयचिट्ठा
10732,मुहनीहरन्तफेणा सनीलदेहच्छवी बाला // शुर्शुछ.१२२
10733,
10734,नियअङ्गुलिं खिवित्ता तीए वयणं निरूवियं जाव
10735,किम्पागफलं ताव य उवलद्धं अद्धचव्विययं // शुर्शुछ.१२३
10736,
10737,एयफलवियाराओ जाया ओ अचेयणा इमा नूणं
10738,ता नेउं सट्ठाणं करेमि एईइ परिकम्मं // शुर्शुछ.१२४
10739,
10740,विज्जाहरस्स कस्सवि धूया एसा हविज्ज इह पत्ता
10741,निव्वेएणं केणवि विसफलमसियन्ति मन्नामि // शुर्शुछ.१२५
10742,
10743,
10744,[प. ५२८]
10745,भूमिचरमणुयाणं सुदुग्गमो एस रयणदीवो जं
10746,तेणेव भूमीगोचर-धूया एसा कहं होज्जा? // शुर्शुछ.१२६
10747,
10748,एरिसनेवत्थाओ कन्ना एसत्ति निच्छओ एस
10749,जं पुण अच्छिप्फुरणं मह होही भारिया तेण // शुर्शुछ.१२७
10750,
10751,दट्ठूणं विविहाओ विज्जाहरबालियाओ अणुराओ
10752,न य आसि मज्झ पुव्विं दठ्ठूण इमं जहा जाओ // शुर्शुछ.१२८
10753,
10754,ता नूणं भवियव्वं इमाए सुतणूए मज्झ दइयाए
10755,एमाइं विचिन्तेन्तो गहिंउ नियबाहुउच्छङ्गे // शुर्शुछ.१२९
10756,
10757,तीए सुकोमलमणहरतणुफाससुहेतिनिव्वुयसरीरो
10758,नियठाणं सम्पत्तो जुगाइजिणमन्दिरासन्ने // शुर्शुछ.१३०
10759,
10760,[युग्मम]
10761,अह आसि तत्थ भगिणी पियंवया अण्णजणणी धूया मे
10762,पुव्वुद्दिट्ठं कहियं वुत्तन्तं ताहि से भणिया // शुर्शुछ.१३१
10763,
10764,
10765,[प. ५२९]
10766,निम्मलजलेण सहियं अप्पेसु तमङ्गुलीयगं सिग्घं
10767,विज्जापयाणसमए ताएण समप्पियं जं तु // शुर्शुछ.१३२
10768,
10769,तं दिव्वमणिसणाहं निवारणं सयलदोसपसरस्स
10770,उवलद्धपच्चयं पुण विसेसओ विससमूहम्मि // शुर्शुछ.१३३
10771,
10772,तस्सलिलं पाइन्तो तीए अङ्गाइं तहय सिञ्चन्तो
10773,भणिओ पियंवयाए एसा मह होइ भगिणित्ति // शुर्शुछ.१३४
10774,
10775,भणियं मए कहं पुण कत्थवि दिट्ठा इमा तए पुव्विं?
10776,भणियं पियवयाए माऊए मज्झ लहुभगिणी // शुर्शुछ.१३५
10777,
10778,रयणवई उ कुसग्गे दइया नरवाहणस्स नरवइणो
10779,तीए एसा धूया कन्ना सुरसुन्दरी नाम // शुर्शुछ.१३६
10780,
10781,[युग्मम]
10782,वेयड̣धाओ पुव्विं आगच्छन्ती इमम्मि दीवम्मि
10783,खिन्ना अवइन्ना हं कुसग्गपुरबाहिरुज्जाणे // शुर्शुछ.१३७
10784,
10785,
10786,[प. ५३०]
10787,तत्थ य दिट्ठा एसा विज्जाए पयं तहिं च वीसरियं
10788,पडुपन्नाए इमीए साहियमेत्ताए उवलद्धं // शुर्शुछ.१३८
10789,
10790,तह चित्तपडे लिहियं रूवं दट्ठूण तुम्ह एयाए
10791,आहूओ अणुराओ गरुओ उम्मायवड्ढणओ // शुर्शुछ.१३९
10792,
10793,अविय अइसुन्दरॊत्ति मुदियं दइओ होज्जत्ति खिज्जियं बहुहा
10794,जइ ताव दंसणम्पि हु होज्ज कयत्थत्ति नीससिंय // शुर्शुछ.१४०
10795,
10796,जइ ताव कावि हु अहं ता 'वस्सं तस्स सङ्गमेण सुहं
10797,कायव्वं भगिणीए इय भणिया अहं इहं पत्ता // शुर्शुछ.१४१
10798,
10799,एमाइ जाव साहइ पियंवया तीइ पुव्ववुत्तन्तो
10800,ताव विसवेगविगमाओ चेयणा तीइ उवलद्धा // शुर्शुछ.१४२
10801,
10802,उवलद्धचेयणमहं सत्थसरीरं पियंवयापासे
10803,मोत्तूण गतो रिसहस्स पूयओ विग्घजयहेउं // शुर्शुछ.१४३
10804,
10805,
10806,[प. ५३१]
10807,काउं जिणिन्दपूयं विहिणा जिणवन्दणं करेऊण
10808,तह सन्तिदेवयाए मन्तं जविऊण उवउत्तो // शुर्शुछ.१४४
10809,
10810,तीए थुइं पạधित्ता उस्सग्गं करिय तह सउस्सासं
10811,विज्जाहरवावायणविग्घस्स विघायणट्ठाए // शुर्शुछ.१४५
10812,
10813,जाव य समागओ हं पुणरवि य पियंवया पासम्मि
10814,ताव य सोयवसागयवाहजलोहलियगण्डयला // शुर्शुछ.१४६
10815,
10816,रूयमाणी सा दिट्ठा पुट्ठा य पियंवया मया ताहे
10817,कीस इमा कमलच्छी रोयइ गुरुसोगतत्तव्व? // शुर्शुछ.१४७
10818,
10819,[चतस्र̥भिः कलापकम]
10820,तीए भणियं एईइ कारणे गरुयसत्तुसंरुद्धो
10821,अच्छइ इमीइ जणओ तेण इमा रुयइ सोगेण // शुर्शुछ.१४८
10822,
10823,तत्तो य मए भणिया साहीणे किङ्करम्मि एयम्मि
10824,को तुह पियरं सुन्दरि! सक्केइ पराभवेउं जे? // शुर्शुछ.१४९
10825,
10826,[युग्मम]
10827,
10828,[प. ५३२]
10829,वसुनन्दयखग्गकरो एगागी चेव तं दुरायारं
10830,गन्तुं हणामि सत्तुञ्जयारिमहमेव किं बहुणा? // शुर्शुछ.१५०
10831,
10832,एत्थेव पढमजिणवरभवणम्मि पियंवयासमेयाए
10833,अच्छेयव्वं तुमए जहासुहं सोयरहियाए // शुर्शुछ.१५१
10834,
10835,जावा गच्छामि अहं हन्तुं सत्तुञ्जयं दुराचारं
10836,इय भणिऊणुप्पइओ तमालदलसामलं गयणं // शुर्शुछ.१५२
10837,
10838,पत्तो य कुसग्गपुरं उब्भडभडरुद्धवियडपायारं
10839,अन्तोवहन्तबहुजन्तवत्तपासाणभीसणयं // शुर्शुछ.१५३
10840,
10841,अट्टालयरइयधयं सयग्घिसङ्घायरुद्धकविसीसं
10842,वड्ढन्तबहलकलयलगज्जन्तुब्भडभडाडोवं // शुर्शुछ.१५४
10843,
10844,अह कोऊहलवसओ गयणत्थो पेच्छिउं पयत्तो हं
10845,ताव पुरभञ्जणत्थं समुट्ठियं मालवाणीयं // शुर्शुछ.१५५
10846,
10847,
10848,[प. ५३३]
10849,अविय अप्पेह मज्झ कसियं कवयं मह देह सुन्दरं वफरं
10850,इय सत्तुञ्जयसिन्ने सुम्मन्ति भडाण उल्लावा // शुर्शुछ.१५६
10851,
10852,̣धुक्कन्तु वडइलाओ जन्ताइं वहन्तु सरउ पट्टउडी
10853,अह खुप्पउ नीसेणीं पायारे घडउ सूयरिया // शुर्शुछ.१५७
10854,
10855,दहह तमङ्गावरणं छुहेह परिहासु पत्थरे पउरे
10856,अट्टालयविकसियाहिं खणह सत्तुञ्जई भणइ // शुर्शुछ.१५८
10857,
10858,मुसुमूरिऊण गुरुपत्थरेहिं चुडुलीहिं सतणनिवहाहिं
10859,उज्झन्ति तमङ्गन्तरठिएहिं जोहेहिं सूयरिया // शुर्शुछ.१५९
10860,
10861,पायारनिमियनिसेणिसण्ठियापुरनरिन्दजोहेहिं
10862,कुन्तग्गलच्छिज्जन्ता पडन्ति परिहासु अरिपुरिसा // शुर्शुछ.१६०
10863,
10864,अट्टालयजन्तागयपत्थरनियरेण वडइलानियरो
10865,उमच्छिज्जइ कत्तलविहुरियभडहत्थधरिओवि // शुर्शुछ.१६१
10866,
10867,
10868,[प. ५३४]
10869,पक्खहतमङ्गसण्ठियधाणुक्कविमुक्कबाणनिब्भिन्ना
10870,कलयलचडुलनियत्ता कसियाइत्ता विवज्जन्ति // शुर्शुछ.१६२
10871,
10872,पायालमूलपरिसक्किराण खुरुदुक्खियाण जोहेहिं
10873,सीसाइं दलसयाइं कीरन्ति सयग्धिपयरेहिं // शुर्शुछ.१६३
10874,
10875,पायारमपत्ताओ पट्टउडीओवि तिल्लसित्तेहिं
10876,डज्झन्ति ससङ्कजलियरूवगुरुकट्ठनिवहेहिं // शुर्शुछ.१६४
10877,
10878,कविसीसन्तरसण्ठियपक्कलधाणुक्कबाणसञ्छन्नं
10879,जायं सिरिधरियारणनिप्फन्दमराइणो सिन्नं // शुर्शुछ.१६५
10880,
10881,ताव च रोसवसुट्ठियअणेयसामन्तसुहडनिवहेण
10882,आसासिय नियसिन्नं ̣धुक्किज्जइ सालसंमुहयं // शुर्शुछ.१६६
10883,
10884,उब्भडपसण्डिमण्डियपयण्डकोदण्डकण्डनिब्भिन्नो
10885,पायारो कयपुरपक्खणोव्व रोमञ्चमुव्वहइ // शुर्शुछ.१६७
10886,
10887,
10888,[प. ५३५]
10889,तो पूरिऊण परिहाओ सत्तुजोहेहिं दीहवंसेहिं
10890,पज्जालिय पेरन्तं पलीवियं सयलमावरणं // शुर्शुछ.१६८
10891,
10892,लग्गन्तजन्तपत्थरपडन्तपायारसिहरपरितुट्ठं
10893,रहसवसुट्ठियहलबोलमुहुरियं होइ सत्तुबलं // शुर्शुछ.१६९
10894,
10895,अह पडिया कोट्टट्टालयावि गुरुपिहुलपत्थरसुबद्धा
10896,जन्तेहिं सुरङ्गाहि य कसियाहि य विद्दविज्जन्ता // शुर्शुछ.१७०
10897,
10898,इय परिबलेण सहसा पराइए पिच्छिऊण पुरसुहडे
10899,रोसवसदट्ठउट्ठो उग्गीरिय मण्डलग्गो हं // शुर्शुछ.१७१
10900,
10901,पत्तो गइन्दपरिसण्ठियस्स सत्तुञ्जयस्स आसन्ने
10902,भणिओ य इमो रे! रे! दिट्ठो तं अज्ज कालेण // शुर्शुछ.१७२
10903,
10904,जो मह दइयाजणयस्स परिभवं कुणसि अकयवेरस्स
10905,अहवा विणाससमए होइ फलं वंसविडवस्स // शुर्शुछ.१७३
10906,
10907,[युग्मम]
10908,
10909,[प. ५३६]
10910,पुरिसो भवसु इयाणिं जइ सच्चं सुहडवायमुव्वहसि
10911,घित्तूण तयं केसेसु झत्ति अह मत्थयं छिन्नं // शुर्शुछ.१७४
10912,
10913,अह लुयसीसं दठ्ठूण सामियं परिबलं ससम्भन्तं
10914,वलिऊण बाणनियरेण घाइउं मं समाढत्तं // शुर्शुछ.१७५
10915,
10916,अह तं सुतिक्खसरनियर धोरणिं वञ्चिउं पयत्तेण
10917,पत्तो ससोयनरवाहणस्स अत्थाणभूमीए // शुर्शुछ.१७६
10918,
10919,सत्तुञ्जयस्स सीसं पुरओ मोत्तूण कयपणामेण
10920,धणदेव! पुव्ववुत्तो वुत्तन्तो साहिओ तस्स // शुर्शुछ.१७७
10921,
10922,ता अच्छ निरुव्विग्गो अहयं पुण जामि रयणदीवाओ
10923,आणेत्तु तुम्ह धूयं जेण समप्पेमि सिग्घन्ति // शुर्शुछ.१७८
10924,
10925,इय भणिऊणुप्पइओ दइयामुहदंसणुस्सुओ जाव
10926,पत्तो इमं पएसं ताव य सहसा मए दिट्ठो // शुर्शुछ.१७९
10927,
10928,
10929,[प. ५३७]
10930,तालतरूदीहजन्धो मसिमूसामहिसकालगसरीरो
10931,असिलिट्ठलम्बबाहू निग्गयदसणो पलम्बोट्ठो // शुर्शुछ.१८०
10932,
10933,खज्जोयदित्तचक्खू निल्ललियजमलजुयलजीहालो
10934,अइवीणचिविढनासो वेयालो तावसञ्जणओ // शुर्शुछ.१८१
10935,
10936,अप्फोडन्तो बहुसो अभिगज्जन्तो तहट्टहासेहिं
10937,पलयघणनीसणेहिं कुणमाणो नहयलं मुहलं // शुर्शुछ.१८२
10938,
10939,[चतस्र̥भिः कलापकम]
10940,रे! रे! तइया जं दिन्नमासि दइयावहारओ दुक्खं
10941,"वइरस्स तस्स अन्तं करेमि, दिट्ठो कहिं जासि? // शुर्शुछ.१८३"
10942,
10943,रे वइरिय! बालत्ते जीवन्तो ताव कहव छुट्टो सि?
10944,इण्हि नो पुण छुट्टसि छụधो भीमम्मि जलहिम्मि // शुर्शुछ.१८४
10945,
10946,इय भणिऊणं सहसा पत्तो अद्दंसणं स वेयालो
10947,अहमवि गयणाहिन्तो धसत्ति पडिओ जलनिहिम्मि // शुर्शुछ.१८५
10948,
10949,
10950,[प. ५३८]
10951,पुणरुत्तजविज्जन्ती जाव न सा वहइ नहगमा विज्जा
10952,ताहे नायं नूणं हरियाओ मज्झ विज्जाओ // शुर्शुछ.१८६
10953,
10954,कोवि हु एस पयण्डो वइरी असुरॊत्ति चिन्तयन्तेण
10955,धणदेव! ताव बाहाहिं जलनिहिं तरिउमारद्धो // शुर्शुछ.१८७
10956,
10957,एवं नरिन्द! साहइ जाव य सो मज्झ निययवुत्तन्तं
10958,निज्जामएण ताव य सभयं एवं समुल्लवियं // शुर्शुछ.१८८
10959,
10960,भो भो नावियपुरिसा! सकन्नधारा समुज्जया होह
10961,दीसइ कयन्तवयणंव भीममुप्पाइयं जेण // शुर्शुछ.१८९
10962,
10963,सुप्पप्पमाणमुब्भूयमब्भवद्दलयमुअह नहमग्गे
10964,खलसङ्गयंव जं कुणइ सङ्खयं झत्ति वड्ढन्तं // शुर्शुछ.१९०
10965,
10966,एरिसठाणे जायं एयं उप्पाइयं महाधोरं
10967,अइरा सभडनावियनावाइविणासणं कुणइ // शुर्शुछ.१९१
10968,
10969,
10970,[प. ५३९]
10971,एयं निसम्म वयणं कूवयखम्भग्गसण्ठियनरस्स
10972,पवहणपुरिससमूहो सङ्खुद्धो विगयजीयासो // शुर्शुछ.१९२
10973,
10974,तओ. 
10975,
10976,मुच्चइ नङ्गरनिवहो कूवयखम्भो तिरिच्छओ विहिओ
10977,नावावि सियवडेणं घणेण पच्छाइया सव्वा // शुर्शुछ.१९३
10978,
10979,एत्थन्तरम्मि पच्छाइयं नहं कसिणमेहनिवहेण
10980,सङ्खोहियसलिलनिही पवाइओ मारुओ चण्डो // शुर्शुछ.१९४
10981,
10982,जमजीहव्व चमक्कइ तडिच्छडासन्ततं समन्तेण
10983,धाराहरावि गज्जन्ति भीसणं मच्चुसुहडव्व // शुर्शुछ.१९५
10984,
10985,खरपवणुद्धुयसायरतरङ्गवेगेहिं हीरए नावा
10986,गुरुकल्लोलवसुट्ठियनङ्गरनियरेण धरियावि // शुर्शुछ.१९६
10987,
10988,अणवरयतरङ्गेहिं उप्पयनिवयं कुणन्तिया वहइ
10989,तन्दूसयस्स लीलं कोट्टिमकरहम्ममाणस्स // शुर्शुछ.१९७
10990,
10991,
10992,[प. ५४०]
10993,ताव य खणन्तराओ खरमारुयखञ्चणेण जज्जरिया
10994,करकरकरस्स तुट्टन्ति नङ्गरा वीइवेगेहि // शुर्शुछ.१९८
10995,
10996,पवरतुरङ्गमतरुणिव्व ताहिं उम्मुक्कबन्धणा नावा
10997,वीईनोलिज्जन्ता पहाविया गरुयवेगेण // शुर्शुछ.१९९
10998,
10999,कत्थइ सुसिद्धविज्जा खयरिव्व नहङ्गणेण उप्पयइ
11000,विज्जाविगमे कत्थइ निवडइ खयरिव्व गयणाओ // शुर्शुछ.२००
11001,
11002,डण्डाहया भुयङ्गिव्व जाइ कत्थइ तरङ्गरङ्गता
11003,महजणसदुत्तत्थव्व धावए कत्थइ अईव // शुर्शुछ.२०१
11004,
11005,कत्थइ झाणोवगया झायइ सा जोगिणिव्व निक्कम्पा
11006,कत्थइ कन्तारगया थेरी इव मन्दयं वयइ // शुर्शुछ.२०२
11007,
11008,कत्थइ गुरुजणदिट्ठा वराहकुलबालियव्व लज्जाए
11009,घुम्मइ वेविरदेहा सा नावा जलहिमज्झम्मि // शुर्शुछ.२०३
11010,
11011,
11012,[प. ५४१]
11013,कल्लोलजलपलावियफलयगलन्तोरुबिन्दुअंसूहिं
11014,रुयइव्व समस्सियजणोहपरिरक्खणा 'सत्ता // शुर्शुछ.२०४
11015,
11016,विहडियबन्धणफलहोहमुक्कगुरुसद्दविप्पलावेहिं
11017,आसन्नभङ्गभीयव्व विलवई सरणपरिहीणा // शुर्शुछ.२०५
11018,
11019,उम्मत्तियव्व तत्तो इओ तओ सायरम्मि भममाणा
11020,अववरयं विदलन्ता जलगयमामयसरावुव्व // शुर्शुछ.२०६
11021,
11022,उव्वुन्नकन्नधारा आउलविलवन्तकोलियकुलोहा
11023,उत्तत्थवणियसत्था उद्धयकन्दन्तकम्मयरा // शुर्शुछ.२०७
11024,
11025,कच्छोट्टन्तरगोवियसुवन्नखण्डम्मि जणसमूहम्मि
11026,नियतणुसन्दामियफलयखण्डदक्खम्मि वणिनियरे // शुर्शुछ.२०८
11027,
11028,नियकुलदेवयनियरं ओवायते समत्थलोयम्मि
11029,नावियजणे य भण्डं पविक्खिरन्ते समुद्दम्मि // शुर्शुछ.२०९
11030,
11031,
11032,[प. ५४२]
11033,जलच्छाइयपेरन्तं एक्कं आसाइऊण गिरिगडयं
11034,विदलन्तफलयनियरा फुट्टा सहसत्ति सा नावा // शुर्शुछ.२१०
11035,
11036,[पञ्चभिः कुलकम]
11037,अहमवि तत्तो नरवर! आसाइयफलहयम्मि संलग्गो
11038,अन्तेण्णिवेल्लिनोलिज्जमाणलहुमच्छविच्छुरिओ // शुर्शुछ.२११
11039,
11040,कत्थइ असङ्खसङ्खोहखोहिओ जलनिहिम्मि बुड्डन्तो
11041,कत्थइ गाहगसिज्जन्तगोहियामुहविणिम्मुक्को // शुर्शुछ.२१२
11042,
11043,कत्थइ नक्कुक्कत्तियसिप्पिपुडुप्फिडियमॊत्तियाइन्नो
11044,कत्थइ तरङ्गवेविरविद्दुमगहणेण रुज्झन्तो // शुर्शुछ.२१३
11045,
11046,अवरावरगुरुलहरीतरङ्गवेगेहिं हीरमाणो हं
11047,दिणपञ्चगेण नरनाह! पाविओ नीरपेरन्तं // शुर्शुछ.२१४
11048,
11049,[चतस्र̥भिः कलापकम]
11050,रविकरसम्पायपणट्ठपउरजड्डो तओ समुत्तरिउं
11051,काउं सुपक्ककयलीफलाइणा पाणवित्तिमहं // शुर्शुछ.२१५
11052,
11053,
11054,[प. ५४३]
11055,परिसुसियनालिएरुग्गएण तिल्लेण काउमब्भङ्गं
11056,ण्हाऊण सरोतीरे चन्दणतरुपल्लवरसेण // शुर्शुछ.२१६
11057,
11058,कप्पूरमीसिएणं काऊण विलेवणं पयत्तेण
11059,जाइफलेलासहियं समाणिय पवरतम्बोलं // शुर्शुछ.२१७
11060,
11061,वररयणसिलावट्ठे उवविट्ठो चिन्तिउं पयत्तो हं
11062,अव्वो! कह णु अकण्डे जाओ धणपरियणविणासो? // शुर्शुछ.२१८
11063,
11064,[चतस्र̥भिः कलापकम]
11065,कह सो महाणुभावो होही भग्गम्मि जाणवत्तम्मि?
11066,आसाइयफलओ जइ समुत्तरेज्जा भवे लट्ठं // शुर्शुछ.२१९
11067,
11068,एमाइ चिन्तयन्तो कइवि हु दिवसाणि जाव अच्छामि
11069,ता अन्नदिणे केणवि उल्लवियं वयणमेयन्ति // शुर्शुछ.२२०
11070,
11071,भो धणदेव! महायस! उव्विग्गो कीस अच्छसे एवं?
11072,तत्तो तत्तोहुत्तं जाव पलोएमि सम्भन्तो // शुर्शुछ.२२१
11073,
11074,
11075,[प. ५४४]
11076,ताव य दिट्ठो भासुरसरीरधारी पहट्ठमुहकमलो
11077,परिहियसखिङ्खिणीपञ्चवन्नवरवत्थसोहिल्लो // शुर्शुछ.२२२
11078,
11079,उत्तंसट्ठियभासुरसप्पफणागारचिञ्चइओ
11080,अइपिच्छणिज्जरूवो कोवि हु देवो महाभागो // शुर्शुछ.२२३
11081,
11082,[तिस्र̥भिः विशेषकम]
11083,अह कयअब्भुट्ठाणो अवगụ̄धो तेण सायरं अहयं
11084,भणिओ य ममं परिजाणसीह किंवा न तं भद्द! // शुर्शुछ.२२४
11085,
11086,तत्तो य मए भणियं अज्जवि सम्मं न याणिमो देव!
11087,ता साहिज्जउ अम्हं को सि तुमं कत्थ दिट्ठो वा? // शुर्शुछ.२२५
11088,
11089,भणियं देवेण तओ आसि तए हत्थिणाउरे नयरे
11090,दिट्ठो मणोरमुज्जाणसण्ठिओ देवसम्मॊत्ति // शुर्शुछ.२२६
11091,
11092,लक्खं दाऊण तया जोगियहत्थाओ सुपइट्ठसुओ
11093,जयसेणो नामेणं विमोइओ जस्स वयणेण // शुर्शुछ.२२७
11094,
11095,
11096,[प. ५४५]
11097,जो य तया अडवीए सत्थविलोवम्मि सुप्पइट्ठस्स
11098,पल्लीवइणो पासे बालग्गाहो तए दिट्ठो // शुर्शुछ.२२८
11099,
11100,तह य कुसग्गपुराओ नियत्तमाणेण दड्ढपल्लीए
11101,सीहगुहाए बाहिं करङ्कमज्झट्ठिओ दिट्ठो // शुर्शुछ.२२९
11102,
11103,पलिच्छिन्नचलणजुयलो गुरुपहरणघायजज्जरियदेहो
11104,गाढं तिसाभिभूओ जो तइया कण्ठगयपाणो // शुर्शुछ.२३०
11105,
11106,परहियरएण तुमए अरहं देवो सुसाहुणो गुरुणो
11107,इय अच्चन्तं दाउं सम्मत्तं नियमसञ्जुत्तं // शुर्शुछ.२३१
11108,
11109,तत्तो य नमोक्कारो दिन्नो संसारसागरुत्तारो
11110,जस्सासि तए तइया सो हं भो! देवसम्मजिओ // शुर्शुछ.२३२
11111,
11112,[सप्तभिः कुलकम]
11113,नवकारपभावाओ वेलन्धरनागरायमज्झम्मि
11114,जाओ सिवओ नामं सामाणियपणयपयकमलो // शुर्शुछ.२३३
11115,
11116,
11117,[प. ५४६]
11118,तत्तो य मए भणियं एवं एयन्ति किन्तु पुच्छमि
11119,ठाणम्मि कम्मि अच्छइ तुम्हे साहेह मह एयं // शुर्शुछ.२३४
11120,
11121,अह सुरवरेण भणियं निसुणसु मेरुस्स दक्खिणदिसाए
11122,बायालीससहस्साहिं जोयणाणं अणूणाइं // शुर्शुछ.२३५
11123,
11124,लवणसमुद्दं ओगाहिऊण अत्थित्थ पव्वओ रम्मो
11125,सत्तरससय एगवीसे उड्ढं उच्चत्तणं जस्स // शुर्शुछ.२३६
11126,
11127,अद्धट्ठजोयणाइं समन्तओ निययकन्तिपसरेण
11128,लवणोहिस्स सलिलं पयासई अङ्करयणमओ // शुर्शुछ.२३७
11129,
11130,नामेण दउभासो तस्स य सिहरम्मि अत्थि वरभवणं
11131,बावट्ठिजोयणुच्चं रम्मं वररयणचिञ्चइयं // शुर्शुछ.२३८
11132,
11133,तत्थ य वसामि अहयं सामाणियदससहस्स परियरिओ
11134,पलिओवमट्ठिईओ सिवओ वेलन्धराहिवई // शुर्शुछ.२३९
11135,
11136,[पञ्चभिः कुलकम]
11137,
11138,[प. ५४७]
11139,लवणसमुद्दे अन्नावि अत्थि सिवया ओ रायहाणी मे
11140,जोयणसहस्सबारसवित्थिण्णा सा समन्तेण // शुर्शुछ.२४०
11141,
11142,सिवयाइ तीइ बहुसो अच्छामि अहं अणेयदेवीहिं
11143,परियरिओ दिव्वसुहं भुञ्जन्तो तह दउभासे // शुर्शुछ.२४१
11144,
11145,ता भद्द! तुह पसायाओ एरिसी पाविया मए रिद्धी
11146,कल्लम्मि दउभासम्मि आगओ पव्वए अहयं // शुर्शुछ.२४२
11147,
11148,ओहिन्नाणेण तुमं पत्तं दठ्ठुण रयणदीवम्मि
11149,"आयाओ तुहदंसणकङ्खी, भण जं मए किच्चं? // शुर्शुछ.२४३"
11150,
11151,अव्वो! जिणिन्दधम्मस्स एरिसं एत्तियस्सवि फलन्ति
11152,ता कीस न गेण्हामो जिणदिक्खं इय विचिन्तेन्तो // शुर्शुछ.२४४
11153,
11154,भणिओ पुणोवि देवेण होइ देवाण दंसणममोहं
11155,तो भव पउणो जेणाहमज्ज बहुरयणसञ्जुत्तं // शुर्शुछ.२४५
11156,
11157,
11158,[प. ५४८]
11159,दिव्वविमाणारूढं नेमि तुमं हत्थिणाउरे नयरे
11160,तत्थ य गयस्स हियइच्छियम्पि होही महाभाग! // शुर्शुछ.२४६
11161,
11162,[तिस्र̥भिः र्विशेषकम]
11163,एवन्ति मए भणिए दिव्वविमाणं विउव्वियं सहसा
11164,भूरिरयणोहसहिओ चडाविओ तम्मि तेणाहं // शुर्शुछ.२४७
11165,
11166,रणयनिवहं तद्दीवत्थं अणेयपयारयं नरवर! वरं घेत्तुं मज्झं समप्पिय सायरं
11167,सिवगपहुणा सम्मं दिव्वे विमाणवरे ठिओ गयपुरपुरं तेणाणीओ खणेण तओ अहं // शुर्शुछ.२४८
11168,
11169,साहुधणेसरविरइयसुबोहगाहासमूहरम्माए
11170,रागग्गिदोसविसहरपसमणजलमन्तभूयाए // शुर्शुछ.२४९
11171,
11172,एसोवि परिसमप्पइ गयपुरपच्चागमॊत्ति नामेण
11173,सुरसुन्दरीकहाए तेरसमो इह परिच्छेओ // शुर्शुछ.२५०
11174,
11175,
11176,
11177,---------------------------------------------------------------------
11178,
11179,[प. ५४९]
11180,[चतुर्दशः परिच्छेदः]
11181,
11182,एवं च जाव साहइ धणदेवो नरवइस्स वुत्तन्तं
11183,एत्थन्तरम्मि सुरसुन्दरीवि गुरुसोयसन्तत्ता // शुर्शुछ.१
11184,
11185,हा! मह इमस्स दुक्खागरस्स हिययस्स वज्जघडियस्स
11186,अस्सोयव्वं सोच्चावि फुट्टए जं न सइखण्डं // शुर्शुछ.२
11187,
11188,किं धरिएहिं इण्हिं इमेहिं पाणेहिं दुक्खनिलएहिं?
11189,मणवल्लइस्स जायम्मि मङ्गुले जाणभङ्गम्मि // शुर्शुछ.३
11190,
11191,सइ दंसणेवि नेहस्स पगरिसो दंसिओ तए नाह!
11192,सत्तुञ्जएण रुद्धो विमोइओ जेण ताऒत्ति // शुर्शुछ.४
11193,
11194,अवहरिया जेणाहं सुरेण तेणेव छिन्नवरविज्जो
11195,कह होहिसि नाह! तुमं जाणविवत्तीए जलहिम्मि? // शुर्शुछ.५
11196,
11197,
11198,[प. ५५०]
11199,हा! कह ससङ्ककरनिम्मलं मुहं नाह! तुह पलोइस्सं
11200,एवंविहम्मि विहिए विहिणा हयभागधेया हं? // शुर्शुछ.६
11201,
11202,चलनेहाओ महिलाओ हॊन्ति सच्चो जणप्पवाओ 'यं
11203,जं एरिसेव निसुए अज्जवि जीवामि पावा हं // शुर्शुछ.७
11204,
11205,एमाइ विचिन्तेन्ती सोगावेगाओ विगयचेयन्ना
11206,पासट्ठियदेवीए पडिया मुच्छाए उच्छङ्गे // शुर्शुछ.८
11207,
11208,कमलावईवि देवी सम्भावियसुयविओगसोगत्ता
11209,बाहजलाविलनयणा विलविउमेवं समाढत्ता // शुर्शुछ.९
11210,
11211,हा! पुत्तय! अडवीए तइया मह जायमित्तओ हरिओ
11212,इण्हिम्पि अकयदंसण! कत्थ गओ मह अउन्नाए? // शुर्शुछ.१०
11213,
11214,धन्ना एसा जीए ताव य तुह पुत्त! पुलइयं वयणं
11215,हा! हा! अहं अहन्ना जाए जाओवि न हु दिट्ठो // शुर्शुछ.११
11216,
11217,
11218,[प. ५५१]
11219,"जं तइया कुलवइणा आइट्ठं, होज्ज किं नु तं अलियं"
11220,सम्पत्तजोव्वणो सो मिलिही किल हत्थिणपुरम्मि? // शुर्शुछ.१२
11221,
11222,रायावि अमरकेऊ करयलपल्हत्थवयणविच्छाओ
11223,सुयसोयविहुरियङ्गो बाहजलं मोत्तुमारद्धो // शुर्शुछ.१३
11224,
11225,धणदेवेणं एत्थन्तरम्मि सुरसुन्दरिं पवीयन्ती
11226,पुट्ठा विलासिणी हंसिया उ सञ्जायसङ्केण // शुर्शुछ.१४
11227,
11228,मुच्छानिमीलियच्छी का एसा कन्नगा अउव्वत्ति
11229,उज्जाणनिवडणाइं तीइवि से साहियं सव्वं // शुर्शुछ.१५
11230,
11231,सम्भरियसुमइवयणो धणदेवो ताहि एवमुल्लवइ
11232,कीस विसन्नो नरवर! विलवसि किंवा तुमं देवि! // शुर्शुछ.१६
11233,
11234,किं तं विसुमरियं भे नेमित्तियसुमइणा जमाइट्ठं
11235,कुसुमायरउज्जाणे जइया किर कन्नगा पडिही // शुर्शुछ.१७
11236,
11237,
11238,[प. ५५२]
11239,तत्तो सिग्घं होही समागमो तुम्ह निययपुत्तेण
11240,ता मा तूरह सम्पइ मिलिही सो नत्थि सन्देहो // शुर्शुछ.१८
11241,
11242,[युग्मम]
11243,जं सो जहत्थवाई सुमई उवलद्धपच्चओ बहुसो
11244,ता मा कुणह विसायं जाएवि हु जाणभङ्गम्मि // शुर्शुछ.१९
11245,
11246,एवं च समासासइ धणदेवो जाव निउणवयणेहिं
11247,एत्थन्तरम्मि सहसा दुन्दुहिसद्दो समुच्छलिओ // शुर्शुछ.२०
11248,
11249,गयणाओ ओयरन्ता देवा दीसन्ति नयरबाहिम्मि
11250,सुम्मइ जयजयसद्दो सुरकामिणिगीयसंवलिओ // शुर्शुछ.२१
11251,
11252,किं किं इमन्ति जम्पन्ति जाव अत्थाणसण्ठिया लोया
11253,ताव य समन्तभद्दो समागतो हरिसपडिहत्थो // शुर्शुछ.२२
11254,
11255,भणइ य कयप्पणामो पुरस्स पुव्वुत्तरे दिसाभाए
11256,कुसुमायरउज्जाणे जइजणजोग्गम्मि भूमीए // शुर्शुछ.२३
11257,
11258,
11259,[प. ५५३]
11260,समणगणसम्परिवुडो समत्थसत्थत्थवित्थरविहिन्नू
11261,परवाइवारवारणनिवारणे केसरिसरिच्छो // शुर्शुछ.२४
11262,
11263,विविहतवोविहिनिरओ विसुद्धचारित्तसञ्जमुज्जुत्तो
11264,परहियकरणेक्करओ सूरी सुपइट्ठनामॊत्ति // शुर्शुछ.२५
11265,
11266,अज्जेव समोसरिओ तस्स य निद्दड्ढघाइकम्मस्स
11267,सम्पइ अप्पडिवाई उप्पन्नं केवलं नाणं // शुर्शुछ.२६
11268,
11269,[चतस्र̥भिः कलापकम]
11270,केवलिमहिमाकरणत्थमित्थ तियसा समागया देव!
11271,तं सोऊण नरिन्दो साणन्दो वन्दिउं चलिओ // शुर्शुछ.२७
11272,
11273,देवि! तुमम्पि हु पउणा सहिया सुरसुन्दरीए होहित्ति
11274,वन्दित्ता भगवन्तं पुच्छ तुमं पुत्तवुतन्तं // शुर्शुछ.२८
11275,
11276,ण्हायविलित्तो राया महया भडचडयरेण सञ्जुत्तो
11277,पवरगइन्दारụ̄धो पत्तो कुसुमायरुज्जाणं // शुर्शुछ.२९
11278,
11279,
11280,[प. ५५४]
11281,सयलपरिवारसहिओ काउं तिपयक्खिणं मुणिवरस्स
11282,पयजुयलं पणमित्ता उवविटठो उचियदेसम्मि // शुर्शुछ.३०
11283,
11284,अह कयकेवलिमहिमो सदेवमणुयासुराइपरिसाए
11285,गम्भीरभारईए सूरी वज्जरिउमारद्धो // शुर्शुछ.३१
11286,
11287,नारयतिरियनरामरगईसु सत्तेहिं दुक्खतविएहिं
11288,कहकहवि माणुसत्तं पाविज्जइ एत्थ संसारे // शुर्शुछ.३२
11289,
11290,लद्धूणवि तं दुलहं मिच्छत्ताईहिं मोहिया बहवे
11291,न कुणन्ति परत्थ हियं विसयामिसलोलुया जीवा // शुर्शुछ.३३
11292,
11293,जिणवयणसुइविहीणा कज्जाकज्जाइं नेव जाणन्ति
11294,भक्खेयाभक्खेयं पेयापेयं न लक्खेन्ति // शुर्शुछ.३४
11295,
11296,गम्मागम्मविभागं गिद्धा न गणन्ति विगयमज्जाया
11297,धम्मियहियलोएणं वारिज्जन्ता इय भणन्ति // शुर्शुछ.३५
11298,
11299,
11300,[प. ५५५]
11301,मụ̄धा तुम्हे धुत्तेहिं वञ्चिया नत्थि कोवि जं जीवो
11302,जो परलोयं गच्छइ सुहदुहभोत्ता अमुत्तो वा // शुर्शुछ.३६
11303,
11304,तस्साभावे पावं हिंसाइकयं हविज्ज कस्सेह?
11305,ता पञ्चभूयसमुदयमित्तं नन्नं जए किञ्चि // शुर्शुछ.३७
11306,
11307,एवंविहपरिणामा निग्घिणहियया कुणन्ति जियघायं
11308,"अलियं वयन्ति, गिण्हन्तदत्तयं, जति परदारं // शुर्शुछ.३८"
11309,
11310,भूरिपरिग्गहनिरया रागद्दोसेहिं मोहियमईया
11311,निसिभोयणमंसासी गिद्धा महुमज्जपाणम्मि // शुर्शुछ.३९
11312,
11313,कोहमयमायलोभेहिं विद्दुया सङ्किलिट्ठपरिणामा
11314,अविरयमिच्छद्दिट्ठी किलिट्ठकम्मं समज्जन्ति // शुर्शुछ.४०
11315,
11316,तव्वसगा पुण कालं काउं निवडन्ति घोरनरएसु
11317,निच्चं घणन्धयारेसु तिव्वसीउण्हकलिएसु // शुर्शुछ.४१
11318,
11319,
11320,[प. ५५६]
11321,तत्थ य ते उववन्ना परमाहम्मियसुरेहिं विरसन्ता
11322,छिज्जन्ति निसियकरवत्तदित्तपरसूहिं सयहूत्तं // शुर्शुछ.४२
11323,
11324,गुरुतिक्खकण्टयाइन्नसिम्बलीनिविडसाहमज्झम्मि
11325,आरोविउण बहुसो आकाड̣धिज्जन्ति रज्जूहिं // शुर्शुछ.४३
11326,
11327,कढकढकạधेन्तकुम्भीसु तेहिं पच्चन्ति निद्दयमणेहिं
11328,पाईज्जन्ति जलन्तं तम्बं तिसियत्ति जम्पन्ता // शुर्शुछ.४४
11329,
11330,ससरीरसमुक्कत्तियमंसं छुहियाण अग्गिसङ्कासं
11331,काउं छुब्भइ वयणे नेरइयाणं अनाहाणं // शुर्शुछ.४५
11332,
11333,पूइवसरुहिरपुन्नं वेयरणिं निम्मयं विउव्वित्ता
11334,वोलिज्जन्ति रसन्ता हा! हा! मायत्ति जम्पन्ता // शुर्शुछ.४६
11335,
11336,छायत्था सम्पत्ता असिपत्तवणम्मि निसियपत्तेहिं
11337,छिज्जन्ति विलवमाणा असितोमरकुन्तरूवेहिं // शुर्शुछ.४७
11338,
11339,
11340,[प. ५५७]
11341,तत्थ कयच्छिज्जन्ता रक्खह सरणागयत्ति जम्पन्ता
11342,सुमरावियपुव्वभवा गाढयरं तेहिं हम्मन्ति // शुर्शुछ.४८
11343,
11344,किं बहुणा अच्छिनिमीलियमित्तं नत्थि सुहं दुक्खमेंव सन्तत्तं
11345,नरए नेरईयाणं अहोनिसिं पच्चमाणाणं // शुर्शुछ.४९
11346,
11347,एवं पभूयकालं अणुहविउं दारुणाइं दुक्खाइं
11348,कहवि हु उव्वट्टित्ता जायन्ति तिरिक्खजोणीसु // शुर्शुछ.५०
11349,
11350,तत्थवि छुहापिवासुण्हसीयवहबन्धरोयवियणाहिं
11351,भाररोवणनत्थणदमणङ्कुसतोत्तयाईहिं // शुर्शुछ.५१
11352,
11353,अवरोप्परभक्खणताडणाइदुक्खाइं विविहरुवाइं
11354,पच्चणुभवन्ति बहुसो पुणो पुणो विविहजोणीसु // शुर्शुछ.५२
11355,
11356,तत्तो लहन्ति जइ कहवि दुल्लहं माणुसत्तणं जीवा
11357,तत्थवि जायइ दुक्खं सारीरं माणसं विविहं // शुर्शुछ.५३
11358,
11359,
11360,[प. ५५८]
11361,दारिद्दगरुयमोग्गरनिवायदुहिया करेन्ति अन्नेसिं
11362,नीयाणवि आणत्तिं कदन्नलवपावणिच्छाए // शुर्शुछ.५४
11363,
11364,न गणिन्ति राइदियहं वच्चन्ति सुदूरविसमदेसम्पि
11365,पविसन्ति विसमविवरं लङ्घति य जलनिहिं दीणा // शुर्शुछ.५५
11366,
11367,धणपावणवञ्छाए दुक्खं न गणिन्ति लोहगहगहिया
11368,दिप्पन्तकुन्तपउरे पविसन्ति य भीमसङ्गामे // शुर्शुछ.५६
11369,
11370,इट्ठजणवियोगाओ अणिठ्ठसम्पावणे य जं दुक्खं
11371,विविहावयाहि य तहा को पुण तं वन्निउं तरइ? // शुर्शुछ.५७
11372,
11373,बहुविहरोगायङ्केहि पीडिया निव्वुइं न पाविन्ति
11374,घिप्पन्ति जराइ तओ मरेन्ति तत्तो सुनिव्विन्ना // शुर्शुछ.५८
11375,
11376,जइ कइवि हु देवत्तं पाविन्ति तहिम्पि जायए दुक्खं
11377,ईसाविसायभयसोयलोहसन्तत्तचित्ताण // शुर्शुछ.५९
11378,
11379,
11380,[प. ५५९]
11381,पररिद्धिं पेच्छन्ता भिच्चा विव सामिएण आणत्ता
11382,जायन्ति चवणसमए देवावि हु दुक्खिया धणियं // शुर्शुछ.६०
11383,
11384,चुलसीइजोणिलक्खेक्कसङ्कुले इह भवे भमन्तेहिं
11385,तं नत्थि किम्पि ठाणं अणन्तुखत्तो न जं एन्तं // शुर्शुछ.६१
11386,
11387,सव्वत्थवि दुक्खत्ता जायन्ति जिणिन्दधम्मपरिहीणा
11388,ता भो देवाणुपिया! करेह जिणदेसियं धम्मं // शुर्शुछ.६२
11389,
11390,सो दुविगप्पो भणिओ जइधम्मो तह गिहत्थधम्मो य
11391,दुविहस्सवि विन्नेयं सम्मत्तं गुणगणावासं // शुर्शुछ.६३
11392,
11393,तत्तत्थसद्दहाणं सुहायपरिणामरूवयं तं तु
11394,जीवाइणो पयत्था तत्तं पुण होइ विन्नेयं // शुर्शुछ.६४
11395,
11396,जीवा 'जीवापुन्नं पावासवसंवरा य निज्जरणा
11397,बन्धो मुक्खो य तहा तत्ताणि इमाणि नव हॊन्ति // शुर्शुछ.६५
11398,
11399,
11400,[प. ५६०]
11401,सुहुमा बायर बेइन्दिया य तेइन्दिया य चउरिन्दी
11402,सन्नी अस्सन्नी खलु चोद्दस पज्जत्त 'पज्जत्ता // शुर्शुछ.६६
11403,
11404,धम्मा 'धम्मा ' 'गासा तियतियभेया य तहेव कालो य
11405,खन्धा देसपएसा परमाणू अजीव चोद्दसहा // शुर्शुछ.६७
11406,
11407,सायं उच्चागोयं सत्ततीसं च नामपगईओ
11408,तिण्णि य आउणि तहा बायालं पुन्नपगडीओ // शुर्शुछ.६८
11409,
11410,नाणन्तरायदसगं दंसण नव मोहपगइछव्वीसं
11411,नामस्स चउत्तीसं तिण्ह य एक्किक्क पावाउ // शुर्शुछ.६९
11412,
11413,इन्दिय कसाय अव्वय किरिणा पण चउर पण य पणवीसा
11414,जोगा तिन्नेव भवे बायालं आसवो भणिओ // शुर्शुछ.७०
11415,
11416,समिई गुत्ती धम्मो अणुप्पेहपरीसहा चरित्तं च
11417,सत्तावन्नं भेया पणतियभेयाइ संवरणे // शुर्शुछ.७१
11418,
11419,
11420,[प. ५६१]
11421,अणसणभेयाइ तवो बारसहा तेण निज्जरा भणिया
11422,कणगावलिभेयाओ अहव तवो 'णेगहा होइ // शुर्शुछ.७२
11423,
11424,पयइठिईअणुभागपएसभेया चउव्विहो बन्धो
11425,अट्ठविहकम्मविगमो मोक्खो पुण सासओ भणिओ // शुर्शुछ.७३
11426,
11427,एएसिं सद्दहाणे अरिहं देवो सुसाहुणो गुरुणो
11428,इय पडिवत्तिनिमित्तं सम्मत्तं होइ विन्नेयं // शुर्शुछ.७४
11429,
11430,सावज्जजोगपरिवज्जणं तु मणवयणकायजोगेहिं
11431,एसो जईण धम्मो दुरणुचरो मन्दसत्ताणं // शुर्शुछ.७५
11432,
11433,कायव्वा जेण दया छण्हवि पुढवाइयाण जीवाण
11434,सव्वोवाहिविसुद्धं भणियव्वं सच्चयं वयणं // शुर्शुछ.७६
11435,
11436,तिणमित्तम्पि अदिन्नं न य घित्तव्वं असुद्धचित्तेण
11437,धारेयव्वं च सया नव गुत्तिसणाहबम्भवयं // शुर्शुछ.७७
11438,
11439,
11440,[प. ५६२]
11441,धम्मोवगरणवज्जो थेवोवि परिग्गहो न कायव्वो
11442,आहारचउक्कम्पि हु रयणीए नेव भोत्तव्वं // शुर्शुछ.७८
11443,
11444,समिईउ पञ्च गुत्तीउ तिन्नि निच्चं च सेवियव्वाओ
11445,जेयव्वा तह उइया बाबीसपरीसहा सम्मं // शुर्शुछ.७९
11446,
11447,कायव्वं सत्तीए वेयवच्चं च सूरिपमुहाण
11448,नरतिरिदेवोहकया उवसग्गा तह य सहियव्वा // शुर्शुछ.८०
11449,
11450,सद्दाइसु विसएसुं रागद्दोसा न चेव कायव्वा
11451,बायालदोससुद्धो भोत्तव्वो कारणे पिण्डो // शुर्शुछ.८१
11452,
11453,वेयणवेयावच्चे ईरियट्ठाए य सञ्जमट्ठाए
11454,तह पाववत्तियाए छठ्ठं पुण धम्मचिन्ताए // शुर्शुछ.८२
11455,
11456,कायव्वो सज्झाओ परिहरियव्वाओ सव्वविकहाओ
11457,उज्जमियव्वं सययं सब्भिन्तरबाहिरतवम्मि // शुर्शुछ.८३
11458,
11459,
11460,[प. ५६३]
11461,मोत्तूण अट्टरुद्दे झाएयव्वाणि धम्मसुक्काणि
11462,भवेयव्वो य अणिच्चयाइवरभावणानिवहो // शुर्शुछ.८४
11463,
11464,अब्भसियव्वो विणओ पावा सच्छन्दया न कायव्वा
11465,निच्चम्पि अणुट्ठेओ दसप्पयारोवि जइधम्मो // शुर्शुछ.८५
11466,
11467,खन्ती मद्दव अज्जव मुत्ती तवसञ्जमे य बोद्धब्वे
11468,सच्चं सोयं आकिञ्चणं च बम्भं जइधम्मो // शुर्शुछ.८६
11469,
11470,वसियव्वं मुणिमज्झे नो कायव्वा कुसीलसंसग्गी
11471,पञ्चविहोवि पमाओ परिहरियव्वो पयत्तेण // शुर्शुछ.८७
11472,
11473,मज्जं विसयकसाया निद्दा विगहा य पञ्चमी भणिया
11474,इयं पञ्चविहपमाओ जीवं पाडेइ संसारे // शुर्शुछ.८८
11475,
11476,किं बहुणा धीदुब्बलमणतावकरो उ जावजीवाए
11477,बोढव्वो अट्ठारससीलङ्गसहस्सपब्भारो // शुर्शुछ.८९
11478,
11479,
11480,[प. ५६४]
11481,कीरन्तो जइधम्मो खिप्पं मोक्खम्मि नेइ नरनाह!
11482,दीहरकालेणं पुण सावगधम्मोवि तं सव्वं // शुर्शुछ.९०
11483,
11484,पञ्च य अणुव्वयाइं गुणव्वयाइं च हॊन्ति तिन्नेव
11485,सिक्खावयाइं चउरो सावगधम्मो दुवालसहा // शुर्शुछ.९१
11486,
11487,एमाइवित्थरेणं दुविहेवि हु साहियम्मि धम्मम्मि
11488,पत्थावं नाऊणं रन्ना सूरी इमं पुट्ठो // शुर्शुछ.९२
11489,
11490,कमलावईइ पुत्तो अडवीए जयमेत्तओ केण
11491,"अवहरिओ, पुव्वकयं किंवा वेरं सरन्तेण? // शुर्शुछ.९३"
11492,
11493,वुड̣धिङ्गओ स कत्थ व भयवं! कइया व अम्ह सो मिलिही?
11494,एयं सवित्थरेणं साहेह अणुग्गहं काउं // शुर्शुछ.९४
11495,
11496,नाऊण य उवगारं कहिज्जमाणे पभूयलोयस्स
11497,अह केवलिणा भणियं कहिमो आयन्नसु नरिन्द! // शुर्शुछ.९५
11498,
11499,
11500,[प. ५६५]
11501,धायइसण्डे दीवे पुरच्छिमद्धम्मि भरहखित्तम्मि
11502,अत्थि पुरी पोराणा नामेणं अवरकङ्कत्ति // शुर्शुछ.९६
11503,
11504,तीए अम्बडवणिणो महिला नामेण अत्थि अच्छुत्ता
11505,तीए कमेण जाया वररूवा तिन्नि पुत्ताओ // शुर्शुछ.९७
11506,
11507,"मण्डणमल्हणचन्दणनामा, तेसिं च तिन्नि महिलाओ"
11508,लच्छिसरस्सइसम्पयनामाओ पवररूवाओ // शुर्शुछ.९८
11509,
11510,पयईइ तणुकसाया अन्नोन्नं पवरपीइसञ्जुत्ता
11511,दाणरया सन्तुट्ठा सुहेण अच्छन्ति ते वणिणो // शुर्शुछ.९९
11512,
11513,अह अन्नया कयाइवि लच्छी वण्ठेण निन्ननामेण
11514,"दिट्ठा, अब्भुववन्नो सो तीए रुवलावन्ने // शुर्शुछ.१००"
11515,
11516,पत्थेइ य तं बहुसो सा पुण तं नेच्छई मणेणावि
11517,अह अन्नया तलाए तोयनिमित्तं गया लच्छी // शुर्शुछ.१०१
11518,
11519,
11520,[प. ५६६]
11521,तुरयारụधो अह निन्नओवि पत्तो 'णुमग्गओ तीए
11522,वियणे गहिया मड्डाइ रोविया तुरयपट्ठीए // शुर्शुछ.१०२
11523,
11524,विलवन्ती वेगपहाविएण तुरएण पाडिया अडविं
11525,भिल्लेहिं समं जुज्झम्मि मारिओ निन्नओ रन्ने // शुर्शुछ.१०३
11526,
11527,गहियाभरणा लच्छी मुक्का भिल्लेहिं तत्थ अडवीए
11528,हिण्डन्ती तत्थ मूढदिसा असिया सीहेण छुहिएण // शुर्शुछ.१०४
11529,
11530,अह सा मल्हणपत्ती सरस्सती मोहिलेण वणिएण
11531,पत्थिज्जन्ती पइणो साहेइ जहट्ठियं सव्वं // शुर्शुछ.१०५
11532,
11533,अह मल्हणेण रन्नो गन्तुं सिट्ठम्मि तम्मि वुत्तन्ते
11534,उद्दालियदविणो मोहिलोवि निव्वासिओ रन्ना // शुर्शुछ.१०६
11535,
11536,पुव्वसयसहस्साइं बहूणि परिवालिऊण नियमाउं
11537,तिन्निवि कालं काउं निबद्धमणुयाउया तत्तो // शुर्शुछ.१०७
11538,
11539,
11540,[प. ५६७]
11541,जम्बुद्दीवे एत्थं अत्थि पुरी मेहलावती नाम
11542,एरवए वरखेत्ते आरियदेसम्मि वित्थिन्ना // शुर्शुछ.१०८
11543,
11544,भीमरहो तत्थासी राया कुसुमावली उ से देवी
11545,तीए पुत्तताए उववन्नो मण्डणो ताव // शुर्शुछ.१०९
11546,
11547,जाओ य उचियसमए देवकुमारोवमो विसालच्छो
11548,कणगरहो से नामं विहियं उचियम्मि समयम्मि // शुर्शुछ.११०
11549,
11550,कमसो जोव्वणपत्तो विसुद्धवंसाण रायकन्नाण
11551,रायसिरीपमुहाणं पवराणं गाहिओ पाणिं // शुर्शुछ.१११
11552,
11553,जुवराय पए ठविओ भुजइ माणुस्सए पवरभोए
11554,अन्तेउरमज्झगओ देवो विव देवलोगम्मि // शुर्शुछ.११२
11555,
11556,तीइ नयरीइ इब्भा सहोयर दोन्नि आसि सत्थाहा
11557,सागरदत्तो य तहा समुद्ददत्तो य सुपसिद्धा // शुर्शुछ.११३
11558,
11559,
11560,[प. ५६८]
11561,अह सो निन्नयवण्ठो निहओ भिल्लेहिं तत्थ अडवीए
11562,कइवयभवगहणाइं हिण्डित्ता तिरियजाईसु // शुर्शुछ.११४
11563,
11564,उव्वट्टिऊण पुत्तो सागरदत्तस्स सत्थवाहस्स
11565,धन्नाए भारियाए सुबन्धुनामो समुप्पन्नो // शुर्शुछ.११५
11566,
11567,[युग्मम]
11568,सोवि हु मल्हणजीवो कालं काऊण आउपज्जन्ते
11569,जाओ सुदंसणाए भज्जाए समुद्ददत्तस्स // शुर्शुछ.११६
11570,
11571,पुत्तो धणवइनामो सुरुवजुत्तो कलासु पत्तट्ठो
11572,एत्तो य अत्थि नयरी विजया तत्थेव एरवए // शुर्शुछ.११७
11573,
11574,[युग्मम]
11575,तीए समिद्धिजुत्तो धणभूई नाम आसि सत्थाहो
11576,महिला सुन्दरिनामा पुत्तो य सुधम्मनामॊत्ति // शुर्शुछ.११८
11577,
11578,अह चन्दणोवि वणिओ मरिउण तओ सुधम्मनामस्स
11579,एगोयरो कणिट्ठो जाओ धणवाहणो नाम // शुर्शुछ.११९
11580,
11581,
11582,[प. ५६९]
11583,तत्थेव य एरवए सुपइट्ठपुरम्मि आसि हरिदत्तो
11584,इब्भो तस्स य महिला विणयवई विणयसञ्जुत्ता // शुर्शुछ.१२०
11585,
11586,पुत्तो उण वसुदत्तो अह सा लच्छी तया ओ अडवीए
11587,सीहहया मरिऊणं भभिऊण तिरिक्खजोणीसु // शुर्शुछ.१२१
11588,
11589,विणयवईए धूया जाया ओ सुलोयणत्ति नामेण
11590,वसुद्दत्तस्स कणिट्ठा सुरुवरुवा सुरुवहुव्व // शुर्शुछ.१२२
11591,
11592,[युग्मम]
11593,सावि हु चन्दणभज्जा कालं काऊण सम्पया तत्तो
11594,जाया सुलोयणाए कणिट्ठभगिणी अणङ्गवई // शुर्शुछ.१२३
11595,
11596,एत्थन्तरम्मि मल्हाणभज्जावि सरस्सई मया सन्ती
11597,ताणं दोण्हवि लहुई वसुमइनामा समुप्पन्ना // शुर्शुछ.१२४
11598,
11599,एवं च ताओ तिन्निवि वसेण भवियव्वायाइ एगत्थ
11600,जायाओ भगिणीओ अवरोप्परनेहकलियाओ // शुर्शुछ.१२५
11601,
11602,
11603,[प. ५७०]
11604,जोव्वणमणुपत्ताओ समाणजाईण रूवजुत्ताण
11605,अणुरूवाण वराणं मायावित्तेहिं वरियाओ // शुर्शुछ.१२६
11606,
11607,अविय जेट्ठा सुलोयणा सा परिणीया निन्नवण्ठजीवेण
11608,सागरदत्तसुएणं सुबन्धुनामेण वणिएण // शुर्शुछ.१२७
11609,
11610,बीया अणङ्गवइया धणभूइसुएण विजयनयरीए
11611,धणवाहणनामेणं परिणीया पुव्वदइएण // शुर्शुछ.१२८
11612,
11613,तइया वसुमइनामा मल्हणजीवेण पुव्वदइएण
11614,धणवइणा परिणीया तणएण समुद्ददत्तस्स // शुर्शुछ.१२९
11615,
11616,जिठ्ठं सुलोयणं वज्जिऊण भवियव्वयानिओएण
11617,पुव्वभववल्लहेहिं जुत्ताओ नेहकलिएहिं // शुर्शुछ.१३०
11618,
11619,पुव्वभवब्भासाओ सुलोयणा वल्लहा सुबन्धुस्स
11620,"तीए उण सो न तहा, एवं वच्चन्ति दिवसाइं // शुर्शुछ.१३१"
11621,
11622,
11623,[प. ५७१]
11624,अह अन्नया कयाइवि कणयरहो तुरयवाहणनिमित्तं
11625,भडचडयरेण सहिओ निग्गच्छइ रायमग्गेण // शुर्शुछ.१३२
11626,
11627,ताव य नायरियाओ नियनियहम्मियतलेसु चडिऊण
11628,कुमरं निग्गच्छन्तं पुलइउमेवं पयत्ताओ // शुर्शुछ.१३३
11629,
11630,एक्का विलासपउरं कुमरं दट्ठुं अणङ्गपडिरूवं
11631,कयउन्ना सा जीए एसो दइऒत्ति चिन्तेइ // शुर्शुछ.१३४
11632,
11633,अन्ना कुमरपलोयणतग्गयचित्ता विमुक्कवावारा
11634,निप्फन्दलोयणजुया सुरवहूलीलं समुव्वहइ // शुर्शुछ.१३५
11635,
11636,अन्ना उण करसण्ठियमुत्ताहलतारहारिया सहइ
11637,फलिहक्खमालवावडझाणट्ठियजोगिणिसरिच्छा // शुर्शुछ.१३६
11638,
11639,कोउगरहसपयट्टा गुरुजणसङ्काइ तह नित्तन्ती
11640,रेहइ दोलारूढव्व कावि कुमरस्स निग्गमणे // शुर्शुछ.१३७
11641,
11642,
11643,[प. ५७२]
11644,लीलाचलन्तलोयणकुमरपलोयणविमुक्कनीसासा
11645,मयणसरसल्लियङ्गिव्व नज्जए चउरसहियाहिं // शुर्शुछ.१३८
11646,
11647,कावि हु चुम्बइ बालं अन्ना सहियाइ लग्गए गलए
11648,अन्ना करेइ गीयं कावि हु उच्चं समुल्लवइ // शुर्शुछ.१३९
11649,
11650,लीलाचलन्तगीवो जत्तो जत्तो नियच्छइ कुमारो
11651,सोहग्गमहो वड्ढइ तहिं तहिं नयरनारीणं // शुर्शुछ.१४०
11652,
11653,एवं च समयणाहिं पुलइज्जन्तो स नयरनारीहिं
11654,पत्तो कमेण सागरदत्तगिहासन्नभूभागे // शुर्शुछ.१४१
11655,
11656,दिट्ठो सुलोयणाए अवलोयणसण्ठियाइ तेणावि
11657,दिट्ठा इमा सकज्जलसिणिद्धपिहुनयणसोहिल्ला // शुर्शुछ.१४२
11658,
11659,पुव्वभवब्भासाओ अवरोप्परदंसणाओ सञ्जाओ
11660,अइगुरुओ अणुराओ तक्खणमेत्तेण दोण्हम्पि // शुर्शुछ.१४३
11661,
11662,
11663,[प. ५७३]
11664,अह निग्गओ तुरन्तो तुरङ्गमारूढविग्गहो कुमरो
11665,देहेण न चित्तेणं सुलोयणारूवहयहियओ // शुर्शुछ.१४४
11666,
11667,पुट्ठो अणेण सुमई बालवयंसो वयसं! कस्सेसा
11668,दप्पणवावडहत्था अवलोयणसण्ठिया जुवई? // शुर्शुछ.१४५
11669,
11670,एसा कुमर! सुलोयणनामा दइया सुबन्धुवणियस्स
11671,सागरदत्तसुयस्स ओ इय भणिए सुमइणा कमसो // शुर्शुछ.१४६
11672,
11673,आवाहिऊण तुरए समागओ नियगिहम्मि कणगरहो
11674,मयणसरविहुरियङ्गो चिन्त्तइ तप्पावणोवायं // शुर्शुछ.१४७
11675,
11676,किं मज्झ विभूईए किंवा अन्तउरेण रज्जेण?
11677,जो तीए मुहकमले छप्पयलीलं न पावेमि // शुर्शुछ.१४८
11678,
11679,जइवि हु लोयविरुद्धं सुकुलुप्पन्नाण एरिसं कज्जं
11680,तहवि हु तीए विउत्तो सत्तो धरिउं न जीयम्पि // शुर्शुछ.१४९
11681,
11682,
11683,[प. ५७४]
11684,नाऊण तीए भावं दूईसम्पेसणेण चित्तगयं
11685,जइ ताव सावि इच्छइ खिवामि अन्तेउरे नियए // शुर्शुछ.१५०
11686,
11687,इय चिन्तिऊण तेणं पडुया पव्वाइया समाणत्ता
11688,तह कुणसु तुमं भयवइ! जह सा मए पणइणी होइ // शुर्शुछ.१५१
11689,
11690,तीएवि गन्तु वियणे तह सा आभासिया सुनिउणाए
11691,जह पयडियसब्भावा हिययगयं झत्ति उल्लवइ // शुर्शुछ.१५२
11692,
11693,उव्विग्गा विव दीससि कीस तुमं पुत्ति! केण भे कज्जं?
11694,आणेमि जेण अइदुल्लहम्पि नियमन्तसत्तीए // शुर्शुछ.१५३
11695,
11696,तीए भणियं भयवइ! मह हिययं दुल्लहं जणं महइ
11697,निब्भग्गरोरपुरिसोव्व भोयणं चक्कवट्टिस्स // शुर्शुछ.१५४
11698,
11699,जह कावि सारमेई इच्छइ सीहेण सङ्गममलज्जा
11700,तह चेव अहं भयवइ! सङ्गं इच्छामि कुमरेण // शुर्शुछ.१५५
11701,
11702,
11703,[प. ५७५]
11704,तीए भणियं इदम्पि पुत्ति! आणेमि मन्तसत्तीए
11705,कित्तियमेत्तं एयं मह मन्तो जत्थ विप्फुरइ // शुर्शुछ.१५६
11706,
11707,मा पुत्ति! कुण विसायं जावं मन्तस्स तह पयच्छिस्सं
11708,अज्जवि य कुमारेणं जह सङ्गो जायए तुज्झ // शुर्शुछ.१५७
11709,
11710,तह कायव्वं भयवइ! न होइ जह मज्झ लाघवं लोए
11711,इय भणिऊणं तीए दिन्ना मुत्तावली नियया // शुर्शुछ.१५८
11712,
11713,पव्वाइयाए तत्तो गन्तुं कुमरस्स साहियं सव्वं
11714,हरिसियमणेण तेणवि आणाविय निययपुरिसेहिं // शुर्शुछ.१५९
11715,
11716,अन्तेउरम्मि खित्ता सुलोयणा रागमोहियमणेण
11717,अगणिय जणाववायं उल्लङ्घियनिययमज्जायं // शुर्शुछ.१६०
11718,
11719,[युग्मम]
11720,विन्नायवइरेहिं च साहियं नायरेहिं नरवइणो
11721,तेणवि बहुप्पगारं सिक्खविओ महुरवयणेहिं // शुर्शुछ.१६१
11722,
11723,
11724,[प. ५७६]
11725,न य इच्छइ तं मोत्तुं ताहे नाऊण तस्स निब्बन्धं
11726,रन्ना पउरा भणिया असमत्था अम्हे कुमरस्स // शुर्शुछ.१६२
11727,
11728,सामेण ता न मुञ्चइ दण्डो कुमरम्मि तीरइ न काउं
11729,ता खमह एक्कमेयं अवराहं अम्ह कुमरस्स // शुर्शुछ.१६३
11730,
11731,एयं नरवइवयणं सोऊणं नायरावि दीणमुहा
11732,विच्छायनिराणन्दा जहागयं पडिगया सव्वे // शुर्शुछ.१६४
11733,
11734,कणगरहोवि हु तीए सुरयसुहासत्तमाणसो निच्चं
11735,कमसो सेसन्तेउरपरिभोगपरम्मुहो जाओ // शुर्शुछ.१६५
11736,
11737,चिन्तेइ न रज्जठिइं न नीइ बाहिं न देइ अत्थाणं
11738,सहिओ सुलोयणाए अच्छइ विविहाहिं कीलाहिं // शुर्शुछ.१६६
11739,
11740,एवं पभूयकालो वोलीणो तस्स रायतणयस्स
11741,तीए अहिणवजोव्वणसुहफासपसत्तचित्तस्स // शुर्शुछ.१६७
11742,
11743,
11744,[प. ५७७]
11745,अह अन्नया कयाइवि परिभूया हन्ति जायकोवाए
11746,पुव्विं तस्सिट्ठाए देवीए रायसिरियाए // शुर्शुछ.१६८
11747,
11748,परिचरियपरिव्वाइयविदिन्नउम्मायकारओ चुन्नो
11749,एगन्तपसुत्ताणं दोण्हवि सिरम्मि पक्खित्तो // शुर्शुछ.१६९
11750,
11751,[युग्मम]
11752,तस्स य वसेण दोन्निवि सहसा उम्मत्तयाणि जायाणि
11753,गायन्ति हसन्ति समुल्लवन्ति असमञ्जसं बहुहा // शुर्शुछ.१७०
11754,
11755,भीमरहेणवि तत्तो वाहरिया मन्ततन्तिया बहवे
11756,तेवि हु करिन्ति किरियं भूयविगारॊत्ति मन्नन्ता // शुर्शुछ.१७१
11757,
11758,अविय काउं सरीररक्खं गाढं गहिऊण केवि मुद्दासु
11759,पहणन्ति गुरुचवेडाघाएहिं कसप्पहारेहिं // शुर्शुछ.१७२
11760,
11761,आलिहिय मञ्ज 'लेसुं केवि हु विणिवेसिऊण उवउत्ता
11762,अहिमन्तिय सिद्धत्थयघाएहिं हणन्ति पुणरुत्तं // शुर्शुछ.१७३
11763,
11764,
11765,[प. ५७८]
11766,केवि हु विरालतन्नयपुरीसमीसेहिं गुग्गुलाईहिं
11767,उव्वरियम्मी खिवित्ता उद्धूवणियं पयच्छन्ति // शुर्शुछ.१७४
11768,
11769,वायस्स विगारसङ्किरेहिं वेज्जेहिं विविहकिरियाओ
11770,पारद्धाओ न उणो कोवि गुणो ताण सञ्जाओ // शुर्शुछ.१७५
11771,
11772,उम्मत्तयरूवेणं पणट्ठचित्ताण वच्चए कालो
11773,अह अन्नया पसुत्ते पाहरियजणम्मि रयणीए // शुर्शुछ.१७६
11774,
11775,भञ्जित्ता नियलाइं निहुयं चिय निग्गयाइं नयरीओ
11776,दोन्निवि भमन्ति सीउण्हवायबहुदुक्खतवियाइं // शुर्शुछ.१७७
11777,
11778,[युग्मम]
11779,इय नरवर! संसारे सुहिओ होऊण जायए दुहिओ
11780,रायावि भमइ भिक्खं सुवइ महीए निरावरणो // शुर्शुछ.१७८
11781,
11782,पवराहारविलेवणआहरणविभूसियाइं होऊण
11783,हिण्डन्ति ताइं भिक्खं गिहे गिहे दुक्खतवियाइं // शुर्शुछ.१७९
11784,
11785,
11786,[प. ५७९]
11787,धूलीधूसरियाइं बालोहहसेज्जमाणचेट्ठाइं
11788,हिण्डन्ति सुदीणाइं निवसियजरदण्डिखण्डाइं // शुर्शुछ.१८०
11789,
11790,बालोहपेच्छणिज्जं बुहजणसंसोयणिज्जमच्चत्थं
11791,पिच्छसु नरवर! जायं तं मिहुणं कम्मदोसेणं // शुर्शुछ.१८१
11792,
11793,"एयं च ताव एवं, एत्तो उ पुरीए विजयनामाए"
11794,रत्तो 'णङ्गवईए भुञ्जइ घणवाहणो भोए // शुर्शुछ.१८२
11795,
11796,पडिबोहिओ सुहम्मेण सूरिणा जिट्ठभाउणा एसो
11797,सहिओ 'णङ्गवईए पव्वइओ सूरिपासम्मि // शुर्शुछ.१८३
11798,
11799,एत्तो य धणवईवि हु वसुमइयाए सिणेहजुत्ताए
11800,सहिओ पञ्चपयारे भुञ्जइ माणुस्सए भोए // शुर्शुछ.१८४
11801,
11802,जह सो मोहिलवणिओ रन्ना निव्वासिओ सदेसाओ
11803,काऊण तहारुवं सुहफलयं किम्पणुट्ठाणं // शुर्शुछ.१८५
11804,
11805,
11806,[प. ५८०]
11807,उववन्नो वेयड̣धे उत्तरसẹ̄धीए वेजयन्तपुरे
11808,चित्तङ्गयस्स पुत्तो पुहवीइ सुमङ्गलो नाम // शुर्शुछ.१८६
11809,
11810,साहियबहुविहविज्जो अह सो गयणङ्गणेण हिण्डन्तो
11811,कइयावि मेहलावइपुरीए लीलाए सम्पत्तो // शुर्शुछ.१८७
11812,
11813,हम्मियतलमारụधा ण्हायन्ती तेण वसुमई दिट्ठा
11814,पुव्वभवब्भासाओ रत्तो सो तीइ रुवम्मि // शुर्शुछ.१८८
11815,
11816,काउं धणवइरूवं उवभुत्ता तेण वसुमई मुद्धा
11817,तीए सुरयपसत्तो धणवइरूवी ठिओ तत्थ // शुर्शुछ.१८९
11818,
11819,सो पुण धणवइवणिओ पुव्वभवोवत्तकम्मदोसेण
11820,अवहरिय तेण मुक्को इहेव भरहे विणीयाए // शुर्शुछ.१९०
11821,
11822,सो तत्थ रिसहजिणवरवंसपसूयस्स दण्डवीरियस्स
11823,केवलिणो पयमूले पव्वइओ जायनिव्वेओ // शुर्शुछ.१९१
11824,
11825,
11826,[प. ५८१]
11827,पुव्वसयसहस्साइं तीसं काऊण उग्गतवचरणं
11828,उववण्णो ईसाणे देवो चन्दज्जुणो नाम // शुर्शुछ.१९२
11829,
11830,परदारपसत्तो सो सुमङ्गलो तेण छिन्नवरविज्जो
11831,मुक्को परओ माणूसनगस्स देवेण कुद्धेण // शुर्शुछ.१९३
11832,
11833,पडिबोहिया उ देवेण वसुमई जायतिव्वसंवेगा
11834,सूरिसुहम्मपवत्तिणिपयमूले अज्जिया जाता // शुर्शुछ.१९४
11835,
11836,एवं च अणङ्गवई वसुमइअज्जाइ संयुया तत्थ
11837,मयहरिचन्दजसाए पयमूले कुणइ उग्गतवं // शुर्शुछ.१९५
11838,
11839,अह अन्नया कयाइवि वियारभूमिं गयाहिं एयाहिं
11840,दिट्ठं तं उम्मत्तं मिहुणं बहुडिम्भपरियरियं // शुर्शुछ.१९६
11841,
11842,उग्गायन्तं बहुहा नच्चन्तं धूलिधूसरसरीरं
11843,तं दट्ठुमणङ्गवई सविसाया एवमुल्लवइ // शुर्शुछ.१९७
11844,
11845,
11846,[प. ५८२]
11847,अज्जे! वसुमइ! एसा भगिणीइ सुलोयणाइ अणुहरइ
11848,जरदण्डिखण्डवसणा गहगहियनरस्स पासत्था // शुर्शुछ.१९८
11849,
11850,भणियं च वसुमईए सुइरं निज्झाइऊण सविसायं
11851,एसो सो कणगरहो एसावि सुलोयणा नूणं // शुर्शुछ.१९९
11852,
11853,तत्तो गन्तुं दोहिवि महुरं आभासियं तयं जुयलं
11854,उग्गायइ हसइ नच्चइ बोल्लइ असमञ्जसं बहुयं // शुर्शुछ.२००
11855,
11856,ताहे दोवि जणाइं सुहम्मसूरिस्स पायमूलम्मि
11857,करुणापराहिं अज्जाहिं ताहिं नीयाइं सविसायं // शुर्शुछ.२०१
11858,
11859,अइसयनाणी य गुरु पुट्ठो उम्मायकारणं ताहिं
11860,गुरुणावि ताण सिट्ठो पुव्वुत्तो सयलवुत्तन्तो // शुर्शुछ.२०२
11861,
11862,भणिओ अज्जाहिं गुरु भयवं! जइ अत्थि कोवि पडिजोगो
11863,ता एयाण पउञ्जह जइ पिच्छह किञ्चिं उवगारं // शुर्शुछ.२०३
11864,
11865,
11866,[प. ५८३]
11867,तत्तो गुरुणा तेसिं दिन्नो उम्मायनासणपडिट्ठो
11868,पडिजोगो जायाइं दोन्निवि अह सत्थचित्ताइं // शुर्शुछ.२०४
11869,
11870,अह ताण वसुमईए सिट्ठो सव्वोवि पुव्ववुत्तन्तो
11871,एयस्स गुरुपभावा नट्ठो तुम्हाण उम्माओ // शुर्शुछ.२०५
11872,
11873,इय सोऊणं दोन्निवि सुहम्मसूरिस्स परमविणएण
11874,वन्दन्ति चरणजुयलं अह सूरी भणिउमाढत्तो // शुर्शुछ.२०६
11875,
11876,भोगसुहलालसाणं परदाररयप्पियाण पुरिसाण
11877,बहुविहविडम्बणाओ इह परलोए य जायन्ति // शुर्शुछ.२०७
11878,
11879,पावन्ति विसयतिसिया वहबन्धणमारणाइदुक्खाइं
11880,नाऊण कुमर! एवं भोगपिवासं परिच्चयसु // शुर्शुछ.२०८
11881,
11882,परदारपसत्तेणं जं पावं चिक्कणं तए बद्धं
11883,पुप्फसरिसो विवागो रज्जब्भंसाइओ तस्स // शुर्शुछ.२०९
11884,
11885,
11886,[प. ५८४]
11887,एत्तोवि अणन्तगुणं कडुयविवागं फलं तु परलोए
11888,पाविज्जइ दुव्विसहं नारयतिरियाइसंसरणे // शुर्शुछ.२१०
11889,
11890,एमाइदेसणाए आविब्भूयम्मि चरणपरिणामे
11891,पव्वावियइं गुरुणा दोन्निवि निव्विन्नचित्ताइं // शुर्शुछ.२११
11892,
11893,मयहरियाए पासे भगिणीजुयलेण सञ्जुया तत्तो
11894,सम्मं गुरुविणयरया सुलोयणा कुणइ विविहतवं // शुर्शुछ.२१२
11895,
11896,एवं चन्दजसाए पयमूले ताण अच्छमाणीणं
11897,तिण्हम्पि हु भगिणीणं गयाणि बहुपुव्वलक्खाणि // शुर्शुछ.२१३
11898,
11899,मुणिणो कणगरहस्सवि घणवाहणसाहुणा समेयस्स
11900,वोलीणाओ बहुया वरिसाणं कोडिकोडीओ // शुर्शुछ.२१४
11901,
11902,अह अणसणेण सूरि कालं काऊण बीयकप्पम्मि
11903,जाओ ससिप्पहसुरो विमाणचन्दज्जुणाहिवई // शुर्शुछ.२१५
11904,
11905,
11906,[प. ५८५]
11907,घणवाहणोवि मरिउं जाओ सामाणिओ सुरो तस्स
11908,विज्जुप्पहॊत्ति इयरा देवी से चन्दरेहत्ति // शुर्शुछ.२१६
11909,
11910,वसुमइअज्जावि तहा पुव्वुवन्नस्स तत्थ देवस्स
11911,चन्दज्जुणस्स जाया देवी चन्दप्पहा नाम // शुर्शुछ.२१७
11912,
11913,एत्तो य सो सुबन्धू दइयाइ गुरुविरहसोयसंसत्तो
11914,हट्टघरकाणणाईसु कत्थवि य धिइं अपाविन्तो // शुर्शुछ.२१८
11915,
11916,कणगरहस्स पउट्ठो चिन्तेन्तो विविहमारणोवायं
11917,रोद्दज्झाणोवगओ विलवन्तो दीणवयणिल्लो // शुर्शुछ.२१९
11918,
11919,रयरमियहसियजम्पियसहरिसअवगुहणाइं दइयाए
11920,पुणरुत्तं सुमरन्तो जाओ सो गहगहिउव्व // शुर्शुछ.२२०
11921,
11922,[तिस्र̥भिः विशेषकम]
11923,तओ निययघरम्मि न चिट्ठइ हिण्डइ उज्जाणकाणणइसु
11924,कत्थ गया केण हिया कीस निलुक्का सि जम्पन्तो // शुर्शुछ.२२१
11925,
11926,
11927,[प. ५८६]
11928,कह रुट्ठा मह सुन्दरि! जेण न दंसेसि अप्पयं सिग्घं
11929,हुं हुं दिट्ठा दिट्ठा पसीय मह देसु पडिवयणं // शुर्शुछ.२२२
11930,
11931,"जं जं पिच्छइ लोयं तं तं पुच्छइ, तए पिया दिट्ठा?"
11932,एमाइं विलवमाणो नीहरिओ ताओ नयरीओ // शुर्शुछ.२२३
11933,
11934,उम्मत्तयरूवेणं हिडन्तो विविहगामनयरेसु
11935,दुहिओ दीणो वियणो छुहापिवासाहिं सन्तत्तो // शुर्शुछ.२२४
11936,
11937,कइयावि हु सम्पत्तो अणेयतावसजणाउरे रम्मे
11938,नाणादुमसयगहणाम्मि आसमे विविहफलपउरे // शुर्शुछ.२२५
11939,
11940,तत्थ य से कुलवइणा मणयं सञ्जायसत्थचित्तस्स
11941,नियधम्मो परिकहिओ तस्सवि सो परिणओ ताहे // शुर्शुछ.२२६
11942,
11943,गिण्हिय तावसदिक्खं दइयागुरुविरहजायवेरग्गो
11944,कयकन्दफलाहारो घोरतवं चरिउमारद्धो // शुर्शुछ.२२७
11945,
11946,
11947,[प. ५८७]
11948,दोमासियतेमासियचउम्मासाइयं तवं विविहं
11949,काउं पभूयकालं अतुट्टवेराणुबन्धो सो // शुर्शुछ.२२८
11950,
11951,मरिऊण य उववन्नो परमाहम्मियसुरेसु अम्बरिसी
11952,उववन्नमेत्तओ सो पुव्वभवालोयणं कुणइ // शुर्शुछ.२२९
11953,
11954,[युग्मम]
11955,नाऊण पुव्ववइरं विहङ्गनाणेण आसुरुत्तो सो
11956,चिन्तेइ कत्थ वइरी सा वा मह दुट्ठमहिलत्ति? // शुर्शुछ.२३०
11957,
11958,दुस्सीला सा पावा अणुरत्तं तह ममं परिच्चइय
11959,आसत्ता कणगरहे सच्चिय ता वइरिणी पढमं // शुर्शुछ.२३१
11960,
11961,तारिसदुक्खं दिन्नं तइया मह जेहिं दुट्ठसीलेहिं
11962,इण्हिं गन्तुं दोन्निवि हन्तव्वाइं मए ताइं // शुर्शुछ.२३२
11963,
11964,इय चिन्तिऊण वेगेण आगओ रोसफुरफुरन्तो सो
11965,संलेहणसुसियङ्गो जत्थच्छइ कणगरहसाहू // शुर्शुछ.२३३
11966,
11967,
11968,[प. ५८८]
11969,धम्मज्झाणोवगयस्स तस्स पडिमागयस्स रयणीए
11970,पिउवणठियस्स मुणिणो घोरुवसग्गे कुणइ पावो // शुर्शुछ.२३४
11971,
11972,काउं पिसायरूवं उक्कत्तइ निसियकत्तियाहत्थो
11973,मंसाइं सरुहिराइं सम्भारियपुव्वकयवइरो // शुर्शुछ.२३५
11974,
11975,भीमट्टहासपुव्वं उड्ढं उक्खिविय खिवइ खोणीए
11976,दुव्विसहगुरुकसाघायताडणं कुणइ पुणरुत्तं // शुर्शुछ.२३६
11977,
11978,मुञ्चइ धूलीवरिसं खणेण उवलोहपूरियं कुणई
11979,जलणवरिसेण वरिसइ छिन्दइ खणेण अङ्गाइं // शुर्शुछ.२३७
11980,
11981,काऊण हत्थिरूवं सुतिक्खदन्तेहिं देई वेहाइं
11982,नियकाइयाए सिञ्चइ लोलइ चलणेहिं भूमीए // शुर्शुछ.२३८
11983,
11984,किं बहुणा भणिएणं निग्घिणहियएण तेण असुरेण
11985,मुणिदेहे दुव्विसहा विहियानरओवमा वियणा // शुर्शुछ.२३९
11986,
11987,
11988,[प. ५८९]
11989,तीइ वियणाइ साहू अचलियचित्तो पसत्थसुहलेसो
11990,धम्मज्झाणोवगओ निन्दन्तो निययदुच्चरियं // शुर्शुछ.२४०
11991,
11992,कयअणसणो महप्पा कालं काऊण बीयकप्पम्मि
11993,चन्दज्जुणम्मि जाओ विहुप्पहो नाम देवॊत्ति // शुर्शुछ.२४१
11994,
11995,अम्बरिसी मुणिदेहं पाणविमुक्कम्पि गरुयरोसेणं
11996,छिन्दिय सयहा पत्तो सुलोयणज्जासमीवम्मि // शुर्शुछ.२४२
11997,
11998,सावि हु पभायसमए काउस्सग्गे ठिया सुहज्झाणे
11999,साहुणिमज्झोवगया सुमरावियपुव्वदुच्चरिया // शुर्शुछ.२४३
12000,
12001,लोहमयपुरिसपडिमं फुलिङ्गजालाउलं विउव्विय
12002,पावे! परपुरिसपिए! अवगूहसु वल्लहं एयं // शुर्शुछ.२४४
12003,
12004,इय भणिय तेण समयं गाढं बन्धितु जलियदण्डेहिं
12005,हणिऊण तक्खणेणं सावि तओ मारिया तेण // शुर्शुछ.२४५
12006,
12007,[तिस्र̥भि-र्विशेषकम]
12008,
12009,[प. ५९०]
12010,अविचलियसुद्धभावा कालं काउं विहुप्पहसुरस्स
12011,उप्पन्ना पियदेवी सयम्पभा नाम तत्थेव // शुर्शुछ.२४६
12012,
12013,इय भो नरवर! दट्ठुं रागद्दोसाण दारुणविवागं
12014,दूरेण चयसु सङ्गं रागद्दोसेहिं पावेहिं // शुर्शुछ.२४७
12015,
12016,वहं विहाया ' 'सु पहिठ्ठमाणसो मुणीण सो अम्बरिसी सुराहमो
12017,कयत्थमप्पाण मणे गणन्तो जहागयं ताहि गओ सठाणयं // शुर्शुछ.२४८
12018,
12019,साहुधणेसरविरइयसुबोहगाहासमूहरम्माए
12020,रागग्गिदोसविसहरपसमणजलमन्तभूयाए // शुर्शुछ.२४९
12021,
12022,एसोवि परिसमप्पइ सुलोयणाकणगरहवहो नाम
12023,सुरसुन्दरीकहाए चोद्दसमो इह परिच्छेओ // शुर्शुछ.२५०
12024,
12025,
12026,
12027,---------------------------------------------------------------------
12028,
12029,[प. ५९१]
12030,[पञ्चदशः परिच्छेदः]
12031,
12032,अह सो कयसमणवहो अंवरिसी मुइयमाणसो तत्थ
12033,निच्चं नेरइयाणं कयत्थणाजायगुरुतोसो // शुर्शुछ.१
12034,
12035,बन्धितु पावकम्मं तओ चुओ विहवपंसुलीगब्भे
12036,उव्वन्नो सो तीए बहुविहकडुखारपाणेहिं // शुर्शुछ.२
12037,
12038,साडियदेहो रोद्दं झाणं आऊरिऊण नरयम्मि
12039,मरिऊण सत्तपलिओ उववन्नो पढमपुढवीए // शुर्शुछ.३
12040,
12041,[तिस्र̥भि-र्विशेषकम]
12042,अणुहविय तिव्वदुक्खं नियआउक्खए तओवि उव्वट्टो
12043,इह भरहे विप्पसुओ उववन्नो दुग्गओ नाम // शुर्शुछ.४
12044,
12045,दारिद्ददुक्खतविओ दिक्खं परिवाययाण घित्तूण
12046,काउं अन्नणतवं उक्कडरोसो मओ तत्तो // शुर्शुछ.५
12047,
12048,
12049,[प. ५९२]
12050,धरणिन्दस्स उ जाओ साहियपलियाउओ महाराओ
12051,नामेण कालबाणो दिव्वमहारिद्धिसम्पन्नो // शुर्शुछ.६
12052,
12053,तत्थवि सुमरियवइरो उवओगं देइ ताण दोण्हम्पि
12054,ठाणवियाणणहेउं विभङ्गनाणेण सकसाओ // शुर्शुछ.७
12055,
12056,तत्तियनाणाभावाउ बीयकप्पट्ठियाणि एयाणि
12057,दिट्ठाणि न तेण तहिं पुणरुत्तकओवओगेवि // शुर्शुछ.८
12058,
12059,एवं वच्चइ कालो नरिन्द! सेसाउयस्स अह तस्स
12060,भुञ्जित्तु दिव्वमोए थोवूणयअट्ठपलियाइं // शुर्शुछ.९
12061,
12062,ईसाणकप्पवासी विहुप्पहो सो सुरो तओ चविउं
12063,तुह पुत्तो उववन्नो कमलावइदेविकुच्छीए // शुर्शुछ.१०
12064,
12065,[युग्मम]
12066,दोहलपूरणहेउं परिब्भमन्ती पुरम्मि हत्थिगया
12067,सत्तममासे नरवर! देवी कमलावई एसा // शुर्शुछ.११
12068,
12069,
12070,[प. ५९३]
12071,एत्थन्तरम्मि दिट्ठा कओवओगेण कालबाणेण
12072,गव्वट्ठियनियवइरियदंसणसञ्जायरोसेण // शुर्शुछ.१२
12073,
12074,आगम्म तओ तुरियं अहिट्ठिओ तेण कुञ्जरो सहसा
12075,विच्छोलिन्तो लोयं वेगेण पहाविओ तेण // शुर्शुछ.१३
12076,
12077,वडपायवसाहालग्गणेण नरवर! तुमम्मि उत्तरिए
12078,गयणेण समुप्पइओ तेणेव अहिट्ठिओ हत्थी // शुर्शुछ.१४
12079,
12080,मणिसञ्जुयदेविकरपहारपरिविहुरिओ गयं मोत्तुं
12081,जणणीसमयं मरिही गयणाओ निवडिओ वइरी // शुर्शुछ.१५
12082,
12083,इय चिन्तेन्तो नरवर! कयकिच्चो सो सुरो गओ ठाणं
12084,देवीवि कुञ्जरगया पडिया गयणाओ सरतीरे // शुर्शुछ.१६
12085,
12086,[युग्मम]
12087,उत्तरिऊण य तत्तो मिलिया सिरिदत्तसत्थवाहस्स
12088,चलिया सत्थेण समं कुसग्गनयरम्मि नरनाह! // शुर्शुछ.१७
12089,
12090,
12091,[प. ५९४]
12092,सत्थविलोवे जाए अडवीपडियाए तत्थ देवीए
12093,जाओ पुत्तो दिट्ठो कओवओगेण देवेण // शुर्शुछ.१८
12094,
12095,अह पुणरवि सो देवो वइरं सरिऊण निग्घिणसहावो
12096,सम्पत्तो वेगेणं देवीपासम्मि गुरुरोसो // शुर्शुछ.१९
12097,
12098,निउणं जोयन्तेणवि पभूयकालाओ पाव! दिट्ठो सि
12099,काहामि वइरअन्तं अणुहव दुव्विहियफलमिण्हिं // शुर्शुछ.२०
12100,
12101,एवं भणमाणेणं पसुत्तकमलावईए अङ्काओ
12102,नरवर! सो तुह पुत्तो हरिओ सुरकालबाणेण // शुर्शुछ.२१
12103,
12104,गहिऊण य तं बालं चिन्तेइ सुरो किलिट्ठपरिणामो
12105,मारेमि इमं सत्तुं इण्हिं मलिऊण हत्थेहिं // शुर्शुछ.२२
12106,
12107,खण्डाणि अहं काउं करेमि किंवा दिसाबलिं अहवा
12108,अच्छोडेमि सिलाए तिलं तिलं किं नु छिन्दामि? // शुर्शुछ.२३
12109,
12110,
12111,[प. ५९५]
12112,एवं हि कए अहवा न होज्ज वियणा पभूयकालीया
12113,मरणाउ तक्खणेणं इमस्स अव्वत्तचित्तस्स // शुर्शुछ.२४
12114,
12115,ता गन्तूणं कत्थवि मुञ्चामि अमाणूसम्मि ठाणम्मि
12116,तण्हाछुहाभिभूओ मरिही सयमेव दुक्खेण // शुर्शुछ.२५
12117,
12118,इय चिन्तिऊण मुक्को वेयड्ढसिलायलम्मि वियणम्मि
12119,सो तुह पुत्तो नरवर! सुरोवि पत्तो नियं ठाणं // शुर्शुछ.२६
12120,
12121,नरवर! अच्छउ एयं कहेमि अन्नं कहन्तरं ताव
12122,ईसाणाओ चविओ विज्जुप्पहो एत्थ वेयड̣धे // शुर्शुछ.२७
12123,
12124,दक्खिणसẹ̄धीइ पुरे रमणीए रयणसञ्चए पवरे
12125,पवणगइखयरपुत्तो उववन्नो बउलवइयाए // शुर्शुछ.२८
12126,
12127,नामेण चित्तवेगो एत्तो देवीवि चन्दरेहा सा
12128,चविऊण य उप्पन्ना नयरे सिरिकुञ्जरावत्ते // शुर्शुछ.२९
12129,
12130,
12131,[प. ५९६]
12132,खयरस्स अमियगइणो पियाइ भज्जाइ चित्तमालाए
12133,अइवल्लहा उ धूया नामेणं कणगमालत्ति // शुर्शुछ.३०
12134,
12135,[चतस्र̥भिः कलापकम]
12136,एत्तो य पुव्वभणिओ सुलोयणाइण आसि जो माया
12137,वसुदत्तो नामेणं सोवि हु भमिऊण संसारे // शुर्शुछ.३१
12138,
12139,उप्पन्नो वेयड̣धे गङ्गावत्तम्मि खयररायस्स
12140,सिरिगन्धवाहणस्स उ पुत्तो मयणावलीए ओ // शुर्शुछ.३२
12141,
12142,नहवाहणॊत्ति नामं वरिया अह तस्स कणगमाला सा
12143,हरिऊण य परिणीया छलेण सा चित्तवेगेण // शुर्शुछ.३३
12144,
12145,[तिस्र̥भिः विशेषकम]
12146,नहवाहणेण बद्धो सो खयरो नागिणीइ विज्जाए
12147,आणीया निरनयरे विलवन्ती कणगमालावि // शुर्शुछ.३४
12148,
12149,परियायन्तरपत्तं अणिच्छमाणिम्पि इच्छए रमिउं
12150,भगिणिम्पि पिच्छ नरवर! एसो अन्नाणदोसेण // शुर्शुछ.३५
12151,
12152,
12153,[प. ५९७]
12154,इय नरवर! संसारे अन्नाणन्धेहिं एत्थ जीवेहिं
12155,भगिणीवि अहिलसिज्जइ धूया सुण्हा व जणणी वा // शुर्शुछ.३६
12156,
12157,"भगिणीवि होइ भज्जा, पियावि पुत्तो, सुयावि जणणित्ति"
12158,भज्जावि जत्थ माया धिरत्थु संसारवासस्स // शुर्शुछ.३७
12159,
12160,एयं च तुज्झ नरवर! धणदेवेणेव साहियं पुव्वं
12161,सहसा सुरेणं पुणरवि उवणीया चित्तवेगस्स // शुर्शुछ.३८
12162,
12163,बहुविहविज्जाहिं समं जाओ खयराहिवो तओ एसो
12164,भुञ्जइ दइयाए समं वेयड̣धे तत्थ विसयसुहं // शुर्शुछ.३९
12165,
12166,चन्दज्जुणोवि देवो चइऊणं उत्तराए सẹ̄धीए
12167,नयरम्मि चरमचञ्चे चित्तगई नाम उववन्नो // शुर्शुछ.४०
12168,
12169,चन्दप्पहावि देवी जाया य पियङ्गुमञ्जरी तस्स
12170,भज्जा सो तीइ समं भुञ्जइ माणुस्सए मोए // शुर्शुछ.४१
12171,
12172,
12173,[प. ५९८]
12174,तस्स य उत्तरसẹ̄धी समयं विज्जाहिं चित्तवेगेण
12175,दिन्ना सिणेहसारं इय ते अच्छन्ति वेयड̣धे // शुर्शुछ.४२
12176,
12177,पुव्वभवब्भासाओ सिणेहसाराण ताण दोण्हम्पि
12178,वोलीणो बहुकालो विसयसुहं अणुहवन्ताणं // शुर्शुछ.४३
12179,
12180,अह अन्नया कयाई सहिओ दइयाए कणगमालाए
12181,खयरो स चित्तवेगो अट्ठावयवन्दओ चलिओ // शुर्शुछ.४४
12182,
12183,भरहनरेसरकारियजिणिन्दपडिमाओ तत्थ भत्तीए
12184,वन्दित्तु पडिनियत्तो पिच्चइ तं बालयं तत्थ // शुर्शुछ.४५
12185,
12186,वेयड्ढवणनिउञ्जं उज्जोयन्तं सदेहदित्तीए
12187,गलबद्धअङ्गुलीयगविहूसियं लोयणाणन्द // शुर्शुछ.४६
12188,
12189,दट्ठूण अङ्गुलीयगनिवेसियं तं मणिं स विम्हइओ
12190,भणइ य पिए! स एसो दिव्वमणी सुरवरदिन्नो // शुर्शुछ.४७
12191,
12192,
12193,[प. ५९९]
12194,जस्स पभावाउ तया भुयङ्गपरिवẹ̄धिओवि न मओ हं
12195,ता केण एस बद्धो इमस्म बालस्म गलयम्मि? // शुर्शुछ.४८
12196,
12197,अहवा रक्खाहेउं नूणं जणणीए जायमित्तस्स
12198,बद्धो हवेज्ज तत्तो केणवि हरिऊण इह मुक्को // शुर्शुछ.४९
12199,
12200,ता गेण्ह पिए! एयं होउ अपुत्ताए एस तुह पुत्तो
12201,सोच्चिय नूणं होही सुरजीवो एस उप्पन्नो // शुर्शुछ.५०
12202,
12203,गहिऊण तयं नरनाह! दोवि पत्ताइं निययनयरम्मि
12204,काउं वद्धावणियं पयासियं सयललोयस्स // शुर्शुछ.५१
12205,
12206,जाओ उ कणगमालाइ गुत्तगब्भाइ सम्पयं पुत्तो
12207,उचियसमयम्मि विहियं नामं से मयरकेउत्ति // शुर्शुछ.५२
12208,
12209,विज्जाहरिन्दभवणे एवं वड्ढइ नरिन्द! तुह पुत्तो
12210,एत्तो य तस्स देवी सयम्पभा देवलोगाओ // शुर्शुछ.५३
12211,
12212,
12213,[प. ६००]
12214,चइऊण समुप्पन्ना एसा सुरसन्दरी महाराय!
12215,अह कमसो वड्ढन्ती एसावि हु जोव्वणं पत्ता // शुर्शुछ.५४
12216,
12217,[युग्मम]
12218,हरिऊण जेण नीया तइया खयरेण रयणदीवंमि
12219,सो य सुलोयणजम्मे हरिदत्तो आसि से जणओ // शुर्शुछ.५५
12220,
12221,इय पिच्छ विरुवत्तं भवस्स दुक्खागरस्स नरनाह!
12222,इच्छइ भोए भोत्तुं जणओ धूयाए सह जत्थ // शुर्शुछ.५६
12223,
12224,काउं पिसायरूवं तेणेव सुरेण कालबाणेण
12225,अवहरिउं विज्जाओ छụ̄धो जलहिम्मि तुह पुत्तो // शुर्शुछ.५७
12226,
12227,सुरसुन्दरिम्पि तत्तो जायपओसो स जाव गयणेण
12228,अवहरइ ताव नरवर! सञ्जाओ चवणसमओ से // शुर्शुछ.५८
12229,
12230,तस्स य चुयस्स एसा पडिया गयणाओ एत्थ उज्जाणे
12231,धणदेवजाणवत्तं पत्तं पुण तुज्झ तणएण // शुर्शुछ.५९
12232,
12233,
12234,[प. ६०१]
12235,जायम्मि जाणभङ्गे पावियफलहो समुद्दमज्झम्मि
12236,दिट्ठो पियंवयाए अह नीओ तेण सट्ठाणं // शुर्शुछ.६०
12237,
12238,तं जं तुमए पुट्ठं तं एयं साहियं नरवरिन्द!
12239,मिलिही पुण अज्जेव य वियालसमयम्मि सो तुज्झ // शुर्शुछ.६१
12240,
12241,सोऊण सूरिवयणं राया सुरसुन्दरी य देवी य
12242,पत्ता य गुरुपमोयं परिसा सव्वावि संविग्गा // शुर्शुछ.६२
12243,
12244,तत्तो रन्ना भणियं जाव य पुत्तेण सङ्गमो ताव
12245,काहामि तओ सहलं मणुयत्तं तुह पासम्मि // शुर्शुछ.६३
12246,
12247,एत्थन्तरम्मि पणमिय धणदेवो भणइ सुप्पइट्ठगुरुं
12248,तइया पल्लीभङ्गे जाए घोरम्मि सङ्गामे // शुर्शुछ.६४
12249,
12250,कणगवईइ बलेणं हएसु नट्ठेसु भिल्लसुहडेसु
12251,किं जायं तुम्हाणं कहवा समणत्तणं पत्तं? // शुर्शुछ.६५
12252,
12253,
12254,[प. ६०२]
12255,भणियं गुरुणा निसुणसु तइया समरङ्गणम्मि जुज्झन्तो
12256,सरनियरवरिसविहुरियदेहो पडिओ धरावट्ठे // शुर्शुछ.६६
12257,
12258,दिट्ठो य तं पएसं समागएणं सुचित्तवेगेणं
12259,खयरेण तेण नीओ सिणेहसारेण वेयड̣धे // शुर्शुछ.६७
12260,
12261,विहिओ य तक्खणं चिय ओसहिसामत्थओ अहं सत्थ
12262,दिन्ना य पवरविज्जा पुव्वुवगारं सरन्तेण // शुर्शुछ.६८
12263,
12264,पन्नत्तीनामेणं विहिणा सा साहिया मए तत्थ
12265,तत्तो समागओ हं सिद्धत्थपुरम्मि खयरजुओ // शुर्शुछ.६९
12266,
12267,कणगवईइ समेयं सुरहं निद्धाडिऊण देसाओ
12268,सिद्धत्थपुरे जाओ राया हं ताहि धणदेव! // शुर्शुछ.७०
12269,
12270,परिवालिऊण रज्जं कइवि हु वरिसाण कोडिकोडीओ
12271,अहिसिञ्चिऊण रज्जे जयसेणं निययपुत्तमहं // शुर्शुछ.७१
12272,
12273,
12274,[प. ६०३]
12275,धणवाहणकेवलिणो पयमूले जायतिव्वसंवेगो
12276,पव्वइओ सह पञ्चहिं सएहिं वररायउत्ताणं // शुर्शुछ.७२
12277,
12278,[युग्मम]
12279,अब्भसियसाहुकिरिओ जाओ कमसो य बारसङ्गविऊ
12280,धणवाहणकेवलिणा अहिसित्तो ताहि सूरिपए // शुर्शुछ.७३
12281,
12282,काऊण य सेलेसिं खविउं चत्तारि सेसकम्माइं
12283,सो अम्ह गुरु पत्तो निव्वाणं भद्द! धणदेव! // शुर्शुछ.७४
12284,
12285,इय सुपइट्ठसूरी जाव य परिकहइ निययवुत्तन्तं
12286,तावय गयणाहिन्तो एगो खयरो समोइन्नो // शुर्शुछ.७५
12287,
12288,कयसूरिपणामेणं भणियं अह तेण विणयपणएण
12289,वेयड̣धाओ वद्धावओ अहं आगओ तुम्ह // शुर्शुछ.७६
12290,
12291,संसिद्धसयलविज्जो पव्वइउमणेण चित्तवेगेण
12292,अहिसित्तो निययपए तुम्ह सुओ मयरकेउत्ति // शुर्शुछ.७७
12293,
12294,
12295,[प. ६०४]
12296,सो खयरविन्दसहिओ तुम्हाणं पायवन्दओ एही
12297,इय नयरे अज्जेव य इय तुम्ह पियं निवेएमि // शुर्शुछ.७८
12298,
12299,तव्वयणं सोऊणं हरिसवसूससियरोमकूवेण
12300,दिन्नं अङ्गविलग्गं पभूयदव्वं च से रन्ना // शुर्शुछ.७९
12301,
12302,आणन्दिया देवी ओयारणयं करेइ खयरस्स
12303,अङ्गम्मि अमायन्तं हरिसं सुरसुन्दरी पत्ता // शुर्शुछ.८०
12304,
12305,पणमिय सूरिं राया पुरं पविट्ठो सपरियणो ताहे
12306,आणवेइ कुट्टवाले सिग्घं नयरं विसोहेह // शुर्शुछ.८१
12307,
12308,अवणीय कयवराओ सिग्घं सारवह सयलसरणीओ
12309,मयणाहिकुङ्कुमुम्मीसिएणं नीरेण सिञ्चेह // शुर्शुछ.८२
12310,
12311,विरएह सरसतामरसमीसकुसुमोवयारमणवज्जं
12312,पच्छाइयगयणाओ करेह वरहट्टसोहाओ // शुर्शुछ.८३
12313,
12314,
12315,[प. ६०५]
12316,पइमन्दिरं च बन्धह वन्दणालाओ विविहरूवाओ
12317,धवलहरमालियाओ विचित्तवन्नेहिं भूसेह // शुर्शुछ.८४
12318,
12319,निम्मलजलपण्डिपुन्ने कञ्चणकलसे ठवेह दारेसु
12320,उब्भेह वेञ्जयन्तीओ भवणदारेसु विविहाओ // शुर्शुछ.८५
12321,
12322,वरफुल्लतोरणाइं मञ्चाइं करेह एयमग्गम्मि
12323,गोरोयणसिद्धत्थयदुव्वाजुयसोत्थियालिहणं // शुर्शुछ.८६
12324,
12325,अन्नं च एवमाई करेह कारेह पउरलोएण
12326,इय ते रन्ना भणिया सविसेसं करिउमाढत्ता // शुर्शुछ.८७
12327,
12328,हल्लुत्तावलपउरे इओ तओ सञ्चरन्तभिच्चयणे
12329,अन्तेउरम्मि रन्नो पियंवया झत्ति सम्पत्ता // शुर्शुछ.८८
12330,
12331,सुरसुन्दरीइ दिट्ठा उवगụ̄धा हरिसनिब्भरङ्गीए
12332,दिन्नासणोवविट्ठा अह पुट्ठा पुव्ववुत्तन्त्तं // शुर्शुछ.८९
12333,
12334,
12335,[प. ६०६]
12336,भणियं पियंवयाए अत्थि तुमं ताव तेण उक्खित्ता
12337,वेयालेण अहं पुय पडिया मुच्छाइ भूमीए // शुर्शुछ.९०
12338,
12339,तत्तो खणन्तराओ मुच्छाविरमम्मि सोगसन्तत्ता
12340,हा! कत्थ गया भगिणी कीस न सो आगओ भाया? // शुर्शुछ.९१
12341,
12342,नूणं तेण पिसाएण होज्ज विहियं असोहणं किम्पि
12343,एमाइ चिन्तयन्ती गवेसिउं ताहि लग्गा हं // शुर्शुछ.९२
12344,
12345,अह तत्थ रयणदीवे समन्तओ हिण्डिऊण गयणत्था
12346,भमिया लवणसुद्दे पलोययन्ती तुमं बहुहा // शुर्शुछ.९३
12347,
12348,फलयविलग्गो दिट्ठो समुद्दमज्झम्मि वीइनिवहेण
12349,तोलिज्जमाणदेहो अह भाया मयरकेउत्ति // शुर्शुछ.९४
12350,
12351,उक्खिविऊण तत्तो नीओ जिणमन्दिरम्मि अह तम्मि
12352,"पुट्ठो य कह णु पडिओ समुद्दमज्झम्मि, अह तेण // शुर्शुछ.९५"
12353,
12354,
12355,[प. ६०७]
12356,वेयालदंसणाई विज्जाच्छेयाइसयलवुत्तन्तो
12357,कहिओ अह मह तेणवि भणियं सुरसुन्दरी कत्थ? // शुर्शुछ.९६
12358,
12359,भणियं मएवि भाओय पिसायरूवेण सावि अवहरिया
12360,इय सोउं गुरुमोग्गरहउव्व सो मुच्छिओ सहसा // शुर्शुछ.९७
12361,
12362,पासट्ठियखयरेहिं सीयलपवणाइकरणओ बहुहा
12363,सत्थीकओवि कुमरो मुच्छिज्ज जाहिं पुणरुत्तं // शुर्शुछ.९८
12364,
12365,ताहे गन्तुं तायस्स साहिओ नहयरेहिं वुत्तन्तो
12366,तं सोउं गुरुसोगो ताओवि समागओ तत्थ // शुर्शुछ.९९
12367,
12368,कहकहवि हु सण्ठविउं नीओ वेयड्ढपव्वए कुमरो
12369,बहवे खयरकुमारा आणत्ता ताहि ताएण // शुर्शुछ.१००
12370,
12371,[युग्मम]
12372,छक्खण्डभरहमज्झे गामागरपट्टणेसु भमिऊणं
12373,सुरसुन्दरिवुत्तन्तं आणेह जहट्ठियं सिग्घं // शुर्शुछ.१०१
12374,
12375,
12376,[प. ६०८]
12377,इय भणिउं पट्ठविया बहवे विज्जाहरा ओ ताएण
12378,कुमरोवि विणोइज्जइ तायादेसाउ मित्तेहिं // शुर्शुछ.१०२
12379,
12380,पियविरहसोयसम्पीडियस्स कुमरस्स कइवि दिवसाणि
12381,वच्चन्ति जाव ताव य अन्नम्मि दिणम्मि तत्थ पुरे // शुर्शुछ.१०३
12382,
12383,सम्पत्तो चउनाणी चारणसमणो दुवालसङ्गविऊ
12384,दमघोसो नामेणं सहसम्बवणे समोसरिओ // शुर्शुछ.१०४
12385,
12386,[युग्मम]
12387,तस्स य वन्दणहेउं विणिग्गओ कुमरसञ्जुओ ताओ
12388,वन्दित्ता उवविट्ठो महिवट्ठे परियणसमेओ // शुर्शुछ.१०५
12389,
12390,संसाररुन्द सायरुत्तारणजाणवत्तसङ्कासो
12391,मुणिणावि तेसिं धम्मो अणवज्जो कहिउमाढत्तो // शुर्शुछ.१०६
12392,
12393,सारीरमाणसाणं दुक्खाणं खयं समिच्छमाणेहिं
12394,जीवाण अभयदाणं मणवइकाएहिं कायव्वं // शुर्शुछ.१०७
12395,
12396,
12397,[प. ६०९]
12398,जरमरणदुक्खपउरं संसारं ते तरन्ति लीलाए
12399,सच्चमणवज्जवयणं सयावि भासन्ति जे जीवा // शुर्शुछ.१०८
12400,
12401,दोगच्चवाहिजरमरणसोयपियविप्पओगवसणाइं
12402,जायन्ति न जीवाणं जे ओ अदिन्नं न गिण्हन्ति // शुर्शुछ.१०९
12403,
12404,वज्जन्ति जे अबम्भं जीव मणवयणकायजोगेहिं
12405,निद्धूयसयलकम्मा वयन्ति ते सासयं ठाणं // शुर्शुछ.११०
12406,
12407,धम्मोवगरणवज्जं परिग्गहं जे कयाइ न धरेन्ति
12408,ते भवजलहिं तरिऊणं जन्ति अयरामणं ठाणं // शुर्शुछ.१११
12409,
12410,एमाइसमणधम्मे कहिए समणेण जिणवरुद्दिट्ठे
12411,पत्थावं नाऊणं कुमरेण मुणी इमं पुट्ठो // शुर्शुछ.११२
12412,
12413,भयवं! विज्जाच्छेओ कीस कओ मज्झ तेण देवेण?
12414,मुणिणावि वइरकारणमक्खायं तस्स नीसेसं // शुर्शुछ.११३
12415,
12416,
12417,[प. ६१०]
12418,तं मुणिवयणं सोउं उप्पन्नं मयरकेउकुमरस्स
12419,जाईसरणं सहसा ईहापोहं करिन्तस्स // शुर्शुछ.११४
12420,
12421,सरिऊण य पुव्वभवं भणियं कुमरेण एवमेयन्ति
12422,हरिऊण कत्थ मुक्का भयवं! सुरसुन्दरी तेण? // शुर्शुछ.११५
12423,
12424,तत्तो मुणिणा भणियं चुयस्स देवस्स तस्स हत्थाओ
12425,गयणाओ निवडिया सा पडिया कुसुमायरुज्जाणे // शुर्शुछ.११६
12426,
12427,हत्थिणपुरम्मि अच्छइ सम्पइ सा तुज्झ कुमर! जणणीए
12428,कमलावईइ पासे तत्तो कुमरेण वज्जरियं // शुर्शुछ.११७
12429,
12430,किं मह न होइ जणओ एसो जणणीव कणगमालत्ति
12431,तत्तो मुणिणा सिट्ठो सुरावहाराइवुत्तन्तो // शुर्शुछ.११८
12432,
12433,अह चित्तवेगरन्ना भणियं मुणिवयणभावियमणेण
12434,किं कुमर! तं न सुमरिसि जं तइया देवभावम्मि // शुर्शुछ.११९
12435,
12436,
12437,[प. ६११]
12438,तुमए चिय मह सिट्ठं अवहरिओ पुव्ववेरियसुरेण
12439,तो चित्तवेगखयराहिवस्स गेहम्मि वड̣धिहिसि? // शुर्शुछ.१२०
12440,
12441,एयं तं सञ्जायं ता पुणरवि पुत्त! ताओ विज्जाओ
12442,"साहेसु, चयसु सोगं निययपए जेण ठावेमि // शुर्शुछ.१२१"
12443,
12444,मोत्तूण विसयसङ्गं भवभमणुब्भन्तमाणसा अम्हे
12445,इच्छामो पव्वज्जं निरवज्जं सम्पयं काउं // शुर्शुछ.१२२
12446,
12447,इय सुरसुन्दरि! जाव य ताओ वज्जरइ ताव सहसत्ति
12448,दमघोसवन्दणत्थं धरणिन्दो आगओ तत्थ // शुर्शुछ.१२३
12449,
12450,दठ्ठूणमयरकेउं सुइरं निज्झाइऊण वज्जरइ
12451,जाणसि कुमार! सो हं पुव्वभवे आसि तुह जणओ // शुर्शुछ.१२४
12452,
12453,भीमरहो नामेणं मज्झ य अइवल्लहो तुमं आसि
12454,कुसुमावलिसम्भूओ कणगरहो नाम पुत्तॊत्ति // शुर्शुछ.१२५
12455,
12456,
12457,[प. ६१२]
12458,सञ्जाए उम्माए सभारियाए तुमम्मि नीसरिए
12459,निउणं गवेसिओवि हु जाहे सम्पाविओ न तुमं // शुर्शुछ.१२६
12460,
12461,ताहे तुह लहुभायं वज्जरहं ठाविऊणं रज्जम्मि
12462,वेरग्गभावियमणो पव्वइओ गुरुसमीवम्मि // शुर्शुछ.१२७
12463,
12464,[युग्मम]
12465,काऊणं पव्वज्जं सोहम्मे सुरवरो अहं जाओ
12466,सत्तपलिओवमाऊ तत्तो चइऊण इह भरहे // शुर्शुछ.१२८
12467,
12468,चम्पाए पुरवरीए रन्नो दहिवाहणस्स भज्जाए
12469,कुसुमसिरीए गब्भे उववन्नो दारगत्ताए // शुर्शुछ.१२९
12470,
12471,[युग्मम]
12472,जाओ य उचियसमए नामं च कयं पहङ्करो मज्झ
12473,एत्थन्तरमि निहओ मज्जपसत्तो पिया मज्झ // शुर्शुछ.१३०
12474,
12475,रज्जाहिलासिविमलेण मन्तिणा 'हिट्ठियं सयं रज्जं
12476,नट्ठा भएण जणणी तिमासजायं ममं घित्तुं // शुर्शुछ.१३१
12477,
12478,[युग्मम]
12479,
12480,[प. ६१३]
12481,पत्ता विजयपुरम्मी रन्नो सङ्खस्स भाउणो पासे
12482,जोव्वमपत्तो य अहं सङ्खेण समं गओ तत्थ // शुर्शुछ.१३२
12483,
12484,काऊण य सङ्गामं विमलं हणिऊण समरमज्झम्मि
12485,चम्पाए नियरज्जे जाओ राया अहं ताहे // शुर्शुछ.१३३
12486,
12487,विमलतणयावि नट्ठा गन्तुं नयरम्मि हत्थिसीसम्मि
12488,ओलग्गिउं पयत्ता जियसत्तुं नाम नरनाहं // शुर्शुछ.१३४
12489,
12490,बलगव्विओ य अहयं समयं हत्थीहिं तत्थ खेल्लामि
12491,तेण य मज्झ पसिद्धी जाया सव्वेसु देसेसु // शुर्शुछ.१३५
12492,
12493,नत्थि पहङ्करतुल्लो महाबलो एत्थ भरहखित्तम्मि
12494,रुट्ठं मत्तगइन्दं धरेइ जो एगबाहाए // शुर्शुछ.१३६
12495,
12496,रज्जं पभूयकालं अहम्पि चम्पाइ तत्थ काऊणं
12497,सुगुरुसमीवे बुद्धो रज्जे ठविऊण नियपुत्तं // शुर्शुछ.१३७
12498,
12499,[युग्मम]
12500,
12501,[प. ६१४]
12502,जाओ समणो तत्तो अभिग्गहो एरिसो मए गहिओ
12503,गुरुमूले जाजीवं मासं मासाउ भोत्तव्वं // शुर्शुछ.१३८
12504,
12505,अह अन्नया कयाइवि विहरन्तो हत्थिसीसए पत्तो
12506,पारणदिणे पविट्ठो भिक्खट्ठा तत्थ नयरम्मि // शुर्शुछ.१३९
12507,
12508,अह दित्तसण्डपडिपेल्लिओ अहं निवडिओ धरावट्ठे
12509,हसिओ विमलस्स सुएहिं पावकम्मेहिं पुणरुत्तं // शुर्शुछ.१४०
12510,
12511,तं कत्थं बलं सम्पइ गइन्दपडिपेल्लिणेक्करसियं ते?
12512,इय भणमाणा ताहे हन्तुं उद्धाइया सव्वे // शुर्शुछ.१४१
12513,
12514,पिइवेरं सुमरन्ता समागया लउडपत्थरविहत्था
12515,दट्ठूण य ते कुविओ अहम्पि अन्नाणदोसेण // शुर्शुछ.१४२
12516,
12517,घेत्तूण खम्भमेगं तत्तो उद्धाइओ इय भणन्तो
12518,रे! रे! सीहस्स बलं खण्डिज्जइ किं सियालेहिं? // शुर्शुछ.१४३
12519,
12520,
12521,[प. ६१५]
12522,जइवि अहं किसदेहो तहवि हु गम्मो न तुम्ह ता होह
12523,खणमेगं संमुहया पिउमग्गं जेण पेसेमि // शुर्शुछ.१४४
12524,
12525,हयमहिए ते काउं पच्छायावाओ अणसणं काउं
12526,लज्जाए दुच्चरियं न य तं सिट्ठं गुरुजणस्स // शुर्शुछ.१४५
12527,
12528,तत्तो अप्पडिक्कन्तो खण्डियचरणो मओ तओ कुमर!
12529,उववन्नो धरणिन्दो सम्पइ सो हं इहायाओ // शुर्शुछ.१४६
12530,
12531,ता मा कुणसु विसायं मए विदिन्नाओ तुज्झ सिज्झन्तु
12532,पन्नत्तिमाइयाओ असाहियाओवि विज्जाओ // शुर्शुछ.१४७
12533,
12534,इय तव्वयणं सोउं महापसाउत्ति जम्पिउं कुमरो
12535,करकरमलमउलसोहो पडिओ धरणिन्दपाएसु // शुर्शुछ.१४८
12536,
12537,नहयरसन्दोहसमन्निएण ताएण कयमहामहिमो
12538,धरणिन्दो सम्पत्तो सट्ठाणं परियणसमेओ // शुर्शुछ.१४९
12539,
12540,
12541,[प. ६१६]
12542,विज्जाहरसहिएणं महाविभूईइ चित्तवेगेण
12543,अहिसित्तो निययपए कुमरो तह चित्तगइणावि // शुर्शुछ.१५०
12544,
12545,अह खयरचक्कवट्टी जाओ वेयड्ढपव्वए एसो
12546,सयलखयरेहिं तत्तो दिन्नाओ निययधूयाओ // शुर्शुछ.१५१
12547,
12548,तो भणइ मयरकेऊ न ताव परिणेमि अन्नकन्नाओ
12549,जाव न सा परिणीया धूया नरवाहणनिवस्स // शुर्शुछ.१५२
12550,
12551,तो भणइ भाणुवेगो इण्हिं गन्तुं कुसग्गनयरम्मि
12552,नरवाहणं विमग्गिय वरेमि सुरसुन्दरि तुम्ह // शुर्शुछ.१५३
12553,
12554,"तो भणइ मयरकेऊ एवं सिग्घं करेसु, अम्हेवि"
12555,तायाणुन्नं घेत्तुं गच्छामो हत्थिणपुरम्मि // शुर्शुछ.१५४
12556,
12557,वन्दामो पयजुयलं अदिट्ठपुव्वाण जणणिजणयाणं
12558,इय भणिए उप्पइओ गयणेणं भाणुवेगो सो // शुर्शुछ.१५५
12559,
12560,
12561,[प. ६१७]
12562,अह मयरकेउ-राया भणियो ताएण पुत्त! अज्जेव
12563,किज्जउ विगाल-समए सोहण-वेला-मुहुत्तम्मि // शुर्शुछ.१५६
12564,
12565,जणाणि-जणायाण दंसणमिय भणिए सयलखयरनियरेण
12566,अह काउं पारद्धा तक्खणमागमण-सामग्गी // शुर्शुछ.१५७
12567,
12568,[युग्मम]
12569,एत्थन्तरम्मि अहमवि तायं आपुच्छिऊण वेगेण
12570,सुरसुन्दरि! तुह पासे पउत्ति-कहणत्थमायाया // शुर्शुछ.१५८
12571,
12572,एवं पियंवयाए वयणं सोऊण दास-चेडीहिं
12573,गन्तुं रन्नो सिट्ठं अह राया हरिस-पडिहत्थो // शुर्शुछ.१५९
12574,
12575,वरगीयविहियवाइयरवेण वरविलयनट्टजुत्तेणं
12576,कयविविहकोउएहिं य जणयन्तो पउर-सङ्खोहं // शुर्शुछ.१६०
12577,
12578,नीहरिओ नयराओ चउरङ्गबलेण गयवरारụ̄धो
12579,सव्वाए विभूईए अन्तोगइयाए तणयस्स // शुर्शुछ.१६१
12580,
12581,
12582,[प. ६१८]
12583,विज्जाहरसेन्नम्पि हु उम्मिट्टं ताव गयणमग्गम्मि
12584,धय-छत्त-चिन्ध-पउरं-नाणविह-वाहणारूढं // शुर्शुछ.१६२
12585,
12586,तन्मज्झे य विमाणं पुरओ धावन्तखयरसङ्घायं
12587,मणि-मय-खम्भ-सणाहं विचित्तवररूवयाइन्नं // शुर्शुछ.१६३
12588,
12589,खयरेसमयरकेऊ पुरओ दट्ठूण नरवइं सहसा
12590,अवयरिउं गयणाओ पडिओ पाएसु जणयस्स // शुर्शुछ.१६४
12591,
12592,अह अमरकेउ राया तणयं आलिङ्गिऊण ससिणेहं
12593,आणन्द-बाह-सलिलं मुञ्चन्तो चुम्बइ सिरम्मि // शुर्शुछ.१६५
12594,
12595,सम्भासिऊण सव्वं जहारिहं पूइऊण खयर-वरे
12596,अह नयरम्मि पविट्टो थुव्वन्तो मागह-सएहिं // शुर्शुछ.१६६
12597,
12598,कयमङ्गलोवयारो पवेसिओ निययमन्दिरे रन्ना
12599,सेसखयराण दिन्ना जहोचियं पवर-आवासा // शुर्शुछ.१६७
12600,
12601,
12602,[प. ६१९]
12603,कइवय-खयर समेओ नीओ अन्तेउरम्मि नर-वइणा
12604,सुयदंसणूसूयाए पडिओ जणणीइ चलणेसु // शुर्शुछ.१६८
12605,
12606,कोमलकरेहिं घेत्तुं निवेसिओ तीइ निययउच्छङ्गे
12607,आलिङ्गिओ य बहुसो य चुम्बिओ उत्तिमङ्गम्मि // शुर्शुछ.१६९
12608,
12609,आणन्द-वाह-सलिलं मुञ्चन्ति भणइ वज्जघडियं ते
12610,जणणीइ पुत्त! हिययं जीवइ जा तुज्झ विरहम्मि // शुर्शुछ.१७०
12611,
12612,तो भणइ मयरकेउ किं कीरइ अम्ब! विविह-ललियस्स
12613,विहिणो परव्वसाणं जायइ जं एरिसं दुक्खं // शुर्शुछ.१७१
12614,
12615,परिथूल-मुत्तियावलि-विहिय-चउक्कम्मि ताहि ठविऊण
12616,सिंहासणमणवज्जं मणि-रयण-पहाहिं विच्छुरियं // शुर्शुछ.१७२
12617,
12618,तत्थूवविट्ठस्स तओ मङ्गल्लाइं कयाइं तणयस्स
12619,देवीए सुय-सङ्गम-हरिस-वसुब्भिन्न-पुलयाए // शुर्शुछ.१७३
12620,
12621,
12622,[प. ६२०]
12623,तं किम्पि आसि तइया तेसिं तणयस्स सङ्गमे सोक्खं
12624,कहिंउपिं जं न तीरइ सङ्कासं मुत्तिसोक्खेण // शुर्शुछ.१७४
12625,
12626,इत्तो य कुसग्गपुरे गन्तूणं भाणुवेग-खयरेण
12627,नरवाहणस्स रन्नो सिट्ठो सव्वोवि वुत्तन्ता // शुर्शुछ.१७५
12628,
12629,नरवाहणेण भणियं एय-निमित्तं सुरक्खिया एसा
12630,मग्गन्ताणवि पुव्विं न य दिन्ना अन्न-राईण // शुर्शुछ.१७६
12631,
12632,तीए जम्म-दिणेच्चियं आइट्ठं आसि दिव्व-नाणीहि
12633,एसा कन्ना होही विज्जाहर-चक्किणो भज्जा // शुर्शुछ.१७७
12634,
12635,सन्त्तुजय-रुद्धस्सिह मह दिन्नं जेण जीवियं तइया
12636,सुरसुन्दरीवि दिन्ना तस्स मए किमिह पुच्छाए? // शुर्शुछ.१७८
12637,
12638,वाहरिओ जोइसिओ भणिओ नीसेस-दोस-परिसुद्धं
12639,वीवाहलग्गदिवसं साहेसु निरूविऊणम्ह // शुर्शुछ.१७९
12640,
12641,
12642,[प. ६२१]
12643,तेणवि भणियं नर-वर! इओ दिणाओ तइज्ज दिवसम्मि
12644,अइसोहणं तु लग्गं रयणीए चरिमजामम्मि // शुर्शुछ.१८०
12645,
12646,एरिस-गुण-सञ्जुत्तं अन्नं लग्गं न लब्भए सिग्घं
12647,रन्नावि तओ भणियं आसन्नमिणं तु कहमेत्थ // शुर्शुछ.१८१
12648,
12649,सक्किज्जइ नीसेसा काउं वीवाहकरणसामग्गी
12650,तो भाणुवेग! सहसु को कीरइ इह उवाउत्ति? // शुर्शुछ.१८२
12651,
12652,अह तेणवि पडिभणियं गम्मउ नरनाह! हत्थिणपुरम्मि
12653,तत्थ य सम्पत्ताणं सव्वम्पि हु सुन्दरं होही? // शुर्शुछ.१८३
12654,
12655,अह भाणुवेग - विहिए दिव्व-विमाणम्मि परियणसमेओ
12656,तक्कालुचियं घित्तुं सयलं वीवाहउवगरणं // शुर्शुछ.१८४
12657,
12658,हत्थिणपुरम्मि पत्तो एत्तो चित्तगइचित्तवेगावि
12659,विज्जाहरोह-सहिया पत्ता विन्नायवुत्तन्ता // शुर्शुछ.१८५
12660,
12661,
12662,[प. ६२२]
12663,अह अमरकेऊ राया तेसिं काऊण सयल-पडिवत्तिं
12664,बहुखज्जपिज्जजुत्तं कारइ वीवाह-सामग्गिं // शुर्शुछ.१८६
12665,
12666,निय-कुल-कमागएणं विहिणा पत्तम्मि लग्गदियहम्मि
12667,आणन्दियपउर-जणं नच्चन्तविलासिणिसणाहं // शुर्शुछ.१८७
12668,
12669,वज्जन्त-वज्ज-आउज्ज-गहिर-संसद्द-पूरिय-दियन्तं
12670,वत्तं पाणि-ग्गहणं महाविभूईए अह तेसिं // शुर्शुछ.१८८
12671,
12672,समुचियपडिवत्तीए खयरा संमाणिया नरिन्देण
12673,दिन्नं च महा-दाणं पउराई भोजिओ लोओ // शुर्शुछ.१८९
12674,
12675,जिण-मन्दिरेसु विहिया महिमा परमायरेण सव्वेसु
12676,जिण पडिमाणं वत्थाएहिं विविया महा-पूया // शुर्शुछ.१९०
12677,
12678,वर-वत्थ-पत्त-कम्बल-असणाईएहिं समणसङ्घोवि
12679,सव्वोवाहि-विसुद्धेहिं पूइओ परमभत्तीए // शुर्शुछ.१९१
12680,
12681,
12682,[प. ६२३]
12683,गय-तुरय-पवर-सन्दण-गामागर-नगर-पट्टणाईयं
12684,दिन्नं सामन्ताणं जहोचियं तत्थ नरवइणा // शुर्शुछ.१९२
12685,
12686,अह अन्नादिणे राया महाविभूईइ परियणसमेओ
12687,सुरिस्स वन्दणत्थं नीहरिओ खयरसञ्जुत्तो // शुर्शुछ.१९३
12688,
12689,अभिवन्दिऊण सूरिं अवसेस-तवस्सिणे य सव्वेवि
12690,उवविट्ठा अह गुरुणा कहिओ जिणदेसिओ धम्मो // शुर्शुछ.१९४
12691,
12692,अह वन्दिऊण सूरिं देवी कमलावई इमं भणइ
12693,भयवं! अन्नम्मि भवे आसि कयं कि मए पावं? // शुर्शुछ.१९५
12694,
12695,सुयविरहजणियदुक्खं जस्स वसाओ सुदुस्सहं पत्तं?
12696,अह केवलिणा भणियं देवाणुपिए! निसामेसु // शुर्शुछ.१९६
12697,
12698,जो सो 'वरकङ्काए अम्मड वणिऒत्ति आसि मे कहिओ
12699,मण्डण-पभिईण पिया अच्छुत्त-भारिया-सहिओ // शुर्शुछ.१९७
12700,
12701,
12702,[प. ६२४]
12703,सो भमिऊण भवोहं मरु-देसे हरिसऊय गामम्मि
12704,मेहरो अज्जुण नामो इहेव भरहम्मि उववन्नो // शुर्शुछ.१९८
12705,
12706,अच्छुत्तावि हु तत्तो भमिउण भवेसु विविह-रूवेसु
12707,महिला अज्जुणगस्स उ बन्धुसिरी नाम उववन्ना // शुर्शुछ.१९९
12708,
12709,अवरोप्पर पिईए किसि--कम्म-रयाण वच्चए कालो
12710,दोण्हवि दयापराणं पयईए तणु-कसायाणां // शुर्शुछ.२००
12711,
12712,पत्ते पाउस-काले पडिए अह पणियम्मि पउरम्मि
12713,निय पलिहईइ दोहिवि किसि-कम्मं काउमाढत्तं // शुर्शुछ.२०१
12714,
12715,तत्थ य एगो कमलो सगब्भ हरिणीए सङ्गओ वसइ
12716,पलिहइपरिपेरन्ते चरइ तणं तीइ सञ्जुत्तो // शुर्शुछ.२०२
12717,
12718,अह अन्नया पविट्ठं खित्ते दट्ठूण हरिणजुयलं तं
12719,अज्जुणओ हक्कन्तो चलिओ नीसारणठ्ठाए // शुर्शुछ.२०३
12720,
12721,
12722,[प. ६२५]
12723,अज्जुण-भएण हरिंणी गुरु-हारा वेग-धाविया सहसा
12724,सञ्जाय-पसव-समया वियणा-विहलङ्घला पडिया // शुर्शुछ.२०४
12725,
12726,नट्ठो सारङ्गोवि हु पुणो पुणो अज्जुणं निरुविन्तो
12727,दइया-विओग-विहुरिय-हियओ गुरु-सोय-सन्तत्तो // शुर्शुछ.२०५
12728,
12729,करुणापरेण नीया हरिणीवि हु अज्जुणेण नियठाणं
12730,सीयलजलेण सित्ता मुच्छा-विरमे पसूया य // शुर्शुछ.२०६
12731,
12732,जायं कोड्डावणयं हरिण-सिलिम्ब तु मुद्धड-सहावं
12733,हरिणीइ वट्टियं तं दिन्नो य थणो तओ तस्स // शुर्शुछ.२०७
12734,
12735,दट्ठूण तं सुरुवं विलास-सुसिणिद्ध-नयण-सोहिल्लं
12736,बन्धुसिरीए भणियं मह होइ खिल्लणं एयं // शुर्शुछ.२०८
12737,
12738,तत्तो य वाम-पाए बद्धं तं कोमलाइ रज्जूए
12739,हरिणीवि विगय-वियणा भएण नट्ठा तयं मोत्तुं // शुर्शुछ.२०९
12740,
12741,
12742,[प. ६२६]
12743,मिलिया कमलस्स तओ पुणो पुणो एइ तम्मि ठाणम्मि
12744,"सिसु-नेहाओ, न पुणो अल्लियइ भएण सा तत्थ // शुर्शुछ.२१०"
12745,
12746,उव्विग्गमणा वरई सिलिम्ब-नेहेण विमण-दुम्मणिया
12747,न चरइ तणं न य पियइ पाणियं भमइ खिज्जन्ती // शुर्शुछ.२११
12748,
12749,बीयदिणेवि हु हरिणिं दुरụधुल्लन्ति तहेव दट्ठूणं
12750,जाय-करुणाए मुक्को स सिलिम्बो बन्धुसिरियाए // शुर्शुछ.२१२
12751,
12752,अह सो बन्धण-मुक्को गन्तुं माऊण सभय-नेहाए
12753,मिलिओ दट्ठूण तयं सारङ्गी निव्वुया जाया // शुर्शुछ.२१३
12754,
12755,मज्झिम-गुण-सञ्जुत्तो दयापभावाओ अज्जुणो तत्तो
12756,मरिऊण समुप्पन्नो एसो राया अमरकेऊ // शुर्शुछ.२१४
12757,
12758,बन्धुसिरीवि हु तत्तो निबद्ध-मणुयाउया मया पच्छा
12759,इह उप्पन्ना भद्दे! देवी कमलावई तं सि // शुर्शुछ.२१५
12760,
12761,
12762,[प. ६२७]
12763,जाया य तुम्ह दोण्हवि पुव्वभवब्भासओ गरुय-पीई
12764,जीव-दया-करणाओ विउला भोगा समणुपत्ता // शुर्शुछ.२१६
12765,
12766,कमलो हरिणीए समं विओइओ जं च तत्थ खणमेगं
12767,तक्कम्मुदया रन्नो जाओ तुम्हं सह विओगो // शुर्शुछ.२१७
12768,
12769,जं च कओ एणीए विरहो लीवेण अट्ठ पाहरिओ
12770,तत्थ य तए निबद्धं कम्मं सुय-विरह-दुक्ख-फलं // शुर्शुछ.२१८
12771,
12772,उदयाओ तस्स जाओ विरहो तणएण जाय-मेत्तेण
12773,खीणं च तयं सम्पइ अट्ठहिं लक्खेहिं वरिसाणं // शुर्शुछ.२१९
12774,
12775,खणमित्त-सञ्चियम्पि हु देइ विवागं सुदीह-कालीयं
12776,सुहमसुहं वा कम्मं भाव-विसेसेण जीवाण // शुर्शुछ.२२०
12777,
12778,इय नाऊण विवागं पमाय- निव्वत्तियस्स कम्मस्स
12779,दूरेण कम्म-बन्धस्स कारणं मुयह जत्तेण // शुर्शुछ.२२१
12780,
12781,
12782,[प. ६२८]
12783,इय गुरु-वयणं सोउं परिसा सव्वावि तत्थ संविग्गा
12784,दिक्खाभिमुही जाया भीया संसार-दुक्खाण // शुर्शुछ.२२२
12785,
12786,नरवइ-देवीण पुणो विसुद्ध-लेसाहिं वट्टमाणाण
12787,जायं जाई-सरणं ईहापोहं करेन्ताण // शुर्शुछ.२२३
12788,
12789,सुमरिय-पुव्व-भवाणं आगय-संवेग-भाविय-मणाण
12790,चरणावरण-खयाओ सञ्जाओ चरण-परिणामो // शुर्शुछ.२२४
12791,
12792,तत्तो य अमरकेऊ पुत्तं अहिसिञ्चिऊण रज्जम्मि
12793,तक्कालुचियं काउं करणिज्जं तिव्व-संवेगो // शुर्शुछ.२२५
12794,
12795,अणुसासिऊण पुत्तं आपुच्छित्ता य परियणं सयलं
12796,कमलावईए सहिओ पव्वइओ गुरु-समीवम्मि // शुर्शुछ.२२६
12797,
12798,सिरिदेवं निय-पुत्तं कुडुम्ब-चिन्ताए सण्ठवेऊण
12799,रन्ना सह पव्वइओ धणदेवो भारिया-सहिओ // शुर्शुछ.२२७
12800,
12801,
12802,[प. ६२९]
12803,खयरोवि चित्तवेगो चित्तगइ-प्पमुह-खयर-सञ्जुत्तो
12804,निव्विन्न-काम-भोगो पव्वइओ सूरि-पासम्मि // शुर्शुछ.२२८
12805,
12806,खयरीवि कणगमाला पव्वइया सूरि-वयण-पडिबुद्धा
12807,सहिया पियङ्गुमञ्जरिमाईहिं पभूय-खयरीहिं // शुर्शुछ.२२९
12808,
12809,नरवाहणोवि राया रज्जं दाऊण मयरकेउस्स
12810,पव्वइओ पय-भूले केवलिणो सुप्पइट्ठस्स // शुर्शुछ.२३०
12811,
12812,रन्ना सह पव्वइया खयर-नरिन्दाण दस सहस्साओ
12813,कमलावइ-पमुहाणं वीस-सहसाइं महिलाण // शुर्शुछ.२३१
12814,
12815,इय तीस-सहस्साइं समयं पव्वावियाइं केवलिणा
12816,संनिहिय-देवयाए उवणीयं तेसिं मुणि-लिगं // शुर्शुछ.२३२
12817,
12818,ता भणइ मयरकेऊ चरणं पडिवज्जिउं असत्तो म्हि
12819,गिहि-पाउग्गं धम्मं ता भयवं! अम्ह साहेसु // शुर्शुछ.२३३
12820,
12821,
12822,[प. ६३०]
12823,भणियं गुरुणा निसुणसु थूलग-जीवाण निरवराहाण
12824,निसिरन्ति जे न दण्डं तेवि हु पाविन्ति निव्वाणं // शुर्शुछ.२३४
12825,
12826,थूलमसच्चं भासं मण-वइ-काएहिं जे न कप्पेन्ति
12827,सुर-मणुएसर-सोक्खं भोत्तूण वयन्ति ते मोक्खं // शुर्शुछ.२३५
12828,
12829,थूलमदत्तं वज्जन्ति जे सया तिविह-करण-जोगेहिं
12830,सव्वत्थक्खय-वित्ता होऊण वयन्ति ते सिद्धिं // शुर्शुछ.२३६
12831,
12832,सन्तोसो स-कलत्ते अहवा पर-दार-वज्जणमुदारं
12833,काउं सुरङ्गणाओ भोत्तूण वयन्ति निव्वाणं // शुर्शुछ.२३७
12834,
12835,इच्छा-परिमाणं सेविऊण लद्धूण विउल-रिद्धीओ
12836,देव-नरेसर-भावे कमेण गच्छन्ति निव्वाणं // शुर्शुछ.२३८
12837,
12838,एमाइ-वित्थरेणं गिहि-धम्मे साहियम्मि केवलिणा
12839,तो भणइ मयरकेऊ होमि समत्थो इमं काउ // शुर्शुछ.२३९
12840,
12841,
12842,[प. ६३१]
12843,तत्तो य गुरु-समीवे सुरसुन्दरी-मयरकेउ-पमुहेहिं
12844,सम्मत्त-रयण-मूलो सावग-धम्मो-पवन्नोति // शुर्शुछ.२४०
12845,
12846,अह चित्तवेग-पमुहा मुणिण सूरिस्स पाय-मूलम्मि
12847,गहणासेवण-रूवं सिक्खं अब्भसिउमाढत्ता // शुर्शुछ.२४१
12848,
12849,कमलावइ-पमुहाओ अज्जाओ सुव्वयाइ-गणिणीए
12850,पासम्मि साहु-किरियं सिक्खन्ति पढन्ति अङ्गाइं // शुर्शुछ.२४२
12851,
12852,छट्ठट्ठम-दसम-दुवालसाइं विविहं तवं पकुव्वन्ति
12853,विणयं गुरुण सम्मं वेयावच्चं च सव्वेवि // शुर्शुछ.२४३
12854,
12855,अह चित्तवेग-मुणिणा चोद्दस-पुव्वाइं तत्थ पạधियाइं
12856,भिन्नक्खर-पुव्वधरो जाओ अचिरेण कालेण // शुर्शुछ.२४४
12857,
12858,अह सुप्पइट्ठ-सूरिं ठविऊण चित्तवेग-मुणिं
12859,कय-अणसणो महप्पा निव्वाणमणुत्तरं पत्तो // शुर्शुछ.२४५
12860,
12861,
12862,[प. ६३२]
12863,अह चित्तवेग-सूरी गामागर-नगर-मण्डियं वसुहं
12864,विहरइ-सुप्पडिबद्धो बोहिन्तो भविय-जण-नियरं // शुर्शुछ.२४६
12865,
12866,अज्जावि कणगमाला सुव्वय-गणिणीए सग्ग-पत्ताए
12867,अहिसित्ता मयहरिया साहूणि-गण-बहु-मया-तत्थ // शुर्शुछ.२४७
12868,
12869,बोहिन्तो भव्व-लोयं तव-सूसिय-तणू चत्त-नीसेस-रागो
12870,सज्झाणड̣धो मुणीणं स-समय-विहिणा सारणाई करिन्तो
12871,सूरीसो चित्तवेगो समण-परिवुडो देसयन्तो जणाणं
12872,धम्मं तित्थेसरुत्तं विहरइ वसुहं सञ्जमुज्जोय-जुत्तो // शुर्शुछ.२४८
12873,
12874,साहु-धणेसर-विरइय-सुबोह-गाहा-समूह-रम्माए
12875,रागाग्गि-दोस-विसहर-पसमण-जल-मन्त-भूयाए // शुर्शुछ.२४९
12876,
12877,एसोवि हु खयराहिव-चारित्तासेवणो परिसमत्तो
12878,सुरसुन्दरी-कहाए पन्नरसो इह परिच्छेओ // शुर्शुछ.२५०
12879,
12880,
12881,
12882,---------------------------------------------------------------------
12883,
12884,[प. ६३३]
12885,[|| षोडशः परिच्छेदः]
12886,
12887,राया वि मयरकेऊ परिणित्ता खयर-दिन्न-कन्नाओ
12888,दाऊण नह-यराणं जहोचियं गाम-नगराइं // शुर्शुछ.१
12889,
12890,आणा-निद्देसकरे काउमसेसद्ध-भरह-रायाणो
12891,नीसेस-देस-विसरं विहाय गय-डमर-चोर-भयं // शुर्शुछ.२
12892,
12893,उत्तुङ्ग-धवल-मणहर-चेइय-भवणेहिं मण्डियं काउं
12894,आरिय-देस-समुब्भव-गामागर-नगर-सन्दोहं // शुर्शुछ.३
12895,
12896,कर-भर-सुङ्क-विमुक्कं सावय-विसरं करित्तु नीसेसं
12897,उच्छाइत्ता सव्वे जिण-सासण-सङ्घ-पडिणीए // शुर्शुछ.४
12898,
12899,
12900,[प. ६३४]
12901,अक्खलियं च विहारं वियरित्ता मुणि-जणस्स देसेसु
12902,साहंम्मिय-वच्छल्ले निय-सामन्ते निओइत्ता // शुर्शुछ.५
12903,
12904,काउं सत्तागाराइं विवह-रुवाइं ठाण-ठाणेसु
12905,दिज्जन्त-जन्तु-पत्थिय-समत्थ-वर-वत्थु-सत्थाइं // शुर्शुछ.६
12906,
12907,पालेइ रज्जमणवज्ज-कज्ज-पय-पालणिक्क-वावारं
12908,कय-दुट्ठ-धट्ठ-उल्लुण्ठ-वण्ठ-कय-उग्ग-निग्गहणं // शुर्शुछ.७
12909,
12910,पणय-जण-जणिय-तोसं वसीकयासेस-सत्तु-सन्ताणं
12911,आणन्दिय-जिय-सत्थं कय-सुत्थ-समत्थ-दुग्ग-पहं // शुर्शुछ.८
12912,
12913,इय मयरकेउ-रन्नो सुरसुन्दरि-पमुह-देवि-जुतस्स
12914,धम्मत्थ-काम-सारं विसय-सुहं अणुहवन्तस्स // शुर्शुछ.९
12915,
12916,
12917,[प. ६३५]
12918,कइयावि हु जिण-भवणे निम्मल-पसरन्त-दस-दिसि-मऊहे
12919,विमल-सिला-यल-घडिए भत्तीए कारयन्तस्स // शुर्शुछ.१०
12920,
12921,अन्नोन्न-वन्न-कलिए निम्मल-मणि-रयण-हेम-निम्मविए
12922,संसार-जलहि-मज्जन्त-जन्तु-सन्तरण-बोहित्थे // शुर्शुछ.११
12923,
12924,वर-विन्नाणिय-निवहेण दिन्न-बहु-दव्व-जाय-हरिसेणं
12925,कइयावि हु जिण-बिम्बे वर-रुवे कारयन्तस्स // शुर्शुछ.१२
12926,
12927,आगम-विहिणा कय-सत्त-रक्खणं विहिय-सङ्घ-वर-पूयं
12928,जिण-बिम्बाण पइट्ठं कइयावि हु आइसन्तस्स // शुर्शुछ.१३
12929,
12930,घणसार-सार-गोसीस-मीस-हरियन्दणाइ-दव्वेहिं
12931,कुणमाणस्स कयाइवि जिणिन्द-पडिमा-समालभणं // शुर्शुछ.१४
12932,
12933,निसिरन्त-बहल-परिमल-दसद्ध-वन्नेण कुसुम-नियरेण
12934,कइयावि बहु-वियप्पं जिण-पूयं विरयमाणस्स // शुर्शुछ.१५
12935,
12936,
12937,[प. ६३६]
12938,पवर-वर-पट्टणुग्गय-अणग्घ-समुहग्घ-वसण-सोहिल्लं
12939,उल्लोचं जिण-भवणे कइयावि हु कारयन्तस्स // शुर्शुछ.१६
12940,
12941,मोइय चारागारं जिणिन्द-वर-मन्दिरेसु साणन्दं
12942,कइयावि हु रह-जत्तं जत्तेण पेच्छमाणस्स // शुर्शुछ.१७
12943,
12944,जत्ता-समय-समागय-किविणाणाहाइ-दीण-लोयस्स
12945,वर-वरिय-वियरणाओ मणोरहे पूरयन्तस्स // शुर्शुछ.१८
12946,
12947,रह-जत्तागय-साहम्मियाण कइयावि गुरु-पमोएण
12948,भोयण-वत्थाभरणाइ-दाणओ तप्पमाणस्स // शुर्शुछ.१९
12949,
12950,अन्तेउर-मज्झ-गयस्स विविह-लीला-विलास-कलियाहिं
12951,भज्जाहिं सह कयाइवि सुरह-सुहं सेवमाणस्स // शुर्शुछ.२०
12952,
12953,पत्तट्ठ-वर-विलासिणि-विहिय-विविहङ्गहार-सोहिल्लं
12954,कइयावि हु वर-गेयं पेक्खणयं पेक्खमाणस्स // शुर्शुछ.२१
12955,
12956,
12957,[प. ६३७]
12958,अन्नम्पि एवमाइं विसिट्ठ-लोयस्स संमयं जं जं
12959,पुव्व-पुरिसाणुचिन्नं अविरुद्धं नियय-वंसस्स // शुर्शुछ.२२
12960,
12961,नियय-अवत्था-सरिसं सलाहणिज्जं च सज्जण-जणस्स
12962,लोयागमाविरुद्ध अणुचिन्न पुव्व-राईहिं // शुर्शुछ.२३
12963,
12964,निय-निय काले सव्वं तं तं कमसो पकुव्वमाणस्स
12965,सुह-सागरावगाढस्स राइणो दुक्ख-रहियस्स // शुर्शुछ.२४
12966,
12967,सुरसुन्दरीए समयं सिणेह-सारस्स पुव्व-लक्खाइं
12968,बोलीणाइं कइवि हु जिण-सासण-भत्ति-जुत्तस्स // शुर्शुछ.२५
12969,
12970,अह अन्नया कयाइवि रयणीए राइणा सह पसुत्ता
12971,पाहाउय-वेलाए पिच्छइ सुरसुन्दरी सुविणं // शुर्शुछ.२६
12972,
12973,किल कोवि कसिण-सप्पो डसिऊण ममं नरिन्द-सञ्जुत्तं
12974,मह उदरम्मि पविट्ठो एयं दट्ठूण पडिबुद्धा // शुर्शुछ.२७
12975,
12976,
12977,[प. ६३८]
12978,भीया जाव विचिन्तइ न सुन्दरं हन्दि! सुमिणमेयन्ति
12979,ता किं अमङ्गलेणं इमिणा सिट्ठेण-नर-वइणो // शुर्शुछ.२८
12980,
12981,ताव पडु-पडह-पडिरव-पयडिय-गीय-ज्झुणीहिं संवलियं
12982,तक्काल-निउत्तेहि पहयं पाहाउयं तूरं // शुर्शुछ.२९
12983,
12984,तस्सवणा पडिबुद्धो चिन्तिय चित्तम्मि पञ्च-नवकारं
12985,काउं सरीर-सोयं तक्कालुचियं मयरकेऊ // शुर्शुछ.३०
12986,
12987,मणि-रयण-पणट्ठ-तमं जुगाइ-जिण-पडिम-मण्डियं वियडं
12988,चेइय-भवणं गन्तुं विहिणा पूइत्तु जिण-बिम्बं // शुर्शुछ.३१
12989,
12990,ची-वन्दणं करित्ता पच्चक्खाणं च तदुचियं काउं
12991,वार-विलासिणि-पउरे अत्थाणे ताहि सम्पत्तो // शुर्शुछ.३२
12992,
12993,तक्कालमङ्गलीए वर-वार-विलासिणीहि विहियम्मि
12994,खणमेगं अत्थाणं दाऊण समुट्ठिओ राया // शुर्शुछ.३३
12995,
12996,
12997,[प. ६३९]
12998,विज्जा-विहिय-विमाणो सुरसुन्दरी-पमुह-भारिया-सहिओ
12999,हिमगिरि-सिहरे खयरोह-सङ्गओ सो गओ झत्ति // शुर्शुछ.३४
13000,
13001,कीडा-निमित्तमह सो अणेग-गोसीस-साहि-सङ्किन्ने
13002,ओइन्नो उज्जाणे नन्दण-वण-सरिस-सोहिल्ले // शुर्शुछ.३५
13003,
13004,मणिमय-सिला-यलेसु कयली-वण-परिगएसु रम्मेसु
13005,उक्किट्ठ-गीय-वाइय-पेक्खणयक्खित्त-चित्तस्स // शुर्शुछ.३६
13006,
13007,सिरि-मयरकेउ-खयराहिवस्स अन्तेउराइ-सहियस्स
13008,हिमवन्त-पव्वए अह पत्तो मज्झण्ह-समउत्ति // शुर्शुछ.३७
13009,
13010,भोयण-वेला वट्टइ विन्नत्तो तत्थ सूवयारेण
13011,पूइय-जिणिन्द-बिम्बो विहिणा ची-चन्दणं काउं // शुर्शुछ.३८
13012,
13013,नहयर-नियर-परिगओ भोत्तूणमणग्घ-पवरमाहारं
13014,सुरसुन्दरीए सहिओ कयली-हरयं अह पविट्ठो // शुर्शुछ.३९
13015,
13016,
13017,[प. ६४०]
13018,सयणीयम्मि पसुत्तो सुरय-सुहं सेविऊण खणमेगं
13019,पडिबुद्धाए सुरसुन्दरीइ अह नर-वई भणिओ // शुर्शुछ.४०
13020,
13021,पिययम! ताव खणन्तरमच्छामो विबुह-जण-विणोएण
13022,"ता वढसु किञ्चि पण्होत्तरन्ति, अह नर-वई भणइ // शुर्शुछ.४१"
13023,
13024,"को जाइ नहे, अहिलसइ किं जणो, कत्थ वच्चइ ससङ्को?"
13025,पइदियहं सइ कम्मि व सुरसुन्दरी! सलहिज्जए पीई? // शुर्शुछ.४२
13026,
13027,सुरसुन्दरीइ भणियं तन्तावलियं कहेसु मण-दइय!
13028,"भणइ निवो 'तीतं ते, लद्धं देवीइ ‘वी-सं-भे’ // शुर्शुछ.४३"
13029,
13030,भणियं रन्ना तुरियं लद्धं पण्होत्तरं इमं देवि!
13031,ता भणसु तुमं सम्पइ देवीए ताहि संलत्तं // शुर्शुछ.४४
13032,
13033,
13034,[प. ६४१]
13035,को तीसाए पढमो कम्मि व राया विणस्सइ विणट्ठो
13036,किं सक्कयं वोलीणं कस्स व दइओ तुहं नाह! // शुर्शुछ.४५
13037,
13038,आमन्तिज्जउ लच्छी का वा गेयम्मि सूसरा होइ
13039,तुमए विदिन्न पण्होत्तरस्स तन्तावली का वा? // शुर्शुछ.४६
13040,
13041,भणियं रन्ना अव्वो! देवी पण्होत्तरेसु अइकुसला
13042,जं तन्तावलियावि हु विहिया पण्होत्तरं झति? // शुर्शुछ.४७
13043,
13044,वत्थं दुहाणुलोमेण तह य पडिलोमओ भवे वत्थं
13045,अणुलोमेण समत्थं चउह कयं देवि ती-तं-ते // शुर्शुछ.४८
13046,
13047,पुणो रन्ना भणियं—
13048,
13049,किं सव्व-जणो इच्छइ सक्कन्दण-पहरणं च बोहेसु
13050,पहिएहिं किं व घेप्पइ साहिज्जउ देवि! एयम्पि? // शुर्शुछ.४९
13051,
13052,
13053,[प. ६४२]
13054,सुरसुन्दरीइ भणियं पवड्ढमाणक्खरं इमं देव!
13055,‘सं-ब-ल’ मुत्तरमेत्थं रन्ना भणियं पिए! भणसु // शुर्शुछ.५०
13056,
13057,आमन्तिज्जउ लच्छी कत्थ वसन्ताण नासए बुद्धी
13058,कत्थ न नासइ सुहडो पिययम! साहेसु एयं भे? // शुर्शुछ.५१
13059,
13060,भणियं रन्ना सुन्दरि! पडिलोमं वड्ढमाण वन्नमिणं
13061,"‘सं-गा-मे’ इति, तत्तो, रन्ना भणियं पिए! भणसु // शुर्शुछ.५२"
13062,
13063,"किं धरइ पुन्न-चन्दो, किंवा इच्छन्ति पामरा खित्ते"
13064,आमन्तसु अन्त-गुरुं किंवा सोक्खं पुणो सोक्खं? // शुर्शुछ.५३
13065,
13066,दट्ठूण किं विसट्टइ कुसुम-वणं जणिय-जण-मणाणन्दं
13067,कह णु रमिज्जइ पढम पर-महिला जार-पुरिसेहिं? // शुर्शुछ.५४
13068,
13069,
13070,[प. ६४३]
13071,सुरसुन्दरीइ चिन्तिय भणियं एयम्पि जाणियं देव!
13072,दुवत्थं दु-समत्थं उत्तरमेत्थं ‘स-सं-कं’ ते // शुर्शुछ.५५
13073,
13074,इय पण्होत्तर-भिन्दण-करणिक्क-रसाणवग्ग-हिययाण
13075,देवी-निवाण तहियं समागओ कसिण-गुरु-सप्पो // शुर्शुछ.५६
13076,
13077,अह पुव्व-वेरिएणवि सप्पेणं तेण दोण्णिवि जणाइं
13078,दुट्ठेण पट्ठि-देसे दट्ठाइं गरुय-रोसेण // शुर्शुछ.५७
13079,
13080,सप्पो सप्पॊत्ति पयम्पिरीइ देवीइ कलयलं सोच्चा
13081,अह खग्ग-वग्ग-हत्था समागया अङ्ग-रक्खा से // शुर्शुछ.५८
13082,
13083,भुयगोवि हु भय-सम्भम-वेविर-देहो कयावराहॊत्ति
13084,नासन्तो हणिऊणं खडाखण्डीकओ तेहिं // शुर्शुछ.५९
13085,
13086,तयणन्तरमुच्छलिओ महन्त-कोलाहलो परियणस्स
13087,समयं चिय निव-देवी-देह-ट्ठिय-विस-वियारेण // शुर्शुछ.६०
13088,
13089,तओ. 
13090,
13091,
13092,[प. ६४४]
13093,वाहिप्पन्ति पहाणा गारुडिया गारुडेसु पत्तट्ठा
13094,कीरन्ति मन्त-जावा आणाविज्जन्ति मूलीओ // शुर्शुछ.६१
13095,
13096,अभिमन्तिय-तोएणं दिज्जन्तच्छिन्न-सलिल-धाराओ
13097,बज्झन्ति कण्डयाइं पउणीकीरन्ति अगयाई // शुर्शुछ.६२
13098,
13099,इय गारुडियसणाहे नहयरनिवहम्मि आउलीभूए
13100,घय-सित्तेव्व हुयासे पबलीभूए विस-वियारे // शुर्शुछ.६३
13101,
13102,नरनाहो अव्वत्तं दिव्व-मणिं आणहत्ति भणमाणो
13103,पिक्खन्ताणं खयराण तत्थ जाओ विगयचिट्ठो // शुर्शुछ.६४
13104,
13105,एत्थन्तरम्मि विन्नाय-वइयरा राइणो पिया भगिणी
13106,पभणइ पियंवया वच्च वच्च लहु बाहुवेग! तुमं // शुर्शुछ.६५
13107,
13108,गन्तूण भाणुवेगस्स नन्दणं चन्दवेगखयरेसं
13109,मह वयणेण मग्गसु नयरे सिरि कुञ्जरावत्ते // शुर्शुछ.६६
13110,
13111,
13112,[प. ६४५]
13113,भणसु य जो सो विज्जा-पसाहणुज्जएण रक्खट्ठा
13114,तुमए नीओ पुव्विं दिव्व-मणी मह समीवाओ // शुर्शुछ.६७
13115,
13116,सो ̣धोइज्जउ सिग्ध इय भणिओ सो गओ तुरिय-वेगो
13117,गन्तुं खणन्तराओ समागओ चन्दवेगेण // शुर्शुछ.६८
13118,
13119,खयरेण समं ताहे मणि-सलिल-पयाण-पुव्वयं विहियं
13120,नीसेस-विस-विगारेण वज्जियं जुवलयं जुगवं // शुर्शुछ.६९
13121,
13122,तुट्ठो नहयर-वग्गो पियंवया तह य परियण-समग्गा
13123,रायावि भव-सरूवं चिन्तेतो आगओ नगरं // शुर्शुछ.७०
13124,
13125,अविय. 
13126,
13127,एत्तो तत्तो विविहावयाहिं घिप्पन्त-जीव-साराणं
13128,सरणं नत्थि जियाणं जिणिन्द-धम्मं पमोत्तूण // शुर्शुछ.७१
13129,
13130,सूल-अहि-विस-विसूइय-पाणिय-सत्थग्गि-सम्भमेहिं च
13131,देहन्तर-सङ्कमणं करेइ जीवो मुहुत्तेण // शुर्शुछ.७२
13132,
13133,
13134,[प. ६४६]
13135,ता एरिसम्मि चवलम्मि जीविए विसय-मोहिया जीवा
13136,मोह-महा-गह-घत्था तहवि हु धम्मे पमायन्ति // शुर्शुछ.७३
13137,
13138,अह नहयर-निवहेणं वोलीणा आवयत्ति तुट्ठेणं
13139,गयपुरमागन्तूणं वद्धावणयं कयं रन्नो // शुर्शुछ.७४
13140,
13141,सुर-सुन्दरीवि देवी दियहं तं चेव पढमयं काउं
13142,गब्भवई सञ्जाया निन्नेहा नियय-दइयम्मि // शुर्शुछ.७५
13143,
13144,अविय. 
13145,
13146,जह जह वड्ढइ गब्भो तह तह देवीवि गब्भ-माहप्पा
13147,निट्ठूर-हियया चिन्तइ मारेमि निवं सहत्थेण // शुर्शुछ.७६
13148,
13149,तओ. 
13150,
13151,आभासियावि रूसइ निट्ठुरमुल्लवइ नेच्छए भोगं
13152,दट्ठोट्ठ-भिउडि-भीमा दिट्ठम्मि परम्मुहा ठाई // शुर्शुछ.७७
13153,
13154,तं विवरीय-सरूवं दट्ठूण पियंवया भणइ भद्दे
13155,कीस तुमे निन्नेहा बहु मन्नसि नेव रायाणं? // शुर्शुछ.७८
13156,
13157,
13158,[प. ६४७]
13159,सुरसुदंरीइ भणियं दोसेण इमस्स पाव-गब्भस्स
13160,मह मड्डाइ पओसो उप्पज्जइ पाव-कम्माए // शुर्शुछ.७९
13161,
13162,ता गन्तुं नर-वइणो साहिज्जसु जेण अन्नहाभावं
13163,न करेइ मज्झ उवरिं वियलिय-नेहं ममं दट्ठुं // शुर्शुछ.८०
13164,
13165,अन्नं च भणसु दइयं दट्ठव्वा नेव पाव-कम्मा हं
13166,जाव न जाइ पसवो पावय-गब्भस्स गब्भस्स // शुर्शुछ.८१
13167,
13168,गन्तुं पियंवयाए सिट्ठं सव्वम्पि मयरकेउस्स
13169,तं सोउं रायावि हु विम्हिय-चित्तो इमं भणइ // शुर्शुछ.८२
13170,
13171,अव्वो! जा मह विरहं देवी निमिसम्पि सọ̄धुमसमत्था
13172,सा गब्भस्स पभावा अदंसणं निट्ठुरा महइ // शुर्शुछ.८३
13173,
13174,ता किं न होज्ज सॊ च्चिय पुव्व-विरुद्धो सुबन्धु-जीवो 'यं
13175,भवियव्वाया-वसेणं उववन्नो देवी-कुच्छीए? // शुर्शुछ.८४
13176,
13177,
13178,[प. ६४८]
13179,एमाइ चिन्तयन्तो देवीए अदिन्न-दंसणो राया
13180,निय-वइरिय-सङ्काए जावच्छइ दूमिओ चित्ते // शुर्शुछ.८५
13181,
13182,ताव य देविं दट्ठुं असुहज्झवसाय-दारुणं रन्नो
13183,मन्ने पिय-मित्ता इव साम-मुहा से थणा जाया // शुर्शुछ.८६
13184,
13185,नर-वर-वर-सुह-सङ्गम-सुह-विरहुक्कण्ठियेव देवीए
13186,उज्झिय साम-च्छय गण्ड-यलं पण्डुरं जायं // शुर्शुछ.८७
13187,
13188,सव्वेहिवि गरुयत्तं पत्तं न मएत्ति लद्ध-पत्थावं
13189,वित्थरियं से उदरं नर-वइणो वेरि-उग्गमणे // शुर्शुछ.८८
13190,
13191,दट्ठूणव उदरस्सवि गरुयत्तं जाय-तिव्व-अभिमाणं
13192,वड्ढइ नियम्ब-बिम्बं मा जिणिज्जत्ति चिन्ताए // शुर्शुछ.८९
13193,
13194,कमसो पसवण-समए सम्पत्ते ससहरम्मि मूलत्थे
13195,पाव-ग्गहावलोइय-लग्गे लग्गाइ विट्ठीए // शुर्शुछ.९०
13196,
13197,
13198,[प. ६४९]
13199,सुरसुन्दरी-पसूया महया किच्छेण दारयं ताहे
13200,हित्थ-हियएण रन्ना वाहरिओ पवर-जोइसिओ // शुर्शुछ.९१
13201,
13202,पुट्ठो य कहसु तणयस्स गुण-गणं एयस्स समय-जायस्स
13203,घूणिय-सिरेण तेणवि भणियं नर-नाह! निसुणेसु // शुर्शुछ.९२
13204,
13205,एरिस-समए जाओ जणयस्स न सुन्दरो हवइ बालो
13206,वड्ढन्तो पिउ-गेहे हणइ कुलं राय-लच्छिं च // शुर्शुछ.९३
13207,
13208,देव! न रूसेयव्वं जाव तुमं नेव पेच्छसे एयं
13209,तावच्चिय तुह कुसलं पाणाणवि संसओ दिट्ठे // शुर्शुछ.९४
13210,
13211,रन्ना भणियं भद्दय! को कोवो एत्थ वत्थु-परमत्थे
13212,सत्थ-समत्थिय-मज्झत्थ-तत्त-बुद्धीहिं कहियम्मि? // शुर्शुछ.९५
13213,
13214,कय-उवयारम्मि गए स-ट्ठाणं अह निवेण वाहित्ता
13215,भणिया सुहासणत्था पियंवया सोय-तविएण // शुर्शुछ.९६
13216,
13217,
13218,[प. ६५०]
13219,पढम-सुय-जम्म-दियहे हरिसो किर होइ जणणि-जणयाणं
13220,तं पुण दिव्व-वसेणं अम्हं अन्नारिसं जायं // शुर्शुछ.९७
13221,
13222,ता भद्दे! तं गच्छसु बालं घित्तूण धावि-सञ्जुत्तं
13223,निय-सासुरए सिग्घं वुड̣धिं तत्थेव नेयव्वो // शुर्शुछ.९८
13224,
13225,तीए तहत्ति भणिउं नीओ सुरनन्दणम्मि नयरम्मि
13226,सिट्ठो तव्वुत्तन्तो खयराहिव-नियय-दइयस्स // शुर्शुछ.९९
13227,
13228,जलणप्पह-खयराहिव-पिय-भज्जा-चित्तलेह-तणयस्स
13229,जलकन्तस्स उ सव्वो तेणवि बहु मन्निया एसा // शुर्शुछ.१००
13230,
13231,ताहे जलकन्तेणवि जम्मण-महिमाइ-सयल-कायव्वं
13232,काऊण कयं नामं सुह-दियहे मयणवेगॊत्ति // शुर्शुछ.१०१
13233,
13234,कमसो पवड्ढमाणो पत्तो सो जोव्वणं मयणवेगो
13235,अविणीओ दुस्सीलो अकच्च-निरओ कयग्घो य // शुर्शुछ.१०२
13236,
13237,
13238,[प. ६५१]
13239,जलकन्त-खयर-पुत्तो कञ्चणदेवीइ गब्भ-सम्भूओ
13240,जलवेगो से मित्तो जाओ सहपạधिय-रमिउत्ति // शुर्शुछ.१०३
13241,
13242,सुरसुन्दरीइ कइयावि सीह-सुमिणेण सूइओ तणओ
13243,उप्पन्नो बीओवि य सुह-तिहि-नक्खत्त-जोगम्मि // शुर्शुछ.१०४
13244,
13245,रुवेण अणङ्ग-समो सूरो चाई पियंवओ दक्खो
13246,नामेण 'णङ्गकेऊ सुविणीओ जणणि-जणयाण // शुर्शुछ.१०५
13247,
13248,कमसो जोव्वण-पत्तो जुवराय-पयम्मि ठाविओ एसो
13249,साहिय-विज्जो वियरइ इच्छाए खयर-नयरेसु // शुर्शुछ.१०६
13250,
13251,महु-मासे सम्पत्ते राया अन्तेउरेण सञ्जुत्तो
13252,अट्ठाहिय-महिमट्ठा पत्तो वेयड्ढ-कूडम्मि // शुर्शुछ.१०७
13253,
13254,महया विच्छड्डेणं पत्ता वेयड्ढ-वासिणो खयरा
13255,गन्धव्व-नट्ठ-पउरा वट्टइ अट्ठाहिया जाव // शुर्शुछ.१०८
13256,
13257,
13258,[प. ६५२]
13259,ताव य गङ्गावत्ताउ आगया खयर-नियर-परिचरिया
13260,वर-रूववई कन्ना अणङ्गवेगत्ति नामेण // शुर्शुछ.१०९
13261,
13262,दिट्ठा सा जुवरन्ना तीएवि सिणिद्ध-दिट्ठि-पाएण
13263,विद्धो अणङ्ग-बाणेहिं झत्ति आयल्लयं पत्तो // शुर्शुछ.११०
13264,
13265,"पुच्छइ अणङ्गकेऊ वसन्तनामं वयसियं, भद्द!"
13266,कस्सेसा वर-विलया कस्स व धूया ओ किंनामा? // शुर्शुछ.१११
13267,
13268,भणियं वसन्तएणं गङ्गावत्तम्मिं आसि वर-राया
13269,सिरि-गन्धवाहणॊत्ति य महिला मयणावली तस्स // शुर्शुछ.११२
13270,
13271,"तीए य तिण्णि तणया पढमो नहवाहणो, मयरकेऊ"
13272,तइओ य मेहनाओ विज्जा-बल-गव्विआ सूरा // शुर्शुछ.११३
13273,
13274,"पिउणा सह पव्वइए जाए नहवाहणे, मयरकेऊ"
13275,जाओ राया सोवि य वियणे विज्जं पसाहिन्तो // शुर्शुछ.११४
13276,
13277,
13278,[प. ६५३]
13279,पिउणा तुज्झ पमाएण मारिओ छिन्न-वंस-जालीए
13280,गुरु-करुणागएणं तुह पिउणा ठाविओ रज्जे // शुर्शुछ.११५
13281,
13282,"एसो उ मेहनाओ, दिन्नाणि पभूय-गाम-नयराणि"
13283,चित्तगइ-खयर-धूया दिन्ना पउमोयरा पवरा // शुर्शुछ.११६
13284,
13285,तीए एसा धूया कन्ना नामेण मयणवेगत्ति
13286,एयं च कुमर! मग्गइ पियंयमाए पिययमस्स // शुर्शुछ.११७
13287,
13288,जलकन्तस्स उ पुत्तो कञ्चणदेवीइ कुच्छि-सम्भूओ
13289,"जलवेगो, किं दिन्ना नवित्ति सम्मं न याणामि // शुर्शुछ.११८"
13290,
13291,इय सोऊण कुमारो वज्जरइ वसन्त! सुणसु मह वयणं
13292,एयं कन्ना-रयणं विणा उ मह नत्थि जीयासा // शुर्शुछ.११९
13293,
13294,जइ जीविएण कज्जं अहयं वा वल्लहो जइ य तुज्झ
13295,ता गन्तूणं तायं तह भणसु जहा लहुं लहइ // शुर्शुछ.१२०
13296,
13297,
13298,[प. ६५४]
13299,अह सो बाल-वयंसो नाऊणं निच्छयं कुमारस्स
13300,गन्तूण य तं रन्नो जहट्ठियं साहए सव्वं // शुर्शुछ.१२१
13301,
13302,रन्नावि मेहनाओ वाहरिऊणं विमग्गिओ कन्नं
13303,तेणवि य तस्स दिन्ना वियसिय-वयणारविन्देण // शुर्शुछ.१२२
13304,
13305,गङ्गावत्ते वत्तं पाणिग्गहणं महा-विभूईए
13306,नीया य मयणवेया कुमरेणं नियय-नयरम्मि // शुर्शुछ.१२३
13307,
13308,सोऊण पाणिग्गहणं जलवेगो दुमिओ य चित्तेण
13309,कन्ना-विओय-दुहिओ दुक्खं नरओवमं पत्तो // शुर्शुछ.१२४
13310,
13311,रुट्ठो अणङ्गकेउस्स चिन्तए विविह-मारणोवाए
13312,लद्धोवाओ गन्तूण साहए मयणवेगस्स // शुर्शुछ.१२५
13313,
13314,मित्त! तुमं न वियाणसि जेट्ठ-सुओ तं हि मयरकेउस्स
13315,सुरसुन्दरीइ पुत्तो इहाणिओ जन्म-दिवसम्मि // शुर्शुछ.१२६
13316,
13317,
13318,[प. ६५५]
13319,अवमन्निओ सि मित्तय! जणएण तुमं सुनिट्ठुर-मणेण
13320,तुज्झ कणिट्ठो भाया जुवरज्जे जेण अहिसित्तो // शुर्शुछ.१२७
13321,
13322,माया-वित्ताणि य तुज्झ दंसणं कहवि नेय इच्छन्ति
13323,वेरिय-सरिसं धारेन्ति जेण दूर-ट्ठियं निच्चं // शुर्शुछ.१२८
13324,
13325,न य लहसि तुमं गन्तुं तीइ दिसाएवि जत्थ तुह जणओ
13326,ता पिउ-परिभूएणं वयंस! किं तुज्झ जीएण? // शुर्शुछ.१२९
13327,
13328,एमाइ-वयण-महु-सप्पि-होमिओ तस्स गुरु-पओसग्गी
13329,जलिओ जम्म-परम्पर-निबद्ध-सम्बन्ध-जोगेण // शुर्शुछ.१३०
13330,
13331,अह सो रोस-वसट्टो पभणइ दंसेहि वेरियं पियरं
13332,दंसेमि अवन्नाए जेण फलं तस्स पावस्स // शुर्शुछ.१३१
13333,
13334,भणइ तओ जलकन्तो सो तुज्झ पिया अणेग-खयरेहिं
13335,रक्खिज्जइ तिक्खालिय-खग्ग-गयावग्ग-हत्थेहिं // शुर्शुछ.१३२
13336,
13337,
13338,[प. ६५६]
13339,रूव-परिवत्तिणिं मित्त! गेण्ह एयं कुलागयं विज्जं
13340,जेण जहिच्छिय-अत्थस्स साहगो होसि अइरेण // शुर्शुछ.१३३
13341,
13342,दिन्ना य तेण विज्जा रन्नं गन्तूण साहिया कमसो
13343,गयपुरमागम्म ठिओ चेडी-रूपेण देवि-गिहे // शुर्शुछ.१३४
13344,
13345,सुरसुन्दरीइ चेडी ललियं हरिऊण दूर-देसम्मि
13346,मोत्तूण तीइ रूवेण सो ठिओ निव-वहट्ठाए // शुर्शुछ.१३५
13347,
13348,कसिणाहि-डसण-दिवसाउ नर-वई दिव्व-अङ्गुलीएण
13349,कर-सण्ठिएण चिट्ठइ सुरयाइयं पमोत्तूणं // शुर्शुछ.१३६
13350,
13351,अह अन्नया नरिन्दो भोत्तूणं खयर-कञ्चुइ-समग्गो
13352,देवी-घरं पविट्ठो दिट्ठो चेडीइ पावाए // शुर्शुछ.१३७
13353,
13354,मोत्तूणं अङ्गरक्खे बाहिं देवीए विहिय-मङ्गिल्लो
13355,वास-हरम्मि पविट्ठो रयण-विचित्तम्मि देवि-जुओ // शुर्शुछ.१३८
13356,
13357,
13358,[प. ६५७]
13359,परिहासाइहिं खणं अच्छित्ता सुरय-सेवणारम्भे
13360,मिल्लइ अङ्गुलीयं देवी आभरण-ठाणम्मि // शुर्शुछ.१३९
13361,
13362,पारद्धम्मि य सुरए सहसा आयड̣धिऊण करवालं
13363,चेडी-वेसेण ठिओ तणय-कयन्तो तहिं पत्तो // शुर्शुछ.१४०
13364,
13365,जणणी-सुरयासत्तं जणयं घाएउमुज्जओ तणओ
13366,हा! हा! कट्ठठमकज्जं धिरत्थु संसार-वासस्स // शुर्शुछ.१४१
13367,
13368,जाणतो निय-पुत्तो पियरं घाएइ जणणि-सञ्जुत्तं
13369,दोस-परद्धो जम्हा अहो! दुरन्तो इमो दोसो // शुर्शुछ.१४२
13370,
13371,रागाओ होइ दोसो दोसाओ होइ वेर-सम्बन्धो
13372,वेराओ पाणि-घाओ तत्तो गुरु-कम्म-बन्धॊत्ति // शुर्शुछ.१४३
13373,
13374,कम्म-गुरू पाणि-गणो निवडइ तिरि-नरय-दुक्ख-गहणम्मि
13375,दुक्ख-परद्धो पावं कुणमाणो भमइ पुणरुत्तं // शुर्शुछ.१४४
13376,
13377,
13378,[प. ६५८]
13379,नरयाओ तिरियत्ते तिरियत्ताओ पुणोवि नरयम्मि
13380,दुक्ख-सय-सम्पउत्तं भव-परियट्टं कुणइ जीवो // शुर्शुछ.१४५
13381,
13382,एवं नाऊण जणा राग-द्दोसाण वज्जणं कुणह
13383,भव-सय-किलेस-बहुलं संसारं जेण उत्तरह // शुर्शुछ.१४६
13384,
13385,उग्गिन्न-खग्गमबलं अवलोइय नरवईवि विम्हहिओ
13386,चिन्तेइ अहो! धट्ठा मज्झ वहट्ठा इह पविट्ठा // शुर्शुछ.१४७
13387,
13388,लल्लक्क-मुक्क-हुङ्कार-पुव्वयं थंमणीए विज्जाए
13389,थंमिय-देहा जाया निच्चिट्ठा चित्त-मुत्तिव्व // शुर्शुछ.१४८
13390,
13391,देवीवि विम्हिय-मणा भणइ य ललिए! किमेवमारद्धं
13392,पावे! केण पउत्ता दुट्ठेणं घाइया रन्नो? // शुर्शुछ.१४९
13393,
13394,रन्ना भणियं इत्थीए साहसं एरिसं न सम्भवइ
13395,ता देवि! कोवि दुट्ठो दिट्ठो कालेण पुरिसो 'यं // शुर्शुछ.१५०
13396,
13397,
13398,[प. ६५९]
13399,पर-विज्जा-च्छेयकरिं विज्जं आवाहिऊण नर-वइणा
13400,चिर-काल-साहियाओ छिन्नाओ तस्स विज्जाओ // शुर्शुछ.१५१
13401,
13402,तच्छेयाओ जाओ पयइत्थो सो पकम्पमाण-तणू
13403,भणियं निवेण अणुहरइ देवि! एसो कुमारस्स // शुर्शुछ.१५२
13404,
13405,ता नूणं सो एसो पढमो तुह पुत्तओ न अन्नॊत्ति
13406,तं सुणिय इमा जाया भय-लज्जा-सोय-सम्भन्ता // शुर्शुछ.१५३
13407,
13408,तम्मि य दिणम्मि सुरनन्दणाओ जलकन्त-सन्तिओ दूओ
13409,फुड-वयणो नामेणं समागओ राय-कज्जेण // शुर्शुछ.१५४
13410,
13411,सो वाहरिओ रन्ना पुट्ठो किं भद्द! होइ सो एसो
13412,सो जो पियंवयाए पासे सम्पेसिओ आसि? // शुर्शुछ.१५५
13413,
13414,जम्म-दिणे नेमित्तिय-वयणाओ जायमेत्तओ पुत्तो
13415,भणियं च तेण एवं एसो मयणवेगॊत्ति // शुर्शुछ.१५६
13416,
13417,
13418,[प. ६६०]
13419,सोऊण तस्स वयणं राया सोयाउरो विचिन्तेई
13420,अज्जवि पुव्व-विरुद्धो वइरी पट्ठिं न छड्डइ // शुर्शुछ.१५७
13421,
13422,धी! संसार-सहावो पुत्तोवि हु दारुणो हवइ वइरी
13423,पिच्छ अकारण-कुविओ ववसइ एयारिसं पावं // शुर्शुछ.१५८
13424,
13425,मन्तीहिं समंमन्तं गुत्तं काऊण ताण वयणेणं
13426,कट्ठ-हरे सो छụधो नर-वइ-हिय-पुरिस-कय-रक्खो // शुर्शुछ.१५९
13427,
13428,तत्थवि कलुसिय-हियओ पिय-वह-परिणाम-निच्छय-मईओ
13429,कोहेण धमधमन्तो किच्छेणं गमइ दियहाइं // शुर्शुछ.१६०
13430,
13431,अह अन्नया कयाइवि पज्जोसवणा-दिणम्मि सम्पत्ते
13432,चारागार-नर-गणे विसुज्झमाणे निवाणाए // शुर्शुछ.१६१
13433,
13434,सुमरइ तणयं जेट्ठं कट्ठ-हरे सण्ठियं नर-वरिन्दो
13435,चिन्तइ हा! कट्ठं न हु जुत्तं मज्झ एरिसयं // शुर्शुछ.१६२
13436,
13437,
13438,[प. ६६१]
13439,जइवि हु कयावराहो दुस्सीलो हन्दि! नन्दणो मज्झ
13440,तहवि हु तम्मि निरुद्धे रज्ज-सुहं न पसंसामि // शुर्शुछ.१६३
13441,
13442,पज्जोसवणावि हु मह न य सुज्झइ तम्मि बन्धण-ठियम्मि
13443,इय चितिऊण मुक्को पेसल-वयणेहिं आलविओ // शुर्शुछ.१६४
13444,
13445,मुञ्चसु पुत्त! विसायं कुणसु पसायं कुमार-भुत्तीए
13446,दिक्खाइ गहण-समए नियय-पए तं ठविस्सामि // शुर्शुछ.१६५
13447,
13448,देसन्ते गाम-सयं दाउं पच्चइय-नियय-नर-सहिओ
13449,पट्ठविओ सोवि गओ अमुक्क वेरो निय-मणम्मि // शुर्शुछ.१६६
13450,
13451,चिन्तेइ सो कयग्धो विविहोवाएहिं मारणं पिउणो
13452,रत्तीए लहइ निद्दं न य सो कूडाइं चिन्तेन्तो // शुर्शुछ.१६७
13453,
13454,तत्थ य पव्वय-गहणे पल्ली-पासम्मि संवसन्तस्स
13455,मूलीए गवेसन्तो धूम-मुहो आगओ जोगी // शुर्शुछ.१६८
13456,
13457,
13458,[प. ६६२]
13459,उवयरिओ सो तेणं सयणासण-भोयणाईहिं
13460,तुट्ठेण तेण दिन्नं अद्दिस्सं अञ्जणं तस्स // शुर्शुछ.१६९
13461,
13462,अञ्जिय-लोयण-जुयलो अद्दिस्सो सो मणेण चिन्तेइ
13463,मारेमि वेरियं तं जेण मणं निव्वुइं लहइ // शुर्शुछ.१७०
13464,
13465,एस मह रज्ज-लम्भो हन्तव्वो जं पिया स-हत्थेण
13466,वेरिय-जणेण दिन्नं रज्जं नरयं विसेसेइ // शुर्शुछ.१७१
13467,
13468,अह सो अद्दिस्स-तणू वञ्चिय सयलम्पि रक्खण-नरोहं
13469,आगम्म गयपुरम्मी रन्नो छिद्दं पलोएइ // शुर्शुछ.१७२
13470,
13471,वच्चोहर-ट्ठिओ सो सरीर-चिन्तत्थमागयं पियरं
13472,मणि-रहियं पट्ठीए पावो छुरियाए // शुर्शुछ.१७३
13473,
13474,दुट्ठं अपिच्छमाणो य नर-वई तक्खणेण निक्खन्तो
13475,पभणइ रुम्भह दांरं अद्दिस्सो अच्छए कोवि // शुर्शुछ.१७४
13476,
13477,
13478,[प. ६६३]
13479,हण हण भणमाणेहिं कुन्तग्गाहेहिं रुद्ध-दारम्मि
13480,मरण-भयाओ पडिओ वेट्ठय कूवे मयणवेगो // शुर्शुछ.१७५
13481,
13482,पावं चितेइ नरो वेरिय-लोयस्स कूर-परिणामो
13483,नवरं निवडइ तस्सेव दुक्खयं इयर-पुन्नेहिं // शुर्शुछ.१७६
13484,
13485,रायाविं अङ्गरक्खेहिं तक्खणं वẹ̄धिओ परूढ-वणो
13486,जाओ मणि-सलिलेणं सिञ्चन्तो वेयणा-रहिओ // शुर्शुछ.१७७
13487,
13488,देसन्ताओ पत्ता भणन्ति परिरक्खगा नरा देव!
13489,अद्दिस्सो होऊणं नट्ठो मयणवेगो म्ह // शुर्शुछ.१७८
13490,
13491,अह राया संविग्गो चिन्तइ तणयस्स विलसियं एयं
13492,जाणन्तो किं अज्जवि निरुज्जमो धम्म-करणम्मि? // शुर्शुछ.१७९
13493,
13494,भोगासत्तो जिण-धम्म-वज्जिओ कहवि जइ मओ हॊन्तो
13495,अट्ट-ज्झाणोवगओ का मज्झ गई तओ हॊन्ता? // शुर्शुछ.१८०
13496,
13497,
13498,[प. ६६४]
13499,अह अन्नया कयाइवि विन्नत्तो सो निउत्त-खयरेण
13500,कुसुमायरम्मि सूरी समागओ चित्तवेगॊत्ति // शुर्शुछ.१८१
13501,
13502,पहसिय-वयणो-राया-दाऊणं पारिओसियं तस्स
13503,अन्तउरेण सहिओ सम्पत्तो सूरि-पासम्मि // शुर्शुछ.१८२
13504,
13505,ति पयक्खिणिऊण मुणिं वन्दइ विणओणमन्त-सिर-कमलो
13506,तह अमरकेउमाई वन्दिय भत्तीइ उवविट्ठो // शुर्शुछ.१८३
13507,
13508,संसारुव्वेयकरी राग-द्दोसाइ-सत्तु-निम्महणी
13509,संवेगकरी विहिया वित्थरओ देसणा गुरुणा // शुर्शुछ.१८४
13510,
13511,तं सोउं संविग्गो पुच्छइ राया कहेहि मे भयवं!
13512,किं वहइ वेर-भावं मह पुत्तो मयणवेगॊत्ति? // शुर्शुछ.१८५
13513,
13514,"कत्थ व चिट्ठइ सम्पइ, पभणइ सूरी सुणेहि नर-नाह!"
13515,जो सो सुबन्धु-जीवो आसि सुरो कालबाणो ते // शुर्शुछ.१८६
13516,
13517,
13518,[प. ६६५]
13519,काउं विज्जा-च्छेयं सुरसुन्दरी-हरण-समय-खीणाऊ
13520,उप्पन्नो वण-महिसो दवेण दड̣धो मओ रन्ने // शुर्शुछ.१८७
13521,
13522,खय-किमि-कुलाउलाए गब्भे छुहियाए सारमेईए
13523,जाओ सुणओ ताव य पञ्चम-दिवसे मया जणणी // शुर्शुछ.१८८
13524,
13525,डिम्भ-कयत्थण-दुहिओ भुक्खाइ मओ तओवि विप्प-गिहे
13526,जाओ गलि-गोरहओ तोत्तय-घाएहिं विद्दविओ // शुर्शुछ.१८९
13527,
13528,गलियत्तण-खिन्नेणं दिन्नो विप्पेण घञ्चिय-वरस्स
13529,तिल-जन्तम्मि वहन्तो अहोनिसिं दुब्बलो जाओ // शुर्शुछ.१९०
13530,
13531,किमि-काय-खइय-देहो पाए घसिऊण दीहरं कालं
13532,गोसीस-तरु-गणड̣धे हिमवन्ते पन्नगो जाओ // शुर्शुछ.१९१
13533,
13534,डसिओ तेण नर-वर! पण्होत्तर-वावडो सह पियाए
13535,तुह अङ्गरक्ख-निहओ उप्पन्नो मयणवेगो सो // शुर्शुछ.१९२
13536,
13537,
13538,[प. ६६६]
13539,पुव्व-कय-वेर-वसओ पुत्तोवि वहुज्जओ इमो तेण
13540,अद्दिस्सो हणइ तुमं सॊ च्चिय वच्चो-हरे तइया // शुर्शुछ.१९३
13541,
13542,कोतक्कन्तो भय-सम्भमेण पडिओ स वच्च-कूवम्मि
13543,वच्चाहारो तहियंव सो ठिओ दीहरं कालं // शुर्शुछ.१९४
13544,
13545,असुद्ध-विसोहय-पुरिसेहिं-दार-पिहणे कयाइ अवणीए
13546,रत्तीए निग्गओ सो नट्ठो य भएण तुह राय! // शुर्शुछ.१९५
13547,
13548,पावोदएण अणुचिय-आहार-निसेवणेण से कोढं
13549,जायं वेयण-पउरं सम्पइ सो भमइ दुक्खत्तो // शुर्शुछ.१९६
13550,
13551,सोऊण सूरि-वयणं संविग्गो जाय-विरइ-परिणामो
13552,सुरसुन्दरि-बीय-सुयं अणङ्गकेउं ठविय रज्जे // शुर्शुछ.१९७
13553,
13554,जिण-चेइयाण पूयं काउं दाऊण विविह-दाणाइं
13555,वत्थासणाइएहिं सम्माणेऊण मुणि-सङ्घं // शुर्शुछ.१९८
13556,
13557,
13558,[प. ६६७]
13559,बहु-विज्जाहर-सहिओ पव्वइओ जाय-तिव्व-संवेगो
13560,सुह-लग्गे सम्पत्ते पय-मूले चित्तवेगस्स // शुर्शुछ.१९९
13561,
13562,सुरसुन्दरीवि सोउं वेर-निमित्तं सुदारुणं दुक्खं
13563,पव्वइया गणिणीए पय-मूले कणगमालाए // शुर्शुछ.२००
13564,
13565,इय तिन्निवि मिलियाओ वय-पडिवत्तीए पुव्व-भगिणीओ
13566,ताणं च पुव्व-दइया मित्ता ते तिन्निवि मिलिया // शुर्शुछ.२०१
13567,
13568,चित्तगइ-वायगस्स ओ पासे पạधिऊण अङ्ग-सुत्ताइं
13569,अत्थं सुणेइ मूले गुरुणो सिरि-चित्तवेगस्स // शुर्शुछ.२०२
13570,
13571,कालेण मयरकेऊ सुत्तत्थ-विसारओ महा-सत्तो
13572,पञ्चविहम्पि य तुलणं करेइ एगागि-पडिमट्ठा // शुर्शुछ.२०३
13573,
13574,तव-भावणाए भाविय अत्ताणं सत्त-भावणब्भासं
13575,कुणमाणो पेयवणे रत्तीए ठाइ उस्सग्गं // शुर्शुछ.२०४
13576,
13577,
13578,[प. ६६८]
13579,एत्थंरम्मि सूरी विहरन्तो पाविओ पुरिं चम्पं
13580,पडिमाए मयरकेऊ पइदियहं ठाइ पेयवणे // शुर्शुछ.२०५
13581,
13582,चित्तगइ-वायगोवि य वायण-समयम्मि साहु-मज्झ-गओ
13583,विगह-पमायासत्तो हरिओ केणावि देवेण // शुर्शुछ.२०६
13584,
13585,अह मुणिणो विम्हइया गुरुण साहिन्ति हरण-वुत्तन्तं
13586,उवउत्तो पुव्व-गए नाउं तं वइयरं सूरी // शुर्शुछ.२०७
13587,
13588,आमन्तिऊण समणे पवत्तिणिं सयल-साहुणि-समेयं
13589,वज्जरइ गुरू अज्जा! वज्जह वेरं सुदूरेण // शुर्शुछ.२०८
13590,
13591,जो सो मोहिल-जीवो सुमङ्गलो पर-भवम्मि रुट्ठेण
13592,धणवइ-जीव-सुरेण हय-विज्जो माणुस-नगस्स // शुर्शुछ.२०९
13593,
13594,परओ मुक्को तइया हिडन्तो मणुय-विरहिए रन्ने
13595,डसिओ कुक्कुड-सप्पेण सो मओ भमइ संसारे // शुर्शुछ.२१०
13596,
13597,
13598,[प. ६६९]
13599,नायर-तिरिय-नरेसुं दारुण-दुक्खाइं तत्थ अणुहविउं
13600,सिद्धत्थपुरे जाओ सुरहो सो कणगवइ-पुत्तो // शुर्शुछ.२११
13601,
13602,खय-वाहीए मयम्मी सुग्गीवे नर-वई इमो जाओ
13603,तक्कम्मुदया रज्जं अहिट्ठिंयं सुप्पइटठेणं // शुर्शुछ.२१२
13604,
13605,रज्ज-ब्भट्ठो चम्पाए आगओ कित्तिधम्म-नर-वइणा
13606,देसन्ते गाम-सयं दिन्नं से धूय-तणयस्स // शुर्शुछ.२१३
13607,
13608,दुन्नयकारी भीमेण राइणा कित्तिघम्म-तणएण
13609,निव्वासिओ अडन्तो निव्विन्नो ताव-सो जाओ // शुर्शुछ.२१४
13610,
13611,काऊण य बाल-तवं जोइसवासी सणिच्छरो जाओ
13612,सरिऊण पुव्व-वइरं इहागओ चित्तगइ-पासे // शुर्शुछ.२१५
13613,
13614,छिद्दं गवेसयन्तो विगह-पमत्तो य वायगो अज्ज
13615,अवहरिउं पक्खित्तो सुरेण सो लवण-जलहिम्मि // शुर्शुछ.२१६
13616,
13617,
13618,[प. ६७०]
13619,सुह-परिणामो भयवं सुक्क-ज्झाणेण दड्ढ-कम्मंसो
13620,सम्पइ भव-भय-मुक्को अन्तगडो केवली जाओ // शुर्शुछ.२१७
13621,
13622,सोऊण सूरि-वयणं समणा समणी य परम-संविग्गा
13623,तावय पेयवणाओ समागओ अमरकेउ मुणी // शुर्शुछ.२१८
13624,
13625,भणइ य गुरु-आणाए धणदेव-जुओ अहं तु पेयवणे
13626,भयवं! गओ पहाए पासे मुणि-मयरकेउस्स // शुर्शुछ.२१९
13627,
13628,तहियं य न सो दिट्ठो दिट्ठा य चिया फुरन्त-इङ्गाला
13629,गन्धोदग-कुसुम-वासं च निवडियं दीसए तत्थ // शुर्शुछ.२२०
13630,
13631,दुगुणाणिय संवेगो पभणइ सूरीवि नाय-परमत्थो
13632,दुक्खत्तो हिण्डन्तो इहागओ मयणवेगो सो // शुर्शुछ.२२१
13633,
13634,पेयवणे पडिमत्थं पियरं दट्ठण चिन्तए पावो
13635,इण्हिं करेमि सहलं निय-जम्म-वेरियं हन्तुं // शुर्शुछ.२२२
13636,
13637,
13638,[प. ६७१]
13639,दारुय-भरियं सगडं भग्गं मोत्तूण तत्थ सागडिओ
13640,उस्सूरन्ति पइट्ठो वसमे घित्तूण नयरीए // शुर्शुछ.२२३
13641,
13642,जाए तमन्धयारं तहि ओ कट्ठेंहिं तेंण पावेण
13643,पच्छाइऊण दड̣धो चीया-जलणेण सो साहू // शुर्शुछ.२२४
13644,
13645,देहं स दहइ सिही सुक्क-ज्झाणेण सोवि कम्माइं
13646,अविचल-चित्तो भयवं अन्तगडो केवली जाओ // शुर्शुछ.२२५
13647,
13648,एवं समुल्लवन्तस्स सूरिणो उल्लसन्त-विरियस्स
13649,खविए कम्म-चउक्के उप्पन्नं केवलं नाणं // शुर्शुछ.२२६
13650,
13651,तह अमरकेउ-मुणिणो धणदेव-जइस्स कणगमालाए
13652,कमलावइ-सुरसुन्दरि-पियङ्गुवरमञ्जरीए य // शुर्शुछ.२२७
13653,
13654,सुह-भावाणमिमाणं उप्पण्णं केवलं वरं नाणं
13655,देवेहिं कया महिमा मोक्खं पत्ताणि कालेण // शुर्शुछ.२२८
13656,
13657,
13658,[प. ६७२]
13659,पावेण मयणवेगो भमिही संसार-सायरमणन्तं
13660,ता भो भव्वा! उज्झह राग-द्दोसे महा-सत्तू // शुर्शुछ.२२९
13661,
13662,इत्थ य कहा समप्पइ सुरसुन्दरि-नामिया पुरा भणिया
13663,राग-द्दोसे-विमुक्कं पणमह भतीइ जिणइन्दं // शुर्शुछ.२३०
13664,
13665,निच्च-पलोयण-निरया तग्गय-चित्ता विमुक्क-वावारा
13666,अत्थ-पयाण-रहिया जासिं वयणम्पि न लहन्ति // शुर्शुछ.२३१
13667,
13668,निय-अत्थ-पयाणेवि हु रस-रहियाओ न दिन्ति सब्भावं
13669,परमत्थ-विरहियाणं अन्नत्थ-निबद्ध-चिन्नाओ // शुर्शुछ.२३२
13670,
13671,तासु वर-वेसियासुव सुवन्न-रयणुच्छलन्त-सोहासु
13672,बहल-निरतर-वन्नय-सञ्जाय-सरीर-सोहासु // शुर्शुछ.२३३
13673,
13674,आसत्तं सुवियड̣धाण माणसं जइवि अणुदिणं नूणं
13675,तहवि हु मह विन्नत्तिं सुणन्तु इह सज्जणा सरला // शुर्शुछ.२३४
13676,
13677,
13678,[प. ६७३]
13679,निरलङ्काराच्छन्दाणुवत्तिणी ललिय-कोमल-सरीरा
13680,दालिद्दिय-वर-कुल-बालियव्व एसा कहा तुम्ह // शुर्शुछ.२३५
13681,
13682,उवणीया सुयणाणं अन्नासत्तावि वारयं दाउं
13683,अवियडạधावि वियड̣धा जह होइ तहा जइज्जाह // शुर्शुछ.२३६
13684,
13685,आसि जिणो जय-बन्धू तित्थयरो वद्धमाण-नामॊत्ति
13686,संसार-जलहि-मज्जन्त-जन्तु-जण-जाणवत्त-समो // शुर्शुछ.२३७
13687,
13688,सीसो तस्स सुहम्मो तत्तो जम्बू तओ य पभवॊत्ति
13689,एवं सूरीण परम्पराए ता जाव वइरॊत्ति // शुर्शुछ.२३८
13690,
13691,साहाए तस्स सूरी जिणेसरो नाम आसि विक्खाओ
13692,तत्तो य निम्मल-गुणो उज्झाओ अल्लओ नाम // शुर्शुछ.२३९
13693,
13694,सीसो य तस्स सूरी सूरोव्व सयावि जणिय-दोसन्तो
13695,आसि सिरि-वद्धमाणो पवड्ढमाणो गुण-सिरीए // शुर्शुछ.२४०
13696,
13697,
13698,[प. ६७४]
13699,रागो य जस्स धम्मे आसि पओसो य जस्स पावम्मि
13700,तुल्लो य मित्त-सत्तुसु तस्स य जाया दुवे सीसा // शुर्शुछ.२४१
13701,
13702,दुव्वार-वाइ-वारण-मरट्ट-निट्टवण-निट्ठुर-मइन्दो
13703,जिण-भणिय-सुद्ध-सिद्धन्त-देसणा-करण-तल्लिच्छो // शुर्शुछ.२४२
13704,
13705,जस्स य अईव-सुललिय-पय-सञ्चारा पसन्न-वाणीया
13706,अइकोमला सिलेसे विविहालङ्कार-सोहिल्ला // शुर्शुछ.२४३
13707,
13708,लीलावइत्ति-नामा सुवन्न-रयणोह-हारि-सयलङ्गा
13709,वेसव्व-कहा वियरइ जयम्मि कय-जण-मणाणन्दा // शुर्शुछ.२४४
13710,
13711,एगा ताण जिणेसर-सूरी सूरोव्व उक्कड-पयावो
13712,तस्स सिरि बुद्धिसागरसूरी य सहोयरो बीओ // शुर्शुछ.२४५
13713,
13714,पुन्नं-सरदिन्दु-सुन्दर-निय-जस-पब्भार-भरिय-भुवण-यलो
13715,जिण-भणिय-सत्थ-परमात्थ-वित्थरासत्त-सुह-चित्तो // शुर्शुछ.२४६
13716,
13717,
13718,[प. ६७५]
13719,जस्स य मुह-कुहराओ विणिग्गया अत्थ-वारि-सोहिल्ला
13720,बुह-चक्कवाय-कलिया रङ्गन्त-सुफक्किय-तरङ्गा // शुर्शुछ.२४७
13721,
13722,तडरुह-अवसद्द-महीरुहोह-उम्मूलणम्मि सुसमत्था
13723,अज्झाय-पवर-तित्था-पञ्चग्गन्थी नई पवरा // शुर्शुछ.२४८
13724,
13725,तेसिं सीस-वरो धणेसर-मुणी एयं कहं पायडंचड्डावल्लि-पुरी-ठिओ स-गुरुणो आणाए पाढन्तरा
13726,कासी विक्कम-वच्छरम्मि य गए बाणङ्क-सुन्नोडुपेमासे भद्दवए गुरुम्मि कसिणे बीया-धणिट्ठा-दिणे // शुर्शुछ.२४९
13727,
13728,साहु-धणेसर-विरइय-सुबोह-गाहा-समूह-रम्माए
13729,रागग्गि-दोस-विसहर-पसमण-जल-मन्त-भूयाए // शुर्शुछ.२५०
13730,
13731,एसोवि पुव्व-सूइय-निव्वाण-विहाण-वन्नणो नाम
13732,सुरसुन्दरी कहाए सोलसमो इह परिच्छेओ // शुर्शुछ.२५१
13733,
13734,
13735,
