line_number,devanagari_text
1,[विणयसुयं]
2,
3,"सञ्जोगा विप्पमुक्कस्स, अनगारस्स भिक्खुणो"
4,"विनयं पाउकरिस्सामि, आनुपुव्विं सुणेह मे // उत्त.१"
5,
6,"आणानिद्देसकरे, गुरुणमुववायकारए"
7,"इङ्गियागारसम्पन्ने, से विनीए त्ति वुच्चई // उत्त.२"
8,
9,"आणा'निद्देसकरे, गुरुणमनुववायकारए"
10,"पडिनीए असम्बुद्धे, अविनीए त्ति वुच्चई // उत्त.३"
11,
12,"जहा सुणी पूइकण्णी, निक्कसिज्जई सव्वसो"
13,"एवं दुस्सीलपडिनीए, मुहरी निक्कसिज्जइ // उत्त.४"
14,
15,"कणकुं'गं चइत्ताणं, विट्ठं भुञ्जइ सूयरो"
16,"एवं सीलं चइत्ताणं, दुस्सीले रमई मिए // उत्त.५"
17,
18,"सुणिया'भावं साणस्स, सुयरस्स नरस्स य"
19,विनए ठवॆज्ज अप्पाणं इच्छन्तो हियमप्पणो // उत्त.६
20,
21,"तम्हा विनयमेसिज्जा, सीलं पडिलभॆज्जओ"
22,"बुद्धपुत्त नियागट्ठी, न निक्कसिज्जइ कण्हुई // उत्त.७"
23,
24,"निसन्ते सिया अमुहरी, बुद्धाणं अन्तिए सया"
25,"अट्ठजुत्ताणि सिक्खिज्जा, निरट्ठाणि उ वज्जए // उत्त.८"
26,
27,"अनुसासिओ न कुप्पिज्जा, खन्तिं सेविज्ज पण्डिए"
28,"खुड्डेहिं सह संसग्गिं, हासं कीडं च वज्जए // उत्त.९"
29,
30,"मा य चण्डालियं कासी, बहुयं मा य आलवे"
31,"कालेणं य अहिज्जित्ता, तओ झाइज्ज एगओ // उत्त.१०"
32,
33,"आहच्च चण्डालियं कुट्टु, न निण्हइज्ज कयाइ वि"
34,"कडं कडे त्ति भासॆज्जा, अकडं नो कडे त्ति य // उत्त.११"
35,
36,"मा गलियस्सेव कसं, वयणमिच्छे पुणो पुणो"
37,"कसं व दट्ठुमाइण्णे, पावगं परिवज्जए // उत्त.१२"
38,
39,"अनासवा थूलवया कुसीला, मिउम्पि चण्डं पकरॆन्ति सीसा"
40,"चित्ताणुया हु दक्खोववेया, पसायए ते हु दुरासयम्पि // उत्त.१३"
41,
42,"नापुट्ठो वागरे किञ्चि, पुट्ठो वा नालियं वए"
43,"कोहं असच्चं कुवॆज्जा, धारॆज्जा पियमप्पियं // उत्त.१४"
44,
45,"अप्पा चेव दमेयव्वो, अप्पा हु खलु दुद्दमो"
46,"अप्पा दन्तो सुही होइ, अस्सिं लोए परत्थ य // उत्त.१५"
47,
48,"वरं मे अप्पा दन्तो, सञ्जमेण तवेण य"
49,"मा'हं परेहि दम्मन्तो, बन्धणेहिं वहेहि य // उत्त.१६"
50,
51,"पडिनीयं च बुद्धाणं, वाया अदुव कम्मुणा"
52,"आवी वा जइवा रहस्से, नेव कुज्जा कयाइवि // उत्त.१७"
53,
54,"न पक्खओ न पुरओ, नेव किच्चाण पिट्ठओ"
55,"न जुञ्जे ऊरुणा ऊरुं, सयणे नो पडिस्सुणे // उत्त.१८"
56,
57,"नेव पल्हत्थियं कुज्जा, पक्खपिण्डं च सञ्जए"
58,"पाए पसारिए वा'वि, न चिट्ठे गुरुणन्तिए // उत्त.१९"
59,
60,"आयरिएहिं वाहित्तो, तुसिणीओ न कयाइ वि"
61,"पसायट्ठी नियागट्ठी, उवचिट्ठे गुरुं सया // उत्त.२०"
62,
63,"आलवन्ते लवन्ते वा, न निसीऎज्ज कयाइ वि"
64,"चइऊणं आसनं धीरो, जओ जुत्तं पडिस्सुणे // उत्त.२१"
65,
66,"आसनगओ न पुच्छॆज्जा, नेव सॆज्जागओ कयाइ वी"
67,"आगम्मुक्कडुओ सन्तो, पुच्छिज्जा पञ्जलीउडो // उत्त.२२"
68,
69,"एवं विनयजुत्तस्स, सुत्तं अत्थं च तदुभयं"
70,"पुच्छमाणस्स सीसस्स, वागरिज्ज जहासुयं // उत्त.२३"
71,
72,"मुसं परिहरे भिक्खू, न य ओहारिणिं वए"
73,"भासादोसं परिहरे, मायं च वज्जए सया // उत्त.२४"
74,
75,"न लवॆज्ज पुट्ठो सावज्जं, न निरट्ठं न मम्मयं"
76,"अप्पणट्ठा परट्ठा वा, उभयस्सन्तरेण वा // उत्त.२५"
77,
78,"समरेसु अगारेसुं, गिहसन्धीसु य महापहेसु"
79,"एगो एगत्थिए सद्धिं, नेव चिट्ठे न संलवे // उत्त.२६"
80,
81,"जं मे बुद्धाणुसासन्ति, सीएण फरुसेण वा"
82,"मम लाभो त्ति पेहाए, पयओ य तं पडिस्सुणे // उत्त.२७"
83,
84,"अनुसासनमोवायं, दुक्कडस्स य चोयणं"
85,"हियं तं मन्नए पण्णो, वेसं होइ असाहुणो // उत्त.२८"
86,
87,"हियं विगयभया बुद्धा, फरुसम्पि अनुसासणं"
88,"वेसं तं होइ मूढाणं, खन्तिसोहिकरं पयं // उत्त.२९"
89,
90,"आसने उवचिट्ठॆज्जा, अणुच्चे अकुए थिरे"
91,"अप्पुट्ठाई निरुट्ठाई, निसीऎज्ज'प्पकुक्कुए // उत्त.३०"
92,
93,"कालेण निक्खमे भिक्खू, कालेण य पडिक्कमे"
94,"कालं च विवज्जिता, काले कालं समायरे // उत्त.३१"
95,
96,"परिवाडीए न चिट्ठॆज्जा, भिक्खू दत्तेसणं चरे"
97,"पडिरूवेण एसित्ता, मियं कालेण भक्खए // उत्त.३२"
98,
99,"नाइदूरमणासन्ने, नन्नेसिं चक्खुफासओ"
100,"एगो चिट्ठॆज्ज भत्तट्ठा, लङ्घित्ता तं नइक्कमे // उत्त.३३"
101,
102,"नाइउच्चे व नीए वा, नासन्ने नाइदूरओ"
103,"फासुयं परकडं पिण्डं, पडिगाहॆज्ज सञ्जए // उत्त.३४"
104,
105,"अप्पपाणे'प्पबीयंमि, पडिच्छन्नंमि संवुडे"
106,"समयं सञ्जए भुञ्जे, जयं अपरिसाडियं // उत्त.३५"
107,
108,"सुकडित्ति सुपक्कित्ति, सुच्छिन्ने सुहडे मडे"
109,"सुनिट्ठिए सुलद्धित्ति, सावज्जं वज्जए मुनी // उत्त.३६"
110,
111,"रमए पण्डए सासं, हयं भद्दं व वाहए"
112,"बालं संमइ सासन्तो, गलियस्सं व वाहए // उत्त.३७"
113,
114,"खड्डुया मे चवेडा मे, अक्कोसा य वहा य मे"
115,"कल्लाणमनुसासन्तो, पावदिट्ठित्ति मन्नई // उत्त.३८"
116,
117,"पुत्तो मे भाय नाइ त्ति, साहू कल्लाण मन्नई"
118,"पावदिटठि उ अप्पाणं, सासं दासे त्ति मन्नई // उत्त.३९"
119,
120,"न कोवए आयरियं, अप्पाणम्पि न कोवए"
121,"बुद्धोवघाई न सिया, न सिया तॊत्तगवेसए // उत्त.४०"
122,
123,"आयरियं कुवियं नच्चा, पत्तिएण पसायए"
124,"विज्झवॆज्ज पञ्जलीउडो, वऎज्ज न पुणॊत्तिय // उत्त.४१"
125,
126,"धम्मज्जियं च ववहारं, बुद्धेहायरियं सया"
127,"तमायरन्तो ववहारं, गरहं नाभिगच्छई // उत्त.४२"
128,
129,"मनोगयं वक्कगयं, जाणित्तायरियस्स उ"
130,"तं परिगिज्झ वायाए, कम्मुणा उववायए // उत्त.४३"
131,
132,"वित्ते अचोइए निच्चं, खिप्पं हवइ सुचोइए"
133,"जहोवइट्ठं सुकयं, किच्चाइं कुव्वई सया // उत्त.४४"
134,
135,"नच्चा नमइ मेहावी, लोए कित्ती से जायए"
136,"हवई किच्चाणं सरणं, भूयाणं जगई जहा // उत्त.४५"
137,
138,"पुज्जा जस्स पसीयन्ति, सम्बुद्धा पुव्वसन्थुया"
139,"पसन्ना लाभइस्सन्ति, विउलं अट्ठियं सुयं // उत्त.४६"
140,
141,"स पुज्जसत्थे सुविनीयसंसए, मनोरुई चिट्ठइ कम्मसम्पया"
142,"तवोसमायारिसमाहिसंवुडे, महज्जुई पञ्च वयाइं पालिया // उत्त.४७"
143,
144,"स देवगन्धव्वमनुस्सपुइए, चइत्तु देहं मलपङ्कपुव्वयं"
145,सिद्धे वा हवइ सासए देवे आ अप्परए महिड्ढिए // उत्त.४८
146,
147,त्ति बेमि.
148,
149,
150,
151,---------------------------------------------------------------------
152,[परीसहविभत्ती]
153,
154,"सुयं मे आउसं तेणं भगवया एवमक्खायं। इह खलु बावीसं परीसहा समणेणं भगवया महावीरेणं कासवेणं पवेइया. जे भिक्खू सॊच्चा नच्चा जिच्चा अभिभूय भिक्खायरियाए परिव्वयन्तो पुट्ठो नो विनिहन्नॆज्जा। कयरे खलु ते बावीसं परिसहा समणेणं भगवया महावीरेणं कासवेणं पवेइया, जे भिक्खू सॊच्चा नच्चा जिच्चा अभिभूयभिक्खायरियाए परिव्वयन्तो पुट्ठो नो विनिहन्नॆज्जा?"
155,
156,"इमे खलु ते बावीसं परिसहा समणेणं भगवया महावीरेणं कासवेणं पवेइया, जे भिक्खू सॊच्चा नच्चा जिच्चा अभिभूय भिक्खायरियाए परिव्वयन्तो पुट्ठो नो विनिहन्नॆज्जा; तं जहा-दिगिञ्छा-परीसहे, पिवासापरीसहे, सीयपरीसहे, उसिणपरीसहे, दंसमसगपरीसहे, अचेलपरीसहे, अरइपरीसहे, इत्थी-परीसहे, चरियापरीसहे, निसीहियापरीसहे, सॆज्जापरीसहे, अक्कोसपरीसहे, वहपरीसहे, जायणापरीसहे, अलाभपरीसहे, रोगपरीसहे, तणफासपरीसहे, जल्लपरीसहे, सक्कारपुरक्कारपरीसहे, पण्णापरीसहे, अन्नाण-परीसहे, दंसणपरीसहे."
157,
158,"परीसहाणं पविभत्ती, कासवेणं पवेइया"
159,"तं भे उदाहरिस्सामि, आनुपुव्विं सुणेह मे // उत्त.५०"
160,
161,"दिगिञ्छापरिगए देहे, तवस्सी भिक्खू थामवं"
162,न छिन्दे न छिन्दावए न पए न पयावए // उत्त.५१
163,
164,"कालीपव्वङ्गसङ्कासे, किसे धमनिसन्तए"
165,"मायन्नो असनपानस्स, अदीनमनसो चरे // उत्त.५२"
166,
167,"तओ पुट्ठो पिवासाए, दोगुञ्च्छी लद्धसञ्जए"
168,"सीओदगं न सेविज्जा, वियडस्सेसणं चरे // उत्त.५३"
169,
170,"छिन्नावाएसु पन्थेसु, आउरे सुपिवासिए"
171,"परिसुक्कमुहे'दीने, तं तितिक्खे परीसहं // उत्त.५४"
172,
173,"चरन्तं विरयं लूहं, सीयं फुसइ एगया"
174,"नाइवेलं मुनी गच्छे, सॊच्चाणं जिनसासनं // उत्त.५५"
175,
176,न मे निवारणं अत्थि छवित्ताणं न विज्जई
177,"अहं तु अग्गिं सेवामि, इइ भिक्खू न चिन्तए // उत्त.५६"
178,
179,"उसिणं परियावेणं, परिदाहेण तज्जिए"
180,"घिंसु वा परियावेणं, सायं नो परिदेवए // उत्त.५७"
181,
182,"उण्हाहितत्ते मेहावी, सिणाणं नो वि पत्थए"
183,"गायं नो परिसिञ्चॆज्जा, न वीऎज्जा य अप्पयं // उत्त.५८"
184,
185,"पुट्ठो य दंसमसएहिं, समरे व महामुनी"
186,"नागो सङ्गामसीसे वा, सूरो अभिभवे परं // उत्त.५९"
187,
188,"न सन्तसे न वारॆज्जा, मनं पि न पओसए"
189,"उवेहे न हणे पाणे, भुञ्जन्ते मंससोणियं // उत्त.६०"
190,
191,"परिजुण्णेहिं वत्थेहिं, हॊक्खामि त्ति अचेलए"
192,"अदुवा सचेलए हॊक्खं, इइ भिक्खू न चिन्तए // उत्त.६१"
193,
194,"एगया'चेलए होइ, सचेले यावि एगया"
195,"एयं धम्महियं नच्चा, नाणी नो परिदेवए // उत्त.६२"
196,
197,"गामाणुगामं रीयन्तं, अनगारं अकिञ्चनं"
198,"अरई अनुप्पवेसॆज्जा, तं तितिक्खे परीसहं // उत्त.६३"
199,
200,"अरइं पिट्ठओ किच्चा, विरए आयरक्खिए"
201,"धम्मारामे निरारम्भे, उवसन्ते मुनी चरे // उत्त.६४"
202,
203,"सङ्गो एस मणूसाणं, जाओ लोगंमि इत्थिओ"
204,"जस्स एया परिन्नाय, सुकडं तस्स सामण्णं // उत्त.६५"
205,
206,"एवमादाय मेहावी, पङ्कभूया उ इत्थिओ"
207,"नो ताहिं विनिहन्नॆज्जा, चरॆज्जत्तगवेसए // उत्त.६६"
208,
209,"एग एव चरे लाढे, अभिभूय परीसहे"
210,"गामे वा नगरे वा'वि, निगमे वा रायहाणिए // उत्त.६७"
211,
212,"असमाणे चरे भिक्खू, नेव कुज्जा परिग्गहं"
213,"असंसत्ते गिहत्थेहिं, अनिएओ परिव्वए // उत्त.६८"
214,
215,"सुसाणे सुन्नगारे वा, रुक्खमूले य एगओ"
216,"अकुक्कुओ निसीऎज्जा, न य वित्तासए परं // उत्त.६९"
217,
218,"तत्थ से चिट्ठमाणस्स, उवसग्गे'भिधारए"
219,"सङ्कामीओ न गच्छॆज्जा, उट्ठित्ता अन्नमासनं // उत्त.७०"
220,
221,"उच्चावयाहिं सॆज्जाहिं, तवस्सी भिक्खू थामवं"
222,"नाइवेलं विहन्निज्जा, पावदिट्ठी विहन्नई // उत्त.७१"
223,
224,"पइरिक्कुवस्सयं लद्धुं, कल्लाणं अदुव पावयं"
225,"किमेगराइं करिस्सइ?, एवं तत्थ'हियासए // उत्त.७२"
226,
227,"अक्कोसॆज्जा परो भिक्खुं, न तेसिं पडिसञ्जले"
228,"सरिसो होइ बालाण, तम्हा भिक्खू न सञ्जले // उत्त.७३"
229,
230,"सॊच्चाणं फसुसा भासा, दारुणा गामकण्टगा"
231,"तुसिणीओ उवेहॆज्जा, न ताओ मनसीकरे // उत्त.७४"
232,
233,"हओ न सञ्जले भिक्खू, मनम्पि न पओसए"
234,"तितिक्खं परमं नच्चा, भिक्खू धम्मं समायरे // उत्त.७५"
235,
236,"समणं सञ्जयं दन्तं, हणिज्जा को'वि कत्थवि"
237,"नत्थि जीवस्स नासुत्ति, एवं पेहॆज्ज सञ्जए // उत्त.७६"
238,
239,"दुक्करं खलु भो! निच्चं, अनगारस्स भिक्खुणो"
240,"सव्वं से जाइयं होइ, नत्थि किञ्चि अजाइयं // उत्त.७७"
241,
242,"गोयरग्गपविट्ठस्स, हत्थे नो सुप्पसारए"
243,"सेओ अगारवासुत्ति, इइ भिक्खु न चिन्तए // उत्त.७८"
244,
245,"परेसु घासमेसॆज्जा, भोयणे परिनिट्ठिए"
246,"लद्धे पिण्डे अलद्धे वा, नाणुतप्पॆज्ज पण्डिए // उत्त.७९"
247,
248,"अज्जेवाहं न लब्भामि, अवि लाभो सुए सिया"
249,"जो एवं पडिसञ्चिक्खे, अलाभो तं न तज्जए // उत्त.८०"
250,
251,"नच्चा उप्पइयं दुक्खं, वेयणाए दुहट्ठिए"
252,"अदीनो ठावए पन्नं, पुट्ठो तत्थहियासए // उत्त.८१"
253,
254,"तेगिच्छं नाभिनन्दॆज्जा, सञ्चिक्ख'त्तगवेसए"
255,"एवं खु तस्स सामण्णं, जं न कुज्जा न कारवे // उत्त.८२"
256,
257,"अचेलगस्स लूहस्स ,सञ्जयस्स तविस्सणो"
258,"तणेसु सुयमाणस्स, हुज्जा गायविराहणा // उत्त.८३"
259,
260,"आयवस्स निवाएणं, अउला हवइ वेयणा"
261,"एवं नच्चा न सेवन्ति, तन्तुजं तणतज्जिया // उत्त.८४"
262,
263,"किलिन्नगाए मेहावी, पङ्केण व रएण वा"
264,"घिंसु वा परियावेणं, सायं नो परिदेवए // उत्त.८५"
265,
266,"वेऎज्ज निज्जरापेही, आरियं धम्म'नुत्तरं"
267,"जाव सरीरभेउत्ति, जल्लं काएण धारए // उत्त.८६"
268,
269,"अभिवायणं अब्भुट्ठाणं, सामी कुज्जा निमन्तणं"
270,"जे ताइं पडिसेवन्ति, न तेसिं पीहए मुनी // उत्त.८७"
271,
272,"अणुक्कसाई अप्पिच्छे, अन्नाएसी अलोलुए"
273,"रसेसु नानुगिज्झॆज्जा, नानुतप्पॆज्ज पन्नवं // उत्त.८८"
274,
275,"से नूनं मए पुव्वं, कम्मा'नाणफला कडा"
276,"जेणाहं नाभिजाणामि, पुट्ठो केणइ कण्हुई // उत्त.८९"
277,
278,"अह पच्छा उइज्जन्ति, कम्मा'नाणफला कडा"
279,"एवमस्सासि अप्पाणं, नच्चा कम्मविवागयं // उत्त.९०"
280,
281,"निरट्ठगंमि विरओ, मेहुणाओ सुसंवुडो"
282,"जो सक्खं नाभिजाणामि, धम्मं कल्लाण पावगं // उत्त.९१"
283,
284,"तवोवहाणमादाय, पडिमं पडिवज्जओ"
285,"एवं पि विहरओ मे, छउमं न नियट्टई // उत्त.९२"
286,
287,"नत्थि नूनं परे लोए, इड्ढी वा'वी तवस्सिणो"
288,"अदुवा वञ्चिओ मित्ति, इइ भिक्खू न चिन्तए // उत्त.९३"
289,
290,"अभू जिणा अत्थि जिणा, अदुवा'वि भविस्सई"
291,"मुसं ते एवमाहंसु, इइ भिक्खू न चिन्तए // उत्त.९४"
292,
293,"एए परीसहा सव्वे, कासवेण पवेइया"
294,"जे भिक्खू न विहम्मॆज्जा, पुट्ठो केणइ कण्हुई // उत्त.९५"
295,
296,त्ति बेमि. 
297,
298,
299,
300,---------------------------------------------------------------------
301,[चाउरङ्गिज्जं]
302,
303,चत्तारि परमङ्गाणि दुल्लहाणिह जन्तुणो
304,"माणुसत्तं सुई सद्धा, सञ्जमंमि य वीरीयं // उत्त.९६"
305,
306,"समावन्नाण संसारे, नाणागॊत्तासु जाइसु"
307,"कम्मा नानाविहा कट्ठु, पुढो विस्सम्भया पया // उत्त.९७"
308,
309,"एगया देवलोएसु, नरएसु वि एगया"
310,"एगया आसुरं कायं, अहाकम्मेहिं गच्छई // उत्त.९८"
311,
312,"एगया खत्तिओ होइ, तओ चण्डालबुक्कसो"
313,"तओ कीडपयङ्गो य, तओ कुन्थुपिपीलिया // उत्त.९९"
314,
315,"एवमावट्टजोणीसु, पाणिणो कम्मकिव्विसा"
316,"न निविज्जन्ति संसारे, सव्वट्ठेसु व खत्तिया // उत्त.१००"
317,
318,"कम्मसङ्गेहिं संमूढा, दुक्खिया बहुवेयणा"
319,"अमाणुसासु जोणीसु, विनिहम्मन्ति पाणिणो // उत्त.१०१"
320,
321,"कम्माणं तु पहाणाए, आनुपुव्वी कयाइ उ"
322,"जीवा सोहिमनुप्पत्ता, आययन्ति मणुस्सयं // उत्त.१०२"
323,
324,"मानुस्सं विग्गहं लद्धुं, सुई धम्मस्स दुल्लहा"
325,"जं सॊच्चा पडिवज्जन्ति, तवं खन्तिमहिंसयं // उत्त.१०३"
326,
327,"आहच्च सवणं लद्धुं, सद्धा परमदुल्लहा"
328,"सॊच्चा नेआउयं मग्गं, बहवे परिभस्सई // उत्त.१०४"
329,
330,"सुइं च लद्धुं सद्धं च, वीरियं पुण दुल्लहं"
331,"बहवे रोयमाणावि, नो य णं पडिवज्जए // उत्त.१०५"
332,
333,"मानुसत्तंमि आयाओ, जो धम्मं सॊच्चा सद्दहे"
334,"तवस्सी वीरीयं लद्धुं, संवुडे निद्धुणे रयं // उत्त.१०६"
335,
336,"सोही उज्जुयभूयस्स, धम्मो सुद्धस्स चिट्ठई"
337,"निव्वाणं परमं जाइ, घयसित्तिव्व पावए // उत्त.१०७"
338,
339,"विगिञ्च कम्मुणो हेउं, जसं सञ्चिणु खन्तिए"
340,"सरीरं पाढवं हिच्चा, उड्ढं पक्कमई दिसं // उत्त.१०८"
341,
342,"विसालिसेहिं सीलेहिं, जक्खा उत्तरउत्तरा"
343,"महासुक्का व दिप्पन्ता, मन्नन्ता अपुणॊच्चयं // उत्त.१०९"
344,
345,"अप्पिया देवकामाणं, कामरुव विउव्विणो"
346,"उड्ढं कप्पेसु चिट्ठन्ति, पुव्वा वाससया बहू // उत्त.११०"
347,
348,"तत्थ ठिच्चा जहाठाणं, जक्खा आउक्खए चुया"
349,"उवॆन्ति मानुसं जोणिं, से दसङ्गे'भिजायई // उत्त.१११"
350,
351,"खॆत्तं वत्थुं हिरण्णं च, पसवो दासपोरुसं"
352,"चत्तारि कामखन्धाणि, तत्थ से उववज्जई // उत्त.११२"
353,
354,"मित्तवं नायवं होइ, उच्चागोए य वण्णवं"
355,"अप्पायङ्के महापन्ने, अभिजाए जसोबले // उत्त.११३"
356,
357,"भॊच्चा माणुस्सए भोए, अप्पडिरुवे अहाउयं"
358,"पुव्विं विसुद्धसद्धम्मे, केवलं बोहि बुज्झिया // उत्त.११४"
359,
360,"चउरङ्गं दुल्लहं नच्चा, सञ्जमं पडिवज्जिया"
361,"तवसा धुयकम्मंसे, सिद्धे हवइ सासए // उत्त.११५"
362,
363,त्ति बेमि. 
364,
365,
366,
367,---------------------------------------------------------------------
368,[असङ्खयं]
369,
370,"असङ्खयं जीवियं मा पमायए, जरोवणीयस्स हु नत्थि ताणं"
371,"एवं वियाणाहि जणे पमत्ते, किण्णु विहिंसा अजया गहिन्ति // उत्त.११६"
372,
373,"जे पावकम्मेहिं घनं मनूस्सा, समाययन्ती अमइं गहाय"
374,"पहाय ते पासपयट्टिए नरे, वेरानुबद्धा नरयं उवॆन्ति // उत्त.११७"
375,
376,"तेणे जहा सन्धिमुहे गहीए, सकम्मुणा किच्चइ पावकारी"
377,"एवं पया पॆच्च इहं च लोए, कडाण कम्माण न मॊक्खो अत्थि // उत्त.११८"
378,
379,"संसारमावन्न परस्स अट्ठा, साहारणं जं च करेइ कम्मं"
380,"कम्मस्स ते तस्स उ वेयकाले, न बन्धवा बन्धवयं उवॆन्ति // उत्त.११९"
381,
382,"वित्तेण ताणं न लभे पमत्ते, इमंमि लोए अदुवा परत्था"
383,"दीवप्पणट्ठे व अनन्तमोहे, नेयाउयं दट्ठुमदट्ठुमेव // उत्त.१२०"
384,
385,"सुत्तेसु यावी पडिबुद्धजीवी, नो वीससे पण्डिए आसुपन्ने"
386,"घोरा मुहुत्ता अबलं सरीरं, भारण्डपखीव चरे'पमत्तो // उत्त.१२१"
387,
388,"चरे पयाइं परिसङ्कमाणो, जं किञ्चि पासं इह मन्नमाणो"
389,"लाभन्त्तरे जीवियं बूहइता, पच्छा परिन्नायमलावधंसी // उत्त.१२२"
390,
391,"छन्दं निरोहेण उवेइ मॊक्खं, आसे जहा सिक्खियवम्मधारी"
392,"पुव्वाइं वासाइं चरे'प्पमत्तो, तम्हा मुनी खिप्पमुवेइ मॊक्खं // उत्त.१२३"
393,
394,"स पुव्वमेवं न लभॆज्ज पच्छा, एसोवमा सासयवाइयाणं"
395,"विसीयई सिढिले आउयम्मि, कालोवणीए सरीरस्स भेए // उत्त.१२४"
396,
397,"खिप्पं न सक्केइ विवेगमेउं, तम्हा समुट्ठाय पहाय कामे"
398,"समिच्च लोयं समया महेसी, आयाणरक्खी व चरे'प्पमत्तो // उत्त.१२५"
399,
400,"मुहुं मुहुं मोहगुणे जयन्तं, अनेगरूवा समणं चरन्तं"
401,"फासा फुसन्ति असमञ्जसं च, न तेसिं भिक्खू मनसा पउस्से // उत्त.१२६"
402,
403,"मन्दा य फासा बहुलोहणिज्जा, तहप्पगारेसु मनं न कुज्जा"
404,"रक्खिज्ज कोहं विणऎज्ज माणं, मायं न सेवॆज्ज पहॆज्ज लोहं // उत्त.१२७"
405,
406,"जे सङ्खया तुच्छपरप्पवाई, ते पिज्जदोसानुगया परज्झा"
407,"एए अहम्मे त्ति दुगुञ्छमाणो, कङ्खे गुणे जाव सरीरभेउ // उत्त.१२८"
408,
409,त्ति बेमि. 
410,
411,
412,
413,---------------------------------------------------------------------
414,[अकाममरणिज्जं]
415,
416,"अन्नवंसि महॊघंसि, एगे तिण्णे दुरुत्तरे"
417,"तत्थ एगे महापन्ने, इमं पण्हमुदाहरे // उत्त.१२९"
418,
419,"सन्तिमे य दुवे ठाणा, अक्खाया मारणन्तिया"
420,"अकाममरणं चेव, सकाममरणं तहा // उत्त.१३०"
421,
422,"बालाणं अकामं तु, मरणं असइं भवे"
423,"पण्डियाणं सकामं तु, उक्कोसेण सइं भवे // उत्त.१३१"
424,
425,"तत्थिमं पढमं ठाणं, महावीरेण देसियं"
426,"कामगिद्धे जहा बाले, भिसं कूराइं कुव्वई // उत्त.१३२"
427,
428,"जे गिद्धे कामभोगेसु, एगे कूडाय गच्छई"
429,"न मे दिट्ठे परे लोए, चक्खुदिट्ठा इमा रई // उत्त.१३३"
430,
431,"हत्थागया इमे कामा, कालिया जे अनागया"
432,"को जाणइ परे लोए, अत्थि वा नत्थि वा पुणो? // उत्त.१३४"
433,
434,"जनेन सद्धिं हॊक्खामि, इइ बाले पगब्भई"
435,"कामभोगानुराएणं, केसं सम्पडिवज्जई // उत्त.१३५"
436,
437,"तओ से दण्डं समारभई, तसेसु थावरेसु य"
438,"अट्ठाए य अणट्ठाए, भूयगामं विहिंसई // उत्त.१३६"
439,
440,"हिंसे बाले मुसावाई, माइल्ले पिसुणे सढे"
441,"भुञ्जमाणे सुरं मंसं, सेयमेयं ति मन्नई // उत्त.१३७"
442,
443,"कायसा वयसा मत्ते, वित्ते गिद्धे य इत्थिसु"
444,"दुहओ मलं सञ्चिणइ, सिसुनागु व्व मट्टियं // उत्त.१३८"
445,
446,"तओ पुट्ठो आयङ्केणं, गिलाणो परितप्पई"
447,"पभीओ परलोगस्स, कम्माणुप्पेहि अप्पणो // उत्त.१३९"
448,
449,"सुया मे नरए ठाणा, असीलाणं च जा गई"
450,"बालाणं कूरकम्माणं, पगाढा जत्थ वेयणा // उत्त.१४०"
451,
452,"तत्थोववाइयं ठाणं, जहा मेयमनुस्सुयं"
453,"अहाकम्मेहिं गच्छन्तो, सो पच्छा परितप्पई // उत्त.१४१"
454,
455,"जहा सागडिओ जाणं, समं हिच्चा महापहं"
456,"विसमं मग्गमोइण्णो, अक्खे भग्गंमि सोयई // उत्त.१४२"
457,
458,"एवं धम्मं विउक्कम्मं, अहम्मं पडिवज्जिया"
459,"बाले मच्चुमुहं पत्ते, अक्खे भग्गे व सोयई // उत्त.१४३"
460,
461,"तओ से मरणन्तंमि, बाले सन्तसई भया"
462,"अकाम मरणं मरई, धुत्ते व कलिणा जिए // उत्त.१४४"
463,
464,"एयं अकाममरणं, बालाणं तु पवेइयं"
465,"ऎत्तो सकाममरणं, पण्डियाणं सुणेह मे // उत्त.१४५"
466,
467,"मरणं पि सपुण्णाणं, जहा मेयमनुस्सुयं"
468,"विप्पसण्णमनाघायं, सञ्जयाण वुसीमओ // उत्त.१४६"
469,
470,"न इमं सव्वेसु भिक्खूसु, न इमं सव्वेसु गारिसु"
471,"नानासीला गारत्था, विसमसीला य भिक्खुणो // उत्त.१४७"
472,
473,"सन्ति एगेहिं भिक्खूहिं, गारत्था सञ्जमुत्तरा"
474,"गारत्थेहि य सव्वेहिं, साहवो सञ्जमुत्तरा // उत्त.१४८"
475,
476,"चीराजिणं नगिणिणं, जडी सङ्घाडि मुण्डिणं"
477,"एयाइं वि न तायन्ति, दुस्सीलं परियागयं // उत्त.१४९"
478,
479,"पिण्डोलए व्व दुस्सीले, नरगाओ न मुच्चई"
480,"भिक्खाए वा गिहत्थे वा, सुव्वए कम्मई दिवं // उत्त.१५०"
481,
482,"अगारिसामाइयङ्गाइं, सढ्ढी काएण फासए"
483,"पोसहं दुहओ पक्खं, एगरायं न हावए // उत्त.१५१"
484,
485,"एवं सिक्खासमावन्ने, गिहिवासे वि सुव्वए"
486,"मुच्चई छविपव्वाओ, गच्छे जक्खसलोगयं // उत्त.१५२"
487,
488,"अह जे संवुडे भिक्खू, दॊण्हं अन्नयरे सिया"
489,"सव्व दुक्खपहीणे वा, देवे वा'वि महिड्ढिए // उत्त.१५३"
490,
491,"उत्तराइं विमोहाइं, जुईमन्ताणुपुव्वसो"
492,"समाइण्णाइं जक्खेहिं, आवासाइं जसंसिणो // उत्त.१५४"
493,
494,"दीहाउया इड्ढिमन्ता, समिद्धा कामरुविणो"
495,"अहुणोववन्नसङ्कासा, भुज्जो अच्चिमालिप्पभा // उत्त.१५५"
496,
497,"ताणि ठाणाणिं गच्छन्ति, सिक्खित्ता सञ्जमं तवं"
498,"भिक्खाए वा गिहित्थे वा, जे सन्ति परिनिव्वुडा // उत्त.१५६"
499,
500,"तेसिं सॊच्चा सपुज्जाणं, सञ्जयाण वुसीमओ"
501,"न सन्तसन्ति मरणन्ते, सीलवन्ता बहुस्सुया // उत्त.१५७"
502,
503,"तुलिया विसेसमादाय, दयाधम्मस्स खन्तिए"
504,"विप्पसीऎज्ज मेहावी, तहाभूएण अप्पणा // उत्त.१५८"
505,
506,"तओ काले अभिप्पेए, सढ्ढी तालिसमन्तिए"
507,"विणऎज्ज लोमहरिसं, भेयं देहस्स कङ्खए // उत्त.१५९"
508,
509,"अह कालंमि सम्पत्ते, आघायाय समुस्सयं"
510,"सकाममरणं मरई, तिण्हमन्नयरं मुनी // उत्त.१६०"
511,
512,त्ति बेमि. 
513,
514,
515,
516,---------------------------------------------------------------------
517,[खुड्डागनियण्ठिज्जं]
518,
519,"जावन्त'विज्जा पुरिसा, सव्वे ते दुक्खसम्भवा"
520,"लुप्पन्ति बहुसो मूढा, संसारंमि अनन्तए // उत्त.१६१"
521,
522,"समिक्ख पण्डिए तम्हा, पास जाईपहे बहू"
523,"अप्पणा सच्चमेसॆज्जा, मेतिं भूएसु कप्पए // उत्त.१६२"
524,
525,"माया पिया ण्हुसा भाया, भज्जा पुत्ता य ओरसा"
526,"नालं ते मम ताणाए, लुप्पन्तस्स सकम्मुणा // उत्त.१६३"
527,
528,"एयमट्ठं सपेहाए, पासे समियदंसणे"
529,"चिन्ध गेहिं सिणेहं च, न कङ्खे पुव्वसन्थुयं // उत्त.१६४"
530,
531,"गवासं मणिकुण्डलं, पसवो दासपोरुसं"
532,"सव्वमेयं चइत्ताणं, कामरूवी भविस्ससि // उत्त.१६५"
533,
534,"थावरं जङ्गमं चेव, धणं धन्नं उवक्खरं"
535,"पच्चमाणस्स कम्मेहिं, नालं दुक्खाओ मोअणे // उत्त.१६६"
536,
537,"अज्झत्थं सव्वओ सव्वं, दिस्स पाणे पियाउए"
538,"न हणे पाणिणो पाणे, भयवेराओ उवरए // उत्त.१६७"
539,
540,"आयाणं नरयं दिस्स, नायऎज्ज तणामवि"
541,"दोगुञ्छी अप्पणो पाए, दिन्नं भुञ्जॆज्ज भोयणं // उत्त.१६८"
542,
543,"इहमेगे उ मन्नन्ति, अप्पच्चक्खाय पावगं"
544,"आयरियं विदित्ताणं, सव्वदुक्खा विमुच्चई // उत्त.१६९"
545,
546,भणन्ता अकरॆन्ता य बन्धमॊक्खपइण्णिणो
547,"वायाविरियमॆत्तेण, समासासॆन्ति अप्पयं // उत्त.१७०"
548,
549,"न चित्ता तायए भासा, कुओ विज्जानुसासनं?"
550,"विसन्ना पावकम्मेहिं, बाला पण्डियमाणिणो // उत्त.१७१"
551,
552,"जे केई सरीरे सत्ता, वण्णे रुवे य सव्वसो"
553,"मनसा कायवक्केणं, सव्वे ते दुक्खसम्भवा // उत्त.१७२"
554,
555,"आवन्ना दीहमद्धाणं, संसारंमि अनन्तए"
556,"तम्हा सव्वदिसं पस्सं, अप्पमत्तो परिव्वए // उत्त.१७३"
557,
558,"बहिया उड्ढमादाय, नावकङ्खे कयाइ वि"
559,"पुव्वकम्मक्खयट्ठाए, इमं देहं उदाहरे // उत्त.१७४"
560,
561,"विविच्च कम्मुणो हेउं, कालकङ्खी परिव्वए"
562,"मायं पिण्डस्स पाणस्स, कडं लद्धूण भक्खए // उत्त.१७५"
563,
564,"सन्निहिं च न कुव्वॆज्जा, लेवमायाए सञ्जए"
565,"पक्खी पत्तं समादाय, निरवॆक्खो परिव्वए // उत्त.१७६"
566,
567,"एसणासमिओ लज्ज, गामे अनियओ चरे"
568,"अप्पमत्तो पमत्तेहिं, पिण्डवायं गवेसए // उत्त.१७७"
569,
570,"एवं से उदाहु अनुत्तरनाणी, अनुत्तरदंसी अणुत्तरनाण"
571,"दंसणधरे अरहा नायपुत्ते, भगवं वेसालिए वियाहिए // उत्त.१७८"
572,
573,त्ति बेमि. 
574,
575,
576,
577,---------------------------------------------------------------------
578,[उरब्भिज्जं]
579,
580,"जहा''एसं समुद्दिस्स, कोइ पोसॆज्ज एलयं"
581,"ओयणं जवसं दॆज्जा, पोसॆज्जावि सयङ्गणे // उत्त.१७९"
582,
583,"तओ से पुट्ठे परिवूढे, जायमेए मुहोदरे"
584,"पीणिए विउले देहे, आएसं परिकङ्खए // उत्त.१८०"
585,
586,"जाव न एइ आएसे, ताव जीवइ से'दुही"
587,"अह पत्तंमि आएसे, सीसं छॆत्तूण भुज्जई // उत्त.१८१"
588,
589,"जहा से खलु उरब्भे, आएसाए समीहिए"
590,"एवं बाले अहंमिट्ठे, ईहति नरयाउयं // उत्त.१८२"
591,
592,"हिंसे बाले मुसावाई, अद्धाणंमि विलोवए"
593,"अन्नदत्तहरे तेणे, माइ कं नु हरे सढे // उत्त.१८३"
594,
595,"इत्थीविसयगिद्धे य, महारम्भपरिग्गहे"
596,"भुञ्जमाणे सुरं मंसं, परिवूढे परन्दमे // उत्त.१८४"
597,
598,"अयकक्करभोइ य, तुण्डिल्ले चियलोहिए"
599,"आउयं नरए कङ्खे, जहाएसं व एलए // उत्त.१८५"
600,
601,"आसनं सयनं जाणं, वित्तं कामे य भुञ्जिया"
602,"दुस्साहडं धणं हिच्चा, बहु सञ्चिणिया रयं // उत्त.१८६"
603,
604,"तओ कम्मगुरू जन्तू, पच्चुप्पन्नपरायणे"
605,"अएव्व आगया''एसे, मरणन्तंमि सोयई // उत्त.१८७"
606,
607,"तओ आउपरिक्खीणे, चुया देहा विहिंसगा"
608,"आसुरीयं दिसं बाला, गच्छन्ति अवसा तमं // उत्त.१८८"
609,
610,"जहा कागिणिए हेउं, सहस्सं हारए नरो"
611,"अपत्थं अम्बगं भॊच्चा, राया रज्जं तु हारए // उत्त.१८९"
612,
613,"एवं मानुस्सगा कामा, देवकामाण अन्तिए"
614,"सहस्सगुणिया भुज्जो, आउं कामा य दिव्विया // उत्त.१९०"
615,
616,"अनेग वासा नउया, जा सा पन्नवओ ठिई"
617,"जाणि जीयन्ति दुम्मेहा, ऊणे वाससयाउए // उत्त.१९१"
618,
619,"जहा य तिन्नि वणिया, मूलं घॆत्तूण निग्गया"
620,"एगो 'त्थ लहई लाभं, एगो मूलेण आगओ // उत्त.१९२"
621,
622,"एगो मूलं पि हारित्ता, आगओ तत्थ वाणिओ"
623,"ववहारे उवमा एसा, एवं धम्मे वियाणह // उत्त.१९३"
624,
625,"मानुसत्तं भवे मूलं, लाभो देवगई भवे"
626,"मूलच्छेएण जीवाण, नरगतिरिक्खत्तणं धुवं // उत्त.१९४"
627,
628,"दुहओ गई बालस्स, आवई वहमूलिया"
629,"देवत्तं मानुसत्तं च, जं जिए लोलुयासढे // उत्त.१९५"
630,
631,"तओ जिए सइं होइ, दुविहिं दॊग्गइं गए"
632,"दुल्लहा तस्स उम्मग्गा, अद्धाए सुचिरादवि // उत्त.१९६"
633,
634,"एवं जियं सपेहाए, तुलिया बालं च पण्डियं"
635,"मूलियं ते पवसन्ति, मानुसं जोणिमिन्ति जे // उत्त.१९७"
636,
637,"वेमायाहिं सिक्खाहिं, जे नरा गिहिसुव्वया"
638,"उवॆन्ति मानुसं जोणिं, कम्मसच्चा हु पाणिणो // उत्त.१९८"
639,
640,"जेसिं तु विउला सिक्खा, मूलियं ते अइच्छिया"
641,"सीलवन्ता सविसेसा, अद्दीणा जन्ति देवयं // उत्त.१९९"
642,
643,"एवमद्दीणवं भिक्खू, अगारिं च वियाणिया"
644,"कहण्णु जिच्चमेलिक्खं, जिच्चमाणे न संविदे // उत्त.२००"
645,
646,"जहा कुसग्गे उदगं, समुद्देण समं मिणे"
647,"एवं मानुसग्गा कामा, देवकामाण अन्तिए // उत्त.२०१"
648,
649,"कुसग्गमॆत्ता इमे कामा, सन्निरुद्धंमि आउए"
650,"कस्स हेउं पुराकाउं, जोगक्खेमं न संविदे? // उत्त.२०२"
651,
652,"इह कामानियट्टस्स, अत्तट्ठे अवरज्झई"
653,"सॊच्चा नेयाउयं मग्गं, जं भुज्जो परिभस्सई // उत्त.२०३"
654,
655,"इह कामा नियट्ठस्स, अत्तट्ठे नावरज्झई"
656,"पूइदेहनिरोहेणं, भवे देवि त्ति मे सुयं // उत्त.२०४"
657,
658,"इड्ढी जुई जसो वण्णो, आउं सुहमनुत्तरे"
659,"भुज्जो जत्थ मनुस्सेसु, तत्थ से उववज्जई // उत्त.२०५"
660,
661,"बालस्स पस्स बालत्तं, अहम्मं पडिवज्जिया"
662,"चिच्चा धम्मं अहंमिट्ठे, नरएसु उववज्जई // उत्त.२०६"
663,
664,"धीरस्स पस्स धीरत्तं, सच्चधम्मानुवत्तिणो"
665,"चिच्चा अधम्मं धम्मिट्ठे, देवेसु उववज्जई // उत्त.२०७"
666,
667,"तुलियाण बालभावं, अबालं चेव पण्डिए"
668,"चइऊण बालभावं, अबालं सेवई मुनि // उत्त.२०८"
669,
670,त्ति बेमि. 
671,
672,
673,
674,---------------------------------------------------------------------
675,[काविलीयं]
676,
677,"अधुवे असासयंमि, संसारंमि दुक्खपउराए"
678,किं नाम हॊज्ज तं कम्मयं? जेणाहं दुग्गइं न गच्छॆज्जा // उत्त.२०९
679,
680,"विजहित्तु पुव्वसञ्जोयं, न सिणेहं कहिञ्चि कुव्वॆज्जा"
681,"असिणेह सिणेहकरेहिं, दोसपओसेहिं मुच्चए भिक्खू // उत्त.२१०"
682,
683,"तो नाणदंसणसमग्गो, हियनिस्सेसाय सव्वजीवाणं"
684,"तेसिं विमॊक्खणट्ठाए, भासई मुनिवरो विगयमोहो // उत्त.२११"
685,
686,"सव्वं गन्थं कलहं च, विप्पजहे तहाविहं भिक्खू"
687,"सव्वेसु कामजाएसु, पासमाणो न लिप्पई ताई // उत्त.२१२"
688,
689,"भोगामिसदोसविसन्ने,  हियनिस्सेयसबुद्धिवॊच्चत्थे"
690,"बाले य मन्दए मूढे, बज्झई मच्छिया व खेलंमि // उत्त.२१३"
691,
692,"दुप्परिच्चया इमे कामा, नो सुजहा अधीरपुरिसेहिं"
693,"अह सन्ति सुव्वया साहू, जे तरन्ति अतरं वणिया वा // उत्त.२१४"
694,
695,"समणा मु एगे वयमाणा, पाणवहं मिया अयाणन्ता"
696,"मन्दा निरयं गच्छन्ति, बाला पावियाहिं दिट्ठीहिं // उत्त.२१५"
697,
698,"न हु पाणवहं अणुजाणे, मुच्चॆज्ज कयाइ सव्वदुक्खाणं"
699,"एवं आयरिएहिं अक्खायं, जेहिं इमो साहुधम्मो पन्नत्तो // उत्त.२१६"
700,
701,"पाणे य नाइवाऎज्जा, से समीइ त्ति वुच्चई ताई"
702,"तओ से पावयं कम्मं, निज्जाइ उदगं व थलाओ // उत्त.२१७"
703,
704,"जगनिस्सिएहिं भूएहिं, तसनामेहिं थावरेहिं च"
705,"नो तेसिमारभे दण्डं, मनसा वयसा कायसा चेव // उत्त.२१८"
706,
707,"सुद्धेसणाओ नच्चाणं, तत्थ ठवॆज्ज भिक्खू अप्पाणं"
708,"जायाए घासमेसॆज्जा, रसगिद्धे न सिया भिक्खाए // उत्त.२१९"
709,
710,"पन्ताणि चेव सेवॆज्जा, सीयपिण्डं पुराणकुम्मासं"
711,"अदु बुक्कसं पुलागं वा, जवणट्ठाए निसेवए मन्थुं // उत्त.२२०"
712,
713,"जे लक्खणं च सुविणं च, अङ्गविज्जं च जे पउञ्जन्ति"
714,"न हु ते समणा वुच्चन्ति, एवं आयरिएहिं अक्खायं // उत्त.२२१"
715,
716,"इह जीवियं अनियमॆत्ता, पब्भट्ठा समाहिजोएहिं"
717,"ते कामभोगरसगिद्धा, उववज्जन्ति आसुरे काए // उत्त.२२२"
718,
719,"तत्तो वि य उव्वट्टित्ता, संसारं बहु अनुपरियटन्ति"
720,"बहुकम्मलेवलित्ताणं, बोही होइ सुदुल्लहा तेसिं // उत्त.२२३"
721,
722,"कसिणम्पि जो इमं लोयं, पडिपुण्णं दलॆज्ज इक्कस्स"
723,"तेणावि से न सन्तुस्से, इइ दुप्पूरए इमे आया // उत्त.२२४"
724,
725,"जहा लाहो तहा लोहो, लाहा लोहो पवड्ढई"
726,"दोमासकयं कज्जं, कोडीए वि न निट्ठियं // उत्त.२२५"
727,
728,"नो रक्खसीसु गिज्झॆज्जा, गण्डवच्छासु अनेगचित्तासु"
729,"जाओ पुरिसं पलॊभित्ता, खेल्लन्ति जहा व दासेहिं // उत्त.२२६"
730,
731,"नारीसु नोवगिज्झॆज्जा, इत्थी विप्पजहे अनगारे"
732,"धम्मं च पेसलं नच्चा, तत्थ ठवॆज्ज भिक्खू अप्पाणं // उत्त.२२७"
733,
734,"इअ एस धम्मे अक्खाए, कविलेणं च विसुद्धपन्नेणं"
735,"तरिहिन्ति जे उ काहिन्ति, तेहिं आराहिया दुवे लोग // उत्त.२२८"
736,
737,त्ति बेमि. 
738,
739,
740,
741,---------------------------------------------------------------------
742,[नमिपव्वज्जा]
743,
744,"चइऊण देवलोगाओ, उववन्नो माणुसंमि लोगंमि"
745,"उवसन्त मोहणिज्जो, सरई पोराणियं जाइं // उत्त.२२९"
746,
747,"जाइं सरित्तु भयवं, सयंसम्बुद्धो अनुत्तरे धम्मे"
748,"पुत्तं ठवॆत्तु रज्जे, अभिनिक्खमई नमी राया // उत्त.२३०"
749,
750,"से देवलोगसरिसे, अन्तेउरवरगओ वरे भोए"
751,"भुञ्जित्तु नमी राया, बुद्धो भोगे परिच्चयई // उत्त.२३१"
752,
753,"मिहिलं सपुरजनवयं, बलमोरोहं च परियणं सव्वं"
754,"चिच्चा अभिनिक्खन्तो, एगन्तमहिड्ढिओ भयवं // उत्त.२३२"
755,
756,"कोलाहलगभूयं, आसी मिहिलाए पव्वयन्तंमि"
757,"तइया रायरिसिंमि, नमिंमि अभिनिक्खमन्तंमि // उत्त.२३३"
758,
759,"अब्भुट्ठियं रायरिसिं, पव्वज्जाठाणमुत्तमं"
760,"सक्को माहणरूवेण, इमं वयणमब्बवी // उत्त.२३४"
761,
762,"किं नु भो! अज्ज मिहिलाए, कोलाहलगसङ्कुला"
763,"सुव्वन्ति दारुणा सद्दा, पासाएसु गिहेसु य? // उत्त.२३५"
764,
765,"एयमट्ठं निसामित्ता, हेऊकारणचोइओ"
766,"तओ नमी रायरिसी, देविन्दं इणमब्बवी // उत्त.२३६"
767,
768,"मिहिलाए चेइए वच्छे, सीयच्छाए मनोरमे"
769,"पत्तपुफ्फफलोवेए, बहूणं बहुगुणे सया // उत्त.२३७"
770,
771,"वाएण हीरमाणंमि, चेइयंमि मनोरमे"
772,"दुहिया असरणा अत्ता, एए कन्दन्ति भो! खगा // उत्त.२३८"
773,
774,"एयमट्ठं निसामित्ता, हेऊकारणचोइओ"
775,"तओ नमिं रायरिसिं, देविन्दो इणमब्बवी // उत्त.२३९"
776,
777,"एस अग्गी य वाऊ य, एयं डज्झइ मन्दिरं"
778,"भयवं अन्तेउरं तेणं, कीस णं नावपॆक्खह // उत्त.२४०"
779,
780,"एयमट्ठं निसामित्ता, हेऊकारणचोइओ"
781,"तओ नमि रायरिसी, देविन्दं इणमब्बवी // उत्त.२४१"
782,
783,"सुहं वसामो जीवामो, जेसिं मो नत्थि किञ्चणं"
784,"मिहिलाए डज्झमाणीए, न मे डज्झइ किञ्चणं // उत्त.२४२"
785,
786,"चत्तपुत्तकलत्तस्स, निव्वावारस्स भिक्खुणो"
787,"पियं न विज्जई किञ्चि, अप्पियं पि न विज्जई // उत्त.२४३"
788,
789,"बहुं खु मुणिणो भद्दं, अनगारस्स भिक्खुणो"
790,"सव्वओ विप्पमुक्कस्स, एगन्तमनुपस्सओ // उत्त.२४४"
791,
792,"एयमट्ठं निसामित्ता, हेऊकारणचोइओ"
793,"तओ नमिं रायरिसिं, देविन्दो इणमब्बवी // उत्त.२४५"
794,
795,"पागारं कारइत्ताणं, गोपुरट्टालगाणि य"
796,"उस्सूलए सयग्घीओ, तओ गच्छसि खत्तिया // उत्त.२४६"
797,
798,"एयमट्ठं निसामित्ता, हेऊकारणचोइओ"
799,"तओ नमी रायरिसी, देविन्दं इणमब्बवी // उत्त.२४७"
800,
801,"सद्धं नगरं किच्चा, तवसंवरमग्गलं"
802,"खन्तिं निउणपागारं, तिगुत्तं दुप्पधंसयं // उत्त.२४८"
803,
804,"धनुं परक्कमं किच्चा, जीवं च इरियं सया"
805,"धिइं च केयणं किच्चाण, सच्चेण पलिमन्थए // उत्त.२४९"
806,
807,"तवनारायजुत्तेण, भित्तूण कम्मकञ्चुयं"
808,"मुनी विगयसङ्गामो, भवाओ परिमुच्चए // उत्त.२५०"
809,
810,"एयमट्ठं निसामित्ता, हेउकारणचोइओ"
811,"तओ नमिं रायरिसिं, देविन्दो इणमब्बवी // उत्त.२५१"
812,
813,"पासाए कारइत्ताणं, वड्ढमाणगिहाणि य"
814,"वालग्गपोइयाओ य, तओ गच्छसि खत्तिया // उत्त.२५२"
815,
816,"एयमट्ठं निसामित्ता, हेऊकारणचोइओ"
817,"तओ नमी रायरिसी, देविन्दं इणमब्बवी // उत्त.२५३"
818,
819,"संसयं खलु सो कुणई, जो मग्गे कुणई घरं"
820,"जत्थेव गन्तुमिच्छॆज्जा, तत्थ कुव्वॆज्ज सासयं // उत्त.२५४"
821,
822,"एयमट्ठं निसामित्ता, हेऊकारणचोइओ"
823,"तओ नमिं रायरिसिं, देविन्दो इणमब्बवी // उत्त.२५५"
824,
825,"आमोसे लोमहारे य, गण्ठिभेए य तक्करे"
826,"नगरस्स खेमं काऊणं, तओ गच्छसि खत्तिया // उत्त.२५६"
827,
828,"एयमट्ठं निसामित्ता, हेऊकारणचोइओ"
829,"तओ नमी रायरिसी, देविन्दं इणमब्बवी // उत्त.२५७"
830,
831,"असइं तु मनुस्सेहिं, मिच्छा दण्डो पउञ्जई"
832,"अकारिणो'त्थ बज्झन्ति, मुच्चई कारओ जनो // उत्त.२५८"
833,
834,"एयमट्ठं निसामित्ता, हेऊकारणचोइओ"
835,"तओ नमिं रायरिसिं, देविन्दो इणमब्बवी // उत्त.२५९"
836,
837,"जे केई पत्थिवा तुज्झं, नानमन्ति नराहिवा!"
838,"वसे ते ठावइत्ताणं, तओ गच्छसि खत्तिया // उत्त.२६०"
839,
840,"एयमट्ठं निसामित्ता, हेऊकारणचोइओ"
841,"तओ नमी रायरिसी, देविन्दं इणमब्बवी // उत्त.२६१"
842,
843,"जो सहस्सं सहस्साणं, सङ्गामे दुज्जए जिए"
844,"एगं जिणॆज्ज अप्पाणं, एस से परमो जओ // उत्त.२६२"
845,
846,"अप्पणामेव जुज्झाहि, किं ते जुज्झेण बज्झओ ?"
847,"अप्पणामेवमप्पाणं, जइत्ता सुहमेहति // उत्त.२६३"
848,
849,"पञ्चिन्दियाणि कोहं, मानं मायं तहेव लोहं च"
850,"दुज्जयं चेव अप्पाणं, सव्वं अप्पे जिए जियं // उत्त.२६४"
851,
852,"एयमट्ठं निसामित्ता, हेऊकारणचोइओ"
853,"तओ नमिं रायरिसिं, देविन्दो इणमब्बवी // उत्त.२६५"
854,
855,"जइत्ता विउले जन्ने, भोइत्ता समणमाहणे"
856,"दच्चा भॊच्चा य जच्चा य, तओ गच्छसि खत्तिया // उत्त.२६६"
857,
858,"एयमट्ठं निसामित्ता, हेऊकारणचोइओ"
859,"तओ नमी रायरिसी, देविन्दं इणमब्बवी // उत्त.२६७"
860,
861,"जो सहस्सं सहस्साणं, मासे मासे गवं दए"
862,"तस्स वि सञ्जमो सेओ, अदिन्तस्स वि किञ्चण // उत्त.२६८"
863,
864,"एयमट्ठं निसामित्ता, हेऊकारणचोइओ"
865,"तओ नमिं रायरिसिं, देविन्दो इणमब्बवी // उत्त.२६९"
866,
867,"घोरासमं चइत्ताणं, अन्नं पत्थेसि आसमं"
868,"इहेव पोसहरओ, भवाहि मणुयाहिवा // उत्त.२७०"
869,
870,"एयमट्ठं निसामित्ता, हेऊकारणचोइओ"
871,"तओ नमी रायरिसी, देविन्दं इणमब्बवी // उत्त.२७१"
872,
873,"मासे मासे तु जो बालो, कुसग्गेण तु भुञ्जए"
874,"न सो सुयक्खायधम्मस्स, कालं अग्घइ सोलसिं // उत्त.२७२"
875,
876,एयमट्ठं निसामित्ता हेऊकारणचोइओ
877,"तओ नमिं रायरिसिं, देविन्दो इणमब्बवी // उत्त.२७३"
878,
879,"हिरण्णं सुवण्णं मणिमुत्तं, कंसं दूसं च वाहनं"
880,"कोसं च वड्ढाइत्ताणं, तओ गच्छसि खत्तिया // उत्त.२७४"
881,
882,"एयमट्ठं निसामित्ता, हेऊकारणचोइओ"
883,"तओ नमी रायरिसी, दविन्दं इणमब्बवी // उत्त.२७५"
884,
885,सुवण्णरुप्पस्स उ पव्वया भवे
886,सिया हु केलासमा असङ्खया
887,नरस्स लुद्धस्स न तेहिं किञ्चि
888,इच्छा हु आगाससमा अनन्तया // उत्त.२७६
889,
890,"पुढवी साली जवा चेव, हिरण्णं पसुभिस्सह"
891,"पडिपुण्णं नालमेगस्स, इइ विज्जा तवं चरे // उत्त.२७७"
892,
893,"एयमट्ठं निसामित्ता, हेऊकारणचोइओ"
894,"तओ नमिं रायरिसिं, देविन्दो इणमब्बवी // उत्त.२७८"
895,
896,"अच्छेरगमब्भुदए, भोए चयसि पत्थिवा!"
897,"असन्ते कामे पत्थेसि, सङ्कप्पेण विहंमसि // उत्त.२७९"
898,
899,"एयमट्ठं निसामित्ता, हेऊकारणचोइओ"
900,"तओ नमी रायरिसी, देविन्दं इणमब्बवी // उत्त.२८०"
901,
902,"सल्लं कामा विसं कामा, कामा आसीविसोवमा"
903,"कामे भोए पत्थेमाणा, अकामा जन्ति दॊग्गई // उत्त.२८१"
904,
905,"अहे वयन्ति कोहेणं, माणेणं अहमा गई"
906,"माया गई पडिग्घाओ, लॊभाओ दुहओ भयं // उत्त.२८२"
907,
908,"अवउज्झिऊण माहणरूवं, विउव्विऊण इन्दत्तं"
909,"वन्दइ अभित्थुणन्तो, इमाहिं महुराहिं वग्गूहिं // उत्त.२८३"
910,
911,"अहो ते निज्जिओ कोहो, अहो मानो पराजिओ"
912,"अहो निरक्किया माया, अहो लॊभो वसीकओ // उत्त.२८४"
913,
914,"अहो ते अज्जवं साहु, अहो ते साहु मद्दवं"
915,"अहो ते उत्तमा खन्ती, अहो ते मुत्ति उत्तमा // उत्त.२८५"
916,
917,इहं सि उत्तमो भन्ते! पच्छा होहिसि उत्तमो
918,"लोगुत्तमुत्तमं ठाणं, सिद्धिं गच्छसि नीरओ // उत्त.२८६"
919,
920,"एवं अभित्थुणन्तो, रायरिसिं उत्तमाए सद्धाए"
921,"पयाहिणं करॆन्तो, पुणो पुणो वन्दई सक्को // उत्त.२८७"
922,
923,"तो वन्दिऊण पाए, चक्कङ्कुसलक्खणे मुनिवरस्स"
924,"आगासेणुप्पइओ, ललियचवलकुण्डलतिरीडी // उत्त.२८८"
925,
926,"नमी नमेइ अप्पाणं, सक्खं सक्केण चोइओ"
927,"चइऊणं गेहं च वइदेही, सामण्णे पज्जुवट्ठिओ // उत्त.२८९"
928,
929,"एवं करॆन्ति सम्बुद्धा, पण्डिया पवियक्खणा"
930,"विणियट्टन्ति भोगेसु, जहा से नमी रायरिसी // उत्त.२९०"
931,
932,त्ति बेमि. 
933,
934,
935,
936,---------------------------------------------------------------------
937,[दुमपत्तयं]
938,
939,"दुमपत्तए पण्डुयए जहा, निवडइ राइगणाण अच्छए"
940,"एवं मणुयाण जीवियं, समयं गोयम! मा पमायए // उत्त.२९१"
941,
942,"कुसग्गे जह ओसबिन्दुए, थोवं चिट्ठइ लम्बमाणए"
943,"एवं मणुयाणं जीवियं, समयं गोयम! मा पमायए // उत्त.२९२"
944,
945,"इइ इत्तरियंमि आउए, जीवियए बहुपच्चवायए"
946,"विहुणाहि रयं पुरे कडं, समयं गोयम! मा पमायए // उत्त.२९३"
947,
948,"दुल्लहे खलु माणुसे भवे, चिरकालेण वि सव्वपाणिणं"
949,"गाढा य विवाग कम्मुणो, समयं गोयम! मा पमायए // उत्त.२९४"
950,
951,"पुढविकायमइगओ, उक्कोसं जीवो उ संवसे"
952,"कालं सङ्खाईयं, समयं गोयम! मा पमायए // उत्त.२९५"
953,
954,"आउकायमइगओ, उक्कोसं जीवो उ संवसे"
955,"कालं सङ्खाईयं, समयं गोयम! मा पमायए // उत्त.२९६"
956,
957,"तेउकायमइगओ, उक्कोसं जीवो उ संवसे"
958,"कालं सङ्खाईयं, समयं गोयम! मा पमायए // उत्त.२९७"
959,
960,"वाउकायमइगओ, उक्कोसं जीवो उ संवसे"
961,"कालं सङ्खाईयं, समयं गोयम! मा पमायए // उत्त.२९८"
962,
963,"वणस्सइकायमइगओ, उक्कोसं जीवो उ संवसे"
964,"कालमनन्तदुरन्तयं, समयं गोयम! मा पमायए // उत्त.२९९"
965,
966,"बेइन्दियकायमइगओ, उक्कोसं जीवो उ संवसे"
967,"कालं सङ्खिज्जसंनियं, समयं गोयम! मा पमायए // उत्त.३००"
968,
969,"तेइन्दिकायमइगओ, उक्कोसं जीवो उ संवसे"
970,"कालं सङ्खिज्जसंनियं, समयं गोयम! मा पमायए // उत्त.३०१"
971,
972,"चउरिन्दियकायमइगओ, उक्कोसं जीवो उ संवसे"
973,"कालं सङ्खिज्जसंनियं, समयं गोयम! मा पमायए // उत्त.३०२"
974,
975,"पञ्चिन्दियकायमइगओ, उक्कोसं जीवो उ संवसे"
976,"सत्तट्ठभवगहणे, समयं गोयम! मा पमायए // उत्त.३०३"
977,
978,"देवे नेरइए अइगओ, उक्कोसं जीवो उ संवसे"
979,"इक्कॆक्कभवगहणे, समयं गोयम! मा पमायए // उत्त.३०४"
980,
981,"एवं भवसंसारे, संसरइ सुहासुहेहिं कम्मेहिं"
982,"जीवो पमायबहुलो, समयं गोयम! मा पमायए // उत्त.३०५"
983,
984,"लद्धूण'वि मानुसत्तणं, आरिअत्तं पुनरवि दुल्लहं"
985,"बहवे दसुया मिलक्खुया, समयं गोयम! मा पमायए // उत्त.३०६"
986,
987,"लद्धूण'वि आरियत्तणं, अहीणपञ्चॆन्दिंयया हु दुल्लहा"
988,"विगिलिन्दियया हु दीसई, समयं गोयम! मा पमायए // उत्त.३०७"
989,
990,"अहीणपञ्चॆन्दियत्तं पि से लहे, उत्तमधम्मसुई हु दुल्लहा"
991,"कुतित्थिनिसेवए जने, समयं गोयम! मा पमायए // उत्त.३०८"
992,
993,"लद्धूण वि उत्तमं सुइं, सद्दहणा पुनरवि दुल्लहा"
994,"मिच्छित्तनिसेवए जने, समयं गोयम! मा पमायए // उत्त.३०९"
995,
996,"धम्मं पि हु सद्दहन्तया, दुल्लहया काएण फासया"
997,"इह कामगुणेहिं मुच्छिया, समयं गोयम! मा पमायए // उत्त.३१०"
998,
999,"परिजूरइ ते सरीरयं, केसा पण्डुरया हवन्ति ते"
1000,"से सोयबले य हायई, समयं गोयम! मा पमायए // उत्त.३११"
1001,
1002,"परिजूरइ ते सरीरयं, केसा पण्डुरया हवन्ति ते"
1003,"से चक्खुबले य हायई, समयं गोयम! मा पमायए // उत्त.३१२"
1004,
1005,"परिजूरइ ते सरीरयं, केसा पण्डुरया हवन्ति ते"
1006,"से घाणबले य हायई, समयं गोयम! मा पमायए // उत्त.३१३"
1007,
1008,"परिजूरइ ते सरीरयं, केसा पण्डुरया हवन्ति ते"
1009,"से जिब्भबले य हायई, समयं गोयम! मा पमायए // उत्त.३१४"
1010,
1011,"परिजूरइ ते सरीरयं, केसा पण्डुरया हवन्ति ते"
1012,"से फासबले य हायई, समयं गोयम! मा पमायए // उत्त.३१५"
1013,
1014,"परिजूरइ ते सरीरयं, केसा पण्डुरया हवन्ति ते"
1015,"से सव्वबले य हायई, समयं गोयम! मा पमायए // उत्त.३१६"
1016,
1017,"अरई गण्ड विसूइया, आयङ्का विविहा फुसन्ति ते"
1018,"विहडइ विद्धंसइ ते सरीरयं, समयं गोयम! मा पमायए // उत्त.३१७"
1019,
1020,"वॊच्छिन्द सिणेहमप्पणो, कुमुयं सारइयं व पाणियं"
1021,"से सव्वसिणेह वज्जिए, समयं गोयम! मा पमायए // उत्त.३१८"
1022,
1023,"चिच्चाण धनं च भारियं, पव्वइओ हि सि अनगारियं"
1024,"मा वन्तं पुणो वि आविए, समयं गोयम! मा पमायए // उत्त.३१९"
1025,
1026,"अवउज्झिय मित्तबन्धवं, विउलं चेव धणोहसञ्चयं"
1027,"मा तं बिइयं गवेसए, समयं गोयम! मा पमायए // उत्त.३२०"
1028,
1029,"न हु जिणे अज्ज दिस्सई, बहुमए दिस्सइ मग्गदेसिए"
1030,"सम्पइ नेयाउए पहे, समयं गोयम! मा पमायए // उत्त.३२१"
1031,
1032,"अवसोहिय कण्टगापहं, ओइण्णोसि पहं महालयं"
1033,"गच्छसि मग्गं विसोहिया, समयं गोयम! मा पमायए // उत्त.३२२"
1034,
1035,"अबले जह भारवाहए, मा मग्गं विसमे'वगाहिया"
1036,"पच्छा पच्छाणुतावए, समयं गोयम! मा पमायए // उत्त.३२३"
1037,
1038,"तिण्णो हु सि अण्णवं महं, किं पुण चिट्ठसि तीरमागओ?"
1039,"अभितुर पारं गमित्तए, समयं गोयम! मा पमायए // उत्त.३२४"
1040,
1041,"अकलेवरसेणिं उस्सिया, सिद्धिं गोयम! लोयं गच्छसि"
1042,"खेमं च सिवं अनुत्तरं, समयं गोयम! मा पमायए // उत्त.३२५"
1043,
1044,"बुद्धे परिनिव्वुडे चरे, गामगए नगरे स सञ्जए"
1045,"सन्तीमग्गं च वूहए, समयं गोयम! मा पमायए // उत्त.३२६"
1046,
1047,"बुद्धस्स निसम्म भासियं, सुकहियमट्ठपओवसोहियं"
1048,"रागं दोसं च छिन्दिया, सिद्धिगइं गए गोयमे // उत्त.३२७"
1049,
1050,त्ति बेमि. 
1051,
1052,
1053,
1054,---------------------------------------------------------------------
1055,[बहुस्सुयपुज्जं]
1056,
1057,"सञ्जोगा विप्पमुक्कस्स, अनगारस्स भिक्खुणो"
1058,"आयारं पाउकरिस्सामि, आनुपुव्विं सुणेह मे // उत्त.३२८"
1059,
1060,"जे यावि होइ निव्विज्जे, थद्धे लुद्धे अनिग्गहे"
1061,"अभिक्खणं उल्लवई, अविनीए अबहुस्सुए // उत्त.३२९"
1062,
1063,"अह पञ्चहिं ठाणेहिं, जेहिं सिक्खा न लब्भई"
1064,"थम्भा कोहा पमाएणं, रोगेणालस्सएण य // उत्त.३३०"
1065,
1066,"अह अट्ठहिं ठाणेहिं, सिक्खासीलि त्ति वुच्चई"
1067,"अहस्सिरे सया दन्ते, न य मम्ममुदाहरे // उत्त.३३१"
1068,
1069,"नासीले न विसीले, न सिया अइलोलुए"
1070,"अकोहणे सच्चरए, सिक्खासीलि त्ति वुच्चई // उत्त.३३२"
1071,
1072,"अह चॊद्दसहिं ठाणेहिं, वट्टमाणे उ सञ्जए"
1073,"अविनीए वुच्चई सो उ, निव्वाणं च न गच्छइ // उत्त.३३३"
1074,
1075,"अभिक्खणं कोही हवइ, पबन्धं च पकुव्वई"
1076,"मॆत्तिज्जमाणो वमइ, सुयं लद्धूण मज्जई // उत्त.३३४"
1077,
1078,"अवि पावपरिक्खेवी, अवि मित्तेसु कुप्पई"
1079,"सुप्पियस्सावि मित्तस्स, रहे भासइ पावयं // उत्त.३३५"
1080,
1081,"पइण्णवाई दुहिले, थद्धे लुद्धे अनिग्गहे"
1082,"असंविभागी अवियत्ते, अविनीए त्ति वुच्चई // उत्त.३३६"
1083,
1084,"अह पन्नरसहिं ठाणेहिं, सुविनीए त्ति वुच्चई"
1085,"नीयावित्ती अचवले, अमाई अकुऊहले // उत्त.३३७"
1086,
1087,"अप्पं च अहिक्खिवई, पबन्धं च न कुव्वई"
1088,"मॆत्तिज्जमाणो भयई, सुयं लद्धुं न मज्जई // उत्त.३३८"
1089,
1090,"न य पावपरिक्खेवी, नय मित्तेसु कुप्पई"
1091,"अप्पियस्सावि मित्तस्स, रहे कल्लाण भासई // उत्त.३३९"
1092,
1093,"कलहडमरवज्जए, बुद्धे अ अभिजाइए"
1094,"हिरिमं पडिसंलीने, सुविनीए त्ति वुच्चई // उत्त.३४०"
1095,
1096,"वसे गुरकूले निच्चं, जोगवं उवहाणवं"
1097,"पियङ्करे पियंवाई, से सिक्खं लद्धुमरिहई // उत्त.३४१"
1098,
1099,जहा सङ्खंमि पयं निहियं दुहओ वि विरायइ
1100,"एवं बहुस्सुए भिक्खू, धम्मो कित्ती तहा सुयं // उत्त.३४२"
1101,
1102,"जहा से कम्बोयाणं, आइण्णे कन्थए सिया"
1103,"आसे जवेण पवरे, एव हवइ बहुस्सुए // उत्त.३४३"
1104,
1105,"जहा''इण्णसमारूढे, सूरे दढपरक्कमे"
1106,"उभओ नन्दिघोसेणं, एवं हवइ बहुस्सुए // उत्त.३४४"
1107,
1108,"जहा करेणुपरिकिण्णे, कुञ्जरे सट्ठिहायणे"
1109,"बलवन्ते अप्पडिहए, एवं हवइ बहुस्सुए // उत्त.३४५"
1110,
1111,"जहा से तिक्खसिङ्गे, जायखन्धे विरायई"
1112,"वसहे जुहाहिवई, एवं हवइ बहुस्सुए // उत्त.३४६"
1113,
1114,"जहा से तिक्खदाढे, उदग्गे दुप्पहंसए"
1115,"सीहे मियाण पवरे, एवं हवइ बहुस्सुए // उत्त.३४७"
1116,
1117,"जहा से वासुदेवे, सङ्खचक्कगयाधरे"
1118,"अप्पडिहयबले जोहे, एवं हवइ बहुस्सुए // उत्त.३४८"
1119,
1120,"जहा से चाउरन्ते, चक्कवट्टी महिड्ढिए"
1121,"चउद्दसरयणाहिवई, एवं हवइ बहुस्सुए // उत्त.३४९"
1122,
1123,"जहा से सहस्सक्खे, वज्जपाणी पुरन्दरे"
1124,"सक्के दिवाहिवई, एवं हवइ बहुस्सुए // उत्त.३५०"
1125,
1126,"जहा से तिमिरविद्धंसे, उच्चिट्ठन्ते दिवायरे"
1127,"जलन्ते व तेएण, एवं हवइ बहुस्सुए // उत्त.३५१"
1128,
1129,"जहा से उडुवई चन्दे, नक्खत्तपरिवारिए"
1130,"पडिपुण्णे पुण्णमासीए, एवं हवइ बहुस्सुए // उत्त.३५२"
1131,
1132,"जहा से सामाइयङ्गाणं, कॊट्ठागारे सुरक्खिए"
1133,"नानाधन्नपडिपुण्णे, एवं हवइ बहुस्सुए // उत्त.३५३"
1134,
1135,"जहा सा दुमाण पवरा, जम्बू नाम सुदंसणा"
1136,"अनाढियस्स देवस्स, एवं हवइ बहुस्सुए // उत्त.३५४"
1137,
1138,"जहा सा नईण पवरा, सलिला सागरङ्गमा"
1139,"सीया नीलवन्तपवहा, एवं हवइ बहुस्सुए // उत्त.३५५"
1140,
1141,"जहा से नगाण पवरे, सुमहं मन्दरे गिरी"
1142,"नानोसहिपज्जलिए, एवं हवइ बहुस्सुए // उत्त.३५६"
1143,
1144,"जहा से सयम्भुरमणे, उदही अक्खओदए"
1145,"नानारयणपडिपुण्णे, एवं हवइ बहुस्सुए // उत्त.३५७"
1146,
1147,समुद्दगम्भीरसमा दुरासया
1148,अचक्किया केणइ दुप्पहंसया
1149,सुयस्स पुण्णा विउलस्स ताइणो
1150,खवित्तु कम्मं गइमुत्तमं गया // उत्त.३५८
1151,
1152,"तम्हा सुयमहिट्ठिज्जा, उत्तमट्ठगवेसए"
1153,"जेणप्पाणं परं चेव, सिद्धिं सम्पाउणॆज्जासि // उत्त.३५९"
1154,
1155,त्ति बेमि. 
1156,
1157,
1158,
1159,---------------------------------------------------------------------
1160,[हरिएसिज्ज]
1161,
1162,"सोवागकुलसम्भूओ, गुणुत्तरधरो मुनी"
1163,"हरिएसबलो नाम, आसि भिक्खू जिइन्दिओ // उत्त.३६०"
1164,
1165,"इरिएसणभासाए, उच्चारसमिईसु य"
1166,"जओ आयाणनिक्खेवे, सञ्जओ सुसमाहिओ // उत्त.३६१"
1167,
1168,"मनगुत्तो वयगुत्तो, कायगुत्तो जिइन्दिओ"
1169,"भिक्खट्ठा बम्भइज्जंमि, जन्नवाडे उवट्ठिओ // उत्त.३६२"
1170,
1171,"तं पासिऊणं ऎज्जन्तं, तवेण परिसोसियं"
1172,"पन्तोवहिउवगरणं, उवहसन्ति अनारिया // उत्त.३६३"
1173,
1174,"जाईमयपडिथद्धा, हिंसगा अजिइन्दिया"
1175,"अबम्भचारिणो बाला, इमं वयणमब्बवी // उत्त.३६४"
1176,
1177,कयरे आगच्छइ दित्तरूवे? काले विकराले फॊक्कनासे
1178,ओमचेलए पंसुपिसायभूए सङ्करदूसं परिहरिय कण्ठे // उत्त.३६५
1179,
1180,कयरे तुमं इय अदसंणिज्जे? काए व आसाए इहमागओ सि?
1181,"ओमचेलया पंसुपिसायभूया, गच्छक्खलाहि किमिहं ठिओ सि? // उत्त.३६६"
1182,
1183,"जक्खे तहिं तिन्दुयरुक्खवासी, अनुकम्पओ तस्स महामुनिस्स"
1184,"पच्छायइत्ता नियगं सरीरं, इमाइं वयणाइं उदाहरित्था // उत्त.३६७"
1185,
1186,"समणो अहं सञ्जओ बम्भयारी, विरओ धणपयणपरिग्गहाओ"
1187,"परप्पवित्तस्स उ भिक्खकाले, अन्नस्स अट्ठा इहमागओ मि // उत्त.३६८"
1188,
1189,वियरिज्जइ खज्जइ भुज्जई य अन्नं पभूयं भवयाणमेयं
1190,"जाणाहि मे जायणजीविणु त्ति, सेसावसेसं लभऊ तवस्सी // उत्त.३६९"
1191,
1192,"उवक्खडं भोयण माहणाणं, अत्तिट्ठियं सिद्धमिहेगपक्खं"
1193,"न ऊ वयं एरिसमन्नपाणं, दाहामु तुज्झं किमिहं ठिओ'सि? // उत्त.३७०"
1194,
1195,"थलेसु बीयाइं वयन्ति कासगा, तहेव निन्नेसु य आससाए"
1196,"एयाए सद्धाए दलाह मज्झं, आराहए पुण्णमिणं खु खित्तं // उत्त.३७१"
1197,
1198,"खॆत्ताणि अम्हं विइयाणि लोए, जहिं पकिण्णा विरुहन्ति पुण्णा"
1199,"जे माहणा जाइविज्जोववेया, ताइं तु खॆत्ताइं सुपेसलाइं // उत्त.३७२"
1200,
1201,"कोहो य माणो य वहो य जेसिं, मोसं अदत्तं च परिग्गहं च"
1202,"ते माहणा जाइविज्जाविहूणा, ताइं तु खॆत्ताइं सुपावयाइं // उत्त.३७३"
1203,
1204,"तुब्भॆत्थ भो! भारधरा गिराणं, अट्ठं न जाणेह अहिज्ज वेए"
1205,"उच्चावयाइं मुणिणो चरन्ति, ताइं तु खॆत्ताइं सुपेसलाइं // उत्त.३७४"
1206,
1207,"अज्झावयाणं पडिकूलभासी, पभाससे किं नु सगासि अम्हं"
1208,"अवि एयं विनस्सउ अन्नपाणं, न य णं दाहामु तुमं नियण्ठा // उत्त.३७५"
1209,
1210,"समिईहि मज्झं सुसमाहियस्स, गुत्तीहि गुत्तस्स जिइन्दियस्स"
1211,"जइ मे न दाहित्थ अहेसणिज्जं, किमज्ज जन्नाण लहित्थ लाहं? // उत्त.३७६"
1212,
1213,"के इत्थ खत्ता उवजोइया वा, अज्झावया वा सह खण्डिएहिं?"
1214,"एयं खु दण्डेण फलएण हन्ता, कण्ठंमि घॆत्तूण खलॆज्ज जो णं // उत्त.३७७"
1215,
1216,"अज्झावयाणं वयणं सुणॆत्ता, उद्धाइया तत्थ बहू कुमारा"
1217,"दण्डेहिं वित्तेहिं कसेहिं चेव, समागया तं इसि तालयन्ति // उत्त.३७८"
1218,
1219,"रन्नो तहिं कोसलियस्स धूया, भद्द त्ति नामेण अनिन्दियङ्गी"
1220,"तं पासिया सञ्जय हम्ममाणं, कुद्धे कुमारे परिनिव्ववेइ // उत्त.३७९"
1221,
1222,"देवाभिओगेण निओइएणं, दिन्ना मु रन्ना मनसा न झाया"
1223,"नरिन्ददेविन्दभिवन्दिएणं, जेणाणि वन्ता इसिणा स एसो // उत्त.३८०"
1224,
1225,"एसो हु सो उग्गतवो महप्पा, जिइन्दिओ सञ्जओ बम्भयारी"
1226,"जो मे तया नॆच्छइ दिज्जमाणिं,पिउणा सयं कोसलिएण रन्ना // उत्त.३८१"
1227,
1228,"महाजसो एस महानुभागो, घोरव्वओ घोरपरक्कमो य"
1229,"मा एयं हीलेह अहीलणिज्जं, मा सव्वे तेएण भे निद्दहॆज्जा // उत्त.३८२"
1230,
1231,"एयाइं तीसे वयणाइं सॊच्चा, पत्तीइं भद्दाइं सुभासियाइं"
1232,इसिस्स वेयावडियट्ठयाए जक्खा कुमारे विनिवारयन्ति // उत्त.३८३
1233,
1234,"ते घोरुरूवा ठिय अन्तलिक्खे, असुरा तहिं तं जनं तालयन्ति"
1235,"ते भिन्नदेहे रुहिरं वमन्ते, पासित्तु भद्दा इणमाहु भुज्जो // उत्त.३८४"
1236,
1237,"गिरिं नहेहिं खणह, अयं दन्तेहिं खायह"
1238,"जायतेयं पाएहिं हणह, जे भिक्खु अवमन्नह // उत्त.३८५"
1239,
1240,"आसीविसो उग्गतवो महेसी, घोरव्वओ घोरपरक्कमो य"
1241,"अगनिं व पक्खन्द पयङ्गसेणा, जे भिक्खुयं भत्तकाले वहेह // उत्त.३८६"
1242,
1243,"सीसेण एयं सरणं उवेह, समागया सव्वजणेण तुब्भे"
1244,"जइ इच्छह जीवियं वा धनं वा, लोगम्पि एसो कुविओ डहॆज्जा // उत्त.३८७"
1245,
1246,"अवहेडियपिट्ठिसउत्तमङ्गे, पसारिया बाहु अकम्मचिट्ठे"
1247,"निब्भेरियच्छे रुहिरं वमन्ते, उड्ढंमुहे निग्गयजीहनॆत्ते // उत्त.३८८"
1248,
1249,"ते पासिया खण्डिय कट्ठभूए, विमणो विसण्णो अह माहणो सो"
1250,"इसिं पसाएइ सभारियाओ, हीलं च निन्द च खमाह भन्ते! // उत्त.३८९"
1251,
1252,"बालेहिं मूढेहिं अयाणएहिं, जं हीलिया तस्स खमाह भन्ते!"
1253,"महप्पसाया इसिणो हवन्ति, न हु मुनी कोवपरा हवन्ति // उत्त.३९०"
1254,
1255,"पुव्विं च इण्हिं च अनागयं च, मणप्पदोसो न मे अत्थि कोइ"
1256,"जक्खा हु वेयावडियं करॆन्ति, तम्हा हु एए निहया कुमारा // उत्त.३९१"
1257,
1258,"अत्थं च धम्मं च वियाणमाणा, तुब्भं न वि कुप्पह भूइपन्ना"
1259,"तुब्भं तु पाए सरणं उवेमो, समागया सव्वजणेण अम्हे // उत्त.३९२"
1260,
1261,अच्चेमु ते महाभाग! न ते किञ्चन न अच्चिमो
1262,"भुञ्जाहि सालिमं कूरं, नाणवञ्जण सञ्जुयं // उत्त.३९३"
1263,
1264,"इमं च मे अत्थि पभूयमन्नं, तं भुञ्जसू अम्ह अनुग्गहट्ठा"
1265,"बाढं त्ति पडिच्छइ भत्तपानं, मासस्स ऊ पारणए महप्पा // उत्त.३९४"
1266,
1267,"तहियं गन्धोदयपुप्फवासं, दिव्वा तहिं वसुहारा य वुट्ठा"
1268,"पहयाओ दुन्दुहीओ सुरेहिं, आगासे अहो दानं च घुट्ठं // उत्त.३९५"
1269,
1270,"सक्खं खु दीसइ तवोविसेसो, न दीसई जाइविसेस कोई"
1271,"सोवागपुत्तं हरिएससाहुं, जस्सेरिसा इड्ढि महानुभागा // उत्त.३९६"
1272,
1273,"किं माहणा! जोई समारभन्ता, उदएण सोहिं बहिया विमग्गहा?"
1274,"जं मग्गहा बाहिरियं विसोहिं, न तं सुइट्ठं कुसला वयन्ति // उत्त.३९७"
1275,
1276,"कुसं च जूवं तणकठ्ठमग्गिं, सायं च पायं उदगं फुसन्ता"
1277,"पाणाइं भूयाइं विहेडयन्ता, भुज्जो'वि मन्दा पकरेह पावं // उत्त.३९८"
1278,
1279,कहं चरे भिक्खु! वयं जयामो? पावाइं कम्माइं पणुल्लयामो
1280,"अक्खाहि णे सञ्जय जक्खपूइया, कहं सुइट्ठं कुसला वयन्ति // उत्त.३९९"
1281,
1282,"छज्जीवकाए असमारभन्ता, मोसं अदत्तं च असेवमाणा"
1283,"परिग्गहं इत्थिओ मान मायं, एयं परिन्नाय चरन्ति दन्ता // उत्त.४००"
1284,
1285,"सुसंवुडा पञ्चहिं संवरेहिं, इह जीवियं अनवकङ्खमाणा"
1286,"वोसट्ठकाओ सुइचत्तदेहा, महाजयं जयई जन्नसिट्ठं // उत्त.४०१"
1287,
1288,के ते जोई के व ते जोइठाणे? का ते सुया किं व ते कारिसङ्गं?
1289,एहा य ते कयरा सन्ति भिक्खू! कयरेण होमेण हुणासि जोइं? // उत्त.४०२
1290,
1291,"तवो जोई जीवा जोइठाणं, जोगा सुया सरीरं कारिसङ्गं"
1292,"कम्म एहा सञ्जमजोगसन्ती, होमं हुणामि इसिणं पसत्थं // उत्त.४०३"
1293,
1294,के ते हरए के य ते सन्तितित्थे? कहिं सिणाओ व रयं जहासि?
1295,"आइक्ख णे सञ्जय जक्खपूइया, इच्छामो नाउं भवओ सगासे // उत्त.४०४"
1296,
1297,"धम्मे हरए बम्भे सन्तितित्थे, अनाविले अत्तपसन्नलेसे"
1298,"जहिं सिणाओ विमलो विसुद्धो, सुसीइभूओ पजहामि दोसं // उत्त.४०५"
1299,
1300,"एयं सिणाणं कुसलेहि दिट्ठं, महासिणाणं इसिणं पसत्थं"
1301,"जहिं सिणाया विमला विसुद्धा, महारिसी उत्तमं ठाणं पत्ते // उत्त.४०६"
1302,
1303,त्ति बेमि. 
1304,
1305,
1306,
1307,---------------------------------------------------------------------
1308,[चित्तसम्भूइज्जं]
1309,
1310,"जाईपराजिओ खलु, कासि नियाणं तु हत्थिणपुरंमि"
1311,"चुलणीए बम्भदत्तो, उववन्नो पउम गुम्माओ // उत्त.४०७"
1312,
1313,"कम्पिल्ले सम्भूओ, चित्तो पुण जाओ पुरिमतालंमि"
1314,"सॆट्ठिकुलंमि विसाले, धम्मं सोऊण पव्वइओ // उत्त.४०८"
1315,
1316,"कम्पिल्लंमि य नयरे, समागया दो वि चित्तसम्भूया"
1317,"सुहदुक्खफलविवागं, कहॆन्ति ते ऎक्कमॆक्कस्स // उत्त.४०९"
1318,
1319,"चक्कवट्टी महिड्ढीओ, बम्भदत्तो महायसो"
1320,"भायरं बहुमानेनं, इमं वयणमब्बवी // उत्त.४१०"
1321,
1322,"आसीमो भायरा दो'वि, अन्नमन्नवसानुगा"
1323,"अन्नमन्नमनुरत्ता, अन्नमन्नहिएसिणो // उत्त.४११"
1324,
1325,"दासा दसण्णये आसी, मिया कालिञ्जरे नगे"
1326,"हंसा मयङ्गतीराए, सोवागा कासिभूमिए // उत्त.४१२"
1327,
1328,"देवा य देवलोगंमि, आसि अम्हे महिड्ढिया"
1329,"इमा णो छट्ठिया जाई, अन्नमन्नेण जा विना // उत्त.४१३"
1330,
1331,"कम्मा नियाणपगडा, तुमे राय! विचिन्तिया"
1332,"तेसिं फलविवागेण, विप्पओगमुवागया // उत्त.४१४"
1333,
1334,"सच्चसोयप्पगडा, कम्मा मए पुरा कडा"
1335,"ते अज्ज परिभुञ्जामो, किं नु चित्तेवि से तहा // उत्त.४१५"
1336,
1337,"सव्वं सुचिण्णं सफलं नराणं, कडाण कम्माण न मॊक्ख अत्थि"
1338,"अत्थेहिं कामेहिं य उत्तमेहिं, आया ममं पुण्णफलोववेए // उत्त.४१६"
1339,
1340,"जाणासि सम्भूय! महानुभागं, महिड्ढियं पुण्णफलोववेयं"
1341,चित्तं पि जाणाहि तहेव रायं! इड्ढी जुई तस्सवि अप्पभूया // उत्त.४१७
1342,
1343,"महत्थरूवा वयणप्पभूया, गाहाणुगीया नरसङ्घमज्झे"
1344,"जं भिक्खुणो सीलगुणोववेया, इह जयन्ते समणो'म्हि जाओ // उत्त.४१८"
1345,
1346,"उच्चोअए महु कक्के य बम्भे, पवेइया आवसहा य रम्मा"
1347,"इमं गिहं चित्तधनप्पभूयं, पसाहि पञ्चालगुणोववेयं // उत्त.४१९"
1348,
1349,"नट्टेहिं गीएहिं य वाइएहिं, नारीजणाहिं परिवारयन्तो"
1350,"भुञ्जाहि भोगाइ इमाइ भिक्खू, मम रोयई पव्वज्जा हु दुक्खं // उत्त.४२०"
1351,
1352,"तं पुव्वनेहेण कयाणुरागं, नराहिवं कामगुणेसु गिद्धं"
1353,"धम्मस्सिओ तस्स हियाणुपेही, चित्तो इमं वयणमुदाहरित्था // उत्त.४२१"
1354,
1355,"सव्वं विलवियं गीयं, सव्वं नट्टं विडम्बियं"
1356,"सव्वे आभरणा भारा, सव्वे कामा दुहावहा // उत्त.४२२"
1357,
1358,"बालाभिरामेसु दुहावहेसु, न तं सुहं कामगुणेसु रायं"
1359,"विरत्तकामाण तवॊधणाणं, जं भिक्खुणं सीलगुणे रयाणं // उत्त.४२३"
1360,
1361,"नरिन्द जाई अहमा नराणं, सोवागजाई दुहओ गयाणं"
1362,"जहिं वयं सव्वजनस्स वेस्सा, वसीअ सोवागनिवेसनेसु // उत्त.४२४"
1363,
1364,तीसं य जाईइ उ पावियाए वुच्छा मु सोवागनिवेसनेसु
1365,"सव्वस्स लोगस्स दुगञ्छणिज्जा, इहं तु कम्माइं पुरे कडाइं // उत्त.४२५"
1366,
1367,"सो दाणिसिं राय महानुभागो, महिड्ढिओ पुण्णफलोववेओ"
1368,"चइत्तु भोगाइं असासयाइं, आदानहेउं, अभिनिक्खमाहि // उत्त.४२६"
1369,
1370,"इह जीवीए राय असासयंमि, धणियं तु पुण्णाइं अकुव्वमाणो"
1371,"से सोयई मच्चुमुहोवणीए, धम्मं अकाऊण परंमि लोए // उत्त.४२७"
1372,
1373,"जहेह सीहो व मियं गहाय, मच्चू नरं नेइ हु अन्तकाले"
1374,"न तस्स माया व पिया व भाया, कालंमि तम्मंसहरा भवन्ति // उत्त.४२८"
1375,
1376,"न तस्स दुक्खं विभयन्ति नाइओ, न मित्तवग्गा न सुया न बन्धवा"
1377,"ऎक्को सयं पच्चणुहोइ दुक्खं, कत्तारमेव अणुजाइ कम्मं // उत्त.४२९"
1378,
1379,"चिच्चा दुपयं च चउप्पयं च, खॆत्तं गिहं धणधन्नं च सव्वं"
1380,"सकम्मबीओ अवसो पयाइ, परं भवं सुन्दरं पावगं वा // उत्त.४३०"
1381,
1382,"तं ऎक्कगं तुच्छसरीरगं से, चिईगयं दहियं उ पावगेणं"
1383,"भज्जा य पुत्तोवि य नायओ वा, दायारमन्नं अणुसङ्कमन्ति // उत्त.४३१"
1384,
1385,"उवणिज्जई जीवियमप्पमायं, वण्णं जरा हरइ नरस्स रायं!"
1386,"पञ्चालराया! वयणं सुणाहि, मा कासि कम्माइं महालयाइं // उत्त.४३२"
1387,
1388,अहं पि जाणामि जहेह साहू! जं मे तुमं साहसि वक्कमेयं
1389,"भोगा इमे सङ्गकरा हवन्ति, जे दुज्जया अज्जो! अम्हारिसेहिं // उत्त.४३३"
1390,
1391,"हत्थिणपुरंमि चित्ता, दट्ठूणं नरवइं महिड्ढीयं"
1392,"कामभोगेसु गिद्धेणं, नियाणमसुहं कडं // उत्त.४३४"
1393,
1394,"तस्स मे अपडिकन्तस्स, इमं एयारिसं फलं"
1395,"जाणमाणो वि जं धम्मं, कामभोगेसु मुच्छिओ // उत्त.४३५"
1396,
1397,"नागो जहा पङ्कजलावसन्नो, दट्ठुं थलं नाभिसमेइ तीरं"
1398,"एवं वयं कामगुणेसु गिद्धा, न भिक्खुणो मग्गमनुव्वयामो // उत्त.४३६"
1399,
1400,"अच्चेइ कालो तूरन्ति राइ, न यावि भोगा पुरिसाण निच्चा"
1401,"उविच्च भोगा पुरिसं चयन्ति, दुमं जहा खीणफलं व पक्खी // उत्त.४३७"
1402,
1403,"जइ तं सि भोगे चइउं असत्तो, अज्जाइं कम्माइं करेहि रायं"
1404,"धम्मे ठिओ सव्वपयाणुकम्पी, तो होहिसि देवो इओ विउव्वी // उत्त.४३८"
1405,
1406,"न तुज्झ भोगे चइऊण बुद्धी, गिद्धोसि आरम्भपरिग्गहेसु"
1407,"मोहं कओ ऎत्तिउ विप्पलावो, गच्छामि रायं! आमन्तिओ सि // उत्त.४३९"
1408,
1409,"पञ्चालराया'वि य बम्भदत्तो, साहुस्स तस्स वयणं अकाउं"
1410,"अनुत्तरे भुञ्जिय कामभोगे, अणुत्तरे सो नरए पविट्ठो // उत्त.४४०"
1411,
1412,"चित्तो'वि कामेहि विरत्तकामो, उदग्गचारित्ततवो महेसी"
1413,"अनुत्तरं सञ्जमं पालइत्ता, अनुत्तरं सिद्धिगइं गओ // उत्त.४४१"
1414,
1415,त्ति बेमि. 
1416,
1417,
1418,
1419,---------------------------------------------------------------------
1420,[उसुयारिज्जं]
1421,
1422,देवा भवित्ताण पुरे भवंमि केई चुया एगविमानवासी
1423,"पुरे पुराणे उसुयारनामे, खाए समिद्धे सुरलोगरम्मे // उत्त.४४२"
1424,
1425,"सकम्मसेसेण पुराकएणं, कुलेसुदग्गेसु य ते पसूया"
1426,"निव्विण्णसंसारभया जहाय, जिणिन्दमग्गं सरणं पवन्ना // उत्त.४४३"
1427,
1428,"पुमत्तमागम्म कुमार दो'वि, पुरोहिओ तस्स जसा य पत्ती"
1429,"विसालकित्ती य तहोसुयारो, राय'त्थ देवी कमलावई य // उत्त.४४४"
1430,
1431,"जाईजरामच्चुभयाभिभूया, बहिंविहाराभिनिविट्ठचित्ता"
1432,"संसारचक्कस्स विमॊक्खणट्ठा, दट्ठूण ते कामगुणे विरत्ता // उत्त.४४५"
1433,
1434,"पियपुत्तगा दॊन्नि वि माहणस्स, सकम्मसीलस्स पुरोहियस्स"
1435,"सारित्तु पोराणिय तत्थ जाइं, तहा सुचिण्णं तवसञ्जमं च // उत्त.४४६"
1436,
1437,"ते कामभोगेसु असज्जमाणा, माणुस्सएसुं जे यावि दिव्वा"
1438,"मॊक्खाभिकङ्खी अभिजायसड्ढा, तातं उवागम्म इमं उदाहु // उत्त.४४७"
1439,
1440,"असासयं दट्ठु इमं विहारं, बहुअन्तरायं न य दीहमाउं"
1441,"तम्हा गिहंसि न रइं लभामो, आमन्तयामो चरिस्सामु मोनं // उत्त.४४८"
1442,
1443,"अह तायगो तत्थ मुणीण तेसिं, तवस्स वाघायकरं वयासी"
1444,"इमं वयं वेयविओ वयन्ति, जहा न होई असुयाण लोगो // उत्त.४४९"
1445,
1446,"अहिज्ज वेए परिविस्स विप्पे, पुत्ते परिट्ठप्प गिहंसि जाया"
1447,"भॊच्चाण भोए सह इत्थियाहिं, आरण्णगा होह मुनी पसत्था // उत्त.४५०"
1448,
1449,"सोयग्गिणा आयगुणिन्धणेणं, मोहानिला पज्जलणाहिएणं"
1450,"सन्तत्तभावं परितप्पमाणं, लालप्पमाणं बहुहा बहुं च // उत्त.४५१"
1451,
1452,"पुरोहियं तं कमसो'णुनन्तं, नीमन्तयन्तं च सुए धणेणं"
1453,"जहक्कमं कामगुणेहिं चेव, कुमारगा ते पसमिक्ख वक्कं // उत्त.४५२"
1454,
1455,"वेया अहीया न भवन्ति ताणं, भुत्ता दिया निन्ति तमं तमेणं"
1456,"जाया य पुत्ता न हवन्ति ताणं, को नाम ते अणुमन्नॆज्ज एयं? // उत्त.४५३"
1457,
1458,"खणमित्तसुक्खा बहुकालदुक्खा, पगामदुक्खा अनिगामसुक्खा"
1459,"संसारमॊक्खस्स विपक्खभूया, खाणी अनत्थाण उ कामभोगा // उत्त.४५४"
1460,
1461,"परिव्वयन्ते अनियत्तकामे, अहो य राओ परितप्पमाणे"
1462,"अन्नप्पमत्ते धणमेसमाणे, पप्पॊत्ति मच्चुं पुरिसे जरं च // उत्त.४५५"
1463,
1464,"इमं च मे अत्थि इमं च नत्थि, इमं च मे किच्चमिमं अकिच्चं"
1465,"तं एवमेवं लालप्पमाणं, हरा हरन्ति त्ति कहं पमाओ? // उत्त.४५६"
1466,
1467,"धनं पभूयं सह इत्थियाहिं, सयणा तहा कामगुणा पगामा"
1468,"तवं कए तप्पइ जस्स लोगो, तं सव्व साहीणमिहेव तुब्भं // उत्त.४५७"
1469,
1470,"धणेण किं धम्मधुराहिगारे, सयणेण वा कामगुणेहिं चेव"
1471,"समणा भविस्सामु गुणोहधारी, बहिं विहारा अभिगम्म भिक्खं // उत्त.४५८"
1472,
1473,"जहा य अग्गी अरणी असन्तो, खीरे घयं तेल्लमहा तिलेसु"
1474,"एमेव जाया सरीरंसि सत्ता, संमुच्छई नासइ नावचिट्ठे // उत्त.४५९"
1475,
1476,"नोइन्दियग्गॆज्झ अमुत्तभावा, अमुत्तभावा वि य होइ निच्चो"
1477,"अज्झत्थहेउं निययस्स बन्धो, संसारहेउं च वयन्ति बन्धं // उत्त.४६०"
1478,
1479,"जहा वयं धम्मं अजाणमाणा, पावं पुरा कम्ममकासि मोहा"
1480,"ओरुब्भमाणा परिरक्खियन्ता, तं नेव भुज्जो'वि समायरामो // उत्त.४६१"
1481,
1482,"अब्भाहयंमि लोगंमि, सव्वओ परिवारिए"
1483,"अमोहाहिं पडन्तीहिं, गिहंसि न रइं लभे // उत्त.४६२"
1484,
1485,"केण अब्भाहओ लोगो, केण वा परिवारिओ"
1486,"का वा अमोहा वुत्ता, जाया चिन्तावरो हुमे // उत्त.४६३"
1487,
1488,"मच्चुणा'ब्भाहओ लोगो, जराए परिवारिओ"
1489,"अमोहा रयणी वुत्ता, एवं ताय विजाणह // उत्त.४६४"
1490,
1491,"जा जा वच्चइ रयणी, न सा पडिनियत्तई"
1492,"अहम्मं कुणमाणस्स, अफला जन्ति राइओ // उत्त.४६५"
1493,
1494,"जा जा वच्चइ रयणी, न सा पडिनियत्तई"
1495,"धम्मं च कुणमाणस्स, सफला जन्ति राइओ // उत्त.४६६"
1496,
1497,"एगओ संवसित्ताणं, दुहओ सम्मत्तसञ्जुया"
1498,"पच्छा जाया गमिस्सामो, भिक्खमाणा कुले कुले // उत्त.४६७"
1499,
1500,"जस्स'त्थि मच्चुणा सक्खं, जस्स व'त्थि पलायणं"
1501,"जो जाणे न मरिस्सामि, सो हु कङ्खे सुए सिया // उत्त.४६८"
1502,
1503,"अज्जेव धम्मं पडिवज्जयामो, जहिं पवन्ना न पुणब्भवामो"
1504,"अनागयं नेव य अत्थि किञ्चि, सद्धा खमं नो विणइत्तु रागं // उत्त.४६९"
1505,
1506,"पहीणपुत्तस्स हु नत्थि वासो, वासिट्ठि! भिक्खायरियाइ कालो"
1507,"साहाहिं रुक्खो लहई समाहिं, छिन्नाहि साहाहिं तमेव खाणुं // उत्त.४७०"
1508,
1509,"पङ्खाविहूणो व्व जहेह पक्खी, भिच्चाविहूणो व्व रणे नरिन्दो"
1510,"विवन्नसारो वणिओ व्व पोए, पहीणपुत्तो मि तहा अहम्पि // उत्त.४७१"
1511,
1512,"सुसम्भिया कामगुणा इमे ते, सम्पिण्डिआ अग्गरसाप्पभूया"
1513,"भुञ्जामु ता कामगुणे पगामं, पच्छा गमिस्सामु पहाणमग्गं // उत्त.४७२"
1514,
1515,"भुत्ता रसा भोइ! जहाइ णे वओ, न जीवियट्ठा पजहामि भोए"
1516,"लाभं अलाभं च सुहं च दुक्खं, सञ्चिक्खमाणो चरिस्सामि मोनं // उत्त.४७३"
1517,
1518,"मा हु तुमं सोयरियाण सम्भरे, जुण्णो व हंसो पडिसॊत्तगामी"
1519,"भुञ्जाहि भोगाई मए समाणं, दुक्खं खु भिक्खायरिया विहारो // उत्त.४७४"
1520,
1521,"जहा य भोई तणुयं भुयङ्गो, निम्मोयणिं हिच्च पलेइ मुत्तो"
1522,"एमेए जाया पयहन्ति भोए, ते'हं कहं नानुगमिस्समॆक्को? // उत्त.४७५"
1523,
1524,"छिन्दित्तु जालं अबलं व रोहिया, मच्छा जहा कामगुणे पहाय"
1525,"धोरेयसीला तवसा उदारा, धीरा हु भिक्खायरियं चरन्ति // उत्त.४७६"
1526,
1527,"नहेव कुञ्चा समइक्कम्मन्ता, तयाणि जालाणि दलित्तु हंसा"
1528,"पलॆन्ति पुत्ता य पई य मज्झं, ते'हं कहं नानुगमिस्समॆक्का // उत्त.४७७"
1529,
1530,"पुरोहियं तं ससुयं सदारं, सॊच्चा'भिनिक्खम्म पहाय भोए"
1531,"कुडुम्बसारं विउलुत्तमं च, रायं अभिक्खं समुवाय देवी // उत्त.४७८"
1532,
1533,वन्तासी पुरिसो रायं! न सो होइ पसंसिओ
1534,"माहणेण परिच्चत्तं, धनं आयाउमिच्छसि // उत्त.४७९"
1535,
1536,"सव्वं जगं जइ तुहं, सव्वं वा'वि धनं भवे"
1537,"सव्वं पि ते अपज्जत्तं, नेव ताणाय तं तव // उत्त.४८०"
1538,
1539,"मरिहिसि रायं जया तया वा, मनोरमे कामगुणे पहाय"
1540,"ऎक्को हु धम्मे नरदेव! ताणं, न विज्जई अन्नमिहेह किञ्चि // उत्त.४८१"
1541,
1542,"नाहं रमे पक्खिणि पञ्जरे वा, सन्ताणछिन्ना चरिस्सामि मोनं"
1543,"अकिञ्चणा उज्जुकडा निरामिसा, परिग्गहारम्भनियत्तदोसा // उत्त.४८२"
1544,
1545,"दवग्गिणा जहा रण्णे, डज्झमाणेसु जन्तुसु"
1546,"अन्ने सत्ता पमोयन्ति, रागद्दोसवसं गया // उत्त.४८३"
1547,
1548,"एवमेव वयं मूढा, कामभोगेसु मुच्छिया"
1549,"डज्झमाणं न बुज्झामो, रागद्दोसग्गिणा जगं // उत्त.४८४"
1550,
1551,"भोगे भॊच्चा वमित्ता य, लहुभूयविहारिणो"
1552,"आमोयमाणा गच्छन्ति, दिया कामकमा इव // उत्त.४८५"
1553,
1554,"इमे य बद्धा फन्दन्ति, मम हत्थ'ज्जमागया"
1555,"वयं च सत्ता कामेसु, भविस्सामो जहा इमे // उत्त.४८६"
1556,
1557,"सामिसं कुललं दिस्सा, बज्झमाणं निरामिसं"
1558,"आमिसं सव्वमुज्झित्ता, विहरिस्सामो निरामिसा // उत्त.४८७"
1559,
1560,"गिद्धोवमे उ नच्चाणं, कामे संसारवड्ढणे"
1561,"उरगो सुवण्णपासे व्व, सङ्कमाणो तणुं चरे // उत्त.४८८"
1562,
1563,"नागो व्व बन्धनं छित्ता, अप्पणो वसहिं वए"
1564,एयं पत्थं महारायं! उस्सुयारि त्ति मे सुयं // उत्त.४८९
1565,
1566,"चइत्ता विउलं रज्जं, कामभोगे य दुच्चए"
1567,"निव्विसया निरामिसा, निन्नेहा निप्परिग्गहा // उत्त.४९०"
1568,
1569,"सम्मं धम्मं वियाणित्ता, चिच्चा कामगुणे चरे"
1570,"तवं पगिज्झ'हक्खायं, घोरं घोरपरक्कमा // उत्त.४९१"
1571,
1572,"एवं ते कमसो बुद्धा, सव्वे धम्मपरायणा"
1573,"जम्ममच्चुभउव्विग्गा, दुक्खस्सन्तगवेसिणो // उत्त.४९२"
1574,
1575,"सासणे विगयमोहाणं, पुव्विं भावणभाविया"
1576,"अचिरेणेव कालेण, दुक्खस्सन्तमुवागया // उत्त.४९३"
1577,
1578,"राया सह देवीए, माहणो य पुरोहिओ"
1579,"माहणी दारगा चेव, सव्वे ते परिनिव्वुडे // उत्त.४९४"
1580,
1581,त्ति बेमि. 
1582,
1583,
1584,
1585,---------------------------------------------------------------------
1586,[सभिक्खुयं]
1587,
1588,"मोनं चरिस्सामि समिच्च धम्मं, सहिए उज्जुकडे नियाणछिन्ने"
1589,"सन्थवं जहिज्ज अकामकामे, अन्नायएसी परिव्वए स भिक्खू // उत्त.४९५"
1590,
1591,"राओवरयं चरॆज्ज लाढे, विरए वेयविया''यरक्खिए"
1592,"पन्ने अभिभूय सव्वदंसी, जे कम्हिवि न मुच्छिए स भिक्खू // उत्त.४९६"
1593,
1594,"अक्कोसवहं विइत्तु धीरे, मुनी चरे लाढे निच्चमायगुत्ते"
1595,"अव्वग्गमणे असम्पहिट्ठे, जे कसिणं अहियासए स भिक्खू // उत्त.४९७"
1596,
1597,"पन्त सयणासणं भइत्ता, सीउण्हं विविहं च दंसमसगं"
1598,"अव्वग्गमणे असम्पहिट्ठे, जे कसिणं अहियासए स भिक्खू // उत्त.४९८"
1599,
1600,"नो सक्कियमिच्छई न पूयं, नो वि य वन्दणगं कुओ पसंसं¿?"
1601,"से सञ्जए सुव्वए तवस्सी, सहिए आयगवेसए स भिक्खू // उत्त.४९९"
1602,
1603,"जेण पुणो जहाइ जीवियं, मोहं वा कसिणं नियच्छई"
1604,"नरनारिं पजहे सया तवस्सी, न य कोऊहलं उवेइ स भिक्खू // उत्त.५००"
1605,
1606,"छिन्नं सरं भोमं अन्तलिक्खं, सुमिणं लक्खणं दण्डं वत्थुविज्जं"
1607,"अङ्गवियारं सरस्स विजयं, जे विज्जाहिं न जीवइ स भिक्खू // उत्त.५०१"
1608,
1609,"मन्तं मूलं विविहं वॆज्जचिन्तं, वमनविरेयणधुमनॆत्तसिणाणं"
1610,"आउरे सरणं तिगिच्छियं च, तं परिन्नाय परिव्वए स भिक्खू // उत्त.५०२"
1611,
1612,"खत्तियगण उग्गरायपुत्ता, माहणभोई य विविहा य सिप्पिणो"
1613,"नो तेसिं वयइ सिलोगपूयं, तं परिन्नाय परिव्वए स भिक्खू // उत्त.५०३"
1614,
1615,"गिहिणो जे पव्वइएण दिट्ठा, अप्पवइएण व सन्थुया हविज्जा"
1616,"तेसिं इहलोइयफलट्ठा, जो सन्थवं न करेइ स भिक्खू // उत्त.५०४"
1617,
1618,"सयणासणपानभोयणं, विविहं खाइमं साइमं परेसिंलद्धुं"
1619,"अदए पडिसेहिए नियण्ठे, जे तत्थ न पउस्सई स भिक्खू // उत्त.५०५"
1620,
1621,"जं किञ्चि आहारपानगं विविहं, खाइमसाइमं परेसिं लध्धुं"
1622,"जो तं तिविहेण नाणुकम्पे, मनवयकायसुसंवुडे स भिक्खू // उत्त.५०६"
1623,
1624,"आयामगं चेव जवोदणं च, सीयं सोवीर जवोदगं च"
1625,"नो हीलए पिण्डं नीरसं तु, पन्तकुलाई परिव्वए जे स भिक्खू // उत्त.५०७"
1626,
1627,"सद्दा विविहा भवन्ति लोए, दिव्वा माणुस्सगा तिरिच्छा"
1628,"भीमा भयभेरवा उराला, जो सॊच्चा न विहिज्जई स भिक्खू // उत्त.५०८"
1629,
1630,"वादं विविहं समिच्च लोए, सहिए खेयाणुगए य कोवियप्पा"
1631,"पन्ने अभिभूय सव्वदंसी, उवसन्ते अविहेडए स भिक्खू // उत्त.५०९"
1632,
1633,"असिप्पजीवी अगिहे अमित्ते, जिइन्दिए सव्वओ विप्पमुक्के"
1634,अणुक्कसाई लहुअप्पभक्खी चिच्चा गिहं एगचरे स भिक्खु // उत्त.५१०
1635,
1636,त्ति बेमि. 
1637,
1638,
1639,
1640,---------------------------------------------------------------------
1641,[बम्भचेरसमाहिठाणं]
1642,
1643,"सुयं मे आउसं! तेणं भगवया एवमक्खायं. इह खलु थेरेहिं भगवन्तेहिं दस बम्भचेरसमाहिठाणा पन्नत्ता, जे भिक्खू सॊच्चा निसम्म सञ्जमबहुले संवरबहुले समाहिबहुले गुत्ते गुत्तिन्दिए गुत्तबम्भयारी सया अप्पमत्ते विहरॆज्जा."
1644,
1645,कयरे खलु ते थेरेहिं भगवन्तेहिं रदस बम्भचेरसमाहिठाणा पन्नत्ता?
1646,
1647,"जे भिक्खू सॊच्चा निसम्म सञ्जमबहुले संवरबहुले समाहिबहुले गुत्ते गुत्तिन्दिए गुत्तबम्भयारी सया अप्पमत्ते विहरॆज्जा। इमे खलु ते थेरेहिं भगवन्तेहिं दस बम्भचेर समाहि ठाणा पन्नता, जे भिक्खू सॊच्चा निसम्म सञ्जमबहुले संवरबहुल समाहिबहुले गुत्ते गुत्तिन्दिए गुत्तबम्भयारी सया अप्पमत्ते विहरॆज्जा. . "
1648,
1649,"तं जहा विवित्ताई सयणासणाइं सेवित्ता हवइ से निग्गन्थे नो इत्थीपसुपण्डग संसत्ताइं सयणासणाइं सेवित्ता हवइ से निग्गन्थे, तं कहमिति चेत आयरिया''ह निग्गन्थस्स खलु इत्थिपसुपण्ड-गसंसत्ताइं सयणासणाइं सेवमाणस्स बम्भयारिस्स बम्भचेरे सङ्का वा कङ्खा वा विइगिच्छा वा समुप्पज्जिज्जा, भेदं वा लभॆज्जा, उम्मायं वा पाउणिज्जा, दीहकालियं वा रोगायङ्कं हवॆज्जा, केवलि-पन्नत्ताओ धम्माओ भंसॆज्जा। तम्हा नो इत्थीपसुपण्डगसंसत्ताइं सयणासणाइं सेवित्ता हवइ से निग्गन्थे."
1650,
1651,"नो इत्थीणं कहं कहित्ता हवइ से निग्गन्थे, तं कहमिति चेत? आयरिया''ह, निग्गन्थस्स खलु इत्थीणं कहं कहेमाणस्स बम्भयारिस्स बम्भचेरे सङ्का वा जाव धम्माओ भंसॆज्जा। तम्हा नो इत्थीणं कहं कहॆज्जा."
1652,
1653,"नो इत्थीणं सद्धिं सन्निसॆज्जागए विहरित्ता हवइ से निग्गन्थे। तं कहमिति चेत? आयारिया''ह, निग्गन्थस्स खलु इत्थीहिं सद्धिं संनिसॆज्जागयस्स बम्भयारिस्स बम्भचेरे सङ्का वा जाव धम्माओ भंसॆज्जा। तम्हा खलु नो निग्गन्थे इत्थीहिं सद्धिं सन्निसॆज्जागए विहरॆज्जा."
1654,
1655,"नो इत्थीणं इन्दियाइं मनोहराइं मनोरमाइं आलोइत्ता निज्झाइत्ता हवइ से निग्गन्थे, तं कहमिति चेत? आयरिया''ह, निग्गन्थस्स खलु इत्थीणं इन्दियाइं मनोहराइं मनोरमाइं आलोएमाणस्स निज्झायमाणस्स बम्भयारिस्स बम्भचेरे सङ्का वा जाव धम्माओ भंसॆज्जा। तम्हा खलु नो निग्गन्थे इत्थीणं इन्दियाइं मनोहराइं मनोरमाइं आलोऎज्जा निज्झाऎज्जा ।।. "
1656,
1657,"नो निग्गन्थे इत्थीणं कुड्डन्तरंसि वा दूसन्तरंसि वा भित्तन्तरंसि वा कूइयसद्दं वा रुइयसद्दं वा गीयसद्दं वा हसियसद्दं वा थणियसद्दं वा कन्दियसद्दं वा विलवियसद्दं वा सुणॆत्ता हवइ से निग्गन्थे, तं कहमिति चेत? आयरिया''ह निग्गन्थस्स खलु इत्थीणं कुड्डन्तरंसि वा दूसन्तरंसि वा भित्तन्तरंसि वा जाव विलवियसद्दं वा सुणेमाणस्स बम्भयारिस्स बम्भचेरे सङ्का वा जाव धम्माओ भंसॆज्जा। तम्हा खलु नो निग्गन्थे इत्थीणं कुड्डन्तरंसि वा जाव कन्दियसद्दं वा विलवियसद्दं वा सुणेमाणे विहरॆज्जा."
1658,
1659,"नो निग्गन्थे पुव्वरयं पुव्वकीलियं अनुसरित्ता हवइ से निग्गन्थे, तं कहमिति चेत? आयरिया''ह निग्गन्थस्स खलु इत्थीणं पुव्वरयं पुव्वकीलियं अनुसरमाणस्स बम्भयारिस्स बम्भचेरे सङ्का वा कङ्खा वा विइगिच्छा वा समुप्पज्जिज्जा, भेदं वा लभॆज्जा, उम्मायं वा पाउणिज्जा, दीहकालियं वा रोगायङ्कं हवॆज्जा, केवलिपन्नत्ताओ धम्माओ भंसॆज्जा। तम्हा खलु नो निग्गन्थे पुव्वरयं पुव्वकीलियं अनुसरॆज्जा."
1660,
1661,"नो निग्गन्थे पणीयं आहारं आहारित्ता हवइ से निग्गन्थे, तं कहमिति चेत? आयरिया''ह. निग्गन्थस्स खलु पणीयं आहारं आहारेमाणस्स बम्भयारिस्स बम्भचेरे सङ्का वा जाव धम्माओ भंसॆज्जा। तम्हा खलु नो निग्गन्थे पणीयं आहारं आहारॆज्जा."
1662,
1663,"नो अइमायाए पानभोयणं आहोरॆत्ता हवइ से निग्गन्थे, तं कहमिति चेत? आयरिया''ह। निग्गन्थस्स खलु अइमायाए पानभोयणं आहारेमाणस्स बम्भयारिस्स बम्भचेरे सङ्का जाव धम्माओ भंसॆज्जा। तम्हा खलु नो निग्गन्थे अइमायाए पानभोयणं आहारॆज्जा."
1664,
1665,"नो विभूसानुवादी हवइ से निग्गन्थे, तं कहमिति चेत? आयरिया''ह, विभूसावत्तिए विभूसियसरीरे इत्थिजनस्स अभिलसणिज्जे हवइ, तओ णं तस्स इत्थिजनेणं अभिलसिज्जमाणस्स बम्भयारिस्स बम्भचेरे सङ्का वा जाव भंसॆज्जा। तम्हा खलु नो नीग्गन्थे विभूसानुवादी हविज्जा."
1666,
1667,"नो सद्दरूवरसगन्धफासानुवादी हवइ से निग्गन्थे, तं कहमिति चेत? आयरिया''ह, निग्गन्थस्स खलु सद्दरूवरसगन्धफासानुवादिस्स बम्भयारिस्स बम्भचेरे सङ्का वा कङ्खा वा विइगिच्छा वा समुपज्जिज्जा, भेदं वा लभॆज्जा, उम्मायं वा पाउणिज्जा, दीहकालियं वा रोगायङ्कं हवॆज्जा केवलिपन्नत्ताओ धम्माओ भंसॆज्जा। तम्हा खलु नो सद्दरूवरसगन्धफासानुवादी भवॆज्जा से निग्गन्थे. दसमे बम्भचेर-समाहिठाणे हवइ. [भवन्ति य इत्थ सिलोगा। तं जहा :-]. "
1668,
1669,"जं विवित्तमणाइण्णं, रहियं इत्थिजणेण य"
1670,"बम्भचेरस्स रक्खट्ठा, आलयं तु निसेवए // उत्त.५२२"
1671,
1672,"मनपल्हायजननी, कामरागविवढ्ढणी"
1673,"बम्भचेररओ भिक्खू, थीकहं तु विवज्जए // उत्त.५२३"
1674,
1675,"समं च सन्थवं थीहिं, सङ्कहं च अभिक्खणं"
1676,"बम्भचेररओ भिक्खू, निच्चसो परिवज्जए // उत्त.५२४"
1677,
1678,"अङ्गपच्चङ्गसण्ठाणं, चारुल्लवियपेहियं"
1679,"बम्भचेररओ थीणं, चक्खुगिज्झं विवज्जए // उत्त.५२५"
1680,
1681,"कूइयं रुइयं गीयं, हसियं थणियं कन्दियं"
1682,"बम्भचेररओ थीणं, सोयगिज्झं विवज्जए // उत्त.५२६"
1683,
1684,"हासं किड्डं रइं दप्पं, सहसावित्तासियाणि य"
1685,"बम्भचेररओ थीणं, नानुचिन्ते कयाइ वि // उत्त.५२७"
1686,
1687,"पणीयं भत्तपानं तु, खिप्पं मयविवढ्ढणं"
1688,"बम्भचेररओ भिक्खू, निच्चसो परिवज्जए // उत्त.५२८"
1689,
1690,"धम्मलद्धं मियं काले, जत्तत्थं पणिहाणवं"
1691,"नाइमत्तं तु भुञ्जॆज्जा, बम्भचेररओ सया // उत्त.५२९"
1692,
1693,"विभूसं परिवज्जॆज्जा, सरीरपरिमण्डनं"
1694,"बम्भचेररओ भिक्खू, सिगारत्थं न धारए // उत्त.५३०"
1695,
1696,"सद्दे रुवे य गन्धे य, रसे फासे तहेव य"
1697,"पञ्चविहे कामगुणे, निच्चसो परिवज्जए // उत्त.५३१"
1698,
1699,"आलोओ थीजणाइण्णो, थीकहा य मनोरमा"
1700,"सन्थवो चेव नारीणं, तासिं इन्दियदरिसणं // उत्त.५३२"
1701,
1702,"कूइयं रुइयं गीयं, हासभुत्तासियाणि य"
1703,"पणीयं भत्तपानं च, अइमायं पानभोयणं // उत्त.५३३"
1704,
1705,"गत्तभूसणमिट्ठं च, कामभोगा य दुज्जया"
1706,"नरस्स'त्तगवेसिस्स, विसं तालउडं जहा // उत्त.५३४"
1707,
1708,"दुज्जए कामभोगे य, निच्चसो परिवज्जए"
1709,"सङ्काठाणाणि सव्वाणि, वज्जॆज्जा पणिहाणवं // उत्त.५३५"
1710,
1711,"धम्मारामे चरे भिक्खू, धिइमं धम्मसारही"
1712,"धम्मारामरते दन्ते, बम्भचेरसमाहिए // उत्त.५३६"
1713,
1714,"देवदानवगन्धव्वा, जक्खरक्खसकिंनरा"
1715,"बम्भयारिं नमंसन्ति, दुक्करं जे करन्ति तं // उत्त.५३७"
1716,
1717,"एस धम्मे धुवे निच्चे, सासए जिनदेसिए"
1718,"सिद्धा सिज्जन्ति चाणेणं, सिज्झिस्सन्ति तहावरे // उत्त.५३८"
1719,
1720,त्ति बेमि. 
1721,
1722,
1723,
1724,---------------------------------------------------------------------
1725,[पावसमणिज्जं]
1726,
1727,"जे केइ उ पव्वइए नियण्ठे, धम्मं सुणित्ता विनओववन्ने"
1728,"सुदुल्लहं लहिउं बोहिलामं, विहरॆज्ज पच्छा य जहासुहं तु // उत्त.५३९"
1729,
1730,"सॆज्जा दढा पाउरणंमि अत्थि, उप्पज्जई भॊत्तु तहेव पाउं"
1731,जाणामि जं वट्टइ आउसु त्ति! किं नाम काहामि सुएण? भन्ते! // उत्त.५४०
1732,
1733,"जे केई उ पव्वइए, निद्दासीले पगामसो"
1734,"भॊच्चा पॆच्चा सुहं सुवइ, पावसमणि त्ति वुच्चई // उत्त.५४१"
1735,
1736,"आयरियउवज्झाएहिं, सुयं विनयं च गाहिए"
1737,"ते चेव खिंसई बाले, पावसमणि त्ति वुच्चई // उत्त.५४२"
1738,
1739,"आयरियउवज्झायाणं, सम्मं नो पडितप्पइ"
1740,"अप्पडिपूयए थद्धे, पावसमणि त्ति वुच्चई // उत्त.५४३"
1741,
1742,"संमद्दमाणे पाणाणि, बीयाणि हरियाणि य"
1743,"असञ्जए सञ्जय मन्नमाणो, पावसमणि त्ति वुच्चई // उत्त.५४४"
1744,
1745,"सन्थारं फलगं पीढं, निसॆज्जं पायकम्बलं"
1746,"अप्पमज्जियमारुहइ, पावसमणि त्ति वुच्चई // उत्त.५४५"
1747,
1748,"दवदवस्स चरई, पमत्ते य अभिक्खणं"
1749,"उल्लङ्घणे य चण्डे य, पावसमणि त्ति वुच्चई // उत्त.५४६"
1750,
1751,"पडिलेहेइ पमत्ते, अवउज्झइ पायकम्बलं"
1752,"पडिलेहा अनाउत्ते, पावसमणि त्ति वुच्चई // उत्त.५४७"
1753,
1754,"पडिलेहेइ पमत्ते, से किञ्चि हु निसामिया"
1755,"गुरुं पारिभावए निच्चं, पावसमणि त्ति वुच्चई // उत्त.५४८"
1756,
1757,"बहुमाई पमुहरे, थद्धे लुद्धे अनिग्गहे"
1758,"असंविभागी अचियत्ते, पावसमणि त्ति वुच्चई // उत्त.५४९"
1759,
1760,"विवादं च उदीरेइ, अहम्मे अत्तपन्नहा"
1761,"वुग्गहे कलहे रत्ते, पावसमणि त्ति वुच्चई // उत्त.५५०"
1762,
1763,"अथिरासने कुक्कुइए, जत्थ तत्थ निसीयई"
1764,"आसणंमि अनाउत्ते, पावसमणि त्ति वुच्चई // उत्त.५५१"
1765,
1766,"ससरक्खपाए सुवई, सॆज्जं न पडिलेहइ"
1767,"सन्थारए अनाउत्ते, पावसमणि त्ति वुच्चई // उत्त.५५२"
1768,
1769,"दुद्ध-दही-विगईओ, आहारेई अभिक्खणं"
1770,"अरए य तवोकम्मे, पावसमणि त्ति वुच्चई // उत्त.५५३"
1771,
1772,"अत्थन्तंमि य सुरंमि, आहारेई अभिक्खणं"
1773,"चोइओ पडिचोएइ, पावसमणि त्ति वुच्चई // उत्त.५५४"
1774,
1775,"आयरियपरिच्चाई, परपासण्डसेवए"
1776,"गाणङ्गणिए दुब्भूए, पावसमणि त्ति वुच्चई // उत्त.५५५"
1777,
1778,"सयं गेहं परिच्चज्ज, परगेहंसि वावरे"
1779,"निमित्तेण य ववहरइ, पावसमणि त्ति वुच्चई // उत्त.५५६"
1780,
1781,"संनाइपिण्ड जेमेइ, नॆच्छई सामुदानियं"
1782,"गिहिनिसॆज्जं च वाहेइ, पावसमणि त्ति वुच्चई // उत्त.५५७"
1783,
1784,"एयारिसे पञ्चकुसीलसंवुडे, रूवन्धरे मुनिपवराण हॆट्ठिमे"
1785,"अयंसि लोए विसमे व गरहिए, न से इहं नेव परत्थ लोए // उत्त.५५८"
1786,
1787,"जे वज्ज एए सया उ दोसे, से सुव्वए होइ मुणीण मज्झे"
1788,"अयंसि लोए अमयं व पूइए, आराहए दुहओ लोगमिणं // उत्त.५५९"
1789,
1790,त्ति बेमि. 
1791,
1792,
1793,
1794,---------------------------------------------------------------------
1795,[सञ्जइज्जं]
1796,
1797,"कम्पिल्ले नयरे राया, ऊदिण्णबलवाहणे"
1798,"नामेणं सञ्जओ नामं, मिगव्वं उवनिग्गए // उत्त.५६०"
1799,
1800,"हयाणीए गयाणीए, रहाणीए तहवे य"
1801,"पायत्ताणीए महया, सव्वओ परिवारिए // उत्त.५६१"
1802,
1803,"मिए छुहित्ता हयगओ, कम्पिल्लुज्जाण केसरे"
1804,"भीए सन्ते मिए तत्थ, वहेइ रसमुच्छिए // उत्त.५६२"
1805,
1806,"अह केसरंमि उज्जाणे, अनगारे तवॊधने"
1807,"सज्झायज्झाणसञ्जुत्ते, धम्मज्झाणं झियायइ // उत्त.५६३"
1808,
1809,"अप्फोवमण्डवंमि, झायई झवियासवे"
1810,"तस्सागए मिगे पासं, वहेइ से नराहिवे // उत्त.५६४"
1811,
1812,"अह आसगओ राया, खिप्पमागम्म सो तहिं"
1813,"हए मिए उ पासित्ता, अनगारं तत्थ पासई // उत्त.५६५"
1814,
1815,"अह राया तत्थ सम्भन्तो, अनगारो मणा''हओ"
1816,"मए उ मन्दपुण्णेणं, रसगिद्धेण घित्तुणा // उत्त.५६६"
1817,
1818,"आसं विसज्जइत्ताणं, अनगारस्स सो निवो"
1819,"विनएण वन्दए पाए, भगवं! ऎत्थ मे खमे // उत्त.५६७"
1820,
1821,"अह मोणेण सो भगवं, अनगारो झाणमस्सिओ"
1822,"रायाणं न पडिमन्तेइ, तओ राया भयद्दुओ // उत्त.५६८"
1823,
1824,"सञ्जओ अहमस्सीति, भगवं वाहराहि मे"
1825,"कुद्धे तेएण अनगारे, डहॆज्ज नरकोडिओ // उत्त.५६९"
1826,
1827,"अभओ पत्थिवा! तुब्भं, अभयदाया भवाहि य"
1828,"अनिच्चे जीवलोगंमि, किं हिंसाए पसज्जसि? // उत्त.५७०"
1829,
1830,"जया सव्वं परिच्चज्ज, गन्तव्वमवसस्स ते"
1831,"अनिच्चे जीवलोगंमि, किं रज्जंमि पसज्जसि // उत्त.५७१"
1832,
1833,"जीवियं चेव रूवं च, विज्जुसम्पायचञ्चलं"
1834,जत्थ तं मुज्झसि रायं! पॆच्चत्थं नावबुज्झसे // उत्त.५७२
1835,
1836,"दाराणि य सुया चेव, मित्ता य तह बन्धवा"
1837,"जीवन्तमनुजीवन्ति, मयं नाणुव्वयन्ति य // उत्त.५७३"
1838,
1839,"नीहरन्ति मयं पुत्ता, पितरं परमदुक्खिया"
1840,"पितरो वि तहा पुत्ते, बन्धू रायं तवं चरे // उत्त.५७४"
1841,
1842,"तओ तेण'ज्जिए दव्वे, दारे य परिरक्खिए"
1843,"कीलन्त'न्ने नरा रायं, हट्ठतुट्ठमलङ्किया // उत्त.५७५"
1844,
1845,"तेणावि जं कयं कम्मं, सुहं वा जइ वा दुहं"
1846,"कम्मुणा तेण सञ्जुत्तो, गच्छई उ परं भवं // उत्त.५७६"
1847,
1848,"सोऊण तस्स सो धम्मं, अनगारस्स, अन्तिए"
1849,"महया संवेगनिव्वेदं, समावन्नो नराहिवो // उत्त.५७७"
1850,
1851,"सञ्जओ चइउं रज्जं, निक्खन्तो जिनसासने"
1852,"गद्दभालिस्स भगवओ, अनगारस्स अन्तिए // उत्त.५७८"
1853,
1854,"चिच्चा रट्ठं पव्वइए, खत्तिओ परिभासइ"
1855,"जहा ते दीसई रूवं, पसन्नं ते तहा मणो // उत्त.५७९"
1856,
1857,"किं नामे किं गॊत्ते, कस्सट्ठाए व माहणे?"
1858,कहं पडियरसी बुद्धे? कहं विनीए त्ति वुच्चसि? // उत्त.५८०
1859,
1860,"सञ्जओ नाम नामेणं, तहा गॊत्तेण गोयमो"
1861,"गद्दभाली ममायरिया, विज्जाचरणपारगा // उत्त.५८१"
1862,
1863,"किरियं अकिरियं विनयं, अन्नाणं च महामुनी"
1864,"एएहिं चउहिं ठाणेहिं, मेयन्ने किं पभासई? // उत्त.५८२"
1865,
1866,"इइ पाउकरे बुद्धे, नायए परिनिव्वुए"
1867,"विज्जाचरण सम्पन्ने, सच्चे सच्चपरक्कमे // उत्त.५८३"
1868,
1869,"पडन्ति नरए घोरे, जे नरा पावकारिणो"
1870,"दिव्वं च गइं गच्छन्ति, चरित्ता धम्ममारियं // उत्त.५८४"
1871,
1872,"मायाबुइयमेयं तु, मुसा भासा निरत्थिया"
1873,"सञ्जममाणो'वि अहं, वसामि इरियामि य // उत्त.५८५"
1874,
1875,"सव्वेए विइया मज्झं, मिच्छादिट्ठी अनारिया"
1876,"विज्जमाणे परे लोए, सम्मं जाणामि अप्पयं // उत्त.५८६"
1877,
1878,"अहमासि महापाणे, जुइमं वरिससओवमे"
1879,"जा सा पालि महापाली, दिव्वा वरिससओवमा // उत्त.५८७"
1880,
1881,"से चुए बम्भलोगाओ, मानुस्सं भवमागए"
1882,"अप्पणो य परेसिं च, आउं जाणे जहा तहा // उत्त.५८८"
1883,
1884,"नाणा रुइं च छन्दं च, परिवज्जॆज्ज सञ्जओ"
1885,"अणट्ठा जे य सव्वत्था, इइ विज्जामनुसञ्चरे // उत्त.५८९"
1886,
1887,"पडिक्कमामि पसिणाणं, परमन्तेहि वा पुणो"
1888,"अहो उट्ठिए अहोरायं, इइ विज्जा तवं चरे // उत्त.५९०"
1889,
1890,"जं च मे पुच्छसी काले, सम्मं सुद्धेण चेयसा"
1891,"ताइं पाउकरे बुद्धे, तं नाणं जिनसासने // उत्त.५९१"
1892,
1893,"किरियं च रोयई धीरे, किरियं परिवज्जए"
1894,"दिट्ठीए दिट्ठीसम्पन्ने, धम्मं चर सुदुच्चरं // उत्त.५९२"
1895,
1896,"एयं पुण्णपयं सॊच्चा, अत्थधम्मोवसोहियं"
1897,"भरहो'वि भारहं वासं, चिच्चा कामाइ पव्वए // उत्त.५९३"
1898,
1899,"सगरो'वि सागरन्तं, भरहवासं नराहिवो"
1900,"इस्सरियं केवलं हिच्चा, दयाइ परिनिव्वुडे // उत्त.५९४"
1901,
1902,"चइत्ता भारहं वासं, चक्कवट्टी महिड्ढिओ"
1903,"पव्वज्जमब्भुवगओ, मघवं नाम महाजसो // उत्त.५९५"
1904,
1905,"सणङ्कुमारो मणुस्सिन्दो, चक्कवट्टी महिड्ढिओ"
1906,"पुत्तं रज्जे ठवेऊणं, सो'वि राया तवं चरे // उत्त.५९६"
1907,
1908,"चइत्ता भारहं वासं, चक्कवट्टी महिड्ढिओ"
1909,"सन्ती सन्तिकरे लोए, पत्तो गइमनुत्तरं // उत्त.५९७"
1910,
1911,"इक्खागरायवसभो, कुन्थू नाम नरीसरो"
1912,"विक्खायकित्ती भगवं, मुक्खं गओ अनुत्तरं // उत्त.५९८"
1913,
1914,"सागरन्त जहित्ताणं, भरहं नरवरीसरो"
1915,"अहो य अरयं पत्तो, पत्तो गइमनुत्तरं // उत्त.५९९"
1916,
1917,"चइत्ता भारहं वासं, चक्कवट्टी महिड्ढिओ"
1918,"चइत्ता उत्तमे भोए, महापउमे दमं चरे // उत्त.६००"
1919,
1920,"एगच्छत्तं पसाहित्ता, महिं माननिसूरणो"
1921,"हरिसेनो मनुस्सिन्दो, पत्तो गइमनुत्तरं // उत्त.६०१"
1922,
1923,"अन्निओ रायसहस्सेहिं, सुपरिच्चाई दमं चरे"
1924,"जयनामो जिनक्खायं, पत्तो गइमनुत्तरं // उत्त.६०२"
1925,
1926,"दसण्णरज्जं मुदियं, चइत्ताणं मुनी चरे"
1927,"दसण्णभद्दो निक्खन्तो, सक्खं सक्केण चोइओ // उत्त.६०३"
1928,
1929,"नमी नमेइ अप्पाणं, सक्खं सक्केण चोइओ"
1930,"चइऊण गेहं वइदेही, सामण्णे पज्जुवट्ठिओ // उत्त.६०४"
1931,
1932,"करकण्डू कलिङ्गेसु, पञ्चालेसु य दुम्मुहो"
1933,"नमी राया विदेहेसु, गन्धारेसु य नग्गई // उत्त.६०५"
1934,
1935,"एए नरिन्दवसभा, निक्खन्ता जिनसासने"
1936,"पुत्ते रज्जे ठवेऊणं, सामण्णे पज्जुवट्ठिया // उत्त.६०६"
1937,
1938,"सोवीररायवसभो, चइत्ताण मुनी चरे"
1939,"उद्दायणो पव्वइओ, पत्तो गइमनुत्तरं // उत्त.६०७"
1940,
1941,तहेव कासीराया वि सेओ सच्चपरक्कमो
1942,"कामभोगे परिच्चज्ज, पहणे कम्ममहावनं // उत्त.६०८"
1943,
1944,"तहेव विजओ राया, अणट्ठा कित्ति पव्वए"
1945,"रज्जं तु गुणसमिद्धं, पयहित्तु महाजसो // उत्त.६०९"
1946,
1947,"तहेवुग्गं तवं किच्चा, अव्वक्खित्तेण चेयसा"
1948,"महब्बलो रायरिसी, आदाय सिरसा सिरिं // उत्त.६१०"
1949,
1950,"कहं धीरो अहेऊहिं, उम्मत्तो व महिं चरे?"
1951,"एए विसेसमादाय, सूरा दढपरक्कमा // उत्त.६११"
1952,
1953,"अच्चन्तनियाणखमा, सच्चा मे भासिया वई"
1954,अतरिंसु तरन्तेगे तरिस्सन्ति अनागया // उत्त.६१२
1955,
1956,"कहं धीरे अहेऊहिं, अत्ताणं परियावसे"
1957,"सव्वसङ्गविनिम्मुक्के, सिद्धे भवइ नीरए // उत्त.६१३"
1958,
1959,त्ति बेमि. 
1960,
1961,
1962,
1963,---------------------------------------------------------------------
1964,[मियापुत्तिज्जं]
1965,
1966,"सुग्गीवे नयरे रम्मे, काननुज्जाणसोहिए"
1967,"राया बलभद्दि त्ति, मिया तस्स'ग्गमाहिसी // उत्त.६१४"
1968,
1969,"तेसिं पुत्ते बलसिरी, मियापुत्ते त्ति विस्सुए"
1970,"अम्मापिऊण दइए, जुवराया दमीसरे // उत्त.६१५"
1971,
1972,"नन्दने सो उ पासाए, कीलए सह इत्थिहिं"
1973,"देवे दोगुन्दगे चेव, निच्चं मुइयमानसो // उत्त.६१६"
1974,
1975,"मणिरयणकॊट्टिमतले, पासायालोयणट्ठिओ"
1976,"आलोएइ नगरस्स, चउक्कत्तियचच्चरे // उत्त.६१७"
1977,
1978,"अह तत्थ अइच्छन्तं, पासई समणसञ्जयं"
1979,"तवनियमसञ्जमधरं, सीलड्ढं गुणआगरं // उत्त.६१८"
1980,
1981,"तं पेहई मियापुत्ते, दिट्ठीए, अनिमिसाए उ"
1982,"कहिं मन्नेरिसं रूवं, दिट्ठपुव्वं मए पुरा // उत्त.६१९"
1983,
1984,"साहुस्स दरिसणे तस्स, अज्झवसाणंमि सोहणे"
1985,"मोहं गयस्स सन्तस्स, जाईसरणं समुप्पन्नं // उत्त.६२०"
1986,
1987,देवलोग चुओ सन्तो मानुसं भवमागओ
1988,सण्णिनाणे समुप्पन्ने जाइं सरइपुराणयं // उत्त.६२१
1989,
1990,"जाईसरणे समुप्पन्ने, मियापुत्ते महिड्ढिए"
1991,"सरई पोराणियं जाइं, सामण्णं च पुरा कयं // उत्त.६२२"
1992,
1993,"विसएसु अरज्जन्तो, रज्जन्तो सञ्जमंमि य"
1994,"अम्मापियरं उवागम्म, इमं वयणमब्बवी // उत्त.६२३"
1995,
1996,सुयाणि मे पञ्च महव्वयाणि
1997,नरएसु दुक्खं च तिरिक्खजोणिसु
1998,निव्विण्णकामो मि महण्णवाओ
1999,अणुजाणह पव्वइस्सामि अम्मो // उत्त.६२४
2000,
2001,"अम्मताय! मए भोगा, भुत्ता विसफलोवमा"
2002,"पच्छा कडुयविवागा, अनुबन्धदुहावहा // उत्त.६२५"
2003,
2004,"इमं सरीरं अनिच्चं, असुइं असुइसम्भवं"
2005,"असासयावासमिणं, दुक्खकेसाण भायणं // उत्त.६२६"
2006,
2007,"असासए सरीरंमि, रइं नोवलभामहं"
2008,"पच्छा पुरा व चइयव्वे, फेणबुब्बुयसंनिभे // उत्त.६२७"
2009,
2010,"मानुस्सित्ते असारंमि, वाहीरोगाण आलए"
2011,"जरामरघत्थंमि, खणम्पि न रमाम'हं // उत्त.६२८"
2012,
2013,"जम्म दुक्खं जरा दुक्खं, रोगाणि मरणाणि य"
2014,"अहो दुक्खो हु संसारो, जत्थ कीसन्ति जन्तवो // उत्त.६२९"
2015,
2016,"खॆत्तं वत्थुं हिरण्णं च, पुत्तदारं च बन्धवा"
2017,"चइत्ताणं इमं देहं, गन्तव्वमवसस्स मे // उत्त.६३०"
2018,
2019,"जहा किम्पागफलाणं, परिणामो न सुन्दरो"
2020,"एवं भुत्ताणं भोगाणं, परिणामो न सुन्दरो // उत्त.६३१"
2021,
2022,"अद्धाणं जो महन्तं तु, अप्पहॆज्जो पवज्जई"
2023,"गच्छन्तो सो दुही होइ, छुहातण्हाए पीडिओ // उत्त.६३२"
2024,
2025,"एवं धम्मं अकाऊणं, जो गच्छइ परं भवं"
2026,"गच्छन्तो सो दुही होइ, वाही रोगेहिं पीडिओ // उत्त.६३३"
2027,
2028,"अद्धाणं जो महन्तं तु, सपाहॆज्जो पवज्जई"
2029,"गच्छन्तो सो सुही होइ, छुहातण्हाविवज्जिओ // उत्त.६३४"
2030,
2031,"एवं धम्मं पि काऊणं, जो गच्छइ परं भवं"
2032,"गच्छन्तो सो सुही होइ, अप्पकम्मे अवेयणे // उत्त.६३५"
2033,
2034,"जहा गेहे पलित्तंमि, तस्स गेहस्स जो पहू"
2035,"सारभण्डाणि नीणेइ, असारं अवउज्झइ // उत्त.६३६"
2036,
2037,"एवं लोए पलित्तंमि, जराए मरणेण य"
2038,"अप्पाणं तारइस्सामि, तुब्भेहिं अणुमन्निओ // उत्त.६३७"
2039,
2040,"तं बिन्त'म्मापियरो, सामण्णं पुत्त! दुच्चरं"
2041,"गुणाणं तु सहस्साइं, धारेयव्वाइं भिक्खुणो // उत्त.६३८"
2042,
2043,"समया सव्वभूएसु, सत्तुमित्तेसु वा जगे"
2044,"पाणाइवायविरई, जावज्जीवाए दुक्करं // उत्त.६३९"
2045,
2046,"निच्चकालप्पमत्तेणं, मुसावायविवज्जणं"
2047,"भासियव्वं हियं सच्चं, निच्चाउत्तेण दुक्करं // उत्त.६४०"
2048,
2049,"दन्तसोहणमाइस्स, अदत्तस्स, विवज्जणं"
2050,"अणवच्चेसणिज्जस्स, गिण्हणा अवि दुक्करं // उत्त.६४१"
2051,
2052,"विरई अबम्भचेरस्स, कामभोगरसन्नुणा"
2053,"उग्गं महव्वयं, बम्भं, धारेयव्वं सुदुक्करं // उत्त.६४२"
2054,
2055,"धणधन्नपेसवग्गेसु, परिग्गहविवज्जणं"
2056,"सव्वारम्भपरिच्चाओ, निम्ममत्तं सुदुक्करं // उत्त.६४३"
2057,
2058,"चउव्विहे वि आहारे, राईभोयणवज्जणा"
2059,"सन्निहीसञ्चओ चेव, वज्जेयव्वो सुदुक्करं // उत्त.६४४"
2060,
2061,"छुहा तण्हा य सीउण्हं, दंसमसगा य वेयणा"
2062,"अक्कोसा दुक्खसॆज्जा य, तणफासा जल्लमेव य // उत्त.६४५"
2063,
2064,"तालणा तज्जणा चेव, वहबन्धपरीसहा"
2065,"दुक्खं भिक्खायरिया, जायणा य अलाभया // उत्त.६४६"
2066,
2067,"कावोया जा इमा वित्ती, केसलोओ य दारुणो"
2068,"दुक्खं बम्भव्वयं घोरं, धारेउं य महप्पणो // उत्त.६४७"
2069,
2070,सुहोइओ तुमं पुत्ता! सुकुमालो सुमज्जिओ
2071,न हुसी पभू तुमं पुत्ता! सामण्णमनुपालिया // उत्त.६४८
2072,
2073,"जावज्जीवमविस्सामो, गुणाणं तु महब्भरो"
2074,"गुरुओ लोहभारु व्व, जो पुत्ता होइ दुव्वहो // उत्त.६४९"
2075,
2076,"आगासे गङ्गसोउ व्व, पडिसोउ व्व दुत्तरो"
2077,"बाहाहिं सागरो चेव, तरियव्वो य गुणोदही // उत्त.६५०"
2078,
2079,"वालुयाकवलो चेव, निरस्साए उ सञ्जमे"
2080,"असिधारागमनं चेव, दुक्करं चरिउं तवो // उत्त.६५१"
2081,
2082,"अहीं वेगन्तदिट्ठीए, चरित्ते पुत्त! दुक्करे"
2083,"जवा लोहमया चेव, चावेयव्वा सुदुक्करं // उत्त.६५२"
2084,
2085,"जहा अग्गिसिहा दित्ता, पाउं होइ सुदुक्करा"
2086,"तहा दुक्करं करेउं जे, तारूण्णे समणत्तणं // उत्त.६५३"
2087,
2088,"जहा दुक्खं भरेउं जे, होइ वायस्स कॊत्थलो"
2089,"तहा दुक्खं करेउं जे, कीवेणं समणत्तणं // उत्त.६५४"
2090,
2091,"जहा तुलाए तोलेउं, दुक्करो मन्दरो गिरी"
2092,"तहा निहुयं नीसङ्कं, दुक्करं समणत्तणं // उत्त.६५५"
2093,
2094,"जहा भुयाहिं तरिउं, दुक्करं रयणायरो"
2095,"तहा अनुवसन्तेणं, दुक्करं दमसागरो // उत्त.६५६"
2096,
2097,"भुञ्ज माणुस्सए भोगे, पञ्चलक्खणए तुमं"
2098,भुत्तभोगी तओ जाया! पच्छा धम्मं चरिस्ससि // उत्त.६५७
2099,
2100,"सो बिन्त'म्मापियरो, एवमेयं जहा फुडं"
2101,"इह लोए निप्पिवासस्स, नत्थि किञ्चि वि दुक्करं // उत्त.६५८"
2102,
2103,"सारीरमानसा चेव, वेयणाओ अनन्तओ"
2104,"मए सॊढाओ भीमाओ, असइं दुक्खभयाणि य // उत्त.६५९"
2105,
2106,"जरामरणकान्तारे, चाउरन्ते भयागरे"
2107,"मए सॊढाणि भीमाणि, जम्माणि मरणाणि य // उत्त.६६०"
2108,
2109,"जहा इहं अगनी उण्हो, ऎत्तो'नन्तगुणो तहिं"
2110,"नरएसु वेयणा उण्हा, अस्साया वेइया मया // उत्त.६६१"
2111,
2112,"जहा इमं इहं सीयं, ऎत्तो'नन्तगुणो तहिं"
2113,"नरएसु वेयणा सीया, अस्साया वेइया मए // उत्त.६६२"
2114,
2115,"कन्दन्तो कन्दुकुम्भीसु, उद्धपाओ अहोसिरो"
2116,"हुयासणे जलन्तंमि, पक्कपुव्वो अनन्तसो // उत्त.६६३"
2117,
2118,"महादवग्गिसङ्कासे, मरुंमि वइरवालुए"
2119,"कलम्बवालुयाए य, दड्ढपुव्वो अनन्तसो // उत्त.६६४"
2120,
2121,"रसन्तो कन्दुकुम्भीसु, उड्ढं बद्धो अबन्धवो"
2122,"करवत्तकरकयाईहिं, छिन्नपुव्वो अनन्तसो // उत्त.६६५"
2123,
2124,"अइतिक्खकण्टगाइण्णे, तुङ्गे सिम्बलिपायवे"
2125,"खेवियं पासबद्धेणं, कड्ढोकड्ढाहिं दुक्करं // उत्त.६६६"
2126,
2127,"महाजन्तेसु उच्छू वा, आरसन्तो सुभेरवं"
2128,"पीडिओ मि सकम्मेहिं, पावकम्मो अनन्तसो // उत्त.६६७"
2129,
2130,"कूवन्तो कोलसुणएहिं, सामेहिं सबलेहि य"
2131,"पाडिओ फालिओ छिन्नो, विप्फुरन्तो अनेगसो // उत्त.६६८"
2132,
2133,"असीहिं अयसिवण्णाहिं, भल्लेहिं पट्टिसेहि य"
2134,"छिन्नो भिन्नो विभिन्नो य, ओइण्णो पावकम्मुणा // उत्त.६६९"
2135,
2136,"अवसो लोहरहे जुत्तो, जलन्ते समिलाजुए"
2137,"चोइओ तॊत्तजुत्तेहिं, रॊज्झो वा जह पाडिओ // उत्त.६७०"
2138,
2139,"हुयासणे जलन्तंमि, चियासु महिसो विव"
2140,"दड्ढो पक्को य अवसो, पावकम्मेहिं पाविओ // उत्त.६७१"
2141,
2142,"बला सण्डासतुण्डेहिं, लोहतुण्डेहिं पक्खिहिं"
2143,"विलुतो विलवन्तो'हं, ढङ्कगिद्धेहिं'नन्तसो // उत्त.६७२"
2144,
2145,"तण्हाकिलन्तो धावन्तो, पत्तो वेयरिणिं नदिं"
2146,"जलं पाहिं ति चिन्तन्तो, खुरधाराहिं विवाइओ // उत्त.६७३"
2147,
2148,"उण्हाभितत्तो सम्पत्तो, असिपत्तं महावनं"
2149,"असिपत्तेहिं पडन्तेहिं, छिन्नपुव्वो अनेगसो // उत्त.६७४"
2150,
2151,"मुग्गरेहिं मुसण्ढीहिं, सूलेहिं मुसलेहिं य"
2152,"गया सम्भग्गगत्तेहिं, पत्तं दुक्खं अनन्तसो // उत्त.६७५"
2153,
2154,"खुरेहिं तिक्खधारेहिं, छुरियाहिं कप्पणीहि य"
2155,"कप्पिओ फालिओ छिन्नो, उक्कित्तो य अनेगसो // उत्त.६७६"
2156,
2157,"पासेहिं कूडजालेहिं, मिओ वा अवसो अहं"
2158,"वाहिओ बद्धरुद्धो वा, बहू सो चेव विवाइओ // उत्त.६७७"
2159,
2160,"गलेहिं मगरजालेहिं, मच्छो वा अवसो अहं"
2161,"उल्लिओ फालिओ गहिओ, मारिओ य अनन्तसो // उत्त.६७८"
2162,
2163,"वीदंसएहिं जालेहिं, लॆप्पाहिं सउणो विव"
2164,"गहिओ लग्गो बद्धो य, मारिओ य अनन्तसो // उत्त.६७९"
2165,
2166,"कुहाडफरसुमाईहिं, वड्ढईहिं दुमो विव"
2167,"कुट्टिओ फालिओ छिन्नो, तच्छिओ य अनन्तसो // उत्त.६८०"
2168,
2169,"चवेडमुट्ठिमाईहिं, कुमारेहिं अयं पिव"
2170,"ताडिओ कुट्टिओ भिन्नो, चुण्णिओ य अनन्तसो // उत्त.६८१"
2171,
2172,"तत्ताइं तम्बलोहाइं, तउयाइं सीसयाणि य"
2173,"पाइओ कलकलन्ताइं, आरसन्तो सुभेरवं // उत्त.६८२"
2174,
2175,"तुहं पियाइं मंसाइं, खण्डाइं सोल्लगाणि य"
2176,"खाइओ मि समंसाइं, अग्गिवण्णाइ'नेगसो // उत्त.६८३"
2177,
2178,"तुहं पिया सुरा सीहू, मेरओ य महूणि य"
2179,"पाइओ मि जलन्तीओ, वसाओ रुहिराणि य // उत्त.६८४"
2180,
2181,"निच्चं भीएण तत्थेण, दुहिएण वहिएण य"
2182,"परमा दुहसम्बद्धा, वेयणा वेइया मए // उत्त.६८५"
2183,
2184,"तिव्वचण्डप्पगाढाओ, घोराओ अइदुस्सहा"
2185,"महब्भयाओ भीमाओ, नरएसु वेइया मए // उत्त.६८६"
2186,
2187,"जारिसा मानुसे लोए, ताया! दीसन्ति वेयणा"
2188,"ऎत्तो अनन्तगुणिया, नरएसु दुक्खवेयणा // उत्त.६८७"
2189,
2190,"सव्वभवेसु अस्साया, वेयणा वेइया मए"
2191,"निमेसन्तरमित्तम्पि, जं साया नत्थि वेयणा // उत्त.६८८"
2192,
2193,"तं बिन्त'म्मापियरो, छन्देणं पुत्त! पव्वया"
2194,"नवरं पुण सामण्णे, दुक्खं निप्पडिकम्मया // उत्त.६८९"
2195,
2196,"सो बेइ अम्मापियरो, एवमेयं जहा फुडं"
2197,"पडिकम्मं को कुणई, अरण्णे मियपक्खिणं? // उत्त.६९०"
2198,
2199,"एगब्भूए अरण्णे वा, जहा उ चरई मिगे"
2200,"एवं धम्मं चरिस्सामि, सञ्जमेण तवेण य // उत्त.६९१"
2201,
2202,"जहा मिगस्स आयङ्को, महारण्णंमि जायई"
2203,"अच्चन्त रुक्खमूलंमि, को णं ताहे चिगिच्छिई // उत्त.६९२"
2204,
2205,"को वा से ओसहं देइ, को वा से पुच्छई सुहं"
2206,"को से भत्तं च पानं वा, आहरित्तु पणामए? // उत्त.६९३"
2207,
2208,"जया य से सुही होइ, तया गच्छइ गोयरं"
2209,"भत्तपानस्स अट्ठाए, वल्लराणि सराणि य // उत्त.६९४"
2210,
2211,"खाइत्ता पाणियं पाउं, वल्लरेहिं सरेहिं य"
2212,"मिगचारियं चरित्ताणं, गच्छई मिगचारियं // उत्त.६९५"
2213,
2214,"एवं समुट्ठिए भिक्खु, एवमेव अनेगए"
2215,"मिगचारियं चरित्ताणं, उइढं पक्कमई दिसं // उत्त.६९६"
2216,
2217,जहा मिए एग अनेगचारी अनेगवासे धुवगोयरे य
2218,एवं मुनी गोयरियं पविट्ठे
2219,नो हीलए नो वि य खिंसऎज्जा // उत्त.६९७
2220,
2221,"मिगचारियं चरिस्सामि, एवं पुत्ता जहासुहं"
2222,"अम्मापिऊहिं'णुन्नाओ, जहाइ उवहिं तहा // उत्त.६९८"
2223,
2224,"मिगचारियं चरिस्सामि, सव्वदुक्खविमॊक्खणिं"
2225,"तुब्भेहिं अम्ब! अ'णुन्नाओ, गच्छ पुत्त! जहासुहं // उत्त.६९९"
2226,
2227,"एवं सो अम्मापियरो, अनुमाणित्ताण बहुविहं"
2228,"ममत्तं छिन्दई ताहे, महानागो व्व कञ्चुयं // उत्त.७००"
2229,
2230,"इड्ढी वित्तं च मित्ते य, पुत्तदारं च नायओ"
2231,"रेणुयं व पडे लग्गं, निद्धुणित्ताण निग्गओ // उत्त.७०१"
2232,
2233,"पञ्चमहव्वयजुत्तो, पञ्चसमिओ तिगुत्तिगुत्तो व"
2234,"सब्भिन्तरबाहिरओ, तवोकम्मंसि उज्जुओ // उत्त.७०२"
2235,
2236,"निम्ममो निरहङ्कारो, निस्सङ्गो चत्तगारवो"
2237,"समो य सव्वभूएसु, तसेसु थावरेसु य // उत्त.७०३"
2238,
2239,"लाभालाभे सुहे दुक्खे, जीविए मरणे तहा"
2240,"समो निन्दापसंसासु, तहा मानावमानओ // उत्त.७०४"
2241,
2242,"गारवेसु कसाएसु, दण्डसल्लभएसु य"
2243,"नियत्तो हाससोगाओ, अनियाणो अबन्धणो // उत्त.७०५"
2244,
2245,"अनिस्सिओ इहं लोए, परलोए अनिस्सिओ"
2246,"वासीचन्दनकप्पो य, असने अनसने तहा // उत्त.७०६"
2247,
2248,"अप्पसत्थेहिं दारेहिं, सव्वओ पिहियासवे"
2249,"अज्झप्पज्झाणजोगेहिं, पसत्थदमसासने // उत्त.७०७"
2250,
2251,"एवं नाणेण चरणेण, दंसणेण तवेण य"
2252,"भावनाहि य सुद्धाहिं, सम्मं भावॆत्तु अप्पयं // उत्त.७०८"
2253,
2254,"बहुयाणि उ वासाणि, सामण्णमनुपालिया"
2255,"मासिएण उ भत्तेण, सिद्धिं पत्तो अनुत्तरं // उत्त.७०९"
2256,
2257,"एवं करन्ति सम्बुद्धा, पण्डिया पवियक्खणा"
2258,"विणियट्टन्ति भोगेसु, मियापुत्ते जहारिसी // उत्त.७१०"
2259,
2260,महापभावस्स महाजसस्स मियाइ पुत्तस्स निसम्म भासियं
2261,तवप्पहाणं चरियं च उत्तमं गइप्पहाणं च तिलोगविस्सुतं // उत्त.७११
2262,
2263,वियाणिया दुक्खविवद्धणं धणं ममत्तबधं च महाभयावहं
2264,सुहावहं धम्मधुरं अनुत्तरं धारॆज्ज निव्वाणगुणावहं महं // उत्त.७१२
2265,
2266,त्ति बेमि. 
2267,
2268,
2269,
2270,---------------------------------------------------------------------
2271,[महानियण्ठिज्जं]
2272,
2273,"सिद्धाणं नमो किच्चा, सञ्जयाणं च भावओ"
2274,"अत्थधम्मगइं तच्चं, अनुसिट्ठिं सुणेह मे // उत्त.७१३"
2275,
2276,"पभूयरयणो राया, सेणिओ मगहाहिवो"
2277,"विहारजत्तं निज्जाओ, मण्डिकुच्छिंसि चेइए // उत्त.७१४"
2278,
2279,"नानादुमलयाइण्णं, नानापक्खिनिसेवियं"
2280,"नानाकुसुमसञ्छन्नं, उज्जाणं नन्दनोवमं // उत्त.७१५"
2281,
2282,"तत्थ सो पासई साहुं, सञ्जयं सुसमाहियं"
2283,"निसन्नं रुक्खमूलंमि, सुकुमालं सुहोइयं // उत्त.७१६"
2284,
2285,"तस्स रूवं तु पासित्ता, राइणो तंमि सञ्जए"
2286,"अच्चन्तपरमो आसी, अउलो रूवविम्हओ // उत्त.७१७"
2287,
2288,"अहो वण्णो अहो रूवं, अहो अज्जस्स सोमया"
2289,"अहो खन्ती अहो मुत्ती, अहो भोगे असङ्गया // उत्त.७१८"
2290,
2291,"तस्स पाए उ वन्दित्ता, काऊण य पयाहिणं"
2292,"नाइदूरमणासन्ने, पञ्जली पडिपुच्छई // उत्त.७१९"
2293,
2294,"तरुणो'सि अज्जो! पव्वइओ, भोगकालंमि सञ्जया"
2295,"उवट्ठिओ'सि सामण्णे, एयमट्ठं सुणेमि ता // उत्त.७२०"
2296,
2297,अनाहो मि महारायं! नाहो मज्झ न विज्जई
2298,"अनुकम्पगं सुहिं वावि, कञ्चि नाभिसमेमहं // उत्त.७२१"
2299,
2300,"तओ सो पहसिओ राया, सेणिओ मगहाहिवो"
2301,"एवं ते इड्ढिमन्तस्स, कहं नाहो न विज्जई? // उत्त.७२२"
2302,
2303,"होमि नाहो भयन्ताणं, भोगे भुञ्जाहि सञ्जया!"
2304,"मित्तनाईपरिवुडो, मानुस्सं खु सुदुल्लहं // उत्त.७२३"
2305,
2306,"अप्पणा वि अनाहो'सि, सेणिया! मगहाहिवा"
2307,"अप्पणा अनाहो सन्तो, कस्स नाहो भविस्ससि? // उत्त.७२४"
2308,
2309,"एवं वुत्तो नरिन्दो सो, सुसम्भन्तो सुविम्हिओ"
2310,"वयणं अस्सुयपुव्वं, साहुणा विम्हयं निओ // उत्त.७२५"
2311,
2312,"अस्सा हत्थी मनुस्सा मे, पुरं अन्तेउरं च मे"
2313,"भुञ्जामि मानुसे भोगे, आणा इस्सरियं च मे // उत्त.७२६"
2314,
2315,"एरिसे सम्पयग्गंमि, सव्वकामसमप्पिए"
2316,कहं अणाहो भवइ? मा हु भन्ते! मुसं वए // उत्त.७२७
2317,
2318,"न तुमं जाणे अनाहस्स, अत्थं पॊत्थं च पत्थिवा"
2319,"जहा अनाहो भवई, सनाहो वा नराहिव! // उत्त.७२८"
2320,
2321,सुणेह मे महाराय! अव्वक्खित्तेण चेयसा
2322,"जहा अनाहो भवई, जहा मेयं पवत्तियं // उत्त.७२९"
2323,
2324,"कोसम्बी नाम नयरी, पुराण पुरभेयणी"
2325,तत्थ आसी पिया मज्झं पभूयधनसञ्चओ // उत्त.७३०
2326,
2327,पढमे वए महारायं! अउला मे अच्छिवेयणा
2328,"अहॊत्था विउलो दाहो, सव्वगत्तेसु पत्थिवा // उत्त.७३१"
2329,
2330,"सत्थं जहा परमतिक्खं, सरीरविवरन्तरे"
2331,"आवीलिज्ज अरी कुद्धो, एवं मे अच्छिवेयणा // उत्त.७३२"
2332,
2333,"तियं मे अन्तरिच्छं च, उत्तमङ्गं च पीडई"
2334,"इन्दासणिसमा घोरा, वेयणा परमदारुणा // उत्त.७३३"
2335,
2336,"उवट्ठिया मे आयरिया, विज्जामन्ततिगिच्छगा"
2337,"अबीया सत्थकुसला, मन्तमूलविसारया // उत्त.७३४"
2338,
2339,"ते मे तिगिच्छं कुव्वन्ति, चाउप्पायं जहाहियं"
2340,"न य दुक्खा विमोयन्ति, एसा मज्झ अनाहया // उत्त.७३५"
2341,
2342,"पिया मे सव्वसारम्पि, दिज्जाहि मम कारणा"
2343,"य दुक्खा विमोएइ, एसा मज्झ अनाहया // उत्त.७३६"
2344,
2345,माया वि मे महाराय! पुत्तसोगदुहट्टिया
2346,"न य दुक्खा विमोएइ, एसा मज्झ अनाहया // उत्त.७३७"
2347,
2348,भायरो मे महाराय! सगा जॆट्ठकनिट्ठगा
2349,"न य दुक्खा विमोयन्ति, एसा मज्झ अनाहया // उत्त.७३८"
2350,
2351,भइणीओ मे महाराय! सगा जॆट्ठकनिट्ठगा
2352,"न य दुक्खा विमोयन्ति, एसा मज्झ अनाहया // उत्त.७३९"
2353,
2354,भारिया मे महाराय! अनुरत्ता अणुव्वया
2355,"अंसुपुण्णेहिं नयनेहिं, उरं मॆं परिसिञ्चई // उत्त.७४०"
2356,
2357,"अन्नं पानं च ण्हाणं च, गन्धमल्लविलेवणं"
2358,"मए नायमनायं वा, सा बाला नोवभुञ्जई // उत्त.७४१"
2359,
2360,खणं पि मे महाराय! पासाओ मे न फिट्टई
2361,"न य दुक्खा विमोएइ, एसा मज्झ अनाहया // उत्त.७४२"
2362,
2363,"तओ'हं एवमाहंसु, दुक्खमाहु पुणो पुणो"
2364,"वेयणा अनुभविउं जे, संसारंमि अनन्तए // उत्त.७४३"
2365,
2366,"सयं च जइ मुञ्च्चॆज्जा, वेयणा विउला इओ"
2367,"खन्तो दन्तो निरारम्भो, पव्वए अनगारियं // उत्त.७४४"
2368,
2369,"एवं च चिन्तइत्ताणं, पासुत्तो मि नराहिवा!"
2370,"परीयट्टन्तीए राईए, वेयणा मे खयं गया // उत्त.७४५"
2371,
2372,"तओ कल्ले पभायंमि, आपुच्छित्ताण बन्धवे"
2373,"खन्तो दन्तो निरारम्भो, पव्वइओ अनगारियं // उत्त.७४६"
2374,
2375,"ततो'हं नाहो जाओ, अप्पणो य परस्स य"
2376,"सव्वेसिं चेव भूयाणं, तसाणं थावराण य // उत्त.७४७"
2377,
2378,"अप्पा नई वेयरणी, अप्पा मे कूडसामली"
2379,"अप्पा कामदुहा धेनू, अप्पा मे नन्दनं वनं // उत्त.७४८"
2380,
2381,अप्पा कत्ता विकत्ता य दुहाण य सुहाण य
2382,"अप्पा मित्तममित्तं च, दुप्पट्ठिय सुपट्ठिओ // उत्त.७४९"
2383,
2384,इमा हु अन्ना वि अनाहया निवा! तमेगचित्तो निहुओ सुणेहि
2385,"नियण्ठधम्मं लहीयाण वी जहा, सीयन्ति एगे बहुकायरा नरा // उत्त.७५०"
2386,
2387,"जो पव्वइत्ताण महव्वयाइं, सम्मं च नो फासयई पमाया"
2388,"अनिग्गहप्पा य रसेसु गिद्धा, न मूलओ छिन्नइ बन्धनं से // उत्त.७५१"
2389,
2390,"आउत्तया जस्स न अत्थि काइ, इरियाए भासाए तहेसणाए"
2391,"आयाणनिक्खेवदुगुञ्छणाए, न वीरजायं अनुजाइ मग्गं // उत्त.७५२"
2392,
2393,"चिरं पि से मुण्डरुई भवित्ता, अथिरव्वए तवनियमेहिं भट्ठे"
2394,"चिरं पि अप्पाण किलेसइत्ता, न पारए होइ हु सम्पराए // उत्त.७५३"
2395,
2396,"पोल्ले व मुट्ठी जह से असारे, अयन्तिए कूडकहावने वा"
2397,"राढामणी वेरुलियप्पगासे, अमहग्घए होइ हु जाणएसु // उत्त.७५४"
2398,
2399,"कुसीललिङ्गं इह धारइत्ता, इसिज्झयं जीविय बूहइत्ता"
2400,"असञ्जए सञ्जय लप्पमाणे, विनिग्घायमागच्छइ से चिरम्पि // उत्त.७५५"
2401,
2402,"विसं तु पीयं जह कालकूडं, हणाइ सत्थं जह कुग्गहीयं"
2403,"एसो वि धम्मो विसओववन्नो, हणाइ वेयाल इवाविवन्नो // उत्त.७५६"
2404,
2405,"जे लक्खणं सुविण पउञ्जमाणे, निमित्तकोऊहलसम्पगाढे"
2406,"कुहेडविज्जासवरदारजीवी, न गच्छई सरणं तंमि काले // उत्त.७५७"
2407,
2408,"तमन्तमेणेव उ से असीले, सया दुही विप्परियासुवेइ"
2409,"सन्धावई नरगतिरिक्खजोणिं, मोनं विराहॆत्तु असाहुरुवे // उत्त.७५८"
2410,
2411,"उद्देसियं कीयगडं नियागं, न मुञ्चई किञ्चि अनेसणिज्जं"
2412,"अग्गी विवा सव्वभक्खी भवित्ता, इत्तो चुए गच्छइ कट्टु पावं // उत्त.७५९"
2413,
2414,"न तं अरी कण्ठ छॆत्ता करेइ, जं से करे अप्पणिया दुरप्पा"
2415,"से नाहिइं मच्चुमुहं तु पत्ते, पच्छानुतावेण दयाविहूणो // उत्त.७६०"
2416,
2417,"निरत्थया नग्गरुई उ तस्स, जे उत्तमट्ठे विवज्जा समेइ"
2418,"इमे वि से नत्थि परं वि लोए, दुहओ वि से झिज्जइ तत्थ लोए // उत्त.७६१"
2419,
2420,"एमेव'हा छन्दकुसीलरूवे, मग्गं विराहित्तु जिणुत्तमाणं"
2421,"कुररी विवा भोगरसाणुगिद्धा, निरट्ठसोया परियावमेइ // उत्त.७६२"
2422,
2423,"सॊच्चाण मेहावि सुभासियं इमं, अनुसासनं नाणगुणोववेयं"
2424,"मग्गं कुसीलाण जहाय सव्वं, महानियण्ठाण वए पहेणं // उत्त.७६३"
2425,
2426,"चरित्तमायारगुणन्निए तओ, अनुत्तरं सञ्जम पालियाणं"
2427,"निरासवे सङ्खवियाण कम्मं, उवेइ ठामं विउलुत्तमं धुवं // उत्त.७६४"
2428,
2429,"एवुग्गदन्ते'वि महातवॊधने, महामुनी महापइन्ने महायसे"
2430,"महानियण्ठिज्जमिणं महासुयं, से काहए महया वित्थरेणं // उत्त.७६५"
2431,
2432,"तुट्ठो य सेणिओ राया, इणमुदाहु कयञ्जली"
2433,"अनाहत्तं जहाभूयं, सुट्ठु मे उवदंसियं // उत्त.७६६"
2434,
2435,"तुज्झं सुलद्धं खु मनुस्स जम्मं, लाभा सुलद्धा य तुमे महेसी!"
2436,"तुब्भे सनाहा य सबन्धवा य, जं भे ठिया मग्गे जिनुत्तमाणं // उत्त.७६७"
2437,
2438,"तं सि नाहो अनाहाणं, सव्वभूयाण सञ्जया"
2439,खामेमि ते महाभाग! इच्छामि अनुसासिउं // उत्त.७६८
2440,
2441,"पुच्छिऊण मए तुब्भं, झाणविग्घाओ य जो कओ"
2442,"निमन्तिया य भोगेहिं, तं सव्वं मरिसेहि मे // उत्त.७६९"
2443,
2444,"एवं थुणित्ताण से रायसीहो, अनगारसीहं परमाइ भत्तीए"
2445,"सओरोहो य सपरियणो सबन्धवो, धम्मानुरत्तो विमलेण चेयसा // उत्त.७७०"
2446,
2447,"ऊससियरोमकूवो, काऊण य पयाहिणं"
2448,"अभिवन्दिऊण सिरसा, अइयाओ नराहिवो // उत्त.७७१"
2449,
2450,"इयरो वि गुणसमिद्धो, तिगुत्तिगुत्तो तिदण्डविरओ य"
2451,"विहग इव विप्पमुक्को, विहरइ वसुहं विगयमोहो // उत्त.७७२"
2452,
2453,त्ति बेमि. 
2454,
2455,
2456,
2457,---------------------------------------------------------------------
2458,[समुद्दपालीयं]
2459,
2460,"चम्पाए पालिए नाम, सावए आसि वाणिए"
2461,"महावीरस्स भगवओ, सीसे सो उ महप्पणो // उत्त.७७३"
2462,
2463,"निग्गन्थे पावयणे, सावए से वि कोविए"
2464,"पोएण ववहरन्ते, पिहुण्डं नगरमागए // उत्त.७७४"
2465,
2466,"पिहुण्डे ववहरन्तस्स, वाणिओ देइ धूयरं"
2467,"तं ससत्तं पइगिज्झ, सदेसमह पत्थिओ // उत्त.७७५"
2468,
2469,"अह पालियस्स घरणी, समुद्दंमि पसवई"
2470,"अह बालए तहिं जाए, समुद्दपालि त्ति नामए // उत्त.७७६"
2471,
2472,"खेमेण आगए चम्पं, सावए वाणिए घरं"
2473,"संवड्ढई धरे तस्स, दारए से सुहोइए // उत्त.७७७"
2474,
2475,"बावत्तरी कलाओ य, सिक्खई नीइकोविए"
2476,"जोव्वणेण य सम्पन्ने, सुरुवे पियदंसणे // उत्त.७७८"
2477,
2478,"तस्स रूववइं भज्जं, पिया आणेइ रूविणिं"
2479,"पासाए कीलए रम्मे, देवो दोगुन्दओ जहा // उत्त.७७९"
2480,
2481,"अह अन्नया कयाई, पासायालोयणे ठिओ"
2482,"वज्झ मण्डणसॊभागं, वज्झं पासइ वज्झगं // उत्त.७८०"
2483,
2484,"तं पासिऊण संविग्गो, समुद्दपालो इणमब्बवी"
2485,"अहो'सुभाण कम्माणं, निज्जाणं पावगं इमं // उत्त.७८१"
2486,
2487,"सम्बुद्धो सो तहिं भगवं, परमसंवेगमागओ"
2488,"आपुच्छ'म्मापियरो, पव्वए अनगारियं // उत्त.७८२"
2489,
2490,"जहित्तु सग्गन्थ महाकिलेसं, महन्तमोहं कसिणं भयाणगं"
2491,"परियायधम्मं च'भिरोयऎज्जा, वयाणि सीलाणि परीसहे य // उत्त.७८३"
2492,
2493,"अहिंस सच्चं च अतेणगं च, तत्तो य बम्भं अपरिग्गहं च"
2494,"पडिवज्जिया पञ्च महव्वयाणि, चरिज्ज धम्मं जिनदेसियं विदू // उत्त.७८४"
2495,
2496,"सव्वेहिं भूएहिं दयानुकम्पी, खन्तिक्खमे सञ्जयबम्भयारी"
2497,"सावज्जजोगं परिवज्जयन्तो, चरिज्ज भिक्खू सुसमाहिइन्दिए // उत्त.७८५"
2498,
2499,"कालेण कालं विहरॆज्ज रट्ठे, बलाबलं जाणिय अप्पणो य"
2500,सीहो व सद्देण न सन्तसॆज्जा वयजोग सुच्चा न असम्भमाहु // उत्त.७८६
2501,
2502,"उवेहमाणो उ परिव्वऎज्जा, पियमप्पियं सव्व तितिक्खऎज्जा"
2503,"न सव्व सव्वत्थ'भिरोयऎज्जा, न यावि पूयं गरहं च सञ्जए // उत्त.७८७"
2504,
2505,"अनेगच्छन्दामिह मानवेहिं, जे भावओ से पगरेइ भिक्खू"
2506,"भयभेरवा तत्थ उइन्ति भीमा, दिव्वा मणुस्सा अदुवा तिरिच्छा // उत्त.७८८"
2507,
2508,"परीसहा दुव्विसहा अनेगे, सीयन्ति जत्था बहुकायरा नरा"
2509,"से तत्थ पत्ते न वहिज्ज भिक्खु, सङ्गामसीसे इव नागराया // उत्त.७८९"
2510,
2511,"सीओसिणा दंसमसा य फासा, आयङ्का विविहा फुसन्ति देहं"
2512,"अकुक्कुओ तत्थ'हियासऎज्जा, रयाइ खेवॆज्ज पुराकडाइं // उत्त.७९०"
2513,
2514,"पहाय रागं च तहेव दोसं, मोहं च भिक्ख सययं वियक्खणो"
2515,"मेरु व्व वाएण व अकम्पमाणो, परीसहे आयगुत्ते सहॆज्जा // उत्त.७९१"
2516,
2517,"अणुन्नए नावणए महेसी, न यावि पूयं गरहं च सञ्जए"
2518,"से उज्जुभावं पडिवज्ज सञ्जए, निव्वाणमग्गं विरए उवेइ // उत्त.७९२"
2519,
2520,"अरइरइसहे पहीणसन्थवे, विरए आयहिए पहाणवे"
2521,"परमट्ठपएहिं चिट्ठई, छिन्नसोए अममे अकिञ्चणे // उत्त.७९३"
2522,
2523,"विवित्तलयणाइ भऎज्ज ताई, निरोवलेवाइं असन्थडाइं"
2524,"इसीहिं चिण्णाइं महायसेहिं, काएण फासॆज्ज परीसहाइं // उत्त.७९४"
2525,
2526,"सन्नाणनाणोवगए महेसी, अनुत्तरं चरिउं धम्मसञ्चयं"
2527,"अनुत्तरे नाणधरे जसंसी, ऒभासई सुरिए वं'तलिक्खे // उत्त.७९५"
2528,
2529,"दुविहं खवेऊण य पुण्णपावं, निरङ्गणे सव्वओ विप्पमुक्के"
2530,"तरित्ता समुद्दं व महाभवॊघं, समुद्दपाले अपुणागमं गए // उत्त.७९६"
2531,
2532,त्ति बेमि. 
2533,
2534,
2535,
2536,---------------------------------------------------------------------
2537,[रहनेमिज्जं]
2538,
2539,"सोरियपुरंमि नयरे, आसि राया महिड्ढिए"
2540,"वसुदेव त्ति नामेणं, रायलक्खणसञ्जुए // उत्त.७९७"
2541,
2542,"तस्स भज्जा दुवे आसी, रोहिणी देवई तहा"
2543,"तासिं दॊण्हं दुवे पुत्ता, इट्ठा रामकेसवा // उत्त.७९८"
2544,
2545,"सोरियपुरंमि नयरे, आसि राया महिड्ढिए"
2546,"समुद्दविजए नामं, रायलक्खणसञ्जुए // उत्त.७९९"
2547,
2548,"तस्स भज्जा सिवा नाम, तीसे पुत्तो महायसो"
2549,"भगवं अरिट्ठनेमि त्ति, लोगनाहे दमीसरे // उत्त.८००"
2550,
2551,"सो'रिट्ठनेमिनामो उ, लक्खणस्सरसञ्जुओ"
2552,"अट्ठसहस्सलक्खणधरो, गोयमो कालगच्छवी // उत्त.८०१"
2553,
2554,"वज्जरिसहसङ्घयणो, समचउरंसो झसोयरो"
2555,"तस्स रायमईकन्नं, भज्जं जायइ केसवो // उत्त.८०२"
2556,
2557,"अह सा रायवरकन्ना, सुसीला चारुपेहणी"
2558,"सव्वलक्खणसम्पन्ना, विज्जुसोयामणिप्पभा // उत्त.८०३"
2559,
2560,"अहाह जणओ तीसे, वासुदेवं महिड्ढियं"
2561,"इहागच्छउ कुमारो, जो से कन्नं ददामि'हं // उत्त.८०४"
2562,
2563,"सव्वोसहीहिं ण्हविओ, कयकोउयमङ्गलो"
2564,"दिव्वजुयलपरिहिओ, आभरणेहिं विभूसिओ // उत्त.८०५"
2565,
2566,"मत्तं च गन्धहत्थिं च, वासुदेवस्स जॆट्ठगं"
2567,"आरूढो सोहए अहियं, सिरे चूडामणी जहा // उत्त.८०६"
2568,
2569,"अह ऊसिएण छत्तेण, चामराहि य सोहिए"
2570,"दसारचक्केण तओ, सव्वओ परिवारिओ // उत्त.८०७"
2571,
2572,"चउरङ्गिणीए सेनाए, रइयाए जहक्कमं"
2573,"तुरियाण सन्निनाएणं, दिव्वेणं गगनं फुसे // उत्त.८०८"
2574,
2575,"एयारिसाए इड्ढीए, जुत्तीए उत्तमाइ य"
2576,"नियगाओ भवनाओ, निज्जाओ वण्हिपुङ्गवो // उत्त.८०९"
2577,
2578,"अह सो तत्थ निज्जन्तो, दिस्स पाने भयद्दुए"
2579,"वाडेहिं पञ्जरेहिं च, सन्निरुद्धे सुदुक्खिए // उत्त.८१०"
2580,
2581,"जीवियन्तं तु सम्पत्ते, मंसट्ठा भक्खियव्वए"
2582,"पासित्ता से महापन्ने, सारहिं इणमब्बवी // उत्त.८११"
2583,
2584,"कस्स अट्ठा इमे पाणा, एए सव्वे सुहेसिणो"
2585,"वाडेहिं पञ्जरेहिं च, सन्निरुद्धा य अच्छहिं? // उत्त.८१२"
2586,
2587,"अह सारही तओ भणई, एए भद्दा उ पाणिणो"
2588,"तुज्झं विवाहकज्जंमि, भोयावेउं बहुं जनं // उत्त.८१३"
2589,
2590,"सोऊण तस्स वयणं, बहुपाणिविनासणं"
2591,"चिन्तेइ से महापन्नो, सानुक्कोसे जिएहिं ऊ // उत्त.८१४"
2592,
2593,"जइ मज्झ कारणा एए, हम्मन्ति सुबहू जिया"
2594,"न मे एयं तु निस्सेसं, परलोगे भविस्सई // उत्त.८१५"
2595,
2596,"सो कुण्डलाण जुयलं, सुत्तगं च महायसो"
2597,"आभरणाणि य सव्वाणि, सारहिस्स पणामए // उत्त.८१६"
2598,
2599,"मनपरिणामो य कओ, देवा य जहोइयं समोइण्णा"
2600,"सव्वड्ढीइ सपरिसा, निक्खमणं तस्स काउं जे // उत्त.८१७"
2601,
2602,"देवमनुस्सपरिवुडो, सिबियारयणं तओ समारुढो"
2603,"निक्खमिय बारगाओ, रेवययंमि ट्ठिओ भगवं // उत्त.८१८"
2604,
2605,"उज्जाणं सम्पत्तो, ओइण्णो उत्तमाउ सीयाओ"
2606,"साहस्सीइ परिवुडो, अह निक्खमई उ चित्ताहिं // उत्त.८१९"
2607,
2608,"अह से सुगन्धगन्धीए, तुरियं मउकुञ्चिए"
2609,"सयमेव लुञ्चई केसे, पञ्चमुट्ठीहिं समाहिओ // उत्त.८२०"
2610,
2611,"वासुदेवो य णं भणई, लुत्तकेसं जिइन्दियं"
2612,"इच्छियमनोरहं तुरियं, पावसु तं दमीसरा // उत्त.८२१"
2613,
2614,"नाणेणं दंसणेणं च, चरित्तेणं तहेव य"
2615,"खन्तीए मुत्तीए, वड्ढमाणो भवाहि य // उत्त.८२२"
2616,
2617,"एवं ते रामकेसवा, दसारा य बहू जना"
2618,"अरिट्ठनेमिं वन्दित्ता, अभिगया बारगापुरिं // उत्त.८२३"
2619,
2620,"सोऊण रायकन्ना, पव्वज्जं सा जिनस्स उ"
2621,"नीहासा य निरानन्दा, सोगेण उ समुच्छिया // उत्त.८२४"
2622,
2623,"राईमई विचिन्तेइ, धिरत्थु मम जीवियं"
2624,"जा हं तेण परिच्चत्ता, सेयं पव्वइउं मम // उत्त.८२५"
2625,
2626,"अह सा भमरसंनिभे, कुच्चफणगपसाहिए"
2627,"सयमेव लुञ्चई केसे, धिइमन्ता ववस्सिया // उत्त.८२६"
2628,
2629,"वासुदेवो य णं भणइ, लुत्तकेसं जिइन्दियं"
2630,"संसारसागरं घोरं, तर कन्ने! लहुं लहुं // उत्त.८२७"
2631,
2632,"सा पव्वइया सन्ती, पव्वावेसी तहिं बहुं"
2633,"सयणं परियणं चेव, सीलवन्ता बहुस्सुया // उत्त.८२८"
2634,
2635,"गिरिं रेवतयं जन्ती, वासेणुल्ला उ अन्तरा"
2636,"वासन्ते अन्धयारंमि, अन्तो लयणस्स साठिया // उत्त.८२९"
2637,
2638,"चीवराइं विसारन्ती, जहा जाय त्ति पासिया"
2639,"रहनेमी भग्गचित्तो, पच्छा दिट्ठो य तीइ वि // उत्त.८३०"
2640,
2641,"भीया य सा तहिं दट्ठुं, एगन्ते सञ्जयं तयं"
2642,"बाहाहिं काउ सङ्गॊप्फं, वेवमाणी निसीयई // उत्त.८३१"
2643,
2644,"अह सो'वि रायपुत्तो, समुद्दविजयङ्गओ"
2645,"भीयं पवेवियं दट्ठुं, इमं वक्कं उदाहरे // उत्त.८३२"
2646,
2647,रहनेमी अहं भद्दे! सुरुवे चारुभासिणी!
2648,"ममं भयाहि सुतनु, न ते पीला भविस्सई // उत्त.८३३"
2649,
2650,"एहि ता भुञ्जिमो भोए, माणुस्सं खु सुदुल्लहं"
2651,"भुत्तभोगी तओ पच्छा, जिनमग्गं चरिस्सिमो // उत्त.८३४"
2652,
2653,"दट्ठुण रहनेमिं तं, भग्गुज्जोयपराजियं"
2654,"राइमई असम्भन्ता, अप्पाणं संवरे तहिं // उत्त.८३५"
2655,
2656,"अह सा रायवरकन्ना, सुट्ठिया नियमव्वए"
2657,"जाई कुलं च सीलं च, रक्खमाणी तयं वए // उत्त.८३६"
2658,
2659,"जइ सि रुवेण वेसमणो, ललिएण नलकुब्बरो"
2660,"तहा वि ते न इच्छामि, जइ'सि सक्खं पुरन्दरो // उत्त.८३७"
2661,
2662,"धिरत्थु ते'जसोकामी, जो तं जीवियकारणा"
2663,"वन्तं इच्छसि आवेउं, सेयं ते मरणं भवे // उत्त.८३८"
2664,
2665,"अहं च भोगरायस्स, तं च सि अन्धगवण्हिणो"
2666,"मा कुले गन्धणा होमो, सञ्जमं निहुओ चर // उत्त.८३९"
2667,
2668,"जइ तं काहिसि भावं, जा जा दिच्छसि नारिओ"
2669,"वायाविद्धो व्व हडो, अट्ठिअप्पा भविस्ससि // उत्त.८४०"
2670,
2671,"गोवालो भण्डवालो वा, जहा तद्दव्व निस्सरो"
2672,"एवं अनिस्सरो तं पि, सामण्णस्स भविस्ससि // उत्त.८४१"
2673,
2674,"कोहं मानं निगिण्हित्ता, मायं लॊभं च सव्वसो"
2675,"इन्दियाइं वसे काउं, अप्पाणं उवसंहरे // उत्त.८४२"
2676,
2677,"तीसे सो वयणं सॊच्चा, सञ्जयाए सुभासियं"
2678,"अङ्कुसेण जहा नागो, धम्मे सम्पडिवाइओ // उत्त.८४३"
2679,
2680,"मनगुत्तो वयगुत्तो, कायगुत्तो जिइन्दिओ"
2681,"सामण्णं निच्चलं फासे, जावज्जीवं दढव्वओ // उत्त.८४४"
2682,
2683,"उग्गं तवं चरित्ताणं, जाया दॊन्नि वि केवली"
2684,"सव्वं कम्मं खवित्ताणं, सिद्धिं पत्ता अनुत्तरं // उत्त.८४५"
2685,
2686,"एवं करॆन्ति सम्बुद्धा, पण्डिया पवियक्खणा"
2687,"विणियट्टन्ति भोगेसु, जहा सो पुरिसॊत्तमो // उत्त.८४६"
2688,
2689,त्ति बेमि. 
2690,
2691,
2692,
2693,---------------------------------------------------------------------
2694,[केसिगोयमिज्जं]
2695,
2696,"जिणे पासि त्ति नामेण, अरहा लोगपूइओ"
2697,"सम्बुद्धप्पा य सव्वन्नू, धम्मतित्थयरे जिने // उत्त.८४७"
2698,
2699,"तस्स लोगपईवस्स, आसि सीसे महायसे"
2700,"केसी कुमारसमणे, विज्जाचरणपारगे // उत्त.८४८"
2701,
2702,"ओहिनाणसुए बुद्धे, सीससङ्घसमाउले"
2703,"गामाणुगामं रीयन्ते, सावत्थिं पुरमागए // उत्त.८४९"
2704,
2705,"तिन्दुयं नाम उज्जाणं, तंमि नगरमण्डले"
2706,"फासुए सिज्जसन्थारे, तत्थ वासमुवागए // उत्त.८५०"
2707,
2708,"अह तेणेव कालेणं, धम्मतित्थयरे जिने"
2709,"भगवं वद्धमाणु त्ति, सव्वलोगंमि विस्सुए // उत्त.८५१"
2710,
2711,"तस्स लोगपईवस्स, आसि सीसे महायसे"
2712,"भगवं गोयमे नामं, विज्जाचरणपारए // उत्त.८५२"
2713,
2714,"बारसङ्गविऊ बुद्धे, सीससङ्घसमाउले"
2715,"गामानुगामं रीयन्ते, से'वि सावत्थिमागए // उत्त.८५३"
2716,
2717,"कॊट्ठगं नाम उज्जाणं, तंमी नगरमण्डले"
2718,"फासुए सिज्जसन्थारे, तत्थ वासमुवागए // उत्त.८५४"
2719,
2720,"केसी कुमारसमणे, गोयमे य महायसे"
2721,"उभओ'वि तत्थ विहरिंसु, अल्लीणा सुसमाहिया // उत्त.८५५"
2722,
2723,"उभओ सीससङ्घाणं, सञ्जयाणं तवस्सिणं"
2724,"तत्थ चिन्ता समुप्पन्ना, गुणवन्ताण ताइणं // उत्त.८५६"
2725,
2726,"केरिसो वा इमो धम्मो, इमो धम्मो व केरिसो?"
2727,"आयारधम्मपणिही, इमा वा सा व केरिसी? // उत्त.८५७"
2728,
2729,"चाउज्जामो य जो धम्मो, जो इमो पञ्चसिक्खिओ"
2730,देसिओ वद्धमाणेण पासेण य महामुनी // उत्त.८५८
2731,
2732,"अचेलओ य जो धम्मो, जो इमो सन्तरुत्तरो"
2733,"एगकज्जपवन्नाणं, विसेसे किं नु कारणं? // उत्त.८५९"
2734,
2735,"अह ते तत्थ सीसाणं, विन्नाय पवितक्कियं"
2736,"समागमे कयमई, उभओ केसिगोयमा // उत्त.८६०"
2737,
2738,"गोयमे पडिरुवन्नू, सीससङ्घसमाउले"
2739,"जॆट्ठं कुलमवॆक्खन्तो, तिन्दुयं वनमागओ // उत्त.८६१"
2740,
2741,"केसी कुमारसमणे, गोयमं दिस्समागयं"
2742,"पडिरुवं पडिवत्तिं, सम्मं सम्पडिवज्जई // उत्त.८६२"
2743,
2744,"पलालं फासुयं तत्थ, पञ्चमं कुसतणाणि य"
2745,"गोयमस्स निसॆज्जाए, खिप्पं सम्पणामए // उत्त.८६३"
2746,
2747,"केसी कुमारसमणे, गोयमे य महायसे"
2748,"उभओ निसण्णा सोहन्ति, चन्दसूरसमप्पभा // उत्त.८६४"
2749,
2750,"समागया बहू तत्थ, पासण्डा कोउगा मिया"
2751,"गिहत्थाणं अनेगाओ, साहस्सीओ समागया // उत्त.८६५"
2752,
2753,"देवदानवगन्धव्वा, जक्खरक्खसकिंनरा"
2754,"अदिस्साणं च भूयाणं, आसी तत्थ समागमो // उत्त.८६६"
2755,
2756,पुच्छामि ते महाभाग! केसी गोयममब्बवी
2757,"तओ केसिं बुवन्तं तु, गोयमो इणमब्बवी // उत्त.८६७"
2758,
2759,"पुच्छ भन्ते! जहिच्छं ते, केसिं गोयममब्बवी"
2760,"तओ केसी अणुन्नाए, गोयमं इणमब्बवी // उत्त.८६८"
2761,
2762,"चाउज्जामो य जो धम्मो, जो इमो पञ्चसिक्खिओ"
2763,"देसिओ वद्धमाणेणं, पासेण य महामुनी // उत्त.८६९"
2764,
2765,"एगकज्जपवन्नाणं, विसेसे किं नु कारणं?"
2766,"धम्मे दुविहे मेहावी, कहं विप्पच्चओ न ते? // उत्त.८७०"
2767,
2768,"तओ केसिं बुवन्तं तु, गोयमो इणमब्बवी"
2769,"पन्ना समिक्खए धम्मं, तत्तं तत्तविनिच्छियं // उत्त.८७१"
2770,
2771,"पुरिमा उज्जुजडा उ, वङ्कजडा य पच्छिमा"
2772,"मज्झिमा उज्जुपन्ना उ, तेण धम्मे दुहा कए // उत्त.८७२"
2773,
2774,"पुरिमाणं दुव्विसॊज्झो उ, चरिमाणं दुरनुपालओ"
2775,"कप्पो मज्झिमगाणं तु, सुविसॊज्झो सुपालओ // उत्त.८७३"
2776,
2777,"साहु गोयम! पन्ना ते, छिन्नो मे संसओ इमो"
2778,"अन्नो वि संसओ मज्झं, तं मे कहसु गोयमा! // उत्त.८७४"
2779,
2780,"अचेलगो य जो धम्मो, जो इमो सन्तरुत्तरो"
2781,"देसिओ वद्धमाणेण, पासेण य महाजसा // उत्त.८७५"
2782,
2783,"एगकज्जपवन्नाणं, विसेसे किं नु कारणं?"
2784,"लिङ्गे दुविहे मेहावी, कहं विप्पच्चओ न ते? // उत्त.८७६"
2785,
2786,"तओ केसिं बुवाणं तु, गोयमो इणमब्बवी"
2787,"विन्नाणेण समागम्म, धम्मसाहणमिच्छियं // उत्त.८७७"
2788,
2789,"पच्चयत्थं च लोगस्स, नानाविहविगप्पणं"
2790,"जत्तत्थं गहणत्थं च, लोगे लिङ्गपओयणं // उत्त.८७८"
2791,
2792,"अह भवे पइन्ना उ, मॊक्खसब्भूयसाहणा"
2793,"नाणं च दंसणं चेव, चरित्तं चेव निच्छए // उत्त.८७९"
2794,
2795,"साहु गोयम! पन्ना ते, छिन्नो मे संसओ इमो"
2796,"अन्नो'वि संसओ मज्झं, तं मे कहसु गोयमा! // उत्त.८८०"
2797,
2798,"अनेगाणं सहस्साणं, मज्झे चिट्ठसि गोयमा!"
2799,"ते य ते अहिगच्छन्ति, कहं ते निज्जिया तुमे? // उत्त.८८१"
2800,
2801,"एगे जिए जिया पञ्च, पञ्च जिए जिया दस"
2802,"दसहा उ जिणित्ताणं, सव्वसत्तू जिणाम'हं // उत्त.८८२"
2803,
2804,सत्तू य इइ के वुत्ते? केसी गोयममब्बवी
2805,"तओ केसिं बुवन्तं तु, गोयमो इणमब्बवी // उत्त.८८३"
2806,
2807,"एग'प्पे अजिए सत्तू, कसाया इन्दियाणि य"
2808,"ते जिणित्तु जहानायं, विहरामि अहं मुनी // उत्त.८८४"
2809,
2810,"साहु गोयम! पन्ना ते, छिन्नो मे संसओ इमो"
2811,"अन्नो'वि संसओ मज्झं, तं मे कहसु गोयमा! // उत्त.८८५"
2812,
2813,"दीसन्ति बहवे लोए, पासबद्धा सरीरिणो"
2814,"मुक्कपासो लहुब्भूओ, कहं तं विहरसी मुनी! // उत्त.८८६"
2815,
2816,"ते पासे सव्वसो छित्ता, निहन्तूण उवायओ"
2817,"मुक्कपासो लहुब्भूओ, विहरामि अहं मुनी! // उत्त.८८७"
2818,
2819,पासा य इइ के वुत्ता? केसी गोयममब्बवी
2820,"तओ केसिं बुवन्तं तु, गोयमो इणमब्बवी // उत्त.८८८"
2821,
2822,"रागद्दोसादओ तिव्वा, नेहपासा भयङ्करा"
2823,"ते छिन्दित्ता जहानायं, विहरामि जहक्कमं // उत्त.८८९"
2824,
2825,"साहु गोयम! पन्ना ते, छिन्नो मे संसओ इमो"
2826,"अन्नो'वि संसओ मज्झं, तं मे कहसु गोयमा! // उत्त.८९०"
2827,
2828,"अन्तो हिअयसम्भूया, लया चिठ्ठइ गोयमा!"
2829,"फलेइ विसभक्खीणं, सा उ उद्धरिया कहं? // उत्त.८९१"
2830,
2831,"तं लयं सव्वसो छित्ता, उद्धरित्ता समूलियं"
2832,"विहरामि जहानायं, मुक्को मि विसभक्खणं // उत्त.८९२"
2833,
2834,लया य इइ का वुत्ता? केसी गोयममब्बवी
2835,"तओ केसिं बुवन्तं तु, गोयमो इणमब्बवी // उत्त.८९३"
2836,
2837,"भवतण्हा लया वुत्ता, भीमा भीमफलोदया"
2838,"तमुच्छित्तु जहानायं, विहरामि महामुनी! // उत्त.८९४"
2839,
2840,"साहु गोयम! पन्ना ते, छिन्नो मे संसओ इमो"
2841,"अन्नो'वि संसओ मज्झं, तं मे कहसुं गोयमा! // उत्त.८९५"
2842,
2843,"सम्पज्जलिया घोरा, अग्गी चिट्ठइ गोयमा!"
2844,"जे डहन्ति सरीरत्थे, कहं विज्झाविया तुमे? // उत्त.८९६"
2845,
2846,"महामेहप्पसूयाओ, गिज्झ वारि जलुत्तमं"
2847,"सिञ्चामि सययं देहं, सित्ता नो डहन्ति मे // उत्त.८९७"
2848,
2849,"अग्गी य इइ के वुत्ता, केसी गोयममब्बवी"
2850,"तओ केसिं बुवन्तं तु, गोयमो इणमब्बवी // उत्त.८९८"
2851,
2852,"कसाया अग्गिणो वुत्ता, सुयसीलतवो जलं"
2853,"सुयधाराभिहया सन्ता, भिन्ना हु न डहन्ति मे // उत्त.८९९"
2854,
2855,"साहु गोयम! पन्ना ते, छिन्नो मे संसओ इमो"
2856,"अन्नो'वि संसओ मज्झं, तं मे कहसु गोयमा! // उत्त.९००"
2857,
2858,"अयं साहस्सिओ भीमो, दुट्ठस्सो परिधावई"
2859,"जंसि गोयम! आरुढो, कहं तेण न हीरसि? // उत्त.९०१"
2860,
2861,"पधावन्तं निगिण्हामि, सुयरस्सीससमाहियं"
2862,"न मे गच्छइ उम्मग्गं, मग्गं च पडिवज्जई // उत्त.९०२"
2863,
2864,आसे य इइ के वुत्ते? केसी गोयममब्बवी
2865,"तओ केसिं बुवन्तं तु, गोयमो इणमब्बवी // उत्त.९०३"
2866,
2867,"मनो साहस्सिओ भीमो, दुट्ठस्सो परिधावई"
2868,"तं सम्मं तु निगिण्हामि, धम्मसिक्खाइ कन्थगं // उत्त.९०४"
2869,
2870,"साहु गोयम! पन्ना ते, छिन्नो मे संसओ इमो"
2871,"अन्नो'वि संसओ मज्झं, तं मे कहसु गोयमा! // उत्त.९०५"
2872,
2873,"कुप्पहा बहवे लोए, जेहिं नासन्ति जन्तुणो"
2874,"अद्धाणे कहं वट्टन्तो, तं न नाससि गोयमा!? // उत्त.९०६"
2875,
2876,"जे य मग्गेण गच्छन्ति, जे य उम्मग्गपट्ठिया"
2877,"ते सव्वे वेइया मज्झं, ते न नस्सामहं मुनी! // उत्त.९०७"
2878,
2879,"मग्गे य इइ के वुत्ते, केसी गोयममब्बवी"
2880,"तओ केसिं बुवन्तं तु, गोयमो इणमब्बवी // उत्त.९०८"
2881,
2882,"कुप्पवयणपासण्डी, सव्वे उम्मग्गपट्ठिया"
2883,"सम्मग्गं तु जिनक्खायं, एस मग्गे हि उत्तमे // उत्त.९०९"
2884,
2885,"साहु गोयम! पन्ना ते, छिन्नो मे संसओ इमो"
2886,"अन्नो'वि संसओ मज्झं, तं मे कहसु गोयमा! // उत्त.९१०"
2887,
2888,"महाउदगवेगेण, वुज्झमाणाण पाणिणं"
2889,"सरणं गइं पइट्ठा य, दीवं कं मन्नसी? मुनी! // उत्त.९११"
2890,
2891,"अत्थि एगो महादीवो, वारिमज्झे महालओ"
2892,"महाउदगवेगस्स, गई तत्थ न विज्जई // उत्त.९१२"
2893,
2894,दीवे य इइ के वुत्ते? केसी गोयममब्बवी
2895,"तओ केसिं बुवन्तं तु, गोयमो इणमब्बवी // उत्त.९१३"
2896,
2897,"जरामरणवेगेणं, वुज्झमाणाण पाणिणं"
2898,"धम्मो दीवो पइट्ठा य, गई सरणमुत्तमं // उत्त.९१४"
2899,
2900,"साहु गोयम! पन्ना ते, छिन्नो मे संसओ इमो"
2901,"अन्नो'वि संसओ मज्झं, तं मे कहसु गोयमा! // उत्त.९१५"
2902,
2903,"अन्नवंसि महोहंसि, नावा विपरिधावई"
2904,जंसि गोयममारूढो कहं पारं गमिस्ससि? // उत्त.९१६
2905,
2906,"जा उ अस्साविणी नावा, न सा पारस्स गामिणी"
2907,"जा निरस्साविणी नावा, सा उ पारस्स गामिणी // उत्त.९१७"
2908,
2909,नावा य इइ का वुत्ता? केसी गोयममब्बवी
2910,"तओ केसिं बुवन्तं तु, गोयमो इणमब्बवी // उत्त.९१८"
2911,
2912,"सरीरमाहु नाव त्ति, जीवो वुच्चइ नाविओ"
2913,"संसारो अण्णवो वुत्तो, जं तरन्ति महेसिणो // उत्त.९१९"
2914,
2915,"साहु गोयम! पन्ना ते, छिन्नो मे संसओ इमो"
2916,"अन्नो'वि संसओ मज्झं, तं मे कहसु गोयमा! // उत्त.९२०"
2917,
2918,"अन्धयारे तमे घोरे, चिट्ठन्ति पाणिणो बहू"
2919,को करिस्सइ उज्जोयं? सव्वलोयंमि पाणिणं // उत्त.९२१
2920,
2921,"उग्गओ विमलो भानू, सव्वलोयपभङ्करो"
2922,"सो करिस्सइ उज्जोयं, सव्वलोयंमि पाणिणं // उत्त.९२२"
2923,
2924,भानु य इइ के वुत्ते? केसी गोयममब्बवी
2925,केसिमेवं बुवन्तं तु गोयमो इणमब्बवी // उत्त.९२३
2926,
2927,"उग्गओ खीणसंसारो, सव्वन्नू जिनभक्खरो"
2928,"सो करिस्सइ उज्जोयं, सव्वलोयंमि पाणिणं // उत्त.९२४"
2929,
2930,"साहु गोयम! पन्ना ते, छिन्नो मे संसओ इमो"
2931,"अन्नो'वि संसओ मज्झं, तं मे कहसु गोयमा! // उत्त.९२५"
2932,
2933,"सारीरमानसे दुक्खे, बज्झमाणाण पाणिणं"
2934,"खेमं सिवमनाबाहं, ठाणं किं मन्नसी? मुनी! // उत्त.९२६"
2935,
2936,अत्थि एगं धुवं ठाणं लोगग्गंमि दुरारुहं
2937,"जत्थ नत्थि जरामच्चू, वाहिणो वेयणा तहा // उत्त.९२७"
2938,
2939,ठाणे य इइ के वुत्ते? केसी गोयममब्बवी
2940,"केसिमेवं बुवन्तं तु, गोयमो इणमब्बवी // उत्त.९२८"
2941,
2942,"निव्वाणं ति अबाहं ति, सिद्धी लोगग्गमेव य"
2943,"खेमं सिवं अनाबाहं, जं तरन्ति महेसिणो // उत्त.९२९"
2944,
2945,"तं ठाणं सासयं वासं, लोगग्गंमि दुरारुहं"
2946,"जं सम्पत्ता न सोयन्ति, भवोहन्तकरा मुनी // उत्त.९३०"
2947,
2948,"साहु गोयम! पन्ना ते, छिन्नो मे संसओ इमो"
2949,नमो ते संसायातीत! सव्वसुत्तमहोयही // उत्त.९३१
2950,
2951,"एवं तु संसए छिन्ने, केसी घोरपरक्कमे"
2952,"अभिवन्दित्ता सिरसा, गोयमं तु महायसं // उत्त.९३२"
2953,
2954,"पञ्चमहव्वयं धम्मं, पडिवज्जइ भावओ"
2955,"पुरिमस्स पच्छिमंमि, मग्गे तत्थ सुहावहे // उत्त.९३३"
2956,
2957,"केसीगोयमओ निच्चं, तंमि आसि समागमे"
2958,"सुयसीलसमुक्कसो, महत्थत्थविनिच्छओ // उत्त.९३४"
2959,
2960,"तोसिया परिसा सव्वा, सम्मग्गं समुवट्ठिया"
2961,"सन्थुया ते पसीयन्तु, भयवं केसिगोयमे // उत्त.९३५"
2962,
2963,त्ति बेमि. 
2964,
2965,
2966,
2967,---------------------------------------------------------------------
2968,[पवयणमाया]
2969,
2970,"अट्ठ पवयणमायाओ, समिई गुत्ती तहेव य"
2971,"पञ्चेव य समिईओ, तओ गुत्तीउ आहिआ // उत्त.९३६"
2972,
2973,"इरियाभासेसणा''दाने, उच्चारे समिई इय"
2974,"मनगुत्ती वयगुत्ती, कायगुत्ती य अट्ठमा // उत्त.९३७"
2975,
2976,"एयाओ अट्ठ समिईओ, समासेण वियाहिया"
2977,"दुवालसङ्गं जिणक्खायं, मायं जत्थ उ पवयणं // उत्त.९३८"
2978,
2979,"आलम्बणेण कालेणं, मग्गेण जयणाइ य"
2980,"चउकारणपरिसुद्धं, सञ्जए इरियं रिए // उत्त.९३९"
2981,
2982,"तत्थ आलम्बणं नाणं, दंसणं चरणं तहा"
2983,"काले य दिवसे वुत्ते, मग्गे उप्पहवज्जिए // उत्त.९४०"
2984,
2985,"दव्वओ खॆत्तओ चेव, कालओ भावओ तहा"
2986,"जयणा चउव्विहा वुत्ता, तं मे कित्तयओ सुण // उत्त.९४१"
2987,
2988,"दव्वओ चक्खुसा पेहे, जुगमित्तं च खॆत्तओ"
2989,"कालओ जाव रीऎज्जा, उवउत्ते य भावओ // उत्त.९४२"
2990,
2991,"इन्दियत्थे विवज्जित्ता, सज्झायं चेव पञ्चहा"
2992,"तम्मुत्ती तप्पुरक्कारे, उवउत्ते रियं रिए // उत्त.९४३"
2993,
2994,"कोहे माने य मायाए, लॊभे य उवउत्तया"
2995,"हासे भये मोहरिए, विकहासु तहेव य // उत्त.९४४"
2996,
2997,"एयाइं अट्ठ ठाणाइं, परिवज्जितु सञ्जए"
2998,"असावज्जं मियं काले, भासं भासिज्ज पन्नवं // उत्त.९४५"
2999,
3000,गवेसणाए गहणे य परिभोगेसणा य जा
3001,"आहारोवहिसॆज्जाए, एए तिन्नि विसोहए // उत्त.९४६"
3002,
3003,"उग्गमुप्पायणं पढमे, बीए सोहॆज्ज एसणं"
3004,"परिभोयंमि चउक्कं, विसोहॆज्ज जयं जई // उत्त.९४७"
3005,
3006,"अहोवहोवग्गहियं, भण्डगं दुविहं मुनी"
3007,"गिण्हन्तो निक्खिवन्तो वा, पउञ्जॆज्ज इमं विहिं // उत्त.९४८"
3008,
3009,"चक्खुसा पडिलेहित्ता, पमज्जॆज्ज जयं जई"
3010,"आइए निक्खिवॆज्जा वा, दुहओ'वि समिए सया // उत्त.९४९"
3011,
3012,"उच्चारं पासवणं, खेलं सिङ्घाण जल्लियं"
3013,"आहारं उवहिं देहं, अन्नं वावि तहाविहं // उत्त.९५०"
3014,
3015,"अनावायमसंलोए, अनावाए चेव होइ संलोए"
3016,"आवायमसंलोए, आवाए चेव संलोए // उत्त.९५१"
3017,
3018,"अनावायमसंलोए, परस्स'नुवघाइए"
3019,"समे अज्झुसिरे वा'वि, अचिरकालकयंमि य // उत्त.९५२"
3020,
3021,"विच्छिन्ने दुरमोगढे, नासन्ने बिलवज्जिए"
3022,"तसपाणबीयरहिए, उच्चाराईणि वोसिरे // उत्त.९५३"
3023,
3024,"एयाओ पञ्च समिईओ, समासेण वियाहिया"
3025,"ऎत्तो य तओ गुत्तीओ, वॊच्छामि अनुपुव्वसो // उत्त.९५४"
3026,
3027,"सच्चा तहेव मोसा य, सच्चमोसा तहेव य"
3028,"चउत्थी असच्चमोसा य, मनगुत्ति चउव्विहा // उत्त.९५५"
3029,
3030,"संरम्भसमारम्भे, आरम्भे य तहेव य"
3031,"मनं पवत्तमाणं तु, नियत्तॆज्ज जयं जई // उत्त.९५६"
3032,
3033,"सच्चा तहेव मोसा य, सच्चमोसा तहेव य"
3034,"चउत्थी असच्चमोसा य, वइगुत्ती चउव्विहा // उत्त.९५७"
3035,
3036,"संरम्भसमारम्भे, आरम्भे य तहेव य"
3037,वयं पवत्तमाणं तु नियत्तॆज्ज जयं जई // उत्त.९५८
3038,
3039,"ठाणे निसीयणे चेव, तहेव य तुयट्टणे"
3040,"उल्लङ्घणे पल्लङ्घणे, इन्दियाण य जुञ्जणे // उत्त.९५९"
3041,
3042,संरम्भसमारम्भे आरम्भंमि तहेव य
3043,"कायं पवत्तमाणं तु, नियत्तॆज्ज जयं जई // उत्त.९६०"
3044,
3045,"एयाओ पञ्च समिईओ, चरणस्स य पवत्तणे"
3046,"गुत्ती नियत्तणे'वुत्ता, असुभत्थेसु सव्वसो // उत्त.९६१"
3047,
3048,"एआओ पवयणमाया, जे सम्मं आयरे मुनी"
3049,"सो खिप्पं सव्वसंसारा, विप्पसुच्चई पण्डिए // उत्त.९६२"
3050,
3051,त्ति बेमि. 
3052,
3053,
3054,
3055,---------------------------------------------------------------------
3056,[जण्णइज्जं]
3057,
3058,"माहणकुलसम्भूओ, आसि विप्पो महायसो"
3059,"जायाई जमजन्नंमि, जयघोसे त्ति नामओ // उत्त.९६३"
3060,
3061,"इन्दियग्गामनिग्गाही, मग्गगामी महामुनी"
3062,"गामाणुग्गामं रीयन्ते, पत्तो वाणारसिं पुरिं // उत्त.९६४"
3063,
3064,"वाणारसीए बहिया, उज्जाणंमि मनोरमे"
3065,"फासुए सॆज्जसन्थारे, तत्थ वासमुवागए // उत्त.९६५"
3066,
3067,"अह तेणेव कालेणं, पुरीए तत्थ माहणे"
3068,"विजयघोसे त्ति नामेण, जण्णं जयइ वेयवी // उत्त.९६६"
3069,
3070,"अह से तत्थ अनगारे, मासक्खमणपारणे"
3071,"विजयघोसस्स जण्णंमि, भिक्खमट्ठा उवट्ठिए // उत्त.९६७"
3072,
3073,"समुवट्ठियं तहिं सन्तं, जायगो पडिसेहए"
3074,"न हु दाहामि ते भिक्खं, भिक्खू! जायाहि अन्नओ // उत्त.९६८"
3075,
3076,"जे य वेयविऊ विप्पा, जन्नमट्ठा य जे दिया"
3077,"जोइसङ्गविऊ जे य, जे य धम्माण पारगा // उत्त.९६९"
3078,
3079,"जे समत्था समुद्धत्तुं, परं अप्पाणमेव य"
3080,"तेसिं अन्नमिणं देयं, भो भिक्खू! सव्वकामियं // उत्त.९७०"
3081,
3082,"सो तत्थ एवं पडिसिद्धो, जायगेण महामुनी"
3083,"न वि रुट्ठो न वि तुट्ठो, उत्तमट्ठगवेसओ // उत्त.९७१"
3084,
3085,"न'न्नट्ठं पाणहेउं वा, नवि निव्वाहणाय वा"
3086,"तेसिं विमॊक्खणट्ठाए, इमं वयणमब्बवी // उत्त.९७२"
3087,
3088,"नवि जाणासि वेयमुहं, नवि जन्नाण जं मुहं"
3089,"नक्खत्ताण मुहं जं च, जं च धम्माण वा मुहं // उत्त.९७३"
3090,
3091,"जे समत्था समुद्धत्तुं, परं अप्पाणमेव य"
3092,"न ते तुमं वियाणासि, अह जाणासि तो भण // उत्त.९७४"
3093,
3094,"तस्स'क्खेवपमॊक्खं तु, अचयन्तो तहिं दिओ"
3095,"सपरिसो पञ्जली होउं, पुच्छई तं महामुनी // उत्त.९७५"
3096,
3097,"वेयाणं च मुहं बूहि, बूहि जन्नाणं जं मुहं"
3098,"नक्खत्ताण मुहं बूहि, बूहि धम्माण वा मुहं // उत्त.९७६"
3099,
3100,"जे समत्था समुद्धत्तुं, परं अप्पाणमेव य"
3101,"एयं मे संसयं सव्वं, साहू! कहसु पुच्छिओ // उत्त.९७७"
3102,
3103,"अग्गिहुत्तमुहा वेया, जन्नट्ठी वेयसा मुहं"
3104,"नक्खत्ताणं मुहं चन्दो, धम्माण कासवो मुहं // उत्त.९७८"
3105,
3106,"जहा चन्दं गहाईया, चिट्ठन्ती पञ्जलीउडा"
3107,"वन्दमाणा नमंसन्ता, उत्तमं मनहारिणो // उत्त.९७९"
3108,
3109,"अजाणगा जन्नवाई, विज्जामाहणसम्पया"
3110,"मूढा सज्झायतवसा, भासच्छन्ना इव'ग्गिणो // उत्त.९८०"
3111,
3112,जो लोए बम्भणो वुत्तो अग्गी व महिओ जहा
3113,"सया कुसलसन्दिट्ठं, तं वयं बूम माहणं // उत्त.९८१"
3114,
3115,"जो न सज्जइ आगन्तुं, पव्वयन्तो न सोयई"
3116,"रमइ अज्जवयणंमि, तं वयं बूम माहणं // उत्त.९८२"
3117,
3118,"जायरूवं जहामट्ठं, निद्धन्तमलपावगं"
3119,"रागदोसभयाईयं, तं वयं बूम माहणं // उत्त.९८३"
3120,
3121,तवस्सियं किसं दन्तं अवचियमंससोणियं
3122,"सुव्वयं पत्तनिव्वाणं, तं वयं बूम माहणं // उत्त.९८४"
3123,
3124,"तसे पाणे वियाणॆत्ता, सङ्गहेण य थावरे"
3125,"जो न हिंसइ तिविहेणं, तं वयं बूम माहणं // उत्त.९८५"
3126,
3127,"कोहा वा जइ वा हासा, लोहा वा जइ वा भया"
3128,"मुसं न वयई जो उ, तं वयं बूम माहणं // उत्त.९८६"
3129,
3130,"चित्तमन्तमचित्तं वा, अप्पं वा जइ वा बहुं"
3131,"न गिण्हाइ अदत्तं जे, तं वयं बूम माहणं // उत्त.९८७"
3132,
3133,"दिव्वमानुसतेरिच्छं, जो न सेवइ मेहुणं"
3134,"मनसा कायवक्केणं, तं वयं बूम माहणं // उत्त.९८८"
3135,
3136,"जहा पोमं जले जायं, नोवलिप्पइ वारिणा"
3137,"एवं अलित्तं कामेहिं, तं वयं बूम माहणं // उत्त.९८९"
3138,
3139,"अलोलुयं मुहाजीविं, अनगारं अकिञ्चणं"
3140,"असंसत्तं गिहत्थेसु, तं वयं बूम माहणं ।। [प्र०] [जहित्ता पुव्वसञ्जोगं, नाइसङ्गे य बन्धवे । जो न सज्जइ भोगेसु, तं वयं बूम माहणं ।] // उत्त.९९०"
3141,
3142,पसुबन्धा सव्ववेया जट्ठं च पावकम्मुणा
3143,"न तं तायन्ति दुस्सीलं, कम्माणि बलवन्ति हि // उत्त.९९१"
3144,
3145,"नवि मुण्डिएण समणो, न ऒंकारेण बम्भणो"
3146,"न मुनी रण्णवासेणं, कुसचीरेण न तावसो // उत्त.९९२"
3147,
3148,"समयाए समणो होइ, बम्भचेरेण बम्भणो"
3149,"नाणेण य मुनी होइ, तवेण होइ तावसो // उत्त.९९३"
3150,
3151,"कम्मुणा बम्भणो हि, कम्मुणा होइ खत्तिओ"
3152,"वईसो कम्मुणा होइ, सुद्दो हवइ कम्मुणा // उत्त.९९४"
3153,
3154,"एए पाउकरे बुद्धे, जेहिं होइ सिणायओ"
3155,"सव्वकम्मविनिम्मुक्कं, तं वयं बूम माहणं // उत्त.९९५"
3156,
3157,"एवं गुणसमाउत्ता, जे भवन्ति दिउत्तमा"
3158,"ते समत्था समुद्धत्तुं, परं अप्पाणमेव य // उत्त.९९६"
3159,
3160,"एवं तु संसए छिन्ने, विजयघोसे य माहणे"
3161,"समुदाया तयं तं तु, जयघोसं महामुनिं // उत्त.९९७"
3162,
3163,"तुट्ठे य विजयघोसे, इणमुदाहु कयञ्जली"
3164,"माहणत्तं जहाभूयं, सुट्ठु मे उवदंसियं // उत्त.९९८"
3165,
3166,"तुब्भे जइया जन्नाणं, तुब्भे वेयविऊ विऊ"
3167,"जोइसङ्गविऊ तुब्भे, तुब्भे धम्माण पारगा // उत्त.९९९"
3168,
3169,"तुब्भे समत्था समुद्धत्तुं, परं अप्पाणमेव य"
3170,"तयनुग्गहं करेह'म्हं, भिक्खेणं भिक्खु उत्तमा // उत्त.१०००"
3171,
3172,"न कज्जं मज्झ भिक्खेणं, खिप्पं निक्खमसू दिया!"
3173,"मा भमिहिसि भयावत्ते, घोरे संसारसागरे // उत्त.१००१"
3174,
3175,"उवलेवो होइ भोगेसु, अभोगी नोवलिप्पइ"
3176,"भोगी भमई संसारे, अभोगी विप्पमुच्चई // उत्त.१००२"
3177,
3178,"उल्लो सुक्को य दो छूढा, गोलया मट्टियामया"
3179,"दो'वि आवडिया कुड्डे, जो उल्लो सो'त्थ लग्गई // उत्त.१००३"
3180,
3181,"एवं लग्गन्ति दुम्मेहा, जे नरा कामलालसा"
3182,"विरत्ता उ न लग्गन्ति, जहा से सुक्के गोलए // उत्त.१००४"
3183,
3184,"एवं से विजयघोसे, जयघोसस्स अन्तिए"
3185,"अनगारस्स निक्खन्तो, धम्मं सॊच्चा अनुत्तरं // उत्त.१००५"
3186,
3187,"खवित्ता पुव्वकम्माइं, सञ्जमेण तवेण य"
3188,"जयघोसविजयघोसा, सिद्धिं पत्ता अनुत्तरं // उत्त.१००६"
3189,
3190,त्ति बेमि. 
3191,
3192,
3193,
3194,---------------------------------------------------------------------
3195,[सामायारी]
3196,
3197,"सामायारिं पवक्खामि, सव्वदुक्खविमॊक्खणिं"
3198,"जं चरित्ताण निग्गन्था, तिण्णा संसारसागरं // उत्त.१००७"
3199,
3200,"पढमा आवस्सिया नाम, बिइया य निसीहिया"
3201,"आपुच्छणा य तइया, चउत्थी पडिपुच्छणा // उत्त.१००८"
3202,
3203,"पञ्चमी छन्दणा नाम, इच्छाकारो य छट्ठओ"
3204,"सत्तमो मिच्छाकारो उ, तहक्कारो य अट्ठमो // उत्त.१००९"
3205,
3206,"अब्भुट्ठाणं च नवमं, दसमी उवसम्पया"
3207,"सा दसङ्गा साहूणं, सामायारी पवेइया // उत्त.१०१०"
3208,
3209,"गमने आवस्सियं कुज्जा, ठाणे कुज्जा निसीहियं"
3210,"आपुच्छणं सयङ्करणे, परकरणे पडिपुच्छाणं // उत्त.१०११"
3211,
3212,"छन्दणा दव्वजाएणं, इच्छाकारो य सारणे"
3213,"मिच्छाकारो य निन्दाए, तहक्कारो पडिस्सुए // उत्त.१०१२"
3214,
3215,"अब्भुट्ठाणं गुरुपूया, अच्छणे उवसम्पया"
3216,"एवं दुपञ्चसञ्जुत्ता, सामायारी पवेइया // उत्त.१०१३"
3217,
3218,"पुव्विल्लंमि चउब्भाए, आइच्चंमि समुट्ठिइए"
3219,"भण्डयं पडिलेहित्ता, वन्दित्ता य तओ गुरुं // उत्त.१०१४"
3220,
3221,"पुच्छिज्जा पञ्जलिउडो, किं कायव्वं मए इहं?"
3222,"इच्छं निओइउं भन्ते!, वेयावच्चे व सज्झाए // उत्त.१०१५"
3223,
3224,"वेयावच्चे निउत्तेण, कायव्वं अगिलायओ"
3225,"सज्झाए वा निउत्तेण, सव्वदुक्खविमॊक्खणे // उत्त.१०१६"
3226,
3227,"दिवसस्स चउरो भागे, भिक्खु कुज्जा वियक्खणो"
3228,"तओ उत्तरगुणे कुज्जा, दिनभागेसु चउसु वि // उत्त.१०१७"
3229,
3230,"पढमं पोरिसि सज्झायं, बीयं झाणं झियायई"
3231,"तइयाए भिक्खायरियं, पुणो चउत्थीइ सज्झायं // उत्त.१०१८"
3232,
3233,"आसाढे मासे दुपया, पोसे मासे चउप्पया"
3234,"चित्तासोएसु मासेसु, तिप्पया हवइ पोरिसी // उत्त.१०१९"
3235,
3236,"अङ्गुलं सत्तरत्तेणं, पक्खेणं च दुरङ्गुलं"
3237,"वड्ढए हायए वा'वि, मासेणं चउरङ्गुलं // उत्त.१०२०"
3238,
3239,"आसाढबहुले पक्खे, भद्दवए कत्तिए य पोसे य"
3240,"फग्गुणवइसाहेसु य, बॊद्धव्वा ओमरत्ताओ // उत्त.१०२१"
3241,
3242,"जॆठ्ठामुले आसाढसावणे, छहिं अङ्गुलेहिं पडिलेहा"
3243,"अट्ठहि बीइयतयंमि, तइए दस अट्ठहिं चउत्थे // उत्त.१०२२"
3244,
3245,"रतिं पि चउरो भागे, भिक्खू कुज्जा वियक्खणो"
3246,"तओ उत्तरगुणे कुज्जा, राइभाएसु चउसु वि // उत्त.१०२३"
3247,
3248,"पढमं पोरिसि सज्झायं, बीयं झाणं झियायई"
3249,"तइयाए निद्दमॊक्खं तु, चउत्थी भुज्जो वि सज्झायं // उत्त.१०२४"
3250,
3251,"जं नेइ जया रत्तिं, नक्खत्तं तंमि नहचउब्भाए"
3252,"सम्पत्ते विरमॆज्जा, सज्झायं पओसकालंमि // उत्त.१०२५"
3253,
3254,"तम्मेव य नक्खत्ते, गयणं चउब्भाग सावसेसंमि"
3255,"वेरत्तियम्पि कालं, पडिलेहित्ता मुनी कुज्जा // उत्त.१०२६"
3256,
3257,"पुव्विल्लंमि चउब्भाए, पडिलेहित्ताण भण्डयं"
3258,"गुरुं वन्दित्तु सज्झायं, कुज्जा दुक्खविमॊक्खणं // उत्त.१०२७"
3259,
3260,"पोरिसीए चउब्भाए, वन्दित्ताणं तओ गुरुं"
3261,"अपडिक्कमित्ता कालस्स, भायणं पडिलेहए // उत्त.१०२८"
3262,
3263,"मुहपॊत्तिं पडिलेहित्ता, पडिलेहिज्ज गॊच्छगं"
3264,"गॊच्छगलइयङ्गुलिओ, वत्थाइं पडिलेहए // उत्त.१०२९"
3265,
3266,"उड्ढं थिरं अतुरियं, पुव्वं ता वत्थमेव पडिलेहे"
3267,"तो बिइयं पप्फोडे, तइयं च पुणो पमज्जिज्जा // उत्त.१०३०"
3268,
3269,"अनच्चावियं अवलियं, अनानुबन्धिं अमोसलिं चेव"
3270,"छप्पुरिमा नव खोडा, पाणीपाणिविसोहणं // उत्त.१०३१"
3271,
3272,"आरभडा संमद्दा, वज्जेयव्वा य मोसली तइया"
3273,"पप्फोडणा चउत्थी, विक्खित्ता वेइया छट्ठी // उत्त.१०३२"
3274,
3275,"पसिढिलपलम्बलोला, एगामोसा अनेगरूवधुणा"
3276,"कुणइ पमाणि पमायं, सङ्किय गणणोवगं कुज्जा // उत्त.१०३३"
3277,
3278,"अनूनाइरित्तपडिलेहा, अविवच्चासा तहेव य"
3279,"पढमं पयं पसत्थं, सेसाणि उ अप्पसत्थाइं // उत्त.१०३४"
3280,
3281,"पडिलेहणं कुणन्तो, मिहो कहं कुणइ जनवयकहं वा"
3282,"देइ व पच्चक्खाणं, वाएइ सयं पडिच्छइ वा // उत्त.१०३५"
3283,
3284,"पुढवी-आउक्काए, तेऊ-वाऊ-वणस्सइ-तसाणं"
3285,"पडिलेहणा अपमत्तो, छण्हं पि विराहओ होइ // उत्त.१०३६"
3286,
3287,"तइयाए पोरिसीए, भत्तं पानं गवेसए"
3288,"छण्हं अन्नतरागंमि, कारणंमि समुट्ठिए // उत्त.१०३७"
3289,
3290,"वेयण वेयावच्चे, इरियट्ठाए य सञ्जमट्ठाए"
3291,"तह पाणवत्तियाए, छट्ठं पुण धम्मचिन्ताए // उत्त.१०३८"
3292,
3293,"निग्गन्थो धिइमन्तो, निग्गन्थी वि न करॆज्ज छहिं चेव"
3294,"ठाणेहिं उ इमेहिं, अणइक्कमणा य से होइ // उत्त.१०३९"
3295,
3296,"आयङ्के उवसग्गे, तितिक्खया बम्भचेरगुत्तीसु"
3297,"पाणिदया तवहेउं, सरीवॊच्छेयणट्ठाए // उत्त.१०४०"
3298,
3299,"अवसेसं भण्डगं गिज्झा, चक्खुसा पडिलेहए"
3300,"परमद्धजोयणाओ, विहारं विहरे मुनी // उत्त.१०४१"
3301,
3302,"चउत्थीए पोरिसीए, निक्खिवित्ताण भायणं"
3303,"सज्झायं च तओ कुज्जा, सव्वभावविभावणं // उत्त.१०४२"
3304,
3305,"पोरिसीए चउब्भाए, वन्दित्ताण तओ गुरुं"
3306,"पडिक्कमित्ता कालस्स, सॆज्जं तु पडिलेहए // उत्त.१०४३"
3307,
3308,"पासवणुच्चारभूमिं च, पडिलेहिज्जा जयं जई"
3309,"काउस्सग्गं तओ कुज्जा, सव्वदुक्खविमॊक्खणं // उत्त.१०४४"
3310,
3311,"देवसियं च अईयारं, चिन्तिज्जा अनुपुव्वसो"
3312,"नाणे य दंसणे चेव, चरित्तंमि तहेव य // उत्त.१०४५"
3313,
3314,"पारिय काउस्सग्गो, वन्दित्ताण तओ गुरुं"
3315,"देवसियं तु अईयारं, आलोऎज्ज जहक्कम्मं // उत्त.१०४६"
3316,
3317,"पडिक्कमित्ताण निस्सल्लो, वन्दित्ताण तओ गुरुं"
3318,"काउस्सग्गं तओ कुज्जा, सव्वदुक्खविमॊक्खणं // उत्त.१०४७"
3319,
3320,सिद्धाणं सन्थवं किच्चा वन्दित्ताण तओ गुरुं
3321,"थुइमङ्गलं च काऊणं, कालं सम्पडिलेहए // उत्त.१०४८"
3322,
3323,"पढमं पोरिसि सज्झायं, बिइयं झाणं झियायई"
3324,"तइयाए निद्दमॊक्खं तु, सज्झायं तु चउत्थिए // उत्त.१०४९"
3325,
3326,"पोरिसीए चउत्थीए, कालं तु पडिलेहिए"
3327,"सज्झायं तु तओ कुज्जा, अबोहन्तो असञ्जए // उत्त.१०५०"
3328,
3329,"पोरिसीए चउब्भाए, वन्दित्ताण तओ गुरुं"
3330,पडिक्कमित्तु कालस्स कालं तु पडिलेहए // उत्त.१०५१
3331,
3332,"आगए कायवोस्सग्गे, सव्वदुक्खविमॊक्खणे"
3333,"काउस्सग्गं तओ कुज्जा, सव्वदुक्खविमॊक्खणं // उत्त.१०५२"
3334,
3335,"राइयं च अईयारं, चिन्तिज्ज अनुपुव्वसो"
3336,"नाणंमि दंसणंमि य, चरित्तंमि तवंमि य // उत्त.१०५३"
3337,
3338,"पारियकाउस्सग्गो, वन्दित्ताण तओ गुरुं"
3339,"राइयं तु अईयारं, आलोऎज्ज जहक्कम्मं // उत्त.१०५४"
3340,
3341,"पडिक्कमित्तु निस्सल्लो, वन्दित्ताण तओ गुरुं"
3342,"काउस्सग्गं तओ कुज्जा, सव्वदुक्खविमॊक्खणं // उत्त.१०५५"
3343,
3344,"किं तवं पडिवज्जामि?, एवं तत्थ विचिन्तए"
3345,"काउस्सग्गं तु पारित्ता, करिज्जा जिनसन्थवं // उत्त.१०५६"
3346,
3347,"पारियकाउस्सग्गो, वन्दित्ताण तओ गुरुं"
3348,"तवं सम्पडिवज्जॆत्ता, कुज्जा सिद्धाण सन्थवं // उत्त.१०५७"
3349,
3350,"एसा सामायारी, समासेण वियाहिया"
3351,"जं चरित्ता बहू जीवा, तिण्णा संसारसागरं // उत्त.१०५८"
3352,
3353,त्ति बेमि. 
3354,
3355,
3356,
3357,---------------------------------------------------------------------
3358,[खलुङ्किज्जं]
3359,
3360,"थेरे गणहरे गग्गे, मुनी आसि विसारए"
3361,"आइण्णे गणिभावंमि, समाहिं पडिसन्धए // उत्त.१०५९"
3362,
3363,"वहणे वहमाणस्स, कन्तारं अइवत्तई"
3364,"जोगे वहमाणस्स, संसारो अइवत्तई // उत्त.१०६०"
3365,
3366,"खलुङ्के जो उ जोएइ, विहम्माणो किलिस्सई"
3367,"असमाहिं च वेएइ, तॊत्तओ य से भज्जई // उत्त.१०६१"
3368,
3369,"एगं डसइ पुच्छंमि, एगं विन्धइ'भिक्खणं"
3370,"एगो भञ्जइ समिलं, एगो उप्पहपट्ठिओ // उत्त.१०६२"
3371,
3372,"एगो पडइ पासेणं, निवेसइ निविज्जई"
3373,"उक्कुद्दइ उप्फिडइ, सढे बालगवी वए // उत्त.१०६३"
3374,
3375,"माई मुद्धेण पडइ, कुद्धे गच्छइ पडिप्पहं"
3376,"मयलक्खेण चिट्ठई, वेगेण य पहावई // उत्त.१०६४"
3377,
3378,"छिन्नाले छिन्दई सेल्लिं, दुद्दन्तो भञ्जए जुगं"
3379,"से'वि य सुस्सुयाइत्ता, उज्जाहित्ता पलायए // उत्त.१०६५"
3380,
3381,"खलुङ्का जारिसा जॊज्जा, दुस्सीसा वि हु तारिसा"
3382,"जोइया धम्मजाणंमि, भज्जन्ती धिइदुब्बला // उत्त.१०६६"
3383,
3384,"इढ्ढीगारविए एगे, एगे'त्थ रसगारवे"
3385,"सायागारविए एगे, एगे सुचिरकोहणे // उत्त.१०६७"
3386,
3387,"भिक्खा''लसिए एगे, एगे ओमाणभीरुए थद्धे"
3388,"एगे च अनुसासंमि, हेऊहिं कारणेहि य // उत्त.१०६८"
3389,
3390,"सो वि अन्तरभासिल्लो, दोसमेव पकुव्वई"
3391,"आयरियाणं तु वयणं, पडिकूलेइ अभिक्खणं // उत्त.१०६९"
3392,
3393,"न सा ममं वियाणाइ, न वि सा मज्झ दाहिई"
3394,"निग्गया होहिई मन्ने, साहू अन्नो'त्थ वज्जउ // उत्त.१०७०"
3395,
3396,"पेसिया पलिउञ्चन्ति, ते परियन्ति समन्तओ"
3397,"रायवॆट्ठिं च मन्नन्ता, करॆन्ति भिउडिं मुहे // उत्त.१०७१"
3398,
3399,"वाइया सङ्गहिया चेव, भत्तपाणेहिं पोसिया"
3400,"जायपक्खा जहा हंसा, पक्कमन्ति दिसो दिसिं // उत्त.१०७२"
3401,
3402,"अह सारही विचिन्तेइ, खलुङ्केहिं समागओ"
3403,"किं मज्झं दुट्ठसीसेहिं?, अप्पा मे अवसीयई // उत्त.१०७३"
3404,
3405,"जारिसा मम सीसा उ, तारिसा गलिगद्दहा"
3406,"गलिगद्दहे जहित्ताणं, दढं पगिण्हई तवं // उत्त.१०७४"
3407,
3408,"मिउमद्दवसम्पन्नो, गम्भीरो सुसमाहिओ"
3409,"विहरइ महिं महप्पा, सीलभूएण अप्पणा // उत्त.१०७५"
3410,
3411,त्ति बेमि. 
3412,
3413,
3414,
3415,---------------------------------------------------------------------
3416,[मॊक्खमग्गगई]
3417,
3418,"मॊक्खमग्गगइं तच्चं, सुणेह जिनभासियं"
3419,"चउकारणसञ्जुत्तं, नाणदंसणलक्खणं // उत्त.१०७६"
3420,
3421,"नाणं च दंसणं चेव, चरित्तं च तवो तहा"
3422,"एस मग्गु त्ति पन्नत्तो, जिणेहिं वरदंसिहिं // उत्त.१०७७"
3423,
3424,"नाणं च दंसणं चेव, चरित्तं च तवो तहा"
3425,"एयं मग्गमनुप्पत्ता, जीवा गच्छन्ति सुग्गई // उत्त.१०७८"
3426,
3427,"तत्थ पञ्चविहं नाणं, सुयं आभिनिबोहियं"
3428,"ओहिनाणं तु तइयं, मणनाणं च केवलं // उत्त.१०७९"
3429,
3430,"एयं पञ्चविहं नाणं, दव्वाण य गुणाण य"
3431,"पज्जवाणं च सव्वेसिं, नाणं नाणीहिं देसियं // उत्त.१०८०"
3432,
3433,"गुणाणं आसओ दव्वं, एगदव्वस्सिया गुणा"
3434,"लक्खणं पज्जवाणं तु, उभओ अस्सिया भवे // उत्त.१०८१"
3435,
3436,"धम्मो अहम्मो आगासं, कालो पुग्गल-जन्तवो"
3437,"एस लोगो त्ति पन्नत्तो, जिणेहिं वरदंसिहिं // उत्त.१०८२"
3438,
3439,"धम्मो अहम्मो आगासं, दव्वं इक्किक्कमाहियं"
3440,"अनन्ताणि य दव्वाणि, कालो पुग्गलजन्तवो // उत्त.१०८३"
3441,
3442,"गइलक्खणो उ धम्मो, अहम्मो ठाणलक्खणो"
3443,"भायणं सव्वदव्वाणं, नहं ओगाहलक्खणं // उत्त.१०८४"
3444,
3445,"वत्तणालक्खणो कालो, जीवो उवओगलक्खणो"
3446,"नाणेणं दंसणेणं च, सुहेण य दुहेण य // उत्त.१०८५"
3447,
3448,"नाणं च दंसणं चेव, चरित्तं च तवो तहा"
3449,"वीरियं उवओगो य, एयं जीवस्स लक्खणं // उत्त.१०८६"
3450,
3451,"सद्दन्धयार-उज्जोओ, पभा छाया''तवो इ वा"
3452,"वण्णरसगन्धफासा, पुग्गलाणं तु लक्खणं // उत्त.१०८७"
3453,
3454,"एगत्तं च पुहत्तं च, सङ्खा सण्ठाणमेव य"
3455,"सञ्जोगा य विभागा य, पज्जवाणं तु लक्खणं // उत्त.१०८८"
3456,
3457,"जीवा'जीवा य बन्धो य, पुण्णं पावा''सवो तहा"
3458,"संवरो निज्जरा मॊक्खो, सन्तेण तहिया नव // उत्त.१०८९"
3459,
3460,"तहियाणं तु भावाणं, सब्भावे उवएसणं"
3461,"भावेणं सद्दहन्तस्स, सम्मत्तं, तं वियाहियं // उत्त.१०९०"
3462,
3463,"निसग्गुवएसरुई, आणारुई सुत्त-बीयरुइमेव"
3464,"अभिगम-वित्थाररुई, किरिया-सङ्खेव धम्मरुई // उत्त.१०९१"
3465,
3466,"भूयत्थेणाहिगया, जीवा'जीवा य पुण्ण पावं च"
3467,"सह संमुइयासव संवरो, रोएइ उ निस्सग्गो // उत्त.१०९२"
3468,
3469,"जो जिनदिट्ठे भावे, चउव्विहे सद्दहाइ सयमेव"
3470,"एमेव नन्नह त्ति य, स निसग्गरुई त्ति नायव्वो // उत्त.१०९३"
3471,
3472,"एए चेव उ भावे, उवइट्ठे जो परेण सद्दहई"
3473,"छउमत्थेण जिणेण व, उवएसरुइ त्ति नायव्वो // उत्त.१०९४"
3474,
3475,"रागो दोसो मोहो, अन्नाणं जस्स अवगयं होइ"
3476,"आणाए रोयन्तो, सो खलु आणारुई नामं // उत्त.१०९५"
3477,
3478,"जो सुत्तमहिज्जन्तो, सुएण ओगाहई उ सम्मत्तं"
3479,"अङ्गेण बहिरेण व, सो सुत्तरुई त्ति नायव्वो // उत्त.१०९६"
3480,
3481,"एगेण अनेगाइं, पयाइं जो पसरई उ सम्मत्तं"
3482,"उदए व्व तेल्लबिन्दू, सो बीयरुई त्ति नायव्वो // उत्त.१०९७"
3483,
3484,"सो होइ अभिगमरुई, सुयनाणं जस्स अत्थओ दिट्ठं"
3485,"ऎक्कारस अङ्गाइं, पइण्णगं दिट्ठिवाओ य // उत्त.१०९८"
3486,
3487,"दव्वाण सव्वभावा, सव्वपमाणेहिं जस्स उवलद्धा"
3488,"सव्वाहिं नयविहीहिं, वित्थाररुइ त्ति नायव्वो // उत्त.१०९९"
3489,
3490,"दंसणनाणचरित्ते, तवविनए सच्चसमिइगुत्तीसु"
3491,"जो किरियाभावरुई, सो खलु किरियारुई नाम // उत्त.११००"
3492,
3493,"अनभिग्गहियकुदिट्ठी, सङ्खेवरुइ त्ति होइ नायव्वो"
3494,"अविसारओ पवयणे, अणभिग्गहिओ य सेसेसु // उत्त.११०१"
3495,
3496,"जो अत्थिकायधम्मं, सुयधम्मं खलु चरित्तधम्मं च"
3497,"सद्दहइ जिणाभिहियं, सो धम्मरुइ त्ति नायव्वो // उत्त.११०२"
3498,
3499,"परमत्थसन्थवो वा, सुदिट्ठपरमत्थसेवणं वा वि"
3500,"वावन्नकुदंसणवज्जणा, य सम्मत्तसद्दहणा // उत्त.११०३"
3501,
3502,"नत्थि चरित्तं सम्मत्तविहूणं, दंसणे उ भइयव्वं"
3503,"सम्मत्तचरित्ताइं, जुगवं पुव्वं व सम्मत्तं // उत्त.११०४"
3504,
3505,"नादंसणिस्स नाणं, नाणेण विणा न हुन्ति चरणगुणा"
3506,"अगुणिस्स नत्थि मॊक्खो, नत्थि अमॊक्खस्स निव्वाणं // उत्त.११०५"
3507,
3508,निस्सङ्किय-निक्कङ्खिय-निव्वितिगिच्छा अमूढदिट्ठी य
3509,"उववूह थिरीकरणे, वच्छल्ल पभावणे अट्ठ // उत्त.११०६"
3510,
3511,"सामाइय'त्थ पढमं, छेदोवट्ठावणं भवे बीयं"
3512,"परिहारविसुद्धीयं, सुहुमं तह सम्परायं च // उत्त.११०७"
3513,
3514,"अकसायं अहक्खायं, छउमत्थस्स जिनस्स वा"
3515,"एयं चयरित्तकरं, चारित्तं होइ आहियं // उत्त.११०८"
3516,
3517,"तवो य दुविहो वुत्तो, बाहिरं'ब्भन्तरो तहा"
3518,"बाहिरो छव्विहो वुत्तो, एवमब्भिन्तरो तवो // उत्त.११०९"
3519,
3520,"नाणेण जाणई भावे, दंसणेण य सद्दहे"
3521,"चरित्तेण निगिण्हाइ, तवेण परिसुज्झई // उत्त.१११०"
3522,
3523,"खवॆत्ता पुव्वकम्माइं, सञ्जमेण तवेण य"
3524,"सव्वदुक्खपहीणट्ठा, पक्कमन्ति महेसिणो // उत्त.११११"
3525,
3526,त्ति बेमि. 
3527,
3528,
3529,
3530,---------------------------------------------------------------------
3531,[सम्मत्तपरक्कमे]
3532,
3533,"सुयं मे आउसं! तेण भगवया एवमक्खायं. इह खलु सम्मत्तपरक्कमे नाम अज्झयणे समणेणं भगवया महावीरेणं कासवेणं पवेइए, जं सम्मं सद्दहइत्ता पत्तियाइत्ता रोयइत्ता फासित्ता पालइत्ता तीरिता कित्तइत्ता सोहइत्ता आराहित्ता आणाए अनुपालइत्ता बहवे जीवा सिज्झन्ति बुज्झन्ति मुच्चन्ति परिनिव्वायन्ति सव्वदुक्खाणमन्तं करॆन्ति."
3534,
3535,"तस्स णं अयमट्ठे एवम्माहिज्जइ, तं जहाः- संवेगे, निव्वेए, धम्मसद्धा, गुरुसाहम्मियसुस्सूसणया, आलोयणया, निन्दणया, गरिहणया, सामाइए, चउव्वीसत्थए, वन्दणए, पडिक्कमणे, काउस्सग्गे, पच्चक्खाणे, थयथुईमङ्गले, कालपडिलेहणया, पायच्छित्तकरणे, खमावयणया, सज्झाए, वायणया, पडिपुच्छणया, परियट्टणया, अणुप्पेहा, धम्मकहा, सुयस्स आराहणया, एगग्गमनसंनिवेसणया, सञ्जमे, तवे, वोदाणे, सुहसाए, अप्पडिबद्धया, विवित्तसयणासणसेवणया, विणियट्टणया, सम्भोगपच्चक्खाणे, उवहिपच्चक्खाणे, आहारपच्चक्खाणे,.... कसायपच्चक्खाणे, जोगपच्चक्खाणे, सरीरपच्चक्खाणे, सहायपच्चक्खाणे, भत्तपच्चक्खाणे, सब्भावपच्चक्खाणे, पडिरूवणया, वेयावच्चे, सव्वगुणसम्पन्नया, वीयरागया, खन्ती, मुत्ती, मद्दवे, अज्जवे, भावसच्चे, करणसच्चे, जोगसच्चे, मनगुत्तया, वयगुत्तया, कायगुत्तया, मनसमाधारणया, वयसमाधारणया, कायसमाधारणया, नाणसम्पन्नया, दंसणसम्पन्नया, चरित्तसम्पन्नया, सोइन्दियनिग्गहे, चक्खिन्दियनिग्गहे, घाणिन्दियनिग्गहे, जिब्भिन्दियनिग्गहे, फासिन्दियनिग्गहे, कोहविजए, मानविजए, मायाविजए, लोहविजए, पॆज्जदोसमिच्छादंसणविजए, सेलेसी, अकम्मया."
3536,
3537,संवेगेणं भन्ते! जीवे किं जणयइ? संवेगेणं अनुत्तरं धम्मसद्धं जणयइ. अनुत्तराए धम्मसद्धाए संवेगं हव्वमागच्छइ. अनन्तानुबन्धिकोहमानमायालॊभे खवेइ. नवं च कम्मं न बन्धइ. तप्पच्चइयं च णं मिच्छत्तविसोहिं काऊण दंसणाराहए भवइ. दंसणविसोहीए य णं विसुद्धाए अत्थेगइए तेणेव णं भवग्गहणेणं सिज्झन्ति बुज्झन्ति विमुच्चन्ति परिनिव्वायन्ति सव्वदुक्खाणमन्तं करॆन्ति. विसोहीए य णं विसुद्धाए तच्चं पुणो भवग्गहणं नाइक्कमइ.
3538,
3539,"निव्वेएणं भन्ते जीवे किं जणयइ? निव्वेएणं दिव्वमाणुस तेरिच्छिएसु कामभोगेसु निव्वेयं हव्वमागच्छइ. सव्वविसएसु विरज्जइ. सव्वविसएसु विरज्जमाणे आरम्भपरिच्चायं करेइ. आरम्भपरिच्चाय करेमाणे संसारमग्गं वॊच्छिन्दइ, सिद्धिमग्गं पडिवन्ने य हवइ."
3540,
3541,धम्मसद्धाए णं भन्ते! जीवे किं जणयइ? धम्मसद्धाए णं सायासॊक्खेसु रज्जमाणे विरज्जइ. आगारधम्मं च णं चयइ अनगारिए णं जीवे सारीरमानसाणं दुक्खाणं छेयणभेयण सञ्जोगाईणं वॊच्छेयं करेइ अव्वाबाहं च सुहं निव्वत्तेइ.
3542,
3543,"गुरुसाहम्मियसुस्सूसणाए णं भन्ते! जीवे किं जणयइ? गुरुसाहम्मियसुस्सूसणाए णं विनयपडिवत्तिं जणयइ. विनयपडिवन्ने य णं जीवे अनच्चासायणसीले नेरइयतिरिक्खजोणिय मणुस्सदेव-दुग्गईओ निरुम्भई. वण्णसञ्जलणभत्तिबहुमानयाए माणुस्सदेवगईओ निबन्धई, सिद्धिं सॊग्गइं च विसोहेइ. पसत्थाइं च णं विनयमूलाइं सव्वकज्जाइं साहेइ. अन्ने य बहवे जीवे विणिइत्ता भवइ."
3544,
3545,आलोयणाए णं भन्ते! जीवे किं जणयइ? आलोयणाए णं मायानियाण-मिच्छादंसण-सल्लाणं मॊक्खमग्गविग्घाणं अनन्तसंसारबन्धणाणं उद्धरणं करेइ. उज्जुभावं च जणयइ. उज्जुभाव-पडिवन्ने य णं जीवे अमाई इत्थीवेयं नपुंसगवेयं च न बन्धइ. पुव्वबद्धं च णं निज्जरेइ.
3546,
3547,निन्दणयाए णं भन्ते! जीवे किं जणयइ? निन्दणयाए णं पच्छाणुतावं जणयइ. पच्छाणुतावेणं विरज्जमाणे करणगुणसॆढिं पडिवज्जइ. करणगुणसॆढीपडिवन्ने य णं अनगारे मोहणिज्जं कम्मं उग्घाएइ.
3548,
3549,"गरहणयाए णं भन्ते! जीवे किं जणयइ? गरहणयाएणं अपुरक्कारं जणयइ. अपुरक्कारगए णं जीवे अप्पसत्थेहिन्तो जोगेहिन्तो नियत्तेइ, पसत्थे य पडिवज्जइ. पसत्थजोगं पडिवन्ने य णं अनगारे अनन्तघाइपज्जवे खवेइ."
3550,
3551,सामाइएणं भन्ते! जीवे किं जणयइ? सामाइएणं सावज्जजोगविरइं जणयइ.
3552,
3553,चउव्वीसत्थएणं भन्ते! जीवे किं जणयइ? चउवीसत्थएणं दंसणविसोहिं जणयइ.
3554,
3555,वन्दनएणं भन्ते! जीवे किं जणयइ? वन्दणएणं नीयागोयं कम्मं खवेइ. उच्चागोयं कम्मं निबन्धइ. सोहग्गं च णं अपडिहयं आणाफलं निव्वत्तेइ. दाहिणभावं च णं जणयइ.
3556,
3557,पडिक्कमणेणं भन्ते! जीवे किं जणयइ? पडिक्कमणेणं वयछिद्दाणि पिहेइ. पिहियवयछिद्दे पुण जीवे निरुद्धासवे असबलचरित्ते अट्ठसु पवयणमायासु उवउत्ते अपुहत्ते सुप्पणिहिए विहरइ.
3558,
3559,काउसग्गेणं भन्ते! जीवे किं जणयइ? काउ० तीयपडुप्पन्नं पायच्छित्तं विसोहेइ. विसुद्धपायच्छित्ते य जीवे निव्वुयहियए ओहरियभरुव्वं भारवहे पसत्थज्झाणोवगए सुहं सुहेणं विहरइ.
3560,
3561,पच्चक्खाणेणं भन्ते! जीवे किं जणयइ? पच्चक्खाणेणं आसवदाराइं निरुम्भइ. पच्चक्खाणेणं इच्छानिरोहं जणयइ इच्छानिरोहं गए य णं जीवे सव्वदव्वेसु विनीयतण्हे सीइभूए विहरई.
3562,
3563,थयथुइमङ्गलेणं भन्ते! जीवे किं जणयइ? थयथुइमङ्गलेणं नाणदंसणचरित्तबोहिलाभं जणयइ. नाण-दंसणचरित्तबोहिलाभसम्पन्ने य णं जीवे अन्तकिरियं कप्पविमाणोववत्तिगं आराहणं आराहेइ.
3564,
3565,कालपडिलेहणयाए णं भन्ते! जीवे किं जणयइ? कालपडिलेहणयाए नाणावरणिज्जं कम्मं खवेइ.
3566,
3567,"पायच्छित्तकरणेणं भन्ते! जीवे किं जणयइ? पायच्छित्त करणेणं पावकम्मविसोहिं जणयइ. निरइयारे आवि भवइ. सम्मं च णं पायच्छित्तं पडिच्छित्तं पडिवज्जमाणे मग्गं च मग्गफलं च विसोहेइ, आयारं च आयारफलं च आराहेइ."
3568,
3569,खमावणयाए णं भन्ते! जीवे किं जणयइ? खमावणयाए णं पल्हायणभावं जणयइ । पल्हायणभावमुवगए य सव्वपाणभूयजीवसत्तेसु मित्तीभावं उप्पाएइ मित्तीभावमुवगए यावि जीवे भावविसोहिं काऊण निब्भए भवइ.
3570,
3571,सज्झाएणं भन्ते! जीवे किं जणयइ? सज्झाएणं नाणावरणिज्जं कम्मं खवेइ.
3572,
3573,"वायणाए णं भन्ते जीवे किं जणयइ? वायणाए निज्जरं जणयइ. सुयस्स य अनुसज्जणाए अनासायणे, वट्टए. सुयस्स अनुसज्जणाए अनासायणाए वट्टमाणे तित्थधम्मं अवलम्बइ. तित्थ धम्मं अवलम्बमाणे महानिज्जरे महापज्जवसाणे भवइ."
3574,
3575,पडिपुच्छणयाए णं भन्ते! जीवे किं जणयइ? पडिपुच्छणाए णं सुत्तत्थ तदुभयाइं विसोहेइ. कङ्खामोहणिज्जं कम्मं वॊच्छिन्दइ.
3576,
3577,"परियट्टणाए णं भन्ते! जीवे किं जणयइ? परियट्टणाए णं वञ्जणाइं जणयइ, वञ्जणलद्धिं च उप्पाइए."
3578,
3579,"अणुप्पेहाए णं भन्ते! जीवे किं जणयइ? अणुप्पेहाए आउयवज्जाओ सत्तकम्मप्प-गडीओ घणियबन्धणबद्धाओ सिढिलबन्धणबद्धाओ पकरेइ. दीहकालट्ठिइयाओ हस्सकालट्ठिइयाओ पकरेइ. तिव्वाणुभावाओ मन्दाणुभावाओ पकरेइ. बहुपएसग्गाओ अप्पपएसग्गाओ पकरेइ, आउयं च णं कम्मं सिया बन्धइ, सिय नो बन्धइ. असायावेयणिज्जं च णं कम्मं नो भुज्जो भुज्जो उवचिणाइ. अनाइयं च णं अनवदग्गं दीहमद्धं चाउरन्त संसारकन्तारं खिप्पामेव वीइवयइ."
3580,
3581,धम्मकहाए णं भन्ते! जीवे किं जणयइ? धम्मकहाए णं कम्म-निज्जरं जणयइ. धम्मकहाए णं पवयणं पभावेइ. पवयण पभावेणं जीवे आगमेसस्स भद्दत्ताए कम्मं निबन्धइ.
3582,
3583,सुयस्स आराहणयाए णं भन्ते! जीवे किं जणयइ? सुयस्स आराहणाए णं अन्नाणं खवेइ न य सङ्किलिस्सइ.
3584,
3585,एगग्गमनसंनिवेसणयाए णं भन्ते! जीवे किं जणयइ? एगग्गमन-संनिवेसणयाए णं चित्तनिरोहं करेइ.
3586,
3587,सञ्जमेणं भन्ते! जीवे किं जणयइ? सञ्जमेणं अणण्हयत्तं जणयइ.
3588,
3589,तवेणं भन्ते! जीवे किं जणयइ? तवेणं वोदाणं जणयइ.
3590,
3591,"वोदाणेणं भन्ते! जीवे किं जणयइ? वोदाणेणं अकिरियं जणयइ. अकिरियाए भवित्ता तओ पच्छा सिज्झइ, बुज्झइ, मुच्चइ परिनिव्वायइ सव्वदुक्खाणमन्तं करेइ."
3592,
3593,सुहसाएणं भन्ते! जीवे किं जणयइ? सुहसाएणं अणुस्सुयत्तं जणयइ. अणुस्सुयाए णं जीवे अनुकम्पाए अणुब्भडे विगयसोगे चरित्तमोहणिज्जं कम्मं खवेइ.
3594,
3595,अप्पडिबद्धयाए णं भन्ते जीवे किं जणयइ? अप्पडिबद्धयाए निस्सङ्ग्गत्तं जणयइ. निस्सङ्गत्तेणं जीवे एगे एगग्गचित्ते दिया य राओ य असज्जमाणे अप्पडिबद्धे यावि विहरइ.
3596,
3597,विवित्तसयणासणयाए णं भन्ते! जीवे किं जणयइ? विवित्तसयणासणयाए णं चरित्तगुत्तिं जणयइ. चरित्तगुत्ते य णं जीवे विवित्ताहारे दढचरित्ते एगन्तरए मॊक्खभावपडिवन्ने अठ्ठविहं कम्मगण्ट्ठिं निज्जरेइ.
3598,
3599,विनियट्टणयाए णं भन्ते! जीवे किं जणयइ? विनियट्टणयाएणं पावकम्माणं अकरणयाए अब्भुट्ठेइ. पुव्वबद्धाण य निज्जरणयाए पावं नियत्तेइ. तओ पच्छा चाउरन्त संसारकन्तारं वीईवयइ.
3600,
3601,"सम्भोगपच्चक्खाणेणं भन्ते! जीवे किं जणयइ? सम्भोग पच्चक्खाणे णं आलम्बणाइं खवेइ. निरालम्बणस्स य आययट्ठिया योगा भवन्ति. सएणं लाभेणं सन्तूस्सइ, परलाभं नो आसादेइ, नो तक्केइ, नो पीहेइ, नो पत्थेइ, नो अभिलसइ. परलाभं अणास्सायमाणे अतक्केमाणे अपीहेमाणे अपत्थेमाणे अनभिलसमाणे दुच्चं सुहसॆज्जं उवसम्पज्जित्ता णं विहरइ."
3602,
3603,उवहिपच्चक्खाणेणं भन्ते! जीवे किं जणयइ? उवहिपच्चक्खाणेणं अपलिमन्थं जणयइ. निरुवहिए णं जीवे निक्कङ्खे उवहिमन्तरेण य न सङ्किलिस्सई.
3604,
3605,आहारपच्चक्खाणेणं भन्ते! जीवे किं जणयइ? आहार पच्चक्खाणेणं जीविया-संसप्पओगं वॊच्छिन्दइ. जीवियासंसप्पओगं वॊच्छिन्दित्ता जीवे आहारमन्तरेणं न सङ्किलिस्सइ.
3606,
3607,कसायपच्चक्खाणेणं भन्ते! जीवे किं जणयइ? कसाय पच्चक्खाणेणं वीयरागभावं जणयइ. वीयरागभावं पडिवन्ने'वि य णं जीवे समसुहदुक्खे भवइ.
3608,
3609,"जोगपच्चक्खाणेणं भन्ते! जीवे किं जणयइ? जोगपच्चक्खाणेणं अजोगत्तं जणयइ । अजोगी णं जीवे नवं कम्मं न बन्धइ, पुव्वबद्धं च निज्जरेइ."
3610,
3611,सरीरपच्चक्खाणेणं भन्ते! जीवे किं जणयइ? सरीर पच्चक्खाणेणं सिद्धाइ सयगुणकित्तणं निव्वत्तेइ. सिद्धाइ सयसगुणसम्पन्ने य णं जीवे लोगग्गमुवगए परमसुही भवइ.
3612,
3613,सहायपच्चक्खाणेणं भन्ते! जीवे किं जणयइ? सहायपच्चक्खाणे णं एगीभावं जणयइ । एगीभावभूए य जीवे एगत्तं भावेमाणे अप्पसद्दे अप्पझञ्झे अप्पकलहे अप्पकसाए अप्पतुमन्तुमे सञ्जमबहुले संवरबहुले समाहिए यावि भवइ.
3614,
3615,भत्तपच्चक्खाणेणं भन्ते! जीवे किं जणयइ? भत्तपच्चक्खाणेणं अनेगाइं भवसयाइं निरुम्भइ.
3616,
3617,"सब्भावपच्चक्खाणेणं भन्ते! जीवे किं जणयइ? सब्भाव पच्चक्खाणे णं अनियट्टिं जणयइ. अनियट्टिं पडिवन्ने य अनगारे चत्तारि केवलिकम्मंसे खवेइ, तं जहा- वेयणिज्जं आउयं नामं गोयं, तओ पच्छा सिज्झइ बुज्झइ मुच्चइ सव्वदुक्खाणमन्तं करेइ."
3618,
3619,पडिरूवयाए णं भन्ते! जीवे किं जणयइ? पडिरूवयाए णं लाघवियं जणयइ. लघुभूए णं जीवे अप्पमत्ते पागडलिङ्गे पसत्थलिङ्गे विसुद्धसम्मत्ते सत्तसमिइसमत्ते सव्वपाणभूयजीवसत्तेसु वीससणिज्जरूवे अप्पडिलेहे जिइन्दिए विउलतवसमिइसमन्नागए यावि भवइ.
3620,
3621,वेयावच्चेणं भन्ते! जीवे किं जणयइ? वेयावच्चेणं तित्थयरनामकम्मं निबन्धइ.
3622,
3623,सव्वगुणसम्पन्नयाए णं भन्ते! जीवे किं जणयइ? सव्वगुणसम्पन्नयाए अपुनरावत्तिं जणयइ. अपुनरावत्तिं पत्तए य णं जीवे सारीरमानसाणं दुक्खाणं नो भागी भवइ.
3624,
3625,"वीयरागयाए णं भन्ते जीवे किं जणयइ?० नेहाणुबन्धणाणि तण्हाणुबन्धणाणि य वॊच्छिन्दइ, मणुन्नामणुन्नेसु सद्दफरिसरूवरसगन्धेसु सच्चित्ताचित्तमीसएसु चेव विरज्जइ."
3626,
3627,खन्तीए णं भन्ते! जीवे किं जणयइ? खन्तीए णं परीसहे जिणइ.
3628,
3629,मुत्तीए णं भन्ते! जीवे किं जणयइ? मुत्तीए णं अकिञ्चणं जणयइ. अकिञ्चणे य जीवे अत्थलोलाणं पुरिसाणं अपत्थणिज्जो भवइ.
3630,
3631,अज्जवयाए णं भन्ते! जीवे किं जणयइ? अज्जवयाए णं काउज्जुययं भावुज्जुययं भासुज्जुययं अविसंवायणं जणयइ. अविसंवायणसम्पन्नयाए णं जीवे धम्मस्स आराहए भवइ.
3632,
3633,मद्दवयाए णं भन्ते! जीवे किं जणयइ? मद्दवयाए णं अनुस्सियत्तं जणयइ. अनुस्सियत्तेण जीवे मिउमद्दवसम्पन्ने अट्ठ मयट्ठाणाइं निट्ठावेइ.
3634,
3635,भावसच्चेणं भन्ते! जीवे किं जणयइ? भावसच्चेणं भावविसोहिं जणयइ. भावविसोहिए वट्टमाणे जीवे अरहन्तपन्नत्तस्स धम्मस्स आराहणयाए अब्भुट्ठेइ. अरहन्त पन्नत्तस्स धम्मस्स आराहणयाए अब्भुट्ठित्ता परलोगधम्मस्स आराहए भवइ.
3636,
3637,करणसच्चेणं भन्ते! जीवे किं जणयइ? करणसच्चेणं करणसत्तिं जणयइ. करणसच्चे वट्टमाणे जीवे जहावाई तहाकारी यावि भवइ.
3638,
3639,जोग सच्चेणं भन्ते! जीवे किं जणयइ? जोगसच्चेणं जोगं विसोहेइ.
3640,
3641,मनगुत्तयाए णं भन्ते! जीवे किं जणयइ? मणगुत्तयाए जीवे एगग्गं जणयइ. एगग्गचित्ते णं जीवे मणगुत्ते सञ्जमाराहए भवइ.
3642,
3643,वयगुत्तयाए णं भन्ते! जीवे किं जणयइ? वयगुत्तयाए निव्वियारं जणयइ. निव्वियारे णं जीवे वइगुत्ते अज्झप्पजोगसाहणजुत्ते यावि विहरइ.
3644,
3645,कायगुत्तयाए णं भन्ते! जीवे किं जणयइ? कायगुत्तयाए संवरं जणयइ. संवरेणं कायगुत्ते पुणो पावासवनिरोहं करेइ.
3646,
3647,"मनसमाहारणयाए णं भन्ते! जीवे किं जणयइ? मनसमाहारणयाए एगग्गं जणयइ. एगग्गं जणइत्ता नाणपज्जवे जणयइ. नाणपज्जवे जणइत्ता सम्मत्तं विसोहेइ, मिच्छत्तं च निज्जरेइ."
3648,
3649,"वइसमाहारणयाए णं भन्ते! जीवे किं जणयइ? वइसमाहार० णं वइसमाहारणं दंसण-पज्जवे विसोहेइ. वइसमा०दंसणपज्जवे विसोहित्ता सुलहबोहियत्तं निव्वत्तेइ, दुल्लहबोहियत्तं निज्जरेइ."
3650,
3651,कायसमाहारणयाए णं भन्ते जीवे किं जणयइ? कायसमाहारणयाए णं चरित्तपज्जवे विसोहेइ. चरित्तपज्जवे विसोहिता अहक्खायचरित्तं विसोहेइ. अहक्खायचरित्तं विसोहेता चत्तारि केवलिकम्मंसे खवेइ. तओ पच्छा सिज्झइ बुज्झइ मुच्चइ परिनिव्वायइ सव्वदुक्खाणमन्तं करेइ.
3652,
3653,"नाणसम्पन्नयाए णं भन्ते! जीवे किं जणयइ? नाणसम्पन्नयाए णं जीवे सव्वभा-वाहिगमं जणयइ. नाणसम्पन्ने णं जीवे चाउरन्ते संसारकन्तारे न विणस्सइ. नाणविनय- तवचरित्तजोगे सम्पाउणइ, ससमयपरसमयविसारए य असन्धायणिज्जे भवइ."
3654,
3655,जहा सूइ ससुत्ता पडिया वि न विनस्सइ
3656,तहा जीवे ससुत्ते संसारे न विनस्सइ // उत्त.११७३
3657,
3658,"दंसणसम्पन्नयाए णं भन्ते! जीवे किं जणयइ? दंसण सम्पन्नयाए णं भवमिच्छत्त छेयणं करेइ, परं न विज्झायइ. परं अविज्झाएमाणे अनुत्तरेणं नाणदंसणेणं अप्पाणं सञ्जोएमाणे सम्मं भावेमाणे विहरइ."
3659,
3660,चरित्तसम्पन्नयाए णं भन्ते! जीवे किं जणयइ? चरित्त सम्पन्नयाए णं सेलेसीभावं जणयइ. सेलेसिं पडिवन्ने य अनगारे चत्तारि केवलिकम्मंसे खवेइ. तओ पच्छा सिज्झइ बुज्झइ मुच्चइ परिनिव्वायइ सव्वदुक्खाणमन्त करेइ.
3661,
3662,"सोइन्दियनिग्गहेणं भन्ते! जीवे किं जणयइ? सोइन्दिय निग्गहेणं मणुन्नामणुन्नेसु सद्देसु रागदोसनिग्गहं जणयइ. तप्पच्चइयं कम्मं न बन्धइ, पुव्वबद्धं च निज्जरेइ."
3663,
3664,"चक्खिन्दियनिग्गहेणं भन्ते! जीवे किं जणयइ? चक्खिन्दियनिग्गहेणं मणुन्ना-मणुन्नेसु रूवेसु रागदोसनिग्गहं जणयइ. तप्पच्चइयं कम्मं न बन्धइ, पुव्वबद्धं च निज्जरेइ."
3665,
3666,"घाणिन्दिय निग्गहेणं भन्ते! जीवे किं जणयइ? घाणिन्दियनिग्गहेणं मणुन्ना-मणुन्नेसु गन्धेसु रागदोसनिग्गहं जणयइ, तपच्चइयं कम्मं न बन्धइ, पुव्वबद्धं च निज्जरेइ."
3667,
3668,"जिब्भिन्दियनिग्गहेणं भन्ते! जीवे किं जणयइ? जिब्भिन्दियनिग्गहेणं मणुन्ना मणुन्नेसु रसेसु रागदोसनिग्गहं जणयइ, तप्पच्चइयं कम्मं न बन्धइ, पुव्वबद्धं च निज्जरेइ."
3669,
3670,"फासिन्दियनिग्गहेणं भन्ते! जीवे किं जणयइ? फासिन्दियनिग्गहेणं मणुन्नामणुन्नेसु फासेसु रागदोसनिग्गहं जणयइ, तप्पच्चइयं कम्मं न बन्धइ, पुव्वबद्धं च निज्जरेइ."
3671,
3672,"कोहविजएणं भन्ते! जीवे किं जणयइ? कोहविजएणं खन्तिं जणयइ, कोहवेयणिज्जं कम्मं न बन्धइ, पुव्वबद्धं च निज्जरेइ."
3673,
3674,"मानविजएणं भन्ते! जीवे किं जणयइ? मानविजएणं मद्दवं जणयइ, मानवेयणिज्जं कम्मं न बन्धइ, पुव्वबद्धं च निज्जरेइ."
3675,
3676,"मायाविजएणं भन्ते! जीवे किं जणयइ? मायाविजएणं अज्जवं जणयइ. मायावेयणिज्जं कम्मं न बन्धइ, पुव्वबद्धं च निज्जरेइ."
3677,
3678,"लॊभविजएणं भन्ते! जीवे किं जणयइ? लॊभविजएणं सन्तोसं जणयइ, लॊभवेयणिज्जं कम्मं न बन्धइ, पुव्वबद्धं च निज्जरेइ."
3679,
3680,"पिज्जदोसमिच्छादंसणविजएणं भन्ते! जीवे किं जणयइ? पिज्जदोसमिच्छा-दंसणविजएणं नाणदंसणचरित्ताराहणयाए अब्भुट्ठेइ. अट्ठविहस्स कम्मस्स कम्मगिण्ठिविमोयणयाए तप्पढ-मयाए जहाणुपुव्वीए अट्ठावीसइविहं मोहणिज्जं कम्मं उग्घाएइ, पञ्चविहं नाणावरणिज्जं, नवविहं दंसणा-वरणिज्जं, पञ्चविहं अन्तराइयं, एए तिन्नि वि कम्मंसे जुगवं खवेइ. तओ पच्छा अनुत्तरं कसिणं पडिपुण्णं निरावरणं वितिमिरं विसुद्धं लोगालोगप्पभासगं केवलवरनाणदंसणं समुप्पाडेइ जाव सजोगी भवइ, ताव ईरियावहियं कम्मं निबन्धइ सुहफरिसं दुसमयठिईयं. तं पढमसमए बद्धं, बिइयसमए वेइयं, तइयसमए निज्जिण्णं, तं बद्धं पुट्ठं उदीरियं वेइयं निज्जिण्णं, सेयाले य अकम्मं चावि भवइ."
3681,
3682,"अह आउयं पालइत्ता अन्तोमुहुत्तद्धावसेसाए जोगनिरोहं करेमाणं सुहुमकिरियं अप्पडिवाइं सुक्कज्झाणं झायमाणे तप्पढमयाए मणजोगं निरुम्भइ, वइजोगं निरुम्भइ, कायजोगं निरुम्भइ, आनपान निरोहं करेइ, ईसिपञ्चरहस्सक्खरुच्चारणट्ठाए य णं अनगारे समुच्छइन्नकिरियं अनियट्टि-सुक्कज्झाणं झियायमाणे वेयणिज्जं आउयं नामं गॊत्तं च एए चत्तारि वि कम्मंसे जुगवं खवेइ."
3683,
3684,तओ ओरालियं कम्माइं सव्वाहिं विप्पजहणाहिं विप्पजहित्ता उज्जुसॆढिपत्ते अफुसमाणगई उड्ढं एगसमएणं अविग्गहेणं तत्थ गन्ता सागरोवउत्ते सिज्झइ बुज्झइ जाव अन्तं करेइ.
3685,
3686,एस खलु सम्मत्तपरक्कमस्स अज्झयणस्स अट्ठे समणेणं भगवया महावीरेणं आघविए पन्नविए परूविए दंसिए उवदंसिए.
3687,
3688,त्ति बेमि. 
3689,
3690,
3691,
3692,---------------------------------------------------------------------
3693,[तवमग्गगई]
3694,
3695,"जहा उ पावगं कम्मं, रागदोससमज्जियं"
3696,"खवेइ तवसा भिक्खू, तमेगग्गमणो सुणे // उत्त.११८९"
3697,
3698,"पाणिवहमुसावाया, अदत्तमेहुणपरिग्गहा विरओ"
3699,"राईभोयणविरओ, जीवो भवइ अनासवो // उत्त.११९०"
3700,
3701,"पञ्चसमिओ तिगुत्तो, अकसाओ जिइन्दिओ"
3702,"अगारवो य निस्सल्लो, जीवो होइ अनासवो // उत्त.११९१"
3703,
3704,"एएसिं तु विवज्जासे, रागदोससमज्जियं"
3705,"खवेइ उ जहा भिक्खू, तमेगग्गमणो सुण // उत्त.११९२"
3706,
3707,"जहा महातलायस्स, सन्निरुद्धे जलागमे"
3708,"उस्सिञ्चणाए तवणाए, कमेणं सोसणा भवे // उत्त.११९३"
3709,
3710,"एवं तुं सञ्जयस्सावि, पावकम्मनिरासवे"
3711,"भवकोडीसञ्चियं कम्मं, तवसा निज्जरिज्जइ // उत्त.११९४"
3712,
3713,"सो तवो दुविहो वुत्तो, बाहिर'ब्भन्तरो तहा"
3714,"बाहिरो छव्विहो वुत्तो, एवमब्भिन्तरो तवो // उत्त.११९५"
3715,
3716,"अनसनमूणोयरिया, भिक्खायरिया य रसपरिच्चाओ"
3717,कायकिलेसो संलीणया य बज्झो तवो होइ // उत्त.११९६
3718,
3719,"इत्तरिय मरणकाला य, अनसना दुविहा भवे"
3720,"इत्तरिय सावकङ्खा, निरवकङ्खा उ बिइज्जिया // उत्त.११९७"
3721,
3722,"जो सो इत्तरियतवो, सो समासेण छव्विहो"
3723,"सॆढितवो पयरतवो, घनो य तह होइ वग्गो य // उत्त.११९८"
3724,
3725,"तत्तो य वग्गवग्गो, पञ्चमो छट्ठओ पइण्णतवो"
3726,"मनइच्छियचित्तत्थो, नायव्वो होइ इत्तरिओ // उत्त.११९९"
3727,
3728,"जा सा अनसना मरणे, दुविहा सा वियाहिया"
3729,"सवियारमवियारा, कायचिट्ठं पई भवे // उत्त.१२००"
3730,
3731,"अहवा सपरिकम्मा, अपरिकम्मा य आहिया"
3732,"नीहारिमनीहारी, आहारच्छेअओ दोसु वि // उत्त.१२०१"
3733,
3734,"ओमोयरणं पञ्चहा, समासेण वियाहियं"
3735,"दव्वओ खॆत्तकालेणं, भावेणं पज्जवेहि य // उत्त.१२०२"
3736,
3737,"जो जस्स उ आहारो, तत्तो ओमं तु जो करे"
3738,"जहन्नेणेगसित्थाई, एवं दव्वेण ऊ भवे // उत्त.१२०३"
3739,
3740,गामे नगरे तह रायहाणि निगमे य आगरे पल्ली
3741,खेडे कब्बड दोणमुह पट्टण मडम्ब सम्बाहे // उत्त.१२०४
3742,
3743,"आसमपए विहारे, संनिवेसे समायघोसे य"
3744,"थलिसेनाखन्धारे, सत्थे संवट्टकॊट्टे य // उत्त.१२०५"
3745,
3746,"वाडेसु व रत्थासु य, घरेसु वा एवमित्तियं खॆत्तं"
3747,"कप्पइ उ एवमाई, एवं खॆत्तेण उ भवे // उत्त.१२०६"
3748,
3749,"पेडा य अद्धपेडा, गोमुत्ति पयङ्गविहिया चेव"
3750,सम्बुक्कावट्टाय य गन्तुं पच्चागया छट्ठा // उत्त.१२०७
3751,
3752,"दिवसस्स पोरुसीणं, चउण्हम्पि उ जत्तिओ भवे कालो"
3753,"एवं चरमाणो खलु, कालोमाणं मुणेयव्वं // उत्त.१२०८"
3754,
3755,"अहवा तइयाए पोरिसीए, ऊणाइ घासमेसन्तो"
3756,"चऊभागूणाए वा, एवं कालेण ऊ भवे // उत्त.१२०९"
3757,
3758,"इत्थी वा पुरिसो वा, अलङ्किओ वा नालङ्किओ वावि"
3759,"अन्नयरवयत्थो वा, अन्नयरेणं व वत्थेणं // उत्त.१२१०"
3760,
3761,"अन्नेण विसेसेणं, वण्णेणं भावमनुमुयन्ते उ"
3762,"एवं चरमाणा खलु, भावोमाणं मुणेयव्वं // उत्त.१२११"
3763,
3764,दव्वे खॆत्ते काले भावंमि य आहिया उ जे भावा
3765,"एएहि ओमचरओ, पज्जवचरओ भवे भिक्खू // उत्त.१२१२"
3766,
3767,"अट्ठविहगोयरग्गं तु, तहा सत्तेव एसणा"
3768,"अभिग्गहा य जे अन्ने, भिक्खायरियमाहिया // उत्त.१२१३"
3769,
3770,"खीरदहिसप्पिमाई, पणीयं पानभोयणं"
3771,"परिवज्जणं रसाणं तु, भणियं रसविवज्जणं // उत्त.१२१४"
3772,
3773,"ठाणा वीरासणाईया, जीवस्स उ सुहावहा"
3774,"उग्गा जहा धरिज्जन्ति, कायकिलेसं तमाहियं // उत्त.१२१५"
3775,
3776,"एगन्तं अनावाए, इत्थीपसु विवज्जिए"
3777,"सयनासन सेवणया, विवित्त सयनासनं // उत्त.१२१६"
3778,
3779,"एसो बाहिरगं तवो, समासेण वियाहिओ"
3780,"अब्भिन्तरं तवं ऎत्तो, वुच्छामि अनुपुव्वसो // उत्त.१२१७"
3781,
3782,"पायच्छित्तं विनओ, वेयावच्चं तहेव सज्झाओ"
3783,"झाणं च विउस्सग्गो, एसो अब्भिन्तरो तवो // उत्त.१२१८"
3784,
3785,"आलोयणारिहाईयं, पायच्छित्तं तु दसविहं"
3786,"जं भिक्खू वहई सम्मं, पायच्छित्तं तमाहियं // उत्त.१२१९"
3787,
3788,"अब्भुट्ठाणं अञ्जलिकरणं, तहेवासनदायणं"
3789,"गुरुभत्तिभावसुस्सूसा, विनओ एस वियाहिओ // उत्त.१२२०"
3790,
3791,आयरियमाईयंमि वेयावच्चो य दसविहे
3792,"आसेवणं जहाथामं, वेयावच्चं तमाहियं // उत्त.१२२१"
3793,
3794,"वायणा पुच्छणा चेव, तहेव परियट्टणा"
3795,"अणुप्पेहा धम्मकहा, सज्झाओ पञ्चहा भवे // उत्त.१२२२"
3796,
3797,"अट्टरुद्दाणि वज्जित्ता, झाऎज्जा सुसमाहिए"
3798,"धम्मसुक्काइं झाणाइं, झाणं तं तु बुहा वए // उत्त.१२२३"
3799,
3800,"सयनासन ठाणे वा, जे उ भिक्खू न वावरे"
3801,"कायस्स विउस्सग्गो, छट्ठो सो परिकित्तिओ // उत्त.१२२४"
3802,
3803,"एवं तवं तु दुविहं, जे सम्मं आयरे मुनी"
3804,"सो खिप्पं सव्वसंसारा, विप्पमुच्चइ पण्डिओ // उत्त.१२२५"
3805,
3806,त्ति बेमि. 
3807,
3808,
3809,
3810,---------------------------------------------------------------------
3811,[चरणविही]
3812,
3813,"चरणविहिं पवक्खामि, जीवस्स उ सुहावहं"
3814,"जं चरित्ता बहू जीवा, तिण्णा संसारसागरं // उत्त.१२२६"
3815,
3816,"एगओ विरइं कुज्जा, एगओ य पवत्तणं"
3817,"असञ्जमे नियतिं च, सञ्जमे य पवत्तणं // उत्त.१२२७"
3818,
3819,"रागदोसे य दो पावे, पावकम्मपवत्तणे"
3820,"जे भिक्खू रुम्भई निच्चं, से न अच्छइ मण्डले // उत्त.१२२८"
3821,
3822,"दण्डाणं गारवाणं च, सल्लाणं च तियं तियं"
3823,"जे भिक्खू चयई निच्चं, से न अच्छइ मण्डले // उत्त.१२२९"
3824,
3825,"दिव्वे य जे उवसग्गे, तहा तेरिच्छमानुसे"
3826,"जे भिक्खू सहइ निच्चं, से न अच्छइ मण्डले // उत्त.१२३०"
3827,
3828,"विगहाकसायसन्नाणं, झाणाणं च दुयं तहा"
3829,"जे भिक्खू वज्जई निच्चं, से न अच्छइ मण्डले // उत्त.१२३१"
3830,
3831,"वएसु इन्दियत्थेसु, समिईसु किरियासु य"
3832,"जे भिक्खू जयई निच्चं, से न अच्छइ मण्डले // उत्त.१२३२"
3833,
3834,"लेसासु छसु काएसु, छक्के आहारकारणे"
3835,"जे भिक्खू जयई निच्चं, से न अच्छइ मण्डले // उत्त.१२३३"
3836,
3837,"पिण्डॊग्गहपडिमासु, भयट्ठाणेसु सत्तसु"
3838,"जे भिक्खू जयई निच्चं, से न अच्छइ मण्डले // उत्त.१२३४"
3839,
3840,"मदेसु बम्भगुत्तीसु, भिक्खुधम्मंमि दसविहे"
3841,"जे भिक्खू जयई निच्चं, से न अच्छइ मण्डले // उत्त.१२३५"
3842,
3843,"उवासगाणं पडिमासु, भिक्खूणं पडिमासु य"
3844,"जे भिक्खू जयई निच्चं, से न अच्छइ मण्डले // उत्त.१२३६"
3845,
3846,"किरियासु भुयगामेसु, परमाहम्मिएसु य"
3847,"जे भिक्खू जयई निच्चं, से न अच्छइ मण्डले // उत्त.१२३७"
3848,
3849,गाहासोलसएहिं तहा असञ्जमंमि य
3850,"जे भिक्खू जयई निच्चं, से न अच्छइ मण्डले // उत्त.१२३८"
3851,
3852,"बम्भंमि नायज्झयणेसु, ठाणेसु य समाहिए"
3853,"जे भिक्खू जयई निच्चं, से न अच्छइ मण्डले // उत्त.१२३९"
3854,
3855,"एगवीसाए सबले, बावीसाए परीसहे"
3856,"जे भिक्खू जयई निच्चं, से न अच्छइ मण्डले // उत्त.१२४०"
3857,
3858,"तेवीसाए सूयगडे, रूवाहिएसु सुरेसु अ"
3859,"जे भिक्खु जयई निच्चं, से न अच्छइ मण्डले // उत्त.१२४१"
3860,
3861,"पणवीसभावणासु, उद्देसेसु दसाइणं"
3862,"जे भिक्खू जयई निच्चं, से न अच्छइ मण्डले // उत्त.१२४२"
3863,
3864,"अनगारगुणेहिं च, पगप्पंमि तहेव य"
3865,"जे भिक्खू जयई निच्चं, से न अच्छई मण्डले // उत्त.१२४३"
3866,
3867,"पावसुयपसङ्गेसु, मोहठाणेसु चेव य"
3868,"जे भिक्खू जयई निच्चं, से न अच्छइ मण्डले // उत्त.१२४४"
3869,
3870,"सिद्धाइगुणजोगेसु, तॆत्तीसासायणासु य"
3871,"जे भिक्खू जयई निच्चं, से न अच्छइ मण्डले // उत्त.१२४५"
3872,
3873,"इइ एएसु ठाणेसु, जे भिक्खू जयई सया"
3874,"खिप्पं सो सव्वसंसारा, विप्पमुच्चइ पण्डिओ // उत्त.१२४६"
3875,
3876,त्ति बेमि. 
3877,
3878,
3879,
3880,---------------------------------------------------------------------
3881,[पमायट्ठाणं]
3882,
3883,"अच्चन्तकालस्स समूलगस्स, सव्वस्स दुक्खस्स उ जो पमॊक्खो"
3884,"तं भासओ मे पडिपुण्णचित्ता, सुणेह एगन्तहियं हियत्थं // उत्त.१२४७"
3885,
3886,"नाणस्स सव्वस्स पगासणाए, अन्नाणमोहस्स विवज्जणाए"
3887,"रागस्स दोसस्स य सङ्खएणाए, एगन्तसॊक्खं समुवेइ मॊक्खं // उत्त.१२४८"
3888,
3889,"तस्सेस मग्गो गुरुविद्धसेवा, विवज्जणा बालजनस्स दूरा"
3890,"सज्झायएगन्तनिसेवणा य, सुत्तत्थसञ्चिन्तणया धिई य // उत्त.१२४९"
3891,
3892,"आहारमिच्छे मियमेसणिज्जं, सहायमिच्छे निउणत्थबुद्धिं"
3893,"निकेयमिच्छॆज्ज विवेगजॊग्गं, समाहिकामे समणे तवस्सी // उत्त.१२५०"
3894,
3895,"न वा लभॆज्जा निउणं सहायं, गुणाहियं वा गुणओ समं वा"
3896,"एगो वि पावाइं विवज्जयन्तो, विहरॆज्ज कामेसु असज्जमाणो // उत्त.१२५१"
3897,
3898,"जहा य अण्डप्पभवा बलागा, अण्डं बलागप्पभवं जहा य"
3899,"एमेव मोहययणं खु तण्हा, मोहं च तण्हाययणं वयन्ति // उत्त.१२५२"
3900,
3901,"रागो य दोसो वि य कम्मबीयं, कम्मं च मोहप्पभवं वयन्ति"
3902,"कम्मं च जाइमरणस्स मूलं, दुक्खं च जाईमरणं वयन्ति // उत्त.१२५३"
3903,
3904,"दुक्खं हयं जस्स न होइ मोहो, मोहो हओ जस्स न होइ तण्हा"
3905,"तण्हा हया जस्स न होइ लोहो, लोहो हओ जस्स न किञ्चणाइं // उत्त.१२५४"
3906,
3907,"रागं च दोसं च तहेव मोहं, उद्धत्तुकामेण समूलजालं"
3908,"जे जे उवाया पडिवज्जियव्वा, ते कित्तइस्सामि अहानुपुव्विं // उत्त.१२५५"
3909,
3910,"रसा पगामं न निसेवियव्वा, पायं रसा दित्तिकरा नराणं"
3911,"दित्तं च कामा समभिद्दवन्ति, दुमं जहा साउफलं व पक्खी // उत्त.१२५६"
3912,
3913,"जहा दवग्गी पउरिन्धणे वणे, समारुओ नोवसमं उवेइ"
3914,"एविन्दियग्गी वि पगामभोइणो, न बम्भयारिस्स हियाय कस्सई // उत्त.१२५७"
3915,
3916,"विवत्तसॆज्जासणजन्तियाणं, ओमासणाणं दमिइन्दियाणं"
3917,"न रागसत्तू धरिसेइ चित्तं, पराइयो वाहिरिवोसहेहिं // उत्त.१२५८"
3918,
3919,"जहा बिरालावसहस्स मूले, न मूसगाणं वसही पसत्था"
3920,"एमेव इत्थीनिलयस्स मज्झे, न बम्भयारिस्स खमो निवासो // उत्त.१२५९"
3921,
3922,"न रूवलावण्णविलासहासं, न जम्पियं इङ्गियपेहियं वा"
3923,"इत्थीण चित्तंसि निवेसइत्ता, दठ्ठुं ववस्से समणे तवस्सी // उत्त.१२६०"
3924,
3925,"अदंसणं चेव अपत्थणं च, अचिन्तणं चेव अकित्तणं च"
3926,"इत्थीजनस्सारियझाणजुग्गं, हियं सया बम्भवए रयाणं // उत्त.१२६१"
3927,
3928,"कामं तु देवीहिं विभूसियाहिं, न चाइया खॊभइउं तिगुत्ता"
3929,"तहा वि एगन्तहियं ति नच्चा, विवित्तवासो मुणिणं पसत्थो // उत्त.१२६२"
3930,
3931,"मॊक्खाभिकङ्खिस्स वि मानवस्स, संसारभीरुस्स ठियस्स धम्मे"
3932,"नेयारिसं दुत्तरमत्थि लोए, जहित्थिओ बालमनोहराओ // उत्त.१२६३"
3933,
3934,"एए य सङ्गे समइक्कमित्ता, सुदुत्तरा चेव भवन्ति सेसा"
3935,"जहा महासागरमुत्तरित्ता, नई भवे अवि गङ्गासमाना // उत्त.१२६४"
3936,
3937,"कामाणुगिद्धिप्पभवं खु दुक्खं, सव्वस्स लोगस्स सदेवगस्स"
3938,"जे काइयं मानसियं च किञ्चि, तस्सन्तगं गच्छइ वीयरागो // उत्त.१२६५"
3939,
3940,"जहा य किम्पागफला मनोरमा, रसेण वण्णेण य भुज्जमाणा"
3941,"ते खुड्डए जीविय पच्चमाणा, एओवमा कामगुणा विवागे // उत्त.१२६६"
3942,
3943,"जे इन्दियाणं विसया मणुन्ना, न तेसु भावं निसिरे कयाई"
3944,"न या मणुन्नेसु मणं पि कुज्जा, समाहिकामे समणे तवस्सी // उत्त.१२६७"
3945,
3946,"चक्खुस्स रूवं गहणं वयन्ति, तं रागहेउं तु मणुन्नमाहुं"
3947,"तं दोसहेउं अमणुन्नमाहुं, समो य जो तेसु य वीयरागो // उत्त.१२६८"
3948,
3949,"रूवस्स चक्खुं गहणं वयन्ति, चक्सुस्स रूवं गहणं वयन्ति"
3950,"रागस्स हेउं समणुन्नमाहुं, दोसस्स हेउं अमणुन्नमाहुं // उत्त.१२६९"
3951,
3952,"रूवेसु जो गिद्धइमुवेइ तिव्वं, अकालियं पावइ से विनासं"
3953,"रागाउरे से जह वा पयङ्गे, आलोयलोले समुवेइ मच्चुं // उत्त.१२७०"
3954,
3955,"जे यावि दोसं समुवेइ तिव्वं, तंसि क्खणे से उ उवेइ दुक्खं"
3956,"दुद्दन्तदोसेण सएण जन्तू, न किञ्चि रूवं अवरज्झई से // उत्त.१२७१"
3957,
3958,"एगन्तरत्ते रुइरंसि रुवे, अतालिसे से कुणई पओसं"
3959,"दुक्खस्स सम्पीलमुवेइ बाले, न लिप्पई तेन मुनी विरागो // उत्त.१२७२"
3960,
3961,"रुवानुगासानुगए य जीवे, चराचरे हिंसइ नेगरुवे"
3962,"चित्तेहि ते परितावेइ बाले, पीलेइ अत्तट्ठगुरु किलिट्ठे // उत्त.१२७३"
3963,
3964,"रुवानुवाएण परिग्गहेण, उप्पायणे रक्खणसन्निओगे"
3965,"वए विओगे य कहं सुहं से, सम्भोगकाले य अतित्तिलाभे // उत्त.१२७४"
3966,
3967,"रुवे अतित्ते य परिग्गहंमि, सत्तोवसत्तो न उवेइ तुट्ठिं"
3968,"अतुट्ठिदोसेण दुही परस्स, लॊभाविले आययई अदत्तं // उत्त.१२७५"
3969,
3970,"तण्हाभिभूयस्स अदत्तहारिणो, रुवे अतित्तस्स परिग्गहे य"
3971,"मायामुसं वड्ढइ लॊभदोसा, तत्थावि दुक्खा न विमुच्चई से // उत्त.१२७६"
3972,
3973,"मोसस्स पच्छा य पुरत्थओ य, पयोगकाले य दुही दुरन्ते"
3974,"एवं अदत्ताणि समाययन्तो, रूवे अतित्तो दुहिओ अनिस्सो // उत्त.१२७७"
3975,
3976,"रूवानुरत्तस्स नरस्स एवं, कुत्तो सुहं हॊज्ज कयाइ किञ्चि?"
3977,"तत्थोवभोगे'वि किलेसदुक्खं, निव्वत्तई जस्स कएण दुक्खं // उत्त.१२७८"
3978,
3979,"एमेव रूवंमि गओपओसं, उवेइ दुक्खोहपरम्पराओ"
3980,"पदुट्ठचित्तो य चिणाइ कम्मं, जं से पुणो होइ दुहं विवागे // उत्त.१२७९"
3981,
3982,"रूवे विरत्तो मनुओ विसोगो, एएण दुक्खोहपरम्परेण"
3983,"न लिप्पए भवमज्झे'वि सन्तो, जलेण वा पॊक्खरिणी पलासं // उत्त.१२८०"
3984,
3985,"सोयस्स सद्दं गहणं वयन्ति, तं रागहेउं तु मणुन्नमाहु"
3986,"तं दोसहेउं अमणुन्नमाहु, समो य जो तेसु स वीयरागो // उत्त.१२८१"
3987,
3988,"सद्दस्स सोयं गहणं वयन्ति, सोयस्स सद्दं गहणं वयन्ति"
3989,"रागस्स हेउं समणुन्नमाहु, दोसस्स हेउं अमणुन्नमाहु // उत्त.१२८२"
3990,
3991,"सद्देसु जो गिद्धिमुवेइ तिव्वं, अकालियं पावइ से विनासं"
3992,"रागाउरे हरिणमिगे व मुद्धे, सद्दे अतित्ते समुवेइ मच्चुं // उत्त.१२८३"
3993,
3994,"जे यावि दोसं समुवेइ तिव्वं, तंसि क्खणे से उ उवेइ दुक्खं"
3995,"दुद्दन्तदोसेण सएण जन्तू, न किञ्चि सद्दं अवरज्झई से // उत्त.१२८४"
3996,
3997,"एगन्तरत्ते रुइरंसि सद्दे, अतालिसे से कुणई पओसं"
3998,"दुक्खस्स सम्पीलमुवेइ बाले, न लिप्पई तेन मुनी विरागो // उत्त.१२८५"
3999,
4000,"सद्दानुगासानुगए य जीवे, चराचरे हिंसइ'नेगरुवे"
4001,"चित्तेहि ते परितावेइ बाले, पीलेइ अतट्ठगुरु किलिट्ठे // उत्त.१२८६"
4002,
4003,"सद्दानुवाएण परिग्गहेण, उप्पायणे रक्खणसन्निओगे"
4004,"वए विओगे य कहं सुहं से, सम्भोगकाले य अतित्तिलाभे // उत्त.१२८७"
4005,
4006,"सद्दे अतित्ते य परिग्गहंमि, सत्तोवसत्तो न उवेइ तुट्ठिं"
4007,"अतुट्ठिदोसेण दुही परस्स, लॊभाविले आययई अदत्तं // उत्त.१२८८"
4008,
4009,"तण्हाभिभूयस्स अदत्तहारिणो, सद्दे अतित्तस्स परिग्गहे य"
4010,"मायामुसं वड्ढइ लॊभदोसा, तत्थावि दुक्खा न विमुच्चई // उत्त.१२८९"
4011,
4012,"मोसस्स पच्छा य पुरत्थओ य, पओगकाले य दुही दुरन्ते"
4013,"एवं अदत्ताणि समाययन्तो, सद्दे अतित्तो दुहीओ अनिस्सो // उत्त.१२९०"
4014,
4015,"सद्दानुरत्तस्स नरस्स एवं, कुत्तो सुहं हॊज्ज कयाइ किञ्चि?"
4016,"तत्थोवभोगे वि किलेसदुक्खं, निव्वत्तई जस्स कएण दुक्खं // उत्त.१२९१"
4017,
4018,"एमेव सद्दंमि गओ पओसं, उवेइ दुक्खोहपरम्पराओ"
4019,"पदुट्ठचित्तो य चिणाइ कम्मं, जं से पुणो इ दुहं विवागे // उत्त.१२९२"
4020,
4021,"सद्दे विरत्तो मनुओ विसोगो, एएण दुक्खोहपरम्परेण"
4022,"न लिप्पए भवमज्झे वि सन्तो, जलेण वा पॊक्खरिणीपलासं // उत्त.१२९३"
4023,
4024,"घाणस्स गन्धं गहणं वयन्ति, तं रागहेउं तु मणुन्नमाहु"
4025,"तं दोसहेउं अमणुन्नमाहु, समो य जो तेसु स वीयरागो // उत्त.१२९४"
4026,
4027,"गन्धस्स घाणं गहणं वयन्ति, घाणस्स गन्धं गहणं वयन्ति"
4028,"रागस्स हेउं समणुन्नमाहु, दोसस्स हेउं अमणुन्नमाहु // उत्त.१२९५"
4029,
4030,"गन्धेसु जो गिद्धिमुवेइ तिव्वं, अकालियं पावइ से विनासे"
4031,"रागाउरे ओसहगन्धगिद्धे, सप्पे बिलाओ विव निक्खमन्ते // उत्त.१२९६"
4032,
4033,"जे यावि दोसं समुवेइ तिव्वं, तंसि क्खणे से उ उवेइ दुक्खं"
4034,"दुद्दन्तदोसेण सएण जन्तू, न किञ्चि गन्धं अवरज्झई से // उत्त.१२९७"
4035,
4036,"एगन्तरते रुइरंसि गन्धे, अतालिसे से कुणई पओसं"
4037,"दुक्खस्स सम्पीलमुवेइ बाले, न लिप्पई तेण मुनी विरागो // उत्त.१२९८"
4038,
4039,"गन्धानुगासानुगए य जीवे, चराचरे हिंसइ'नेगरुवे"
4040,"चित्तेहि ते परितावेइ बाले, पीलेइ अत्तट्ठगुरु किलिट्ठे // उत्त.१२९९"
4041,
4042,"गन्धाणुवाएण परिग्गहेण, उप्पायणे रक्खणसन्निओगे"
4043,"वए विओगे य कहं सुहं से , सम्भोगकाले य अतित्तिलाभे // उत्त.१३००"
4044,
4045,"गन्धे अतित्ते य परिग्गहंमि, सत्तोवसत्तो न उवेइ तुट्ठिं"
4046,"अतुट्ठिदोसेण दुही परस्स, लॊभाविले आययई अदत्तं // उत्त.१३०१"
4047,
4048,"तण्हाभिभूयस्स अदत्तहारिणो, गन्धे अतित्तस्स परिग्गहे य"
4049,"मायामुसं वड्ढइ लॊभदोसा, तत्थावि दुक्खा न विमुच्चई से // उत्त.१३०२"
4050,
4051,"मोसस्स पच्छा य पुरत्थओ य, पओगकाले य दुही दुरन्ते"
4052,"एवं अदत्ताणि समाययन्तो, गन्धे अतित्तो दुहिओ अनिस्सो // उत्त.१३०३"
4053,
4054,"गन्धानुरत्तस्स नरस्स एवं, कुत्तो सुहं हॊज्ज कयाइ किञ्चि"
4055,"तत्थोवभोगे वि किलेसदुक्खं, निव्वत्तई जस्स कएण दुक्खं // उत्त.१३०४"
4056,
4057,"एमेव गन्धंमि गओ पओसं, उवेइ दुक्खोहपरम्पराओ"
4058,"पदुट्ठचित्तो य चिणाइ कम्मं, जं से पुणो होइ दुहं विवागे // उत्त.१३०५"
4059,
4060,"गन्धे विरत्तो मनुओ विसोगो, एएण दुक्खोहपरम्परेण"
4061,"न लिप्पई भवमज्झे वि सन्तो, जलेण वा पॊक्खरिणीपलासं // उत्त.१३०६"
4062,
4063,"जिहाए रसं गहणं वयन्ति, तं रागहेउं तु मणुन्नमाहु"
4064,"तं दोसहेउं अमणुन्नमाहु, समो य जो तेसु य वीयरागो // उत्त.१३०७"
4065,
4066,"रसस्स जिब्भं गहणं वयन्ति, जिब्भाए रसं गहणं वयन्ति"
4067,"रागस्स हेउं समणुन्नमाहु, दोसस्स हेउं अमणुन्नमाहु // उत्त.१३०८"
4068,
4069,"रसेसु जो गिद्धिमुवेइ तिव्वं, अकालियं पावइ से विनासं"
4070,"रागाउरे बडिसविभिन्नकाए, मच्छे जहा आमिसभोगगिद्धे // उत्त.१३०९"
4071,
4072,"जे यावि दोसं समुवेइ तिव्वं, तंसि क्खणे से उ उवेइ दुक्खं"
4073,"दुद्दन्तदोसेण सएण जन्तू, न किञ्चि रसं अवरज्झई से // उत्त.१३१०"
4074,
4075,"एगन्तरत्ते रुइरंसि रसे, अतालिसे से कुणई पओसं"
4076,"दुक्खस्स सम्पीलमुवेइ बाले, न लिप्पई तेण मुनी विरागो // उत्त.१३११"
4077,
4078,"रसानुगासानुगए य जीवे, चराचरे हिंसइ'नेगरुवे"
4079,"चित्तेहि ते परितावेइ बाले, पीलेइ अत्तट्ठगुरु किलिट्ठे // उत्त.१३१२"
4080,
4081,रसानुवाएण परिग्गहेण उप्पायणे रक्खणसन्निओगे
4082,"वए विओगे य कहं सुहं से, सम्भोगकाले य अतित्तिलाभे // उत्त.१३१३"
4083,
4084,"रसे अतित्ते य परिग्गहंमि, सत्तोवसत्तो न उवेइ तुट्ठिं"
4085,"अतुट्ठिदोसेण दुही परस्स, लॊभाविले आययई अदत्तं // उत्त.१३१४"
4086,
4087,"तण्हाभिभूयस्स अदत्तहारिणो, रसे अतित्तस्स परिग्गहे य"
4088,"मायामुसं वड्ढइ लॊभदोसा, तत्थावि दुक्खा न विमुच्चई से // उत्त.१३१५"
4089,
4090,"मोसस्स पच्छा य पुरत्थओ य, पओगकाले य दुही दुरन्ते"
4091,"एवं अदत्ताणि समाययन्तो, रसे अतित्तो दुहिओ अनिस्सो // उत्त.१३१६"
4092,
4093,"रसानुरत्तस्स नरस्स एवं, कुत्तो सुहं हॊज्ज कयाइ किञ्चि"
4094,"तत्थोवभोगे वि किलेसदुक्खं, निव्वत्तई जस्स कएण दुक्खं // उत्त.१३१७"
4095,
4096,"एमेव रसंमि गओ पओसं, उवेइ दुक्खोहपरम्पराओ"
4097,"पदुट्ठचित्तो य चिणाइ कम्मं, जं से पुणो होइ दुहं विवागे // उत्त.१३१८"
4098,
4099,"रसे विरत्तो मनुओ विसोगो, एएण दुक्खोहपरम्परेण"
4100,"न लिप्पई भवमज्झे वि सन्तो, जलेण वा पॊक्खरिणीपलासं // उत्त.१३१९"
4101,
4102,"कायस्स फासं गहणं वयन्ति, तं रागहेउं तु मणुन्नमाहु"
4103,"तं दोसहेउं अमणुन्नमाहु, समो य जो तेसु य वीयरागो // उत्त.१३२०"
4104,
4105,"फासस्स कायं गहणं वयन्ति, कायस्स फासं गहणं वयन्ति"
4106,"रागस्स हेउं समणुन्नमाहु, दोसस्स हेउ अमणुन्नमाहु // उत्त.१३२१"
4107,
4108,"फासेसु जो गिद्धइमुवेइ तिव्वं, अकालियं पावइ से विनासं"
4109,"रागाउरे सीयजलावसन्ने, गाहग्गहीए महिसे विवन्ने // उत्त.१३२२"
4110,
4111,"जे यावि दोसं समुवेइ तिव्वं, तंसि क्खणे से उ उवेइ दुक्खं"
4112,"दुद्दन्तदोसेण सएण जन्तू, न किञ्चि फासं अवरज्झई से // उत्त.१३२३"
4113,
4114,"एगन्तरत्ते रुइरंसि फासे, अतालिसे से कुणई पओसं"
4115,"दुक्खस्स सम्पीलमुवेइ बाले, न लिप्पई तेण मुनी विरागो // उत्त.१३२४"
4116,
4117,"फासानुगासानुगए य जीवे, चराचरे हिंसइनेगरुवे"
4118,"चित्तेहि ते परितावेइ बाले, पीलेइ अत्तट्ठगुरु किलिट्ठे // उत्त.१३२५"
4119,
4120,"फासानुवाएण परिग्गहेण, उप्पायणे रक्खणसन्निओगे"
4121,"वए विओगे य कहं सुहं से, सम्भोगकाले य अतित्तिलाभे // उत्त.१३२६"
4122,
4123,"फासे अतित्ते य परिग्गहंमि, सत्तोवसत्तो न उवेइ तुट्ठिं"
4124,"अतुट्ठिदोसेण दुही परस्स, लॊभाविले आययई अदत्तं // उत्त.१३२७"
4125,
4126,"तण्हाभिभूयस्स अदत्तहारिणो, फासे अतित्तस्स परिग्गहे य"
4127,"मायामुसं वड्ढइ लॊभदोसा, तत्थावि दुक्खा न विमुच्चई से // उत्त.१३२८"
4128,
4129,"मोसस्स पच्छा य पुरत्थओ य, पओगकाले य दुही दुरन्ते"
4130,"एवं अदत्ताणि समाययन्तो, फासे अतित्तो दुहिओ अनिस्सो // उत्त.१३२९"
4131,
4132,"फासानुरत्तस्स नरस्स एवं, कुत्तो सुहं हॊज्ज कयाइ किञ्चि?"
4133,"तत्थोवभोगेवि किलेसदुक्खं, निव्वत्तई जस्स कएण दुक्खं // उत्त.१३३०"
4134,
4135,"एमेव फासंमि गओ पओसं, उवेइ दुक्खोहपरम्पराओ"
4136,"पदुट्ठचित्तो य चिणाइ कम्मं, जं से पुणो होइ दुहे विवागे // उत्त.१३३१"
4137,
4138,"फासे विरत्तो मनुओ विसोगो, एएण दुक्खोहपरम्परेण"
4139,"न लिप्पई भवमज्झे वि सन्तो, जलेण वा पॊक्खरिणीपलासं // उत्त.१३३२"
4140,
4141,"मनस्स भावं गहणं वयन्ति, तं रागहेउं तुं मणुन्नमाहु"
4142,"तं दोसहेउं अमणुन्नमाहु, समो य जो तेसु स वीयरागो // उत्त.१३३३"
4143,
4144,"भावस्स मनं गहणं वयन्ति, मनस्स भावं गहणं वयन्ति"
4145,"रागस्स हेउं समणुन्नमाहु, दोसस्स हेउं अमणुन्नमाहु // उत्त.१३३४"
4146,
4147,"भावेसु जो गिद्धिमुवेइ तिव्वं, अकालियं पावइ से विनासं"
4148,"रागाउरे कामगुणेसु गिद्धे, करेणुमग्गावहिए गजे वा // उत्त.१३३५"
4149,
4150,"जे यावि दोसं समुवेइ तिव्वं, तंसि क्खणे से उ उवेइ दुक्खं"
4151,"दुद्दन्तदोसेण सएण जन्तू, न किञ्चि भावं अवरज्झई से // उत्त.१३३६"
4152,
4153,"एगन्तरत्ते रुइरंसि भावे, अतालिसे से कुणई पओसं"
4154,"दुक्खस्स सम्पीलमुवेइ बाले, न लिप्पई तेण मुनी विरागो // उत्त.१३३७"
4155,
4156,"भावानुगासानुगए य जीवे, चराचरे हिंसइ'नेगरुवे"
4157,"चित्तेहि ते परितावेइ बाले, पीलेइ अत्तट्ठगुरु किलिट्ठे // उत्त.१३३८"
4158,
4159,"भावानुवाएण परिग्गहेण, उप्पायणे रक्खणसन्निओगे"
4160,"वए विओगे य कहं सुहं से, सम्भोगकाले य अतित्तिलाभे // उत्त.१३३९"
4161,
4162,"भावे अतित्ते य परिग्गहंमि, सत्तोवसत्तो न उवेइ तुट्ठिं"
4163,"अतुट्ठिदोसेण दुही परस्स, लॊभाविले आययई अदत्तं // उत्त.१३४०"
4164,
4165,"तण्हाभिभूयस्स अदत्तहारिणो, भावे अतित्तस्स परिग्गहे य"
4166,"मायामुसं वड्ढइ लॊभदोसा, तत्थावि दुक्खा न विमुच्चई से // उत्त.१३४१"
4167,
4168,"मोसस्स पच्छा य पुरत्थओ य, पओगकाले य दुही दुरन्ते"
4169,"एवं अदत्ताणि समाययन्तो, भावे अतित्तो दुहिओ अनिस्सो // उत्त.१३४२"
4170,
4171,"भावानुरत्तस्स नरस्स एवं, कुत्तो सुहं हॊज्ज कयाइ किञ्चि"
4172,"तत्थोवभोगे वि किलेसदुक्खं, निव्वत्तई जस्स कएण दुक्खं // उत्त.१३४३"
4173,
4174,"एमेव भावंमि गओ पओसं, उवेइ दुक्खोहपरम्पराओ"
4175,"पदुट्ठचित्तो य चिणाइ कम्मं, जं से पुणो होइ दुहं विवागे // उत्त.१३४४"
4176,
4177,"भावे विरत्तो मनुओ विसोगो, एएण दुक्खोहपरम्परेण"
4178,"न लिप्पई भवमज्झे वि सन्तो, जलेण वा पॊक्खरिणीपिलासं // उत्त.१३४५"
4179,
4180,"एविन्दियत्था य मनस्स अत्था, दुक्खस्स हेउं मनुयस्स रागिणो"
4181,ते चेव थोवं पि कयाइ दुक्खं न वीयरागस्स करॆन्ति किञ्चि // उत्त.१३४६
4182,
4183,"न कामभोगा समयं उवॆन्ति, न यावि भोगा विगइं उवॆन्ति"
4184,"जे तप्पओसी य परिग्गही य, सो तेसु मोहा विगइं उवेइ // उत्त.१३४७"
4185,
4186,"कोहं च मानं च तहेव मायं, लोहं दुगुच्छं अरइं रइं च"
4187,"हासं भयं सोगपुमित्थिवेयं, नपुंसवेयं विविहे य भावे // उत्त.१३४८"
4188,
4189,"आवज्जई एवमनेगरुवे, एवंविहे कामगुणेसु सत्तो"
4190,"अन्ने य एयप्पभवे विसेसे, कारुण्णदीणे हिरिमे वइस्से // उत्त.१३४९"
4191,
4192,"कप्पं न इच्छिज्ज सहायलिच्छू, पच्छानुतावेण तव्वप्पभावं"
4193,"एवं वियारे अमियप्पयारे, आवज्जई इन्दियचोरवस्से // उत्त.१३५०"
4194,
4195,"तओ से जायन्ति पओयणाइं, निमज्जिउं मोहमहण्णवंमि"
4196,"सुहेसिणो दुक्खविणोयणट्ठा, तपच्चयं उज्जमए य रागी // उत्त.१३५१"
4197,
4198,"विरज्जमाणस्स य इन्दियत्था, सद्दाइया तावइयप्पगारा"
4199,"न तस्स सव्वे वि मणुन्नयं वा, निव्वतयन्ती अमणुन्नयं वा // उत्त.१३५२"
4200,
4201,"एवं स सङ्कप्पविकप्पणासुं, सञ्जायई समयमुवट्ठियस्स"
4202,"अत्थे असङ्कप्पयओ तओ से, पहीयए कामगुणेसु तण्हा // उत्त.१३५३"
4203,
4204,"सो वीयरागो कयसव्वकिच्चो, खवेइ नाणावरणं खणेणं"
4205,"तहेव जं दंसणमावरेइ, जं चन्तरायं पकरेइ कम्मं // उत्त.१३५४"
4206,
4207,"सव्वं तओ जाणइ पासए य, अमोहणे होइ निरन्तराए"
4208,"अनासवे झाणसमाहिजुत्ते, आउक्खए मॊक्खमुवेइ सुद्धे // उत्त.१३५५"
4209,
4210,"सो तस्स सव्वस्स दुहस्स मुक्खो, जं बाहई सययं जन्तुमेयं"
4211,"दीहामयं विप्पमुक्को पसत्थो, तो होइ अच्चन्तसुही कयत्थो // उत्त.१३५६"
4212,
4213,"अनाइकालप्पभवस्स एसो, सव्वस्स दुक्खस्स पमॊक्खमग्गो"
4214,"वियाहिओ जं समुविच्च सत्ता, कमेण अच्चन्तसुही भवन्ति // उत्त.१३५७"
4215,
4216,त्ति बेमि. 
4217,
4218,
4219,
4220,---------------------------------------------------------------------
4221,[कम्मपयडी]
4222,
4223,"अट्ठं कम्माइं वॊच्छामि, आनुपुव्विं जहक्कमं"
4224,"जेहिं बद्धो अयं जीवो, संसारे परिवट्टई // उत्त.१३५८"
4225,
4226,"नाणस्सावरणिज्जं, दंसणावरणं तहा"
4227,"वेयणिज्जं तहा मोहं, आउकम्मं तहेव य // उत्त.१३५९"
4228,
4229,"नामकम्मं च गोयं च, अन्तरायं तहेव य"
4230,"एवमेयाइ कम्माइं, अट्ठेव उ समासओ // उत्त.१३६०"
4231,
4232,"नाणावरणं पञ्चविहं, सुयं आभिनिबोहियं"
4233,"ओहिनाणं च तइयं, मणनाणं च केवलं // उत्त.१३६१"
4234,
4235,"निद्दा तहेव पयला, निद्दानिद्दा पयलपयला य"
4236,"तत्तो य थीणगिद्धी उ, पञ्चमा होइ नायव्वा // उत्त.१३६२"
4237,
4238,"चक्खुमचक्खूओहिस्स, दंसणे केवले य आवरणे"
4239,"एवं तु नवविगप्पं, नायव्वं दंसणावरणं // उत्त.१३६३"
4240,
4241,"वेयणीयम्पि य दुविहं, सायमसायं च आहियं"
4242,"सायस्स उ बहू भेया, एमेव असायस्स वि // उत्त.१३६४"
4243,
4244,"मोहणिज्जम्पि दुविहं, दंसणे चरणे तहा"
4245,"दंसणे तिविहं वुत्तं, चरणे दुविहं भवे // उत्त.१३६५"
4246,
4247,"सम्मत्तं चेव मिच्छत्तं, सम्मामिच्छत्तमेव य"
4248,"एयाओ तिन्नि पयडीओ, मोहणिज्जस्स दंसणे // उत्त.१३६६"
4249,
4250,"चरित्तमोहणं कम्मं, दुविहं तं वियाहियं"
4251,"कसायमोहणिज्जं तु, नोकसायं तहेव य // उत्त.१३६७"
4252,
4253,"सोलसविहभेएणं, कम्मं तु कसायजं"
4254,"सत्तविहं नवविहं वा, कम्मं च नोकसायजं // उत्त.१३६८"
4255,
4256,"नेरइयतिरिक्खाऊ, मणुस्साउं तहेव य"
4257,"देवाउयं चउत्थं तु, आउकम्मं चउव्विहं // उत्त.१३६९"
4258,
4259,"नामकम्मं तु दुविहं, सुहमसुहं च आहियं"
4260,"सुहस्स उ बहू भेया, एमेव असुहस्स वि // उत्त.१३७०"
4261,
4262,"गोयं कम्मं दुविहं, उच्चं नियं च आहियं"
4263,"उच्चं अट्ठविहं होइ, एवं नीयं पि आहियं // उत्त.१३७१"
4264,
4265,"दाने लाभे य भोगे य, उवभोगे वीरिए तहा"
4266,"पञ्चविहमन्तरायं, समासेण वियाहियं // उत्त.१३७२"
4267,
4268,"एयाओ मूलपयडीओ, उत्तराओ य आहिया"
4269,"पएसग्गं खॆत्तकाले य, भावं च उत्तरं सुण // उत्त.१३७३"
4270,
4271,"सव्वेसिं चेव कम्माणं, पएसग्गमनन्तगं"
4272,"गण्ठियसत्ताईयं, अन्तो सिद्धाण आहियं // उत्त.१३७४"
4273,
4274,"सव्वजीवाण कम्मं तु, सङ्गहे छद्दिसागयं"
4275,"सव्वेसु वि पएसेसु, सव्वं सव्वेण बद्धगं // उत्त.१३७५"
4276,
4277,"उदहीसरिसनामाण, तीसई कोडिकोडीओ"
4278,"उक्कोसिया ठिई होइ, अन्तोमुहुत्तं जहन्निया // उत्त.१३७६"
4279,
4280,"आवरणिज्जाण दुण्हम्पि, वेयणिज्जे तहेव य"
4281,"अन्तराए य कम्मंमि, ठिई एसा वियाहिया // उत्त.१३७७"
4282,
4283,"उदहीसरिसनामाणं, सत्तरिं कोडिकोडीओ"
4284,"मोहणिज्जस्स उक्कोसा, अन्तोमुहुत्तं जहन्निया // उत्त.१३७८"
4285,
4286,"तॆत्तीस सागरोवमा, उक्कोसेण वियाहिया"
4287,"ठिइ उ आउकम्मस्स, अन्तोमुहुत्तं जहन्निया // उत्त.१३७९"
4288,
4289,"उदहीसरिसनामाण, वीसई कोडिकोडीओ"
4290,"नामगॊत्ताणं उक्कोसा, अन्तो मुहुत्तं जहन्निया // उत्त.१३८०"
4291,
4292,"सिद्धाण'नन्तभागो य, अनुभागा हवन्ति उ"
4293,"सव्वेसु वि पएसग्गं, सव्वजीवेसु इच्छियं // उत्त.१३८१"
4294,
4295,"तम्हा एएसिं कम्माणं, अनुभाग वियाणिया"
4296,"एएसिं संवरे चेव, खवणे य जए बुहो // उत्त.१३८२"
4297,
4298,त्ति बेमि. 
4299,
4300,
4301,
4302,---------------------------------------------------------------------
4303,[लेसज्झयणं]
4304,
4305,"लेसज्झयणं पवक्खामि, आनुपुव्विं जहक्कमं"
4306,"छण्हम्पि कम्मलेसाणं, अनुभावे सुणेह मे // उत्त.१३८३"
4307,
4308,नामाइं वण्णरसगन्ध फासपरिणामलक्खणं ठाणं
4309,"ठिइं गइं आउं य, लेसाणं तु सुणेह मे // उत्त.१३८४"
4310,
4311,"किण्हा नीला य काऊ य, तेऊ पम्हा तहेव य"
4312,"सुक्कलेसा य छट्ठा य, नामाइं तु जहक्कमं // उत्त.१३८५"
4313,
4314,"जीमूयनिद्ध सङ्कासा, गवलरिट्ठग संनिभा"
4315,"खञ्जञ्जण नयननिभा, किण्हलेसा उ वण्णओ // उत्त.१३८६"
4316,
4317,"नीलासोग सङ्कासा, चासपिच्छ समप्पभा"
4318,"वेरुलियनिद्ध सङ्कासा, नीललेसा उ वण्णओ // उत्त.१३८७"
4319,
4320,"अयसीपुप्फ सङ्कासा, कोइलच्छ दसंनिभा"
4321,"पारेवयगीवनिभा, काऊलेसा उ वण्णओ // उत्त.१३८८"
4322,
4323,"हिङ्गुलयधाउ सङ्कासा, तरुणाइच्च सन्निभा"
4324,"सुयतुण्ड पईवनिभा, तेऊलेसा उ वण्णओ // उत्त.१३८९"
4325,
4326,"हरियालभेय सङ्कासा, हलिद्दाभेय समप्पभा"
4327,"सणासण कुसुमनिभा, पम्हलेसा उ वण्णओ // उत्त.१३९०"
4328,
4329,"सङ्खङ्ककुन्द सङ्कासा, खीरपूर समप्पभा"
4330,"रययहार सङ्कासा, सुक्कलेसा उ वण्णओ // उत्त.१३९१"
4331,
4332,"जह कडुय तुम्बगरसो, निम्बरसो कडुय रोहिणिरसो वा"
4333,"ऎत्तो वि अनन्तगुणो, रसो य किण्हाए नायव्वो // उत्त.१३९२"
4334,
4335,"जह तिगडुयस्स य रसो, तिक्खो जह हत्थिपिप्पलीए वा"
4336,"ऎत्तो वि अनन्तगुणो, रसो उ नीलाए नायव्वो // उत्त.१३९३"
4337,
4338,"जह तरुण अम्बगरसो, तुवरकविट्ठस्स वावि जारिसओ"
4339,"ऎत्तो वि अनन्तगुणो, रसो उ काऊए नायव्वो // उत्त.१३९४"
4340,
4341,"जह परिणयम्बगरसो, पक्ककविठ्ठस्स वावि जारिसओ"
4342,"ऎत्तो वि अनन्तगुणो, रसो उ तेऊए नायव्वो // उत्त.१३९५"
4343,
4344,"वरवारुणीए व रसो, विविहाण व आसवाण जारिसओ"
4345,"महुमेरगस्स व रसो, ऎत्तो पम्हाए परएणं // उत्त.१३९६"
4346,
4347,"खज्जूर मुद्दियरसो, खीररसो खण्ड सक्कररसो वा"
4348,"ऎत्तो वि अनन्तगुणो, रसो उ सुक्काए नायव्वो // उत्त.१३९७"
4349,
4350,"जह गोमडस्स गन्धो, सुणगमडस्स व जहा अहिमडस्स"
4351,"ऎत्तो वि अनन्तगुणो, लेसाणं अप्पसत्थाणं // उत्त.१३९८"
4352,
4353,"जह सुरहि कुसुमगन्धो, गन्धवासाण पिस्समाणाणं"
4354,"ऎत्तो वि अनन्तगुणो, पसत्थलेसाण तिण्हम्पि // उत्त.१३९९"
4355,
4356,"जह करगयस्स फासो, गोजिब्भाए य सागपत्ताणं"
4357,"ऎत्तो वि अनन्तगुणो, लेसाणं अप्पसत्थाणं // उत्त.१४००"
4358,
4359,"जह बूरस्स व फासो, नवनीयस्स व सिरीसकुसुमाणं"
4360,"ऎत्तो वि अनन्तगुणो, पसत्थलेसाण तिण्हम्पि // उत्त.१४०१"
4361,
4362,"तिविहो व नवविहो वा, सत्तावीसइविहॆक्कसीओ वा"
4363,"दुसओ तेयालो वा, लेसाणं होइ परिणामो // उत्त.१४०२"
4364,
4365,"पञ्चासवप्पमत्तो, तीहिं अगुत्तो छसुं अविरओ य"
4366,"तिव्वारम्भ परिणओ, खुद्दो साहसिओ नरो // उत्त.१४०३"
4367,
4368,"निद्धन्धस परिणामो, निस्संसो अजिइन्दिओ"
4369,"एयजोगसमाउत्तो, किण्हलेसं तु परिणमे // उत्त.१४०४"
4370,
4371,"इस्सा अमरिस अतवो, अविज्ज माया अहीरिया"
4372,"गेही पओसे य सढे, पमत्ते रसलोलुए सायगवेसए य // उत्त.१४०५"
4373,
4374,"आरम्भओ अविरओ, खुद्दो साहस्सिओ नरो"
4375,"एयजोग समाउत्तो, नीललेसं तु परिणमे // उत्त.१४०६"
4376,
4377,"वङ्के वङ्कसमायारे, नियडिल्ले अनुज्जुए"
4378,"पलिउञ्चग ओवहिए, मिच्छदिट्ठी अनारिए // उत्त.१४०७"
4379,
4380,"उप्फालगदुट्ठवाई य, तेणे यावि य मच्छरी"
4381,"एयजोग समाउत्तो, काऊलेसं तु परिणमे // उत्त.१४०८"
4382,
4383,"नीयावित्ती अचवले, अमाई अकुऊहले"
4384,"विनीय विनए दन्ते, जोगवं उवहाणवं // उत्त.१४०९"
4385,
4386,पियधम्मे दढधम्मे 'वज्जभीरु हिएसए
4387,"एयजोग समाउत्तो, तेऊलेसं तु परिणमे // उत्त.१४१०"
4388,
4389,"पयणु कोहमाणे य, मायालॊभे य पयणुए"
4390,"पसन्तचित्ते दन्तप्पा, जोगवं उवहाणवं // उत्त.१४११"
4391,
4392,"तहा य पयणुवाई य, उवसन्ते जिइन्दिए"
4393,"एयजोग समाउत्तो, पम्हलेसं तु परिणमे // उत्त.१४१२"
4394,
4395,"अट्टरुद्दाणि वज्जित्ता, धम्मसुक्काणि झायए"
4396,"पसन्तचित्ते दन्तप्पा, समिए गुत्ते य गुत्तिसु // उत्त.१४१३"
4397,
4398,"सरागे वीयरागे वा, उवसन्ते जिइन्दिए"
4399,"एयजोगसमाउत्तो, सुक्कलेसं तु परिणमे // उत्त.१४१४"
4400,
4401,"असङ्खिज्जाणोसप्पिणीण, उस्सप्पिणीण जे समया"
4402,"सङ्खाईया लोगा, लेसाण हवन्ति ठाणाइं // उत्त.१४१५"
4403,
4404,"मुहुत्तद्धं तु जहन्ना, तॆत्तीसा सागरा मुहुत्त'हिया"
4405,"उक्कोसा होइ ठिई, नायव्वा किण्हलेसाए // उत्त.१४१६"
4406,
4407,"मुहुत्तद्धं तु जहन्ना, दस उदही पलियमसङ्खभागमब्भहिया"
4408,"उक्कोसा इ ठिई, नायव्वा नीललेसाए // उत्त.१४१७"
4409,
4410,"मुहुत्तद्धं तु जहन्ना, तिण्णुदही पलियमसङ्खभागमब्भहिया"
4411,"उक्कोसा होइ ठिई, नायव्वा काउलेसाए // उत्त.१४१८"
4412,
4413,"मुहुत्तद्धं तु जहन्ना, दॊण्णुदही पलियमसङ्खभागमब्भहिया"
4414,"उक्कोसा होइ ठिई, नायव्वा तेउलेसाए // उत्त.१४१९"
4415,
4416,"मुहुत्तद्धं तु जहन्ना, दस हॊन्ति य सागरा मुहुत्त'हिया"
4417,"उक्कोसा होइ ठिई, नायव्वा सुक्कलेसाए // उत्त.१४२०"
4418,
4419,मुहुत्तद्धं तु जहन्ना तॆत्तीसं सागरा मुहुत्त'हिया
4420,उक्कोसा होइ ठिई नायव्वा सुक्कलेसाए // उत्त.१४२१
4421,
4422,"एसा खलु लेसाणं, ओहेण ठिई उ वण्णिया होइ"
4423,"चउसु वि गईसु ऎत्तो, लेसाण ठिइं तु वॊच्छामि // उत्त.१४२२"
4424,
4425,"दस वाससहस्साइं, काउए ठिई जहन्निया होइ"
4426,"तिण्णुदही पलिओवमं, असङ्खभागं च उक्कोसा // उत्त.१४२३"
4427,
4428,"तिण्णुदही पलिओवमं, असङ्खभागो जहन्नेण नीलठिई"
4429,दसउदही पलिओवमं असङ्खभागं च उक्कोसा // उत्त.१४२४
4430,
4431,दसउदही पलिओवमं असङ्खभागं जहन्निया होइ
4432,"तॆत्तीससागराइं उक्कोसा, होइ किण्हाए लेसाए // उत्त.१४२५"
4433,
4434,"एसा नेरइयाणं, लेसाण ठिई उ वण्णिया होइ"
4435,"तेणं परं वॊच्छामि, तिरियमनुस्साण देवाणं // उत्त.१४२६"
4436,
4437,"अन्तोमुहुत्तमद्धं, लेसाण ठिई जहिं जहिं जा उ"
4438,"तिरियाण नराणं वा, वज्जित्ता केवलं लेसं // उत्त.१४२७"
4439,
4440,"मुहुत्तद्धं तु जहन्ना, उक्कोसा होइ पुव्वकोडीओ"
4441,"नवहिं वरिसेहिं ऊणा, नायव्वा सुक्कलेसाए // उत्त.१४२८"
4442,
4443,"एसा तिरियनराणं, लेसाण ठिई उ वण्णिया होइ"
4444,"तेण परं वॊच्छामि, लेसाण ठिई उ देवाणं // उत्त.१४२९"
4445,
4446,"दस वाससहस्साइं, किण्हाए ठिई जहन्निया होइ"
4447,"पलियमसङ्खिज्जइमो, उक्कोसो होइ किण्हाए // उत्त.१४३०"
4448,
4449,"जा किण्हाए ठिई खलु, उक्कोसा सा उ समयमब्भहिया"
4450,"जहन्नेणं नीलाए, पलियमसङ्खं च उक्कोसा // उत्त.१४३१"
4451,
4452,"जा नीलाए ठिई खलु, उक्कोसा सा उ समयमब्भहिया"
4453,"जहन्नेणं काऊए, पलियमसङ्खं च उक्कोसा // उत्त.१४३२"
4454,
4455,"तेण परं वॊच्छामि, तेऊलेसा जहा सुरगणाणं"
4456,भवणवइवाणमन्तर जोइसवेमाणियाणं च // उत्त.१४३३
4457,
4458,"पलिओवमं जहन्नं, उक्कोसा सागरा उ दुण्ह'हिआ"
4459,"पलियमसङ्खॆज्जेणं, होइ भागेण तेऊए // उत्त.१४३४"
4460,
4461,"दसवाससहस्साइं, तेऊए ठिई जहन्निया होइ"
4462,दुन्नुदही पलिओवम असङ्खभागं च उक्कोसा // उत्त.१४३५
4463,
4464,"जा तेऊए ठिई खलु, उक्कोसा सा उ समयमब्भहिया"
4465,"जहन्नेणं पम्हाए, दस उ मुहुत्त'हियाइं उक्कोसा // उत्त.१४३६"
4466,
4467,"जा पम्हाए ठिई खलु, उक्कोसा सा उ समयमब्भहिया"
4468,"जहन्नेणं सुक्काए, तॆत्तीस मुहुत्तं अब्भहिया // उत्त.१४३७"
4469,
4470,"किण्हा नीला काऊ, तिन्नि वि एयाओ अहम्मलेसाओ"
4471,"एयाहिं तिहिवि जीवो, दुग्गइं उववज्जई बहुसो // उत्त.१४३८"
4472,
4473,"तेऊ पम्हा सुक्का, तिन्निवि एयाओ धम्मलेसाओ"
4474,"एयाहि तिहिवि जीवो, सुग्गइं उववज्जई // उत्त.१४३९"
4475,
4476,"लेसाहिं सव्वाहिं, पढमे समयंमि परिणयाहिं तु,"
4477,"न हु कस्सइ उववाओ, परे भवे अत्थि जीवस्स // उत्त.१४४०"
4478,
4479,"लेसाहिं सव्वाहिं, चरिमे समयंमि परिणयाहिं तु"
4480,"न हु कस्सइ उववाओ, परे भवे होइ जीवस्स // उत्त.१४४१"
4481,
4482,"अन्तमुहुत्तंमि गए, अन्तमुहुत्तंमि सेसए चेव"
4483,"लेसाहि परिणयाहिं, जीवा गच्छन्ति परलोयं // उत्त.१४४२"
4484,
4485,"तम्हा एयासि लेसाणं, अनुभावे वियाणिया"
4486,"अप्पसत्थाओ वज्जित्ता, पसत्थाओ'हिट्ठिए मुनी // उत्त.१४४३"
4487,
4488,त्ति बेमि. 
4489,
4490,
4491,
4492,---------------------------------------------------------------------
4493,[अणगारमग्गगई]
4494,
4495,"सुणेह मे एगग्गमणा, मग्गं बुद्धेहिं देसियं"
4496,"जमायरन्तो भिक्खू, दुक्खाणन्तकरे भवे // उत्त.१४४४"
4497,
4498,"गिहवासं परिच्चज्ज, पवज्जामस्सिए मुनी"
4499,"इमे सङ्गे वियाणिज्जा, जेहिं सज्जन्ति मानवा // उत्त.१४४५"
4500,
4501,"तहेव हिंसं अलियं, चॊज्जं अबम्भसेवणं"
4502,"इच्छाकामं च लॊभं च, सञ्जओ परिवज्जए // उत्त.१४४६"
4503,
4504,"मनोहरं चित्तघरं, मल्लधूवेण वासियं"
4505,"सकवाडं पण्डुरुल्लोयं, मनसा वि न पत्थए // उत्त.१४४७"
4506,
4507,"इन्दियाणि उ भिक्खुस्स, तारिसंमि उव्वस्सए"
4508,"दुक्कराइं निवारेउं, कामरागविवड्ढणे // उत्त.१४४८"
4509,
4510,"सुसाणे सुन्नगारे वा, रुक्खमूले व इक्कओ"
4511,"पइरिक्के परकडे वा, वासं तत्थ'भिरोयए // उत्त.१४४९"
4512,
4513,"फासुयंमि अनाबाहे, इत्थीहिं अनभिद्धुए"
4514,"तत्थ सङ्कप्पए वासं, भिक्खू परमसञ्जए // उत्त.१४५०"
4515,
4516,"न सयं गिहाइं कुव्विज्जा, नेव अन्नेहिं कारए"
4517,"गिहकम्मसमारम्भे, भूयाणं दिस्सए वहो // उत्त.१४५१"
4518,
4519,"तसाणं थावराणं च, सुहुमाणं बादराण य"
4520,"तम्हा गिहसमारम्भं, सञ्जओ परिवज्जए // उत्त.१४५२"
4521,
4522,"तहेव भत्तपानेसु, पयणे पयावणेसु य"
4523,"पाणभूयदयट्ठाए, न पए न पयावए // उत्त.१४५३"
4524,
4525,"जलधन्ननिस्सिया जीवा, पुढवीकट्ठनिस्सिया"
4526,"हम्मन्ति भत्तपानेसु, तम्हा भिक्खू न पयावए // उत्त.१४५४"
4527,
4528,"विसप्पे सव्वओ धारे, बहुपाण विनासणे"
4529,"नत्थि जोइसमे सत्थे, तम्हा जोइं न दीवए // उत्त.१४५५"
4530,
4531,"हिरण्णं जायरूवं च, मनसा वि न पत्थए"
4532,"समलॆट्ठुकञ्चने भिक्खू, विरए कयविक्कए // उत्त.१४५६"
4533,
4534,"किणन्तो कइओ होइ, विक्किणन्तो य वाणिओ"
4535,"कयविक्कयंमि वट्टन्तो, भिक्खू न भवइ तारिसो // उत्त.१४५७"
4536,
4537,"भिक्खियव्वं न केयव्वं, भिक्खुणा भिक्खुवित्तिणा"
4538,"कयविक्कओ महादोसो, भिक्खवित्ती सुहावहा // उत्त.१४५८"
4539,
4540,"समुयाणं उञ्छमेसिज्जा, जहासुत्तमनिन्दियं"
4541,"लाभालाभंमि सन्तुट्ठे, पिण्डवायं चरे मुनी // उत्त.१४५९"
4542,
4543,"अलोले न रसे गिद्धे, जिब्भादन्ते अमुच्छिए"
4544,"न रसट्ठाए भुञ्जिज्जा, जवणट्ठाए महामुनी // उत्त.१४६०"
4545,
4546,"अच्चणं रयणं चेव, वन्दनं पूयणं तहा"
4547,"इड्ढीसक्कारसम्माणं, मनसा वि न पत्थए // उत्त.१४६१"
4548,
4549,"सुक्कं ज्झाणं झियाऎज्जा, अनियाणे अकिञ्चने"
4550,"वोसट्ठकाए विहरॆज्जा, जाव कालस्स पज्जओ // उत्त.१४६२"
4551,
4552,"निज्जूहिऊणं आहारं, कालधम्मे उवट्ठिए"
4553,"जहिऊण मानुसं बॊन्दिं, पहू दुक्खा विमुच्चई // उत्त.१४६३"
4554,
4555,"निमम्मे निरहङ्कारो, वीयरागो अनासवो"
4556,"सम्पत्तो केवलं नाणं, सासयं परिनिव्वुए // उत्त.१४६४"
4557,
4558,त्ति बेमि. 
4559,
4560,
4561,
4562,---------------------------------------------------------------------
4563,[जीवाजीवविभत्ती]
4564,
4565,"जीवाजीवविभत्तिं, सुणेह मे एगमना इओ"
4566,"जं जाणिऊण भिक्खू, सम्मं जयइ सञ्जमे // उत्त.१४६५"
4567,
4568,"जीवा चेव अजीवा य, एस लोए वियाहिए"
4569,"अजीव देसमागासे, अलोए से वियाहिए // उत्त.१४६६"
4570,
4571,"दव्वओ खॆत्तओ चेव, कालओ भावओ तहा"
4572,"परूवणा तेसिं भवे, जीवाणमजीवाण य // उत्त.१४६७"
4573,
4574,"रूविणो चेव अरूवी य, अजीवा दुविहा भवे"
4575,"अरूवी दसहा वुत्ता, रूविणो य चउव्विहा // उत्त.१४६८"
4576,
4577,"धम्मत्थिकाए तद्देसे, तप्पएसे य आहिए"
4578,"अहम्मे तस्स देसे य, तप्पएसे य आहिए // उत्त.१४६९"
4579,
4580,"आगासे तस्स देसे य, तप्पएसे य आहिए"
4581,"अद्धासमए चेव, अरूवी दसहा भवे // उत्त.१४७०"
4582,
4583,"धम्माधम्मे य दो चेव, लोगमित्ता वियाहिया"
4584,"लोगालोगे य आगासे, समए समयखॆत्तिए // उत्त.१४७१"
4585,
4586,"धम्माधम्मागासा, तिन्नि वि एए अनाइया"
4587,"अपज्जवस्सिया चेव, सव्वद्धं तु वियाहिया // उत्त.१४७२"
4588,
4589,"समए वि सन्तइं पप्प, एवमेव वियाहिए"
4590,"आएसं पप्प साइए, सपज्जवसिए वि य // उत्त.१४७३"
4591,
4592,"खन्धा य खन्धदेसा य, तप्पएसा तहेव य"
4593,"परमाणुणो य बॊद्धव्वा, रूविणो य चउव्विहा // उत्त.१४७४"
4594,
4595,एगत्तेण पुहुत्तेण खन्धा य परमाणु य
4596,"लोएगदेसे लोए य, भइयव्वा ते उ खॆत्तओ ।। [सुहुमा सव्वलोगंमि, लोगदेसे य बायरा । इत्तो कालविभागं तु, तेसिं वुच्छं चउव्विहं ।।] // उत्त.१४७५"
4597,
4598,"सन्तइं पप्प ते'नाई, अपज्जवसिया वि य"
4599,"ठिइं पडुच्च साइया, सपज्जवसिया वि य // उत्त.१४७६"
4600,
4601,"असङ्खकालमुक्कोसं, इक्कं समयं जहन्नयं"
4602,"अजीवाण य रूवीणं, ठिई एसा वियाहिया // उत्त.१४७७"
4603,
4604,"अनन्तकालमुक्कोसं, इक्कं समयं जहन्नयं"
4605,"अजीवाण य रूवीणं, अन्तरेयं वियाहियं // उत्त.१४७८"
4606,
4607,"वण्णओ गन्धओ चेव, रसओ फासओ तहा"
4608,"सण्ठाणओ य विण्णेओ, परिणामो तेसिं पञ्चहा // उत्त.१४७९"
4609,
4610,"वण्णओ परिणया जे उ, पञ्चहा ते पकित्तिया"
4611,"किण्हा नीला य लोहिया, हालिद्दा सुक्किला तहा // उत्त.१४८०"
4612,
4613,"गन्धओ परिणया जे उ, दुविहा ते वियाहिया"
4614,"सुब्भिगन्ध परिणामा, दुब्भिगन्धा तहेव य // उत्त.१४८१"
4615,
4616,"रसओ परिणया जे उ, पञ्चहा ते पकित्तिया"
4617,"तित्त-कडुय-कसाया, अम्बिला महुरा तहा // उत्त.१४८२"
4618,
4619,"फासओ परिणया जे उ, अट्ठहा ते पकित्तिया"
4620,"कक्खडा मउया चेव, गुरुया लहुया तहा // उत्त.१४८३"
4621,
4622,"सीया उण्हा य णिद्धा य, तहा लुक्खा य आहिया"
4623,"इय फास-परिणया एए, पुग्गला समुदाहिया // उत्त.१४८४"
4624,
4625,"सण्ठाणओ परिणया जे उ, पञ्चहा ते पकित्तिया"
4626,"परिमण्डला य वट्टा य, तंसा चउरंसमायया // उत्त.१४८५"
4627,
4628,"वण्णओ जे भवे किण्हे, भइए से उ गन्धओ"
4629,"रसओ फासओ चेव, भइए सण्ठाणओ वि य // उत्त.१४८६"
4630,
4631,"वण्णओ जे भवे नीले, भइए से उ गन्धओ"
4632,"रसओ फासओ चेव, भइए सण्ठाणओ वि य // उत्त.१४८७"
4633,
4634,"वण्णओ लोहिए जे उ, भइए से उ गन्धओ"
4635,"रसओ फासओ चेव, भइए सण्ठाणओ वि य // उत्त.१४८८"
4636,
4637,"वण्णओ पीयए जे उ, भइए से उ गन्धओ"
4638,"रसओ फासओ चेव, भइए सण्ठाणओ वि य // उत्त.१४८९"
4639,
4640,"वण्णओ सुक्किले जे उ, भइए से उ गन्धओ"
4641,"रसओ फासओ चेव, भइए सण्ठाणओ वि य // उत्त.१४९०"
4642,
4643,"गन्धओ जे भवे सुब्भी, भइए से उ वण्णओ"
4644,"रसओ फासओ चेव, भइए सण्ठाणओ वि य // उत्त.१४९१"
4645,
4646,"गन्धओ जे भवे दुब्भी, भइए से उ वण्णओ"
4647,"रसओ फासओ चेव, भइए सण्ठाणओ वि य // उत्त.१४९२"
4648,
4649,"रसओ तित्तए जे उ, भइए से उ वण्णओ"
4650,"गन्धओ फासओ चेव, भइए सण्ठाणओ वि य // उत्त.१४९३"
4651,
4652,"रसओ कडुए जे उ, भइए से उ वण्णओ"
4653,"गन्धओ फासओ चेव, भइए सण्ठाणओ वि य // उत्त.१४९४"
4654,
4655,"रसओ कसाए जे उ, भइए से उ वण्णओ"
4656,"गन्धओ फासओ चेव, भइए सण्ठाणओ वि य // उत्त.१४९५"
4657,
4658,"रसओ अम्बिले जे उ, भइए से उ वण्णओ"
4659,"गन्धओ फासओ चेव, भइए सण्ठाणओ वि य // उत्त.१४९६"
4660,
4661,"रसओ महुरए जे उ, भइए से उ वण्णओ"
4662,"गन्धओ फासओ चेव, भइए सण्ठाणओ वि य // उत्त.१४९७"
4663,
4664,"फासओ कक्खडे जे उ, भइए से उ वण्णओ"
4665,"गन्धओ रसओ चेव, भइए सण्ठाणओ वि य // उत्त.१४९८"
4666,
4667,"फासओ मउए जे उ, भइए से उ वण्णओ"
4668,"गन्धओ रसओ चेव, भइए सण्ठाणओ वि य // उत्त.१४९९"
4669,
4670,"फासओ गुरुए जे उ, भइए से उ वण्णओ"
4671,"गन्धओ रसओ चेव, भइए सण्ठाणओ वि य // उत्त.१५००"
4672,
4673,"फासओ लहुए जे उ, भइए से उ वण्णओ"
4674,"गन्धओ रसओ चेव, भइए सण्ठाणओ वि य // उत्त.१५०१"
4675,
4676,"फासओ सीयए जे उ, भइए से उ वण्णओ"
4677,"गन्धओ रसओ चेव, भइए सण्ठाणओ वि य // उत्त.१५०२"
4678,
4679,"फासओ उण्हए जे उ, भइए से उ वण्णओ"
4680,"गन्धओ रसओ चेव, भइए सण्ठाणओ वि य // उत्त.१५०३"
4681,
4682,"फासओ निद्धए जे उ, भइए से उ वण्णओ"
4683,"गन्धओ रसओ चेव, भइए सण्ठाणओ वि य // उत्त.१५०४"
4684,
4685,"फासओ लुक्खए जे उ, भइए से उ वण्णओ"
4686,"गन्धओ रसओ चेव, भइए सण्ठाणओ वि य // उत्त.१५०५"
4687,
4688,"परिमण्डल-सण्ठाणे, भइए से उ वण्णओ"
4689,"गन्धओ रसओ चेव, भइए फासओ वि य // उत्त.१५०६"
4690,
4691,"सण्ठाणओ भवे वट्टे, भइए से उ वण्णओ"
4692,"गन्धओ रसओ चेव, भइए फासओ वि य // उत्त.१५०७"
4693,
4694,सण्ठाणओ भवे तंसे भइए से उ वण्णओ
4695,"गन्धओ रसओ चेव, भइए फासओ वि य // उत्त.१५०८"
4696,
4697,"सण्ठाणओ जे चउरंसे, भइए से उ वण्णओ"
4698,"गन्धओ रसओ चेव, भइए फासओ वि य // उत्त.१५०९"
4699,
4700,जे आययसण्ठाणे भइए से उ वण्णओ
4701,"गन्धओ रसओ चेव, भइए फासओ वि य // उत्त.१५१०"
4702,
4703,"एसा अजीव-विभत्ती, समासेण वियाहिया"
4704,"इत्तो जीवविभत्तिं, वुच्छामि अनुपुव्वसो // उत्त.१५११"
4705,
4706,"संसारत्था य सिद्धा य, दुविहा जीवा वियाहिया"
4707,"सिद्धा नेगविहा वुत्ता, तं मे कित्तयओ सुण // उत्त.१५१२"
4708,
4709,"इत्थी पुरिस-सिद्धा य, तहेव य नपुंसगा"
4710,"सलिङ्गे अन्नलिङ्गे य, गिहिलिङ्गे तहेव य // उत्त.१५१३"
4711,
4712,"उक्कोसोगाहणाए य, जहन्नमज्झिमाइ य"
4713,"उड्ढं अहे य तिरियं च, समुद्दंमि जलंमि य // उत्त.१५१४"
4714,
4715,"दस य नपुंसएसु, बीसं इत्थियासु य"
4716,"पुरिसेसु य अट्ठसयं, समए नेगेण सिज्झइ // उत्त.१५१५"
4717,
4718,"चत्तारि य गिहिलिङ्गे, अन्नलिङ्गे दसेव य"
4719,"सलिङ्गेण अट्ठसयं, समए नेगेण सिज्झइ // उत्त.१५१६"
4720,
4721,"उक्कोस्सोगाहणाए य, सिज्झन्ते जुगवं दुवे"
4722,"चत्तारि जहन्नाए, जवमज्झॆट्ठुत्तरं सयं // उत्त.१५१७"
4723,
4724,"चउरुड्ढलोए य दुवे समुद्दे, तओ जले वीसमहे तहेव य"
4725,"सयं च अट्ठुत्तरं तिरिय लोए, समए नेगेण सिज्झइ धुवं // उत्त.१५१८"
4726,
4727,"कहिं पडिहया सिद्धा?, कहिं सिद्धा पइट्ठिया?,"
4728,"कहिं बॊन्दि चइत्ताणं?, कत्थ गन्तूण सिज्झइ? // उत्त.१५१९"
4729,
4730,"अलोए पडिहया सिद्धा, लोयग्गे य पइट्ठिया"
4731,"इहं बॊन्दिं चइत्ताणं, तत्थ गन्तूण सिज्झइ // उत्त.१५२०"
4732,
4733,"बारसहिं जोयणेहिं, सव्वट्ठस्सुवरिं भवे"
4734,"ईसिपब्भार-नामा उ, पुढवी छत्त-सण्ठिया // उत्त.१५२१"
4735,
4736,"पणयाल सयसहस्सा, जोयणाणं तु आयया"
4737,"तावइयं चेव वित्थिण्णा, तिगुणो साहिय परिरओ // उत्त.१५२२"
4738,
4739,"अट्ठजोयण-बाहल्ला, सा मज्झंमि वियाहिया"
4740,"परिहायन्ति चरिमन्ते, मच्छिपत्ताउ तनुयरी // उत्त.१५२३"
4741,
4742,"अज्जुणसुवण्णगमई, सा पुढवी निम्मला सहावेणं"
4743,"उत्ताणगच्छत्तयसण्ठिया य, भणिया जिनवरेहिं // उत्त.१५२४"
4744,
4745,"सङ्खं ककुन्द सङ्कासा, पण्डुरा निम्मला सुहा"
4746,"सीयाए जोयणे तत्तो, लोयन्तो उ वियाहिओ // उत्त.१५२५"
4747,
4748,"जोयणस्स उ जो तत्थ, कोसो उवरिमो भवे"
4749,"तस्स कोसस्स छब्भाए, सिद्धाणोगाहणा भवे // उत्त.१५२६"
4750,
4751,"तत्थ सिद्धा महाभागा, लोगग्गंमि पइट्ठिया"
4752,"भवप्पपञ्चओ मुक्का, सिद्धिं वरगइं गया // उत्त.१५२७"
4753,
4754,"उस्सेहो जस्स जो होइ, भवंमि चरिमंमि उ"
4755,"तिभागहीना तत्तो य, सिद्धाणोगाहणा भवे // उत्त.१५२८"
4756,
4757,"एगत्तेण साइया, अपज्जवसिया वि य"
4758,"पुहत्तेण अनाइया, अपज्जवसिया वि य // उत्त.१५२९"
4759,
4760,"अरूविणो जीवघना, नाणदंसण-सन्निया"
4761,"अउलं सुहं सम्पत्ता, उवमा जस्स नत्थि उ // उत्त.१५३०"
4762,
4763,"लोगेगदेसे ते सव्वे, नाणदंसण-सन्निया"
4764,"संसारपारनित्थिण्णा, सिद्धिं वरगई गया // उत्त.१५३१"
4765,
4766,"संसारत्था उ जे जीवा, दुविहा ते वियाहिया"
4767,"तसा य थावरा चेव, थावरा तिविहा तहिं // उत्त.१५३२"
4768,
4769,"पुढवी आउ-जीवा य, तहेव य वणस्सई"
4770,"इच्चेए थावरा तिविहा, तेसिं भेए सुणेह मे // उत्त.१५३३"
4771,
4772,"दुविहा पुढवी जीवा य, सुहुमा बायरा तहा"
4773,"पज्जत्तं अपज्जत्ता, एवमेए दुहा पुणो // उत्त.१५३४"
4774,
4775,"बायरा जे उ पज्जत्ता, दुविहा ते वियाहिया"
4776,"सण्हा खरा य बॊधव्वा, सण्हा सत्तविहा तहिं // उत्त.१५३५"
4777,
4778,किण्हा नीला य रुहिरा हालिद्दा सुक्किला तहा
4779,"पण्डुपणग मट्टिया, खरा छत्तीसईविहा // उत्त.१५३६"
4780,
4781,"पुढवी य सक्करा वालुया य, उवले सिला य लोणूसे"
4782,"अय तम्ब तउय सीसग, रुप्पसुवण्णे य वइरे य // उत्त.१५३७"
4783,
4784,"हरियाले हिङ्गुलुए, मनोसिला सासगञ्जण-पवाले"
4785,"अब्भपडल 'ब्भवालुय, बायरकाए मणिविहाणा // उत्त.१५३८"
4786,
4787,"गोमॆज्जए य रुयगे, अङ्के फलिहे य लोहियक्खे य"
4788,"मरगय मसारगल्ले, भुयमोयग इन्दनीले य // उत्त.१५३९"
4789,
4790,"चन्दन गेरुय हंसगब्भे, पुलए सोगन्धिए य बॊधव्वे"
4791,"चन्दप्पह वेरुलिए, जलकन्ते सूरकन्ते य // उत्त.१५४०"
4792,
4793,"एए खरपुढवीए, भेया छत्तीसमाहिया"
4794,"एगविहमनाणत्ता, सुहुमा तत्थ वियाहिया // उत्त.१५४१"
4795,
4796,"सुहुमा य सव्वलोगंमि, लोगदेसे य बायरा"
4797,"इत्तो कालविभागं तु, वुच्छं तेसिं चउव्विहं // उत्त.१५४२"
4798,
4799,"सन्तइं पप्प'नाईया, अपज्जवसिया वि य"
4800,"ठिइं पडुच्च साईया, सपज्जवसिया वि य // उत्त.१५४३"
4801,
4802,"बावीस सहस्साइं, वासाणुक्कोसिया भवे"
4803,"आउठिई पुढवीणं, अन्तोमुहुत्तं जहन्निया // उत्त.१५४४"
4804,
4805,"असङ्खकालमुक्कोसा, अन्तोमुहुत्तं जहन्निया"
4806,"कायठिई पुढवीणं, तं कायं तु अमुञ्चओ // उत्त.१५४५"
4807,
4808,"अनन्तकालमुक्कोसं, अन्तोमुहुत्तं जहन्नयं"
4809,"विजढंमि सए काए, पुढवी जीवाण अन्तरं // उत्त.१५४६"
4810,
4811,"एएसिं वण्णओ चेव, गन्धओ रस-फासओ"
4812,"सण्ठाणदेसओ वावि, विहाणाइं सहस्सओ // उत्त.१५४७"
4813,
4814,"दुविहा आउजीवा उ, सुहुमा बायरा तहा"
4815,"पज्जत्तं अपज्जत्ता, एवमेए दुहा पुणो // उत्त.१५४८"
4816,
4817,"बायरा जे उ पज्जत्ता, पञ्चहा ते पकित्तिया"
4818,"सुद्धोदए य उस्से य, हरतनू महिया हिमे // उत्त.१५४९"
4819,
4820,"एगविहमनाणत्ता, सुहुमा तत्थ वियाहिया"
4821,"सुहुमा सव्वलोगंमि, लोगदेसे य बायरा // उत्त.१५५०"
4822,
4823,"सन्तइं पप्पणाइया, अपज्जवसिया वि य"
4824,"ठिइं पडुच्च साइया, सपज्जवसिया वि य // उत्त.१५५१"
4825,
4826,"सत्तेव सहस्साइं, वासाणुक्कोसिया भवे"
4827,"आउठिई आऊणं, अन्तोमुहुत्तं जहन्नियं // उत्त.१५५२"
4828,
4829,"असङ्खकालमुक्कोसं, अन्तोमुहुत्तं जहन्नयं"
4830,"कायठिई आऊणं, तं कायं तु अमुञ्चओ // उत्त.१५५३"
4831,
4832,"अनन्तकालमुक्कोसं, अन्तोमुहुत्तं जहन्नयं"
4833,"विजढंमि सए काए, आउजीवाण अन्तरं // उत्त.१५५४"
4834,
4835,"एएसिं वण्णओ चेव, गन्धओ रस-फासओ"
4836,"सण्ठाणादेसओ वावि, विहाणाइं सहस्ससो // उत्त.१५५५"
4837,
4838,"दुविहा वणस्सई जीवा, सुहुमा बायरा तहा"
4839,"पज्जत्तं अपज्जत्ता, एवमेए दुहा पुणो // उत्त.१५५६"
4840,
4841,"बायरा जे उ पज्जत्ता, दुविहा ते वियाहिया"
4842,"साहारण सरीरा य, पत्तेगा य तहेव य // उत्त.१५५७"
4843,
4844,पत्तेग-सरीराउ नेगहा ते पकित्तिया
4845,"रुक्खा गुच्छा य गुम्मा य, लया वल्ली तणा तहा // उत्त.१५५८"
4846,
4847,"वलया पव्वगा कुहणा, जलरुहा ओसही तहा"
4848,"हरियकाया उ बॊधव्वा, पत्तेगाइ वियाहिया // उत्त.१५५९"
4849,
4850,"साहारण सरीराओ, नेगहा ते पकित्तिया"
4851,"आलुए मूलए चेव, सिङ्गबेरे तहेव य // उत्त.१५६०"
4852,
4853,"हिरिली सिरिली सस्सिरिली, जावई के य कन्दली"
4854,"पलण्डु ल्हसुण कन्दे य, कन्दली य कुहुव्वए // उत्त.१५६१"
4855,
4856,"लोहि णीहू य थीहू य, कुहगा य तहेव य"
4857,"कण्हे य वज्जकन्दे य, कन्दे सूरणए तहा // उत्त.१५६२"
4858,
4859,"अस्सकण्णी य बॊधव्वा, सीहकण्णी तहेव य"
4860,"मुसुण्ढी य हलिद्दा य, नेगहा एवमायओ // उत्त.१५६३"
4861,
4862,"एगविहमनाणत्ता, सुहुमा तत्थ वियाहिया"
4863,"सुहुमा सव्वलोगंमि, लोगदेसे य बायरा // उत्त.१५६४"
4864,
4865,"सन्तइं पप्पणाइया, अपज्जवसिया वि य"
4866,"ठिई पडुच्च साइया, सपज्जवसिया वि य // उत्त.१५६५"
4867,
4868,"दस चेव सहस्साइं, वासाणुक्कोसिया भवे"
4869,"वणस्सईणं आउं तु, अन्तोमुहुत्तं जहन्नयं // उत्त.१५६६"
4870,
4871,"अनन्तकालमुक्कोसा, अन्तोमुहुत्तं जहन्निया"
4872,"कायठिई पणगाणं, तं कायं तु अमुञ्चओ // उत्त.१५६७"
4873,
4874,"असङ्खकालमुक्कोसं, अन्तोमुहुत्तं जहन्नयं"
4875,"विजढंमि सए काए, पणगजीवाण अन्तरं // उत्त.१५६८"
4876,
4877,"एएसिं वण्णओ चेव, गन्धओ रस-फासओ"
4878,"सण्ठाणादेसओ वावि, विहाणाइं सहस्ससो // उत्त.१५६९"
4879,
4880,"इच्चेए थावरा तिविहा, समासेण वियाहिया"
4881,"इत्तो उ तसे तिविहे, वुच्छामि अनुपुव्वसो // उत्त.१५७०"
4882,
4883,"तेऊ वाऊ य बॊधव्वा, उराला य तसा तहा"
4884,"इच्चेए तसा तिविहा, तेसिं भेए सुणेह मे // उत्त.१५७१"
4885,
4886,"दुविहा तेऊ जीवा उ, सुहुमा बायरा तहा"
4887,"पज्जत्तमपज्जत्ता, एवमेए दुहा पुणो // उत्त.१५७२"
4888,
4889,"बायरा जे उ पज्जत्ता, नेगहा ते वियाहिया"
4890,"इङ्गाले मुम्मुरे अगनी, अच्चिजाला तहेव य // उत्त.१५७३"
4891,
4892,"उक्का विज्जू य बॊधव्वा, नेगहा एवमेयओ"
4893,"एगविहमनाणत्ता, सुहुमा ते वियाहिया // उत्त.१५७४"
4894,
4895,"सुहुमा सव्वलोगंमि, लोगदेसे य बायरा"
4896,"इत्तो कालविभागं तु, तेसिं वुच्छं चउव्विहं // उत्त.१५७५"
4897,
4898,"सन्तइं पप्पणाइया, अपज्जवसिया वि य"
4899,"ठिइं पडुच्च साइया, सपज्जवसिया वि य // उत्त.१५७६"
4900,
4901,"त्तिन्नेव अहोरत्ता, उक्कोसेण वियाहिया"
4902,"आउठिई तेऊणं, अन्तोमुहुत्तं जहन्नियं // उत्त.१५७७"
4903,
4904,"असङ्खकालमुक्कोसा, अन्तोमुहुत्तं जहन्निया"
4905,"कायठिई तेऊणं, तं कायं तु अमुञ्चओ // उत्त.१५७८"
4906,
4907,"अनन्तकालमुक्कोसं, अन्तोमुहुत्तं जहन्नयं"
4908,"विजढंमि सए काए, तेऊ जीवाण अन्तरं // उत्त.१५७९"
4909,
4910,"एएसिं वण्णओ चेव, गन्धओ रस-फासओ"
4911,"सण्ठाणादेसओ वावि, विहाणाइं सहस्ससो // उत्त.१५८०"
4912,
4913,"दुविहा वाउजीवा उ, सुहुमा बायरा तहा"
4914,"पज्जत्तमपज्जत्ता, एवमेव दुहा पुणो // उत्त.१५८१"
4915,
4916,"बायरा जे उ पज्जत्ता, पञ्चहा ते पकित्तिया"
4917,"उक्कलिया मण्डलिया, घनगुञ्जा सुद्धवाया य // उत्त.१५८२"
4918,
4919,"संवट्टगवाए य, नेगहा एवमायओ"
4920,"एगविहमनाणत्ता, सुहुमा तत्थ वियाहिया // उत्त.१५८३"
4921,
4922,"सुहुमा सव्वलोगंमि, लोगदेसे य बायरा"
4923,"इत्तो कालविभागं तु, तेसिं वुच्छं चउव्विहं // उत्त.१५८४"
4924,
4925,"सन्तइं पप्पणाइया, अपज्जवसिया वि य"
4926,"ठिइं पडुच्चं साइया, सपज्जवसिया वि य // उत्त.१५८५"
4927,
4928,"तिन्नेव सहस्साइं, वासाणुक्कोसिया भवे"
4929,"आउठिई वाऊणं, अन्तोमुहुत्तं जहन्निया // उत्त.१५८६"
4930,
4931,"असङ्खखालमुक्कोसा, अन्तोमुहुत्तं जहन्निया"
4932,"कायठिई वाऊणं, तं कायं तु अमुञ्चओ // उत्त.१५८७"
4933,
4934,"अनन्तकालमुक्कोसं, अन्तोमुहुत्तं जहन्नयं"
4935,"विजढंमि सए काए, वाऊजीवाण अन्तरं // उत्त.१५८८"
4936,
4937,"एएसिं वण्णओ चेव, गन्धओ रस-फासओ"
4938,"सण्ठाणादेसओ वावि, विहाणाइं सहस्ससो // उत्त.१५८९"
4939,
4940,"उराला य तसा जे उ, चउहा ते पकित्तिया"
4941,"बेइन्दिया-तेइन्दिया, चउरो पञ्चिन्दिया चेव // उत्त.१५९०"
4942,
4943,"बेइन्दिया उ जे जीवा, दुविहा ते पकित्तिया"
4944,"पज्जत्तं अपज्जत्ता, तेसिं भेए सुणेह मे // उत्त.१५९१"
4945,
4946,"किमिणो सोमङ्गला चेव, अलसा माइवाहया"
4947,"वासीमुहा य सिप्पीया, सङ्खा सङ्खणगा तहा // उत्त.१५९२"
4948,
4949,"पल्लोयाणुल्लया चेव, तहेव य वराडगा"
4950,"जलूगा जालगा चेव, चन्दना य तहेव य // उत्त.१५९३"
4951,
4952,इइ बेइन्दिया एए नेगहा एवमायओ
4953,"लोगेगदेसे ते सव्वे, न सव्वत्थ वियाहिया // उत्त.१५९४"
4954,
4955,"सन्तइं पप्पणाइया, अपज्जवसिया वि य"
4956,"ठिइं पडुच्च साइया, सपज्जवसिया वि य // उत्त.१५९५"
4957,
4958,"वासाइं बारसा चेव, उक्कोसेण वियाहिया"
4959,"बेइन्दिय आउठिई, अन्तोमुहुत्तं जहन्निया // उत्त.१५९६"
4960,
4961,"सङ्खिज्जकालमुक्कोसा, अन्तोमुहुत्तं जहन्निया"
4962,"बेइन्दिय कायठिई, तं कायं तु अमुञ्चओ // उत्त.१५९७"
4963,
4964,"अनन्तकालमुक्कोसं, अन्तोमुहुत्तं जहन्नयं"
4965,"बेइन्दिय-जीवाणं, अन्तरं च वियाहियं // उत्त.१५९८"
4966,
4967,"एएसिं वण्णओ चेव, गन्धओ रस-फासओ"
4968,"सण्ठाणादेसओ वावि, विहाणाइं सहस्ससो // उत्त.१५९९"
4969,
4970,"तेइन्दिया उ जे जीवा, दुविहा ते पकित्तिया"
4971,"पज्जत्तं अपज्जत्ता, तेसिं भेए सुणेह मे // उत्त.१६००"
4972,
4973,"कुन्थुपिवीलिउद्दंसा, उक्कलुद्देहिया तहा"
4974,"तणहारा कट्ठहारा य, मालूगा पत्तहारगा // उत्त.१६०१"
4975,
4976,"कप्पास'ट्ठिंमिजाया, तिन्दुगा तउसमिञ्जगा"
4977,"सदावरी य गुम्मी य, बॊधव्वा इन्दगाइया // उत्त.१६०२"
4978,
4979,"इन्दगोवसमाइया, नेगहा एवमायओ"
4980,"लोगेगदेसे ते सव्वे, न सव्वत्थ वियाहिया // उत्त.१६०३"
4981,
4982,"सन्तइं पप्पणाइया, अप्पज्जवसिया वि य"
4983,"ठिइं पडुच्च साइया, सप्पज्जवसिया वि य // उत्त.१६०४"
4984,
4985,"एगूणपन्नहोरत्ता, उक्कोसेण वियाहिया"
4986,"तेइन्दिय आउठिई, अन्तोमुहुत्तं जहन्निया // उत्त.१६०५"
4987,
4988,"सङ्खिज्जकालमुक्कोसा, अन्तोमुहुत्तं जहन्निया"
4989,"तेइन्दिय-कायठिई, तं कायं तु अमुञ्चओ // उत्त.१६०६"
4990,
4991,"अनन्तकालमुक्कोसं, अन्तोमुहुत्तं जहन्नयं"
4992,"तेइन्दिय-जीवाणं, अन्तरं तु वियाहियां // उत्त.१६०७"
4993,
4994,"एएसिं वण्णओ चेव, गन्धओ रस-फासओ"
4995,"सण्ठाणादेसओ वावि, विहाणाइं सहस्ससो // उत्त.१६०८"
4996,
4997,"चउरिन्दिया उ जे जीवा, दुविहा ते पकित्तिया"
4998,"पज्जत्तं अपज्जत्ता, तेसिं भेए सुणेह मे // उत्त.१६०९"
4999,
5000,"अन्धिया पॊत्तिया चेव, मुच्छिया मसगा तहा"
5001,"भमरे कीडपयङ्गे य, ढिङ्कुणे कुङ्कणे तहा // उत्त.१६१०"
5002,
5003,"कुक्कुडे सिङ्गिरीडी य, नन्दावत्ते य विच्छुए"
5004,"डोले भिङ्गिरीडी य, विरिली अच्छिवेहए // उत्त.१६११"
5005,
5006,"अच्छिरे माहले अच्छि, रोडए विचित्ते चित्तपत्तए"
5007,"ओहिञ्जलिया जलकारी य, नियया तम्बबगाइया // उत्त.१६१२"
5008,
5009,"इय चउरिन्दिया एए, नेगहा एवमायओ"
5010,लोगस्स एगदेसंमि ते सव्वे परिकित्तिया // उत्त.१६१३
5011,
5012,"सन्तइ पप्प णाइया, अपज्जवसिया वि य"
5013,"ठिइं पडुच्च साइया, सपज्जवसिया वि य // उत्त.१६१४"
5014,
5015,"छच्चेव य मासा उ, उक्कोसेण वियाहिया"
5016,"चउरिन्दिय आउठिई, अन्तोमुहुत्तं जहन्निया // उत्त.१६१५"
5017,
5018,"सङ्खिज्जकालमुक्कोसं, अन्तोमुहुत्तं जहन्नियं"
5019,"चउरिन्दिय कायठिई, तं कायं तु अमुञ्चओ // उत्त.१६१६"
5020,
5021,"अनन्तकालमुक्कोसं, अन्तोमुहुत्तं जहन्नयं"
5022,"विजढमिं सए काए, अन्तरं च वियाहियं // उत्त.१६१७"
5023,
5024,"एएसिं वण्णओ चेव, गन्धओ रस-फासओ"
5025,"सण्ठाणादेसओ वावि, विहाणाइं सहस्ससो // उत्त.१६१८"
5026,
5027,"पञ्चिन्दिया उ जे जीवा, चउव्विहा ते वियाहिया"
5028,"नेरइया तिरिक्खा य, मनुया देवा य आहिया // उत्त.१६१९"
5029,
5030,"नेरइया सत्तविहा, पुढवीसु सत्तसु भवे"
5031,"रयणाभा सक्कराभा, वालुयाभा य आहिया // उत्त.१६२०"
5032,
5033,"पङ्काभा धुमाभा, तमा तमतमा तहा"
5034,"इइ नेरइया एए, सत्तहा परिकित्तिया // उत्त.१६२१"
5035,
5036,"लोगस्स एगदेसंमि, ते सव्वे उ वियाहिया"
5037,"इत्तो कालविभागं तु, तेसिं वुच्छं चउव्विहं // उत्त.१६२२"
5038,
5039,"सन्तइं पप्पणाइया, अपज्जवसिया वि य"
5040,"ठिइं पडुच्च साइया, सपज्जवसिया य // उत्त.१६२३"
5041,
5042,"सागरोवममेगं तु, उक्कोसेण वियाहिया"
5043,"पढमाए जहन्नेणं, दसवाससहस्सिया // उत्त.१६२४"
5044,
5045,"तिन्नेव सागराऊ, उक्कोसेण वियाहिया"
5046,"दॊच्चाए जहन्नेणं, एगं तु सागरोवमं // उत्त.१६२५"
5047,
5048,"सत्तेव सागराऊ, उक्कोसेण वियाहिया"
5049,"तइयाए जहन्नेणं, तिन्नेव सागरोवमा // उत्त.१६२६"
5050,
5051,"दस सागरोवमाऊ, उक्कोसेण वियाहिया"
5052,"चउत्थीए जहन्नेणं, सत्तेव सागरोवमा // उत्त.१६२७"
5053,
5054,"सत्तरस सागराऊ, उक्कोसेण वियाहिया"
5055,"पञ्चमाए जहन्नेणं, दस चेव सागरोवमा // उत्त.१६२८"
5056,
5057,"बावीस सागराऊ, उक्कोसेण वियाहिया"
5058,"छट्ठीए जहन्नेणं, सत्तरस सागरोवमा // उत्त.१६२९"
5059,
5060,"तॆत्तीसं सागराऊ, उक्कोसेण वियाहिया"
5061,"सत्तमाए, जहन्नेणं, बावीसं सागरोवमा // उत्त.१६३०"
5062,
5063,"जा चेव य आउठिई, नेरइयाणं वियाहिया"
5064,"सा तेसिं कायठिई, जहन्नुक्कोसिया भवे // उत्त.१६३१"
5065,
5066,"अनन्तकालमुक्कोसं, अन्तोमुहुत्तं जहन्नयं"
5067,"विजढंमि सए काए, नेरइयाणं तु अन्तरं // उत्त.१६३२"
5068,
5069,"एएसिं वण्णओ चेव, गन्धओ रस-फासओ"
5070,"सण्ठाणादेसओ वावि, विहाणाइं सहस्ससो // उत्त.१६३३"
5071,
5072,"पञ्चिन्दियतिरिक्खाओ, दुविहा ते वियाहिया"
5073,"सम्मुच्छिम-तिरिक्खाओ, गब्भवक्कन्तिया तहा // उत्त.१६३४"
5074,
5075,"दुविहा वि ते भवे तिविहा, जलयरा थलयरा तहा"
5076,"खहयरा य बॊधव्वा, तेसिं भेए सुणेह मे // उत्त.१६३५"
5077,
5078,"मच्छा य कच्छभा य, गाहा य मगरा तहा"
5079,"सुंसुमारा य बॊधव्वा, पञ्चहा जलयरा''हिया // उत्त.१६३६"
5080,
5081,"लोएगदेसे ते सव्वे, न सव्वत्थ वियाहिया"
5082,"इत्तो कालविभागं तु, तेसिं वुच्छं चउव्विहं // उत्त.१६३७"
5083,
5084,"सन्तइं पप्पणाइया, अपज्जवसिया वि य"
5085,"ठिइं पडुच्च साइया, सपज्जवसिया वि य // उत्त.१६३८"
5086,
5087,"एगा य पुव्वकोडी उ, उक्कोसेण वियाहिया"
5088,"आउठिई जलयराणं, अन्तोमुहुत्तं जहन्निया // उत्त.१६३९"
5089,
5090,"पुव्वकोडिपुहत्तं तु, उक्कोसेण वियाहिया"
5091,"कायठिई जलयराणं, अन्तोमुहुत्तं जहन्निया // उत्त.१६४०"
5092,
5093,"अनन्तकालमुक्कोसं, अन्तोमुहुत्तं जहन्नयं"
5094,"विजढंमि सए काए, जलयराणं अन्तरं // उत्त.१६४१"
5095,
5096,"एएसिं वण्णओ चेव, गन्धओ रस-फासओ"
5097,"सण्ठाणादेसओ वावि, विहाणाइं सहस्ससो // उत्त.१६४२"
5098,
5099,"चउप्पया य परिसप्पा, दुविहा थलयरा भवे"
5100,"चउप्पया चउव्विहा, ते मे कित्तयओ सुण // उत्त.१६४३"
5101,
5102,"एगखुरा दुखुरा चेव, गण्डीपया सणप्पया"
5103,"हयमाइ गोणमाइ, गयमाइ सीहमाइणो // उत्त.१६४४"
5104,
5105,"भुओरगपरिसप्पा य, परिसप्पा दुविहा भवे"
5106,"गोहाई अहिमाई य, ऎक्कॆक्का नेगहा भवे // उत्त.१६४५"
5107,
5108,"लोएगदेसे ते सव्वे, न सव्वत्थ वियाहिया"
5109,"इत्तो कालविभागं तु, तेसिं वुच्छं चउव्विहं // उत्त.१६४६"
5110,
5111,"सन्तइं पप्पणाइया, अपज्जवसिया वि य"
5112,"ठिइं पडुच्च साइया, सपज्जवसिया वि य // उत्त.१६४७"
5113,
5114,"पलिओवमाइं तिन्नि उ, उक्कोसेण वियाहिया"
5115,"आउट्ठिई थलयराणं, अन्तोमुहुत्तं जहन्निया // उत्त.१६४८"
5116,
5117,"पलिओवमाइं तिन्नि उ, उक्कोसेण वियाहिया"
5118,पुव्वकोडिपुहत्तेणं अन्तोमुहुत्तं जहन्निया // उत्त.१६४९
5119,
5120,"कायठिई थलयराणं, अन्तरं तेसिमं भवे"
5121,"अनन्तकालमुक्कोसं, अन्तोमुहुत्तं जहन्नयं // उत्त.१६५०"
5122,
5123,"विजढंमि सए काए, थलयराणं तु अन्तरं"
5124,"चम्मे य लोमपक्खी य, तइया समुग्गपक्खिया // उत्त.१६५१"
5125,
5126,"विययपक्खी य बॊधव्वा, पक्खिणो य चउव्विहा"
5127,"लोएगदेसे ते सव्वे, न सव्वत्थ वियाहिया // उत्त.१६५२"
5128,
5129,"सन्तइं पप्पणाइया, अपज्जवसिया वि य"
5130,"ठिइं पडुच्च साइया, सपज्जवसिया वि य // उत्त.१६५३"
5131,
5132,"पलिओवमस्स भागो, असङ्खॆज्जइमो भवे"
5133,"आउठिई खहयराणं, अन्तोमुहुत्तं जहन्निया // उत्त.१६५४"
5134,
5135,"असङ्खभागो पलियस्स, उक्कोसेण उ साहिया"
5136,"पुव्वकोडी पुहत्तेणं, अन्तोमुहुत्तं जहन्निया // उत्त.१६५५"
5137,
5138,"कायठिई खहयराणं, अन्तरं तेसिमं भवे"
5139,"अनन्तकालमुक्कोसं, अन्तोमुहुत्तं जहन्नयं // उत्त.१६५६"
5140,
5141,"एएसिं वण्णओ चेव, गन्धओ रस-फासओ"
5142,"सण्ठाणादेसओ वावि, विहाणाइं सहस्सओ // उत्त.१६५७"
5143,
5144,"मनुया दुविह भेया उ, ते मे कित्तयओ सुण"
5145,"संमुच्छिमा य मणुया, गब्भवक्कन्तिया तहा // उत्त.१६५८"
5146,
5147,"गब्भवक्कन्तिया जे उ, तिविहा ते वियाहिया"
5148,"कम्मअकम्मभूमा य, अन्तरद्दीवया तहा // उत्त.१६५९"
5149,
5150,"पन्नरस-तीसइविहा, भेया दुअट्ठवीसई"
5151,"सङ्खा उ कमसो तेसिं, इइ एसा वियाहिया // उत्त.१६६०"
5152,
5153,"संमुच्छिमाण एसेव, भेओ होइ वियाहिओ"
5154,"लोगस्स एगदेसंमि, ते सव्वे वि वियाहिया // उत्त.१६६१"
5155,
5156,"सन्तइं पप्पणाइया, अपज्जवसिया वि य"
5157,"ठिइं पडुच्च साइया, सपज्जवसिया वि य // उत्त.१६६२"
5158,
5159,"पलिओवमाइं तिन्नि उ, उक्कोसेण वियाहिया"
5160,"आउट्ठिई मनुयाणं, अन्तोमुहुत्तं जहन्निया // उत्त.१६६३"
5161,
5162,"पलिओवमाइं तिन्नि उ, उक्कोसेण वियाहिया"
5163,"पुव्वकोडिपुहत्तेणं, अन्तोमुहुत्तं जहन्निया // उत्त.१६६४"
5164,
5165,"कायठिई मणुयाणं, अन्तरं तेसिमं भवे"
5166,"अनन्तकालमुक्कोसं, अन्तोमुहुत्तं जहन्नयं // उत्त.१६६५"
5167,
5168,"एएसिं वण्णओ चेव, गन्धओ रस-फासओ"
5169,"सण्ठाणादेसओ वावि, विहाणाइं सहस्ससो // उत्त.१६६६"
5170,
5171,"देवा चउव्विहा वुत्ता, ते मे कित्तयओ सुण"
5172,"भोमिज्ज वाणमन्तर, जोइस वेमाणिया तहा // उत्त.१६६७"
5173,
5174,"दसहा उ भवनवासी, अट्ठहा वनचारिणो"
5175,"पञ्चविहा जोइसिया, दुविहा वेमाणिया तहा // उत्त.१६६८"
5176,
5177,"असुरा नाग-सुवण्णा, विज्जू अग्गी य वियाहिया"
5178,"दीवोदहि-दिसा वाया, थणिया भवनवासिणो // उत्त.१६६९"
5179,
5180,"पिसाय-भूया जक्खा य, रक्खसा किन्नरा किम्पुरिसा"
5181,"महोरगा य गन्धव्वा, अट्ठविहा वाणमन्तरा // उत्त.१६७०"
5182,
5183,"चन्दा सूरा य नक्खत्ता, गहा तारागणा तहा"
5184,"दिया विचारिणो चेव, पञ्चहा जोइसालया // उत्त.१६७१"
5185,
5186,"वेमाणिया उ जे देवा, दुविहा ते पकित्तिया"
5187,कप्पोवगा य बॊधव्वा कप्पाईया तहेव य // उत्त.१६७२
5188,
5189,"कप्पोवगा य बारसहा, सोहम्मीसाणगा तहा"
5190,"सणङ्कुमार माहिन्दा, बम्भलोगा य लन्तगा // उत्त.१६७३"
5191,
5192,"महासुक्का सहस्सारा, आणया पाणया तहा"
5193,"आरणा अच्चुया चेव, इइ कप्पोवगा सुरा // उत्त.१६७४"
5194,
5195,"कप्पाईया उ जे देवा, दुविहा ते वियाहिया"
5196,"गेविज्जानुत्तरा चेव, गेविज्जा नवविहा तहिं // उत्त.१६७५"
5197,
5198,"हॆट्ठिमाहॆट्ठिमा चेव, हॆट्ठिमामज्झिमा तहा"
5199,"हॆट्ठिमाउवरिमा चेव, मज्झिमाहॆट्ठिमा तहा // उत्त.१६७६"
5200,
5201,"मज्झिमा मज्झिमा चेव, मज्झिमाउवरिमा तहा"
5202,"उवरिमा हॆट्ठिमा चेव, उवरिमामज्झिमा तहा // उत्त.१६७७"
5203,
5204,"उवरिमाउवरिमा चेव, इय गेविज्जगा सुरा"
5205,"विजय वेजयन्ता य, जयन्ता अपराजिया // उत्त.१६७८"
5206,
5207,"सव्वट्ठसिद्धगा चेव, पञ्चहा'नुत्तरा सुरा"
5208,"इइ वेमाणिया एए, नेगहा एवमायओ // उत्त.१६७९"
5209,
5210,"लोगस्स एगदेसंमि, ते सव्वे परिकित्तिया"
5211,"इत्तो कालविभागं तु, तेसिं वुच्छं चउव्विहं // उत्त.१६८०"
5212,
5213,"सन्तइं पप्प'णाइया, अपज्जवसिया वि य"
5214,"ठिइं पडुच्च साइया, सपज्जवसिया वि य // उत्त.१६८१"
5215,
5216,"साहियं सागरं इक्कं, उक्कोसेण ठिई भवे"
5217,"भोमॆज्जाणं जहन्नेणं, दसवाससहस्सिया // उत्त.१६८२"
5218,
5219,"पलिओवममेगं तु, उक्कोसेण ठिई भवे"
5220,"वन्तराणं जहन्नेणं, दस वाससहस्सिया // उत्त.१६८३"
5221,
5222,"पलिओवममेगमं तु, वासलक्खेण साहियं"
5223,"पलिओवमट्ठभागो, जोइसेसु जहन्निया // उत्त.१६८४"
5224,
5225,"दो चेव सागराइं, उक्कोसेण वियाहिया"
5226,"सोहम्मंमि जहन्नेणं, एगं च पलिओवमं // उत्त.१६८५"
5227,
5228,"सागरा साहिया दुन्नि, उक्कोसेण वियाहिया"
5229,"ईसाणंमि जहन्नेणं, साहियं पलिओवमं // उत्त.१६८६"
5230,
5231,"सागराणि य सत्तेव, उक्कोसेण ठिई भवे"
5232,"सणङ्कुमारे जहन्नेणं, दुन्नि उ सागरोवमा // उत्त.१६८७"
5233,
5234,"साहिया सागरा सत्त, उक्कोसेण ठिई भवे"
5235,"माहिन्दंमि जहन्नेणं, साहिया दुन्नि सागरा // उत्त.१६८८"
5236,
5237,"दस चेव सागराइं, उक्कोसेण ठिई भवे"
5238,"बम्भलोए जहन्नेणं, सत्त उ सागरोवमा // उत्त.१६८९"
5239,
5240,"चउद्दस सागराइं, उक्कोसेण ठिई भवे"
5241,"लन्तगंमि जहन्नेणं, दस उ सागरोवमा // उत्त.१६९०"
5242,
5243,"सत्तरस सागराइं, उक्कोसेणं ठिई भवे"
5244,"महासुक्के जहन्नेणं, चउद्दस सागरोवमा // उत्त.१६९१"
5245,
5246,"अट्ठारस सागराइं, उक्कोसेण ठिई भवे"
5247,"सहस्सारंमि जहन्नेणं, सत्तरस सागरोवमा // उत्त.१६९२"
5248,
5249,"सागरा अउणवीसं तु, उक्कोसेण ठिई भवे"
5250,"आणयंमि जहन्नेणं, अट्ठारस सागरोवमा // उत्त.१६९३"
5251,
5252,"वीसं तु सागराइं, उक्कोसेण ठिई भवे"
5253,"पाणयंमि जन्नेणं, सागरा अउणवीसई // उत्त.१६९४"
5254,
5255,"सागरा इक्कवीसं तु, उक्कोसेण ठिई भवे"
5256,"आरणंमि जहन्नेणं, वीसई सागरोवमा // उत्त.१६९५"
5257,
5258,"बावीसं सागराइं, उक्कोसेण ठिई भवे"
5259,"अच्चुयंमि जहन्नेणं, सागरा इक्कवीसई // उत्त.१६९६"
5260,
5261,"तेवीसं सागराइं, उक्कोसेण ठिई भवे"
5262,"पढमंमि जहन्नेणं, बावीसं सागरोवमा // उत्त.१६९७"
5263,
5264,"चउवीसं सागराइं, उक्कोसेण ठिई भवे"
5265,"बिइयंमि जहन्नेणं, तेवीसं सागरोवमा // उत्त.१६९८"
5266,
5267,"पणवीसं सागराइं, उक्कोसेण ठिई भवे"
5268,"तइयंमि जहन्नेणं, चउवीसं सागरोवमा // उत्त.१६९९"
5269,
5270,"छव्वीसं सागराइं, उक्कोसेण ठिई भवे"
5271,"चउत्थंमि जहन्नेणं, सागरा पणवीसई // उत्त.१७००"
5272,
5273,"सागरा सत्तवीसं तु, उक्कोसेण ठिई भवे"
5274,"पञ्चमंमि जहन्नेणं, सागरा उ छवीसई // उत्त.१७०१"
5275,
5276,"सागरा अट्ठवीसं तु, उक्कोसेण ठिई भवे"
5277,"छट्ठंमि जहन्नेणं, सागरा सत्तवीसई // उत्त.१७०२"
5278,
5279,"सागरा अउणतीसं तु, उक्कोसेण ठिई भवे"
5280,"सत्तमंमि जहन्नेणं, सागरा अट्ठवीसई // उत्त.१७०३"
5281,
5282,"तीसं तु सागराइं, उक्कोसेणं ठिई भवे"
5283,"अट्ठमंमि जहन्नेणं, सागरा अउणतीसई // उत्त.१७०४"
5284,
5285,"सागरा इक्कतीसं तु, उक्कोसेण ठिई भवे"
5286,"नवमंमि जहन्नेणं, तीसई सागरोवमा // उत्त.१७०५"
5287,
5288,"तॆत्तीसं सागराइं, उक्कोसेण ठिई भवे"
5289,"चउसुं पि विजयाईसु, जहन्नेणॆक्कतीसई // उत्त.१७०६"
5290,
5291,"अजहन्नमनुक्कोसं, तॆत्तीसं सागरोवमा"
5292,"महाविमाणे सव्वट्ठे, ठिई एसा वियाहिया // उत्त.१७०७"
5293,
5294,"जा चेव उ आउठिई, देवाणं तु वियाहिया"
5295,"सा तेसिं कायठिई, जहन्नमुक्कोसिया भवे // उत्त.१७०८"
5296,
5297,"अनन्तकालमुक्कोसं, अन्तोमुहुत्तं जहन्नयं"
5298,"विजढंमि सए काए, देवाणं हुज्जं अन्तरं // उत्त.१७०९"
5299,
5300,"एएसिं वण्णओ चेव, गन्धओ रस-फासओ"
5301,"सण्ठाणादेसओ वावि, विहाणाइं सहस्ससो // उत्त.१७१०"
5302,
5303,"संसारत्था य सिद्धा य, इइ जीवा वियाहिया"
5304,"रूविणो चेव'रूवी य, अजीवा दुविहा वि य // उत्त.१७११"
5305,
5306,"इय जीवमजीवे य, सॊच्चा सद्दहिऊण य"
5307,"सव्वनयाणं अनुमए, रमॆज्ज सञ्जमे मुनी // उत्त.१७१२"
5308,
5309,"तओ बहूणि वासाणि, सामण्णमनुपालिया"
5310,"इमेणं कम्मजोगेणं, अप्पाणं संलिहे मुनी // उत्त.१७१३"
5311,
5312,"बारसेव उ वासाइं, संलेहुक्कोसिया भवे"
5313,"संवच्छरं मज्झिमिया, छम्मासा य जहन्निया // उत्त.१७१४"
5314,
5315,"पढमे वासचउक्कंमि, विगइं निज्जूहणं करे"
5316,"बिइए वासचउक्कंमि, विचित्तं तु तवं चरे // उत्त.१७१५"
5317,
5318,"एगन्तरमायामं, कट्टु संवच्छरे दुवे"
5319,"तओ सञ्च्छरद्धं तु, नाइविगिट्ठं तवं चरे // उत्त.१७१६"
5320,
5321,"तओ संवच्छरद्धं तु, विगिट्ठं तु तवं चरे"
5322,"परिमियं चेव आयामं, तंमि संवच्छरे करे // उत्त.१७१७"
5323,
5324,"कोडीसहियमायामं, कट्टु संवच्छरे मुनी"
5325,"मासद्धमासिएणं तु, आहारेणं तवं चरे // उत्त.१७१८"
5326,
5327,"कन्दप्पमाभिओगं, किव्विसियं मोहमासुरत्तं च"
5328,"एयाओ दुग्गईओ, मरणंमि विराहिया हॊन्ति // उत्त.१७१९"
5329,
5330,"मिच्छादंसणरत्ता, सनियाणा हु हिंसगा"
5331,"इय जे मरन्ति जीवा, तेसिं पुण दुल्लहा बोही // उत्त.१७२०"
5332,
5333,"सम्मद्दंसणरत्ता, अनियाणा सुक्कलेसमोगाढा"
5334,"इय जे मरन्ति जीवा, तेसिं सुलहा भवे बोही // उत्त.१७२१"
5335,
5336,"मिच्छादंसणरत्ता, सनियाणा कण्हलेसमोगाढा"
5337,"इय जे मरन्ति जीवा, तेसिं पुण दुल्लहा बोही // उत्त.१७२२"
5338,
5339,"जिनवयणे अनुरत्ता, जिनवयणं जे करॆन्ति भावेणं"
5340,"अमला असङ्किलिट्ठा, ते हॊन्ति-परित्त-संसारी // उत्त.१७२३"
5341,
5342,"बालमरणाणि बहुसो, अकाममरणाणि चेव य बहुयाणि"
5343,"मरिहन्ति ते वराया, जिनवयणं जे न जाणन्ति // उत्त.१७२४"
5344,
5345,"बहुआगम-विण्णाणा, समाहिउप्पायगा य गुणगाही"
5346,"एएणं कारणेणं, अरिहा आलोयणं सोउं // उत्त.१७२५"
5347,
5348,कन्दप्पकुक्कुयाइं तहा सीलसहाव हासविगहाहिं
5349,"विम्हावॆन्तो य परं, कन्दप्पं भावनं कुणइ // उत्त.१७२६"
5350,
5351,"मन्ता जोगं काउं, भूइकम्मं च जे पउञ्जन्ति"
5352,"सायरस इड्ढिहेउं, अभिओगं भावनं कुणइ // उत्त.१७२७"
5353,
5354,"नाणस्स केवलीणं, धम्मायरियस्स सङ्घसाहूणं"
5355,"माई अवण्णवाई, किब्बिसियं भावनं कुणइ // उत्त.१७२८"
5356,
5357,"अनुबद्धरोसपसरो, तह य निमित्तंमि होइ पडिसेवी"
5358,"एएहिं कारणेहिं, आसुरियं भावनं कुणइ // उत्त.१७२९"
5359,
5360,"सत्थगहणं विसभक्खणं च, जलणं च जलपवेसो य"
5361,"अनायारभण्डसेवी, जम्मणमरणाणि बन्धन्ति // उत्त.१७३०"
5362,
5363,"इइ पाउकरे बुद्धे, नायए परिनिव्वुए"
5364,"छत्तीसं उत्तरज्झाए, भवसिद्धिय संमए // उत्त.१७३१"
5365,
5366,त्ति बेमि. 
5367,
5368,
5369,
5370,मुनि दीपरत्नसागरेण संशोधिताः सम्पादिताश च“उत्तरज्झयणं मूलसुत्तं”सम्मत्तं
5371,
