line_number,devanagari_text
1,[समए]
2,
3,"बुज्झेज्ज तिउट्टेज्जा, बन्धणं परिजाणिया"
4,"किमाह बन्धणं वीरो, किं वा जाणं तिउट्टइ ? // शूय.१"
5,
6,"चित्तमन्तमचित्तं वा, परिगिज्झ किसामवि"
7,"अन्नं वा अनुजाणाइ, एवं दुक्खा न मुच्चइ // शूय.२"
8,
9,"सयं तिवातए पाणे, अदुवा अन्नेहिं घायए"
10,"हणन्तं वा'नुजाणाइ, वेरं वड्ढइ अप्पणो // शूय.३"
11,
12,"जस्सिं कुले समुप्पन्ने, जेहिं वा संवसे नरे"
13,"ममाती लुप्पती बाले, अन्नमन्नेहिं मुच्छिए // शूय.४"
14,
15,"वित्तं सोयरिया चेव, सव्वमेयं न ताणइ"
16,"सङ्खाए जीवितं चेवं, कम्म,णा उ तिउट्टइ // शूय.५"
17,
18,"एए गन्थे विउक्कम्म, एगे समण माहणा"
19,"अयाणन्ता विउस्सिता, सत्ता कामेहिं माणवा // शूय.६"
20,
21,"सन्ति पञ्चं महब्भूया, इहमेगेसिमाहिया"
22,"पुढवी आउ तेऊ वा, वाऊ आगास पञ्चमा // शूय.७"
23,
24,"एए पञ्च महब्भूया, तेब्भो एगो त्ति आहिया"
25,"अह तेसिं विनासे उ, विनासो होइ देहिनो // शूय.८"
26,
27,"जहा य पुढवीथूभे, एगे नाणा हि दीसइ"
28,"एवं भो! कसिणे लोए, विण्णू नाणाहिं दीसए // शूय.९"
29,
30,"एवमेगे त्ति जप्पन्ति, मन्दा आरम्भ निस्सिया"
31,"एगे किच्चा सयं पावं, तिव्वं दुक्खं नियच्छइ // शूय.१०"
32,
33,"पत्तेयं कसिणे आया, जे बाला जे य पण्डिया"
34,"सन्ति पेच्चा न ते सन्ति, नत्थि सत्तोववाइया // शूय.११"
35,
36,"नत्थि पुन्ने व पावे वा, नत्थि लोए इओ'वरे"
37,सरीरस्स विनासेणं विनासो होइ देहिनो // शूय.१२
38,
39,"कुव्वं च कारयं चेव, सव्वं कुव्वं न विज्जइ"
40,"एवं अकारओ अप्पा, एवं ते उ पगब्भिया // शूय.१३"
41,
42,"जे ते उ वाइणो एवं, लोए तेसिं कओ सिया?"
43,"तमाओ ते तमं जन्ति, मन्दा आरम्भ निस्सिया // शूय.१४"
44,
45,"सन्ति पञ्च महब्भूया, इहमेगेसिं आहिया"
46,"आयछट्ठो पुणो आहु, आया लोगे य सासए // शूय.१५"
47,
48,"दुहओ ते न विणस्सन्ति, नो य उप्पज्जए असं"
49,"सव्वे'वि सव्वहा भावा, नियत्तीभावमागया // शूय.१६"
50,
51,"पञ्च खन्धे वयन्तेगे, बाला उ खणजोइणो"
52,"अन्नो अन्नो नेवाहु, हेउयं च अहेउयं // शूय.१७"
53,
54,"पुढवी आऊ तेऊ य, तहा वाऊ य एगओ"
55,"चत्तारि धाउणो रूवं, एवमाहंसु जाणगा // शूय.१८"
56,
57,"अगारमावसन्ता वि, अरण्णा वा वि पव्वया"
58,"इमं दरिसणमावण्णा, सव्वदुक्खा विमुच्चति // शूय.१९"
59,
60,"ते नावि सन्धिं नच्चाणं, न ते धम्मविऊ जना"
61,"जे ते उ वाइणो एवं, न ते ओहन्तरा''हिया // शूय.२०"
62,
63,"ते नावि सन्धिं नच्चाणं, न ते धम्मविऊ जना"
64,"जे ते उ वाइणो एवं, न ते संसारपारगा // शूय.२१"
65,
66,"ते नावि सन्धिं नच्चाणं, न ते धम्मविऊ जना"
67,"जे ते उ वाइणो एवं, न ते गब्भस्स पारगा // शूय.२२"
68,
69,"ते नावि सन्धिं नच्चाणं, न ते धम्मविऊ जना"
70,"जे ते उ वाइणो एवं, न ते जम्मस्स पारगा // शूय.२३"
71,
72,"ते नावि सन्धिं नच्चाणं, न ते धम्मविऊ जना"
73,"जे ते उ वाइणो एवं, न ते दुक्खस्स पारगा // शूय.२४"
74,
75,"ते नावि सन्धिं नच्चाणं, न ते धम्मविऊ जना"
76,"जे ते उ वाइणो एवं, न ते मारस्स पारगा // शूय.२५"
77,
78,"नानाविहाइं दुक्खाइं, अनुहवन्ति पुणो पुणो"
79,"संसारचक्कवालंमि, वाहिमच्चुजराकुले // शूय.२६"
80,
81,"उच्चावयाणि गच्छन्ता, गब्भमेस्सं ति नन्तसो"
82,"नायपुत्ते महावीरे, एवमाह जिनोत्तमे // शूय.२७"
83,
84,त्ति बेमि. 
85,
86,"आधायं पुण एगेसिं, उववन्ना पुढो जिया"
87,"वेदयन्ति सुहं दुक्खं, अदुवा लुप्पन्ति ठाणओ // शूय.२८"
88,
89,"न तं सयं कडं दुक्खं, न य अन्नकडं च णं"
90,"सुहं वा जइ वा दुक्खं, सेहियं वा असेहियं // शूय.२९"
91,
92,"न सयं कडं न अन्नेहिं, वेदयन्ति पुढो जिया"
93,"सङ्गइयं तं तहा तेसिं, इहमेगेसिं आहियं // शूय.३०"
94,
95,"एवमेयाणि जम्पन्ता, बाला पण्डियमानिनो"
96,"निययानिययं सन्तं, अयाणन्ता अबुद्धिया // शूय.३१"
97,
98,"एवमेगे उ पासत्था, ते भुज्जो विप्पगब्भिया"
99,"एवं उवट्ठिया सन्ता, न ते दुक्खविमोक्खया // शूय.३२"
100,
101,"जविणो मिगा जहा सन्ता, परिताणेण वज्जिया"
102,"असङ्कियाइं सङ्कन्ति, सङ्कियाइं असङ्किणो // शूय.३३"
103,
104,"परिताणियाणि सङ्कन्ता, पासिताणि असङ्किणो"
105,"अन्नाणभयसंविग्गा, सम्पलिन्ति तहिं तहिं // शूय.३४"
106,
107,अह तं पवेज्ज बज्झं अहे बज्झस्स वा वए
108,"मुच्चेज्ज पयपासाओ, तं तु मन्दे ण देहए // शूय.३५"
109,
110,"अहियप्पा'हियपण्णाणे, विसमन्तेनुवागए"
111,"से बद्धे पयपासाइं, तत्थ घायं नियच्छइ // शूय.३६"
112,
113,"एवं तु समणा एगे, मिच्छादिट्ठी अनारिया"
114,"असङ्कियाइं सङ्कन्ति, सङ्कियाइं असङ्किणो // शूय.३७"
115,
116,"धम्मपन्नवणा जा सा, तं तु सङ्कन्ति मूढगा"
117,"आरम्भाइं न सङ्कन्ति, अवियत्ता अकोविया // शूय.३८"
118,
119,"सव्वप्पगं विउक्कस्सं, सव्वं नूमं विहूणिया"
120,"अप्पत्तियं अकम्मंसे, एयमट्ठं मिगे चुए // शूय.३९"
121,
122,"जे एयं नाभिजाणन्ति, मिच्छादिट्ठी अनारिया"
123,मिगा वा पासबद्धा ते घायमेसन्ति नन्तसो // शूय.४०
124,
125,"माहणा समणा एगे, सव्वे नाणं सयं वए"
126,"सव्वलोगे'वि जे पाणा, न ते जाणन्ति किञ्चण // शूय.४१"
127,
128,"मिलक्खू अमिलक्खुस्स, जहा वुत्ताणुभासए"
129,"न हेउं से वियाणाइ, भासियं त'नुभासए // शूय.४२"
130,
131,"एवमन्नाणिया नाणं, वयन्ता वि सयं सयं"
132,"निच्छयत्थं न जाणन्ति, मिलक्खूव्व अबोहिया // शूय.४३"
133,
134,"अन्नाणियाणं वीमंसा, अन्नाणेण नियच्छइ"
135,"अप्पणो य परं नालं, कुतो अन्नाणुसासिउं? // शूय.४४"
136,
137,"वने मूढे जहा जन्तू, मूढे नेयानुगामिए"
138,"दो वि एए अकोविया, तिव्वं सोयं नियच्छई // शूय.४५"
139,
140,अन्धो अन्धं पहं निन्तो दूरमद्धानुगच्छई
141,"आवज्जे उप्पहं जन्तू, अदुवा पन्थानुगामिए // शूय.४६"
142,
143,"एवमेगे नियागट्ठी, धम्ममाराहगा वयं"
144,"अदुवा अहम्ममावज्जे, न ते सव्वज्जुयं वए // शूय.४७"
145,
146,एवमेगे वियक्काहिं नो अन्नं पज्जुवासिया
147,"अप्पणो य वियक्काहिं, अयमञ्जूहिं दुम्मई // शूय.४८"
148,
149,"एवं तक्काए साहेन्ता, धम्माधम्मे अकोविया"
150,"दुक्खं ते नाइतुट्टन्ति, सउणी पञ्जरं जहा // शूय.४९"
151,
152,"सयं सयं पसंसन्ता, गरहन्ता परं वयं"
153,"जे उ तत्थ विउस्सन्ति, संसारं ते विउस्सिया // शूय.५०"
154,
155,"अहावरं पुरक्खायं, किरियावाइदरिसणं"
156,"कम्मचिन्तापणट्ठाणं, संसारस्स पवड्ढणं // शूय.५१"
157,
158,"जाणं काएण'नाउट्टी, अबुहो जं च हिंसइ"
159,"पुट्ठो संवेदेइ परं, अवियत्तं खु सावज्जं // शूय.५२"
160,
161,"सन्तिमे तओ आयाणा, जेहिं कीरइ पावगं"
162,"अभिकम्मा य पेसा य, मनसा अनुजाणिया // शूय.५३"
163,
164,"एए उ तओ आयाणा, जेहिं कीरइ पावगं"
165,"एवं भावविसोहीए, निव्वाणमभिगच्छइ // शूय.५४"
166,
167,"पुत्तं पिता समारम्भ, आहारज्जे असञ्जए"
168,"भुञ्जमाणो वि मेहावी, कम्मुणा नोवलिप्पते // शूय.५५"
169,
170,"मनसा जे पउस्सन्ति, चित्तं तेसिं न विज्जइ"
171,"अनवज्जं अतहं तेसिं, न ते संवुडचारिणो // शूय.५६"
172,
173,"इच्चेयाहि य दिट्ठीहिं, सायागारवनिस्सिया"
174,"सरणं ति मन्नमाणा, सेवन्ती पावगं जना // शूय.५७"
175,
176,"जहा अस्साविणिं नावं, जाइअन्धो दुरूहिया"
177,"इच्छई पारमागन्तुं, अन्तरा य विसीयई // शूय.५८"
178,
179,"एवं तु समणा एगे, मिच्छादिट्ठी अनारिया"
180,"संसारपारकङ्खी ते, संसारं अनुपरियट्टन्ति // शूय.५९"
181,
182,त्ति बेमि. 
183,
184,"जं किञ्चि वि पूइकडं, सड्ढी मागन्तु मीहियं"
185,"सहस्सन्तरियं भुञ्जे, दुपक्खं चेव सेवई // शूय.६०"
186,
187,"तमेव अवियाणन्ता, विसमंसि अकोविया"
188,"मच्छा वेसालिया चेव, उदगस्स'भियागमे // शूय.६१"
189,
190,"उदगस्स पभावेणं, सुक्कंमि घातमेन्ति उ"
191,"ढङ्केहि य कङ्केहि य, आमिसत्थेहिं ते दुही // शूय.६२"
192,
193,"एवं तु समणा एगे, वट्टमाण सुहेसिणो"
194,"मच्छा वेसालिया चेव, घायमेस्सन्ति नन्तसो // शूय.६३"
195,
196,"इणमन्नं तु अन्नाणं, इहमेगेसिं आहियं"
197,"देवउत्ते अयं लोए, बम्भउत्ते त्ति आवरे // शूय.६४"
198,
199,"ईसरेण कडे लोए, पहाणाइ तहावरे"
200,"जीवाजीवसमाउत्ते, सुहदुक्खसमन्निए // शूय.६५"
201,
202,"सयम्भुणा कडे लोए, इति वुत्तं महेसिणा"
203,"मारेण सन्थुया माया, तेण लोए असासए // शूय.६६"
204,
205,"माहणा समणा एगे, आह अण्डकडे जगे"
206,"असो तत्तमकासी य, अयाणन्ता मुसं वए // शूय.६७"
207,
208,"सएहिं परियाएहिं, लोगं बूया कडे त्ति य"
209,"तत्तं ते न वियाणन्ति, न विनासी कयाइ वि // शूय.६८"
210,
211,"अमणुन्न समुप्पायं, दुक्खमेव विजाणिया"
212,"समुप्पायमजाणन्ता, कहं नाहिन्ति संवरं? // शूय.६९"
213,
214,"सुद्धे अपावए आया, इहमेगेसिं आहियं"
215,"पुणो कीड्डापदोसेणं, से तत्थ अवरज्झई // शूय.७०"
216,
217,"इह संवुडे मुनी जाए, पच्छा होइ अपावए"
218,"वियडम्बु जहा भुज्जो, नीरयं सरयं तहा // शूय.७१"
219,
220,"एयाणुवीइ मेहावी, बम्भचेरेण ते वसे"
221,"पुढो पावाउया सव्वे, अक्खायारो सयं सयं // शूय.७२"
222,
223,"सए सए उवट्ठाणे, सिद्धिमेव न अन्नहा"
224,"अहो इहेव वसवत्ती, सव्वकामसमप्पिए // शूय.७३"
225,
226,"सिद्धा य ते अरोगा य, इहमेगेसिं आहियं"
227,सिद्धिमेव पुरो काउं सासए गढिया नरा // शूय.७४
228,
229,असंवुडा अनादीयं भमिहिन्ति पुणो-पुणो
230,"कप्पकालमुवज्जन्ति, ठाणा आसुरकिब्बिसिया // शूय.७५"
231,
232,त्ति बेमि. 
233,
234,"एते जिया भो! न सरणं, बाला पण्डियमानिनो"
235,"हिच्चा णं पुव्वसञ्जोगं, सिया किच्चोवएसगा // शूय.७६"
236,
237,तं च भिक्खू परिण्णाय विज्जं तेसु णं मुच्छए
238,"अणुक्कस्से अप्पलीणे, मज्झेण मुनि जावए // शूय.७७"
239,
240,"सपरिग्गहा य सारम्भा, इहमेगेसिं आहियं"
241,"अपरिग्गहे अनारम्भा, भिक्खू ताणं परिव्वए // शूय.७८"
242,
243,"कडेसु घासमेसेज्जा, विऊ दत्तेसणं चरे"
244,"अगिद्धो विप्पमुक्को य, ओमाणं परिवज्जए // शूय.७९"
245,
246,"लोगवायं निसामेज्जा, इहमेगेसिं आहियं"
247,"विवरीयपन्नसम्भूयं, अन्नवुत्तं तयाणुयं // शूय.८०"
248,
249,"अनन्ते नितिए लोए, सासए न विनस्सती"
250,"अन्तवं नितिए लोए, इइ धीरो'तिपासई // शूय.८१"
251,
252,"अपरिमाणं वियाणाइ, इहमेगेसिं आहियं"
253,"सव्वत्थ सपरिमाणं, इइ धीरो'तिपासई // शूय.८२"
254,
255,"जे केइ तसा पाणा, चिट्ठन्ति अदु थावरा"
256,"परियाए अत्थि से अञ्जू, जेण ते तसथावरा // शूय.८३"
257,
258,"उरालं जगतो जोगं, विवज्जासं पलेन्ति य"
259,"सव्वे अकन्तदुक्खा य, अओ सव्वे अहिंसिता // शूय.८४"
260,
261,"एयं खु नाणिणो सारं, जं न हिंसइ कञ्चन"
262,"अहिंसा समयं चेव, एयावन्तं वियाणिया // शूय.८५"
263,
264,"वुसिते विगयगेहि य, आयाणं सम्परक्खए"
265,"चरियासण सेज्जासु, भत्तपाने य अन्तसो // शूय.८६"
266,
267,"एतेहिं तिहिं ठाणेहिं, सञ्जए सययं मुनी"
268,"उक्कसं जलणं नूमं, मज्झत्थं च विगिञ्चए // शूय.८७"
269,
270,"समिए तु सया साहू, पञ्चसवंर संवुडे"
271,"सितेहिं असिते भिक्खू, आमोक्खाए परिव्वएज्जासि // शूय.८८"
272,
273,त्ति बेमि. 
274,
275,[वेयालिए]
276,
277,"सम्बुज्झह किं न बुज्झहा ?, सम्बोही खलु पेच्च दुल्लहा"
278,"नो हूवणमन्ति राइओ, नो सुलभं पुनरावि जीवियं // शूय.८९"
279,
280,"डहरा वुड्ढा य पासह, गब्भत्था वि चयन्ति मानवा"
281,"सेणे जह वट्टयं हरे, एवं आउखयंमि तुट्टई // शूय.९०"
282,
283,"मायाहिं पियाहिं लुप्पई, नो सुलहा सुगई य पेच्चओ"
284,"एयाइं भयाइं पेहिया, आरम्भा विरमेज्ज सुव्वए // शूय.९१"
285,
286,"जमिणं जगई पुढो जगा, कम्मेहिं लुप्पन्ति पाणिणो"
287,"सयमेव कडेहिं गाहई, नो तस्स मुच्चेज्ज'पुट्ठवं // शूय.९२"
288,
289,"देवा गन्धव्वरक्खसा, असुरा भूमिचरा सरीसिवा"
290,"रायनर सेट्ठि माहणा, ठाणा ते'वि चयन्ति दुक्खिया // शूय.९३"
291,
292,"कामेहिं न सन्थवेहि गिद्धा, कम्मसहा कालेण जन्तवो"
293,"ताले जह बन्धनच्चुए, एवं आउक्खयंमि तुट्टई // शूय.९४"
294,
295,"जे यावि बहुस्सुए सिया, धम्मिए माहणे भिक्खुए सिया"
296,"अभिनूमकडेहिं मुच्छिए, तिव्वं से कम्मेहिं किच्चती // शूय.९५"
297,
298,"अह पास विवेगमुट्ठिए, अवितिण्णे इह भासई धुवं"
299,"नाहिसि आरं कओ परं ?, वेहासे कम्मेहिं किच्चई // शूय.९६"
300,
301,"जइ वि य निगिणे किसे चरे, जइ वि य भुञ्जिय मासमन्तसो"
302,"जे इह मायादि मिज्जई, आगन्ता गब्भाय नन्तसो // शूय.९७"
303,
304,"पुरिसोरम पावकम्मुणा, पलियन्तं मनुयाण जीवियं"
305,"सण्णा इह काममुच्छिया, मोहं जन्ति नरा असंवुडा // शूय.९८"
306,
307,"जययं विहराहि जोगवं, अनुपाणा पन्था दुरुत्तरा"
308,"अनुसासणमेव पक्कमे, वीरेहिं सम्मं पवेइयं // शूय.९९"
309,
310,"विरया वीरा समुट्ठिया, कोहकायरियाइ पीसणा"
311,"पाणे न हणन्ति सव्वसो, पावाओ विरया'भिनिव्वुडा // शूय.१००"
312,
313,"न वि ता अहमेव लुप्पए, लुप्पन्ती लोगंसि पाणिणो"
314,"एवं सहिएहिं पासए, अनिहे से पुट्ठे अहियासए // शूय.१०१"
315,
316,"धुणिया कुलियं व लेववं, किसए देहमनासना इह"
317,"अविहिंसामेव पव्वए, अनुधम्मे मुणिणा पवेइओ // शूय.१०२"
318,
319,"सउणी जह पंसुगुण्डिया, विहुणिय धंसयई सियं रयं"
320,"एवं दविओवहाणवं कम्मं, खवइ तवस्सि माहणे // शूय.१०३"
321,
322,"उट्ठियमनगारमेसणं, समणं ठाणठियं तवस्सिणं"
323,"डहरा वुड्ढा य पत्थए, अवि सुस्से न य तं लभे जना // शूय.१०४"
324,
325,"जइ कालुणियाणि कासिया, जइ रोयन्ति य पुत्तकारणा"
326,"दवियं भिक्खुं समुट्ठियं, नो लब्भन्ति णं सण्ठवेत्तए // शूय.१०५"
327,
328,"जइविय कामेहिं लाविया, जइ नेज्जाहि णु बन्धिउं घरं"
329,जइ जीवित नावकङ्खिए नो लब्भन्ति तं सण्ठवेत्तए // शूय.१०६
330,
331,"सेहन्ति य णं ममाइणो, मायापिया य सुया य भारिया"
332,"पोसाहि न पोसओ तुमं, लोगं परं पि जहासि पोसणे // शूय.१०७"
333,
334,"अन्ने अन्नेहिं मुच्छिया, मोहं जन्ति नरा असंवुडा"
335,"विसमं विसमेहिं गाहिया, ते पावेहिं पुणो पगब्भिया // शूय.१०८"
336,
337,"तम्हा दवि इक्ख पण्डिए, पावाओ विरते'भिनिव्वुडे"
338,"पणए वीरे महाविहिं, सिद्धिपहं नेयाउयं धुवं // शूय.१०९"
339,
340,"वेयालियमग्गमागओ, मनवयसा काएण संवुडो"
341,"चिच्चा वित्तं च नायओ, आरम्भं च सुसंवुडे चरे // शूय.११०"
342,
343,त्तिबेमि. 
344,
345,"तयसं व जहाइं से रयं, इइ सङ्खाय मुनी न मज्जई"
346,गोयन्नतरेण माहणे अहसेयकरी अन्नेसि इङ्खिणी // शूय.१११
347,
348,"जो परिभवई परं जनं, संसारे परिवत्तई महं"
349,"अदु इङ्खिणिया उ पाविया, इह सङ्खाय मुनी न मज्जई // शूय.११२"
350,
351,"जे यावि अनायगे सिया, जे वि य पेसगपेसए सिया"
352,"जो मोनपयं उवट्ठिए, नो लज्जे समयं सया''यरे // शूय.११३"
353,
354,"सम अन्नयरंमि सञ्जमे, संसुद्धे समणे परिव्वए"
355,"जा आवकहा समाहिए, दविए कालमकासि पण्डिए // शूय.११४"
356,
357,"दूरं अनुपस्सिया मुनी, तीयं धम्ममनागयं तहा"
358,"पुट्ठे परुसेहिं माहणे, अवि हण्णू समयंसि रीयइ // शूय.११५"
359,
360,"पण्णसमत्ते सया जए, समता धम्ममुदाहरे मुनी"
361,"सुहुमे उ सया अलूसए, नो कुज्झे नो माणि माहणे // शूय.११६"
362,
363,"बहुजननमणंमि संवुडे, सव्वट्ठेहिं नरे अनिस्सिए"
364,"हरए व सया अनाविले, धम्मं पादुरकासि कासवं // शूय.११७"
365,
366,"बहवे पाणा पुढो सिया, पत्तेयं समयं समीहिया"
367,"जे मोनपयं उवट्ठिए, विरइं तत्थ अकासि पण्डिए // शूय.११८"
368,
369,"धम्मस्स य पारगे मुनी, आरम्भस्स य अन्तए ठिए"
370,"सोयन्ति य णं ममाइणो, नो य लभन्तो नियं परिग्गहं // शूय.११९"
371,
372,"इहलोगे दुहावहं विऊ, परलोगे य दुहं-दुहावहं"
373,"विद्धंसण धम्ममेव तं, इति विज्जं को'गारमावसे // शूय.१२०"
374,
375,"महया पलिगोव जाणिया, जा वि य वन्दणपूयणा इहं"
376,"सुहुमे सल्ले दुरुद्धरे, विउमन्ता पयहिज्ज सन्थवं // शूय.१२१"
377,
378,"एगे चरे ठाणमासने, सयने एगे समाहिए सिया"
379,"भिक्खू उवहाणवीरिए, वइगुत्ते अज्झत्तसंवुडे // शूय.१२२"
380,
381,"नो पीहे न यावपङ्गुणे, दारं सुन्नघरस्स सञ्जए"
382,"पुट्ठे न उदाहरे वयं, न समुच्छे नो सन्थरे तणं // शूय.१२३"
383,
384,"जत्थ'त्थमिए अनाउले, समविसमाइं मुनी'हियासए"
385,"चरगा अदुवा वि भेरवा, अदुवा तत्थ सिरीसिवा सिया // शूय.१२४"
386,
387,"तिरिया मनुया य दिव्वगा, उवसग्गा तिविहा'हियासए"
388,"लोमादीयं न हारिसे, सुन्नागारगए महामुनी // शूय.१२५"
389,
390,"नो अभिकङ्खेज्ज जीवियं, नो'वि य पूयणपत्थए सिया"
391,"अब्भत्थमुवेन्ति भेरवा, सुन्नागारगयस्स भिक्खुणो // शूय.१२६"
392,
393,"उवनीयतरस्स ताइणो, भयमाणस्स विविक्कमासनं"
394,"सामाइयमाहु तस्स जं, जो अप्पाणं भए न दंसए // शूय.१२७"
395,
396,"उसिणोदगतत्तभोइणो, घम्मट्ठियस्स मुनिस्स हीमतो"
397,"संसग्गि असाहु राइहिं, असमाही उ तहागयस्स वि // शूय.१२८"
398,
399,"अहिगरणकडस्स भिक्खुणो, वयमाणस्स पसज्झ दारुणं"
400,"अट्ठे परिहायई बहुं, अहिगरणं न करेज्ज पण्डिए // शूय.१२९"
401,
402,"सीओदग पडिदुगञ्छिणो, अपडिण्णस्स लवावसक्किणो"
403,"सामाइयमाहु तस्स जं, जो गिहिमत्ते'सनं न भुञ्जई // शूय.१३०"
404,
405,"न य सङ्खयमाहु जीवियं, तह वि य बालजनो पगब्भई"
406,"बाले पावेहिं भिज्जई, इइ सङ्खाय मुनी न मज्जई // शूय.१३१"
407,
408,"छन्देण पले इमा पया, बहुमाया मोहेण पाउडा"
409,"वियडेण पलेन्ति माहणे, सीउण्हं वयसा'हियासए // शूय.१३२"
410,
411,"कुजए अपराजिए जहा, अक्खेहिं कुसलेहिं दीवयं"
412,"कडमेव गहाय नो कलिं, नो तीयं नो चेव दावरं // शूय.१३३"
413,
414,"एवं लोगंमि ताइणा, बुइए जे धम्मे अनुत्तरे"
415,"तं गिण्ह हियं ति उत्तमं, कडमिव सेस'वहाय पण्डिए // शूय.१३४"
416,
417,"उत्तर मणुयाण आहिया, गामधम्म इति मे अनुस्सुयं"
418,"जंसी विरया समुट्ठिया, कासवस्स अनुधम्मचारिणो // शूय.१३५"
419,
420,"जे एय चरन्ति आहियं, नाएणं महया महेसिणा"
421,"ते उट्ठियं ते समुट्ठिया, अन्नो'न्नं सारेन्ति धम्मओ // शूय.१३६"
422,
423,"मा पेह पुरा पणामए, अभिकङ्खे उवहिं धुणित्तए"
424,"जे दूमण तेहिं नो नया, ते जाणन्ति समाहिमाहियं // शूय.१३७"
425,
426,"नो काहिए होज्ज सञ्जए, पासणिए न य सम्पसारए"
427,नच्चा धम्मं अनुत्तरं कयकिरिए य न यावि मामए // शूय.१३८
428,
429,"छन्नं च पसंस नो करे, न य उक्कोस पगास माहणे"
430,"तेसिं सुविवेगमाहिए, पणया जेहिं सुझोसियं घुयं // शूय.१३९"
431,
432,"अनिहे सहिए सुसंवुडे, धम्मट्ठी उवहाणवीरिए"
433,विहरेज्ज समाहिइन्दिए अत्तहिअं दुहेण लब्भते // शूय.१४०
434,
435,"न हि नून पुरा अनुस्सुयं, अदुवा तं तह नो समुट्ठियं"
436,"मुणिणा सामाइयाहियं, नाएणं जगसव्वदंसिणा // शूय.१४१"
437,
438,"एवं मत्ता महन्तरं, धम्ममिणं सहिया बहू जना"
439,"गुरुणो छन्दानुवत्तगा, विरया तिण्णा महोघमाहियं // शूय.१४२"
440,
441,त्ति बेमि. 
442,
443,"संवुडकम्मस्स भिक्खुणो, जं दुक्खं पुट्ठं अबोहिए"
444,"तं सञ्जमओ'वचिज्जई, मरणं हेच्च वयन्ति पण्डिया // शूय.१४३"
445,
446,"जे विन्नवणाहि'जोसिया, सन्तिण्णेहिं समं वियाहिया"
447,"तम्हा उड्ढं ति पासहा, अदक्खू कामाई रोगवं // शूय.१४४"
448,
449,"अग्गं वणिएहिं आहियं, धारेन्ती राइणया इहं"
450,"एवं परमा महव्वया, अक्खाया उ सराइभोयणा // शूय.१४५"
451,
452,"जे इह सायाणुगा नरा, अज्झोववन्ना कामेहिं मुच्छिया"
453,"किवणेण समं पगब्भिया, न वि जाणन्ति समाहिमाहियं // शूय.१४६"
454,
455,"वाहेण जहा व विच्छए, अबले होइ गवं पचोइए"
456,"से अन्तसो अप्पथामए, नाईवहइ अबले विसीयइ // शूय.१४७"
457,
458,"एवं कामेसणं विऊ, अज्ज सुए पयहेज्ज सन्थवं"
459,"कामी कामे न कामए, लद्धे वा वि अलद्ध कण्हुई // शूय.१४८"
460,
461,"मा पच्छ असाहुया भवे, अच्चेही अनुसास अप्पगं"
462,"अहियं च असाहु सोयई, से थणई परिदेवई बहुं // शूय.१४९"
463,
464,"इह जीवियमेव पासहा, तरुण एवाससयस्स तुट्टई"
465,इत्तरवासे व बुज्झह गिद्ध नरा कामेसु मुच्छिया // शूय.१५०
466,
467,"जे इह आरम्भनिस्सिया, आयदण्ड एगन्तलूसगा"
468,"गन्ता ते पावलोगयं, चिररायं आसुरियं दिसं // शूय.१५१"
469,
470,"न य सङ्खयमाहु जीवीयं, तह वि य बालजनो पगब्भई"
471,पच्चुप्पन्नेण कारियं के दट्ठुं परलोगमागए ? // शूय.१५२
472,
473,अदक्खुव दक्खुवाहियं सद्दहसू अदक्खुदंसणा
474,हन्दि हु सुनिरुद्धदंसणे मोहणिज्जेण कडेण कम्मुणा // शूय.१५३
475,
476,"दुक्खी मोहे पुणो पुणो, निव्विन्देज्ज सिलोगपूयणं"
477,"एवं सहिए'हिपासए, आयतुलं पाणेहिं सञ्जए // शूय.१५४"
478,
479,"गारं पि य आवसे नरे, अनुपुव्वं पाणेहिं सञ्जए"
480,"समया सव्वत्थ सुव्वए, देवाणं गच्छे सलोगयं // शूय.१५५"
481,
482,"सोच्चा भगवानुसासनं, सच्चे तत्थ करेज्जुवक्कमं"
483,"सव्वत्थ विनीयमच्छेरे, उञ्छं भिक्खुं विसुद्धमाहरे // शूय.१५६"
484,
485,"सव्वं नच्चा अहिट्ठए, धम्मट्ठी उवहाणवीरिए"
486,"गुत्ते जुत्ते सया जए, आयपरे परमायतट्ठिए // शूय.१५७"
487,
488,"वित्तं पसवो य नाइओ, तं बाले सरणं ति मन्नई"
489,"एए मम तेसुवि अहं, नो ताणं सरणं न विज्जई // शूय.१५८"
490,
491,"अब्भागमियंमि वा दुहे, अहवा उवक्कमिए भवन्तिए"
492,"एगस्स गई य आगई, विदु मन्ता सरणं न मन्नई // शूय.१५९"
493,
494,"सव्वे सयकम्मकप्पिया, अवियत्तेण दुहेण पाणिणो"
495,"हिण्डन्ति भयाउला सढा, जाइजरामरणेहि'भिद्दुया // शूय.१६०"
496,
497,"इणमेव खणं वियाणिया, नो सुलभं बोहि च आहियं"
498,"एवं सहिए'हियासए, आह जिने इणमेव सेसगा // शूय.१६१"
499,
500,"अभविंसु पुरा वि भिक्खुवो, आएसा वि भवन्ति सुव्वया"
501,"एयाइं गुणाइं आहु ते, कासवस्स अनुधम्मचारिणो // शूय.१६२"
502,
503,"तिविहेण वि पाण मा हणे, आयहिए अनियाण संवुडे"
504,"एवं सिद्धा अनन्तसो, सम्पइ जे य अनागयावरे // शूय.१६३"
505,
506,एवं से उदाहु अनुत्तरनाणी अनुत्तरदंसी अनुत्तरनाणदंसणधरे
507,"अरहा नायपुत्ते भगवं, वेसालिए वियाहिए // शूय.१६४"
508,
509,त्ति बेमि. 
510,
511,[उवसग्गपरिण्णा]
512,
513,"सूरं मण्णइ अप्पाणं, जाव जेयं न पस्सई"
514,जुज्झन्तं दढधम्माणं सिसुपालो व महारहं // शूय.१६५
515,
516,"पयाया सूरा रणसीसे, सङ्गामंमि उवट्ठिए"
517,"माया पुत्तं न जाणाइ, जेएण परिविच्छिए // शूय.१६६"
518,
519,"एवं सेहे वि अप्पुट्ठे, भिक्खुचरिया अकोविए"
520,"सूरं मन्नइ अप्पाणं, जाव लूहं न सेवए // शूय.१६७"
521,
522,"जया हेमन्तमासंमि, सीयं फुसइ सवायगं"
523,"तत्थ मन्दा विसीयन्ति, रज्जहीणा व खत्तिया // शूय.१६८"
524,
525,"पुट्ठे गिम्हाहितावेणं, विमाने सुपिवासिए"
526,"तत्थ मन्दा विसीयन्ति, मच्छा अप्पोदए जहा // शूय.१६९"
527,
528,सया दत्तेसणा दुक्खा जायणा दुप्पणोल्लिया
529,"कम्मत्ता दुब्भगा चेव, इच्छाहंसु पुढोजना // शूय.१७०"
530,
531,"एए सद्दे अचायन्ता, गामेसु नगरेसु वा"
532,"तत्थ मन्दा विसीयन्ति, सङ्गामंमि व भीरुया // शूय.१७१"
533,
534,"अप्पेगे खुधियं भिक्खु, सुणी डंसइ लूसए"
535,"तत्थ मन्दा विसीयन्ति, तेउपुट्ठा व पाणिणो // शूय.१७२"
536,
537,"अप्पेगे पडिभासन्ति, पाडिपन्थियमागया"
538,"पडियारगया एए, जे एए एवजीविणो // शूय.१७३"
539,
540,"अप्पेगे वइ जुञ्जन्ति, नगिणा पिण्डोलगाहमा"
541,"मुण्डा कण्डू-विणट्ठङ्गा, उज्जल्ला असमाहिया // शूय.१७४"
542,
543,एवं विप्पडिवन्नेगे अप्पणा उ अजाणया
544,तमाओ ते तमं जन्ति मन्दा मोहेण पाउडा // शूय.१७५
545,
546,"पुट्ठो य दंसमसगेहिं, तणफासमचाइया"
547,"न मे दिट्ठे परे लोए, जइ परं मरणं सिया // शूय.१७६"
548,
549,"सन्तत्ता केसलोएणं, बम्भचेर-पराइया"
550,तत्थ मन्दा विसीयन्ति मच्छा पविट्ठा व केयणे // शूय.१७७
551,
552,"आयदण्डसमायारे, मिच्छासण्ठियभावणा"
553,हरिसप्पओसमावन्ना केई लूसन्ति'नारिया // शूय.१७८
554,
555,अप्पेगे पलियन्ते सिं चारो चोरो त्ति सुव्वयं
556,"बन्धन्ति भिक्खुयं बाला, कसायवयणेहि य // शूय.१७९"
557,
558,"तत्थ दण्डेण संवीते, मुट्ठिणा अदु फलेण वा"
559,"नाईणं सरई बाले, इत्थी वा कुद्धगामिणी // शूय.१८०"
560,
561,"एए भो! कसिणा फासा, फरुसा दुरहियासया"
562,हत्थी वा सरसंवीत्ता कीवा वस गया गिहं // शूय.१८१
563,
564,त्ति बेमि. 
565,
566,"अहिमे सुहुमा सङ्गा, भिक्खूणं जे दुरुत्तरा"
567,"जत्थ एगे विसीयन्ति, न चयन्ति जवित्तए // शूय.१८२"
568,
569,"अप्पेगे नायओ दिस्स, रोयन्ति परिवारिया"
570,पोस णे तात! पुट्ठो'सि कस्स तात! जहासि णे? // शूय.१८३
571,
572,पिया ते थेरओ तात! ससा ते खुड्डिया इमा
573,भायरो ते सगा तात! सोयरा किं जहासि णे ? // शूय.१८४
574,
575,"मायरं पियरं पोस, एव लोगो भविस्सइ"
576,एवं खु लोइयं तात! जे पालेन्ति उ मायरं // शूय.१८५
577,
578,"उत्तरा महुरुल्लावा, पुत्ता ते तात! खुड्डया"
579,भारिया ते नवा तात! मा सा अन्नं जनं गमे // शूय.१८६
580,
581,"एहि तात! घरं जामो, मा य कम्मे सहा वयं"
582,"बीयं पि ताय! पासामो, जामु ताव सयं गिहं // शूय.१८७"
583,
584,"गन्तुं तात! पुणोगच्छे, न तेणासमणो सिया"
585,अकामगं परिक्कमं को तं वारेउमरिहइ? // शूय.१८८
586,
587,"जं किञ्चि अनगं तात !, तं पि सव्वं समीकतं"
588,"हिरण्णं ववहाराइ, तं पि दाहामु ते वयं // शूय.१८९"
589,
590,"इच्चेव णं सुसेहन्ति, कालुणीयसमुट्ठिया"
591,"विबद्धो नाइसङ्गेहि, तओ'गारं पहावइ // शूय.१९०"
592,
593,"जहा रुक्खं वने जायं, मालुया पडिबन्धई"
594,"एव णं पडिबन्धन्ति, नायओ असमाहिणा // शूय.१९१"
595,
596,"विबद्धो नाइसङ्गेहिं, हत्थी वा वि नवग्गहे"
597,"पिट्ठओ परिसप्पन्ति, सूयगोव्व अदूरए // शूय.१९२"
598,
599,"एए सङ्गा मणुस्साणं, पायाला व अतारिमा"
600,"कीवा जत्थ य किस्सन्ति, नाइसङ्गेहि मुच्छिया // शूय.१९३"
601,
602,"तं च भिक्खू परिन्नाय, सव्वे सङ्गा महासवा"
603,"जीवियं नावकङ्खेज्जा, सोच्चा धम्ममनुत्तरं // शूय.१९४"
604,
605,"अहिमे सन्ति आवट्टा, कासवेणं पवेइया"
606,"बुद्धा जत्थावसप्पन्ति, सीयन्ति अबुहा जहिं // शूय.१९५"
607,
608,"रायाणो राय'मच्चा य, माहणा अदुव खत्तिया"
609,"निमन्तयन्ति भोगेहिं, भिक्खुयं साहुजीविणं // शूय.१९६"
610,
611,"हत्थ'स्स-रह-जाणेहिं, विहारगमणेहि य"
612,भुञ्ज भोगे इमे सग्घे महरिसी! पूजयामु तं // शूय.१९७
613,
614,वत्थगन्धमलङ्कारं इत्थीओ सयणाणि य
615,भुञ्जाहिमाइं भोगाइं आउसो! पूजयामु तं // शूय.१९८
616,
617,"जो तुमे नियमो चिण्णो, भिक्खुभावंमि सुव्वया !"
618,"अगारमावसन्तस्स, सव्वो संविज्जए तहा // शूय.१९९"
619,
620,"चिरं दूइज्जमाणस्स, दोसो दाणिं कुओ तव ?"
621,"इच्चेव णं निमन्तेति, नीवारेण व सूयरं // शूय.२००"
622,
623,"चोइया भिक्खुचरियाए, अचयन्ता जवित्तए"
624,"तत्थ मन्दा विसीयन्ति, उज्जाणंसि व दुब्बला // शूय.२०१"
625,
626,अचयन्ता व लूहेणं उवहाणेण तज्जिया
627,"तत्थ मन्दा विसीयन्ति, उज्जाणंसि व जरग्गवा // शूय.२०२"
628,
629,"एवं निमन्तणं लद्धुं, मुच्छिया गिद्ध इत्थिसु"
630,"अज्झोववन्ना कामेहिं, चोइज्जन्ता गया गिहं // शूय.२०३"
631,
632,त्ति बेमि. 
633,
634,"जहा सङ्गामकालंमि, पिट्ठओ भीरु वेहइ"
635,"वलयं गहणं नूमं, को जाणइ पराजयं? // शूय.२०४"
636,
637,"मुहुत्ताणं मुहुत्तस्स, मुहुत्तो होइ तारिसो"
638,पराजिया'वसप्पामो इति भीरु उवेहई // शूय.२०५
639,
640,"एवं तु समणा एगे, अबलं नच्चाण अप्पगं"
641,"अनागयं भयं दिस्स, अवकप्पन्तिमं सुयं // शूय.२०६"
642,
643,"को जाणइ विऊवातं, इत्थीओ उदगाउ वा"
644,"चोइज्जन्ता पवक्खामो न, नो अत्थि पकप्पियं // शूय.२०७"
645,
646,"इच्चेव पडिलेहन्ति, वलयाइ पडिलेहिणो"
647,"वितिगिञ्छसमावन्ना, पन्थाणं व अकोविया // शूय.२०८"
648,
649,"जे उ सङ्गामकालंमि, नाया सूरपुरङ्गमा"
650,"नो ते पिट्ठमुवेहिन्ति, किं परं मरणं सिया // शूय.२०९"
651,
652,"एवं समुट्ठिए भिक्खू, वोसिज्जा'गारबन्धणं"
653,"आरम्भं तिरियं कट्टु, अत्तत्ताए परिव्वए // शूय.२१०"
654,
655,"तमेगे परिभासन्ति, भिक्खुयं साहुजीविणं"
656,"जे एवं परिभासन्ति, अन्तए ते समाहिए // शूय.२११"
657,
658,"सम्बद्धसमकप्पा उ, अन्नमन्नेसु मुच्छिया"
659,"पिण्डवायं गिलाणस्स, जं सारेह दलाह य // शूय.२१२"
660,
661,"एवं तुब्भे सरागत्था, अन्नमन्नमनुव्वसा"
662,"नट्ठ-सप्पह-सब्भावा, संसारस्स अपारगा // शूय.२१३"
663,
664,"अह ते परिभासेज्जा, भिक्खू मोक्खविसारए"
665,"एवं तुब्भे पभासन्ता, दुपक्खं चेव सेवहा // शूय.२१४"
666,
667,"तुब्भे भुञ्जह पाएसु, गिलाणो'भिहडंमि या"
668,"तं च बीओदगं भोच्चा, तमुद्देस्सादि जं कडं // शूय.२१५"
669,
670,"लित्ता तिव्वाभितावेणं, उज्झिया असमाहिया"
671,नाइकण्डूइयं सेयं अरुयस्सावरज्झई // शूय.२१६
672,
673,"तत्तेण अनुसिट्ठा ते, अपडिण्णेण जाणया"
674,"न एस नियए मग्गे, असमिक्खा वई किई // शूय.२१७"
675,
676,"एरिसा जा वई एसा, अग्गे वेणु व्व करिसिया"
677,"गिहिणो अभिहडं सेयं, भुञ्जिउं न उ भिक्खुणं // शूय.२१८"
678,
679,"धम्मपन्नवणा जा सा, सारम्भा ण विसोहिया"
680,"न उ एयाहिं दिट्ठीहिं, पुव्वमासि पगप्पियं // शूय.२१९"
681,
682,सव्वाहिं अनुजुत्तीहिं अचयन्ता जवित्तए
683,"तओ वायं निराकिच्चा, ते भुज्जो वि पगब्भिया // शूय.२२०"
684,
685,रागदोसाभिभूयप्पा मिच्छत्तेण अभिद्दुया
686,अक्कोसे सरणं जन्ति टङ्कणा इव पव्वयं // शूय.२२१
687,
688,"बहुगुणप्पकप्पाइं, कुज्जा अत्तसमाहिए"
689,"जेण'न्ने न विरुज्झेज्जा, तेणं तं तं समायरे // शूय.२२२"
690,
691,"इमं च धम्ममादाय, कासवेण पवेइयं"
692,"कुज्जा भिक्खू गिलाणस्स, अगिलाए समाहिए // शूय.२२३"
693,
694,"सङ्खाय पेसलं धम्मं, दिट्ठिमं परिनिव्वुडे"
695,"उवसग्गे नियामित्ता, आमोक्खाए परिव्वएज्जासि // शूय.२२४"
696,
697,त्ति बेमि. 
698,
699,"आहंसु महापुरिसा, पुव्विं तत्त तवोधना"
700,"उदएण सिद्धिमावन्ना, तत्थ मन्दो विसीयइ // शूय.२२५"
701,
702,"अभुञ्जिया नमी वेदेही, रामउत्ते य भुञ्जिया"
703,"बाहुए उदगं भोच्चा, तहा नारायणे रिसी // शूय.२२६"
704,
705,"आसिले देविले चेव, दीवायण महारिसी"
706,"पारासरे दगं भोच्चा, बीयाणि हरियाणि य // शूय.२२७"
707,
708,"एए पुव्वं महापुरिसा, आहिया इह संमया"
709,"भोच्चा बीओदगं सिद्धा, इइ मेयमनुस्सुयं // शूय.२२८"
710,
711,तत्थ मन्दा विसीयन्ति वाहच्छिन्ना व गद्दभा
712,"पिट्ठओ परिसप्पन्ति, पीढसप्पीय सम्भमे // शूय.२२९"
713,
714,"इहमेगे उ भासन्ति, सातं सातेण विज्जई"
715,"जे तत्थ आरियं मग्गं, परमं च समाहियं // शूय.२३०"
716,
717,"मा एयं अवमन्नन्ता, अप्पेणं लुम्पहा बहुं"
718,एयस्स अमोक्खाए अयोहारि व्व जूरह // शूय.२३१
719,
720,"पाणाइवाए वट्टन्ता, मुसावाए असञ्जया"
721,"अदिन्नादाणे वट्टन्ता, मेहुणे य परिग्गहे // शूय.२३२"
722,
723,"एवमेगे उ पासत्था, पन्नवेन्ति अनारिया"
724,"इत्थीवसं गया बाला, जिनसासनपरंमुहा // शूय.२३३"
725,
726,"जहा गण्डं पिलागं वा, परिपीलेत्ता मुहुत्तगं"
727,"एवं विन्नवणित्थीसु, दोसो तत्थ कओ सिया // शूय.२३४"
728,
729,"जहा मन्धादए नाम, थिमियं पियति दगं"
730,एवं विन्नवणित्थीसु दोसो तत्थ कओ सिया ? // शूय.२३५
731,
732,"जहा विहङ्गमा पिङ्गा, थिमियं पियति दगं"
733,"एवं विन्नवणित्थीसु, दोसो तत्थ कओ सिया ? // शूय.२३६"
734,
735,एवमेगे उ पासत्था मिच्छादिट्ठी अनारिया
736,"अज्झोववन्ना कामेहिं, पूयणा इव तरुणए // शूय.२३७"
737,
738,अनागयमपस्सन्ता पच्चुप्पन्नगवेसगा
739,"ते पच्छा परितप्पन्ति, खीणे आउंमि जोव्वणे // शूय.२३८"
740,
741,"जेहिं काले परिक्कन्तं, न पच्छा परितप्पए"
742,"ते धीरा बन्धणुम्मुक्का, नावकङ्खन्ति जीवियं // शूय.२३९"
743,
744,"जहा नई वेयरणी, दुत्तरा इह संमता"
745,"एवं लोगंसि नारीओ, दुरुत्तरा अमईमया // शूय.२४०"
746,
747,"जेहिं नारीण सञ्जोगा, पूयणा पिट्ठओ कया"
748,"सव्वमेयं निराकिच्चा, ते ठिया सुसमाहीए // शूय.२४१"
749,
750,"एए ओधं तरिस्सन्ति, समुद्दं ववहारिणो"
751,"जत्थ पाणा विसन्नासी, किच्चन्ती सयकम्मुणा // शूय.२४२"
752,
753,तं च भिक्खू परिण्णाय सुव्वए समिए चरे
754,"मुसावायं विवज्जेज्जा, अदिण्णादाणं च वोसिरे // शूय.२४३"
755,
756,"उड्ढमहे तिरियं वा, जे केई तसथावरा"
757,"सव्वत्थ विरतिं कुज्जा, सन्ति निव्वाणमाहियं // शूय.२४४"
758,
759,इमं च धम्ममादाय कासवेण पवेइयं
760,"कुज्जा भिक्खू गिलाणस्स, अगिलाए समाहिए // शूय.२४५"
761,
762,"सङ्खाय पेसलं धम्मं, दिट्ठिमं परिनिव्वुडे"
763,"उवसग्गे नियामित्ता, आमोक्खाए परिव्वएज्जासि // शूय.२४६"
764,
765,त्ति बेमि. 
766,
767,[इत्थिपरिण्णा]
768,
769,"जे मायरं च पियरं च, विप्पजहाय पुव्वसञ्जोगं"
770,"एगे सहिए चरिस्सामि, आरतमेहुणो विवित्तेसी // शूय.२४७"
771,
772,"सुहुमेणं तं परिक्कम्म, छन्नपएण इत्थीओ मन्दा"
773,"उवायं पि ताओ जाणन्ति, जह लिस्सन्ति भिक्खुणो एगे // शूय.२४८"
774,
775,"पासे भिसं निसीयन्ति, अभिक्खणं पोसवत्थं परिहिन्ति"
776,"कायं अहे वि दंसन्ति, बाहु मुद्धट्टु कक्खमनुव्वजे // शूय.२४९"
777,
778,"सयणासणेहिं जोग्गेहिं, इत्थीओ एगया निमन्तति"
779,"एयाणि चेव से जाणे, पासाणि विरूवरूवाणि // शूय.२५०"
780,
781,"नो तासु चक्खु सन्धेज्जा, नो वि य साहसं समभिजाणे"
782,"नो सद्धियं पि विहरेज्जा, एवमप्पा सुरक्खिओ होइ // शूय.२५१"
783,
784,"आमन्तिय उस्साविया, भिक्खुं आयसा निमन्तेति"
785,"एयाणि चेव से जाणे, सद्दाणि विरूवरूवाणि // शूय.२५२"
786,
787,"मनबन्धणेहिं नेगेहिं, कलुणविनीयमुवगसित्ताणं"
788,"अदु मञ्जुलाइं भासन्ति, आणवयन्ति भिन्नकहाहिं // शूय.२५३"
789,
790,"सीहं जहा व कुणिमेणं, निब्भयमेगचरन्ति पासेणं"
791,"एवित्थियाओ बन्धन्ति, संवुडं एगतियमनगारं // शूय.२५४"
792,
793,"अह तत्थ पुणो नमयन्ति, रहकारो व नेमि आनुपुव्वीए"
794,"बद्धे मिए व पासेणं, फन्दन्ते वि न मुच्चई ताहे // शूय.२५५"
795,
796,"अह से'णुतप्पई पच्छा, भोच्चा पायसं व विसमिस्सं"
797,"एवं विवेगमादाय, संवासो न कप्पए दविए // शूय.२५६"
798,
799,"तम्हा उ वज्जए इत्थी, विसलित्तं व कण्टगं नच्चा"
800,"ओए कुलाणि वसवत्ती, आघाते न से वि निग्गन्थे // शूय.२५७"
801,
802,"जे एयं उञ्छं अनुगिद्धा, अन्नयरा हुन्ति कुसीलाणं"
803,"सुतवस्सिए वि से भिक्खू, नो विहरे सह नमित्थीसु // शूय.२५८"
804,
805,"अवि घूयराहिं सुण्हाहिं, धाईहिं अदुवा दासीहिं"
806,"महतीहिं वा कुमारीहिं, सन्थवं से न कुज्जा अनगारे // शूय.२५९"
807,
808,"अदु नाइणं व सुहिणं वा, अप्पियं दट्ठु एगया होइ"
809,"गिद्धा सत्ता कामेहिं, रक्खणपोसणे मनुस्सो'सि // शूय.२६०"
810,
811,"समणं पि दट्ठूदासीणं, तत्थ वि ताव एगे कुप्पन्ति"
812,"अदुवा भोयणेहिं नत्थेहिं, इत्थीदोसं सङ्किणो होन्ति // शूय.२६१"
813,
814,"कुव्वन्ति सन्थवं ताहिं, पब्भट्ठा समाहिजोगेहिं"
815,"तम्हा समणा न समेन्ति, आयहियाए सन्निसेज्जाओ // शूय.२६२"
816,
817,"बहवे गिहाइं अवहट्टु, मिस्सीभावं पत्थुया य एगे"
818,"धुवमग्गमेव पवयन्ति, वायावीरियं कुसीलाणं // शूय.२६३"
819,
820,"सुद्धं रवइ परिसाए, अह रहस्संमि दुक्कडं कुणइ"
821,"जाणन्ति य णं तहाविहा, माइल्ले महासढे'यं ति // शूय.२६४"
822,
823,"सयं दुक्कडं न वयइ, आइट्ठो वि पकत्थइ बाले"
824,"वेयाणुवीइ मा कासी, चोईज्जन्तो गिलाइ से भुज्जो // शूय.२६५"
825,
826,"उसिया वि इत्थिपोसेसु, पुरिसा इत्थिवेयखेदन्ना"
827,"पण्णासमण्णिया वेगे, नारीणं वसं उवकसन्ति // शूय.२६६"
828,
829,"अवि हत्थपायछेयाए, अदुवा वद्धमंसउक्कन्ते"
830,"अवि तेयसाभितावणाइं, तच्छिय खारसिञ्चणाइं च // शूय.२६७"
831,
832,"अदु कण्णनासियाछेदं, कण्ठच्छेदणं तितिक्खन्ति"
833,"इति एत्थ पाव-सन्तत्ता, न य बिन्ति पुणो न काहिन्ति // शूय.२६८"
834,
835,"सुयमेयमेवमेगेसिं, इत्थीवेदे वि हु सुयक्खायं"
836,"एयं पि ता वइत्ताणं, अदुवा कम्मुणा अवकरेन्ति // शूय.२६९"
837,
838,"अन्नं मणेण चिन्तेति, वाया अन्नं च कम्मुणा अन्नं"
839,"तम्हा न सद्दहे भिक्खू, बहुमायाओ इत्थिओ नच्चा // शूय.२७०"
840,
841,"जुवती समणं बूया, विचित्त'लङ्कार वत्थगाणि परिहित्ता"
842,"विरया चरिस्स'हं रुक्खं, घम्माइक्ख णे भयन्तारो // शूय.२७१"
843,
844,"अदु साविया पवाएणं, अहमंसि साहम्मिणी य समणाणं"
845,"जउकुम्भे जहा उवज्जोई, संवासे विऊ विसीदेज्जा // शूय.२७२"
846,
847,"जउकुम्भे जोइउवगूढे, आसु'भितत्ते नासमुवयाइ"
848,एवित्थियाहिं अनगारा संवासेण नासमुवयन्ति // शूय.२७३
849,
850,"कुव्वन्ति पावगं कम्मं, पुट्ठा वेगेवमाहिंसु"
851,"नो'हं करेमि पावं ति, अङ्केसाइणी ममेस त्ति // शूय.२७४"
852,
853,"बालस्स मन्दयं बीयं, जं च कडं अवजाणई भुज्जो"
854,"दुगुणं करेइ से पावं, पूयणकामो विसन्नेसी // शूय.२७५"
855,
856,"संलोकणिज्जमनगारं, आयगयं निमन्तणेणाहंसु"
857,"वत्थं वा ताइ! पायं वा, अन्नं पानगं पडिग्गाहे // शूय.२७६"
858,
859,"नीवारमेवं बुज्झेज्जा, नो इच्छे अगारमागन्तुं"
860,"बद्धे विसयपासेहिं, मोहमावज्जइ पुणो मन्दे // शूय.२७७"
861,
862,त्ति बेमि. 
863,
864,"ओए सया न रज्जेज्जा, भोगकामी पुणो विरज्जेज्जा"
865,"भोगे समणाणं सुणेहा, जह भुञ्जन्ति भिक्खुणो एगे // शूय.२७८"
866,
867,अह तं तु भेयमावन्नं मुच्छियं भिक्खु काममइवट्टं
868,"पलिभिन्दियाणं तो पच्छा, पादुद्धट्टु मुद्धि पहणन्ति // शूय.२७९"
869,
870,"जइ केसिया णं मए भिक्खु, नो विहरे सह नमित्थीए"
871,"केसा'वि अहं लुञ्चिस्सं, नन्नत्थ मए चरेज्जासि // शूय.२८०"
872,
873,"अह णं से होइ उवलद्धो, तो पेसेन्ति तहाभूएहिं"
874,"अलाउच्छेयं पेहेहि, वग्गुफलाइं आहराहि त्ति // शूय.२८१"
875,
876,"दारूणि सागपागाए, पज्जोओ वा भविस्सई राओ"
877,"पायाणि य मे रयावेहि, एहि ता मे पिट्ठ ओम्मद्दे // शूय.२८२"
878,
879,"वत्थाणि य मे पडिलेहेहि, अन्नं पाणमाहराहि त्ति"
880,"गन्धं च रओहरणं च, कासवगं च समनुजाणाहि // शूय.२८३"
881,
882,"अदु अञ्जणिं अलङ्कारं, कुक्कययं मे पयच्छाहि"
883,"लोद्धं च लोद्धकुसुमं च, वेणु पलासियं च गुलियं च // शूय.२८४"
884,
885,"कोट्ठं तगरं अगरुं च, सम्पिट्ठं सह उसीरेणं"
886,तेल्लं मुहे भिलिङ्गाए वेणुफलाइं सन्निहाणाए // शूय.२८५
887,
888,"नन्दीचुण्णगाइं पाहराहि, छत्तोवानहं च जाणाहि"
889,"सत्थं च सूवच्छेयाए, आणीलं च वत्थं रयावेहि // शूय.२८६"
890,
891,"सुफणिं च सागपागाए, आमलगाइं दगाहरणं च"
892,"तिलगकरणिं अञ्जनसलागं, धिंसु मे विहुयणं विजाणाहि // शूय.२८७"
893,
894,"सण्डासगं च फणिहं च, सीहलिपासगं च आणाहि"
895,"आदंसगं च पयच्छाहि, दन्त पक्खालणं पवेसाहि // शूय.२८८"
896,
897,"पूयफलं तम्बोलं च, सूई-सुत्तगं च जाणाहि"
898,"कोसं च मोयमेहाए, सुप्पुक्खलगं च-खारगलणं च // शूय.२८९"
899,
900,"चन्दालगं च करगं च, वच्चघरगं च आउसो! खणाहि"
901,"सरपाय गं च जायाए, गोरहगं च सामणेराए // शूय.२९०"
902,
903,"घडिगं च सडिण्डिमयं च, चेलगोलं कुमारभूयाए"
904,वासं समभिआवण्णं आवसहं च जाण भत्तं च // शूय.२९१
905,
906,"आसन्दियं च नवसुत्तं, पाउल्लाइं सङ्कमट्ठाए"
907,"अदु पुत्तदोहलट्ठाए, आणप्पा हवन्ति दासा वा // शूय.२९२"
908,
909,"जाए फले समुप्पन्ने, गेण्हसु वा णं अहवा जहाहि"
910,"अह पुत्तपोसिणो एगे, भारवहा हवन्ति उट्टा वा // शूय.२९३"
911,
912,"राओ वि उट्ठिया सन्ता, दारगं सण्ठवेन्ति धाई वा"
913,"सुहिरीमणा वि ते सन्ता, वत्थधुवा हवन्ति हंसा वा // शूय.२९४"
914,
915,"एवं बहुहिं कयपुव्वं, भोगत्थाए जे'भियावन्ना"
916,"दासे मिए व पेस्से वा, पसुभूए व से न वा केई // शूय.२९५"
917,
918,"एवं खु तासु विण्णप्पं, सन्थवं संवासं च वज्जेज्जा"
919,"तज्जातिया इमे कामा, वज्जकरा य एव मक्खाए // शूय.२९६"
920,
921,"एवं भयं न सेयाए, इह से अप्पगं निरुम्भित्ता"
922,नो इत्थिं नो पसुं भिक्खू नो सयं पाणिणा निलिज्जेज्जा // शूय.२९७
923,
924,"सुविसुद्धलेसे मेहावी, परकिरियं च वज्जए नाणी"
925,"मनसा वयसा काएणं, सव्वफाससहे अनगारे // शूय.२९८"
926,
927,"इच्चेवमाहु से वीरे, धुयरए धुयमोहे से भिक्खू"
928,"तम्हा अज्झत्थविसुद्धे, सुविमुक्के आमोक्खाए परिव्वएज्जासि // शूय.२९९"
929,
930,त्ति बेमि. 
931,
932,[नरयविमत्ती]
933,
934,"पुच्छिस्स'हं केवलियं महेसिं!, कहं'भितावा नरगा पुरत्था ?"
935,"अजाणओ मे मुनि! बूहि जाणं, कहं नु बाला नरगं उवेन्ति? // शूय.३००"
936,
937,"एवं मए पुट्ठे महानुभावे, इणमो'ब्बवी कासवे आसुप्पन्ने"
938,"पवेयइस्सं दुहमट्ठदुग्गं, आदिनियं दुक्कडिणं पुरत्था // शूय.३०१"
939,
940,"जे केइ बाला इह जीवियट्ठी, पावाइं कम्माइं करेन्ति रुद्दा"
941,"ते घोररूवे तमिसन्धयारे, तिव्वाभितावे नरए पडन्ति // शूय.३०२"
942,
943,"तिव्वं तसे पाणिणो थावरे य, जे हिंसई आयसुहं पडुच्चा"
944,"जे लूसए होइ अदत्तहारी, न सिक्खई सेयवियस्स किञ्चि // शूय.३०३"
945,
946,"पागब्भि पाणे बहुणं तिवाई, अनिव्वते घायमुवेइ बाले"
947,"निहो निसं गच्छइ अन्तकाले, अहोसिरं कट्टु उवेइ दुग्गं // शूय.३०४"
948,
949,"हण छिन्दहं भिन्दह णं दहेह, सद्दे सुणेत्ता परहम्मियाणं"
950,ते नारगा ऊ भयभिन्नसण्णा कङ्खति कं नाम दिसं वयामो? // शूय.३०५
951,
952,"इङ्गालरासिं जलियं सजोइं, तत्तोवमं भूमिमनुक्कमन्ता"
953,"ते डज्झमाणा कलुणं थणन्ति, अरहस्सरा तत्थ चिरट्ठिईया // शूय.३०६"
954,
955,जइ ते सुया वेयरणी भिदुग्गा निसिओ जहा खुर इव तिक्खसोया
956,तरन्ति ते वेयरणीं भिदुग्गां उसुचोइया सत्तिसु हम्ममाणा // शूय.३०७
957,
958,"कीलेहिं विज्झन्ति असाहुक्कमा, नावं उवेन्ते सइविप्पहूणा"
959,"अन्ने तु सूलाहिं तिसूलियाहिं, दीहाहिं विद्धूण अहे करेन्ति // शूय.३०८"
960,
961,"केसिं च बन्धित्तु गले सिलाओ, उदगंसि बोलेन्ति महालयंसि"
962,"कलम्बुया वालुय मुम्मुरे य, लोलेन्ति पच्चन्ति य तत्थ अन्ने // शूय.३०९"
963,
964,"असूरियं नाम महाभितावं, अन्धं तमं दुप्पतरं महन्तं"
965,"उड्ढं अहेअं तिरियं दिसासु, समाहिओ जत्थ'गनी झियाई // शूय.३१०"
966,
967,जंसी गुहाए जलणे'तिउट्टे अविजाणओ डज्झइ लुत्तपण्णो
968,"सया य कलुणं पुण धम्मठाणं, गाढोवनीयं अइदुक्खधम्मं // शूय.३११"
969,
970,"चत्तारि अगणीओ समारभेत्ता, जहिं कूरकम्मा'भितवेन्ति बालं"
971,"ते तत्थ चिट्ठन्त'भितप्पमाणा, मच्छा व जीवन्तुवजोइपत्ता // शूय.३१२"
972,
973,"सन्तच्छणं नाम महाभितावं, ते नारगा जत्थ असाहुकम्मा"
974,"हत्थेहिं पाएहि य बन्धिऊणं, फलगं व तच्छन्ति कुहाडहत्था // शूय.३१३"
975,
976,"रुहिरे पुणो वच्च-समुस्सियङ्गे, भिन्नुत्तभङ्गे वरिवत्तयन्ता"
977,"पयन्ति णं नेरइए फुरन्ते, सजीवमच्छे व अयो-कवल्ले // शूय.३१४"
978,
979,"नो चेव ते तत्थ मसीभवन्ति, न मिज्जई तिव्वभिवेयणाए"
980,"तमानुभागं अनुवेययन्ता, दुक्खन्ति दुक्खी इह दुक्कडेणं // शूय.३१५"
981,
982,तहिं च ते लोलणसम्पगाढे गाढं सुतत्तं अगनिं वयन्ति
983,"न तत्थ सायं लहती भिदुग्गे, अरहियाभितावा तह वी तवेन्ति // शूय.३१६"
984,
985,"से सुच्चई नगरवहे व सद्दे, दुहोवणीयाणि पयाणि तत्थ"
986,"उदिण्णकम्माण उदिण्णकम्मा, पुणो पुणो ते सरहं दुहेन्ति // शूय.३१७"
987,
988,"पाणेहिं णं पाव विओजयन्ति, तं भे पवक्खामि जहातहेणं"
989,"दण्डेहि तत्था सरयन्ति बाला, सव्वेहिं दण्डेहिं पुराकएहिं // शूय.३१८"
990,
991,"ते हम्ममाणा नरगे पडन्ति, पुण्णे दुरुवस्स महाभितावे"
992,"ते तत्थ चिट्ठन्ति दुरुवभक्खी, तुट्टन्ति कम्मोवगया किमीहिं // शूय.३१९"
993,
994,"सया कसिणं पुण घम्मठाणं, गाढोवनीयं अइदुक्खधम्मं"
995,"अन्दूसु पक्खिप्प विहत्तु देहं, वेहेण सीसं से'भितावयन्ति // शूय.३२०"
996,
997,"छिन्दन्ति बालस्स खुरेण नक्कं, ओट्ठे वि छिन्दन्ति दुवे वि कण्णे"
998,"जिब्भं विणिक्कस्स विहत्थिमेत्तं, तिक्खाहिं सूलाहि'भितावयन्ति // शूय.३२१"
999,
1000,"ते तिप्पमाणा तलसम्पुडं व्व, राइन्दियं तत्थ थणन्ति बाला"
1001,गलन्ति ते सोणियपूयमंसं पज्जोइया खारपइद्धियङ्गा // शूय.३२२
1002,
1003,"जइ ते सुया लोहियपूयपाई, बालागणी तेयगुणा परेणं"
1004,"कुम्भी महन्ताहियपोरुसीया, समूसिया लोहियपूयपुण्णा // शूय.३२३"
1005,
1006,"पक्खिप्प तासुं पययन्ति बाले, अट्टस्सरे ते कलुणं रसन्ते"
1007,"तण्हाइया ते तउतम्बतत्तं, पज्जिज्जमाणा'ट्टयरं रसन्ति // शूय.३२४"
1008,
1009,"अप्पेण अप्पं इह वञ्चइत्ता, भवाहमे पुव्वसए सहस्से"
1010,"चिट्ठन्ति तत्था बहुकूरकम्मा, जहाकडे कम्म तहा सि भारे // शूय.३२५"
1011,
1012,"समज्जिणित्ता कलुसं अणज्जा, इट्ठेहि कन्तेहि य विप्पहूणा"
1013,"ते दुब्भिगन्धे कसिणे य फासे, कम्मोवगा कुणिमे आवसन्ति // शूय.३२६"
1014,
1015,त्ति बेमि. 
1016,
1017,"अहावरं सासयदुक्खधम्मं, तं मे पवक्खामि जहातहेणं"
1018,"बाला जहा दुक्कडकम्मकारी, वेयन्ति कम्माइं पुरेकडाइं // शूय.३२७"
1019,
1020,"हत्थेहिं पाएहि य बन्धिऊणं, उदरं विकत्तन्ति खुरासिएहिं"
1021,"गेण्हित्तु बालस्स विहत्तु देहं, बद्धं थिरं पिट्ठउ उद्धरन्ति // शूय.३२८"
1022,
1023,"बाहू पकत्तन्ति य मूलओ से, थूलं वियासं मुहे आडहन्ति"
1024,"रहंसि जुत्तं सरयन्ति बालं, आरुस्स विज्झन्ति तुदेण पिट्ठे // शूय.३२९"
1025,
1026,"अयं व तत्तं जलियं सजोइ, तओवमं भूमिमनुक्कमन्ता"
1027,"ते डज्झमाणा कलुणं थणन्ति, उसुजोइया तत्तजुगेसु जुत्ता // शूय.३३०"
1028,
1029,"बाला बला भूमिमनुक्कमन्ता, पविज्जलं लोहपहं व तत्तं"
1030,"जंसी'भिदुग्गंसि पवज्जमाणा, पेसे व दण्डेहि पुरा करेन्ति // शूय.३३१"
1031,
1032,"ते सम्पगाढंसि पवज्जमाणा, सिलाहि हम्मन्ति निपातिनीहिं"
1033,"सन्तावणी नाम चिरट्ठिईया, सन्तप्पई जत्थ असाहुकम्मा // शूय.३३२"
1034,
1035,"कन्दूसु पक्खिप्प पयन्ति बालं, तओ वि दड्ढा पुण उप्पतन्ति"
1036,"ते उड्ढकाएहिं पक्खज्जमाणा, अवरेहिं खज्जन्ति सणप्फएहिं // शूय.३३३"
1037,
1038,"समूसियं नाम विधूमठाणं, जं सोयतत्ता कलुणं थणन्ति"
1039,"अहोसिरं कट्टु विगत्तिऊणं, अयं व सत्थेहि समूसवेन्ति // शूय.३३४"
1040,
1041,"समूसिया तत्थ विसूणियङ्गा, पक्खीहिं खज्जन्ति अओमुहेहिं"
1042,"सञ्जीवणी नाम चिरट्ठिईया, जंसी पया हम्मइ पावचेया // शूय.३३५"
1043,
1044,"तिक्खाहिं सूलाहिं 'भितावयन्ति, वसोगयं सावययं व लद्धं"
1045,"ते सूलविद्धा कलुणं थणन्ति, एगन्तदुक्खं दुहओ गिलाणा // शूय.३३६"
1046,
1047,"सया जलं नाम निहं महन्तं, जंसी जलन्तो अगनी अकट्ठो"
1048,"चिट्ठन्ति बद्धा बहुकूरकम्मा, अरहस्सरा केइ चिरट्ठिईया // शूय.३३७"
1049,
1050,"चिया महन्तीउ समारभित्ता, छुब्भन्ति ते तं कलुणं रसन्तं"
1051,आवट्टई तत्थ असाहुकम्मा सप्पी जहा पडियं जोइमज्झे // शूय.३३८
1052,
1053,"सया कसिणं पुण घम्मठाणं, गाढोवनीयं अइदुक्खधम्मं"
1054,"हत्थेहिं पाएहि य बन्धिऊणं, सत्तुं व दण्डेहि समारभन्ति // शूय.३३९"
1055,
1056,"भञ्जन्ति बालस्स वहेण पुट्ठी, सीसं पि भिन्दन्ति अयोघनेहिं"
1057,ते भिन्नदेहा फलगा व तच्छा तत्ताहिं आराहिं नियोजयन्ति // शूय.३४०
1058,
1059,"अभिजुञ्जिया रुद्द असाहुकम्मा, उसुचोइया हत्थिवहं वहन्ति"
1060,"एगं दुरूहित्तु दुवे ततो वा, आरुस्स विज्झन्ति ककाणओ से // शूय.३४१"
1061,
1062,बाला बला भूमिमनुक्कमन्ता पविज्जलं कण्टइलं महन्तं
1063,"विवद्धतप्पेहि विसण्णचित्ते, समीरिया कोट्टबलिं करेन्ति // शूय.३४२"
1064,
1065,"वेयालिए नाम महाभितावे, एगायए पव्वयमन्तलिक्खे"
1066,"हम्मन्ति तत्था बहुकूरम्मा, परं सहस्साण मुहुत्तगाणं // शूय.३४३"
1067,
1068,"संवाहिया दुक्कडिणो थणन्ति, अहो य राओ परितप्पमाणा"
1069,"एगन्तकूडे नरए महन्ते, कूडेण तत्था विसमे हया उ // शूय.३४४"
1070,
1071,"भञ्जन्ति णं पुव्वमरी सरोसं, समुग्गरे ते मुसले गहेउं"
1072,"ते भिन्नदेहा रुहिरं वमन्ता, ओमुद्धगा धरणितले पडन्ति // शूय.३४५"
1073,
1074,"अनासिया नाम महासियाला, पागब्भिणो तत्थ सयावकोवा"
1075,"खज्जन्ति तत्था बहुकूरकम्मा, अदूरगा सङ्कलियाहिं बद्धा // शूय.३४६"
1076,
1077,"सयाजला नाम नई भिदुग्गा, पविज्जलं लोहविलीणतत्ता"
1078,"जंसी भिदुग्गंसि पवज्जमाणा, एगायता'नुक्कमणं करेन्ति // शूय.३४७"
1079,
1080,"एयाइं फासाइं फुसन्ति बालं, निरन्तरं तत्थ चिरट्ठिईयं"
1081,"न हम्ममाणस्स उ होइ ताणं, एगो सयं पच्चणुहोइ दुक्खं // शूय.३४८"
1082,
1083,"जं जारिसं पुव्वमकासि कम्मं, तमेव आगच्छइ सम्पराए"
1084,एगन्तदुक्खं भवमज्जिणित्ता वेदेन्ति दुक्खी तमनन्तदुक्खं // शूय.३४९
1085,
1086,"एयाणि सोच्चा नरगाणि धीरे, न हिंसए किञ्चन सव्वलोए"
1087,"एगन्तदिट्ठी अपरिग्गहे उ, बुज्झेज्ज लोगस्स वसं न गच्छे // शूय.३५०"
1088,
1089,एवं तिरिक्खे मनुयासुरेसं चउरन्त'नन्तं तयणूव्विवागं
1090,"स सव्वमेयं इइ वेयइत्ता, कङ्खेज्ज कालं धुयमायरेज्ज // शूय.३५१"
1091,
1092,त्ति बेमि. 
1093,
1094,[महावीरत्थुई]
1095,
1096,"पुच्छिसु णं समणा माहणा य, अगारिणो या परतित्थिया य"
1097,"से केइ नेगन्तहियं घम्ममाहु, अनेलिसं साहु समिक्खयाए // शूय.३५२"
1098,
1099,"कहं च नाणं कह दंसणं से, सीलं कहं नायसुयस्स आसि ?"
1100,"जाणासि णं भिक्खु जहातहेणं, अहासुयं बूहि जहा निसन्तं // शूय.३५३"
1101,
1102,खेयण्णए से कुसलासुपन्ने अनन्तनाणी य अनन्तदंसी
1103,"जसंसिणो चक्खुपहे ठियस्स, जाणाहि धम्मं च धिइं च पेहि // शूय.३५४"
1104,
1105,"उड्ढं अहेयं तिरियं दिसासु, तसा य जे थावर जे य पाणा"
1106,"से निच्चनिच्चेहिं समिक्ख पण्णे, दीवे व धम्मं समियं उदाहु // शूय.३५५"
1107,
1108,"से सव्वदंसी अभिभूयनाणी, निरामगन्धे धिइमं ठियप्पा"
1109,"अनुत्तरे सव्वजगंसि विज्जं, गन्था अतीते अभए अणाऊ // शूय.३५६"
1110,
1111,"से भूइपण्णे अनिएयचारी, ओहन्तरे धीरे अनन्तचक्खू"
1112,"अनुत्तरं तप्पति सूरिए वा, वइरोयणिन्दे व तमं पगासे // शूय.३५७"
1113,
1114,"अनुत्तरं धम्ममिणं जिणाणं, नेता मुनी कासवे आसुपण्णे"
1115,"इन्दे व देवाण महानुभावे, सहस्सनेता दिवि णं विसिट्ठे // शूय.३५८"
1116,
1117,"से पन्नया अक्खयसागरे वा, महोदही वा वि अनन्तपारे"
1118,अनाइले वा अकसाइ मुक्के सक्केव देवाहिवई जुईमं // शूय.३५९
1119,
1120,"से वीरिएणं पडिपुन्नवीरिए, सुदंसणे वा नगसव्वसेट्ठे"
1121,"सुरालए वा वि मुदागरे से, विरायए नेगगुणोववेए // शूय.३६०"
1122,
1123,"सयं सहस्साण उ जोयणाणं, तिकण्डगे पण्डगवेजयन्ते"
1124,"से जोयणे नवनउति सहस्से, उध्धुस्सितो हेट्ठ सहस्समेगं // शूय.३६१"
1125,
1126,"पुट्ठे नभे चिट्ठइ भूमिवट्ठिए, जं सूरिया अनुपरिवट्टयन्ति"
1127,"से हेमवण्णे बहुनन्दने य, जंसी रइं वेययई महिन्दा // शूय.३६२"
1128,
1129,"से पव्वए सद्दमहप्पगासे, विरायती कञ्चनमट्ठवण्णे"
1130,"अनुत्तरे गिरिसु य पव्वदुग्गे, गिरीवरे से जलिए व भोमे // शूय.३६३"
1131,
1132,"महीए मज्झंमि ठिए नगिन्दे, पन्नायते सूरियसुद्धलेसे"
1133,"एवं सिरीए उ स भूरिवण्णे, मनोरमे जोयति अच्चिमाली // शूय.३६४"
1134,
1135,"सुदंसणस्सेव जसो गिरिस्स, पवुच्चती महतो पव्वतस्स"
1136,"एतोवमे समणे नायपुत्ते, जाती-जसो-दंसण-नाण-सीले // शूय.३६५"
1137,
1138,"गिरीवरे वा निसहा''यताणं, रुयगे व सेट्ठे वलयायताणं"
1139,"ततोवमे से जगभूतिपण्णे, मुणीण मज्झे तमुदाहु पण्णे // शूय.३६६"
1140,
1141,"अनुत्तरं धम्ममुदीरइत्ता, अनुत्तरं झाणवरं झियाइ"
1142,"सुसुक्क सुक्कं अपगण्डसुक्कं, सङ्खेदुवेगन्तवदातसुक्कं // शूय.३६७"
1143,
1144,"अनुत्तरग्गं परमं महेसी, असेसकम्मं स विसोहइत्ता"
1145,"सिद्धिं गतिं साइमनन्त पत्ते, नाणेण सीलेण य दंसणेण // शूय.३६८"
1146,
1147,"रुक्खेसु नाते जह सामली वा, जंसी रतिं वेययति सुवण्णा"
1148,"वनेसु या नन्दनमाहु सेट्ठं, नाणेण सीलेण य भूतिपन्ने // शूय.३६९"
1149,
1150,"थणितं व सद्दाण अनुत्तरे उ, चन्दे व ताराण महानुभावे"
1151,"गन्धेसु वा चन्दनमाहु सेट्ठं, एवं मुणीणं अपडिण्णमाहु // शूय.३७०"
1152,
1153,"जहा सयम्भू उद्दहीण सेट्ठे, नागेसु वा धरणिन्दमाहु सेट्ठे"
1154,"खोओदए वा रस वेजयन्ते, तहोवहाणे मुनि वेजयन्ते // शूय.३७१"
1155,
1156,"हत्थीसु एरावणमाहु नाते, सीहो मिगाणं सलिलाण गङ्गा"
1157,"पक्खीसु वा गरुले वेणुदेवो, निव्वाणवादीणिह नायपुत्ते // शूय.३७२"
1158,
1159,जोहेसु नाए जह वीससेने पुप्फेसु वा जह अरविन्दमाहु
1160,खत्तीण सेट्ठे जह दन्तवक्के ईसीण सेट्ठे तह वद्धमाणे // शूय.३७३
1161,
1162,"दाणाण सेट्ठं अभयप्पयाणं, सच्चेसु या अणवज्जं वयन्ति"
1163,"तवेसु वा उत्तम बम्भचेरं, लोगुत्तमे समणे नायपुत्ते // शूय.३७४"
1164,
1165,"ठितीण सेट्ठा लवसत्तमा वा, सभा सुहम्मा व सभाण सेट्ठा"
1166,"निव्वाणसेट्ठा जह सव्वधम्मा, न नायपुत्ता परमत्थि नाणी // शूय.३७५"
1167,
1168,"पुढोवमे धुणती विगयगेही, न सण्णिहिं कुव्वइ आसुपण्णे"
1169,"तरिउं समुद्दं व महाभवोघं, अभयङ्करे वीर अनन्तचक्खू // शूय.३७६"
1170,
1171,"कोहं च माणं च तहेव मायं, लोभं चउत्थं अज्झत्थदोसा"
1172,"एताणि वन्त्ता अरहा महेसी, न कुव्वई पाव न कारवेइ // शूय.३७७"
1173,
1174,"किरियाकिरियं वेणइयानुवायं, अन्नाणियाणं पडियच्च ठाणं"
1175,"से सव्ववायं इति वेयइत्ता, उवट्ठिए सञ्जम दीहरायं // शूय.३७८"
1176,
1177,"से वारिया इत्थि सराइभत्तं, उवहाणवं दुक्खखयट्ठयाए"
1178,"लोगं विदित्ता अपरं परं च, सव्वं पभू वारिय सव्ववाउं // शूय.३७९"
1179,
1180,"सोच्चा य धम्मं अरहन्तभासियं, समाहियं अट्ठपदोवसुद्धं"
1181,"तं सद्दहाणाय जना अणाऊ, इन्दा व देवाहिव आगमिस्सं // शूय.३८०"
1182,
1183,त्ति बेमि. 
1184,
1185,[कुसीलपरिभासितं]
1186,
1187,"पुढवी य आऊ अगनी य वाऊ, तण रुक्ख बीया य तसा य पाणा"
1188,"जे अण्डया जे य जराउ पाणा, संसेयया जे रसयाभिहाणा // शूय.३८१"
1189,
1190,"एताइं कायाइं पवेइयाइं, एतेसु जाणे पडिलेह सायं"
1191,"एतेहि कायेण य आयदण्डे, पुणो-पुणो विप्परियासुवेन्ति // शूय.३८२"
1192,
1193,"जाईपहं अनुपरियट्टमाणे, तसथावरेहिं विनिघायमेति"
1194,"से जाति-जातिं बहुकूरकम्मे, जं कुव्वती मिज्जति तेण बाले // शूय.३८३"
1195,
1196,"अस्सिं च लोए अदुवा परत्था, सयग्गसो वा तह अन्नहा वा"
1197,"संसारमावन्न परं परं ते, बन्धन्ति वेयन्ति य दुन्नियाणि // शूय.३८४"
1198,
1199,"जे मायरं च पियरं च हिच्चा, समणव्वए अगनिं समारभिज्जा"
1200,"अहाहु से लोए कुसीलधम्मे, भूयाइ जे हिंसति आतसाते // शूय.३८५"
1201,
1202,"उज्जालओ पाण निवातएज्जा, निव्वावओ अगनि निवायवेज्जा"
1203,"तम्हा उ मेहावि समिक्ख धम्मं, न पण्डिते अगनि समारभिज्जा // शूय.३८६"
1204,
1205,"पुढवी वि जीवा आऊ वि जीवा, पाणा य सम्पातिम सम्पयन्ति"
1206,"संसेदया कट्ठसमस्सिता य, एते दहे अगनि समारभन्ते // शूय.३८७"
1207,
1208,"हरियाणि भूयाणि विलम्बगाणि, आहार-देहा य पुढो सियाई"
1209,"जे छिन्दई आतसुहं पडुच्च, पागब्भि-पाणे बहुणं तिवाती // शूय.३८८"
1210,
1211,"जाइं च वुड्ढिं च विनासयन्ते, बीयाइं अस्सञ्जय आयदण्डे"
1212,"अहाहु से लोए अणज्जधम्मे, बीयाइ जे हिंसइ आयसाते // शूय.३८९"
1213,
1214,"गब्भाइं मिज्जन्ति बुयाबुयाणा, नरा परे पञ्चसिहा कुमारा"
1215,"जुवाणगा मज्झिय थेरगा य, चयन्ति ते आउखए पलीणा // शूय.३९०"
1216,
1217,"सम्बुज्झहा जन्तवो! माणुसत्तं, दट्ठुं भयं बालिसेणं अलम्भे"
1218,"एगन्तदुक्खे जरिए हु लोए, सकम्मुणा विप्परियासुवेति // शूय.३९१"
1219,
1220,"इहेग मूढा पवदन्ति मोक्खं, आहार सम्पज्जणवज्जणेणं"
1221,"एगे य सीतोदगसेवणेणं, हुतेण एगे पवदन्ति मोक्खं // शूय.३९२"
1222,
1223,"पाओसिणाणाइसु नत्थि मोक्खो, खारस्स लोणस्स अनासएणं"
1224,ते मज्जमंसं लसुणं च भोच्चा अन्नत्थ वासं परिकप्पयन्ति // शूय.३९३
1225,
1226,"उदगेण जे सिद्धिमुदाहरन्ति, सायं च पातं उदगं फुसन्ता"
1227,"उदगस्स फासेण सिया य सिद्धी, सिज्झिंसु पाणा बहवे दगंसि // शूय.३९४"
1228,
1229,"मच्छा य कुम्मा य सिरीसिवा य, मग्गू य उट्ठा दगरक्खसा य"
1230,"अट्ठाणमेयं कुसला वयन्ति, उदगेण जे सिद्धिमुदाहरन्ति // शूय.३९५"
1231,
1232,"उदगं जइ कम्ममलं हरेज्जा, एवं सुहं इच्छामित्तमेव"
1233,अन्धं व नेयारमनुस्सरित्ता पाणाणि चेवं विणिहन्ति मन्दा // शूय.३९६
1234,
1235,"पावाइं कम्माइं पकुव्वओ हि, सीओदगं तू जइ तं हरेज्जा"
1236,"सिज्झिंसु एगे दगसन्त्तघाती, मुसं वयन्ते जलसिद्धिमाहु // शूय.३९७"
1237,
1238,"हुतेण जे सिद्धिमुदाहरन्ति, सायं च पायं अगनिं फुसन्ता"
1239,"एवं सिया सिद्धि हवेज्ज तेसिं, अगनिं फुसन्ताण कुकंमिणं पि // शूय.३९८"
1240,
1241,"अपरिक्ख दिट्ठं न हु एव सिद्धी, एहिन्ति ते घातमबुज्झमाणा"
1242,"भूतेहिं जाणं पडिलेह सातं, विज्जं गहाय तसथावरेहिं // शूय.३९९"
1243,
1244,"थणन्ति लुप्पन्ति तसन्ति कम्मी, पुढो जगा परिसङ्खाय भिक्खू"
1245,"तम्हा विऊ विरतो आयगुत्ते, दट्ठुं तसे या पडिसंहरेज्जा // शूय.४००"
1246,
1247,"जे धम्मलद्धं विनिहाय भुञ्जे, वियडेण साहट्टु य जे सिणाइं"
1248,"जे धोवती लूसयई व वत्थं, अहाहु से नागणियस्स दूरे // शूय.४०१"
1249,
1250,"कम्मं परिण्णाय दगंसि धीरे, वियडेण जीवेज्ज य आदिमोक्खं"
1251,"से बीयकन्दाइ अभुञ्जमाणे, विरए सिणाणाइसु इत्थियासु // शूय.४०२"
1252,
1253,"जे मायरं च पियरं च हिच्चा, गारं तहा पुत्तपसुं धनं च"
1254,"कुलाइं जे धावति साउगाइं, अहाहु से सामणयिस्स दूरे // शूय.४०३"
1255,
1256,"कुलाइं जे धावति साउगाइं, आघाति धम्मं उदरानुगिद्धे"
1257,अहाहु से आयरियाण सतंसे जे लावएज्जा असनस्स हेउं // शूय.४०४
1258,
1259,"निक्खम्म दीने परभोयणंमि, मुहमङ्गलिए उदरानुगिद्धे"
1260,"नीवारगिद्धे व महावराहे, अदूर एवेहिइ घातमेव // शूय.४०५"
1261,
1262,"अन्नस्स पाणस्सिहलोइयस्स, अणुप्पियं भासति सेवमाणे"
1263,"पासत्थयं चेव कुसीलयं च, निस्सारए होइ जहा पुलाए // शूय.४०६"
1264,
1265,"अण्णायपिण्डेण'हियासएज्जा, नो पूयणं तवसा आवहेज्जा"
1266,"सद्देहिं रूवेहिं असज्जमाणे, सव्वेहिं कामेहिं विनीय गेहिं // शूय.४०७"
1267,
1268,"सव्वाइं सङ्गाइं अइच्च धीरे, सव्वाइं दुक्खाइं तितिक्खमाणे"
1269,"अखिले अगिद्धे अनिएयचारी, अभयङ्करे भिक्खु अनाविलप्पा // शूय.४०८"
1270,
1271,"भारस्स जाता मुनि भुञ्जएज्जा, कङ्खेज्ज पावस्स विवेग भिक्खू"
1272,"दुक्खेण पुट्ठे धुयमाइएज्जा, सङ्गामसीसे व परं दमेज्जा // शूय.४०९"
1273,
1274,"अवि हम्ममाणे फलगावतट्ठी, समागमं कङ्खइ अन्तगस्स"
1275,"निधूय कम्मं न पवञ्चुवेइ, अक्खक्खए वा सगडं // शूय.४१०"
1276,
1277,ति बेमि. 
1278,
1279,[वीरियं]
1280,
1281,"दुहा वेयं सुयक्खायं, वीरियं ति पवुच्चई"
1282,किं नु वीरस्स वीरत्तं? कहं चेयं पवुच्चई ? // शूय.४११
1283,
1284,"कम्ममेगे पवेदेन्ति, अकम्मं वा वि सुव्वया"
1285,"एतेहिं दोहिं ठाणेहिं, जेहिं दीसन्ति मच्चिया // शूय.४१२"
1286,
1287,"पमायं कम्ममाहंसु, अप्पमायं तहा'वरं"
1288,"तब्भावादेसओ वा वि, बालं पण्डियमेव वा // शूय.४१३"
1289,
1290,"सत्थमेगे तु सिक्खन्ता,, अतिवाताय पाणिणं"
1291,"एगे मन्ते अहिज्जन्ति, पाणभूयविहेडिणो // शूय.४१४"
1292,
1293,"माइणो कट्टु माया य, कामभोगे समारभे"
1294,"हन्ता छेत्ता पगब्भित्ता, आय-सायानुगामिणो // शूय.४१५"
1295,
1296,"मनसा वयसा चेव, कायसा चेव अन्तसो"
1297,"आरतो परतो वा वि, दुहा वि य असञ्जता // शूय.४१६"
1298,
1299,"वेराइं कुव्वती वेरी, ततो वेरेहिं रज्जती"
1300,"पावोवगा य आरम्भा, दुक्खफासा य अन्तसो // शूय.४१७"
1301,
1302,"सम्परायं नियच्छन्ति, अत्तदुक्कडकारिणो"
1303,"रागदोसस्सिया बाला, पावं कुव्वन्ति ते बहुं // शूय.४१८"
1304,
1305,"एतं सकम्मविरियं, बालाणं तु पवेइयं"
1306,"एत्तो अकम्मविरियं, पण्डियाणं सुणेह मे // शूय.४१९"
1307,
1308,"दविए बन्धणुम्मुक्के, सव्वतो छिन्नबन्धणे"
1309,"पणोल्ल पावगं कम्मं, सल्लं कन्तति अन्तसो // शूय.४२०"
1310,
1311,"नेयाउयं सुयक्खातं, उवादाय समीहते"
1312,"भुज्जो भुज्जो दुहावासं, असुहत्तं तहा तहा // शूय.४२१"
1313,
1314,"ठाणी विविहठाणाणि, चइस्सन्ति न संसओ"
1315,"अनियते अयं वासे, नायएहिं सुहीहि य // शूय.४२२"
1316,
1317,"एवमायाय मेहावी, अप्पणो गिद्धिमुद्धरे"
1318,"आरियं उवसम्पज्जे, सव्वधम्ममकोवियं // शूय.४२३"
1319,
1320,"सहसंमइए नच्चा, धम्मसारं सुणेत्तु वा"
1321,"समुवट्ठिए उ अनगारे, पच्चक्खाए य पावए // शूय.४२४"
1322,
1323,"जं किञ्चुवक्कमं जाणे, आउक्खेमस्स अप्पणो"
1324,"तस्सेव अन्तरा खिप्पं, सिक्खं सिक्खेज्ज पण्डिए // शूय.४२५"
1325,
1326,"जहा कुम्मे सअङ्गाइं, सए देहे समाहरे"
1327,"एवं पावाइं मेधावी, अज्झप्पेण समाहरे // शूय.४२६"
1328,
1329,"साहरे हत्थपाए य, मणं सव्विन्दियाणि य"
1330,"पावगं च परीणामं, भासादोसं च तारिसं // शूय.४२७"
1331,
1332,"अइ मानं च मायं च, तं परिण्णाय पण्डिए"
1333,"सुतं मे इह मेगेसिं, एयं वीरस्स वीरियं"
1334,[उड्ढमहे तिरियं वा जे पाणा तस थावरा
1335,"सव्वत्थ विरतिं कुज्जा, सन्ति-निव्वाणमाहितं] // शूय.४२८"
1336,
1337,"पाणे य नाइवाएज्जा, अदिन्नं पि य नादए"
1338,"सातियं न मुसं बूया, एस धम्मे वुसीमओ // शूय.४२९"
1339,
1340,अतिक्कमन्ति वायाए मनसा वि न पत्थए
1341,"सव्वओ संवुडे दन्ते, आयाणं सुसमाहरे // शूय.४३०"
1342,
1343,"कडं च कज्जमाणं च, आगमेस्सं च पावगं"
1344,"सव्वं तं नानुजाणन्ति, आयगुत्ता जिइन्दिया // शूय.४३१"
1345,
1346,"जे या'बुद्धा महाभागा, वीरा'सम्मत्तदंसिणो"
1347,"असुद्धं तेसिं परक्कन्तं, सफलं होइ सव्वसो // शूय.४३२"
1348,
1349,"जे य बुद्धा महाभागा, वीरा सम्मत्तदंसिणो"
1350,"सुद्धं तेसिं परक्कन्तं, अफलं होइ सव्वसो // शूय.४३३"
1351,
1352,"तेसिं पि तवो न सुद्धो, निक्खन्ता जे महाकुला"
1353,"जन्ने वन्ने वियाणन्ति, न सिलोगं पवेज्जए // शूय.४३४"
1354,
1355,"अप्पपिण्डासि पाणासि, अप्पं भासेज्ज सुव्वए"
1356,"खन्ते'भिनिव्वुडे दन्ते, वीतगेहि सया जए // शूय.४३५"
1357,
1358,"झाणजोगं समाहट्टु, कायं विउसेज्ज सव्वसो"
1359,"तितिक्खं परमं नच्चा, आमोक्खाए परिव्वएज्जासि // शूय.४३६"
1360,
1361,त्ति बेमि. 
1362,
1363,[धम्मो]
1364,
1365,"कयरे धम्मे अक्खाए, माहणेण मईमता ?"
1366,"अञ्जुं धम्मं जहातच्चं, जिणाणं तं सुणेह मे // शूय.४३७"
1367,
1368,"माहणा खत्तिया वेस्सा, चण्डाला अदु बोक्कसा"
1369,"एसिया वेसिया सुद्दा, जे य आरम्भनिस्सिया // शूय.४३८"
1370,
1371,"परिग्गहे निविट्ठाणं, वेरं तेसिं पवड्ढई"
1372,"आरम्भसम्भिया कामा, न ते दुक्खविमोयगा // शूय.४३९"
1373,
1374,"आघातकिच्चमाहेउं, नाइओ विसएसिणो"
1375,"अन्ने हरन्ति तं वित्तं, कम्मी कम्मेहिं किच्चती // शूय.४४०"
1376,
1377,"माया पिया ण्हुसा भाया, भज्जा पुत्ता य ओरसा"
1378,"नालं ते तव ताणाए, लुप्पन्तस्स सकम्मुणा // शूय.४४१"
1379,
1380,"एयमट्ठं सपेहाए, परमट्ठानुगामियं"
1381,"निम्ममो निरहङ्कारो, चरे भिक्खू जिणाहियं // शूय.४४२"
1382,
1383,"चिच्चा वित्तं पुत्ते य, नाइओ य परिग्गहं"
1384,"चिच्चाण अन्तगं सोयं, निरवेक्खो परिव्वए // शूय.४४३"
1385,
1386,पुढवी आऊ अगनी वाऊ तण रुक्ख सबीयगा
1387,"अण्डया पोय जराऊ, रस संसेय उब्भिया // शूय.४४४"
1388,
1389,"एतेहिं छहिं काएहिं, तं विज्जं परिजाणिया"
1390,"मनसा कायवक्केणं, नारम्भी न परिग्गही // शूय.४४५"
1391,
1392,मुसावायं बहिद्धं च उग्गहं च अजाइया
1393,"सत्थादाणाइं लोगंसि, तं विज्जं परिजाणिया // शूय.४४६"
1394,
1395,"पलिउञ्चणं च भयणं च, थण्डिल्लुस्सयणाणि य"
1396,"धुणादाणाइं लोगंसि, तं विज्जं परिजाणिया // शूय.४४७"
1397,
1398,"धोयणं रयणं चेव, बत्थीकम्मं विरेयणं"
1399,"वमणञ्जण पलीमन्थं, तं विज्जं परिजाणिया // शूय.४४८"
1400,
1401,"गन्धमल्लं सिणाणं च, दन्तपक्खालणं तहा"
1402,"परिग्गहित्थिकम्मं च, तं विज्जं परिजाणिया // शूय.४४९"
1403,
1404,"उद्देसियं कीयगडं, पामिच्चं चेव आहडं"
1405,"पूतिं अनेसणिज्जं च, तं विज्जं परिजाणिया // शूय.४५०"
1406,
1407,"आसूणिमक्खिरागं च, गिद्धुवधायकम्मगं"
1408,"उच्छोलणं च कक्कं च, तं विज्जं परिजाणिया // शूय.४५१"
1409,
1410,"सम्पसारी कयकिरिए, पसिणायतणाणि य"
1411,"सागारियं च पिण्डं च, तं विज्जं परिजाणिया // शूय.४५२"
1412,
1413,"अट्ठावयं न सिक्खेज्जा, वेधादीयं च नो वए"
1414,"हत्थकम्मं विवायं च, तं विज्जं परिजाणिया // शूय.४५३"
1415,
1416,उवाणहाओ य छत्तं च नालियं बालवीयणं
1417,"परकिरियं अन्नमन्नं च, तं विज्जं परिजाणिया // शूय.४५४"
1418,
1419,"उच्चारं पासवणं, हरितेसु न करे मुनी"
1420,"वियडेण वावि साहट्टु, नायमेज्जा कयाइ वि // शूय.४५५"
1421,
1422,परमत्ते अन्नपानं न भुञ्जेज्ज कयाइ वि
1423,"परवत्थं अचेलो'वि, तं विज्जं परिजाणिया // शूय.४५६"
1424,
1425,"आसन्दी पलियङ्के य, निसिज्जं च गिहन्तरे"
1426,"सम्पुच्छणं सरणं वा, तं विज्जं परिजाणिया // शूय.४५७"
1427,
1428,"जसं कित्ती सिलोगं च, जा य वन्दणपूयणा"
1429,"सव्वलोगंसि जे कामा, तं विज्जं परिजाणिया // शूय.४५८"
1430,
1431,जेणेहं निव्वहे भिक्खू अन्नपानं तहाविहं
1432,"अनुप्पदाणमन्नेसिं, तं विज्जं परिजाणिया // शूय.४५९"
1433,
1434,"एवं उदाहु निग्गन्थे, महावीरे महामुनी"
1435,"अनन्तनाणदंसी से, धम्मं देसितवं सुत्तं // शूय.४६०"
1436,
1437,भासमाणो न भासेज्जा नेव वम्फेज्ज मम्मयं
1438,"माइट्ठाणं विवज्जेज्जा, अनुचिन्तिय वियागरे // शूय.४६१"
1439,
1440,तत्थिमा तइया भासा जं वइत्ता'नुतप्पई
1441,"जं छन्नं तं न वत्तव्वं, एसा आणा नियण्ठिया // शूय.४६२"
1442,
1443,"होलावायं सहीवायं, गोयवायं च नो वए"
1444,तुमं तुमं ति अमणुन्नं सव्वसो तं न वत्तए // शूय.४६३
1445,
1446,अकुसीले सदा भिक्खू नो य संसग्गियं भए
1447,"सुहरूवा तत्थुवस्सग्गा, पडिबुज्झेज्ज ते विदू // शूय.४६४"
1448,
1449,"नन्नत्थ अन्तराएणं, परगेहे न निसीयए"
1450,"गाम-कुमारियं किड्डं, नाइवेलं हसे मुनी // शूय.४६५"
1451,
1452,"अनुस्सुओ उरालेसु, जयमाणो परिव्वए"
1453,"चरियाए अप्पमत्तो, पुट्ठो तत्थ'हियासए // शूय.४६६"
1454,
1455,"हम्ममाणो न कुप्पेज्जा, वुच्चमाणो न सञ्जले"
1456,"सुमने अहियासेज्जा, न य कोलाहलं करे // शूय.४६७"
1457,
1458,"लद्धे कामे न पत्थेज्जा, विवेगे एव माहिए"
1459,"आयरियाइं सिक्खेज्जा, बुद्धाणं अन्तिए सया // शूय.४६८"
1460,
1461,"सुस्सूसमाणो उवासेज्जा, सुप्पन्नं सुतवस्सियं"
1462,वीरा जे अत्तपन्नेसी धितिमन्ता जिइन्दिया // शूय.४६९
1463,
1464,"गिहे दीवमपासन्ता, पुरिसादानिया नरा"
1465,"ते वीरा बन्धणुम्मुक्का, नावकङ्खन्ति जीवियं // शूय.४७०"
1466,
1467,"अगिद्धे सद्दफासेसु, आरम्भेसु अनिस्सिए"
1468,"सव्वं तं समयातीतं, जमेतं लवियं बहु // शूय.४७१"
1469,
1470,"अइमानं च मायं च, तं परिण्णाय पण्डिए"
1471,"गारवाणि य सव्वाणि, निव्वाणं सन्धए मुनि // शूय.४७२"
1472,
1473,त्ति बेमि. 
1474,
1475,[समाही]
1476,
1477,"आधं मइमं अणुवीइ धम्मं, अञ्जुं समाहिं तमिणं सुणेह"
1478,"अपडिन्ने भिक्खू समाहिपत्ते, अनिदान भूतेसु परिव्वएज्जा // शूय.४७३"
1479,
1480,"उड्ढं अहेयं तिरियं दिसासु, तसा य जे थावर जे य पाणा"
1481,"हत्थेहि पादेहि य सञ्जमित्ता, अदिन्नमन्नेसु य नो गहेज्जा // शूय.४७४"
1482,
1483,"सुयक्खायधम्मे वितिगिच्छतिण्णे, लाढे चरे आयतुले पयासु"
1484,"आयं न कुज्जा इह जीवियट्ठी, चयं न कुज्जा सुतवस्सि भिक्खू // शूय.४७५"
1485,
1486,"सव्विन्दियाभिनिव्वुडे पयासु, चरे मुनी सव्वओ विप्पमुक्के"
1487,"पासाहि पाणे य पुढो वि सत्ते, दुक्खेण अट्टे परितप्पमाणे // शूय.४७६"
1488,
1489,"एतेसु बाले य पकुव्वमाणे, आवट्टती कम्मसु पावएसु"
1490,"अतिवाततो कीरति पावकम्मं, निउञ्जमाणे उ करेइ कम्मं // शूय.४७७"
1491,
1492,"आदीनवित्तीव व करेति पावं, मन्ता हु एगन्तसमाहिमाहु"
1493,"बुद्धे समाहीय रए विवेगे, पाणाइवाया विरते ठितप्पा // शूय.४७८"
1494,
1495,"सव्वं जगं तू समयानुपेही, पियमप्पियं कस्सइ नो करेज्जा"
1496,उट्ठाय दीनो य पुणो विसन्नो सम्पूयणं चेय सिलोयकामी // शूय.४७९
1497,
1498,आहाकडं चेव निकाममीणे निकामचारी य विसन्नमेसी
1499,"इत्थीसु सत्ते य पुढो य बाले, परिग्गहं चेव पकुव्वमाणे // शूय.४८०"
1500,
1501,"वेरानुगिद्धे निचयं करेति, इतो चुते से दुहमट्ठदुग्गं"
1502,"तम्हा तु मेधावि समिक्ख घम्मं, चरे मुनी सव्वतो विप्पमुक्के // शूय.४८१"
1503,
1504,"आयं न कुज्जा इह जीवितट्ठी, असज्जमाणो य परिव्वएज्जा"
1505,निसम्मभासी य विनीयगिद्धीं हिंसन्नितं वा न कहं करेज्जा // शूय.४८२
1506,
1507,"आहाकडं वा न निकामएज्जा, निकामयन्ते य न सन्थवेज्जा"
1508,"धुणे उरालं अनुवेहमाणे, चेच्चाण सोयं अनवेक्खमाणो // शूय.४८३"
1509,
1510,"एगत्तमेयं अभिपत्थएज्जा, एवं पमोक्खे न मुसं ति पासं"
1511,"एसप्पमोक्खे अमुसे'वरे वी, अकोहणे सच्चरए तवस्सी // शूय.४८४"
1512,
1513,"इत्थीसु या आरय मेहुणे उ, परिग्गहं चेव अकुव्वमाणे"
1514,"उच्चावएसुं विसएसु ताई, निस्संसयं भिक्खु समाहिपत्ते // शूय.४८५"
1515,
1516,"अरतिं रतिं च अभिभूय भिक्खू, तणाइफासं तह सीयफासं"
1517,"उण्हं च दंसं च'हियासएज्जा, सुब्भिं च दुब्भिं च तितिक्खएज्जा // शूय.४८६"
1518,
1519,गुत्तो वईए य समाहिपत्तो लेसं समाहट्टु परिव्वएज्जा
1520,"गिहं न छाए न वि छादएज्जा, सम्मिस्सिभावं पजहे पयासु // शूय.४८७"
1521,
1522,जे केइ लोगंमि उ अकिरियआया अन्नेन पुट्ठा धुतमादिसन्ति
1523,"आरम्भसत्ता गढिया य लोए, धम्मं न जाणन्ति विमोक्खहेउं // शूय.४८८"
1524,
1525,पुढो य छन्दा इह माणवा उ किरियाकिरियं च पुढो य वादं
1526,"जातस्स बालस्स पकुव्व देहं, पवड्ढती वेरमसञ्जयस्स // शूय.४८९"
1527,
1528,"आउक्खयं चेव अबुज्झमाणे, ममाइ से साहसकारि मन्दे"
1529,"अहो य राओ परितप्पमाणे, अट्टेसु मूढे अजरामरे व्व // शूय.४९०"
1530,
1531,"जहाहि वित्तं पसवो य सव्वे, जे बन्धवा जे य पिया य मित्ता"
1532,"लालप्पई से'विय एइ मोहं, अन्ने जना तंसि हरन्ति वित्तं // शूय.४९१"
1533,
1534,"सीहं जहा खुड्डमिगा चरन्ता, दूरे चरन्ती परिसङ्कमाणा"
1535,"एवं तु मेहावि समिक्ख घम्मं, दूरेण पावं परिवज्जएज्जा // शूय.४९२"
1536,
1537,"सम्बुज्झमाणे उ नरे मतीमं, पावाओ अप्पाण निवट्टएज्जा"
1538,"हिंसप्पसूताणि दुहाणि मत्ता, निव्वाणभूत्ते व परिवएज्जा // शूय.४९३"
1539,
1540,"मुसं न बूया मुनि अत्तगामी, निव्वाणमेयं कसिणं समाहिं"
1541,"सयं न कुज्जा न य कारवेज्जा, करन्तमन्नं पि य नानुजाणे // शूय.४९४"
1542,
1543,"सुद्धे सिया जाए न दूसएज्जा, अमुच्छिए य अणज्झोववन्ने"
1544,"धितिमं विमुक्के न य पूयणट्ठी, न सिलोयगामी य परिव्वएज्जा // शूय.४९५"
1545,
1546,"निक्खम्म गेहाओ निरावकङ्खी, कायं विउस्सेज्ज निदानछिन्ने"
1547,"नो जीवितं नो मरणाभिकङ्खी, चरेज्ज भिक्खू वलया विमुक्के // शूय.४९६"
1548,
1549,त्ति बेमि. 
1550,
1551,[मग्गे]
1552,
1553,"कयरे मग्गे अक्खाते, माहणेणं मतीमता ?"
1554,"जं मग्गं उज्जु पावित्ता, ओहं तरति दुरुत्तरं // शूय.४९७"
1555,
1556,"तं मग्गं अनुत्तरं सुद्धं, सव्वदुक्खविमोक्खणं"
1557,"जाणासि णं जहा भिक्खू !, तं नो बूहि महामुनी // शूय.४९८"
1558,
1559,"जइ नो केई पुच्छेज्जा, देवा अदुव माणुसा"
1560,"तेसिं तु कयरं मग्गं, आइक्खेज्ज? कहानि णो // शूय.४९९"
1561,
1562,"जइ वो केइ पुच्छेज्जा, देवा अदुव माणुसा"
1563,"तेसिमं पडिसाहेज्जा, मग्गसारं सुणेह मे // शूय.५००"
1564,
1565,"अनुपुव्वेण महाघोरं, कासवेण पवेइयं"
1566,"जमादाय इओ पुव्वं, समुद्दं ववहारिणो // शूय.५०१"
1567,
1568,"अतरिंसु तरन्तेगे, तरिस्सन्ति अनागया"
1569,"तं सोच्चा पडिवक्खामि, जन्तवो तं सुणेह मे // शूय.५०२"
1570,
1571,"पुढवीजीवा पुढो सत्ता, आउजीवा तहागुणी"
1572,"वाउजीवा पुढो सत्ता, तणरुक्खा सबीयगा // शूय.५०३"
1573,
1574,"अहावरे तसा पाणा, एवं छक्काय आहिया"
1575,"इत्ताव एव जीवकाए, नावरे विज्जती काए // शूय.५०४"
1576,
1577,सव्वाहिं अनुजुत्तीहिं मइमं पडिलेहिया
1578,"सव्वे अकन्तदुक्खा य, अतो सव्वे न हिंसया // शूय.५०५"
1579,
1580,"एयं खु नाणिणो सारं, जं न हिंसति कञ्चन"
1581,"अहिंसा समयं चेव, एतावन्तं विजाणिया // शूय.५०६"
1582,
1583,"उड्ढं अहे तिरियं च, जे केइ तसथावरा"
1584,सव्वत्थ विरतिं विज्जा सन्ति निव्वाणमाहियं // शूय.५०७
1585,
1586,"पभू दोसे निराकिच्चा, न विरुज्झेज्ज केणई"
1587,"मनसा वयसा चेव, कायसा चेव अन्तसो // शूय.५०८"
1588,
1589,"संवुडे से महापण्णे, धीरे दत्तेसणं चरे"
1590,"एसणासमिए निच्चं, वज्जयन्ते अनेसणं // शूय.५०९"
1591,
1592,"भूयाइं च समारम्भ, तमुद्दिस्सा य जं कडं"
1593,"तारिसं तु न गेण्हेज्जा, अन्नपाणं सुसञ्जए // शूय.५१०"
1594,
1595,"पूतिकम्मं न सेवेज्जा, एस धम्मे वुसीमतो"
1596,जं किञ्चि अभिकङ्खेज्जा सव्वसो तं न कप्पते // शूय.५११
1597,
1598,"हणन्तं नानुजाणेज्जा, आयगुत्ते जिइन्दिए"
1599,"ठाणाइं सन्ति सड्ढीणं, गामेसु नगरेसु वा // शूय.५१२"
1600,
1601,"तहा गिरं समारब्भ, अत्थि पुण्णन्ति नो वए"
1602,"अहवा नत्थि पुण्णं ति, एवमेयं महब्भयं // शूय.५१३"
1603,
1604,"दानट्ठया य जे पाणा, हम्मन्ति तसथावरा"
1605,"तेसिं सारक्खणट्ठाए, तम्हा अत्थि त्ति नो वए // शूय.५१४"
1606,
1607,"जेसिं तं उवकप्पेतिं, अन्नं पानं तहाविहं"
1608,"तेसिं लाभन्तरायन्ति, तम्हा नत्थि त्ति नो वए // शूय.५१५"
1609,
1610,"जे य दानं पसंसन्ति, वधमिच्छन्ति पाणिणं"
1611,"जे य णं पडिसेहन्ति, वित्तिच्छेदं करेन्ति ते // शूय.५१६"
1612,
1613,दुहओ वि ते न भासन्ति अत्थि वा नत्थि वा पुणो
1614,"आयं रयस्स हेच्चा णं, निव्वाणं पाउणन्ति ते // शूय.५१७"
1615,
1616,"निव्वाणं परमं बुद्धा, नक्खत्ताण व चन्दमा"
1617,"तम्हा सया जए दन्ते, निव्वाणं सन्धए मुनी // शूय.५१८"
1618,
1619,"बुज्झमाणाण पाणाणं, किच्चन्ताणं सकम्मुणा"
1620,"आधाति साधु तं दीवं, पतिट्ठेसा पवुच्चइ // शूय.५१९"
1621,
1622,"आयगुत्ते सया दन्ते, छिन्नसोए अनासवे"
1623,"जे धम्मं सुद्धमक्खाति, पडिपुण्णमनेलिसं // शूय.५२०"
1624,
1625,"तमेव अविजाणन्ता, अबुद्धा बुद्धमाणिणो"
1626,"बुद्धा मो त्ति य मन्नन्ता, अन्ते एते समाहिए // शूय.५२१"
1627,
1628,"ते य बीयोदगं चेव, तमुद्दिस्सा य जं कडं"
1629,"भोच्चा झाणं झियायन्ति, अखेतण्णा असमाहिया // शूय.५२२"
1630,
1631,"जहा ढङ्का य कङ्का य, कुलला मग्गुका सिही"
1632,"मच्छेसणं झियायन्ति, झाणं ते कलुसाधमं // शूय.५२३"
1633,
1634,"एवं तु समणा एगे, मिच्छदिट्ठी अनारिया"
1635,"विसएसणं झियायन्ति, कङ्का वा कलुसाधमा // शूय.५२४"
1636,
1637,"सुद्धं मग्गं विराहित्ता, इहमेगे उ दुम्मती"
1638,"उम्मग्गगया दुक्खं, घातमेसन्ति तं तहा // शूय.५२३"
1639,
1640,"जहा आसाविणिं नावं, जाइअन्धो दुरूहिया"
1641,"इच्छई पारमागन्तुं, अन्तरा य विसीदति // शूय.५२६"
1642,
1643,"एवं तु समणा एगे, मिच्छद्दिट्ठी अनारिया"
1644,सोतं कसिणमावन्ना आगन्तारो महब्भयं // शूय.५२७
1645,
1646,"इमं च धम्ममादाय, कासवेण पवेदितं"
1647,"तरे सोयं महाघोरं, अत्तत्ताए परिव्वए // शूय.५२८"
1648,
1649,"विरते गामधम्मेहिं, जे केई जगई जगा"
1650,"तेसिं अत्तुवमायाए, थामं कुव्वं परिव्वए // शूय.५२९"
1651,
1652,"अतिमानं च मायं च, तं परिण्णाय पण्डिए"
1653,"सव्वमेयं निराकिच्चा, निव्वाणं सन्धए मुनी // शूय.५३०"
1654,
1655,"सन्धए साहुधम्मं च, पावधम्मं निराकरे"
1656,"उवधानवीरिए भिक्खू, कोहं मानं न पत्थए // शूय.५३१"
1657,
1658,"जे य बुद्धा अतिक्कन्ता, जे य बुद्धा अनागया"
1659,"सन्ती तेसिं पइट्ठाणं, भूयाणं जगई जहा // शूय.५३२"
1660,
1661,अह णं वतमावन्नं फासा उच्चावया फूसे
1662,"न तेहिं विनिहण्णेज्जा, वातेण व महागिरी // शूय.५३३"
1663,
1664,"संवुडे से महापण्णे, धीरे दत्तेसणं चरे"
1665,"निव्वुडे कालमाकङ्खे, एवं केवलिणो मतं // शूय.५३४"
1666,
1667,त्ति बेमि. 
1668,
1669,[समोसरणं]
1670,
1671,"चत्तारि समोसरणाणिमाणि, पावादुया जाइं पुढो वयन्ति"
1672,"किरियं अकिरियं विनयन्ति तइयं, अन्नाणमाहंसु चउत्थमेव // शूय.५३५"
1673,
1674,"अन्नाणिया ता कुसला वि सन्ता, असन्थुया नो वितिगिच्छतिण्णा"
1675,"अकोविया आहु अकोविएहिं, अनानुवीईत्ति मुसं वदन्ति // शूय.५३६"
1676,
1677,"सच्चं असच्चं इति चिन्तयन्ता, असाहु साहु त्ति उदाहरन्ता"
1678,जेमे जना वेणइया अनेगे पुट्ठा वि भावं विणइंसु नाम // शूय.५३७
1679,
1680,"अनोवसङ्खा इति ते उदाहु, अट्ठे स ओभासइ अम्ह एवं"
1681,"लवावसङ्की य अनागएहिं, नो किरियमाहंसु अकिरियवादी // शूय.५३८"
1682,
1683,"संमिस्सभावं च गिरा गिहीते, से मुम्मुई होइ अनानुवाई"
1684,"इमं दुपक्खं इममेगपक्खं, आहंसु छलायतणं च कम्मं // शूय.५३९"
1685,
1686,"ते एवमक्खन्ति अबुज्झमाणा, विरूवरूवाणि अकिरियवादी"
1687,"जे मायइत्ता बहवे मनूसा, भमन्ति संसारमणोवदग्गं // शूय.५४०"
1688,
1689,"नाइच्चो उदेइ न अत्थमेइ, न चन्दिमा वड्ढति हायती वा"
1690,"सलिला न सन्दन्ति न वन्ति वाया, वञ्झो नियतो कसिणे हु लोए // शूय.५४१"
1691,
1692,"जहा हि अन्धे सह जोइणा वि, रूवाणि नो पस्सइ हीननेत्ते"
1693,सन्तं पि ते एवमकिरियवाई किरियं न पस्सन्ति निरूद्धपण्णा // शूय.५४२
1694,
1695,"संवच्छरं सुविणं लक्खणं च, निमित्तदेहं च उप्पाइयं च"
1696,"अट्ठङ्गमेयं बहवे अहित्ता, लोगंसि जाणन्ति अनागताइं // शूय.५४३"
1697,
1698,"केई निमित्ता तहिया भवन्ति, केसिञ्चि तं विप्पडिएति नाणं"
1699,"ते विज्जभावं अणहिज्जमाणा, आहंसु विज्जापलिमोक्खमेव // शूय.५४४"
1700,
1701,"ते एवमक्खन्ति समेच्च लोगं, तहा-तहा समणा माहणा य"
1702,"सयं कडं न'न्नकडं च दुक्खं, आहंसु विज्जाचरणं पमोक्खं // शूय.५४५"
1703,
1704,"ते चक्खु लोगंसिह नायगा उ, मग्गाणुसासन्ति हियं पयाणं"
1705,"तहा तहा सासयमाहु लोए, जंसी पया मानव! सम्पगाढा // शूय.५४६"
1706,
1707,"जे रक्खसा जे जमलोइया वा, जे वा सुरा गन्धव्वा य काया"
1708,"आगासगामी य पुढोसिया ते, पुणो पुणो विप्परियासुवेन्ति // शूय.५४७"
1709,
1710,"जमाहु ओहं सलिलं अपारगं, जाणाहि णं भवगहणं दुमोक्खं"
1711,"जंसी विसण्णा विसयङ्गणाहिं, दुहओ'वि लोयं अनुसञ्चरन्ति // शूय.५४८"
1712,
1713,"न कम्मुणा कम्म खवेन्ति बाला, अकम्मुणा कम्म खवेन्ति धीरा"
1714,"मेधाविणो लोभमयावतीता, सन्तोसिणो नो पकरेन्ति पावं // शूय.५४९"
1715,
1716,"ते तीतउप्पन्नमनागयाइं, लोगस्स जाणन्ति तहागताइं"
1717,"नेतारो अन्नेसिं अनन्ननेया, बुद्धा हु ते अन्तकडा भवन्ति // शूय.५५०"
1718,
1719,"ते नेव कुव्वन्ति न कारवेन्ति, भूताभिसङ्काए दुगुञ्छमाणा"
1720,"सदा जता विप्पनमन्ति धीरा, विण्णत्ति धीरा य हवन्ति एगे // शूय.५५१"
1721,
1722,"डहरे य पाणे वुड्ढे य पाणे, ते आत्तओ पासइ सव्वलोगे"
1723,"उव्वेहती लोगमिणं महन्तं, बुद्धे'पमत्तेसु परिव्वएज्जा // शूय.५५२"
1724,
1725,"जे आततो परतो वा वि नच्चा, अलमप्पणो होन्ति अलं परेसिं"
1726,"तं जोइभूयं च सया वसेज्जा, जे पाउकुज्जा अनुवीइ धम्मं // शूय.५५३"
1727,
1728,"अत्ताण जो जाणइ जो य लोगं, गइं च जो जाणइ नागइं च"
1729,"जो सासयं जाण असासयं च, जातिं च मरणं च जनोववायं // शूय.५५४"
1730,
1731,"अहो'वि सत्ताण विउट्टणं च, नो आसवं जाणति संवरं च"
1732,"दुक्खं च जो जाणइ निज्जरं च, सो भासिउमरिहति किरियवादं // शूय.५५५"
1733,
1734,"सद्देसु रूवेसु असज्जमाणे, रसेसु गन्धेसु अदुस्समाणे"
1735,"नो जीवियं नो मरणाभिकङ्खे, आयाणगुत्ते वलया विमुक्के // शूय.५५६"
1736,
1737,त्ति बेमि. 
1738,
1739,[आहत्तहीयं]
1740,
1741,"आहत्तहीयं तु पवेयइस्सं, नाणप्पगारं पुरिसस्स जातं"
1742,"सतो य धम्मं असतो य सीलं, सन्तिं असन्तिं करिस्सामि पाउं // शूय.५५७"
1743,
1744,"अहो य रातो य समुट्ठितेहिं, तहागतेहिं पडिलब्भ धम्मं"
1745,"समाहिमाघातमजोसयन्ता, सत्थारमेवं फरुसं वयन्ति // शूय.५५८"
1746,
1747,"विसोहियं ते अनुकाहयन्ते, जे आतभावेण वियागरेज्जा"
1748,"अट्ठाणिए होइ बहुगुणाणं, जे नाणसङ्काए मुसं वदेज्जा // शूय.५५९"
1749,
1750,"जे यावि पुट्ठा पलिउञ्चयन्ति, आदाणमट्ठं खलु वञ्चयन्ति"
1751,"असाहुणो ते इह साहुमाणी, मायण्णि एसन्ति अनन्तघातं // शूय.५६०"
1752,
1753,"जे कोहणे होइ जगट्ठभासी, विओसितं जे उ उदीरएज्जा"
1754,"अन्धे व से दण्डपहं गहाय, अविओसिते धासति पावकम्मी // शूय.५६१"
1755,
1756,"जे विग्गहिए अन्नायभासी, न से समे होइ अझञ्झपत्ते"
1757,"ओवायकारी य हिरीमणे य, एगन्तदिट्ठी य अमाइरूवे // शूय.५६२"
1758,
1759,"से पेसले सुहुमे पुरिसजाते, जच्चन्निए चेव सुउज्जुयारे"
1760,"बहुं पि अनुसासिए जे तहच्चा, समे हु से होइ अझञ्झपत्ते // शूय.५६३"
1761,
1762,"जे आवि अप्पं वसुमं ति मत्ता, सङ्खायवायं अपरिक्ख कुज्जा"
1763,तवेण वा'हं सहि उत्ति मत्ता अन्नं जनं पस्सति बिम्बभूतं // शूय.५६४
1764,
1765,"एगन्तकूडेण तु से पलेइ, न विज्जई मोनपदंसि गोत्ते"
1766,"जे माणणट्ठेण विउक्कसेज्जा, वसुमन्नत्तरेण अबुज्झमाणे // शूय.५६५"
1767,
1768,"जे माहणे खत्तिए जायए वा, तहुग्गपुत्ते तह लेच्छई वा"
1769,"जे पव्वइए परदत्तभोई, गोतेण जे थब्भति मानबद्धे // शूय.५६६"
1770,
1771,"न तस्स जाती व कुलं व ताणं, नन्नत्थ विज्जाचरणं सुचिण्णं"
1772,"निक्खम्म से सेवइ'गारिकम्मं, न से पारए होति विमोयणाए // शूय.५६७"
1773,
1774,"निक्किञ्चणे भिक्खु सुलूहजीवी, जे गारवं होइ सिलोगगामी"
1775,"आजीवमेयं तु अबुज्झमाणो, पुणो-पुणो विप्परियासुवेन्ति // शूय.५६८"
1776,
1777,"जे भासवं भिक्खु सुसाहुवादी, पडिहाणवं होइ विसारए य"
1778,"आगाढपण्णे सुवि-भावियप्पा, अन्नं जनं पन्नसा परिहवेज्जा // शूय.५६९"
1779,
1780,"एवं न से होति समाहिपत्ते, जे पन्नवं भिक्खु विउक्कसेज्जा"
1781,"अहवा वि जे लाभमदावलित्ते, अन्नं जनं खिंसति बालपण्णे // शूय.५७०"
1782,
1783,"पण्णामदं चेव तवोमदं च, निन्नामए गोयमदं च भिक्खू"
1784,"आजीवगं चेव चउत्थमाहु, से पण्डिए उत्तमपोग्गले से // शूय.५७१"
1785,
1786,"एयाइं मदाइं विगिञ्च धीरा, न तानि सेवन्ति सुधीरधम्मा"
1787,"ते सव्वगोत्तावगता महेसी, उच्चं अगोत्तं च गतिं वयन्ति // शूय.५७२"
1788,
1789,"भिक्खू मुतच्चे तह दिट्ठधम्मे, गामं च नगरं च अनुप्पविस्सा"
1790,"से एसणं जाणमनेसणं च, जो अन्नस्स पानस्स य अनानुगिद्धे // शूय.५७३"
1791,
1792,"अरतिं रतिं च अभिभूय भिक्खू, बहुजने वा तह एगचारी"
1793,"एगन्तमोनेन वियागरेज्जा, एगस्स जन्तो गतिरागती य // शूय.५७४"
1794,
1795,"सयं समेच्चा अदुवा'वि सोच्चा, भासेज्ज धम्मं हिययं पयाणं"
1796,"जे गरहिता सनिदानप्पओगा, न तानि सेवन्ति सुधीरधम्मा // शूय.५७५"
1797,
1798,"केसिञ्चि तक्काए अबुज्झ भावं, खुद्दं पि गच्छेज्ज असद्दहाणे"
1799,"आउस्स कालातियारं वघाए, लद्धानुमाने य परेसु अट्ठे // शूय.५७६"
1800,
1801,"कम्मं च छन्दं च विगिञ्च धीरे, विणएज्ज तु सव्वतो आतभावं"
1802,"रूवेहिं लुप्पन्ति भयावहेहिं, विज्जं गहाया तसथावरेहिं // शूय.५७७"
1803,
1804,"न पूयणं चेव सिलोयकामी, पियमप्पियं कस्सइ नो करेज्जा"
1805,"सव्वे अणट्ठे परिवज्जयन्ते, अनाउले या अकसाइ भिक्खू // शूय.५७८"
1806,
1807,"आहत्तहीयं समुपेहमाणे, सव्वेहिं पाणेहिं निहाय दण्डं"
1808,नो जीवियं नो मरणाहिकङ्खी चरेज्जमेघावि वलया विमुक्के // शूय.५७९
1809,
1810,त्ति बेमि. 
1811,
1812,[गन्थो]
1813,
1814,"गन्थं विहाय इह सिक्खमाणो, उट्ठाय सुबम्भचेरं वसेज्जा"
1815,"ओवायकारी विनयं सुसिक्खे, जे छेए से विप्पमादं न कुज्जा // शूय.५८०"
1816,
1817,"जहा दिया-पोतमपत्तजात्तं, सावासगा पवितुं मन्नमाणं"
1818,"तं चाइयं तरुणमपत्तजायं, ढङ्कादि अव्वत्तगमं हरेज्जा // शूय.५८१"
1819,
1820,"एवं तु सेहम्पि वि अपुट्ठधम्मे, निस्सारियं वुसिमं मन्नमाणा"
1821,"दियस्स छायं व अपत्तजातं, हरिंसु णं पावधम्मा अनेगे // शूय.५८२"
1822,
1823,"ओसाणमिच्छे मनुए समाहिं, अनोसिते नन्तकरिन्ति नच्चा"
1824,"ओभासमाणे दवियस्स वित्तं, न निक्कसे बहिया आसुपण्णो // शूय.५८३"
1825,
1826,जे ठाणओ य सयणासणे य परक्कमे यावि सुसाहुजुत्ते
1827,"समितीसु गुत्तीसु य आयपण्णे, वियागरेन्ते य पुढो वएज्जा // शूय.५८४"
1828,
1829,"सद्दाणि सोच्चा अदु भेरवाणि, अनासवे तेसु परिव्वएज्जा"
1830,"निद्दं च भिक्खू न पमाय कुज्जा, कहं कहं वा वितिगिच्छ तिण्णे // शूय.५८५"
1831,
1832,"डहरेण वुड्ढेण 'नुसासिते तु, रातिणिएणा'वि समव्वएणं"
1833,"सम्मं तयं थिरतो नाभिगच्छे, निज्जन्तए वावि अपारए से // शूय.५८६"
1834,
1835,"विउट्ठितेणं समयानुसिट्ठे, डहरेण वुड्ढेण उ चोइए य"
1836,"अब्भुट्ठिताए घडदासिए वा, अगारिणं वा समयानुसिट्ठे // शूय.५८७"
1837,
1838,"न तेसु कुज्झे न य पव्वहेज्जा, न यावि किञ्ची फरुसं वदेज्जा"
1839,"तहा करिस्सन्ति पडिस्सुणेज्जा, सेयं खु मेयं न पमाद कुज्जा // शूय.५८८"
1840,
1841,"वणंसि मूढस्स जहा अमूढा, मग्गानुसासन्ति हितं पयाणं"
1842,"तेणा वि मज्झं इणमेव सेयं, जं मे बुधा सम्म'नुसासयन्ति // शूय.५८९"
1843,
1844,"अहा तेण मूढेण अमूढगस्स, कायव्व पूया सविसेसजुत्ता"
1845,एतोवमं तत्थ उदाहु वीरे अनुगम्म अत्थं उवणेइ सम्मं // शूय.५९०
1846,
1847,"नेता जहा अन्धकारंसि राओ, मग्गं न जाणाति अपस्समाणे"
1848,"से सुरियस्स अब्भुग्गमेणं, मग्गं वियाणाति पगासितंसि // शूय.५९१"
1849,
1850,"एवं तु सेहे वि अपुट्ठधम्मे, धम्मं न जाणाति अबुज्झमाणे"
1851,"से कोविए जिनवयणेण पच्छा, सूरोदए पासइ चक्खुणेव // शूय.५९२"
1852,
1853,"उड्ढं अहे यं तिरियं दिसासु, तसा य जे थावर जे य पाणा"
1854,"सया जए तेसु परिव्वएज्जा, मनप्पओसं अविकम्पमाणे // शूय.५९३"
1855,
1856,"कालेण पुच्छे समियं पयासु, आइक्खामणो दवियस्स वित्तं"
1857,"तं सोयकारी य पुढो पवेसे, सङ्खाइमं केवलियं समाहिं // शूय.५९४"
1858,
1859,"अस्सिं सुठिच्चा तिविहेण तायी, एएसु या सन्ति निरोधमाहु"
1860,"ते एवमक्खन्ति तिलोगदंसी, न भुज्जमेयन्ति पमायसङ्गं // शूय.५९५"
1861,
1862,निसम्म से भिक्खु समीहियट्ठं पडिभावणं होति विसारदे य
1863,"आदानअट्ठी वोदानमोनं, उवेच्च सुद्धेण उवेइ मोक्खं // शूय.५९६"
1864,
1865,"सङ्खाए धम्मं च वियागरन्ति, बुद्धा हु ते अन्तकरा भवन्ति"
1866,ते पारगा दोण्हवि मोयणाए संसोधियं पण्हमुदाहरन्ति // शूय.५९७
1867,
1868,"नो छादण नो'वि य लूसएज्जा, मानं न सेवेज्ज पगासणं च"
1869,"न यावि पण्णे परिहास कुज्जा, न या''सियावाद वियागरेज्जा // शूय.५९८"
1870,
1871,"भूयाभिसङ्काए दुगुञ्छमाणे, न निव्वहे मन्तपएण गोयं"
1872,"न किञ्चिमिच्छे मणुए पयासुं, असाहुधम्माणि न संवएज्जा // शूय.५९९"
1873,
1874,"हासं पि नो सन्धए पावधम्मे, ओए तहियं फरुसं वियाणे"
1875,"नो तुच्छए नो य विकत्थएज्जा, अनाइले या अकसाइ भिक्खू // शूय.६००"
1876,
1877,"सङ्केज्ज या 'सङ्कितभाव भिक्खू, विभज्जवायं च वियागरेज्जा"
1878,"भासादुयं धम्मसमुट्ठितेहिं, वियागरेज्जा समया सुपण्णे // शूय.६०१"
1879,
1880,"अनुगच्छमाणे वितहं विजाणे, तहा तहा साहु अकक्कसेणं"
1881,"न कत्थई भास विहिंसएज्जा, निरुद्धगं वावि न दीहएज्जा // शूय.६०२"
1882,
1883,"समालवेज्जा पडिपुन्नभासी, निसामिया समियाअट्ठदंसी"
1884,आणाए सुद्धं वयणं भिउञ्जे अभिसङ्घए पावविवेग भिक्खू // शूय.६०३
1885,
1886,"अहाबुइयाइं सुसिक्खएज्जा, जइज्जया नाइवेलं वएज्जा"
1887,"से दिट्ठिमं दिट्ठि न लूसएज्जा, से जाणई भासिउं तं समाहिं // शूय.६०४"
1888,
1889,"अलूसए नो पच्छन्नभासी, नो सुत्तमत्थं च करेज्ज ताई"
1890,"सत्थारभत्ती अनुवीचि वायं, सुयं च सम्मं पडिवाययन्ति // शूय.६०५"
1891,
1892,"से सुद्धसुत्ते उवहाणवं च, धम्मं च जे विन्दति तत्थ तत्थ"
1893,"आएज्जवक्के कुसले वियत्ते, स अरिहइ भासिउं तं समाहिं // शूय.६०६"
1894,
1895,त्ति बेमि. 
1896,
1897,[जमईए]
1898,
1899,"जमतीतं पडुप्पन्नं, आगमिस्सं च नायओ"
1900,"सव्वं मन्नति तं ताई, दंसणावरनन्तए // शूय.६०७"
1901,
1902,"अन्तए वितिगिच्छाए, से जाणइ अनेलिसं"
1903,"अनेलिसस्स अक्खाया, न से होइ तहिं तहिं // शूय.६०८"
1904,
1905,"तहिं तहिं सुयक्खायं, से य सच्चे सुआहिए"
1906,"सदा सच्चेण सम्पन्ने, मितिं भूतेसु कप्पए // शूय.६०९"
1907,
1908,"भूतेसु न विरुज्झेज्जा, एस धम्मो वुसीमओ"
1909,"वुसीमं जगं परिण्णाय, अस्सिं जीवियभावना // शूय.६१०"
1910,
1911,"भावनाजोगसुद्धप्पा, जले नावा व आहिया"
1912,"नावा व तीरसम्पन्ना, सव्वदुक्खा तिउट्टति // शूय.६११"
1913,
1914,"तिउट्टती उ मेहावी, जाणं लोगंसि पावगं"
1915,"तुट्टन्ति पावकम्माणि, नवं कम्ममकुव्वओ // शूय.६१२"
1916,
1917,"अकुव्वओ नवं नत्थि, कम्मं नाम विजाणइ"
1918,"नच्चाण से महावीरे, जेण जाई न मिज्जती // शूय.६१३"
1919,
1920,"न मिज्जती महावीरे, जस्स नत्थि पुरेकडं"
1921,वाऊ व्व जालमच्चेइ पिया लोगंसि इत्थिओ // शूय.६१४
1922,
1923,"इत्थिओ जे न सेवन्ति, आदिमोक्खा हु ते जना"
1924,"ते जना बन्धणुम्मुक्का, नावकङ्खन्ति जीवितं // शूय.६१५"
1925,
1926,"जीवितं पिट्ठओ किच्चा, अन्तं पावन्ति कम्मुणा"
1927,"कम्मुणा संमुहीभूता, जे मग्गमनुसासति // शूय.६१६"
1928,
1929,"अनुसासनं पुढो पाणी, वसुमं पूयणा सते"
1930,"अनासते जते दन्ते, दढे आरत मेहुणे // शूय.६१७"
1931,
1932,नीवारे व न लीएज्जा छिन्नसोते अनाविले
1933,"अनाइले सदा दन्ते, सन्धिं पत्ते अनेलिसं // शूय.६१८"
1934,
1935,"अनेलिसस्स खेयण्णे, न विरुज्झेज्ज केणइ"
1936,"मनसा वयसा चेव, कायसा चेव चक्खुमं // शूय.६१९"
1937,
1938,से हु चक्खू मनुस्साणं जे कङ्खाए य अन्तए
1939,"अन्तेण खुरो वहती, चक्कं अन्तेण लोट्ठति // शूय.६२०"
1940,
1941,"अन्ताणि धीरा सेवन्ति, तेण अन्तकरा इह"
1942,"इह माणुस्सए ठाणे, धम्ममाराहिउं नरा // शूय.६२१"
1943,
1944,"निट्ठितट्ठा व देवा वा, उत्तरीए त्ति मे सुतं"
1945,"सुतं च मेतमेगेसिं, अमनुस्सेसु नो तहा // शूय.६२२"
1946,
1947,"अन्तं करेन्ति दुक्खाणं, इहमेगेसिं आहितं"
1948,"आघातं पुण एगेसिं, दुल्लभे'यं समुस्सए // शूय.६२३"
1949,
1950,"इतो विद्धंसमाणस्स, पुणो सम्बोहि दुल्लभा"
1951,"दुल्लभाओ तहच्चाओ, जे धम्मट्ठं वियागरे // शूय.६२४"
1952,
1953,"जे धम्मं सुद्धमक्खन्ति, पडिपुण्णमनेलिसं"
1954,"अनेलिसस्स जं ठाणं, तस्स जम्मकहा कओ ? // शूय.६२५"
1955,
1956,"कओ कयाइ मेहावी, उप्पज्जन्ति तथागता"
1957,"तथागता अप्पडिण्णा, चक्खू लोगस्स'नुत्तरा // शूय.६२६"
1958,
1959,"अनुत्तरे य ठाणे से, कासवेण पवेदिते"
1960,"जं किच्चा निव्वुडा एगे, निट्ठं पावेन्ति पण्डिया // शूय.६२७"
1961,
1962,"पण्डिए वीरियं लद्धुं, निग्घायाय पवत्तगं"
1963,"धुणे पुव्वकडं कम्मं, नवं वा'वि न कुव्वइ // शूय.६२८"
1964,
1965,"न कुव्वइ महावीरे, अनुपुव्वकडं रयं"
1966,"रयसा संमुहीभूते, कम्मं हेच्चाण जं मतं // शूय.६२९"
1967,
1968,"जं मतं सव्वसाहूणं, तं मतं सल्लगत्तणं"
1969,"साहइत्ताण तं तिण्णा, देवा वा अभविंसु ते // शूय.६३०"
1970,
1971,"अभविंसु पुरा वीरा, आगमिस्सा वि सुव्वया"
1972,दुन्निबोहस्स मग्गस्स अन्तं पाउकरा तिण्णे // शूय.६३१
1973,
1974,त्ति बेमि. 
1975,
1976,[गाहा]
1977,
1978,"अहाह भगवं- एवं से दन्ते दविए वोसट्ठकाए त्ति वच्चे-माहणे त्ति वा, समणे त्ति वा, भिक्खू त्ति वा, निग्गन्थे त्ति वा पडिआए- भन्ते! कहं नु दन्ते दविए वोसट्ठकाए त्ति वच्चे माहणे त्ति वा समणे त्ति वा भिक्खू त्ति वा निग्गन्थे त्ति वा? तं नो बूहि महामुनी! इतिविरए सव्वपावक्कमेहिं पेज्ज- दोस - कलह- अब्भक्खाण - पेसुन्न-परपरिवाद अरतिरति मायामोस मिच्छादंसणसल्ले विरते समिए सहिए सया जए, नो कुज्झे नो माणी माहणे त्ति वच्चे."
1979,
1980,एत्थ वि समणे अनिस्सिए अनिदाने आदानं च अतिवायं च मुसावायं च बहिद्धं च कोहं च मानं च मायं च लोहं च पेज्जं च दोसं च इच्चेव जतो जतो आदानं अप्पणो पद्दोसहेऊ ततो-ततो आदानातो पुव्वं पडिविरते विरए पाणाइवायाओ सिआ दन्ते दविए वोसट्ठकाए समणे त्ति वच्चे.
1981,
1982,एत्थ वि भिक्खू अणुन्नते विनीए नामए दन्ते दविए वोसट्ठकाए संविधुणीय विरूवरूवे परीसहोवसग्गे अज्झप्पजोगसुद्धादाने उवट्ठिए ठिअप्पा सङ्खाए परदत्तभोई भिक्खू त्ति वच्चे.
1983,
1984,एत्थ वि निग्गन्थे एगे एगविदू बुद्धे सञ्छिन्नसोए सुसञ्जए सुसमिए सुसामाइए आतप्पवायपत्ते विऊ दुहओ वि सोयपलिछिन्ने नो पूयासक्कारलाभट्ठी धम्मट्ठी धम्मविऊ नियागपडिवण्णे समियं चरे दन्ते दविए वोसट्ठकाए निग्गन्थे त्ति वच्चे.
1985,
1986,से एवमेव जाणह जं'हं भयन्तारो.
1987,
1988,त्ति बेमि. 
1989,
1990,
1991,
1992,---------------------------------------------------------------------
1993,[पोण्डरीए]
1994,
1995,"सुयं मे आउसं तेणं भगवया एवमक्खायं- इह खलु पोण्डरीए नामज्झयणे, तस्स णं अयमट्ठे पन्नत्ते- से जहानामए पोक्खरणी सिया बहुदउदगा बहुसेया बहुपुक्खला लद्धट्ठा पोण्डरीकिणी पासादिया दरिसणीया अभिरूवा पडिरूवा, तीसे णं पोक्खरणीए तत्थ-तत्थ देसे-देसे तहिं-तहिं बहवे पउमवरपोण्डरीया बुइया- अनुपुव्वट्ठिया ऊसिया रूइला वण्णमन्ता गन्धमन्ता रसमन्ता फासमन्ता पासादिया दरियसणीया अभिरूवा पडिरूवा."
1996,
1997,"तीसे णं पोक्खरणीए बहुमज्झदेसभाए एगे महं पउमरपोण्डरीए बुइए, अनुपुव्वट्ठिए ऊसिए रूइले वण्णमन्ते गन्धमन्ते रसमन्ते फासमन्ते पासादिए [दरिसणीए अभिरूवे] पडिरूवे, सव्वावन्ति च णं तीसे पोक्खरणीए तत्थ-तत्थ देसे-देसे तहिं-तहिं बहवे पउमवर-पोण्डरीया बुइया- अनुपुव्वट्ठिया ऊसिया रूइला जाव पडिरूवा, सव्वावन्ति च णं तीसे णं पोक्खरणीए बहुमज्झदेसभाए एगे महं पउमवरपोण्डरीए बुइए-अनुपुव्वट्ठिए जाव पडिरूवे."
1998,
1999,"अह पुरिसे पुरत्थिमाओ दिसाओ आगम्म तं पुक्खरणिं तीसे पुक्खरणीए तीरे ठिच्चा पासति तं महं एगं पउमवरपोण्डरीयं अनुपुव्वट्ठियं ऊसियं जाव पडिरूवं. तए णं से पुरिसे एवं वयासी — अहमंसि पुरिसे खेत्तण्णे कुसले पण्डिते विअत्ते मेघावी अबाले मग्गत्थे मग्गविदू मग्गस्स गति परक्कमण्णू अहमेतं पउमवरपोण्डरीयं उन्निक्खिस्सामि त्ति बूया से पुरिसे अभिक्कमे तं पुक्खरणिं, जावं-जावं च णं अभिक्कमेइ ताव-तावं च णं महन्ते उदए महन्ते सेए पहीणे तीरं, अपत्ते पउमवरपोण्डरीयं नो हव्वाए नो पाराए अन्तरा पोक्खरणीए सेयंसि निसण्णे- पढमे पुरिसजाते."
2000,
2001,"अहावरे दोच्चे पुरिसजाते- अह पुरिसे दक्खिणाओ दिसाओ आगम्म तं पुक्खरणिं तीसे पुक्खरणीए तीरे ठिच्चा पासति तं महं एगं पउमवरपोण्डरीयं, अनुपुव्वट्ठियं पासादीयं जाव पडिरूवं, तं च एत्थ एगं पुरिसजायं पासइ पहीणतीरं अपत्तपउमवरपोण्डरीयं नो हव्वाए नो पाराए अन्तरा पोक्खरणीए सेयंसि निसण्णं, तए णं से पुरिसे तं पुरिसं एवं वयासी —"
2002,
2003,"अहो णं इमे पुरिसे अखेत्तण्णे अकुसले अपण्डिए अविअत्ते अमेधावी बाले नो मग्गत्थे नो मग्गविदू नो मग्गस्स गति- नो परक्कमण्णू जण्णं एस पुरिसे, अहं खेत्तण्णे कुसले जाव पउमवरपोण्डरीयं उन्निक्खिस्सामि, नो य खलु एतं पउमवरपोण्डरीयं एवं उन्निक्खेवियव्वं जहा णं एस पुरिसे मन्ने, अहमंसि पुरिसे खेत्तण्णे कुसले पण्डिते विअत्ते मेघावी अबाले मग्गत्थे मग्गविदू मग्गस्स गति- परक्कमण्णू अहमेत पउमवरपोण्डरीयं उन्निक्खिविस्सामि त्ति कट्टु इति वच्चा से पुरिसे अभिक्कमे तं पोक्खरणिं, जाव-जावं च णं अभिक्कमेइ ताव-तावं च णं महन्ते उदए महन्ते सेए पहीणे तीरं अपत्ते पउमवरपोण्डरीयं नो हव्वाए नो पाराए अन्तरा पोक्खरणीए सेयंसि निसण्णे- दोच्चे पुरिसजाते."
2004,
2005,"अहावरे तच्चे पुरिसजाते- अह पुरिसे पच्चत्थिमाओ दिसाओ आगम्म तं पोक्खरणिं तीसे पोक्खरणीए तीरे ठिच्चा पासति तं महं एगं पउमवरपोण्डरीयं अनुपुव्वट्ठियं जाव पडिरूवं, ते तत्थ दोन्नि पुरिसजाते पासति पहीणे तीरं अपत्ते पउमवरपोण्डरीयं नो हव्वाए नो पाराए अन्तरा पोक्खरणीए सेयंसि निसण्णे."
2006,
2007,"तए णं से पुरिसे एवं वयासी — अहो णं इमे पुरिसा अखेत्तण्णा अकुसला अपण्डिया अवियत्ता अमेधावी बाला नो मग्गत्था नो मग्गविदू नो मग्गस्स गति- परक्कमन्नू, जंणं एते पुरिसा एवं मन्ने- अम्हे एतं पउमवरपोण्डरीयं उन्निक्खिस्सामो, नो य खलु एतं पउमवरपोण्डरीयं एवं उन्निक्खेयव्वं जहा णं एते पुरिसा मन्ने."
2008,
2009,अहमंसि पुरिसे खेतन्ने कुसले पण्डिए वियत्ते मेघावी अबाले मग्गमत्थे मग्गविदू मग्गस्स गति- परक्कमण्णू अहमेयं पउमवरपोण्डरीयं उन्निक्खिस्सामि त्ति कट्टु इति वुच्चा से पुरिसे अभिक्कमे तं पोक्खिरणिं जावं-जावं च णं अभिक्कमेइ तावं-तावं च णं महन्ते उदए महन्ते सेए जाव अन्तरा पोक्खरिणी सेयंसिनिसण्णे- तच्चे पुरिसजाते.
2010,
2011,"अहावरे चउत्थे पुरिसजाते- अह पुरिसे उत्तराओ दिसाओ आगम्म तं पोक्खरिणिं तीसे पोक्खरिणीए तीरे ठिच्चा पासति तं महं एगं पउमवरपोण्डरीयं अनुपुव्वट्ठियं जाव पडिरूवं, ते तत्थ तिन्नि पुरिसजाते पासति पहीणे तीरं अपत्ते जाव सेयंसि निसण्णे."
2012,
2013,"तए णं से पुरिसे एवं वयासी — अहो णं इमे पुरिसा अखेत्तण्णा जाव नो मग्गस्स गति परक्कमण्णू जं णं एते पुरिसा एवं मन्ने- अम्हे एतं पउमवरपोण्डरीय उन्निक्खस्सामो नो य खलु एतं पउमवरपोण्डरीयं एवं उन्निक्खेयव्वं जहा णं एते पुरिसा मन्ने, अहमंसि पुरिसे खेत्तण्णे जाव मग्गस्स गति परक्कमन्नू, अहमेयं पउमवरपोण्डरीयं उन्निक्खिस्सामि त्ति कट्टु इति वुच्चा से पुरिसे अभिक्कमे, तं पोक्खरणिं जावं- जावं च णं अभिक्कमेइ तावं-तावं च णं महन्ते उदए महन्ते सेए जाव अन्तरा पोक्खरणिए निसण्णे- चउत्थे पुरिसजाते."
2014,
2015,"अह भिक्खू लूहे तीरट्ठी खेयण्णे जाव जाव गति परक्कमण्णू अन्नतरीओ दिसाओ वा अनुदिसाओ वा आगम्म तं पोक्खरणिं तीसे पोक्खरणीए तीरे ठिच्चा पासति तं महं एगं पउमवरपोण्डरीयं जाव पडिरूवं, ते तत्थ चत्तारि पुरिसजाते पासति पहीणे तीरं अपत्ते पउमवरपोण्डरीयं नो हव्वाए नो पासए अन्तरा पोक्खरणीए सेयंसि निसन्ने, तए णं से भिक्खू एवं वयासी —"
2016,
2017,"अहो णं इमे पुरिसा अखेत्तण्णा जाव नो मग्गस्स गति-परक्कमण्णू, जं णं एते पुरिसा एवं मन्ने अम्हे एतं पउमवरपोण्डरीयं उन्निक्खिस्सामो, नो य खलु एतं पउमवरपोण्डरीयं एवं उन्निक्खेवेयव्वं जहा णं एते पुरिसा मन्ने, अहमंसि भिक्खू लूहे तीरट्ठी खेत्तण्णे जाव मग्गस्स गति परक्कमण्णू, अहमेयं पउमवरपोण्डरीयं उन्निक्खिस्सामि त्ति वुच्चा से भिक्खू नो अभिक्कमे तं पोक्खरणिं, तींसे पोक्खरणीए तीरे ठिच्चा सद्दं कुज्जा- उप्पयाहि खलु भो पउमवरपोण्डरीया! उप्पयाहि, अह से उप्पतिते पउमवरपोण्डरीए."
2018,
2019,"किट्टिए नाए समणाउसो! अट्ठे पुण से जाणितव्वे भवति भन्ते! त्ति निग्गन्था य निग्गन्थीओ य समणं भगवं महावीरं वन्दन्ति नमंसन्ति, वन्दित्ता नमंसित्ता एवं वयासी — किट्टिए नाए समणाउसो! भगवया अट्ठं पुण से न जाणामो समणाउसोत्ति, समणे भगवं महावीरे ते बहवे य निग्गन्थे य निग्गन्थीओ य आमन्तेत्ता एवं वयासी — हन्ता समणाउसो! आइक्खामि विभयामि किट्टेमि पवेदेमि सअट्ठं सहेउं सनिमित्तं भुज्जो भुज्जो उवदंसेमि."
2020,
2021,"से बेमि-लोयं च खलु मए अप्पाहट्टु समणाउसो! सा पोक्खरणी बुइया, कम्मं च खलु मए अप्पाहट्टु समणाउसो! उदए बुइए, कामभोगे य खलु मए अप्पाहट्टु समणाउसो! से सेए बुइए जने जानवए च खलु मए अप्पाहट्टु समणाउसो! ते बहवे पउमवरपोण्डरीए बुइया, रायाणं च खलु मए अप्पाहट्टु समणाउसो! से एगे महं पउमवरपोण्डरीए बुइए अन्नउत्थिया य खलु मए अप्पाहट्टु समणाउसो ! ते चत्तारि पुरिसजाया बुइया, धम्मं च खलु मए अप्पाहट्टु समणाउसो! से भिक्खू बुइए, धम्मतित्थं च खलु मए अप्पाहट्टु समणाउसो! से तीरे बुइए, धम्मकहं च खलु मए अप्पाहट्टु समणाउसो! से सद्दे बुइए, निव्वाणं च खलु मए अप्पाहट्टु समणाउसो !, से उप्पाए बुइए, एवमेयं च खलु मए अप्पाहट्टु समणाउसो! से एवमेयं बुइयं."
2022,
2023,"इह खलु पाईणं वा पडीणं वा उदीणं वा दाहिणं वा, सन्तेगइया मनुस्सा भवन्ति अनुपुव्वेणं लोगं उववन्ना, तं जहा — आरिया वेगे अनारिया वेगे, उच्चागोया वेगे नीयागोया वेगे, कायमन्ता वेगे रहस्समन्ता वेगे, सुवण्णा वेगे दुवण्णा वेगे, सुरूवा वेगे दुरूवा वेगे, तेसिं च णं मणुयाणं एगे राया भवति-..... महाहिमवन्त मलय-मन्दर-महिन्दसारे अच्चन्त विसुद्धरायकुलवसम्प्पसूते निरन्तररायलक्खण-विराइयङ्गमङ्गे बहुयण-बहुमानपूइए सव्वगुणसमिद्धे खत्तिए मदिए मुद्धाभिसित्ते माउपिउ सुजाए दयप्पिए सीमङ्करे सीमन्धरे खेमङ्करे खेमन्धरे मणुस्सिन्दे जनवय पिया जनवय पुरोहिए सेउकरे केउकरे नरपवरे पुरिसपवरे पुरिससीहे पुरिसआसीविसे, पुरिसवर पोण्डरीए पुरिसवर गन्धहत्थी अड्ढे दित्ते वित्ते विच्छिन्न विउलभवन सयनासन जाण वाहणाइण्णे बहुधन बहुजात रूवरतए आओगपओग सम्पउत्ते विच्छड्डिय-पउरभत्तपान बहुदासदासीगोमहिसवेलगप्पभूते पडिपुण्णकोसकोट्ठागाराउहागारे बलवं दुब्बलपच्चामित्ते ओहयकण्टयं निहयकण्टयं मलियकण्टयं उद्धियकण्टयं अकण्टयं ओहयसत्तू निहयसत्तू मलियसत्तू उद्धियसत्तू निज्जियसत्तू पराइयसत्तू ववगयदुब्भिक्खमारिय भयविप्पमुक्कं रायवण्णओ जहा उववाइए जाव पसन्तडिम्बडमरं रज्जं पसाहेमाणे विहरति |. "
2024,
2025,"तस्स णं रण्णो परिसा भवति- उग्गा उग्गपुत्ता, भोगा भोगपुत्ता इक्खागा इक्खागपुत्ता नाया नायपुत्ता कोरव्वा कोरव्वपुत्ता, भट्टा भट्टपुत्ता, माहण माहणपुत्ता लेच्छई लेच्छइपुत्ता पसत्थारो पसत्थपुत्ता सेनावई सेनावइपुत्ता, तेसिं च णं एगइए सड्ढी भवति कामं तं समणा वा माहणा वा सम्पहारिसुं गमणाए तत्थ अन्नतरेणं धम्मेणं पन्नत्तारो वयं इमेणं धम्मेणं पन्नवइस्सामो, से एवमायाणह भयन्तारो जहा मए एस धम्मे सुयक्खाते सुपन्नत्ते भवइ, तं जहा —उड्ढं पायतला अहे केसग्गमत्थया तिरियं तयपरियन्ते जीवे एस आया पज्जवे कसिणे एस जीवे जीवति एस मए नो जीवति, सरीरे धरमाणे धरति विनट्ठम्मि य नो धरति, एयन्तं जीवियं भवति, आदहणाए परेहिं निज्जइ, अगनिज्झामिए सरीरे कवोतवण्णाणि अट्ठीणि भवन्ति, आसन्दीपञ्चमा पुरिसा गामं पच्चागच्छन्ति, एवं असन्ते असंविज्जमाणे जेसिं तं असन्ते. असंविगमाणे तेसिं तं सुयक्खायं भवति- अन्नो भवइ जीवो अन्नं सरीरं, तम्हा ते नो एवं विप्पडिवेदेन्ति अयमाउसो! आया दीहे ति वा हस्से ति वा परिमण्डले ति वा वट्टे ति वा तंसे ति वा चउरंसे ति वा आयते ति वा छलंसे ति वा अट्ठं से ति वा किण्हे ति वा नीले ति वा लोहिए ति वा हालिद्दे ति वा सुक्किल्ले ति वा सुब्भिगन्धे ति वा दुब्भिगन्धे ति वा तित्ते ति वा कडुए ति वा कसाए ति वा अम्बिले ति वा महुरे ति वा कक्खडे ति वा मउए ति वा गरुए ति वा लहुए ति वा सीए ति वा उसिणे ति वा निद्धे ति वा लुक्खे ति वा, एवं असन्ते असंविज्जमाणे जेसिं तं सुयक्खायं भवइ- अन्नो जीवो अन्नं सरीरं, तम्हा ते नो एवं उवलभन्ति, से जहानामए केइ पुरिसे कोसीओ असिं अभिनिव्वट्टित्ताणं उवदंसेज्जा अयमाउसो! असी अयं कोसी, एवमेव नत्थि केइ पुरिसे अभिनिव्वट्टित्ताणं उवदंसेत्तारो अयमाउसो! आया इयं सरीरे, से जहानामए केइ पुरिसे मुञ्जाओ इसियं अभिनिव्वट्टित्ताणं उवदंसेज्जा अयमाउसो! मुण्डे इमा इसिया, एवमेव नत्थि केइ पुरिसे अभिनिवट्टित्ता णं उवदंसेत्तारो- अयमाउसो! आया इयं सरीरं;. "
2026,
2027,"से जहानामए केइ पुरिसे मंसाओ अट्ठिं अभिनिव्वट्टित्ताणं उवदंसेज्जा अयमाउसो! मंसे अयं अट्ठी, एवमेव नत्थि केइ पुरिसे उवदंसेत्तारो- अयमाउसो! आया इयं सरीरं, से जहानामए केइ पुरिसे करतलाओ आमलकं अभिनिव्वट्टित्ताणं उवदंसेज्जा- अयमाउसो! करतले अयं आमलए एवमेव नत्थि केइ पुरिसे उवदंसेत्तारो- अयमाउसो! आया इयं सरीरं से जहानामए केइ पुरिसे दहीओ नवनीयं अभिनिव्वट्टित्ताणं उवदंसेज्जा अयमाउसो! नवनीयं अयं तु दही, एवमेव नत्थि केइ पुरिसे अभिनिव्वट्टित्ताणं उवदंसेत्तारो- अयमाउसो! आया अयं सरीरे. "
2028,
2029,"से जहानामए केइ पुरिसे तिलेहिन्तो तेल्लं अभिनिव्वट्टित्ताणं उवदंसेज्जा अयमाउसो! तेल्लं अयं पिण्णाए, एवमेव नत्थि केइ पुरिसे जाव इयं सरीरं, से जहानामए केइ पुरिसे इक्खूओ खोयरसं अभिनिव्वट्टित्ता णं उवदंसेज्जा अयमाउसो! खोयरसे अयं छोए एवमेव जाव सरीरे, से जहानामए केइ पुरिसे अरणीओ अग्गिं अभिनिव्वट्टित्ता णं उवदंसेज्जा अयमाउसो! अरणी अयं अग्गी एवमेव जाव सरीरं, एवं असन्ते असंविज्जमाणे जेसिं तं सुयक्खायं भवइ, तं जहा — अन्नो जीवो अन्नं सरीरं, तम्हा तं मिच्छा,. "
2030,
2031,"से हन्ता तं हणह खणह छणह डहह पयह आलुम्पह विलुम्पह सहसाक्कारेह विपरामुसह एतावताव जीवे नत्थि परलोए, ते नो एवं विप्पडिवेन्देतिं तं जहा — किरिया इ वा अकिरिया इ वा सुकडे इ वा दुक्कडे इ वा कल्लाणे इ वा पावए इ वा साहू इ वा असाहू इ वा सिद्धी इ वा असिद्धी इ वा निरए इ वा अनिरए इ वा एवं ते विरूवरूवेहिं कम्मसमारम्भेहिं विरूवरूवाइं कामभोगाइं समारम्भन्ति भोयणाए, एवं एगे पागब्भिया निक्खम्म मामगं धम्मं पन्नवेन्ति तं सद्दहमाणा तं पत्तियमाणा तं रोएमाणा साधु सुयक्खाते समणेति वा माहणेति वा कामं खलु आउसो! तुमं पूययामो, तं जहा —असनेन वा पानेन वा खाइमेण वा साइमेण वा वत्थेण वा पडिग्गहेण वा कम्बलेण वा पायपुञ्छणेण वा तत्थेगे पूयणाए समाउट्टिंसु तत्थेगे पूयणाए निकाइंसु,. "
2032,
2033,"पुव्वामेव तेसिं नायं भवइ- समणा भविस्सामो अनगारा अकिञ्चणा अपुत्ता अपसू परदत्तभोइणो भिक्खुणो पावं कम्मं नो करिस्सामो समुट्ठाए ते अप्पणा अप्पडिविरया भवन्ति, सयमाइयन्ति अन्ने वि आइयावेन्ति अन्नं पि आइयन्तं समणुजाणन्ति, एवामेव ते इत्थिकामभोगेहिं मुच्छिया गिद्धा गढिया अज्झोववन्ना लुद्धा रागदोसवसट्टा, ते नो अप्पाणं समुच्छेदेन्ति ते नो परं समुच्छेदेन्ति ते नो अन्नाइं पाणाइं भूयाइं जीवाइं सत्ताइं समुच्छेदेन्ति, पहीणा पुव्वसञ्जोगा आरियं मग्गं असम्पत्ता- इति ते नो हव्वाए नो पाराए अन्तरा कामभोगेहिं विसन्ना इति पढमे पुरिसजाए तज्जीवतस्सरीरिएत्ति आहिए."
2034,
2035,"अहावरे दोच्चे पुरिसजाए पञ्चमहब्भूइए त्ति आहिज्जइ- इह खलु पाईणं वा पडीणं वा उदीणं वा दाहिणं वा सन्तेगइया मणुस्सा भवन्ति अनुपुव्वेणं लोगं उववन्ना, तं जहा — आरिया वेगे अनारिया वेगे एवं जाव दुरूवा वेगे, तेसिं च णं महं एगे राया भवति- महाहिमवन्त० एवं चेव निरवसेसं जाव सेनावइपुत्ता, तेसिं च णं एगइए सड्ढी भवति कामं तं समणा वा माहणा वा सम्पहारिसुं गमणाए, तत्थ अन्नतरेणं धम्मेण पन्नत्तारो वयं इमेण धम्मेणं पन्नवइस्सामो से एवमायाणह भयन्तारो! जहा मे एस धम्मे सुयक्खाते सुपन्नत्ते भवति —"
2036,
2037,"इह खलु पञ्चमहब्भूया जेहिं नो कज्जइ किरिया इ वा अकिरिया इ वा सुक्कडे इ वा दुक्कडे इ वा कल्लाणे इ वा पावए इ वा साहू इ वा असाहू इ वा सिद्धी इ वा असिद्धी इ वा निरए इ वा अनिरए इ वा अवि अन्तसो तणमायमवि तं च पिहुद्देसेणं पुढोभूतसमवायं जाणेज्जा, तं जहा —पुढवी एगे महब्भूते आऊ दुच्चे महब्भूते तेऊ तच्चे महब्भूते वाऊ चउत्थे महब्भूते आगासे पञ्चमे महब्भूते इच्चेते पञ्च महब्भूया अनिम्मिया अनिम्माविया अकडा नो कित्तिमा नो कडगा अनादिया अनिधणा अवञ्झा अपुरोहिता सन्तता सासया आयछट्ठा, पुण एगे एवमाहु- सतो नत्थि विनासो असतो नत्थि सम्भवो एताव ताव जीवकाए, एताव ताव अत्थिकाए, एताव ताव सव्वलोए, एतं मुहं लोगस्स करणयाए, अवि अन्तसो तणमायमवि, से किणं किणावेमाणे हणं घायमाणे पयं पयावेमाणे अवि अन्तसो पुरिसमवि कीणित्ता धायइत्ता एत्थं पि जाणाहि नत्थित्थ दोसो, ते नो एवं विप्पडिवेदेन्ति तं जहा — किरिया इ वा जाव निरए इ वा अनिरए इ वा एवं ते विरूवरूवेहिं कम्मसमारम्भेहिं विरूवरूवाइं कामभोगाइं समारम्भन्ति भोयणाए,. "
2038,
2039,"एवं ते अनारिया विप्पडिवण्णा मामगं धम्मं पण्णवेन्ति तं सद्दहमाणा तं पत्तियमाणा जाव इति ते नो हव्वाए नो पाराए, अन्तरा कामभोगेसु विसण्णा, दोच्चे पुरिसजाते पञ्चमहब्भूतिए त्ति आहिए."
2040,
2041,"अहावरे तच्चे पुरिसजाते ईसरकारणिए त्ति आहिज्जा- इह खलु पाईणं वा पडीणं वा उदीणं वा दाहिणं वा सन्तेगइया मणुस्सा भवन्ति अनुपुव्वेणं लोगं उववन्ना, तं जहा — आरिया वेगे जाव दुरूवा वेगे तेसिं च णं महन्ते एगे राया भवति- महाहिमवन्त जाव सेनावइपुत्ता तेसिं च णं एगइए सड्ढी भवति, कामं तं समणा वा माहणा वा सम्पहारिसुं गमणाए जाव जहा मे एस धम्मे सुयक्खाते सुपन्नत्ते भवति |. "
2042,
2043,"इह खलु धम्मा पुरिसादिया पुरिसोत्तरिया पुरिसप्पणीया पुरिससम्भूता पुरिसपज्जोतिता पुरिसअभिसमन्नागता पुरिसमेव अभिभूय चिट्ठन्ति, से जहानामए गण्डे सिया सरीरे जाए सरीरे संवुड्ढे सरीरे अभिसमन्नागए सरीरमेव अभिभूय चिट्ठइ एवमेव धम्मा वि पुरिसादिया जाव पुरिसमेव अभिभूय चिट्ठन्ति. से जहानामए अरई सिया सरीरे जाया सरीरे संवुड्ढा सरीरमेव अभिभूय चिट्ठइ एवमेव धम्मावि पुरिसादिया जाव पुरिसमेव अभिभूय चिट्ठन्ति."
2044,
2045,"से जहानामए वम्मिए सिया पुढविजाए पुढविसंवुड्ढे पुढविअभिसमन्नागए पुढविमेव अभिभूय चिट्ठइ, एवमेव धम्मा वि पुरिसादिया पुरिसमेव अभिभूय चिट्ठन्ति. से जहानामए रुक्खे सिया पुढविजाए पुढविसंवुड्ढे पुढविअभिसमन्नागए पुढविमेव अभिभूय चिट्ठइ. एवमेव धम्मा वि पुरिसादिया जाव पुरिसमेव अभिभूय चिट्ठन्ति से जहानामए पुक्खरिणी सिया पुढविजाया जाव पुढविमेव अभिभूय चिट्ठइ, एवमेव धम्मा वि पुरिसादिया जाव पुरिसमेव अभिमूय चिट्ठन्ति."
2046,
2047,"से जहानामए उदगपुक्खले सिया उदगजाए जाव उदगमेव अभिभूय चिट्ठइ, एवमेव धम्मा वि पुरिसादिया जाव पुरिसमेव अभिभूय चिट्ठन्ति. से जहानामए उदगबुब्बुए सिया उदगजाए जाव उदगमेव अभिभूय चिट्ठइ, एवमेव धम्मा वि पुरिसादिया पुरिसमेव अभिभूय चिट्ठन्ति. जं पि य इमं समणाणं निग्गन्थाणं उद्दिट्ठं पणीयं विअञ्जियं दुवालसङ्गं गणिपिडगं तं जहा — आयारो सूयगडो ठाणं समवाओ विवाहपन्नत्ती नायाधम्मकहाओ उवासगदसाओ अन्तगडदसाओ अनुत्तरोववाइयदसाओ पण्हावागरणं विवागसुयं दिट्ठिवाओ, सव्वमेयं मिच्छा, न एतं तहियं, न एतं आहातहियं, इमं सच्चं इमं तहियं इमं आहातहियं, ते एवं सण्णं कुव्वन्ति, ते एवं सण्णं सण्ठवेन्ति, ते एवं सण्णं सोवट्ठवयन्ति, तमेवं ते तज्जातियं दुक्खं नातिवट्टन्ति सउणी पञ्जरं जहा, ते नो एवं विप्पडिवेदेन्ति, तं जहा —किरिया इ वा जाव अनिरए इ वा, एवं ते विरूवरूवेहिं कम्मसमारम्भेहिं विरूवरूवाइं कामभोगाइं समारम्भन्ति भोयणाए, एवं ते अनारिया विप्पडिवन्ना एवं सद्दहमाणा जाव इति ते नो हव्वाए नो पाराए, अन्तरा कामभोगेसु विसण्णेत्ति, तच्चे पुरिसजाते ईसरकारणिए त्ति आहिए."
2048,
2049,"अहावरे चउत्थे पुरिसजाते नियतिवाइए त्ति आहिज्जइ- इह खलु पाईणं वा पडीणं वा उदीणं वा दाहिणं वा सन्तेगइया मणुस्सा भवन्ति तहेव जाव सेनावइपुत्ता, तेसिं च णं एगइए सड्ढी भवति, कामं तं समणा वा माहणा वा सम्पहारिंसु गमणाए जाव मए एस धम्मे सुयक्खाते सुपण्णत्ते भवति."
2050,
2051,"इह खलु दुवे पुरिसा भवन्ति- एगे पुरिसे किरियमाइक्खइ एगे पुरिसे नोकिरिय माइक्खइ, जे य पुरिसे किरियमाइक्खइ जे य पुरिसे नोकिरियमाइक्खइ दो वि ते पुरिसा तुल्ला एगट्ठा कारणमावन्ना,. बाले पुण एवं विप्पडिवेदेन्ति कारणमावण्णे अहमंसि दुक्खामि वा सोयामि वा जूरामि वा तिप्पामि वा पीडामि वा परितप्पामि वा अहमेयमकासि परो वा जं दुक्खइ वा सोयइ वा जूरइ वा तिप्पइ वा पीडइ वा परितप्पइ वा परो एवमकासि, एवं से बाले सकारणं वा परकारणं वा एवं विप्पडिवेदेन्ति कारणमावन्ने,... मेहावी पुन एवं विप्पडिवेदेन्ति कारणमावन्ने अहमंसि दुक्खामि वा सोयामि वा जूरामि वा तिप्पामि वा पीडामि वा परितप्पामि वा नो अहं एवमकासि, परो वा जं दुक्खइ वा जाव परितप्पइ वा नो परो एवमकासि, एवं से मेहावी सकारणं वा परकारणं वा एवं विप्पडिवेदेन्ति कारणमावन्ने, से बेमि- पाईणं वा पडीणं वा उदीणं वा दाहिणं वा जे तसथावरा पाणा ते एवं सङ्घायमागच्छन्ति ते एवं विप्परियायमावज्जन्ति ते एवं विवेगमागच्छन्ति ते एवं विहाणमागच्छन्ति ते एवं सङ्गइयन्ति उवेहाए, ते नो एवं विप्पडिवेदेन्ति, तं जहा — किरिया इ वा जाव अनिरए इ वा, एवं ते विरूवरूवेहिं कम्मसमारम्भेहिं विरूवरूवाइं कामभोगाइं समारम्भन्ति भोयणाए,..."
2052,
2053,एवमेव ते अनारिया विप्पडिवन्ना तं सद्दहमाणा जाव इति ते नो हव्वाए नो पाराए अन्तरा कामभोगेसु विसण्णा. चउत्थे पुरिसजाए नियइवाइएत्ति आहिए.
2054,
2055,इच्चेते चत्तारि पुरिसजाया नानापन्ना नानाछन्दा नानासीला नानादिट्ठी नानारुई नानारम्भा नानाअज्झवसाण सञ्जुत्ता पहीणपुव्वसञ्जोगा आरियं मग्गं असम्पत्ता इति ते नो हव्वाए ना पाराए अन्तरा कामभोगेसु विसण्णा.
2056,
2057,"से बेमि-पाईणं वा पडीणं वा उदीणं वा दाहिणं वा सन्तेगइया मणुस्सा भवन्ति, तं जहा —आरिया वेगे अनारिया वेगे उच्चागोया वेगे नीयागोया वेगे कायमन्ता वेगे हस्समन्ता वेगे सुवण्णा वेगे दुवण्णा वेगे सुरूवा वेगे दुरूवा वेगे, तेसिं च णं जनजानवयाइं परिग्गहियाइं भवन्ति, तं जहा —अप्पयरा वा भुज्जयरा वा, तहप्पगारेहिं कुलेहिं आगम्म अभिभूय एगे भिक्खायरियाए समुट्ठिया सतो वा वि एगे नायओ य उवगरणं च विप्पजहाय भिक्खायरियाए समुट्ठिया असतो वा वि एगे नायओ य उवगरणं च विप्पजहाय भिक्खायरियाए समुट्ठिया."
2058,
2059,"जे ते सतो वा असतो वा नायओ य अनायओ य उवगरणं च विप्पजहाय भिक्खायरियाए समुट्ठिया पुव्वमेव तेहिं नातं भवति- तं जहा इह खलु पुरिसे अन्नमन्नं ममट्ठाए एवं विप्पडिवेदेन्ति, तं जहा — खेत्तं मे वत्थू मे हिरण्णं मे सुवण्णं मे धनं मे धन्नं मे कंसं मे दूसं मे विपुल-धन-कनग-रयण-मणि-मोत्तिय-सङ्ख-सिल-प्पवाल-रत्तरयण-सन्त-सार-सावतेयं मे सद्दा मे रूवा मे गन्धा मे रसा मे फासा मे, एते खलु मे कामभोगा अहमवि एतेसिं,. "
2060,
2061,"से मेहावी पुव्वामेव अप्पणो एवं समभिजाणेज्जा तं जहा इह खलु मम अन्नतरे दुक्खे रोगातङ्के समुप्पज्जेज्जा अनिट्ठे अकन्ते अप्पिए असुभे अमणुन्ने अमणामे दुक्खे नो सुहे से हन्ता भयन्तारो कामभोगाइं मम अन्नतरं दुक्खं रोगायङ्कं परियाइयह-अनिट्ठं अकन्तं अप्पियं असुभं अमणुन्नं अमणामं दुक्खं नो सुहं, ता'हं दुक्खामि वा सोयामि वा जूरामि वा तिप्पामि वा पीडामि वा परितप्पामि वा इमाओ मे अन्नतराओ दुक्खाओ रोगातङ्काओ पडिमोयह अनिट्ठाओ अकन्ताओ अप्पियाओ असुभाओ अमणुन्नाओ अमणामाओ दुक्खाओ नो सुहाओ, एवामेव नो लद्धपुव्वं भवति,इह खलु कामभोगा नो ताणाए वा नो सरणाए वा, पुरिसे वा एगया पुव्विं कामभोगे विप्पजहइ, कामभोगा वा एगया पुव्विं पुरिसं विप्पजहन्ति अन्ने खलु कामभोगा अन्नो अहमंसि से किमङ्ग पुण वयं अन्नमन्नेहिं कामभोगेहिं मुच्छामो, इति सङ्खाए णं वयं च कामभोगेहि विप्पजहिस्सामो, से मेहावी जाणेज्जा- बहिरगमेयं, इणमेव उवनीयतरागं, तं जहा —"
2062,
2063,"माया मे पिया मे भाया मे भगिनी मे भज्जा मे पुत्ता मे नत्ता मे धूया मे पेसा मे सुण्हा में पिया मे सहा मे सयणसङ्गन्थ-सन्थुया मे, एते खलु मम नायओ अहमवि एएसिं, एवं से से मेहावी पुव्वामेव अप्पणा एवं समभिजाणेज्जा- इह खलु ममं अन्नयरे दुक्खे रोगातङ्के समुप्पज्जेज्जा- अनिट्ठे जाव दुक्खे नो सुहे, से हन्ता भयन्तारो! नायओ इमं मम अन्नयरं दुक्खं रोगातङ्कं परियाइयहि- अनिट्ठं जाव नो सुहं ता'हं दुक्खामि वा सोयामि वा जाव परितप्पामि वा इमाओ मे अन्नतराओ दुक्खाओ रोगातङ्काओ परिमोएह अनिट्ठाओ जाव नो सुहाओ, एवमेवं नो लद्धपुव्वं भवइ, तेसिं वा वि भयन्ताराणं मम नाययाणं अन्नयरे दुक्खे रोगातङ्के समुप्पज्जेज्जा अनिट्ठे जाव नो सुहे, से हन्ता अहमेतेसिं भयन्ताराणं नाययाणं इमं अन्नतरं दुक्खं रोगातङ्कं परियाइयामि — अनिट्ठं जाव नो सुहं मा मे दुक्खन्तु वा जाव परितप्पन्तु वा, इमाओ णं अन्नयराओ दुक्खाओ रोगातङ्काओ परिभोएमि- अनिट्ठाओ जाव नो सुहाओ, एवमेव नो लद्धपुव्वं भवति, अन्नस्स दुक्खं अन्नो नो परियाइयइ अन्नेण कडं अन्नो नो पडिसंवेदेइ पत्तेयं जायइ पत्तेयं मरइ पत्तेयं चयइ पत्तेयं उव्वज्जइ पत्तेयं झञ्जा पत्तेयं सण्णा पत्तेयं मन्ना पत्तेयं विण्णू पत्तेयं वेदणा,..."
2064,
2065,"इति खलु नातिसञ्जोगा नो ताणाए वा नो सरणाए वा, पुरिसे वा एगया पुव्विं नाइसञ्जोगे विप्पजहइ, नाइसञ्जोगा वा एगया पुव्विं पुरिसं विप्पजहन्ति, अन्ने खलू नातिसञ्जोगा अन्नो अहमंसि, से किमङ्ग पुण वयं अन्नमन्नेहिं नाइसञ्जोगेहिं मुच्छामो ?, इति सङ्खाए णं वयं नातिसञ्जोगे विप्पजहिस्सामो, से मेहावी जाणेज्जा- बाहिरङ्गमेयं, इणमेव उवनीयतरागं, तं जहा — हत्था मे पाया मे बाहा मे ऊरू मे उदरं मे सीसं मे सीलं मे आउं मे बलं मे वण्णो मे तया मे छाया मे सोयं मे चक्खु मे घाणं मे जिब्भा मे फासा मे ममाइज्जइ, वयाओ परिजूरइ, तं जहा — आऊओ बलाओ वण्णाओ तयाओ छायाओ सोयाओ चक्खूओ घाणाओ जिब्भाओ फासाओ सुसन्धितो सन्धी विसन्धीभवति, वलियतरङ्गे गाए भवति, किण्हा केसा पलिया भवन्ति,..."
2066,
2067,"तं जहा जं पि य इमं सरीरगं उरालं आहारोवचियं एयं पि य मे अनुपुव्वेणं विप्पजहियव्वं भविस्सति, एयं सङ्खाए से भिक्खू भिक्खायरियाए समुट्ठिए दुहओ लोगं जाणेज्जा, तं जहा — जीवा चेव अजीवा चेव तसा चेव थावरा चेव."
2068,
2069,"इह खलु गारत्था सारम्भा सपरिग्गहा सन्तेगइया समणा माहणा वि सारम्भा सपरिग्गहा, जे इमे तसा थावरा पाणा- ते सयं समारम्भन्ति अन्नेण वि समारम्भावेन्ति अन्नं पि समारम्भन्तं समनुजाणन्ति,. "
2070,
2071,"इह खलु गारत्धा सारम्भा सपरिग्गहा, जे इमे कामभोगा सचित्ता वा अचित्ता वा ते सयं परिगिण्हन्ति अन्नेण वि परिगिण्हावेति अन्नम्पि परिगिण्हन्तं समनुजाणन्ति, इह खलु गारत्था सारन्त्ता सपरिग्गहा सन्तेगइया समणा माहणा वि सारम्भा सपरिग्गहा- अहं खलु अनारम्भे अपरिग्गहे, जे खलु गारत्था सारम्भा सपरिग्गहा सन्तेगइया समणा माहणा वि सारम्भा सपरिग्गहा एतेसिं चेव निस्साए बम्भचेरवासं वसिस्सामो, कस्स णं तं हेउं? जहा पुव्वं तहा अवरं जहा अवरं तहा पुव्वं, अञ्जू एते अनवरया अनुवट्ठिया पुनरवि तारिसगा चेव,..."
2072,
2073,"जे खलु गारत्था सारम्भा सपरिग्गहा सन्तेगइया समणा माहणा वि सारम्भा सपरिग्गहा दुहओ पावाइं कुव्वन्ति इति सङ्खाए दोहि वि अन्तेहिं अदिस्समाणो इति भिक्खू रीएज्जा, से बेमि-पाईणं वा पडीमं वा उदीणं वा दाहिणं वा एवं से परिण्णातकम्मे, एवं से ववेयकम्मे एवं से वियन्तकारए भवइ त्ति मक्खायं."
2074,
2075,"तत्थ खलु भगवया छज्जीवनिकाया हेऊ पण्णत्ता तं जहा — पुढवीकाए जाव तसकाए, से जहानामए मम अस्सायं दण्डेण वा अट्ठीण वा मुट्ठीण वा लेलुण वा कवालेण वा आउट्टिज्जमाणस्स वा हम्ममाणस्स वा तज्जिज्जमाणस्स वा ताडिज्जमाणस्स वा परिताविज्जमाणस्स वा किलामिज्जमाणस्स वा उद्दविज्जमाणस्स वा जाव लोमुक्खणणमायमवि हिंसाकारगं दुक्खं भयं पडिसंवेदेमि, इच्चेवं जाण सव्वे पाणा सव्वे भूया सव्वे जीवा सव्वे सत्ता दण्डेण वा जाव कवालेण वा आउट्टिज्जमाणा वा हम्ममाणा वा तज्जिज्जमाणा वा ताडिज्जमाणा वा परिताविज्जमाणा वा किलामिज्जमाणा वा उद्दविज्जमाणा वा जाव लोमुक्खणणमायमवि हिंसाकारगं दुक्खं भयं पडिसंवेदेन्ति,. "
2076,
2077,"एवं नच्चा सव्वे पाणा जाव सव्वे सत्ता न हन्तव्वा न अज्जावेयव्वा न परिघेतव्वा न परितावेयव्वा न उद्दवेयव्वा, से बेमि जे य अतीता जे य पडुप्पन्ना जे य आगामिस्सा अरिहन्ता भगवन्तो सव्वे ते एवमाइक्खन्ति एवं भासन्ति एवं पन्नवेन्ति एवं परूवेन्ति सव्वे पाणा जाव सत्ता न हन्तव्वा न अज्जावेयव्वा न परिधेतव्वा न परितावेयव्वा न उद्दवेयव्वा, एस धम्मे धुवे नितिए सासए समेच्च लोगं खेयण्णेहिं पवेइए, एवं से भिक्खू विरए पाणाइवायाओ जाव विरए परिग्गहाओ नो दन्तपक्खालणेणं दन्ते पक्खालेज्जा नो अञ्जणं नो वमणं नो विरेयणं नो घूवणे नो तं परियाविएज्जा. "
2078,
2079,"से भिक्खू अकिरिए अलूसए अकोहे अमाने अमाए अलोहे उवसन्ते परिनिव्वुडे नो आसंसं पुरतो करेज्जा- इमेण मे दिट्ठेण वा सुएण वा मएण वा विन्नाएण वा इमेण वा सुचरिय-तव-नियम-बम्भचेरवासेण इमेण वा जायामायावत्तिएणं धम्मेणं इतो चुते पेच्चा देवे सिया कामभोगाण वसवत्ती सिद्धे वा अदुक्खमसुहे एत्थ वि सिया, एत्थ वि नो सिया, से भिक्खू सद्देहिं अमुच्छिए रूवेहिं अमुच्छिए गन्धेहिं अमुच्छिए रसेहिं अमुच्छिए फासेहिं अमुच्छिए विरए- कोहाओ माणाओ मायाओ लोभाओ पेज्जाओ दोसाओ कलहाओ अब्भक्खाणाओ पेसुण्णाओ परपरिवायाओ अरइरईओ मायामोसाओ मिच्छादंसणसल्लाओ- इति से महतो आदानाओ उवसन्ते उवट्ठिए पडिविरते से भिक्खू-. "
2080,
2081,जे इमे तसथावरा पाणा भवन्ति- ते नो सयं समारम्भइ नो अन्नेहिं समारम्भावेइ अन्ने समारम्भन्ते वि न समणुजाणइ- इति से महतो आदानाओ उवसन्ते उवट्ठिए पडिविरते.
2082,
2083,"से भिक्खू- जे इमे कामभोगा सचित्ता वा अचित्ता वा- ते नो सयं परिगिण्हइ नो अन्नेणं परिगिण्हावेइ अन्नं परिगिण्हन्तम्पि न समणुजाणइ- इति से महतो आदानाओ उवसन्ते उवट्ठिए पडिविरते, से भिक्खु- जं पि य इमं सम्पराइयं कम्मं कज्जइ- नो तं सयं करेइ नो अन्नेणं कारवेइ अन्नं पि करेन्तं न समणुजाणइ- इति, से महतो आदानाओ उवसन्ते उवट्ठिए पडिविरते. "
2084,
2085,"से भिक्खू जाणेज्जा- असनं वा पानं वा खाइमं वा साइमं वा अस्सिं पडियाए एगं साहम्मियं समुद्दिस्स पाणाइं भूयाइं जीवाइं सत्ताइं समारब्भ समुद्दिस्स कीयं पामिच्चं अच्छेज्जं अनिसट्ठं अभिहडं आहट्टुद्देसियं तं चेतियं सिया, से भिक्खू अह पुण एवं जाणेज्जा-तं विज्जइ तेसिं परक्कमे जस्सट्ठाए चेतियं सिया तं जहा — अप्पणो पुत्ताणं धूयाणं सुण्हाणं धातीणं नातीणं राईणं दासाणं दासीणं कम्मकराणं कम्मकरीणं आएसाणं पुढो पहेणाए सामासाए पातरासाए सन्निहि-सन्निचए कज्जति इह एएसिं मानवाणं भोयणाए तं नो सयं भुञ्जइ नो अन्नेणं भुञ्जावेइ अन्नं पि भुजन्तं न समणुजाणइ- इति से महतो आदानाओ उवसन्ते उवट्ठिए पडिविरते."
2086,
2087,"तत्थ भिक्खू परकडं-परनिट्ठितं उग्गमुप्पायनेसणासुद्धं सत्थातीतं सत्थपरिणामितं अविहिंसिन्तं एसितं वेसितं सामुदानियं पत्तमसणं कारणट्ठा पमाणजुत्तं अक्खोवञ्जण-वणलेवणभूयं सञ्जमजायामायावत्तियं बिलमिव पन्नगभूतेणं अप्पाणेणं आहारं आहारेज्जा- अन्नं अन्नकाले पानं पानकाले वत्थं वत्थकाले लेणं लेणकाले सयनं सयनकाले,. "
2088,
2089,"से भिक्खू मायण्णे अन्नयरिं दिसं वा अनुदिसं वा पडिवण्णे धम्मं आइक्खे विभए किट्टे उवट्ठिएसु वा अनुवट्ठिएसु वा सुस्सूसमाणेसु पवेदए- सन्तिं विरतिं उवसमं निव्वाणं सोयवियं अज्जवियं मद्दवियं लाघवियं अनतिवातियं सव्वेसिं पाणाणं सव्वेसिं भूयाणं सव्वेसिं जीवाणं सव्वेसिं सत्ताणं अनुवीइ किट्टए धम्मं. से भिक्खू धम्मं किट्टेमाणे नो अन्नस्स हेउं धम्ममाइक्खेज्जा, नो पानस्स हेउं धम्ममाइक्खेज्जा नो वत्थस्स हेउं धम्मं आइक्खेज्जा, नो लेणस्स हेउं धम्मं आइक्खेज्जा, नो सयणस्स हेउं धम्ममाइक्खेज्जा नो अन्नेसिं विरूवरूवाणं कामभोगाणं हेउं धम्ममाइक्खेज्जा, अगिलाए धम्ममाइक्खेज्जा नन्नत्थ कम्मनिज्जरट्ठयाए धम्ममाइक्खेज्जा."
2090,
2091,"इह खलु तस्स भिक्खुस्स अन्तिए धम्मं सोच्चा निसम्म सम्मं उट्ठाणेणं उट्ठाय वीरा अस्सिं धम्मे समुट्ठिया, जे तस्स भिक्खुस्स अन्तिए धम्मं सोच्चा निसम्म सम्मं उट्ठाणेणं उट्ठाय वीरा अस्सिं धम्मे समुट्ठिया ते एवं सव्वोवगता ते एवं सव्वोवरता ते एवं सव्वोवसन्ता ते एवं सव्वत्ताए परिनिव्वुड, त्ति बेमि."
2092,
2093,"एवं से भिक्खू धम्मट्ठी धम्मविऊ नियागपडिवण्णे से जहेयं बुइयं अदुवा पत्ते पउमवरपोण्डरीयं अदुवा अपत्ते पउमवरपोण्डरीयं, एवं से भिक्खू परिण्णायकम्मे परिण्णायसङ्गे परिण्णायगेहवासे उवसन्ते समिए सहिए सया जए, से एयं- वयणिज्जे तं जहा — समणे ति वा माहणे ति वा खन्ते ति वा दन्ते ति वा गुत्ते ति वा मुत्ते ति वा उसी ति वा मुनी ति वा कती ति वा विदू ति वा भिक्खू ति वा लूहे ति वा तीरट्ठी ति वा चरणकरणपारविउ."
2094,
2095,त्ति बेमि. 
2096,
2097,[किरियाठाणे]
2098,
2099,"सुयं मे आउसं तेणं भगवया एवमख्यायं- इह खलु किरियाठाणे नामज्झयणे पन्नत्ते, तस्स णं अयमट्ठे, इह खलु सञ्जूहेणं दुवे ठाणा एवमाहिज्जन्ति, तं जहा — धम्मे चेव अधम्मे चेव, उवसन्ते चेव अनुवसन्ते चेव."
2100,
2101,"तत्थ णं जे से पढमठाणस्स अधम्मपक्खस्स विभङ्गे तस्स णं अयमट्ठे पन्नत्ते, इह खलु पाईणं वा पडीणं वा उदीणं वा दाहिणं वा सन्तेगइया मणुस्सा भवन्ति, तं जहा आरिया वेगे अनारिया वेगे उच्चागोया वेगे नीयागोया वेगे कायमन्ता वेगे ह्रस्समन्ता वेगे सुवण्णा वेगे दुवण्णा वेगे सुरूवा वेगे दुरूवा वेगे, तेसिं च णं इमं एयारूवं दण्डसमादानं सम्पेहाए, तं जहा — नेरइएसु वा तिरिक्खजोणिएसु वा माणुसेसु वा देवेसु वा, जे यावन्ने तहप्पगारा पाणा विण्णू वेयणं वेयन्ति..."
2102,
2103,"तेसिं पि य णं इमाइं तेरस किरियाठाणाइं भवन्तीतिमक्खायं, तं जहा — अट्ठादण्डे अनट्ठादण्डे हिसादण्डे अकम्हादण्डे दिट्ठिविपरियासियादण्डे मोसवत्तिए अदिन्नादानवत्तिए अज्झत्थिए मानवत्तिए मित्तदोसवत्तिए मायावत्तिए लोभवत्तिए इरियावहिए."
2104,
2105,"पढमे दण्डसमादाणे अट्ठादण्डवत्तिए त्ति आहिज्जइ, से जहानामए केइ पुरिसे आयहेउं वा नाइहेउं वा अगारहेउं वा परिवारहेउं वा मित्तहेउं वा नागहेउं वा भूयहेउं वा जक्खहेउं वा तं दण्डं तसथावरेहिं पाणेहिं सयमेव निसिरति अन्नेण वि निसिरावेति अन्नं पि निसिरन्तं समनुजाणति, एवं खलु तस्स तप्पत्तियं सावज्जं ति आहिज्जइ, पढमे दण्डसमादाने अट्ठादण्डवत्तिए त्ति आहिए."
2106,
2107,"अहावरे दोच्चे दण्डसमादाने अनट्ठादण्डवत्तिए त्ति आहिज्जइ, से जहानामए केइ पुरिसे जे इमे तसा पाणा भवन्ति ते नो अच्चाए नो अजिनाए नो मंसाए नो सोणियाए नो हिययाए नो पित्ताए नो वसाए नो पिच्छाए नो पुच्छाए नो बालाए नो सिङ्गाए नो विसाणाए नो दन्ताए नो दाढाए नो ण्हाए. नो ण्हारुणिए नो अट्ठीए नो अट्ठिमिञ्जाए नो हिंसिसु मे त्ति नो हिंसन्ति मे त्ति नो हिंसिस्सन्ति मे त्ति नो पुत्तपोसणयाए नो पसुपोसणयाए नो अगारपरिवूहणयाए नो समणमाहणवत्तणाहेउं नो तस्स सरीरगस्स किञ्चि विपरियाइत्ता भवति, से हन्ता छेत्ता भेत्ता लुम्पइत्ता विलुम्पइत्ता उद्दवइत्ता उज्झिउं बाले वेरस्स आभागी भवति- अनट्ठादण्डे."
2108,
2109,"से जहानामए केइ पुरिसे जे इमे थावरा पाणा भवन्ति, तं जहा —इक्कडा इ वा कढिणा इ वा जन्तुगा इ वा परगा इ वा मोक्खा इ वा तणा इ वा कुसा इ वा कुच्छगा इ वा पव्वगा इ वा पलाला इ वा ते नो पुत्तपोसणाए नो पसुपोसणाए नो अगारपरिवूहणयाए नो समणमाहणपोसणयाए नो तस्स सरीरगस्स किञ्चि विपरियाइत्ता भवन्ति, से हन्ता छेत्ता भेत्ता लुम्पइत्ता विलुम्पइत्ता उद्दवइत्ता उज्झिउं बाले वेरस्स आभागी भवइ- अनट्ठादण्डे."
2110,
2111,"से जहानामए केइ पुरिसे कच्छंसि वा दहंसि वा उदगंसि वा दवियंसि वा वलयंसि वा नूमंसि वा गहणंसि वा गहणविदुग्गंसि वा वनंसि वा वनविदुग्गंसि वा पव्वयंसि वा पव्वयविदुग्गंसि वा तणाइं ऊसविय- ऊसविय सयमेव अगनिकायं निसिरति अन्नेण वि अगनिकायं निसिरावेति अन्नं पि अगनिकायं निसिरन्तं समनुजाणति- अनट्ठादण्डे, एवं खलु तस्स तप्पत्तियं सावज्जन्ति आहिज्जइ, दोच्चे दण्डसमादाने अनट्ठादण्डवत्तिए त्ति आहिए."
2112,
2113,"अहावरे तच्चे दण्डसमादाने हिंसादण्डवत्तिए त्ति आहिज्जइ, से जहानामए केइ पुरिसे ममं वा ममिं वा अन्नं वा अन्निं वा हिंसिसु वा हिंसन्ति वा हिंसिस्सन्ति वा तं दण्डं तसथावरेहिं पाणेहिं सयमेव निसिरइ अन्नेण वि निसिरावेइ अन्नं पि निसिरन्तं समणुजाणइ हिंसादण्डे, एवं खलु तस्स तप्पत्तियं सावज्जं ति आहज्जइ, तच्चे दण्डसमादाणे हिंसादण्डवत्तिए त्ति आहिए."
2114,
2115,"अहावरे चउत्थे दण्डसमादाने अकम्हादण्डवत्तिए त्ति आहिज्जइ, से जहानामए केइ पुरिसे कच्छंसि वा जाव पव्वयविदुग्गंसि वा मियवत्तिए मियसङ्कप्पे मियपणिहाणे मियवहाए गन्ता एते मिय त्ति काउं अन्नयरस्स मियस्स वहाए उसुं आयामेत्ता णं निसिरेज्जा, से मियं वहिस्सामि त्ति कट्टु तित्तिरं वा वट्टगं वा चडगं वा लावगं वा कवोयगं वा कविं वा कविजलं वा विन्धित्ता भवति- इह खलु से अन्नस्स अट्ठाए अन्नं फुसइ- अकस्मादण्डे."
2116,
2117,"से जहानामए केइ पुरिसे सालीणि वा वीहीणि वा कोद्दवाणि वा कङ्गूणि वा परगाणि वा रालाणि वा निलिज्जमाणे अन्नयरस्स तणस्स वहाए सत्थं निसिरेज्जा, से सामगं तणगं कुमुदगं वीहीऊसियं कलेसुयं तणं छिन्दिस्सामि त्ति कट्टु सालिं वा वीहिं वा कोद्दवं वा कङ्गुं वा परगं वा रालयं वा छिदिन्त्ता भवति- इति खलु से अन्नस्स अट्ठाए अन्नं फुसति- अकम्हादण्डे, एवं खलु तस्स तप्पत्तियं सावज्जं ति आहिज्जइ, चउत्थे दण्डसमादाने अकम्हादण्डवत्तिए आहिए."
2118,
2119,"अहावरे पञ्चमे दण्डसमादाने दिट्ठिविपरियासियादण्डवत्तिए त्ति आहिज्जइ, से जहानामए केइ पुरिसे माईहिं वा पिईहिं वा भाईहिं वा भगिनीहिं वा भज्जाहिं वा पुत्तेहिं वा धूयाहिं वा सुण्हाहिं वा सद्धिं संवसमाणे मित्तं अमित्तमिति मन्नमाणे मित्ते हयपुव्वे भवइ दिट्ठिविपरियासियादण्डे,. "
2120,
2121,"से जहानामए केइ पुरिसे गामघायंसि वा नगरघायंसि वा खेडघायंसि कब्बडघायंसि वा दोणमुहघायंसि वा पट्टणघायंसि वा आसमघायंसि वा सन्निवेसघायंसि वा निगमघायंसि वा रायहाणिघा-यंसि वा अतेणं तेणमिति मन्नमाणे अतेणे हयपुव्वे भवइ- दिट्ठिविपरियासियादण्डे, एवं खलु तस्सतप्पत्तियं सावज्जं ति आहिज्जइ, पञ्चमे दण्डसमादाने दिट्ठिविपरियासियादण्डवत्तिए त्ति आहिए."
2122,
2123,"अहावरे छट्ठे किरियट्ठाणे मोसवत्तिए त्ति आहिज्जइ, से जहानामए केइ पुरिसे आयहेउं वा नाइहेउं वा अगारहेउं वा परिवारहेउं सयमेव मुसं वयति अन्नेण वि मुसं वाएइ, मुसं वयन्तं पि अन्नं समनुजाणति, एवं खलु तस्स तप्पत्तियं सावज्जन्ति आहिज्जइ, छट्ठे किरियट्ठाणे मोसवत्तिए त्ति आहिए."
2124,
2125,"अहावरे सत्तमे किरियट्ठाणे अदिन्नादानवत्तिए त्ति आहिज्जइ, से जहानामए केई पुरिसे आयहेउं वा जाव परिवारहेउं वा सयमेव अदिन्नं आदियति अन्नेण वि अदिन्नं आदियावेति अदिन्नं आदियन्तं पि अन्नं समनुजाणइ, एवं खलु तस्स तप्पत्तियं सावज्जं ति आहिज्जइ, सत्तमे किरियट्ठाणे अदिन्नादानवत्तिए त्ति आहिए."
2126,
2127,"अहावरे अट्ठमे किरियट्ठाणे अज्झत्थवत्तिए त्ति आहिज्जइ, से जहानामए केइ पुरिसे- नत्थि णं केइ किञ्चि विसंवादेइ- सयमेव हीने दीने दुट्ठे दुम्मणे ओहयमन-सङ्कप्पे चिन्तासोगसागर सम्पविट्ठे करतलपल्हत्थुमुहे अट्टज्झाणोवगए भूमिगयदिट्ठिए झियाति, तस्स णं अज्झत्थिया असंसइया चत्तारि ठाणा एवमाहिज्जन्ति तं जहा — कोहे माने माया लोहे, अज्झत्थमेव कोह-मान-माया-लोहे, एवं खलु तस्स तप्पत्तियं सावज्जं ति आहिज्जइ, अट्ठमे किरियट्ठाणे अज्झत्थवत्तिए त्ति आहिए."
2128,
2129,"अहावरे नवमे किरियट्ठाणे मानवत्तिए त्ति आहिज्जइ- से जहानामए केइ पुरिसे जाइमदेण वा कुलमदेण वा बलमदेण वा रूवमदेण वा तवमदेण वा सुयमदेण वा लाभमदेण वा इस्सरियमदेण वा पण्णामदेण वा अन्नयरेण वा मदट्ठाणेणं मत्ते समाणे परं हीलेति निन्देति खिंसति गरिहति परिभवति अवमन्नेति, इत्तरिए अयं, अहमंसि पुण विसिट्ठजाइ कुल बलाइ गुणोववेए-. "
2130,
2131,"एवं अप्पाणं समुक्कसे, देहच्चुए कम्मबिइए अवसे पयाति, तं जहा — गब्भाओ गब्भं जम्माओ जम्मं माराओ मारं नरगाओ नरगं चण्डे थद्धे चवले माणी यावि भवइ, एवं खलु तस्स तप्पत्तियं सावज्जं ति आहिज्जइ, नवमे किरियट्ठाणे मानवत्तिए त्ति आहिए."
2132,
2133,"अहावरे दसमे किरियट्ठाणे मित्तदोसवत्तिए त्ति आहिज्जइ- से जहानामए केइ पुरिसे माईहिं वा पिईहिं वा भाईहिं वा भइनीहिं वा भज्जाहि वा घूयाहिं वा पुत्तेहिं वा सुण्हाहिं वा सद्धिं संवसमाणे तेसिं अन्नयरंसि अहालहुगंसि अवराहंसि सयमेव गरुयं दडं निव्वत्तेतिं, तं जहा —"
2134,
2135,"सीओदगवियडंसि वा कायं उच्छोलेत्ता भवइ, उसिणोदगवियडेण वा कायं ओसिञ्चित्ता भवइ, अगनिकायेणं कायं उवडहित्ता भवइ, जोत्तेण वा वेत्तेण वा नेत्तेण वा तयाइ वा कसेण वा छियाए वा लयाए वा अन्नयरेण वा दवरएण पासाइं उद्दालित्ता भवति, दण्डेण वा अट्ठीण वा मुट्ठीण वा लेलुण वा कवालेण वा कायं आउट्टित्ता भवति, तहप्पगारे पुरिसजाते संवसमाणे दुम्मणा भवन्ति, पवसमाणे सुमणा भवन्ति,..."
2136,
2137,"तहप्पगारे पुरिसजाते दण्डपासी दण्डगरुए दण्डपुरक्खडे अहिते इमंसि लोगंसि अहिते परंसि लोगंसि सञ्जलणे कोहणे पिट्ठिमंसि यावि भवइ, एवं खलु तस्स तप्पत्तियं सावज्जं ति आहिज्जति दसमे किरियट्ठाणे मित्तदोसवत्तिए त्ति आहिए."
2138,
2139,"अहावरे एक्कारसमे किरियट्ठाणे मायावत्तिए त्ति आहिज्जइ, जे इमे भवन्ति गूढायारा तमोकसिया उलूगपत्तलहूया पव्वयगुरुया ते आयरिया वि सन्ता अनारियाओ भासाओ पउञ्जन्ति, अन्नहा सन्तं. "
2140,
2141,"अप्पाणं अन्नहा मन्नन्ति, अन्नं पुट्ठा अन्नं वागरेन्तिं, अन्नं आइक्खियव्वं अन्नं आइक्खन्ति,..."
2142,
2143,"से जहानामए केइ पुरिसे अन्तोसल्ले तं सल्लं नो सयं नीहरति नो अन्नेण नीहरावेति नो पडिविद्धंसेति, एवमेव निण्हवेति, अविउट्टमाणे अन्तो-अन्तो रियति, एवमेव माई मायं कट्टु नो आलोएइ नो पडिक्कमेइ नो निन्दइ नो गरहइ नो विउट्टइ नो विसोहेइ नो अकरणाए अब्भुट्ठेइ नो अहारिहं तवोकम्मं पायच्छित्तं पडिवज्जइ,. "
2144,
2145,"माई अस्सिं लोए पच्चायाति माई परंसि लोए पच्चायाति निन्दइ गरहइं पसंसति निच्चरति न नियट्टति निसिरियं दण्डं छाएइ, माई असमाहडसुहलेस्से यावि भवइ, एवं खलु तस्स तप्पत्तियं सावज्जं ति आहिज्जइ, एक्कारसमे किरियट्ठाणे मायावत्तिए त्ति आहिए."
2146,
2147,"अहावरे बारसमे किरियट्ठाणे लोभवत्तिए त्ति आहिज्जइ- जे इमे भवन्ति, तं जहा आरण्णिया आवसाहिया गामन्तिया कण्हुईरहस्सिया नो बहुसञ्जया नो बहुपडिविरया सव्वपाणभूयजीवसत्तेहिं ते अप्पणो सच्चामोसाइं एवं विउञ्जन्ति- अहं न हन्तव्वो अन्ने हन्तव्वा अहं न अज्जावेयव्वो अन्ने अज्जावेयव्वा अहं न परिघेतव्वो अन्ने परिघेतव्वा अहं न परितावेयव्वो अन्ने परितावेयव्वा अहं न उद्दवेयव्वो अन्ने उद्दवेयव्वा,..."
2148,
2149,"एवामेव ते इत्थिकामेहिं मुच्छिया गिद्धा गढिया अज्झोववण्णा जाव वासाइं चउपञ्चभाइं छद्दसमाइं अप्पयरो वा भुज्जयरो वा भुञ्जितु भोगभोगाइं कालमासे कालं किच्चा अन्नयरेसु आसुरिएसु किब्बिसिएसु ठाणेसु उववत्तारो भवन्ति, तओ विप्पमुच्चमाणा भुज्जो एलमूयत्ताए तमूयत्ताए जाइमूयत्ताए पच्चायन्ति,..."
2150,
2151,"एवं खलु तस्स तप्पत्तियं सावज्जं ति आहिज्जइ, दुवालसमे किरियट्ठाणे लोभवत्तिए त्ति आहिए. इच्चेताइं दुवालस किरियट्ठाणाइं दविएणं समणेण वा माहणेण वा सम्मं सुपरिजाणियव्वाइं भवन्ति."
2152,
2153,अहावरे तेरसमे किरियट्ठाणे इरियावहिए त्ति आहिज्जाइ- इह खलु अत्तत्ताए संवुडस्स अनगारस्स इरियासमियस्स भासासमियस्स एसणासमियस्स आयणभण्डमत्तनिक्खेणासमियस्स उच्चार-पासवण-खेल-सिन्धाण-जल्ल -पारिट्ठावणियासमियस्स मनसमियस्स वइसमियस्स कायसमियस्स मन- गुत्तस्स वइगुत्तस्स कायगुत्तस्स गुत्तिन्दियस्स गुतबम्भयारिस्स आउत्तं गच्छमाणस्स आउत्तं चिट्ठमाणस्स आउत्तं निसीयमाणस्स आउत्तं तुयट्टमाणस्स आउत्तं भुञ्जमाणस्स आउत्तं भासमाणस्स आउत्तं वत्थं पडिग्गहं कम्बंलं पायपुञ्छणं गिण्हमाणस्स वा निक्खिवमाणस्स वा जाव चक्खुपम्हनिवायमवि अत्थि विमाया सुहुमा किरिया इरियावहिया नाम कज्जइ —
2154,
2155,"सा पढमसमए बद्धपुट्ठा बितियसमए वेइया ततियसमए, निज्जिण्णा सा बद्धपुट्ठा उदीरिया वेइया निज्जिण्णा सेयकाले अकम्मे या'वि भवइ, एवं खलु तस्स तप्पत्तियं सावज्जन्ति आहिज्जइ, तेरसमे किरियट्ठाणे ईरियावहिए त्ति आहिज्जइ."
2156,
2157,"से बेमि-जे य अईया जे य पडुप्पन्ना जे य आगमेस्सा अरहन्ता भगवन्ता सव्वे ते एयाइं चेव तेरस किरियट्ठाणाइं भासिंसु वा भासेन्ति वा भासिस्सन्ति वा, पन्नवेंसु वा पन्नवेन्ति वा पन्नवेस्सन्ति वा, एवं चेव तेरसमं किरियट्ठाणं सेविंसु वा सेवन्ति वा सेविस्सन्ति वा."
2158,
2159,"अदुत्तरं च णं पुरिस-विजय-विभङ्गमाइक्खिस्सामि- इह खलु नानापण्णाणं नानाछन्दाणं नानासीलाणं नानादिट्ठीणं नानारुईणं नानारम्भाणं नानाज्झवसाणसञ्जुत्ताणं नानाविहपावसुयज्झयणं भवइ,. "
2160,
2161,"तं जहा — भोमं उप्पायं सुविणं अन्तलिक्खं अङ्गं सरं लक्खणं वञ्जणं इत्थिलक्खणं पुरिस- लक्खणं हयलक्खणं गयलक्खणं गोणलक्खणं मेण्ढलक्खणं कुक्कुडलक्खणं तित्तिरललक्खणं वट्टगलक्खणं लावगलक्खणं चक्कलक्खणं छत्तलक्खणं चम्मलक्खणं दण्डलक्खणं असिलक्खणं मणिलक्खणं कागणि- लक्खणं सुभगाकरं दुब्भगाकरं गब्भकरं मोहणकरं आहव्वणिं पागसासणिं दव्वहोमं खत्तियविज्जं चन्दचरियं सूरचरियं सुक्कचरियं बहस्सइचरियं उक्कापायं दिसादाहं मियचक्कं वायसपरिमण्डलं पंसुवुट्ठिं केसवुट्ठिं मंसवुट्ठिं रुहिरवुट्ठिं वेयालिं अद्धवेयालिं ओसोवणिं तालुग्घाडणिं सोवागिं सावरिं दामिलिं कालिङ्गि गोरिं गन्धारिं ओवतणिं उप्पतणिं जम्भणिं थम्भणिं लेसणिं आमयकरणिं विसल्लकरणिं पक्कमणिं अन्तद्धाणिं आयमिणीं,..."
2162,
2163,"एवमाइयाओ विज्जाओ अन्नस्स हेउं पउञ्जन्ति पानस्स हेउं पउञ्जन्ति वत्थस्स हेउं पउजन्ति लेणस्स हेउं पउञ्जन्ति, सयणस्स हेउं पउञ्जन्ति अन्नेसिं वा विरूवरूवाणं कामभोगाण हेउं पउञ्जन्ति, तेरिच्छं ते विज्जं सेवन्ति, ते अनारिया विप्पडिवन्ना कालमासे कालं किच्चा अन्नयरेसु आसुरिएसु किब्बिसिएसु ठाणेसु उववत्तारो भवन्ति, ततो वि विप्पमुच्चमाणा भुज्जो एलमूयत्ताए तमन्धयाए पच्चायन्ति."
2164,
2165,"से एगइओ आयहेउं वा नायहेउं वा सयनहेउं वा, अगारहेउं वा परिवारहेउं वा नायगं वा सहवासियं वा निस्साए अदुवा अनुगामिए अदुवा उवचरए अदुवा पडिपहिए अदुवा सन्धिच्छेयए अदुवा गण्ढिच्छेयए अदुवा ओरब्भिए अदुवा सोयरिए अदुवा वागुरिए अदुवा साउणिए अदुवा मच्छिए अदुवा गोधायए अदुवा गोवालए अदुवा सोवणिए अदुवा सोवणियन्तिए..."
2166,
2167,"से एगइओ अनुगामियभावं पडिसन्धाय तमेव हन्ता छेत्ता भेत्ता लुम्पइत्ता विलुम्पइत्ता उद्दवइत्ता आहारं आहारेति, इति से महया पावेहिं कम्मेहिं अत्ताणं उवक्खाइत्ता भवति, से एगइओ उवचरगभावं पडिसन्धाय तमेव उवचरियं हन्ता छेत्ता भेत्ता लुम्पइत्ता विलुम्पइत्ता उद्दवइत्ता आहारं आहारेइ, इति से महया पावेहिं कम्मेहिं अत्ताणे उवक्खाइत्ता भवति. "
2168,
2169,"से एगइओ पाडिपहियभावं पडिसन्धाय तमेव पाडिपहे ठिच्चा हन्ता छेत्ता भेत्ता लुम्पइत्ता विलुम्पइत्ता उद्दवइत्ता आहारं आहारेइ, इति से महया पावेहिं कम्मेहिं अत्ताणं उवक्खाइत्ता भवति, से एगइओ सन्धिच्छेदगभावं पडिसन्धाय तमेव सन्धिं छेत्ता भेत्ता जाव-इति से महया पावेहिं कम्मेहिं अत्ताणं उवक्खाइत्ता भवति. "
2170,
2171,"से एगइओ गण्ठिच्छेदगभावं पडिसन्धाय तमेव गण्ठिं छेत्ता भेत्ता जाव इति से महया पावेहिं कम्मेहिं अत्ताणं उवक्खाइत्ता भवति, से एगइओ ओरब्भियभावं पडिसन्धाय उरब्भं वा अन्नतरं वा तसं पाणं हन्ता जाव अत्ताणं उवक्खाइत्ता भवति, एसो अभिलावो सव्वत्थ |. "
2172,
2173,"से एगइओ सोयरियभावं पडिसन्धाय महिसं वा अन्नयरं वा तसं पाणं जाव उवक्खाइत्ता भवति, से एगइओ वागुरियभावं पडिसन्धाय मियं वा अन्नयरं वा तसं पाणं हन्ता जाव उवक्खाइत्ता भवति, से एगइओ साउणियभावं पडिसन्धाय सउणिं वा अन्नयरं वा तसं पाणं हन्ता जाव उवक्खाइत्ता भवति. "
2174,
2175,"से एगइओ मच्छियभावं पडिसन्धाय मच्छं वा अन्नयरं वा तसं पाणं हन्ता जाव अत्ताणं उवक्खाइत्ता भवति, से एगइओ गोघायगभावं पडिसन्धाय गोणं वा अन्नयरं वा तसं पाणं हन्ता उवक्खाइत्ता भवति, से एगइओ गोवालभावं पडिसङ्घाय तमेव गोवालं वा परिजविय परिजविय हन्ता जाव उवक्खाइत्ता भवइ."
2176,
2177,"से एगइओ सोवणियभावं पडिसन्धाय तमेव सुनगं वा अन्नयरं वा तसं पाणं हन्ता जाव उवक्खाइत्ता भवइ, से एगइओ सोवणियन्तियभावं पडिसङ्घाय तमेव मणुस्सं वा अन्नयरं वा तसं पाणं हन्ता जाव आहारं आहारेइ, इति से महया पावेहिं कम्मेहिं अत्ताणं उवक्खाइत्ता भवति."
2178,
2179,से एगइओ परिसामज्झओ उट्ठेता अहमेयं हणामि त्ति कट्टु तित्तिरं वा वट्टगं वा चडगं वा लावगं वा कवोयगं वा कविञ्जलं वा अन्नयरं वा तसं पाणं हन्ता जाव उवक्खाइत्ता भवति.
2180,
2181,से एगइओ केणइ आदानेनं विरुद्धे समाणे अदुवा खलदानेनं अदुवा सुराथालएणं गाहावईण वा गाहावइपुत्ताण वा सयमेव अगनिकाएणं सस्साइं झामेइ अन्नेण वि अगनिकाएणं सस्साइं झामावेइ अगनिकाएणं सस्साइं झामेन्तं पि अन्नं समणुजाणइ-इति से महया पावकम्मेहिं अत्ताणं उवक्खाइत्ता भवति.
2182,
2183,"से एगइओ केणइ आदानेनं विरुद्धे समाणे अदुवा खलदानेनं अदुवा सुराथालएणं गाहावईणं वा गाहावइपुत्ताण वा उट्टाण वा गोणाण वा घोडगाण वा गद्दभाण वा सयमेव धूराओ कप्पेइ अन्नेण वि कप्पावेइ कप्पन्तं वि अन्नं समणुजाणइ, इति से महया पावकम्मेहिं अत्ताणं उवक्खाइत्ता भवति."
2184,
2185,"से एगइओ केणइ आदानेनं विरुद्धे समाणे अदुवा खलदानेनं अदुवा सुराथालएणं गाहावईण वा गाहावइपुत्ताण वा उट्टसालाओ वा गोणसालाओ वा घोडगसालाओ वा गद्दभसालाओ वा कण्टकबोन्दियाए पडिपेहित्ता सयमेव अगनिकाएणं झामेइ अन्नेण वि झामावेइ झामन्तं पि अन्नं समणुजाणइ, इति से महया भवति."
2186,
2187,"से एगइओ केणइ आदानेनं विरुद्धे समाणे अदुवा खलदानेनं अदुवा सुराथालएणं गाहावईण वा गाहावइपुत्ताणं कुण्डलं वा मणिं वा मोत्तियं वा सयमेव अवहरइ अन्नेण वि अवहरावेइ अवहरन्तं पि अन्नं समणुजाणइ, इति से महया जाव भवति."
2188,
2189,"से एगइओ केणइ वि आदानेनं विरुद्धे समाणे अदुवा खलदानेनं अदुवा सुराथालएणं समणाणं वा माहणाणं वा दण्डगं वा छत्तगं वा भण्डगं वा मत्तगं वा लट्ठिगं वा भिसिगं वा चेलगं वा चिलिमिलिगं वा चम्मगं वा चम्मछेयण्णं वा चम्मकोसियं वा सयमेव अवइरइ जाव समणुजाणइ, इति से महया जाव उवक्खाइत्ता भवति. "
2190,
2191,"से एगइओ नो वितिगिञ्छइ, तं गाहावईण वा गाहावइपुत्ताण वा सयमेव अगनिकाएणं ओसहीओ झामेइ जाव झामेन्तं पि अन्नं समणुजाणइ, इति से महया जाव उवक्खाइत्ता भवति."
2192,
2193,"से एगइओ नो वितिगिञ्छइ- तं जहा गाहावईण वा गाहावइपुत्ताण वा उट्ठाण वा गोणाण वा घोडगाण वा गद्दभाण वा सयमेव घूराओ कप्पेइ अन्नेण वि कप्पावेइ अन्नं पि कप्पन्तं समणुजाणई- इति से महया पावकम्मेहिं अत्ताणं उवक्खाइत्ता भवति,. "
2194,
2195,"से एगइओ नो वितिगिञ्छइ- तं जहा — गाहावईण वा गाहावइपुत्ताण वा उट्टसालाओ वा जाव गद्दभसालाओ वा कण्टकबोन्दियाए पडिपेहित्ता सयमेव अगनिकाएणं झामेइ जाव समणुजाणइ,. "
2196,
2197,"से एगइओ नो वितिगिञ्छइ- तं जहा —गाहावईण वा गाहावइपुत्ताण वा कुण्डलं वा मणिं वा मोत्तियं वा सयमेव अवहरइ जाव समणुजाणइ, से एगइओ नो वितिगिञ्छइ-तं जहा —समणाण वा माहणाण वा छत्तगं वा दण्डगं वा जाव चम्मछेयण्गं वा सयमेव अवहरइ जाव समणुजाणइ, इति से महया जाव उवक्खाइत्ता भवति."
2198,
2199,"से एगइओ समणं वा माहणं वा दिस्सा नानाविहेहिं पावेहिं कम्मेहिं अत्ताणं उवक्खाइत्ता भवइ, अदुवा णं अच्छराए आफालित्ता भवइ, अदुवा णं फरुसं वदित्ता भवइ, कालेण वि से अनुपविट्ठस्स असनं वा पानं वा खाइमं वा साइमं वा नो दवावेत्ता भवति."
2200,
2201,"जे इमे भवन्ति- वोण्णमन्ता भारक्कन्ता अलसगा वसलगा किवणगा समणगा पव्वयन्ति ते इणमेव जीवितं धिज्जीवियं सम्पडिबूहेन्ति, नाइ ते पारलोइयस्स अट्ठाए किञ्चि वि सिलिस्सन्ति, ते दुक्खन्ति ते सोयन्ति ते जूरन्ति ते तिप्पन्ति ते पिट्टन्ति ते परितप्पन्ति ते दुक्खण-जूरण-सोयण-तिप्पण-पिट्टण-परितप्पण-वह-बन्धन-परिकिलेसाओ अपडिविरता भवन्ति, ते महता आरम्भेण ते महता समारम्भेण ते महता आरम्भसमारम्भेण विरूवरूवेहिं पावकम्म-किच्चेहिं उरालाइं माणुस्सगाइं भोगभोगाइं भुञ्जित्तारो भवन्ति,. "
2202,
2203,"तं जहा — अन्नं अन्नकाले पानं पानकाले वत्थं वत्थकाले लेणं लेणकाले सयनं सयनकाले सपुव्वावरं च णं ण्हाए कयबलिकम्मे कय-कोउय-मङ्गल-पायच्छित्ते सिरसा ण्हाए कण्ठेमालकडे आविद्ध मणि-सुवण्णे कप्पियमालामउली पडिबद्धसरीरे वग्घारिय-सोणिसुत्तग मल्लदाम-कलावे अहतवत्थ-परिहिए चन्दनोक्खित्तगाय-सरीरे महइमहालियाए कूडागारसालाए महइमहालयंसि सीहासनंसि इत्थी गुम्मसम्परिवुडे सव्वराइएणं जोइणा झियायमाणेणं महया''हय -नट्ट-गीय-वाइय- तन्ती-तल-ताल- तुडिय-घन-मुइङ्ग-पडुप्पवाइय-रवेणं उरालाइं मानुस्सागाइं भोगभोगाइं भुञ्जमाणे विहरइ,. "
2204,
2205,"तस्स णं एगमवि आणवेमाणस्स जाव चत्तारि पञ्च जना अवुत्ता चेव अब्भुट्ठेन्ति, भणह देवानुप्पिया! किं करेमो? किं आहरेमो? किं उवनेमो? किं उवट्ठावेमो? किं मे हियइच्छियं? किं भे आसगस्स सयइ? तमेव पासित्ता अनारिया एवं वयन्ति देवे खलु अयं पुरिसे, देवसिणाए खलु अयं पुरिसे, देवजीवणिज्जे खलु अयं पुरिसे, अन्ने वि य णं उवजीवन्ति, तमेव पासित्ता आरिया वयन्ति- अभिक्कन्तकूरकम्मे खलु अयं पुरिसे अइधून्ने अइयायरक्खे दाहिणगामिए नेरइए कण्हपक्खिए आगमिस्साणं दुल्लबोहियाए यावि भविस्सइ,..."
2206,
2207,इच्चेतस्स ठाणस्स उट्ठिता वेगे अभिगिज्झन्ति अनुट्ठित्ता वेगे अभिगिज्झन्ति अभिझञ्जाउरा अभिगिज्झन्ति एस ठाणे अनारिए अकेवले अप्पडिपुण्णे अनेयाउए असंसुद्धे असल्लगत्तणे असिद्धिमग्गे अमुत्तिमग्गे अनिव्वाणमग्गे अनिज्जाणमग्गे असव्वदुक्खपहीणमग्गे एगन्तमिच्छे असाहू एस खलु पढमस्स ठाणस्स अधम्मपक्खस्स विभङ्गे एवमाहिए.
2208,
2209,"अहावरे दोच्चस्स ठाणस्स धम्मपक्खस्स विभङ्गे एवमाहिज्जइ, इह खलु पाईणं वा पडीणं वा उदीणं वा दाहिणं वा सन्तेगइया मणुस्सा भवन्ति तं जहा —"
2210,
2211,"आरिया वेगे अनारिया वेगे उच्चागोया वेगे नीयागोया वेगे कायमन्ता वेगे हस्समन्ता वेगे सुवण्णा वेगे दुवण्णा वेगे सुरूवा वेगे दुरूवा वेगे, तेसिं च णं खेत्तवत्थूणि परिग्गहियाइं भवन्ति एसो आलावगो जहा पोण्डरीए तहा नेतव्वो, तेणेव अभिलावेण जाव सव्वोवसन्ता सव्वत्ताए परिनिव्वुडे त्ति बेमि."
2212,
2213,"एस ठाणे आरिए केवले जाव सव्व-दुक्खप्पहीणमग्गे एगन्तसम्मे साहू, दोच्चस्स ठाणस्स धम्मपक्खस्स विभङ्गे एवमाहिए."
2214,
2215,"अहावरे तच्चस्स ठाणस्स मीसगस्स विभङ्गे एवमाहिज्जइ, जे इमे भवन्ति आरण्णिया आवसहिया गामनियन्तिया कण्हुईरहस्सिया जाव ते तओ विप्पमुच्चमाणा भुज्जो एलमूयत्ताए तमूत्ताए पच्चायन्ति,. "
2216,
2217,"एस ठाणे अनारिए अकेवले असव्वदुक्खप्पहीणमग्गे एगन्तमिच्छे असाहू, एस खलु तच्चस्स ठाणस्स मिस्सगस्स विभङ्गे एवमाहिए."
2218,
2219,"अहावरे पढमस्स ठाणस्स अधम्मपक्खस्स विभङ्गे एवमाहिज्जइ - इह खलु पाईणं वा पडीणं वा उदीणं वा दाहिणं वा सन्तेगइया मनुस्सा भवन्ति गिहत्था महिच्छा महारम्भा महापरिग्गहा अधम्मिया अधम्माणुया अधम्मिट्ठा अधम्मक्खाई अधम्मपायजीविणो अधम्मपलोइणो अधम्मपलज्जणा अधम्मसीलसमुदाचारा अधम्मेण चेव वित्तिं कप्पेमाणा विहरन्ति,. "
2220,
2221,"हण छिन्द भिन्द विगत्तगा लोहियपाणी चण्डा रुद्दा खुद्दा साहस्सिया उक्कञ्चन-वञ्चन-माया-नियडि-कूड-कवड-साइ-सम्पओगबहुला दुस्सीला दुव्वया दुप्पडियानन्दा असाहू सव्वाओ पाणाइवायाओ अप्पडिविरया जावज्जीवाए सव्वाओ कोहाओ जाव मिच्छादंसणसल्लाओ अप्पडिविरया, जावज्जीवाए, सव्वाओ ण्हाणुम्मद्दण- वण्णग- गन्ध-विलेवण- सद्द-फरिस-रस-रूव-गन्ध- मल्लालङ्काराओ अप्पडिविरया, जावज्जीवाए सव्वाओ सगड-रह-जाण- जुग्ग-गिल्लि-थिल्लि-सिया-सन्दमाणिया-सयणासण - वाहण -भोग - भोयण-पवित्थरविहीओ अप्पडिविरया जावज्जीवाए सव्वाओ कय-विक्कय-मासद्धमास-रूवग-संववहाराओ अप्पडिविरया जावज्जीवाए सव्वाओ हिरण्ण सुवण्ण- घन धन्न मणि मोत्तिय सङ्ख सिल-प्पवालाओ अप्पडिविरया जावज्जीवाए सव्वाओ कूडतुल-कूडमाणाओ अप्पडिविरया जावज्जीवाए."
2222,
2223,"सव्वाओ आरम्भसमारम्भाओ अप्पडिविरया जावज्जीवाए सव्वाओ करण-कारावणाओ अप्पडिविरया जावज्जीवाए सव्वाओ पयण-पयावणाओ अप्पडिविरया जावज्जीवाए सव्वाओ कुट्टण-पिट्टण-तज्जण-ताडन-वह-बन्धपरिकिलेसाओ अप्पडिविरया जावज्जीवाए, जे यावण्णे तहप्पगारा सावज्जा अबोहिया कम्मन्ता परपाणपरियावणकराजे अनारिएहिं कज्जन्ति ततो अप्पडिविरिया जावज्जीवाए."
2224,
2225,"से जहानामए केइ पुरिसे कलम- मसूर- तिल- मुग्ग- मास- निप्फाव-कुलत्थ- आलिसन्दग-परिमन्थग मादिएहिं अयते कूरे मिच्छादण्डं पउञ्जति, एवमेव तहप्पगारे पुरिसजाए तित्तिर-वट्टग-लावग-कवोय-कविञ्जल-मिय -महिस -वराह -गाह -गोह-कुम्म-सिरीसिवामादिएहिं अयन्ते कूरे मिच्छादण्डं पउञ्जति, जा वि य से बाहिरिया परिसा भवइ, तं जहा — दासे इ वा पेसे इ वा भयए इ वा भाइल्ले इ वा कम्मकरए इ वा भोगपुरिसे इ वा तेसिं पि य णं अन्नयरंसि अहालहुगंसि अवराहंसि सयमेव गरुयं दण्डं निव्वत्तेइ,. "
2226,
2227,"तं जहा —इमं दण्डेह इमं मुण्डेह इमं तज्जेह इमं तालेह इमं अदुयबन्धनं करेह इमं नियलबन्धनं करेह इमं हड्डिबन्धनं करेह इमं चारगबन्धनं करेह इमं नियल-जुयल-सङ्कोडिय-मोडियं करेह इमं हत्थच्छिन्नयं करेह इमं पायछिन्नयं करेह, इमं कण्णछिन्नयं करेह इमं नक्कछिन्नयं करेह इमं ओट्ठच्छिन्नयं करेह इमं सीसच्छिन्नयं करेह इमं मुहच्छिण्णयं करेह इमं वेयवहितं करेह इमं अङ्गवहितं करेह इमं पक्खाफोडियप करेह इमं नयनुप्पाडियं करेह इमं दंसणुप्पाडियं करेह इमं वसणुप्पाडियं करेह इमं जिब्भुप्पाडियं करेह इमं ओलम्बियं करेह इमं घसियं करेह इमं घोलियं करेह इमं सूलाइयं करेह इमं सूलाभिन्नयं करेह इमं खारवत्तियं करेह इमं वज्झपत्तियं करेह इमं सीहपुच्छियगं करेह इमं वसहपुच्छियगं करेह इमं कडग्गिदड्ढयं करेह इमं कागणिमंसखावियगं करेह इमं भत्तपाणनिरुद्धगं करेह इमं जावज्जीवं वहबन्धणं करेह इमं अन्नतरेणं असुभेणं-कुमारेणं मारेह, जावि य से अब्भिन्तरिया परिसा भवइ तं,. "
2228,
2229,"माया इ वा पिया इ वा भाया इ वा भगिनी इ वा भज्जा इ वा पुत्ता इ वा धूया इ वा सुण्हा इ वा, तेसिं पि य णं अन्नयरंसि अहालहुगंसि अवराहंसि सयमेव गरुयं दण्डं निव्वत्तेति तं जहा — सीओदगवियडंसि उच्छोलेत्ता भवइ जहा मित्तदोसवत्तिए जाव अहिते परंसि लोगंसि, ते दुक्खन्ति सोयन्ति जूरन्ति तिप्पन्ति पिट्टन्ति परितप्पन्ति ते दुक्खण-सोयण-जूरण-तिप्पण-पिट्टण-परितप्पण-वह-बन्धन-परिकिलेसाओ अप्पडिविरया भवन्ति,. "
2230,
2231,"एवमेव ते इत्थिकामेहिं मुच्छिया गिद्धा गढिया अज्झोववन्ना जाव वासाइं चउपञ्चमाइं छद्द समाइं वा अप्पयरो वा भुज्जयरो वा कालं भुञ्जितुं भोगभोगाइं पविसुइत्ता वेरायतणाइं सञ्चिणित्ता बहूइं पावाइं कम्माइं, उस्सण्णाइं सम्भारकडेण कम्मुणा- से जहानामए अयगोले इ वा सेलगोले इ वा उदगंसि पक्खित्ते समाणे उदग-तलमइवइत्ता अहे धरणितलपइट्ठाणे भवति, एवामेव तहप्पगारे पुरिसजाते वज्जबहुले घूयबहुले पङ्कबहुले वेरबहुले अप्पत्तियबहुले दम्भबहुले नियडिबहुले साइबहुले अयसबहुले उस्सन्न तसपाणघाती कालमासे कालं किच्चा घरणितलमइवइत्ता अहे नरगतलपइट्ठाणे भवति."
2232,
2233,"ते णं नरगा अन्तो वट्टा बाहिं चउरंसा अहे खुरप्पसण्ठाणंसण्ठिया निच्चन्धगारतमसा ववगय-गह-चन्द-सूर-नक्खत्त-जोइसप्पहा मेद-वसा-मंस-रुहिर-पूय-पडल-चिक्खल्ललित्ताणुलेवणतला असुई वीसा परमदुब्भिगन्धा कण्हा अगनिवण्णाभा कक्खड-फासा दुरहियासा असुभा नरगा असुभा नरएसु वेयणाओ,..."
2234,
2235,"नो चेव णं नरएसु नेरइया निद्दायन्ति वा पयलायन्ति वा सुइं वा रइं वा धिइं वा मइं वा उवलभन्ते, ते णं तत्थ उज्जलं विउलं पगाढं कडुयं कक्कसं चण्डं दुक्खं दुग्गं तिव्वं दुरहियासं नेरइय-वेयणं पच्चणुभवमाणा विहरन्ति."
2236,
2237,"से जहानामए रुक्खे सिया पव्वयग्गे जाए मूले छिन्ने अग्गे गरुए जओ निन्नं जओ विसमं जओ दुग्गं तओ पवडति एवामेव तहप्पगारे पुरिसजाते गब्भाओ गब्भं जम्माओ जम्मं माराओ मारं नरगाओ नरगं दुक्खाओ दुक्खं दाहिणं गामिए नेरइए कण्हपक्खिए आगमिस्साणं दुल्लभबोहिए यावि भवइ, एस ठाणे अनारिए अकेवले जाव असव्वदुक्खप्पहीणमग्गे एगन्तमिच्छे असाहू, पढमस्स ठाणस्स अधम्मपक्खस्स विभङ्गे एवमाहिए."
2238,
2239,"अहावरे दोच्चस्स ठाणस्स धम्मपक्खस्स विभङ्गे एवमाहिज्जइ-इह खलु पाईणं वा पडीणं वा उदीणं वा दाहिणं वा सन्तेगइया मणुस्सा भवन्ति, तं जहा — अनारम्भा अपरिग्गहा धम्मिया धम्माणुगा धम्मिट्ठा जाव धम्मेण चेव वित्तिं कप्पेमाणा विहरन्ति, सुसीला सुव्वया सुप्पडियानन्दा सुसाहू सव्वाओ पाणाइवायाओ पडिविरया जावज्जीवाए जाव जे यावन्ने तहप्पगारा सावज्जा अबोहिया कम्मन्ता परपाणपरियावणकरा कज्जन्ति तओ विपडिविरया जावज्जीवाए. "
2240,
2241,"से जहानामए अनगारा भगवन्तो इरियासमिया भासासमिया एसणासमिया आयाण-भण्ड-मत्त-निक्खेवणासमिया-उच्चार-पासवण-खेल-सिङ्घाण-जल्ल पारिट्ठावणियासमिया मनसमिया वइसमिया कायसमिया मनगुत्ता वयगुत्ता कायगुत्ता गुत्ता गुत्तिन्दिया गुत्तबम्भयारी अकोहा अमाना अमाया अलोभा सन्ता पसन्ता उवसन्ता परिनिव्वुडा अनासवा अग्गन्था छिन्नसोया निरुवलेवा कंसपाई व मुक्कतोया सङ्खो इव निरञ्जना जीव इव अप्पडिहयगई गगनतलं इव निरालम्बणा वायुरिव अप्पडिबद्धा सारदसलिलं व सुद्धहियया पुक्खरपत्तं व निरुवलेवा कुम्मो इव गुत्तिन्दिया विहग इव विप्पमुक्का खग्गविसाणं व एगजाया भारुण्डपक्खी व अप्पमत्ता कुञ्जरो इव सोण्डीरा वसभो इव जायथामा सीहो इव दुद्धरिसा मन्दरो इव अप्पकम्पा सागरो इव गम्भीरा चन्दो इव सोमलेसा सुरो इव दित्ततेया जच्चकनगं व जायरूवा वसुन्धरा इव सव्वफासविसहा सुहुयहुयासणो विव तेयसा जलन्ता,..."
2242,
2243,"नत्थि णं तेसिं भगवन्ताणं कत्थ वि पडिबन्धे भवइ, से पडिबन्धे चउव्विहे पण्णत्ते, तं जहा — अण्डए इ वा पोयए इ वा उग्गहे इ वा पग्गहे इ वा जं णं जं णं दिसं इच्छतिं तं णं- तं णं दिसं अप्पडिबद्धा सुईभूया लहुभूया अप्पग्गन्था सञ्जेमेणं तवसा अप्पाणं भावेमाणा विहरन्ति,..."
2244,
2245,"तेसिं णं भगवन्ताणं इमा एयारूवा जायामायावित्ती होत्था, तं जहा — चउत्थे भत्ते छट्ठे भत्ते अट्ठमे भत्ते दसमे भत्ते दुवालसमे भत्ते चउदसमे भत्ते अद्धमासिए भत्ते मासिए भत्ते दोमासिए तिमासिए चउम्मासिए पञ्चमासिए छम्मासिए अदुत्तरं च णं उक्खित्तचरगा निक्खित्तचरगा उक्खित्तनिक्खित्तचरगा अन्तचरगा पन्तचरगा लूहचरगा समुदानचरगा संसट्ठचरगा अससण्ट्ठचरगा तज्जात संसट्ठचरगा दिट्ठलाभिया अदिट्ठलाभिया पुट्ठलाभिया अपुट्ठलाभिया भिक्खलाभिया अभिक्खलाभिया अण्णातचरगा उवनिहिया सङ्खादत्तिया परिमिय-पिण्डवाइया सुद्धेसणिया अन्ताहारा पन्ताहारा अरसाहारा विरसाहारा लूहाहारा तुच्छाहारा अन्तजीवी पन्तजीवी आयम्बिलिया पुरिमड्ढिया निव्विगइया अमज्जमंसासिणो नो नियामरसभोई ठाणाइया पडिमाठाणाइया उक्कुडुआसनिया नेसज्जिया वीरासनिया दण्डायतिया लङ्गडसाइणो अवाउडा अगत्तया अकण्डया अनिट्ठुहा धुतकेसमंसुरोमनहा सव्वगायपडिकम्मविप्पमुक्का चिट्ठन्ति."
2246,
2247,"ते णं एतेणं विहारेणं विहरमाणा बहूइं वासाइं सामण्णपरियागं पाउणन्ति पाउणित्ता बहु बहु आबाहंसि उप्पन्नंसि वा अनुप्पन्नंसि वा बहूइं भत्ताइं पच्चक्खन्ति पच्चक्खित्ता बहूइं भत्ताइं अनसनाए छेदेन्ति छेदित्ता जस्सट्ठाए कीरइ नग्गभावे मुण्डभावे अन्हाणभावे अदन्तवणगे अछत्तए अनावाहणए भूमिसेज्जा फलगसेज्जा कट्ठसेज्जा केसलोए बम्भचेरवासे परघरपवेसे लद्धावलद्धे मानावमाननाओ हीलनाओ निन्दनाओ खिंसणाओ गरहणाओ तज्जणाओ तालणाओ उच्चावया गामकण्डगा बावीसं परीसहोवसग्गा अहियासिज्जन्ति तमट्ठं आराहेन्ति तमट्ठं आराहेत्ता चरमेहिं उस्ससनिस्सासेहिं अनन्तं अनुत्तरं निव्वाघायं निरावरणं कसिणं पडिपुण्णं केवलवरनाणदंसणं समुप्पाडेन्ति समुप्पाडित्ता तओ पच्छा सिज्झन्ति बुज्झन्ति मुच्चन्ति परिनिव्वायन्ति सव्वदुक्खाणं अन्तं करेन्ति,. "
2248,
2249,"एगच्चाए पुण एगे भयन्तारो भवन्ति, अवरे पुण पुव्वकम्मावसेसेणं कालमासे कालं किच्चा अन्नयरेसु देवलोएसु देवत्ताए उववत्तारो भवन्ति, तं जहा — महड्ढिएसु महज्जुइएसु महापरक्कमेसु महाजसेसु महब्बलेसु महानुभावेसु महासोक्खेसु, ते णं तत्थ देवा भवन्ति महड्ढिया महज्जुइया जाव महासोक्खा हार-विराइय-वच्छा कडग-तुडिय-थम्भिय-भुया अङ्गय-कुण्डल-मट्ठगण्डयल-कण्ण-पीढधारी विचित्तहत्थाभरणा विचित्तमाला-मउलिमउडा कल्लाणग-पवर-वत्थपरिहिया कल्लाणग-पवरमल्लानुलेवणधरा भासुरबोन्दी पलम्बवणमालधरा दिव्वेणं रूवेणं दिव्वेणं वण्णेणं दिव्वेणं गन्धेणं दिव्वेणं फासेणं दिव्वेणं सन्धाएणं दिव्वेणं सण्ठाणेण दिव्वाए इड्ढीए दिव्वाए जुत्तीए दिव्वाए पभाए दिव्वाए छायाए दिव्वाए अच्चीए दिव्वेणं तेएणं दिव्वाए लेसाए दस दिसाओ उज्जोवेमाणा पभासेमाणा गइकल्लाणा ठिइकल्लाणा आगमेसिभद्दया यावि भवन्ति एस ठाणे आरिए जाव सव्वदुक्खप्पहीणमग्गे एगन्तसम्मे साहू, दोच्चस्स ठाणस्स धम्मपक्खस्स विभङ्गे एवमाहिए."
2250,
2251,"अहावरे तच्चस्स ठाणस्स मीसगस्स विभङ्गे एवमाहिज्जइ- इह खलु पाईणं वा पडीणं वा उदीणं वा दाहिणं वा सन्तेगइया मनुस्सा भवन्ति तं जहा — अप्पिच्छा अप्पारम्भा अप्पपरिग्गहा धम्मिया धम्मानुया धम्मेण चेव वित्तिं कप्पेमाणा विहरन्ति सुसीला सुव्वया सुप्पडियानन्दा सुसाहू एगच्चाओ पाणाइवायाओ पडिविरया जावज्जीवाए एगच्चाओ अप्पडिविरया जाव जे यावण्णे तहप्पगारा सावज्जा अबोहिया कम्मन्ता परपाणपरितावणकरा कज्जन्ति तओ वि एगच्चाओ पडिविरया जावज्जीवाए एगच्चाओ अप्पडिविरया,..."
2252,
2253,"से जहानामए समणोवासगा भवन्ति- अभिगयजीवाजीवा उवलद्ध-पुन्न-पावा-आसव-संवर-वेयण-निज्जर-किरिय अहिगरण-बन्धमोक्ख कुसला असहेज्जा देवासुर-नाग-सुवण्ण-जक्ख-रक्खस-किन्नर-किम्पुरिस-गरुल-गन्धव्व-महोरगाइएहिं देवगणेहिं निग्गन्थाओ पावयणाओ अनतिक्कमणिज्जा इणमेव निग्गन्थिए पावयणे निस्सङ्किया निक्कङ्खिया निव्वतिगिच्छा लद्धट्ठा गहियट्ठा पुच्छियट्ठा विनिच्छियट्ठा अभिगयट्ठा अट्ठिमिञ्ज-पेम्मानुरागरत्ता अयमाउसो! निग्गन्थे-पावयणे अट्ठं अयं परमटट्ठं सेसे अणट्ठे, ऊसियफलिहा अवङ्गुयदुवारा अचियत्तन्तेउर परघरदारप्पवेसा चाउद्दसट्ठमुद्दिट्ठपुण्णिमासिणीसु पडिपुण्णं पोसहं सम्मं अनुपालेमाणा समणे निग्गन्थे फासुएसणिज्जेणं असन-पान-खाइम-साइमेणं वत्थं-पडिग्गह-कम्बल-पाय-पुञ्छणेणं ओसह-भेसज्जेणं पीढ-फलग-सेज्जासन्थारएणं पडिलाभेमाणा बहुहिं सीलव्वय-गुण-वेरमण-पच्चक्खाण-पोसहोववासेहिं अहापरिग्गहिएहिं तवो-कम्मेहिं अप्पाणं भावेमाणा विहरन्ति."
2254,
2255,ते णं एयारूवेणं विहारेणं विहरमाणा बहूइं वासाइ समणोवासगपरियागं पाउणन्ति पाउणित्ता आबाहंसि उप्पन्नंसि वा अनुप्पन्नंसि वा बहूइं भत्ताइं पच्चक्खायन्ति पच्चक्खाएत्ता बहूइं भत्ताइं अनसणाए छेदेन्ति छेदित्ता आलोइय पडिक्कन्ता समाहिपत्ता कालमासे कालं किच्चा अन्नयरेसु देवलोएसु देवत्ताए उववत्तारो भवन्ति तं जहा —
2256,
2257,"महड्ढिएसु महज्जुइएसु जाव महासोक्खेसु सेसं तहेव जाव एस ठाणे आयरिए जाव एगन्तसम्मे साहू, तच्चस्स ठाणस्स मीसगस्स विभङ्गे एवमाहिए. अविरइं पडुच्च बाले आहिज्जइ, विरइं पडुच्च पण्डिए आहिज्जइ, विरयाविरइं पडुच्च बालपण्डिए आहिज्जइ, तत्थ णं जा सा सव्वओ अविरई एसट्ठाणे आरम्भट्ठाणे अनारिए जाव असव्वदुक्खप्पहीणमग्गे एगन्तमिच्छे असाहू, तत्थ णं जा सा विरई एस ट्ठाणे अनारम्भट्ठाणे आरिए जाव सव्वदुक्खप्पहीणमग्गे एगन्तस्समे साहू, तत्थ णं जा सा सव्वओ विरयाविरई एस ठाणे आरम्भणोआरम्भट्ठाणे एस ट्ठाणे आरिए जाव सव्वदुक्खप्पहीणमग्गे एगन्तसम्मे साहू."
2258,
2259,"एवामेव समनुगम्ममाणा इमेहिं चेव दोहिं ठाणेहिं समोयरन्ति, तं जहा — धम्मे चेव अधम्मे चेव, उवसन्ते चेव अनुवसन्ते चेव, तत्थ णं जे से पढमट्ठाणस्स अधम्मपक्खस्स विभङ्गे एवमाहिए तत्थ णं इमाइं तिन्नि तेवट्ठाइं पावादुयसयाइं भवन्तीति मक्खायाइं जहा — किरियावाईणं अकिरियावाईणं अन्नाणियवाईणं वेणइयवाईणं, ते'वि निव्वाणमाहंसु ते'वि पलिमोक्खमाहंसु ते'वि लवन्ति सावगा! ते'वि लवन्ति सावइत्तारो."
2260,
2261,"ते सव्वे पावादुया आइगरा धम्माणं नानापण्णा नानाछन्दा नानासीला नानादिट्ठी नानारूई नानारम्भा नानाज्झवसाणसञ्जुत्ता एगं महं मण्डलिबन्धं किच्चा सव्वे एगओ चिट्ठन्ति. पुरिसे य सागणियाणं इङ्गालाणं पाइं बहुपडिपुण्णं अओमएणं सण्डासएणं गहाय ते सव्वे पावादुए आइगरे धम्माणं नानापण्णे नानाज्झवसाणसञ्जुत्ते! एवं वयासी — हम्भो पावादुया! आइगरा धम्माणं नानापण्णा जाव नानाज्झवसाणसञ्जुत्ता! इमं ताव तुब्भे सागणियाणं इङ्गालाणं पाइं बहुपडिपुण्णं गहाय मुहुतगं- मुहुत्तगं पाणिणा घरेह, नो बहु सण्डासगं संसारियं कुज्जा नो बहु अग्गिथम्भणियं कुज्जा नो बहु साहम्मियवेयावडियं कुज्जा नो बहु परमधम्मियवेयावडियं कुज्जा उज्जुया नियागपडिवन्ना अमायं कुव्वमाणा पाणिं पसारेहि, इति वुच्चा से पुरिसे तेसिं पावादुयाण तं सागणियाणं इङ्गालाणं पाइं बहुपडिपुन्नं अओमएणं सण्डासएणं गहाय पाणिंसु निसिरति,. "
2262,
2263,"तए णं ते पावादुया आइगरा धम्माणं नानापण्णा जाव नानाज्झवसाणसञ्जुत्ता पाणिं पडिसाहरन्ति, तए णं से पुरिसे ते सव्वे पावादुए आइगरे धम्माणं नानापण्णे जाव नानाज्झवसाणसञ्जुत्ता! एवं वयासी — हम्भो पावादुया! आइगरा धम्माणं नानापण्णा जाव नाणाज्झवसाणसञ्जुत्ता! कम्हा णं तुब्भे पाणिं पडिसाहरह? पाणीं नो डज्झेज्जा, दड्ढे किं भविस्सइ? दुक्खं, दुक्खन्ति मन्नमाणा पडिसाहरह? एस तुला एस पमाणे एस समोसरणे पत्तेयं तुला पत्तेयं पमाणे पत्तेयं समोसरणे, तत्थ णं जे ते समणा माहणा एवमाइक्खन्ति जाव एवं परूवेति —"
2264,
2265,"सव्वे पाणा जाव सव्वे सत्ता हन्तव्वा अज्जावेयव्वा परिधेतव्वा परितावेयव्वा किलामेयव्वा उद्दवेयव्वा, ते आगन्तु छेयाए ते आगन्तु भेयाए ते आगन्तु जाइ-जरा-मरण-जोणि जम्मण-संसार-पुनब्भव-गब्भवास-भवपवञ्च-कलङ्कलीभागिणो भविस्सन्ति, ते बहूणं दण्डणाणं बहूणं मुण्डणाणं बहूणं तज्जणाणं बहूणं तालणाणं बहूणं अन्दुबन्धणाणं बहूणं घोलणाणं बहूणं माइमरणाणं बहूणं पिइमरणाणं बहूणं भाइमरणाणं बहूणं भगिनीमरणाणं बहूणं भज्जापुत्त-धूत-सुण्हा-मरणाणं बहूणं दारिद्दाणं दोहग्गाणं बहूणं अप्पियसंवासाणं बहूणं पियविप्पओगाणं बहूणं दुक्ख-दोमणस्साणं आभागिणो भविस्सन्ति अनादियं च णं अणवयग्गं दीहमद्धं चाउरन्त-संसार-कन्तारं भुज्जो-भुज्जो अनुपरियट्टिस्सन्ति, ते नो सिज्झिस्सन्ति नो बुज्झिसन्ति जाव नो सव्वदुक्खाणमन्तं करिस्सन्ति, एस तुला एस पमाणे एस समोसरणे पत्तेयं तुला पत्तेयं पमाणे पत्तेयं समोसरणे,..."
2266,
2267,"तत्थ णं जे ते समणमाहणा एवमाइक्खन्ति जाव परुवेन्ति- सव्वे पाणा सव्वे भूया सव्वे जीवा सव्वे सत्ता न हन्तव्वा न अज्जावेयव्वा न परिधेतव्वा न परितावेयव्वा न किलामेयव्वा न उद्दवेयव्वा ते नो आगन्तु छेयाए ते नो आगन्तु भेयाए ते नो आगन्तु जाइ-जरा-मरण-जोणि-जम्मण-संसार-पुनब्भव-गब्भवास-भवपवञ्च-कलङ्कलीभागिणो भविस्सन्ति, ते नो बहूणं दण्डणाणं नो बहूणं मुण्डणाणं जाव नो बहूणं दुक्ख-दोमणस्साणं नो भागिणो भविस्सन्ति, अनाइयं च णं अनवयग्गं दीहमद्दं चाउरन्त-संसार-कन्तारं भुज्जो-भुज्जो नो अनुपरियट्टिस्सन्ति ते सिज्झिस्सन्ति जाव सव्वदुक्खाणं अन्तं करिस्सन्ति."
2268,
2269,"इच्चेतेहिं बारसहिं किरयाठाणेहिं वट्टमाणा जीवा नो सिज्झिंसु नो बुज्झिंसु नो मुच्चिंसु नो परिनिव्वाइंसु नो सव्वदुक्खाणं अन्तं करेसुं वा नो करेन्ति वा नो करिस्सन्ति वा, एयंसि चेव तेरसमे किरियाठाणे वट्टमाणा जीवा सिज्झिंसु बुज्झिंसु मुच्चिसुं परिनिव्वाइंसु सव्वदुक्खाणं अन्तं करेसुं वा करेन्ति वा करिस्सन्ति वा. एवं से भिक्खू आयट्ठी आयहिए आयगुत्ते आयजोगी आयपरक्कमे आयरक्खिए आयानुकम्पए आयनिप्फेडए आयाणमेव पडिसाहरेज्जासि."
2270,
2271,त्ति बेमि. 
2272,
2273,[आहारपरिण्णा]
2274,
2275,"सुयं मे आउसं! तेणं भगवया एवमक्खायं- इह खलु आहारपरिण्णा नामज्झयणे, तस्स णं अयमट्ठे, इह खलु पाईणं वा पडीणं वा उदीणं वा दाहिणं वा सव्वओ सव्वावन्ति च णं लोगंसि चत्तारि बीयकाया एवमाहिज्जन्ति, तं जहा —"
2276,
2277,"अग्गबीया मूलबीया पोरबीया खन्धबीया, तेसिं च णं अहाबीएणं अहावगासेणं इहेगइया सत्ता पुढविजोणिया पुठविसम्भवा पुढविवुक्कमा तज्जोणिया तस्सम्भवा तदुवक्कमा कम्मोवगा कम्मनियाणेणं तत्थवुक्कमा नानाविह-जोणियासु पुढवीसु रूक्खत्ताए विउट्टन्ति,..."
2278,
2279,"ते जीवा तासिं नानाविहजोणियाणं पुढवीणं सिनेहमाहारेन्ति, ते जीवा आहारेन्ति पुढविसरीरं आउसरीरं तेउसरीरं वाउसरीरं वणस्सइसरीरं, नानाविहाणं तसथावराणं पाणाणं सरीरं अचित्तं कुव्वन्ति परिविद्धत्थं तं सरीरं पुव्वाहारियं तयाहारियं विपरिणयं सारूवियकडं सन्तं,. "
2280,
2281,अवरे वि य णं तेसिं पुढविजोणियाणं रूक्खाणं सरीरा नानावण्णा नानागन्धा नानारसा नाना फासा नाना-सण्ठाणसण्ठिया नानाविहसरीरपोग्गलविउव्विया ते जीवा कम्मोववण्णगा भवन्ति त्ति मक्खायं. 
2282,
2283,"अहावरं पुरक्खायं- इहेगइया सत्ता रुक्खजोणिया रुक्खसम्भवा रुक्खवुक्कमा तज्जोणिया तस्सम्भवा तदुवक्कमा कम्मोवगा कम्मनियाणेणं तत्थवुक्कमा पुढविजोणिएहिं रुक्खेहिं रुक्खत्ताए विउट्टन्ति, ते जीवा तेसिं पुढविजोणियाणं रुक्खाणं सिनेहमाहारेन्ति,. "
2284,
2285,"ते जीवा आहारेन्ति पुढविसरीरं आउसरीरं तेउसरीरं वाउसरीरं वणस्सइसरीरं परिविद्धत्थं तं सरीरं पुव्वाहारियं तयाहारियं विपरिणयं सारूविकडं सन्तं,. "
2286,
2287,अवरे वि य णं तेसिं रुक्खजोणियाणं रुक्खाणं सरीरा नानावण्णा नानागन्धा नानारसा नानाफासा नानासण्ठाणसण्ठिया नानाविहसरीरपोग्गलविउव्विया ते जीवा कम्मोववन्नगा भवन्ति त्ति मक्खायं. 
2288,
2289,"अहावर पुरक्खायं- इहेगइया सत्ता रुक्खजोणिया रुक्खसम्भवा रुक्खवुक्कमा तज्जोणिया तस्सम्भवा तदुवक्कमा कम्मोवगा कम्मनियाणेणं तत्थवुक्कमा रुक्खजोणिएसु रुक्खत्ताए विउट्टन्ति, ते जीवा तेसिं रुक्खजोणियाणं रुक्खाणं सिनेहमाहारेन्ति,. "
2290,
2291,"ते जीवा आहारेन्ति पुढविसरीरं आउसरीरं तेउसरीरं वाउसरीरं वणस्सइसरीरं तसथावराणं पाणाणं सरीरं अचित्तं कुव्वन्ति परिविद्धत्थं तं सरीरं पुव्वाहारियं तयाहारियं विपरिणामियं सारूविकडं सन्तं,. "
2292,
2293,अवरे वि य णं तेसिं रुक्खजोणियाण रुक्खाणं सरीरा नानावण्णा नानागन्धा नानारसा नानाफासा नानासण्ठाण-सण्ठिया नानाविह-सरीरपोग्गलविउव्विया ते जीवा कम्मोववन्नगा भवन्ति त्ति मक्खायं.
2294,
2295,"अहावरं पुरक्खायं- इहेगइया सत्ता रुक्खजोणिया रुक्खसम्भवा रुक्खवुक्कमा तज्जोणिया तस्सम्भवा तदुवक्कमा कम्मोवगा कम्मनियाणेणं तत्थवुक्कमा रुक्खजोणिएसु रुक्खेसु मूलत्ताए कन्दत्ताए खन्धत्ताए तयत्ताए सालत्ताए पवालत्ताए पत्तत्ताए पुप्फत्ताए फलत्ताए बीयत्ताए विउट्टन्ति, ते जीवा तेसिं रुक्खजोणियाणं रुक्खाणं सिनेहमाहारेन्ति."
2296,
2297,ते जीवा आहारेतिं पुढविसरीरं आउसरीरं तेउसरीरं वाउसरीरं वणस्सइसरीरं नानाविहाणं तसथावराणं पाणाणं सरीरं अचित्तं कुव्वन्ति परिविद्धत्थं तं सरीरगं जाव सारूविकडं सन्तं.
2298,
2299,अवरे वि य णं तेसिं रुक्खजोणियाणं मूलाणं कन्दाणं खन्धाणं तयाणं सालाणं पवालाणं जाव बीयाणं सरीरा नानावण्णा नानागन्धा जाव नानाविहसरीरपोग्गलविउव्विया ते जीवा कम्मोववन्नगा भवन्ति त्ति मक्खायं.
2300,
2301,"अहावरं पुरक्खायं-इहेगइया सत्ता रुक्खजोणिया रुक्खसम्भवा रुक्खवुक्कमा तज्जोणिया तस्सम्भवा तदुवक्कमा कम्मोववन्नगा कम्मनियाणेणं तत्थवुक्कमा रुक्खजोणिएहिं रुक्खेहिं अज्झारोहत्ताए विउट्टन्ति, ते जीवा तेसिं रुक्खजोणियाणं रुक्खाणं सिनेहमाहारेन्ति —"
2302,
2303,"ते जीवा आहारेतिं पुढविसरीरं जाव सारूविकडं सन्तं, अवरे वि य णं तेसिं रुक्ख-जोणियाणं अज्झारोहाणं सरीरा नानावण्णा जाव मक्खायं."
2304,
2305,"अहावरं पुरक्खायं- इहेगइया सत्ता अज्झारोहजोणिया अज्झारोहसम्भवा जाव कम्मनियाणेणं तत्थवुक्कमा रुक्खजोणिएसु अज्झारोहेसु अज्झारोहत्ताए विउट्टन्ति, ते जीवा तेसिं रुक्खजोणियाणं अज्झारोहाणं सिनेहमाहारेन्ति —"
2306,
2307,"ते जीवा आहारेन्ति पुढविसरीरं जाव सारूविकडं सन्तं, अवरे वि य णं तेसिं अज्झारोहजोणियाणं अज्झारोहाणं सरीरा नानावण्णा जाव त्ति मक्खायं."
2308,
2309,"अहावरं पुरक्खायं - इहेगतिया सत्ता अज्झारोहजोणिया अज्झारोहसम्भवा जाव कम्मनियाणेणं तत्थवुक्कमा अज्झारोहजोणिएसु अज्झारोहेसु अज्झारोहत्ताए विउट्टन्ति, ते जीवा तेसिं अज्झारोह-जोणियाणं अज्झारोहाणं सिनेहमाहारेतिं —"
2310,
2311,"ते जीवा आहारेन्ति पुढविसरीरं आउसरीरं जाव सारूविकडं सन्तं, अवरे'वि य णं तेसिं अज्झारोहजोणियाणं अज्झारोहाणं सरीरा नानावण्णा जाव मक्खायं."
2312,
2313,"अहावरं पुरक्खायं-इहेगइया सत्ता अज्झारोहजोणिया अज्झारोहसम्भवा जाव कम्मनियाणेणं तत्थवुक्कमा अज्झारोहजोणिएसु अज्झारोहेसु मूलत्ताए जाव बीयत्ताए विउट्टन्ति,. "
2314,
2315,ते जीवा तेसिं अज्झारोहजोणियाणं अज्झारोहाणं सिनेहमाहारेन्ति जाव अवरे'वि य णं तेसिं अज्झारोहजोणियाणं मूलाणं जाव बीयाणं सरीरा नानावण्णा जाव मक्खायं.
2316,
2317,"अहावरं पुरक्खायं- इहेगइया सत्ता पुढविजोणिया पुढविसम्भवा पुढविवक्कमा जाव नानाविहजोणियासु पुढवीसु तणत्ताए विउट्टन्ति, ते जीवा तेसिं नानाविहजोणियाणं पुढवीणं सिनेहमाहारेन्ति जाव ते जीवा कम्मोववन्नगा भवन्ति त्ति मक्खायं."
2318,
2319,"एवं पुढविजोणिएसु तणेसु तणत्ताए विउट्टन्ति, जाव मक्खायं."
2320,
2321,"एवं तणजोणिएसु तणेसु तणत्ताए विउट्टन्ति, तणजोणियं तणसरीरं च आहारेन्ति जाव एवमक्खायं."
2322,
2323,एवं ओसहीणवि चत्तारि आलावगा.
2324,
2325,एवं हरियाणवि चत्तारि आलावगा.
2326,
2327,अहावरं पुरक्खायं- इहेगइया सत्ता पुढविजोणिया पुढविसम्भवा जाव कम्मनियाणेणं तत्थवुक्कमा नानाविहजोणियासु पुढवीसु आयत्ताए वायत्ताए कायत्ताए कुहणत्ताए कुन्दकत्ताए उव्वेहनियत्ताए. 
2328,
2329,"निव्वेहनियत्ताए सछत्ताए छत्तगत्ताए वासानियत्ताए कूरत्ताए विउट्टन्ति, ते जीवा तासिं नानाविहजोणियाणं पुढवीणं सिनेहमाहारेन्ति-. "
2330,
2331,"ते जीवा आहारेन्ति पुढविसरीरं जाव सन्तं, अवरे'वि य णं तेसिं पुढविजोणियाणं आयत्ताणं जाव कूराणं सरीरा नानावण्णा जाव मक्खायं, एक्को चेव आलावगो जहा पुढविजोणियाणं रुक्खाणं चत्तारि गमा, अज्झारुहाण वि तहेव, तणाणं ओसहीणं हरियाणं चत्तारि आलावगा, भाणियव्वा एक्केक्के."
2332,
2333,"अहावरे पुरक्खायं इहेगतिया सत्ता उदगजोणिया उदगसम्भवा जाव कम्मनियाणेणं तत्थवुक्कमा नानाविहजोणइएसु उदएसु उदगत्ताए अवगत्ताए पनगत्ताए सेवालत्ताए कलम्बुगत्ताए हडताए कसेरुगत्ताए कच्छभाणियत्ताए उप्पलत्ताए पउमत्ताए कुमुयत्ताए नलिनत्ताए सुभगत्ताए सोगन्धियत्ताए पोण्डरीयमहापोण्डरीयत्ताए सयपत्तताए सहस्सपत्तताए एवं कल्हारकोङ्कणयत्ताए अरविन्दत्ताए नामरसत्ताए भिसभिसमुणालपुक्खलत्ताए पुक्खलच्छिमगत्ताए विउट्टन्ति,. "
2334,
2335,"ते जीवा तेसिं नानाविहजोणियाणं उदगाणं सिनेहमाहारेन्ति, ते जीवा आहारेन्ति पुढवीसरीरं जाव सन्तं, अवरे'वि य णं तेसिं उदग जोणियाणं उदगाणं जाव पुक्खलच्छिभगाणं सरीरा नानावण्णा जाव मक्खायं, एगो चेव आलावगो. सेसा तिन्नी नत्थि."
2336,
2337,"अहावरं पुरक्खायं- इहेगइया सत्ता उदगजोणिया उदगसम्भवा जाव कम्मनियाणेणं तत्थ- वुक्कमा नानाविहजोणिएसु उदएसु रुक्खत्ताए विउट्टन्ति, ते जीवा तेसिं नानाविहजोणियाणं उदगाणं सिनेहमाहारेन्ति- ते जीवा आहारेन्ति पुढविसरीरं जाव सन्तं, अवरे'वि य णं तेसिं उदगजोणियाणं रुक्खाणं सरीरा नानावण्णा जाव मक्खायं."
2338,
2339,"अहावरं पुरक्खायं इहेगतिया सत्ता तेसिं चेव पुढवीजोणिएहिं रुक्खेहिं रुक्खजोणिएहिं रुक्खेहिं रुक्खजोणिएहिं मूलेहिं जाव बीएहिं रुक्खजोणिएहिं अज्झारोहेहिं अज्झारोहजोणइएहिं अज्झारुहेहिं अज्झारोहजोणिएहिं मूलेहिं जाव बीएहिं, पुढवीजोणिएहिं तणेहिं तणजोणिएहिं मूलेहिं जाव बीएहिं, पुढवी जोणिएहिं तणेहिं तणजोणिएहिं मूलेहिं जाव बीएहिं एवं ओसहीहिवि तिन्नि आलावगा. एवं हरिएहिवि तिन्नि आलावगा."
2340,
2341,"पुढवीजोणिएहि वि आएहिं काएहिं जाव कूरेहिं उदगजोणिएहिं रुक्खेहिं रुक्खजोणइएहिं रुक्खेहिं रुक्खजोणिएहिं मूलेहिं जाव बीएहिं एवं अज्झारुहेहिंवि तिन्नि तणेहिम्पि तिन्नि आलावगा, ओसहीहिम्पि तिन्नि, हरिएहिम्पि तिन्नि, उदगजोणिएहिं उदएहिं अवएहिं जाव पुक्खलच्छिभएहिं तसपाणत्ताए विउट्टन्ति|. "
2342,
2343,ते जीवा तेसिं पुढवीजोणियाणं उदगजोणियाणं रुक्खजोणियाणं अज्झारोहजोणियाणं तणजोणियाणं ओसहीजोणियाणं हरियजोणियाणं रुक्खाणं अज्झारुहाणं तणाणं ओसहीणं हरियाणं मूलाणं जाव बीयाणं आयाणं कायाणं जाव कुरवाणं उदगाणं अवगाणं जाव पुक्खलच्छिभगाणं सिनेहमाहारेन्ति.
2344,
2345,"ते जीवा आहारेन्ति पुढवीसरीरं जाव सन्तं, अवरे'वि य णं तेसिं रुक्खजोणियाणं अज्झारोहजोणियाणं तणजोणियाणं ओसहिजोणियाणं हरियजोणियाणं मूलजोणियाणं कन्दजोणियाणं जाव बीयजोणियाणं आयजोणियाणं कायजोणियाणं जाव कूरजोणियाणं उदगजोणियाणं अवगजोणियाणं जाव पुक्खलच्छिभगजोणियाणं तसपाणाणं सरीरा नानावण्णा जाव मक्खायं."
2346,
2347,"अहावरं पुरक्खायं नानाविहाणं मनुस्साणं तं जहा — कम्मभूमगाणं अकम्मभूमगाणं अन्तरदीवगाणं आरियाणं मिलक्खूणं तेसिं च णं अहाबीएणं अहावगासेणं इत्थीए पुरिसस्स य कम्मकडाए जोणिए एत्थ णं मेहुणवत्तियाए नामं सञ्जोगे समुप्पज्जइ ते दुहओ वि सिनेहं सञ्चिणन्ति, तत्थ णं जीवा इत्थित्ताए पुरिसत्ताए नपुंसगत्ताए विउट्टन्ति,. "
2348,
2349,"ते जीवा माउओयं पिउसुक्कं तदुभय-संसट्ठं कलुसं किब्बिसं तप्पढमयाए आहारमाहारेन्ति, तओ पच्छा जं से माया नानाविहाओ रसविहीओ आहारमाहारेन्ति तओ एगदेसेणं ओयमाहारेन्ति आनुपुव्वेणं वुड्ढा पलिपागमणुपवण्णा तओ कायाओ अभिनिवट्टमाणा इत्थिं वेगया जनयन्ति पुरिसं वेगया जनयन्ति नपुंसगं वेगया जनयन्ति. "
2350,
2351,"ते जीवा डहरा समाणा माउक्खीरं सप्पिं आहारेन्ति आनुपुव्वेणं वुड्ढा ओयणं कुम्मासं तसथावरे य पाणे, ते जीवा आहारेन्ति पुढविसरीरं जाव सारुविकडं सन्तं, अवरे'वि य णं तेसिं नानाविहाणं मनुस्सागाणं कम्मभूमगाणं अकम्मभूमगाणं अन्तरद्दीवगाणं आरियाणं मिलक्खूणं सरीरा नानावण्णा जाव भवन्ति त्ति मक्खायं."
2352,
2353,"अहावरं पुरक्खायं नानाविहाणं जलचराणं पञ्चिदिय तिरिक्खजोणियाणं तं जहा — मच्छाणं जाव सुंसुमाराणं तेसिं च णं अहाबीएणं अहावगासेणं इत्थीए पुरिसस्स य कम्म कडाए तहेव जाव एगदेसेणं ओयमाहारेन्ति आनुपुव्वेणं वुड्ढा पलिपागमनुपवण्णा तओ कायाओ अभिनिवट्टमाणा अण्डं वेगया जनयन्ति पोयं वेगया जनयन्ति, से अण्डे उब्भिज्जमाणे इत्थिं वेगया जनयन्ति पुरिसं वेगया जनयन्ति नपुंसगं वेगया जनयन्ति, ते जीवा डहरा समाणा आउसिणेहमाहारेन्ति अनुपुव्वेणं वुड्ढा वणस्सइकायं तसथावरे य पाणे, ते जीवा आहारेन्ति पुढविसरीरं जाव सन्तं, अवरे'वि य णं तेसिं नानाविहाणं जलचरपञ्चिदिय-तिरिक्खजोणियाणं मच्छाणं जाव सुंसुमाराणं सरीरा नानावण्णा जाव मक्खायं. "
2354,
2355,"अहावरं पुरक्खायं- नानाविहाणं चउप्पयथलयर पञ्चिदिय तिरिक्खजोणियाणं, तं जहा — एगखुराणं दुखुराणं गण्डीपदाणं सणप्फयाणं, तेसिं च णं अहाबीएणं अहावगासेणं इत्थीए पुरिसस्स य कम्म जाव मेहुणवत्तिए नामं सञ्जोगे समुप्पज्जइ, ते दुहओ वि सिनेहं सञ्चिणन्ति, तत्थ णं जीवा इत्थित्ताए पुरिसत्ताए नपुंसगत्ताए जाव विउट्टन्ति ते जीवा माओउयं पिउसुक्कं एवं जहा मणुस्साणं इत्थिं वेगया जनयन्ति पुरिसं वेगया जनयन्ति नपुंसगं वेगया जनयन्ति, ते जीवा डहरा समाणा माउक्खीरं सप्पिं आहारेन्ति आनुपुव्वेणं वुड्ढा वणस्सइकायं तसथावरे य पाणे, ते जीवा आहारेन्ति पुढविसरीरं जाव सन्तं, अवरे वि य णं तेसिं नानाविहाणं चउप्पयथलचर पञ्चिदियतिरिक्खजोणियाणं एगखुराणं दुखुराणं गण्डीपदाणं सणप्फयाणं सरीरा नानावण्णा जाव मक्खायं."
2356,
2357,"अहावरं पुरक्खायं नानाविहाणं उरपरिसप्प थलयर पञ्चिन्दियतिरिक्खजोणियाणं, तं जहा अहीणं अयगराणं आसालियाणं महोरगाणं, तेसिं च णं अहाबीएणं अहावगासेणं इत्थीए पुरिसस्स जाव एत्थ णं मेहुणवत्तियाए० एवं तं चेव, नाणत्तं अण्डं वेगया जनयन्ति पोयं वेगया जनयन्ति, से अण्डे उब्भिज्जमाणे इत्थिं वेगया जनयन्ति पुरिसं वेगया जनयन्ति नपुंसगं वेगया जनयन्ति, ते जीवा डहरा समाणा वाउकायमाहारेन्ति आनुपुव्वेणं वुड्ढा वणस्सइकायं तसथावरे य पाणे, ते जीवा आहारेन्ति पुढविसरीरं जाव सन्तं, अवरे वि य णं तेसिं नानाविहाणं उरपरिसप्प थलचर पञ्चिदियतिरिक्खजोणियाणं अहीणं जाव महोरगाणं सरीरा नानावण्णा नानागन्धा जाव मक्खायं."
2358,
2359,"अहावरं पुरक्खायं नानाविहाणं भुयपरिसप्प थलचरपञ्चिदिय तिरिक्खजोणियाणं तं जहा गोहाणं नउलाणं सीहाणं सरडाणं सल्लाणं सरवाणं खराणं घरकोइलियाणं विस्सम्भराणं मूसगाणं मङ्गुसाणं पयलाइयाणं बिरालियाणं जोहाणं चाउप्पाइयाणं, तेसिं च णं अहाबीएणं अहावगासेणं इत्थीए पुरिसस्स य जहा उरपरिसप्पाणं तहा भाणियव्वं, जाव सारूविकडं सन्तं, अवरे'वि य णं तेसिं नानाविहाणं भुयपरिसप्प थलचर पञ्चिदिय तिरिक्खजोणियाणं तं जहा — गोहाणं जाव मक्खायं."
2360,
2361,"अहावरं पुरक्खायं नानाविहाणं खहचर पञ्चिदिय तिरिक्खजोणियाणं तं जहा — चम्मपक्खीणं लोमपक्खीणं समुग्गपक्खीणं विततपक्खीणं तेसिं च णं अहाबीएणं अहावगासेणं इत्थीए जहा उरपरिसप्पाणं, नाणत्तं ते जीवा डहरा समाणा माउगात्तसिणेहमाहारेन्ति आनुपुव्वेणं वुड्ढा वणस्सतिकायं तसथावरे य पाणे, ते जीवा आहारेन्ति पुढविसरीरं जाव सन्तं, अवरे'वि य णं तेसिं नानाविहाणं खहचर पञ्चिदिय तिरिक्खजोणियाणं चम्मपक्खीणं जाव मक्खायं."
2362,
2363,"अहावरं पुरक्खायं- इहेगइया सत्ता नानाविहजोणिया नानाविहसम्भवा नानाविहवुक्कमा तज्जोणिया तस्सम्भवा तदुवक्कमा कम्मोवगा कम्मनियाणेणं तत्थवुक्कमा नानाविहाणं तसथावराणं पोग्गलाणं सरीरेसु वा सचित्तेसु वा अचित्तेसु वा अनुसूयत्ताए विउट्टन्ति,. "
2364,
2365,"ते जीवा तेसिं नानाविहाणं तसथावराणं पाणाणं सिनेहमाहारेन्ति, ते जीवा आहारेन्ति पुढविसरीरं जाव सन्तं, अवरे' वि य णं तेसिं तसथावरजोणियाणं अनुसूयगाणं सरीरा नानावण्णा जाव मक्खायं. एवं दुरूवसम्भवत्ताए. एवं खुरदुगत्ताए."
2366,
2367,"अहावरं पुरक्खायं- इहेगइया सत्ता नानाविहजोणिया जाव कम्मनियाणेणं तत्थवुक्कमा नानाविहाणं तसथावराणं पाणाणं सरीरेसु सचित्तेसु वा अचित्तेसु वा तं सरीरगं वायसंसिद्धं वा वायसङ्गहियं वा वायपरिग्गहियं उड्ढंवाएसु उड्ढम्भागी भवइ अहोवाएसु अहेभागी भवइ तिरियवाएसु तिरियभागी भवइ, तं जहा —"
2368,
2369,"ओसा हिमए महिया करए हरतणुए सुद्धोदए, ते जीवा तेसिं नानाविहाणं तसथावराणं पाणाणं सिनेहमाहारेन्ति, ते जीवा आहारेन्ति पुढविसरीरं जाव सन्तं, अवरे'वि य णं तेसिं तसथावरजोणियाणं ओसाणं जाव सुद्धोदगाणं सरीरा नानावण्णा जाव मक्खायं."
2370,
2371,"अहावरं पुरक्खायं- इहेगइया सत्ता उदगजोणिया उदगंसम्भवा जाव कम्मनियाणेणं तत्थवुक्कमा तसथावरजोणिएसु उदएसु उदगत्ताए विउट्टन्ति, ते जीवा तेसिं तसथावरजोणियाणं उदगाणं सिनेहमाहारेन्ति, ते जीवा आहारेन्ति पुढविसरीरं जाव सन्तं, अवरे'वि य णं तेसिं उदगजोणियाणं उदगाणं सरीरा नानावण्णा जाव मक्खायं."
2372,
2373,"अहावरं पुरक्खायं- इहेगइया सत्ता उदगजोणिया जाव कम्मनियाणेणं तत्थवुक्कमा उदगजोणिएसु उदएसु तसपाणत्ताए विउट्टन्ति, ते जीवा तेसिं उदगजोणियाणं उदगाणं सिनेहमाहारेन्ति, ते जीवा आहारेन्ति पुढविसरीरं जाव सन्तं, अवरे'वि य णं तेसिं उदगजोणियाणं तसपाणाणं सरीरा नानावण्णा जाव मक्खायं."
2374,
2375,"अहावरं पुरक्खायं इहेगइया सत्ता नानाविहजोणिया जाव कम्मनियाणेणं तत्थवुक्कमा नानाविहाणं तसथावराणं पाणाणं सरीरेसु सचित्तेसु वा अचित्तेसु वा अगनिकायत्ताए विउट्टन्ति, ते जीवा तेसिं नाना विहाणं तसथावराणं पाणाणं सिणेहमाहारेन्ति, ते जीवा आहारेन्ति पुढविसरीर जाव सन्तं अवरे'विय णं तेसिं उदगजोणियाणं तसपाणाणं सरीरा नानावण्णा जाव मक्खायं."
2376,
2377,"अहावरं पुरक्खायं-इहेगइया सत्ता नानाविहजोणिया जाव कम्मनियाणेणं तत्थवुक्कमा नानाविहाणं तसथावराणं पाणाणं सरीरेसु सचित्तेसु वा अचित्तेसु वा अगनिकायत्ताए विउट्टन्ति, ते जीवा तेसिं नानाविहाणं तसथावराणं पाणाणं सिनेहमाहारेन्ति, ते जीवा आहारेन्ति पुढविसरीरं जाव सन्तं, अवरे'वि य णं तेसिं तसथावरजोणियाणं अगणीणं सरीरा नानावण्णा जाव मक्खायं, सेसा तिन्नि आलावगा जहा उदगाणं."
2378,
2379,"अहावरं पुरक्खायं इहेगतिया सत्ता नानाविहजोणियाणं जाव कम्मनियाणेणं तत्थवुक्कमा नानाविहाणं तसथावराणं पाणाणं सरीरेसु सचित्तेसु वा अचित्तेसु वा वाउक्कायत्ताए विउट्टन्ति, जहा अगनीणं तहा भाणियव्वा चत्तारि गमा."
2380,
2381,"अहावरं पुरक्खायं इहेगतिया सत्ता नानाविहजोणिया जाव कम्मनियाणेणं तत्थवुक्कमा नानाविहाणं तसथावराणं पाणाणं सरीरेसु सचित्तेसु वा अचित्तेसु वा पुढवीत्ताए सक्करत्ताए वालुयत्ताए, इमाओ गाहाओ अनुगन्तव्वाओ."
2382,
2383,"पुढवी य सक्करा वालुया य, उवले सिला य लोणूसे"
2384,अय तउय तम्ब सीसग रुप्प सुवण्णे य वइरे य // शूय.६९४
2385,
2386,हरियाले हिङ्गुलुंए मनोसिला सासगञ्जनपवाले
2387,"अब्भपडलब्भवालुय, बायरकाए मणिविहाणा // शूय.६९५"
2388,
2389,"गोमेज्जए य रुयए, अङ्के फलिहे य लोहियक्खे य"
2390,"मरगय मसारगल्ले, भुयमोयग इदंनीले य // शूय.६९६"
2391,
2392,चन्दन गेरुय हंसगब्भ पुलए सोगन्धिए य बोद्धव्वे
2393,"चन्दप्पभ वेरुलिए, जलकन्ते सूरकन्ते य // शूय.६९७"
2394,
2395,एयाओ एएसु भणियव्वाओ गाहाओ जाव सूरकन्तत्ताए विउट्टन्ति. 
2396,
2397,"ते जीवा तेसिं नानाविहाणं तसथावराणं पाणाणं सिनेहमाहारेन्ति, ते जीवा आहारेन्ति पुढविसरीरं जाव सन्तं, अवरे' वि य णं तेसिं तसथावरजोणियाणं पुढवीणं जाव सूरकन्ताणं सरीरा नानावण्णा जाव मक्खायं, सेसा तिन्नि आलावगा जहा उदगाणं."
2398,
2399,अहावरं पुरक्खायं-सव्वे पाणा सव्वे भूया सव्वे जीवा सव्वे सत्ता नानाविहजोणिया नानाविहसम्भवा नानाविहवुक्कमा सरीरजोणिया सरीरसम्भवा सरीरवुक्कमा सरीराहारा कम्मोवगा कम्मनियाणा कम्मगइया कम्मठिइया कम्मणा चेव विप्परियासमुवेन्ति. से एवमायाणह से एवमायाणित्ता आहारगुत्ते समिए सहिए सया जए त्ति बेमि.
2400,
2401,[पच्चक्खाणकिरिया]
2402,
2403,"सुयं मे आउसं! तेणं भगवया एवमक्खायं- इह खलु पच्चक्खाणकिरियानामज्झयणे तस्स णं अयमट्ठे- आया अपच्चक्खाणी यावि भवइ आया अकिरियाकुसले यावि भवइ आया मिच्छासण्ठिए यावि भवइ आया एगन्तदण्डे यावि भवइ आया एगन्तबाले यावि भवइ आया एगन्तसुत्ते यावि भवइ आया अवियार-मन-वयण-कायवक्के यावि भवइ, आया अप्पडिहयपच्चक्खाय-पावक्कमे यावि भवइ,. "
2404,
2405,"एस खलु भगवया अक्खाए असञ्जए अविरए अप्पडिहयपच्चक्खाय-पावक्कमे सकिरिए असुंवडे एगन्तदण्डे एगन्तबाले एगन्तसुत्ते, से बाले अवियार-मन-वयण-काय-वक्के सुविणमवि न पस्सइ, पावे य से कम्मे कज्जइ."
2406,
2407,तत्थ चोयए पन्नवगं एवं वयासी — असन्तएणं मणेणं पावएणं असन्तियाए वईए पावियाए असन्तएणं काएणं पावएणं अहणन्तस्स अमणक्खस्स अवियार-मन-वयण-काय-वक्कस्स सुविणमवि अपस्सओ पावे कम्मे नो कज्जइ कस्स णं तं हेउं ?
2408,
2409,"चोयए एवं ब्रवीति- अन्नयरेणं मणेणं पावएणं मनवत्तिए पावे कम्मे कज्जइ, अन्नयरीए वईए पावियाए वइवत्तिए पावे कम्मे कज्जइ, अन्नयरेणं काएणं पावएणं कायवत्तिए पावे कम्मे कज्जइ, हणन्तस्स समनक्खस्स सवियार-मन-वयण-काय-वक्कस्स सुविणमवि पासओ एवङ्गुणजातीयस्स पावे कम्मे कज्जइ."
2410,
2411,"पुनरवि चोयए एवं ब्रवीति- तत्थ णं जे ते एवमाहंसु- असन्तएणं मणेणं पावएणं असन्तियाए वईए पावियाए असन्तएणं काएणं पावएणं अहणन्तस्स अमनक्खस्स अवियार-मनवयण-काय-वक्कस्स सुविणमवि अपस्सओ पावे कम्मे कज्जइ, तत्थ णं जे ते एवमाहंसु मिच्छं ते एवमाहंसु. "
2412,
2413,"तत्थ पन्नवए चोयग एवं वयासी — तं सम्मं जं मए पुव्वं वुत्तं, असन्तएणं मणेणं पावएणं असन्तियाए वईए पावियाए असन्तएणं काएणं पावएणं अहणन्तस्स अमनक्खस्स अवियार मन-वयण-काय- वक्कस्स सुविणमवि अपस्सओ पावे कम्मे कज्जइ, तं सम्मं, कस्स णं तं हेउं ?"
2414,
2415,"आचार्य आह- तत्थ खलु भगवया छज्जीवणिकाया हेऊ पन्नत्ता, तं जहा —पुढविकाइया जाव तसकाइया, इच्चेतेहिं छहिं जीवनिकाएहिं आया अप्पडिहयपच्चक्खाय-पावकम्मे निच्चं पसढ-विओवात-चित्त-दण्डे, तं जहा पाणाइवाए जाव परिग्गहे कोहे जाव मिच्छादंसणसल्ले,. "
2416,
2417,"आचार्य आह- तत्थ खलु भगवया वहए दिट्ठन्ते पन्नत्ते से जहानामए वहए सिया गाहावइस्स वा गाहावइपुत्तस्स वा रण्णो वा रायपुरिस्स वा खणं निद्दाय पविसिस्सामि खणं लद्घूण वहिस्सामित्ति पहारेमाणे से किं नु हु नाम से वहए तस्स वा गाहावइस्स गाहावइपुत्तस्स वा रण्णो वा रायपुरिसस्स वा खणं निद्दाय पविसिस्सामि खणं लद्घूणं वहिस्सामित्ति पहारेमाणे दिया वा राओ वा सुत्ते वा जागरमाणे वा अमित्तभूए मिच्छासण्ठिए निच्चं पसढ-विओवायचितदण्डे भवइ,? एवं वियागरेमाणे समियाए वियागरे? चोयए- हन्ता भवइ."
2418,
2419,"आचार्य आह- जहा से वहए तस्स गाहावइस्स वा गाहावइपुत्तस्स वा रण्णो वा रायपुरिसस्स वा खणं निद्दाय पविसिस्सामि खणं लद्घूणं वहिस्सामित्ति पहारेमाणे दिया वा राओ वा सुत्ते वा जागरमाणे वा अमित्तभूए मिच्छासण्ठिए निच्चं पसढ-विओवाय-चित्तदण्डे० एवामेव बाले वि सव्वेसिं पाणाणं जाव सव्वेसिं सत्ताणं दिया वा राओ वा सुत्ते वा जागरमाणे वा अमित्तभूए मिच्छासण्ठिए निच्चं पसढ-विओवाय-चित्तदण्डे, तं जहा —पाणाइवाए जाव मिच्छादंसणसल्ले,. "
2420,
2421,"एवं खलु भगवया अक्खाए असञ्जए अविरए अप्पडिहय पच्चक्खाय पावकम्मे सकिरिए असुंवडे एगन्तदण्डे एगन्तबाले एगन्तसुत्ते यावि भवइ, से बाले अवियार मन-वयण-काय- वक्के सुविणमणि न पस्सइ पावे य से कम्मे कज्जइ."
2422,
2423,जहा से वहए तस्स वा गाहावइस्स जाव तस्स वा रायपुरिसस्स पत्तेयं-पत्तेयं चित्तं समादाए दिया वा राओ वा सुत्ते वा जागरमाणे वा अमित्तभूए मिच्छासण्ठिए निच्चं पसढविओवाय चित्तदण्डे भवइ एवमेव बाले सव्वेसिं पाणाणं जाव सव्वेसिं सत्ताणं पत्तेयं-पत्तेयं चित्तं समादाए दिया वा राओ वा सुत्ते वा जागरमाणो वा अमित्तभूए मिच्छासण्ठिए निच्चं पसढ-विओवाय-चित्तदण्डे भवइ.
2424,
2425,नो इणट्ठे समट्ठे- इह खलु बहवे पाणा० जे इमेणं सरीरसमुस्सएणं नो दिट्ठा वा सुया वा नाभिमया वा विण्णाया वा जेसिं नो पत्तेयं-पत्तेयं चित्तं समादाय दिया वा राओ वा सुत्ते वा जागरमाणे वा अमित्तभूए मिच्छासण्ठिए निच्चं पसढ-विओवाय- चित्तदण्डे तं जहा — पाणाइवाए जाव मिच्छादंसणसल्ले.
2426,
2427,"आचार्य आह-तत्थ खलु भगवया दुवे दिट्ठन्ता पन्नत्ता तं जहा — सन्निदिट्ठन्ते य असन्निदिट्ठन्ते य, से किं तं सन्निदिट्ठन्ते? जे इमे सन्निपञ्चिदिया पज्जत्तगा एतेसिं णं छज्जीवनिकाए पडुच्चं, तं जहा पुढवीकायं जाव तसकायं, से एगइओ पुढविकाएणं किच्चं करेइ वि कारवेइ वि तस्स णं एवं भवइ-. "
2428,
2429,"एवं खलु अहं पुढविकाएणं किच्चं करेमि वि कारवेमि वि, नो चेव णं से एवं भवइ- इमेण वा इमेण वा से एतेणं पुढविकाएणं किच्चं करेइ वि कारवेइ वि से य तओ पुढविकायाओ असञ्जय-अविरय-अप्पडिहय पच्चक्खाय-पावक्कमे यावि भवइ,. "
2430,
2431,एवं जाव तसकाएत्ति भाणियव्वं.
2432,
2433,"से एगइओ छज्जीवनिकाएहिं किच्चं करेइ वि कारवेइ वि, तस्स णं एवं भवइ एवं खलु छज्जीवणिकाएहहिं किच्चं करेमि वि, कारवेमि वि नो चेव णं से एवं भवइ- इमेहिं वा, इमेहिं वा से य तेहिं छहिं जीवनिकाएहिं किच्चं करेइ वि कारवेइ वि, से य तेहिं छहिं जीवनिकाएहिं असञ्जय-अविरय-अप्पडिहय पच्चक्खाय-पावकम्मे तं जहा — पाणाइवाए जाव मिच्छादंसणसल्ले,. "
2434,
2435,एस खलु भगवया अक्खाए अस्सञ्जए अविरए अप्पडिहय-पच्चक्खाए-पावकम्मे सुविणमणि न पस्सइ पावे य से कम्मे कज्जइ से तं सन्नि दिट्ठन्ते.
2436,
2437,"से किं तं असन्निदिट्ठन्ते? जे इमे असण्णिणो पाणा तं जहा — पुढविकाइया जाव वणस्सइकाइया छट्ठा वेगइया तसा पाणा, जेसिं नो तक्काइ वा सण्णा इ वा पण्णा इ वा मणे इ वा वई इ वा सयं वा करणाए अन्नेहिं वा कारवेत्तए करेन्तं वा समणुजाणित्तए, ते'वि णं बाला सव्वेसिं पाणाणं जाव सव्वेसिं सत्ताणं दिया वा राओ वा सुत्ते वा जागरमाणा अमित्तभूया मिच्छासण्ठिया निच्चं पसढ-विओवाय चित्तदण्डा तं जहा पाणाइवाए जाव मिच्छादंसणसल्ले, इच्चेवं जाव नो चेव मनो नो चेव वई पाणाणं [भूयाणं जीवाणं] सत्ताणं दुक्खणयाए सोयणयाए जूरणयाए तिप्पणयाए पिट्टणयाए परितप्पणयाए ते दुक्खण-सोयण जाव परितप्पण-वह-बन्ध-परिकिलेसाओ अप्पडिविरया भवन्ति."
2438,
2439,"इति खलु ते असण्णिणो'वि सत्ता अहोनिसिं पाणाइवाए उवक्खाइज्जन्ति जाव अहोनिसिं परिग्गहे उवक्खाइज्जन्ति जाव मिच्छादंसणसल्ले उवक्खाइज्जन्ति, सव्वजोणिया वि खलु सत्ता-सन्निणो हुच्चा असन्निणो होन्ति असन्निणो हुच्चा सन्निणो होन्ति होच्चा सन्नी, अदुवा असण्णी तत्थ से अविचिता अविघूणिता असंमुच्छित्ता अननुतावित्ता असन्निकायाओ वा सन्निकाय सङ्कमन्ति सन्निकायाओ वा असन्नीकायं सङ्कमन्ति सन्निकायाओ वा सन्निकायं सङ्कमन्ति असन्निकायाओ वा असन्निकायं सङ्कमन्ति,. "
2440,
2441,जे एए सन्नी वा असण्णी वा सव्वे ते मिच्छायारा निच्चं पसढ-विओवाय चित्तदण्डा तं जहा —
2442,
2443,"पाणाइवाए जाव मिच्छदंसणसल्ले, एवं खलु भगवया अक्खाए असञ्जए अविरए अप्पडिहय-पच्चक्खाय-पावकम्मे सकिरिए असंवुडे एगन्तदण्डे एगन्तबाले एगन्तसुत्ते से बाले अवियार मन वयण काय- वक्के सुविणमवि न पासइ पावे य से कम्मे कज्जइ."
2444,
2445,"चोयगः- ते किं कुव्वं कि कारवं कहं सञ्जय-विरय-पडिहय-पच्चक्खाय-पावकक्मे भवइ? आचार्य आह- तत्थ खलु भगवया छज्जीवनिकायाहेऊ पण्णत्ता, तं जहा — पुढवीकाइया जाव तसकाइया,..."
2446,
2447,से जहानामए मम अस्सातं दण्डेण वा अट्ठीण वा मुट्ठीण वा लेलुणा वा कवालेण वा आतोडिज्जमाणस्स वा जाव उवद्दविज्जमाणस्स वा जाव लोमुक्खणणमायमवि हिंसाकारगं दुक्खं भयं पडिसंवेदेमि.
2448,
2449,"इच्चेवं जाण सव्वे पाणा जाव सव्वे सत्ता दण्डेण वा जाव कवालेण वा आतोडिज्जमाणा वा हम्ममाणा वा तज्जिज्जमाणा वा तालिज्जमाणा वा जाव उवद्दविज्जमाणा वा जाव लोमुक्खणणमायमवि हिंसाकारगं दुक्खं भयं पडिसंवेदेतिं,. "
2450,
2451,"एवं नच्चा सव्वे पाणा जाव सव्वे सत्ता न हन्तव्वा न उद्दवेयव्वा, एस धम्मे धुवे निइए सासए समेच्च लोगं खेत्तण्णेहिं पवेइए, एवं से भिक्खू विरए पाणाइवायाओ जाव मिच्छादंसणसल्लाओ,. "
2452,
2453,"से भिक्खू नो दन्तपक्खालणेणं दन्ते पक्खालेज्जा नो अञ्जनं नो वमनं नो घूवणेत्तं पिआइए,. "
2454,
2455,से भिक्खू अकिरिए अलूसए अकोहे [अमाने अमाए] अलोभे उवसन्ते परिनिव्वुडे. 
2456,
2457,एस खलु भगवया अक्खाए सञ्जय-विरय-पडिहय-पच्चक्खाय-पावकम्मे अकिरिए संवुडे एगन्तपण्डिए यावि भवइ. 
2458,
2459,त्ति बेमि. 
2460,
2461,[आयारसुयं]
2462,
2463,आदाय बम्भचेरं च आसुपण्णे इमं वइं
2464,अस्सिं धम्मे अनायारं नायरेज्ज कयाइ वि // शूय.७०५
2465,
2466,अनादीयं परिण्णाय अनवदग्गं ति वा पुणो
2467,"सासयमसासए वा, इइ दिट्ठिं न धारए // शूय.७०६"
2468,
2469,"एएहिं दोहिं ठाणेहिं, ववहारो न विज्जई"
2470,"एएहिं दोहिं ठाणेहिं, अनायारं तु जाणए // शूय.७०७"
2471,
2472,"समुच्छिज्जिहिन्ति सत्थारो, सव्वे पाणा अनेलिसा"
2473,"गण्ठिगा वा भविस्सन्ति, सासयं ति व नो वए // शूय.७०८"
2474,
2475,"एएहिं दोहिं ठाणेहिं, ववहारो न विज्जई"
2476,"एएहिं दोहिं ठाणेहिं, अनायारं तु जाणए // शूय.७०९"
2477,
2478,"जे केइ खुड्डगा पाणा, अदुवा सन्ति महालया"
2479,"सरिसं तेहिं वेरं ति, असरिसं ति य नो वए // शूय.७१०"
2480,
2481,एएहिं दोहिं ठाणेहिं ववहारो न विज्जई
2482,एएहिं दोहिं ठाणेहिं अनायारं तु जाणए // शूय.७११
2483,
2484,"अहाकम्माणि भुञ्जन्ति, अन्नमन्ने सकम्मुणा"
2485,"उवलित्ते त्ति जाणिज्जा, अनुवलित्ते त्ति वा पुणो // शूय.७१२"
2486,
2487,"एएहिं दोहिं ठाणेहिं, ववहारो न विज्जई"
2488,"एएहिं दोहिं ठाणेहिं, अनायारं तु जाणए // शूय.७१३"
2489,
2490,"जं इदं ओरालमाहारं, कम्मगं च तमेव य"
2491,"सव्वत्थ वीरियं अत्थि, नत्थि सव्वत्थ वीरियं // शूय.७१४"
2492,
2493,"एएहिं दोहिं ठाणेहिं, ववहारो न विज्जई"
2494,एएहिं दोहिं ठाणेहिं अनायारं तु जाणए // शूय.७१५
2495,
2496,"नत्थि लोए अलोए वा, नेवं सण्णं निवेसए"
2497,"अत्थि लोए अलोए वा, एवं सण्णं निवेसए // शूय.७१६"
2498,
2499,"नत्थि जीवा अजीवा वा, नेवं सण्णं निवेसए"
2500,"अत्थि जीवा अजीवा वा, एवं सण्णं निवेसए // शूय.७१७"
2501,
2502,"नत्थि धम्मे अधम्मे वा, नेवं सण्णं निवेसए"
2503,"अत्थि धम्मे अधम्मे वा, एवं सण्णं निवेसए // शूय.७१८"
2504,
2505,"नत्थि बन्धे व मोक्खे वा, नेवं सण्णं निवेसए"
2506,"अत्थि बन्धे व मोक्खे वा, एवं सण्णं निवेसए // शूय.७१९"
2507,
2508,"नत्थि पुण्णे व पावे वा, नेवं सण्णं निवेसए"
2509,"अत्थि पुण्णे व पावे वा, एवं सण्णं निवेसए // शूय.७२०"
2510,
2511,"नत्थि आसवे संवरे वा, नेवं सण्णं निवेसए"
2512,"अत्थि आसवे संवरे वा, एवं सण्णं निवेसए // शूय.७२१"
2513,
2514,"नत्थि वेयणा निज्जरा वा, नेवं सण्णं निवेसए"
2515,"अत्थि वेयणा निज्जरा वा, एवं सण्णं निवेसए // शूय.७२२"
2516,
2517,"नत्थि किरिया अकिरिया वा, नेवं सण्णं निवेसए"
2518,"अत्थि किरिया अकिरिया वा, एवं सण्णं निवेसए // शूय.७२३"
2519,
2520,"नत्थि कोहे व माने वा, नेवं सण्णं निवेसए"
2521,"अत्थि कोहे व माने वा, एवं सण्णं निवेसए // शूय.७२४"
2522,
2523,"नत्थि माया व लोभे वा, नेवं सण्णं निवेसए"
2524,"अत्थि माया व लोभे वा, एवं सण्णं निवेसए // शूय.७२५"
2525,
2526,"नत्थि पेज्जे व दोसे वा, नेवं सण्णं निवेसए"
2527,अत्थि पेज्जे व दोसे वा एवं सण्णं निवेसए // शूय.७२६
2528,
2529,"नत्थि चाउरन्ते संसारे, नेवं सण्णं निवेसए"
2530,"अत्थि चाउरन्ते संसारे, एवं सण्णं निवेसए // शूय.७२७"
2531,
2532,"नत्थि देवो व देवी वा, नेवं सण्णं निवेसए"
2533,"अत्थि देवो व देवी वा, एवं सण्णं निवेसए // शूय.७२८"
2534,
2535,"नत्थि सिद्धी असिद्धी वा, नेवं सण्णं निवेसए"
2536,"अत्थि सिद्धी असिद्धी वा, एवं सण्णं निवेसए // शूय.७२९"
2537,
2538,"नत्थि सिद्धी नियं ठाणं, नेवं सण्णं निवेसए"
2539,"अत्थि सिद्धी नियं ठाणं, एवं सण्णं निवेसए // शूय.७३०"
2540,
2541,"नत्थि साहू असाहू वा, नेवं सण्णं निवेसए"
2542,"अत्थि साहू असाहू वा, एवं सण्णं निवेसए // शूय.७३१"
2543,
2544,"नत्थि कल्लाणे पावे वा, नेवं सण्णं निवेसए"
2545,"अत्थि कल्लाणे पावे वा, एवं सण्णं निवेसए // शूय.७३२"
2546,
2547,"कल्लाणे पावए वा वि, ववहारो न विज्जइ"
2548,"जं वेरं तं न जाणन्ति, समणा बाल पण्डिया // शूय.७३३"
2549,
2550,असेसं अक्खयं वावि सव्वं दुक्खे ति वा पुणो
2551,"वज्झा पाणा अवज्झ त्ति, इति वायं न नीसिरे // शूय.७३४"
2552,
2553,"दीसन्ति समियायारा, भिक्खुणो साहुजीविणो"
2554,"एए मिच्छोवजीवन्त्ति, इति दिट्ठिं न धारए // शूय.७३५"
2555,
2556,"दक्खिणाए पडिलम्भो, अत्थि वा नत्थि वा पुणो"
2557,"न वियागरेज्ज मेहावी, सन्तिमग्गं च बूहए // शूय.७३६"
2558,
2559,"इच्चेएहिं ठाणेहिं, जिने दिट्ठेहिं सञ्जए"
2560,धारयन्ते उ अप्पाणं आमोक्खए परिव्वएज्जासि // शूय.७३७
2561,
2562,त्ति बेमि. 
2563,
2564,[अद्दइज्जं]
2565,
2566,"पुराकडं अद्द! इमं सुणेह, एगन्तचारी समणे पुरासी"
2567,"से भिक्खूणो उवनेत्ता अनेगे, आइक्खतिण्हं पुढो वित्थरेणं // शूय.७३८"
2568,
2569,"सा'जीविया पट्ठविया'थिरेणं, सभागओ गणओ भिक्खुमज्झे"
2570,"आइक्खमाणो बहुजन्नमत्थं, न सन्धयाई अवरेण पुव्वं // शूय.७३९"
2571,
2572,"एगन्तमेव अदुवा वि इण्हिं, दो'वण्णमन्नं न समेति जम्हा"
2573,"पुव्विं च इण्हिं च अनागयं च, एगन्तमेव पडिसन्धयाइ // शूय.७४०"
2574,
2575,"समेच्च लोगं तसथावराणं, खेमङ्करे समणे माहणे वा"
2576,"आइक्खमाणो वि सहस्समज्झे, एगन्तयं सारयई तहच्चे // शूय.७४१"
2577,
2578,"धम्मं कहन्तस्स उ नत्थि दोसो, खन्तस्स दन्तस्स जिइन्दियस्स"
2579,"भासाय दोसे य विवज्जगस्स, गुणे य भासाय निसेवगस्स // शूय.७४२"
2580,
2581,"महव्वए पञ्च अणुव्वए य, तहेव पञ्चासव संवरे य"
2582,"विरइं इहस्सामणियंमि पण्णे, लवावसक्की समणे त्ति बेमि // शूय.७४३"
2583,
2584,"सीओदगं सेवउ बीयकायं, आहायकम्मं तह इत्थियाओ"
2585,"एगन्तचारिस्सिह अम्ह धम्मे, तवस्सिणो नाभिसमेइ पावं // शूय.७४४"
2586,
2587,"सीओदगं वा तह बीयकायं, आहायकम्मं तह इत्थियाओ"
2588,"एयाइं जाणं पडिसेवमाणा, अगारिणो अस्समणा भवन्ति // शूय.७४५"
2589,
2590,"सिया य बीयोदग इत्थियाओ, पडिसेवमाणा समणा भवन्तु"
2591,"अगारिणो'वि समणा भवन्तु, सेवन्ति उ ते'वि तहप्पगारं // शूय.७४६"
2592,
2593,"जे यावि बीओदगभोइ भिक्खू, भिक्खं विहं जायइ जीवयट्ठी"
2594,"ते नाइसञ्जोगमविप्पहाय, काओवगा नन्तकरा भवन्ति // शूय.७४७"
2595,
2596,"इमं वयं तु तुम पाउकुव्वं, पावाइणो गरहसि सव्व एव"
2597,"पावाइणो पुढो किट्टयन्ता, सयं सयं दिट्ठि करेन्ति पाउं // शूय.७४८"
2598,
2599,"ते अन्नमन्नस्स उ गरहमाणा, अक्खन्ति भो समणा माहणा य"
2600,"सतो य अत्थी असतो य नत्थी, गरहामो दिट्ठीं न गरहामो किञ्चि // शूय.७४९"
2601,
2602,"न किञ्चि रूवेण'भिधारयामो, सदिट्ठिमग्गं तु करेमो पाउं"
2603,"मग्गे इमे किट्टिए आरिएहिं, अनुत्तरे सप्पुरिसेहिं अञ्जू // शूय.७५०"
2604,
2605,"उड्ढं अहे य तिरियं दिसासु, तसा य जे थावर जे य पाणा"
2606,"भूयाभिसङ्काए दुगुञ्छमाणे, नो गरहइ बुसिमं किञ्चि लोए // शूय.७५१"
2607,
2608,"आगन्तगारे आरामगारे, समणे उ भीते न उवेइ वासं"
2609,"दुक्खा हु सन्ती बहवे मणुस्सा, ऊनातिरित्ता य लवालवा य // शूय.७५२"
2610,
2611,"मेहाविणो सिक्खियं बुद्धिमन्ता, सुत्तेहिं अत्थेहि य निच्छयण्णू"
2612,पुच्छिंसु मा णे अनगार अन्ने इति सङ्कमाणो न उवेइ तत्थ // शूय.७५३
2613,
2614,"नो कामकिच्चा न य बालकिच्चा, रायाभिओगेण कुओ भएण ?"
2615,"वियागरेज्जा पसिणं न वा वि, सकामकिच्चेणिह आरियाणं // शूय.७५४"
2616,
2617,"गन्ता च तत्था अदुवा अगन्ता, वियागरेज्जा समिया''सुपण्णे"
2618,"अनारिया दंसणओ परित्ता, इति सङ्कमाणो न उवेइ तत्थ // शूय.७५५"
2619,
2620,"पण्णं जहा वणिए उदयट्ठी, आयस्स हेउं पगरेइ सङ्गं"
2621,"तओवमे समणे नायपुत्ते, इच्चेव मे होइ मई वियक्का // शूय.७५६"
2622,
2623,"नवं न कुज्जा विहुणे पुराणं, चिच्चा'मइं ताइ य साह एवं"
2624,"एत्तावता बम्भवति त्ति वुत्ते, तस्सोदयट्ठी समणे त्ति बेमि // शूय.७५७"
2625,
2626,"समारभन्ते वणिया भूयगामं, परिग्गहं चेव ममायमाणा"
2627,"ते नाइसञ्जोगमविप्पहाय, आयस्स हेउं पगरेन्ति सङ्गं // शूय.७५८"
2628,
2629,"वित्तेसिणो मेहुणसम्पगाढा, ते भोयणट्ठा वणिया वयन्ति"
2630,वयं तु कामेसु अज्झोववन्ना अनारिया पेमरसेसु गिद्धा // शूय.७५९
2631,
2632,"आरम्भगं चेव परिग्गहं च, अविउस्सिया निस्सिय आयदण्डा"
2633,"तेसिं च से उदए जं वयासी, चउरन्तनन्ताय दुहाय नेह // शूय.७६०"
2634,
2635,"नेगन्त नच्चन्तिव ओदए सो, वयन्ति ते दो वि गुणोदयंमि"
2636,"से उदए साइमनन्तपत्ते, तमुदयं साहयइ ताइ नाई // शूय.७६१"
2637,
2638,"अहिंसयं सव्वपयाणुकम्पी, धम्मे ठियं कम्मविवेगहेउं"
2639,"तमायदण्डेहि समायरन्ता, अबोहिए ते पडिरूवमेयं // शूय.७६२"
2640,
2641,"पिन्नागपिण्डीमवि विद्ध सूले, केई पएज्जा पुरिसे इमे त्ति"
2642,"अलाउयं वा वि कुमारए त्ति, स लिप्पई पाणिवहेण अम्हं // शूय.७६३"
2643,
2644,"अहवावि विद्धूण मिलक्खु सूले, पिन्नागबुद्धीए नरं पएज्जा"
2645,कुमारगं वा वि अलाबुयन्ति न लिप्पई पाणिवहेण अम्हं // शूय.७६४
2646,
2647,"पुरिसं च विद्धूण कुमारगं वा, सूलंमि केइ पए जायतेए"
2648,"पिन्नाय पिण्डं सइमारूहेत्ता, बुद्धाणं तं कप्पइ पारणाए // शूय.७६५"
2649,
2650,"सिणायगाणं तु दुवे सहस्से, जे भोयए नितिए भिक्खुयाणं"
2651,"ते पुन्नखन्धं सुमहं जिणित्ता, भवन्ति आरोप्प महन्तसत्ता // शूय.७६६"
2652,
2653,"अजोगरुवं इह सञ्जयाणं, पावं तु पाणाण पसज्झ काउं"
2654,"अबोहिए दोण्ह वि तं असाहु, वयन्ति जे यावि पडिस्सुणन्ति // शूय.७६७"
2655,
2656,"उड्ढं अहे यं तिरियं दिसासु, विन्नाय लिङ्गं तसथावराणं"
2657,"भूयाभिसङ्काए दुगुञ्छमाणे, वदे करेज्जा व कुओ विह'त्थि ? // शूय.७६८"
2658,
2659,"पुरिसे त्ति विन्नत्ति न एवमत्थि, अनारिए से पुरिसे तहा हु"
2660,"को सम्भवो? पिन्नगपिण्डियाए, वाया वि एसा बुइया असच्चा // शूय.७६९"
2661,
2662,"वायाभियोगेण जमावहेज्जा, नो तारिसं वायमुदाहरेज्जा"
2663,"अट्ठाणमेयं वयणं गुणाणं, नो दिक्खिए बूय सुरालमेयं // शूय.७७०"
2664,
2665,"लद्धे अहट्ठे अहो एव तुब्भे, जीवानुभागे सुविचिन्तिते य"
2666,"पुव्वं समुद्दं अवरं च पुट्ठे, ओलोइए पाणितले ठिए वा // शूय.७७१"
2667,
2668,"जीवानुभागं सुविचिन्तयन्ता, आहारिया अण्णविहीय सोहिं"
2669,"न वियागरे छन्नपओपजीवी, एसो'नुधम्मो इह सञ्जयाणं // शूय.७७२"
2670,
2671,"सिणाय गाणं तु दुवे सहस्से, जे भोयए नितिए भिक्खुयाणं"
2672,"असञ्जए लोहियपाणि से ऊ, नियच्छई गरिहमिहेव लोए // शूय.७७३"
2673,
2674,"थूलं उरब्भं इह मारियाणं, उद्दिट्ठभत्तं च पगप्पएत्ता"
2675,"तं लोणतेल्लेण उवक्खडेत्ता, सपिप्पलीयं पगरन्ति मंसं // शूय.७७४"
2676,
2677,"तं भुञ्जमाणा पिसियं पभूयं, नो उवलिप्पामो वयं रएणं"
2678,"इच्चेवमाहंसु अणज्जधम्मा, अनारिया बाल रसेसु गिद्धा // शूय.७७५"
2679,
2680,"जे यावि भुञ्जन्ति तहप्पगारं, सेवन्ति ते पावमजाणमाणा"
2681,"मनं न एयं कुसला करेन्ति, वाया वि एसा बुइया उ मिच्छा // शूय.७७६"
2682,
2683,"सव्वेसिं जीवाण दयट्ठयाए, सावज्जदोसं परिवज्जयन्ता"
2684,"तस्सङ्किणो इसिणो नायपुत्ता, उद्दिट्ठभत्तं परिवज्जयन्ति // शूय.७७७"
2685,
2686,भूयाभिसङ्काए दुगुञ्छमाणा सव्वेसिं पाणाण निहाय दण्डं
2687,"तम्हा न भुञ्जन्ति तहप्पगारं, एसो'नुधम्मो इह सञ्जयाणं // शूय.७७८"
2688,
2689,"निग्गन्थधम्मंमि इमा समाही, अस्सिं सुठिच्चा अनिहे चरेज्जा"
2690,"बुद्धे मुनी सीलगुणोववेए, अच्चत्थतं पाउणई सिलोगं // शूय.७७९"
2691,
2692,"सिणायगाणं तु दुवे सहस्से, जे भोयए नियए माहणाणं"
2693,"ते पुन्नखन्धं सुमहज्जणित्ता, भवन्ति देवा इइ वेयवाओ // शूय.७८०"
2694,
2695,"सिणायगाणं तु दुवे सहस्से, जे भोयए नितिए कुलालयाणं"
2696,"से गच्छई लोलुवसम्पगाढे, तिव्वाभितावी नरगाभिसेवी // शूय.७८१"
2697,
2698,"दयावरं धम्म दुगुञ्छमाणा, वहावहं धम्म पसंसमाणा,"
2699,"एगं पि जे भोययती असीलं, निवो निसं जाति कुओ सुरेहिं ? // शूय.७८२"
2700,
2701,"दुहओवि धम्मंमि समुट्ठियाओ, अस्सिं सुट्ठिच्चा तह एस कालं"
2702,"आयारसीले बुइएह नाणे, न सम्परायंमि विसेसमत्थि // शूय.७८३"
2703,
2704,"अव्वत्तरूवं पुरिसं महन्तं, सनातनं अक्खयमव्वयं च"
2705,"सव्वेसु भूएसु वि सव्वओ से, चन्दो व ताराहिं समत्तरूवे // शूय.७८४"
2706,
2707,"एवं न मिज्जन्ति न संसरन्ति, न माहणा खत्तिय-वेस-पेसा"
2708,"कीडा य पक्खी य सरीसिवा य, नरा य सव्वे तह देवलोगा // शूय.७८५"
2709,
2710,लोगं अयाणित्तिहं केवलेणं कहन्ति जे धम्ममजाणमाणा
2711,"नासेन्ति अप्पाणं परं च नट्ठा, संसार घोरंमि अनोरपारे // शूय.७८६"
2712,
2713,"लोगं विजाणन्तिह केवलेणं, पुण्णेण नाणेण समाहिजुत्ता"
2714,"धम्मं समत्तं च कहिन्ति जे उ, तारेन्ति अप्पाण परं च तिण्णा // शूय.७८७"
2715,
2716,"जे गरहियं ठाणमिहावसन्ति, जे यावि लोए चरणोववेया"
2717,"उदाहडं तं तु समं मईए, अहाउसो विप्परियासमेव // शूय.७८८"
2718,
2719,"संवच्छरेणावि य एगमेगं, बाणेण मारेउ महागयं तु"
2720,"सेसाण जीवाण दयट्ठयाए, वासं वयं वित्तिं पकप्पयामो // शूय.७८९"
2721,
2722,"संवच्छरेणावि य एगमेगं, पाणं हणन्ता अनियत्तदोसा"
2723,"सेसाण जीवाण वहेण लग्गा, सिया य थोवं गिहिणो'वि तम्हा // शूय.७९०"
2724,
2725,"संवच्छरेणावि य एगमेगं, पाणं हणन्ता समणव्वएसु"
2726,"आयाहिए से पुरिसे अणज्जे, न तारिसं केवलिणो भणन्ति // शूय.७९१"
2727,
2728,"बुद्धस्स आणाए इमं समाहिं, अस्सिं सुठिच्चा तिविहेण ताई"
2729,तरिउं समुद्दं व महाभवोघं आयाणवं धम्ममुदाहरेज्जा // शूय.७९२
2730,
2731,त्ति बेमि. 
2732,
2733,[नालन्दइज्जं]
2734,
2735,"तेणं कालेणं तेणं समएणं रायगिहे नामं नयरे होत्था, रिद्धत्थिमियसमिद्धे,वण्णओ जाव पडिरूवे, तस्स णं रायगिहस्स नयरस्स बहिया उत्तरपुरत्थिमे दिसीभाए एत्थ णं नालन्दा नामं बाहिरिया होत्था, अनेग भवन सयसण्णिविट्ठा [पासादीया दरिसणीया अभिरूवा] पडिरूवा."
2736,
2737,"तत्थ णं नालन्दाए बाहिरियाए लेवे नामं गाहावई होत्था, अड्ढे दित्ते वित्ते विच्छिन्न-विपुल-भवन-सयनासन-जाणवाहणाइण्णे बहुधन-बहुजायरूवरजए आओगपओग-सम्पउत्ते विच्छड्डिय-पउर-भत्तपाणे बहुदासी-दास-गो-महिस गवेलयप्पभूए बहुजनस्स अपरिभूए यावि होत्था."
2738,
2739,"से णं लेवे नामं गाहावई समणोवासए यावि होत्था, अभिगय-जीवाजीवे जाव विहरइ, निग्गन्थे पावयणे निस्सङ्किए निक्कङ्खिए निव्वितिगिच्छे लद्धट्ठे गहियट्ठे पुच्छियट्ठे विनिच्छियट्ठे अभिगहियट्ठे अट्ठिमिञ्जपेम्माणुरागरत्ते,. "
2740,
2741,"अयमाउसो! निग्गन्थे पावयणे अट्ठे अयं परमट्ठे सेसे अनट्ठे, ऊसियफलिहे अवङ्गुयदुवारे अप्पावय दुवारे चियत्तन्तेउरप्पवेसे चाउद्दसट्ठमुद्दिट्ठ-पुण्णमासिणीसु पडिपुण्णं पोसहं सम्मं अनुपालेमाणे समणे निग्गन्थे तहाविहेणं एसणिज्जेणं असन-पान-खाइम-साइमेणं पडिलाभेमाणे बहूहिं सीलव्वय-गुण-वेरमण-पच्चक्खाण-पोसहोववासेहिं अप्पाणं भावेमाणे विहरइ."
2742,
2743,"तस्स णं लेवस्स गाहावइस्स नालन्दाए बाहिरियाए उत्तरपुरत्थिमे दिसिभाए एत्थ णं सेसदविया नामं उदगसाला होत्था, अनेगखम्भसय सन्निविट्ठा पासादीया जाव पडिरूवा, तीसे णं सेसदवियाए उदगसालाए उत्तरपुरत्थिमे दिसिभाए, एत्थ णं हत्थिजामे नामं वनसण्डे होत्था, किण्हे वण्णओ वनसण्डस्स."
2744,
2745,"तस्सिं च णं गिहपदेसंसि भगवं गोयमे विहरइ, भगवं च णं अहे आरामंसि० अहे णं उदए पेढालपुत्ते भगवं पासावच्चिज्जे नियण्ठे मेदज्जे गोत्तेणं जेणेव भगवं गोयमे तेणेव उवागच्छइ, उवागच्छित्ता भगवं गोयमं एवं वयासी —"
2746,
2747,"आउसन्तो! गोयमा अत्थि खलु मे केई पदेसे पुच्छियव्वे, तं च आउसो! अहासुयं अहादरिसियं मे वियागरेहिं सवायं, भगवं गोयमे उदयं पेढालपुत्तं एवं वयासी अवियाइ आउसो! सोच्चा निसम्म जाणिस्सामो सवायं, उदए पेढालपुत्ते भगवं गोयमं एवं वयासी —."
2748,
2749,"आउसो! गोयमा अत्थि खलु कुम्मारपुत्तिया नाम समणा निग्गन्था तुम्हाणं पवयणं पवयमाणा गाहावइं समणोवासगं उवसम्पन्नं एवं पच्चक्खावेन्ति- नन्नत्थ अभिजोगेणं गाहावइ-चोरग्गहण-विमोक्खणयाए तसेहिं पाणेहिं निहाय दण्डं, एवं ण्हं पच्चक्खन्ताणं दुप्पच्चक्खायं भवइ एवं ण्हं पच्चक्खावेमाणाणं दुपच्चक्खावियव्वं भवइ, एवं ते परं पच्चक्खावेमाणा अइयरन्ति सयं पइण्णं, कस्स णं तं हेउं? संसारिया खलु पाणा- थावरा वि पाणा तसत्ताए पच्चायन्ति, तसा वि पाणा थावरत्ताए पच्चायन्ति, थावरकायाओ विप्पमुच्चमाणा तसकायंसि उववज्जन्ति, तसकायाओ विप्पमुच्चमाणा थावरकायंसि उववज्जन्ति, तेसिं च णं थावरकायंसि उववन्नाणं ठाणमेयं धत्तं."
2750,
2751,"एवं ण्हं पच्चक्खन्ताणं सुपच्चक्खायं भवइ, एवं ण्हं पच्चक्खावेमाणाणं सुपच्चक्खावियं भवइ, एवं ते परं पच्चक्खावेमाणा नाइयरन्ति सयं पइण्णं, नन्नत्थ अभिओगेणं गाहावइ-चोरग्गहण-विमोक्खणयाए तसभूएहिं पाणेहिं निहाय दण्डं, एवं सइ भासाए परकम्मे विज्जमाणे जे ते कोहा वा लोहा वा परं पच्चक्खावेन्ति अयं पि नो उवएसे किं नो नेयाउए भवइ, अवियाइं आउसो! गोयमा तुब्भं पि एयं रोयइ ?."
2752,
2753,"सवायं भगवं गोयमे! उदयं पेढालपुत्तं एवं वयासी — आउसन्तो! उदगा नो खलु अम्हं एयं रोयइ, जे ते समणा वा माहणा वा एवमाइक्खन्ति जाव परूवेन्ति नो खलु ते समणा वा निग्गन्था वा भासं भासन्ति, अनुतावियं खलु ते भासं भासन्ति, अब्भाइक्खन्ति खलु ते समणे समणोवासए वा, जेहिं वि अन्नेहिं पाणेहिं भूएहिं जीवेहिं सत्तेहिं सञ्जमयन्ति ताणवि ते अब्भाइक्खन्ति, कस्स णं तं हेउं? संसारिया खलु पाणा, तसा वि पाणा थावरत्ताए पच्चायन्ति, थावरा वि पाणा तसत्ताए पच्चायन्ति, तसकायाओ विप्पमुच्चमाणा थावरकायंसि उववज्जन्ति, थावरकायाओ विप्पमुच्चमाणा तसकायंसि उववज्जन्ति, तेसिं च णं तसकायंसि उववन्नाणं ठाणमेयं अधत्तं."
2754,
2755,"सवायं उदए पेढालपुत्ते भगवं गोयमं एवं वयासी — कयरे खलुते आउसन्तो गोयमा! तुब्भे वयह तसा पाणा तसा आउ अन्नहा ?, सवायं भगवं गोयमे उदयं पेढालपुत्तं एवं वयासी — आउसन्तो उदगा जे तुब्भे वयह तसभूया पाणा तसा ते वयं वदामो तसा पाणा, जे वयं वयामो तसा पाणा ते तुब्भे वदह तसभूया पाणा, एए सन्ति दुवे ठाणा तुल्ला एगट्ठा, किमाउसो! इमे भे सुप्पणीयतराए भवइ- तसभूया पाणा तसा, इमे भे दुप्पणीयतराए भवइ- तसा पाणा तसा, तओ एगमाउसो! पलिक्कोसह एक्कं अभिनन्दह, अयं पि भेदो सेनो नेआउए भवइ."
2756,
2757,"भगवं च णं उदाहु सन्तेगइया मनुस्सा भवन्ति, तेसिं च णं एवं वुत्त पुव्वं भवइ नो खलु वयं सञ्चाएमो मुण्डा भवित्ता अगाराओ अनगारियं पव्वइत्तए, वयं णं अनुपुव्वेणं गोत्तस्स लिस्सिस्सामो, ते एवं सङ्खवेन्ति ते एवं सङ्खं ठवयन्ति नन्नत्थ अभिजोगेणं गाहावइ-चोरग्गहण-विमोक्खणयाए तसेहिं पाणेहिं निहाय दण्डं, तं पि तेसिं कुसलमेव भवइ."
2758,
2759,"तसा वि वुच्चन्ति तसा तससम्भारकडेणं कम्मुणा नामं च णं अब्भुवगयं भवइ, तसाउयं च णं पलिक्खीणं भवइ, तसकायट्ठिइया ते तओ आउयं विप्पजहन्ति, ते तओ आउयं विप्पजहित्ता थावरत्ताए पच्चायन्ति थावरा वि वुच्चन्ति थावरा थावरसम्भारकडेणं कम्मुणा नामं च णं अब्भुवगयं भवइ, थावराउयं च णं पलिक्खीणं भवइ, थावरकायट्ठिइया ते तओ आउयं विप्पजहन्ति ते तओ आउयं विप्पजहित्ता भुज्जो पारलोइयत्ताए पच्चायन्ति, ते पाणा वि वुच्चन्ति ते तसा वि वुच्चन्ति ते महाकाया ते चिरट्ठिइया."
2760,
2761,"सवायं उदए पेढालपुत्ते भयवं गोयमं एवं वयासी -आउसन्तो गोयमा! नत्थि णं से केइ परियाए जं णं समणोवासगस्स एगपाणातिवायविरए वि दण्डे निक्खित्ते कस्स णं तं हेउं? संसारिया खलु पाणा, थावरा वि पाणा तसत्ताए पच्चायन्ति, तसा वि पाणा थावरत्ताए पच्चायन्ति, थावरकायाओ विप्पमुच्चमाणा सव्वे तसकायंसि उववज्जन्ति, तसकायाओ विप्पमुच्चमाणा सव्वे थावरकायंसि उववज्जन्ति, तेसिं च णं थावरकायंसि उववन्नाणं ठाणमेयं धत्तं. सवायं भगवं गोयमे उदयं पेढालपुत्तं एवं वयासी — नो खलु आउसो! अस्माकं वत्तव्वएणं तुब्भं चेव अनुप्पवाएणं अत्थि णं से परियाए जे णं समणोवासगस्स सव्वपाणेहिं सव्वभूएहिं सव्वजीवेहिं सव्वसत्तेहिं दण्डे निक्खित्ते भवइ कस्स णं तं हेउं? संसारिया खलु पाणा, तसा वि पाणा थावरत्ताए पच्चायन्ति, थावरा वि पाणा तसत्ताए पच्चायन्ति, तसकायाओ विप्पमुच्चमाणा सव्वे थावरकायंसि उववज्जन्ति, थावरकायाओ विप्पमुच्चमाणा सव्वे तसकायंसि उव-वज्जन्ति, तेसिं च णं तसकायंसि उववन्नाणं ठाणमेयं अधत्तं ते पाणा वि वुच्चन्ति, ते तसा वि वुच्चन्ति, ते. "
2762,
2763,"महाकाया ते चिरट्ठिइया, ते बहुयरगा पाणा जेहिं समणोवासगस्स सुपच्चक्खायं भवइ, ते अप्पयरागा पाणा जेहिं समणोवासगस्स अपच्चक्खायं भवइ, से महया तसकायाओ उवसन्तस्स उवट्ठियस्स पडिविरयस्स जं णं तुब्भे वा अन्नो वा एवं वयह- नत्थि णं से केइ परियाए जंसि समणोवासगस्स एगपाणाए वि दण्डे निक्खित्ते, अयं पि भेदे से नो नेयाउए भवइ."
2764,
2765,"भगवं च णं उदाहु नियण्ठा खलु पुच्छियव्वा- आउसन्तो! नियण्ठा इह खलु सन्तेगइया मनुस्सा भवन्ति, तेसिं च णं एवं वुत्तपुव्वं भवइ- जे इमे मुण्डे भवित्ता अगाराओ अनगारियं पव्वइत्ता, एएसिं णं आमरणन्ताए दण्डे निक्खित्ते, जे इमे अगारमावसन्ति एएसिं णं आमरणन्ताए दण्डे नो निक्खित्ते, केई च णं समणा जाव वासाइं चउपञ्चमाइं छट्ठद्दसमाइं अप्पयरो वा भुज्जयरो वा देसं दूईज्जित्ता अगारमावसेज्जा? हन्ता वसेज्जा, तस्स णं तमगारत्थं वहमाणस्स से पच्चक्खाणे भग्गे भवइ? नो तिणट्ठे समट्ठे, एवमेव समणोवासगस्स वि तसेहिं पाणेहिं दण्डे निक्खित्ते, थावरेहिं पाणेहिं दण्डे नो निक्खित्ते तस्स णं तं थावरकायं वहमाणस्स से पच्चक्खाणे नो भङ्गे भवइ, से एवमायाणह? नियण्ठा, से एवमायाणियव्वं."
2766,
2767,"भगवं च णं उदाहु नियण्ठा खलु पुच्छियव्वा आउसन्तो नियण्ठा! इह खलु गाहावइ वा गाहावइपुत्तो वा तहप्पगारेहिं कुलेहिं आगम्म धम्मं सवणवत्तियं उवसङ्कमेज्जा? हन्ता उवसङ्कमेज्जा, तेसिं च णं तहप्पगाराणं धम्मे आइक्खियव्वे? हन्ता आइक्खियव्वे, किं ते तहप्पगारं धम्मं सोच्चा निसम्म एवं वएज्जा- इणमेव निग्गन्थं पावयणं सच्चं अनुत्तरं केवलियं पडिपुण्णं नेयाउयं संसुद्धं सल्लगत्तणं सिद्धिमग्गं मुत्तिमग्गं निज्जाणमग्गं निव्वाणमग्गं अवितहं असन्दिद्धं सव्वदुक्खप्पहीणमग्गं एत्थं ठिया जीवा सिज्झन्ति बुज्झन्ति मुच्चन्ति परिनिव्वायन्ति सव्वदुक्खाणमन्तं करेन्ति, तं आणाए तहा गच्छामो तहा चिट्ठामो तहा निसीयामो तहा तुयट्टामो तहा भुञ्जामो तहा भासामो तहा अब्भुट्ठेमो तहा उट्ठाए उट्ठेमो त्ति पाणाणं भूयाणं जीवाणं सत्ताणं सञ्जमेणं सञ्जमामो त्ति वएज्जा? हन्ता वएज्जा."
2768,
2769,"किं ते तहप्पगारा कप्पन्ति पव्वावेत्तए? हन्ता कप्पन्ति, किं ते तहप्पगारा कप्पन्ति मुण्डावेत्तए? हन्ता कप्पन्ति. किं ते तहप्पगारा कप्पन्ति सिक्खावेत्तए? हन्ता कप्पन्ति. किं ते तहप्पगारा कप्पन्ति उवट्ठावेत्तए? हन्ता कप्पन्ति. किं ते तहप्पगारा कप्पन्ति उवट्ठावेत्तए? हन्ता कप्पन्ति, तेसिं च णं तहप्पगाराणं सव्वपाणेहिं जाव सव्वसत्तेहिं दण्डे निक्खित्ते? हन्ता निक्खित्ते."
2770,
2771,"से णं एयारूवेणं विहारेणं विहरमाणा जाव वासाइं चउपञ्चमाइं छट्ठद्दसमाइं वा अप्पयरो वा भुज्जयरो वा देसं दूइज्जित्ता अगारं वएज्जा? हन्ता वएज्जा. तस्स णं, सव्वपाणेहिं जावसव्वसत्तेहिं दण्डे निक्खित्ते? नोइणट्ठे समट्ठे, से जे से जीवे जस्स परेणं सव्वपाणेहिं जाव सव्वसत्तेहिं दण्डे नो निक्खित्ते."
2772,
2773,"से जे से जीवे जस्स आरेणं सव्वपाणेहिं जाव सत्तेहिं दण्डे निक्खित्ते, से जे से जीवे जस्स इयाणिं सव्वपाणेहिं जाव सत्तेहिं दण्डे नो निक्खित्ते भवइ, परेणं अस्सञ्जए आरेणं सञ्जए, इयाणिं अस्सञ्जए, अस्सञ्जयस्स णं सव्वपाणेहिं जाव सत्तेहिं दण्डे नो निक्खित्ते भवइ, से एवमायाणह? नियण्ठा से एवमायाणियव्वं."
2774,
2775,भगवं च णं उदाहु नियण्ठा खलु पुच्छियव्वा आउसन्तो! नियण्ठा इह खलु परिव्वाइया वा परिव्वाइयाओ वा अन्नयरेहिन्तो तित्थायतणेहिन्तो आगम्म धम्मसवणवत्तियं उवसङ्कमेज्जा? हन्ता उवसङ्कमेज्जा.
2776,
2777,"किं तेसिं तहप्पगारेणं धम्मे आइक्खियव्वे? हन्ता आइक्खियव्वे, तं चेव उवट्ठावित्तए जाव कप्पन्ति ?, हन्ता कप्पन्ति."
2778,
2779,"किं ते तहप्पगारा कप्पन्ति संमुजितए? हन्ता कप्पन्ति, तेणं एयारूवेणं विहारेणं विहरमाणा तं चेव जाव अगारं वएज्जा? हन्ता वएज्जा, ते णं तहप्पगारा कप्पन्ति संमुजित्तए? नो इणट्ठे समट्ठे."
2780,
2781,"से जे से जीवे जे परेणं नो कप्पन्ति सम्भुजित्तए, से जे से जीवे आरेणं कप्पति सम्भुजित्तए, से जे से जीवे जे इयाणि नो कप्पन्ति सम्भुजित्तए, परेणं अस्समणे आरेणं, समणे इयाणिं अस्समणे, अस्समणेणं सद्धिं नो कप्पति समणाणं निग्गन्थाणं सम्भुजित्तए, सेएवमायाणह? नियण्ठा! सेएवमा-याणियव्वं."
2782,
2783,"भगवं च णं उदाहु- सन्तेगइया समणोवासगा भवन्ति, तेसिं च णं एवं वुत्तपुव्वं भवइ नो खलु वयं सञ्चाएमो मुण्डा भवित्ता अगाराओ अनगारियं पव्वइत्तए, वयं णं चाउद्दसट्ठमुद्दिट्ठ-पुण्णमासिणीसु पडिपुण्णं पोसहं सम्मं अनुपालेमाणा विहरिस्सामो, थूलगं पाणाइवायं पच्चक्खाइस्सामो, एवं थूलगं मुसावायं थूलगं अदिन्नादाणं थूलगं मेहुणं थूलगं परिग्गहं पच्चक्खाइस्सामो, इच्छापरिमाणं करिस्सामो, दुविहं तिविहेणं मा खलु ममट्ठाए किञ्चि वि करेह वा कारवेह वा तत्थ वि पच्चक्खाइस्सामो, ते णं अभोच्चा अपिच्चा असिणाइत्ता आसन्दीपेढियाओ पच्चोरूहित्ता ते तहा कालगया किं वत्तव्वं सिया सम्मं कालगय त्ति ?"
2784,
2785,"वत्तव्वं सिया, ते पाणा वि वुच्चन्ति ते तसा वि वुच्चन्ति ते महाकाया ते चिरट्ठिइया ते बहुतरगा पाणा जेहिं समणोवासगस्स सुपच्चक्खायं भवइ, ते अप्पयरगा पाणा जेहिं समणोवासगस्स अपच्चक्खायं भवइ, इति से महयाओ जं णं तुब्भे वयह तं चेव जाव अयम्पि भेदे से नो नेयाउए भवइ."
2786,
2787,"भगवं च णं उदाहु सन्तेगइया समणोवासगा भवन्ति, तेसिं च णं एवं वुत्तपुव्वं भवइ- नो खलु वयं सञ्चाएमो मुण्डा भवित्ता अगाराओ अनगारियं जाव पव्वइत्तए, नो खलु वयं सञ्चाएमो चाउद्दसट्ठमुद्दिट्ठपुण्णमासिणीसु पडिपुण्णं पोसहं सम्मं अनुपालेमाणा विहरित्तए, वयं णं अपच्छिम मारणन्तिय संलेहणा झूसणा झूसिया भत्तपानं पडियाइक्खिया जाव कालं अनवकङ्खमाणा विहरिस्सामो सव्वं पाणाइवायं पच्चक्खाइस्सामो जाव सव्वं परिग्गहं पच्चक्खाइस्सामो तिविहं तिविहेणं, मा खलु ममट्ठाए किञ्चि वि जाव आसन्दीपेढियाओ पच्चोरूहित्ता एते तहा कालगया किं वत्तव्वं सिया सम्मं कालगय त्ति? वत्तव्वं सिया, ते पाणा वि वुच्चन्ति जाव अयं पि भेदे से नो नेयाउए भवइ."
2788,
2789,"भगवं च णं उदाहु- सन्तेगइया मनुस्सा भवन्ति, तं जहा — महिच्छा महारम्भा महापरिग्गहा अहम्मिया जाव दुप्पडियानन्दा जाव सव्वाओ परिग्गहाओ अप्पडिविरया जावज्जीवाए, जेहिं समणोवासगस्स आयाणसो आमरणन्ताए दण्डे निक्खित्ते ते तओ आउगं विप्पजहन्ति विप्पजहित्ता भुज्जो सगमादाए दोग्गइगामिणो भवन्ति, ते पाणा वि वुच्चन्ति ते तसा वि वुच्चन्ति ते महाकाया ते चिरट्ठिइया ते बहुतरगा आयाणसो, इति से महयाओ णं जं णं तुब्भे वदह तं चेव अयम्पि भेदे से नो नेयाउए भवइ |. "
2790,
2791,भगवं च णं उदाहु- सन्तेगइया मनुस्सा भवन्ति तं जहा — अनारम्भा अपरिग्गहा धम्मिया. 
2792,
2793,"धम्माणुया जाव सव्वाओ परिग्गहाओ पडिविरया जावज्जीवाए, जेहिं समणोवासगस्स आयाणसो आमरणन्ताए दण्डे निक्खित्ते ते तओ आउगं विप्पजहन्ति विप्पजहित्ता ते तओ भुज्जो सगमादाए सोग्गइगामिणो भवन्ति, ते पाणा वि वुच्चन्ति जाव नो नेयाउए भवइ."
2794,
2795,"भगवं च णं उन्दाहु- सन्तेगइया मणुस्सा भवन्ति, तं जहा —अप्पिच्छा अप्पारम्भा अप्पपरिग्गहा धम्मिया धम्माणुया जाव एगच्चाओ परिग्गहाओ अप्पडिविरया, जेहिं समणोवासगस्स आयाणसो आमरणन्ताए दण्डे निक्खित्ते, ते तओ आउगं विप्पजहन्ति विप्पजहित्ता, तओ भुज्जो सगमादाए सोग्गइगामिणो भवन्ति, ते पाणा वि वुच्चन्ति जाव नो नेयाउए भवइ."
2796,
2797,"भगवं च णं उदाहु- सन्तेगइया मनुस्सा भवन्ति, तं जहा — आरण्णिया आवसहिया गामनियन्तिया कण्हुई रहस्सिया- जेहिं समणोवासगस्स आयाणसो आमरणन्ताए दण्डे निक्खित्ते भवइ- नो बहुसञ्जया नो बहुपडिविरया सव्वपाणभूय- जीवसत्तेहिं, अप्पणा सच्चामोसाइं एवं विउजन्ति- अहं न हन्तव्वो अण्णं हन्तव्वा जाव कालमासे कालं किच्चा अन्नयराइं आसुरियाइं किब्बिसियाइं ठाणाईं जाव उववत्तारो भवन्ति, तओ विप्पमुच्चमाणा भुज्जो एलमूयत्ताए तमोरूवत्ताए पच्चायन्ति, ते पाणा वि वुच्चन्ति जाव नो नेयाउए भवइ."
2798,
2799,"भगवं च णं उदाहु- सन्तेगइया पाणा दीहाउया जेहिं समणोवासगस्स आयाणसो आमरणन्ताए जाव दण्डे निक्खित्ते भवइ, ते पुव्वामेव कालं करेन्ति करेत्ता पारलोइयत्ताए पच्चायन्ति, ते पाणा वि वुच्चन्ति ते तसा वि वुच्चन्ति ते महाकाया ते चिरिट्ठिइया ते दीहाउया ते बहुयरगा जेहिं समणोवासगस्स सुपच्चक्खायं भवइ नो नेयाउए भवइ."
2800,
2801,"भगवं च णं उदाहु- सन्तेगइया पाणा समाउया, जेहिं समणोवासगस्स आयाणसो आमरणन्ताए जाव दण्डे निक्खित्ते भवइ, ते सयमेव कालं करेन्ति करेत्ता पारलोइयत्ताए पच्चायन्ति, ते पाणा वि वुच्चन्ति ते तसा वि वुच्चन्ति ते महाकाया ते समाउया ते बहुयरगा जेहिं समणोवासगस्स सुपच्चक्खायं भवइ जाव नो नेयाउए भवइ."
2802,
2803,"भगवं च णं उदाहु- सन्तेगइया पाणा अप्पाउया जेहिं समणोवासगस्स आयाणसो आमरणन्ताए जाव दण्डे निक्खित्ते भवइ, ते पुव्वामेव कालं करेन्ति करेत्ता पारलोइयत्ताए पच्चायन्ति, ते पाणा वि वुच्चन्ति ते तसा वि वुच्चन्ति ते महाकाया ते अप्पाउया ते बहुयरगा पाणा जेहिं समणोवासगस्स सुपच्चक्खायं भवइ जाव नो णनेयाउए भवइ."
2804,
2805,"भगवं च णं उदाहु- सन्तेगइया समणोवासगा भवन्ति, तेसिं च णं एवं वुत्तपुव्वं भवइ- नो खलु वयं सञ्चाएमो मुण्डे भवित्ता जाव पव्वइत्तए, नो खलु वयं सञ्चाएमो चाउद्दसट्ठमुद्दिट्ठपुण्णमासिणीसु पडिपुण्णं पोसहं अनुपालित्तए, नो खलु वयं सञ्चाएमो अपच्छिमं जाव विहरित्तए, वयं णं सामाइयं देसावगासियं पुरत्था पाईणं वा पडीणं वा दाहिणं वा उदीणं वा एतावता जाव सव्वपाणेहिं जाव सव्वसत्तेहिं दण्डे निक्खित्ते जाव सव्वपाणभूयजीवसत्तेहिं खेमङ्करे अहमंसि."
2806,
2807,"तत्थ आरेणं जे तसा पाणा जेहिं समणोवासगस्स आयाणसो आमरणन्ताए दण्डे निक्खित्ते, तओ आउं विप्पजहित्ता तत्थ आरेणं चेव जे तसा पाणा, जेहिं समणोवासगस्स आयाणसो जाव तेसु पच्चायन्ति, जेहिं समणोवासगस्स सुपच्चक्खायं भवइ ते पाणा वि जाव अयं पि भेदे से नो नेयाउए भवइ,. "
2808,
2809,"तत्थ आरेणं जे तसा पाणा जेहिं समणोवासगस्स आयाणसो आमरणन्ताए दण्डे निक्खित्ते ते तओ आउं विप्पजहन्ति विप्पजहित्ता तत्थ आरेणं चेव जाव थावरा पाणा जेहिं समणोवासगस्स अट्ठाए दण्डे अनिक्खित्ते अणट्ठाए दण्डे निक्खित्ते तेसु पच्चायन्ति, जेहिं समणोवासगस्स अट्ठाए दण्डे अनिक्खित्ते अणट्ठाए दण्डे निक्खित्ते ते पाणा वि वुच्चन्ति ते तसा ते चिरट्ठिइया जाव अयं पि भेदे से नो नेयाउए भवइ."
2810,
2811,"तत्थ आरेणं जे तसा पाणा जेहिं समणोवासगस्स आयाणसो आमरणन्ताए दण्डे निक्खित्ते ते तओ आउं विप्पजहन्ति विप्पजहित्ता तत्थ परेणं चेव जे तसा थावरा पाणा जेहिं समणोवासगस्स आयाणसो आमरणन्ताए दण्डे निक्खित्ते तेसु पच्चायन्ति तेहिं समणोवासगस्स सुपच्चक्खायं भवइ, ते पाणा वि वुच्चन्ति जाव अयं पि भेदे से नो नेयाउए भवइ."
2812,
2813,तत्थ आरेणं जे थावरा पाणा जेहिं समणोवासगस्स अट्ठाए दण्डे अनिक्खित्ते अणट्ठाए दण्डे निक्खित्ते ते तओ आउं विप्पजहन्ति विप्पजहित्ता तत्थ आरेणं चेव जे तसा पाणा जेहिं समणोवासगस्स आयाणसो आमरणन्ताए दण्डे निक्खित्ते तेसु पच्चायन्ति तेहिं समणोवासगस्स सुपच्चक्खायं भवइ ते पाणावि जाव अयं पि भेदे से नो नेयाउए भवइ. 
2814,
2815,"तत्थ आरेणं जे थावरा पाणा जेहिं समणोवासगस्स अट्ठाए दण्डे अनिक्खित्ते अणट्ठाए दण्डे निक्खित्ते ते तओ आउ विप्पजहन्ति विप्पजहित्ता ते तत्थ आरेणं चेव जे थावरा पाणा जेहिं समणोवासगस्स अट्ठाए दण्डे अनिक्खित्ते अणट्ठाए दण्डे निक्खित्ते तेसु पच्चायन्ति, तेहि समणोवासगस्स अट्ठाए दण्डे अनिक्खित्ते अणट्ठाए दण्डे निक्खित्ते ते पाणा वि जाव अयं पि भेदे से नो नेयाउए भवइ."
2816,
2817,"तत्थ आरेणं जे थावरा पाणा जेहिं समणोवासगस्स अट्ठाए दण्डे अनिक्खित्ते अट्ठाए दण्डे निक्खित्ते तओ आउं विप्पजहन्ति विप्पजहित्ता तत्थ परेणं चेव जे तसा थावरा पाणा जेहिं समणोवासगस्स आयाणसो आमरणन्ताए दण्डे निक्खित्ते तेसु पच्चायन्ति तेहिं समणोवासगस्स सुपच्चक्खायं भवइ, ते पाणा वि जाव अयं पि भेदे से नो नेयाउए भवइ."
2818,
2819,"तत्थ परेणं जे तसथावरा पाणा जेहिं समणोवासगस्स आयाणसो आमरणन्ताए दण्डे निक्खित्ते ते तओ आउं विप्पजहन्ति विप्पजहित्ता तत्थ आरेणं जे तसा पाणा जेहिं समणोवासगस्स आयाणसो आमरणन्ताए दण्डे निक्खित्ते तेसु पच्चायन्ति, तेहिं समणोवासगस्स सुपच्चक्खायं भवइ, ते पाणावि जाव अयं पि भेदे से नो नेयाउए भवइ."
2820,
2821,"तत्थ परेणं जे तसथावरा पाणा जेहिं समणोवासगस्स आयाणसो आमरणन्ताए दण्डे निक्खित्ते ते तओ आउं विप्पजहन्ति विप्पजहित्ता तत्थ आरेणं जे थावरा पाणा जेहिं समणोवासगस्स अट्ठाए दण्डे अनिक्खित्ते अणट्ठाए दण्डे निक्खित्ते तेसु पच्चायन्ति, तेहिं समणोवासगस्स अट्ठाए अनिक्खित्ते अणट्ठाए निक्खित्ते जाव ते पाणावि अयं पि भेदे से नो नेयाउए भवइ."
2822,
2823,तत्थ परेणं जे तसथावरा पाणा जेहिं समणोवासगस्स आयाणसो आमरणन्ताए दण्डे निक्खिते ते तओ आउं विप्पजहन्ति विप्पजहित्ता ते तत्थ परेणं चेव जे तसथावरा पाणा जेहिं समणोवासगस्स आयाणसो आमरणन्ताए दण्डे णिक्खित्ते तेसु पच्चायन्ति तेहिं समणोवासगस्स सुपच्चक्खायं भवइ ते पाणा वि जाव अयं पि भेदे से नो नेयाउए भवइ.
2824,
2825,भगवं च णं उदाहु — न एयं भूयं न एयं भव्वं न एयं भविस्सं जं णं- तसा पाणा वोच्छिज्जिहिन्ति थावरा पाणा भविस्सन्ति थावरा पाणा वि वोच्छिज्जिहिन्ति तसा पाणा भविस्सन्ति अवोच्छिन्नेहिं तसथावरेहिं पाणेहिं जं णं तुब्भे वा अन्नो वा एवं वदह- नत्थि णं से केइ परियाए जाव नो नेयाउए भवइ.
2826,
2827,"भगवं च णं उदाहु — आउसन्तो! उदगा जे खलु समणं वा माहणं वा परिभासइ मित्ति मन्नइ आगमित्ता नाणं, आगमित्ता दंसणं, आगमित्ता चरित्तं, पावाणं कम्माणं अकरणयाए,से खलु परलोग-पलिमन्थत्ताए चिट्ठइ, जे खलु समणं वा माहणं वा नो परिभासइ मित्ति मन्नइ आगमित्ता नाणं आगमित्ता दंसणं आगमित्ता चरित्तं पावाणं कम्माणं अकरणयाए से खलु परलोगविसुद्धीए चिट्ठइ, तए णं से उदए पेढालपुत्ते भगवं गोयमं अनाढायमाणे जामेव दिंसि पाउब्भूए तामेव दिसिं पहारेत्थ गमणाए."
2828,
2829,भगवं च णं उदाहु आउसन्तो उदगा! जे खलु तहाभूतस्स समणस्स वा माहणस्स वा अन्तिए एगमवि आरियं धम्मियं सुवयणं सोच्चा निसम्म अप्पणो चेव सुहुमाए पडिलेहाए अनुत्तरं जोगखेमपयं लम्भिए समाणे सो वि ताव तं आढाइ परिजाणेइ वन्दइ नमंसइ सक्कारेइ सम्माणेइ कल्लाणं मङ्गलं देवयं चेइयं पज्जुवासइ. तए णं से उदए पेढालपुत्ते भगवं गोयमं एवं वयासी —
2830,
2831,"एएसि णं भन्ते! पदाणं पुव्विं अन्नाणयाए असवणायाए अबोहीए अनभिगमेणं अदिट्ठाणं असुयाणं अमुयाणं अविन्नायाणं अव्वोगडाणं अनिगूढाणं अविच्छिन्नाणं अनिसिट्ठाणं अनिवूढाणं अनुवहारियाणं एयमट्ठं नो सद्दहियं नो पत्तियं नो रोइयं, एएसि णं भन्ते! पदाणं एण्हिं जाणयाए सवणयाए बोहीए जाव उवधारणयाए एयमट्ठं सद्दहामि पत्तियामि रोएमि एवामेयं जहा णं तुब्भे वदह,..."
2832,
2833,"तए णं भगवं गोयमे उदगं पेढालपुत्तं एवं वयासी — सद्दाहाहि णं अज्जो! पत्तियाहि णं अज्जो! रोएहि णं अज्जो! एवमेयं जहा णं अम्हे वयामो, तए णं से उदए पेढालपुत्ते भगवं गोयमं एवं वयासी — इच्छामि णं भन्ते! तुब्भं अन्तिए चाउज्जामाओ धम्माओ पञ्चमहव्वइयं सपडिक्कमणं धम्मं उवसम्पज्जित्ताणं विहरित्तए,..."
2834,
2835,"तए णं भगवं गोयमे उदगं पेढालपुत्तं गहाय जेणेव समणे भगवं महावीरे तेणेव उवागच्छइ, उवागच्छइत्ता तए णं से उदए पेढालपुत्ते समणं भगवं महावीरं तिक्खुत्तो आयाहिणं, पयाहिणं करेइ, करेत्ता वन्दइ नमंसइ, वन्दित्ता नमंसित्ता एवं वयासी — इच्छामि णं भन्ते! तुब्भं अन्तिए चाउज्जामाओ धम्माओ पञ्चमहव्वइयं सपडिक्कमणं धम्मं उवसम्पज्जिता णं विहरित्तए."
2836,
2837,"तए णं समणे भावं महावीरे उदयं एवं वयासी — अहासुहं देवाणुप्पिया! मा पडिबन्धं करेहि, तए णं से उदए पेढालपुत्ते समणस्स भगवओ महावीरस्स अन्तिए चाउज्जामाओ धम्माओ पञ्चमहव्वइयं सपडिक्कमणं धम्मं उवसम्पज्जित्ताणं विहरइ."
2838,
2839,त्ति बेमि. 
2840,
2841,
2842,
