line_number,devanagari_text
1,सुयं मे आउसं! तेणं भगवया एवमक्खायं इहमेगेसिं नो सण्णा भवइ.
2,
3,"तं जहा — पुरत्थिमाओ वा दिसाओ आगओ अहमंसि, दाहिणाओ वा दिसाओ आगओ अहमंसि, पच्चत्थिमाओ वा दिसाओ आगओ अहमंसि, उत्तराओ वा दिसाओ आगओ अहमंसि, उड्ढाओ वा दिसाओ आगओ अहमंसि , अहे वा दिसाओ आगओ अहमंसि, अन्नयरीओ वा दिसाओ अनुदिसाओ वा आगओ अहमंसि, एवमेगेसिं नो नातं भवति."
4,
5,"अत्थि मे आया उववाइए, नत्थि मे आया उववाइए, के अहं आसी? के वा इओ चुए इह पॆच्चा भविस्सामि?"
6,
7,"से ज्जं पुण जाणॆज्जा-सहसम्मुइयाए परवागरणेणं अन्नेसिं वा अन्तिए सॊच्चा, तं जहा — पुरत्थिमाओ वा दिसाओ आगओ अहमंसि, दक्खिणाओ वा दिसाओ आगओ अहमंसि, पच्चत्थिमाओ वा दिसाओ आगओ अहमंसि, उत्तराओ वा दिसाओ आगओ अहमंसि उड्ढाओ वा दिसाओ आगओ अहमंसि अहे वा दिसाओ आगओ अहमंसि, अन्नयरीओ वा दिसाओ अनुदिसाओ वा आगओ अहमंसि एवमेगेसिं जं नायं भवइ अत्थि मे आया उववाइए, जो इमाओ दिसाओ अनुदिसाओ वा अनुसञ्चरइ सव्वाओ दिसाओ सव्वाओ अनुदिसाओ, सो ’हं."
8,
9,से आयावादी लोगावादी कम्मावादी किरियावादी.
10,
11,"अकरिस्सं च'हं, कारवेसु च'हं, करओ यावि समणुण्णे भविस्सामि."
12,
13,एयावन्ति सव्वावन्ति लोगंसि कम्म-समारम्भा परिजाणियव्वा भवन्ति.
14,
15,"अपरिण्णायकम्मे खलु अयं पुरिसे जो इमाओ दिसाओ वा अनुदिसाओ वा अनुसञ्चरइ, सव्वाओ दिसाओ सव्वाओ अनुदिसाओ साहेति."
16,
17,अनेगरुवाओ जोणीओ सन्धेइ विरुवरुवे फासे पडिसंवेदेइ.
18,
19,तत्थ खलु भगवता परिण्णा पवेइया.
20,
21,इमस्स चेव जीवियस्स परिवन्दन-मानन-पूयणाए जाई-मरण-मोयणाए दुक्ख-पडिघायहेउं.
22,
23,एयावन्ति सव्वावन्ति लोगंसि कम्म-समारम्भा परिजाणियव्वा भवन्ति.
24,
25,जस्सेते लोगंसि कम्मसमारम्भा परिण्णाया भवन्ति से हु मुनी परिण्णायकम्मे. त्ति बेमि.
26,
27,अट्टे लोए परिजुण्णे दुस्सम्बोहे अविजाणए अस्सि लोए पव्वहिए तत्थ तत्थ पुढो पास आतुरा परितावेन्ति.
28,
29,सन्ति पाणा पुढो सिया लज्जमाणा पुढो पास अनगारा मॊत्ति एगे पवयमाणा जमिणं विरुवरुवेहिं सत्थेहिं पुढवि-कम्म-समारम्भेणं पुढवि-सत्थं समारम्भेमाणा अनेगरुवे पाणे विहिंसति.
30,
31,"तत्थ खलु भगवया परिण्णा पवेइया, इमस्स चेव जीवियस्स परिवन्दन-मानन-पूयणाए जाई-मरण-मोयणाए दुक्खपडिघायहेउं से सयमेव पुढवि-सत्थं समारम्भइ अन्नेहिं वा पुढवि-सत्थं समारम्भावेइ अन्ने वा पुढवि-सत्थं समारम्भन्ते समणुजाणइ."
32,
33,"तं से अहिआए तं से अबोहीए से तं सम्बुज्झमाणे आयाणीयं समुट्ठाए सॊच्चा खलु भगवओ अनगाराणं वा अन्तिए इहमेगेसिं नातं भवति एस खलु गन्थे एस खलु मोहे एस खलु मारे एस खलु निरए इच्चत्थं गड्ढिए लोए जमिणं विरुवरुवेहिं सत्थेहिं पुढवि-कम्म-समारम्भेणं पुढवि-सत्थं समारम्भेमाणे अन्ने अनेगरुवे पाणे विहिंसइ, से बेमि – अप्पेगे अन्धमब्भे अप्पेगे अङ्घमच्छे अप्पेगे पायमब्भे अप्पेगे पायमच्छे अप्पेगे गुप्फमब्भे अप्पेगे गुप्फमच्छे, अप्पेगे जङ्घमब्भे (२), अप्पेगे जानुमब्भे (२), अप्पेगे ऊरुमब्भे (२), अप्पेगे कडिमब्भे (२), अप्पेगे नाभिमब्भे (२), अप्पेगे उदरमब्भे (२), अप्पेगे पासमब्भे (२), अप्पेगे पिट्ठिमब्भे (२), अप्पेगे उरमब्भे (२), अप्पेगे हिययमब्भे (२), अप्पेगे थणमब्भे (२), अप्पेगे खन्धमब्भे (२), अप्पेगे बाहुमब्भे (२), अप्पेगे हत्थमब्भे (२), अप्पेगे अङ्गुलिमब्भे (२), अप्पेगे नहमब्भे (२), अप्पेगे गीवमब्भे (२), अप्पेगे हनुमब्भे (२), अप्पेगे हॊट्ठमब्भे (२), अप्पेगे दन्तमब्भे (२), अप्पेगे जिब्भमब्भे (२), अप्पेगे तालुमब्भे (२), अप्पेगे गलमब्भे (२), अप्पेगे गण्डमब्भे (२), अप्पेगे कण्णमब्भे (२), अप्पेगे नासमब्भे (२), अप्पेहे अच्छिमब्भे (२), अप्पेगे भमुहमब्भे (२), अप्पेगे निडालमब्भे (२), अप्पेगे सीसमब्भे (२), अप्पेगे सम्पमारए अप्पेगे उद्दवए, ऎत्थ सत्थं समारम्भमाणस्स इच्चेते आरम्भा अपरिण्णाता भवन्ति."
34,
35,"ऎत्थं सत्थं असमारम्भमाणस्स इच्चेते आरम्भा परिण्णाता भवन्ति, तं परिण्णाय मेहावी नेव सयं पुढवि-सत्थं समारम्भावॆज्जा, नेव'न्नेहिं पुढवि-सत्थं समारम्भावॆज्जा, नेव'न्ने पुढवि-सत्थं समारम्भन्ते समणुजाणॆज्जा, जस्सेते पुढवि-कम्म-समारम्भा परिण्णाता भवन्ति, से हु मुनी परिण्णातकम्मे – त्ति बेमि."
36,
37,से बेमि — से जहावि अनगारे उज्जुकडे निकायपडिवन्ने अमायं कुव्वमाणे वियाहिए.
38,
39,जाए सद्धाए निक्खन्तो तमेव अनुपालिया विजहित्ता विसॊत्तियं.
40,
41,पणया वीरा महावीहिं.
42,
43,लोगं च आणाए अभिसमॆच्चा अकुतोभयं.
44,
45,"से बेमि — नेव सयं लोगं अब्भाइक्खॆज्जा नेव अत्ताणं अब्भाइक्खॆज्जा, जे लोयं अब्भाइक्खइ से अत्ताणं अब्भाइक्खइ, जे अत्ताणं अब्भाइक्खइ से लोयं अब्भाइक्खइ."
46,
47,"लज्जमाणा पुढो पास अनगारा मॊत्ति एगे पवयमाणा जमिणं विरूवरुवेहिं सत्थेहिं उदय-कम्म-समारम्भेणं उदय-सत्थं समारम्भमाणे अन्ने अनेगरुवे पाणे विहिंसति. तत्थ खलु भगवता परिण्णा पवेदिता. इमस्स चेव जीवियस्स परिवन्दन-मानन-पूयणाए जाई-मरण-मोयणाए दुक्खपडिघायहेउं से सयमेव उदय-सत्थं समारम्भति अन्नेहिं वा उदय-सत्थं समारम्भावेति अन्ने वा उदय-सत्थं समारम्भन्ते समणुजाणति, तं से अहियाए तं से अबोहीए, से तं सम्बुज्झमाणे आयाणीयं समुट्ठाए सॊच्चा भगवओ अनगाराणं वा अन्तिए इहमेगेसिं नायं भवति."
48,
49,एस खलु गन्थे एस खलु मोहे एस खलु मारे एस खलु निरए इच्चत्थं गढिए लोए जमिणं विरुवरुवेहिं सत्थेहिं उदय-कम्म-समारम्भेणं उदयसत्थं समारम्भमाणे अन्ने अनेगरुवे पाणे विहिंसति. से बेमि – सन्ति पाणा उदयनिस्सिया जीवा अनेगे.
50,
51,इहं च खलु भो! अनगाराणं उदयं-जीवा वियाहिया. सत्थं चॆत्थं अणुवीइ पास.
52,
53,पुढो सत्थं पवेइयं.
54,
55,अदुवा अदिन्नादाणं.
56,
57,कप्पइ णे कप्पइ णे पाउं अदुवा विभूसाए.
58,
59,पुढो सत्थेहिं विउट्टन्ति.
60,
61,ऎत्थ'वि तेसिं नो निकरणाए.
62,
63,"ऎत्थ सत्थं समारम्भमाणस्स इच्चेते आरम्भा अपरिण्णाया भवन्ति, ऎत्थ सत्थं असमारम्भमाणस्स इच्चेते आरम्भा परिण्णाया भवन्ति, तं परिण्णाय मेहावी नेव सयं उदयसत्थं समारम्भॆज्जा नेव'न्नेहिं उदय-सत्थं समारम्भावॆज्जा उदय-सत्थं समारम्भन्ते'वि अन्ने न समणुजाणॆज्जा, जस्सेते उदयसत्थ-समारम्भा परिण्णाया भवन्ति से हु मुनी परिण्णात-कम्मे, त्तिबेमि."
64,
65,"से बेमि नेव सयं लोगं अब्भाइक्खॆज्जा नेव अत्ताणं अब्भाइक्खॆज्जा, जे लोगं अब्भाइक्खइ से अत्ताणं अब्भाइक्खइ जे अत्ताणं अब्भाइक्खइ से लोगं अब्भाइक्खइ."
66,
67,"जे दीहलोगसत्थस्स खेयण्णे से असत्थस्स खेयण्णे, जे असत्थस्स खेयण्णे से दीहलोग सत्थस्स खेयण्णे."
68,
69,वीरेहिं एयं अभिभूय दिट्ठं सञ्जतेहिं सया जत्तेहिं सया अप्पमत्तेहिं.
70,
71,जे पमत्ते गुणट्ठिए से हु दण्डॆत्ति पवुच्चति.
72,
73,तं परिण्णाय मेहावी इयाणिं नो जमहं पुव्वमकासी पमाएणं.
74,
75,"लज्जमाणा पुढो पास अनगारा मॊत्ति एगे पवदमाणा जमिणं विरुवरुवेहिं सत्थेहिं अगनि-कम्मसमारम्भेणं अगनिसत्थं समारम्भमाणे अन्ने अनेगरुवे पाणे विहिंसति, तत्थ खलु भगवता परिण्णा पवेइया, इमस्स चेव जीवियस्स परिवन्दन-मानन-पूयणाए जाई-मरण-मोयणाए दुक्खपडिघायहेउं से सयमेव अगनिसत्थं समारभइ अन्नेहिं वा अगनिसत्थं समारम्भावेइ अन्ने वा अगनिसत्थं समारम्भमाणे समणुजाणइ, तं से अहियाए तं से अबोहीयाए, से तं सम्बुज्झमाणे आयाणीयं समुट्ठाए सॊच्चा भगवओ अनगाराणं वा अन्तिए इहमेगेसिं नायं भवति-एस खलु गन्थे एस खलु मोहे एस खलु मारे एस खलु निरए इच्चत्थं गढिए लोए जमिणं विरुवरुवेहिं सत्थेहिं, अगनिकम्म-समारम्भेणं अगनिसत्थं समारम्भमाणे अन्ने अनेगरुवे पाणे विहिंसति."
76,
77,"से बेमि सन्ति पाणा पुढविनिस्सिया तणनिस्सिया पत्तनिस्सिया कट्ठनिस्सिया गोमय-निस्सिया कयवर-निस्सिया सन्ति सम्पातिमा पाणा आहच्च सम्पयन्ति, अगनिं च खलु पुट्ठा एगे सङ्घायमावज्जन्ति; जे तत्थ सङ्घायमावज्जन्ति, ते तत्थ परियावज्जन्ति, जे तत्थ परियावज्जन्ति ते तत्थ उद्दायन्ति."
78,
79,"ऎत्थ सत्थं समारम्भमाणस्स इच्चेते आरम्भा अपरिण्णाया भवन्ति, ऎत्थ सत्थं असमारम्भमाणस्स इच्चेते आरम्भा परिण्णाया भवन्ति, तं परिण्णाय मेहावी नेव सयं अगनिसत्थं समारम्भॆज्जा नेवन्नेहिं अगनिसत्थं समारम्भावॆज्जा अगनिसत्थं समारम्भमाणे अन्ने न समणुजाणॆज्जा जस्सेते अगनि-कम्म-समारम्भा परिण्णाया भवन्ति, से हु मुनी परिण्णाय-कम्मे – त्ति बेमि."
80,
81,"तं णो करिस्सामि समुट्ठाए मत्ता मइमं, अभयं विदित्ता, तं जे णो करए एसोवरए, ऎत्थोवरए एस अनगारॆत्ति पवुच्चइ."
82,
83,"जे गुणे से आवट्टे, जे आवट्टे से गुणे."
84,
85,"उड्ढं अहं तिरियं पाईणं पासमाणे रुवाइं पासति, सुणमाणे सद्दाइं सुणेति."
86,
87,"उड्ढं अहं तिरियं पाईणं मुच्छमाणे रुवेसु मुच्छति, सद्देसु आवि."
88,
89,एस लोए वियाहिए ऎत्थ अगुत्ते अणाणाए.
90,
91,"पुणो-पुणो गुणासाए, वङ्कसमायारे."
92,
93,पमत्ते'गारमावसे.
94,
95,"लज्जमाणा पुढो पास, अनगारा मॊत्ति एगे पवदमाणा जमिणं विरुवरुवेहिं सत्थेहिं वणस्सइ-कम्मसमारम्भेणं वणस्सइसत्थं समारम्भमाणे अन्ने अनेगरुवे पाणे विहिंसति, तत्थ खलु भगवया परिण्णा पवेदिता, इमस्स चेव जीवियस्स परिवन्दन-मानन-पूयणाए जाती-मरण-मोयणाए दुक्खपडिघायहेउं से सयमेव वणस्सइसत्थं समारम्भइ अन्नेहिं वा वणस्सइसत्थं समारम्भावेइ अन्ने वा वणस्सइसत्थं समारम्भमाणे समणुजाणइ, तं से अहियाए, तं से अबोहीए."
96,
97,"से तं सम्बुज्झमाणे आयाणीयं समुट्ठाए सॊच्चा भगवओ अनगाराणं वा अन्तिए इहमेगेसिं नायं भवति — एस खलु गन्थे, एस खलु मोहे एस खलु मारे एस खलु निरए, इच्चत्थं गढिए लोए. जमिणं विरुवरुवेहिं सत्थेहिं वणस्सइ-कम्म-समारम्भेणं वणस्सइ-सत्थं समारम्भमाणे अन्ने अनेगरुवे पाणे विहिंसति."
98,
99,से बेमि इमम्पि जाइधम्मयं एयम्पि जाइधम्मयं इमम्पि वुड्ढिधम्मयं एयम्पि वुड्ढिधम्मयं इमम्पि चित्तमन्तयं एयम्पि चित्तमन्तयं इमम्पि छिन्नं मिलाति एयम्पि छिन्नं मिलाति इमम्पि आहारगं एयम्पि आहारगं इमम्पि अनिच्चयं एयम्पि अनिच्चयं इमम्पि असासयं एयम्पि असासयं [इमम्पि अधुवं एयम्पि अधुवं] इमम्पि चयावचइयं एयम्पि चयावचइयं इमम्पि विपरिणामधम्मयं एयम्पि विपरिणामधम्मयं.
100,
101,"ऎत्थ सत्थं समारम्भमाणस्स इच्चेते आरम्भा अपरिण्णाया भवन्ति, ऎत्थ सत्थं असमारम्भमाणस्स इच्चेते आरम्भा परिण्णाया भवन्ति, तं परिण्णाय मेहावी नेव सयं वणस्सइ-सत्थं समारम्भॆज्जा नेवन्नेहिं वणस्सइ-सत्थं समारम्भावॆज्जा नेवन्ने वणस्सइ-सत्थं समारम्भन्ते समणुजाणॆज्जा, जस्सेते वणस्सइ-सत्थ समारम्भा परिण्णाया भवन्ति, से हु मुनी परिण्णायकम्मे. त्तिबेमि."
102,
103,से बेमि सन्तिमे तसा पाणा तं जहा — अण्डया पोतया जराउया रसया संसेयया संमुच्छिमा उब्भिया ओववाइया एस संसारॆत्ति पवुच्चति.
104,
105,मन्दस्स अवियाणओ.
106,
107,"निज्झाइत्ता पडिलेहित्ता पत्तेयं परिनिव्वाणं सव्वेसिं पाणाणं सव्वेसिं भूयाणं सव्वेसिं जीवाणं सव्वेसिं सत्ताणं अस्सायं अपरिनिव्वाणं महब्भयं दुक्खं, तिबेमि. तसन्ति पाणा पदिसो दिसासु य."
108,
109,तत्थ-तत्थ पुढो पास आतुरा परितावेन्ति.
110,
111,"सन्ति पाणा पुढो सिया, लज्जमाणा पुढो पास अनगारा मॊत्ति एगे पवयमाणा जमिणं विरुवरुवेहिं सत्थेहिं तसकाय-समारम्भेणं तसकाय-सत्थं समारम्भमाणे अन्ने अनेगरुवे पाणे विहिंसति, तत्थ खलु भगवया परिण्णा पवेइया, इमस्स चेव जीवियस्स परिवन्दन-मानन-पूयणाए जाई-मरण-मोयणाए दुक्खपडिघायहेउं से सयमेव तसकाय-सत्थं समारम्भति अन्नेहिं वा तसकाय-सत्थं समारम्भावेइ अन्ने वा तसकाय-सत्थं समारम्भमाणे समणुजाणइ, तं से अहियाए तं से अबोहीए, से तं सम्बुज्झमाणे आयाणीयं समुट्ठाय सॊच्चा भगवओ अनगाराणं वा अन्तिए इहमेगेसिं नायं भवति, एस खलु गन्थे एस खलु मोहे एस खलु मारे एस एस खलु निरए, इच्चत्थं गढिए लोए जमिणं विरुवरुवेहिं सत्थेहिं तसकाय-समारम्भेणं तसकाय-सत्थं समारम्भमाणे अन्ने अनेगरुवे पाणे विहिंसति."
112,
113,"से बेमि – अप्पेगे अच्चाए वहन्ति, अप्पेगे अजिणाए वहन्ति, अप्पेगे मंसाए वहन्ति, अप्पेगे सोणियाए वहन्ति, अप्पेगे हिययाए वहन्ति, अप्पेगे पित्ताए वहन्ति, अप्पेगे वसाए वहन्ति, अप्पेगे पिच्छाए वहन्ति, अप्पेगे पुच्छाए वहन्ति, अप्पेगे बालाए वहन्ति, अप्पेगे सिङ्गाए वहन्ति, अप्पेगे विसाणाए वहन्ति अप्पेगे दन्ताए वहन्ति अप्पेगे दाढाए वहन्ति अप्पेगे नहाए वहन्ति अप्पेगे ण्हारुणीए वहन्ति, अप्पेगे अट्ठीए वहन्ति, अप्पेगे अट्ठिमिञ्जाए वहन्ति, अप्पेगे अट्ठाए वहन्ति, अप्पेगे अणट्ठाए वहन्ति, अप्पेगे हिंसिसु मॆत्ति वा वहन्ति अप्पेगे हिंसन्ति मॆत्ति वा वहन्ति अप्पेगे हिंसिस्सन्ति मॆत्ति वा वहन्ति."
114,
115,"ऎत्थ सत्थं समारम्भमाणस्स इच्चेते आरम्भा अपरिण्णाया भवन्ति, ऎत्थ सत्थं असमारम्भमाणस्स इच्चेते आरम्भा परिण्णाया भवन्ति, तं परिण्णाय मेहावी नेव सयं तसकाय-सत्थं समारम्भॆज्जा नेवन्नेहिं तसकायसत्थं समारम्भावॆज्जा नेव'न्नेहिं तसकाय-सत्थं समारम्भन्ते समणुजाणॆज्जा, जस्सेते तसकाय-सत्थ-समारम्भा परिण्णाया भवन्ति, से हु मुनी परिण्णायकम्मे, त्तिबेमि."
116,
117,पहू एजस्स दुगञ्छणाए.
118,
119,"आयङ्कदंसी अहियं ति नच्चा, जे अज्झत्थं जाणइ से बहिया जाणइ जे बहिया जाणइ से अज्झत्थं जाणइ, एयं तुलमन्नेसिं."
120,
121,इह सन्तिगया दविया नावकङ्खति जीविउं.
122,
123,"लज्जमाणा पुढो पास अनगारा मॊत्ति एगे पवयमाणा जमिणं विरुवरुवेहिं सत्थेहिं वाउकम्म-समारम्भेणं वाउसत्थं समारम्भमाणे अन्ने अनेगरुवे पाणे विहिंसति. तत्थ खलु भगवया परिण्णा पवेइया. इमस्स चेव जीवियस्स परिवन्दन-मानन-पूयणाए जाई-मरण-मोयणाए दुक्खपडिघायहेउं से सयमेव वाउ-सत्थं समारम्भति अन्नेहिं वा वाउ-सत्थं समारम्भावेति अन्ने वा वाउ-सत्थं समारम्भन्ते समणुजाणति, तं से अहियाए तं से अबोहीए, से तं सम्बुज्झमाणे आयाणीयं समुट्ठाए सॊच्चा भगवओ अनगाराणं वा अन्तिए इहमेगेसिं नायं भवति, एस खलु गन्थे एस खलु मोहे एस खलु मारे एस खलु निरए इच्चत्थं गढिए लोए जमिणं विरुवरुवेहिं सत्थेहिं वाउकम्म-समारम्भेणं वाउ-सत्थं समारम्भेमाणे अन्ने अनेगरुवे पाणे विहिंसति."
124,
125,"से बेमि – सन्ति सम्पाइमा पाणा आहच्च सम्पयन्ति य फरिसं च खलु पुट्ठा एगे सङ्घायमावज्जन्ति, जे तत्थ सङ्घायमावज्जन्ति ते तत्थ परियावज्जन्ति, जे तत्थ परियावज्जन्ति ते तत्थ उद्दायन्ति, ऎत्थ सत्थं समारम्भमाणस्स इच्चेते आरम्भा अपरिण्णाया भवन्ति, ऎत्थ सत्थं असमारम्भमाणस्स इच्चेते आरम्भा परिण्णाया भवन्ति, तं परिण्णाय मेहावी नेव सयं वाउ-सत्थं समारम्भॆज्जा नेवन्नेहिं वाउ-सत्थ समारम्भावॆज्जा नेव'न्ने वाउ-सत्थं समारम्भन्ते समणुजाणॆज्जा. जस्सेते वाउ-सत्थ-समारम्भा परिण्णाया भवन्ति, से हु मुनी परिण्णायकम्मे, त्तिबेमि."
126,
127,ऎत्थं पि जाणे उवादीयमाणा जे आयारे न रमन्ति आरम्भमाणा विनयं वियन्ति छन्दोवणीया अज्झोववन्ना आरम्भसत्ता पकरेन्ति सङ्गं.
128,
129,"से वसुमं सव्व-समन्नागय-पण्णाणेणं अप्पाणेणं अकरणिज्जं पावं कम्मं नो अन्नेसिं, तं परिण्णाय मेहावी नेव सयं छज्जीव-निकाय-सत्थं समारम्भॆज्जा नेव'न्नेहिं छज्जीव-निकाय-सत्थं समारम्भावॆज्जा नेव'न्ने छज्जीवनिकाय-सत्थं समारम्भन्ते समणुजाणॆज्जा, जस्सेते छज्जीवनिकाय-सत्थ-समारम्भा परिण्णाया भवन्ति, से हु मुनी परिण्णायकम्मे, त्तिबेमि."
130,
131,[बीअं अज्झयणं – लोगविजओ]
132,
133,"जे गुणे से मूलट्ठाणे, जे मूलट्ठाणे से गुणे इति, से गुणट्ठी महता परियावेण पुणो पुणो वसे पमत्ते, माया मे पिया मे भाया मे भइणी मे भज्जा मे पुत्ता मे घूया मे ण्हुसा मे सहि-सयण-सङ्गन्थ-सन्थुआ मे विवित्तोवगरण-परियट्टण-भोयण-अच्छायणं मे, इच्चत्थं गढिए लोए-वसे पमत्ते अहो य राओ य परितप्पमाणे कालाकाल-समुट्ठाई सञ्जोगट्ठी अट्ठालोभी आलुम्पे सहसाकारे विनिविट्ठचित्ते ऎत्थ सत्थे पुणो-पुणो अप्पं च खलु आउं इहमेगेसिं मानवाणं तं जहा —"
134,
135,"सोय-परिण्णाणेहिं परिहायमाणेहिं, चक्खु-परिण्णाणेहिं परिहायमाणेहिं, घाणपरिण्णा-णेहिं परिहायमाणेहिं, रस-परिण्णाणेहिं परिहायमाणेहिं, फास-परिण्णाणेहिं परिहायमाणेहिं, अभिक्कन्तं च खलु वयं सपेहाए तओ से एगया मूढभावं जनयन्ति."
136,
137,जेहिं वा सद्धिं संवसति ते'वि णं एगदा नियगा पुव्विं परिवयन्ति सो वि ते नियगे पच्छा परिवऎज्जा नालं ते तव ताणाए वा सरणाए वा तुमं पि तेसिं नालं ताणाए वा सरणाए वा से न हस्साए न किड्डा न रतीए न विभूसाए.
138,
139,"इच्चेवं समुट्ठिए अहोविहाराए अन्तरं च खलु इमं सम्पेहाए धीरे मुहुत्तमवि नो पमायए, वओ अच्चेति जॊव्वणं च."
140,
141,जीविए इह जे पमत्ता से हन्ता छॆत्ता भॆत्ता लुम्पित्ता विलुम्पित्ता उद्दवित्ता उत्तासइत्ता अकडं करिस्सामित्ति मन्नमाणे जेहिं वा सद्धिं संवसति ते'वि णं एगया नियगा तं पुव्विं पोसेन्ति सो'वि ते नियगे पच्छा पोसॆज्जा नालं ते तव ताणाए वा सरणाए वा तुमम्पि तेसिं नालं ताणाए वा सरणाए वा.
142,
143,"उवाइय-सेसेण वा सन्निहि-सन्निचओ कज्जइ इहमेगेसिं असञ्जयाण भोयणाए तओ से एगया रोग-समुप्पाया समुप्पज्जन्ति जेहिं वा सद्धिं संवसति ते वा णं एगया नियगा तं पुव्विं परिहरन्ति सो वा ते नियगे पच्छा परिहरॆज्जा, नालं ते तव ताणाए वा सरणाए वा तुमम्पि तेसिं नालं ताणाए वा सरणाए वा."
144,
145,जाणित्तु दुक्खं पत्तेयं सायं.
146,
147,अनभिक्कन्तं च खलु वयं सपेहाए.
148,
149,खणं जाणाहि पण्डिए.
150,
151,जाव सोय-परिण्णाणा अपरिहीना जाव नॆत्त-परिण्णाणा अपरिहीना जाव घाण-परिण्णाणा अपरिहीना जाव जीह-परिण्णाणा अपरिहीना जाव फास-परिण्णाणा अपरिहीना इच्चेतेहिं विरु-वरुवेहिं पण्णाणेहिं अपरिहीनेहिं आयट्ठं संमं समणुवासिज्जासि — त्तिबेमि.
152,
153,"अरइं आउट्टे से मेहावी, खणंसि मुक्के."
154,
155,"अणाणाए पुट्ठा वि एगे नियट्टन्ति, मन्दा मोहेण पाउडा, अपरिग्गहा भविस्सामो समुट्ठाए लद्धे कामे अभिगाहन्ति, अणाणाए मुणिणो पडिलेहन्ति, ऎत्थ मोहे पुणो पुणो सण्णा नो हव्वाए नो पाराए."
156,
157,"विमुक्का हु ते जणा जे जणा पारगामिणो, लोभं अलोभेण दुगञ्छमाणे लद्धे कामे नाभिगाहइ."
158,
159,"विणइत्तु लोभं निक्खम्म एस अकम्मे जाणति-पासति पडिलेहाए नावकङ्खति एस अनगारॆत्ति पवुच्चति, अहो य राओ य परितप्पमाणे कालाकालसमुट्ठाई सञ्जोगट्ठी अट्ठालोभी आलुम्पे सहसक्कारे विनिविट्ठचित्ते ऎत्थ सत्थे पुणो-पुणो से आयबले से नाइबले से सयणबले से मित्तबले से पॆच्च-बले से देव-बले से राय-बले से चोर-बले से अतिहि-बले से किवण-बले से समण-बले इच्चेतेहिं विरुवरुवेहिं कज्जेहिं दण्ड-समायाणं सपेहाए भया कज्जति पावमॊक्खॊत्ति मन्नमाणे अदुवा आसंसाए."
160,
161,"तं परिण्णाय मेहावी नेव सयं एएहिं कज्जेहिं दण्डं समारम्भॆज्जा नेव'न्नं एएहिं कज्जेहिं दण्डं समारम्भावॆज्जा नेव'न्नं एएहिं कज्जेहिं दण्डं समारम्भन्तं समणुजाणॆज्जा, एस मग्गे आरिएहिं पवेइए जहॆत्थ कुसले नोवलिम्पिज्जासि — त्तिबेमि."
162,
163,"से असइं उच्चागोए असइं नीयागोए, नो हीणे नो अइरित्ते नो' पीहए इति सङ्खाय के गोयावादी? के माणावादी? कंसि वा एगे गिज्झे? तम्हा पण्डिए नो हरिसे नो कुज्झे? भूएहिं जाण पडिलेह सातं."
164,
165,समिते एयाणुपस्सी तं जहा — अन्धत्तं बहिरत्तं भूयत्तं काणत्तं कुण्टत्तं खुज्जत्तं वडभत्तं सामत्तं सबलत्तं सह पमाएणं अनेगरुवाओ जोणीओ सन्धावइ विरुवरुवे फासे पडिसंवेदेइ.
166,
167,"से अबुज्झमाणे हतोवहते जाइ-मरणं अनुपरियट्टमाणे, जीवियं पुढो पियं इहमेगेसिं माणवाणं खॆत्त-वत्थु ममायमाणाणं, आरत्तं विरत्तं मणिकुण्डलं सह हिरण्णेण इत्थियाओ परिगिज्झ तत्थेव रत्ता न ऎत्थ तवो वा दमो वा नियमो वा दिस्सति, सम्पुण्णं बाले जीविउकामे लालप्पमाणे मूढे विप्परियासमुवेइ."
168,
169,इणमेव नावकङ्खन्ति जे जणा घुवच्चारिणो
170,जाती-मरणं परिण्णाय चरे सङ्कमणे दढे // आयार.८१
171,
172,"नत्थि कालस्स नागमो, सव्वे पाणा पियाउया सुहसाया दुक्खपडिकूला अप्पियवहा पियजीविणो जीविउकामा, सव्वेसिं जीवियं पियं, तं परिगिज्झ दुपयं चउप्पयं अभिजुञ्जिया णं संसिचिया णं तिविहेणं जा'वि से तत्थ मत्ता भवइ-अप्पा वा बहुगा वा से तत्थ गढिए चिट्ठइ भोयणाए, तओ से एगया विपरिसिट्ठं सम्भूयं महोवगरणं भवइ, तं पि से एगया दायाया वा विभयन्ति, अदत्तहारो वा से अवहरति, रायाणो वा से विलुपन्ति, नस्सति वा से विनस्सति वा से, अगारदाहेण वा से डज्झइ, इति से परस्स अट्ठाए कूराइं कम्माइं बाले पकुव्वमाणे तेण दुक्खेण मूढे विप्परियासमुवेइ, मुणिणा हु एयं पवेइयं अनोहन्तरा एते, नो य ओहं तरित्तए, अतीरङ्गमा एते नो य तीरं गमित्तए, अपारङ्गमा एते नो य पारं गमित्तए, आयाणिज्जं च आयाय तंमि ठाणे न चिट्ठइ, वितहं पप्प'खेयण्णे तम्मि ठाणंमि चिट्ठइ."
173,
174,"उद्देसो पासगस्स नत्थि, बाले पुण निहे कामसमणुण्णे असमियदुक्खे दुक्खी दुक्खाणमेव आवट्टं अणुपरियट्टइ — त्तिबेमि."
175,
176,"तओ से एगया रोग-समुप्पाया समुप्पज्जन्ति जेहिं वा सद्धिं संवसति ते वा णं एगया नियया पुव्विं परिवयन्ति सो वा ते नियगे पच्छा परिवऎज्जा नालं ते तव ताणाए वा सरणाए वा तुमम्पि तेसिं नालं ताणाए वा सरणाए वा जाणित्तु दुक्खं पत्तेयं सायं, भोगा मे व अनुसोयन्ति इहमेगेसिं माणवाणं."
177,
178,"तिविहेण जा'वि से तत्थ मत्ता भवइ अप्पा वा बहुगा वा से तत्थ गढिए चिट्ठति भोयणाए, ततो से एगया विपरिसिट्ठं सम्भूयं महोवगरणं भवति तं पि से एगया दायाया विभयन्ति अदत्तहारो वा से अवहरति रायाणो वा से विलुम्पति नस्सइ वा से विणस्सइ वा से अगारडाहेण वा से डज्झइ इति से परस्स अट्ठाए कूराइं कम्माइं बाले पकुव्वमाणे तेण दुक्खेण मूढे विप्परियासमुवेइ."
179,
180,"आसं च छन्दं च विगिञ्च धिरे! तुमं चेव तं सल्लमाहट्टु, जेण सिया तेण नो सिया इणमेव नावबुज्झन्ति जे जना मोहपाउडा, थीभि लोए पव्वहिए, ते भो! वयन्ति — एयाइं आयतणाइं से दुक्खाए मोहाए माराए नरगाए नरग-तिरिक्खाए सततं मूढे धम्मं नाभिजाणइ उदाहु वीरे अप्पमादो महामोहे, अलं कुसलस्स पमाएणं, सन्तिमरणं सम्पेहाए भेउरधम्मं सम्पेहाए नालं पास अलं ते एएहिं."
181,
182,"एयं पास मुनी! महब्भयं नाइवाऎज्ज कञ्चणं, एस वीरे पसंसिए जे न निविज्जति आदानाए, न मे देति न कुप्पिज्जा, थोवं लद्घुं न खिंसए पडिसेहिओ परिणमिज्जा, एयं मोनं समणुवासॆज्जासि — त्तिबेमि."
183,
184,"जमिणं विरुवरुवेहिं सत्थेहिं लोगस्स कम्म-समारम्भा कज्जन्ति, तं जहा — अप्पणो से पुत्ताणं धूयाणं सुण्हाणं नातीणं धातीणं राईणं दासाणं दासीणं कम्मकराणं कम्मकरीणं आएसाए पुढो पहेणाए सामासाए पायरासाए सन्निहि-सन्निचओ कज्जइ इहमेगेसिं माणवाणं भोयणाए."
185,
186,समुट्ठिए अनगारे आरिए आरियपण्णे आरियदंसी अयंसन्धिति अदक्खु से नाइए नाइयावए न समणुजाणए सव्वामगन्धं परिण्णाय निरामगन्धो परिव्वए.
187,
188,"अदिस्समाणे कय-विक्कएसु से न किणे न किणावए किणन्तं न समणुजाणइ, से भिक्खू कालण्णे बलण्णे मायण्णे खेयण्णे खणयण्णे विणयण्णे ससमयण्णे परसमयण्णे भावण्णे परिग्गहं अममायमाणे कालाणुट्ठाई अपडिण्णे."
189,
190,दुहओ छॆत्ता नियाइ वत्थं पडिग्गहं कम्बलं पायपुञ्छणं उग्गहं च कडासणं एतेसु चेव जाणिज्जा.
191,
192,"लद्धे आहारे अनगारे मायं जाणॆज्जा, से जहेयं भगवया पवेइयं, लाभो त्ति न मज्जॆज्जा, अलाभो त्ति न सोऎज्जा, बहुं पि लद्घुं न निहे, परिग्गहाओ अप्पाणं अवसक्कॆज्जा."
193,
194,"अन्नहा णं पासए परिहरॆज्जा, एस मग्गे आरिएहिं पवेइए, जहॆत्थ कुसले नोवलिम्पिज्जासि त्ति बेमि."
195,
196,"कामा दुरतिक्कमा, जीवियं दुप्पडिवूहगं, कामकामी खलु अयं पुरिसे, से सोयति जूरति तिप्पति परितप्पति."
197,
198,"आयतचक्खू लोगविपस्सी लोगस्स अहो भागं जाणइ, उड्ढं भागं जाणइ, तिरयं भागं जाणइ, गढिए लोए अनुपरियट्टमाणे सन्धिं विदित्ता इह मच्चिएहिं, एस वीरे पसंसिए जे बद्घे पडिमोयए, जहा अन्तो तहा बाहिं जहा बाहिं तहा अन्तो, अन्तो अन्तो पूतिदेहन्तराणि पासति पुढोवि सवन्ताइं पण्डिए पडिलेहाए."
199,
200,"से मइमं परिण्णाय मा य हु लालं पच्चासी, मा तेसु तिरिच्छमप्पाणमावातए, कासङ्कासे खलु अयं पुरिसे, बहुमाई कडेण मूढे, पुणो तं करेइ लोभं वेरं वड्ढेति अप्पणो, जमिणं परिकहिज्जइ इमस्स चेव पडिबूहणयाए, अमरायइ महासड्ढी, अट्टमेतं तु पेहाए अपरिण्णाए कन्दति."
201,
202,"से तं जाणह जमहं बेमि, तेइच्छं पण्डिते पवयमाणे से हन्ता छॆत्ता भॆत्ता लुम्पइत्ता विलुम्पइत्ता उद्दवइत्ता, अकडं करिस्सामित्ति मन्नमाणे, जस्स वि य णं करेइ, अलं बालस्स सङ्गेणं, जे वा से कारेइ बाले, न एवं अनगारस्स जायति — त्तिबेमि."
203,
204,से तं सम्बुज्झमाणे आयाणीयं समुट्ठाए तम्हा पावं कम्मं नेव कुज्जा न कारवॆज्जा.
205,
206,"सिया तत्थ एगयरं विप्परामुसइ छसु अन्नयरंसि कप्पति सुहट्ठी लालप्पमाणे सएण दुक्खेण मूढे विप्परियासमुवेति, सएण विप्पमाएण पुढो वयं पकुव्वति, जंसिमे पाणा पव्वहिया पडिलेहाए नो निकरणाए, एस परिण्णा पवुच्चइ कम्मोवसन्ति."
207,
208,"जे ममाइय-मतिं जहाति से जहाति ममाइयं, से हु दिट्ठपहे मुनी जस्स नत्थि ममाइयं, तं परिण्णाय मेहावी विदित्ता लोगं वन्ता लोगसण्णं से मइमं परक्कमॆज्जासि, त्तिबेमि."
209,
210,"नारतिं सहते, वीरे वीरे नो सहते रतिं"
211,"जम्हा अविमणे वीरे, तम्हा वीरे न रज्जति // आयार.१०१"
212,
213,"सद्दे य फासे अहियासमाणे, निव्विन्द नन्दिं इह जीवियस्स"
214,"मुनी मोनं समादाय, घुणे कम्म-सरीरगं // आयार.१०२"
215,
216,"पन्तं लूहं सेवन्ति वीरा समत्तदंसिणो एस ओघन्तरे मुनी तिण्णे मुत्ते विरते वियाहिते, त्ति बेमि."
217,
218,"दुव्वसु मुनी अणाणाए तुच्छए, गिलाए वत्तए, एस वीरे पसंसिए अच्चेइ लोयसञ्जोयं एस नाए पवुच्चइ."
219,
220,"जं दुक्खं पवेदितं इह माणवाणं तस्स दुक्खस्स कुसला परिण्णमुदाहरन्ति इति कम्मं परिण्णाय सव्वसो, जे अनन्नदंसी से अनन्नारामे जे अनन्नारामे से अनन्नदंसी, जहा पुण्णस्स कत्थइ तहा तुच्छस्स कत्थइ जहा तुच्छस्स कत्थइ तहा पुण्णस्स कत्थइ."
221,
222,"अवि य हणे अनादियमाणे ऎत्थम्पि जाण सेयन्ति नत्थि, के यं पुरिसे कं च नए? एस वीरे पसंसिए जे बद्धे पडिमोयए उड्ढं अहं तिरियं दिसासु, से सव्वतो सव्वपरिण्णचारी न लिप्पई छणपएण, वीरे से मेहावी अनुग्घायणस्स खेयण्णे जे य बन्धप्पमॊक्खमन्नेसी, कुसले पुण नो बद्धे नो मुक्के."
223,
224,से जं च आरम्भे जं च नारभे अनारद्धं च नारभे छणं छणं परिण्णाय लोगसण्णं च सव्वसो.
225,
226,"उद्देसो पासगस्स नत्थि, बाले पुण निहे कामसमणुण्णे असमियदुक्खे दुक्खी दुक्खाणमेव आवट्टं अनुपरियट्टइ — त्तिबेमि."
227,
228,[तइयं अज्झयणं –सीओसणिज्जं]
229,
230,सुत्ता अमुनी सया मुणिणो सया जागरन्ति.
231,
232,"लोयंसि जाण अहियाय दुक्खं, समयं लोगस्स जाणित्ता ऎत्थ सत्थोवरए जस्सिमे सद्दा य रुवा य गन्धा य रसा य फासा य अभिसमन्नागया भवन्ति."
233,
234,"से आयवं नाणवं वेयवं धम्मवं बम्भवं पण्णाणेहिं परियाणइ लोयं, मुनीति वुच्चे धम्मविउ उज्जू आवट्टसोए सङ्गमभिजाणति."
235,
236,सीओसिणच्चाई से निग्गन्थे अरइ-रइ-सहे फरुसियं नो वेदेति जागर-वेरोवरए वीरे एवं दुक्खा पमॊक्खसि जरामच्चुवसोवणीए नरे सययं मूढे धम्मं नाभिजाणति.
237,
238,"पासिय आउरे पाणे अप्पमत्तो परिव्वए, मन्ता य मइमं पास, आरम्भजं दुक्खमिणं ति नच्चा, माई पमाई पुणरेइ गब्भं, उवेहमाणो सद्द-रुवेसु उज्जू माराभिसङ्की मरणा पमुच्चति अप्पमत्तो कामेहिं उवरतो पावकम्मेहिं वीरे आयगुत्ते खेयण्णे, जे पज्जवजाय-सत्थस खेयण्णे से असत्थस्स खेयण्णे जे असत्थस्स खेयण्णे, से पज्जवजायसत्थस्स खेयण्णं, अकम्मस्स ववहारो न विज्जइ, कम्मुणा उवाही जायइ कम्मं च पडिलेहाए."
239,
240,"कम्ममूलं च जं छणं, पडिलेहिय सव्वं समायाय दोहिं अन्तेहिं अदिस्समाणे तं परिण्णाय मेहावी विदित्ता लोगं वन्ता लोगसण्णं से मेहावी परक्कमॆज्जासि — त्तिबेमि."
241,
242,जातिं च वुड्ढिं च इहज्ज! पासं भूतेहिं जाणे पडिलेह सातं
243,तम्हा तिविज्जं परमन्ति नच्चा समत्तदंसी न करेति पावं // आयार.११५
244,
245,उम्मुञ्च पासं इह मच्चिएहिं आरम्भजीवी उभयाणुपस्सी
246,कामेसु गिद्धा निचयं करेन्ति संसिच्चमाणा पुणरेन्ति गब्भं // आयार.११६
247,
248,अवि से हासमासज्ज हन्ता नन्दीति मन्नति
249,अलं बालस्स सङ्गेण वेरं वड्ढेति अप्पणो // आयार.११७
250,
251,तम्हा तिविज्जो परमन्ति नच्चा आयङ्कदंसी न करेति पावं
252,अग्गं च मूलं च विङ्गिच धीरे पलिच्छिन्दिया णं निक्कम्मदंसी // आयार.११८
253,
254,"एस मरणा पमुच्चइ, से हु दिट्ठभए मुनी लोयंसी परमदंसी विवित्तजीवी उवसन्ते समिते सहिते सया जए कालकङ्खी परिव्वए बहुं च खलु पावकम्म पगडं."
255,
256,सच्चंसि धितिं कुव्वहा ऎत्थोवरए मेहावी सव्वं पावकम्मं झोसेति.
257,
258,"अनेगचित्ते खलु अयं पुरिसे, से केयणं अरिहए पूरित्तए से अन्नवहाए अन्नपरियावाए अन्नपरिग्गहाए जणवयवहाए जणवयपरियावाए जनवयपरिग्गहाए."
259,
260,"आसेवित्ता एतमट्ठं इच्चेवेगे समुट्ठिया तम्हा तं बिइयं नो सेवए निस्सारं पासिय नाणी उववायं चवणं अनन्नं चर माहणे, से न छणे न छणावए छणन्तं नानुजाणइ निव्विन्द नन्दि अरते पयासु अनोमदंसी निसन्ने पावेहिं कम्मेहिं."
261,
262,कोहाइमानं हणिया य वीरे लोभस्स पासे निरयं महन्तं
263,तम्हा हि वीरे विरते वहाओ छिन्दॆज्ज सोयं लहुभूयगामी // आयार.१२३
264,
265,गन्थं परिण्णाय इहे'ज्ज वीरे सोयं परिण्णाय चरॆज्ज दन्ते
266,उम्मग्ग लद्घुं इह माणवेहिं नो पाणिणं पाणे समारभॆज्जासि // आयार.१२४
267,
268,त्तिबेमि. 
269,
270,"सन्धिं लोगस्स जाणिता आयओ बहिया पास तम्हा न-हन्ता न विधायए, जमिणं अन्नमन्न वितिगिच्छाए पडिलेहाए न करेइ पावं कम्मं किं तत्थ मुनी कारणं सिया?"
271,
272,समयं तत्थुवेहाए अप्पाणं विप्पासयए
273,अनन्नपरमं नाणी नो पमाए कयाइ वि
274,आयगुत्ते सया वीरे जायामायाए जावए // आयार.१२६
275,
276,विरागं रुवेहिं गच्छॆज्जा महया खुड्डएहि वा आगतिं गतिं परिण्णाय दोहिं वि अन्तेहिं अदिस्समाणेहिं से न छिज्जइ न भिज्जइ न डज्झइ न हम्मइ कञ्चनं सव्वलोए.
277,
278,"अवरेण पुव्वं न सरन्ति एगे, किमस्स तीतं? किं वागमिस्सं?"
279,"भासन्ति एगे इह माणवा उ, जमस्स तीतं तमागमिस्सं // आयार.१२८"
280,
281,"नातीतमट्ठं न य आगमिस्सं, अट्ठं नियच्छन्ति तहागया उ"
282,विधूत-कप्पे एयाणुपस्सी निज्झोसइत्ता खवगे महेसी // आयार.१२९
283,
284,"का अरई के आनन्दे? ऎत्थम्पि अग्गहे चरे, सव्वं हासं परिच्चज्ज, आलीण-गुतो परिव्वए. पुरिसा! तुममेव तुमं मित्तं किं बहिया मित्तमिच्छसि?"
285,
286,"जं जाणॆज्जा उच्चालइयं तं जाणॆज्जा दूरालइयं जं जाणॆज्जा दूरालइयं तं जाणॆज्जा उच्चालइयं, पुरिसा अत्ताणमेव अभिनिगिज्झ एवं दुक्खा पमॊक्खसि पुरिसा सच्चमेव समभिजाणाहि, सच्चस्स आणाए उवट्ठिए से मेहावी मारं तरति, सहिए धम्ममादाय सेयं समनुपस्सति."
287,
288,दुहओ जीवियस्स परिवन्दन-मानन-पूयणाए जंसि एगे पमादेन्ति.
289,
290,"सहिए दुक्खमत्ताए पुट्ठो नो झञ्झाए, पासिमं दविए लोयालोय-पवञ्चाओ मुच्चई, त्तिबेमि."
291,
292,से वन्ता कोहं च मानं च मायं च लोभं च एयं पासगस्स दंसणं उवरयसत्थस्स पलियन्तकरस्स आयाणं सगडब्भि.
293,
294,जे एगं जाणइ से सव्वं जाणइ जे सव्वं जाणइ से एगं जाणइ.
295,
296,"सव्वतो पमत्तस्स भयं, सव्वतो अप्पमत्तस्स नत्थि भयं, जे एगं नामे से बहुं नामे जे बहुं नामे से एगं नामे, दुक्खं लोयस्स जाणित्ता वन्ता लोगस्स सञ्जोगं जन्ति वीरा महाजाणं परेण परं जन्ति, नावकङ्खन्ति जीवियं."
297,
298,"एगं विगिञ्चमाणे पुढो विगिञ्चइ, पुढो विगिञ्चमाणे एगं विगिञ्चइ, सड्ढी आणाए मेहावी लोगं च आणाए अभिसमॆच्चा अकुतोभयं, अत्थि सत्थं परेण परं, नत्थि असत्थं परेण परं."
299,
300,"जे कोहदंसी से मानदंसी, जे मानदंसी से मायादंसी जे मायादंसी से लोभदंसी, जे लोभदंसी से पॆज्जदंसी, जे पॆज्जदंसी से दोसदंसी, जे दोसदंसी से मोहदंसी, जे मोहदंसी से गब्भदंसी, जे गब्भदंसी से जम्मदंसी, जे जम्मदंसी से मारदंसी, जे मारदंसी से निरयदंसी, जे निरयदंसी से तिरियदंसी, जे तिरियदंसी से दुक्खदंसी."
301,
302,"से मेहावी अभिनिवट्टॆज्जा कोहं च मानं च मायं च लोहं च पॆज्जं च दोसं च मोहं च गब्भं च जम्मं च मारं च नरगं च तिरियं च दुक्खं च. एयं पासगस्स दंसणं उवरयसत्थस्स पलियन्तकरस्स आयाणं निसिद्धा सगडब्भि, किमत्थि उवाही पासगस्स न विज्जइ. नत्थि, त्तिबेमि."
303,
304,"से बेमि — जे अईया जे य पडुप्पन्ना जे य आगमॆस्सा अरहन्ता भगवन्तो ते सव्वे एवमाइक्खन्ति एवं भासन्ति एवं पन्नवेन्ति एवं परुवेन्ति — सव्वे पाणा सव्वे भूया सव्वे जीवा सव्वे सत्ता न हन्तव्वा न अज्जावेयव्वा न परिधेतव्वा न परितावेयव्वा न उद्दवेयव्वा, एस धम्मे सुद्धे निइए सासए समिच्चा लोयं खेयण्णेहिं पवेइए, तं जहा — उट्ठिएसु वा अनुट्ठिएसु वा उवट्ठिएसु वा अनुवट्ठिएसु वा उवरयदण्डेसु वा अनुवरयदण्डेसु वा सोवहिएसु वा अनोवहिएसु वा सञ्जोगरएसु वा असञ्जोगरएसु वा तच्चं चेयं तहा चेयं, अस्सिं चेयं पवुच्चइ."
305,
306,"तं आइत्तु न निहे न निक्खिवे, जाणित्तु धम्मं जहा तहा, दिट्ठेहिं निव्वेयं गच्छॆज्जा, नो लोगस्सेसणं चरे."
307,
308,"जस्स नत्थि इमा जाई अन्ना तस्स कओ सिया? दिट्ठं सुयं मयं विण्णायं जमेयं परिकहिज्जइ, समेमाणा पलेमाणा पुणो-पुणो जातिं पकप्पेन्ति."
309,
310,अहो य राओ य जयमाणे वीरे सया आगयपण्णाणे पमत्ते बहिया पास अप्पमत्ते सया परक्कमॆज्जासि -त्तिबेमि.
311,
312,"जे आसवा ते परिस्सवा जे परिस्सवा ते आसवा, जे अनासवा ते अपरिस्सवा जे अपरिस्सवा ते अणासवा, एए पए सम्बुज्झमाणे लोयं च आणाए अभिसमॆच्चा पुढो पवेइयं."
313,
314,"आधाइ नाणी इह माणवाणं संसारपडिवन्नाणं सम्बुज्झमाणाणं विण्णाणपत्ताणं अट्टा वि सन्ता अदुआ पमत्ता अहासच्चमिणं ति बेमि, नाणागमो मच्चुमुहस्स अत्थि, इच्छा पणीया वङ्कानिकेया कालग्गहीआ निचए निविट्ठा पुढो-पुढो जाइं पकप्पयन्ति."
315,
316,"इहमेगेसिं तत्थ-तत्थ सन्थवो भवति, अहोववाइए फासे पडिसंवेदयन्ति, चिट्ठं कूरेहिं कम्मेहिं चिट्ठं परिचिट्ठति, अचिट्ठं कूरेहिं कम्मेहिं नो चिट्ठं परिचिट्ठति, एगे वयन्ति अदुवा वि नाणी नाणी वयन्ति अदुवा वि एगे."
317,
318,"आवन्ति केयावन्ति लोयंसि समणा य माहणा य पुढो विवादं वदन्ति, से दिट्ठं च णे सुयं च णे मयं च णे विण्णायं च णे उड्ढं अहं तिरियं दिसासु सव्वतो सुपडिलेहियं च णे-सव्वे पाणा सव्वे भूया सव्वे जीवा सव्वे सत्तां हन्तव्वा. अज्जवेयव्वा परिघेतव्वा परियावेयव्वा उद्दवेयव्वा, ऎत्थ वि जाणह नत्थित्थ दोसो, अनारियवयणमेयं, तत्थ जे ते आरिया ते एवं वयासी—"
319,
320,"से दुद्दिट्ठं च भे दुस्सुयं च भे दुम्मयं च भे दुव्विण्णायं च भे उड्ढं अहं तिरियं दिसासुसव्वतो दुप्पडिलेहियं च भे, जण्णं तुब्भे एवमाइक्खह एवं भासह एवं परुवेह एवं पण्णवेह — सव्वे पाणा सव्वे भूया सव्वे जीवा सव्वे सत्ता हन्तव्वा अज्जावेयव्वा परिघेतव्वा परियावेयव्वा उद्दवेयव्वा, ऎत्थ वि जाणह नत्थित्थ दोसो, अनारियवयणमेयं."
321,
322,"वयं पुण एवमाइक्खामो एवं भासामो एवं परुवेमो एवं पण्णवेमो सव्वे पाणा सव्वे भूया सव्वे जीवा सव्वे सत्ता न हन्तव्वा न अज्जावेयव्वा न परिघेतव्वा न परियावेयव्वा न उद्दवेयव्वा ऎत्थ वि जाणह नत्थित्थ दोसो आरियवयणमेयं, पुव्वं निकाय समयं पत्तेयं पुच्छिस्सामो — हम्भो पावादुया! किं भे सायं दुक्खं उदहु असायं? समिया पडिवन्ने यावि एवं बूया — सव्वेसिं पाणाणं सव्वेसिं भूयाणं सव्वेसिं जीवाणं सव्वेसिं सत्ताणं असायं अपरिनिव्वाणं महब्भय दुक्खं, त्तिबेमि."
323,
324,"उवेहि णं बहिया य लोयं से सव्वलोगंसि जे केइ विण्णू, अनुवीइ पास निक्खित्तदण्डा, जे केइ सत्ता पलियं चयन्ति, नरा मुयच्चा धम्मविदु त्ति अञ्जू, आरम्भजं दुक्खमिणन्ति नच्चा, एवमाहु संमत्तदंसिणो, ते सव्वे पावाइया दुक्खस्स कुसला परिण्णमुदाहरन्ति इति कम्म परिण्णाय सव्वसो."
325,
326,"इह आणाकङ्खी पण्डिए अनिहे, एगमप्पाणं सम्पेहाए धुणे सरीरं कसेहि अप्पाणं जरेहि अप्पाणं जहा जुण्णाइं कट्ठाइं हव्ववाहो पमत्थति, एवं अत्तसमाहिए अनिहे विगिञ्च कोहं अविकम्पमाणे."
327,
328,"इमं निरुद्धाउयं सम्पेहाए दुक्खं च जाण अदुवागमॆस्सं, पुढो फासाइं च फासे, लोयं च पास विप्फन्दमाणं, जे निव्वुडा पावेहिं कम्मेहिं अनिदाणा ते वियाहिया तम्हा अतिविज्जो नो पडिसञ्जलिज्जासि, त्तिबेमि."
329,
330,"आवीलए पवीलए निप्पीलए जहित्ता पुव्वसञ्जोगं हिच्चा उवसमं, तम्हा अविमणे वीरे सारए समिए सहिते सया जए, दुरनुचरो मग्गो वीराणं अनियट्टगामीणं विगिञ्च मंस-सोणियं, एस पुरिसे दविए वीरे आयाणिज्जे वियाहिए जे धुणाइ समुस्सयं वसित्ता बम्भचेरंसि."
331,
332,"नेतेहिं पलिछिन्नेहिं आयाणसोय-गढिए बाले अव्वॊच्छिन्नबन्धने अनभिक्कन्तसञ्जोए तमंसि अविजाणओ आणाए लम्भो नत्थि, त्तिबेमि."
333,
334,"जस्स नत्थि पुरा पच्छा मज्झे तस्स कुओ सिया? से हुं पण्णाणमन्ते बुद्धे आरम्भोवरए सम्ममेयन्ति पासह जेण बन्धं वहं घोरं परितावं च दारुणं, पलिछिन्दिय बाहिरगं च सोयं निक्कम्मदंसी इह मच्चिएहिं, कम्मुणा सफलं दट्ठुं तओ निज्जाइ वेयवी."
335,
336,"जे खलु भो! वीरा समिता सहिता सदा जया सङ्घडदंसिणो आतोवरया अहातहा लोयं उवेहमाणा पाईणं पडीणं दाहिणं उदीणं इति सच्चंसि परिचिट्ठिंसु, साहिस्सामो नाणं वीराणं समिताणं सहिताणं सदा जयाणं सङ्घडदंसिणं आतोवरयाणं अहा-तहा लोगं उवेहमाणाणं किमत्थि उवाधी पासगस्स? न विज्जति? नत्थि, त्तिबेमि."
337,
338,[पञ्चमं अज्झयणं – लोगसारो]
339,
340,"आवन्ती केआवन्ति लोयंसि विप्परामुसन्ति अट्ठाए अणट्ठाए वा, एएसु चेव विप्परा-मुसन्ति गुरु से कामा तओ से मारस्स अन्तो, जओ से मारस्स अन्तो, तओ से दूरे, नेव से अन्तो नेव से दूरे."
341,
342,"से पासति फुसियमिव कुसग्गे पणुन्नं निवतितं वातेरितं, एवं बालस्स जीवियं मन्दस्स अविजाणओ, कूराणि कम्माइं बाले पकुव्वमाणे तेण दुक्खेण मूढे विप्परियासमुवेइ, मोहेण गब्भं मरणाति एति, ऎत्थ मोहे पुणो-पुणो."
343,
344,"संसयं परिजाणतो संसारे परिण्णाते भवति, संसयं अपरिजाणतो संसारे अपरिण्णाते भवति."
345,
346,"जे छेए से सागारियं न सेवए, कट्टु एवं अविजाणओ बितिया मन्दस्स बालया [पा० जे खलु विसए सेवइ सेवित्ता वा नालोएइ, परेण वा पुट्ठो निण्हवइ, अहवा तं परं सएण वा दोसेण पाविट्ठयरेण वा दोसेणं उवलिम्पिज्जत्ति] लद्धा हुरत्था पडिलेहाए, आगमित्ता आणविज्जा अनासेवणयाए — त्तिबेमि."
347,
348,"पासह एगे रुवेसु गिद्धे परिणिज्जमाणे ऎत्थ फासे पुणो-पुणो आवन्ती केआवन्ती लोयंसि आरम्भजीवी, एएसु चेव आरम्भजीवी, ऎत्थ वि बाले परिपच्चमाणे रमति पावेहिं कम्मेहिं असरणे सरणं ति मन्नमाणे, इहमेगेसिं एगचरिया भवति — से बहुकोहे बहुमाने बहुमाए बहुलोए बहुरए बहुनडे बहुसढे बहुसङ्कप्पे आसवसत्ती पलिउच्छन्ने उट्ठियवायं पवयमाणे मा मे केइ अदक्खू, अन्नाण-पमाय-दोसेणं सययं मूढे धम्मं नाभिजाणइ, अट्टा पया माणव! कम्मकोविया, जे अनुवरया अविज्जाए पलिमॊक्खमाहु आवट्टं एव अनुपरियट्टन्ति, त्तिबेमि."
349,
350,"आवन्ती केआवन्ती लोयंसि अनारम्भजीविणो तेसु, ऎत्थोवरए तं झोसमाणे, अयं सन्धीति अदक्खु, जे इमस्स विग्गहस्स अयं खणॆत्ति मन्नेसी, एस मग्गे आरिएहिं पवेदिते, उट्ठिए नो पमायए, जाणित्तु दुक्खं पत्तेयं सायं, पुढोछन्दा इह मानवा, पुढो दुक्खं पवेदितं, से अविहिंसमाणे अणवयमाणे, पुट्ठो फासे विप्पणोण्णए."
351,
352,"एस समिया-परियाए वियाहिते जे असत्ता पावेहिं कम्मेहिं, उदाहु ते आयङ्का फुसन्ति, इति उदाहु धीरे ते फास पुट्ठो अहियासए, से पुव्विं पेयं पच्छा पेयं भेउर-धम्मं विद्धंसण-धम्मं अधुवं अनितियं असासयं चयावचइयं विपरिणाम-धम्मं पासह एयं रुवं सन्धिं."
353,
354,"समुप्पेहमाणस्स एगायतण-रयस्स इह विप्पमुक्कस्स नत्थि मग्गे विरयस्स, त्तिबेमि."
355,
356,"आवन्ती केआवन्ती लोगंसि परिग्गहावन्ती — से अप्पं वा बहुं वा अणुं वा थूलं वा चित्तमन्तं वा अचित्तमन्तं वा एतेसु चेव परिग्गहावन्ती, एतदेवेगेसिं महब्भयं भवति लोगवित्तं च णं उवेहाए एए सङ्गे अविजाणतो."
357,
358,"से सुपडिबद्धं सूवणीयं ति नच्चा पुरिसा परमचक्खू विपरक्कमा एतेसु चेव बम्भचेरं, से सुयं च मे अज्झत्थियं च मे बन्ध-पमॊक्खो, अज्झत्थेव ऎत्थ विरते अनगारे दीहरायं तितिक्खए, पमत्ते बहिया पास अप्पमत्तो परिव्वए, एयं मोनं सम्मं अनुवासिज्जासि — त्तिबेमि."
359,
360,"आवन्ती केआवन्ती लोयंसि अपरिग्गहावन्ती, एएसु चेव अपरिग्गहावन्ती सॊच्चा वई मेहावी पण्डियाण निसामिया समियाए धम्मे आरिएहिं पवेदिते जहॆत्थ मए सन्धी झोसिए एवमण्णत्थ सन्धी दुज्झोसिए भवति तम्हा बेमि नो निहॆज्ज वीरियं."
361,
362,"जे पुव्वुट्ठाई नो पच्छानिवाई, जे पुव्वुट्ठाई पच्छानिवाई, जे नो पुव्वुट्ठाई नो पच्छा-निवाई, से'वि तारिसए सिया जे परिण्णाय लोगमन्नेसयन्ति."
363,
364,"एयं नियाय मुणिणा पवेदितं — इह आणाकङ्खी पण्डिए, अनिहे, पुव्वावरायं जयमाणे सया सीलं सुपेहाए, सुणिया भवे अकामे अझञ्झे, इमेणं चेव जुज्झाहि किं ते जुज्झेण बज्झओ?"
365,
366,"जुद्धारिहं खलु दुल्लहं जहॆत्थ कुसलेहिं परिण्णा-विवेगे भासिए, चुए हु बाले गब्भाइएसु रज्जइ, अस्सिं चेयं पव्वुच्चति रुवंसि वा छणंसि वा, से हु एगे संविद्धपहे मुनि अन्नहा लोगं उवेहमाणे, इति कम्मं परिण्णाय सव्वसो से न हिंसति सञ्जमति नो पगब्भति उवेहमाणो पत्तेयं सायं, वण्णाएसी नारभे कञ्चनं सव्वलोए, एगप्पमुहे विदिसप्पइण्णे निव्विण्णचारी अरए पयासु."
367,
368,"से वसुमं सव्व-समन्नागय-पन्नाणेणं अप्पाणेणं अकरणिज्जं पावकम्मं तं नो अन्नेसिं, जं सम्मं ति पासहा तं मोणं ति पासहा, जं मोणं ति पासहा तं सम्मं ति पासहा, न इमं सक्कं सिढिलेहिं अद्दिज्जमाणेहिं गुणासाएहिं वङ्कसमायारेहिं पमत्तेहिं गारमावसन्तेहिं, मुनी मोनं समायाए धुणे कम्म-सरीरगं, पन्तं लूहं सेवन्ति वीरा समत्तदंसिणो, एस ओहन्तरे मुनी तिण्णे मुत्ते विरए वियाहिए – त्तिबेमि."
369,
370,गामाणुगामं दूइज्जमाणस्स दुज्जातं दुप्परक्कन्तं भवति अवियत्तस्स भिक्खुणो.
371,
372,"वयसा वि एगे बुइया कुप्पन्ति माणवा, उन्नयमाणे य नरे महता मोहेण मुज्झति, सम्बाहा बहवे भुज्जो-भुज्जो दुरतिक्कमा अजाणतो अपासतो, एयं ते मा होउ एयं कुसलस्स दंसणं, तद्दिट्ठीए तम्मॊत्तीए तप्पुरक्कारे तस्सण्णी तन्निवेसणे जयं विहारी चित्तनिवाती पन्थनिज्झाती, पलीबाहरे पासिय पाणे गच्छॆज्जा."
373,
374,"से अभिक्कममाणे पडिक्कममाणे सङ्कुचेमाणे पसारेमाणे विणिवट्टमाणे सम्पलिज्ज माणे एगया गुणसमियस्स रीयतो कायसम्फासं समणुचिण्णा एगतिया पाणा उद्दायन्ति इहलोग-वेयण वॆज्जावडियं, जं आउट्टिकयं कम्मं तं परिण्णाए विवेगमेति, एवं से अप्पमाएणं विवेगं किट्टति वेयवी."
375,
376,"से पभूयदंसी पभूयपरिन्नाणे उवसन्ते समिए सहिते सया जए दट्ठुं विप्पडिवेदेति अप्पाणं, किमेस जणो करिस्सति? एस से परमारामो जाओ लोगंमि इत्थीओ, मुणिणा हु एतं पवेदितं उब्बाहिज्जमाणे गामधम्मेहिं — अवि निब्बलासए अवि ओमोयरियं कुज्जा अवि उड्ढं ठाणं ठाइज्जा अवि गामाणुगामं दूइज्जॆज्जा अवि आहारं वॊच्छिन्दॆज्जा, अवि चए इत्थीसु मण्णं, पुव्वं दण्डा पच्छा फासा पुव्वं फासा पच्छा दण्डा, इच्चेते कलहा सङ्गकरा भवन्ति, पडिलेहाए आगमॆत्ता आणवॆज्जा अनासेवणाए. त्तिबेमि."
377,
378,"से नो काहिए नो पासणिए नो सम्पसारणिए नो मामए नो कयकिरिए वइगुत्ते अज्झप्पसंवुडे परिवज्जए सदा पावं, एतं मोणं समणुवासिज्जासि — त्तिबेमि."
379,
380,"से बेमि — तं जहा अवि हरए पडिपुण्णे चिट्ठइ समंसि भोमे उवसन्तरए सारक्खमाणे, से चिट्ठति सोयमज्झगए, से पास सव्वतो गुत्ते, पास लोए महेसिणो जे य पण्णाणमन्ता पबुद्धा आरम्भोवरया, सम्ममेयन्ति पासह, कालस्स कङ्खाए परिव्वयन्ति, त्तिबेमि."
381,
382,"वितिगिच्छ समावन्नेणं अप्पाणेणं नो लभति समाधिं, सिया वेगे अनुगच्छन्ति, असिया वेगे अनुगच्छन्ति, अनुगच्छमाणेहिं अननुगच्छमाणे कहं न निव्विज्जे?"
383,
384,तमेव सच्चं नीसङ्कं जं जिणेहिं पवेइयं.
385,
386,"सड्ढिस्स णं समणुण्णस्स सम्पव्वयमाणस्स: — समियन्ति मन्नमाणस्स एगया समिया होइ, समियन्ति मन्नमाणस्स एगया असमिया होइ, असमियन्ति मन्नमाणस्स एगया असमिया होइ, असमियन्ति मन्नमाणस्स एगया असमिया होइ, समियन्ति मन्नमाणस्स समिया वा असमिया वा समिया होइ उवेहाए, असमियन्ति मन्नमाणस्स समिया वा असमिया वा असमिया होइ उवेहाए, उवेहमाणो अणुवेहमाणं बूया उवेहाहि समियाए इच्चेवं तत्थ सन्धी झोसितो भवति, उट्ठियस्स ठियस्स गतिं समनुपासह, ऎत्थवि बालभावे अप्पाणं नो उवदंसॆज्जा."
387,
388,"तुमंसि नाम सच्चेव जं हन्तव्वं ति मन्नसि, तुमंसि नाम सच्चेव जं अज्जावेयव्वं ति मन्नसि, तुमंसि नाम सच्चेव जं परितावेयव्वं ति मन्नसि, तुमंसि नाम सच्चेव जं परिघेतव्वं ति मन्नसि, तुमंसि नाम सच्चेव जं उद्दवेयव्वं ति मन्नसि, अञ्जू चेय पडिबुद्ध-जीवी तम्हा न हन्ता न वि घायए अणुसंवेयणमप्पाणेणं जं हन्तव्वं ति नाभिपत्थए."
389,
390,"जे आया से विण्णाया जे विण्णाया से आया, जेण विजाणति से आया, तं पडुच्च पडिसङ्खाए एस आयावादी समियाए — परियाए वियाहिते, त्तिबेमि."
391,
392,अणाणाए एगे सोवट्ठाणा आणाए एगे निरुवट्ठाणा एतं ते मा होउ एयं कुसलस्स दंसणं तद्दिट्ठीए तम्मुत्तीए तप्पुरक्कारे तरसण्णी तन्निवेसणे.
393,
394,"अभिभूय अदक्खू, अणभिभूते पभू निरालम्बणयाए, जे महं अबहिमणे पवाएणं पवायं जाणॆज्जा सहसंमइयाए परवागरणेणं अन्नेसिं वा अन्तिए सॊच्चा."
395,
396,"निद्देसं नातिवट्टॆज्जा मेहावी सुपडिलेहिया सव्वतो सव्वप्पणा सम्मं समभिण्णाय, इहारामं परिण्णाय अल्लीणगुत्तो आरामो परिव्वए,निट्ठियट्ठी वीरे आगमेण सदा परक्कमॆज्जासि, त्तिबेमि. "
397,
398,"उड्ढं सोता अहे सोता, तिरियं सोता वियाहिया"
399,"एते सोया वियक्खाया, जेहिं सङ्गति पासहा // आयार.१८२"
400,
401,"आवट्टं तुं उवेहाए ऎत्थ विरमॆज्ज, वेयवी, विणऎत्तु सोयं, निक्खम्म एस महं अकम्मा जाणति पासति पडिलेहाए नावकङ्खति इह आगतिं गतिं परिण्णाय."
402,
403,"अच्चेइ जाई-मरणस्स वट्टमग्गं विक्खाय-रए, सव्वे सरा नियट्टन्ति तक्का जत्थ न विज्जइ, मई तत्थ न गाहिया, ओए अप्पतिट्ठाणस्स खेयन्ने, से न दीहे न हस्से न वट्टे न तंसे न चउरंसे न परिमण्डले, न किण्हे न नीले न लोहिए न हालिद्दे न सुक्किल्ले, न सुरभिगन्धे न दुरभिगन्धे, न तित्ते न कडुए न कसाए न अम्बिले न महुरे, न कक्खडे न मउए न गरुए न लहुए न सीए न उण्हे न णिद्धे न लुक्खे न काऊ न रुहे, न सङ्गे न इत्थी न पुरिसे न अन्नहा, परिण्णे सण्णे उवमा न विज्जए, अरुवी सत्ता, अपयस्स पयं नत्थि."
404,
405,"से न सद्दे न रुवे न गन्धे न रसे न फासे इच्चेव, त्तिबेमि."
406,
407,[छट्ठं अज्झयणं – धुयं]
408,
409,"ओबुज्झमाणे इह माणवेसु आघाइ से नरे, जस्सिमाओ जाइओ सव्वओ सुपडि-लेहियाओ भवन्ति, आघाइ से नाणमनेलिसं, से किट्टति तेसिं समुट्ठियाणं निक्खित्तदण्डाणं समाहियाणं पण्णाणमन्ताणं इह मुत्तिमग्गं एवं एगे महावीरा विप्परक्कमन्ति, पासह एगे अवसीयमाणे अणत्तपण्णे, से बेमि– से जहा वि कुम्मे हरए विनिविट्ठचित्ते पच्छन्नपलासे उम्मग्गं से नो लहइ भञ्जगा इव सन्निवेसं, नो चयन्ति एवं एगे अनेगरुवेहिं कुलेहिं जाया रुवेहिं सत्ता कलुणं थणन्ति, नियाणाओ ते न लभन्ति मॊक्खं, अह पास तेहिं — कुलेहिं आयत्ताए जाया."
410,
411,"गण्डी अदुवा कोढी, रायंसी अवमारियं"
412,"काणियं झिमियं चेव, कुणियं खुज्जियं तहा // आयार.१८७"
413,
414,"उदरिं पास मूयं च, सूणिअं च गिलासिणिं"
415,"वेवइं पीढसप्पिं च, सिलिवयं महुमेहणिं // आयार.१८८"
416,
417,"सोलस एते रोगा, अक्खाया अणुपुव्वसो"
418,"अह णं फुसन्ति आयङ्का, फासा य असमञ्जसा // आयार.१८९"
419,
420,"मरणं तेसिं सम्पेहाए उववायं चयणं च नच्चा. परियागं च सम्पेहाए. तं सुणेह जहा तहा सन्ति पाणा अन्धा तमंसि वियाहिया तामेव सइं असइं अतिअच्च उच्चावयफासे पडिसंवेदेन्ति, बुद्धेहिं एयं पवेदितं सन्ति पाणा वासगा रसगा उदए उदयचरा आगासगामिणो, पाणा पाणे किलेसन्ति, पास लोए महब्भयं."
421,
422,"बहुदुक्खा हु जन्तवो, सत्ता कामेसु माणवा, अबलेण वहं गच्छन्ति सरीरेण पभङ्गुरेण, अट्टे से बहुदुक्खे, इति बाले पगब्भइ, एते रोगे बहू नच्चा आउरा परितावए, नालं पास, अलं तवेएहिं, एयं पास मुनी! महब्भयं नातिवाऎज्ज कञ्चनं."
423,
424,"आयाण भो, सुस्सूस, भो धूयवादं पवेदइस्सामि, इह खलु अत्तत्ताए तेहिं-तेहिं कुलेहिं अभिसेएण अभिसम्भूता, अभिसञ्जाता अभिनिव्वट्टा अभिसंवुड्ढा अभिसम्बुद्धा अभिनिक्खन्ता अणुपुव्वेण."
425,
426,"महामुनी! तं परक्कमन्तं परिदेवमाणा मा चयाहि इति ते वदन्ति, छन्दोवणीया अज्झोववन्ना अक्कन्दकारी जणगा रुयन्ति. अतारिसे मुनी, नो ओहन्तरए जणगा जेण विप्पजढा, सरणं तत्थ नो समेति, किह नाम से तत्थ रमति? एयं नाणं सया समणुवासिज्जासि — त्तिबेमि."
427,
428,"आतुरं लोयमायाए चइत्ता पुव्वसञ्जोगं हिच्चा उवसमं वसित्ता बम्भचेरंसि वसु वा अनुवसु वा जाणित्तु धम्मं अहा तहा, अहेगे तमचाइ कुसीला."
429,
430,"वत्थं पडिग्गहं कम्बलं पायपुञ्छणं विउसिज्जा, अनुपुव्वेण अणहियासेमाणा परीसहे दुरहियासए, कामे ममायमाणस्स इयाणिं वा मुहुत्तेण वा अपरिमाणाए भेदे, एवं से अन्तराइएहिं कामेहिं आकेवलिएहिं, अवितिण्णा चेए."
431,
432,"अहेगे धम्ममादाय आयाणप्पभिइसु पणिहिए चरे अप्पलीयमाणे दढे सव्वं गेहिं परिण्णाय, एस पणए महामुनी अइअच्च सव्वतो सङ्गं, न महं अत्थित्ति इति एगो अहं, अस्सिं जयमाणे ऎत्थ विरते अनगारे सव्वओ मुण्डे रीयन्ते जे अचेले परिवुसिए सञ्चिक्खति ओमोयरियाए, से अक्कुट्ठे वा हए वा लूसिए वा पलियं पगन्थे अदुवा पगन्थे अतहेहिं सद्द-फासेहिं, इति सङ्खाए एगतरे अन्नयरे अभिण्णाय तितिक्खमाणे परिव्वए, जे य हिरी जे य अहिरीमणा."
433,
434,"चिच्चा सव्वं विसॊत्तियं फासे समियदंसणे, एते भो नगिना वुत्ता जे लोगंसि अनागमनधम्मिणो आणाए मामगं धम्मं, एस उत्तरवादे इह माणवाणं वियाहिते, ऎत्थोवरए तं झोसमाणे आयाणिज्जं परिण्णाय परियाएण विगिञ्चइ, इहमेगेसिं एगचरिया होति तत्थियराइयरेहिं कुलेहिं सुद्धेसणाए सव्वेसणाए से मेहावी परिव्वए सुब्भिं अदुवा दुब्भिं, अदुवा तत्थ भेरवा पाणा पाणे किलेसन्ति, ते फासे पुट्ठो धीरो अहियासॆज्जासि — त्ति बेमि."
435,
436,"एयं खु मुनी आयाणं सया सुअक्खायधम्मे विधूतकप्पे निज्झोसइत्ता जे अचेले परिवुसिए तस्स णं भिक्खुस्स नो एवं भवइ परिजुण्णे मे वत्थे वत्थं जाइस्सामि सुत्तं जाइस्सामि सूइं जाइस्सामि सन्धिस्सामि सीवीस्सामि उक्कसिस्सामि वॊक्कसिस्सामि परिहिस्सामि पाउणिस्सामि, अदुवा तत्थ परक्कमन्तं भुज्जो अचेलं तणफासा फुसन्ति सीयफासा फुसन्ति तेउफासा फुसन्ति दंसमसगफासा फुसन्ति एगयरे अन्नयरे विरुवरुवे फासे अहियासेति अचेले लाघवं आगममाणे तवे से अभिसमन्नागए भवति जहेयं भगवता पवेदितं तमेव अभिसमॆच्चा सव्वतो सव्वत्ताए संमत्तमेव समभिजाणिया, एवं तेसिं महावीराणं चिरराइं पुव्वाइं वासाणि रीयमाणाणं दवियाणं पास अहियासियं."
437,
438,"आगयपण्णाणाणं किसा बाहवो भवन्ति पयणुए य मंससोणिए विस्सेणिं कट्टु परिण्णाए, एस तिण्णे मुत्ते विरए वियाहिए, त्तिबेमि."
439,
440,"विरयं भिक्खुं रीयन्तं चिररातोसियं अरती तत्थ किं विधारए? सङ्घेमाणे समुट्ठिए, जहा से दीवे असन्दीणे एवं से धम्मे आयरिय-पदेसिए ते अणवकङ्खमाणा पाणे अणतिवाएमाणा जइया मेहाविणो पण्डिया, एवं तेसिं भगवओ अणुट्ठाणे जहा से दियापोए एवं ते सिस्सा दिया य राओ य अनु-पुव्वेण वाइय — त्तिबेमि."
441,
442,"एवं ते सिस्सा दिया य राओ य अनुपुव्वेण वाइया तेहिं महावीरेहिं पण्णाणमन्तेहिं, तेसिमन्तिए पण्णाणमुवलब्भ हिच्चा उवसमं फारुसियं समादियन्ति वसित्ता बम्भचेरंसि आणं तं नो त्ति मन्नमाणा, अग्घायं तु सॊच्चा निसम्म समणुण्णा जीविस्सामो, एगे निक्खंमते असम्भवन्ता विडज्झमाणा कामेहिं गिद्धा अज्झोववन्ना समाहिमाघायम झोसयन्ता सत्थारमेव फरुसं वदन्ति."
443,
444,"सीलमन्ता उपवसन्ता सङ्खाए रीयमाणा, असीला अनुवयमाणा बितिया मन्दस्स बालया. "
445,
446,"नियट्टमाणा वेगे आयार-गोयरमाइक्खन्ति, नाणभट्ठा दंसणलूसिणो."
447,
448,"नममाणा वेगे जीवितं विप्परिणामेन्ति, पुट्ठा वेगे नियट्ठन्ति जीवियस्सेव कारणा, निक्खन्तं पि तेसिं दुन्निक्खन्तं भवति, बालवयणिज्जा हु ते नरा पुणो-पुणो जातिं पकप्पेन्ति, अहे सम्भवन्ता विद्दायमाणा अहमंसीति विउक्कसे उदासीने फरुसं वदन्ति, पलियं पगन्थे अदुवा पगन्थे अतहेहिं, तं वा मेहावी जाणिज्जा धम्मं."
449,
450,"अहम्मट्ठी तुमंसि नाम बाले आरम्भट्ठी अनुवयमाणे हणमाणे घायमाणे हणओ यावि समणुजाणमाणे, घोरे घम्मे, उदीरिए उवेहइ णं अणाणाए, एस विसण्णे वितद्दे वियाहिते, त्तिबेमि."
451,
452,"किमनेन भो जणेण करिस्सामित्ति मन्नमाणा — एवं एगे वइत्ता मातरं पितरं हिच्चा नातओ य परिग्गहं वीरायमाणा समुट्ठाए अविहिंसा सुव्वया दन्ता, अहेगे पस्स दीणे उप्पइए पडिवयमाणे, वसट्टा कायरा जना लूसगा भवन्ति, अहमेगेसिं सिलोए पावए भवइ, से समणो भवित्ता विब्भन्ते विब्भन्ते पासहेगे समन्नागएहिं सहअसमन्नागए नममाणेहिं अनममाणे विरतेहिं अविरते दविएहिं अदविए, अभिसमॆच्चा पण्डिए मेहावी निट्ठियट्ठे वीरे आगमेणं सया परक्कमॆज्जासि, त्तिबेमि."
453,
454,"से गिहेसु वा गिहन्तरेसु वा गामेसु वा गामन्तरेसु वा नगरेसु वा नगरन्तरेसु वा जनवएसु वा जनवयन्तरेसु वा गामनयरन्तरे वा गामजनवयन्तरे वा नगरजनवयन्तरे वा सन्तेगइया जना लूसगा भवन्ति अदुवा फासा फुसन्ति ते फासे पुट्ठो वीरो अहियासए, ओए समियदंसणे, दयं लोगस्स जाणित्ता पाईणं पडीणं उदीणं आइक्खे, विभए किट्टे वेयवी, जे खलु समणे बहुस्सुए बज्झागमे आहरणहेउकुसले धम्मकहालद्धिसम्पन्ने खॆत्तं कालं पुरिसं समासज्ज के'यं पुरिसे? कं वा नए? से उट्ठिएसु वा अनुट्ठिएसु वा सुस्सूसमाणेसु पवेदए-सन्ति विरतिं उवसमं निव्वाणं सोयवियं अज्जवियं मद्दवियं लाघवियं. अणइवत्तियं सव्वेसिं पाणाणं सव्वेसिं भूयाणं सव्वेसिं जीवाणं सव्वेसिं सत्ताणं अनुवीइ भिक्खू घम्ममाइक्खॆज्जा."
455,
456,"अनुवीइ भिक्खू घम्ममाइक्खमाणे नो अत्ताणं आसाऎज्जा नो परं आसाऎज्जा नो अन्नाइं पाणाइं भूयाइं सत्ताइं आसाऎज्जा, से अनासादए अनासादमाणे वज्झमाणाणं पाणाणं भूयाणं जीवाणं सत्ताणं जहा से दीवे असन्दीणे एवं से भवइ सरणं महामुनी, एवं से उट्ठिए ठियप्पा अनिहे अचले चले अबहिलॆस्से परिव्वए, सङ्खाय पेसलं धम्मं दिट्ठिमं परिनिव्वुडे, तम्हा सङ्गं ति पासह, गन्थेहिं गढिया नरा विसण्णा कामविप्पिया, तम्हा लूहाओ नो परिवित्तसॆज्जा, जस्सिमे आरम्भा सव्वतो सव्वत्ताए सुपरिण्णाया भवन्ति, जेसिमे लूसिणो नो परिवित्तसन्ति, से वन्ता कोहं च मानं च मायं च लोभं च एस तुट्टे वियाहिते, त्तिबेमि."
457,
458,"कायस्स वियावाए एस सङ्गामसीसे वियाहिए, से हु पारङ्गमे मुनी अवि हम्ममाणे फलगावयट्ठि कालोवणीते कङ्खॆज्ज कालं जाव सरीरभेउ — त्तिबेमि."
459,
460,[सत्तमं अज्झयणं – विवन्नं]
461,
462,[अट्ठमं अज्झयणं – विमॊक्खो]
463,
464,"से बेमि – समणुण्णस्स वा असमणुण्णस्स वा असनं वा पानं वा खाइमं वा साइमं वा वत्थं वा पडिग्गहं वा कम्बलं वा पायपुञ्छणं वा नो पाऎज्जा नो निमन्तॆज्जा नो कुज्जा वेयावडियं — परं आढायमाणे, त्तिबेमि."
465,
466,"धुवं चेयं जाणॆज्जा — असनं वा पानं वा खाइमं वा साइमं वा वत्थं वा पडिग्गहं वा पायपुञ्छणं वा लभिया नो लभिया भुञ्जिया नो भुञ्जिया पन्थं विउत्ता विउक्कम्म विभत्तं धम्मं झोसेमाणे समेमाणे चलेमाणे पलेमाणे पाऎज्जा वा निमन्तॆज्ज वा कुज्जा वेयावडियं परं अनाढायमाणे, त्तिबेमि."
467,
468,इहमेगेसिं आयार-गोयरे नो सुनिसन्ते भवति ते इह आरम्भट्ठी अनुवयमाणा हणमाणा घायमाणा हणतो यावि समणुजाणमाणा अदुवा अदिन्नमाइयन्ति अदुवा वायाओ विउञ्जन्ति तं जहा — अत्थि लोए नत्थि लोए धुवे लोए अधुवे लोए साइए लोए अनइए लोए सपज्जवसिते लोए अपज्जवसिते लोए सुकडॆत्ति वा दुक्कडॆत्ति वा कल्लाणॆत्ति वा पावॆत्ति वा साहुत्ति वा असाहुत्ति वा सिद्धीत्ति वा असिद्धीत्ति वा निरऎत्ति वा अनिरऎत्ति वा जमिणं विप्पडिवण्णा मामगं धम्मं पन्नवेमाणा ऎत्थवि जाणह अकस्मात एवं तेसिं नो सुअक्खाए धम्मे नो सुपन्नत्ते धम्मे भवति.
469,
470,"से जहेयं भगवया पवेदितं आसुपन्नेण जाणया पासया अदुवा गुत्ती वओगोयरस्स, त्तिबेमि. सव्वत्थ संमयं पावं तमेव उवाइक्कम्म एस महं विवेगे वियाहिते, गामे वा अदुवा रण्णे नेव गामे नेव रण्णे घम्ममायाणेह — पवेदितं माहणेण मईमया, जामा तिन्नि उदाहिया जेसु इमे आयरिया सम्बुज्झमाणा समुट्ठिया, जे निव्वुया पावेहिं कम्मेहिं अनियाणा ते वियाहिया."
471,
472,"उड्ढं अहं तिरयं दिसासु सव्वतो सव्वावन्ति च णं पाडियक्कं जीवेहिं कम्मसमारम्भेणं तं परिन्नाय मेहावी नेव सयं एतेहिं काएहिं दण्डं समारम्भॆज्जा नेव'न्नेहिं एतेहिं काएहिं दण्डं समारम्भावॆज्जा नेव'न्ने एतेहिं काएहिं दण्ड समारम्भन्ते वि समणुजाणॆज्जा, जे'वन्ने एतेहिं काएहिं दण्डं समारम्भन्ति तेसिं पि वयं लज्जामो, तं परिण्णाय मेहावी तं वा दण्डं अन्नं वा दण्डं नो दण्डभी दण्डं समारम्भॆज्जासि — त्तिबेमि."
473,
474,"से भिक्खू परक्कमॆज्ज वा चिट्ठॆज्ज वा निसीऎज्ज वा तुयट्टॆज्ज वा सुसाणंसि वा सुन्नागरंसि वा गिरिगुहंसि वा रुक्खमूलंसि वा कुम्भारायतणंसि वा हुरत्था वा कहिञ्चि विहरमाणं तं भिक्खुं उवसङ्कभित्तुं गाहावती बूया आउसन्तो समणा! अहं खलु तव अट्ठाए असनं वा पानं वा खाइमं वा साइमं वा वत्थं वा पडिग्गहं वा कम्बलं वा पायपुञ्छणं वा पाणाइं भूयाइं जीवाइं सत्ताइं समारब्भ समुद्दिस्स कीयं पामिच्चं अच्छॆज्जं अनिसट्ठं अभिहडं आहट्टु चेतेमि आवसहं वा समुस्सिणोमि से भुञ्जह वसह आउसन्तो समणा! भिक्खू तं गाहावति समणसं सवयसं पडियाइक्खे-आउसन्तो! गाहावती नो खलु ते वयणं आढामि नो खलु ते वयणं परिजाणामि जो तुमं मम अट्ठाए असनं वा पानं वा खाइमं वा साइमं वा वत्थं वा पडिग्गहं वा कम्बंल वा पायपुञ्छणं वा पाणाइं भूयाइं जीवाइं सत्ताइं समारब्भ समुद्दिस्स कीयं पामिच्चं अच्छॆज्जं अनिसट्ठं अभिहडं आहट्टु चेएसि आवसहं वा समुस्सिणासि, से विरतो आउसो गाहावती! एयस्स अकरणाए."
475,
476,"से भिक्खू परक्कमॆज्ज वा [चिट्ठॆज्ज वा निसीऎज्ज वा तुयट्टॆज्ज वा सुसाणंसि वा जाव हुरत्था वा कहिञ्चि विहरमाणं तं भिक्खुं उवसङ्कमित्तु गाहावती आयगयाए पेहाए असनं वा पानं वा खाइमं वा साइमं वा वत्थं वा पडिग्गहं वा कम्बलं वा पायपुञ्छणं वा जाव चेएइ आवसहं वा समुस्सिणाति तं भिक्खूं परिघासेउं, तं च भिक्खू जाणॆज्जा — सहसंमइयाए परवागरणेणं अन्नेसिं वा अन्तिए सॊच्चा अयं खलु गाहावई मम अट्ठाए असनं वा पानं वा आवसहं वा समुस्सिणाति, तं च भिक्खू पडिलेहाए आगमॆत्ता आणवॆज्जा अनासेवणाए, त्तिबेमि."
477,
478,"भिक्खूं च खलु पुट्ठा वा अपुट्ठा वा जे इमे आहच्च गन्था फुसन्ति से हन्ता हणह खणह छिन्दह दहह पचह आलुम्पह विलुम्पह सहसाकारेह विप्परामुसह, ते फासे धीरे पुट्ठो अहियासए अदुवा आयार-गोयरमाइक्खे तक्किया नमणेलिसं अदुवा वइगुत्तीए अनुपुव्वेण सम्मं पडिलेहाए आयतगुत्ते बुद्धेहिं एयं पवेदितं."
479,
480,"से समणुन्ने असमणुन्नस्स असनं वा पानं वा खाइमं वा साइमं वा वत्थं वा पडिग्गहं वा कम्बलं वा पायपुञ्छणं वा नो पाऎज्जा नो निमन्तॆज्जा नो कुज्जा वेयावाडियं परं आढायमाणे, त्ति बेमि."
481,
482,घम्ममायाणह पवेइयं माहणेण मतिमया समणुण्णे समणुण्णस्स असनं वा जाव कुज्जा वेयावडियं परं आढायमाणे — त्तिबेमि.
483,
484,"मज्झिमेणं वयसा वि एगे सम्बुज्झमाणा समुट्ठिता, सॊच्चा मेहावी पण्डियाणं निसामिया समियाए घम्मे आरिएहिं पवेदिते, ते अनवकङ्खमाणा अनतिवाएमाणा अपरिग्गहमाणा नो परिग्गहावन्ती सव्वावन्ती च णं लोगंसि निहाय दण्डं पाणेहिं पावं कम्मं अकुव्वमाणे एस महं अगन्थे वियाहिए ओए जुतिमस्स खेयण्णे उववायं चवणं च नच्चा."
485,
486,आहारोवचया देहा परिसह-पभङ्गुरा पासहेगे सव्विन्दिएहिं परिगिलायमाणेहिं.
487,
488,"ओए दयं दयइ, जे सन्निहाण-सत्थस्स खेयण्णे, से भिक्खू कालण्णे बलण्णे मायण्णे खणण्णे विणयण्णे समयण्णे परिग्गहं अममायमाणे कालेणुट्ठाई अपडिण्णे दुहओ छॆत्ता नियाइ."
489,
490,"तं भिक्खुं सीयफास-परिवेवमाणगायं उवसङ्कमित्तुं गाहावई बूया — आउसन्तो समणा! नो खलु ते गामधम्मा उब्बाहन्ति? आउसन्तो गाहावई! नो खलु मम गामधम्मा उब्बाहन्ति, सीयफासं च नो खलु अहं सञ्चाएमि अहियासित्तए नो खलु मे कप्पति अगनिकायं उज्जालॆत्तए वा पज्जालॆत्तए वा कायं आयावॆत्तए वा पयावॆत्तए वा अन्नेसिं वा वयणाओ, सिया स एवं वदन्तस्स परो अगनिकायं उज्जालॆत्ता पज्जालॆत्ता कायं आयावॆज्ज वा पयावॆज्ज वा तं च भिक्खू पडिलेहाए आगमॆत्ता आणवॆज्जा अनासेवणाए — त्तिबेमि."
491,
492,"जे भिक्खू तिहिं वत्थेहिं परिवुसिते पायचउत्थेहिं तस्स णं नो एवं भवति — चउत्थं वत्थं जाइस्सामि, से अहेसणिज्जाइं वत्थाइं जाऎज्जा अहापरिग्गहियाइं वत्थाइं धारॆज्जा नो धोऎज्जा नो रऎज्जा नो घोय-रत्ताइं वत्थाइं धारॆज्जा अपलिउञ्चमाणे गामन्तरेसु ओमचेलिए एयं खु वत्थधारिस्स सामग्गियं."
493,
494,अह पुण एवं जाणॆज्जा उवाइक्कन्ते खलु हेमन्ते गिम्हे पडिवन्ने अहापरिजुण्णाइं वत्थाइं परिट्ठवॆज्जा अदुवा सन्तरुत्तरे अदुवा एगसाडे अदुवा अचेले.
495,
496,लाघवियं आगममाणे तवे से अभिसमन्नागए भवति.
497,
498,जमेयं भगवया पवेदितं तमेव अभिसमॆच्चा सव्वतो सव्वत्ताए समत्तमेव समभिजाणिज्जा.
499,
500,"जस्स णं भिक्खुस्स एवं भवति पुट्ठो खलु अहमंसि नालमहमंसि सीय-फासं अहियासित्तए से वसुमं सव्व-समन्नागय-पण्णाणेणं अप्पाणेणं केइ अकरणाए आउट्टे तवस्सिणो हु तं सेयं जमेगे विहमाइए, तत्थावि तस्स कालपरियाए से वि तत्थ विअन्तिकारए, इच्चेतं विमोहायतणं हियं सुहं खमं निस्सेयसं आनुगामियं — त्तिबेमि."
501,
502,"जे भिक्खू दोहिं वत्थेहिं परिवुसिते पायतइएहिं तस्स णं नो एवं भवति तइयं वत्थं जाइस्सामि, से अहेसणिज्जाइं वत्थाइं जाऎज्जा जाव एयं खु तस्स भिक्खुस्स सामग्गियं अह पुण एवं जाणॆज्जा उवाइक्कन्ते खलु हेमन्ते गिम्हे पडिवन्ने, अहापरिजुण्णाइं वत्थाइं परिट्ठवॆज्जा, अहापरिजुण्णाइं वत्थाइं परिट्ठवॆत्ता, अदुवा सन्तरुत्तरे, अदुवा ओमचले अदुवा एगसाडे अदुवा अचेले, लाघवियं आगममाणे तवे से अभिसमन्नागए भवति, जमेयं भगवता पवेदितं तमेव अभिसमॆच्चा सव्वतो सव्वत्ताए समत्तमेव समभिजाणिया, जस्स णं भिक्खुस्स एवं भवति — पुट्ठो अबलो अहमंसि नालमहमंसि गिहन्तरसङ्कमणं भिक्खायरिय-गमणाए, से एवं वदन्तस्स परो अभिहडं असनं वा पानं वा खाइमं वा साइमं वा आहट्टु दलऎज्जा से पुव्वामेव आलोऎज्जा आउसन्तो! गाहावती नो खलु मे कप्पइ अभिहडे असनं वा पानं खाइमं वा साइमं वा भॊत्तए वा पायए वा अन्ने वा एयप्पगारे."
503,
504,"जस्स णं भिक्खुस्स अयं पगप्पे अहं च खलु पडिण्णत्तो अपडिण्णत्तेहिं गिलाणो अगिलाणेहिं अभिकङ्ख साहम्मिएहिं कीरमाणं वेयावडियं सातिज्जिस्सामि अहं वा वि खलु अपडिण्णत्तो पडिण्णत्तस्स अगिलाणो गिलाणस्स अभिकङ्ख साहम्मिअस्स कुज्जा वेयावडियं करणाए आहट्टु पइण्णं आणक्खॆस्सामि आहडं च सातिज्जिस्सामि आहट्टु पइण्णं आणक्खॆस्सामि आहडं च नो सातिज्जिस्सामि, आहट्टु पइण्णं नो आणक्खॆस्सामि आहडं च सातिज्जिस्सामि, आहट्टु पइण्णं नो आणक्खॆस्सामि आहडं च नो सातिज्जिस्सामि, एवं से अहाकिट्टियमेव धम्मं समहिजाणमाणे सन्ते विरते सुसमाहितलेसे तत्थावि तस्स कालपरियाए, से तत्थ विअन्तिकारए, इच्चेतं विमोहायतणं हियं सुहं खमं निस्सेयसं आनुगामियं — त्तिबेमि."
505,
506,"जे भिक्खू एगेण वत्थेण परिवुसिते पायबिईएण तस्स नो एवं भवइ-बिइयं वत्थं जाइस्सामि, से अनेसणिज्जं वत्थं जाऎज्जा अहापरिग्गहियं वत्थं धारॆज्जा जाव हेमन्ते गिम्हे पडिवन्ने अहापरिजुण्णं वत्थं परिट्ठवॆज्जा अहापरिजुण्णं वत्थं परिट्ठवॆत्ता — अदुवा अचेले लाधवियं आगममाणे जाव समत्तमेव समभिजाणिया."
507,
508,"जस्स णं भिक्खुस्स एगे भवइ — एगो अहमंसि, न मे अत्थि कोइ, न याहमवि कस्सइ, एवं से एगागिणमेव अप्पाणं समभिजाणिज्जा, लाधवियं आगममाणे तवे से अभिसमन्नागए भवइ जाव समभिजाणिया."
509,
510,"से भिक्खू वा भिक्खुणी वा असनं वा पानं वा खाइमं वा साइमं वा आहारेमाणे नो वामाओ हणुयाओ दाहिणं हणुयं सञ्चारॆज्जा आसाएमाणे, दाहिणाओ वामं हणुयाओ वामं हणुयं नो सञ्चारॆज्जा आसाएमाणे, से अनासायमाणे लाधवियं आगममाणे तवे से अभिसमन्नागए भवइ, जमेयं भगवता पवेइयं तमेवं अभिसमॆच्चा सव्वतो सव्वत्ताए समत्तमेव समभिजाणिया."
511,
512,"जस्स णं भिक्खुस्स एवं भवति — से गिलामि च खलु अहं इमंसि समए इमं सरीरगं अनुपुव्वेण परिवहित्तए से आनुपुव्वेणं आहारं संवट्टॆज्जा, आनुपुव्वेणं आहारं संवट्टॆत्ता कसाए पयणुए किच्चा समाहियच्चे फलगावयट्ठी उट्ठाय भिक्खू अभिनिव्वुडच्चे."
513,
514,"अनुपविसित्ता गामं वा नगरं वा खेडं वा कब्बडं वा मडम्बं वा पट्टणं वा दोणमुहं वा आगरं वा आसमं वा सन्निवेसं वा निगमं वा रायहाणिं वा तणाइं जाऎज्जा, तणाइं जाऎत्ता से तमायाए एगन्तमवक्कमॆज्जा एगन्तमवक्कमॆत्ता अप्पण्डे अप्प-पाणे अप्प-बीए अप्प-हरिए अप्पोसे अप्पोदए अप्पुत्तिङ्गपणग-दग मट्टिय-मक्कडासन्ताणए पडिलेहिय-पडिलेहिय पमज्जिय-पमज्जिय तणाइं सन्थरॆज्जा तणाइं सन्थरॆत्ता ऎत्थ वि समए इत्तरियं कुज्जा तं सच्चं सच्चावादी ओए तिण्णे छिन्न-कहङ्कहे आतीतट्ठे अनातीते चिच्चाण भेउरं कायं संविहूणिय विरुवरुवे परिसहोवसग्गे अस्सिं विस्सम्भइत्ता भेरवमनुचिण्णे, तत्थावि तस्स कालपरियाए जाव आनुगामियं — त्तिबेमि."
515,
516,जे भिक्खू अचेले परिवुसिते तस्स णं भिक्खुस्स एवं भवति — चाएमि अहं तणफासं अहियासित्तए सीयफासं अहियासित्तए तेउफासं अहियासित्तए दंस-मसगफासं अहियासित्तए एगतरे अन्नतरे विरुवरुवे फासे अहियासित्तए हिरिपडिच्छादणं च'हं नो सञ्चाएमि अहियासित्तए एवं से कप्पति कडिबन्धणं घारित्तए.
517,
518,अदुवा तत्थ परक्कमन्तं भुज्जो अचेलं तणफासा फुसन्ति सीयफासा फुसन्ति तेउफासा फुसन्ति दंस-मसगफासा फुसन्ति एगयरे अन्नयरे विरुवरुवे फासे अहियासेति अचेले लाधवियं आगममाणे तवे से अभिसमन्नागए जाव समत्तमेव समभिजाणिया.
519,
520,"जस्स णं भिक्खुस्स एवं भवति — अहं च खलु अन्नेसिं भिक्खूणं असनं वा पानं वा खाइमं वा साइमं वा आहट्टु दलइस्सामि आहडं च नो सातिज्जिस्सामि, जस्स णं भिक्खुस्स एवं भवति — अहं च खलु अन्नेसिं भिक्खुणं असनं वा पानं वा खाइमं वा साइमं वा आहट्टु दलइस्सामि आहडं च नो सातिज्जिस्सामि, जस्स णं भिक्खुस्स एवं भवति-अहं च खलु अन्नेसिं भिक्खूणं असनं वा पानं वा खाइमं वा साइमं वा आहट्टु नो दलइस्सामि आहडं च सातिज्जास्सामि."
521,
522,"जस्स णं भिक्खुस्स एवं भवति — अहं खलु अन्नेसिं भिक्खूणं असनं वा पानं वा खाइमं वा साइमं वा आहट्टु नो दलइस्सामि आहडं च नो सातिज्जिस्सामि, अहं च खलु तेण अहाइरित्तेणं अहेसणिज्जेणं अहापरिग्गहिएणं असणेण वा पाणेण वा खाइमेण वा साइमेण वा अभिकङ्ख साहम्मियस्स कुज्जा वेयावडियं करणाए, अहं वावि तेन अहातिरित्तेणं अहेसणिज्जेण अहापरिग्गहिएण असणेण वा पाणेण वा खाइमेण वा साइमेण वा अभिकङ्ख साहम्मिएहिं कीरमाणं वेयावडियं सातिज्जिस्सामि लाधवियं आगममाणे जाव समत्तमेव समभिजाणिया."
523,
524,"जस्स णं भिक्खुस्स एवं भवति — से गिलामि च खलु अहं इमंमि समए इमं सरीरगं अनुपुव्वेण परिवहित्तए से आनुपुव्वेणं आहारं संवट्टॆज्जा आनुपुव्वेणं आहारं संवट्टॆत्ता कसाए पयणुए किच्चा समाहिअच्चे फलगावयट्ठी उट्ठाय भिक्खू अभिनिव्वुडच्चे अनुपविसित्ता गामं वा जाव रायहाणिं वा तणाइं जाऎज्जा जाव सन्थरॆत्ता ऎत्थ वि समए कायं च जोगं च इरियं च पच्चक्खाऎज्जा तं सच्चं सच्चावादी ओए तिन्ने छिन्न-कहङ्कहे आतीतट्ठे अनातीते चिच्चाण भेउरं कायं संविहूणिय विरुवरुवे परिसहोवसग्गे अस्सिं विस्सं भइत्ता भेरवमनुचिण्णे तत्थवि तस्स कालपरियाए, से तत्थ विअन्तिकारए, इच्चेतं विमोहायतणं हियं सुहं खमं निस्सेयसं आनुगागामियं, — त्तिबेमि."
525,
526,"आनुपुव्वी-विमोहाइं, जाइं घीरा समासज्ज"
527,"वसुमन्तो मइमन्तो, सव्वं नच्चा अनेलिसं // आयार.२४०"
528,
529,"दुविहं पि विदित्ताणं, बुद्धा धम्मस्स पारगा"
530,"अनुपुव्वीए सङ्खाए, आरम्भाओ तिउट्टति // आयार.२४१"
531,
532,"कसाए पयणुए किच्चा, अप्पाहारो तितिक्खए"
533,"अह भिक्खू गिलाऎज्जा, आहारस्सेव अन्तियं // आयार.२४२"
534,
535,"जीवियं नाभिकङ्खॆज्जा, मरणं नोवि पत्थए"
536,"दुहुतो वि न सज्जॆज्जा, जीविते मरणे तहा // आयार.२४३"
537,
538,"मज्झत्थो निज्जरापेही, समाहिमनुपालए"
539,"अन्तो बहिं विउसिज्ज, अज्झत्थं सुद्धमेसए // आयार.२४४"
540,
541,"जं किञ्चुवक्कमं जाणे, आउक्खेमस्स अप्पणो"
542,"तस्सेव अन्तरद्धाए, खिप्पं सिक्खॆज्ज पण्डिए // आयार.२४५"
543,
544,"गामे वा अदुवा रण्णो, थण्डिलं पडिलेहिया"
545,"अप्पपाणं तु विन्नाय, तणाइं सन्थरे मुनि // आयार.२४६"
546,
547,"अणाहारो तुअट्टॆज्जा, पुट्ठो तत्थहियासए"
548,"नातिवेलं उवचरे, माणुस्सेहिं वि पुट्ठुओ // आयार.२४७"
549,
550,"संसप्पगा य जे पाणा, जे य उड्ढमहेचरा"
551,"भुञ्जन्ति मंस-सोणियं, न छणे न पमज्जए // आयार.२४८"
552,
553,"पाणा देहं विहिंसन्ति, ठाणाओ न विउब्भमे"
554,"आसवेहिं विवित्तेहिं, तिप्पमाणो'हियासए // आयार.२४९"
555,
556,"गन्थेहिं विवित्तेहिं, आउ-कालस्स पारए"
557,"पग्गहियतरगं चेयं, दवियस्स वियाणतो // आयार.२५०"
558,
559,"अयं से अवरे धम्मे, नायपुत्तेण साहिए"
560,"आयवज्जं पडीयारं, विजहिज्जा तिहा तिहा // आयार.२५१"
561,
562,"हरिएसु न निवज्जॆज्जा, थण्डिलं मुणिआ सए"
563,"विउसिज्ज अणाहारो, पुट्ठो तत्थ'हियासए // आयार.२५२"
564,
565,"इन्दिएहिं गिलायन्ते, समियं आहरे मुनी"
566,"तहावि से अगरिहे, अचले जे समाहिए // आयार.२५३"
567,
568,"अभिक्कमे पडिक्कमे, सङ्कुचए पसारए"
569,"काय-साहारणट्ठाए, ऎत्थ वा'वि अचेयणे // आयार.२५४"
570,
571,"परक्कमे परिकिलन्ते, अदुवा चिट्ठे अहायते"
572,"ठाणेण परिकिलन्ते, निसिऎज्जा य अन्तसो // आयार.२५५"
573,
574,"आसीणे'नेलिसं मरणं, इन्दियाणि समीरए"
575,"कोलावासं समासज्ज, वितहं पाउरेसए // आयार.२५६"
576,
577,"जओ वज्जं समुप्पज्जे, न तत्थ अवलम्बए"
578,"ततो उक्कसे अप्पाणं, सव्वे फासे तत्थ'हियासए // आयार.२५७"
579,
580,"अयं चायततरे सिया, जो एवं अनुपालए"
581,"सव्वगायनिरोधे'वि, ठाणातो न विउब्भमे // आयार.२५८"
582,
583,"अयं से उत्तमे धम्मे, पुव्वट्ठाणस्स पग्गहे"
584,अचिरं पडिलेहित्ता विहरे चिट्ठ माहणे // आयार.२५९
585,
586,"अचित्तं तु समासज्ज, ठावए तत्थ अप्पगं"
587,"वोसिरे सव्वसो कायं, न मे देहे परीसहा // आयार.२६०"
588,
589,"जावज्जीवं परीसहा, उवसग्गा य सङ्खया"
590,"संवुडे देहभेयाए, इति पण्णेहियासए // आयार.२६१"
591,
592,"भेउरेसु न रज्जॆज्जा, कामेसु बहुतरेसु वि"
593,"इच्छा-लोभं न सेवॆज्जा, धुववन्नं सपेहिया // आयार.२६२"
594,
595,"सासएहिं निमन्तॆज्जा, दिव्वं मायं न सद्दहे"
596,"तं पडिबुज्झ माहणे, सव्वं नूमं विधूणिया // आयार.२६३"
597,
598,"सव्वट्ठेहिं अमुच्छिए, आउकालस्स पारए"
599,तितिक्खं परमं नच्चा विमोहन्नतरं हितं // आयार.२६४
600,
601,त्ति बेमि.
602,
603,[नवमं अज्झयणं – उवहाणसुयं]
604,
605,"अहासुयं वदिस्सामि, जहा से समणे भगवं उट्ठाए"
606,"सङ्खाए तंसि हेमन्ते, अहुणा पव्वइए रीयत्था // आयार.२६५"
607,
608,"नो चेविमेण वत्थेण, पिहिस्सामि तंसि हेमन्ते"
609,"से पारए आवकहाए, एयं खु अनुधम्मियं तस्स // आयार.२६६"
610,
611,"चत्तारि साहिए मासे, बहवे पाण-जाइया आगम्म"
612,"अभिरुज्झ कायं विहरिंसु, आरुसियाणं तत्थ हिंसिसु // आयार.२६७"
613,
614,"संवच्छरं साहियं मासं, जं न रिक्कासि वत्थगं भगवं"
615,अचेलए ततो चाई तं वोसज्ज वत्थमनगारे // आयार.२६८
616,
617,"अदु पोरिसं तिरियं भित्तिं, चक्खुमासज्ज अन्तसो झायइ"
618,"अह चक्खु-भीया संहिया, तं हन्ता हन्ता बहवे कन्दिंसु // आयार.२६९"
619,
620,"सयणेहिं वितिमिस्सेहिं, इत्थीओ तत्थ से परिण्णाय"
621,"सागारियं न सेवेइ, से सयं पवेसिया झाति // आयार.२७०"
622,
623,"जे के इमे अगारत्था, मीसीभावं पहाय से झाति"
624,"पुट्ठो वि नाभिभासिंसु, गच्छति नाइवत्तइ अञ्जू // आयार.२७१"
625,
626,"नो सुकरमेतमेगेसिं, नाभिभासे य अभिवायमाणे"
627,"हयपुव्वो तत्थ दण्डेहि, लूसियपुव्वे अप्पपुण्णेहिं // आयार.२७२"
628,
629,"फरुसाइं दुत्तितिक्खाइं, अतिअच्च मुनी परक्कममाणे"
630,"आधाय-नट्ट-गीताइं, दण्डजुद्धाइं मुट्ठिजुद्धाइं // आयार.२७३"
631,
632,"गढिए मिहो-कहासु समयंमि, नायसुए विसोगे अदक्खू"
633,"एताइं से उरालाइं गच्छइ, नायपुत्ते असरणयाए // आयार.२७४"
634,
635,"अवि साहिए दुवे वासे, सीतोदं अभॊच्चा निक्खन्ते"
636,"एगत्तगए पिहियच्चे से, अहिण्णायदंसणे सन्ते // आयार.२७५"
637,
638,"पुढविं च आउकायं, तेउकायं च वाउकायं च"
639,"पणगाइं बीय-हरियाइं, तसकायं च सव्वसो नच्चा // आयार.२७६"
640,
641,"एयाइं सन्ति पडिलेहे, चित्तमन्ताइं से अभिन्नाय"
642,"परिवज्जिया न विहरित्था, इति सङ्खाए से महावीरे // आयार.२७७"
643,
644,"अदु थावरा तसत्ताए, तसजीवा य थावरत्ताए"
645,"अदु सव्वजोणिया सत्ता, कम्मुणा कप्पिया पुढो बाला // आयार.२७८"
646,
647,"भगवं च एवं मन्नेसिं, सोवहिए हु लुप्पती बाले"
648,"कम्मं च सव्वसो नच्चा तं, पडियाइक्खे पावगं भगवं // आयार.२७९"
649,
650,"दुविहं समिच्च मेहावी, किरियमक्खाय ’नेलिसं नाणी"
651,"आयाण-सोयमतिवाय-सोयं, जोगं च सव्वसो नच्चा // आयार.२८०"
652,
653,"अइवत्तियं अनाउट्टे, सयमन्नेसिं अकरणयाए"
654,"जस्सित्थिओ परिण्णाया, सव्वकम्मावहाओ से अदक्खू // आयार.२८१"
655,
656,"अहाकडं न से सेवे, सव्वसो कंमुणा य अदक्खू"
657,"जं किञ्चि पावगं भगवं, तं अकुव्वं वियडं भुञ्जित्था // आयार.२८२"
658,
659,"नो सेवइ य परवत्थं, परपाए वि से न भुञ्जित्था"
660,"परिवज्जियाण ओमाणं, गच्छति सङ्खडिं असरणाए // आयार.२८३"
661,
662,"मायण्णे असन-पानस्स, नाणुगिद्धे रसेसु अपडिण्णे"
663,"अच्छिम्पि नो पमज्जिया, नोवि य कण्डूयये मुनी गायं // आयार.२८४"
664,
665,"अप्पं तिरियं पेहाए, अप्पं पिट्ठओ उपेहाए"
666,"अप्पं बुइए ’पडिभाणी, पन्थपेही चरे जयमाणे // आयार.२८५"
667,
668,"सिसिरंसि अद्धपडिवन्ने, तं वोसज्ज वत्थमनगारे"
669,"पसारित्तु बाहुं परक्कमे, नो अवलम्बियाण कन्धंसि // आयार.२८६"
670,
671,"एस विही अणुक्कन्तो, माहणेण मईमया"
672,"अपडिण्णेण वीरेण, कासवेण महेसिणा — त्तिबेमि // आयार.२८७"
673,
674,"चरियासणाइं सॆज्जाओ, एगतियाओ जाओ बुइयाओ"
675,"आइक्ख ताइं सयणासणाइं, जाइं सेवित्था से महावीरो // आयार.२८८"
676,
677,"आवेसण-सभा-पवासु, पणियसालासु एगदा वासो"
678,"अदुवा पलियट्ठाणेसु, पलालपुञ्जेसु एगदा वासो // आयार.२८९"
679,
680,"आगन्तारे आरामागारे, तह य नगरे वि एगदा वासो"
681,"सुसाणे सुन्नगारे वा, रुक्खमूले व एगदा वासो // आयार.२९०"
682,
683,"एतेहिं मुनी सयणेहिं, समणो आसी पतेरस वासे"
684,"राइं दिवं पि जयमाणे, अप्पमत्ते समाहिए झाति // आयार.२९१"
685,
686,"निद्दं पि नो पगामाए, सेवइ भगवं उट्ठाए"
687,"जग्गावती य अप्पाणं, ईसिं साई य अपडिन्ने // आयार.२९२"
688,
689,"सम्बुज्झमाणे पुनरवि, आसिंसु भगवं उट्ठाए"
690,"निक्खम्म एगया राओ, बहिं चङ्कमिया मुहुत्तागं // आयार.२९३"
691,
692,"सयणेहिं तत्थुवसग्गा, भीमा आसी अनेगरुवा य"
693,"संसप्पगाय जे पाणा, अदुवा जे पक्खिणो उवचरन्ति // आयार.२९४"
694,
695,"अदु कुचरा उवचरन्ति, गामरक्खा य सत्तिहत्था य"
696,"अदु गामिया उवसग्गा, इत्थी एगतिया पुरिसा य // आयार.२९५"
697,
698,"इहलोइयाइं परलोइयाइं, भीमाइं अनेगरुवाइं"
699,"अवि सुब्भि-दुब्भि-गन्धाइं, सद्दाइं अनेगरुवाइं // आयार.२९६"
700,
701,"अहियासए सया समिए, फासाइं विरुवरुवाइं"
702,"अरइं रइं अभिभूय, रीयई माहणे अबहुवाई // आयार.२९७"
703,
704,"स जणेहिं तत्थ पुच्छिंसु, एगचरा वि एगदा राओ"
705,"अव्वाहिए कसाइत्था पेहमाणे, समाहिं अपडिण्णे // आयार.२९८"
706,
707,अयमन्तरंसि को ऎत्थ? अहमंसित्ति भिक्खु आहट्टु
708,"अयमुत्तमे से धम्मे, तुसिणीए स कसाइए झाति // आयार.२९९"
709,
710,"जंसि ’प्पेगे पवेयन्ति, सिसिरे मारुए पवायन्ते"
711,तंसि ’प्पेगे अनगारा हिमवाए निवायमेसन्ति // आयार.३००
712,
713,"सङ्घाडिओ पविसिस्सामो, एहा य समादहमाणा"
714,पिहिया व सक्खामो अतिदुक्खं हिमग-सम्फासा // आयार.३०१
715,
716,"तंसि भगवं अपडिण्णे, अहे वियडे अहियासए दविए"
717,"निक्खम्म एगदा राओ, चाएइ भगवं समियाए // आयार.३०२"
718,
719,"एस विही अणुक्कन्तो, माहणेण मईमया"
720,"अपडिण्णेण वीरेण, कासवेण महेसिणा — त्तिबेमि // आयार.३०३"
721,
722,"तणफासे सीयफासे य, तेउफासे य दंस-मसगे य"
723,"अहियासए सया समिए, फासाइं विरुवरुवाइं // आयार.३०४"
724,
725,"अह दुच्चर-लाढमचारी, वज्जभूमिं च सुब्भभूमिं च"
726,"पन्तं सॆज्जं सेविंसु, आसणगाणि चेव पन्ताइं // आयार.३०५"
727,
728,"लाढेहिं तस्सुवसग्गा, बहवे जाणवया लूसिंसु"
729,"अह लूहदेसिए भत्ते, कुक्कुरा तत्थ हिंसिंसु निवतिंसु // आयार.३०६"
730,
731,"अप्पे जने निवारेइ, लूसणए सुणए दसमाणे"
732,"छुछुकारन्ति आहंसु समणं, कुक्कुरा डसन्तुत्ति // आयार.३०७"
733,
734,"एलिक्खए जना भुज्जो, बहवे वज्जभूमि फरुसासी"
735,"लट्ठिं गहाय नालीयं, समणा तत्थ एव विहरिंसु // आयार.३०८"
736,
737,"एवं पि तत्थ विहरन्ता, पुट्ठपुव्वा अहेसि सुणएहिं"
738,"संलुञ्चमाणा सुणएहिं, दुच्चराणि तत्थ लाढेहिं // आयार.३०९"
739,
740,"निधाय दण्ड पाणेहिं, तं कायं वोसज्जमनगारे"
741,"अह गामकण्टए भगवं, ते अहियासए अभिसमॆच्चा // आयार.३१०"
742,
743,"नागो सङ्गामसीसे वा, पारए तत्थ से महावीरे"
744,"एवं पि तत्थ लाढेहिं, अलद्धपुव्वो वि एगया गामो // आयार.३११"
745,
746,"उवसङ्कमन्तमपडिण्णं, गामन्तियं पि अप्पत्तं"
747,पडिनिक्खमित्तु लूसिंसु ऎत्तो परं पलेहित्ति // आयार.३१२
748,
749,"हयपुव्वो तत्थ दण्डेण, अदुवा मुट्ठिणा अदु कुन्तफलेण"
750,"अदु लेलुणा कवालेणं, हन्ता हन्ता बहवे कन्दिंसु // आयार.३१३"
751,
752,"मंसाणि छिन्नपुव्वाइं, उट्ठम्भिया एगया कायं"
753,"परीसहाइं लुञ्चिसु, अहवा पंसुणा उवकिरिंसु // आयार.३१४"
754,
755,"उच्चालइय निहणिंसु, अदुवा आसणाओ खलइंसु"
756,"वोसट्ठकाए पणया''सी, दुक्खसहे भगवं अपडिण्णे // आयार.३१५"
757,
758,"सूरो सङ्गामसीसे वा, संवुडे तत्थ से महावीरे"
759,"पडिसेवमाणे फरुसाइं, अचले भगवं रीइत्था // आयार.३१६"
760,
761,"एस विही अणुक्कन्तो, माहणेण मईमया"
762,"अपडिण्णेण वीरेण, कासवेण महेसिणा, त्ति बेमि // आयार.३१७"
763,
764,ओमोदरियं चाएति अपुट्ठे वि भगवं रोगेहिं
765,पुट्ठे वा से अपुट्ठे वा नो से सातिज्जति तेइच्छं // आयार.३१८
766,
767,"संसोहणं च वमनं च, गायब्भङ्गणं च सिणाणं च"
768,"सम्बाहणं च न से कप्पे, दन्तपक्खालणं च परिण्णाए // आयार.३१९"
769,
770,"विरए गामधम्मेहिं, रीयति माहणे अबहुवाई"
771,"सिसिरंमि एगदा भगवं, छायाए झाइ आसी य // आयार.३२०"
772,
773,आयावइ य गिम्हाणं अच्छइ उक्कुडुए अभितावे
774,"अदु जाव इत्थ लूहेणं, ओयण-मन्थु-कुम्मासेणं // आयार.३२१"
775,
776,"एयाणि तिन्नि पडिसेवे, अट्ठ मासे य जावए भगवं"
777,"अपिइत्थ एगया भगवं, अद्धमासं अदुवा मासं पि // आयार.३२२"
778,
779,"अवि साहिए दुवे मासे, छप्पि मासे अदुवा अपिबित्ता"
780,"रायोवरायं अपडिण्णे, अन्नगिलायमेगया भुञ्जे // आयार.३२३"
781,
782,"छट्ठेण एगया भुञ्जे, अदुवा अट्ठमेण दसमेणं"
783,"दुवालसमेण एगया भुञ्जे, पेहमाणे समाहिं अपडिण्णे // आयार.३२४"
784,
785,नच्चा णं से महावीरे नो वि य पावगं सयमकासी
786,"अन्नेहिं वा न कारित्था, कीरन्तं पि नाणुजाणित्था // आयार.३२५"
787,
788,"गामं पविसे नयरं वा, घासमेसे कडं परट्ठाए"
789,"सुविसुद्धमेसिया भगवं, आयत-जोगयाए सेवित्था // आयार.३२६"
790,
791,अदु वायसा दिगिञ्छत्ता जे अन्ने रसेसिणो सत्ता
792,"घासेसणाए चिट्ठन्ते सययं, निवतिते य पेहाए // आयार.३२७"
793,
794,अदु माहणं व समणं वा गामपिण्डोलगं च अतिहिं वा
795,"सोवागमूसियारं वा कुक्कुरं, वा वि विहं ठियं पुरतो // आयार.३२८"
796,
797,"वित्तिच्छेदं वज्जन्तो, तेसप्पत्तियं परिहरन्तो"
798,"मन्दं परक्कमे भगवं, अहिंसमाणो घासमेसित्था // आयार.३२९"
799,
800,"अवि सूइयं वा सुक्कं वा, सीयपिण्डं पुराणकुम्मासं"
801,"अदु बुक्कसं पुलागं वा, लद्धे पिण्डे अलद्धए दविए // आयार.३३०"
802,
803,"अवि झाति से महावीरे, आसणत्थे अक्कुकुए झाणं"
804,"उड्ढं अहे तिरियं च, पेहमाणे समाहिमपडिण्णे // आयार.३३१"
805,
806,अकसाई विगयगेही य सद्दरुवेसु ’मुच्छिए झाति
807,"छउमत्थे वि परक्कममाणे नो, पमायं सइं पि कुव्वित्था // आयार.३३२"
808,
809,"सयमेव अभिसमागम्म, आयतजोगमायसोहीए"
810,अभिनिव्वुडे अमाइल्ले आवकहं भगवं समिआसी // आयार.३३३
811,
812,"एस विही अणुक्कन्तो, माहणेणं मईमया"
813,"अपडिण्णेण वीरेण, कासवेण महेसिणा, त्तिबेमी // आयार.३३४"
814,
815,
816,
817,---------------------------------------------------------------------
818,[नमो नमो निम्मलदंसणस्स]
819,
820,[पढमं अज्झयणं – पिण्डेसणा]
821,
822,से भिक्खू वा भिक्खुणी वा गाहावइ-कुलं पिण्डवाय-पडियाए अनुपविट्ठे समाणे सॆज्जं पुण जाणॆज्जा असनं वा पानं वा खाइमं वा साइमं वा पाणेहिं वा पणएहिं वा बीएहिं वा हरिएहिं वा संसत्तं उम्मिस्सं सीओदएण वा ओसित्तं रयसा वा परिघासियं तहप्पगारं असनं वा पानं वा खाइमं वा साइमं वा — परहत्थंसि वा परपायंसि वा — अफासुयं अनेसणिज्जं ति मन्नमाणे लाभे वि सन्ते नो पडिग्गाहॆज्जा.
823,
824,"से य आहच्च पडिग्गाहिए सिया से तं आयाय एगन्तमवक्कमॆज्जा एगन्तमवक्कमॆत्ता — अहे आरामंसि वा अहे उवस्सयंसि वा अप्पण्डे अप्पपाणे अप्प-बीए अप्प-हरिए अप्पोसे अप्पुदए अप्पुत्तिङ्ग-पणग-दग-मट्टिय-मक्कडासन्ताणए विगिञ्चिय-विगिञ्चिय उम्मिस्सं विसोहिय-विसोहिय तओ सञ्जयामेव भुञ्जॆज्ज वा पीऎज्ज वा, जं च नो सञ्चाऎज्जा भुत्तए वा पायए वा से तमायाय एगन्तमवक्कमॆज्जा एगन्तमवक्कमॆत्ता — अहे झाम-थण्डिलंसि वा अट्ठि-रासिंसि वा किट्ट-रासिंसि वा तुस-रासिंसि वा गोमय-रासिंसि वा अन्नयरंसि वा तहप्पगारंसि थण्डिलंसि पडिलेहिय-पडिलेहिय पमज्जिय-पमज्जिय तओ सञ्जयामेव परिट्ठवॆज्जा."
825,
826,से भिक्खू वा भिक्खुणी वा गाहावइ-कुलं पिण्डवाय-पडियाए अणुपविट्ठे समाणे सॆज्जाओ पुण ओसहीओ जाणॆज्जा-कसिणाओ सासिआओ अविदलकडाओ अतिरिच्छच्छिन्नाओ अव्वॊच्छिन्नाओ तरुणियं वा छिवाडिं अनभिक्कन्ताभज्जियं पेहाए अफासुयं अनेसणिज्जं ति मन्नमाणे लाभे सन्ते नो पडिगाहॆज्जा.
827,
828,से भिक्खु वा जाव पविट्ठे समाणे से जाओ पुण ओसहीओ जाणिज्जा अकसिणाओ असासियाओ विदलकडाओ तिरिच्छच्छिन्नाओ वुच्छिन्नाओ तरुणियं वा छिवाडिं अभिक्कन्तं भज्जियं पेहाए फासुयं एसणिज्जन्ति मन्नमाणे लाभे सन्ते पडिग्गाहिज्जा.
829,
830,से भिक्खू वा भिक्खुणी वा गाहावइ जाव पविट्ठे समाणे सॆज्जं पुण जाणॆज्जा — पिहुयं वा बहुरजं वा भुज्जियं वा मन्थुं वा चाउलं वा चाउल-पलम्बं वा सइं भज्जियं अफासुयं अनेसणिज्जं ति मन्नमाणे लाभे सन्ते नो पडिगाहॆज्जा.
831,
832,से भिक्खू वा भिक्खुणी वा गाहावइ-कुलं जाव समाणे सॆज्जं पुण जाणॆज्जा पिहुयं वा जाव चाउलं वा चाउल-पलम्बं वा असइं भज्जियं दुक्खुत्तो वा भज्जियं तिक्खुत्तो वा भज्जियं फासुयं एसणिज्जं जाव पडिगाहॆज्जा से भिक्खू वा भिक्खुणी वा गाहावइ-कुलं [पिण्डवाय-पडियाए] पविसितुकामे नो अन्नउत्थिएण वा गारत्थिएण वा परिहारिओ अपरिहारिएण वा सद्धिं गाहावइकुलं पिण्डवाय-पडियाए पविसॆज्ज वा निक्खमॆज्ज वा.
833,
834,से भिक्खू वा भिक्खुणी वा बहिया वियारभूमिं वा विहारभूमिं वा निक्खममाणे वा पविसमाणे वा नो अन्नउत्थिएण वा गारत्थिएण वा परिहारिओ अपरिहारिएण वा सद्धिं बहिया वियारभूमिं वा विहार-भूमिं वा निक्खमॆज्ज वा पविसॆज्ज वा.
835,
836,से भिक्खू वा भिक्खुणी वा गामाणुगामं दुइज्जमाणे नो अन्न-उत्थिएण वा गारत्थिएण वा परिहारिओ अपरिहारिएण वा सद्धिं गामाणुगामं दूइज्जॆज्जा.
837,
838,से भिक्खू वा भिक्खुणी वा [गाहावइ-कुलं पिण्डवाय-पडियाए अनुपविट्ठे] समाणे नो अन्नउत्थियस्स वा गारत्थियस्स वा परिहारिओ अपरिहारिअस्स वा असनं वा पानं वा खाइमं वा साइमं वा दॆज्जा वा अनुपदॆज्जा वा.
839,
840,से भिक्खू वा भिक्खुणी वा जाव समाणे सॆज्जं पुण जाणॆज्जा-असनं वा पानं वा खाइमं वा साइमं वा अस्सिम्पडियाए एगं साहम्मियं समुद्दिस्स पाणाइं भूयाइं जीवाइं सत्ताइं समारब्भ समुद्दिस्स कीयं पामिच्चं अच्छॆज्जं अनिसट्ठं अभिहडं आहट्टु चेएइ तं तहप्पगारं असनं वा पानं वा खाइमं वा साइमं वा पुरिसन्तरकडं वा अपुरिसन्तरकडं वा बहिया नीहडं वा अनीहडं वा अत्तट्ठियं वा अनत्तट्ठियं वा परिभुत्तं वा अपरिभुत्तं वा आसेवियं वा अनासेवियं वा-अफासुयं जाव नो पडिगाहॆज्जा.
841,
842,"एवं बहवे साहम्मिया, एगं साहम्मिणिं, बहवे साहम्मिणीओ समुद्दिस्स चत्तारि आलावगा भाणियव्वा."
843,
844,से भिक्खू वा भिक्खुणी जाव पविट्ठे समाणे सॆज्जं पुण जाणॆज्जा-असनं वा पानं वा खाइमं वा साइमं वा बहवे समण-माहण-अतिहि-किवण-वणीमए पगणिय-पगणिय समुद्दिस्स पाणाइं वा भूयाइं वा जीवाइं वा सत्ताइं वा समारब्भ समुद्दिस्स जाव नो पडिगाहॆज्जा.
845,
846,"से भिक्खू वा भिक्खुणी वा जाव पविट्ठे समाणे सॆज्जं पुण जाणॆज्जा — असनं वा पानं वा खाइमं वा साइमं वा बहवे समण-माहण-अतिहि-किवण-वणीमए समुद्दिस्स जाव चेएइ तं तहप्पगारं असनं वा पानं वा खाइमं वा साइमं वा अपुरिसन्तरकडं अबहिया नीहडं अणत्तट्ठियं अपरिभुत्तं अनासेवितं — अफासुयं अनेसणिज्जं ति मन्नमाणे लाभे सन्ते नो पडिगाहॆज्जा, अह पुण एवं जाणॆज्जा-पुरिसन्तरकडं बहिया नीहडं अत्तट्ठियं परिभुत्तं आसेवियं — फासुय एसणिज्जं ति मन्नमाणे लाभे सन्ते पडिगाहॆज्जा."
847,
848,"से भिक्खू वा भिक्खुणी वा गाहावइ-कुलं पिण्डवाय-पडियाए पविसितुकामे से जाइं पुण कुलाइं जाणॆज्जा-इमेसु खलु कुलेसु नितिए पिण्डे दिज्जइ नितिए अग्ग-पिण्डे दिज्जइ नितिए भाए दिज्जइ नितिए अवड्ढभाए दिज्जइ तहप्पगाराइं कुलाइं नितियाइं नितिउमाणाइं नो भत्ताए वा पाणाए वा पविसॆज्ज वा निक्खेमॆज्ज वा एयं खलु तस्स भिक्खुस्स वा भिक्खुणीए वा सामग्गियं जं सव्वट्ठेहिं समिए सहिए सया जए, त्तिबेमि."
849,
850,से भिक्खू वा भिक्खुणी वा गाहावइ-कुलं पिण्डवाय-पडियाए अनुपविट्ठे समाणे सॆज्जं पुण जाणॆज्जा-असनं वा पानं वा खाइमं वा साइमं वा अट्ठमिपोसहिएसु वा अद्धमासिएसु वा मासिएसु वा दोमासिएसु वा तिमासिएसु वा चाउमासिएसु वा पञ्चमासिएसु वा छमासिएसु वा उउसु वा उउसन्धीसु वा उउपरियट्टेसु वा बहवे समण-माहण-अतिहि-किवण-वणीमगे एगाओ उक्खाओ परिएसिज्ज-माणे पेहाए दोहिं उक्खाहिं परिएसिज्जमाणे पेहाए तिहिं उक्खाहिं परिएसिज्जमाणे पेहाए चउहिं उक्खाहिं परिएसिज्जमाणे पेहाए कुम्भीमुहाओ वा कलोवाइओ वा सन्निहि संनिचयाओ वा परिएसिज्जमाणे पेहाए तहप्पगारं असनं वा पानं वा खाइमं वा साइमं वा अपुरिसन्तरकडं जाव अनासेवितं अफासुयं अनेसणिज्जं जाव पडिगाहॆज्जा.
851,
852,अह पुण एवं जाणॆज्जा-पुरिसन्तरकडं बहिया नीहडं अत्तट्ठियं परिभुत्तं आसेवियं-फासुयं एसणिज्जं ति मन्नमाणे लाभे सन्ते पडिगाहॆज्जा.
853,
854,"से भिक्खू वा जाव समाणे से जाइं पुण कुलाइं जाणॆज्जा, तं जहा — उग्ग-कुलाणि वा भोग-कुलाणि वा राइण्ण-कुलाणि वा खत्तिय-कुलाणि वा इक्खाग-कुलाणि वा हरिवंस-कुलाणि वा एसिय-कुलाणि वा वेसिय-कुलाणि वा गण्डाग-कुलाणि वा कॊट्टाग-कुलाणि वा गामरक्ख-कुलाणि वा बॊक्कासालिय-कुलाणि वा अन्नयरेसु वा तहप्पगारेसु कुलेसु अदुगुञ्छिएसु अगरहिएसु असनं वा पानं वा खाइमं वा साइमं वा फासुयं एसणिज्जं जाव पडिगाहॆज्जा."
855,
856,"से भिक्खू वा भिक्खुणी वा गाहावइ-कुलं पिण्डवाय-पडियाए अणुपविट्ठे समाणे से ज्जं पुण जाणॆज्जा — असनं वा पानं वा खाइमं वा साइमं वा समवाएसु वा पिण्ड-नियरेसु वा इन्द-महेसु वा खन्द-महेसु वा रुद्द-महेसु वा मुगुन्द-महेसु वा भूय-महेसु वा जक्ख-महेसु वा नाग-महेसु वा थूभ-महेसु वा चेतिय-महेसु वा रुक्ख-महेसु वा गिरि-महेसु वा दरि-महेसु वा अगड-महेसु वा तडाग-महेसु वा दह-महेसु वा नई-महेसु वा सर-महेसु वा सागर-महेसु वा आगर-महेसु वा-अन्नयरेसु वा तहप्पगारेसु विरुवरुवेसु महामहेसु वट्टमाणेसु बहवे समण-माहण-अतिहि-किविण-वणीमए एगाओ उक्खाओ परिएसिज्जमाणे पेहाए दोहिं जाव संनिहि-संनिच्चयाओ वा परिएसिज्जमाणे पेहाए-तहप्पगारं असनं वा पानं वा खाइमं वा साइमं वा अपुरिसन्तरकडं जाव नो पडिगाहॆज्जा, अह पुण एवं जाणॆज्जा — दिन्नं जं तेसिं दायव्वं, अह तत्थ भुञ्जमाणे पेहाए-गाहावइ-भारियं वा गाहावइ-भगिनिं वा गाहावइ-पुत्तं वा गाहावइ-धूयं वा सुण्हं वा धाइं वा दासं वा दासिं वा कम्मकरं वा कम्मकरिं वा से पुव्वामेव आलोऎज्जा-आउसित्ति वा भगिनि त्ति वा दाहिसि मे ऎत्तो अन्नयरं भोयणजायं, से सेवं वदन्तस्स परो असनं वा पानं वा खाइमं वा साइमं वा आहट्टु दलऎज्जा-तहप्पगारं असनं वा पानं वा खाइमं वा साइमं वा सयं वा जाऎज्जा परो वा से दॆज्जा फासुयं एसणिज्जं ति मन्नमाणे लाभे सन्ते पडिगाहॆज्जा."
857,
858,"से भिक्खू वा भिक्खुणी वा परं अद्धजोयण-मेराए सङ्खडिं नच्चा सङ्खडि-पडियाए नो अभिसन्धारॆज्जा गमणाए, से भिक्खू वा भिक्खुणी वा — पाईणं सङ्खडिं नच्चा पडीणं गच्छे अणाढायमाणे पडीणं सङ्खडिं नच्चा पाईणं गच्छे अणाढायमाणे, दाहिणं सङ्खडिं नच्चा उदीणं गच्छे अणाढायमाणे उदीणे सङ्खडिं नच्चा दाहिणं गच्छे अणाढायमाणे, जत्थेव सा सङ्खडी सिया तं जहा — गामंसि वा नगरंसि वा खेडंसि वा कब्बडंसि वा मडम्बंसि वा पट्टणंसि वा दोणमुहंसि वा आगरंसि वा निगमंसि वा आसमंसि वा सन्निवेसंसि वा रायहाणिंसि वा — सङ्खडिं सङ्खडि-पडियाए नो अभिसन्धारॆज्जा गमणाए, केवली बूया आयाणमेयं — सङ्खडिं सङ्खडि-पडियाए अभिसङ्घारेमाणे आहाकम्मियं वा उद्देसियं वा मीसजायं वा कीयगडं वा पामिच्चं वा अच्छॆज्जं वा अनिसिट्ठं वा अभिहडं वा आहट्टु दिज्जमाणं भुञ्जॆज्जा, असञ्जए भिक्खू-पडियाए खुड्डिय-दुवारियाओ महल्लियाओ कुज्जा महल्लिय दुवारियाओ खुड्डियाओ कुज्जा, समाओ सिज्जाओ विसमाओ कुज्जा, विसमाओ सिज्जाओ समाओ कुज्जा, पवायाओ सिज्जाओ निवायाओ कुज्जा, निवायाओ सिज्जाओ पवायाओ कुज्जा, अन्तो वा बहिं वा उवस्सयस्स हरियाणि छिन्दिय-छिन्दिय दालिय-दालिय सन्थारगं सन्थरॆज्जा."
859,
860,"एस खलु भगवया सॆज्जाए अक्खाए, तम्हा से सञ्जए नियण्ट्ठे तहप्पगारं पुरे-सङ्खडिं वा पच्छा-सङ्खडिं वा सङ्खडिं सङ्खडिम्पडियाए नो अभिसन्धारॆज्जा गमणाए, एयं खलु तस्स भिक्खुस्स भिक्खुणीए वा सामग्गियं जं सव्वट्ठेहिं समिए सहए सया जए — त्तिबेमि."
861,
862,"से एगइओ अन्नतरं सङ्खडिं आसित्ता पिबित्ता छड्डॆज्ज वा वमॆज्ज वा भुत्ते वा से नो सम्मं परिणमॆज्जा अन्नतरे वा से दुक्खे रोयातङ्के समुप्पज्जॆज्जा, केवली बूया आयाणमेयं."
863,
864,"इह खलु भिक्खू गाहावइहिं वा गाहावइणीहिं वा परिवायएहिं वा परिवाइयाहिं वा एगज्जं सद्धिं सोण्डं पाउं भो वतिमिस्सं हुरत्था वा उवस्सयं पडिलेहमाणे नो लभॆज्जा तमेव उवस्सयं संमिस्सि भावमावज्जॆज्जा अन्नमन्ने वा से मत्ते विप्परियासियभूए इत्थिविग्गहे वा किलीबे वा तं भिक्खुं उवसङ्कमित्तुं बूया आउसन्तो समणा अहे आरामंसि वा अहे उवस्सयंसि वा राओ वा वियाले वा गामधम्म-नियन्तियं कट्टु रहस्सियं मेहुणधम्म-परियारणाए आउट्टामो, तं चेवगईओ सातिज्जॆज्जा अकरणिज्जं चेयं सङ्खाए एते आयाणा सन्ति संविज्जमाणा पच्चावाया भवन्ति, तम्हा से सञ्जए नियण्ठे तहप्पगारं पुरे-सङ्खडिं वा पच्छा-सङ्खडिं वा सङ्खडिं सङ्खडि-पडियाए नो अभिसन्धारॆज्जा गमणाए."
865,
866,"से भिक्खू वा भिक्खुणी वा अन्नयरं सङ्खडिं सॊच्चा निसम्म सम्पहावइ उस्सुय-भूएणं अप्पाणेणं धुवा सङ्खडी, नो सञ्चाएइ तत्थ इतरेतरेहिं कुलेहिं सामुदानियं एसियं वेसियं पिण्डवायं पडिगाहॆत्ता आहारं आहारॆत्तए, माइट्ठाणं सम्फासे, नो एवं करॆज्जा, से तत्थ कालेण अनुपविसित्ता तत्थितरेतरेहिं कुलेहिं सामुदानियं एसियं वेसियं पिण्डवायं पडिगाहॆत्ता आहारं आहारॆज्जा."
867,
868,"से भिक्खू वा भिक्खुणी वा सॆज्जं पुण जाणॆज्जा-गामं वा जाव रायहाणिं वा इमंसि खलु गामंसि वा जाव रायहाणिंसि वा सङ्खडी सिया तं पि य गामं वा जाव रायहाणिं वा सङ्खडिं सङ्खडि-पडियाए नो अभिसङ्घारॆज्जा गमणाए, केवली बूया आयाणमेयं, आइण्णावमाणं सङ्खडिं अनुपविस्समाणस्स पाएण वा पाए अक्कन्त पुव्वे भवइ हत्थेण वा हत्थे सञ्चालियपुव्वे भवइ पाएण वा पाए आवडियपुव्वे भवइ सीसेण वा सीसे सङ्घट्टियपुव्वे भवइ काएण वा काए सङ्खोभियपुव्वे भवइ दण्डेण वा अट्ठिण वा मुट्ठीण वा लेलुणा वा कवालेण वा अभिहयपुव्वे भवइ, सीओदएण वा ओसित्तपुव्वे भवइ रयसा वा परिघासिय-पुव्वे भवइ अनेसणिज्जे वा परिभुत्तपुव्वे भवइ अन्नेसिं वा दिज्जमाणे पडिगाहियपुव्वे भवइ — तम्हा से सञ्जए निग्गन्थे तहप्पागरं आइन्नावमाणं सङ्खडिं सङ्खडि-पडियाए नो अभिसन्धारॆज्ज गमणाए."
869,
870,से भिक्खू वा भिक्खुणी वा गाहावइ-कुलं पिण्डवाय-पडियाए अणुपविट्ठे समाणे सॆज्जं पुण जाणॆज्जा असनं वा पानं वा खाइमं वा साइमं वा एसणिज्जे सिया अनेसणिज्जे सिया — वितिगिच्छ समावण्णेणं अप्पाणेणं असमाहडाए लॆस्साए तहप्पगारं असनं वा जाव लाभे सन्ते नो पडिगाहॆज्जा.
871,
872,"से भिक्खू वा भिक्खुणी वा गाहावइ-कुलं पिण्डवाय-पडियाए पविसितुकामे सव्वं भण्डगमायाए गाहावह-कुलं पिण्डवाय-पडियाए पविसॆज्ज वा निक्खमॆज्ज वा, से भिक्खू वा भिक्खुणी वा बहिया विहार-भूमिं वा वियार-भूमिं वा निक्खममाणे वा पविसमाणे वा सव्वं भण्डगमायाए बहिया विहार-भूमिं वा वियारभूमिं वा निक्खमॆज्ज वा पविसॆज्ज वा, से भिक्खू वा भिक्खुणी वा गामाणुगामं दूइज्ज-माणे सव्वं भण्डगमायाए गामाणुगामं दूइज्जॆज्जा."
873,
874,"से भिक्खू वा भिक्खुणी वा अह पुण एवं जाणॆज्जा — तिव्वदेसियं वासं वासमाणं पेहाए तिव्वदेसियं वा महियं संनिचयमाणिं पेहाए महावाएण वा रयं समुद्धयं पेहाए तिरिच्छं सम्पाइमा वा तसा-पाणा सन्थडा संनिचयमाणा पेहाए, से एवं नच्चा नो सव्वं भण्डगमायाए गाहावइ-कुलं पिण्डवाय-पडियाए पविसॆज्ज वा निक्खमॆज्ज वा बहिया विहार-भूमिं वा वियार-भूमिं वा पविसॆज्ज वा निक्खमॆज्ज वा गामाणुगामं वा दूइज्जॆज्जा."
875,
876,"से भिक्खू वा भिक्खुणी वा सॆज्जाइं पुण कुलाइं जाणॆज्जा तं जहा — खत्तियाण वा राईण वा कुराईण वा रायपेसियाण वा रायवंसट्ठियाण वा अन्तो वा बहिं वा गच्छन्ताणं वा सन्निविट्ठाण वा निमन्तेमाणाण वा अनिमन्तेमाणाण वा असनं वा पानं वा खाइमं वा साइमं वा अफासुयं अनेसणिज्जं ति मन्नमाणे लाभे सन्ते नो पडिगाहॆज्जा, त्तिबेमि."
877,
878,"से भिक्खू वा भिक्खुणी वा गाहावइ-कुलं पिण्डवाय-पडियाए अनुपविट्ठे समाणे सॆज्जं पुण जाणॆज्जा — मंसादियं वा मच्छादियं वा मंसखलं वा मच्छखलं वा आहेणं वा पहेणं वा हिङ्गोलं वा संमेलं वा हीरमाणं पेहाए अन्तरा से मग्गा बहुपाणा बहुबीया बहुहरिया बहुओसा बहुउदया बहुउत्तिङ्ग पणग-दग-मट्टिय-मक्कडासन्ताणगा बहवे तत्थ समण-माहण-अतिथि-किवण वणीमगा उवागता उवागमिस्सन्ति तत्थाइण्णावित्ती नो पण्णस्स निक्खमणपवेसाए नो पण्णस्स वायण-पुच्छण-परियट्टणाणुप्पेह-धम्माणुओगचिन्ताए, से एवं नच्चा तहप्पगारं पुरे-सङ्खडिं वा पच्छा-सङ्खडिं वा सङ्खडिं सङ्खडि-पडियाए नो अभिसन्धारॆज्ज गमणाए."
879,
880,"से भिक्खु वा भिक्खुणी वा गाहावइ-कुलं पिण्डवाय-पडियाए अनुपविट्ठे समाणे सॆज्जं पुण जाणॆज्जा मंसादियं वा मच्छादियं वा जाव हीरमाणं पेहाए अन्तरां से मग्गा अप्पा पाणा जाव सन्ताणगा नो तत्थ बहवे समण-माहण जाव उवागसमिस्सन्ति अप्पाइण्णा वित्ती पन्नस्स निक्खमण-पवेसाए पन्नस्स वायण-पुच्छण-परियट्टणाणुपेह-धम्माणुओगचिन्ताए, सेवं नच्चा तहप्पगारं पुरे-सङ्खडिं वा पच्छा-सङ्खडिं वा सङ्खडिं सङ्खडि-पडियाए अभिसन्धारॆज्ज गमणाए."
881,
882,"से भिक्खू वा भिक्खुणी वा गाहावइ-कुलं [पिण्डवाय-पडियाए] पविसितुकामे सॆज्जं पुण जाणॆज्जा — खीरिणियाओ गावीओ खीरिज्जमाणीओ पेहाए असनं वा पानं वा खाइमं वा साइमं वा उवसङ्खडिज्जमाणं पेहाए पुरा अप्पजूहिए सेवं नच्चा नो गाहावइ-कुलं पिण्डवाय-पडियाए निक्खमॆज्ज वा पविसॆज्ज वा, से तमायाए एगन्तमवक्कमॆज्जा एगन्तमवक्कमॆत्ता अनावायमसंलोए चिट्ठॆज्जा, अह पुण एवं जाणॆज्जा — खीरिणियाओ गावीओ खीरियाओ पेहाए असनं वा पानं वा खाइमं वा साइमं वा उवक्खडियं पेहाए पुरा जूहिए से एवं नच्चा तओ सञ्जयामेव गाहावइ-कुलं पिण्डवाय-पडियाए निक्खमॆज्ज वा पविसॆज्ज वा."
883,
884,"भिक्खागा नामेगे एवमाहंसु — समाणे वा वसमाणे वा गामाणुगामं दूइज्जमाणेखुड्डाए खलु अयं गामे संनिरुद्धाए नो महालए से हन्ता भयन्तारो बाहिरगाणि गामाणि भिक्खायरियाए वयह, सन्ति तत्थेगइयस्स भिक्खुस्स पुरे-सन्थुया वा पच्छा-सन्थुया वा परिवसन्ति, तं जहा — गाहावई वा गाहावइणीओ वा गाहावइ-पुत्ता वा गाहावइ-धूयाओ वा गाहावइ-सुण्हाओ वा धाईओ वा दासा वा दासीओ वा कम्मकरा वा कम्मकरीओ वा, तहप्पगाराइं कुलाइं पुरे-सन्थुयाणि वा पच्छा-सन्थुयाणि वा पुव्वामेव भिक्खायरियाए अनुपविसिस्सामि, अवि य इत्थ लभिस्सामि — पिण्डं वा लोयं वा खीरं वा दधिं वा नवनीयं वा घयं वा गुलं वा तेल्लं वा महुं वा मज्जं वा मंसं वा सङ्कुलिं वा फाणियं वा पूयं वा सिहरिणिं वा, तं पुव्वामेव भॊच्चा पॆच्चा पडिग्गहं संलिहिय संमज्जिय तओ पच्छा भिक्खूहिं सद्धिं गाहावइ कुलं पिण्डवाय-पडियाए पविसिस्सामि निक्खमिस्सामि वा माइट्ठाणं सम्फासे, तं नो एवं करॆज्जा, से तत्थ भिक्खूहिं सद्धिं कालेण अनुपविसित्ता तत्थितरेतरेहिं कुलेहिं सामुदानियं एसियं वेसियं पिण्डवायं पडिगाहॆत्ता आहारं आहारॆज्जा, एयं खलु तस्स भिक्खुस्स वा भिक्खुणीए वा सामग्गियं [जं सव्वट्ठेहिं समिए सहिए सया जए — त्तिबेमि]."
885,
886,"से भिक्खू वा जाव पविट्ठे समाणे सॆज्जं पुण जाणॆज्जा — अग्गपिण्डं उक्खिप्पमाणं पेहाए अग्गपिण्डं निक्खिप्पमाणं पेहाए अग्गपिण्डं हीरमाणं पेहाए अग्गपिण्डं परिभाइज्जमाणं पेहाए अग्गपिण्डं परिभुज्जमाणं पेहाए अग्ग-पिण्डं परिट्ठवॆज्जमाणं पेहाए पुरा असिणाइ वा अवहाराइ वा पुरा जत्थण्णे समण-माहण-अतिहि-किविण वणीमगा खद्धं-खद्धं उवसङ्कमन्ति — से हन्ता अहमवि खद्धं उवसङ्कमामि, माइट्ठाणं सम्फासे, नो एवं करॆज्जा."
887,
888,"से भिक्खू वा जाव पविट्ठे समाणे — अन्तरा से वप्पाणि वा फलिहाणि वा पागाराणि वा तोरणाणि वा अग्गलाणि वा अग्गल-पासणाणि वा-सइ परक्कमे सञ्जयामेव परक्कमॆज्जा, नो उज्जुयं गच्छॆज्जा, केवली बूया आयाणमेय — से तत्थ परक्कममाणे पयलॆज्ज वा पक्खलॆज्ज वा पवडॆज्ज वा से तत्थ पयलमाणे वा पक्खलमाणे वा पवडमाणे वा तत्थ से काये उच्चारेण वा पासवणेण वा खेलेण वा सिन्धाणेण वा वन्तेण वा पित्तेण वा पूएण वा सुक्केण वा सोणिएण वा उवलित्ते सिया, तहप्पगारं कायं नो अनन्तरहियाए पुढवीए नो ससिणिद्धाए पुढवीए नो ससरक्खाए पुढवीए नो चित्तमन्ताए सिलाए नो चित्तमन्ताए लेलुए कोलावासंसि वा दारुए जीवपइट्ठिए सअण्डे सपाणे जाव ससन्ताणए नो आमज्जॆज्ज वा नो पमज्जॆज्ज वा नो संलिहॆज्ज वा नो निल्लिहॆज्ज वा नो उव्वलॆज्ज वा नो उवट्टॆज्ज वा नो आयावॆज्ज वा नो पयावॆज्ज वा, से पुव्वामेव अप्पससरक्खं तणं वा पत्तं वा कट्ठं वा सक्करं वा जाइज्जा, जाइत्ता से तमायाए एगन्तमवक्कमॆज्जा एगन्तमवक्कमॆत्ता अहे झामथण्डिलंसि वा जाव अन्नयरंसि वा तहप्पगारंसि थण्डिलंसि पडिलेहिय-पडिलेहिय पमज्जिय-पमज्जिय तओ सञ्जयामेव आमज्जॆज्ज वा जाव पयावॆज्ज वा."
889,
890,"से भिक्खू वा [भिक्खुणी वा गाहावइ-कुलं पिण्डवाय-पडियाए अणुपविट्ठे] समाणे सॆज्जं पुण जाणॆज्जा — गोणं वियालं पडिपहे पेहाए महिसं वियालं पडिपहे पेहाए, एवं मणुस्सं आसं हत्थिं सीहं वग्घं विगं दीवियं अच्छं तरच्छं परिसरं सियालं विरालं सुणयं कोलसुणयं कोकन्तियं चित्ताचिल्लडयं-वियालं पडिपहे पेहाए सह परक्कमे सञ्जयामेव परक्कमॆज्जा, नो उज्जुयं गच्छॆज्जा, से भिक्खू वा जाव समाणे-अन्तरा से ओवाओ वा खाणू वा कण्टए वा घसी वा भिलुगा वा विसमे वा विज्जले वा परियावज्जॆज्जा, सति परक्कमे सञ्जयामेव, परक्कमॆज्जा नो उज्जुयं गच्छॆज्जा."
891,
892,से भिक्खू वा भिक्खुणी वा गाहावइ-कुलस्स दुवार-बाहं कण्टक-बोन्दियाए परिपिहियं पेहाए तेसिं पुव्वामेव उग्गहं अणणुण्णविय अपडिलेहिय अपमज्जिय नो अवङ्गुणिज्ज वा पविसॆज्ज वा निक्खमॆज्ज वा तेसिं पुव्वामेव उग्गहं अणुण्णविय पडिलेहिय-पडिलेहिय पमज्जिय-पमज्जिय तओ सञ्जयामेव अवङ्गुणिज्ज वा पविसॆज्ज वा निक्खमॆज्ज वा.
893,
894,"से भिक्खू वा जाव समाणे सॆज्जं पुण जाणॆज्जा — समणं वा माहणं वा गामपिण्डोलगं वा अतिहिं वा पुव्वपविट्ठं पेहाए नो तेसिं संलोए सपडिदुवारे चिट्ठॆज्जा [प०-केवली बूया आयाणमेयं-पुरा पेहाए तस्सट्ठाए परो असनं वा पानं वा खाइमं वा साइमं वा आहट्टु दलऎज्जा, अह भिक्खूणं पुव्वोवदिट्ठा एस पइण्णा एस हेऊ एस कारणं एस उवएसो जं नो तेसिं संलोए सपडिदुवारे चिट्ठॆज्जा] से तमायाए एगन्तमवक्कमॆज्जा एगन्तमवक्कमॆत्ता अनावायमसंलोए चिट्ठॆज्जा, से से परो अनावायमसंलोए चिट्ठमाणस्स असनं वा पानं वा खाइमं वा साइमं वा आहट्टु दलऎज्जा, से य एवं वदॆज्जा — आउसन्तो समणा इमे भे असणे वा पाणे वा खाइमे वा साइमे वा सव्वजणाए निसट्ठे तं भुञ्जह वा णं परिभाएह वा णं, तं चेगइओ पडिगाहॆत्ता तुसिणीओ उवेहॆज्जा, अवियाइं एयं मम मेव सिया, माइट्ठाणं सम्फासे, नो एवं करॆज्जा, से तमायाए तत्थ गच्छॆज्जा तत्थ गच्छॆत्ता से पुव्वामेव आलोऎज्जाआउसन्तो समणा! इमे भे असनं वा पानं वा खाइमं वा साइमं वा सव्वजनाए निसिट्ठे तं भुञ्जह वा णं परिभाएह वा णं, सेणमेवं वदन्तं परो वऎज्जा — आउसन्तो समणा, तुमं चेव णं परिभाएहि, से तत्थ परिभाएमाणे नो अप्पणो खद्धं-खद्धं डायं-डायं ऊसढं-ऊसढं रसियं-रसियं मणुण्णं-मणुण्णं निद्धं-निद्धं लुक्खं-लुक्खं से तत्थ अमुच्छिए अगिद्धे अगढिए अणज्झोववन्ने बहुसममेव परिभाऎज्जा, से णं परिभाएमाणं परो वऎज्जा — आउसन्तो समणा! मा णं तुमं परिभाएहि सव्वे वेगतिया ठिया उ भॊक्खामो वा, पाहामो वा से तत्थ भुञ्जमाणे नो अप्पणो खद्धं खद्धं डायं डायं ऊसढं उसढं रसियं रसियं मणुन्नं मणुन्नं निद्धं निद्धं लुक्खं-लुक्खं से तत्थ अमुच्छिए जाव बहुसममेव भुञ्जॆज्ज वा पीऎज्जा वा."
895,
896,"से भिक्खू वा [भिक्खुणी वा गाहावइ-कुलं पिण्डवाय-पडियाए अनुपविट्ठे] समाणे सॆज्जं पुण जाणॆज्जा-समणं वा माहणं वा गाम-पिण्डोलगं वा अतिहिं वा पुव्वपविट्ठं पेहाए नो ते उवाइक्कम्म पविसॆज्ज वा ओभासॆज्ज वा, से तमायाए एगन्तमवक्कमॆज्जा एगन्तमवक्कमॆत्ता अनावायं चिट्ठॆज्जा अह पुणेवं जाणॆज्जा — पडिसेहिए वा दिन्ने वा, तओ तंमि नियत्तिए सञ्जयामेव पविसॆज्जा वा ओभासॆज्ज वा एयं सामग्गियं जाव सया जए-त्तिबेमि."
897,
898,से भिक्खू वा जाव समाणे सॆज्जं पुण जाणॆज्जा — रसेसिणो बहवे पाणा घासेसणाए सन्थडे सन्निवइए पेहाए तं जहा — कुक्कुड-जाइयं वा सूयर-जाइयं वा अग्गपिण्डंसि वा वायसा सन्थडा संनिवइया पेहाए सइ परक्कमे सञ्जयामेव परक्कमॆज्जा नो उज्जुयं गच्छॆज्जा.
899,
900,"से भिक्खू वा जाव समाणे-नो गाहावइ-कुलस्स वा दुवार-साहं अवलम्बिय-अवलम्बिय चिट्ठॆज्जा, नो गाहावइ-कुलस्स दगच्छड्डणमत्ताए चिट्ठॆज्जा, नो गाहावइ-कुलस्स चन्दनिउयए चिट्ठॆज्जा, नो गाहावइ-कुलस्स सिणाणस्स वा वच्चस्स वा संलोए सपडिदुवारे चिट्ठॆज्जा, नो गाहावइ-कुलस्स आलोयं वा थिग्गलं वा सन्धिं वा दग-भवनं वा बाहाओ पगिज्झिय-पगिज्झिय अङ्गुलियाए वा उद्दिसिय-उद्दिसिय अवनमिय-अवनमिय उन्नमिय-उन्नमिय निज्झाऎज्जा, नो गाहावइं अङ्गुलियाए उद्दिसिय-उद्दिसिय जाऎज्जा, नो गाहावइं अङ्गुलियाए चालिय-चालिय जाऎज्जा, नो गाहावइं अङ्गुलियाए तज्जिय-तज्जिय जाऎज्जा, नो गाहावइं अङ्गुलियाए उक्खलुम्पिय-उक्खलुम्पिय जाऎज्जा, नो गाहावइं वन्दिय-वन्दिय जाऎज्जा, नो चेव णं फरुसं वऎज्जा."
901,
902,"अह तत्थ कञ्चि भुञ्जमाणं पेहाए तं जहा — गाहावइं वा जाव कम्मकरिं वा से पुव्वामेव आलोऎज्जा आउसो त्ति वा भइणि त्ति वा दाहिसि मे ऎत्तो अन्नयरं भोयणजायं? से सेवं वयन्तस्स परो हत्थं वा मत्तं वा दव्विं वा भायणं वा सीओदग-वियडेण वा उसिणोदग-वियडेण वा उच्छोलॆज्ज वा पहोऎज्ज वा, से पुव्वामेव आलोऎज्जा-आउसो त्ति वा भइणि त्ति वा, मा एयं तुमं हत्थं वा मत्तं वा दव्विं वा भायणं वा सीओदग-वियडेण वा उसिणोदग-वियडेण वा उच्छोलेहि वा पहोएहि वा अभिकङ्खसि मे दाउं एवमेव दलयाहि से सेवं वयन्तस्स परो हत्थं वा मत्तं वा दव्विं वा भायणं वा सीओदग-वियडेण वा उसिणोदग-वियडेण वा उच्छोलॆत्ता पहोइत्ता आहट्टु दलऎज्जा, तहप्पगारेण पुरेकम्मकएण हत्थेण वा मत्तेण वा दव्वीए वा भायणेण वा असनं वा पानं वा खाइमं वा साइमं वा अफासुयं [अनेसणिज्जं ति मन्नमाणे लाभे सन्ते] नो पडिगाहॆज्जा."
903,
904,अह पुण एवं जाणॆज्जा — नो पुरेकम्मकएणं जाव उदउल्लेणं तहप्पगारेणं वा उदउल्लेण हत्थेण वा जाव भायणेण वा असनं वा जाव साइमं वा अफासुयं जाव नो पडिगाहॆज्जा.
905,
906,"अह पुण एवं जाणॆज्जा — नो उदउल्लेण ससिणिद्धेण सेसं तं चेव, एवं ससरक्खे उदउल्ले, ससिणिद्धे मट्टिया ऊसे. हरियाले हिङ्गुलुए, मनोसिला अञ्जणे लोणे. गेरुय वन्निय सेडिय सोरट्ठिय पिट्ठकुक्कुस उक्कुट्ठ संसट्ठेण. अह पुण एवं जाणॆज्जा नो असंसट्ठे संसट्ठे तहप्पगारेण संसट्ठेण हत्थेण वा जाव भायणेण वा असनं वा जाव साइमं वा फासुयं जाव पडिगाहॆज्जा."
907,
908,से भिक्खू वा जाव समाणे से ज्जं पुण जाणॆज्जा-पिहुयं वा बहुरयं वा [भज्जियं वा मन्थुं वा चाउलं वा] चाउलपलम्बं वा अस्सञ्जए भिक्खु-पडियाए चित्तमन्ताए सिलाए जाव सन्ताणाए कॊट्टॆंसु वा कॊट्टिन्ति वा कॊट्टिस्सन्ति वा उप्फणिंसु वा उप्फणिन्ति वा उप्पणिस्सन्ति वा तहप्पगारं पिहुयं वा जाव चाउलपलम्बं वा-अफासुयं [अनेसणिज्जं ति मन्नमाणे लाभे सन्ते] नो पडिगाहॆज्जा.
909,
910,से भिक्खू वा जाव समाणे से ज्जं जाणॆज्जा-बिलं वा लोणं उब्भियं वा लोणं अस्सञ्जए भिक्खु-पडियाए चित्तमन्ताए सिलाए चित्तमन्ताए लेलुए कोलावांससि वा दारुए जीवपइट्ठिए सअण्डे सपाणे सबीए सहरिए सउसे सउदए सउत्तिङ्ग-पणग-दग-मट्टिय-मक्कडा सन्ताणाए भिन्दिंसु वा भिन्दन्ति वा भिन्दिस्सन्ति वा रुचिंसु वा रुचिन्ति वा रुचिस्सन्ति वा-बिलं वा लोणं उब्भियं वा लोणं-अफासुयं जाव लाभे सन्ते नो पडिगाहॆज्जा.
911,
912,"से भिक्खू वा जाव समाणे सॆज्जं पुण जाणॆज्जा — असनं वा पानं वा खाइमं वा साइमं वा अगनिनिक्खित्तं तहप्पगारं असनं वा पानं वा खाइमं वा साइमं वा अफासुयं [अनेसणिज्जं ति मन्नमाणे] लाभे सन्ते नो पडिगाहॆज्जा केवली बूया आयाणमेयं, अस्सञ्जए भिक्खु-पडियाए उस्सिञ्चमाणे वा निस्सिञ्चमाणे वा आमज्जमाणे वा पमज्जमणे वा ओयारेमाणे वा उव्वत्तेमाणे वा अगनिजीवे हिंसॆज्जा, अह भिक्खूणं पुव्वोवदिट्ठा एस पइण्णा एस हेऊ एस कारणं एसुवएसे जं तहप्पगारं असनं वा जाव अगनि-निक्खित्तं-अफासुयं अनेसणिज्जं [ति मन्नमाणे] लाभे सन्ते नो पडिगाहॆज्जा एयं खलु तस्स भिक्खुस्स वा भिक्खुणीए वा सामग्गियं, त्तिबेमि."
913,
914,से भिक्खू वा [भिक्खुणी वा गाहावइ-कुलं पिण्डवाय-पडियाए अणुपविट्ठे] समाणे सॆज्जं पुण जाणॆज्जा — असनं वा पानं वा खाइमं वा साइमं वा खन्धंसि वा थम्भंसि वा मञ्चंसि वा मालंसि वा पासायंसि वा हम्मियतलंसि वा अन्नयरंसि वा तहप्पगारंसि अन्तलिक्खजायंसि उवनिक्खित्तं सिया-तहप्पगारं मालोहडं असनं वा पानं वा खाइमं वा साइमं वा अफासुयं [अनेसणिज्जं ति मन्नमाणे लाभे सन्ते] नो पडिगाहॆज्जा केवली बूया आयाणमेयं-अस्सञ्जए भिक्खु-पडियाए पीढं वा फलगं वा निस्सेणिं वा उदूहलं वा अवहट्टु उस्सविय दुरुहॆज्जा.
915,
916,से तत्थ दुरुहमाणे पयलॆज्ज वा पवडॆज्ज वा से तत्थ पयलमाणे वा पवडमाणे वा हत्थं वा पायं वा बाहुं वा ऊरुं वा उदरं वा सीसं वा अन्नयरं वा कायंसि इन्दिय-जालं लूसॆज्ज वा पाणाणि वा भूयाणि वा जीवाणि वा सत्ताणि वा अभिहणॆज्ज वा वत्तॆज्ज वा लेसॆज्ज वा सङ्घेसॆज्ज वा सङ्घट्टॆज्ज वा परियावॆज्ज वा किलामॆज्ज वा ठाणाओ ठाणं सङ्कामॆज्ज वा तं तहप्पगारं मालोहडं असनं वा जाव लाभे सन्ते नो पडिगाहॆज्जा.
917,
918,से भिक्खू वा जाव समाणे सॆज्जं पुण जाणॆज्जा-असनं वा पानं वा खाइमं वा साइमं वा कॊट्ठियाओ वा कोलज्जाओ वा अस्सञ्जए भिक्खु-पडियाए उक्कुज्जिय अवउज्जिय ओहरिय आहट्टु दलऎज्जा-तहप्पगारं असनं वा मालोहडं ति नच्चा लाभे सन्ते नो पडिगाहॆज्जा.
919,
920,"से भिक्खू वा जाव समाणे से ज्जं जाणॆज्जा — असनं वा पानं वा खाइमं वा साइमं वा मट्टिओलित्तं-तहप्पगारं असनं वा जाव लाभे सन्ते नो पडिगाहॆज्जा केवली बूया आयाणमेय-अस्सञ्जए भिक्खू-पडियाए मट्टिओलित्तं असनं वा जाव उब्भिन्दमाणे पुढवीकायं समारम्भॆज्जा तह तेउ-वाउ-वणस्सइ-तसकायं समारम्भॆज्जा, पुनरवि ओलिम्पमाणे पच्छाकम्मं करॆज्जा, अह भिक्खूणं पुव्वोवदिट्ठा [एस पइण्णा एस हेऊ एस कारणं एस उवएसो] जं तहप्पगारं मट्टिओलित्तं असनं वा लाभे सन्ते नो पडिगाहॆज्जा."
921,
922,से भिक्खू वा भिक्खुणी वा जाव समाणे सॆज्जं पुण जाणॆज्जा-असनं वा पानं वा खाइमं वा साइमं वा पुढविकाय-पइट्ठियं-तहप्पगारं असनं वा जाव-अफासुयं जाव नो पडिगाहॆज्जा.
923,
924,से भिक्खू वा भिक्खुणी वा जाव समाणे सॆज्जं पुण जाणॆज्जा-असनं वा पानं वा खाइमं वा साइमं वा आउकाय-पइट्ठियं-तहप्पगारं असनं वा जाव — अफासुयं अनेसणिज्जं ति मन्नमाणे लाभे सन्ते नो पडिगाहॆज्जा.
925,
926,से भिक्खू वा भिक्खुणी वा गाहावइ-कुलं पिण्डवाय-पडियाए अनुपविट्ठे समाणे सॆज्जं पुण जाणॆज्जा असनं वा पानं वा खाइमं वा साइमं वा अगनिकाय पइट्ठियं-जाव लाभे सन्ते नो पडिगाहॆज्जा केवली बूया आयाणमेयं — अस्सञ्जए भिक्खु-पडियाए अगनिं ओसक्किय निस्सक्किय ओहरिय आहट्टु दलऎज्जा अह भिक्खुणं पुव्वोवदिट्ठा [एस पइण्णा एस हेऊ एस कारणं एसउवएसे जं तहप्पगारं असनं वा जाव अगनिकाय-पइट्ठियं अफासुयं जाव नो पडिगाहॆज्जा.
927,
928,"से भिक्खू वा भिक्खुणी वा जाव समाणे सॆज्जं पुण जाणॆज्जा — असनं वा पानं वा खाइमं वा साइमं वा अच्चुसिणं अस्सञ्जए भिक्खु-पडियाए सुप्पहेण वा विहुयणेण वा तालियण्टेण वा पत्तेण वा साहाए वा साहा-भङ्गेण वा पिहुणेण वा पिहुण-हत्थेण वा चेलेण वा चेलकन्नेण वा हत्थेण वा मुहेण वा फुमॆज्ज वा वीऎज्ज वा, से पुव्वामेव आलोऎज्जा आउसो त्ति वा भगिनि त्ति वा मा एयं तुमं असनं वा पानं वा खाइमं वा साइमं वा अच्चुसिणं सूप्पेण वा जाव मुहेण वा फुमाहि वा वीयाहि वा अभिकङ्खसि मे दाउं एमेव दलयाहि. से सेवं वदन्तस्स परो सूप्पेण वा फुमित्ता वा वीइत्ता वा आहट्टु दलऎज्जा-तहप्पगारं असनं वा जाव अफासुयं वा जाव नो पडिगाहॆज्जा."
929,
930,से भिक्खू वा भिक्खुणी वा जाव से ज्जं पुण जाणॆज्जा-असनं वा पानं वा खाइमं वा साइमं वा वणस्सइकायपइट्ठियं-तहप्पगारं असनं वा जाव लाभे सन्ते नो पडिगाहॆज्जा.
931,
932,[से भिक्खू वा भिक्खुणी वा गाहावइ-कुलं पिण्डवाय-पडियाए अणुपविट्ठे समाणे सॆज्जं पुण जाणॆज्जा-असनं वा पानं वा खाइमं वा साइमं वा तसकाय पइट्ठिय-तहप्पगारं असनं वा जाव तसकाय पइट्ठियं अफासुयं अनेसणिज्जं ति मन्नमाणे लाभे सन्ते नो पडिगाहॆज्जा].
933,
934,"से भिक्खू वा भिक्खुणी वा जाव सॆज्जं पुण पानग-जायं जाणॆज्जा, तं जहा — उस्सेइमं वा संसेइमं वा चाउलोदगं वा अन्नयरं वा तहप्पगारं पानग-जायं अहुणा-धोयं अणम्बिलं अव्वॊक्कन्तं अपरिणयं अविद्धत्थं — अफासुयं अनेसणिज्जं ति मन्नमाणे लाभे सन्ते नो पडिगाहॆज्जा, अह पुण एव जाणॆज्जा-चिराधोयं अम्बिलं वुक्कन्तं परिणयं विद्धत्थं फासुयं [एसणिज्जं ति मन्नमाणे लाभे सन्ते] पडिगाहॆज्जा."
935,
936,"से भिक्खू वा भिक्खुणी वा समाणे सॆज्जं पुण पानग-जायं जाणॆज्जा तं जहा — तिलोदगं वा तुसोदगं वा जवोदगं वा आयामं वा सोवीरं वा सुद्ध-वियडं वा-अन्नयरं वा तहप्पगारं पानगजायं पुव्वामेव आलोऎज्जा-आउसो त्ति वा भगिनी त्ति वा दाहिसि मे ऎत्तो अन्नयरं पानग-जायं? से सेवं वदन्तं परो वदॆज्जा आउसन्तो समणा तुमं चेवेदं पानग-जायं पडिग्गहेण वा उस्सिञ्चियाणं ओयत्तियाणं गिण्हाहि-तहप्पगारं पानग-जायं सयं वा गिण्हॆज्जा परो वा से दॆज्जा, फासुयं जाव लाभे सन्ते पडिगाहॆज्जा."
937,
938,"से भिक्खू वा जाव से ज्जं पुण पानग-जायं जाणॆज्जा-अनन्तरहियाए पुढवीए जाव सन्ताणए ऒद्धट्टु निविखत्ते सिया, असञ्जए भिक्खु-पडियाए उदउल्लेण वा ससिणिद्धेण वा सकसाएण वा मत्तेण वा सीओदएण वा सम्भोऎत्ता आहट्टु दलऎज्जा, तहप्पगारं पानग-जायं अफासुयं लाभे सन्ते नो पडिगाहॆज्जा, एयं खलु तस्स भिक्खुस्स वा भिक्खुणीए वा सामग्गियं [जं सव्वट्ठेहिं समिए सहिए सया जए — त्तिबेमि]."
939,
940,"से भिक्खू वा भिक्खुणी वा [गाहावइ-कुलं पिण्डवाय-पडियाए अणुपविट्ठे] समाणे सॆज्जं पुण पानग-जायं जाणॆज्जा तं जहा अम्ब-पानगं वा अम्बाडग-पानगं वा कविट्ठ-पानगं वा मातुलिङ्ग-पानगं वा मुद्दिया-पानगं वा दाडिम-पानगं वा खज्जूर-पानगं वा नालिएर-पानगं वा करीर-पानगं वा कोल-पानगं वा आमलग-पानगं वा चिञ्चा-पानगं वा-अन्नयरं वा तहप्पगारं पानग-जायं सअट्ठियं सकणुयं सबीयगं अस्सञ्जए भिक्खु-पडियाए छब्बेण वा दूसेण वा वालगेण वा आवीलियाण वा परिपीलियाण वा परिस्सावियाण आहट्टु दलऎज्जा, तहप्पगारं पानग-जायं-अफासुयं [अनेसणिज्जं ति मन्नमाणे] लाभे सन्ते नो पडिगाहॆज्जा."
941,
942,से भिक्खू वा जाव समाणे से आगन्तारेसु वा आरामागारेसु वा गाहावइ-कुलेसु वा परियावसहेसु वा-अन्न-गन्धाणि वा पान-गन्धाणि वा सुरभि-गन्धाणि वा अग्घाय-अग्घाय — से तत्थ आसाय-पडियाए मुच्छिए गिद्धे गढिए अज्झोववन्ने अहोगन्धो-अहोगन्धो नो गन्धमाधऎज्जा.
943,
944,से भिक्खु वा जाव समाणे सॆज्जं पुण जाणॆज्जा सालुयं वा बिरालियं वा सासवनालियं वा-अन्नतरं वा तहप्पगारं आमगं असत्थपरिणयं अफासुयं जाव नो पडिगाहॆज्जा.
945,
946,से भिक्खू वा भिक्खुणी वा जाव समाणे सॆज्जं पुण जाणॆज्जा — पिप्पलिं वा पिप्पलि-चुण्णं वा मिरियं वा मिरिय-चुण्णं वा सिङ्गबेरं वा सिङ्गबेर-चुण्णं वा-अन्नतरं वा तहप्पगारं आमगं असत्थ-परिणयं-अफासुयं अनेसणिज्जं [ति मन्नमाणे] लाभे सन्ते नो पडिगाहॆज्जा.
947,
948,"से भिक्खू वा भिक्खुणी वा जाव समाणे सॆज्जं पुण पलम्ब-जायं जाणॆज्जा, तञ्जहा — अम्बपलम्बं वा अम्बाडगपलम्बं वा तालपलम्बं वा झिज्झिरिपलम्बं वा सुरभिपलम्बं वा सल्लइ पलम्बं वा-अन्नयरं वा तहप्पगारं पलम्बजायं आमगं असत्थपरिणयं-अफासुयं अनेसणिज्जं [ति मन्नमाणे लाभे सन्ते] नो पडिगाहॆज्जा."
949,
950,"से भिक्खू वा भिक्खुणी वा जाव समाणे सॆज्जं पुण पवाल-जायं जाणॆज्जा, तं जहा — आसॊत्थ-पवालं वा नग्गोह-पवालं वा पिलुङ्खु-पवालं वा नीपूर-पवालं वा सल्लइ-पवालं वा अन्नयरं वा तहप्पगारं पवाल-जायं आमगं असत्थपरिणयं अफासुयं अनेसणिज्जं जाव नो पडिगाहॆज्जा."
951,
952,से भिक्खू वा जाव समाणे सॆज्जं पुण सरडुयं-जायं जाणॆज्जा तं जहा — अम्ब सरडुयं वा अम्बाडग-सरडुयं वा कविट्ठ सरडुयं वा दाडिम-सरडुयं वा बिल्ल-सरडुयं वा अन्नयरं वा तहप्पगारं सरडुयं-जायं आमगं असत्थपरिणयं अफासुयं जाव नो पडिगाहॆज्जा.
953,
954,से भिक्खू वा भिक्खुणी वा [गाहावइ-कुलं पिण्डवाय-पडियाए अनुपविट्ठे] समाणे सॆज्जं पुण मन्थु-जाय जाणॆज्जा तं जहा — उम्बर-मन्थुं वा नग्गोह-मन्थुं वा पिलुङ्खुं-मन्थुं वा आसॊत्थ-मन्थुं वा-अन्नयरं वा तहप्पगारं मन्थुं-जायं आमयं दुरुक्कं साणुबीयं-अफासुयं जाव लाभे सन्ते नो पडिगाहॆज्जा.
955,
956,से भिक्खू वा जाव समाणे सॆज्जं पुण जाणॆज्जा-आमडागं वा पूइपिण्णागं वा महुं वा मज्जं वा सप्पिं वा खोलं वा पुराण गंवा ऎत्थ पाणा अनुप्पसूयाइं जायाइं संवुड्ढाइं अव्वुक्कन्ताइं अपरिणया ऎत्थ पाणा अविद्धत्था-अफासुयं अनेसणिज्जं ति मन्नमाणे लाभे सन्ते नो पडिगाहॆज्जा.
957,
958,से भिक्खू वा जाव समाणे सॆज्जं पुण जाणॆज्जा-उच्छु-मेरगं वा अङ्क-करेलुयं वा कसेरुगं वा सिङ्घाडगं वा पूतिआलुगं वा — अन्नयरं वा तहप्पगारं आमगं असत्थपरिणयं [अफासुयं अनेसणिज्जं ति मन्नमाणे लाभे सन्ते] नो पडिगाहॆज्जा.
959,
960,से भिक्खू वा जाव समाणे सॆज्जं पुण जाणॆज्जा-उप्पलं वा उप्पल-नालं वा भिसं वा भिसमुणालं वा पॊक्खलं वा पॊक्खल-विम्भङ्गं वा अन्नतरं वा तहप्पगारं [आमगं असत्थपरिणयं — अफासुयं अनेसणिज्जं ति मन्नमाणे लाभे सन्ते] नो पडिगाहॆज्जा.
961,
962,से भिक्खू वा [भिक्खुणी वा गाहावइ-कुलं जाव अनुपविट्ठे] समाणे सॆज्जं पुण जाणॆज्जा-अग्ग-बीयाणि वा मूल-बीयाणि वा खन्धबीयाणि वा पोर-बीयाणि वा अग्ग-जायाणि वा मूलजायाणि वा खन्ध जायाणि वा पोर-जायाणि वा नन्नत्थ तक्कलि-मत्थएण वा तक्कलि-सीसेण वा नालि-एरि-मत्थएण वा खज्जूरि-मत्थएण वा ताल-मत्थएण वा — अन्नयरं वा तहप्पगारं आमं असत्थपरिणयं-[अफासुयं अनेसणिज्जं ति मन्नमाणे लाभे सन्ते] नो पडिगाहॆज्जा.
963,
964,से भिक्खू वा जाव समाणे सॆज्जं पुण जाणॆज्जा-उच्छुं वा कानगं अङ्गारियं संमिस्सं विग दूमियं वितग्गगं वा कन्दलीऊसुयं वा अन्नयरं वा तहप्पगारं आमं असत्थपरिणयं-अफासुयं जाव नो पडिगाहॆज्जा.
965,
966,से भिक्खू वा जाव जाणॆज्जा लसुणं वा लसुण-पत्तं वा लसुण-नालं वा लसुण-कन्दं वा लसुण-चोयगं वा-अन्नयरं वा तहप्पगारं आमं असत्थपरिणयं जाव नो पडिगाहॆज्जा.
967,
968,से भिक्खू वा जाव समाणे सॆज्जं पुण जाणॆज्जा-अत्थियं वा कुम्भिपक्कं तिन्दुगं वा वेलुगं वा कासवनालियं वा-अन्नतरं वा तहप्पगारं आमं असत्थपरिणयं जाव लाभे सन्ते नो पडिगाहॆज्जा.
969,
970,से भिक्खू वा समाणे सॆज्जं पुण जाणॆज्जा कणं वा कण-कुण्डगं वा कण-पूयलियं वा चाउलं वा चाउल-पिट्ठं वा तिलं वा तिल-पिट्ठं वा तिल-पप्पडगं वा-अन्नतरं वा तहप्पगारं आमं असत्थपरिणयं अफासुयं अनेसणिज्जं ति मन्नमाणे लाभे सन्ते नो पडिगाहॆज्जा.
971,
972,एयं खलु तस्स भिक्खुस्स वा भिक्खुणीए वा सामग्गियं [जं सव्वट्ठेहिं समिए सहिए सया जए] — त्तिबेमि.
973,
974,"इह खलु पाईणं वा पडीणं वा दाहिणं वा उदीणं वा सन्तेगइया सड्ढा भवन्ति गाहावई वा जाव कम्मकरीओ वा, तेसिं च णं एवं वुत्तपुव्वं भवइ — जे इमे भवन्ति समणा भगवन्तो सीलमन्ता वयमन्ता गुणमन्ता सञ्जया संवुडा बम्भचारी उवरया मेहुणाओ धम्माओ, नो खलु एएसिं कप्पइ आहाकम्मिए असणे वा पाणे वा खाइमे वा साइमे वा भॊत्तए वा पायए वा, सॆज्जं पुण इमं अम्हं अप्पणो अट्ठाए निट्ठियं तं जहा — असनं वा जाव सव्वमेय समणाणं निसिरामो, अवियाइं वयं पच्छा वि अप्पणो अट्ठाए असनं वा जाव चेइस्सामो, एयप्पगारं निग्घोसं सॊच्चा निसम्म तहप्पगारं असनं वा जाव अफासुयं अनेसणिज्जं [ति मन्नमाणे] लाभे सन्ते नो पडिगाहॆज्जा."
975,
976,"से भिक्खू वा भिक्खुणी वा समाणे वा वसमाणे वा गामाणुगामं वा दूइज्जमाणे सॆज्जं पुण जाणॆज्जा-गामं वा [नगरं वा खेडं वा कब्बडं वा मडम्बं वा पट्टणं वा दोणमुहं वा आगरं वा निगमं वा आसमं वा सन्निवेसं वा] रायहाणिं वा इमंसि खलु, गामंसि वा जाव रायहाणिंसि वा-सन्तेगइयस्स भिक्खुस्स पुरेसन्थुया वा पच्छासन्थुया वा परिवसन्ति, तं जहा — गाहावई वा जाव कम्मकरीओ वा तहप्पगाराइं कुलाइं नो पुव्वामेव भत्ताए वा पाणा वा निक्खमॆज्ज वा पविसॆज्ज वा, केवली बूया आयाणमेयं, पुरा पेहाए तस्स परो अट्ठाए असनं वा पानं वा खाइमं वा साइमं वा उवकरॆज्ज वा उवक्खडॆज्ज वा, अह भिक्खूणं पुव्वोवदिट्ठा एस पइण्णा एस हेऊ एस कारणं एस उवएसो जं नो तहप्पगाराइं कुलाइं पुव्वामेव भत्ताए वा पाणाए वा पविसॆज्ज वा निक्खमॆज्ज वा से तमायाए एगन्तमवक्कमॆज्जा एगन्तमवक्कमॆत्ता अनावायमसंलोए चिट्ठॆज्जा."
977,
978,"से तत्थ कालेण अनुपविसॆज्जा अनुपविसॆत्ता तत्थियरेयरेहिं कुलेहिं सामुदानियं एसियं वेसियं पिण्डवायं एसित्ता आहारं आहारॆज्जा, सिया से परो कालेण अनुपविट्ठस्स आहाकम्मियं असनं वा पानं वा खाइमं वा साइमं वा उवकरॆज्ज वा उवक्खडॆज्ज वा तं चेगइओ तुसिणीओ उवेहॆज्जा, आहडमेव पच्चाइक्खिस्सामि, माइट्ठाणं सम्फासे, नो एवं करॆज्जा, से पुव्वामेव आलोऎज्जा आउसो त्ति वा भगिनि त्ति वा, नो खलु मे कप्पइ आहाकम्मियं असनं वा जाव साइमं वा भॊत्तए वा पायए वा मा उवकरेहि मा उवक्खडेहि, से सेवं वयन्तस्स परो आहाकम्मियं असनं वा पानं वा खाइमं वा साइमं वा उवक्खडॆत्ता आहट्टु दलऎज्जा तहप्पगारं असनं वा० अफासुयं० लाभे सन्ते नो पडिगाहॆज्जा."
979,
980,से भिक्खू वा [भिक्खुणी वा गाहावइ-कुलं पिण्डवाय-पडियाए अणुपविट्ठे] समाणे सॆज्जं पुण जाणॆज्जा — मंसं वा मच्छं वा भज्जिज्जमाणं पेहाए तेल्लपूयं वा आएसाए उवक्खडिज्जमाणं पेहाए नो खद्धं-खद्धं उवसङ्कमित्तु ओभासॆज्जा नन्नत्थ गिलाणणीस्साए.
981,
982,"से भिक्खू वा जाव समाणे अन्नतरं भोयण-जायं पडिगाहॆत्ता सुब्भिं-सुब्भिं भॊच्चा दुब्भिं-दुब्भिं परिट्ठवेइ, माइट्ठाणं सम्फासे, नो एवं करॆज्जा, सुब्भिं वा दुब्भिं वा सव्वं भुञ्जे न छड्डए."
983,
984,"से भिक्खू वा जाव समाणे अन्नतरं वा पानगजायं पडिगाहॆत्ता पुप्कं पुप्कं आविइत्ता कसायं कसायं परिट्ठवेइ, माइट्ठाणं सम्फासे, नो एवं करॆज्जा, पुप्फं पुप्फेति वा कसायं कसाए त्ति वा सव्वमेयं भुञ्जॆज्जा, नो किञ्चि वि परिट्ठवॆज्जा."
985,
986,"से भिक्खू वा भिक्खुणी वा बहुपरियावण्णं भोयण-जायं पडिगाहॆत्ता बहवे साहम्मिया तत्थ वसन्ति सम्भोइया समणुण्णा अपरिहारिया अदूरगया, तेसिं अनालेइया अणामन्तिया परिट्ठवेइ० माइट्ठाणं सम्फासे नो एवं करॆज्जा, से तमायाए तत्थ गच्छॆज्जा गच्छॆत्ता से पुव्वामेव आलोऎज्जा — आउसन्तो समणा इमे मे असणे वा पाणे वा खाइमे वा साइमे वा बहुपरियावण्णे तं भुञ्जह णं से सेवं वयन्तं परो वऎज्जा — आउसन्तो समणा, आहारमेयं असनं वा जाव साइमं वा जावइयं-जावइयं परिसडइ तावइयं तावइयं भॊक्खामो वा पाहामो वा सव्वमेयं परिसडइ सव्वमेयं भॊक्खामो वा पाहामो वा."
987,
988,"से भिक्खू वा जाव सॆज्जं पुण जाणॆज्जा-असनं वा पानं वा खाइमं वा साइमं वा परं समुद्दिस्स बहिया नीहडं जं परेहिं असमणुण्णायं अनिसिट्ठिं अफासुयं [अनेसणिज्जं ति मन्नमाणे लाभे सन्ते] नो पडिगाहॆज्जा जं परेहिं समणुण्णायं सम्मं निसिट्ठ-फासुयं एसणिज्जं ति मन्नमाणे लाभे सन्ते पडिगाहॆज्जा, एयं खलु तस्स भिक्खुस्स वा भिक्खुणीए वा सामग्गियं [जं सव्वट्ठेहिं समिए सहिए सया जए, त्तिबेमि]."
989,
990,"से एगइओ साहारणं वा पिण्डवायं पडिगाहॆत्ता ते साहम्मिए अनापुच्छित्ता जस्स-जस्स इच्छइ तस्स-तस्स खद्धं-खद्धं दलइ, माइट्ठाणं सम्फासे, नो एवं करॆज्जा. से तमायाए तत्थ गच्छॆज्जा गच्छॆत्ता एवं वऎज्जा — आउसन्तो समणा! सन्ति मम पुरे-सन्थुया वा पच्छा-सन्थुया वा तं जहा — आयरिए वा उवज्झाए वा पवित्ती वा थेरे वा गणी वा गणहरे वा गणावच्छेइए वा अवियाइं एएसिं खद्धं-खद्धं दाहामि, से नेवं वयन्तं परो वऎज्जा — कामं खलु आउसो! अहापज्जत्तं निसिराहि जावइयं-जायइयं परो वयइ तावइयं-तावइयं निसिरॆज्जा, सव्वमेयं परो वयइ सव्वमेयं निसिरॆज्जा."
991,
992,"से एगइओ मणुन्नं भोयण-जायं पडिगाहॆत्ता पन्तेण भोयणेणं पलिच्छाएति, मा मेयं दाइयं सन्तं, दट्ठूणं सयमाइए आयरिए वा जाव गणावच्छेइए वा, नो खलु मे कस्सइ किञ्चि वि दायव्वं सिया माइट्ठाणं सम्फासे, नो एवं करॆज्जा. से तमायाए तत्थ गच्छॆज्ज. गच्छॆत्ता पुव्वामेव उत्ताणए हत्थे पडिग्गहं कट्टु — इमं खलु इमं खलुत्ति आलोऎज्जा नो किञ्चि वि निगूहॆज्जा. से एगइओ अन्नतरं भोयणजायं पडिगाहॆत्ता भद्दयं भद्दयं भॊच्चा, विवण्णं विरसमाहरइ, माइट्ठाणं सम्फासे नो एवं करॆज्जा."
993,
994,से भिक्खू वा० सॆज्जं पुण जाणॆज्जा-अन्तरुच्छुयं वा उच्छु-गण्डियं वा उच्छु-चोयगं वा उच्छु-मेरुगं वा उच्छु-सालगं वा उच्छु-डगलं वा सिम्बलिं वा सिम्बलि थालगं वा अस्सिं खलु पडिग्गहियंसि अप्पे सिया भोयणजाए बहुउज्झियधम्मिए तहप्पगारं अन्तरुच्छुयं वा जाव सिम्बलि-थालगं वा-अफासुयं [अनेसणिज्जं ति मन्नमाणे लाभे सन्ते] नो पडिगाहॆज्जा.
995,
996,से भिक्खू वा जाव सॆज्जं पुण जाणॆज्जा — बहु अट्ठियं वा मंसं वा मच्छं वा बहु कण्टगं अस्सिं खलु पडिग्गाहियंसि अप्पेसिया भोयण-जाए बहुउज्झियघम्मिए तहप्पगारं बहु-अट्ठियं वा मंसं वा बहु कण्टगं-अफासुयं अनेसणिज्जं ति मन्नमाणे लाभे सन्ते नो पडिगाहॆज्जा.
997,
998,"से भिक्खू वा जाव समाणे सिया णं परो बहु — अट्ठिएण मंसेण वा मच्छेण वा उवनिमन्तॆज्जा आउसन्तो समणा! अभिकङ्खसि बहु-अट्ठियं मंसं पडिगाहित्तए? एयप्पगारं निग्घोसं सॊच्चा निसम्म से पुव्वामेव आलोऎज्जा आउसो त्ति वा भइणि त्ति वा नो खलु मे कप्पइ से बहु-अट्ठियं मंसं पडिगाहित्तए, अभिकङ्खसि मे दाउं जावइयं तावइयं पॊग्गलं दलयाहि, मा अट्ठियाइं, से सेवं वयन्तस्स परो अभिहट्टु अन्तो-पडिग्गहगंसि बहु-अट्ठिय मंसं परिभाऎत्ता निहट्टु दलऎज्जा, तहप्पगारं पडिग्गहं परहत्थंसि वा परपायंसि वा अफासुयं अनेसणिज्जं [ति मन्नमाणे लाभे सन्ते नो पडिगाहॆज्जा."
999,
1000,"से आहच्च पडिगाहिए सिया तं नो हित्ति वऎज्जा नो अणहित्ति वऎज्जा, से तमायाए एगन्तमवक्कमॆज्जा एगन्तमवक्कमॆत्ता अहे आरामंसि वा अहे उवस्सयंसि वा अप्पण्डे सन्ताणए मंसगं मच्छगं भॊच्चा अट्ठियाइं कण्टए गहाय से तमायाए एगन्तमवक्कमॆज्जा एगन्तवक्कमॆत्ता अहे झामथण्डिलंसि वा जाव पमज्जिय-पमज्जिय तओ सञ्जयामेव परिट्ठविज्जा."
1001,
1002,"से भिक्खु वा जाव समाणे सिया से परो अभिहट्टु अन्तो-पडिग्गहे बिलं वा लोणं उब्भियं वा लोणं परिभाऎत्ता नीहट्टु दलऎज्जा, तहप्पगारं पडिग्गहं परहत्थंसि वा परपायंसि वा — अफासुयं अनेसणिज्जं [ति मन्नमाणे लाभे सन्ते] नो पडिगाहॆज्जा."
1003,
1004,"से आहच्च पडिग्गाहिए सिया तं च नाइदूरगए जाणॆज्जा, से तमायाए तत्थ गच्छॆज्जा गच्छॆत्ता पुव्वामेव आलोऎज्जा — आउसो त्ति वा भइणि त्ति वा इमं ते किं जाणया दिन्नं उदाहु अजाणया? से य भणॆज्जा — नो खलु मे जाणया दिन्नं, अजाणया दिन्नं, कामं खलु आउसो, इदानिं निसिरामि तं भुञ्जह वा णं परिभाएह वा णं, तं परेहिं समणुन्नायं समणुसिट्ठं तओ सञ्जयामेव भुञ्जॆज्ज वा पीऎज्ज वा, जं च नो सञ्चाएति भॊत्तए वा पायए वा साहम्मिया तत्थं वसन्ति सम्भोइया समणुन्ना अपरिहारिया अदूरगया तेसिं अनुप्पदातव्वं सिया, नो जत्थ साहम्मिया सिया जहेव बहुपरियावन्ने कीरति तहेव कायव्वं सिया, एवं खलु तस्स भिक्खुस्स वा भिक्खुणीए वा सामग्गियं [जं सव्वट्ठेहिं समिए सहिए सया जए] — त्तिबेमि."
1005,
1006,"भिक्खागा नामेगे एवमाहंसु समाणे वा वसमाणे वा गामाणुगामं वा दूइज्जमाणे मणुन्नं भोयण-जायं लभित्ता से भिक्खू गिलाइ, से हन्दह णं तस्साहरह, से य भिक्खू नो भुञ्जॆज्जा तुमं चेव णं भुञ्जॆज्जासि, से एगइओ भॊक्खामित्ति कट्टु पलिउञ्चिय-पलिउञ्चिय आलोऎज्जा तं जहा इमे पिण्डे इमे लोए इमे तित्ते इमे कडुयए इमे कसाए इमे अम्बिले इमे महुरे नो खलु ऎत्तो किञ्चि गिलाणस्स सयति त्ति माइट्ठाणं सम्फासे, नो एवं करॆज्जा तहाठियं आलोऎज्जा जहाठियं गिलाणस्स सदति-त्ति, तं तित्तयं तित्तऎत्ति वा कडुयं कटुऎत्ति वा कसायं कसाऎत्ति वा अम्बिलं अम्बिलॆत्ति वा महुरं महुरॆत्ति वा."
1007,
1008,"भिक्खागा नामेगे एवमाहंसु समाणे वा वसमाणे वा गामाणुगामं दूइज्जमाणे वा मणुन्नं भोयण-जायं लभित्ता से य भिक्खू गिलाइ से हन्दह णं तस्स आहरह, से य भिक्खु नो भुञ्जॆज्जा आहरॆज्जा, से णं नो खलु मे अन्तराए आहरिस्सामि इच्चेयाइं आयतणाइं उवाइकम्म."
1009,
1010,"अह भिक्खू जाणॆज्जा सत्त पिण्डेसणाओ सत्त पाणेसणाओ, तत्थ खलु इमा पढमा पिण्डेसणा-असंसट्ठे हत्थे असंसट्ठे मत्ते-तहप्पगारेण असंसट्ठेण हत्थेण वा मत्तेण वा असनं वा जाव साइमं वा सयं वा णं जाऎज्जा परो वा से दॆज्जा-फासुयं [एसणिज्जं ति मन्नमाणे लाभे सन्ते] पडिगाहॆज्जा — पढमा पिण्डेसणा."
1011,
1012,अहावरा दॊच्चा पिण्डेसणा-संसट्ठे हत्थे संसट्ठे मत्ते-[तहहप्पगारेण संसट्ठेण हत्थेण वा मत्तेण वा असनं वा पानं वा खाइमं वा साइमं वा सयं वा णं जाऎज्जा परो वा से दॆज्जा फासुयं एसणिज्जं ति मन्नमाणे लाभे सन्ते पडिगाहॆज्जा] — दॊच्चा पिण्डेसणा.
1013,
1014,"अहावरा तच्चा पिण्डेसणा-इह खलु पाईणं वा पडीणं वा दाहिणं वा उदीणं वा सन्तेगइया सड्ढा भवन्ति — गाहावई वा जाव कम्मकरीओ वा तेसिं च णं अन्नतरेसु विरुवरुवेसु भायण-जाएसु उवनिक्खित्तपुव्वे सिया तं जहा — थालंसि वा पिढरंसि वा सरगंसि वा परगंसि वा, वरगंसि वा, अह पुणेवं जाणॆज्जा — असंसट्ठे हत्थे संसट्ठे मत्ते, संसट्ठे वा हत्थे असंसट्ठे मत्ते, से य पडिग्गहधारी सिया पाणिपडिग्गहिए वा, से पुव्वामेव आलोऎज्जा आउसो त्ति वा भगिनि त्ति वा एएणं तुमं असंसट्ठेण हत्थेण संसट्ठेण मत्तेण संसट्ठेण वा हत्थेण असंसट्ठेण मत्तेण अस्सिं पडिग्गहगंसि वा पाणिंसि वा निहट्टु उचित्तुं दलयाहि तहप्पगारं भोयण-जायं सयं वा णं जाऎज्जा परो वा से दॆज्जा-फासुयं एसणिज्जं लाभे सन्ते पडिगाहॆज्जा. तच्चा पिण्डेसणा."
1015,
1016,"अहावरा चउत्था पिण्डेसणा — से भिक्खू वा जाव से ज्जं पुण जाणॆज्जा-पिहुयं वा [बहुरजं वा भुज्जियं वा मन्थुं वा चाउलं वा] चाउल-पलम्बं वा अस्सिं खलु पडिग्गहियंसि अप्पे पच्छाकम्मे अप्पे पज्जवजाए, तहप्पगारं पिहुयं वा जाव चाउल-पलम्बं वा सयं वा णं जाऎज्जा परो वा से दॆज्जा-[फासुयं एसणिज्जं ति मन्नमाणे लाभे सन्ते] पडिगाहॆज्जा. चउत्था पिण्डेसणा."
1017,
1018,"अहावरा पञ्चमा पिण्डेसणा — से भिक्खू वा जाव समाणे उग्गहितमेव भोयण-जायं जाणॆज्जा तं जहा सरावंसि वा डिण्डिमंसि वा कोसगंसि वा, अह पुण एवं जाणॆज्जा — बहुपरियावन्ने पाणीसु दगलेवे, तहप्पगारं असनं वा पानं वा खाइमं वा साइमं वा सयं वा णं जाऎज्जा [परो वा से दॆज्जा-फासुयं एसणिज्जं ति मन्नमाणे लाभे सन्ते] पडिगाहॆज्जा. पञ्चमा पिण्डेसणा."
1019,
1020,"अहावरा छट्ठा पिण्डेसणा — से भिक्खु वा जाव पग्गहियमेव भोयण-जायं जाणॆज्जा — जं च सयट्ठाए पग्गहियं जं च परट्ठाए पग्गहियं, तं पाय-परियावन्नं तं पाणि परियावण्णं — फासुंय [एसणिज्जं ति मन्नमाणे लाभे सन्ते] पडिगाहॆज्जा. छठ्ठा पिण्डेसणा."
1021,
1022,"अहावरा सत्तमा पिण्डेसणा — से भिक्खु वा जाव समाणे बहुउज्झिय-धम्मियं भोयण-जायं जाणॆज्जा, जं चन्ने बहवे दुपय-चउप्पय-समण-माहण-अतिहि-किवण-वणीमगा नावकङ्खन्ति तहप्पगारं उज्झिय-धम्मियं भोयण-जायं सयं वा णं जाऎज्जा परो वा से दॆज्जा-[फासुयं एसणिज्जं ति मन्नमाणे लाभे सन्ते] पडिगाहॆज्जा. सत्तमा पिण्डेसणा इच्चेयाओ सत्त पिण्डेसणाओ, अहावराओ सत्त पाणेसणाओ."
1023,
1024,तत्थ खलु इमा पढमा पाणेसणा — असंसट्ठे हत्थे असंसट्ठे मत्ते०. 
1025,
1026,अहावरा दॊच्चा पाणेसणा संसट्ठे हत्थे संसट्ठे मत्ते०. 
1027,
1028,अहावरा तच्चा पाणेसणा — इह खलु पाईणं वा पडीणं वा दाहिणं वा उदीणं वा सन्तेगइया सड्ढा भवन्ति०. 
1029,
1030,अहावरा चउत्था पाणेसणा-से भिक्खु वा जाव समाणे सॆज्जं पुण पाणग-जायं जाणॆज्जा तं जहा — तिलोदगं वा तुसोदगं वा जवोदगं वा आयामं वा सोवीरं वा सुद्धिवियडं वा अस्सिं खलुं पडिग्गहियंसि अप्पे पच्छाकम्मे अप्पे पज्जवजाए तहप्पगारं तिलोदगं वा तुसोदगं वा जवोदगं वा आयामं वा सोवीरं वा सुद्धवियडं वा सयं वा णं जाऎज्जा परो वा से दॆज्जा-फासुयं एसणिज्जं जाव पडिगाहॆज्जा.
1031,
1032,अहावरा पञ्चमा पाणेसणा — से भिक्खू वा जाव समाणे उग्गहितमेव पानग-जायं जाणॆज्जा.
1033,
1034,अहावरा छट्ठा पाणेसणा-से भिक्खू वा जाव समाणे पग्गहियमेव पानग-जायं जाणॆज्जा.
1035,
1036,अहावरा सत्तमा पाणेसणा — से भिक्खू वा भिक्खुणी वा गाहावइ-कुलं पिण्डवाय-पडियाए अणुपविट्ठे समाणे बहुउज्झिय-धम्मिय पानग-जायं जाणॆज्जा.
1037,
1038,"इच्चेयासिं सत्तण्हं पिण्डेसणाणं सत्तण्हं पानेसणाणं अन्नतरं पडिमं पडिवज्जमाणे नो एवं वऎज्जा — मिच्छा पडिवन्ना खलु एते भयन्तारो अहमेगे सम्मं पडिवन्ने, जे एते भयन्तारो एयाओ पडिमाओ पडिवज्जित्ताणं विहरन्ति जो य अहमंसि एयं पडिमं पडिवज्जित्ताणं विहरामि सव्वे वि ते उ जिणाणाए उवट्ठिया अन्नोन्नसमाहीए एवं च णं विहरन्ति, एयं खलु तस्स भिक्खुस्स वा भिक्खुणीए वा सामग्गियं० त्तिबेमि]."
1039,
1040,[बीयं अज्झयणं – सॆज्जा]
1041,
1042,से भिक्खू वा भिक्खुणी वा अभिकङ्खॆज्जा उवस्सयं एसित्तए अनुपविसित्ता गामं वा [नगरं वा खेडं वा कब्बडं वा मडम्बं वा पट्टणं वा दोणमुहं वा आगरं वा निगमं वा आसमं वा सन्निवेसं वा] रायहाणिं वा सॆज्जं पुण उवस्सयं जाणॆज्जा — सअण्डं [सपानं सबीयं सहरियं सउसं सउदयं सउत्तिङ्ग-पणग-दग-मट्टिय-मक्कडा] सन्ताणयं तहप्पगारे उवस्सए नो ठाणं वा सॆज्जं वा निसीहियं वा चेतॆज्जा.
1043,
1044,से भिक्खू वा भिक्खुणी वा सॆज्जं पुण उवस्सयं जाणॆज्जा-अप्पण्डं अप्पपानं जाव अप्प सन्ताणगं तहप्पगारे उवस्सए पडिलेहित्ता पमज्जित्ता तओ सञ्जयामेव ठाणं वा सॆज्जं वा निसीहियं वा चेतॆज्जा.
1045,
1046,"सॆज्जं पुण उवस्सयं जाणॆज्जा — अस्सिम्पडियाए एगं साहम्मियं समुद्दिस्स पाणाइं भूयाइं जीवाइं सत्ताइं समारब्भ समुद्दिस्स कीयं पामिच्चं अच्छॆज्जं अनिसट्ठं अभिहडं आहट्टु चेतेति, तहप्पगारे उवस्सए पुरिसन्तरकडे वा अपुरिसन्तरकडे वा जाव अनासेविते वा नो ठाणं वा सॆज्जं वा निसीहियं वा चेतॆज्जा."
1047,
1048,[सॆज्जं पुण उवस्सयं जाणॆज्जा — अस्सिम्पडियाए बहवे साहम्मिया समुद्दिस्स पाणाइं भूयाइं जीवाइं सत्ताइं समारब्भ समुद्दिस्स कीयं पामिच्चं अच्छॆज्जं अनिसट्ठं अभिहडं आहट्टु चेतेति तहप्पगारे उवस्सए पुरिसन्तरकडे वा अपुरिसन्तरकडे वा अत्तट्ठिए वा अनत्तट्ठिए वा परिभुत्ते वा अपरिभुत्ते वा आसेविते वा अनासेविते वा नो ठाणं वा सॆज्जं वा निसीहियं वा चेतॆज्जा.
1049,
1050,सॆज्जं पुण उवस्सयं जाणॆज्जा — अस्सिम्पडियाए एगं साहम्मिणं समुद्दिस्स पाणाइं भूयाइं जीवाइं सत्ताइं समारब्भ समुद्दिस्स कीयं पामिच्चं अच्छॆज्जं अनिसट्ठं अभिहडं आहट्टु चेतेति तहप्पगारे उवस्सए पुरिसन्तरकडे वा अपुरिसन्तरकडे वा जाव अनासेविते वा नो ठाणं वा सॆज्जं वा निसीहियं वा चेतॆज्जा.
1051,
1052,सॆज्जं पुण उवस्सयं जाणॆज्जा — अस्सिम्पडियाए बहवे साहम्मिणीओ समुद्दिस्स पाणाइं भूयाइं जीवाइं सत्ताइं समारब्भ समुद्दिस्स कीयं पामिच्चं अच्छॆज्जं अनिसट्ठं अभिहडं आहट्टु चेतेति तहप्पगारे उवस्सए पुरिसन्तरकडे जाव अनासेविते वा नो ठाणं वा से ज्जं वा निसीहियं वा चेतॆज्जा] -. 
1053,
1054,से भिक्खू वा भिक्खुणी वा सॆज्जं पुण उवस्सयं जाणॆज्जा — बहवे समण-माहण-अतिहि-किवण-वणीमए पगणिय-पगणिय समुद्दिस्स पाणाइं भूयाइं जीवाइं सत्ताइं समारब्भ समुद्दिस्स कीयं पामिच्चं अच्छॆज्जं अनिसट्ठं अभिहडं आहट्टु चेएइ तहप्पगारे उवस्सए पुरिसन्तरकडे वा अपुरिसन्तरकडे वा जाव अनासेविए वा नो ठाणं वा सॆज्जं वा निसीहियं वा चेतॆज्जा.
1055,
1056,से भिक्खू वा भिक्खुणी वा सॆज्जं पुण उवस्सयं जाणॆज्जा-बहवे समण-माहण-अतिहि-किवण -वणीमए समुद्दिस्स पाणाइं भूयाइं जीवाइं सत्ताइं जाव अनासेविए नो ठाणं वा सॆज्जं वा निसीहियं वा चेतॆज्जा अह पुणेवं जाणॆज्जा — पुरिसन्तरकडे जाव आसेविए पडिलेहित्ता पमज्जित्ता तओ सञ्जयामेव ठाणं वा सॆज्जं वा निसीहियं वा चेतॆज्जा.
1057,
1058,"से भिक्खू वा भिक्खुणी वा सॆज्जं पुणं उवस्सयं जाणॆज्जा — अस्सञ्जए भिक्खुपडियाए कडिए वा उक्कम्बिए वा छन्ने वा लित्ते वा घट्ठे वा मट्ठे वा संमट्ठे वा सम्पघूमिए वा तहप्पगारे उवस्सए अपुरिसन्तरकडे [अनत्तट्ठिए अपरिभुत्ते] अनासेविए नो ठाणं वा सॆज्जं वा निसीहियं वा चेतॆज्जा, अह पुणेवं जाणॆज्जा पुरिसन्तरकडे आसेविए पडिलेहित्ता पमज्जित्ता तओ सञ्जयामेव ठाणं वा सॆज्जं वा निसीहियं वा चेतॆज्जा."
1059,
1060,"से भिक्खू वा भिक्खुणी वा सॆज्जं पुण उवस्सयं जाणॆज्जा — अस्सञ्जए भिक्खु-पडियाए खुड्डियाओ दुवारियाओ महल्लियाओ कुज्जा, जहा पिण्डेसणाए जाव सन्थारगं सन्थारॆज्जा बहिया वा निन्नक्खु तहप्पगारे उवस्सए अपुरिसन्तरकडे [अणत्तट्ठिए अपरिभुत्ते] अनासेविते नो ठाणं वा सॆज्जं वा निसीहियं वा चेतॆज्जा, अह पुणेवं जाणॆज्जा — पुरिसन्तरकडे आसेविए पडिलेहित्ता पमज्जित्ता तओ सञ्जयामेव ठाणं वा सॆज्जं वा निसीहियं वा चेतॆज्जा."
1061,
1062,से भिक्खू वा भिक्खुणी वा सॆज्जं पुण उवस्सयं जाणॆज्जा — अस्सञ्जए भिक्खु-पडियाए उदगप्पसूयाणि कन्दाणि वा मूलाणि वा पत्ताणि वा पुप्फाणि वा फलाणि वा बीयाणि वा हरियाणि वा ठाणाओ ठाणं साहरति बहिया वा निन्नक्खु तहप्पगारे उवस्सए अपुरिसन्तरकडे जाव नो ठाणं वा सॆज्जं वा निसीहियं वा चेतॆज्जा अह पुणेवं जाणॆज्जा-पुरिसन्तरकडे [अत्तट्ठिए परिभुत्ते आसेविए पडिलेहित्ता पमज्जित्ता तओ सञ्जयामेव ठाणं वा सॆज्जं वा निसीहियं वा] चेतॆज्जा.
1063,
1064,से भिक्खू वा भिक्खुणी वा सॆज्जं पुणं उवस्सयं जाणॆज्जा — अस्सञ्जए भिक्खुपडियाए पीढं वा फलगं वा निस्सेणिं वा उदूहलं वा ठाणाओ ठाणं साहरइ बहिया वा निन्नक्खु तहप्पगारे उवस्सए अपुरिसन्तरकडे जाव नो ठाणं वा सॆज्जं वा निसीहियं वा चेतॆज्जा अह पुणेवं जाणॆज्जा — पुरिसन्तरकडे जाव चेतॆज्जा.
1065,
1066,"से भिक्खू वा भिक्खुणी वा सॆज्जं पुण उवस्सयं जाणॆज्जा — तं जहा — खन्धंसि वा मञ्चंसि वा मालंसि वा पासायंसि वा हम्मियतलंसि वा अन्नतरंसि वा तहप्पगारंसि अन्तलिक्खजायंसि, नन्नत्थ आगाढानागाढेहिं कारणेहिं ठाणं वा सॆज्जं वा निसीहियं वा चेतॆज्जा. से य आहच्च चेतिते सिया नो तत्थ सीओदग-वियडेण वा उसिणोदग-वियडेण वा हत्थाणि वा पादाणि वा अच्छीणि वा दन्ताणि वा मुहं वा उच्छोलॆज्जा वा पहोऎज्जा वा. नो तत्थ ऊसढं पगरॆज्जा, तं जहा — उच्चारं वा पासवणं वा खेलं वा सिन्धाणं वा वन्तं वा पित्तं वा पूतिं वा सोणियं वा अन्नयरं वा सरीरावयवं वा, केवली बूया आयाणमेयं, से तत्थ ऊसढं पगरेमाणे पयलॆज्ज वा पवडॆज्ज वा से तत्थ पयलमाणे वा पवडमाणे वा हत्थं वा [पायं वा बाहुं वा ऊरुं वा] उदरं वा सीसं वा अन्नतरं वा कायंसि इन्दिय-जालं लूसॆज्ज वा पाणाणि वा भूयाणि वा जीवाणि वा सत्ताणि वा अभिहणॆज्ज वा [वत्तॆज्ज वा लेसॆज्ज वा सङ्घसॆज्ज वा सङ्घट्टॆज्ज वा परियावॆज्ज वा किलामॆज्ज वा ठाणाओ ठाणं सङ्कामॆज्ज वा जीविआओ] ववरोवॆज्ज वा अह भिक्खूणं पुव्वोवदिट्ठा एस पइण्णा [एस हेऊ एस कारणं एस उवएसो] जं तहप्पगारे उवस्सए अन्तलिक्खजाए नो ठाणं वा सॆज्जं वा निसीहियं वा चेतॆज्जा."
1067,
1068,"से भिक्खू वा भिक्खुणी वा सॆज्जं पुण उवस्सयं जाऎज्जा — सइत्थियं सखुड्डं सपसुभत्तपानं तहप्पगारे सागारिए उवस्सए नो ठाणं वा सॆज्जं वा निसीहियं वा चेतॆज्जा आयाणमेय भिक्खुस्स गाहावइ-कुलेण सद्धिं संवसमाणस्स अलसगे वा विसूइया वा छड्डी वा उव्वाहॆज्जा अन्नतरे वा से दुक्खे रोगातङ्के समुप्पज्जॆज्जा, अस्सञ्जए कलुण-पडियाए तं भिक्खुस्स गातं तेल्लेण वा घएण वा नवनीएण वा वसाए वा अब्भङ्गॆज्ज वा मक्खॆज्ज वा सिणाणेण वा कक्केण वा लॊद्धेण वा वण्णेण वा चुण्णेण वा पउमेण वा आघंसॆज्ज वा पघंसॆज्ज वा उव्वलॆज्ज वा उव्वट्टॆज्ज वा सीओदग-वियडेण वा उसिणोदग वियडेण वा उच्छोलॆज्ज वा पहोऎज्ज वा सिणावॆज्ज वा सिञ्चॆज्ज वा दारुणा वा दारुपरिणामं कट्टु अगनिकायं उज्जालॆज्ज वा पज्जालॆज्ज वा उज्जालॆत्ता पज्जालॆत्ता कायं आयावॆज्ज वा पयावॆज्ज वा, अह भिक्खूणं पुव्वोवदिट्ठा एस पइण्णा एस उवएसो जं तहप्पगारे सागारिए उवस्सए नो ठाणं वा सॆज्जं वा निसीहियं वा चेतॆज्जा."
1069,
1070,"आयाणमेयं भिक्खुस्स सागारिए उवस्सए संवसमाणस्स — इह खलु गाहावई वा [गाहावइणीओ वा गाहावइ-पुत्ता वा गाहावइ-धूयाओ वा गाहावइ सुण्हाओ वा धाईओ वा दासा वा दासीओ वा कम्मकरा वा] कम्मकरीओ वा अन्नमन्नं अक्कोसन्ति वा बन्धन्ति वा रुम्भन्ति वा उद्दवेन्ति वा, अह भिक्खू णं उच्चावयं मणं नियच्छॆज्जा — एते खलु अन्नमन्नं अक्कोसन्तु वा मा वा अक्कोसन्तु जाव मा वा उद्दवेन्तु, अह भिक्खूणं पुव्वोवदिट्ठा एस पइण्णा जाव जं तहप्पगारे सागारिए उवस्सए नो ठाणं वा सॆज्जं वा निसीहियं वा चेतॆज्जा."
1071,
1072,"आयाणमेयं भिक्खुस्स गाहावईहिं सद्धिं संवसमाणस्स, इह खलु गाहावई अप्पणो सअट्ठाए अगनिकायं उज्जालॆज्जा वा पज्जालॆज्ज वा विज्झावॆज्ज वा, अह भिक्खू उच्चावयं मणं नियच्छॆज्जा — एते खलु अगनिकायं उज्जालेन्तु वा मा वा उज्जालेन्तु पज्जालेन्तु वा मा वा पज्जालेन्तु विज्झावेन्तु वा मा वा विज्झावेन्तु, अह भिक्खुणं पुव्वोवदिट्ठा एस पइण्णा जं तहप्पगारे सागारिए उवस्सए नो ठाणं वा सॆज्जं वा निसीहियं वा चेतॆज्जा."
1073,
1074,"आयाणमेयं भिक्खुस्स गाहावईहिं सद्धिं संवसमाणस्स — इह खलु गाहावइस्स कुण्डले वा गुणे वा मणी वा मॊत्तिए वा हिरण्णे वा सुवण्णे वा कडगाणि वा तुडियाणि वा तिसरागाणि वा पालम्बाणि वा हारे वा अद्धहारे वा एगावली वा मुत्तावली वा कनगावली वा रयणावली वा तरुणियं वा कुमारिं अलङ्किय-विभूसियं पेहाए, अह भिक्खू उच्चावयं मणं नियच्छॆज्जा — एरिसिया वा सा नो वा एरिसिया — इति वा णं बूया इति वा णं मणं साऎज्जा, अह भिक्खूणं पुव्वोवदिट्ठा [एस पइण्णा एस हेऊ एस कारणं एस उवएसो] जं तहप्पगारे उवस्सए नो ठाणं वा सॆज्जं वा निसीहियं वा चेतॆज्जा."
1075,
1076,"आयाणमेयं भिक्खुस्स गाहावईहिं सद्धिं संवसमाणस्स — इह खलु गाहावइणीओ वा गाहावइ-धूयाओ वा गाहावइ-सुण्हाओ वा गाहावइ-धाईओ वा गाहावइ-दासीओ वा गाहावइ-कम्मकरीओ वा तासिं च णं एवं वुत्तपुव्वं भवइ — जे इमे भवन्ति समणा, भगवन्तो [सीलमन्ता वयमन्ता गुणमन्ता सञ्जया संवुडा बम्भचारी] उवरया मेहुणाओ धम्माओ, नो खलु एतेसिं कप्पइ मेहुणं धम्मं परियारणाए आउट्टित्तए, जा य खलु एएहिं सद्धिं मेहुणं धम्मं परियारणाए आउट्टॆज्जा पुत्तं खलु सा लभॆज्जा-ओयस्सिं तेयस्सिं वच्चस्सिं जसस्सिं सम्पराइयं आलोयणदरिसणिज्जं एयप्पगारं निग्घोसं सॊच्चा निसम्म तासिं च णं अन्नयरी सड्ढी तं तवस्सिं भिक्खुं मेहुणं धम्मं पडियारणाए आउट्टावॆज्जा, अह भिक्खुणं पुव्वोवदिट्ठा [एस पइण्णा जाव उवएसो] जं तहप्पगारे सागारिए उवस्सए नो ठाणं वा सॆज्जं वा निसीहियं वा चेतॆज्जा, एयं खलु तस्स भिक्खुस्स वा भिक्खुणीए वा सामग्गिय [जं सव्वट्ठेहिं समिए सहिए सयाजए — त्तिबेमि]."
1077,
1078,"गाहावई नामेगे सुइ-समायारा भवन्ति, भिक्खू य असिणाणए मोयसमायारे से तग्गन्धे दुग्गन्धे पडिकूले पडिलोभे यावि भवइ, जं पुव्वकम्मं तं पच्छाकम्मं जं पच्छाकम्मं तं पुव्वकम्मं तं भिक्खु-पडियाए वट्टमाणे करॆज्जा वा नो वा करॆज्जा, अह भिक्खूणं पुव्वोवदिट्ठा [एस पइण्णा जाव एस उवएसो] जं तहप्पगारे उवस्सए नो ठाणं वा [सॆज्जं वा निसीहियं वा] चेतॆज्जा."
1079,
1080,"आयाणमेयं भिक्खुस्स गाहावईहिं सद्धिं संवसमाणस्स — इह खलु गाहावइस्स अप्पणो सअट्ठाए विरूवरूवे भोयण-जाए उवक्खडिए सिया अह पच्छा भिक्खु पडियाए असनं वा पानं वा खाइमं वा साइमं वा उक्खडॆज्ज वा उवकरॆज्ज वा तं च भिक्खू अभिकङ्खॆज्जा भॊत्तए वा पायए वा वियट्टित्तए वा, अह भिक्खूणं पुव्वोवदिट्ठा [एस पइण्णा जाव जं] जं तहप्पगारे उवस्सए नो ठाणं वा जाव चेतॆज्जा."
1081,
1082,"आयाणमेयं भिक्खुस्स गाहावइणा सद्धिं संवसमाणस्स — इह खलु गाहावइस्स अप्पणो सयट्ठाए विरूवरूवाइं दारुयाइं भिन्न-पुव्वाइं भवन्ति, अह पच्छा भिक्खुपडियाए विरूवरूवाइं दारुयाइं भिन्दॆज्ज वा किणॆज्ज वा पामिच्चॆज्ज वा दारुणा वा दारुपरिणामं कट्टु अगनिकायं उज्जालॆज्ज वा पज्जालॆज्ज वा तत्थ भिक्खू अभिकङ्खॆज्जा आयावॆत्तए वा पयावॆत्तए वा वियट्टित्तए वा, अह भिक्खूणं पुव्वोवदिट्ठा [एस पइण्णा जाव जं] जं तहप्पगारे उवस्सए नो ठाणं वा जाव चेतॆज्जा."
1083,
1084,"से भिक्खू वा भिक्खुणी वा उच्चार-पासवणेणं उव्वाहिज्जमाणे राओ वा विआले वा गाहावइ-कुलस्स दुवारबाहं अवङ्गुणॆज्जा, तेणे य तस्सन्धिचारी अनुपविसॆज्जा, तस्स भिक्खुस्स नो कप्पइ एवं वइत्तए-अयं तेण पविसइ वा नो वा पविसइ उव्वलियइ वा नो वा उवल्लियइ अइपतति वा नो वा अइपतति वदति वा नो वा वदति तेण हडं अन्नेण हडं तस्स हडं अन्नस्स हडं अयं तेणे अयं उवचरए अयं हन्ता अयं ऎत्थमकासी, तं तवस्सिं भिक्खुं अतेणं तेणं ति सङ्कति, अह भिक्खूणं पुव्वोवदिट्ठा [एस पइण्णा एस हेऊ एस कारणं एस उवएसो जं तहप्पगारे उवस्सए नो ठाणं वा सॆज्जं वा निसीहियं वा] चेतॆज्जा."
1085,
1086,से भिक्खू वा भिक्खुणी वा सॆज्जं पुण उवस्सयं जाणॆज्जा-तण-पुञ्जेसु वा पलाल-पुञ्जेसु वा सअण्डे [सपाणे सबीए सहरिए सउस सउदए सउत्तिङ्ग-पणग-दग मट्टिय-मक्कडा] सन्ताणए तहप्पगारे उवस्सए नो ठाणं वा सॆज्जं वा निसीहियं वा चेतॆज्जा से भिक्खू वा भिक्खुणी वा सॆज्जं पुणं उवस्सयं जाणॆज्जा-तण-पुञ्जेसु वा पलाल-पुञ्जेसुं वा अप्पण्डे [अप्पपाणे जाव अप्पुत्तिङ्ग-पणग-दग-मट्टिय-मक्कडासन्ताणए तहप्पगारे उवस्सए पडिलेहित्ता पमज्जित्ता तओ सञ्जयामेव ठाणं वा सॆज्जं वा निसीहियं वा] चेतॆज्जा.
1087,
1088,से आगन्तारेसु वा आरामगारेसु वा गाहावइ-कुलेसु वा परियावसहेसु वा अभिक्खणं अभिक्खणं साहम्मिएहिं ओवयमाणेहिं नोवऎज्जा.
1089,
1090,"से आगन्तारेसु वा आरामागारेसु वा गाहावइ-कुलेसु वा परियावसहेसु वा जे भयन्तारो उडुबद्धियं वा वासावासियं वा कप्पं उवातिणावित्ता तत्थेव भुज्जो संवसन्ति, अयमाउसो! कालाइक्कन्त-किरिया वि भवइ."
1091,
1092,से आगन्तारेसु वा आरामागारेसु वा गाहावइ-कुलेसु वा परियावसहेसु वा जे भयन्तारो उडुबद्धियं वा वासावासियं वा कप्पं उवातिणावित्ता तं दुगुणा तिगुणेण वा अपरिहरित्ता तत्थेव भुज्जो संवसन्ति अयमाउसो! उवट्ठाण-किरिया वि भवइ.
1093,
1094,"इह खलु पाइणं वा पडीणं वा दाहीणं वा उदीणं वा सन्तेगइया सड्ढा भवन्ति, तं जहा — गाहावई वा जाव कम्मकरीओ वा तेसिं च णं आयार-गोयरे नो सुनिसन्ते भवइ, तं सद्दहमाणेहिं तं पत्तियमाणेहिं तं रोयमाणेहिं बहवे समण-माहण-अतिहि-किवण-वणीमए समुद्दिस्स तत्थ-तत्थ अगारीहिं अगाराइं चेतिताइं भवन्ति, तं जहा — आएसणाणि वा आयतणाणि वा देवकुलाणि वा सहाओ वा पवाणि वा पणिय-गिहाणि वा पणिय-सालाओ वा जाण-गिहाणि वा जाण सालाओ वा सुहकम्मन्ताणि वा दब्भ-कम्मन्ताणि वा बद्धकम्मन्ताणि वा वक्ककम्मन्ताणि वा वनकम्मन्ताणि वा इङ्गालकम्मन्ताणि वा कट्ठकम्मन्ताणि वा सुसाणकम्मन्ताणि वा सन्तिकम्मन्ताणि वा गिरिकम्मन्ताणि वा कन्दरकम्मन्ताणि वा सेलोवट्ठाण-कम्मन्ताणि वा भवणगिहाणि वा जे भयन्तारो तहप्पगाराइं आएसणाणि वा जाव भवणगिहाणि वा तेहिं ओवयमाणेहिं ओवयन्ति अयमाउसो अभिक्कन्त-किरिया वि भवइ."
1095,
1096,"इह खलु पाईण वा पडीणं वा दाहीणं वा उदीणं वा सन्तेगइया सड्ढा भवन्ति तं जहा — गाहावई वा जाव कम्मकरीओ वा तेसिं च णं आयार-गोयरे नो सुनिसन्ते भवइ तं सद्दहमाणेहिं तं पत्तियमाणेहिं] तं रोयमाणेहिं बहवे समण-माहण-अतिहि-किविण-वणीमए समुद्दिस्स तत्थ-तत्थ अगारीहिं अगाराइं चेतिआइं भवन्ति, तं जहा — आएसणाणि वा जाव भवनगिहाणि वा, जे भयन्तारो तहप्पगाराइं आएसणाणि वा जाव भवणगिहाणि वा तेहिं अनोवयमाणेहिं ओवयन्ति अयमाउसो! अनभिक्कन्त-किरिया वि भवति."
1097,
1098,"इह खलु पाईणं वा जाव कम्मकरीओ वा, तेसिं च णं एवं वुत्तपुव्वं भवइ, जे इमे भवन्ति समणा भगवन्तो सीलमन्तो उवरया मेहुणाओ धम्माओ, नो खलु एएसिं भयन्ताराणं कप्पइ आहाकम्मिए उवस्सए वत्थए, से जाणिमाणि अम्हं अप्पणो सअट्ठाए चेतिताइं भवन्ति, तं जहा — आएसणाणि वा जाव भवणगिहाणि वा, सव्वाणि ताणि समणाणं निसिरामो, अवियाइं वयं पच्छा अप्पणो सअट्ठाए चेतिस्सामी तं जहा — आएसणाणि वा जाव भवणगिहाणि वा एयप्पगारं निग्घोसं सॊच्चा निसम्म जे भयन्तारो तहप्पगाराइं आएसणाणि वा जाव भवणगिहाणि वा, उवागच्छन्ति उवागच्छित्ता इतरेतरेहिं पाहुडेहिं वट्टन्ति, अयमाउसो! वज्ज-किरिया वि भवइ."
1099,
1100,"इह खलु पाईणं वा पडीणं वा दाहीणं वा उदीणं वा सन्तेगइया सड्ढा भवन्ति, तं जहा — गाहावई वा जाव कम्मकरीओ वा, तेसिं च णं आयार-गोयरे नो सुनिसन्ते भवइ तं सद्दहमाणेहिं तं पत्तियमाणेहिं तं रोयमाणेहिं बहवे समण-माहण-अतिहि-किवण-वणीमगे पगणिय-पगणिय समुद्दिस्स तत्थ-तत्थ अगारीहिं अगाराइं चेतिताइं भवन्ति तं जहा — आएसणाणि वा जाव भवनगिहाणि वा जे भयन्तारो तहप्प-गाराइं आएसणाणि वा जाव भवणगिहाणि वा उवागच्छन्ति उवागच्छित्ता इतरेतरेहिं पाहुडेहिं वट्टन्ति, अयमाउसो! महावज्ज-किरिया वि भवइ."
1101,
1102,"इह खलु पाईणं वा पडीणं वा दाहीणं वा उदीणं वा सन्तेगइया सड्ढा भवन्ति तं जहा — गाहावई वा जाव कम्मकरीओ वा तेसिं च णं आयार-गोयरे नो सुनिसन्ते भवइ तं सद्दहमाणेहिं तं पत्तियमाणेहिं तं रोयमाणेहिं बहवे समण-माहण-अतिहि-किवण-वणीमगे समुद्दिस्स तत्थ-तत्थ अगारीहिं अगाराइं चेतिआइं भवन्ति, तं जहा — आएसणाणि वा जाव भवणगिहाणि वा, जे भयन्तारो तहप्पगाराइं आएसणाणि वा जाव भवणगिहाणि वा उवागच्छन्ति उवागच्छित्ता इतरेतरेहिं पाहुडेहिं वट्टन्ति, अयमाउसो! सावज्ज-किरिया वि भवइ."
1103,
1104,"इह खलु पाईणं वा पडीणं वा दाहीणं वा उदीणं वा सन्तेगइया जाव तं रोयमाणेहिं एगं समणजायं समुद्दिस्स तत्थ-तत्थ अगारीहिं अगाराइं चेतिताइं भवन्ति, तं जहा — आएसणाणि वा जाव भवणगिहाणि वा महया पुढविकाय-समारम्भेणं जाव महया तसकाय-समारम्भेणं महया विरूवरूवेहिं पावकम्म-किच्चेहिं तं जहा — छायणओ लेवणओ सन्थार-दुवार-पिहणओ सीतोदए वा परिट्ठवियपुव्वे भवइ अगनिकाए वा उज्जालियपुव्वे भवइ, जे भयन्तारो तहप्पगाराइं आएसणाणि वा जाव भवणगिहाणि वा उवागच्छन्ति उवागच्छित्ता इयराइयरेहिं पाहुडेहिं० दुपक्खं ते कम्मं सेवन्ति, अयमाउसो! महासावज्ज-किरिया वि भवइ."
1105,
1106,"इह खलु पाईणं वा पडीणं वा दाहीणं वा उदीणं वा सन्तेगइया सड्ढा भवन्ति तं जहा — गाहावई वा जाव कम्मकरीओ वा तेसिं च णं आयार-गोयरे नो सुनिसन्ते भवइ तं सद्दहमाणेहिं तं पत्तियमाणेहिं तं रोयमाणेहिं अप्पणो सअट्ठाए तत्थ-तत्थ अगारीहिं अगाराइं चेतिताइं भवन्ति तं जहा — आएसणाणि वा जाव भवणगिहाणि वा महया पुढविकाय-समारम्भेणं जाव महया तसकाय-समारम्भेणं महया विरूवरूवेहिं पावकम्म-किच्चेहिं तं जहा — छायणओ लेवणओ सन्थार-दुवार-पिहणओ सीतोदए वा परिट्ठ-वियपुव्वे भवइ अगनिकाए वा उज्जालियपुव्वे भवइ, जे भयन्तारो तहप्पगाराइं आएसणाणि वा जाव भवणगिहाणि वा उवागच्छन्ति उवागच्छित्ता इयराइयरेहिं पाहुडेहिं एगपक्खं ते कम्मं सेवन्ति, अयमाउसो! अप्पसावज्ज-किरिया वा भवइ एयं खलु तस्स भिक्खुस्स वा भिक्खुणीए वा सामग्गियं [जं सव्वॆट्ठेहिं समिए तहिए सया जए – त्तिबेमि."
1107,
1108,"से य नो सुलभे फासुए उञ्छे अहेसणिज्जे नो य खलु सुद्धे इमेहिं पाहुडेहिं, तं जहा — छायणओ लेवणओ सन्थार-दुवार-पिहणओ पिण्डवाएसणाओ, से भिक्खु चरिया-रए ठाण-रए निसीहिया-रए सॆज्जा-सन्थार-पिण्डवाएसणा-रए सन्ति भिक्खुणो एवमक्खाइणो उज्जुया नियाग-पडिवन्ना अमायं कुव्वमाणा वियाहिया, सन्तेगइया पाहुडिया उक्खित्तपुव्वा भवइ एवं निक्खित्तपुव्वा भवइ, परिभाइय पुव्वा भवइ, परिभुत्तपुव्वा भवइ, परिट्ठवियपुव्वा भवइ, एवं वियागरेमाणे समियाए वियागरेति? हन्ता भवइ."
1109,
1110,"से भिक्खु वा भिक्खुणी वा सॆज्जं पुण उवस्सयं जाणॆज्जा — खुड्डियाओ खुडुदुवारियाओ निययाओ नीयाओ संनिरुद्धाओ भवन्ति, तहप्पगारे उवस्सए राओ वा विआले वा निक्खममाणे वा पविसमाणे वा पुरा हत्थेण पच्छा पाएण वा तओ सञ्जयामेव निक्खमॆज्ज वा पविसॆज्ज वा, केवली बूया आयाणमेयं — जे तत्थ समणाण वा माहणाण वा छत्तए वा मत्तए वा दण्डए वा लट्ठिया वा भिसिया वा नालिया वा चेलं वा चिलिमिली वा चम्मए वा चम्मकोसए वा चम्म-छेदणए वा दुब्बद्धे दुन्निक्खित्ते अनिकम्पे चलाचले — भिक्खु य राओ वा वियाले वा निक्खममाणे वा पविसमाणे वा पयलॆज्ज वा, पवडॆज्ज वा,... से तत्थ पयलमाणे वा पवडमाणे वा हत्थं वा पायं वा [बाहुं वा ऊरुं वा उदरं वा सीसं वा अन्नयरं वा कायंसि] इन्दिय-जायं लूसॆज्ज वा पाणाणि वा भूयाणि वा जीवाणि वा सत्ताणि वा अभिहणॆज्ज वा [वत्तॆज्ज वा लेसॆज्ज वास सङ्घसॆज्ज वा सङ्घट्टॆज्ज वा परियावॆज्ज वा किलामॆज्ज वा ठाणाओ ठाणं सङ्कमॆज्ज वा जीवियाओ] ववरोवॆज्ज वा, अह भिक्खुणं पुव्वोवदिट्ठा एस पइण्णा एस हेऊ एस कारणं एस उवएसो जं तहप्पगारे उवस्सए पुरा हत्थेणं पच्छा पाएणं तओ सञ्जयामेव निक्खमॆज्ज वा पविसॆज्ज वा."
1111,
1112,"से आगन्तारेसु वा आरामागारेसु वा गाहावइ-कुलेसु वा परियावसहेसु वा अनुवीइ उवस्सयं जाऎज्जा, जे तत्थ ईसरे जे तत्थ समहिट्ठाए ते उवस्सयं अणुन्नवॆज्जा — कामं खलु आउसो! अहालन्दं अहापरिण्णातं वसिस्सामो जाव आउसन्तो! जाव आउसन्तस्स उवस्सए जाव साहम्मियाइं ततो उवस्सयं गिण्हिस्सामो तेण परं विहरिस्सामो."
1113,
1114,"से भिक्खु वा भिक्खुणी वा जस्सुवस्सए संवसॆज्जा तस्स पुव्वामेव नाम-गोयं जाणॆज्जा, तओ पच्छा तस्स गिहे निमन्तेमाणस्स वा अनिमन्तेमाणस्स वा असनं वा पानं खाइमं वा साइमं वा — अफासुयं [अनेसणिज्जं ति मन्नमाणे लाभे सन्ते] नो पडिगाहॆज्जा."
1115,
1116,से भिक्खु वा भिक्खुणी वा सॆज्जं पुण उवस्सयं जाणॆज्जा — ससागारियं सागणियं सउदयं नो पण्णस्स निक्खमण-पवेसाए नो पण्णस्स वायण-[पुच्छणपरियट्टणाणुपेह-धम्माणुओग] चिन्ताए तहप्पगारे उवस्सए नो ठाणं वा सॆज्जं वा निसीहियं वा चेतॆज्जा.
1117,
1118,से भिक्खु वा भिक्खुणी वा सॆज्जं पुण उवस्सयं जाणॆज्जा — गाहावइ-कुलस्स मज्झंमज्झेणं गन्तुं पन्थं पडिबद्धं वा नो पण्णस्स जाव चिन्ताए तहप्पगारे उवस्सए नो ठाणं वा सॆज्जं वा निसीहियं वा चेतॆज्जा.
1119,
1120,"से भिक्खु वा भिक्खुणी वा सॆज्जं पुण उवस्सयं जाणॆज्जा — इह खलु गाहावई वा जाव कम्मकरीओ वा अन्नमन्नमक्कोसन्ति वा [बन्धन्ति वा रुम्भन्ति वा] उद्दवेन्ति वा नो पण्णस्स निक्खमण-पवेसाए -जाव धम्माणुओग चिन्ताए, सेवं नच्चा तहप्पगारे उवस्सए नो ठाणं वा जाव चेतॆज्जा."
1121,
1122,से भिक्खु वा भिक्खुणी वा सॆज्जं पुण उवस्सयं जाणॆज्जा — इह खलु गाहावई वा जाव कम्मकरीओ वा अन्नमन्नस्स गायं तेल्लेण वा घएण वा नवनीएण वा वसाए वा अब्भङ्गे ति वा मक्खे ति वा नो पण्णस्स जाव धम्माणुओगं चिन्ताए तहप्पगारे उवस्सए नो ठाणं वा जाव चेतॆज्जा.
1123,
1124,से भिक्खू वा भिक्खुणी वा सॆज्जं पुण उवस्सयं जाणॆज्जा इह खलु गाहावई वा जाव कम्मकरीओ वा अन्नमन्नस्स गायं सिणाणेण वा कक्केण वा लॊद्धेण वा वण्णेण वा चुण्णेण वा पउमेण वा आघंसन्ति वा पघंसन्ति वा उव्वलेन्ति वा उव्वट्टेन्ति वा नो पण्णस्स चिन्ताए तहप्पगारे उवस्सए नो ठाणं वा [सॆज्जं वा निसीहियं वा] चेतॆज्जा.
1125,
1126,से भिक्खु वा भिक्खुणी वा सॆज्जं पुण उवस्सयं जाणॆज्जा — इह खलु गाहावई वा जाव कम्मकरीओ वा अन्नमन्न गायं सीओदग-वियडेण वा उसिणोदग वियडेण वा उच्छोलेन्ति वा पधोवेन्ति वा सिञ्चन्ति वा सिणावेन्ति वा नो पण्णस्स चिन्ताए तहप्पगारे उवस्सए नो ठाणं वा जाव चेतॆज्जा.
1127,
1128,से भिक्खु वा भिक्खुणी वा सॆज्जं पुण उवस्सयं जाणॆज्जा — इह खलु गाहावई वा जाव कम्मकरीओ वा निगिणा ठिआ निगिणा उवल्लीणा मेहुणधम्मं विन्नवेति रहस्सियं वा मन्तं मन्तेति नो पण्णस्स [निक्खमण-पवेसाए नो पण्णस्स वायण-पुच्छण-परियट्टणाणुपेह-धम्माणुओग] चिन्ताए तहप्पगारे उवस्सए नो ठाणं वा सॆज्जं वा निसीहियं वा चेतॆज्जा.
1129,
1130,से भिक्खु वा भिक्खुणि वा सॆज्जं पुण उवस्सय जाणॆज्जा आइण्णसंलॆक्ख नो पण्णस्स जाव चिन्ताए तहप्पगारे उवस्सए नो ठाणं वा जाव चेतॆज्जा.
1131,
1132,से भिक्खु वा भिक्खुणी वा अभिकङ्खॆज्जा सन्थारगं एसित्तए सॆज्जं पुण सन्थारगं जाणॆज्जा-सअण्ड [सपानं सबीअं सहरियं सउसं सउदयं सउत्तिङ्ग-पणग-दग-मट्टिय-मक्कडा] सन्ताणगं तहप्पगारं सन्थारङ्गं-[अफासुयं अनेसणिज्जं ति मन्नमाणे] लाभे सन्ते नो पडिगाहॆज्जा.
1133,
1134,से भिक्खु वा भिक्खुणी वा सॆज्जं पुण सन्थारगं जाणॆज्जा-अप्पण्ड अप्पपाण अप्पबीअं अप्पहरियं अप्पोसं अप्पुदयं अप्पुत्तिङ्ग-पणग-दग-मट्टिय-मक्कडा सन्ताणगं गरुयं तहप्पगारं सन्थारगं-अफासुयं अनेसणिज्जं ति मन्नमाणे लाभे सन्ते नो पडिगाहॆज्जा.
1135,
1136,से भिक्खु वा भिक्खुणी वा सॆज्जं पुण सन्थारगं जाणॆज्जा — अप्पडं जाव सन्ताणगं लहुयं अपाडिहारियं तहप्पगारं सन्थारगं — जाव लाभे सन्ते नो पडिगाहॆज्जा.
1137,
1138,से भिक्खु वा भिक्खुणी वा सॆज्जं पुण सन्थारगं जाणॆज्जा — अप्पण्ड जाव सन्ताणगं लहुयं पाडिहारियं नो अहाबद्धं तहप्पगारं सन्थारगं — जाव लाभे सन्ते नो पडिगाहॆज्जा.
1139,
1140,से भिक्खु वा भिक्खुणी वा सॆज्जं पुण सन्थारगं जाणॆज्जा-अप्पण्डं जाव अप्प सन्ताणगं लहुयं पाडिहारियं अहाबद्धं तहप्पगारं सन्थारगं-[फासुयं एसणिज्जं ति मन्नमाणे] लाभे सन्ते पडिगाहॆज्जा.
1141,
1142,"इच्चेयाइं आयतणाइं उवाइक्कम्म अह भिक्खु जाणॆज्जा इमाहिं चउहिं पडिमाहिं सन्थारगं एसित्तए, तत्थ खलु इमा पढमा पडिमा — से भिक्खू वा भिक्खुणी वा उद्दिसिय-उद्दिसिय सन्थारगं जाऎज्जा, तं जहा — इक्कडं वा कढिणं वा जन्तुयं वा परगं वा मोरगं वा तणगं वा सोरगं वा कुसं वा कुच्चगं वा पिप्पलगं वा पलालगं वा, से पुव्वामेव आलोऎज्जा आउसॊत्ति वा भगिनित्ति वा दाहिसि मे ऎत्तो अन्नयरं सन्थारगं? तहप्पगारं सयं वा णं जाऎज्जा परो वा से दॆज्जा — फासुयं एसणिज्जं [ति मन्नमाणे] लाभे सन्ते पडिगाहॆज्जा — पढमा पडिमा."
1143,
1144,"अहावरा दॊच्चा पडिमा — से भिक्खु वा भिक्खुणी वा पेहाए सन्थारगं जाऎज्जा, तं जहा — गाहावइं वा गाहावइ-भारियं वा गाहावइ-भगिनिं वा गाहावइ पुत्तं वा गाहावइ घूयं वा सुण्हं वा घाईं वा दासं वा दासिं वा कम्मकरं वा कम्मकरिं वा से पुव्वामेव आलोऎज्जा — आउसो त्ति वा भगिनि त्ति वा दाहिसि मे ऎत्तो? अन्नयरं सन्थारगं तहप्पगारं सन्थारगं सयं वा णं जाऎज्जा परो वा से दॆज्जा — फासुयं एसणिज्जं० पडिगाहॆज्जा — दॊच्चा पडिमा."
1145,
1146,"अहावरा तच्चा पडिमा — से भिक्खू वा भिक्खुणी वा जस्सुवस्सए संवसॆज्जा ते तत्थ अहा-समन्नागए, तं जहा — इक्कडे वा [कढिणे वा जन्तुए वा परगे वा मोरगे वा तणगे वा सारगे वा कुसे वा कुच्चगे वा पिप्पले वा] पलाले वा तस्स लाभे संवसॆज्जा तस्स अलाभे उक्कुडुए वा नेसज्जिए वा विहरॆज्जा — तच्चा पडिमा."
1147,
1148,"अहावरा चउत्था पडिमा — से भिक्खु वा भिक्खुणी वा अहासन्थडमेव सन्थारगं जाऎज्जा, तं जहा — पुढविसिलं वा कट्ठसिलं वा अहासन्थडमेव, तस्स लाभे संवसॆज्जा तस्स अलाभे उक्कुडुए वा नेसज्जिए वा विहरॆज्जा — चउत्था पडिमा."
1149,
1150,इच्चेयाणं चउण्हं पडिमाणं अन्नयरं पडिमं पडिवज्जमाणे तं चेव जाव अन्नो'न्न-समाहीए एवं च णं विहरन्ति.
1151,
1152,"से भिक्खु वा भिक्खुणी वा अभिकङ्खॆज्जा सन्थारगं पच्चप्पिणित्तिए, से ज्जं पुण सन्थारगं जाणॆज्जा — सअण्डं जाव सन्ताणगं तहप्पगारं सन्थारगं नो पच्चप्पिणॆज्जा."
1153,
1154,से भिक्खु वा भिक्खुणी वा अभिकङ्खॆज्जा सन्थारगं पच्चप्पिणित्तए सॆज्जं पुण सन्थारगं जाणॆज्जा — अप्पण्डं अप्पपानं जाव अप्पुत्तिङ्ग-पणग-दग-मट्टिय-मक्कडा सन्ताणगं तहप्पगारं सन्थारगं पडिलेहिय पडिलेहिय पमज्जिय-पमज्जिय आयाविय-आयाविय विहुणिय विहुणिय तओ सञ्जयामेव पच्चप्पिणॆज्जा.
1155,
1156,"से भिक्खू वा भिक्खुणी वा समाणे वा वसमाणे वा गामाणुगामं दूइज्जमाणे वा पुव्वामेव णं पन्नस्स उच्चारपासवणभूमिं पडिलेहॆज्जा, केवली बूया आयाणमेयं — अपडिलेहियाए उच्चारपासवणभूमीए, भिक्खू वा भिक्खुणी वा राओ वा विआले वा उच्चारपासवणं परिट्ठवेमाणे पयलॆज्ज वा पवडॆज्ज वा, से तत्थ पयलमाणे वा पवडमाणे वा हत्थं वा पायं वा लूसॆज्ज वा पाणाणि वा [भूयाणि वा जीवाणि वा सत्ताणि वा अभिहणॆज्ज वा वत्तॆज्ज वा लेसॆज्ज वा सङ्घसॆज्जं वा सङ्घट्टॆज्ज वा परिया-वॆज्ज वा किलामॆज्ज वा ठाणाओ ठाणं सङ्कामॆज्ज वा जीविआओ] ववरोवॆज्ज वा, अह भिक्खूणं पुव्वोवदिट्ठा एस पइण्णा एस हेऊ एस कारणं एस उवएसो जं पुव्वामेव पन्नस्स उच्चारपासवणभूमिं पडिलेहॆज्जा."
1157,
1158,"से भिक्खू वा भिक्खुणी वा अभिकङ्खॆज्जा सॆज्जा-सन्थारग-भूमिं पडिलेहित्तए नन्नत्थ आयरिएण वा उवज्झाएण वा [पवत्तीए वा थेरेण वा गणिणा वा गणहरेण वा] गणावच्छेइएण वा बालेण वा वुड्ढेण वा सेहेण वा गिलाणेण वा आएसेण वा अन्तेण वा मज्झेण वा समेण वा विसमेण वा पवाएण वा निवाएण वा, तओ सञ्जयामेव पडिलेहिय-पडिलेहिय पमज्जिय-पमज्जिय तओ सञ्जयामेव बहु-फासुयं सॆज्जा-सन्थारगं सन्थरॆज्जा."
1159,
1160,से भिक्खू वा भिक्खुणी वा बहु-फासुयं सॆज्जा-सन्थारगं सन्थरॆत्ता अभिकङ्खॆज्जा बहु-फासुए सॆज्जा-सन्थारए दुरुहित्तए.
1161,
1162,से भिक्खु वा भिक्खुणी वा बहु-फासुए सॆज्जा-सन्थारए दुरूहमाणे से पुव्वामेवं ससीसोवरियं कायं पाए य पमज्जिय पमज्जिय तओ सञ्जयामेव बहु-फासुए सॆज्जा-सन्थारगे दुरुहॆज्जा दुरुहॆत्ता तओ सञ्जयामेव बहु-फासुए सॆज्जा-सन्थारए सऎज्जा.
1163,
1164,"से भिक्खू वा भिक्खुणी वा बहु-फासुए सॆज्जा-सन्थारए सयमाणे नो अन्न-मन्नस्स हत्थेण हत्थं पाएण पायं काएण कायं आसाऎज्जा, से अनासायमाणे तओ सञ्जयामेव बहु-फासुए सॆज्जा-सन्थारए सऎज्जा से भिक्खू वा भिक्खुणी वा उस्सासमाणे वा नीसासमाणे वा कासमाणे वा छीयमाणे वा जम्भायमाणे वा उड्डुए वा वायनिसग्गे वा करेमाणे पुव्वामेव आसयं वा पोसयं वा पाणिणा परिपिहित्ता तओ सञ्जयामेव ऊससॆज्ज वा नीससॆज्ज वा कासॆज्ज वा छीऎज्ज वा जम्भाऎज्ज वा उड्डुयं वा वायनिसग्गं वा करॆज्जा."
1165,
1166,"से भिक्खू वा भिक्खुणी वा — समा वेगया सॆज्जा भवॆज्जा, विसमा वेगया सॆज्जा भवॆज्जा, पवाया वेगया सॆज्जा भवॆज्जा, निवाता वेगया सॆज्जा भवॆज्जा, ससरक्खा वेगया सॆज्जा भवॆज्जा, अप्प-ससरक्खा वेगया सॆज्जा भवॆज्जा, सदंस-मसगा वेगया सॆज्जा भवॆज्जा, अप्प-दंस-मसगा वेगया सॆज्जा भवॆज्जा, सपरिसाडा वेगया सॆज्जा भवॆज्जा, अपरिसाडा वेगया सॆज्जा भवॆज्जा, सउवसग्गा वेगया सॆज्जा भवॆज्जा, निरुवसग्गा वेगया सॆज्जा भवॆज्जा, तहप्पगाराहिं सॆज्जाहिं संविज्जमाणाहिं पग्गहिततरागं विहारं विहरॆज्जा, नो किञ्चि वि गिलाऎज्जा, एयं खलु तस्स भिक्खुस्स वा भिक्खुणीए वा सामग्गियं जं सव्वट्ठेहिं समिए सहिए सया जऎज्जासि — त्तिबेमि."
1167,
1168,"अब्भुवगए खलु वासावासे अभिपवुट्ठे बहवे पाणा अभिसम्भूया बहवे बीया अहुणॊब्भिन्ना अन्तरा से मग्गा बहुपाणा बहुबीया [बहुहरिया बहुओसा बहुउदया बहुउत्तिङ्गपणगदग-मट्टिय-मक्कडा] सन्ताणगा अनभिक्कन्ता पन्था नो विण्णाया मग्गा सेवं नच्चा नो गामाणुगामं दूइज्जॆज्जा, तओ सञ्जयामेव वासावासं उवल्लिऎज्जा."
1169,
1170,से भिक्खू वा भिक्खुणी वा से ज्जं पुण जाणॆज्जा-गामं वा [नगरं वा खेडं वा कब्बडं वा मडम्बं वा पट्टणं वा दोणमुहं वा आगरं वा निगमं वा आसमं वा सन्निवेसं वा] रायहाणिं वा इमंसि खलु गामंसि वा जाव रायहाणिंसि वा नो महती विहारभूमी नो महती वियारभूमी नो सुलभे पीढ-फलग-सॆज्जा सन्थारए नो सुलभे फासुए उञ्छे अहेसणिजे जत्थ बहवे समण-माहण-अतिहि किवण-वणीमगा उवागया उवागमिस्सन्ति य अच्चाइण्णा बित्ती — नो पन्नस्स निक्खमण-पवेसाए जाव धम्माणुओग चिन्ताए सेवं नच्चा तहप्पगारं गामं वा नगरं वा जाव रायहाणिं वा नो वासावासं उवल्लिऎज्जा.
1171,
1172,से भिक्खू वा भिक्खुणी वा से ज्जं पुण जाणॆज्जा-गामं वा जाव रायहाणिं वा इमंसि खलु गामंसि वा जाव रायहाणिंसि वा-महती विहारभूमी महती वियारभूमी सुलभे जत्थ पीढ-फलग-सॆज्जा-सन्थारए सुलभे फासुए उञ्छे अहेसणिज्जे नो जत्थ बहवे समण-[माहण-अतिहि-किवण-वणीमगा] उवागया उवागमिस्सन्ति य अप्पाइण्णा वित्ती-[पण्णस्स निक्खमण-पवेसाए पण्णस्स वायण-पुच्छण-परियट्टणाणुपेह-धम्माणुओग-चिन्ताए सेवं नच्चा तहप्पगारं गामं वा जाव] रायहाणिं वा तओ सञ्जयामेव वासावासं उवल्लिऎज्जा.
1173,
1174,"अह पुणेणं जाणॆज्जा-चत्तारि मासा वासावासाणं वीइक्कन्ता हेमन्ताण य पञ्च-दस-रायकप्पे परिवुसिए अन्तरा से मग्गा बहुपाणा जाव सन्ताणगा नो जत्थ बहवे समण जाव उवागया उवागमिस्सन्ति, सेवं नच्चा नो गामाणुगामं दूइज्जॆज्जा. अह पुणेवं जाणॆज्जा — चत्तारि मासा वासाणं वीइक्कन्ता हेमन्ताण य पञ्च दस-रायकप्पे परिवुसिए अन्तरा से मग्गे अप्पण्डा जाव सन्ताणगा बहवे जत्थं समण जाव उवागया उवागमिस्सन्ति य, सेवं नच्चा तओ सञ्जयामेव गामाणुगामं दूइज्जॆज्जा."
1175,
1176,"से भिक्खू वा भिक्खुणी वा गामाणुगामं दूइज्जमाणे पुरओ जुगमायं पेहमाणे दट्ठूण तसे पाणे — उद्धट्टु पायं रीऎज्जा साहट्टु पायं रीऎज्जा वितिरिच्छं वा कट्टु पायं रीऎज्जा, सति परक्कमे सञ्जतामेव परक्कमॆज्जा, नो उज्जुयं गच्छॆज्जा० तओ सञ्जयामेव गामाणुगामं दूइज्जॆज्जा."
1177,
1178,"से भिक्खू वा भिक्खुणी वा गामाणुगामं दूइज्जमाणे अन्तरा से पाणाणि वा बीयाणि वा हरियाणि वा उदए वा मट्टिया वा अविद्धत्थे सति परक्कमे [सञ्जतामेव परक्कमॆज्जा] नो उज्जुयं गच्छॆज्जा, तओ सञ्जयामेव गामाणुगामं दूइज्जॆज्जा."
1179,
1180,"से भिक्खू वा भिक्खुणी वा गामाणुगामं दूइज्जमाणे अन्तरा से विरूवरूवाणि पच्चन्तिगाणि दस्सुगायतणाणि मिलक्खूणि अनायरियाणि दुस्सन्नप्पाणि दुप्पन्नवणिज्जाणि अकाल-पडिबोहीणि अकालपरिभोइणि सति लाढे विहाराए सन्थरमाणेहिं जनवएहिं नो विहारवत्तियाए पवज्जॆज्जा गमणाए, केवली बूया आयाणमेयं, ते णं बाला अयं तेणे अयं उवचरए अयं तओ आगए त्ति कट्टु तं भिक्खुं अक्कोसॆज्ज वा [बन्धॆज्ज वा रुम्भॆज्ज वा] उद्दवॆज्ज वा वत्थं पडिग्गहं कम्बंलं पायपुञ्छणं अच्छिन्दॆज्ज वा अवहरॆज्ज वा परिभवॆज्ज वा अह भिक्खूणं पुव्वोवदिट्ठा [एस पइण्णा एस हेऊ एस कारणं एस उवएसो] जं नो तहप्पगाराणि विरूवरूवाणि पच्चन्तियाणि दस्सुगायतणाणि विहार-वत्तियाए पवज्जॆज्जा गमणाए तओ सञ्जायामेव गामाणुगामं दूइजॆज्जा."
1181,
1182,से भिक्खू वा भिक्खुणी वा गामाणुगामं दूइज्जमाणे अन्तरा से अरायाणि वा गणरायाणि वा जुवरायाणि वा दोरज्जाणि वा वेरज्जाणि वा विरुद्धरज्जाणि वा सति लाढे विहाराए सन्थरमाणेहिं जनवएहिं नो विहार-वत्तियाए पवज्जॆज्ज गमणाए केवली बूया आयाणमेयं — ते णं बाला तं चेव जाव गमणाए तओ सञ्जयामेव गामाणुगामं दूइज्जॆज्जा.
1183,
1184,"से भिक्खू वा भिक्खुणी वा गामाणुगामं दूइज्जमाणे अन्तरा से विहं सिया, सॆज्जं पुण विहं जाणॆज्जा — एगाहेण वा दुयाहेण वा तियाहेण वा चउयाहेण वा पञ्चाहेण वा पाउणॆज्ज वा नो पाउणॆज्ज वा तहप्पगारं विहं अनेगाहगमणिज्जं सति लाढे [विहाराए सन्थरमाणेहिं जनवएहिं] नो विहार-वत्तियाए पवज्जॆज्जा गमणाए, केवली बूया आयाणमेयं, अन्तरा से वासे सिया पाणेसु वा पणएसु वा बीएसु वा हरिएसु वा उदाएसु वा मट्टियासु वा अविद्धत्थाए, अह भिक्खुणं पुव्वोवदिट्ठा [एस पइण्णा एस हेऊ एस कारणं एस उवएसो] जं तहप्पगारं विहं अनेगाह गमणिज्जं जाव गमणाए तओ सञ्जयामेव गामाणुगामं दूइज्जॆज्जा."
1185,
1186,"से भिक्खू वा भिक्खुणी वा गामाणुगामं दूइज्जमाणे अन्तरा से नावासन्तारिमे उदए सिया, से ज्जं पुण नावं जाणॆज्जा — अस्सञ्जए भिक्खु-पडियाए किणॆज्ज वा पामिच्चॆज्ज वा नावाए वा नावं-परिणामं कट्टु थलाओ वा नावं जलंसि ओगाहॆज्जा जलाओ वा नावं थलंसि उक्कसॆज्जा पुण्णं वा नावं उस्सिञ्चॆज्जा सण्णं वा नावं उप्पीलावॆज्जा तहप्पगारं नावं उड्ढगामिणिं वा अहेगामिणिं वा तिरियगामिणिं वा परं जोयणमेराए अद्धजोयणमेराए वा अप्पतरो वा भुज्जतरो वा नो दुरुहॆज्ज गमणाए."
1187,
1188,"से भिक्खू वा भिक्खुणी वा पुव्वामेव तिरिच्छ-सम्पातिमं नावं जाणॆज्जा, जाणॆत्ता से तमायाए एगन्तमवक्कमॆज्जा एगन्तमवक्कमॆत्ता भण्डगं पडिलेहॆज्जा पडिलेहॆत्ता एगओ भोयणभण्डगं करॆज्जा करॆत्ता ससीसोवरियं कायं पाए य पमज्जॆज्जा पमज्जॆत्ता सागारं भत्तं पच्चक्खाऎज्जा पच्चक्खाऎत्ता एगं पायं जले किच्चा एगं पायं थले किच्चा तओ सञ्जयामेव नावं दुरुहॆज्जा."
1189,
1190,"से भिक्खु वा भिक्खुणी वा नावं दुरुहमाणे नो नावाए पुरओ दुरुहॆज्जा नो नावाए मग्गओ दुरुहॆज्जा नो नावाए मज्झतो दुरुहॆज्जा नो बाहाओ पगिज्झिय-पगिज्झिय अङ्गुलियाए उवदंसिय-उवदंसिय ओणमिय-ओणमिय उन्नमिय-उन्नमिय निज्झाऎज्जा, से णं परो नावा-गतो नावा-गयं वऎज्जा — आउसन्तो, समणा एयं ता तुमं नावं उक्कसाहि वा वॊक्कसाहि वा खिवाहि वा रज्जुयाए वा गहाय आकसाहि, नो से तं परिण्णं परिजाणॆज्जा, तुसिणीओ उवेहॆज्जा."
1191,
1192,"से णं परो नावा-गओ नावा-गयं वऎज्जा — आउसन्तो समणा नो सञ्चाएसि तुमं नावं उक्कसित्तए वा वॊक्कसित्तए वा खिवित्ताए वा रज्जुयाए वा गहाय आकसित्तए आहर एतं नावाए रज्जूयं सयं चेव णं वयं नावं उक्कसिस्सामो वा वॊक्कसिस्सामो वा खिविस्सामो वा रज्जुयाए वा गहाय आकसिस्सामो, नो से तं परिण्णं परिजाणॆज्जा तुसिणीओ उवेहॆज्जा."
1193,
1194,से णं परो नावा-गओ नावा-गयं वऎज्जा — आउसन्तो समणा एयं ता तुमं नावं अलित्तेण वा पिहएण वा वंसेण वा वलएण वा अवल्लएण वा वाहेहि नो से तं परिण्णं परिजाणॆज्जा तुसिणीओ उवेहॆज्जा से णं परो नावा-गओ नावा-गयं वदॆज्जा-आउसन्तो समणा एयं ता तुमं नावाए उदयं हत्थेण वा पाएण वा मत्तेण वा पडिग्गहेण वा नावा-उस्सिञ्चणेण वा उस्सिञ्चाहि नो से तं परिण्णं परिजाणॆज्जा तुसिणीओ उवेहॆज्जा.
1195,
1196,"से णं परो नावा-गओ नावा-गयं वऎज्जा — आउसन्तो समणा एतं ता तुमं नावाए उत्तिङ्गं हत्थेण वा पाएण वा बाहुणा वा ऊरुणा वा उदरेण वा सीसेण वा काएण वा नावा — उस्सिञ्चणेण वा चेलेण वा मट्टियाए वा कुसपत्तएण वा कुविन्दएण वा पिहेहि नो से तं परिण्णं परिजाणॆज्जा तुसिणीओ उवेहॆज्जा से भिक्खू वा भिक्खुणी वा नावाए उत्तिङ्गेणं उदयं आसवमाणं पेहाए उवरुवरि नावं कज्जलावेमाणं पेहाण नो परं उवसङ्कमित्तु एवं बूया-आउसन्तो! गाहावई एयं ते नावाए उदयं उत्तिगेणं आवसति उवरुवति वा नावा कज्जलावेति, एतप्पगारं मणं वा वायं वा नो पुरओ कट्टु विहरॆज्जा, अप्पुस्सुए अबहिलॆस्से एगन्तगएण अप्पाणं विउसॆज्जा समाहीए, तओ सञ्जयामेव नावा-सन्तारिमे उदए अहारियं रीऎज्जा, एयं खलु तस्स भिक्खुस्स वा भिक्खुणीए वा सामग्गियं जं सव्वट्ठेहिं समिए सहिए सदा जइज्जासि — त्तिबेमि."
1197,
1198,"से णं परो नावा-गओ नावा-गयं वदॆज्जा — आउसन्तो! समणा एयं ता तुमं छत्तगं वा [मत्तगं वा दण्डगं वा लट्ठियं वा भिसियं वा नालियं वा चेलं वा चिलिमिलिं वा चम्मगं वा चम्मकोसगं वा] चम्म-छेयणगं वा गेण्हाहि एयाणि तुमं विरूवरूवाणि सत्थ-जायाणि धारेहि० एयं ता तुमं दारगं वा दारिगं वा पज्जेहि, नो से तं परिण्णं परिजाणॆज्जा तुसिणीओ उवेहॆज्जा."
1199,
1200,"से णं परो नावा-गए नावा-गयं वदॆज्जा — आउसन्तो! एस णं समणे नावाए भण्डभारिए भवइ, से णं बाहाए गहाय नावाओ उदगंसि पक्खिवह एतप्पगारं निग्घोसं सॊच्चा निसम्म से य चीवरधारी सिया खिप्पामेव चीवरामि उव्वॆड्ढिज्ज वा निव्वॆड्ढिज्ज वा उप्फेसं वा करॆज्जा अह पुणेवं जाणॆज्जा अभिक्कन्त कूरकम्मा खलु बाला बाहाहिं गहाय नावाओ उदगंसि पक्खिवॆज्जा से पुव्वामेव वऎज्जा — आउसन्तो! गाहावइ मा मॆत्तो बाहाए गहाय नावाओ उदगंसि पक्खिवह, सयं चेव णं अहं नावातो उदगंसि ओगाहिस्सामि, से नेवं वयन्तं परो सहसा बलसा बाहाहिं गहाय नावाओ उदगंसि पक्खिवॆज्जा तं नो सुमणे सिया नो दुम्मणे सिया नो उच्चावयं मणं नियच्छॆज्जा नो तेसिं बालाणं घाताए वहाए समुट्ठॆज्जा अप्पुस्सुए [अबहिलॆस्से एगन्त-गएणं अप्पाणं वियोसॆज्ज] समाहीए तओ सञ्जयामेव उदगंसि पवॆज्जा."
1201,
1202,"से भिक्खू वा भिक्खुणी वा उदगंसि पवमाणे नो हत्थेण हत्थं पाएण पायं काएण कायं आसाऎज्जा, से अनासायमाणे तओ सञ्जयामेव उदगंसि पवॆज्जा."
1203,
1204,"से भिक्खू वा भिक्खुणी वा उदगंसि पवमाणे नो उम्मग्ग-निमग्गियं करॆज्जा, मामेयं उदगं कण्णेसु वा अच्छीसुं वा नक्कंसि वा मुहंसि वा परियावज्जॆज्जा, तओ सञ्जयामेव उदगंसि पवॆज्जा."
1205,
1206,"से भिक्खू वा भिक्खुणी वा उदगंसि पवमाणे दॊब्बलियं पाउणॆज्जा खिप्पामेव उवहिं विगिञ्चॆज्ज वा विसोहॆज्ज वा नो चेव णं सातिज्जॆज्जा, अह पुणेवं जाणॆज्ज-पारए सिया उदगाओ तीरं पाउणित्तए, तओ सञ्जयामेव उदउल्लेण वा ससिणिद्धेण वा काएण उदगतीरे चिट्ठॆज्जा."
1207,
1208,से भिक्खू वा भिक्खुणी वा उदउल्लं वा ससिणिद्धं वा कायं नो आमज्जॆज्ज वा पमज्जॆज्ज वा संलिहॆज्ज वा निल्लिहॆज्ज वा उव्वलॆज्ज वा उव्वट्टॆज्ज वा आयावॆज्ज वा पयावॆज्ज वा अह पुण एवं जाणॆज्जा — विगओदए मे काए वॊच्छिन्न सिणेहे काए तहप्पगारं कायं आमज्जॆज्ज वा पयावॆज्ज वा तओ सञ्जयामेव गामाणुगामं दूइज्जॆज्जा.
1209,
1210,"से भिक्खू वा भिक्खुणी वा गामाणुगामं दूइज्जमाणे नो परेहिं सद्धिं परिजविय परिजविय गामाणुगामं दूइज्जॆज्जा, तओ सञ्जयामेव गामाणुगामं दूइज्जॆज्जा."
1211,
1212,"से भिक्खू वा भिक्खुणी वा गामाणुगामं दूइज्जमाणे अन्तरा से जङ्घासन्तारिमे उदगे सिया, से पुव्वामेव ससीसोवरियं कायं पादे य पमज्जॆज्जा, पमज्जॆत्ता सागारं भत्तं पच्चक्खाऎज्जा, पच्च-क्खाऎत्ता एगं पायं जले किच्चा एगं पायं थले किच्चा तओ सञ्जयामेव जङ्घासन्तारिभे उदए अहारियं रीऎज्जा."
1213,
1214,से भिक्खू वा भिक्खुणी वा जङ्घासन्तारिमे उदगे अहारियं रीयमाणे नो हत्थेण हत्थं पाएण पायं काएण कायं आसाऎज्जा से अनासायमाणे तओ सञ्जयामेव जङ्घासन्तारिमे उदए अहारियं रीऎज्जा.
1215,
1216,"से भिक्खू वा भिक्खुणी वा जङ्घासन्तारिमे उदए अहारियं रीयमाणे नो सायं वडियाए नो परदाह-वडियाए महइमहालयंसि उदगंसि कायं विउसॆज्जा, तओ सञ्जयामेव जङ्घासन्तारिमे उदए अहारियं रीऎज्जा, अह पुणेवं जाणॆज्जा-पारए सिया उदगाओ तीरं पाउणित्तए, तओ सञ्जयामेव उदउल्लेण वा ससणिद्धेण वा काएण दगतीरए चिट्ठॆज्जा."
1217,
1218,"से भिक्खू वा भिक्खुणी वा उदउल्लं वा कायं ससणिद्धं वा कायं नो आमज्जॆज्ज वा पमज्जॆज्ज वा, अह पुणेवं जाणॆज्जा — विगतोदए मे काए छिन्नसिनेहे मे काए तहप्प-गारं कायं आमज्जॆज्ज वा जाव पयावॆज्ज वा तओ सञ्जयामेव गामाणुगामं दूइज्जॆज्जा."
1219,
1220,"से भिक्खू वा भिक्खुणी वा गामाणुगामं दूइज्जमाणे नो मट्टियागएहिं पाएहिं हरियाणि छिन्दिय-छिन्दिय विकुज्जिय-विकुज्जिय विफालिए-विफालिय उम्मग्गेणं हरिय-वहाए गच्छॆज्जा, जमेयं पाएहिं मट्टियं खिप्पामेव हरियाणि अवहरन्तुं, माइट्ठाणं सम्फासे, नो एवं करॆज्जा, से पुव्वामेव अप्पहरियं मग्गं पडिलेहॆज्जा तओ सञ्जयामेव गामाणुगामं दूइज्जॆज्जा."
1221,
1222,"से भिक्खू वा भिक्खुणी वा गामाणुगामं दूइज्जमाणे अन्तरा से वप्पाणि वा फलिहाणि वा पागाराणि वा तोरणाणि वा अग्गलाणि वा अग्गल-पासगाणि वा गड्डाओ वा दरीओ वा सइ परक्कमे सञ्जयामेव परक्कमॆज्जा, नो उज्जुय गच्छॆज्जा केवली बूया आयाणमेयं, से तत्थ परक्कममाणे पयलॆज्ज वा पवडॆज्ज वा से तत्थ पयलमाणे वा पवडमाणे वा रुक्खाणि वा गुच्छाणि वा गुम्माणि वा लयाओ वा वल्लीओ वा तणाणि वा गहणाणि वा हरियाणि वा अवलम्बिय-अवलम्बिय उत्तरॆज्जा जे तत्थ पाडिपहिया उवागच्छन्ति ते पाणी जाऎज्जा तओ सञ्जयामेव अवलम्बिय(२) उत्तरॆज्जा तओ गामाणुगामं दूइज्जॆज्जा."
1223,
1224,"से भिक्खू वा भिक्खुणी वा गामाणुगामं दूइज्जमाणे अन्तरा से जवसाणि वा सगडाणि वा रहाणि वा सचक्काणि वा परचक्काणि वा सेणं वा विरूवरूवं सन्निविट्ठं पेहाए सइ परक्कमे सञ्जयामेव परक्कमॆज्जा नो उज्जुयं गच्छॆज्जा, से णं परो सेणागओ वऎज्जा — आउसन्तो, एस णं समणे सेणाए अभिनिवारियं करेइ, से णं बाहाए गहाय आगसह, से णं परो बाहाहिं गहाय आगसॆज्जा, तं नो सुमणे सिया नो दुम्मणे सिया नो उच्चवयं मणं नियच्छॆज्जा नो तेसिं बालाण घाताए वहाए समुट्ठॆज्जा, अप्पुस्सुए अबहिलॆस्से एगन्तगएणं अप्पाणं वियोसॆज्ज समाहीए, तओ सञ्जयामेव गामाणुगामं दूइज्जॆज्जा."
1225,
1226,"से भिक्खू वा भिक्खुणी वा गामणुगामं दूइज्जमाणे अन्तरा से पाडिपहिया उवाग-च्छॆज्जा, ते णं पाडिपहिया एवं वदॆज्जा — आउसन्तो समणा, केवइए एस गामे वा जाव रायहाणी वा केवइया ऎत्थ आसा हत्थी गामपिण्डोलगा मणुस्सा परिवसन्ति? से बहुभत्ते बहुउदए बहुजने बहुजवसे से अप्पभत्ते अप्पुदए अप्पजणे अप्पजवसे? एयप्पगाराणि पसिणाणि नो पुच्छिज्जा, एयप्पगाराणि पसिणाणि पुट्ठो वा अपुट्ठो वा नो आइक्खॆज्जा एवं खलु तस्स भिक्खुस्स वा भिक्खुणीए वा सामग्गियं जं सव्वट्ठेहिं [समिए सहिए सया जऎज्जासि — त्ति बेमि]."
1227,
1228,से भिक्खू वा भिक्खुणी वा गामाणुगामं दूइज्जमाणे अन्तरा से वप्पाणि वा [फलिहाणि वा पागाराणि वा तोरणाणि वा अग्गलाणि वा अग्गल-पासागाणि वा गड्डाओ वा] दरीओ वा कूडागाराणि वा पासादाणि वा नूम-गिहाणि वा रुक्ख-गिहाणि वा पव्वय-गिहाणि वा रुक्खं वा चेइय-कडं थूभं वा चेइयकडं आएसणाणि वा [आयतणाणि वा देवकुलाणि वा सहाओ वा पवाओ वा पणिय-गिहाणि वा पणिय-सालाओ वा जाण-गिहाणि वा जाण-सालाओ वा सुहा-कम्मन्ताणि वा दब्भ-कम्मन्ताणि वा वद्ध-कम्मन्ताणि वा वक्क-कम्मन्ताणि वा वण-कम्मन्ताणि वा इङ्गाल-कम्मन्ताणि वा कट्ठ-कम्मन्ताणि वा सुसाण-कम्मन्ताणि वा सन्ति-कम्मन्ताणि वा गिरि-कम्मन्ताणि वा कन्दर-कम्मन्ताणि वा सेलोवट्ठाण-कम्मन्ताणि वा] भवनगिहाणि वा नो बाहाओ पगिज्झिय-पगिज्झिय अङ्गुलियाए उद्दिसिय-उद्दिसिय ओणमिय-ओणमिय उन्नमिय-उन्नमिय निज्झाऎज्जा तओ सञ्जयामेव गामाणुगामं दूइज्जॆज्जा.
1229,
1230,"से भिक्खू वा भिक्खुणी वा गामाणुगामं दूइज्जमाणे अन्तरा से कच्छाणि वा दवियाणि वा नूमाणि वा वलयाणि वा गहणाणि वा गहण-विदुग्गाणि वा वनानि वा वन-विदुग्गाणि वा पव्वयाणि वा पव्वय-विदुग्गाणि वा अगडाणि वा तलागाणि वा दहाणि वा नदीओ वा वावीओ वा पॊक्खरिणीओ वा दीहियाओ वा गुञ्जालियाओ वा सराणि वा सर-पन्तियाणि वा सर-सरपन्तियाणि वा नो बाहाओ पगिज्झिय-पगिज्झिय जाव निज्झाऎज्जा, तओ सञ्जयामेव गामाणुगामं दूइज्जॆज्जा, केवली बूया आयाणमेयं जे तत्थ मिगा वा पसुया वा पक्खी वा सरीसिवा वा सीहा वा जलचरा वा थलचरा वा खहचरा वा सत्ता ते उत्तसॆज्ज वा वित्तसॆज्जा वा वाडं वा सरणं वा कङ्खॆज्जा चारे त्ति मे अयं समणे, अह भिक्खूणं पुव्वोवदिट्ठा जाव जं नो बाहाओ पगिज्झिय-पगिज्झिय जाव निज्झाऎज्जा तओ सञ्जयामेव आयरिय-उवज्झाएहिं सद्धिं गामाणु-गामं दूइज्जॆज्जा."
1231,
1232,से भिक्खू वा भिक्खुणी वा आयरिय-उवज्झाएहिं सद्धिं गामाणुगामं दूइज्जमाणे नो आयरिय-उवज्झायस्स हत्थेण हत्थं [पाएण पायं काएण काय आसाऎज्जा से] अनासायमाणे तओ सञ्जयामेव आयरिय-उवज्झाएहिं सद्धिं गामाणुगामं दूइज्जॆज्जा.
1233,
1234,"से भिक्खू वा भिक्खुणी वा आयरिय-उवज्झाएहिं सद्धिं दूइज्जमाणे अन्तरा से पाडिपहिया उवागच्छॆज्जा, ते णं पाडिपहिया एवं वऎज्जा — आउसन्तो समणा के तुब्भे? कओ वा एह? कहिं वा गच्छि-हिह? जे तत्थ आयारिए वा उवज्झाए वा से भासॆज्ज वा वियागरॆज्जा वा, आयरिय-उवज्झायस्स भास-माणस्स वा वियागरेमाणस्स वा नो अन्तराभासं करॆज्जा, तओ सञ्जयामेव आहारातिणिए वा० दूइज्जॆज्जा."
1235,
1236,से भिक्खू वा भिक्खुणी वा आहारतिणियं गामाणुगामं दूइज्जमाणे नो रातिणियस्स हत्थेण हत्थं जाव अनासायणाणे तओ सञ्जयामेव आहारातिणियं गामाणुगामं दूइज्जॆज्जा.
1237,
1238,"से भिक्खू वा भिक्खुणी वा आहारातिनियं गामाणुगामं दूइज्जमाणे अन्तरा से पाडिपहिया उवागच्छॆज्जा, ते णं पाडिपहिया एवं वदॆज्जा — आउसन्तो समणा! के तुब्भे? कओ वा एह? कहिं वा गच्छिहिह? जे तत्थ सव्वरातिणिए से भासॆज्ज वा वियागरॆज्ज वा, रातिणियस्स भासमाणस्स वा वियागरेमाणस्स वा नो अन्तराभासं भासॆज्जा, तओ सञ्जयमेव गामाणुगामं दूइज्जॆज्जा."
1239,
1240,"से भिक्खू वा भिक्खुणी वा गामाणुगामं दूइज्जमाणे अन्तरा से पाडिपहिया उवागच्छॆज्जा, ते णं पाडिपहिया एवं वदॆज्जा — आउसन्तो समणा अवियाइं ऎत्तो, पडिपहे पासह, तं जहा — मणुस्सं वा गोणं वा महिसं वा पसुं वा पक्खिं वा सरीसिवं वा जलयरं वा से आइक्खह दंसेह, तं नो आइक्खॆज्जा नो दंसॆज्जा, नो तेसिं तं परिण्णं परिजाणॆज्जा, तुसिणीओ उवेहॆज्जा, जाणं वा नो जाणन्ति वऎज्जा, तओ सञ्जयामेव गामाणुगामं दूइज्जॆज्जा."
1241,
1242,"से भिक्खू वा भिक्खुणी वा गामाणुगामं दूइज्जमाणे अन्तरा से पाडिपहिया उवागच्छॆज्जा, ते णं पाडिपहिया एवं वऎज्जा — आउसन्तो समणा! अवियाइं ऎत्तो पडिपहे पासह-उदगपसूयाणि कन्दाणि वा मूलाणि वा तयाणि वा पत्ताणि वा पुप्फाणि वा फलाणि वा बीयाणि वा हरियाणि वा उदगं वा संनिहियं अगनिं वा संनिक्खित्तं से आइक्खह जाव दूईज्जॆज्जा."
1243,
1244,"से भिक्खू वा भिक्खुणी वा गामाणुगामं दूइज्जमाणे अन्तरा से पाडिपहिया उवागच्छॆज्जा, ते णं पाडिपहिया एवं वऎज्जा — आउसन्तो समणा! अवियाइं ऎत्तो पडिपहे पासह — जवसाणि वा [सगडाणि वा रहाणि वा सच्चक्काणिं वा परचक्काणि वा] सेणं वा विरूवरूवं संनिविट्ठं से आइक्खह [दंसेह तं नो आइक्खॆज्जा नो दंसॆज्जा नो तेसिं तं परिण्णं परिजाणॆज्जा तुसिणीओ उवेहॆज्जा जाणं वा नो जाणन्ति वऎज्जा तओ सञ्जयामेव गामाणुगामं] दूइज्जॆज्जा."
1245,
1246,से भिक्खू वा भिक्खुणी वा गामाणुगामं दूइज्जमाणे अन्तरा से पाडिपहिया [उवागच्छॆज्जा तेणं पाडिपहिया एवं वदॆज्जा] — आउसन्तो समणा! केवइए ऎत्तो गामे वा जाव रायहाणी वा से आइक्खह जाव दूइज्जॆज्जा.
1247,
1248,से भिक्खु वा० गामाणुगाम दूइज्जॆज्जा० अन्तरा से पाडिपहिया० आउसन्तो समणा! केवइए इत्तो गामस्स वा नगरस्स वा जाव रायहाणीए वा मग्गे से आइक्खह० तहेव जाव दूइज्जॆज्जा.
1249,
1250,से भिक्खू वा भिक्खुणी वा गामाणुगाणं दूइज्जमाणे अन्तरा से गोणं वियालं पडिपहे पेहाए [महिसं वियालं पडिपहे पेहाए एवं-मणुस्सं आसं हत्थि सीहं वग्धं विगं दीवियं अच्छं तरच्छं परिसरं सियालं विरालं-सुणयं कोल-सुणयं कोकन्तियं] चित्ताचिल्लडं-वियालं पडिपहे पेहाए नो तेसिं भीओ उम्मग्गेणं गच्छॆज्जा नो मग्गाओ उम्मग्गं सङ्कमॆज्जा नो गहणं वा वनं वा दुग्गं वा अनुपविसॆज्जा नो रुक्खंसि दुरुहॆज्जा नो महइमहालयंसि उदयंसि कायं विउसॆज्जा नो वाडं वा सरणं वा सेणं वा सत्थं वा कङ्खॆज्जा अप्पुस्सुए [अबहिलॆस्से एगन्तएणं अप्पाणं वियोसॆज्ज] समाहीए तओ सञ्जयामेव गामाणुगामं दूइज्जॆज्जा.
1251,
1252,"से भिक्खू वा भिक्खुणी वा गामाणुगामं दूइज्जमाणे अन्तरा से विहं सिया, सॆज्जं पुण विहं जाणॆज्जा — इमंसि खलु विहंसि बहवे आमोसगा उवगरण पडियाए सम्पिडिया० गच्छॆज्जा, नो तेसिं भीओ उम्मग्गेणं गच्छॆज्जा जाव समाहीए तओ सञ्जयामेव गामाणुगामं दूइज्जॆज्जा."
1253,
1254,"से भिक्खू वा भिक्खुणी वा गामाणुगामं दूइज्जमाणे अन्तरा से आमोसगा सम्पिण्डिया गच्छॆज्जा ते णं आमोसगा एवं वदॆज्जा — आउसन्तो समणा! आहार एयं वत्थं वा पायं वा कम्बलं वा पायपुञ्छणं वा देहि निक्खिवाहि० तं नो दॆज्जा नो निक्खिवॆज्जा नो वन्दिय-वन्दिय जाऎज्जा नो अञ्जलिं कट्टु जाऎज्जा नो कलुण-पडियाए जाऎज्जा धम्मियाए जायणाए जाऎज्जा तुसिणीय-भावेण वा उवेहॆज्जा ते णं आमोसगा सयं करणिज्जं ति कट्टु अक्कोसन्ति वा जाव उद्दवन्ति वा वत्थं वा पायं वा कम्बलं वा पायपुञ्छणं वा अच्छन्दॆज्ज वा अवहरॆज्ज वा परिभवॆज्ज वा, तं नो गामसंसारियं कुज्जा, नो रायसंसारियं कुज्जा, नो परं उवसङ्कमित्तु बूया — आउसन्तो! गाहावइ एए खलु आमोसगा उवगरण-पडियाए सयं करणिज्जं ति कट्टु अक्कोसन्ति वा जाव परिट्ठवन्ति वा० एयप्पगारं मणं वा वइं वा नो पुरओ कट्टु विहरॆज्जा, अप्पुस्सुए जाव समाहीए तओ सञ्जयामेव गामाणुगामं दूइज्जॆज्जा. एयं खलु तस्स भिक्खुस्स वा भिक्खुणीए वा सामग्गियं, जं सव्वट्ठेहिं समिते सहिए सया जऎज्जासि — त्तिबेमि."
1255,
1256,[चउत्थं अज्झयणं – भासज्जातं]
1257,
1258,"से भिक्खू वा भिक्खुणी वा इमाइं वइ-आयाराइं सॊच्चा निसम्म इमाइं अनायाराइं अनायरियपुव्वाइं जाणॆज्जा — जे कोहा वा वायं विउजन्ति जे माणा वा वायं विउञ्जन्ति जे मायाए वा वायं विउञ्जन्ति जे लोभा वा वायं विउञ्जन्ति जाणओ वा फरुसं वयन्ति अजाणओ वा फरुसं वयन्ति सव्वं चेयं सावज्जं वज्जॆज्जा विवेगमायाए, धुवं चेयं जाणॆज्जा अधुवं चेयं जाणॆज्जा — असनं वा पानं वा खाइमं वा साइमं वा लभिय नो लभिय भुञ्जिय नो भुञ्जिय अदुवा आगए अदुवा नो आगए अदुवा एइ अदुवा नो एइ अदुवा एहिति अदुवा नो एहिति ऎत्थवि आगए ऎत्थवि नो आगए ऎत्थवि एइ ऎत्थवि नो एइ ऎत्थवि एहिति ऎत्थवि नो एहिति० अनुवीइ निट्ठाभासी समियाए सञ्जए भासं भासॆज्जा तं जहा —"
1259,
1260,"एगवयणं दुवयणं बहुवयणं इत्थीवयणं पुरिसवयणं नपुंसगवयणं अज्झत्थवयणं उवनीय — वयणं अवनीयवयणं उवनीयअवणी-यवयणं अवनीय-उवनीयवयणं तीयवयणं पडुप्पन्नवयणं अनागयवयणं पच्चक्खवयणं परॊक्खवयणं, से एगवयणं वदिस्सामीति एगवयणं वऎज्जा जाव परॊक्खवयणं वदिस्सामीति परॊक्खवयणं वऎज्जा, इत्थी वेस पुरिस वेस नपुंसग वेस एयं वा चेयं अन्नं वा चेयं अनुवीइ निट्ठाभासी समियाए सञ्जए भासं भासॆज्जा इच्चेयाइं आयतणाइं उवातिकम्म."
1261,
1262,अह भिक्खू जाणॆज्जा चत्तारि भासज्जायाइं तं जहा — सच्चमेगं पढमं भासजायं बीयं मोसं तइयं सच्चामोसं जं नेव सच्चं नेवमोसं नेव सच्चामोसं-असच्चामोसं नामं तं चउत्थं भासज्जातं.
1263,
1264,से बेमि — जे अतीता जे य पडुप्पन्ना जे य अनागया अरहन्ता भगवतो सव्वे ते एयाणि चेव चत्तारि भासज्जायाइं भासिंसु वा भासन्ति वा भासिस्सन्ति वा पन्नविसुं वा पन्नवेन्ति वा पन्नविस्सन्ति वा सव्वाइं च णं एयाणिं अचित्ताणि वण्णमन्ताणि गन्धमन्ताणि रसमन्ताणि फासमन्ताणि चयोवचइयाइं विपरि-णामधम्माइं भवन्तीति अक्खायाइं.
1265,
1266,से भिक्खु वा भिक्खुणी वा से ज्जं पुण जाणॆज्जा-पुव्वं भासा अभासा भासिज्जमाणी भासा भासा भासासमयविइक्कन्ता च णं भासिया भासा अभासा.
1267,
1268,"से भिक्खू वा० से ज्जं पुण जाणॆज्जा — जा य भासा सच्चा, जा य भासा मोसा, जा य भासा सच्चामोसा, जा य भासा असच्चामोसा, तहप्पगारं भासं सावज्जं सकिरियं कक्कसं कडुयं निट्ठुरं फरुसं अण्हयकरिं छेयणकरिं भेयणकरिं परितावणकरिं उद्दवणकरिं भूतोवघाइयं अभिकङ्ख नो भासॆज्जा."
1269,
1270,से भिक्खू वा भिक्खुणी वा से ज्जं पुण जाणॆज्जा — जा य भासा सच्चा सुहुमा जा य भासा असच्चामोसा तहप्पगारं भासं असावज्जं अकिरियं अकक्कसं अकडुयं अनिट्ठुरं अफरुसं अणण्हयकरिं अछेयणकरिं अभेयणकरिं अपरितावणकरिं अनुद्दवणकरिं अभूतोवधाइयं अभिक्खं भासं भासॆज्जा.
1271,
1272,"से भिक्खू वा भिक्खुणी वा पुमं आमन्तेमाणे आमन्तिते वा अपडिसुणेमाणे नो एवं वऎज्जा — होले त्ति वा गोले त्ति वा वसुले त्ति वा कुपक्खे त्ति वा धडदासे त्ति वा साणे त्ति वा तेणे त्ति वा चारिए त्ति वा माई त्ति वा मुसावाई त्ति वा, एयाइं तुम ते जणगा वा, एतप्पगारं भासं सावज्जं सकिरियं जाव भूतो — वघाइयं अभिकङ्ख नो भासॆज्जा."
1273,
1274,से भिक्खू वा भिक्खुणी वा पुमं आमन्तेमाणे आमन्तिए वा अपडिसुणेमाणे एवं वऎज्जा — अमुगे त्ति वा आउसो त्ति वा आउसन्तो त्ति वा सावगे त्ति वा उपासगे त्ति वा धम्मिए त्ति वा धम्मपिये त्ति वा — एयप्पगारं भासं असावज्जं जाव अभूतोवघाइयं अभिकङ्ख भासॆज्जा.
1275,
1276,से भिक्खू वा भिक्खुणी वा इत्थिं आमन्तेमाणे आमन्तिए य अपडिसुणेमाणिं नो एवं वऎज्जा — होले त्ति वा गोले त्ति वा [वसुले त्ति वा कुपक्खे त्ति वा धडदासी त्ति वा साणे त्ति वा तेणे त्ति वा चारिए त्ति वा माई त्ति वा मुसावाई त्ति वा इच्चेयाइं तुमं एयाइं ते जणगा वा — एतप्पगारं भासं सावज्जं जाव भूतोवधाइयं अभिकङ्ख नो भासॆज्जा].
1277,
1278,"से भिक्खू वा भिक्खुणी वा इत्थियं आमन्तेमाणे आमन्तिए य अपडिसुणेमाणी एवं वऎज्जा-आउसो त्ति वा भगिनी त्ति वा भगवई त्ति वा साविगे त्ति वा उवासिए त्ति वा धम्मिए त्ति वा धम्मपिये त्ति वा, एतप्पगारं भासं असावज्जं जाव अभिकङ्ख भासॆज्जा."
1279,
1280,से भिक्खू वा भिक्खुणी वा नो एवं वऎज्जा — नभोदेवे त्ति वा गज्जदेवे त्ति वा विज्जुदेवे त्ति वा पवुट्ठदेवे त्ति वा निवुट्ठदेवे त्ति वा पडउ वा वासं मा वा पडउ निप्फज्जउ वा सस्सं मा वा निप्फज्जउ विभाउ वा रयणी मा वा विभाउ उदेउ वा सूरिए मा वा उदेउ सो वा राया जयउ मा वा जयउ — नो एतप्पगारं भासं भासॆज्जा पन्नवं.
1281,
1282,"से भिक्खू वा भिक्खुणी वा अन्तलिक्खे त्ति वा गुज्झाणुचरिए त्ति वा संमुच्छिए त्ति वा निवइए त्ति वा पओए वऎज्ज वा वुट्ठबलाहगे त्ति वा, एयं खलु तस्स भिक्खुस्स वा भिक्खुणीए वा सामग्गियं जं सव्वट्ठेहिं समिए सहिए सया जऎज्जासि — त्तिबेमि."
1283,
1284,"से भिक्खू वा भिक्खुणी वा जहा वेगइयाइं रूवाइं पासॆज्जा तहावि ताइं नो एवं वऎज्जा तं जहा — गण्डी गण्डी ति वा, कुट्ठी कुट्ठी ति वा, [रायंसी रायंसी ति वा, अवमारियं अवमारिए ति वा, काणियं काणिए ति वा, झिमियं झिमिए ति वा, कुणियं कुणिए ति वा, खुज्जियं खुज्जिए ति वा, उदरी उदरी ति वा, मूयं मूए ति वा, सूणियं सूणिए ति वा, गिलासिणी गिलासिणी ति वा, वेवई वेवई ति वा, पीढसप्पी पीढसप्पी ति वा, सिलिवयं सिलिवए ति वा], महुमेहणी महुमेहणी ति वा, हत्थछिन्न हत्थछिन्ने ति वा, पादछिन्ने पादछिन्ने ति वा, नक्कछिन्नं नक्कछिन्ने ति वा, कण्णछिन्नं कण्णछिन्ने ति वा, ऒट्ठ छिन्नं ऒट्ठछिन्ने ति वा, जे यावण्णे तहप्पगारे तहप्पगाराहिं भासाहिं बुइया बुइया कुप्पन्ति माणवा ते यावि तहप्पगाराहिं भासाहिं अभिकङ्ख नो भासॆज्जा."
1285,
1286,"से भिक्खू वा भिक्खुणी वा जहा वेगइयाइं रूवाइं पासॆज्जा तहावि ताइं एवं वऎज्जा, तं जहा — ओयंसी ओयंसी ति वा, तेयंसी तेयंसी ति वा, वच्चंसी वच्चंसी ति वा, जसंसी जसंसी ति वा, अभिरूवं अभिरूवे ति वा, पडिरूवं पडिरूवे ति वा, पासाइयं पासइए ति वा, दरिसणिज्जं दरिसणीए ति वा, जे यावन्ने तहप्पगारा तहप्पगाराहिं भासाहिं बुइया-बुइया नो कुप्पन्ति माणवा ते यावि तहप्पगारा भासाहिं अभिकङ्ख भासॆज्जा."
1287,
1288,"से भिक्खू वा भिक्खुणी वा जहा वेगइयाइं रूवाइं पासॆज्जा, तं जहा — वप्पाणि वा [फलिहाणि वा पागाराणि वा तोरणाणि वा अग्गलाणि वा अग्गल पासगाणि वा गड्डाओ वा दरीओ वा कूडागाराणि वा पासादाणि वा नूमगिहाणि वा रुक्ख-गिहाणि वा पव्वय-गिहाणि वा रुक्खं वा चेइय-कडं थूभं वा चेइय-कडं आएसणाणि वा आयतणाणि वा देवकुलाणि वा सहाओ वा पवाओ वा पणिय-गिहाणि वा पणिय-सालाओ वा जाण-गिहाणि वा जाण सालाओ वा सुहा-कम्मन्ताणि वा दब्भ-कम्मन्ताणि वा बद्ध-कम्मन्ताणि वा वक्क कम्मन्ताणि वा वन-कम्मन्ताणि वा इङ्गाल-कम्मन्ताणि वा कट्ठ-कम्मन्ताणि वा सुसाण-कम्मन्ताणि वा सन्ति-कम्मन्ताणि वा गिरि-कम्मन्ताणि वा कन्दर-कम्मन्ताणि वा सेलोवट्ठाण-कम्मन्ताणि वा] भवनगिहाणि वा-तहावि ताइं नो एवं वऎज्जा, तं जहा — सुकडे ति वा सुट्ठुकडे ति वा साहुकडे ति वा कल्लाणे ति वा करणिज्जे ति वा — एयप्पगारं भासं सावज्जं जाव नो भासॆज्जा."
1289,
1290,"से भिक्खू वा भिक्खुणी वा जहा वेगइयाइं रूवाइं पासॆज्जा, तं जहा वप्पाणि वा जाव भवनगिहाणि वा — तहावि ताइं एवं वऎज्जा, तं जहा आरम्भकडे ति वा सावज्जकडे ति वा पयत्तकडे ति वा पासादियं पासादिए ति वा दरिसणीयं दरिसणीए ति वा अभिरूवं अभिरूवे ति वा पडिरूवं पडिरूवे ति वा — एयप्पगारं भासं असावज्जं जाव भासॆज्जा."
1291,
1292,"से भिक्खू वा भिक्खुणी वा असनं वा पानं वा खाइमं वा साइमं वा उवक्खडियं पेहाए तहावि तं नो एवं वऎज्जा तं जहा — सुकडे ति वा सुट्ठुकडे ति वा साहुकडे ति वा कल्लाणे ति वा करणिज्जे ति वा, एयप्पगारं भासं सावज्जं जाव नो भासॆज्जा."
1293,
1294,से भिक्खू वा भिक्खुणी वा असनं वा पानं वा खाइमं वा साइमं वा उवक्खडियं पेहाए एवं वऎज्जा — तं जहा — आरम्भकडे ति वा सावज्जकडे ति वा पयत्तकडे ति वा भद्दयं भद्दए ति वा ऊसढं ऊसढे ति वा रसियं रसिए ति वा मणुण्णं मणुण्णे ति वा — एयप्पगारं भासं असावज्जं जाव अभूतोवधाइयं अभिकङ्ख भासॆज्जा.
1295,
1296,से भिक्खू वा भिक्खुणी वा मणुस्सं वा गोणं वा महिसं वा मिगं वा पसुं वा पक्खिं वा सरीसिवं वा जलयरं वा से त्तं परिवूढकायं पेहाए नो एवं वऎज्जा — थूले ति वा पमेइले ति वा वट्टे ति वा वज्झे ति वा पाइमे ति वा — एयप्पगारं भासं सावज्जं जाव भूतोवघाइयं अभिकङ्ख नो भासॆज्जा.
1297,
1298,से भिक्खू वा भिक्खुणी वा मणुस्सं जाव जलयरं वा से त्तं परिवूढकायं पेहाए एवं वऎज्जा तं जहा — परिवूढकाए ति वा उवचियकाए ति वा थिरसङ्घयणे ति वा चियमंससोणिए ति वा बहुपडिपुन्नइन्दिए ति वा — एयप्पगारं भासं असावज्जं जाव अभूतोवघाइयं अभिकङ्ख भासेजा.
1299,
1300,"से भिक्खू वा भिक्खुणी वा विरूवरूवाओ गाओ पेहाए नो एवं वऎज्जा, तं जहा — गाओ दॊज्झाओ त्ति वा दम्मे त्ति वा गोरहे त्ति वा वाहिमा त्ति वा रहजॊग्गात्ति वा — एयप्पगारं भासं सावज्जं जाव भूतोवधाइयं अभिकङ्ख नो भासॆज्जा."
1301,
1302,से भिक्खू वा भिक्खुणी वा विरूवरूवाओ गाओ पेहाए एवं वऎज्जा तं जहा — जुवङ्गवे त्ति वा घेनु त्ति वा रसवती त्ति वा हस्से त्ति वा महल्लए त्ति वा महव्वए त्ति वा संवहणे त्ति वा — एयप्पगारं भासं असावज्जं जाव अभूतोवघाइयं अभिकङ्खे भासॆज्जा.
1303,
1304,"से भिक्खू वा भिक्खुणी वा तहेव गन्तुमुज्जाणाइं पव्वयाइं वनानि य रुक्खा महल्ला पेहाए नो एवं वऎज्जा तं जहा — पासायजॊग्गा ति वा गिहजॊग्गा ति वा तोरणजॊग्गा ति वा फलिहजॊग्गा ति वा अग्गल-नावा-उदग-दोणि-पीढ-चङ्गबेर-नङ्गल-कुलिय-जन्तलट्ठी-नाभि-गण्डी-आसण-सयण-जाण-उवस्सयजॊग्गा ति वा, एयप्पगारं भासं सावज्जं जाव भूतोवधाइयं अभिकङ्ख नो भासॆज्जा."
1305,
1306,"से भिक्खू वा भिक्खुणी वा तहेवं गन्तुभुज्जाणाइं पव्वायाणि वनानि य रुक्खा महल्ला पेहाए एवं वऎज्जा, तं जहा — जातिमन्ता ति वा दीहवट्टा ति वा महालया ति वा पयायसाला ति वा विडिमसाला ति वा पासाइया ति वा दरिसणीया ति वा अभिरूवा ति वा पडिरूवा ति वा — एयप्पगारं भासं असावज्जं जाव अभूतोवघाइयं अभिकङ्ख भासॆज्जा."
1307,
1308,"से भिक्खू वा भिक्खुणी वा बहुसम्भूया वनफला पेहाए तहावि ते नो एवं वऎज्जा, तं जहा — पक्का ति वा पायखज्जा ति वा वेलोचियाति वा टाला ति वा वेहिया ति वा, एयप्पगारं भासं सावज्जं जाव भूतोवघाइयं अभिकङ्ख नो भासॆज्जा."
1309,
1310,से भिक्खू वा भिक्खुणी वा बहुसम्भूया वनफला अम्बा पेहाए एवं वऎज्जा तं जहा — असन्थडा ति वा बहुनिवट्टिमफला ति वा बहुसम्भूया ति वा भूयरूवा ति वा — एयप्पगारं भासं असावज्जं जाव अभूतोवघाइयं अभिकङ्ख भासॆज्जा.
1311,
1312,से भिक्खू वा भिक्खुणी वा बहुसम्भूयाओ ओसहीओ पेहाए तहावि ताओ नो एवं वऎज्जा तं जहा — पक्का ति वा नोलिया ति वा छवीया ति वा लाइमा ति वा भज्जिमा ति वा बहुखज्जा ति वा-एयप्पगारं भासं सावज्जं जाव भूतोवघाइयं अभिकङ्ख नो भासॆज्जा.
1313,
1314,"से भिक्खू वा भिक्खुणी वा बहुसम्भूयाओ ओसहीओ पेहाए एवं वऎज्जा, तं जहा — रूढा ति वा बहुसम्भूया ति वा थिरा ति वा ऊसढा ति वा गब्भिया ति वा पसूया ति वा ससारा ति वा, एयप्पगारं भासं असावज्जं जाव अभूतोवधाइयं अभिकङ्ख भासॆज्जा."
1315,
1316,"से भिक्खू वा भिक्खुणी वा जहा वेगइयाइं सद्दाइं सुणॆज्जा तहावि ताइं नो एवं वऎज्जा, तं जहा — सुसद्दे ति वा दुसद्दे ति वा, एयप्पगारं भासं सावज्जं जाव नो भासॆज्जा."
1317,
1318,"से भिक्खू वा भिक्खुणी वा जहा वेगइयाइं सद्दाइं सुणॆज्जा ताइं एवं वऎज्जा, तं जहा — सुसद्दं सुसद्दे ति वा दुसद्दं दुसद्दे ति वा, एयप्पगारं भासं असावज्जं जाव भासॆज्जा."
1319,
1320,"एवं रूवाइं — कण्हे ति वा नीले ति वा लोहिए ति वा हालिद्दे ति वा, सुकिल्ले ति वा; गन्धाइं — सुब्भिगन्धे ति वा दुब्भिगन्धे ति वा; रसाइं — तित्ताणि वा कडुयाणि वा कसायाणि वा अम्बिलाणि वा महुराणि वा; फासाइं — कक्खडाणि वा मउयाणि वा गुरुयाणि वा लहुयाणि वा सीयाणि वा उसिणाणि वा निद्धाणि वा रुक्खाणि वा."
1321,
1322,से भिक्खू वा भिक्खुणी वा वन्ता कोहं च माणं च मायं च लोभं च अनुवीइ निट्ठाभासी निसम्मभासी अतुरियभासी विवेगभासी समियाए सञ्जए भासं भासॆज्जा. एयं खलु तस्स भिक्खुस्स वा० सामग्गियं जं सव्वट्ठेहिं समिए सहिए सया जऎज्जासि — त्तिबेमि.
1323,
1324,[पञ्चमं अज्झयणं – वत्थेसणा]
1325,
1326,"से भिक्खू वा भिक्खुणी वा अभिकङ्खॆज्जा वत्थं एसित्तए सॆज्जं पुण वत्थं जाणॆज्जा, तं जहा — जङ्गियं वा भङ्गियं वा साणयं वा पॊत्तगं वा खोमियं वा तूलकडं वा, तहप्पगारं वत्थं वा जे निग्गन्थे तरुणे जुगवं बलवं अप्पायङ्के थिरसङ्घयणे से एगं वत्थं धारॆज्जा, नो बितियं, जा निग्गन्थी सा चत्तारि सङ्घाडीओ धारॆज्जा, एगं दुहत्थवित्थारं दो तिहत्थवित्थाराओ एगं चउहत्थवित्थारं, तहप्पगारेहिं वत्थेहिं असङ्घिज्जमाणेहिं, अह पच्छा एगमेगं संसीवॆज्जा."
1327,
1328,से भिक्खू वा० परं अद्धजोयण-मेराए वत्थ-पडियाए नो अभिसङ्घारॆज्जा गमणाए.
1329,
1330,से भिक्खू वा भिक्खुणी वा सॆज्जं पुण वत्थं जाणॆज्जा — अस्सिम्पडियाए एगं साहम्मियं समुद्दिस्स पाणाइं जाव लाभे सन्ते नो पडिगाहॆज्जा. एवं बहवे साहम्मिया एगं साहम्मिणिं बहवे साहम्मिणीओ० तहेव पुरिसन्तरकडा जहा पिण्डेसणाए.
1331,
1332,से भिक्खू वा भिक्खूणी वा से ज्जं पुण वत्थं जाणॆज्जा--बहवे समण-माहण-अतिहि-किवण-वणीमए पगणिय-पगणिय समुद्दिस्स पाणाइं जाव तहप्पगारं वत्थं पुरिसन्तरकडं वा अपुरिसन्तरकडं वा बहिया नीहडं वा अनीहडं वा अत्तट्ठियं वा अणत्तट्ठियं वा परिभुत्तं वा अपरिभुत्तं वा आसेवियं वा अनासेवियं वा-अफासुय अनेसणिज्जं ति मन्नमाणे लाभे सन्ते नो पडिगाहॆज्जा.
1333,
1334,से भिक्खू वा भिक्खूणी वा सॆज्जं पुण वत्थं जाणॆज्जा-बहवे समण-जाव समुद्दिस्स पाणाइं जाव समारब्भ समुद्दिस्स कीयं जाव आहट्टु चेएइ तं तहप्पगारं वत्थ अपुरिसन्तरकड जाव अनेसणिज्जं ति मन्नमाणे लाभे सन्ते नो पडिगाहॆज्जा अह पुण एवं जाणॆज्जा-पुरिसन्तरकडं बहिया नीहडं जाव एसणिज्जं ति मन्नमाणे लाभे सन्ते पडिगाहॆज्जा.
1335,
1336,से भिक्खू वा भिक्खुणी वा से ज्जं पुण वत्थं जाणॆज्जा-असञ्जए भिक्खु-पडियाए कीयं वा धोयं वा रत्तं वा घट्ठं वा मट्ठं वा संमट्ठं वा सम्पधूमियं वा तहप्पगारं वत्थं अपुरिसन्तरकडं नो पडिगाहॆज्जा अह पुणेवं जाणॆज्जा-पुरिसन्तरकडं [बहिया नीहडं अत्तट्ठियं परिभुत्तं आसेवियं-फासुयं एसणिज्जं ति मन्नमाणे लाभे सन्ते] पडिगाहॆज्जा.
1337,
1338,"से भिक्खू वा भिक्खुणी वा से जाइं पुण वत्थाइं जाणॆज्जा विरूवरूवाइं महद्धणमोल्लाइं तं जहा — आजिनगाणि वा सहिणाणि वा सहिण-कल्लाणाणि वा आयकाणि वा कायाणि वा खोमियाणि वा दुगुल्लाणि वा पट्टाणि वा मलयाणि वा पन्नुन्नाणि वा अंसुयाणि वा चीणंसुयाणि वा देसरागाणि वा अभिलाणि वा गज्जलाणि वा फालियाणि वा कोयवाणि वा कम्बलगाणि वा पावाराणि वा, अन्नयराणि वा तहप्पगाराइं वत्थाइं महद्धणमोल्लाइं-[अफासुयाइं अनेसणिज्जाइं ति मन्नमाणे] लाभे सन्ते नो पडिगाहॆज्जा."
1339,
1340,"से भिक्खू वा से ज्जं पुण आईणपाउरणाणि वत्थाणि जाणॆज्जा, तं जहा — उद्दाणि वा पेसाणि वा पेसलाणि वा किण्हमिगाईणगाणि वा नीलमिगाईणगाणि वा गोरमिगाईणगाणि वा कनगाणि वा कनगकताणि वा कनगपट्टाणि वा कनगखइयाणि वा कनगफुसियाणि वा वग्घाणि वा विवग्घाणि वा आभारणाणि वा आभरणविचित्ताणि वा अन्नयराणि वा तहप्पगाराइं आईणपाउरणाणि वत्थाणि — अफासुयाइं अनेसणिज्जाइं ति मन्नमाणे लाभे सन्ते नो पडिगाहॆज्जा."
1341,
1342,"इच्चेइयाइं आयतणाइं उवाइकम्म अह भिक्खू जाणॆज्जा चउहिं पडिमाहिं वत्थं एसित्तए, तत्थ खलु इमा पढमा पडिमा — से भिक्खू वा भिक्खुणी वा उद्दिसिय-उद्दिसिय वत्थं जाऎज्जा तं जहा — जङ्गियं वा भङ्गियं वा साणयं वा पॊत्तयं वा खोमियं वा तूलकडं वा-तहप्पगारं वत्थं सयं वा णं जाऎज्जा परो वा से दॆज्जा फासुयं एसणिज्जं ति मन्नमाणे लाभे सन्ते पडिगाहॆज्जा — पढमा पडिमा."
1343,
1344,अहावरा दॊच्चा पडिमा से भिक्खू वा भिक्खुणी वा पेहाए वत्थं जाऎज्जा तं जहा — गाहावइं वा [गाहावइ-भारियं वा गाहावइ-भगिनिं वा गाहावइ-पुत्तं वा गाहावइं-धूयं वा सुण्हं वा धाइं वा दासं वा दासिं वा कम्मकरं वा] कम्मकरिं वा से पुव्वामेव आलोऎज्जा — आउसो त्ति वा भगिनि त्ति वा दाहिसि मे ऎत्तो अन्नतरं वत्थं तहप्पगारं वत्थं सयं वा णं जाऎज्जा परो वा से दॆज्जा-फासुयं [एसणिज्जं ति मन्नमाणे] लाभे सन्ते पडिगाहॆज्जा — दॊच्चा पडिमा.
1345,
1346,अहावरा तच्चा पडिमा से भिक्खू वा भिक्खुणी वा सॆज्जं पुण वत्थं जाणॆज्जा तं जहा — अन्तरिज्जगं वा उत्तरिज्जगं वा तहप्पगारं वत्थं सायं वा णं जाऎज्जा [परो वा से दॆज्जा फासुयं एसणिज्जं ति मन्नमाणे लाभे सन्ते] पडिगाहॆज्जा — तच्चा पडिमा.
1347,
1348,अहावरा चउत्था पडिमा-से भिक्खू वा भिक्खुणी वा उज्झिय-धम्मियं वत्थं जाऎज्जा जं च'न्ने बहवे समण-माहण-अतिहि-किवण-वणीमगा नावकङ्खन्ति तहप्पगारं उज्झिय-धम्मियं वत्थं सयं वा णं जाऎज्जा परो वा से दॆज्जा फासुयं जाव पडिगाहॆज्जा — चउत्था पडिमा.
1349,
1350,"इच्चेयाणं चउण्हं पडिमाणं [अन्नयरं पडिमं पडिवज्जमाणे नो एवं वऎज्जा मिच्छा पडिवन्ना खलु एते भयन्तारो अहमेगे सम्मं पडिवन्ने जे एते भयन्तारो एयाओ पडिमाओ पडिवज्जित्ताणं विहरन्ति, जो य अहमंसि एयं पडिमं पडिवज्जित्ताणं विहरामि सव्वे वे ते उ जिणाणाए उवट्ठिया अन्नोन्नसमाहीए एवं च णं विहरन्ति] सिया णं एयाए एसणाए एसमाणं परो वऎज्जा — आउसन्तो समणा! ऎज्जाहि तुमं मासेण वा दसराएण वा पञ्चराएण वा सुए वा सुयतरे वा तो ते वयं आउसो अन्नयरं वत्थं दाहामो, एयप्पगारं निग्घोसं सॊच्चा निसम्म से पुव्वामेव आलोऎज्जा — आउसो त्ति वा भइणि त्ति वा!, नो खलु मे कप्पइ एयप्पगारे सङ्गार-वयणे पडिसुणित्तए, अभिकङ्खसि मे दाउं इयाणिमेव दलयाहि, से सेवं वयन्तं परो वऎज्जा — आउसन्तो समणा अनुगच्छाहि तो ते वयं अन्नतरं वत्थं दाहामो से पुव्वामेव आलोऎज्जा — आउसो त्ति वा भइणि त्ति वा!, नो खलु मे कप्पइ एयप्पगारे सङ्गार-वयणे पडिसुणॆत्तए अभिकङ्खसि मे दाउं इयाणिमेव दलयाहि से सेवं वयन्तं परो णॆत्ता वदॆज्जा — आउसो त्ति वा भइणि त्ति वा!, आहरेयं वत्थं समणस्स दाहामो, अवियाइं वयं पच्छावि अप्पणो सयट्ठाए पाणाइं भूयाइं जीवाइं सत्ताइं समारब्भ समुद्दिस्स वत्थं चेइस्सामो, एयप्पगारं निग्घोसं सॊच्चा निसम्म तहप्पगारं वत्थं — अफासुयं अनेसणिज्जं ति मन्नमाणे लाभे सन्ते नो पडिगाहॆज्जा."
1351,
1352,सिया णं परो नॆत्ता वऎज्जा — आउसो त्ति वा भइणि त्ति वा आहरेयं वत्थं-सिणाणेण वा [कक्केण वा लॊद्धेण वा जाव पउमेण वा] आघंसित्ता वा पघंसित्ता वा समणस्स णं दासामो एयप्पगारं निग्धोसं सॊच्चा निसम्म से पुव्वामेव आलोऎज्जा-आउसो त्ति वा भइणि त्ति वा मा एयं तुमं वत्थं सिणाणेण वा जाव आघंसाहि वा पघंसाहि वा अभिकङ्खसि मे दाउं एमेव दलयाहि से सेवं वयन्तस्स परो सिणाणेण वा जाव आधंसित्ता वा पधंसित्ता वा दलऎज्जा तहप्पगारं वत्थं-अफासुयं जाव नो पडिगाहॆज्जा.
1353,
1354,"से णं परो नॆत्ता वऎज्जा — आउसो त्ति वा! भइणि त्ति वा आहरेयं वत्थं-सीओदग-वियडेण वा उसिणोदग-वियडेण वा उच्छोलॆत्ता वा पधोवॆत्ता वा समणस्स णं दाहामो, एयपग्गारं निग्घोसं सॊच्चा निसम्म से पुव्वामेव आलोऎज्जा — आउसो त्ति वा भइणि त्ति वा!, मा एयं तुमं वत्थं सिओदग-वियडेण वा उसिणोदग-वियडेण वा उच्छोलेहि वा पधोवेहि वा अभिकङ्खसि [मे दाउं एमेव दलयाहि, से सेवं वयन्तस्स परो सीओदग-वियडेण वा उसिणोदग-वियडेण वा उच्छोलॆत्ता वा पधोवॆत्ता वा दलऎज्जा तहप्पगारं वत्थं-अफासुयं अनेसणिज्जं ति मन्नमाणे लाभे सन्ते] नो पडिगाहॆज्जा."
1355,
1356,"से णं परो णॆत्ता वऎज्जा — आउसो त्ति वा भइणि त्ति वा!, आहरेयं वत्थं कन्दाणि वा [मूलाणि वा तयाणि वा पत्ताणि वा पुप्फाणि वा फलाणि वा बीयाणि वा] हरियाणि वा विसोहित्ता समणस्स णं दाहामो, एयप्पगारं निग्घोसं सॊच्चा निसम्म से पुव्वामेव आलोऎज्जा — आउसो एयप्पगारं निग्घोसं सॊच्चा निसम्म से पुव्वामेव आलोऎज्जा — आउसो त्ति वा भइणि त्ति वा!, मा एयं तुमं वत्थं सिओदग-वियडेण वा उसिणोदग-वियडेण वा उच्छोलेहि वा पधोवेहि वा अभिकङ्खसि [मे दाउं एमेव दलयाहि से सेवं वयन्तस्स परो सीओदग-वियडेण वा जाव लाभे सन्ते] नो पडिगाहॆज्जा."
1357,
1358,"से णं परो नॆत्ता वऎज्जा — आउसो त्ति वा भइणि त्ति वा!, आहरेयं वत्थं — कन्दाणि वा जाव हरियाणि वा विसोहित्ता समणस्स णं दाहामो एयप्पगारं निग्धोसं सॊच्चा निसम्म से पुव्वामेव आलोऎज्जा — आउसो त्ति वा भइणि त्ति वा!, मा एयाणि तुमं कन्दाणि वा जाव हरियाणि वा विसोहेहि नो खलु मे कप्पइ एयप्पगारे वत्थे पडिगाहित्तए से सेवं वयन्तस्स परो कन्दाणि वा जाव हरियाणि वा विसोहित्ता दलऎज्जा तहप्पगारं वत्थं अफासुयं जाव नो पडिगाहॆज्जा."
1359,
1360,"सिया से परो नॆत्ता वत्थं निसिरॆज्जा, से पुव्वामेव आलोऎज्जा — आउसो त्ति वा भइणि त्ति वा!, तुमं चेव णं सन्तियं वत्थं अन्तोअन्तेणं पडिलेहिस्सामि, केवली बूया आयाणमेयं — वत्थन्तेण उ बद्धे सिया कुण्डले वा गुणे वा मणी वा [मॊत्तिए वा हिरण्णे वा सुवण्णे वा कडगाणि वा तुडयाणि वा तिसरगाणि वा पालम्बाणि वा हारे वा अद्धहारे वा एगावली वा मुत्तावली वा कनगावली वा] रयणावली वा, पाणे वा बीए वा हरिए वा, अह भिक्खूणं पुव्वोवदिट्ठा [एस पइण्णा एस हेउ एस कारणं एस उवएसो] जं पुव्वामेव वत्थं अन्तोअन्तेण पडिलेहिज्जा."
1361,
1362,से भिक्खू वा भिक्खुणी वा सॆज्जं पुण वत्थं जाणॆज्जा — सअण्डं [सपानं सबीयं सहरियं सउसं सउदयं सउत्तिङ्ग — पणग — दग-मट्टिय-मक्कडा] सन्ताणगं तहप्पगारं वत्थं — अफासुय [अनेसणिज्जं ति मन्नमाणे लाभे सन्ते] नो पडिगाहॆज्जा.
1363,
1364,से भिक्खू वा भिक्खुणी वा सॆज्जं पुण वत्थं जाणॆज्जा अप्पण्डं [अप्पपानं अप्पबीयं अप्पहरियं अप्पोसं अप्पुदयं अप्पुत्तिङ्ग-पणग-दग-मट्टिय-मक्कडा] सन्ताणगं अनलं अथिरं अधुवं अधारणिज्जं रोइज्जन्तं न रुच्चइ तहप्पगारं वत्थं अफासुयं जाव नो पडिगाहॆज्जा.
1365,
1366,से भिक्खू वा भिक्खुणी वा सॆज्जं पुण वत्थं जाणॆज्जा अप्पण्डं जाव सन्ताणगं अलं थिरं धुवं धारणिज्जं रोइज्जन्तं रुच्चइ तहप्पगारं वत्थं फासुयं [एसणिज्जं ति मन्नमाणे लाभे सन्ते] पडिगाहॆज्जा.
1367,
1368,से भिक्खू वा भिक्खुणी वा नो नवए मे वत्थे त्ति कट्टु नो बहुदेसिएण सीणाणेण वा जाव आघंसॆज्ज वा पघंसॆज्ज वा. से भिक्खू वा भिक्खुणी वा नो नवए मे वत्थे त्ति कट्टु नो बहुदेसिएण सीओदग-वियडेण वा जाव पधोऎज्ज वा.
1369,
1370,"से भिक्खू वा भिक्खुणी वा दुब्भिगन्धे मे वत्थे त्ति कट्टु नो बहुदेसिएण सिणाणेण वा जाव आघंसॆज्ज वा, पघंसॆज्ज वा. से भिक्खू वा भिक्खुणी वा दुब्भिगन्धे मे वत्थे त्ति कट्टु नो बहुदेसिएण सीओदग-वियडेण जाव पधोऎज्ज वा]."
1371,
1372,से भिक्खू वा भिक्खुणी वा अभिकङ्खॆज्जा वत्थं आयावॆत्तए वा पयावॆत्तए वा तहप्पगारं वत्थं नो अनन्तरहियाए पुढवीए नो ससणिद्धाए पुढवीए नो ससरक्खाए पुढवीए नो चित्तमन्ताए सिलाए नो चित्तमन्ताए लेलुए कोलावासंसि वा दारुए जीवपइट्ठिए सअण्डे सपाणे सबीए सहरिए सउसे सउदए सउत्तिङ्ग-पणग-दग-मट्टिय-मक्कडा सन्ताणए आयावॆज्ज वा पयावॆज्ज वा.
1373,
1374,से भिक्खू वा भिक्खुणी वा अभिकङ्खॆज्जा वत्थं आयावॆत्तए वा पयावॆत्ताए वा तहप्पगारं वत्थं थूणंसि वा गिहेलुगंसि वा उसुयालंसि वा कामजलंसि वा अन्नयरे वा तहप्पगारे अन्तलिक्खजाए दुब्बद्धे दुन्निक्खित्ते अनिकम्पे चलाचले नो आयावॆज्जा वा नो पयावॆज्जा वा.
1375,
1376,से भिक्खू वा भिक्खुणी वा अभिकङ्खॆज्जा वत्थं आयावॆत्तए वा पयावॆत्तए वा तहप्पगारं वत्थं कुलियंसि वा भित्तिंसि वा सिलंसि वा लेलुंसि वा अन्नतरे वा तहप्पगारे अन्तलिक्खजाए दुब्बद्धे दुन्निक्खित्ते अनिकम्पे चलाचले नो आयावॆज्ज वा नो पयावॆज्ज वा.
1377,
1378,से भिक्खू वा भिक्खुणी वा अभिकङ्खॆज्जा वत्थं आयावॆत्तए वा पयावॆत्तए वा तहप्पगारं वत्थं खन्धंसि वा मञ्चंसि वा मालंसि वा पासायंसि वा हम्मियतलंसि वा अन्नयरे वा तहप्पगारे अन्तलिक्खजाए जाव नो आयावॆज्ज वा नो पयावॆज्ज वा.
1379,
1380,"से तमादाए एगतमवक्कमॆज्जा एगन्तमवक्कमॆत्ता अहे झामथण्डिलंसि वा अट्ठिरासिंसि किट्टरासिंसि वा तुसरासिंसि वा गोमयरासिंसि वा अन्नयरंसि वा तहप्पगारंसि थण्डिलंसि पडिलेहिय-पडिलेहिय पमज्जिय पमज्जिय तओ सञ्जयामेव वत्थं आयावॆज्ज वा पयावॆज्ज वा, एयं खलु तस्स भिक्खुस्स वा भिक्खुणीए वा सामग्गियं जं सव्वट्ठेहिं समिए सहिए सया जऎज्जासि, त्तिबेमि."
1381,
1382,से भिक्खू वा भिक्खुणी वा अहेसणिज्जाइं वत्थाइं जाऎज्जा अहापरिग्गहियाइं वत्थाइं धारॆज्जा नो धोऎज्जा नो रऎज्जा नो धोयरत्ताइं वत्थाइं धारॆज्जा अपलिउञ्चमाणे गामन्तरेसु० ओमचेलिए एयं खलु वत्थधारिस्स सामग्गियं.
1383,
1384,से भिक्खु वा भिक्खुणी वा गाहावइ-कुलं पिण्डवाय-पडियाए पविसिउकामे सव्वं चीवरमायाए गाहावइ-कुलं पिण्डवाय-पडियाए निक्खमॆज्ज वा पविसॆज्ज वा०.
1385,
1386,से भिक्खू वा भिक्खुणी वा बहिया वियार-भूमि वा विहार-भूमिं वा निक्खममाणे वा पविसमाणे वा सव्वं चीवरमायाए बहिया वियार-भूमिं वा विहारभूमिं वा निक्खमॆज्ज वा पविसॆज्ज वा०.
1387,
1388,से भिक्खू वा० गामाणुगामं दूइज्जमाणे सव्वं चीवरमायाए गामाणुगामं दूइज्जॆज्जा अह पुणेवं जाणॆज्जा — तिव्वदेसियं वा वासं वासमाणं पेहाए तिव्वदेसियं वा महियं सन्निवयमाणिं पेहाए महावाएण वा रयं समुद्घुयं पेहाए तिरिच्छं सम्पाइमा वा तसा-पाणा सन्थडा सन्निवयमाणा पेहाए से एवं नच्चा नो सव्वं चीवरमायाए गाहावइ-कुलं पिण्डवाय-पडियाए निक्खमॆज्ज वा पविसॆज्ज वा बहिया वियार-भूमिं वा विहार-भूमिं वा निक्खमॆज्ज वा पविसॆज्ज वा गामाणुगामं वा दूइज्जॆज्जा.
1389,
1390,"से भिक्खू वा भिक्खुणी वा एगइओ मुहुत्तगं-मुहुत्तगं पाडिहारियं वत्थं जाऎज्जा जाव एगाहेण वा दुयाहेण वा तियाहेण वा चउयाहेण वा पञ्चाहेण वा विप्पवसिय-विप्पवसिय उवागच्छॆज्जा, नो तहप्पगारं वत्थं अप्पणा गिण्हॆज्जा नो अन्नमन्नस्स दॆज्जा, नो पामिच्चं कुज्जा, नो वत्थेण वत्थ-परिणामं करॆज्जा, नो परं उवसङ्कमित्तु एवं वदॆज्जा — आउसन्तो समणा! अभिकङ्खसि वत्थं धारॆत्तए वा परिहरित्तए वा थिरं वा णं सन्तं नो पलिच्छिन्दिय-पलिच्छिन्दिय परिट्ठवॆज्जा, तहप्पगारं वत्थं ससाङ्घियं तस्स चेव निसिरॆज्जा नो णं साइज्जॆज्जा."
1391,
1392,"से एगइओ एयप्पगारं निग्घोसं सॊच्चा निसम्म जे भयन्तारो तहप्पगाराणि वत्थाणि संसधियाणि मुहुत्तगं-मुहुत्तगं जाइत्ता एगाहेण वा दुयाहेण वा तियाहेण वा चउयाहेण वा पञ्चाहेण वा विप्पवसिय-विप्पवसिय उवागच्छन्ति तहप्पगाराणि वत्थाणि नो अप्पणा गिण्हन्ति नो अन्नमन्नस्स दलयन्ति नो अनुवयन्ति नो पामिच्चं करेन्ति नो वत्थेण वत्थ-परिणामं करेन्ति नो परं उवसङ्कमित्तुं एवं वदेन्ति — आउसन्तो समणा अभिकङ्खसि वत्थं धारॆत्तए वा परिहरॆत्तए वा थिरं वा णं सन्तं नो पलिच्छिन्दिय-पलिच्छिन्दिय परिट्ठवेन्ति तहप्पगाराणि वत्थाणि ससन्धियाणि तस्स चेव निसिरेतिं नो णं सातिज्जति, से हन्ता अहमवि मुहुत्तगं पाडिहारियं वत्थं जाइत्ता एगाहेण वा दुयाहेण वा जाव पञ्चाहेण वा विप्पवसिय-विप्पवसिय उवागच्छिस्सामि, अवियाइं एयं ममेव सिया, माइट्ठाणं सम्फासे, नो एवं करॆज्जा."
1393,
1394,"से भिक्खू वा भिक्खुणी वा नो वण्णमन्ताइं वत्थाइं विवण्णाइं करॆज्जा विवण्णाइं नो वण्णमन्ताइं करॆज्जा, अन्नं वा वत्थं लभिस्सामि त्ति कट्टु नो अन्नमन्नस्स दॆज्जा, नो पामिच्चं कुज्जा, नो वत्थेण वत्थ-परिणामं करॆज्जा नो परं उवसङ्कमित्तु एवं वदॆज्जा — आउसन्तो समणा! समभिकङ्खसि मे वत्थं धारॆत्तए वा परिहरॆत्तए वा? थिरं वा णं सन्तं नो पलिच्छन्दिय-पलिच्छिन्दिय परिट्ठवॆज्जा, जहा चेयं वत्थं पावगं परो मन्नइ, परं च णं अदत्तहारिं पडिपहे पेहाए तस्स वत्थस्स निदाणाए नो तेसिं भीओ उम्मग्गेणं गच्छॆज्जा, नो मग्गाओ मग्गं सङ्कमॆज्जा, नो गहनं वा वनं वा दुग्गं वा अनुपविसॆज्जा, नो रुक्खंसि दुरुहॆज्जा, नो महइमहालयंसि उदयंसि कायं विउसॆज्जा, नो वाडं वा सरणं वा सेणं वा सत्थं वा कङ्खॆज्जा अप्पुस्सुए अबहिलॆस्से एगन्तगएणं अप्पाणं वियोसॆज्ज समाहीए तओ सञ्जयामेव गामाणुगामं दूइज्जॆज्जा."
1395,
1396,"से भिक्खू वा भिक्खुणी वा गामाणुगामं दूइज्जमाणे अन्तरा से विहं सिया, सॆज्जं पुण विहं जाणॆज्जा — इमंसि खलु विहंसि बहवे आमोसगा वत्थ-पडियाए सम्पिडिया गच्छॆज्जा, नो तेसिं भीओ उम्मग्गेणं गच्छॆज्जा जाव गामाणुगामं दूइज्जॆज्जा."
1397,
1398,"से भिक्खू वा भिक्खुणी वा गामाणुगामं दूइज्जमाणे अन्तरा से आमोसगा सम्पिडिया गच्छॆज्जा, ते णं आमोसगा एवं वदॆज्जा — आउसन्तो समणा! आहरेयं वत्थं देहि निक्खिवाहि तं नो दॆज्जा नो निक्खिवॆज्जा नो वन्दिय वन्दिय जाऎज्जा नो अञ्जलिं कट्टु जाऎज्जा नो कलुण-पडियाए जाऎज्जा धम्मियाए जायणाए जाऎज्जा तुसिणीय-भावेण वा उवेहॆज्जा ते णं आमोसगा सयं करणिज्जं ति कट्टु अक्कोसन्ति वा बन्धन्ति वा रुम्भन्ति वा उद्दवन्ति वा वत्थं अच्छिन्दॆज्ज वा अवहरॆज्ज वा परिभवॆज्ज वा, तं नो गाम संसारियं कुज्जा नो रायसंसारियं कुज्जा नो परं उवसङ्कमित्तु बूया आउसन्तो गाहावइ एए खलु आमोसगा वत्थ-पडियाए सयं करणिज्जं ति कट्टु अक्कोसन्ति वा बन्धन्ति वा रुम्भति वा उद्दवन्ति वा वत्थं अच्छिन्देन्ति वा अवहरेन्ति वा परिभवेन्ति वा, एयप्पगारं मणं वा वइं वा नो पुरओ कट्टु विहरॆज्जा अप्पुस्सुए अबहिलॆस्से एगन्तगएणं अप्पाणं वियोसॆज्ज समाहीए तओ सञ्जयामेव गामाणुगामं दूइज्जॆज्जा, एयं खलु तस्स भिक्खुस्स वा भिक्खुणीए वा सामग्गियं जं सव्वॆट्ठेहिं समिए सहिए सया जऎज्जासि, त्तिबेमि."
1399,
1400,[छट्ठं अज्झयणं – पाएसणा]
1401,
1402,"से भिक्खू वा भिक्खुणी वा अभिकङ्खॆज्जा पायं एसित्तए, से ज्जं पुण पायं जाणॆज्जा, तं जहा — अलाउपायं वा दारुपायं वा मट्टियापायं वा — तहप्पगारं पायं जे निग्गन्थे तरुणे जुगवं बलवं अप्पायङ्के थिरसङ्घयणे से एगं पायं धारॆज्जा नो बीयं."
1403,
1404,से भिक्खू वा० परं अद्धजोयण-मेराए पाय-पडियाए नो अभिसङ्घारॆज्जा गमणाए.
1405,
1406,से भिक्खू वा भिक्खुणी वा सॆज्जं पुण पायं जाणॆज्जा-अस्सिम्पडियाए एगं साहाम्मियं समुद्दिस्स पाणाइं भूयाइं जीवाइं सत्ताइं समारब्भ समुद्दिस्स कीयं पामिच्चं अच्चॆज्जं अनिसट्ठं अभिहडं आहट्टु चेएति तं तहप्पगारं पायं पुरिसन्तरकडं वा अपुरिसन्तरकडं वा बहिया नीहडं वा अनीहडं वा अत्तट्ठियं वा अणत्तट्ठियं वा परिभुत्तं वा अपरिभुत्तं वा आसेवियं वा अनासेवियं वा — अफासुयं अनेसणिज्जं ति मन्नमाणे लाभे सन्ते नो पडिगाहॆज्जा. जहा पिण्डेसणाए [तहा] चत्तारि आलावगा [भाणियव्वा] पञ्चमे बहवे समण० पगणिय पगणिय तहेव.
1407,
1408,से भिक्खू वा भिक्खुणी वा सॆज्जं पुण पायं जाणॆज्जा-अस्सञ्जए भिक्खु-पडियाए कीयं वा धोयं वा रत्तं वा घट्ठं वा मट्ठं वा संमट्ठं वा सम्पधूमियं वा-तहप्पगारं पायं अपुरिसन्तरकडं अबहिया नीहडं अणत्तट्ठयं अपरिभुत्तं अनासेवियं — अफासुयं अनेसणिज्जं ति मन्नमाणे लाभे सन्ते नो पडिगाहॆज्जा अह पुण एवं जाणॆज्जा-पुरिसन्तरकडं बहिया नीहडं अत्तट्ठियं परिभुत्तं आसेवियं-फासुयं एसणिज्जं ति मन्नमाणे लाभे सन्ते पडिगाहॆज्जा.
1409,
1410,"से भिक्खू वा भिक्खुणी वा सॆज्जाइं पुण पायाइं जाणॆज्जा विरूवरूवाइं महद्धणमुल्लाइं, तं जहा — अय-पायाणि वा तउ-पायाणि वा तम्ब-पायाणि वा सीसग-पायाणि वा हिरण्ण-पायाणि वा सुवण्ण-पायाणि वा रीरिय-पायाणि वा हारपुड-पायाणि वा मणि-कायं-कंस-पायाणि वा सङ्ख-सिङ्ग-पायाणि वा दन्त-चेल-सेल-पायाणि वा चम्म-पायाणि वा-अन्नयराइं वा तहप्पगाराइं विरूवरूवाइं महद्धणमुल्लाइं पायाइं — अफासुयाइं अनेसणिज्जाइं ति मन्नमाणे लाभे सन्ते नो पडिगाहॆज्जा."
1411,
1412,"से भिक्खू वा भिक्खुणी वा सॆज्जाइं पुण पायाइं जाणिज्जा विरूवरूवाइं महद्धणधणाइं तं जहा — अयबन्धणाणि वा जाव चम्मबन्धणाणि वा, अन्नयराइं वा तहप्पगाराइं महद्धणबन्धणाइं — अफासुयं अनेसणिज्जाइं ति मन्नमाणे लाभे सन्ते नो पडिगाहॆज्जा. इच्चेयाइं आयतणाइं उवातिकम्म अह भिक्खू जाणॆज्जा चउहिं पडिमाहिं पायं एसित्तए तत्थ खलु इमा पढमा पडिमा — से भिक्खू वा भिक्खुणी वा उद्दिसिय-उद्दिसिय पायं जाऎज्जा तं जहा — अलाउय-पायं वा दारु-पायं वा मट्टिया-पायं वा तहप्पगारं पायं सयं वा णं जाऎज्जा जाव पडिगाहॆज्जा — पढमा पडिमा."
1413,
1414,"अहावरा दॊच्चा पडिमा — से भिक्खू वा भिक्खुणी वा पेहाए पायं जाऎज्जा तं जहा — गाहावइं वा गाहावइं-भारियं वा गाहावइ-भगिनिं वा गाहावइ-पुत्तं वा गाहावइ-धूयं वा सुण्हं वा धाइं वा दासं वा दासिं वा कम्मकरं वा कम्मकरिं वा, से पुव्वामेव आलोऎज्जा आउसो त्ति वा भइणि त्ति वा, दाहिसि मे ऎत्तो अन्नयरे पायं तं जहा — लाउय-पायं वा दारु-पायं वा मट्टिया-पायं वा तहप्पगारं पायं सयं वा णं जाऎज्जा परो वा से दॆज्जा — फासुयं एसणिज्जं ति मन्नमाणे लाभे सन्ते पडिगाहॆज्जा — दॊच्चा पडिमा."
1415,
1416,अहावरा तच्चा पडिमा — से भिक्खू वा भिक्खुणी वा सॆज्जं पुण पायं जाणॆज्जा सङ्गतियं वा वेजयन्तियं वा-तहप्पगारं पायं सयं वा णं जाऎज्जा जाव पडिगाहॆज्जा — तच्चा पडिमा.
1417,
1418,अहावरा चउत्था पडिमा — से भिक्खू वा भिक्खुणी वा उज्झिय-धम्मियं पायं जाऎज्जा जं च'न्ने बहवे समण-माहण-अतिहि-किवण-वणीमगा नावकङ्खन्ति तहप्पगारं उज्झिय-धम्मियं पायं सयं वा णं जाऎज्जा जाव पडिगाहॆज्जा — चउत्था पडिमा.
1419,
1420,इच्चेयाणं चउण्हं पडिमाणं अन्नयरं पडिमं पडिवज्जमाणे नो एवं वऎज्जा मिच्छा पडिवन्ना खलु एते भयन्तारो अहमेगे सम्मं पडिवन्ने जे एते भयन्तारो एयाओ पडिमाओ पडिवज्जित्ताणं विहरन्ति जो य अहमंसि एयं पडिमं पडिवज्जित्ताणं विहरामि सव्वे वे ते उ जिणाणाए उवट्ठिया अन्नोन्नसमाहीए एवं च णं विहरन्ति.
1421,
1422,से णं एताए एसणाए एसमाणं परो पासित्ता वऎज्जा — आउसन्तो समणा ऎज्जासि तुमं मासेण वा दसराएण वा पञ्चराएण वा सुए वा सुयतरे वा तो ते वयं आउसो अन्नयरं पायं दाहामो एयप्पगारं निग्धोसं सॊच्चा निसम्म से पुव्वामेव आलोऎज्जा — आउसो त्ति वा भइणि त्ति वा नो खलु मे कप्पइ एयप्पगारे सङ्गार-वयणे पडिसुणित्तए अभिकङ्खसि मे दाउं इयाणिमेव दलयाहि से सेवं वयन्तं परो वऎज्जा आउसन्तो समणा अनुगच्छाहि तो ते वयं अन्नतरं पायं दाहामो से पुव्वामेव आलोऎज्जा-आउसो त्ति वा भइणि त्ति वा नो खलु मे कप्पइ एयप्पगारे सङ्गार-वयणे पडिसुणॆत्तए अभिकङ्खसि मे दाउं इयाणिमेव दलयाहि से सेवं वयन्तं परो नॆत्ता वदॆज्जा — आउसो त्ति वा भइणि त्ति वा आहरेयं पायं समणस्स दाहामो अवियाइं वयं पच्छावि अप्पणो सयट्ठाएए पाणाइं भूयाइं जीवाइं सत्ताइं समारब्भ समुद्दिस्स पायं चेइस्सामो एयप्पगारं निग्धोसं सॊच्चा निसम्म तहप्पगारं पायं-अफासुयं जाव नो पडिगाहॆज्जा.
1423,
1424,से णं परो नॆत्ता वऎज्जा — आउसो त्ति वा भइणि त्ति वा आहरेयं पायं तेल्लेण वा घएण वा नवनीएण वा वसाए वा अब्भङ्गॆत्ता वा तहेव सिणाणादि तहेव सीओदगाई कन्दाइ तहेव.
1425,
1426,"से णं परो नॆत्ता वऎज्जा — आउसन्तो समणा! मुहुत्तगं-मुहुत्तगं अच्छाहि जाव ताव अम्हे असनं वा पानं वा खाइमं वा साइमं वा उवकरेसुं वा उवक्खडॆंसु वा, तो ते वयं आउसो! सपानं सभोयणं पडिग्गहगं दाहामो, तुच्छए पडिग्गहए दिन्ने समणस्स नो सुट्ठु साहु भवइ, से पुव्वामेव आलोऎज्जा — आउसो त्ति वा भइणि त्ति वा, नो खलु मे कप्पइ आहाकम्मिए असणे वा पाणे वा खाइमे वा साइमे वा भॊत्तए वा पायए वा मा उवकरेहि मा उवक्खडेहि अभिकङ्खसि मे दाउं एमेव दलयाहि, से सेवं वयन्तस्स परो असनं वा० उवकरॆत्ता उवक्खडॆत्ता सपानगं सभोयणं पडिग्गहगं दलऎज्जा तहप्पगारं पडिग्गहगं अफासुयं अनेसणिज्जं ति मन्नमाणे लाभे सन्ते नो पडिगाहॆज्जा."
1427,
1428,"सिया से परो नॆत्ता पडिग्गहं निसिरॆज्जा से पुव्वामेवं आलोऎज्जा — आउसो त्ति वा भइणि त्ति वा, तुमं चेव णं सन्तियं पडिग्गहगं अन्तोअन्तेणं पडिलेहिस्सामि, केवली बूया आयाणमेय — अन्तो पडिग्गहंसि पाणाणि वा बीयाणि वा हरियाणि वा, अह भिक्खूणं पुव्वोवदिट्ठा एस पइण्णा एस हेऊ एस कारणं एस उवएसो जं पुव्वामेव पडिग्गहगं अन्तोअन्तेणं पडिलेहिज्जा. सअण्डाइं सव्वे आलावगा भाणियव्वा जहा वत्थेसणाए, नाणत्तं तिल्लेण वा घयं वा नवनीएण वा वसाए वा सिणाणादि जाव अन्नयरंसि वा तहप्पगारं थण्डिलंसि, पडिलेहिय पडिलेहिय पमज्जिय पमज्जिय तओ० सञ्जयामेव आमज्जिज्जा."
1429,
1430,एयं खलु तस्स भिक्खुस्स वा भिक्खुणीए वा सामग्गियं जं सव्वट्ठेहिं समिए सहिए सया जऎज्जासि — त्तिबेमि.
1431,
1432,से भिक्खू वा भिक्खुणी वा गाहावइ-कुलं पिण्डवाय-पडियाए पविट्ठे समाणे पुव्वामेव पेहाए पडिग्गहगं अवहट्टु पाणे पमज्जियं रयं ततो सञ्जयामेव गाहावइ-कुलं पिण्डवाय-पडियाए निक्खमॆज्ज वा पविसॆज्ज वा केवली बूया आयाणमेयं — अन्तो पडिग्गहगंसि पाणे वा बीए वा हरिए वा परियावज्जॆज्जा० अह भिक्खूणं पुव्वोवदिट्ठा एस पइण्णा एस हेऊ एस कारणं एस उवएसो जं पुव्वामेव पेहाए पडिग्गहं अवहट्टु पाणे पमज्जियं रयं तओ सञ्जयामेव गाहावइ-कुलं पिण्डवाय-पडियाए पविसॆज्ज वा निक्खमॆज्ज वा.
1433,
1434,"से भिक्खू वा० [गाहावइ-कुलं पिण्डवाय-पण्डियाए अनुपविट्ठे] समाणे सिया से परो आहट्टु अन्तो पडिग्गहगंसि सीओदगं परिभाऎत्ता नीहट्टु दलऎज्जा तहप्पगारं पडिग्गहगं परहत्थंसि वा परपायंसि वा — अफासुयं जाव नो पडिगाहॆज्जा, से य आहच्च पडिग्गहिए सिया खिप्पामेव उदगंसि साहरॆज्जा० से पडिग्गहमायाए पानं परिट्ठवॆज्जा ससणिद्धाए वा णं भूमीए नियमॆज्जा."
1435,
1436,से भिक्खू वा भिक्खुणी वा उदउल्लं वा ससणिद्धं वा पडिग्गहं नो आमज्जॆज्ज वा [पमज्जॆज्ज वा निलिहॆज्ज वा उव्वलॆज्ज वा उवट्टॆज्ज वा आयावॆज्ज वा पयावॆज्ज वा अह पुण एवं जाणॆज्जा — विगतोदए मे पडिग्गहए छिन्न-सिनेहे मे पडिग्गहए तहप्पगारं पडिग्गहं तओ सञ्जयामेव आमज्जॆज्ज वा पयावॆज्ज वा.
1437,
1438,से भिक्खू वा भिक्खुणी वा गाहावइ-कुलं पिण्डवाय-पडियाए पविसिउकामे सपडिग्गहमायाए गाहावइ-कुलं पिण्डवाय-पडियाए पविसॆज्ज वा निक्खमॆज्ज वा. एवं बहिया वियार भूमिं विहारभूमिं वा गामा दूइज्जॆज्जा० तिव्वदेसीयाए जहा बिइयाए वत्थेसणाए नवरं इत्थ पडिग्गहे.
1439,
1440,एयं खलु तस्स भिक्खुस्स वा भिक्खुणीए वा सामग्गियं जं सव्वट्ठेहि समिए सहिए सया जऎज्जासि — त्ति बेमि.
1441,
1442,[सत्तमं अज्झयणं – ऒग्गहपडिमा]
1443,
1444,"समणे भविस्सामि अनगारे अकिञ्चणे अपुत्ते अपसू परदत्तभोइ पावं कम्मं नो करिस्सामि त्ति समुट्ठाए सव्वं भन्ते! अदिन्नादाणं पच्चक्खामि, से अनुपविसित्ता गामं वा नगरं वा खेडं वा [कब्बडं वा मडम्बं वा पट्टणं वा दोणमुहं वा आगरं वा निगमं वा आसमं वा सन्निवेसं वा रायहाणिं वा] — नेव सयं अदिन्नं गिण्हॆज्जा नेव'न्नेणं अदिन्नं गिण्हावॆज्जा नेव'न्नं अदिन्न गिण्हन्ते वि समणुजाणॆज्जा, जेहिं वि सद्धिं सम्पव्वइए तेसिं पि याइं भिक्खू छत्तयं वा मत्तयं वा दण्डगं वा जाव चम्मछेदणगं वा — तेसिं पुव्वामेव ऒग्गहं अणणुण्णविय अपडिलेहिय अपमज्जिय नो गिण्हॆज्ज वा पगिण्हॆज्ज वा तेसिं पुव्वामेव ऒग्गहं अणुण्णविय पडिलेहिय पमज्जिय तओ सञ्जयामेव ओगिण्हॆज्ज वा पगण्हॆज्ज वा."
1445,
1446,"से भिक्खु वा भिक्खुणी वा० आगन्तारेसु वा आरामागारेसु वा गाहावइ-कुलेसु वा परियावसहेसु वा अनुवीइ ऒग्गहं जाऎज्जा० जे तत्थ ईसरे जे तत्थ समहिट्ठाए ते ऒग्गहं अणुण्णवॆज्जा कामं खलु आउसो० अहालन्दं अहापरिण्णातं वसामो जाव आउसो! जाव आउसन्तस्स ऒग्गहे जाव साहम्मिया ऎत्ता ताव ऒग्गहं ओगिण्हिस्सामो तेण परं विहरिस्सामो? से किं पुण? तत्थॊग्गहंसि एवॊग्गहियंसि जे तत्थ साहम्मिया सम्भोइया समणुण्णा उवागच्छॆज्जा जे तेण सयमेसियाए असणे वा पाणे वा खाइमे वा साइमे वा तेण ते साहम्मिया सम्भोइया समणुण्णा उवनिमन्तॆज्जा, नो चेव णं पर-पडियाए उगिज्झिय-उगिज्झिय उवनिमन्तॆज्जा."
1447,
1448,"से आगन्तारेसु वा जाव वसामो जाव आउसो जाव आउसन्तस्स ऒग्गहे जाव साहम्मिया ऎत्ता ताव ऒग्गहं ओगिण्हिसामो तेण परं विहरिस्सामो से किं पुण? तत्थॊग्गहंसि एवॊग्गहियंसि जे तत्थ साहम्मिया अन्नसम्भोइया समणुण्णा उवागच्छॆज्जा जे तेणं सयमेसियाए पीढे वा फलए वा सिज्जा वा सन्थारए वा तेण ते साहम्मिए अन्नसम्भोइए समणुण्णे उवनिमन्तॆज्जा, नो चेव णं पर-वडियाए उगिज्झिय-उगिज्झिय उवनिमन्तॆज्जा."
1449,
1450,"से आगन्तारेसु वा जाव से किं पुण? तत्थॊग्गहंसि एवॊग्गहियंसि जे तत्थ गाहावईण वा गाहावइपुत्ताण वा० सूई वा पिप्पलए वा कण्णसोहणए वा नहच्छेयए वा तं अप्पणो एगस्स अट्ठाए पाडिहारियं जाइत्ता नो अन्नमन्नस्स दॆज्ज वा अनुपदॆज्ज वा, सयं करणिज्जं ति कट्टु से तमादाए तत्थ गच्छॆज्जा गच्छत्ता पुव्वामेव उताणए हत्थे कट्टु भूमीए वा ठवॆत्ता इमं खलु त्ति आलोऎज्जा, नो चेव णं सयं पाणिणा परपाणिंसि पच्चप्पिणॆज्जा."
1451,
1452,से भिक्खू वा भिक्खुणी वा सॆज्जं पुण ऒग्गहं जाणिज्जा — अनन्तरहियाए पुढवीए ससणिद्धाए पुढवीए ससरक्खाए पुढवीए चित्तमन्ताए सिलाए चित्तमन्ताए लेलुए कोलावासंसि वा दारुए जीवपइट्ठिए सअण्डे सपाणे सबीए सहरिए सउसे सउदए सउत्तिङ्ग-पणग-दग-मट्टिय-मक्कडा सन्ताणए तहप्पगारं ऒग्गहं नो ओगिण्हॆज्ज वा पगिण्हॆज्ज वा.
1453,
1454,से भिक्खू वा भिक्खुणी वा सॆज्जं पुणं ऒग्गहं जाणिज्जा थूणंसि वा गिहेलुगंसि वा उसुयालंसि वा कामजलंसि वा अन्नयरे वा तहप्पगारे अन्तलिक्खजाए दुब्बद्धे [दुन्निक्खित्ते अनिकम्पे चलाचले] नो ऒग्गहं ओगिण्हॆज्ज पगिण्हॆज्ज वा.
1455,
1456,से भिक्खू वा भिक्खुणी वा सॆज्जं पुण ऒग्गहं जाणॆज्जा कुलियंसि वा भित्तिंसि वा सिलंसि वा लेलुंसि वा अन्नयरे वा तहप्पगारे अन्तलिक्खजाए दुब्बद्धे दुन्निक्खित्ते अनिकम्पे चलाचले नो ऒग्गहं ओगिण्हॆज्ज वा पगिण्हॆज्जा वा.
1457,
1458,से भिक्खू वा भिक्खुणी वा सॆज्जं पुण ऒग्गहं जाणॆज्जा-खन्धंसि वा मञ्चंसि वा मालंसि वा पासायंसि वा हम्मियतलंसि वा अन्नयरे वा तहप्पगारे अन्तलिक्खजाए दुब्बद्धे दुन्निक्खित्ते अनिकम्पे चलाचले नो ऒग्गहं ओगिण्हॆज्ज वा पगिण्हॆज्ज वा.
1459,
1460,"से भिक्खू वा भिक्खुणी वा सॆज्जं पुण ऒग्गहं जाणॆज्जा-ससागारियं सागणियं सउदयं सइत्थिं सखुड्डुं सपसुं सभत्तपानं नो पण्णस्स निक्खमण-पवेसाए [नो पण्णस्स वायण-पुच्छण-परियट्टणाणुप्पेह धम्माणुओग] चिन्ताए, सेवं नच्चा तहप्पगारे उवस्सए ससागारिए जाव सखुड्ड-पलु-भत्तपाणे नो ऒग्गहं ओगिण्हॆज्ज वा पगिण्हॆज्ज वा."
1461,
1462,से भिक्खू वा भिक्खुणी वा सॆज्जं पुण ऒग्गहं जाणॆज्जा-गाहावइ-कुलस्स मज्झंमज्झेणं गन्तुं पन्थे पडिबद्धं वा नो पण्णस्स निक्खमण-पवेसाए नो पण्णस्स वायण-पुच्छण-परिट्टणाणुपेह-धम्माणुओग चिन्ताए सेवं नच्चा तहप्पगारे उवस्सए नो ऒग्गहं ओगिण्हॆज्ज वा पगिण्हॆज्ज वा.
1463,
1464,से भिक्खू वा भिक्खुणी वा सॆज्जं पुण ऒग्गहं जाणॆज्जा — इह खलु गाहावई वा गाहावइणीओ वा गाहावइ-पुत्ता वा गाहावइ-धूयाओ वा गाहावइ-सुण्हाओ वा धाईओ वा दासा वा दासीओ वा कम्मकरा वा कम्मकरीओ वा अन्नमन्नं अक्कोसन्ति वा बन्धन्ति वा रुम्भन्ति वा उद्दवेतिं वा नो पण्णस्स जाव चिन्ताए सेवं नच्चा तहप्पगारे उवस्सए नो ऒग्गहं ओगिण्हॆज्ज वा पगण्हॆज्जा वा.
1465,
1466,से भिक्खू वा भिक्खुणी वा सॆज्जं पुण ऒग्गहं जाणॆज्जा — इह खलु गाहावई वा जाव कम्मकरीओ वा अन्नमन्नस्स गायं तेल्लेण वा घएण वा नवनीएण वा वसाए वा अब्भङ्गन्ति वा मक्खेन्ति वा नो पण्णस्स निक्खमण-पवेसाए नो पण्णस्स वायण-पुच्छण-परियट्टणाणुपेह-धम्माणुओग-चिन्ताए सेवं नच्चा तहप्पगारे उवस्सए नो ऒग्गहं ओगिण्हॆज्ज वा पगिण्हॆज्जा वा.
1467,
1468,से भिक्खू वा भिक्खुणी वा सॆज्जं पुण ऒग्गहं जाणॆज्जा — इह खलु गाहावई वा जाव कम्मकरीओ वा अन्नमण्णस्स गायं सिणाणेण वा कक्केण वा लॊद्धेण वा वण्णेण वा चुण्णेण वा पउमेण वा आघंसन्ति वा पघंसन्ति वा उव्वलेन्ति वा उव्वट्टेन्ति वा नो पण्णस्स जाव चिन्ताए सेवं नच्चा तहप्पगारे उवस्सए नो ऒग्गहं ओगिण्हॆज्ज वा पगिण्हॆज्जा वा.
1469,
1470,से भिक्खू वा भिक्खुणी वा सॆज्जं पुण ऒग्गहं जाणॆज्जा-इह खलु गाहावई वा जाव कम्म-करीओ वा अन्नमन्नस्स गायं सीओदग-वियडेग वा उसिणोदग वियडेण वा उच्छोलेन्ति वा पधोवेन्ति वा सिञ्चति वा सिणावेन्ति वा नो पण्णस्स निक्खमण-पवेसाए नो पण्णस्स वायण-पुच्छण-परियट्टणाणुपेहधम्माणुओगचिन्ताए सेवं नच्चे तहप्पगारे उवस्सए नो ऒग्गहं ओगिण्हॆज्ज वा पगिण्हॆज्ज वा.
1471,
1472,से भिक्खू वा भिक्खुणी वा सॆज्जं पुण ऒग्गहं जाणॆज्जा-इह खलु गाहावई वा जाव कम्मकरीओ वा निगिणा ठिआ निगिणा उवल्लीणा मेहुणधम्मं विन्नवन्ति रहस्सियं वा मन्तं मन्तन्ति नो पण्णस्स निक्खमण-पवेसाए.
1473,
1474,से भिक्खू वा भिक्खुणी वा से ज्जं पुण ऒग्गहं जाणॆज्जा — आइण्णसंलॆक्खं नो पण्णस्स निक्खमण-पवेसाए जाव – धम्माणुओग चिन्ताए सेवं नच्चा तहप्पगारे उवस्सए नो ऒग्गहं ओगिण्हॆज्ज वा पगिण्हॆज्ज वा.
1475,
1476,"एयं खलु [तस्स भिक्खुस्स वा भिक्खुणीए वा सामग्गियं] जं सव्वट्ठेहिं समिए सहिए सया जऎज्जासि, त्तिबेमि."
1477,
1478,"से आगन्तारेसु वा आरामागारेसु वा गाहावइ-कुलेसु वा परियावसहेसु वा अनुवीइ ऒग्गहं जाऎज्जा जे तत्थ ईसरे, जे तत्थ समहिट्ठाए, ते ऒग्गहं अणुण्णविज्जा कामं खलु आउसो! अहालन्दं अहापरिण्णायं वसामो जाव आउसो! जाव आउसन्तस्स ऒग्गहो जाव साहम्मियाए ताव ऒग्गहं ओगिण्हिसामो तेण परं विहरिस्सामो से किं पुण? तत्थ ऒग्गहंसि एवॊग्गहियंसि जे तत्थ समणाण वा माहणाण वा छत्तए वा मत्तए वा दण्डए वा लट्ठिया वा मिसिया वा नालिया वा चेलं वा चिलिमिली वा चम्मए वा चम्मकोसए वा चम्मछेदणए वा तं नो अन्तोहिन्तो बाहिं नीणॆज्जा बहियाओ वा नो अन्तो पवेसॆज्जा, नो सुत्तं वा णं पडिबोहॆज्जा, नो तेसिं किञ्चि वि अप्पत्तियं पडिनीयं करॆज्जा."
1479,
1480,"से भिक्खू वा भिक्खुणी वा अभिकङ्खॆज्जा अम्बवनं उवागच्छित्तए जे तत्थ ईसरे जे तत्थ समहिट्ठाए ते ऒग्गहं अणुजाणावॆज्जा कामं खलु आउसो जाव विहरिस्सामो, से किं पुण तत्थ ऒग्गहंसि एवॊग्गहियंसि० अह भिक्खू इच्छॆज्जा अम्बं भॊत्तए वा पायए वा सॆज्जं पुण अम्बं जाणॆज्जा — सअण्डं सपानं सबीयं सहरियं सउसं सउदयं सउत्तिङ्ग-पणग-दग-मट्टिय-मक्कडा सन्ताणगं तहप्पगारं अम्बं — अफासुयं अनेसणिज्जं ति मन्नमाणे लाभे सन्ते नो पडिगाहॆज्जा."
1481,
1482,से भिक्खू वा भिक्खुणी वा सॆज्जं पुण अम्बं जाणॆज्जा — अप्पण्डं जाव सन्ताणगं अतिरिच्छछिन्नं अव्वॊच्छिन्नं — अफासुयं अनेसणिज्जं ति मन्नमाणे लाभे सन्ते नो पडिगाहॆज्जा.
1483,
1484,से भिक्खू वा भिक्खुणी वा सॆज्जं पुण अम्बं जाणॆज्जा अप्पण्डं जाव सन्ताणगं तिरिच्छच्छिन्नं वॊच्छिन्नं — फासुयं एसणिज्जं ति मन्नमाणे लाभे सन्ते पडिगाहॆज्जा.
1485,
1486,से भिक्खू वा भिक्खुणी वा अभिकङ्खॆज्जा अम्बभित्तगं वा अम्बेपेसियं वा अम्बचोयगं वा अम्बसालगं वा अम्बडगलं वा भॊत्तए वा पायए वा सॆज्जं पुण जाणॆज्जा — अम्बभित्तगं वा जाव अम्बडगलं वा सअण्डं जाव सन्ताणगं अफासुयं अनेसणिज्जं ति मन्नमाणे लाभे सन्ते नो पडिगाहॆज्जा.
1487,
1488,से भिक्खू वा भिक्खुणी वा से ज्जं पुण जाणॆज्जा — अम्बभित्तगं वा जाव अम्बडगलं वा अप्पडं जाव अप्पुत्तिङ्ग पणग-दग-मट्टिय-मक्कडा सन्ताणगं अतिरिच्छच्छिन्नं अवॊच्छिन्नं-अफासुयं अनेसणिज्जं ति मन्नमाणे लाभे सन्ते नो पडिगाहॆज्जा.
1489,
1490,से भिक्खू वा भिक्खुणी वा से ज्जं पुण जाणॆज्जा अम्बभित्तगं वा जाव अम्बडगलं वा अप्पण्डं जाव सन्ताणगं तिरिच्छच्छिन्नं वॊच्छिन्नं-फासुयं जाव लाभे सन्ते पडिगाहॆज्जा.
1491,
1492,"से भिक्खू वा भिक्खुणी वा अभिकङ्खॆज्जा उच्छुवनं उवागच्छित्तए, जे तत्थ ईसरे [जे तत्थ समहिट्ठाए ते ऒग्गहं अणुजाणावॆज्जा कामं खलु आउसो अहालन्दं अहापरिण्णायं वसामो जाव आउसो जाव आउसन्तस्स ऒग्गहो जाव साहम्मियाए ताव ऒग्गहं ओगिण्हिस्सामो तेण परं विहरिस्सामो] से किं पुण तत्थ ऒग्गहंसि एवॊग्गहियंसि अह भिक्खू इच्छॆज्जा उच्छुं भॊत्तए वा पायए वा सॆज्जं पुण उच्छुं जाणॆज्जा सअण्डं जाव मक्कडा सन्ताणगं तहप्पगारं उच्छुं-अफासुयं अनेसणिज्जं ति मन्नमाणे लाभे सन्ते नो पडिगाहॆज्जा. अतिरिच्छच्छिन्नं तहेव, तिरिच्छच्छिन्ने'वि तहेव."
1493,
1494,से भिक्खु वा भिक्खुणी वा अभिकङ्खॆज्जा अन्तरुच्छुयं वा उच्छुगण्डियं वा उच्छुचोयगं वा उच्छुसालगं वा उच्छुडगलं वा भॊत्तए वा पायए वा सॆज्जं पुण जाणॆज्जा — अन्तरुच्छुयं वा जाव डगलं वा सअण्डं सपानं सबीयं सहरियं सउसं सउदयं सउत्तिङ्ग-पणग-दग-मट्टिय-मक्कडासन्ताणगं — अफासुयं अनेसणिज्जं ति मन्नमाणे लाभे सन्ते नो पडिगाहॆज्जा.
1495,
1496,से भिक्खू वा भिक्खुणी वा सॆज्जं पुण जाणॆज्जा — अन्तरुच्छुयं वा जाव डगलं मट्टिय-मक्कडासन्ताणगं अतिरिच्छच्छिन्नं अवॊच्छिन्नं — अफासुयं अनेसणिज्जं ति मन्नमाणे लाभे सन्ते नो पडिगाहॆज्जा.
1497,
1498,से भिक्खू वा भिक्खुणी वा सॆज्जं पुणा जाणॆज्जा — अन्तरुच्छुयं वा जाव डगलं वा अप्पण्डं जाव तिरिच्छच्छिन्नं वॊच्छिन्नं — फासुयं एसणिज्जं ति मन्नमाणे लाभे सन्ते पडिगाहॆज्जा.
1499,
1500,"से भिक्खू वा भिक्खुणी वा अभिकङ्खॆज्जा ल्हसुणवनं उवागच्छित्तए, तहेव तिन्नि वि आलावगा, नवरं ल्हसुणं."
1501,
1502,से भिक्खू वा० अभिकङ्खॆज्जा ल्हसुणं वा ल्हसुण-कन्दं वा ल्हसुण चोयगं वा ल्हसुण-नालगं वा भॊत्तए वा पायए वा सॆज्जं पुण जाणॆज्जा ल्हसुणं वा जाव ल्हसुण-नालगं वा सअण्डं [सपानं सबीयं सहरियं सउसं सउदयं सउत्तिङ्ग-पणग-दग-मट्टिय-मक्कडासन्ताणगं-अफासुयं अनेसणिज्जं मन्नमाणे लाभे सन्ते] नो पडिगाहॆज्जा. एवं अतिरिच्छच्छिन्ने'वि तिरिच्छच्छिन्ने जाव पडिगाहॆज्जा.
1503,
1504,"से भिक्खू वा भिक्खुणी वा आगन्तारेसु वा [आरामागारेसु वा गाहावइ कुलेसु वा परियावसहेसु वा अनुवीइ ऒग्गहं जाणॆज्जा — जाव एवॊग्गहियंसि, जे तत्थ गाहावईणं वा गाहावइपुत्ताण वा इच्चेयाइं आयतणाइं उवाइक्कमं अह भिक्खू जाणॆज्जा, इमाहिं सत्तहिं पडिमाहिं ऒग्गहं ओगिण्हित्तए तत्थ खलु इमा पढमा पडिमा —"
1505,
1506,से आगन्तारेसु वा आरामागारेसु वा गाहावइ कुलेसु वा परियावसहेसु वा अणुवीइ ऒग्गहं जाऎज्जा-जे तत्थ ईसरे जे तत्थ समहिट्ठए ते ऒग्गहं अणुण्णविज्जा कामं खलु आउसो अहालन्दं अहापरिणायं वसामो जाव आउसो जाव आउसन्तस्स ऒग्गहो जाव साहम्मिया ऎत्ता ताव ऒग्गहं ओगिण्हिस्सामो तेण परं विहरिस्सामो — पढमा पडिमा.
1507,
1508,"अहावरा दॊच्चा पडिमा — जस्स णं भिक्खुस्स एवं भवइ अहं च खलु अन्नेसिं भिक्खूणं अट्ठाए ऒग्गहं ओगिण्हिस्सामि, अन्नेसिं भिक्खूणं ऒग्गहे ऒग्गहिए उवल्लिस्सामि — दॊच्चा पडिमा."
1509,
1510,अहावरा तच्चा पडिमा-जस्स णं भिक्खुस्स एवं भवइ अहं च खलु अन्नेसिं भिक्खूणं अट्ठाए ऒग्गहं ओगिण्हिस्सामि अन्नेसिं भिक्खूणं च ऒग्गहे ऒग्गहिए नो उवल्लिस्सामि-तच्चा पडिमा.
1511,
1512,अहावरा चउत्था पडिमा — जस्स णं भिक्खुस्स एवं भवइ अहं च खलु अन्नेसिं भिक्खूणं अट्ठाए ऒग्गहं नो ओगिण्हिस्सामि अन्नेसिं च ऒग्गहे ऒग्गहिए उवल्लिस्सामि — चउत्था पडिमा.
1513,
1514,अहावरा पञ्चमा पडिमा — जस्स णं भिक्खुस्स एवं भवइ अहं च खलु अप्पणो अट्ठाए ऒग्गहं ओगिण्हिस्सामि नो दोण्हं नो तिण्हं नो चउण्हं नो पञ्चण्हं — पञ्चमा पडिमा.
1515,
1516,"अहावरा छट्ठा पडिमा — से भिक्खू वा भिक्खुणी वा जस्सेव ऒग्गहे उवल्लिऎज्जा जे तत्थ अहासमन्नागए तं जहा — इक्कडे वा [कढिणे वा जन्तुए वा परगे वा मोरगे वा तणे वा जाव पिप्पले वा] पलाले वा तस्स लाभे संवसॆज्जा, अलाभे उक्कुडुए वा नेसज्जिए वा विहरॆज्जा — छट्ठा पडिमा."
1517,
1518,"अहावरा सत्तमा पडिमा — से भिक्खू वा भिक्खुणी वा अहासन्थडमेव ऒग्गहं जाऎज्जा तञ्जहा — पुढविसिलं वा कट्ठसिलं वा अहासन्थडमेव तस्स लाभे संवसॆज्जा, तस्स — अलाभे उक्कुडुओ वा नेसज्जिओ वा विहरॆज्जा — सत्तमा पडिमा."
1519,
1520,इच्चेतासिं सत्तण्हं पडिमाणं अन्नयरं जहा पिण्डेसणा.
1521,
1522,[एयं खलु तस्स भिक्खुस्स वा भिक्खुणी वा सामग्गियं जं सव्वट्ठेहिं समिए सहिए सया जऎज्जासि-त्ति बेमि].
1523,
1524,[अट्ठमं अज्झयणं – ठाण सत्तिक्कयं]
1525,
1526,"से भिक्खू वा भिक्खुणी वा अभिकङ्खॆज्जा ठाणं ठाइत्तए, से अनुपविसॆज्जा गामं वा नगरं वा [खेडं वा कब्बडं वा मडम्बं वा पट्टणं वा दोणमुहं वा आगरं वा निगमं वा आसमं वा सन्निवेसं वा] रायहाणिं वा से अनुपविसित्ता गामं वा जाव रायहाणिं वा, सॆज्जं पुण ठाणं जाणॆज्जा — सअण्डं [सपानं सबीयं सहरियं सउसं सउदयं सउत्तिङ्ग-पणग-दग-मट्टिय-मक्कडा] सन्ताणयं तं तहप्पगारं ठाणं — अफासुयं अनेसणिज्जं ति मन्नमाणे लाभे सन्ते नो पडिगाहॆज्जा."
1527,
1528,एवं सिज्जागमेण नेयव्वं जाव उदयपसूयाइन्ति.
1529,
1530,"इच्चेयाइं आयातणाइं उवातिकम्मे अह भिक्खू इच्छॆज्जा चउहिं पडिमाहिं ठाणं ठाइत्तए, तत्थिमा पढमा पडिमा. अचित्तं खलु उवसज्जिस्सामि अवलम्बिस्सामि काएण विपरिक्कमिस्सामि सवियारं ठाणं ठाइस्सामि त्ति पढमा पडिमा."
1531,
1532,अहावरा दॊच्चा पडिमा — अचित्तं खलु उवसज्जिस्सामि अवलम्बिस्सामि काएण विपरिक्क-मिस्सामि नो सवियारं ठाणं ठाइस्सामि त्ति दॊच्चा पडिमा.
1533,
1534,अहावरा तच्चा पडिमा — अचित्तं खलु उवसज्जिस्सामि नो अवलम्बिस्सामि नो काएण विपरिक्कमिस्सामि नो सवियारं ठाणं ठाइस्सामि त्ति तच्चा पडिमा.
1535,
1536,अहावरा चउत्था पडिमा — अचित्तं खलु उवसज्जिस्सामि नो अवलम्बिस्सामि नो काएण विपरिक्कमिस्सामि नो सवियारं ठाणं ठाइस्सामि त्ति वोसट्ठकाए वोसट्ठ केस-मंसु-लोम-नहे सन्निरुद्धं वा ठाणं ठाइस्सामि त्ति चउत्था पडिमा.
1537,
1538,"इच्चेयासिं चउण्हं पडिमाणं अन्नयरं पडिमं पडिवज्जमाणे नो एवं वऎज्जा मिच्छा पडिवन्ना जाव पग्गहियतरागं विहरॆज्जा नेव किञ्चि वि वऎज्जा, एयं खलु तस्स भिक्खुस्स वा भिक्खुणीए वा सामग्गियं जं सव्वट्ठेहिं समिए सहिए सया जऎज्जासि — त्ति बेमि."
1539,
1540,[नवमं अज्झयणं –निसीहियासत्तिक्कयं]
1541,
1542,"से भिक्खू वा भिक्खुणी वा अभिकङ्खॆज्जा निसीहियं फासुयं गमणाए, से ज्जं पुण निसीहियं जाणॆज्जा-सअण्डं [सपानं सबीयं सहरियं सउसं सउदयं सउत्तिङ्ग पणग-दग-मट्टिय-] मक्कडासन्ताणयं तहप्पगारं निसीहियं-अफासुयं अनेसणिज्जं ति मन्नमाणे लाभे सन्ते नो चेतिस्सामि."
1543,
1544,से भिक्खू वा भिक्खुणी वा अभिकङ्खॆज्जा निसीहियं गमणाए सॆज्जं पुण निसीहियं जाणॆज्जा — अप्पडं अप्पपाणं जाव मक्कडासन्ताणयं तहप्पगारं निसीहियं — फासुयं एसणिज्जं ति मन्नमाणे लाभे सन्ते चेइस्सामि.
1545,
1546,"एवं सिज्जागमेणं नेयव्वं जाव उदयप्पसूयाइं. जे तत्थ दुवग्गा तिवग्गा चउवग्गा पञ्च वग्गा वा अभिसन्धारिन्ति निसीहियं गमणाए ते नो अन्नमन्नस्स कायं आलिङ्गिज्ज वा विलिङ्गिज्ज वा चुम्बिज्ज वा दन्तेहिं वा नहेहिं वा अच्छिन्दिज्ज वा वुच्छिं०,. "
1547,
1548,"एयं खलु तस्स भिक्खुस्स वा भिक्खुणीए वा सामग्गियं जं सव्वट्ठेहिं समिए सहिए सया जऎज्जा, सेयमिणं मणॆज्जासि — त्तिबेमि."
1549,
1550,[दसमं अज्झयणं – उच्चारपासवणसत्तिक्कयं]
1551,
1552,से भिक्खू वा भिक्खुणी वा उच्चारपावसण-किरियाए उब्बाहिज्जमाणे सयस्स पायपुञ्छणस्स असईए तओ पच्छा साहम्मियं जाऎज्जा.
1553,
1554,से भिक्खू वा भिक्खुणी वा सॆज्जं पुण थण्डिलं जाणॆज्जा — सअण्डं सपानं [सबीअं सहरियं सउसं सउदयं सउत्तिङ्ग-पणग-दग-मट्टिय-] मक्कडासन्ताणयं तहप्पगारंसि थण्डिलंसि नो उच्चारपासवणं वोसिरॆज्जा.
1555,
1556,से भिक्खू वा भिक्खुणी वा से ज्जं पुण थण्डिलं जाणॆज्जा — अप्पण्डं अप्पपाणं जाव सन्ताणयं तहप्पगारंसि थण्डिलंसि उच्चार पासवण वोसिरॆज्जा.
1557,
1558,से भिक्खू वा भिक्खुणी वा सॆज्जं पुणं थण्डिलं जाणॆज्जा — अस्सिम्पडियाए एगं साहम्मियं समुद्दिस्सं पाणाइं भूयाइं जीवाइं सत्ताइं समारब्भ समुद्दिस्स कीयं पामिच्चं अच्छॆज्जं अवोसट्ठं अभिहडं आहट्टु उद्देसियं चेएइ तहप्पगारं थण्डिलं पुरिसन्तरकडं वा अपुरिसन्तरकडं वा अत्तट्ठियं वा अनत्तट्ठियं वा परिभुत्तं वा अपरिभुत्तं वा आसेवियं वा अनासेवियं वा अन्नयरंसि वा तहप्पगारंसि थण्डिलंसि नो उच्चार-पासवणं वोसिरॆज्जा.
1559,
1560,से भिक्खू वा भिक्खुणी वा से ज्जं पुण थण्डिलं जाणॆज्जा — अस्सिम्पडियाए बहवे साहम्मिया समुद्दिस्सा पाणाइं० समारब्भ समुद्दिस्स कीयं जाव अच्छॆज्जं अनिसट्ठं अभिहडं आहट्टु उद्देसियं चेएइ तहप्पगारं थण्डिलं पुरिसन्तरकडं वा जाव अनासेवियं वा अन्नयरंसि वा तहप्पगारंसि थण्डिलंसि नो उच्चारपासवणं वोसिरॆज्जा.
1561,
1562,से भिक्खू वा० वा से ज्जं पुण थण्डिलं जाणॆज्जा — अस्सिम्पण्डियाए एगं साहम्मिणिं समुद्दिस्स पाणाइं समारब्भ समुद्दिस्स कीयं जाव चेएइ तहप्पगारं थण्डिलं पुरिसन्तरकडं वा जाव अनासेवियं वा अन्नयरंसि वा तहप्पगारंसि थण्डिलंसि नो उच्चारपासवणं वोसिरॆज्जा.
1563,
1564,से भिक्खू वा० से ज्जं पुण थण्डिलं जाणॆज्जा — अस्सिम्पडियाए बहवे साहम्मिणीओ समुद्दिस्स पाणाइं समारब्भ समुद्दिस्स कीयं जाव आहट्टु उद्देसियं चेएइ तहप्पगारं थण्डिलं पुरिसन्तरकडं वा जाव अनासेवियं वा अन्नयरंसि वा तहप्पगारंसि थण्डिलंसि नो उच्चारपासवणं वोसिरॆज्जा.
1565,
1566,से भिक्खू वा भिक्खुणी वा से ज्जं पुण थण्डिलं जाणॆज्जा — अस्सिम्पडियाए बहवे समण जाव वणीमए पगणिय-पगणिय समुद्दिस्स पाणाइं० समारब्भ समुद्दिस्स कीयं० आहट्टु उद्देसियं चेइए तहप्पगारं थण्डिलं पुरिसन्तरकडं वा जाव बहिया नीहडं वा अनासेवियं वा अन्नयरंसि वा तहप्पगारंसि थण्डिलंसि नो उच्चारपासवणं वोसिरॆज्जा.
1567,
1568,"से भिक्खू वा भिक्खुणी वा सॆज्जं पुण थण्डिलं जाणॆज्जा — बहवे समण माहण० समुद्दिस्स पाणाइं भूयाइं जीवाइं सत्ताइं जाव उद्देसियं चेएइ तहप्पगारं थण्डिलं पुरिसन्तरकडं जाव बहिया अनीहडं अन्नयरंसि वा तहप्पगारंसि थण्डिलंसि नो उच्चारपासवणं वोसिरॆज्जा, अह पुणेवं जाणॆज्जा-अपुरिसन्तरकडं जाव बहिया नीहडं अन्नयरंसि वा तहप्पगारंसि थण्डिलंसि उच्चारपासवणं वोसिरॆज्जा."
1569,
1570,से भिक्खू वा भिक्खुणी वा से ज्जं पुण थण्डिलं जाणॆज्जा — अस्सिम्पडियाए कयं वा कारियं वा पामिच्चयं वा छन्नं वा घट्ठं वा मट्ठं वा लित्तं वा संमट्ठं वा सम्पधूमियं वा अन्नयरंसि वा तहप्पगारंसि थण्डिलंसि नो उच्चारपासवणं वोसिरॆज्जा.
1571,
1572,"से भिक्खू वा भिक्खुणी वा सॆज्जं पुण थण्डिल जाणॆज्जा, इह खलु गाहावई वा गाहावइ-पुत्ता वा कन्दाणि वा मूलाणि वा जाव हरियाणि वा अन्तरातो वा बाहिं नीहरन्ति बहियाओ वा अन्तो साहरन्ति अन्नयरंसि वा तहप्पगारंसि थण्डिलंसि नो उच्चारपासवणं वोसिरॆज्जा."
1573,
1574,से भिक्खू वा० से ज्जं पुण थण्डिलं जाणॆज्जा — खन्धंसि वा पीढंसि वा मञ्चंसिं वा मालंसि वा अट्टंसि वा पासायंसि वा अन्नयरंसि वा तहप्पागरंसि थण्डिलंसि नो उच्चारपासवणं वोसिरॆज्जा.
1575,
1576,से भिक्खू वा भिक्खुणी वा सॆज्जं पुण थण्डिलं जाणॆज्जा — अनन्तरहियाए पुढवीए ससिणिद्धाए पुढवीए ससरक्खाए पुढवीए मट्टियामकडाए चित्तमन्ताए सिलाए चिन्त्तमन्ताए लेलुयाए कोलावासंसि वा दारुयंसि जीवपइट्ठियंसि सअण्डंसि सपानंसि सबीअंसि सहरियंसि सउसंसि सउदयंसि सउत्तिङ्ग-पणग-दग-मट्टिय-मक्कडासन्ताणयंसि अन्नयरंसि वा तहप्पगारंसि थण्डिलंसि नो उच्चारपासवणं वोसिरॆज्जा.
1577,
1578,से भिक्खू वा भिक्खुणी वा से ज्जं पुण थण्डिलं जाणॆज्जा — इह खलु गाहावई वा गाहावइ-पुत्ता वा कन्दाणि वा [मूलाणि वा तयाणि वा जाव फलाणि वा] बीयाणि वा परिसाडॆंसु वा परिसाडिन्ति वा परिसाडिस्सन्ति वा अन्नयरंसि वा तहप्पगारंसि थण्डिलंसि नो उच्चारपासवणं वोसिरॆज्जा.
1579,
1580,से भिक्खू वा भिक्खुणी वा सॆज्जं पुण थण्डिलं जाणॆज्जा — इह खलु गाहावई वा गाहावइ-पुत्ता वा० सालीणि वा वीहीणि वा मुग्गाणि वा मासाणि वा तिलाणि वा कुलत्थाणि वा जवाणि वा जवजवाणि वा पतिरिंसुं वा पतिरिन्ति वा पतिरिस्सन्ति वा अन्नयरंसि वा तहप्पगारंसि थण्डिलंसि नो उच्चारपासवणं वोसिरॆज्जा.
1581,
1582,से भिक्खू वा भिक्खुणी वा सॆज्जं पुण थण्डिलं जाणॆज्जा — आमोयाणि वा घासाणि वा मिलुयाणि वा विज्जुलयाणि वा खाणुयाणि वा कडयाणि वा पगडाणि वा दरीणि वा पदुग्गाणि वा समाणि वा विसमाणि वा अन्नयरंसि वा तहप्पगारंसि थण्डिलंसि नो उच्चारपासवणं वोसिरॆज्जा.
1583,
1584,से भिक्खू भिक्खुणी वा से ज्जं पुण थण्डिलं जाणॆज्जा-माणुसरन्धणाणि वा महिस-करणाणि वा वसभ-करणाणि वा अस्स-करणाणि वा कुक्कुड-करणाणि वा लावय-करणाणि वा वट्टय-करणाणि वा तित्तिर-करणाणि वा कवोय करणाणि वा कपिञ्जल-करणाणि वा अन्नयरंसि वा तहप्पगारंसि थण्डिलंसि नो उच्चारपासवणं वोसिरॆज्जा.
1585,
1586,से भिक्खू वा भिक्खुणी वा सॆज्जं पुण थण्डिलं जाणॆज्जा — वेहाणस-ट्ठाणेसु वा गिद्धपिट्ठ-ट्ठाणेसु वा तरुडण-ट्ठाणेसु वा मेरुपडण-ट्ठाणेसु वा विसभक्खण-ट्ठाणेसु वा अगनिपडण-ट्ठाणेसु वा अन्नयरंसि वा तहप्पगारंसि थण्डिलंसि नो उच्चारपासवणं वोसिरॆज्जा.
1587,
1588,से भिक्खू वा भिक्खुणी वा सॆज्जं पुण थण्डिलं जाणॆज्जा-आरामाणि वा उज्जाणाणि वा वनानि वा वनसण्डाणि वा देवकुलाणि वा सभाणि वा पवाणि वा अन्नयरंसि वा तहप्पगारंसि थण्डिलंसि नो उच्चारपासवणं वोसिरॆज्जा.
1589,
1590,से भिक्खू वा भिक्खुणी वा से ज्जं पुण थण्डिलं जाणॆज्जा अट्टालयाणि वा चरियाणि वा दाराणि वा गोपुराणि वा अन्नयरंसि वा तहप्पगारंसि थण्डिलंसि नो उच्चारपासवणं वोसिरॆज्जा.
1591,
1592,से भिक्खू वा भिक्खुणी वा से ज्जं पुणं थण्डिलं जाणॆज्जा — तियाणि वा चउक्काणि वा चच्चराणि वा चउमुहाणि वा अन्नयरंसि वा तहप्पगारंसि थण्डलंसि नो उच्चारपासवणं वोसिरॆज्जा.
1593,
1594,से भिक्खू वा भिक्खुणी वा से ज्जं पुणं थण्डिलं जाणॆज्जा — इङ्गालडाहेसु वा खारडाहेसु वा मडयडाहेसु वा मडयथूभियासु वा मडयचेइएसु वा अन्नयरंसि वा तहप्पगारंसि थण्डिलंसि नो उच्चारपासवणं वोसिरॆज्जा.
1595,
1596,से भिक्खू वा भिक्खुणी वा से ज्जं पुण थण्डिलं जाणॆज्जा — नदीआययणेसु वा पङ्काययणेसु वा ओघाययणेसु वा सेयणपहंसि वा अन्नयरंसि वा तहप्पगारंसि थण्डिलंसि नो उच्चारपासवणं वोसिरॆज्जा.
1597,
1598,से भिक्खू वा भिक्खुणी वा सॆज्जं पुण थण्डिलं जाणॆज्जा — नवियासु वा मट्टिय-खाणियासु नवियासु वा गॊप्पलेहियासु गवायणीसु वा खाणीसु वा अन्नयरंसि वा तहप्पगारंसि थण्डिलंसि नो उच्चारपासवणं वोसिरॆज्जा.
1599,
1600,से भिक्खू वा भिक्खुणी वा से ज्जं पुण थण्डिलं जाणॆज्जा — डागवच्चंसि वा सागवच्चंसि वा मूलगवच्चंसि वा हत्थङ्करवच्चंसि वा अन्नयरंसि वा तहप्पगारंसि थण्डिलंसि नो उच्चारपासवणं वोसिरॆज्जा.
1601,
1602,से भिक्खू वा भिक्खुणी वा से ज्जं पुण थण्डिलं जाणॆज्जा — असणवनंसि वा सणवनंसि वा धायइवनंसि वा केयइवनंसि वा अम्बवनंसि वा असोगवनंसि वा नागवनंसि वा पुन्नागवनंसि वा अन्नयरेसु वा तहप्पगारेसु पत्तोवएसु वा पुप्फोवएसु वा फलोवएसु वा बीओबएसु वा हरिओवएसु वा नो उच्चार पासवणं वोसिरॆज्जा.
1603,
1604,"से भिक्खू वा भिक्खुणी वा सपाययं वा परपाययं वा गहाय से तमायाए एगन्तमवक्कमॆज्जा अनावायंसि असंलोयंसि अप्पपानंसि मक्कडासन्ताणयंसि अहारामंसि वा उवस्सयंसि तओ सञ्जयामेव उच्चारपासवणं वोसिरॆज्जा, से तमायाए एगन्तमवक्कमे अनावायंसि जाव मक्कडा-सन्ताणयंसि अहारामंसि वा झामथण्डिलंसि वा अन्नयरंसि वा तहप्पगारंसि थण्डिलंसि अचित्तंसि तओ सञ्जयामेव उच्चारपासवणं वोसिरॆज्जा."
1605,
1606,एयं खलु तस्स भिक्खुस्स वा भिक्खुणीए वा सामग्गियं जं सव्वॆट्ठेहिं समिए सहिए सया जऎज्जासि — त्तिबेमि.
1607,
1608,[एगारसमं अज्झयणं – सद्दसत्तिक्कयं]
1609,
1610,"से भिक्खू वा भिक्खुणी वा अहावेगइयाइं सद्दाइं सुणेइ, तं जहा — मुइङ्गसद्दाणि वा नन्दीसद्दाणि वा झल्लरीसद्दाणि वा अन्नयराणि वा तहप्पगाराणि विरूवरूवाणि वितताइं सद्दाइं कण्णसोय-पडियाए नो अभिसन्धारॆज्जा गमणाए."
1611,
1612,"से भिक्खू वा भिक्खुणी वा अहावेगइयाइं सद्दाइं सुणेइ, तं जहा — वीणा-सद्दाणि वा विपञ्ची-सद्दाणि वा बद्धीसग-सद्दाणि वा तुणय-सद्दाणि वा पणव-सद्दाणि वा तुम्बवीणिय-सद्दाणि वा ढङ्कुण-सद्दाणि वा अन्नयराइं वा तहप्पराइं विरूवरूवाइं सद्दाइं वितताइं कण्णसोय-पडियाए नो अभिसन्धारॆज्जा गमणाए."
1613,
1614,से भिक्खू वा भिक्खुणी वा अहावेगइयाइं सद्दाइं सुणेति तं जहा — ताल-सद्दाणि वा कंसताल-सद्दाणि वा लत्तिय-सद्दाणि वा गोहिय-सद्दाणि वा किरकिरिय-सद्दाणि वा अन्नयराणि वा तहप्पगाराइं वीरूवरूवाइं तालसद्दाइं कण्णसोय पडियाए नो अभिसन्धारॆज्जा गमणाए.
1615,
1616,से भिक्खू वा भिक्खुणी वा अहावेगइयाइं सद्दाइं सुणेति तं जहा — सङ्ख-सद्दाणि वा वेणु-सद्दाणि वा वंस-सद्दाणि वा खरमुहि-सद्दाणि वा पिरिपिरिय-सद्दाणि वा अन्नयराइं वा तहप्पगाराइं विरूवरूवाइं सद्दाइं झुसिराइं कण्णसोयपडियाए नो अभिसन्धारॆज्जा गमणाए.
1617,
1618,से भिक्खू वा भिक्खुणी वा अहावेगइयाइं सद्दाइं सुणेति तं जहा — वप्पाणि वा फलिहाणि वा उप्पलाणि वा पल्ललाणि वा उज्झराणि वा निज्झराणि वा वावीणि वा पॊक्खराणि वा दीहियाणि वा गुञ्जालियाणि वा सराणि व सागराणि वा सरपन्तियाणि वा सरसरपन्तियाणि वा अन्नयराइं वा तहप्पगाराइं विरूवरूवाइं सद्दाइं कण्णसोय-पडियाए नो अभिसन्धारॆज्जा गमणाए.
1619,
1620,से भिक्खू वा भिक्खुणी वा अहावेगइयाइं सद्दाइं सुणेति तं जहा — कच्छाणि वा नूमाणि वा गहनानि वा वनानि वा वनदुग्गाणि वा पव्वयाणि वा पव्वयदुग्गाणि वा अन्नयराइं वा तहप्पगाराइं विरूवरूवाइं सद्दाइं कण्णसोय-पडियाए नो अभिसन्धारॆज्जा गमणाए.
1621,
1622,से भिक्खू वा भिक्खुणी वा अहावेगइयाइं सद्दाइं सुणेति तं जहा — गामाणि वा नगराणि वा निगमाणि वा रायहाणीणि वा आसाम-पट्टण-सन्निवेसाणि वा अन्नयराइं वा तहप्पगाराइं विरूवरूवाइं सद्दाइं कण्णसोय-पडियाए नो अभिसन्धारॆज्जा गमणाए.
1623,
1624,से भिक्खू वा भिक्खुणी वा अहावेगइयाइं सद्दाइं सुणेति तं जहा — आरामाणि वा उज्जाणाणि वा वनानि वा वनसण्डाणि वा देवकुलाणि वा सभाणि वा पवाणि वा अन्नयराइं वा तहप्पगाराइं विरूवरूवाइं सद्दाइं कण्णसोय-पडियाए नो अभिसन्धारॆज्जा गमणाए.
1625,
1626,से भिक्खू वा भिक्खुणी वा अहावेगइयाइं सद्दाइं सुणेति तं जहा — अट्टाणि वा अट्टालयाणि वा चरियाणि वा दाराणि वा गोपुराणि वा अन्नयराइं वा तहप्पगाराइं विरूवरूवाइं सद्दाइं कण्णसोय-पडियाए नो अभिसन्धारॆज्जा गमणाए.
1627,
1628,से भिक्खू वा भिक्खुणी वा अहावेगइयाइं सद्दाइं सुणेति तं जहा — तियाणि वा चउक्काणि वा चच्चराणि वा चउम्मुहाणि वा अन्नयराइं वा तहप्पगाराइं विरूवरूवाइं सद्दाइं कण्णसोय-पडियाए नो अभिसन्धारॆज्जा गमणाए.
1629,
1630,से भिक्खू वा भिक्खुणी वा अहावेगइयाइं सद्दाइं सुणेति तं जहा — महिसट्ठाण-करणाणि वा वसभट्ठाण-करणाणि वा अस्सट्ठाण-करणाणि वा हत्थिट्ठाण करणाणि वा [कुक्कुडट्ठाण-करणाणि वा मक्कडट्ठाण-करणाणि वा लावयट्ठाण-करणाणि वा वट्ठयट्ठाण-करणाणि वा तित्तिरट्ठाण-करणाणि वा कवोयट्ठाण-करणाणि वा] कविञ्जलट्ठाण-करणाणि वा अन्नयराइं वा तहप्पगाराइं विरूवरूवाइं सद्दाइं कण्णसोय-पडियाए नो अभिसन्धारॆज्जा गमणाए.
1631,
1632,से भिक्खू वा भिक्खुणी वा अहावेगइयाइं सद्दाइं सुणेति तं जहा — महिस-जुद्धाणि वा वसभ-जुद्धाणि वा अस्स-जुद्धाणि वा हत्थि-जुद्धाणि वा कुक्कुड-जुद्धाणि वा मक्कड-जुद्धाणि वा लावय-जुद्धाणि वा वट्टय-जुद्धाणि वा तित्तिर-जुद्धाणि वा कवोय-जुद्धाणि वा] कविञ्जल-जुद्धाणि वा अन्नयराइं वा तहप्पगाराइं [विरूवरूवाइं सद्दाइं कण्ण-सोय-पडियाए] नो अभिसन्धारॆज्जा गमणाए.
1633,
1634,से भिक्खू वा भिक्खुणी वा अहावेगइयाइं सद्दाइं सुणेति तं जहा — जूहिय-ट्ठाणाणि वा हयजूहिय-ट्ठाणाणि वा गयजहिय-ट्ठाणाणि वा अन्नयराइं वा तहप्पगाराइं विरूवरूवाइं सद्दाइं कण्णसोय-पडियाए नो अभिसन्धारॆज्जा गमणाए.
1635,
1636,से भिक्खू वा० अहावेगइयाइं सदाइं सुणेति तं जहा — अक्खाइयट्ठाणाणि वा माणुम्माणिय-ट्ठाणाणि वा महयाहय-नट्ट-गीय-वाइय-तन्ति-तल-ताल-तुडिय-पडुप्पवाइय-ट्ठाणाणि वा अन्नयराइं वा तहप्पगाराइं विरूवरूवाइं सद्दाइं कण्णसोय-पडियाए नो अभिसन्धारॆज्जा गमणाए.
1637,
1638,से भिक्खू वा भिक्खुणी वा अहावेगइयाइं सद्दाइं सुणेति तं जहा — कलहाणि वा डिम्बाणि वा डमराणि वा दोरज्जाणि वा वेरज्जाणि वा विरुद्धरज्जाणि वा अन्नयराइं वा तहप्पगाराइं विरूवरूवाइं सद्दाइं कण्णसोय-पडियाए नो अभिसन्धारॆज्जा गमणाए.
1639,
1640,से भिक्खू वा भिक्खुणी वा अहावेगइयाइं सद्दाइं सुणेतिं तं जहा — खुड्डियं दारियं परिभुतं-मण्डियं अलङ्कियं निबुज्झमाणिं पेहाए एगं वा पुरिसं वहाए नीणिज्जमाणं पेहाए अन्नयराइं वा तहप्पगाराइं विरूवरूवाइं सद्दाइं कण्णसोय-पडियाए नो अभिसन्धारॆज्जा गमणाए.
1641,
1642,से भिक्खू वा भिक्खुणी वा अन्नयराइं विरूवरूवाइं महासवाइं एवं जाणॆज्जा तं जहा — बहुसगडाणि वा बहुरहाणि वा बहुमिलक्खूणि वा बहुपच्चन्ताणि वा अन्नयराइं वा तहप्पगाराइं विरूवरूवाइं महासवाइं कण्णसोय-पडियाए नो अभिसन्धारॆज्जा गमणाए.
1643,
1644,से भिक्खू वा भिक्खुणी वा अन्नयराइं विरूवरूवाइं महुस्सवाइं एवं जाणॆज्जा तं जहा — इत्थीणी वा पुरिसाणि वा थेराणि वा डहराणि वा मज्झिमाणि वा आभरण-विभूसियाणि वा गायन्ताणि वा वायन्ताणि वा नच्चन्ताणि वा हसन्ताणि वा रमन्ताणि वा मोहन्ताणि वा विउलं असनं पानं खाइमं साइमं परिभुञ्जन्ताणि वा परिभाइन्ताणि वा विच्छिडयमाणाणि वा विगोवयमाणाणि वा अन्नयराइं वा तहप्पगाराइं विरूवरूवाइं महुस्सवाइं कण्णसोय-पडियाए नो अभिसन्धारॆज्जा गमणाए.
1645,
1646,से भिक्खू वा भिक्खुणी वा नो इहलोइएहिं सद्देहिं नो परलोइएहिं सद्देहिं नो सुएहिं सद्देहिं नो असुएहिं सद्देहिं नो दिट्ठेहिं सद्देहिं नो अदिट्ठेहि सद्देहिं नो इट्ठेहिं सद्देहिं नो कन्तेहिं सद्देहिं सज्जॆज्जा नो रज्जॆज्जा नो गिज्झॆज्जा नो मुज्झॆज्जा नो अज्झोववज्जॆज्जा.
1647,
1648,एयं खलु तस्स भिक्खुस्स वा भिक्खुणीए वा सामग्गियं [जं सव्वट्ठेहिं समिए सहिए सया] जऎज्जासि — त्तिबेमि.
1649,
1650,[बारसमं अज्झयणं – रूव सत्तिक्कयं]
1651,
1652,से भिक्खू वा भिक्खुणी वा अहावेगइयाइं रूवाइं पासइ तं जहा — गन्थिमाणि वा वेढिमाणि वा पूरिमाणि वा सङ्घाइमाणि वा कट्ठकम्माणि वा पॊत्थकम्माणि वा चित्तकम्माणि वा मणिकम्माणि वा दन्तकम्माणि वा पत्तच्छॆज्जकम्माणि वा विविहाणि वा वेढिमाइं वा अन्नयराइं वा तहप्पगाराइं विरूवरूवाइं रूवाइं चक्खुदंसण-पडियाए नो अभिसन्धारॆज्जा गमणाए.
1653,
1654,एवं नेयव्वं जहा सद्दपडिमा सव्वा वाइत्तवज्जा रूवपडिमा वि.
1655,
1656,[एयं खलु तस्स भिक्खुस्स वा भिक्खुणीए वा सामग्गियं जं सव्वट्ठेहिं समिए सहिए सया जऎज्जासि] — त्तिबेमि.
1657,
1658,[तेरसमं अज्झयणं – परकिरियासत्तिक्कयं]
1659,
1660,"परकिरियं अज्झत्थियं संसेसियं — नो तं साइए नो तं नियमे, से सिया परो पादाइं आमज्जॆज्ज वा पमज्जॆज्ज वा — नो तं साइए नो तं नियमे. से सिया परो पादाइं सम्बाहॆज्ज वा पलिमद्दॆज्ज वा — नो तं साइए नो तं नियमे. से सिया परो पादाइं फूमॆज्ज वा रऎज्ज वा — नो तं साइए नो तं नियमे. से सिया परो पादाइं तेल्लेण वा घएण वा वसाए वा मक्खॆज्ज वा भिलिङ्गॆज्ज वा — नो तं साइए नो तं नियमे."
1661,
1662,से सिया परो पादाइं लॊद्धेण वा कक्केण वा चुण्णेण वा वण्णेण वा उल्लोलॆज्ज वा उव्वलॆज्ज वा — णो तं साइए नो तं नियमे. से सिया परो पादाइं सीओदग-वियडेण वा उसिणोदग-वियडेण वा उच्छोलॆज्ज वा पधोऎज्ज वा नो तं साइए नो तं नियमे. से सिया परो पादाइं अन्नयरेण विलेवण-जाएण आलिम्पॆज्ज वा विलिम्पॆज्ज वा नो तं साइए नो तं नियमे.
1663,
1664,"से सिया परो पादाइं अन्नयरेण धूवण-जाएण धूवॆज्ज वा पधूवॆज्ज वा — नो तं साइए नो तं नियमे. से सिया परो पादाओ खाणुं वा कण्टयं वा नीहरॆज्ज वा विसोहॆज्ज वा — नो तं साइए नो तं नियमे| से सिया परो पादाओ पूयं वा सोणियं वा नीहरॆज्ज वा विसोहॆज्ज वा — नो तं साइए नो तं नियमे. से सिया परो कायं आमज्जॆज्ज वा पमज्जॆज्ज वा — नो तं साइए नो तं नियमे. से सिया परो कायं लॊट्टेण वा सम्बाहॆज्ज वा पलिमद्दॆज्ज वा — नो तं साइए नो तं नियमे. से सिया परो कायं लॊद्धेण वा कक्केण वा चुण्णेण वा वण्णेण वा उल्लोलॆज्ज वा उव्वलॆज्ज वा, नो तं साइए नो तं नियमे. से सिया परो कायं सीओदग-वियडेण वा उसिणोदग-वियडेण वा उच्छोलॆज्ज वा पहोऎज्ज-वा नो तं साइए नो तं नियमे."
1665,
1666,"से सिया परो कायं अन्नयरेणं विलेवण-जाएणं आलिम्पॆज्ज वा विलिम्पॆज्ज वा, नो तं साइए नो तं नियमे. से सिया परो कायं अन्नयरेणं धूवण-जाएणं धूवॆज्ज वा पधूवॆज्ज वा, नो तं साइए नो तं नियमे. से सिया परो कायंसि वणं आमज्जॆज्ज वा पमज्जॆज्ज वा — नो तं साइए नो तं नियमे. से सिया परो कायंसि वणं सम्बाहॆज्ज वा पलिमद्दॆज्ज वा — नो तं साइए नो तं नियमे. से सिया परो कायंसि वणं तेल्लेण वा घएण वा वसाए वा मक्खॆज्ज वा भिलिङ्गॆज्ज वा, नो तं साइए नो तं नियमे."
1667,
1668,"से सिया परो कायंसि वणं-लॊद्धेण वा कक्केण वा चुण्णेण वा वण्णेण वा उल्लोलॆज्ज वा उव्वलॆज्ज वा, नो तं साइए नो तं नियमे. से सिया परो कायंसि वणं सिओदग-वियडेण वा उसिणोदग-वियडेण वा उच्छोलॆज्ज वा पधोऎज्ज वा, नो तं साइए नो तं नियमे. से सिया परो कायंसि वणं वा गण्डं वा अरइं वा पुलयं वा भगन्दलं वा अन्नयरेणं सत्थ-जाएणं अच्छिन्दॆज्ज वा विच्छिन्दॆज्ज वा — नो तं साइए नो तं नियमे. से सिया परो कायंसि वणं अन्नयरेणं सत्थ-जाएणं अच्छिन्दित्ता वा विच्छिन्दित्ता वा पूयं वा सोणियं वा नीहरॆज्ज वा विसोहॆज्ज वा. नो तं साइए नो तं नियमे."
1669,
1670,"से सिया परो कायंसि गण्डं वा अरइयं वा पिडयं वा भगन्दलं वा आमज्जॆज्ज वा पमज्जॆज्ज वा — नो तं साइए नो तं नियमे. से सिया परो कायंसि गण्डं वा अरइयं वा पिडयं वा भगन्दलं वा सम्बाहॆज्ज वा पलिमद्दॆज्ज वा, नो तं साइए नो तं नियमे."
1671,
1672,"से सिया परो कायंसि गण्डं वा अरइयं वा पिडयं वा भगन्दलं वा तेल्लेण वा घएण वा वसाए वा मक्खॆज्ज वा भिलिङ्गॆज्ज वा, नो तं साइए नो तं नियमे. से सिया परो कायंसि गण्डं वा अरइयं वा पिडयं वा भगन्दलं वा लॊद्धेण वा कक्केण वा चुण्णेण वा वण्णेण वा उल्लोलॆज्ज वा उव्वलॆज्ज वा, नो तं साइए नो तं नियमे. से सिया परो कायंसि गण्डं वा अरइयं वा पिडयं वा भगदलं वा सीओदग-वियडेण वा उसिणोदग-वियडेण वा उच्छोलॆज्ज वा पधोवॆज्ज वा, नो तं साइए नो तं नियमे."
1673,
1674,से से परो कायंसि गण्डं वा अरइयं वा पिडयं वा भगन्दलं वा अन्नयरेणं विलेवण-जाएण आलिम्पॆज्ज वा विलिम्पॆज्ज वा — नो तं साइए नो तं नियमे. से से परो कायंसि गण्डं वा अरइयं वा पिडयं वा भगन्दलं वा अन्नयरेणं घूवण-जाएणं घूवॆज्ज वा पधूवॆज्ज वा-नो तं साइए नो तं नियमे. से से परो कायंसि गण्डं वा अरइयं वा पिडयं वा भगन्दलं वा अन्नयरेणं सत्थ-जाएणं अच्छिन्दॆज्ज वा विच्छिन्दॆज्ज वा-नो तं साइए नो तं नियमे.
1675,
1676,से सिया परो कायंसि गण्डं वा अरइयं वा पिडयं वा भगन्दल वा अन्नयरेणं सत्थजाएणं अच्छिन्दिज्ज वा विच्छिन्दिज्ज वा अन्नयरेणं सत्थजाएणं अच्छिन्दित्ता वा विच्छिन्दित्ता वा पूयं वा सोणियं वा नीहरॆज्जा वा विसोहॆज्जा वा — नो तं साइए नो तं नियमे. से सिया परो कायाओ सेयं वा जल्लं वा नीहरॆज्ज वा विसोहॆज्ज-वा — नो तं साइए नो तं नियमे. से सिया परो अच्छिमलं वा कण्णमलं वा दन्तमलं वा नहमलं वा नीहरॆज्ज वा विसोहॆज्ज वा — नो तं साइए नो तं नियमे. से सिया परो दीहाइं बालाइं दीहाइं रोमाइं दीहाएं भभुहाइं दीहाइं कक्खरोमाइं दीहाइं वत्थिरोमाइं कप्पॆज्ज वा सण्ठवॆज्ज वा — नो तं साइए नो तं नियमे. से सिया परो सीसाओ लिक्खं वा जूयं वा नीहरॆज्ज वा विसोहॆज्ज वा — नो तं साइए नो तं नियमे.
1677,
1678,से सिया परो अङ्कंसि वा पलियङ्कंसि या तुयट्टावॆत्ता पादाइं आमज्जॆज्ज वा पमज्जॆज्ज वा — नो तं साइए नो तं नियमे. एवं हिट्ठिमो गमो पायाइ भाणियव्वो.
1679,
1680,से सिया परो अङ्कंसि वा पलियङ्कंसि वा तुयट्टावित्ता हारं वा अद्धहारं वा उरत्थं वा गेवेयं वा मउडं वा पालम्बं वा सुवण्णसुत्तं वा आविधॆज्ज वा पिणिधॆज्ज वा-नो तं साइए नो तं नियमे. से सिया परो आरामंसि वा उज्जाणंसि वा नीहरॆत्ता वा पविसेता वा पायाइं आमज्जॆज्ज वा पमज्जॆज्ज वा नो तं साइए नो तं नियमे. एवं नेयव्वा अन्नमन्नकिरिया वि.
1681,
1682,"से सिया परो सुद्धेणं वा वइ-बलेणं तेइच्छं आउट्टे, से सिया परो असुद्धेणं वा वइ-बलेणं तेइच्छं आउट्टे, से सिया परो गिलाणस्स सचित्ताणि वा कन्दाणि वा मूलाणि वा तयाणि वा हरियाणि वा खणित्तु वा कड्ढॆत्तु वा कड्ढावॆत्तु वा तेइच्छं आउट्टॆज्जा — नो तं साइए नो तं नियमे. कडुवेयणा पाण-भूय-जीव-सत्ता वेदणं वेदेन्ति."
1683,
1684,एयं खलु तस्स भिक्खुस्स वा भिक्खुणीए वा सामग्गियं जं सव्वट्ठेहिं समिते सहिते सदा जए सेयमिणमन्नॆज्जासि — त्ति बेमि.
1685,
1686,[चउद्दसमं अज्झयणं – अन्नोन्नकिरियासत्तिक्कयं]
1687,
1688,से भिक्खु वा भिक्खुणी वा अन्नमन्नकिरियं अज्झत्थियं संसेसियं-नो तं साइए नो तं नियमे. से अन्नमन्नं पादाइं आमज्जॆज्ज वा पमज्जॆज्ज वा-नो तं साइए नो तं नियमे. सेसं तं चेव. एयं खलु तस्स भिक्खुस्स वा भिक्खुणीए वा सामग्गियं जं सव्वॆट्ठेहिं समित्ते सहिते सदा जए सेयमिणं मन्नॆज्जासि — त्तिबेमि.
1689,
1690,[पनरसमं अज्झयणं – भावणा]
1691,
1692,"तेणं कालेणं तेणं समएणं समणे भगवं महावीरे पञ्चहत्थुत्तरे यावि हॊत्था, हत्थुत्तराहिं चुए चइत्ता गब्भं वक्कन्ते, हत्थुत्तराहिं गब्भाओ गब्भं साहरिए, हत्थुत्तराहिं जाए, हत्थुत्तराहिं सव्वओ सव्वत्ताए मुण्डे भवित्ता अगाराओ अनगारियं पव्वइए, हत्थुत्तराहिं कसिणे पडिपुण्णे अव्वाघाए निरावरणे अनन्ते अनुत्तरे केवलवरनाणदंसणे समुप्पण्णे, साइणा भगवं परिनिव्वुए."
1693,
1694,समणे भगवं महावीरे इमाए ओसप्पिणीए — सुसमसुसमाए समाए वीइक्कन्ताए सुसमाए समाए वीइक्कन्ताए सुसमदुसमाए समाए वीइतक्कन्ताए दुसुमसुसमाए समाए बहु वीइक्कन्ताए पण्णहत्तरीए वासेहिं मासेहि य अद्धनवमेहिं सेसेहिं जे गिम्हाणं चउत्थे मासे अट्ठमे पक्खे — आसाढसुद्धे तस्स णं आसाढसुद्धस्स छट्ठीपक्खेणं हत्थुत्तराहिं नक्खत्तेणं जोगमुवागएणं महाविजय सिद्धत्थपुप्फुत्तर-पवर-पुण्डरीय-दिसाओवत्थिय-वद्धमाणाओ महाविमाणओ वीसं सागरोवमाइं आउयं पालइत्ता आउक्खएणं भवक्खएणं ठिइक्खएणं चुए चइत्ता इह खलु जम्बुद्दीवे दीवे भारहे वासे दाहिणड्ढभरहे दाहिणमाहणकुण्डपुर सन्निवेसंसि उसभदत्तस्स माहणस्स कोडाल-सगॊत्तस्स देवानन्दाए माहणीए जालन्धरायण-सगॊत्ताए सीहॊब्भवभूएणं अप्पाणेणं कुच्छिंसि गब्भं वक्कन्ते.
1695,
1696,"समणे भगवं महावीरे तिन्नाणोवगए यावि हॊत्था — चइस्सामित्ति जाणइ, चुएमित्ति जाणइ, चयमाणे न जाणेइ, सुहुमे णं से काले पन्नत्ते."
1697,
1698,"तओ णं समणस्स भगवओ महावीरस्स अनुकम्पए णं देवे णं जीयमेयं ति कट्टु जे से वासाणं तच्चे मासे पञ्चमे पक्खे — आसोयबहुले तस्स णं आसोयबहुलस्स तेरसीपक्खेणं हत्थुत्तराहिं नक्खत्तेहिं जोगमुवागएणं बासीतिहिं रांइदिएहिं वीइक्कन्तेहिं तेसीइमस्स राइन्दियस्स परियाए वट्टमाणे दाहिणमाहण-कुण्डपुर-सन्निवेसाओ उत्तरखत्तियकुण्डपुर-सन्निवेसंसि नायाणं खत्तियाणं सिद्धत्थस्स खत्तियस्स कासवगॊत्तस्स तिसलाए खत्तियाणीए वासिट्ठ-सगॊत्ताए असुभाणं पुग्गलाणं अवहारं करॆत्ता सुभाणं पुग्गलाणं पक्खेवं करॆत्ता कुच्छिंसि गब्भं साहरइ, जेवि य से तिसलाए खत्तियाणीए कुच्छिंसि गब्भे तम्पि य दाहिणमाहणकुण्डपुर-सन्निवेसंसि उसभदत्तस्स माहणस्स कोडाल-सगॊत्तस्स देवानन्दाए माहणीए जालन्धरायण-सगॊत्ताए कुच्छिंसि साहरइ."
1699,
1700,"समणे भगवं महावीरे तिन्नाणोवगए यावि हॊत्था — साहरिज्जिस्सामित्ति जाणइ, साहरिएमित्ति जाणइ, साहरिज्जमाणे वि न जाणइ समणाउसो! तेणं कालेणं तेणं समएणं तिसलाखत्तियाणी अह अन्नया कयाइ नवण्हंमासाणं बहुपडि-पुण्णाणं अद्धट्ठमाणं राइन्दियाणं वीतिक्कन्ताणं जे से गिम्हाणं पढमे मासे दॊच्चे पक्खे — चॆत्तसुद्धे तस्सणं चॆत्तसुद्धस्स तेरसीपक्खेणं हत्थुत्तराहिं नक्खत्तेणं जोगोवगएणं समणं भगवं महावीरं अरोगा अरोगं पसूया."
1701,
1702,जं णं राइं तिसला खत्तियाणी समणं भगवं महावीरं अरोगा अरोगं पसूया तण्णं राइं भवणवइ-वाणमन्तर-जोइसिय-विमाणवासिदेवेहिं य देवीहि य ओवयन्तेहि य उप्पयन्तेहि य एगे महं दिव्वे देवुज्जोए देव-सन्निवाते देवकहक्कहे उप्पिञ्जलगभूए यावि हॊत्था.
1703,
1704,जं णं रयणिं तिसला खत्तियाणी समणं भगवं महावीरं अरोगा अरोगं पसूया तण्णं रयणिं बहवे देवा य देवीओ य एगं महं अमयवासं च गन्धवासं च चुण्णवासं च पुप्फवासं च हिरण्णवासं च रयणवासं च वासिंसु.
1705,
1706,जं णं रयणिं तिसला खत्तियाणी समणं भगवं महावीर अरोगा अरोगं पसूया तण्णं रयणिं भवणवइ-वाणमन्तर-जोइसिय-विमाणवासिणो देवा य देवीओ य समणस्स भगवओ महावीरस्स सूइकम्माइं तित्थयराभिसेयं च करिंसु.
1707,
1708,जओ णं पभिइ समणे भगवं महावीरे तिसलाए खत्तियाणीए कुच्छिंसि गब्भं आगए तओ णं पभिइ तं कुलं विपुलेणं हिरण्णेणं सुवण्णेणं धणेणं धन्नेणं माणिक्केणं मॊत्तिएणं सङ्ख-सिल-प्पवालेणं अईव-अईव परिवड्ढइ.
1709,
1710,"तओ णं समणस्स भगवओ महावीरस्स अम्मापियरो एयमट्ठं जाणॆत्ता निव्वत्त-दसाहंसि वॊक्कन्तंसि सुचिभूयंसि विपुलं असनं-पानं-खाइमं-साइमं उवक्कखडावेति, उवक्खडावॆत्ता मित्त-नाति-सयण-सम्बन्धिवग्गं उवनिमन्तेति मित्त-नाति-सयण-सम्बन्धिवग्गं उवनिमन्तॆत्ता बहवे समण-माहण-किवण-वणिमग-भिच्छुडग-पण्डरगातीण विच्छड्डेति विगोवन्ति विस्साणेति दायारेसु दानं पज्जभाएन्ति विच्छड्डित्ता विगोवित्ता विस्साणित्ता दायारेसु णं दायं पज्जभाऎत्ता मित्त-नाइ-सयण-सम्बन्धिवग्गं भुञ्जावेन्ति, भुञ्जावॆत्ता मित्त-नाइ-सयण-सम्बन्धिवग्गेणं इमेयारूवं नामधॆज्जं कारविन्ति."
1711,
1712,जओ णं पभिइ इमे कुमारे तिसलाए खत्तियाणीए कुच्छिंसि गभ्भे आहुए तओ णं पभिइ इमं कुलं विउलेणं हिरण्णेणं सुवण्णेणं धणेणं धन्नेणं माणिक्केणं मॊत्तिएणं सङ्ख-सिल-प्पवालेणं अईव-अईव परिवड्ढइ तो होउ णं कुमारे वद्धमाणे०.
1713,
1714,"तओ णं समणे भगवं महावीरे पञ्चधातिपरिवुडे, तं जहा — खीरधाईए मज्जणधाईए मण्डणधाईए खेल्लावणधाईए अङ्कधाईए अङ्काओ अङ्कं साहरिज्जमाणे रम्मे मणिकॊट्टिमतले गिरिकन्दर-समुल्लीणे व चम्पयपायवे अहानुपुव्वीए संवड्ढइ."
1715,
1716,तओ णं समणे भगवं महावीरे विण्णायपरिणये विणियत्तबालभावे अप्पुस्सुयाइं उरालाइं माणुस्सागाइं पञ्चलक्खणाइं कामभोगाइं सद्द-फरिस-रस-रूव-गन्धाइं परियारेमाणे एवं च णं विहरइ.
1717,
1718,"समणे भगवं महावीरे कासवगॊत्ते तस्स णं इमे तिन्नि नामधॆज्जा एवमाहिज्जन्ति तं जहा — अम्मापिउसन्तिए वद्धमाणे, सह-सम्मुइए समणे, भीमं भयभेरवं उरालं अचेलयं परिसहं सहइ त्ति कट्टु देवेहिं से नामं कयं समणे भगवं महावीरे."
1719,
1720,"समणस्स णं भगवओ महावीरस्स पिआ कासवगॊत्तेण तस्स णं तिन्नि नामधॆज्जा एवमाहिज्जन्ति तं जहा — सिद्धत्थे ति वा, सॆज्जंसे ति वा, जसंसे ति वा."
1721,
1722,समणस्स णं भगवओ महावीरस्स अम्मा वासिट्ठ-सगॊत्ता तीसे णं तिन्नि नामधॆज्जा एवमाहिज्जन्ति तं जहा — तिसला ति वा विदेहदिन्ना ति वा पियकारिणी ति वा.
1723,
1724,"समणस्स णं भगवओ महावीरस्स पित्तियए सुपासे कासवगॊत्तेणं, समणस्स णं भगवओ महावीरस्स जॆट्ठे भाया नन्दिवद्धणे कासवगॊत्तेणं, समणस्स णं भगवओ महावीरस्स जॆट्ठा भइणी सुदंसणा कासवगॊत्तेणं, समणस्स णं भगवओ महावीरस्स भज्जा जसोया कोडिण्णागॊत्तेणं."
1725,
1726,"समणस्स णं भगवओ महावीरस्स धूया कासवगॊत्तेणं तीसे णं दो नामधॆज्जा एवमाहिज्जन्ति तं जहा — अनॊज्जा ति वा, पियन्दसणा ति वा. समणस्स णं भगवओ महावीरस्स नत्तुई कोसियगॊत्तेणं, तीसे णं दो नामधॆज्जा एवमाहिज्जन्ति तं जहा — सेसवन्ती ति वा जसवती ति वा."
1727,
1728,"समणस्स णं भगवओ महावीरस्स अम्मापियरो पासावच्चिज्जा समणोवासगा यावि हॊत्था, ते णं बहूइं वासाइं समणोवासगपरियागं पालइत्ता छण्हं जीवनिकायाणं संरक्खणनिमित्तं आलोइत्ता निन्दित्ता गरहित्ता पडिक्कमित्ता अहारिहं उत्तरगुणं पायच्छित्तं पडिवज्जित्ता कुससन्थारं दुरुहित्ता भत्तं पच्चक्खाइन्ति भत्तं पच्चक्खाइत्ता अपच्छिमाए मारणन्तियाए सरीर-संलेहणाए झोसियसरीरा कालमासे कालं किच्चा तं सरीरं विप्पजहित्ता अच्चुए कप्पे देवत्ताए उववण्णा, तओ णं आउक्खएणं भवक्खएणं ठिइक्खएणं चुए चइत्ता महाविदेहवासे चरिमेणं उस्सासेणं सिज्झिस्सन्ति बुज्झिस्सन्ति मुच्चिस्सन्ति परिनिव्वाइस्सन्ति सव्वदुक्खाणमन्तं करिस्सन्ति."
1729,
1730,तेणं कालेणं तेणं समएणं समणे भगवं महावीरे नाते नायपुत्ते नायकुल-विनिव्वत्ते — विदेहे विदेहदिन्ने विदेहजच्चे विहेहसुमाले तीसं वासाइं विदेहत्ति कट्टु अगारमज्झे वसित्ता अम्मापिऊहिं कालगएहिं देवलोगमनुपत्तेहिं समत्तपइण्णे चिच्चा हिरण्णं चिच्चा सुवण्णं चिच्चा बलं चिच्चा वाहणं चिच्चा घण-घन्न-कनग-रयण-सन्त-सार-सावदॆज्जं विच्छड्डॆत्ता विगोवित्ता विस्साणित्ता दायारेसु दानं दाइत्ता परिभाऎत्ता संवच्छरं दलइत्ता जे से हेमन्ताणं पढमे मासे पढमे पक्खे-मग्गसिरबहुले तस्स णं मग्गसिरबहुलस्स दसमीपक्खेणं हत्थुत्तराहिं नक्खत्तेणं जोगोवगएणं अभिनिक्खमणाभिप्पाए यावि हॊत्था.
1731,
1732,संवच्छरेण होहिति अभिनिक्खमणं तु जिनवरिन्दस्स
1733,तो अत्थ-सम्पदाणं पव्वत्तई पुव्वसूराओ // आयार.५१४
1734,
1735,एगा हिरण्णकोडी अट्ठेव अनूनया सयसहस्सा
1736,सूरोदयमाईयं दिज्जइ जा पायरासो त्ति // आयार.५१५
1737,
1738,तिन्नेव य कोडिसया अट्ठासीतिं च होन्ति कोडीओ
1739,असिन्ति च सयसहस्सा एयं संवच्छरे दिन्नं // आयार.५१६
1740,
1741,वेसमणकुण्डलधरा देवा लोगन्तिया महिड्ढीया
1742,बोहिन्ति य तित्थयरं पन्नरससु कम्म-भूमिसु // आयार.५१७
1743,
1744,बम्भंमि य कप्पंमि य बॊद्धव्वा कण्हराइणो मज्झे
1745,लोगन्तिया विमाणा अट्ठसु वत्था असङ्खॆज्जा // आयार.५१८
1746,
1747,एए देवनिकाया भगवं बोहिन्ति जिनवरं वीरं
1748,सव्वजगजीवहियं अरहं! तित्थं पव्वत्तेहि // आयार.५१९
1749,
1750,"तओ णं समणस्स भगवओ महावीरस्स अभिनिक्खमणाभिप्पायं जाणॆत्ता भवणवइ-वाणमन्तर-जोइसिय-विमाणवासिणो देवा य देवीओ य सएहिं-सएहिं रूवेहिं सएहिं-सएहिं नेवत्थेहिं सएहिं-सएहिं चिन्धेहिं सव्विड्ढीए सव्वजुतीए सव्वबलसमुदएणं सयाइं-सयाइं जाण विमाणाइं दुरुहन्ति सयाइं-सयाइं जाणविमाणाइं दुरुहित्ता अहाबादराइं पॊग्गलाइं परिसाडन्ति, अहाबादराइं पॊग्गलाइं परिसाडॆत्ता अहासुहुमाइं पॊग्गलाइं परियाइन्ति, अहा-सुहुमाइं पॊग्गलाइं परियाइत्ता उड्ढं उप्पयन्ति उड्ढं उप्पइत्ता ताए उक्किट्ठाए सिग्घाए चवलाए तुरियाए दिव्वाए देवगईए अहेणं ओवयमाणा-ओवयमाणा तिरिएणं असङ्खॆज्जाइं दीवसमुद्दाइं वीतिक्कममाणा-वीतिक्कममाणा जेणेव जम्बुद्दीये दीवे तेणेव उवागच्छन्ति तेणेव उवागच्छित्ता जेणेव उत्तरखत्तियकुण्डपुर-सन्निवेसे तेणेव उवागच्छन्ति तेणेव उवागच्छित्ता जेणेव उत्तरखत्तियकुण्डपुर-सन्निवॆस्स उत्तरपुरत्थिमे दिसीभाए तेणेव भत्तिवेगेण उवट्ठिया."
1751,
1752,तओ णं सक्के देविन्दे देवराया सणियं-सणियं जाणविमाणं ठवेति सणियं-सणियं जाणविमाणं ठवॆत्ता सणियं-सणियं जाणविमाणाओ पच्चॊत्तरति सणियं-सणियं जाणविमाणाओ पच्चॊत्तरित्ता एगन्तमवक्कमेति एगंमवक्कमॆत्ता महया वेउव्विएणं समुग्घाएणं समोहण्णति महया वेउव्विएणं समुग्घाएणं समोहणित्ता एगं महं नानामणिकनयरयणभत्तिचित्तं सुभं चारु कन्त रूवं देवच्छन्दयं विउव्वति.
1753,
1754,"तस्स णं देवच्छन्दयस्स बहुमज्झदेसभाए एगं महं सपायपीढं नानामणिकनग रयणभत्तिचितं सुभं चारुकन्तरूवं सिहासनं विउव्वइ, विउव्वित्ता जेणेव समणे भगवं महावीरे तेणेव उवागच्छति, तेणेव उवागच्छित्ता समणं भगवं महावीरं तिक्खुत्तो आयाहिणं पयाहिणं करेइ, समणं भगवं महावीरं तिक्खुत्तो आयाहिणं पयाहिणं करॆत्ता समणं भगवं महावीरं वन्दति नमंसति."
1755,
1756,"वन्दित्ता नमंसित्ता समणं भगवं महावीरं गहाय जेणेव देवच्छन्दए तेणेव उवागच्छति, उवागच्छित्ता सणियं-सणियं पुरत्थाभिमुहे सीहासने निसीयावेइ, निसीयावॆत्ता सयपाग-सहस्सपागेहिं तेल्लेहिं अब्भङ्गेति, अब्भङ्गॆत्ता गन्धकसाएहिं उल्लोलेति उल्लोलित्ता सुद्धोदएणं मज्जावेइ, मज्जावित्ता जस्स णं मुल्लं सयसहस्से णं तिपडोलतित्तिएणं साहिएणं सीतएणं गोसीसरत्तचन्दणेणं अनुलिम्पति, अनुलिम्पित्ता ईसिं निस्सासवातवॊज्झं वरनगरपट्टणुग्गयं कुसलनरपसंसितं अस्स-लालापेलवं छेयारियकनगखचियन्त कम्मं हंसलक्खकणं पट्टजुयलं नियंसावेइ नियंसावॆत्ता हारं अद्धहारं उरत्थं नेवत्थं एगावलिं पालम्बसुत्त-पट्ट-मउड-रयणमालाइं आविन्धावेति, अविन्धावॆत्ता गन्थिम वेढिम पूरिम सङ्घातिमेणं मल्लेणं कप्परुक्खमिव समालङ्करेति समालङ्करेता दॊच्चम्पि महया वेउव्वियसमुग्घाएणं समोहण्णइ."
1757,
1758,"समोहणित्ता एगं महं चन्दप्पभं सिबियं सहस्सवाहिणि विउव्वइ, तं जहा — ईहामिय-उसभ-तुरग-नर-मकर-विहग-वानर-कुञ्जर-रुरु-सरभ-चमर-सद्दूलसीह-वनलय-भत्ति चित्त लय विज्जाहर-मिहुण-जुयलजन्त-जोगजुत्तं अच्चीसहस्समालिणीयं सुनिरुवितं-मिसिमिसिन्त-रूवगसहस्सकलियं ईसिं भिसमाणं भिब्भिसमाणं चक्खुल्लोयण-लॆस्सं मुत्ताहल-मुत्ताजालन्तरोवियं तवनीय-पवरलम्बूस-पलम्बन्त मुत्तदामं हारद्धहार-भूसणसमोणयं अहियपॆच्छणिज्जं पउमलयभत्तिपितं असोगलयभत्तिचितं कुन्दलयभत्तिचित्तं नानालयभत्ति० विरइयं सुभं चारुकन्तरूवं नानामणि-पञ्चवण्णघण्टापडाय-परिमण्डियग्गसिहरं पासादीयं दरिसणीयं सुरूवं."
1759,
1760,सीया उवणीया जिनवरस्स जरमरणविप्पमुक्कस्स
1761,ओसत्तमल्लदामा जलथलयदिव्वकुसुमेहिं // आयार.५२१
1762,
1763,सिबियाए मज्झयारे दिव्वं वररयणरूवचिञ्चइयं
1764,सीहासनं महरिहं सपादपीढं जिनवरस्स // आयार.५२२
1765,
1766,आलइयमालमउडो भासुबोन्दी वराभरणधारी
1767,खोमयवत्थनियत्थो जस्स य मोल्लं सयसहस्सं // आयार.५२३
1768,
1769,छट्ठेण उ भत्तेणं अज्झवसाणेण सोहणेण जिनो
1770,लेसाहिं विसुज्झन्तो आरुहइ उत्तमं सीयं // आयार.५२४
1771,
1772,सीहासने निविट्ठो सक्कीसाणा य दोहिं पासेहिं
1773,वीयन्ति चामराहिं मणिरयणविचित्तदण्डाहिं // आयार.५२५
1774,
1775,पुव्विं उक्खित्ता मानुसेहिं साहट्टुरोमकूवेहिं
1776,पच्छा वहन्ति देवा सुरअसुरगरुलनागिन्दा // आयार.५२६
1777,
1778,पुरओ सुरा वहन्ती असुरा पुण दाहिणंमि पासंमि
1779,अवरे वहन्ति गरुला नागा पुण उत्तरे पासे // आयार.५२७
1780,
1781,वनसण्डं व कुसुमियं पउमसरो वा जहा सरयकाले
1782,सोहइ कुसुमभरेणं इय गगनयलं सुरगणेहिं // आयार.५२८
1783,
1784,सिद्धत्थवनं वा जहा कणियारवनं व चम्पगवनं वा
1785,सोहइ कुसुमभरेणं इय गगनयलं सुरणगेहिं // आयार.५२९
1786,
1787,वरपडहभेरिज्झल्लरि-सङ्खसयसहस्सिएहिं तूरेहिं
1788,गगनतले घरणितले तूर-निनाओ परमरम्मो // आयार.५३०
1789,
1790,ततविततं घनझुसिरं आउज्जं चउविहं बहुविहीयं
1791,वायन्ति तत्थ देवा बहूहिं आनट्टगसएहिं // आयार.५३१
1792,
1793,तेणं कालेणं तेणं समएणं जे से हेमन्ताणं पढमे मासे पढमे पक्खे — मग्गसिर-बहुले तस्स णं मग्गसिरबहुलस्स दसमीपक्खेणं सुव्वएणं दिवसेणं विजएणं मुहुत्तेणं हत्थुत्तराहिं नक्खत्तेणं जोगोवगएणं पाईणगामिणीए छायाए वियत्ताए पोरिसीए छट्ठेणं भत्तेणं अपाणएणं एगसाडगमायाए चन्दप्पहाए सिबियाए सहस्सवाहिणीए सदेवमणुयासुराए परिसाए समण्णिज्जमाणे — समण्णिज्जमाणे उत्तरखत्तियकुण्डपुर-संनिवेसस्स मज्झंमज्झेणं निगच्छइ निगच्छित्ता... जेणेव नायसण्डे उज्जाणे तेणेव उवागच्छइ उवागच्छित्ता ईसिं रयणिप्पमाणं अच्छुप्पेणं भूमिभागेणं सणियं-सणियं चन्दप्पभं सिबियं सहस्सवाहिणिं ठवेइ ठवॆत्ता सणियं-सणियं चन्दप्पभाओ सिबियाओ सहस्सवाहिणीओ पच्चोयरइ पच्चोयरित्ता सणियं-सणियं पुरत्थाभिमुहे सीहासने निसीयइ आभरणालङ्कारं ओमुयइ.
1794,
1795,तओ णं वेसमणे देवे जन्नुव्वायपडिए समणस्स भगवओ महावीरस्स हंसलक्खणेणं पडेणं आभरणालङ्कारं पडिच्छइ.
1796,
1797,तओ णं समणं भगवं महावीरे दाहिणेणं दाहिणं वामेणं वामं पञ्चमुट्ठियं लोयं करेइ.
1798,
1799,तओ णं सक्के देविन्दे देवराया समणस्स भगवओ महावीरस्स जन्नुव्वायपडिए वयरामएणं थालेणं केसाइं पडिच्छइ पडिच्छित्ता अनुजाणेसि भन्ते त्ति कट्टु खीरोयसायरं साहरइ .
1800,
1801,"तओ णं समणे भगवं महावीरे दाहिणेणं दाहिणं वामेणं वामं पञ्चमुट्ठियं लोयं करॆत्ता सिद्धाणं नमुक्कारं करेइ करॆत्ता सव्वं मे अकरणिज्जं पावकम्मं ति कट्टु सामाइयं चरित्तं पडिवज्जइ, सामाइयं चरित्तं पडिवज्जॆत्ता देवपरिसं मनुयपरिसं च आलिक्ख-चित्तभूयमिव ट्ठवेइ."
1802,
1803,दिव्वो मनुस्सघोसो तुरियनिनाओ य सक्कवयणेण
1804,खिप्पामेव निलुक्को जाहे पडिवज्जइ चरित्तं // आयार.५३३
1805,
1806,पडिवज्जित्तु चरित्तं अहोनिसं सव्वपाणभूतहितं
1807,साहट्टु लोमपुलया पयया देवा निसामिन्ति // आयार.५३४
1808,
1809,तओ णं समणस्स भगवओ महावीरस्स सामाइयं खाओवसमियं चरित्तं पडिवन्नस्स मनपज्जवनाणे नामं नाणे समुप्पन्ने — अड्ढाइज्जेहिं दीवेहिं दोहि य समुद्देहिं सन्नीणं पञ्चेदियाणं पज्जत्ताणं वियत्तमणुसाणं मनोगयाइं भावाइं जाणेइ.
1810,
1811,"तओ णं समणे भगवं महावीरे पव्वइते समाणे मित्त-नाति-सयण-सम्बन्धिवग्गं पडिविसज्जेति पडिविसज्जॆत्ता, इमं एयारूवं अभिग्गहं अभिगिण्हइ, बारस-वासाइं वोसट्ठकाए चियत्तदेहे जे केइ उवसग्गा उप्पज्जन्ति तं जहा — दिव्वा वा मानुसा वा तेरिच्छिया वा ते सव्वे उवसग्गे समुप्पन्ने समाणे सम्मं सहिस्सामि खमिस्साभि अहियासइस्सामि."
1812,
1813,"तओ णं समणे भगवं महावीरे इमं एयारूवं अभिग्गहं अभिगिण्हॆत्ता वोसट्ठकाए चत्तदेहे दिवसे मुहुत्तसेसे कुमार गामं समणुपत्ते, तओ णं समणे भगवं महावीरे वोसट्ठचत्तेदेहे अनुत्तरेणं आलएणं अनुत्तरेणं विहारेणं अनुत्तरेणं सञ्जमेणं अनुत्तरेणं पग्गहेणं अनुत्तरेणं संवरेणं अनुत्तरेणं तवेणं अनुत्तरेणं बम्भचेरवासेणं अनुत्तराए खन्तीए अनुत्तराए मॊत्तीए अनुत्तराए तुट्ठीए अनुत्तराए समितीए अनुत्तराए गुत्तीए अनुत्तरेणं ठाणेणं अनुत्तरेणं कम्मेणं अनुत्तरेणं सुचरियफलनिव्वाणमुत्तिमग्गेणं अप्पाणं भावेमाणे विहरइ."
1814,
1815,"एवं विहरमाणस्स जे केइ उवसग्गा समुपज्जिंसु, तं जहा — दिव्वा वा माणुसा वा तेरिच्छिया वा ते सव्वे उवसग्गे समुप्पन्ने समाणे अनाउले अव्वहिए अदीन मानसे तिविह मणवयणकायगुत्ते सम्मं सहइ खमइ तितिक्खइ अहियासेइ."
1816,
1817,तओ णं समणस्स भगवओ महावीरस्स एएणं विहारेणं विहरमाणस्स बारसवासा विइक्कन्ता तेरसमस्स य वासस्स परियाए वट्टमाणस्स जे से गिम्हाणं दॊच्चे मासे चउत्थे पक्खे — वइसाहसुद्धे तस्स णं वइसाहसुद्धस्स दसमीपक्खेणं सुव्वएणं दिवसेणं विजएणं मुहुत्तेणं हत्थुत्तराहिं नक्खत्तेणं जोगोवगतेणं पाईणं-गामिणीए छायाए वियत्ताए पोरिसीए जम्भियगामस्स नगरस्स बहिया नईए उजुवालिया उत्तरे कूले सामागस्स गाहावइस्स कट्ठकरणंसि उड्ढं जाणू-अहोसिरस्स झाणकॊट्ठोवगयस्स वेयावत्तस्स चेइयस्स उत्तरपुरत्थिमे दिसीभाए सालरुक्खस्स अदूरसामन्ते उक्कुडुयस्स गोदोहियाए आयावणाए आयावेमाणस्स छट्ठेणं भत्तेणं अपाणएणं सुक्कज्झाणन्तरियाए वट्टमाणस्स निव्वाणे कसिणे पडिपुण्णे अव्वाहए निरावरणे अनन्ते अनुत्तरे केवलवरनाणन्दंसणे समुप्पन्ने.
1818,
1819,"से भगवं अरहं जिने जाए केवली सव्वन्नू सव्वभावदरिसी सदेवमणुयासुरस्स लोयस्स पज्जाए जाणइ, तं जहा — आगत्तिं गतिं ठितिं चयणं उववायं भुत्तं पीयं कडं पडिसेवियं आवीकम्मं रहोकम्मं लवियं कहियं मनोमानसियं सव्वलोए सव्वजीवाणं सव्वभावाइ जाणमाणे पासमाणे एवं च णं विहरइ."
1820,
1821,"जं णं दिवसं समणस्स भगवओ महावीरस्स निव्वाणे कसिणे पडिपुण्णे अव्वाहए निरावरणे अनन्ते अनुत्तरे केवलवरनाणदंसणे समुप्पन्ने तण्णं दिवसं भवणवइ-वाणमन्तर-जोइसिय-विमाणवासिदेवेहि य देवीहि य ओवयन्तेहि य जाव उप्पिञ्जलगभूए यावि हॊत्था, तओ णं समणे भगवं महावीरे उप्पन्ननाण-दंसणधरे अप्पाणं च लोगं च अभिसमॆक्ख पुव्वं देवाणं धम्ममाइक्खति, तओ पच्छा मणुस्साणं,... तओ णं समणे भगवं महावीरे उप्पन्ननाणदंसणधरे गोयमाईणं समणाणं निग्गन्थाणं पञ्च महव्वयाइं सभावणाइं छज्जीवनिकायाइं आइक्खइ भासइ० परूवेइ, तं जहा — पुढविकाए आउकाए तेउकाए वाउकाए वणस्सइकाए तसकाए."
1822,
1823,"पढमं भन्ते! महव्वयं-पच्चक्खामि सव्वं पाणाइवायं — से सुहुमं वा बायरं वा तसं वा थावरं वा-नेव सयं पाणाइवायं करॆज्जा नेव'न्नेहिं पाणाइवायं कारवॆज्जा नेव'न्नं पाणाइवायं करन्तं समणु जाणॆज्जा जावज्जीवाए तिविहं तिविहेणं — मणसा वयसा कायसा तस्स भन्ते, पडिक्कमामि निन्दामि गरिहामि अप्पाणं वोसिरामि."
1824,
1825,"तस्सिमाओ पञ्च भावनाओ भवन्ति, तत्थिमा पढमा भावना — इरियासमिए से निग्गन्थे नो इरियाअसमिए त्ति, केवली बूया इरियाअसमिए से निग्गन्थे पाणाइं भूयाइं जीवाइं सत्ताइं अभिहणॆज्ज वा वत्तॆज्ज वा परियावॆज्ज वा लेसिज्ज वा उद्दवॆज्ज वा, इरियासमिए से निग्गन्थे नो इरियाअसमिए त्ति पढमा भावना,."
1826,
1827,"अहावरा दॊच्चा भावना — मणं परिजाणाइ से निग्गन्थे, जे य मणे पावए सावज्जे सकिरिए अण्हयकरे छेयकरे भेदकरे अधिकरणिए पाओसिए पारिताविए पाणाइवाइए भूओवघाइए — तहप्पगारं मणं नो पधारॆज्जा गमणाए मणं परिजाणाति से निग्गन्थे, जे य मणे अपावए त्ति दॊच्चा भावना."
1828,
1829,"अहावरा तच्चा भावना — वइं परिजाणइ से निग्गन्थे, जा य वई पाविया सावज्जा सकिरिया जाव भूओवघाइया तहप्पगारं वइं नो उच्चारिज्जा, जे वयं परिजाणइ से निग्गन्थे, जा य वई अपावियत्ति तच्चा भावना."
1830,
1831,अहावरा चउत्था भावना — आयाणभण्डमत्तनिक्खेवणा समिए से निग्गन्थे नो आयाणभण्डमत्त-निक्खेवणा असमिए केवली बूया — आयाणभण्डमत्तनिक्खेवणाअसमिए से निग्गन्थे पाणाइं भूयाइं जीवाइं सत्ताइं अभिहणॆज्ज वा जाव उद्दवॆज्ज वा तम्हा आयाणभण्डमत्तनिक्खेवणा समिए से निग्गन्थे नो आयाणभण्डमत्त-निक्खेवणा असमिए त्ति चउत्था भावना.
1832,
1833,"अहावरा पञ्चमा भावना — आलोइयपानभोयणभोइ से निग्गन्थे, नो अनालोइय पानभोयणभोई, केवली बूया-अनालोइयपानभोयणभोई से निग्गन्थे पाणाइं भूयाइं जीवाइं सत्ताइं अभिहणॆज्ज वा उद्दवॆज्ज वा तम्हा आलोइयपानभोयणभोई से निग्गन्थे, नो अनालोइयपानभोयणभोई त्ति पञ्चमा भावना."
1834,
1835,"एतावताव पढमे महव्वए सम्मं काएण फासिए पालिए तीरिए किट्टिए अवट्ठिए आणाए आराहिए यावि भवइ, पढमे भन्ते! महव्वए पाणाइवायाओ वेरमणं."
1836,
1837,अहावरं दॊच्चं भन्ते महव्वयं-पच्चक्खामि सव्वे मुसावायं वइदोसं — से कोहा वा लोहा वा भया वा हासा वा नेव सयं मुसं भासॆज्जा नेव'न्नेणं मुसं भासावॆज्जा अन्नं पि मुसं भासन्तं न समणुजाणॆज्जा जावज्जीवाए तिविहं तिविहेणं — मणसा वयसा कायसा तस्स भन्ते पडिक्कमामि निन्दामि गरिहामि अप्पाणं वोसिरामि.
1838,
1839,"तस्सिमाओ पञ्च भावनाओ भवन्ति तत्थिमा पढमा भावना — अनुवीइभासी से निग्गन्थे, नो अनुवीइभासी केवली बूया-अननुवीइभासी से निग्गन्थे, समावदॆज्जा मोसं वयणाए, अनुवीइभासी से निग्गन्थे नो अननुवीइभासित्ति पढमा भावना."
1840,
1841,"अहावरा दॊच्चा भावना — कोहं परिजाणइ से निग्गन्थे नो कोहणे सिया, केवली बूया — कोहपत्ते कोही समावदॆज्जे मोसं वयणाए, कोहं परिजाणइं से निग्गन्थे न ये कोहणे सियत्ति दॊच्चा भावना."
1842,
1843,"अहावरा तच्चा भावना — लोभं परिजाणइ से निग्गन्थे नो य लोभणए सिया, केवली बूया — लोभपत्ते लोभी समावदॆज्जा मोसं वयणाए लोभं परिजाणइ, से निग्गन्थे नो य लोभणए सियत्ति तच्चा भावना."
1844,
1845,"अहावरा चउत्था भावना — भयं परिजाणइ से निग्गन्थे नो भयभीरुए सिया, केवली बूयाभयप्पत्ते भीरू समावदॆज्जा मोसं वयणाए, भयं परिजाणइ से निग्गन्थे, नो य भयभीरूए सियत्ति चउत्था भावना."
1846,
1847,"अहावरा पञ्चमा भावना — हासं परिजाणइ से निग्गन्थे नो य हासणए सिया, केवली बूया — हासपत्ते हासी समावदॆज्जा मोसं वयणाए, हासं परिजाणइ से निग्गन्थे, नो य हासणए सियत्ति पञ्चमा भावना."
1848,
1849,"एतावताव दॊच्चे महव्वए सम्मं काएण फासिए पालिए तीरिए किट्टिए अवट्ठिए आणाए आराहिए यावि भवति, दॊच्चे भन्ते! महव्वए मुसावायाओ वेरमणं."
1850,
1851,अहावरं तच्चं भन्ते! महव्वयं — पच्चक्खामि सव्वं अदिन्नादाणं — से गामे वा नगरे वा अरण्णे वा अप्पं वा बहुं वा अणुं वा थूलं वा चित्तमन्तं वा अचित्तमन्तं वा नेव सयं अदिन्नं गेण्हिज्जा नेवन्नेहिं अदिन्नं गेण्हावज्जा अन्नम्पि अदिन्नं गेण्हन्तं न समणुजाणिज्जा जावज्जीवाए तिविहं तिविहेणं — मणसा वयसा कायसा तस्स भन्ते! पडिक्कमामि निन्दामि गरिहामि अप्पाणं वोसिरामि.
1852,
1853,"तस्सिमाओ पञ्च भावणाओ भवन्ति, तत्थिमा पढमा भावना — अनुवीइ मिऒग्गहजाई से निग्गन्थ नो अननुवीइमिऒग्गहजाई, केवली बूया-अननुवीइमिऒग्गहजाई त्ति पढमा भावना."
1854,
1855,"अहावरा दॊच्चा भावना — अणुन्नवियपानभोयणभोई से निग्गन्थ नो अणणुन्नवियपान-भोयभोई केवली बूया — अणणुन्नवियपाणभोयणभोई से निग्गन्थे अदिन्न भुञ्जॆज्जा, तम्हा अणुण्णवियपान-भोयणभोई से निग्गन्थे नो अणणुन्नवियपाणभोइणभोई त्ति, दॊच्चा भावना."
1856,
1857,"अहावरा तच्चा भावना — निग्गन्थे णं ऒग्गहंसि ऒग्गहियंसि एतावताव ऒग्गहणसीलए सिया केवली बूया — निग्गन्थे णं ऒग्गहंसि अनॊग्गहियंसि एतावताव अनॊग्गहणसीलो अदिन्नं ओगिण्हॆज्जा, निग्गन्थे णं ऒग्गहंसि ऒग्गहियंसि एतावताव ऒग्गहणसीए सियत्ति तच्चा भावना."
1858,
1859,"अहावरा चउत्था भावना — निग्गन्थे णं ऒग्गहंसि ऒग्गहियंसि अभिक्खणं अभिक्खणं ऒग्गहणसीलए सिया, केवली बूया — निग्गन्थे णं ऒग्गहंसि ऒग्गहियंसि अभिक्खणं-अभिक्खणं अणॊग्गहणसीले अदिन्नं गिण्हॆज्जा निग्गन्थे ऒग्गहंसि ऒग्गहियंसि अभिक्खणं-अभिक्खणं ऒग्गहणसीलए सियत्ति चउत्था भावना."
1860,
1861,"अहावरा पञ्चमा भावना — अनुवीइमितॊग्गहजाई से निग्गन्थे साहम्मिएसु, नो अननुवीइ-मिऒग्गहजाई, केवली बूया अननुवीइमिऒग्गहजाई से निग्गन्थे साहम्मिएसु अदिन्नं ओगिण्हॆज्जा अनुवीइ मिऒग्गहजाई से निग्गन्थे साहम्मिएसु नो अननुवीइमिऒग्गहजाई — इइ पञ्चमा भावना."
1862,
1863,"एतावताव तच्चे महव्वए सम्मं काएण फासिए पालिए तीरिए किट्टिए अविट्ठिए अपाए आराहिए यावि भवइ, तच्चे भन्ते! महव्वए अदिन्नादाणाओ वेरमणं."
1864,
1865,"अहावरं चउत्थं भन्ते! महव्वयं पच्चक्खामि सव्वं मेहुणं, से दिव्वं वा माणुसं वा तिरिक्खजोणियं वा नेव सयं मेहुणं गच्छॆज्जा नेव'न्नेहिं मेहुणं गच्छावॆज्जा अन्नम्पि मेहुणं गच्छन्तं न समणुज्जाणॆज्जा जावज्जीए तिविहं तिविहेणं — मणसा वयसा कायसा तस्स भन्ते! पडिक्कमामि निन्दामि गरिहामि अप्पाणं वोसिरामि."
1866,
1867,"तस्सिमाओ पञ्च भावनाओ भवन्ति, तत्थिमा पढमा भावना — नो निग्गन्थे अभिक्खणं-अभिक्खणं इत्थीणं कहं कहित्तए सिया, केवली बूया — निग्गन्थे णं अभिक्खणं-अभिक्खणं इत्थीणं कहं कहमाणे सन्तिभेदा सन्तिविभङ्गा सन्तिकेवली — पन्नत्ताओ धम्माओ भंसॆज्जा, नो निग्गन्थे अभिक्खणं-अभिक्खणं इत्थीणं कहं कहित्तए सियत्ति पढमा भावना."
1868,
1869,अहावरा दॊच्चा भावना — नो निग्गन्थे इत्थीणं मनोहराइं इन्दियाइं आलोऎत्तए निज्झाइत्तए सिया केवली बूया — निग्गन्थे णं इत्थीणं मनोहराइं इन्दियाइं आलोएमाणे निज्झाएमाणे सन्तिभेया सन्तिविभङ्गा सन्तिकेवलीपन्नत्ताओ धम्माओ भंसॆज्जा नो निग्गन्थे इत्थीणं मनोहराइं इन्दियाइं आलोऎत्तए निज्झाइत्तए सियत्ति दॊच्चा भावना.
1870,
1871,"अहावरा तच्चा भावना — नो निग्गन्थे इत्थीणं पुव्वरयाइं पुव्वकीलियाइं सुमरित्तए सिया, केवलीबूया — निग्गन्थे णं इत्थीणं पुव्वरयाइं पुव्वकीलियाइं सरमाणे सन्तिभेया सन्तिविभङ्गा सन्तिकेवलीपण्ण-त्ताओ धम्माओ भंसॆज्जा नो निग्गन्थे इत्थीणं पुव्वरयाइं पुव्वकीलियाइं सरित्तए सियत्ति तच्चा भावना."
1872,
1873,अहावरा चउत्था भावना — नाइमत्तपानभोयणभोई से निग्गन्थे नो पणीयरसभोयणभोई केवली बूया-अइमत्तपानभोयणभोई से निग्गन्थे पणीयरसभोयणभोई त्ति सन्तिभेदा सन्तिविभङ्गा सन्तिकेवलीपन्नत्ताओ धम्माओ भंसॆज्जा नो अतिमत्तपानभोयणभोई से निग्गन्थे नो पणीय-रसभोयणभोई त्ति चउत्था भावना.
1874,
1875,"अहावरा पञ्चमा भावना — नो निग्गन्थे इत्थीपसुपण्डगसंसत्ताइं सयणासणाइं सेवित्तए, सिया केवलीबूया — निग्गन्थेणं इत्थीपसुपण्डगसंसत्ताइं सयणासणाइं सेवेमाणे सन्तिभेया सन्तिविभङ्गा सन्तिकेवली-पन्नत्ताओ धम्माओ भंसॆज्जा नो निग्गन्थे इत्थीपसुपण्डगसंसत्ताइं सयणासणाइं सेवित्तए सियत्ति पञ्चमाभावना."
1876,
1877,एतावताए चउत्थे महव्वए सम्मं काएण फासिए पालिए तीरिए किट्टिए अवट्ठिए आणाए आराहिए यावि भवइ चउत्थे भन्ते महव्वए मेहुणाओ वेरमणं.
1878,
1879,अहावर पञ्चमं भन्ते! महव्वयं — सव्वं परिग्गहं पच्चक्खामि — से अप्पं वा बहुं वा अणुं वा थूलं वा चित्तमन्तं वा अचित्तमन्तं वा नेव सयं परिग्गहं गिण्हॆज्जा नेव'न्नेहिं परिग्गहं गिण्हावॆज्जा अन्नम्पि परिग्गहं गिण्हन्तं न समणुजाणिज्जा जावज्जीवाए तिविहं तिविहेणं — मणसा वयसा कायसा तस्स भन्ते! पडिक्कमामि निन्दामि गरिहामि अप्पाणं वोसिरामि.
1880,
1881,तस्सिमाओ पञ्च भावनाओ भवन्ति तत्थिमाः — पढमा भावना — सोयओ जीवे मणुण्णामणुण्णाइं सद्दाइं सुणेइ मणुण्णामणुण्णेहिं सद्देहिं नो सज्जॆज्जा नो रज्जॆज्जा नो गिज्झॆज्जा नो मुज्झॆज्जा नो अज्झोववज्जॆज्जा नो विनिग्घायमावज्जॆज्जा केवली बूया-निग्गन्थे णं मणुण्णामणुण्णेहिं सद्देहिं सज्जमाणे रज्जमाणे गिज्झमाणे मुज्झमाणे अज्झोववज्जमाणे विनिग्घायमावज्जमाणे सन्तिभेया सन्तिविभङ्गा सन्तिकेवलिपन्नत्ताओ धम्माओ भंसॆज्जा—
1882,
1883,न सक्का न सोउं सद्दा सोयविसयमागता. रागदोसा उ जे तत्थ ते भिक्खू परिवज्जए.
1884,
1885,सोयओ जीवो मणुण्णामणुण्णाइं सद्दाइं सुणेइं सुणेइ त्ति पढमा भावणा.
1886,
1887,अहावरा दॊच्चा भावना — चक्खूओ जीवो मणुण्णामणुण्णाइं रूवाइं पासइ मणुन्ना-मणुण्णेहिं रूवेहिं नो सज्जॆज्जा नो रज्जॆज्जा नो गिज्झॆज्जा नो मुज्झॆज्जा नो अजझोववज्जॆज्जा नो विनिग्घायं आवज्जॆज्जा केवली बूया निग्गन्थे णं मणुण्णमणुण्णेहिं रूवेहिं सज्जमाणे रज्जमाणे गिज्झमाणे मुज्झमाणे अज्झोववज्जमाणे विनिग्घायमावज्जमाणे सन्तिभेया सन्तिविभङ्गा सन्तिकेवलि-पन्नत्ताओ धम्माओ भंसॆज्जा.
1888,
1889,न सक्का रूवमदट्ठुं चक्खुविसयमागयं. रागदोसा उ जे त्थ ते भिक्खू परिवज्जए.
1890,
1891,चक्खूओ जीवो मणुण्णामणुण्णाइ रूवाइं पासइ त्ति दॊच्चा भावना.
1892,
1893,अहावरा तच्चा भावना — घाणओ जीवो मणुण्णामणुण्णाइं गन्धाइं अग्घायइ मणुण्णामणुण्णेहिं गन्धेहिं नो सज्जॆज्जा नो रज्जॆज्जा नो गिज्झॆज्जा नो मुज्झॆज्जा नो अज्झोववज्जॆज्जा नो विनिग्घाय-मावज्जॆज्जा केवली बूया — निग्गन्थे णं मणुण्णामणुण्णेहिं गन्धेहिं सज्जमाणे रज्जमाणे गिज्झमाणे मुज्झमाणे अज्झोववज्जमाणे विनिग्घायमावज्जमाणे सन्तिभेदा सन्तिविभङ्गा सन्तिकेवली पन्नत्ताओ धम्माओ भंसॆज्जा.
1894,
1895,न सक्का न गन्धमग्घाउं नासाविसयमागयं. रागदोसा उ जे तत्थ ते भिक्खू परिवज्जए.
1896,
1897,घाणओ जीवो मणुण्णामणुण्णाइं गन्धाई अग्घायति त्ति तच्चा भावना.
1898,
1899,अहावरा चउत्था भावना — जिब्भाओ जीवो मणुण्णामणुण्णाइं रसाइं अस्सादेइ मणुण्णा-मणुण्णेहिं रसेहिं नो सज्जॆज्जा नो रज्जॆज्जा नो गिज्झॆज्जा नो भुज्झॆज्जा नो अज्झोववज्जॆज्जा नो विनिग्घायमावज्जॆज्जा केवली बूया निग्गन्थे णं मणुण्णामणुण्णेहिं रसेहिं सज्जमाणे रज्जमाणे गिज्झमाणे मुज्झमाणे अज्झोववज्जमाणे विनिग्घायमावज्जमाणे सन्तिभेदा सन्तिविभङ्गा सन्तिकेवलीपन्नत्ताओ धम्माओ भंसॆज्जा.
1900,
1901,न सक्का रसमनासाउं जीहाविसयमागयं. रागदोसा उ जे तत्थ ते भिक्खू परिवज्जए.
1902,
1903,जीहाओ जीवो मणुण्णामणुण्णाइं रसाइं अस्सादेइ त्ति चउत्था भावना.
1904,
1905,"अहावरा पञ्चमा भावना फासओ जीवो मणुण्णामणुण्णाइं फासाइं पडिसंवेदेइं मणुण्णामणुण्णेहिं फासेहिं नो सज्जॆज्जा नो रज्जॆज्जा नो गिज्झॆज्जा नो मुज्झॆज्जा नो अज्झोववज्जॆज्जा नो विनिग्घाय-मावज्जॆज्जा, केवली बूया — निग्गन्थे णं मणुण्णामणुण्णेहिं फासेहिं सज्जमाणे रज्जमाणे गिज्झमाणे मुज्झमाणे अज्झोववज्जमाणे विनिग्घायमावज्जमाणे सन्तिभेदा सन्तिविभङ्गा सन्तिकेवलि-पन्नताओ धम्माओ भंसॆज्जा."
1906,
1907,न सक्का न संवेदेउं फासविसयमागयं. रागदोसा उ जे तत्थ ते भिक्खू परिवज्जए.
1908,
1909,फासओ जीवो मणुण्णामणुण्णाईं फासाइं पडिसंवेदेति त्ति पञ्चमा भावणा.
1910,
1911,एतावताव पञ्चमे महव्वए सम्मं काएण फासिए पालिए तीरिए किट्टिए अवट्टिए आणाए आराहिए यावि भवइ पञ्चमे भन्ते महव्वए परिग्गहाओ वेरमणं.
1912,
1913,इच्चेतेहिं पञ्च महव्वएहिं पणवीसाहि य भावणाहिं सम्पन्ने अनगारे अहासुयं अहाकप्पं अहामग्गं सम्मं काएण फासित्ता पालित्ता तीरित्ता किट्टित्ता आणाए आराहित्ता यावि भवइ.
1914,
1915,[सोलसमं अज्झयणं – विमुत्ती]
1916,
1917,"अनिच्चमावासमुवेन्ति जन्तुणो, पलोयए सॊच्चमिदं अनुत्तरं"
1918,"विऊसिरे विण्णु अगारबन्धणं अभीरु, आरम्भपरिग्गहं चए // आयार.५४१"
1919,
1920,"तहागअं भिक्खुमनन्तसञ्जयं, अनेलिसं विण्णु चरन्तमेसणं"
1921,"तुदन्ति वायाहिं अभिद्दवं नरा, सरेहिं सङ्गामगयं व कुञ्जरं // आयार.५४२"
1922,
1923,"तहप्पगारेहिं जनेहिं हीलिए, ससद्दफासा फरुसा उदीरिया"
1924,"तितिक्खए नाणि अदुट्ठचेयसा, गिरिव्व वाएण न सम्पवेयए // आयार.५४३"
1925,
1926,"उवेहमाणे कुसलेहिं संवसे, अकन्तदुक्खी तसथावरा दुही"
1927,"अलूसए सव्वसहे महामुनी, तहा हि से सुस्समणे समाहिए // आयार.५४४"
1928,
1929,"विदू नते धम्मपयं अनुत्तरं, विनीयतण्हस्स मुनिस्स झायओ"
1930,"समाहियस्स'ग्गिसिहा व तेयसा, तवो य पण्णा य जसो य वड्ढइ // आयार.५४५"
1931,
1932,दिसोदिसं'नन्तजिणेण ताइणा महव्वया खेमपदा पवेदिता
1933,"महागुरू निस्सयरा उदीरिया, तमेव तेजो तिदिसं पगासया // आयार.५४६"
1934,
1935,"सितेहिं भिक्खू असिते परिव्वए, असज्जमित्थीसु चऎज्ज पूयणं"
1936,"अनिस्सिओ लोगमिणं तहा परं, न मिज्जति कामगुणेहिं पण्डिए // आयार.५४७"
1937,
1938,"तहा विमुक्कस्स परिण्णचारिणो, धिईमओ दुक्खखमस्स भिक्खुणो"
1939,विसुज्झई जंसि मलं पुरेकडं समीरियं रूप्पमलं व जोइणा // आयार.५४८
1940,
1941,"से हु परिण्णा समयंमि वट्टई, निराससे उवरय-मेहुणे चरे"
1942,"भुजङ्गमे जुण्णतयं जहा चए, विमुच्चइ से दुहसॆज्ज माहणे // आयार.५४९"
1943,
1944,"जमाहु ओहं सलिलं अपारगं, महासमुद्दं व भुयाहि दुत्तरं"
1945,अहे य णं परिजाणाहि पण्डिए से हु मुनी अन्तकडे त्ति वुच्चइ // आयार.५५०
1946,
1947,जहा हि बद्धं इह मानवेहिं जहा य तेसिं तु विमॊक्ख आहिए
1948,"अहा तहा बन्धविमॊक्ख जे विऊ, से हु मुनी अन्तकडे त्ति वुच्चइ // आयार.५५१"
1949,
1950,"इमंमि लोए परए य दोसुवि, न विज्जइ बन्धणं जस्स किञ्चिवि"
1951,"से हु निरालम्बणे अप्पइट्ठिए, कलङ्कली भावपहं विमुच्चइ त्ति बेमि // आयार.५५२"
1952,
1953,
1954,
