line_number,devanagari_text
1,
2,[प. १]
3,[कइराअ-बप्पइराअस्स]
4,
5,[कविराज-वाक्पतिराजस्य]
6,
7,[गौडवहो]
8,
9,[गौडवधम]
10,
11,[मङ्गलाचरणम]
12,पढमं चिअ धवल-कओववीअमम्बुरुह-गोअरं णमह
13,हरि-जढर-णिग्गमुक्खित्त-णाल-सुत्तं पिव सयम्भुं // घउड्ॐ.१ [आर्या]
14,
15,सो जअइ कण्णिआ-वलअ-गब्भ-परिगूढ-विअड-बीअम्मि
16,जो वसइ णिहाणीकअ-बहु-बम्भण्डॆ व्व कमलम्मि // घउड्ॐ.२ [आर्या]
17,
18,तं पणमह तिङ्गिच्छि-च्छलेण णिवसइ णिवेस-कमलम्मि
19,जस्स परमाणु-णिवहॊ व्व भुवण-णिम्माण-पडिवण्णो // घउड्ॐ.३ [आर्या]
20,
21,अट्ठिअमावत्तन्ती सो जअइ जवुज्जअस्स सा जस्स
22,फलिहक्खावलि-कज्जम्मि घडइ बम्भण्ड-परिवाडी // घउड्ॐ.४ [आर्या]
23,
24,पणमह हॆट्ठ-ट्ठिअ-विअड-सेस-बिस-कन्द-कन्दलाहिन्तो
25,पडिभिण्ण-कण्ह-पङ्कंविणिग्गमंणाहि-णलिणस्स // घउड्ॐ.५ [आर्या]
26,
27,विअड-ससि-मण्डलाअन्त-सलिल-भरिअम्मि भुवण-वलअम्मि
28,हरिणो हरिण-च्छाअं विलास-परिसण्ठिअं जअइ // घउड्ॐ.६ [आर्या]
29,
30,
31,[प. २]
32,असुरोरट्ठि-णिहंसण-विसट्ट-धूमावलम्बि-णह-हीरो
33,रव-रोस-गहिअ-घण-मण्डलॊ व्व णर-केसरी जअइ // घउड्ॐ.७ [आर्या]
34,
35,तं णमह समोसरिआ णहग्ग-विहडाविओरवीढस्स
36,जस्स दइच्चम्मि अलद्ध-ववसिअच्चेअ भुअदण्डा // घउड्ॐ.८ [आर्या]
37,
38,णमह विआरिअ-दणुइन्द-रुहिर-पल्लविअ-गअण-पेरन्तं
39,रिउ-वह-समय-पसारिअ-सञ्झं पिव महुमह-मइन्दं // घउड्ॐ.९ [आर्या]
40,
41,मुक्के वि णर-मइन्दत्तणम्मि बॊक्कार-कलुसिअ-गलस्स
42,हरिणो जअइ चिरं विहअ-सद्द-परिघग्घरा वाणी // घउड्ॐ.१० [आर्या]
43,
44,अवहीरिअ-दिग्गअ-चन्द-हरिण-पलयब्भ-जाल-रसिअस्स
45,असुरॆ च्चिअ संरम्भा जअन्ति माया-मइन्दस्स // घउड्ॐ.११ [आर्या]
46,
47,रव-रोस-दलिअ-घण-णिरवलम्ब-सङ्घडिअ-तडि-कडप्पॊ व्व
48,णर-हरिणो जअइ कडार-केसरो कन्धरा-बन्धो // घउड्ॐ.१२ [आर्या]
49,
50,सो जअइ गोव-भावे जो विमलिअ-गूढ-णाहि-णलिणाहि
51,णीसरमाणेहिं चेअ परिमलं वहइ ससिएहिं // घउड्ॐ.अ [आर्या]
52,
53,दाढा महा-वराहस्स वअण-मग्गेण णिग्गआ जअइ
54,उअर-ट्ठिअ-णाही-कमल-कन्द-मूलाहि व मुणाली // घउड्ॐ.१३ [आर्या]
55,
56,
57,[प. ३]
58,तं णमह जो वराहत्तणम्मि फण-मणि-घडन्त-पडिबिम्बो
59,सेस-ट्ठिअं पि वसुहं वहइ व्व पहाव-सङ्कन्तो // घउड्ॐ.१४ [आर्या]
60,
61,हॆट्ठ-ट्ठिअ-सूर-णिवारणाअ छत्तं अहो इव वहन्ती
62,जअइ ससेसा वाराह-सास-दूरुक्खआ पुहवी // घउड्ॐ.१५ [आर्या]
63,
64,अङ्गाĩ विण्हुणो वामणत्तणे विसम-मास-थौडाइं
65,मडहोअर-णपहुप्पन्त-भुवण-भरिआĩ व जअन्ति // घउड्ॐ.१६ [आर्या]
66,
67,जअइ धरमुद्धरन्तॊ भर-णीसारिअ-मुहग्ग-चलणेण
68,णिअ-देहेण करेण व पञ्चङ्गुलिणा महा-कुम्मो // घउड्ॐ.१७ [आर्या]
69,
70,रक्खौ वो रोम-लआ माया-महिलत्तणे महुमहस्स
71,गूढोअर-तामरसाणुसारिणीभमर-माल व्व // घउड्ॐ.१८ [आर्या]
72,
73,सो जअइ जस्स जुवइत्तणम्मि खामोअरोसरन्तेहिं
74,भुवणेहĩ वथण-जहणाणगारवं किं पि णिव्वडिअं // घउड्ॐ.१९ [आर्या]
75,
76,सो जअइजामइल्लाअमाण-मुहलालि-वलअ-परिआलं
77,लच्छि-णिवेसन्तेउर-वइं व जो वहइ वणमालं // घउड्ॐ.२० [आर्या]
78,
79,
80,[प. ४]
81,बालत्तणम्मि हरिणो जअइ जसोआऎ चुम्बिअं वअणं
82,पडिसिद्ध-णाहि-मग्गुद्ध-णिग्गअं पुण्डरीअं व // घउड्ॐ.२१ [आर्या]
83,
84,णह-रेहा राहा-कारणाओ करुणं हरन्तु वो सरसा
85,वच्छ-त्थलम्मि कॊत्थुह-किरणाअन्तीओ कण्हस्स // घउड्ॐ.२२ [आर्या]
86,
87,तं णमह जेण अज्जवि विलूण-कण्ठस्स राहुणोवलइ
88,दुक्खमणिच्चरिअं चिअअमूल-लहुएहĩसासेहिं // घउड्ॐ.२३ [आर्या]
89,
90,पणमह बलस्स हुङ्कार-भअ-वसा घोलमाण-जौणॆ व्व
91,मअ-दोस-सिढिल-कसणावरिल्ल-सन्दाणिए चलणे // घउड्ॐ.२४ [आर्या]
92,
93,अन्तो-संलीण-फणा-सहस्स-रअण-प्पहं पिव वमन्ती
94,हलिणो मआरुणा विद्दवेउ दुरिआइं वो दिट्ठी // घउड्ॐ.२५ [आर्या]
95,
96,अप्पाण-गमिअ-विअणत्तणेण भर-दलिअ-सेस-कुम्माण
97,णिरुवालम्भं बल-केसवाण परिवग्गिअं जअइ // घउड्ॐ.२६ [आर्या]
98,
99,तं णमह पीअ-वसणं जो वहइ सहाव-सामल-च्छाअं
100,दिअस-णिसा-लअ-णिग्गम-विहाअ-सबलं पिव सरीरं // घउड्ॐ.२७ [आर्या]
101,
102,
103,[प. ५]
104,सिरि-थण-णिवेस-मग्गा जअन्ति भिण्णङ्गराअ-णिव्वडिआ
105,वच्छम्मि णाहि-णलिणी-दलाअमाणा महुमहस्स // घउड्ॐ.२८ [आर्या]
106,
107,सो जअइ जस्स णाडाल-लोअणासङ्गिणी भुमअ-लेहा
108,अज्ज वि दीसइ कामस्स दाह-कसणाधणु-लअ व्व // घउड्ॐ.२९ [आर्या]
109,
110,तं णमह काम-णेहा अज्ज वि धारेइ जो जडा-बद्धं
111,तइअ-णअणग्गि-णिवडण-कअ-ववसाअं पिव मिअङ्कं // घउड्ॐ.३० [आर्या]
112,
113,सो वो सुहाĩ उवणेउ विअड-तइअच्छि-पॆल्लिअं जस्स
114,णिवसइ सीसम्मि ससि-च्छलेण णिअअं पिव णडालं // घउड्ॐ.३१ [आर्या]
115,
116,कढ्ढिअ-कुसुम-रौक्कर-कडार-चाव-च्छलेण सो जअइ
117,अहिधाविऊण गिलिऒ व्व जस्स तइअच्छिणा कामो // घउड्ॐ.३२ [आर्या]
118,
119,मौडुच्छङ्ग-परिग्गह-मिअङ्क-जोण्हावभासिणोणमह
120,णिच्चं चिअ पसुवइणो परिट्ठिअं वामण-च्छाअं // घउड्ॐ.३३ [आर्या]
121,
122,केयूरोरअ-सुङ्कार-सङ्कुले बाण-भुअ-वण-च्छेआ
123,सो जअइ सणीसासॆ व्व वहइ जो अमरिसा बाहू // घउड्ॐ.भ [आर्या]
124,
125,
126,[प. ६]
127,उद्धं अन्धअ-रिउणो णअणं पज्जलिअ-तारअं णमह
128,उक्करिसिअ-पडिचक्कं व चक्किणो बाणभङ्गम्मि // घउड्ॐ.छ [आर्या]
129,
130,जमिअ-सिहण्डस्स वि विसहरेण हत्थो पिणाइणो जअइ
131,लम्बि-जडा-भास-फणा-रअण-मऊहेसु घोलन्तो // घउड्ॐ.ढ [आर्या]
132,
133,कुविआइ चलण-पणओ रहसुक्खित्त-मौली हरो जअइ
134,सीस-ट्ठिअ-बम्भ-कवाल-फंस-सङ्काऎ व उमाए // घउड्ॐ.ऎ [आर्या]
135,
136,तं पणमह अज्ज वि वहइ तिवहआ-वीइ-भङ्ग-कुडिलाइं
137,जस्स जडा-बन्ध-णिवेस-विसमिआइं व सलिलाइं // घउड्ॐ.फ़ [आर्या]
138,
139,जअइ जडा-सञ्जमणं पसुवइणो जलहि-महण-विरमम्मि
140,सिढिलेण सेल-णिहसण-किलन्त-वच्छेणवामण-च्छाअं // घउड्ॐ.३४ [आर्या]
141,
142,पत्थारोसण-तरलिअ-करङ्गुली-मलिअ-तम्बिर-णडालं
143,पडिसिद्ध-तइअ-णअणुग्गमं व णमिमो हर-किराअं // घउड्ॐ.३५ [आर्या]
144,
145,सो जअइ झत्ति-कवलिअ-विसस्स कण्ठम्मि जस्स णिव्वडिआ
146,खण-दिण्णुव्वत्त-कअन्त-पास-णिहसोवमा रेहा // घउड्ॐ.३६ [आर्या]
147,
148,
149,[प. ७]
150,तं पणमह जो सीसाओ कह वि ल्हसिअ-ट्ठिअं समुव्वहइ
151,अज्ज वि कुसुमीकअ-केसवच्छि-वत्तं व तइअच्छिं // घउड्ॐ.३७ [आर्या]
152,
153,उवरि-ट्ठिअ-चन्दालोअ-पुञ्जिआ जअइ कण्ठ-मूलम्मि
154,सीस-च्छाय व्व विस-प्पहामई थाणुणो रेहा // घउड्ॐ.३८ [आर्या]
155,
156,देहद्धद्ध-परिट्ठिअ-गोरि-हराराहणॆक्क-हिअअं व
157,खण्डत्तणेण पणमह परिट्ठिअं तिणअण-मिअङ्कं // घउड्ॐ.३९ [आर्या]
158,
159,तं णमह जस्स मुह-घडिअ-ससि-अला-सुत्तिणा चिरं पीआ
160,सीसम्मि सअण्हेण व सुर-सरि-धारा कवालेण // घउड्ॐ.४० [आर्या]
161,
162,घोलिर-कडार-तारं णडाल-णअणं पिणाइणोणमह
163,अज्ज वि खआहुईकअ-जलन्त-बम्भण्ड-पिण्डं व // घउड्ॐ.४१ [आर्या]
164,
165,तं णमह कुलं पिव जस्स सुलह-सम्भावणं परिहरन्तो
166,अज्ज वि बाणमणङ्गो णो मुअइ भया कुमारम्मि // घउड्ॐ.४२ [आर्या]
167,
168,सा जअइ णेउरिल्लेण जीऎ चलणेण ताडिअ-क्खन्धो
169,उब्भिण्ण-रुहिर-कुसुमो जाओ महिसासुरासोओ // घउड्ॐ.४३ [आर्या]
170,
171,
172,[प. ८]
173,पढम-हरालिङ्गण-लज्जिआऎ अज्जाऎ वो सुहं देन्तु
174,कण्ठ-प्पहावलम्बण-थोअ-त्थामाĩ अच्छीइं // घउड्ॐ.४४ [आर्या]
175,
176,भमिअं पलय-पओसे विविह-कवालम्मिणमहकालीए
177,मिलिआसेस-णिसा-लक्ख-विसम-बहु-चन्द-खण्डॆ व्व // घउड्ॐ.४५ [आर्या]
178,
179,डिम्बं वो चामुण्डाऎ पिहु-सिरा-दण्ड-मण्डणं हरौ
180,मडहोअर-णपहुप्पन्त-वलअ-भरिअं पिवसरीरं // घउड्ॐ.४६ [आर्या]
181,
182,सा जअइ चौ-मुहासण-तामरस-दलोअरेसु दुल्ललिआ
183,कइ-जीहा-णिवहेसु अजा णिमिअ-पअं परिब्भमइ // घउड्ॐ.४७ [आर्या]
184,
185,तं णमह जस्स दीसइ बिम्बं विच्छाअ-लञ्छण-च्छायं
186,गङ्गा-णिग्गम-परिगलिअ-मज्झ-लावण्ण-तुच्छं व // घउड्ॐ.४८ [आर्या]
187,
188,वेरुलिअ-णिहा तं णमह जस्स ते सन्दणं परिवहन्ति
189,तद्दिअस-पढम-पॆल्लिअ-तम-मइलङ्गा इव तुरङ्गा // घउड्ॐ.४९ [आर्या]
190,
191,जअइ जअ-रक्खणे पुञ्जिअं व जं फुरइ पअणुअं रविणो
192,पलयम्मि जं चपविरल्लिअं वबहलाइ गो-जालं // घउड्ॐ.५० [आर्या]
193,
194,
195,[प. ९]
196,तं णमह कोल-तुलणे सअल-फणा-मणि-पसत्त-पडिबिम्बं
197,उव्वहइ व जो बहु-सिर-विहत्त-लहुअं धरा-वलयं // घउड्ॐ.५१ [आर्या]
198,
199,पणमह कालिन्दी-सलिल-दण्ड-घडिअं व सुर-सरि-प्पवहं
200,दन्त-क्खम्भं वीसन्त-विअड-हत्थं गअ-मुहस्स // घउड्ॐ.५२ [आर्या]
201,
202,तं णमह गअ-मुहं विअड-दन्त-कर-दण्ड-कलण-लीलासु
203,मिलिअ-हिमवन्त-विञ्ज्झॆ व्व कुणइ जो मेरु-पब्भारे // घउड्ॐ.५३ [आर्या]
204,
205,गण-वइणो सइ-सङ्गअ-गोरी-हर-पेम्म-राअ-विलिअस्स
206,दन्तो वाम-मुहद्धन्त-पुञ्जिओ जअइ हासॊ व्व // घउड्ॐ.५४ [आर्या]
207,
208,णमह दणुएन्द-णिहणेमाआ-महु-सूअणं उवेन्तीए
209,माणिअ-तरलत्तण-विब्भमाĩ भमिआĩ लच्छीए // घउड्ॐ.५५ [आर्या]
210,
211,हत्थालम्बिअ-पङ्कअ-मिअङ्कमुअहीओ णिग्गअं जअइ
212,आसङ्घिअ-णिअ-आणण-सोहग्ग-गुणाऎ व सिरीए // घउड्ॐ.५६ [आर्या]
213,
214,कोसुम-धणु-बाण-ग्गह-सोरह-लग्ग-भमरॆ व्व कामस्स
215,ऒप्पुंसिअ-रइ-पणअंसु-कज्जलङ्के करे णमह // घउड्ॐ.५७ [आर्या]
216,
217,
218,[प. १०]
219,देउ सुहं वो पसु-वइ-सिराहि गोरी-विसूरिअव्वेहिं
220,सोवालम्भ व्व हिमालअङ्क-परिघोलिरी गङ्गा // घउड्ॐ.५८ [आर्या]
221,
222,सा जअइ हर-सिरत्थम्मि जीऎ सालिलम्मि घोलिर-कवालो
223,अज्ज वि पिआमहत्तमणहं चौराणणो वहइ // घउड्ॐ.५९ [आर्या]
224,
225,हरि-चलण-णह-प्पहाए विच्छोलिअं व पढमअं
226,हर-ससिणो पाअएहिं संवलिअअं व वीअअं // घउड्ॐ.६० [आर्या]
227,
228,गहिअ-हिम-च्छाअअं व तुहिणद्दि-समावडणए
229,कारण-परिसुद्धअं व गङ्गाऎ णमह सलिलअं // घउड्ॐ.६१ [आर्या]
230,
231,
232,[प. ११]
233,[अथ कविप्रशंसा]
234,इह ते जअन्ति कइणो जअमिणमो जाण सअल-परिणामं
235,वाआसु ठिअं दीसइ आमोअ-घणं व तुच्छं व // घउड्ॐ.६२ [आर्या]
236,
237,णिअआऎच्चिअ वाआऎ अत्तणो गारवंणिवेसन्ता
238,जे एन्ति पसंसं च्चिअ जअन्ति इह ते महा-कइणो // घउड्ॐ.६३ [आर्या]
239,
240,दॊग्गच्चम्मि वि सॊक्खाĩ ताण विहवे विहोन्तिदुक्खाइं
241,कव्व-परमत्थ-रसिआĩ जाण जाअन्ति हिअआइं // घउड्ॐ.६४ [आर्या]
242,
243,उम्मिल्लइ लायण्णं पअअ-च्छाआऎसक्कअ-वआणं
244,सक्कअ-सक्कारुक्करिसणेण पअअस्स वि पहावो // घउड्ॐ.६५ [आर्या]
245,
246,ठिअमट्ठिअं व दीसइ अठिअं पिपरिट्ठिअं वपडिहाइ
247,जह-सण्ठिअं च दीसइ सुकईण इमाओ पयईओ // घउड्ॐ.६६ [आर्या]
248,
249,विणअ-गुणो दण्डाडम्बरो अ मण्डन्ति जह णरिन्द-सिरिं
250,तह टङ्कारो महुरत्तणं अ वाअं पसाहेन्ति // घउड्ॐ.६७ [आर्या]
251,
252,सोहेइसुहावेइ औवहुज्जन्तो लवो वि लच्छीए
253,देवी सरस्सई उण असमग्गाकिं पिविणडेइ // घउड्ॐ.६८ [आर्या]
254,
255,
256,[प. १२]
257,महुमह-विअअ-पौत्ता वाआ कह णाम मौलौ इमम्मि
258,पढम-कुसुमाहि तलिणं पच्छा-कुसुमं वण-लआण // घउड्ॐ.६९ [आर्या]
259,
260,लग्गिहिइ ण वा सुअणे वयणिज्जं दुज्जणेहĩ भण्णन्तं
261,ताण पुण तं सुअणाववाअ-दोसेण सङ्घडइ // घउड्ॐ.७० [आर्या]
262,
263,पर-गुण-परिहार-परम्पराऎ तह तेगुणण्णुआजाआ
264,जाआ तेहिं चिअ जह गुणेहĩ गुणिणो परं पिसुणा // घउड्ॐ.७१ [आर्या]
265,
266,जं णिम्मला वि खिज्जन्ति हन्त विमलेहĩ सज्जण-गुणेहिं
267,तं सरिसं ससि-अर-कारणाऎ करि-दन्त-विअणाए // घउड्ॐ.७२ [आर्या]
268,
269,जाण असमेहĩ विहिआ जाअइ णिन्दा समा सलाहा वि
270,णिन्दा वि तेहĩ विहिआ ण ताण मण्णे किलामेइ // घउड्ॐ.७३ [आर्या]
271,
272,णन्दन्तु णिअअ-गुण-गारवम्मि अद्दिट्ठ-पर-मुह-च्छाआ
273,गरुआ स-सील-दोलाअमाण-पर-दिट्ठ-मुह-राआ // घउड्ॐ.७४ [आर्या]
274,
275,बहुओ सामण्ण-मइत्तणेणताणं परिग्गहे लोओ
276,कामं गआ पसिद्धिं सामण्ण-कई अऒच्चेअ // घउड्ॐ.७५ [आर्या]
277,
278,
279,[प. १३]
280,सुअण-सहावे वि गओ जडम्मि कत्तो गुणो समुल्लसइ
281,रविणो वि जलम्मि ठिअं पडिबिम्बमहोमुहं फुरइ // घउड्ॐ.घ [आर्या]
282,
283,हरइ अणू वि पर-गुणो गरुअम्मि वि णिअ-गुणेण सन्तोसो
284,सीलस्स विवेअस्स असारमिणंऎत्तिअं चेअ // घउड्ॐ.७६ [आर्या]
285,
286,इअरे वि फुरन्ति गुणा गुरूण पढमं कौत्तमासङ्गा
287,अग्गे सेलग्ग-गआ इन्दु-मऊहा इव महीए // घउड्ॐ.७७ [आर्या]
288,
289,णिव्वाडन्ताण सिवं सअलं चिअ सिवअरं तहा ताण
290,णिव्वडइ किं पि जह ते वि अप्पणा विम्हअमुवेन्ति // घउड्ॐ.७८ [आर्या]
291,
292,पासम्मि अहङ्कारी होहिइ कह वा गुणाण विवरुक्खे
293,गव्वं ण गुणि-गअ-मओ गुणत्थमिच्छन्ति गुण-कामा // घउड्ॐ.७९ [आर्या]
294,
295,अहिलङ्घिऊण लोअं ठिआण ऎक्कत्तणेणगरुआण
296,बीआवॆक्खी अवलम्बिऊण कं मच्छरोफुरौ // घउड्ॐ.८० [आर्या]
297,
298,णिअ-मइ-सन्देहॊ च्चिअ मइ-सन्देहावलोअणे जाण
299,होन्ति विआर-ट्ठाणं ठिअ-रूआ ते ण लोअस्स // घउड्ॐ.८१ [आर्या]
300,
301,
302,[प. १४]
303,तुच्छा-सुहेण विज्जाऎ मच्छराडम्बरॊ खल-अणस्स
304,दुक्खेण सज्जणाणं हियौक्कम्पी समिज्जन्ति // घउड्ॐ.H [आर्या]
305,
306,सुकई… … …भेसु जाण परिसण्ठिआĩ णामाइं
307,णिअअ-णिबन्धेसु अ ताण णणु समत्तं च काअद्धं // घउड्ॐ.इ [आर्या]
308,
309,पाणमइआओ जाणं धरन्ति कव्वेसु वण्ण-मालाओ
310,…भावा जीअस्स ते जिअन्तिच्चिअ मआ वि // घउड्ॐ.झ [आर्या]
311,
312,किं रतुसमारूढ-गुणाण जीविअं लद्ध-पिसुण-भावं व्व
313,तेहिं पसंसिज्जन्तो वि जं गुणी णेअ पत्तिइअइ // घउड्ॐ.ख [आर्या]
314,
315,सा जअइ मई गुरुआ गमण-पडिबोह-कारणा… …।
316,पडिबोह-सङ्कमा जा सअं व पडिवज्जइ सरूवं // घउड्ॐ.ळ [आर्या]
317,
318,जो अप्पणाण सारं पॆच्छइ अण्णस्स सो वि पीहेइ
319,पडिवज्जइ जो वि पराओ सो वि… …ऒत्तेआ // घउड्ॐ.M [आर्या]
320,
321,गुणिणा अहमा अ ठिआण णवर ताणं च दॊ च्चिअ विसेसा
322,सो वि अहमॊ च्चिअ कओ मज्झिम-सम्भावणा जस्स // घउड्ॐ.ण [आर्या]
323,
324,
325,[प. १५]
326,को णिन्दइ णीअअमे गरुअअरे को पसंसिउं तरइ
327,सामण्णं च्चिअ ठाणं थुईण परिणिन्दिआणं च // घउड्ॐ.८२ [आर्या]
328,
329,सोऊण मुणन्ति परं जे ण विअप्पन्ति अप्पणच्चेअ
330,तेअणरह व्वगव्वस्स उत्तुणा कह ण लज्जन्ति // घउड्ॐ.८३ [आर्या]
331,
332,काल-गुणा पढम-कईहĩ भमिअमपरिग्गहेसु मग्गेसु
333,इहरामईहĩहीरन्ति दुक्करं के वि काणं पि // घउड्ॐ.८४ [आर्या]
334,
335,कत्तो णामणइट्ठंसच्चं कवि-सेविएसु मग्गेसु
336,सीमन्ते उण मुक्कम्मि तम्मि सव्वं णवं चेअ // घउड्ॐ.८५ [आर्या]
337,
338,जडबुद्धीण पहुप्पइ मइलो गुण-णिग्गमो ण मणुयाण
339,णीलं ण णहं सा णायणस्स तेअस्स विणिवित्ती // घउड्ॐ.ऒ [आर्या]
340,
341,अत्थालोअण-तरला इअर-कईणं भमन्ति बुद्धीओ
342,अत्थच्चेअ णिरारम्भमेन्ति हिअअं कइन्दाण // घउड्ॐ.८६ [आर्या]
343,
344,आ-संसारं कइ-पुङ्गवेहĩ तद्दिअह-गहिअ-सारो वि
345,अज्ज वि अभिण्ण-मुद्दॊ व्व जअइ वाआ-परिप्फन्दो // घउड्ॐ.८७ [आर्या]
346,
347,
348,[प. १६]
349,किं अण्णमणण्ण-मणेहĩताव सु-कईहĩ सिक्खिआ वाआ
350,जाअं णीसामण्णाण ताण मूअत्तणं जाव // घउड्ॐ.८८ [आर्या]
351,
352,को व विआरेइ विसेस-वित्थरं ताण जं ठिअंलोए
353,णामॆ च्चिअ सङ्कन्ता गरुआण गुणा फुरन्ति व्व // घउड्ॐ.८९ [आर्या]
354,
355,जाण सरूवावगमे वि गव्विआ किम्पि होन्ति अण्णे वि
356,ते आआसाअ वहन्तिअत्तणोणवर माहप्पं // घउड्ॐ.९० [आर्या]
357,
358,मोह-पडिबोह-कारित्तणेणतिमिरं व जं पआसॊ व्व
359,तं जअइ विरुद्धं पिव विअप्प-जालं कइन्दाण // घउड्ॐ.९१ [आर्या]
360,
361,णवमत्थ-दंसणं संणिवेस-सिसिराओ बन्ध-रिद्धीओ
362,अविरलमिणमो आ-भुवण-बन्धमिह णवर पअअम्मि // घउड्ॐ.९२ [आर्या]
363,
364,जे सुण्णा इव बहुसो कहिं पि दीसन्त-विरल-गुण-सारा
365,दर-वसिअ-पुराआरेहĩ तेहĩ किं वा णिबन्धेहिं // घउड्ॐ.फ [आर्या]
366,
367,णिम्माआ तॆ च्चिअ णवर कव्व-कित्तीओ जाण लोअस्स
368,कण्णे विसन्ति हिअए वसन्ति पसरन्ति अ मुहम्मि // घउड्ॐ.क़ [आर्या]
369,
370,
371,[प. १७]
372,दॊ च्चिअ णवरं हिअए लग्गन्ति जहा-णिवेस-रमणिज्जा
373,रमणीओ बल्लहाणं महा-कईणं च भणिईओ // घउड्ॐ.ड़ [आर्या]
374,
375,सअलाओ इमं वाआ विसन्ति ऎत्तो अ णेन्ति वाआओ
376,एन्ति समुद्दं चिअ णेन्ति साअराऒ च्चिअ जलाइं // घउड्ॐ.९३ [आर्या]
377,
378,हरिस-विसेसो विअसावओ अ मौलावओ अ अच्छीण
379,इहबहिहुत्तो अन्तो-मुहो अ हिअअस्स विप्फुरइ // घउड्ॐ.९४ [आर्या]
380,
381,अणुअम्पा वाहासो व होइअवहीरण व्व गरुआण
382,इअरेसु अणाअ-गुणन्तरेसु ण उणो हिअअ-दुक्खं // घउड्ॐ.९५ [आर्या]
383,
384,जे अत्तणो ण अहिआसरिसा वा तेहĩकिं भणन्तेहिं
385,जह-तह पराओ इच्छन्ति तह वि गरुआ वि बहुमाणं // घउड्ॐ.९६ [आर्या]
386,
387,होन्तु व्व विगअ-गव्वा माहप्प-समुत्तुणव्व विअरन्तु
388,जह-तह णिव्वडिअ-गुणा हास-ट्ठाणं ण लोअस्स // घउड्ॐ.९७ [आर्या]
389,
390,भीअं व लज्जिअं पि वथम्भिअमिवकिं पि होइसुढिअं व
391,दूमिअमिवअप्फुण्णं व पहरिसुच्चं व इह हिअअं // घउड्ॐ.९८ [आर्या]
392,
393,
394,[प. १८]
395,[अथ काव्यमारभ्यते]
396,अत्थि णिअत्तिअ-णीसेस-भुवण-दुरिआहिणन्दिअ-महिन्दो
397,सिरि-जसवम्मॊ त्ति दिसा-पडिलग्ग-गुणो महीणाहो // घउड्ॐ.९९ [आर्या]
398,
399,घोलइ समुच्छलन्ती जम्मि चलन्तम्मि रेणु-भावेण
400,वसुहा अमुक्क-सेस-प्फण व्व धवलाअवत्तेसु // घउड्ॐ.१०० [आर्या]
401,
402,वेहव्व-दुक्ख-विहलाण जस्स रिउ-कामिणीण पम्मुक्का
403,कर-ताडण-भीएहĩ व हारेहĩ पओहरुच्छङ्गा // घउड्ॐ.श [आर्या]
404,
405,कबरी-बन्धा अज्ज वि कुडिला ते जस्स वेरि-बन्दीण
406,हढ-कड्ढण-खुत्तङ्गुलि-णिवेस-मग्ग व्व दीसन्ति // घउड्ॐ.ठ [आर्या]
407,
408,चलिअम्मि जम्मि विअणा-विहुअ-फणा-मण्डलो वि णो मुअइ
409,महि-वॆढंबल-भर-खुत्त-रअण-सन्दाणिअं सेसो // घउड्ॐ.१०१ [आर्या]
410,
411,णीसन्दइ जस्स रणाइरेसु कीलालिओ गअ-मएण
412,आहअ-वम्माणल-दर-विराअ-धारॊ व्व कर-वालो // घउड्ॐ.१०२ [आर्या]
413,
414,सेवञ्जलि-मिलिअ-णडाल-मण्डला होन्ति हढ-पणामेसु
415,णूमिअ-भिउडी-भङ्ग व्व जस्स पडिवक्ख-सामन्ता // घउड्ॐ.१०३ [आर्या]
416,
417,
418,[प. १९]
419,जो ववसाआवसरेसु दप्प-दर-दिट्ठ-दाहिणंस-अडो
420,दंसण-पसाअ सुहिअं कुणइ व्व भुअ-ट्ठिअं लच्छिं // घउड्ॐ.१०४ [आर्या]
421,
422,कोउव्वत्त-ठिअ-विसम-तार-पहा-भेअ-कलुसिआइं व
423,सामाअन्ति णडालाĩ जस्स पडिवक्ख-बन्दीण // घउड्ॐ.१०५ [आर्या]
424,
425,पासम्मि पआवालुङ्खिअस्सजस-पाअवस्स व महल्लो
426,अअसो रिऊणं दीसइ छाआ-णिवहॊ व्व सङ्कन्तो // घउड्ॐ.१०६ [आर्या]
427,
428,गम्भीर-महारम्भा सम्भाविअ-साअरं परिब्भमइ
429,भुवणन्तरेसु भाईरहि व्व सा भारही जस्स // घउड्ॐ.१०७ [आर्या]
430,
431,जस्स अ वलन्त-जअ-गअ-सीअर-धारा-सहस्स-लुलिआओ
432,सम्भम-सञ्चारिअ-चामराऒ धावन्ति व दिसाओ // घउड्ॐ.१०८ [आर्या]
433,
434,अवि अ—
435,
436,सोहइ विणिवेसिअ-पसिढिलङ्गुली-कोडि-कट्ठणुत्थल्लो
437,पाअडिअब्भन्तर-वण-णिवेस-दर-दन्तुरो अहरो // घउड्ॐ.१०९ [आर्या]
438,
439,मुच्चन्ति पॆल्लिउव्वॆल्ल-केसरा मूल-लुलिअ-मअरन्दा
440,णिहुअं लीला-कुवलअ-पडित्थिआकह वि णीसासा // घउड्ॐ.११० [आर्या]
441,
442,
443,[प. २०]
444,वाम-कराअड्ढिअ-सुण्ण-मलिअ-विक्खित्त-कुन्तल-सिहाण
445,अरई-विलास-विसुराविआणणिव्वडइ सोहग्गं // घउड्ॐ.१११ [आर्या]
446,
447,अग्घइमङ्गल-गहिऎक्क-कुसुम-पेसिअ-पसाहणामेलं
448,विमुह-णअणावहीरिअ-दर-वन्दिअ-चन्दणं वअणं // घउड्ॐ.११२ [आर्या]
449,
450,इअ जस्स समर-दंसण-लीला-णिम्मविअ-वम्मह-विआरा
451,तिअस-तरुणीओअज्जवि मण्णेणिहुअं किलम्मन्ति // घउड्ॐ.११३ [आर्या]
452,
453,अहवा—
454,
455,सिहर-णपहुत्त-गअणा दिसा-पडिप्फलिअ-कडअ-विणिअत्ता
456,डज्झन्ति दरुप्पइआ अलद्ध-गमणन्तरागिंरिणो // घउड्ॐ.११४ [आर्या]
457,
458,तंस-गुहा-मुह-णिव्वडिअ-धूम-वलआवलम्बिअ-णिअम्बा
459,वज्जाणल-धम्मन्ता लोहं वमुअन्तिधरणि-हरा // घउड्ॐ.११५ [आर्या]
460,
461,लक्खिज्जइ धूमाअन्त-पक्ख-णिक्खन्त-सिहि-सिहा-णिवहो
462,सम्भम-सञ्चलिअ-चलन्त-रअणि-दिअसॊ व्व सुर-सेलो // घउड्ॐ.११६ [आर्या]
463,
464,जेसुञ्चिअ कुण्ठिज्जइ रहसुब्भिडण-मुहलो महि-हरेसु
465,तेसुञ्चेअणिसिज्जइपडिरोहन्दोलिरोकुलिसो // घउड्ॐ.११७ [आर्या]
466,
467,
468,[प. २१]
469,वॆल्लन्ति कन्दरोअर-णिव्वडिअ-वलन्त-विअड-विहआओ
470,सहसव्व सेल-सीमन्तिणीऒ भअ-मुक्क-गब्भाओ // घउड्ॐ.११८ [आर्या]
471,
472,विज्झवइ वॆल्लणोणअ-महि-वॆढॊभअ-दिसागअ-समुद्दो
473,ठाण-परिसण्ठिऒ च्चिअ पक्ख-च्छेआणलं सेलो // घउड्ॐ.११९ [आर्या]
474,
475,तद्दियसं रवि-मण्डल-सञ्चलणुम्हाअमाण-कडएण
476,उअयाचलेण कुलिसो मिलिओ वि चिरेण विण्णाओ // घउड्ॐ.१२० [आर्या]
477,
478,डज्झन्ति विसाणल-वाअ-विसहरामुक्क-चन्दण-क्खन्धा
479,तिअस-विअसाविअंसुअ-सेविअ-धूमा मलअ-वक्खा // घउड्ॐ.१२१ [आर्या]
480,
481,णिसुढिअ-पक्ख-पडन्ता महीऎ दल-विब्भमेण भज्जन्ति
482,तक्खण-तरल-पलाअन्त-विसहरा महिहरुग्घाआ // घउड्ॐ.१२२ [आर्या]
483,
484,कहवि धरेइ महि-अलं णिप्पक्ख-पडन्त-गिरि-णिसुम्भन्तं
485,दाढा-भिण्ण-ससोणिअ-मुह-णिवहारोसिओ सेसो // घउड्ॐ.१२३ [आर्या]
486,
487,दीसइ जलन्त-सेलं तावोसारिअ-वलन्त-सुर-लोअं
488,धूमुप्पित्थ-पिआमह-कमलालि-करम्बिअं गअणं // घउड्ॐ.१२४ [आर्या]
489,
490,
491,[प. २२]
492,गब्भालसाओ व पुणो कह वि गुहा-ल्हिक्ल-पोय-गरुईओ
493,पावन्ति भआ सेलङ्गणाओ गअणङ्गणुद्देसं // घउड्ॐ.१२५ [आर्या]
494,
495,खण-तरलिअ-पक्ख-उडाकडार-विज्जु-च्छडा-सिहालंमि
496,सलहा इव अत्थाअन्ति पवि-पईवंमि धरणि-हरा // घउड्ॐ.१२६ [आर्या]
497,
498,थोआअन्ति व विरलादीहाअन्तिव्व खविअ-वित्थारा
499,तुङ्गाअन्ति व तणुआ पवि-खण्डिअ-पेहुणा गिरयः // घउड्ॐ.१२७ [आर्या]
500,
501,सिढिल-पसारिअ-वक्खा घॆप्पन्ति पहाविएण कुलिसेण
502,दूरुप्पडिअ-णिवडिआदर-पप्पुअ-णीसहा गिरिणो // घउड्ॐ.१२८ [आर्या]
503,
504,कुलिसो ताडेइ धरॆ धरा महिं कुलिस-खण्डिअ-पडन्ता
505,णिवडन्त-सेल-पहआ मही वि सेस-प्फणा-वलअं // घउड्ॐ.१२९ [आर्या]
506,
507,णिअ-धूम-कडुइआइं गिरि-जालाइं धुअ-पक्ख-पम्हाइं
508,फुट्टन्ति लोअणाइं व दिसाण मुक्कॊज्झरंसूइं // घउड्ॐ.१३० [आर्या]
509,
510,जाआ दाह-विणिग्गअ-सङ्खाआयस-सिला-अड-त्थौडा
511,कुलिस-पडिच्छण-जॊग्गा पच्छा कडआ महि-हराण // घउड्ॐ.१३१ [आर्या]
512,
513,
514,[प. २३]
515,दड्ढ-वण-राइ-कलुसा तॆ च्चिअ सिहरॊज्झरा सदुक्खाण
516,जाआ सकज्जला इवबाहोआरागिरि-वहूण // घउड्ॐ.१३२ [आर्या]
517,
518,सङ्खाअ-मसिण-पसरा पासुत्त-महा-भुअङ्ग-सच्छाआ
519,दीसन्ति सेल-कडएसु दीहरा लोह-णीसन्दा // घउड्ॐ.१३३ [आर्या]
520,
521,कुलिसाणल-पिङ्गलिओ उप्पअण-तलावसत्त-ससि-बिम्बो
522,उक्खित्तामअ-कलसो गरुलॊ व्व गिरी परिब्भमइ // घउड्ॐ.१३४ [आर्या]
523,
524,सेल-णिअम्बुप्पइआ वज्जाणल-सरिस-विज्जु-पिञ्जरिआ
525,लुअ-महि-हर-पक्ख-णिहा णहंमि घोलन्ति घण-णिवहा // घउड्ॐ.१३५ [आर्या]
526,
527,दीसन्ति कुलिस-मिलिआ अङ्गाराअन्त-कुसुम-फल-किसला
528,तिअस-मिहुणाणुसोइअ-सङ्केअ-लआ-हरा गिरिणो // घउड्ॐ.१३६ [आर्या]
529,
530,वेअल्ल-वॆल्लिराणंपरिअत्तन्ता गिरीण कडएसु
531,सरिआ-मग्गा पावन्ति विअड-वण-वट्टअ-च्छाअं // घउड्ॐ.१३७ [आर्या]
532,
533,ओअरण-लालसेहिं गिरीसु दीसइ गुहा-विणिन्तेहिं
534,पक्ख-च्छेऒ व्वतड-ट्ठिएहिंवसुहा-वण-अरेहिं // घउड्ॐ.१३८ [आर्या]
535,
536,
537,[प. २४]
538,जलिउप्पइअ-वलन्ता अद्धेहिं णहङ्गणे विसट्टन्ति
539,अद्धेहिं मूल-गरुआ महीऎ णिवडन्ति गिरि-वक्खा // घउड्ॐ.१३९ [आर्या]
540,
541,उवरिं-धूम-णिवेसा मूलालग्ग-जलणाण दीसन्ति
542,हॆट्ठालोउक्खित्ता छाआ-बन्धा इव तरूण // घउड्ॐ.१४० [आर्या]
543,
544,परिलूण-पेहुणस्स वि सुर-गिरिणो अणह-वक्ख-सङ्काए
545,घडिओ पुणो वि कुलिसो जालासु णिअम्ब-विअडासु // घउड्ॐ.१४१ [आर्या]
546,
547,णिअ-सामत्थेणञ्चिअ ण तहा वेएण णिट्ठुर-प्पहरो
548,अण्ण-गिरि-पक्ख-पहओ जहछिन्दइमहि-हरं कुलिसो // घउड्ॐ.१४२ [आर्या]
549,
550,महि-हर-वडणुच्छलिआ भमन्ति पसरिअ-मणि-प्पहा-वलआ
551,सेल व्व जलिअ-वक्खा गअणंमि समुद्द-कल्लोला // घउड्ॐ.१४३ [आर्या]
552,
553,उप्पिअ-तिअस-विसाओ णिक्खमइ चिरेण दाह-कअ-विवरो
554,कुविअ-गिरि-पक्ख-सम्पुड-सम्पीडिअ-णिप्फुरो वज्जो // घउड्ॐ.१४४ [आर्या]
555,
556,असमप्पमाण-दीहर-मूलोआरे समुद्द-पडिए वि
557,णह-दूर-ठ्ठिअ-सिहरे णो मुअइ मही-हरे कुलिसो // घउड्ॐ.१४५ [आर्या]
558,
559,
560,[प. २५]
561,ऎक्को उण धरणि-हरो अद्दिट्ठ-णिअम्ब-मूल-सिहरग्गो
562,ल्हिक्को दूरुच्छलिए जलहिंमि व जलहि-कल्लोले // घउड्ॐ.१४६ [आर्या]
563,
564,रहसा रसा-अलोअर-विसाल-कन्दर-दरी-पलॊट्टन्तो
565,णज्जइ गिरी ण जलहिं जलहिच्चिअ महि-हरं विसइ // घउड्ॐ.१४७ [आर्या]
566,
567,गिरि-लुलिओअहि-विहुआसम्भन्त-दिसॆभ-ताडिअ-क्खन्धा
568,वेवइ विअणा-वॆल्लन्त-महि-हरन्दोलिआ वसुहा // घउड्ॐ.१४८ [आर्या]
569,
570,अप्पत्ता वि समुद्दं समुद्द-परिरक्खिअ व्व वोलन्ति
571,वेअ-समुच्छलिअ-णिअम्ब-सिन्धु-परिणूमिआगिरिणो // घउड्ॐ.१४९ [आर्या]
572,
573,णिवडन्त-सिला-छव्विअ-परितलिणाअन्त-मूल-वित्थारो
574,वॊच्छिण्ण-मन्थर-सिहो विरलाअइ धूम-सङ्घाओ // घउड्ॐ.१५० [आर्या]
575,
576,उप्पइअ-रेणु-णिवहा संवॆल्लिअ-विअड-कन्दर-च्छेआ
577,तॆ च्चेअ पडण-भिण्णापत्ता लहुअत्तणं गिरिणो // घउड्ॐ.१५१ [आर्या]
578,
579,ऎक्कत्तो सल्लाअन्त-वज्ज-धारा-कणा किलिम्मन्ति
580,अण्णत्तो कडओसहि-पहाव-रूढ-व्वणा गिरिणो // घउड्ॐ.१५२ [आर्या]
581,
582,
583,[प. २६]
584,कुलिसो ण दीसइच्चिअ ऎक्कंमिच्चिअ गिरिंमि मुज्झन्तो
585,ऎक्कंवसेल-सिहरं अट्टइ कुलिसंमि गिरि-जालं // घउड्ॐ.१५३ [आर्या]
586,
587,पक्ख-उड-कूड-पुञ्जिअ-कप्पन्तर-दिप्पमाण-हव्ववहा
588,पलऎ च्चिअविज्झाआसमुद्द-भर-पूरिआ गिरिणो // घउड्ॐ.१५४ [आर्या]
589,
590,णीसह-विमुक्क-कायत्तणेण वॊच्छिण्ण-पक्ख-लहुअं पि
591,तञ्चिअ भुअङ्ग-वइणो जाअं गरुअं व गिरि-जालं // घउड्ॐ.१५५ [आर्या]
592,
593,विहडिअ-वसुहा दलिअद्दि-मण्डला दूर-विद्दुअ-समुद्दा
594,थिइ-लालसेण हरिणा णीआ पलयञ्चिअ तिलोई // घउड्ॐ.१५६ [आर्या]
595,
596,आमुअइच्चिअ जीअं गिरि-मिहुणं णिव्वुएहĩ अङ्गेहिं
597,पज्जलिअ-पक्ख-सम्पुड-सम्पाडिअ-सिसिर-परिरम्भं // घउड्ॐ.१५७ [आर्या]
598,
599,भय-विहडिआण जाओ लुअ-पक्खुद्देस-णिवडिअ-थिराण
600,अह णिरवसाण-दुसहो कुडुम्ब-विरहो महि-हराण // घउड्ॐ.१५८ [आर्या]
601,
602,कढिण-गिरि-वक्ख-सूडण-विहडिअ-धारत्तणेण सुर-वइणो
603,आरुहइ काय-लहुओ पेसण-गरुओ करं कुलिसो // घउड्ॐ.१५९ [आर्या]
604,
605,
606,[प. २७]
607,इअ जेण खुडिअ-वक्खा गिरिणो वि समञ्जसत्तणॆ ठविआ
608,ऎक्कासण-संमाणं सो वि हरी मण्णए जस्स // घउड्ॐ.१६० [आर्या]
609,
610,अवि अ—
611,
612,चिहुरावीलण-पडिलग्ग-ण्हाण-घुसिणारुणंसुय-सुअन्धो
613,अग्घइ मङ्गल-गहिऎक्क-कुसुम-दामुज्जलो वेसो // घउड्ॐ.१६१ [आर्या]
614,
615,दर-चक्खिअ-मइरा-मअ-पविरल-सम्बज्झमाण-सेअ-लवं
616,सोहइ मन्थर-णित्थाम-लुलिअ-णअणुप्पलं वअणं // घउड्ॐ.१६२ [आर्या]
617,
618,सहइ जलद्दासन्दाण-विसम-मासलिअ-चन्दण-च्छेओ
619,सङ्कन्त-पाडलामोअ-सुरहि-सिसिरॊ थणाहोओ // घउड्ॐ.१६३ [आर्या]
620,
621,घोलइ महु-रस-विच्छुरिअ-मालई-मौल-कोमलाअम्बा
622,णिद्धोअञ्जण-रमणिज्ज-पम्ह-मूलुज्जला दिट्ठी // घउड्ॐ.१६४ [आर्या]
623,
624,विक्खिरिअ-चिहुर-मञ्जरि-सिहा-परिक्खलिअ-जल-लवालिद्धं
625,णिव्वाइ मौलिओणविअ-णह-चुडुप्पङ्कुरंजहणं // घउड्ॐ.१६५ [आर्या]
626,
627,इअ जस्स गिम्ह-दिवसावसाण-णिम्माअ-मज्जण-रसाहिं
628,लीला-वावीसु रिऊण सण्ठिअं वार-विलआहिं // घउड्ॐ.१६६ [आर्या]
629,
630,
631,[प. २८]
632,किं च—
633,
634,विवर-समोसरिअ-विराअ-हेम-महि-हर-रस-प्पवाहेहिं
635,पाआलोआरिअ-पिहु-सिहॊ व्व पडिहाइ हव्व-वहो // घउड्ॐ.१६७ [आर्या]
636,
637,वण-देवआ-पसारिअ-कर-अल-संवलिअ-किसलअ-कलावो
638,डज्झइ धूम-तमन्तरिअ-महुअरो तिअस-तरु-सण्डो // घउड्ॐ.१६८ [आर्या]
639,
640,पज्जलइ धूम-मण्डल-णिह-विवलाअन्त-लञ्छण-मअं व
641,णिव्वडिअ-फुलिङ्ग-च्छल-सङ्गलिअ-गहं व ससि-बिम्बं // घउड्ॐ.१६९ [आर्या]
642,
643,भीसण-सरूव-परिसण्ठिअं व जलणाहअं पि पडिहाइ
644,वेआल-मण्डलं मुहल-मुह-गुहा-घोलिरग्गि-सिहं // घउड्ॐ.१७० [आर्या]
645,
646,कर-कलिअ-खग्ग-लेहा-णिह-पढमुब्भिण्ण-धूम-लेहं व
647,डज्झइ मिहुणं विज्जा-हराण अविओअ-वीसत्थं // घउड्ॐ.१७१ [आर्या]
648,
649,जम-महिसो कवलिज्जइ जाला-संवॆल्लिओ हुअ-वहेण
650,बम्भण्ड-पडिप्फलिओणऒ व्व णिअ-धूम-विच्छड्डो // घउड्ॐ.१७२ [आर्या]
651,
652,अमर-रमणी-विहुव्वन्त-चामरुप्पङ्क-पवण-लोल-सिहो
653,भय-वेविरॊ व्व अल्लिअइ कहवि विबुहाहिवं जलणो // घउड्ॐ.१७३ [आर्या]
654,
655,
656,[प. २९]
657,फुडिअ-घण-वडल-पाअड-तडि-च्छडा-सण्ड-णिविडिओ जलइ
658,रवि-बिम्ब-वलय-बद्ध-प्फलॊ व्व जलणो णह-अलंमि // घउड्ॐ.१७४ [आर्या]
659,
660,डज्झन्ति सरल-सुङ्कार-दूर-विक्खित्त-सिहि-सिहा-णिवहा
661,तण्डविअ-फणा-मण्डल-पिण्डिअ-धूमुग्गमा फणिणो // घउड्ॐ.१७५ [आर्या]
662,
663,उव्वहइ धूम-वलयं सेसोपट्ठि-परिसण्ठिउब्भेअं
664,देह-प्पहा-विआणं हरिणॊ व्व णिवेस-सङ्कन्तं // घउड्ॐ.१७६ [आर्या]
665,
666,जलण-सिहा-सम्भाविअ-सरीर-णिव्वावणा-णिमित्तं व
667,डज्झइ ससि-मण्डल-कलस-दिण्ण-कण्ठ-ग्गहंमअणो // घउड्ॐ.१७७ [आर्या]
668,
669,रक्खा-भुअङ्गमुग्गिण्ण-विस-जलासार-विरलिउब्भेओ
670,अहिलेइ णिहि-ठ्ठाणाĩ कहवि जलणो कुबेरस्स // घउड्ॐ.१७८ [आर्या]
671,
672,सोहइ वलन्त-वासुइ-परिवेस-विढत्त-विअड-पडिबन्धो
673,दर-सिढिल-हर-जडा-पुञ्ज-पिञ्जरो सिहि-सिहा-णिवहो // घउड्ॐ.१७९ [आर्या]
674,
675,पडिहाइ जलण-जाला-पञ्जर-सञ्जमण-पुञ्जिआवयवो
676,उप्पत्ति-दिअस-परिसण्ठिऒ व्व तणओ ति-णयणस्स // घउड्ॐ.१८० [आर्या]
677,
678,
679,[प. ३०]
680,इअ पलयाणल-कवलिअ-सुरंमि बम्भण्ड-कुहर-कुण्डंमि
681,लीला कंसारि-सरूव-धारिणो जस्स णिव्वडिआ // घउड्ॐ.१८१ [आर्या]
682,
683,अहवा—
684,
685,मणि-सबल-कुसुम-मालावबन्ध-पडिबद्ध-विब्भमा पढमं
686,जाआ धूमाहअ-वेणु-दण्ड-कविसा किणोवेणी // घउड्ॐ.१८२ [आर्या]
687,
688,किं णु हु कला-णिरन्तर-मिअङ्क-पडिवक्ख-गण्ड-लेहं ते
689,दमणअ-सिहाहमहिसाम-धूसरं वअणमॆत्ताहे // घउड्ॐ.१८३ [आर्या]
690,
691,धारा-हअ-धरणि-कणावरुद्ध-णव-कन्दली-सिहा-फरुसं
692,महुरमवगाढ-सोहं अ वहसि विसमारुणं अहरं // घउड्ॐ.१८४ [आर्या]
693,
694,एअं पवण-पराहीण-सरल-लवली-दलाहिलोलं ते
695,पॆच्छामि असङ्गअ-मङ्गलावअंसं सवण-वासं // घउड्ॐ.१८५ [आर्या]
696,
697,सासअ-मिअङ्क-मणि-कलस-वेसमवसण्ण-हार-परिभोअं
698,णिरवसर-चन्दण-रसं तं चिअ ते सुअणु थण-वट्ठं // घउड्ॐ.१८६ [आर्या]
699,
700,सरस-पडिबोह-लङ्घिअ-कलम्ब-केसर-पिसङ्गमङ्गेसुं
701,लायण्णं चिर-णिम्माण-खिण्ण-कणअ-च्छविं वहइ // घउड्ॐ.१८७ [आर्या]
702,
703,
704,[प. ३१]
705,उवमासु अपज्जत्तेह-कलह-दन्तावहासमूरु-जुअं
706,तं चेअ मलिअ-बिस-दण्ड-विरसमालक्खिमोइण्हिं // घउड्ॐ.१८८ [आर्या]
707,
708,हा किं णु अणव-कच्चूर-भङ्ग-विच्छाअ-पाडले तरुणि
709,आवहसि इमे पडिबोह-कुण्ठ-कमलप्पहे चलणे // घउड्ॐ.१८९ [आर्या]
710,
711,सञ्चरइ चिर-परिग्गह-लायण्णुत्तिण्ण-वेस-सोहग्गो
712,सॊ च्चेअ पुराणालॆक्ख-धूसरो परिअणो एस // घउड्ॐ.१९० [आर्या]
713,
714,इअ अमुणिअ-वेहव्वागमाहिंआलोइऊण ता जस्स
715,रिउ-सुन्दरीओ रुज्जन्तिणेह-सरिसंपिअ-सहीहिं // घउड्ॐ.१९१ [आर्या]
716,
717,अह सो कआहिसेओ समयंमि णिमिल्ल-मेह-माहप्पे
718,चलिओ सअल-धरा-वलअ-विजअ-पडिबद्ध-ववसाओ // घउड्ॐ.१९२ [आर्या]
719,
720,किं च जाअं—
721,
722,णिवडइ परॊप्परावडण-मुहल-मणि-मञ्जरी-कण-करालो
723,गअणाहि विबुह-विहुओ सुर-पाअव-पल्लवुप्पीलो // घउड्ॐ.१९३ [आर्या]
724,
725,मङ्गल-लास-किलम्मन्त-सुर-बहू-कण्ठ-सीअलो वहइ
726,आभिण्ण-महुर-मन्दार-सुन्दरो सुर-वह-समीरो // घउड्ॐ.१९४ [आर्या]
727,
728,
729,[प. ३२]
730,उत्तम्भिज्जन्ति णराहिवस्स समअं दिसा-गइन्देहिं
731,असरिस-पसत्थ-मणि-तोरण व्व विअडा कर-क्खम्भा // घउड्ॐ.१९५ [आर्या]
732,
733,साणन्द-रोहिणी-बाहु-वलय-पडिबद्ध-बीअ-परिवेसो
734,जाओ पसण्ण-गह-मण्डलावलम्बी णिसा-णाहो // घउड्ॐ.१९६ [आर्या]
735,
736,विब्भम-परिरम्भण्णोण्ण-मिलिअ-मणि-दाम-मुहल-थण-बिम्बो
737,लास-लय-कंस-तालॊ व्वं चलइ सुर-सुन्दरी-सत्थो // घउड्ॐ.१९७ [आर्या]
738,
739,किरण-किलामिअ-परिअर-भुअङ्ग-विस-जलण-धूम-तिमिरेहिं
740,उव्वॆल्ल-महामणि-दन्तुरेहिं चलिअं णिहाणेहिं // घउड्ॐ.१९८ [आर्या]
741,
742,वहइ महिन्दो साणन्द-सुन्दरी-विहुअ-वास-संवलिअं
743,हरिसावसरंमि वि विसम-विअसिअं लोअण-सहस्सं // घउड्ॐ.१९९ [आर्या]
744,
745,रहसुद्ध-तिअस-करि-दन्त-दण्ड-परितुलिअ-रवि-रह-तुरङ्गो
746,तोरण-णिबद्ध-जय-पल्लवॊ व्व जाओ णह-विआणो // घउड्ॐ.२०० [आर्या]
747,
748,इअ से पसत्थ-पत्थाण-समय-सम्भाविऊसव-विआसो
749,जाओ पहरिस-हीरन्त-सुहिअ-हिअओतिअस-लोओ // घउड्ॐ.२०१ [आर्या]
750,
751,
752,[प. ३३]
753,अवि अ—
754,
755,आमूल-वलिअ-वामोरु-वल्लरी-लङ्घिएअरोरु-लअं
756,तंस-ट्ठिअ-दर-परिअत्तिअङ्ग-दिट्ठॆक्क-थण-वट्ठं // घउड्ॐ.२०२ [आर्या]
757,
758,विणिअत्त-हार-वलअग्ग-मिलिअ-मासल-णिअम्ब-पेरन्तं
759,वलणा-मडह-ट्ठिअ-मज्झ-कट्ठिऒव्वत्त-रोम-लअं // घउड्ॐ.२०३ [आर्या]
760,
761,सहि-खन्ध-ट्ठिअ-दाहिण-पौट्ठ-वलिओणआणण-मिअङ्कं
762,ऎक्कॆक्कम-णिविड-करम्बिअङ्गुली-मिलिअ-कर-किसलं // घउड्ॐ.२०४ [आर्या]
763,
764,परिअत्त-सरल-कुन्तल-णालञ्जिअ-दाहिण-त्थणद्धन्तं
765,लीला-बन्धुर-सीमन्त-पअड-चूडा-मणि-च्छाअं // घउड्ॐ.२०५ [आर्या]
766,
767,ओणविअ-सवण-तवणिज्ज-मञ्जरी-रुद्ध-कुण्डलालोअं
768,वलिआगअण्ण-ताडङ्क-मलिअ-थण-कुङ्कुमालॆक्खं // घउड्ॐ.२०६ [आर्या]
769,
770,इअ वसुहाहिव-दंसण-वलन्त-णअणुप्पलावअंसाण
771,भवण-सिहरेसु पुर-सुन्दरीण परिसण्ठिअं सहइ // घउड्ॐ.२०७ [आर्या]
772,
773,किं च—
774,
775,
776,[प. ३४]
777,अज्ज वि जस्स हराणल-जालावलि-सम्भमं भरन्तस्स
778,कुसुम-कविसे असोए वि झत्ति दिट्ठी समुव्विअइ // घउड्ॐ.२०८ [आर्या]
779,
780,सो वि ससि-बन्धवो जाण दंसणे पणइणीणं कोवङ्कं
781,कुणइ च्चिअ कुन्द-सिहा-कसाअ-गण्ड-त्थलं वअणं // घउड्ॐ.२०९ [आर्या]
782,
783,दिट्ठे पहुम्मिअबलाणताणआविद्ध-चन्दण-कसाओ
784,वसिओ अङ्गेसुसमन्त-पीण-कण-कब्बुरोसेओ // घउड्ॐ.२१० [आर्या]
785,
786,दिट्ठी सचन्दणेसुं आरोविअ-रोअणेसु रमणीण
787,तस्स णिसण्णा पुण्णाह-रअअ-वत्तेसु व मुहेसु // घउड्ॐ.२११ [आर्या]
788,
789,अवि अ—
790,
791,समरेसु खग्ग-धारा-गआऎ पडिपॆल्लिऊणरिउ-खग्गं
792,दिट्ठो सिरीऎ तं णील-मणि-कवाडन्तरेणं व // घउड्ॐ.२१२ [आर्या]
793,
794,सइ सुहडासि-णिवासा सङ्कन्तायस-मल व्व सामाइ
795,जादोस-रआ सा णवरफुरइ तइ णिम्मला लच्छी // घउड्ॐ.२१३ [आर्या]
796,
797,तुह जाअ-मच्छरेण व णरिन्द उब्भिउडिणा णडालेण
798,सअल-णडालाइं चिअ ठवियाĩ पणाम-मग्गम्मि // घउड्ॐ.२१४ [आर्या]
799,
800,
801,[प. ३५]
802,गहिओ विवलाअन्तीऎ पाणिणा तुह असी रणग्गम्मि
803,सहसा वेणी-दण्डॊ व्व फुरइ पडिवक्ख-लच्छीए // घउड्ॐ.उ [आर्या]
804,
805,पुरओ पुरओ तुम्हारिसेहĩ विअडेहĩ भूमि-वालेहिं
806,विवरीअग्ग-सरूवॊ व्व एस परिवड्ढिओ वंसो // घउड्ॐ.२१५ [आर्या]
807,
808,सहइ णरिन्द परिणओ मग्गॊप्पिअ-दण्ड-पाविअ-त्थामो
809,सिरि-सुन्दरीऎ पासे तुह धम्मोसोविदल्लोव्व // घउड्ॐ.२१६ [आर्या]
810,
811,दीहर-पआव-मूलं लच्छी पास-ट्ठिआ जसुग्घाअं
812,कञ्चण-दण्डं पिव धवल-चामरंतुज्झधारेइ // घउड्ॐ.२१७ [आर्या]
813,
814,विहवाअन्तारि-वहू-समूह-पडिभग्ग-वलय-रासि-णिहा
815,तुह जस-कूडुक्केरा दिसासु सअलासु दीसन्ति // घउड्ॐ.२१८ [आर्या]
816,
817,भरिमो असिं तु सङ्गर-फुरन्त-माअङ्ग-मॊत्तिअ-मऊहं
818,धारा-जलुत्त-बिसमिव सिरीऎ पिअ-गेह-णलिणीए // घउड्ॐ.२१९ [आर्या]
819,
820,भीअ-परित्ताण-मइं पइण्णमसिणो तुहाहिरूढस्स
821,मण्णे सङ्का-विहुरेण वेरि-वग्गे वि अवआसो // घउड्ॐ.२२० [आर्या]
822,
823,
824,[प. ३६]
825,दारिअ-रिउ-गअ-मअ-सुरहिणि त्ति णिच्चं चला वि भमरि व्व
826,खग्ग-लआए णिवसइ फरुसाऎ वि तुज्झ राअ सिरी // घउड्ॐ.ॐ [आर्या]
827,
828,कोऊहलेणआहव-पलोइआ गारवॊप्पिअ-करेण
829,पठ्ठीओ परामुट्ठा तुमाइ पणआण वेरीण // घउड्ॐ.२२१ [आर्या]
830,
831,णिवसिज्जइ जय-वारण-कुम्भ-विभेअ-क्खमे तुह असिम्मि
832,तद्दिअसं मुत्ता-कोस-सञ्चआसाऎ व सिरीए // घउड्ॐ.२२२ [आर्या]
833,
834,सो णत्थि च्चिअ इह जो णरिन्द णेहिइ णडाल-वट्टं वो
835,अच्छीहिन्तो करुणा-मआĩ णणु वारि-बिन्दूइं // घउड्ॐ.२२३ [आर्या]
836,
837,तद्धण-धणं व धरिआ लच्छी वच्छ-त्थले महु-महेण
838,भिच्चत्थि-बन्धवेसुं ण उण विहत्ता जह तुमाइ // घउड्ॐ.W [आर्या]
839,
840,अहवा—
841,
842,उप्पअणाअर-सम्पिण्डिअङ्ग-गिरि-णिवह-गारवोणमिअं
843,सव्वाअर-वॊढव्वं जाअं सेसस्स महि-वॆढं // घउड्ॐ.२२४ [आर्या]
844,
845,पक्खन्तराल-परिअत्तमाण-रवि-मण्डला णह-अलम्मि
846,होन्ति अणागअ-सङ्गअ-कुलिसा इव सेल-सङ्घाआ // घउड्ॐ.२२५ [आर्या]
847,
848,
849,[प. ३७]
850,मारुअ-भरन्त-कन्दर-गारव-परिमन्थरं वलग्गन्ति
851,वेअ-विअसन्त-पाअव-णूमिअ-कडअन्तरा गिरिणो // घउड्ॐ.२२६ [आर्या]
852,
853,आरोहन्ति णह-अलं तारुज्जोइअ-गुहा-मुहाहोआ
854,अण्णोण्ण-पेहुणाणिल-हीरन्त-विसण्ठुलासेला // घउड्ॐ.२२७ [आर्या]
855,
856,उप्पअणोहुर-पीलिअ-सरीर-मौलन्त-विवर-णिव्वूढा
857,उद्धं णिबद्ध-वेआ णिज्झर-धाराओ णिवडन्ति // घउड्ॐ.W [आर्या]
858,
859,मुक्क-तुसारासारंलीलुड्डीणम्मितुहिण-सेलम्मि
860,वेवइ अच्छक्कागअ-हिमकाल-किलामिओ लोओ // घउड्ॐ.२२८ [आर्या]
861,
862,उप्पअण-रुद्ध-गअणा दूरुग्गम-णिव्वडन्त-णह-लहुआ
863,सूएन्ति मूल-मडहं खमग्ग-विअडं व धरणि-हरा // घउड्ॐ.२२९ [आर्या]
864,
865,दूरअरं उप्पइआ अद्ध-वहत्थमिअ-णिज्झर-तुसारा
866,दीसन्ति विअड-लहुआ पणट्ठ-काया महा-गिरिणो // घउड्ॐ.२३० [आर्या]
867,
868,जं जं समुप्पअन्ता मुअन्ति सेला णहङ्गणुद्देसं
869,तं तं पुञ्जिअ-बहलॊ भरेइ मुहलुब्भडो पवणो // घउड्ॐ.२३१ [आर्या]
870,
871,उत्पतनावाङ्मुखपीडितशरीरमुकुलीभवद्विवरनिर्व्यूढाः
872,ऊर्ध्वं निबद्धवेगा निर्झरधारा निपतन्ति // घउड्ॐ.X
873,
874,
875,
876,
877,[प. ३८]
878,पासोसरन्त-तल-मग्ग-घडिअ-कम-लहुअ-मासल-च्छाया
879,उड्डन्ति पक्ख-विअलिअ-दिग्गअ-दाणॊज्झरा गिरिणो // घउड्ॐ.२३२ [आर्या]
880,
881,एन्तिगअणोसरन्तेसु कह वि उम्मुह-समीर-हीरन्ता
882,थोउप्पअइ-णिविट्ठा सेलेसु विहङ्ग-सङ्घाआ // घउड्ॐ.२३३ [आर्या]
883,
884,ओअरण-विसेसिज्जन्त-रवि-अरालोअ-चञ्चल-च्छाया
885,दीसन्ति पविरलाओ ववेउद्ध-दला वणालीओ // घउड्ॐ.२३४ [आर्या]
886,
887,इअ जेण णहङ्गण-गोअराण खुडिआओ पक्ख-मालाओ
888,सेलाण सो वि तं चिन्तिऊण अन्दोलइ महिन्दो // घउड्ॐ.२३५ [आर्या]
889,
890,अणुधारंसन्दट्टॆभ-मॊत्तिए तुह असिम्मि सच्चविआ
891,लीला-दर-दाविअ-हार-मॆत्त-पअडव्व जय-लच्छी // घउड्ॐ.२३६ [आर्या]
892,
893,अयसेण रिऊण करम्बिआओ कित्तीओ तुहधरिज्जन्ति
894,कुवलय-दल-संवलिआ मालइ-मालाओ व दिसाहिं // घउड्ॐ.२३७ [आर्या]
895,
896,पडिबद्धंणवरतुमे णरिन्द-चक्कं पआव-विअडं पि
897,गह-वलयमणुच्छित्तॆ धुवॆ व्व परिअत्तइ णरिन्द // घउड्ॐ.२३८ [आर्या]
898,
899,
900,[प. ३९]
901,समरम्मि करेविप्फुरइ णवर ऎक्को असी तुह च्चेअ
902,जो पावइ णिअ-जस-सोम-मण्डले लञ्छण-च्छायं // घउड्ॐ.२३९ [आर्या]
903,
904,सविमो अणज्जुणमिमंअमहिन्दमवासुइं च अप्पाणं
905,सेवञ्जलि-दंसण-गुण-कहासुतुहजो ण पज्जत्तो // घउड्ॐ.२४० [आर्या]
906,
907,णिवडइ पडण-समुच्छलिअ-जलण-कण-जाल-जडिल-धारग्गो
908,विमुह-गह-मण्डलाअट्टिऒ व्व खग्गो तुह रिऊसु // घउड्ॐ.२४१ [आर्या]
909,
910,तुह पडिवक्खेसु भया कत्थ वि अविलासमावसन्तेसु
911,आरोवेइ ण काअर-गणणाऎ व चावमसमसरो // घउड्ॐ.२४२ [आर्या]
912,
913,सुहडाअट्टिअ-कोअण्ड-चण्ड-रव-दारुणे रणे तं सि
914,परिरद्धॊ भीयाऎ व सहसा गाढं जय-सिरीए // घउड्ॐ.२४३ [आर्या]
915,
916,सोहइ समागमेसुं अहिअ-पआव-प्पईव-मालासु
917,वावारेन्ती कण्णुप्पलं व खग्गं तु जय-लच्छी // घउड्ॐ.२४४ [आर्या]
918,
919,जंइअरोवद्दव-विद्दुआ विमज्जन्तितुह रिऊ णाह
920,बहु-रूवा ता धाराओ णवर तुह मण्डलग्गस्स // घउड्ॐ.२४५ [आर्या]
921,
922,
923,[प. ४०]
924,पणइ-अणत्थं आमुअइ कणअमिणमो इह ट्ठिआ लच्छी
925,कवआवडिआ असिणो तु णेन्ति णामी सिहि-फुलिङ्गा // घउड्ॐ.२४६ [आर्या]
926,
927,कोवेण व कअ-कम्पं रहसुद्ध-परिट्ठिआऎघडिआइं
928,तुह तज्जणीऎ कज्जाइं चण्ड-भुअ-दण्ड-दूईए // घउड्ॐ.२४७ [आर्या]
929,
930,आरूढो पासाअक्कमेण तह तं सि उवरिलोअस्स
931,ऎक्को अ सो जहा वो अण्डअ-बन्धाअएमौली // घउड्ॐ.२४८ [आर्या]
932,
933,बाहु-सिहरेसुदीसइ कामिणि-सङ्कामिएण मअ-तिलओ
934,भू-भारुव्वहण-वसा परिट्ठिओ पङ्क-लेसॊ व्व // घउड्ॐ.२४९ [आर्या]
935,
936,भुमअग्ग-भमिर-लच्छी-चलणालत्तअ-णिहो तुवि प्फुरइ
937,अवअंसारुण-मणि-मञ्जरी-भवो राअ-विच्छड्डो // घउड्ॐ.२५० [आर्या]
938,
939,होन्ति कअत्था पणई णह-माला-चलण-रोहणे तुज्झ
940,आअम्ब-मणि-गुहाओ व विसिऊणपणाम-सङ्कन्ता // घउड्ॐ.२५१ [आर्या]
941,
942,अल्लीणारहसागम-परिवत्तिअ-केसवंसुअ-धर व्व
943,कवअ-दलणुग्गआणल-सिह-च्छला वो असिं लच्छी // घउड्ॐ.२५२ [आर्या]
944,
945,
946,[प. ४१]
947,इअ जॊ थुव्वइ पहरिस-पूर-परिक्खलिअ-विसम-कण्ठेहिं
948,बन्दीहĩकइन्देहĩचभूअत्थेहिं चिअगुणेहिं // घउड्ॐ.२५३ [आर्या]
949,
950,इअ चाडु-चौर-चारण-सञ्चारिअ-चन्द-चारु-चरिएण
951,णअराओ णर-वरिन्देण णिग्गअं णिग्गअ-जसेण // घउड्ॐ.२५४ [आर्या]
952,
953,किं च—
954,
955,जवपचमाणस्स सरीर-चारिणो गब्भ-वसहि-गेहेसु
956,जाण परिअत्तणेण व आवत्त-गईओणिव्वडिआ // घउड्ॐ.२५५ [आर्या]
957,
958,जे कुङ्कुम-त्थलीसुं केसर-भङ्गारुणेहिं दावेन्ति
959,पइ-परिहोअं व महीऎणव-णहङ्कं खुर-वएहिं // घउड्ॐ.२५६ [आर्या]
960,
961,जे पोह-खण-परिट्ठिअ-सङ्खाअ-प्फेण-पिण्ड-घडिएहिं
962,हेसा-रवेहĩ पूरिअ-पयाण-सङ्ख व्व दीसन्ति // घउड्ॐ.२५७ [आर्या]
963,
964,आयाण-मरगअ-च्छवि-विच्छड्डाडम्बरेण मुञ्चन्ति
965,जेबाल-जव-रसं पिवसयराहापीअमङ्गेहिं // घउड्ॐ.२५८ [आर्या]
966,
967,दिण्णाओ पणालीओ व सम-वारि-विणिग्गमाअ धारेन्ति
968,परिछिण्ण-मज्झ-रेहा-णिहेण जे जहण-बन्धेण // घउड्ॐ.२५९ [आर्या]
969,
970,
971,[प. ४२]
972,मग्गेसु गुरु-बला वेअ-गाढ-णिवडन्त-कोडि-टङ्केहिं
973,उच्चरिऊणं व लिहन्ति जे टआरॆ खुर-उडेहिं // घउड्ॐ.२६० [आर्या]
974,
975,जे अज्ज वि हिम-सेलन्त-सम्भवा अणह-सीअ-विअण व्व
976,गुरु-तेअ-प्पसर-रसाठाणेच्चिअ किम्पि कम्पन्ति // घउड्ॐ.२६१ [आर्या]
977,
978,आरूढ-जोह-णिवहा ते तस्स तरङ्गिणो जय-तुरङ्गा
979,सूअन्ति व्व पहरिसं जाआ पुरओ णरिन्दस्स // घउड्ॐ.२६२ [आर्या]
980,
981,अवि अ—
982,
983,उवहाणं पिव लीला-वलिअ-ट्ठिअ-पिहु-करत्तणा देन्ति
984,जे विअड-दन्त-पल्लङ्क-कअ-णिवेसाऎ लच्छीए // घउड्ॐ.२६३ [आर्या]
985,
986,दीसन्ति जाण परिअत्त-चलण-दलिआरि-सीस-भावेण
987,अज्ज वि कवाल-सअल व्व पास-खुत्ता णह-क्खण्डा // घउड्ॐ.२६४ [आर्या]
988,
989,असरल-लीला-गइ-विअलिआहĩजे तीहĩ दाण-धाराहिं
990,राअ-सिरीऎ रअन्ति व विलास-वेणी-लअं सुरहिं // घउड्ॐ.२६५ [आर्या]
991,
992,पासल्लिआण जे पडिगआण खुत्तग्ग-दन्त-भावेण
993,विब्भम-मुणाल-दण्डेहĩ रुहिर-सलिलं पिवपिअन्ति // घउड्ॐ.२६६ [आर्या]
994,
995,
996,[प. ४३]
997,जेचञ्चल-चामर-पम्हलेहĩ सोहन्ति कण्ण-तालेहिं
998,उप्पअण-तरल-पक्ख व्व तिअस-गअ-जुज्झ-बुद्धीए // घउड्ॐ.२६७ [आर्या]
999,
1000,सुत्त-णिवेसं पिव देन्ति दीहरं दाण-वारि-धाराहिं
1001,पडिवासरं पवित्थारिणीऎ जेपत्थिव-सिरीए // घउड्ॐ.२६८ [आर्या]
1002,
1003,ते तस्स जय-गइन्दा सिअ-पिट्ठन्तरिअ-सामल-च्छाया
1004,सरआवणीअ-कलुसा जाआ पुरओ जलहर व्व // घउड्ॐ.२६९ [आर्या]
1005,
1006,किं च जाअं—
1007,
1008,णवरि अ थोअ-त्थोअं अग्घन्ति णिसीह-मुहल-कल-हंसा
1009,दर-दूमिआरविन्दा असार-सूराअवा दिअसा // घउड्ॐ.२७० [आर्या]
1010,
1011,सौण-मराल-जणवआ धूमाबद्ध-तिमिरा विराअन्ति
1012,सञ्ज्झा-णिअम्ब-णव-पल्लव व्व रअणीण गो-सग्गा // घउड्ॐ.ञ [आर्या]
1013,
1014,कासार-विरल-कुमुआअमलिअ-विच्छाय-चन्द-परिवेसा
1015,होन्ति बहलावसाया पहाअ-सिसिरा णिसा-बन्धा // घउड्ॐ.२७१ [आर्या]
1016,
1017,घोलइ अलद्ध-किरणो तुसार-लव-लम्भ-धूसर-च्छाओ
1018,रविणो अलम्बुसा-कुसुम-पाडलो बिम्ब-परिणाहो // घउड्ॐ.२७२ [आर्या]
1019,
1020,
1021,[प. ४४]
1022,अग्घन्ति सिसिर-सलिला अणिउञ्चिअ-कोञ्च-सारस-विरावा
1023,खल-चुण्णिअ-कलमामोअ-वाहिणो गाम-सीमन्ता // घउड्ॐ.२७३ [आर्या]
1024,
1025,कं व ण हरन्ति णिबिडावसाय-सम्भिण्ण-सामल-करीसा
1026,गोहण-विणिवेसुद्देस-धूसरारण्ण-पेरन्ता // घउड्ॐ.२७४ [आर्या]
1027,
1028,अक्कन्त-करीसुम्हा-सुह-णिक्कम्प-जहणंविणिक्कमइ
1029,कह वि जडाअव-परिभोअ-मन्थरं रोहिणी-जूहं // घउड्ॐ.२७५ [आर्या]
1030,
1031,इअ हेमन्त-समिद्धासु गाम-सीमासु मेइणी-णाहो
1032,दिठ्ठिं दिन्तो पत्तो कमेण सोणङ्कमुद्देसं // घउड्ॐ.२७६ [आर्या]
1033,
1034,मलिआ पूअ-प्फल-कोस-वडण-रज्जन्त-पल्ललातस्स
1035,सेणा-भडेहĩ णव-सालि-सालिणो गाम-सीमन्ता // घउड्ॐ.२७७ [आर्या]
1036,
1037,मत्त-कुररासु दिट्ठी सहरी-विप्फुरण-कम्पिअ-जलासु
1038,वीसमइ व वञ्जुलिणीसुताण आहार-लेहासु // घउड्ॐ.२७८ [आर्या]
1039,
1040,ताणणिसम्मइ हिअअं अणाविलाहार-सलिल-सुहआसु
1041,आ-मञ्जरी-परिग्गह-सुअन्ध-कलमासु सीमासु // घउड्ॐ.२७९ [आर्या]
1042,
1043,
1044,[प. ४५]
1045,ल्हसमाण-जुओवत्तिअ-तुरङ्गम-क्खन्ध-केसरुप्पङ्को
1046,उम्मुह-धुरं समारुहइ जत्थ रविणो रहो कह वि // घउड्ॐ.२८० [आर्या]
1047,
1048,बाहिं-गआण जस्स अ णत्थि च्चिअ णह-अलं ति पडिवत्ति
1049,कन्दर-परिट्ठिआण अ सॊ च्चिअ णत्थि त्ति पडिहाइ // घउड्ॐ.२८१ [आर्या]
1050,
1051,बहु-कुहराविल-कडअत्तणेण णह-महि-अलन्तर-णिवेसो
1052,गहिऊण व वसुहद्धं जो गअणद्धं च णिम्मविओ // घउड्ॐ.२८२ [आर्या]
1053,
1054,जेण णहो-गअ-सिहरेण कुहर-पसरिअ-णहङ्गणेणं च
1055,अण्णोण्णं कीलिअ-णिच्चलॊ व्वणह-महि-अलुच्छङ्गो // घउड्ॐ.२८३ [आर्या]
1056,
1057,विञ्ज्झम्मि तम्मि रस-सुरहि-सल्लई-भङ्ग-णिव्वुअ-गअम्मि
1058,रोह-णिरन्तर-ताली-वणम्मि जाओ मही-णाहो // घउड्ॐ.२८४ [आर्या]
1059,
1060,अवि अ—
1061,
1062,बन्दीकअ-महिसासुर-कुल-कण्ठुम्मोइएहĩ व तुमाए
1063,माहवि घण्टा-दामेहĩ मण्डिअं तोरण-द्दारं // घउड्ॐ.२८५ [आर्या]
1064,
1065,दिट्ठं साहॆज्जारूढ-तुहिण-गिरी-खण्ड-दिण्ण-पीढं व
1066,महिसासुरस्स सीसं तुहचलण-णह-प्पहा-भरिअं // घउड्ॐ.२८६ [आर्या]
1067,
1068,
1069,[प. ४६]
1070,भमरावलिओभइरवि तुज्झंभवणाइरम्मि सामोए
1071,थुइ-मॆत्तुम्मोइअ-जन्तु-णिअल-मालाओ व लुढन्ति // घउड्ॐ.२८७ [आर्या]
1072,
1073,णणु तुम्हं सम्भरणे रणम्मि विहडन्ति वारण-घडाओ
1074,दूराऒ च्चिअ वाहण-मइन्द-रव-विद्दुआऒ व्व // घउड्ॐ.२८८ [आर्या]
1075,
1076,तुह चण्डि चलण-कमलाणुवत्तिणो कह णु सञ्जमिज्जन्ति
1077,सेरिह-वह-सङ्किअ-महिस-हीरमाणेण व जमेण // घउड्ॐ.२८९ [आर्या]
1078,
1079,तुहिण-गिरी देवि तुमाइ जणअ-भावेण गारवं णीओ
1080,विञ्ज्झाअलो वि कन्दर-णिवास-लीलाऎ कल्लाणि // घउड्ॐ.२९० [आर्या]
1081,
1082,सोहसि णारायणिरणिर-णेउराराव-मिलिअ-हंस-उले
1083,भवणम्मि कवालाविल-मसाण-राएण व भमन्ती // घउड्ॐ.२९१ [आर्या]
1084,
1085,अद्धेण सरीरॆ च्चिअ णवर ससि-सेहरस्स तं वससि
1086,हिअए उण से सङ्करि तुह अविहाएण ओआसो // घउड्ॐ.२९२ [आर्या]
1087,
1088,खलिओ तĩ रहसुक्खित्त-मणि-तुला-कोडि-कुण्डलाहरणो
1089,सिङ्गोभङ्ग-ट्ठविअ-वलय-बन्धॊ व्व महिसस्स // घउड्ॐ.२९३ [आर्या]
1090,
1091,
1092,[प. ४७]
1093,तुह दारंथाम-त्थाम-दिण्ण-रुहिरोवहारमाभाइ
1094,हर-पणय-रोस-विससिअ-सञ्ज्झा-सअलावइण्णं व // घउड्ॐ.२९४ [आर्या]
1095,
1096,तुह वअण-च्छवि-भिज्जन्त-विअड-तम-मण्डला सआ होन्ति
1097,केहĩ वि दिज्जन्त-महा-महिसा इव भअवइ पओसा // घउड्ॐ.२९५ [आर्या]
1098,
1099,णिद्दा-रूवेण पअं णिमेसि जण-लोअणेसु तं चेअ
1100,पडिबोहे जेण स-जावअ व्व लक्खिज्जए दिट्ठी // घउड्ॐ.२९६ [आर्या]
1101,
1102,पलयं वा कालि ण णिम्मवेसि रूवस्स ते अणन्तस्स
1103,सव्वङ्गे कह णु कवाल-मण्डलाडम्बरं घडौ // घउड्ॐ.२९७ [आर्या]
1104,
1105,थुव्वसि तक्खण-विहडन्त-लोह-हिञ्जीर-सामल-गलेहिं
1106,परिणअ-गणभावागअ-तिणयण-चिन्धेहिंवणरेहĩ // घउड्ॐ.२९८ [आर्या]
1107,
1108,णिमिसं पि णेअ मुच्चइ आयअणोववण-मण्डलं तुज्झ
1109,संणिहिअ-कुमार-मऊर-णेह-रसिएहĩ व सिहीहिं // घउड्ॐ.२९९ [आर्या]
1110,
1111,पाऊण वौवहाराअरेसुसइ धूव-धूम-वडलाइं
1112,उव्वमसि बहुल-रअणी-भावेसु णिरन्तरं तिमिरं // घउड्ॐ.३०० [आर्या]
1113,
1114,
1115,[प. ४८]
1116,पणअ-जण-रक्खणन्तरिअ-वेरि-करवाल-पञ्जरेणं व
1117,हारिन्द-णील-किरणावलम्बिणाभासि वच्छेण // घउड्ॐ.३०१ [आर्या]
1118,
1119,जाहे रअणी-रूवेण फुरसि ससहर-विडम्बिअ-कवाला
1120,ताहे वि णरट्ठि-पसाहणम्मि तुह घडइ गह-चक्कं // घउड्ॐ.३०२ [आर्या]
1121,
1122,तंकुवलई-कुणन्तीण वा दइच्चाण खग्ग-मालाओ
1123,णिअ-चलण-पङ्कअच्चा-कज्जं वो कह णु सम्पडौ // घउड्ॐ.३०३ [आर्या]
1124,
1125,मालूर-पत्त-माला-कण्टअ-कअ-सोणिअ व्व आहासि
1126,तं सरस-रत्त-चन्दण-परिसोण-थणन्तरा देवि // घउड्ॐ.३०४ [आर्या]
1127,
1128,सङ्कन्ताउ व रोसारुर्णच्छि-वलय-प्पहाओ महिसम्मि
1129,तुह सबरि सोणिअ-सिहा तिसूल-मग्गेसु दीसन्ति // घउड्ॐ.३०५ [आर्या]
1130,
1131,वीर-विइण्ण-विकोसासि-धेणु-करवाल-कन्ति-कज्जलिअं
1132,दिअसम्मि वि देवि असङ्क-कोसिअं गब्भ-भवणं ते // घउड्ॐ.३०६ [आर्या]
1133,
1134,तं अत्थारुण-रवि-मण्डलेण मुण्डोवहार-पुरवं व
1135,तारा-णिह-कअ-बलि-तन्दुलाऎ पूइज्जसि णिसाए // घउड्ॐ.३०७ [आर्या]
1136,
1137,
1138,[प. ४९]
1139,तं सहसि सजल-जीमूअ-गोअरा गोरि विज्जु-भावम्मि
1140,कंसॊप्पिअ-वज्झ-सिला-सह व्वगअणेसमुप्पइआ // घउड्ॐ.३०८ [आर्या]
1141,
1142,हर-फंस-सेअ-संवलिअ-जावआसङ्गि-णह-मणि-च्छाओ
1143,सहइणअ-चन्द-लेहा-सुर-सरि-सञ्ज्झॊ व्वतेचलणो // घउड्ॐ.३०९ [आर्या]
1144,
1145,सुलहोवहार-रुहिर-प्पवाह-सम्भावणाऎ लिब्भन्ति
1146,अरुण-पडाआ-पडिमा-गब्भाओ सिला इह सिवाहिं // घउड्ॐ.३१० [आर्या]
1147,
1148,पूआहिसेअ-विअलिअ-णडाल-जावअ-रसंपिअन्ति व्व
1149,रुहिरासव-परिओसा तुह पुरऒ भूअ-पडिमाओ // घउड्ॐ.३११ [आर्या]
1150,
1151,पच्चक्ख-भाव-तक्खण-मीलन्तच्छि-हअ-दंसण-गुणेहिं
1152,तिअसेहĩ वि तुह णिद्दत्तणम्मि रूवं ण सच्चविअं // घउड्ॐ.३१२ [आर्या]
1153,
1154,तक्काल-विमुह-हर-वढ्ढिएहĩ सासेहिं तावसि तुमाए
1155,पडिवण्णो पाणायाम-णियम-बन्धाअरो कह णु // घउड्ॐ.३१३ [आर्या]
1156,
1157,काम-डहणाणुतावाहरस्स तुह विब्भमेहĩ णिव्वडिआ
1158,कट्ठिअ-णडाल-णयणाणल व्व सन्ताविणो सासा // घउड्ॐ.३१४ [आर्या]
1159,
1160,
1161,[प. ५०]
1162,सइसिद्ध-सिद्धि-मण्डल-पईव-परिकम्पिणो पओसेसु
1163,तुज्झोसव-गन्ध-सुहा सुहअन्ति समीरणुग्गारा // घउड्ॐ.३१५ [आर्या]
1164,
1165,तडिभावम्मिफुरन्ती सवारि-वारिहर-कूड-कोडीए
1166,अक्कन्त-महा-महिस व्व सोहसे अमरिसाअम्बा // घउड्ॐ.३१६ [आर्या]
1167,
1168,जण-दिण्ण-केस-कलणा-लोमस-कलुसेहĩकम्पमुप्पेसि
1169,वेआलेहĩ व पडिअग्गिआइरावाउ-दण्डेहिं // घउड्ॐ.३१७ [आर्या]
1170,
1171,गम्भीर-गब्भ-मन्द-प्पहाओ तुह देवि दीव-मालाओ
1172,उवहार-मुण्ड-केसन्धआर-मूढाओ व खलन्ति // घउड्ॐ.३१८ [आर्या]
1173,
1174,विससिज्जन्त-महा-पसु-दंसण-सम्भम-परॊप्परारूढा
1175,गअणेच्चिअ गन्ध-उडिं कुणन्ति तुहकौल-णारीओ // घउड्ॐ.३१९ [आर्या]
1176,
1177,णह-मणि-सङ्कमणा मडह-पणअ-जण-लञ्छणेहĩ चलणेहिं
1178,सोहसि पणमिज्जन्ति व्व अम्ब तंवालिहिल्लेहिं // घउड्ॐ.३२० [आर्या]
1179,
1180,अह परिअरोअणेओवअरण-पहरण-सहं कर-सहस्सं
1181,ऎक्कस्स वरोरु वरुज्जअस्स ते पाणि-कमलस्स // घउड्ॐ.३२१ [आर्या]
1182,
1183,
1184,[प. ५१]
1185,धअ-वड-धारा-णिवहेहĩ मन्दिरंवोणवारुणाहेहिं
1186,तद्दिअस-पसु-सिर-च्छेअ-पीअमामुअइ रुहिरं व // घउड्ॐ.३२२ [आर्या]
1187,
1188,मेहाअन्तं तुह तइअ-णयण-सिहि-धूम-मण्डलं सहइ
1189,वासुइ-जीहाओ लहन्ति तडि-लआ-विब्भमं जत्थ // घउड्ॐ.३२३ [आर्या]
1190,
1191,सीसम्मि कओ महिसस्स देवि मरणाअ जो हि सम्पण्णो
1192,सॊ च्चिअ जणस्स जाओ तुह चलणो मङ्गल-ठ्ठाणं // घउड्ॐ.३२४ [आर्या]
1193,
1194,कोमारम्मि हराराहणाअ हिअअम्मि मअण-पज्जलिए
1195,तइ विहिओमुद्ध-थणुल्लएहĩमालूर-होमॊ व्व // घउड्ॐ.३२५ [आर्या]
1196,
1197,अङ्गमवलम्बिआलम्बि-सरस-णर-वअण-पाअडं वहसि
1198,अज्जवि कंस-प्फोडण-ललन्त-णिअअट्ठि-सिढिलं व // घउड्ॐ.३२६ [आर्या]
1199,
1200,सूएन्तिवीर-विक्कअ-विक्कममिह जामिणी-मसाणेसु
1201,अवलम्बिअ-कुणव-च्छेअ-पाडला साहि-साहाओ // घउड्ॐ.३२७ [आर्या]
1202,
1203,सरसट्ठि-दण्ड-लोहेण चण्डि अहर-प्पहारुणे तुज्झ
1204,जीहा णिअ-दसण-मऊह-मण्डलॆ च्चेअ संवलइ // घउड्ॐ.३२८ [आर्या]
1205,
1206,
1207,[प. ५२]
1208,पअइ-पारिसुक्क-काया पुरओ सञ्चरइ रेवई तुज्झ
1209,इहसइसंणिहिअ-महा-परेअ-भय-मुक्क-मासव्व // घउड्ॐ.३२९ [आर्या]
1210,
1211,पूइज्जसि भिण्ण-भुआ-विइण्ण-रुहिरं व पाअवेहिं पि
1212,परसु-प्पहार-विअलिअ-कसाय-रस-सोण-साहेहिं // घउड्ॐ.३३० [आर्या]
1213,
1214,अण्णोण्ण-कलह-विअलिअ-केसर-कीलाल-कललिअ-द्दारा
1215,कअवाउणो वि तुह देवि सासणं अणुसरन्ति व्व // घउड्ॐ.३३१ [आर्या]
1216,
1217,उवहारुल्लूरिअ-मास-मण्डलाडम्बरुब्भडेहिं व
1218,डिम्बं जावअ-पड-मण्डणेहĩ खम्भेहĩविविहेसि // घउड्ॐ.३३२ [आर्या]
1219,
1220,कुणवत्तण-सुलहूसास-काय-णिव्वडिअ-गारवो अप्पा
1221,तुह धारण-क्खमो कीरइ व्व णणु वाहण-सवेण // घउड्ॐ.३३३ [आर्या]
1222,
1223,सोहसि मुह-मुक्कासरिस-रुहिर-धाराहĩरअणि-रूवेसु
1224,भत्ति-विइज्जन्तारुण-धअ व्व तं भवण-माईहिं // घउड्ॐ.३३४ [आर्या]
1225,
1226,बहुल-पओसाबद्धङ्कुरव्व तुह देवि महिस-सिङ्गेहिं
1227,पारोहिणॊ व्वलम्बिर-मऊर-कण्ठेहिं रेहन्ति // घउड्ॐ.३३५ [आर्या]
1228,
1229,
1230,[प. ५३]
1231,तुह लोह-दप्पणावलि-सङ्कमणालद्ध-कसण-भाव व्व
1232,सोहन्तिसबर-जुअलामेअअ-काया पणामेसु // घउड्ॐ.३३६ [आर्या]
1233,
1234,रूवञ्चिअ णवर कराल-दारुणंकाल-रत्ति-लीलाए
1235,हिअअं पुण ते करुणा-रसेण सइ वच्छलंचेअ // घउड्ॐ.३३७ [आर्या]
1236,
1237,इअ विञ्ज्झ-गुहा-णिलयाऎतम्मि-दल-सबर-सिट्ठ-मग्गाए
1238,पहुणा सपरिअरं भअवईऎ विहिओ णमक्कारो // घउड्ॐ.३३८ [आर्या]
1239,
1240,अवि अ—
1241,
1242,इह अज्जविकिं णुपुराण-भाव-कविसीकअट्ठि-बन्धम्मि
1243,हिऔद्देसे रोसग्गि-पिङ्गिमच्चेअ विप्फुरइ // घउड्ॐ.३३९ [आर्या]
1244,
1245,तम्मि च्चिअ सन्धि-पसूअ-कीड-मालाविले णडालम्मि
1246,हासाअ भिउडि-भङ्गॊ व्व विलिहिओ अह कअन्तेण // घउड्ॐ.३४० [आर्या]
1247,
1248,वुब्भइओलिम्भाभाव-कुडिल-वलिएण वअण-बिम्बम्मि
1249,मअणाहिमलय-विच्छित्ति-विब्भमं सम्पइ रएण // घउड्ॐ.३४१ [आर्या]
1250,
1251,हा हा तञ्चेअकरिल्ल-पिअअमा-बाहु-सयण-दुल्ललिअं
1252,उवहाणीकअ-वम्मीअ-मेहलं लुलइ सिर-कमलं // घउड्ॐ.३४२ [आर्या]
1253,
1254,
1255,[प. ५४]
1256,पङ्क-भरिओअरुब्भिण्ण-विरस-तण-जडिलिए कवालम्मि
1257,जाओ अहो सिणिद्धो कबरी-बन्धस्सपरिणाहो // घउड्ॐ.३४३ [आर्या]
1258,
1259,हा हा कम्पावेइ व हरिअ-मलालम्बिणी दसण-माला
1260,अज्जवि विणिहट्ठाणेअ-वीडिआ-रसमिव वमन्ती // घउड्ॐ.३४४ [आर्या]
1261,
1262,ठिअ-भमर-पक्ख-भावा णिव्वाडिअ-पत्तणा इव सवेअं
1263,कामेण इमम्मि वि णूण पेसिआ मञ्जरी-बाणा // घउड्ॐ.३४५ [आर्या]
1264,
1265,उद्दिणअरमिन्दुसहं ठ्ठिआणलं स-रअण-प्पहमिमस्स
1266,ऎक्कवऎ च्चिअ जाअं अखण्ड-तम-बन्धणंभुवणं // घउड्ॐ.३४६ [आर्या]
1267,
1268,इअ तम्मि णर-कलेवर-दंसण-मौइअ-मणेण णर-वइणा
1269,पडिवण्ण-विवेअ-विअप्प-सरसमणुसोइअं सुइरं // घउड्ॐ.३४७ [आर्या]
1270,
1271,अवि अ—
1272,
1273,बहुसो बहुत्त-विसहर-मणि-प्पहा-रञ्जिअ व्व ते जाण
1274,अन्तॊ च्चिअ णिन्ति णिवेसिअ-प्पहा पिञ्च्छ-पब्भारा // घउड्ॐ.३४८ [आर्या]
1275,
1276,बरहीण ताण रसिअं पुलिन्द-केआर-पविरल-दुमेसु
1277,णन्देइ तस्सतड-णिज्झरेसु गिरि-धूम-कलुसेसु // घउड्ॐ.३४९ [आर्या]
1278,[युग्मम]
1279,
1280,
1281,[प. ५५]
1282,उवौत्त-सल्लई-कण्ड-पाडलुच्चार केसरिल्लीओ
1283,पॆच्छइ माअङ्ग-वण-त्थलीसु सो जूह-पअवीओ // घउड्ॐ.३५० [आर्या]
1284,
1285,कीरइ व तस्स ताली-फल-पिण्डामोडणुम्मुह-करेहिं
1286,रिउ-सिर-कवलण-जॊग्गा-परिग्गहो जय-गइन्देहिं // घउड्ॐ.३५१ [आर्या]
1287,
1288,भय-लोल-पुलिन्द-वहू-विरिक्क-गुञ्जावली-कण-कराला
1289,जाआ से रोसाणल-फुलिङ्ग-भरिअ व्व गिरि-मग्गा // घउड्ॐ.३५२ [आर्या]
1290,
1291,कण्ण-ट्ठिअ-सिहि-पिञ्छ-च्छलेण कअ-पत्तणा इवसलीलं
1292,मुच्चन्ति सबर-रमणीहĩ णयण-बाणा णरिन्दम्मि // घउड्ॐ.३५३ [आर्या]
1293,
1294,अह सॆ भएणगअ-दाण-वडल-कलुसिअ-दिसा-अडाहोओ
1295,माया-णिम्मविअ-तमी-मुहॊ व्व चलिओ मगह-णाहो // घउड्ॐ.३५४ [आर्या]
1296,
1297,किं च जाअं—
1298,
1299,किं पिविकम्पिअ-गिम्हा अवरण्हुक्कण्ठ-सालस-मऊरा
1300,हरिअ-वण-राइ-सुहआ उद्देसा देन्ति उक्कण्ठं // घउड्ॐ.३५५ [आर्या]
1301,
1302,उम्हाइगिम्ह-विहुरा बहल-बुसासार-लङ्घिअ-विमुक्का
1303,मइलिअ-तलाअ-मूला किलन्त-विरलङ्कुरा वसुहा // घउड्ॐ.३५६ [आर्या]
1304,
1305,
1306,[प. ५६]
1307,णव-रोह-च्छेअ-सुअन्ध-विसम-वसुहा-विलम्बिअ-पवाहा
1308,घोलन्ति हिम-रसोआर-सिसिर-सलिला गिरि-णईओ // घउड्ॐ.३५७ [आर्या]
1309,
1310,अग्घन्ति णील-वण-राइ-परिअरुम्मिल्लमाण-सोहग्गा
1311,अहिणव-पडल-परिग्गह-गोर-ग्गामा दिसाहोआ // घउड्ॐ.३५८ [आर्या]
1312,
1313,सायं स-मारुआसार-सेअ-सद्दलिअ-काणणा होन्ति
1314,गिम्हॆ च्चिअ जलआरम्भ-कोमला महिहर-णिअम्बा // घउड्ॐ.३५९ [आर्या]
1315,
1316,सॊत्त-कलुसा णईओपज्जत्त-कलम्ब-गन्धिणो पवणा
1317,घण-डम्बरं विणा पाउसस्स तारुण्णअं गलइ // घउड्ॐ.३६० [आर्या]
1318,
1319,वोलिन्ति गिम्ह-णिद्दं पहिआ लिङ्गाहिसेअ-सिसिरेसु
1320,ऊढ-कलम्बज्जुण-परिमलेसु सुर-मन्दिरन्तेसु // घउड्ॐ.३६१ [आर्या]
1321,
1322,तह तत्त-णअर-रच्छा सहन्ति मेहावलम्बि-रवि-बिम्बा
1323,धरणि-परिट्ठिअ-णिम्हा णह-घोलिर-पाउसा दिअसा // घउड्ॐ.३६२ [आर्या]
1324,
1325,णवरि अ वसुहाहिव-जय-गइन्द-सीअर-कआहिसेअ व्व
1326,जाआ णिआह-परिणाम-धूसरादिणअर-मऊहा // घउड्ॐ.३६३ [आर्या]
1327,
1328,
1329,[प. ५७]
1330,किं च जाअं—
1331,
1332,अन्तो-घर-चिर-णिग्गमण-णसहिआलोअ-कूणिआ वलइ
1333,णिद्दा-विमद्द-परिलुलिअ-सालसाअम्बिरा दिठ्ठी // घउड्ॐ.३६४ [आर्या]
1334,
1335,पीलिअ-तमाल-पल्लव-सयणिज्ज-रसॊल्ल-णह-वअं हरइ
1336,णव-केसर-माला-सुरहि-मेहलालङ्किअंजहणं // घउड्ॐ.३६५ [आर्या]
1337,
1338,तक्खण-विच्छूढ-मुणाल-वलय-सीअल-पौट्ठ-परिमासा
1339,सोहन्ति जलद्दा मलिअ-चन्दणा बाहु-लइआओ // घउड्ॐ.३६६ [आर्या]
1340,
1341,णव-कणअ-किङ्किणी-णिह-चम्पअ-कुसुमावणद्ध-मञ्जीरं
1342,हरइ परिकोमलुव्वूढ-वेस-लडहं परिब्भमिअं // घउड्ॐ.३६७ [आर्या]
1343,
1344,पिअ-परिरम्भुम्मूलिअ-णह-वअ-परिसेस-चन्दण-सुअन्धो
1345,अग्घइ दल-सबल-कलम्ब-दाम-हारॊ थणुच्छङ्गो // घउड्ॐ.३६८ [आर्या]
1346,
1347,थोअ-सुरा-मअ-सम्भिण्ण-सरस-पाडल-कवोल-पडिलग्गं
1348,उम्मिल्लइ केअइ-गब्भ-वत्त-ताडङ्क-लायण्णं // घउड्ॐ.३६९ [आर्या]
1349,
1350,इअ भमइ भवण-सिहरेसु गिम्ह-परिणाम-थोअ-सत्थामो
1351,विरल-जल-बिन्दु-णिव्वविअ-गण्ड-वासोपिआ-सत्थो // घउड्ॐ.३७० [आर्या]
1352,
1353,
1354,[प. ५८]
1355,किं च—
1356,
1357,इहतेअ-मेह-संवलण-सिसिर-विच्छाय-कविस-रवि-बिम्बा
1358,अग्घन्ति भग्ग-पवणा अरेणु-परिधूसरा दिअहा // घउड्ॐ.३७१ [आर्या]
1359,
1360,उक्कण्ठ-बरहि-चूडा-विडवन्दोलण-तरङ्गिओ वहइ
1361,अविरल-जम्बु-फलासार-वडण-मुहलो इह समीरो // घउड्ॐ.३७२ [आर्या]
1362,
1363,इह उव्वॆल्लइ दर-पीअ-सलिल-परिसामलोअरद्धन्ता
1364,पेरन्त-धवल-गअ-कण्ण-कब्बुरा मेह-पत्थारी // घउड्ॐ.३७३ [आर्या]
1365,
1366,इह अहिमुह-मञ्जरिअज्जुणासु अवआढ-कुडअ-गन्धासु
1367,वास-सुहआसु मुणिणो गमेन्ति दिअहे गिरि-अडीसु // घउड्ॐ.३७४ [आर्या]
1368,
1369,वूढोअअ-कअ-रव-चुण्ण-कलुस-पालास-फल-कसव्वाओ
1370,इह सोहन्ति दरॊव्वुट्ठ-सामलारण्ण-भूमीओ // घउड्ॐ.३७५ [आर्या]
1371,
1372,अण्णेसिअव्व-पवणा आसारन्तेसुसमहिउम्हाला
1373,एए ते चूअ-वणाण होन्ति परिणामआ दिअहा // घउड्ॐ.३७६ [आर्या]
1374,
1375,उम्हाल-कुसूल-मुहुच्चरन्त-रअ-फरुस-मेअ-गन्धाइं
1376,आसार-जडे दिअहे णन्दन्ति कुडुम्बि-गेहाइं // घउड्ॐ.३७७ [आर्या]
1377,
1378,
1379,[प. ५९]
1380,फल-सार-णलिणि-गहणा इह दारु-च्छेअ-पविरला होन्ति
1381,मूल-ट्ठिअ-वाअ-कलम्ब-कविस-वसुहा वणुद्देसा // घउड्ॐ.३७८ [आर्या]
1382,
1383,णव-केअइ-वासिअ-केस-सञ्जमा दक्खिणाओ णारीओ
1384,इह ता अणाअरुज्जल-हलिद्दि-राआ विराअन्ति // घउड्ॐ.३७९ [आर्या]
1385,
1386,इहकोसुमेण चावेण जो जअइसाहुणा विसम-बाणो
1387,लहिऊण पाग-सासण-सरासणं कह ण विप्फुरइ // घउड्ॐ.३८० [आर्या]
1388,
1389,इअ उक्कण्ठा-पडिवण्ण-हिअअ-परिकोमला पवट्टन्ति
1390,संलावा काल-सहाअ-संसिणो कडअ-लोअस्स // घउड्ॐ.३८१ [आर्या]
1391,
1392,कण्ठ-णिहुअं च गीअं अलद्ध-णिद्दं च णिज्जण-पसुत्तं
1393,सरसो उक्कण्ठा-णिब्भरस्सहिअअस्स वीसामो // घउड्ॐ.३८२ [आर्या]
1394,
1395,किं च जाअं—
1396,
1397,उम्हाअन्त-गिरि-अडं सीमा-णिव्वडिअ-कन्दलुब्भेअं
1398,णिव्वाइ विरल-धारा-बन्धुरिअ-रअं धरणि-वॆढं // घउड्ॐ.३८३ [आर्या]
1399,
1400,आसार-ताडिआइं बलाअ-लुप्पन्त-चलिअ-सहराइं
1401,सरिआ वहन्ति सम्पइअपेअ-पण्डूĩ सलिलाइं // घउड्ॐ.३८४ [आर्या]
1402,
1403,
1404,[प. ६०]
1405,आवण्डु-सलिल-लङ्घिअ-वसुआआमलिण-सेवल-सिहाओ
1406,जल-रङ्कु-दुक्ख-लक्खिअ-सहरा घोलन्ति सरिआओ // घउड्ॐ.३८५ [आर्या]
1407,
1408,विलुलिअ-पिसङ्ग-वल्ली-विआण-उद्देस-कोमल-फलाण
1409,पविरल-रक्खाण सिरीविअलइवालुङ्कि-वाडाण // घउड्ॐ.३८६ [आर्या]
1410,
1411,ण चलइणवम्बु-धोअंपि पल्लले विरल-मुह-कऊसासं
1412,मीण-उलंसहरन्तर-परिसङ्गअ-पङ्क-गरुअङ्गं // घउड्ॐ.३८७ [आर्या]
1413,
1414,विअरइ सद्दल-रेहाअमाण-सुर-धणु-णिवेस-सुहअम्मि
1415,गअण-त्थलम्मि गो-मण्डलं व वलयं बलाआणं // घउड्ॐ.३८८ [आर्या]
1416,
1417,दीसइ णिरन्तरुब्भिण्ण-हरिअ-हरि-चाव-कन्दल-करालं
1418,परिओसुप्पइअ-मऊर-जाल-सबलं वगअणद्धं // घउड्ॐ.३८९ [आर्या]
1419,
1420,पअडाअइगिम्हाणिल-वेआमूलुक्खअम्मि रअ-पडले
1421,सद्दल-परिणीलमहो कमढ-कवालं वमहि-वॆढं // घउड्ॐ.३९०अ [आर्या]
1422,
1423,विसहन्ति णिअ-विसाणल-पअविज्जन्तङ्ग-मग्गिअ-प्फंसं
1424,धारा-दूमिअ-फण-मण्डला वि फणिणो णवासारं // घउड्ॐ.३९०भ [आर्या]
1425,
1426,
1427,[प. ६१]
1428,पडिसन्त-रआसण्णाअमाण-गिरि-मण्डला विराअन्ति
1429,कामं सामीकअ-गअ-उलाओ कासार-लेहाओ // घउड्ॐ.३९१ [आर्या]
1430,
1431,छाया ऎक्कासारे वि फुरइ णिद्धोअ-रेणु-णीलाण
1432,गिम्हाहअ-विरलुद्देस-पिङ्ग-विडवाण उच्छूण // घउड्ॐ.३९२ [आर्या]
1433,
1434,घडिअ-फुडिअन्तराओ गहिअ-विस-ट्ठाण-पण्डुर-जलाओ
1435,अहिराअन्तिधुआरुण-कसेरु-मूलाओ सरसीओ // घउड्ॐ.३९३ [आर्या]
1436,
1437,जलआणिल-रङ्खोलिअ-हरिअङ्कुर-सिसिर-पाअव-तलाइं
1438,सलिलाहअ-विरसोउम्बराĩ जाआĩ रण्णाइं // घउड्ॐ.३९४ [आर्या]
1439,
1440,सिसिर-च्छाएसु चिरंउअसिन्धु-तरङ्ग-पुलिण-सुहएसु
1441,पहिएहĩ वीसमिज्जइ विहङ्ग-मुहलेसुवच्छेसु // घउड्ॐ.३९५ [आर्या]
1442,
1443,णव-वरणअ-गोरन्तर-हिंसी-वण-मत्त-लावअ-कुलाओ
1444,जाआ भवणग्ग-णिअच्छिअव्व-सोहाओ सीमाओ // घउड्ॐ.३९६ [आर्या]
1445,
1446,आअव-कढमाण-णवम्बु-सिण्ण-दर-गोर-सालिणो होन्ति
1447,सीमन्ता कच्छव-पोअ-पट्ठि-परिधूसरुद्देसा // घउड्ॐ.३९७ [आर्या]
1448,
1449,
1450,[प. ६२]
1451,मसिणुण्णअ-पेरन्तं वावीण जलागमोणअंहोइ
1452,णिद्धोअ-कद्दमाणील-कक्करुद्दन्तुरंवरणं // घउड्ॐ.३९८ [आर्या]
1453,
1454,वारिच्छेअ-दरावीअ-सलिल-वोसट्टमाण-कलमाओ
1455,जाआओ सीर-खण्डिअ-मुत्थ-सुअन्धाओभूमीओ // घउड्ॐ.३९९ [आर्या]
1456,
1457,आराम्भिणॊ व्व सम्पइ दूरुग्गअ-दिणअरा वि णज्जन्ति
1458,दूरुग्गआ विपरिलङ्घिण व्वदिअहा णवब्भेहिं // घउड्ॐ.४०० [आर्या]
1459,
1460,का वि सिरी गअ-गोहण-परिलक्खिज्जन्त-विअड-भावाण
1461,ऊससिअ-तण-गहीराअमाण-मग्गाण कच्छाण // घउड्ॐ.४०१ [आर्या]
1462,
1463,समहिअ-सञ्ज्झा-राआविउणुच्चरमाण-गिरि-णइ-रबाओ
1464,जाआ सन्ताण-पअत्त-कीड-विरुआओ रअणीओ // घउड्ॐ.४०२ [आर्या]
1465,
1466,उग्गन्ध-मइल-वसुहा सहन्ति णिव्वडिअ-रग्गअ-च्छाया
1467,दुद्दिण-विसद्द-दूराअमाण-तूराओणअरीओ // घउड्ॐ.४०३ [आर्या]
1468,
1469,जाआओ सलिल-धारा-विराम-णिव्वडिअ-पह-जलुग्गारा
1470,विज्जुज्जोआलक्खिअ-मेह-विहङ्गाओरअणीओ // घउड्ॐ.४०४ [आर्या]
1471,
1472,
1473,[प. ६३]
1474,कीडाविलङ्कुर-सिहा धारा-कद्दमिअ-कच्छ-कासारा
1475,छॆत्त-णिसम्मन्त-सराडि-मण्डला होन्ति सीमन्ता // घउड्ॐ.४०५ [आर्या]
1476,
1477,गअणं च मत्त-मेहं धारा-लुलिअज्जुणाĩ अ वणाइं
1478,णिरहङ्कार-मिअङ्का हरन्ति णीलाओ अ णिसाओ // घउड्ॐ.४०६ [आर्या]
1479,
1480,जलआगमम्मि मज्जइ जलम्मिसीअन्त-णइ-अड-णिवेसं
1481,महु-मह-तलिमत्तण-घडिअ-सेस-मुक्कं व महि-वॆढं // घउड्ॐ.४०७ [आर्या]
1482,
1483,तणइल्ल-तरु-अलाणं असॆव्व-कलुसुण्ह-पल्लल-जलाण
1484,दूरालोऎ च्चिअ पाउसम्मि लच्छी वणन्ताणं // घउड्ॐ.४०८ [आर्या]
1485,
1486,ऊससिअ-रण्ण-सीमावरोह-सिहराहिलक्ख-तरु-सण्डा
1487,दीसन्ति णिबुड्डा इव वलन्त-धूमॊच्छआ गामा // घउड्ॐ.४०९ [आर्या]
1488,
1489,धारा-किलिण्ण-वत्तं आसुरहि-कसाय-केसरद्धन्तं
1490,परिणमइ बन्धणॆ च्चिअपरिसिढिलंजूहिआ-कुसुमं // घउड्ॐ.४१० [आर्या]
1491,
1492,णन्दन्ति णन्दिअ-दुमा आसार-च्छेअ-सीअल-समीरा
1493,हिअअंथल-मग्ग-वलन्त-गोहणा रण्ण-पेरन्ता // घउड्ॐ.४११ [आर्या]
1494,
1495,
1496,[प. ६४]
1497,णिबिड-दुम-मण्डलाइं णिरन्तरूससिअ-सद्दल-सिहाइं
1498,वच्चन्ति बहल-भावं पुञ्जिज्जन्ताĩ व वणाइं // घउड्ॐ.४१२ [आर्या]
1499,
1500,णवरि अ पयाण-समुहस्स पाउसॆ च्चिअ किणावि णरवइणो
1501,णीराइज्जन्ति ववलिअ-विज्जु-वलया दिसाहोआ // घउड्ॐ.४१३ [आर्या]
1502,
1503,सोहइ विमुह-पअत्तस्स झत्ति मगहाहिवस्सविणिअत्तो
1504,उक्का-दण्डस्स व सिहि-कणाण णिवहो णरिन्दाण // घउड्ॐ.४१४ [आर्या]
1505,
1506,अग्घइतत्थरणारम्भ-भिण्ण-भड-सोणिअ-च्छडाअम्बं
1507,धाराअट्ठिअ-पल्हत्थ-विज्जु-व यं व महि-वॆढं // घउड्ॐ.४१५ [आर्या]
1508,
1509,तिअस-रह-पॆल्लिअ-घणो णह-दुन्दुहि-बहल-गज्जिउग्गारो
1510,जाओपडन्त-मन्दार-णिबिड-धारो णहाहोओ // घउड्ॐ.४१६ [आर्या]
1511,
1512,अहवि वलाअन्तं कवलिऊण मगहाहिवं मही-णाहो
1513,जाओ एला-सुरहिम्मि जलहि-वेला-वणन्तम्मि // घउड्ॐ.४१७ [आर्या]
1514,
1515,रअण-कविलासु सोहइ वेला-पुञ्जिअ-सिलासु सॆ भमिअं
1516,फल-भङ्ग-महुर-गन्धासुणालिएरी-वणालीसु // घउड्ॐ.४१८ [आर्या]
1517,
1518,
1519,[प. ६५]
1520,किं च—
1521,
1522,जय-गअ-कुम्भप्फालण-फुरन्त-सिन्दूर-राविओजाण
1523,दूरुग्गओ वि णो मुअइ रअणि-विरम-च्छविं सूरो // घउड्ॐ.४१९ [आर्या]
1524,
1525,चलण-णह-च्छवि-विच्छोलिआĩ काऊण ताण वङ्गाण
1526,अहिणव-पणाम-वेलक्ख-पण्डुराइं पिव मुहाइं // घउड्ॐ.४२० [आर्या]
1527,
1528,चलिओ कुम्भी-फल-दन्तुरासु दिट्ठिं वसुन्धरा-णाहो
1529,रण्ण-त्थलीसु देन्तो णिरूसुआसीण-हरिणासु // घउड्ॐ.४२१ [आर्या]
1530,
1531,अवि अ—
1532,
1533,बल-भर-पीडा-खुप्पन्त-सेस-सिर-रअण-मण्डला जस्स
1534,गब्भ-परिसण्ठिआर व्व चलइ विहुरोअरं वसुहा // घउड्ॐ.४२२ [आर्या]
1535,
1536,दक्खिण-दिसा-णरिन्देण तेण पाअडिअ-पेसल-पणामो
1537,जाओ पहेण मलयावलम्बिणा मेइणी-णाहो // घउड्ॐ.४२३ [आर्या]
1538,
1539,किं च—
1540,
1541,रहस-च्छेआअर-कअ-कअग्गहुत्ताण-विवलिअच्छेण
1542,जेण पसाआहिमुहं मुहमसमसरारिणो दिट्ठं // घउड्ॐ.४२४ [आर्या]
1543,
1544,कण्ठाहोएसु कआ ससम्भमं जस्सवसह-इन्धेण
1545,मौलि-मिअङ्कामअ-सेअ-भग्ग-विअणा वण-च्छेआ // घउड्ॐ.४२५ [आर्या]
1546,
1547,
1548,[प. ६६]
1549,दिट्ठाओ णव-णवाणण-सोहाओ पुणो वराहिसम्पण्णा
1550,साअर-वामद्ध-पणामिअंमि मणि-दप्पणे जेण // घउड्ॐ.४२६ [आर्या]
1551,
1552,परिउट्ठे साण-णिरूसुएण सा जेण चन्द-हासस्स
1553,परिमुट्ठा णिअ-कण्ठट्ठि-चुण्ण-पुञ्जङ्किआ धारा // घउड्ॐ.४२७ [आर्या]
1554,
1555,मलिआ पंसुलिअ-करेण जस्सविम्हय-रसाति-णयणेण
1556,तुलिओआरिअ-केलास-मूल-पङ्कङ्किआ बाहू // घउड्ॐ.४२८ [आर्या]
1557,
1558,सङ्का-मन्थर-सञ्चार-दूमिओ जस्स भवण-कच्छासु
1559,सञ्चरइ तिअस-बन्दी-ससिएहĩ णिरग्गलं पवणो // घउड्ॐ.४२९ [आर्या]
1560,
1561,तं पि दस-कन्धरं हरि-सुएण कक्खन्तरम्मि काऊण
1562,जम्मि समुद्दुद्देसॆ भमिअं पत्तो पहू तम्मि // घउड्ॐ.४३० [आर्या]
1563,
1564,अवि अ—
1565,
1566,रोसारूढो परिपाडलेसु मुह-मण्डलेसु सुहडाण
1567,पहर-समञ्चिअ णिव्वडइसामलोसोणिउप्पीलो // घउड्ॐ.४३१ [आर्या]
1568,
1569,बल-सङ्खोहुक्खअ-रेणु-णिवह-णिट्ठिअ-वसुन्धरा-पअडो
1570,दीसइ सेस-फणा-मणि-राओ इव रुहिर-विच्छड्डो // घउड्ॐ.४३२ [आर्या]
1571,
1572,
1573,[प. ६७]
1574,परिणइ-कुण्डलिअ-कराववीडणा मडह-गण्ड-विवरेहिं
1575,उद्धं णिबद्ध-वेआ गएहĩ मुच्चन्ति मअ-धारा // घउड्ॐ.४३३ [आर्या]
1576,
1577,परिरुज्झइ अमरिस-दसण-कट्टिआहर-णिरुद्ध-वअणेहिं
1578,असमाणिअ-पहु-कज्जत्तणेण जीअं पिव भडेहिं // घउड्ॐ.४३४ [आर्या]
1579,
1580,धावन्ति स-सल्ल-भडङ्ग-कवलणाअर-दुहाविअ-मुहीओ
1581,विरसा सिवाओ सोणिअ-कणुल्ल-पविरॆल्लिअ-रवाओ // घउड्ॐ.४३५ [आर्या]
1582,
1583,पडिहाइ वूढ-जोहो वि पढम-णिबिडॊ व्व सङ्गरुद्देसो
1584,उस्सूण-भाव-संसत्त-तुरअ-णर-रुण्ड-कअ-डिम्बो // घउड्ॐ.४३६ [आर्या]
1585,
1586,आरक्ख-वण-मुहुग्गिण्ण-भूरि-भङ्ग-ट्ठिअङ्कुस-क्खण्डं
1587,रहसा विहडिअ-भमरं व धुणइ वअणं जय-गइन्दो // घउड्ॐ.४३७ [आर्या]
1588,
1589,अवजीव-भाव-गरुआअमाण-पल्हत्थ-काय-णिवहाइं
1590,जाआĩ दुव्वहाĩ व फणिणो ताइञ्चिअ बलाइं // घउड्ॐ.४३८ [आर्या]
1591,
1592,इअ से जय-पेरन्तो पुहई-वइणो परिक्खअ-पहाणो
1593,तुमुलो महाहवो आसि चिरअरं पारसीएहिं // घउड्ॐ.४३९ [आर्या]
1594,
1595,
1596,[प. ६८]
1597,किं च—
1598,
1599,उहओअहि-पडिलग्गा धणु-पॆल्लिअ-कोडि-चलिअ-वीअद्धा
1600,णिज्जन्ति जॆत्तिअंएन्तितॆत्तिअञ्चेअ धरणि-हरा // घउड्ॐ.४४० [आर्या]
1601,
1602,ऎक्कम्मिच्चिअ सेले पूरिअ-भुवण-वलए समोसरिए
1603,आलोइउं पअत्ता सअल व्वपरिट्ठिआवसुहा // घउड्ॐ.४४१ [आर्या]
1604,
1605,इहहुत्तं णिवडन्ता णॊल्लेन्ति पणॊल्लिआ धरा-वलयं
1606,णज्जइ ऎत्तोहुत्तं परओहुत्तं व धरणि-हरा // घउड्ॐ.४४२ [आर्या]
1607,
1608,ऎक्केणञ्चिअ चावग्ग-भिण्ण-लग्गेण पॆल्लिओ गिरिणा
1609,णिज्जइ पुञ्जिअ-रअ-पूरिअन्तरो सेल-सङ्घाओ // घउड्ॐ.४४३ [आर्या]
1610,
1611,सेलाण चाव-पॆल्लिअ-तड-मेह-पडन्त-विज्जु-वलयाण
1612,पक्ख-च्छेअ-ट्ठिअ-कुलिस-सल्ल-सअलाĩ व गलन्ति // घउड्ॐ.४४४ [आर्या]
1613,
1614,णिज्जन्ति मुहल-मूला चल-पाअव-णिज्झरा खलन्त-सिला
1615,सम-विसम-भूमि-लङ्घण-तरङ्गिणोसेल-सङ्घाआ // घउड्ॐ.४४५ [आर्या]
1616,
1617,आसा-गएहĩ सरहस-चावग्ग-पणॊल्लणा-पअत्तन्ता
1618,धाविअ-पडिगअ-सङ्कालुएहĩ भिज्जन्ति कुल-सेला // घउड्ॐ.४४६ [आर्या]
1619,
1620,
1621,[प. ६९]
1622,दीसन्ति गमण-णिवडिअ-सिहर-सिला-भरिअ-मूल-वित्थारा
1623,खुत्त-धणु-मग्ग-णिग्गम-पअत्त-पढमुज्झरा गिरिणो // घउड्ॐ.४४७ [आर्या]
1624,
1625,पाआल-भरिअ-मूला पॆल्लिअ-णिक्खन्त-धणु-समोलइआ
1626,मुच्चन्ति थोअ-तुलिआ भू-भङ्ग-भएण धरणि-हरा // घउड्ॐ.४४८ [आर्या]
1627,
1628,जे आसि गिरीण पुरा सञ्चय-विअडा महा-णई-पवहा
1629,ओसारिआण तॆ च्चिअ थलीहĩ पिज्जन्ति जल-सॊत्ता // घउड्ॐ.४४९ [आर्या]
1630,
1631,जेसु गिरी अवणीआजेसुं चणिवेसिआ णरिन्देण
1632,दोण्णि वि भिण्ण-सरूवा जाआ अण्ण व्व उद्देसा // घउड्ॐ.४५० [आर्या]
1633,
1634,मज्झ-समोसरिअम्मि अ पेरन्त-परिट्ठिए अ गिरि-जाले
1635,ओअरइ महिं व णहं आरुहइ महि व्व गअण-अलं // घउड्ॐ.४५१ [आर्या]
1636,
1637,चाव-पणॊल्लण-णिवडिअ-सेल-भरन्तॆक्कवास-पुञ्जइओ
1638,बहु-जलअरॊ व्व दीसइ सॊ च्चिअ मडह-ट्ठिओ जलही // घउड्ॐ.४५२ [आर्या]
1639,
1640,जाआ रवि-अर-परिपिल्लणेण थोउम्ह-पिञ्जर-च्छाया
1641,चिर-आल-ट्ठिअ-महिहर-णिरोह-मुक्क व्व णह-मग्गा // घउड्ॐ.Z [आर्या]
1642,
1643,
1644,[प. ७०]
1645,पढम-विमूढ-च्छाओ ओसारिअ-सेल-जाल-णिव्वडिओ
1646,मज्झम्मि व पुञ्जइऒ धराऎ बहलाअवो दिअहो // घउड्ॐ.४५३ [आर्या]
1647,
1648,उक्खअ-गिरि-गहिर-ट्ठाण-भाव-दूरुण्णअन्तर-क्खण्डं
1649,दीसइ तह-सण्ठिअ-सेल-जाल-विसमं व महि-वॆढं // घउड्ॐ.४५४ [आर्या]
1650,
1651,उम्मिल्लन्ति महीहर-गमणुव्वॆल्लिअ-धरा-समक्कन्ता
1652,उल्लन्त-रेणु-मइला सुइरेण महा-णई-मग्गा // घउड्ॐ.४५५ [आर्या]
1653,
1654,थिइ-लम्भ-णिव्वुआणं कालेणविरूढ-काणण-तणाणं
1655,पक्ख-च्छेआहि वि महि-हराण चलिएहĩ अवरद्धं // घउड्ॐ.४५६ [आर्या]
1656,
1657,पेरन्तीकअ-उत्तुङ्ग-गरुअ-गिरि-वलय-बद्ध-परिवेसं
1658,मज्झोणअं व दीसइ पासोणमिअं पि महि-वॆढं // घउड्ॐ.४५७ [आर्या]
1659,
1660,ओसारिअ-गिरि-गारव-विणमिअ-पेरन्त-पुञ्जइज्जन्तं
1661,वित्थारित्थं तञ्चिअजाअं मडहं व महि-वॆढं // घउड्ॐ.४५८ [आर्या]
1662,
1663,इअ पिहुणॊ धणु-पॆल्लण-णिबिडीकअ-सेल-जाल-दुल्लङ्घा
1664,भू-पेरन्ता जे इर तेसु वि गहिओ करो पहुणा // घउड्ॐ.४५९ [आर्या]
1665,
1666,
1667,[प. ७१]
1668,अवि अ—
1669,
1670,अरइ-परिसक्कणा रणिर-णेउराराव-सङ्गलन्तीसु
1671,ठिअ-परिअआसुदिट्ठी लग्गइकल-हंस-मालासु // घउड्ॐ.४६० [आर्या]
1672,
1673,विविणेह-मज्जण-ट्ठिअ-थोउब्भिज्जन्त-दाण-राअं व
1674,दीसइ सामाअन्तं सइसुह-भङ्गेसुलाअण्णं // घउड्ॐ.४६१ [आर्या]
1675,
1676,सन्तावायासॊप्पिअ-चन्दण-पङ्क-प्पएस-पण्डूइं
1677,दॊब्बल्ल-समुम्मीलिअ-पुलिणाĩ व होन्ति अङ्गाइं // घउड्ॐ.४६२ [आर्या]
1678,
1679,बहुसॊ घडन्त-विहडन्त-सइ-सुहासाअ-सङ्गमुल्लोले
1680,हिअऎ च्चेअ समप्पन्ति चञ्चला वीइ-वावारा // घउड्ॐ.४६३ [आर्या]
1681,
1682,कुसुम-सयणिज्ज-मलणा सोरह-घोणन्त-महुअरंहरइ
1683,उद्देस-पहुत्त-जणाहिलक्ख-सीसं पिव सरीरं // घउड्ॐ.४६४ [आर्या]
1684,
1685,इअ जम्मि पएसे णम्मआऎ राएसि-बद्ध भावाए
1686,भमिअं सम्भरिअ-कहेण तत्थ वसिअं णरिन्देण // घउड्ॐ.४६५ [आर्या]
1687,
1688,मुह-विणिमिअ-णव-मङ्गल-किसल-कलाव-च्छलेण गन्तूण
1689,पिज्जन्तं पिव अहि-दीह-दीह-जीहा-सहस्सेहिं // घउड्ॐ.४६६ [आर्या]
1690,
1691,
1692,[प. ७२]
1693,अणुणिज्जन्तं रक्खा-परिअर-धुअ-धवल-चामर-णिहेण
1694,बन्दीकआमर-जरा-बन्धूहĩ व बहु-पणामेहिं // घउड्ॐ.४६७ [आर्या]
1695,
1696,मरण-भएण व चिन्ता-सामाअन्तेहĩ जीव-जालेहिं
1697,अवलम्बिज्जन्तं सोरहाअरा महुअर-कुलेहिं // घउड्ॐ.४६८ [आर्या]
1698,
1699,हरि-चक्क-विरिक्क-ट्ठिअ-पाणागअ-राहु-सीस-वलयं व
1700,णिअअ-च्छाया-मण्डल-णिहेण पासे पआसन्तं // घउड्ॐ.४६९ [आर्या]
1701,
1702,इअ अमअ-कुम्भमुब्भिज्जमाणमुअहीओ जम्मि दट्ठूण
1703,तिअसेहĩ विम्हिअं तम्मि साअरन्तॆ ट्ठिअं पहुणा // घउड्ॐ.४७० [आर्या]
1704,
1705,मुक्का णिसासु दप्पिअ-मइन्द-सम्पाअ-विससिअ-गइन्दा
1706,पुञ्जिअ-सेणा-कलुसीकआवडा तेण मरु-मग्गा // घउड्ॐ.४७१ [आर्या]
1707,
1708,अवि अ—
1709,
1710,होन्त-रसा-अल-भय-पिसुण-कसण-घण-धूमकेउ-दण्डेहिं
1711,दीसन्ति भीअ-विवलाअमाण-भुअआओ व दिसाओ // घउड्ॐ.४७२ [आर्या]
1712,
1713,तक्खण-पसरन्तुप्पाअ-तरल-तारा-करम्बिऒ फुरइ
1714,भीओरअ-सुर-दिज्जन्त-भोअ-रअणॊ व्व णह-मग्गो // घउड्ॐ.४७३ [आर्या]
1715,
1716,
1717,[प. ७३]
1718,बिल-वलय-मुहुव्वॆल्लन्त-सरल-भुअइन्द-जाल-कलिलाए
1719,चलिअं सम्भम-रहसुद्ध-केस-दण्डाऎ व महीए // घउड्ॐ.४७४ [आर्या]
1720,
1721,सज्झस-सञ्जाअ-जराउरेहĩ णिम्मोअ-पट्ट-मालाओ
1722,भुअएहĩ वेअ-पज्जलण-सङ्किएहिं व मुच्चन्ति // घउड्ॐ.४७५ [आर्या]
1723,
1724,अट्ठिअ-पडन्त-विसहर-संवलिअ-वलन्त-धूम-जालेण
1725,ऎक्काहुईकअं पिव णहम्मि पडिहाइ पाआलं // घउड्ॐ.४७६ [आर्या]
1726,
1727,सम्भम-पुणरुत्तारुण-फुरन्त-जीहा-कडप्प-पल्लविआ
1728,दीसन्ति रोस-कवलिअ-हव्ववह-सिह व्व भुअइन्दा // घउड्ॐ.४७७ [आर्या]
1729,
1730,डज्झन्त-विसहरुक्कर-सुङ्कारन्दोलमाण-मुहल-सिहो
1731,णीससइ व विसम-विसाणुभाव-दर-घुम्मिरो जलणो // घउड्ॐ.४७८ [आर्या]
1732,
1733,अरुण-विसारि-फणा-रअण-राअ-पडिअग्गिआओ णिवडन्ति
1734,गहिआणुमरण-मण्डण-चिन्धाओ व णाअ-णारीओ // घउड्ॐ.४७९ [आर्या]
1735,
1736,कुसुमिअ-हरि-चन्दण-कणअ-दण्ड-परिरम्भ-लालिअङ्गीओ
1737,वलयन्ति णिव्विआरं भुअङ्ग-ललणा सिहि-सिहाओ // घउड्ॐ.४८० [आर्या]
1738,
1739,
1740,[प. ७४]
1741,लक्खिज्जइ आहारुद्धुमाअ-परिवॆल्लिरन्त-वलौ व्व
1742,डज्झन्त-कुडिल-विसहर-समूह-कलिलोअरो जलणो // घउड्ॐ.४८१ [आर्या]
1743,
1744,पुरुहूआहुइ-पढमोअरन्त-सुर-चाव-गब्भिणीऒ व्व
1745,दीसन्ति बहुविहोरअ-मणि-राअवहाओ जालाओ // घउड्ॐ.४८२ [आर्या]
1746,
1747,वेवइ सरणागअ-विसहरिन्द-फण-वलय-कलिअ-चलणग्गो
1748,कुविअ-णरिन्द-विसज्जिअ-सुआहिरूढॊ व्व सुर-णाहो // घउड्ॐ.४८३ [आर्या]
1749,
1750,इअ जम्मि पिउ-वहा पण्डवेण विहिअं पुरा भुअअ-सत्तं
1751,चिरमुसिओ सिरिअण्ठोवअण्ठ-मग्गे पहू तम्मि // घउड्ॐ.४८४ [आर्या]
1752,
1753,पण्डु-तणएण कर-अल-पाविअ-कवअञ्चलेण अक्खित्तो
1754,जाल-ट्ठिअ-जलअर-विब्भमेण सो जम्मि कुरु-णाहो // घउड्ॐ.४८५ [आर्या]
1755,
1756,भाविअ-भारह-कलहं भारह-कलहेण सरवरे तम्मि
1757,कामं सकामिणीएण सलिल-कीला विरइआओ // घउड्ॐ.४८६ [आर्या]
1758,
1759,किं च—
1760,
1761,माया-माहप्प-गुणेहĩ जेण बद्धं जअं पि णीसेसं
1762,तं सञ्जमिउं माहवमीहन्त णरिन्द मूढो सि // घउड्ॐ.४८७ [आर्या]
1763,
1764,
1765,[प. ७५]
1766,जा जिण्हुणा णराहिव धअ-माला गो-ग्गहे परिग्गहिआ
1767,दुवअ-सुआ-सिचय-परम्पराऎ सो आसि पडिबिम्बो // घउड्ॐ.४८८ [आर्या]
1768,
1769,मॊत्तूण बाहु-सिहरं ठाणे अप्फालिआ तए ऊरू
1770,एएसुञ्चिअ जङ्घा-बलाण भीरूण आसङ्घो // घउड्ॐ.४८९ [आर्या]
1771,
1772,तइआ ठिओ सि जं किर पलॊट्ट-संरम्भ-सेअ-विणिवुड्डो
1773,एसा सा तइ सलिल-प्पवेस-जॊग्गा कआ आसि // घउड्ॐ.४९० [आर्या]
1774,
1775,इअऊरु-रुअंभीमेण जम्मि सम्भारिआवराहेण
1776,गमिओ रिऊ विहाअम्मि तम्मि करुणाइअं पहुणा // घउड्ॐ.४९१ [आर्या]
1777,
1778,कवलिअ-किरीडि-चूडा-रअण-कणे इव विसाणल-फुलिङ्गे
1779,जम्मि मुअन्तो ण पुणो कण्णेण सरीकऒ भुअओ // घउड्ॐ.४९२ [आर्या]
1780,
1781,उक्कत्तं पि हु खण-मॆत्त-तह-परिट्ठिअ-पसाअ-रोमञ्चं
1782,जम्मि णिअ-कत्ति-कवअंतेणेअपणामिअं हरिणो // घउड्ॐ.४९३ [आर्या]
1783,
1784,तम्मि महारह-राहेअ-रह-रहङ्गग्ग-दारिअ-धरम्मि
1785,उद्देसे आसि णराहिवाण विअडा कहुल्लोला // घउड्ॐ.४९४ [आर्या]
1786,
1787,
1788,[प. ७६]
1789,अवि अ—
1790,
1791,गोउर-मॆत्त-विणिग्गअ-ससङ्क-जण-दीसमाण-वॊच्छेअं
1792,जाअं णीसामण्णंपरिहा-वलयं णहञ्चेअ // घउड्ॐ.४९५ [आर्या]
1793,
1794,ओअरणा दिट्ठ-च्छेअ-पअड-णह-मग्ग-पडिणिअत्तेहिं
1795,बिल-मज्झॆ च्चिअ भय-पुञ्जिएहĩ भुअहेहĩ वीसमिअं // घउड्ॐ.४९६ [आर्या]
1796,
1797,कहवि समुप्पअणवसा तह-लद्ध-च्छेअ-विहडिअद्धाओ
1798,दीसन्ति अहिणवाओ व ठिएअरद्धाओवडहीओ // घउड्ॐ.४९७ [आर्या]
1799,
1800,छिण्ण-धरा-अल-पडिबन्ध-खुडिअ-सॊत्तुग्गमेहĩ पडिवण्णं
1801,तुच्छत्तणमुम्मिल्लन्त-गहिर-भावेहĩ अवडेहिं // घउड्ॐ.४९८ [आर्या]
1802,
1803,परिलम्बिज्जइ घोलन्त-सङ्खल-च्छेअ-पाअडद्धेहिं
1804,मूलम्मि मुहल-घण्टा-लीलाऎ णिहाण-कलसेहिं // घउड्ॐ.४९९ [आर्या]
1805,
1806,उव्वेअन्ति वअहिणव-णिमेस-वॊच्छेअ-णिच्च-पिहुलाइं
1807,अविलासाĩ व दंसण-रसे वि मिहुणाण अच्छीइं // घउड्ॐ.५०० [आर्या]
1808,
1809,मारुअ-सञ्चरण-वसा कम-भिज्जन्तम्मि भूमि-पडिबन्धे
1810,तद्दिअस-पलहुऒ च्चेअ होइ णअरीऎ विणिवेसो // घउड्ॐ.५०१ [आर्या]
1811,
1812,
1813,[प. ७७]
1814,पौराण जामिणीसु वि अभिण्ण-णिद्दालसाण णिव्वडइ
1815,णअरि-परिसक्कणक्कन्त-दिअस-सीमाणपडिबोहो // घउड्ॐ.५०२ [आर्या]
1816,
1817,पावन्ति कुलाल-उलाĩ भूमि-दुलहत्तणेण तद्दिअसं
1818,कह-कह वि पङ्क-पिण्डं परिरक्खा-परिमिअञ्चेअ // घउड्ॐ.५०३ [आर्या]
1819,
1820,हॆट्ठाअव-वसुआइज्जमाण-मूल-क्कमूससन्त-रसं
1821,जाअमहो-रअ-सिढिलं अग्ग-सिणिद्धं धरा-वॆढं // घउड्ॐ.५०४ [आर्या]
1822,
1823,दिव्व-विडवाहिरामे वि उववणेसरस-मञ्जरि-फलम्मि
1824,लालिज्जन्तिच्चिअ पढम-णेह-बन्धेण भू-तरुणो // घउड्ॐ.५०५ [आर्या]
1825,
1826,सामाअन्ते वि मही-अलम्मिरअणी-तमाणुबन्धेण
1827,उप्पइअ-दिणअराअव-वसेण दिअसॊ च्चिअ पुरम्मि // घउड्ॐ.५०६ [आर्या]
1828,
1829,इअ जम्मि पएसे पहु-पहाव-पडिवण्ण-परिअरसहाए
1830,उप्पइअंस-तरु-सुरालआऎ हरिअन्द-णअरीए // घउड्ॐ.५०७ [आर्या]
1831,
1832,तम्मिजहागम-पडिवण्ण-विअड-भूवाल-कित्ति-सरसम्मि
1833,सुर-पासाओ पहुणाऎक्केण दिणेणणिम्मविओ // घउड्ॐ.५०८ [आर्या]
1834,
1835,
1836,[प. ७८]
1837,जस्स कडअ-ट्ठिआओ केसव-केऊर-कणअ-रेहाओ
1838,अज्जवि कुणइ णडाले सिला-णिहट्ठङ्गुली लोओ // घउड्ॐ.५०९ [आर्या]
1839,
1840,णीलं सिहर-च्छायं पॆच्छन्तो तस्स मन्दर-गिरिस्स
1841,पडिवज्जइ तम्मिसमिद्ध-जणवओवायणे देवो // घउड्ॐ.५१० [आर्या]
1842,
1843,अहिलेन्तस्स कमेण अ जक्खाहिव-लक्खिअं दिसं तस्स
1844,जाओ विसेस-दुसहो पअण्ड-किरणस्स व पआवो // घउड्ॐ.५११ [आर्या]
1845,
1846,अग्घन्ति सरस-सुर-दारु-भङ्ग-णीसन्द-सुरहिणो तस्स
1847,णिम्महिअ-णव-सुरामोअ-सीअला तम्मि उद्देसा // घउड्ॐ.५१२ [आर्या]
1848,
1849,किं च जाअं—
1850,
1851,एस सरो जस्स इमा हरन्तिउब्बुद्ध-जल-कलम्बाओ
1852,णल-कुञ्ज-मुहल-जल-रङ्कु-सङ्कुला कूल-लेहाओ // घउड्ॐ.५१३ [आर्या]
1853,
1854,अह कमल-काणण-ट्ठिअ-सिरि-दंसण-मिलिअ-जलणिहि-च्छायं
1855,उव्वहइ मलिअ-पाआल-पल्ललं सलिल-सङ्घाअं // घउड्ॐ.५१४ [आर्या]
1856,
1857,एए विहअ-वहुव्वॆल्ल-णलिणि-दल-सण्ड-पण्डुरद्धन्ता
1858,विरल-दल-जज्जरुद्दण्ड-जरढ-कमलासरुद्देसा // घउड्ॐ.५१५ [आर्या]
1859,
1860,
1861,[प. ७९]
1862,सुरहिमिह गन्धमासिसिर-बाल-मौलुग्गमाण जम्बूण
1863,मअरन्दमारविन्दं च इह समीरो पसारेइ // घउड्ॐ.५१६ [आर्या]
1864,
1865,इह ते मअ-कल-काअम्ब-कण्ठ-कन्दलिअ-सारसक्कन्दा
1866,सोहन्ति वलाआलीढ-णील-णिउलातडुद्देसा // घउड्ॐ.५१७ [आर्या]
1867,
1868,सुसिरोसरिअ-सकद्दम-जड-जल-लव-भिण्ण-भङ्ग-रस-सारो
1869,इह सो परिदलिअ-कसाय-गण्ठि-गन्धो मुणालाण // घउड्ॐ.५१८ [आर्या]
1870,
1871,अण्णुण्ण-णिग्गमुक्खित्त-विसम-दल-संणिवेस-णिबिडाओ
1872,इह ता सञ्चार-क्खलिअ-कुक्कुहा रण्ण-णलिणीओ // घउड्ॐ.५१९ [आर्या]
1873,
1874,मोह-रसिआĩ इह णिव्वडन्ति णह-घोलिराण कुरराण
1875,उव्वत्त-मीण-ताडिअ-घण-णलिणि-दलासु सरसीसु // घउड्ॐ.५२० [आर्या]
1876,
1877,इह वायस-सेविअ-कीडइल्ल-वसुआअ-चिविड-सालूरा
1878,जालिअ-कड्ढिअ-सम्बूअ-सेवला तीर-पेरन्ता // घउड्ॐ.५२१ [आर्या]
1879,
1880,उव्वॆल्लेइ समीरो कलह-करग्गावसोण-मूलाइं
1881,सङ्खाअ-फेण-फुड-पिच्छिलाĩ इह णलिणि-वत्ताइं // घउड्ॐ.५२२ [आर्या]
1882,
1883,
1884,[प. ८०]
1885,पेरन्त-लूण-कमला थोअ-जलुव्वत्त-तुङ्ग-णालाओ
1886,इह रोह-सद्दलाबद्ध-मडह-वत्ताओ णलिणीओ // घउड्ॐ.५२३ [आर्या]
1887,
1888,णिव्वार्वेन्ति वहिअअं एएघण-मलिअ-तल-वणा गिरिओ
1889,मुहल-विहङ्गा अ सरा सुण्ण-पसण्णाĩ अ वणाइं // घउड्ॐ.५२४ [आर्या]
1890,
1891,सरिआण तरङ्गिअ-पङ्क-वडल-पडिबद्ध-वालुआ मसिणा
1892,एए ते पविरल-कास-पल्लवापुलिण-वित्थारा // घउड्ॐ.५२५ [आर्या]
1893,
1894,इह मत्ताणेअ-विहङ्ग-मुहल-कल्लोल-कलअलुप्पित्था
1895,विरलं सुअन्तिसरसी-परिसर-परिवेसिणो गामा // घउड्ॐ.५२६ [आर्या]
1896,
1897,एए पूरालुङ्खण-विराअ-पङ्कॊल्ल-पढम-वित्थारा
1898,जाआ अहिणव-णिग्गम-हरिअ-सिहा सद्दलुद्देसा // घउड्ॐ.५२७ [आर्या]
1899,
1900,कमल-वण-विणिग्गअ-मुहल-कुक्कुहा सायमिह सुहावेन्ति
1901,थोउम्हाअन्तुम्मसअ-सद्दला कच्छ-वॊच्छेआ // घउड्ॐ.५२८ [आर्या]
1902,
1903,सम्बूअ-चुण्ण-सबला इह णिहसण-मसिण-वामलूराओ
1904,विडिमाणपअन्तर-णिन्त-विसम-हरिआओ पअवीओ // घउड्ॐ.५२९ [आर्या]
1905,
1906,
1907,[प. ८१]
1908,तड-णिउल-मञ्जरी-णिम्महन्त-जल-गन्ध-सीअला एए
1909,तणु-सुत्ति-सार-पेरन्त-वालुआ सद्दलुद्देसा // घउड्ॐ.५३० [आर्या]
1910,
1911,सहरी-पसत्त-कुररा अन्तो-सद्दल-सिहं परिवहन्ति
1912,अहि-गन्ध-कमलमाबद्ध-घग्घरा वारि-लेहाओ // घउड्ॐ.५३१ [आर्या]
1913,
1914,सोहन्ति बाल-सरअम्मि णील-भू-सद्दला तहच्चेअ
1915,पासालग्ग-सिलन्तर-पढम-किलन्तङ्कुरादिअहा // घउड्ॐ.५३२ [आर्या]
1916,
1917,एआओ परूढारुण-फल-भर-बन्धुरिअ-भूमि-खज्जूरा
1918,कण्ठीओ णिव्ववन्ति वअमन्द-करमन्द-आमोआ // घउड्ॐ.५३३ [आर्या]
1919,
1920,इह सा स-केसरॊव्वत्त-कुसुम-कविलाकरीर-वण-राई
1921,रेहइ णिहस-ट्ठिअ-करभ-केसर-च्छेअ-जडिल व्व // घउड्ॐ.५३४ [आर्या]
1922,
1923,इह वीसमइ व हिअअं फुल्लक्क-समीर-सुरहि-गन्धेसु
1924,आवाअ-घडिअ-कमलामोएसु वणन्त-मग्गेसु // घउड्ॐ.५३५ [आर्या]
1925,
1926,बाढंलीढूस-घणत्तणेण गामेइआओ णॊच्चेन्ति
1927,इहअहुआसेअ-विवण्ण-गोमया रण्ण-भूमीओ // घउड्ॐ.५३६ [आर्या]
1928,
1929,
1930,[प. ८२]
1931,एए ते वण-सेरिह-परिमलण-पइण्ण-गोमयामोआ
1932,धोऊस-रेणु-परिकविस-वारिणो पल्ललुच्छङ्गा // घउड्ॐ.५३७ [आर्या]
1933,
1934,एआओ वाअ-धूसर-करीस-कविस-धरणी-सुअन्धाओ
1935,रण्ण-त्थलीओ उव्वुत्थ-गोउला देन्ति उक्कण्ठं // घउड्ॐ.५३८ [आर्या]
1936,
1937,सोहन्ति सरस-सूई-णिग्गम-हरिआअमाण-मूलाओ
1938,इह चिण्ण-विसह-वड्ढिअ-रूढ-तणा रण्ण-सीमाओ // घउड्ॐ.५३९ [आर्या]
1939,
1940,इह धाउ-लिहिअ-देव-त्थलाओ रण्ण-त्थलीओ सूएन्ति
1941,आलीयमाण-भासापरिवुत्थंमहिस-सत्थाण // घउड्ॐ.५४० [आर्या]
1942,
1943,सन्तत्थ-विरल-कङ्कन्तरेसु गोमाउणो इहौवेन्ति
1944,भय-चलिअण्ण-दिसा-घडिअ-वायसंमहिस-कङ्कालं // घउड्ॐ.५४१ [आर्या]
1945,
1946,इह रविणो मअ-तण्हा-णिहेण णीहार-पण्डुरा होन्ति
1947,सरसीसु तुलिअ-तरलम्बु-वलण-विसमा इव मऊहा // घउड्ॐ.५४२ [आर्या]
1948,
1949,कल्लोल-सिसिर-पवणा सलिलुद्देसे दिसाओ सूएन्ति
1950,इह उड्डन्त-विहङ्गम-धुअम्बु-कण-चुण्ण-मइलाओ // घउड्ॐ.५४३ [आर्या]
1951,
1952,
1953,[प. ८३]
1954,इह कअ-फुक्कार-पडन्त-वालुआ-दूसिअग्ग-तोयाओ
1955,पहिएहĩ कह वि पिज्जन्ति वाउ-वेएहĩसरिआओ // घउड्ॐ.५४४ [आर्या]
1956,
1957,उम्हाल-तरु-च्छायागो-रेणु-विइण्ण-मारुअ-णिरोहा
1958,सायमिहसमहिउण्हावलन्त-भट्ठाणला गामा // घउड्ॐ.५४५ [आर्या]
1959,
1960,करि-कर-दण्डामोडण-विसाह-सूसन्त-सरल-तरु-जालं
1961,एअं तंधूसर-विरल-सल्लई-मेहलं रण्णं // घउड्ॐ.५४६ [आर्या]
1962,
1963,वोलेइलआ-सङ्कलिअ-मुहल-कलहं णिअत्त-करिणीअं
1964,इह कुञ्जराण मुह-मॆत्त-वलिअ-जूहाहिवं जूहं // घउड्ॐ.५४७ [आर्या]
1965,
1966,इहदिण्ण-भूमि-मद्दा परिलूणासण्ण-विडवि-साहग्गा
1967,सूएन्ति महा-तरुणो गइन्द-जूहाणवीसमिअं // घउड्ॐ.५४८ [आर्या]
1968,
1969,इह अजवोरु-वराहाअवरॊप्पर-सत्तु-सावअ-वहाओ
1970,भमिअव्वाओ पविरलंरुरु-सिङ्गवइऒ भूमीओ // घउड्ॐ.५४९ [आर्या]
1971,
1972,इह मूल-पविरलेसुं संवग्गिअ-मुणि-जणावसेसेसु
1973,संवज्जन्ति विहङ्गा फलेसु णीवार-विडवाणं // घउड्ॐ.५५० [आर्या]
1974,
1975,
1976,[प. ८४]
1977,णिबिड-लआ-जाल-पिणद्ध-सिहर-तरु-सण्ड-पडिहौप्पअणा
1978,इह तंसं उड्डेऊण खं विहङ्गा वलग्गन्ति // घउड्ॐ.५५१ [आर्या]
1979,
1980,इह केसरिणो विहुणन्ति ताडणुड्डीण-छप्पअ-कडप्पं
1981,रहस-दलिएह-मअ-सलिल-गरुइअं केसरुप्पङ्कं // घउड्ॐ.५५२ [आर्या]
1982,
1983,मुहल-मऊराĩ हरन्ति किम्पि इहणव-पलास-कविसाइं
1984,उव्वाअ-पल्ललुप्पण्ण-पण्डु-भावाĩरण्णाइं // घउड्ॐ.५५३ [आर्या]
1985,
1986,झिल्ली-जल-कण-सीअल-पलास-परिवेसिणो इह हरन्ति
1987,असलिल-मज्झागअ-विरल-किंसुआ पल्ललुच्छङ्गा // घउड्ॐ.५५४ [आर्या]
1988,
1989,तद्दिअसाणिल-णिव्वूढ-रेणु-णिव्वडिअ-कढिण-पह-दण्डा
1990,वाओलीसु विजाआ इह विरल-रआऒ भूमीओ // घउड्ॐ.५५५ [आर्या]
1991,
1992,इह उवसरं वराहाण गलिअ-जल-बिन्दु-बद्ध-हरिआओ
1993,सङ्कन्त-पङ्क-गारव-बन्धुरिअ-तणाओ पअवीओ // घउड्ॐ.५५६ [आर्या]
1994,
1995,एआओ गाढ-फुडणा पुञ्जइऊससिअ-भू-दल-कवाला
1996,सम्पीड-विरस-दीहरिअ-तलिण-मुत्थाऒ भूमीओ // घउड्ॐ.५५७ [आर्या]
1997,
1998,
1999,[प. ८५]
2000,इह हि गअ-जूह-णिद्दं सूएइ अमारुए वणन्तम्मि
2001,कर-णीसासुग्गाहिअ-महि-रअ-कविसो णहुद्देसो // घउड्ॐ.५५८ [आर्या]
2002,
2003,उक्किण्ण-रअ-भरोणअ-तल-जज्जर-भू-विसट्ट-बिल-विसमा
2004,थोउज्जडक्क-विडवा इमाओ ताउन्दर-थलीओ // घउड्ॐ.५५९ [आर्या]
2005,
2006,इह भूइ-दण्ड-सेसा वि णिअअ-दीहत्तणेण णज्जन्ति
2007,पासल्ल-भाव-पज्जत्त-हुअवहा पाअव-णिवेसा // घउड्ॐ.५६० [आर्या]
2008,
2009,इहकाला रुग्ग-तरुत्तणेण थलइल्लमन्तरा हरइ
2010,भाएसु उववणाअन्त-बाल-तरु-मण्डलं रण्णं // घउड्ॐ.५६१ [आर्या]
2011,
2012,वल्ली-विआण-बहलत्तणेण छाया-णिवेस-सिसिराइं
2013,इह अणह-हलिद्दी-सद्दलाĩगिरि-कच्छ-रण्णाइं // घउड्ॐ.५६२ [आर्या]
2014,
2015,तद्दिअह-णिहस-सम्पीअ-सअल-सीरायसाओ व सहन्ति
2016,परिकढिण-कसिण-दल-बन्धणाओ इह कच्छ-भूमीओ // घउड्ॐ.५६३ [आर्या]
2017,
2018,इह दीसइ कणअ-सिला-मऊह-पुञ्जाहिरञ्जिअं रविणो
2019,णिच्छल्लिअ-परिणअ-ताल-पिञ्जरं पडिअ-पडिबिम्बं // घउड्ॐ.५६४ [आर्या]
2020,
2021,
2022,[प. ८६]
2023,इह वाउद्धुअ-धूली-गरुअ-कणावडण-छिद्दिअ-रआओ
2024,दीसन्ति विरल-जल-बिन्दु-मुद्दिआऒ व्व रत्थाओ // घउड्ॐ.५६५ [आर्या]
2025,
2026,इह ता तरु-मूल-किलिण्ण-कुसुम-दल-दारु-सअल-कलिलाओ
2027,आणील-कविस-फरुसाकरीस-सिढिलाऒ भूमीओ // घउड्ॐ.५६६ [आर्या]
2028,
2029,इह होन्ति मुहल-सिहिणो पुराण-फल-सबल-कुसुमिअ-कलम्बा
2030,फल-कोस-विउण-पत्तल-पलास-सिसिरा वणुद्देसा // घउड्ॐ.५६७ [आर्या]
2031,
2032,एए वण-वारण-गण्ड-णिहस-मअ-गन्धिणॊ भयं देन्ति
2033,रोसुद्ध-सीह-णह-दलिअ-वक्कला पाअव-क्खन्धा // घउड्ॐ.५६८ [आर्या]
2034,
2035,रअ-पुञ्ज-रुद्ध-गअणासहन्ति इह सायमणवसायाओ
2036,पच्छद्ध-पसण्ण-मिअङ्क-मण्डलागिम्ह-रअणीओ // घउड्ॐ.५६९ [आर्या]
2037,
2038,गअ-जूहोअरण-विभिण्ण-णलिणि-णिव्वडिअ-सलिल-दण्डाओ
2039,इह ता वसुआअ-परिप्पवन्त-कमलाओ सरसीओ // घउड्ॐ.५७० [आर्या]
2040,
2041,इह पाअव-लग्ग-ट्ठिअ-णलिणि-दल-च्छेअ-कलिल-कूलाओ
2042,लूआविल-फुडिअ-दलन्तराओ कासार-भूमीओ // घउड्ॐ.५७१ [आर्या]
2043,
2044,
2045,[प. ८७]
2046,इह मारुअ-तंसीकअ-दाव-सिहा-सिहर-संवलन्ताइं
2047,दिप्पन्तिपढममग्गेणतअणुमूलेणरण्णाइं // घउड्ॐ.५७२ [आर्या]
2048,
2049,अग्घन्ति ता णव-ट्ठिअ-सिहि-वाअ-पिसङ्ग-वामलूरग्गा
2050,इह हॆट्ठुव्वाअ-दुमा थलीओ णव-दाव-गन्धाओ // घउड्ॐ.५७३ [आर्या]
2051,
2052,इह तोय-लङ्घणुम्मुक्क-रेणु-दल-सुण्ण-भाव-लहुईओ
2053,तुरिअअरं समहिसरन्ति मारुआवत्त-वल्लीओ // घउड्ॐ.५७४ [आर्या]
2054,
2055,दीसन्ति तह-परिट्ठिअ-तण-मण्डल-पण्डुरन्तरालाओ
2056,इच्छा-वीसन्त-दवाणलाओ इह रण्ण-भूमीओ // घउड्ॐ.५७५ [आर्या]
2057,
2058,इह पङ्क-लोलणाविल-पुड-मन्दुम्मिल-लोअणद्धन्तं
2059,सायं विअडअरङ्गं व णीइ जूहं वराहाण // घउड्ॐ.५७६ [आर्या]
2060,
2061,इह रण्ण-गोउलेसुं उण्हाĩ विपन्थिएहĩपिज्जन्ति
2062,कामं गोरस-पारी-णिवेस-पण्डूĩ सलिलाइं // घउड्ॐ.५७७ [आर्या]
2063,
2064,इह सलिल-कास-सक्कारि-मूल-पडिलग्ग-कड्ढिअ-दलाओ
2065,पवणो आआसिअ-सारसाओ तरलेइ णलिणीओ // घउड्ॐ.५७८ [आर्या]
2066,
2067,
2068,[प. ८८]
2069,तंसीकअ-कण्ठ-समोसरन्त-विहआवलोअ-सरसाइं
2070,इह किम्पि पुलिण-परिसक्किआइं सायं सुहावेन्ति // घउड्ॐ.५७९ [आर्या]
2071,
2072,सङ्गलण-मासलाअन्त-सीअलो विविह-वल्लि-कुसुमाण
2073,आमोओ इह सञ्चरइकोवि सु-सुअन्ध-सुरहीण // घउड्ॐ.५८० [आर्या]
2074,
2075,करह-पओअर-विसमाĩ इहपहोलन्तिमालुहाणीण
2076,उव्वत्त-धूसराइं दलाĩ पेरन्त-कविसाइं // घउड्ॐ.५८१ [आर्या]
2077,
2078,इह रेहन्ति च्छाया-णिविट्ठ-पहिआवलोइअग्गाओ
2079,कक्कोल-दालि-कवि-सत्थ-सङ्कुला रण्ण-भूमीओ // घउड्ॐ.५८२ [आर्या]
2080,
2081,इह गोर-विरहिणी-गण्ड-वास-धूसर-पिसङ्ग-वट्ठाण
2082,भमइ अवरण्ह-महुरो गन्धो करहाड-कुसुमाण // घउड्ॐ.५८३ [आर्या]
2083,
2084,घोलइ उल्लिन्त-सुरा-मूल-कसाय-जरढो कलम्बाण
2085,एसमिलाणारुण-केसराण दर-सीअलो गन्धो // घउड्ॐ.५८४ [आर्या]
2086,
2087,खज्जूर-मञ्जरी-पिञ्जराण इह परिमलो पियङ्गूण
2088,रूढारविन्द-मअरन्द-कण-कसाओपरिब्भमइ // घउड्ॐ.५८५ [आर्या]
2089,
2090,
2091,[प. ८९]
2092,मौल-णिविडासु इह मरुवअस्स मुह-पाडलासु वल्लीसु
2093,आससइसिसिर-लच्छी तारेसु अ कुन्द-कुसुमेसु // घउड्ॐ.५८६ [आर्या]
2094,
2095,इहलोलेइखण-क्खण-विवण्ण-जव-मञ्जरी-तरङ्गाओ
2096,पवणो सञ्चार-विमूढ-मअ-विमलिआओसीमाओ // घउड्ॐ.५८७ [आर्या]
2097,
2098,जरढाअन्त-फलूसास-पविरलाअन्त-मञ्जरी-सूआ
2099,इह अग्घन्ति जवाणंअग्ग-भवन्तीओसीमाओ // घउड्ॐ.५८८ [आर्या]
2100,
2101,इह ताओपुलोस-सुअन्ध-जव-कसायाणणेहĩ पिज्जन्ति
2102,फुल्ल-करवीर-पाली-समुज्जला रण्ण-वावीओ // घउड्ॐ.५८९ [आर्या]
2103,
2104,इह दावाणल-धूमाहिओअ-पडिबद्ध-महि-रआअम्बा
2105,दिअसम्मि वि होन्ति पओस-राअ-मइला दिसाहोआ // घउड्ॐ.५९० [आर्या]
2106,
2107,इह विहडिअ-तन्तु-चुडुप्प-पम्हलाअम्ब-धूसरं पिअइ
2108,णारङ्ग-गब्भ-सअलं पहिओ अहरं पिव पिआए // घउड्ॐ.५९१ [आर्या]
2109,
2110,सिसिरम्मि विरल-कुसुमे गाढालिङ्गण-णिहेण अवबाणो
2111,बाहु-कलहम्मि मिहुणाइं वम्महो इह णिओएइ // घउड्ॐ.५९२ [आर्या]
2112,
2113,
2114,[प. ९०]
2115,इह तं सञ्चारिअ-कञ्चणार-केसर-कसाय-गन्धाण
2116,उच्छङ्खलिअ-वणाणं सोहग्गं किम्पि पवणाण // घउड्ॐ.५९३ [आर्या]
2117,
2118,इह माहवीण कोमल-पलास-दर-कविस-बन्धणाहरणं
2119,उब्भिज्जइ जरढ-कवोअ-कण्ठ-मइलारुणं मौलं // घउड्ॐ.५९४ [आर्या]
2120,
2121,इहअहिराअन्तिकमावमुक्क-परिरूढ-विडव-जालाइं
2122,हरिआरुण-पण्डु-कसाय-विसम-वण्णांĩ रण्णाइं // घउड्ॐ.५९५ [आर्या]
2123,
2124,फल-बन्ध-विरल-हरिआअमाण-सहआर-मञ्जरि-मुहाण
2125,साहु महु-वासराणं अकुण्ठ-कल-अण्ठि-कण्ठाण // घउड्ॐ.५९६ [आर्या]
2126,
2127,णव-बाण-कोउहल्लेणणूणमेमेअवम्महो मुअइ
2128,सहआर-सरे अविओइणो वि इह ऊसुआ जेण // घउड्ॐ.५९७ [आर्या]
2129,
2130,टिविडिक्किअ-डिम्भाणंणव-रङ्गअ-गव्व-गरुअ-महिलाण
2131,णिक्कम्प-पामराणं भद्दं गामूसव-दिणाण // घउड्ॐ.५९८ [आर्या]
2132,
2133,विरल-ट्ठिअ-महुअर-कब्बुराओइह मञ्जरीओ चूआण
2134,दर-दड्ढ-मअण-बाणोवमाओ विडवेसु दीसन्ति // घउड्ॐ.५९९ [आर्या]
2135,
2136,
2137,[प. ९१]
2138,इह सोहन्तिदरुम्मिल्ल-किसलयाअम्बिरच्छि-वत्ताइं
2139,पाविअ-पडिबोहाĩ वसिसिर-पसुत्ताइं रण्णाइं // घउड्ॐ.६०० [आर्या]
2140,
2141,इह हलिद्दा-हअ-दविड-सामली-गण्ड-मण्डलाणीलं
2142,फलमसअल-परिणामावलम्बि अहिहरइ चूआणं // घउड्ॐ.६०१ [आर्या]
2143,
2144,एण-खुर-खण्डिआपण्डु-जच्च-कच्चूर-चुण्णमुण्णमइ
2145,इह अहिणव-सव्वण-वेणु-रोअणा-रेणु-रमणीयं // घउड्ॐ.६०२ [आर्या]
2146,
2147,दीहर-हेमन्त-णिसा-णिरन्तरुप्पण्ण-चाव-वावारो
2148,जिअ-लक्खो मा इर माहवम्मि कुसुमाउहो होउ // घउड्ॐ.६०३ [आर्या]
2149,
2150,पल्लव-सिहाओ इह णिव्वडन्ति दूरारुणा महु-मुहम्मि
2151,साहा-विभेअ-पाविअ-णिअ-रस-सोणाओ व तरूण // घउड्ॐ.६०४ [आर्या]
2152,
2153,इह कहवि समासाइअ-णव-सहआर-मअरन्द-बिन्दुइआ
2154,रुण्टन्ताभमर च्चेअ भमर-मालाहĩ पिज्जन्ति // घउड्ॐ.६०५ [आर्या]
2155,
2156,णालाअडिढअ-परिणाम-पसिढिलूससिअ-बन्धणाहोअं
2157,रस-गारवेण फलमिह चूआण कमोहुरं पडइ // घउड्ॐ.६०६ [आर्या]
2158,
2159,
2160,[प. ९२]
2161,फल-लम्भ-मुइअ-डिम्भासु-दारु-घर-संणिवेस-रमणिज्जा
2162,एए हरन्ति हिअअंअजणाइण्णावण-ग्गाम्मा // घउड्ॐ.६०७ [आर्या]
2163,
2164,किम्पि दुम-जज्जरेसुं हिअअं घोसावबद्ध-धूमेसु
2165,लग्गइ विरल-ठ्ठिअ-वायसेसुउव्वत्थ-गामेसु // घउड्ॐ.६०८ [आर्या]
2166,
2167,इह गामागअ-धम्मिअ-संमज्जिअ-सुण्ण-लिङ्गमुवसेलं
2168,दल-गन्धि गहीराणील-कुण्डमुरु-पाअवं सण्डं // घउड्ॐ.६०९ [आर्या]
2169,
2170,अवमारुअ-मूल-णिमिल्ल-पल्लवाउञ्जिणोपरिसरेसु
2171,इह तरुणो सिहर-वहम्मि णवर झङ्कारिणो होन्ति // घउड्ॐ.६१० [आर्या]
2172,
2173,इह भूरि-भमिर-साहा-सारङ्ग-विराविणो विराअन्ति
2174,आबद्ध-महा-महु-पिण्ड-मण्डला जर-तरु-क्खन्धा // घउड्ॐ.६११ [आर्या]
2175,
2176,परिणाम-सोस-लहुआअमाण-फल-थोअ-पाविओसासा
2177,इह जाआ पढम-समोणआओ मालूर-साहाओ // घउड्ॐ.६१२ [आर्या]
2178,
2179,सावअ-पअवी-भिण्णावसाय-हरिअन्तरा विराअन्ति
2180,एए पहाअ-सरसावण-त्थली-सद्दलद्धन्ता // घउड्ॐ.६१३ [आर्या]
2181,
2182,
2183,[प. ९३]
2184,परिसडिअ-वेणु-दल-रङ्ग-पिङ्गलं गलइ गिरि-अड-दरीसु
2185,जलमिणमो मल-हरिआअमाण-जरढोवल-क्खलिअं // घउड्ॐ.६१४ [आर्या]
2186,
2187,इह सॊत्तागम-विहडिअ-सिलासु मुणिणो गुहासु णिवसन्ति
2188,कासायमुव्वहन्ता पुराण-बोरट्ठि-विच्छायं // घउड्ॐ.६१५ [आर्या]
2189,
2190,इह फलइ दुमवइसुं पणऒ भमराण कुसुम-पीआणं
2191,सिद्ध-परिग्गहिअ-गुहा-गेहासु णिअम्ब-मालासु // घउड्ॐ.६१६ [आर्या]
2192,
2193,इह कड्ढिअ-विअड-सिला-वडण-ठ्ठिअ-चुण्ण-रासि-पंसुलिआ
2194,विसमुज्जल-मुहल-तडा घडणा-जॊग्गोवला गिरिणो // घउड्ॐ.६१७ [आर्या]
2195,
2196,इह परिसक्किज्जइ कढिण-कक्करुक्केर-णिसिअ-णह-हीरं
2197,कुरुविन्द-कन्दरा-मन्दिरेसु मन्दं मइन्देहिं // घउड्ॐ.६१८ [आर्या]
2198,
2199,इहदर-खल्लइअ-तडोवलाओ परिविरल-बाल-मीणाओ
2200,फेण-च्छाया-सारोअराओ रेहन्ति सरिआओ // घउड्ॐ.६१९ [आर्या]
2201,
2202,अववक्कल-णीसह-मूल-बन्धुराअन्त-बाल-धव-कुञ्जा
2203,इहबहुलंगाढ-कसाय-सीहुणो गिरि-अड-ग्गामा // घउड्ॐ.६२० [आर्या]
2204,
2205,
2206,[प. ९४]
2207,इह दिअसम्मि वि सिहरावरोह-परिअत्त-रवि-अरुम्मिल्ला
2208,धूमाअन्ति व दूरावलोअ-मइलागिरि-वणन्ता // घउड्ॐ.६२१ [आर्या]
2209,
2210,चलण-णिसण्णुण्णामिअ-चिबुअ-अलायामि-तलिण-मुहरेहं
2211,सोहइ पसुत्तमिहं केसरीण भर-णिग्गअ-णहग्गं // घउड्ॐ.६२२ [आर्या]
2212,
2213,इहसुइरेणपसम्मइकप्फाड-परम्परा-पडिक्खलिओ
2214,अहिताडिअ-कंसुग्गार-झञ्झणा-पडिरवाहोओ // घउड्ॐ.६२३ [आर्या]
2215,
2216,इह दीसइविमलाअन्त-मणि-सिला-सण्ड-सन्धिउज्जोअं
2217,परिदलिअ-दाडिमी-कुसुम-दल-सिहाअम्बिरं गअणं // घउड्ॐ.६२४ [आर्या]
2218,
2219,इहदूर-ट्ठिअ-सिहरा वित्थारासण्ण-पाअड-णिअम्बा
2220,दीसन्ति अग्ग-मइला कमेण मूलुज्जला गिरिणो // घउड्ॐ.६२५ [आर्या]
2221,
2222,इह ताओखण्डिउव्वाअ-पाअवालग्ग-वल्लि-कलिलाओ
2223,सबरुक्खअ-कन्दुद्देस-विवर-विसमाऒ भूमीओ // घउड्ॐ.६२६ [आर्या]
2224,
2225,इह वाहेहĩ वराहाणबाण-विहआणमणुसरिज्जन्ति
2226,अग्गग्ग-समुज्जल-रुहिर-बिन्दु-मुद्दाओ पअवीओ // घउड्ॐ.६२७ [आर्या]
2227,
2228,
2229,[प. ९५]
2230,मणि-वित्थार-परिट्ठिअ-वसुहा-पअडाअमाण-पेरन्तो
2231,लक्खिज्जइ सेस-फणा-अडॊ व्व अह णिम्मलो जलही // घउड्ॐ.६२८ [आर्या]
2232,
2233,णिबिड-दल-णाल-परिजडिल-दीहरुद्दण्ड-पिण्ड-खज्जूरा
2234,एआओ जलहिणो तड-तमाल-णीला वणालीओ // घउड्ॐ.६२९ [आर्या]
2235,
2236,गोसे विअसन्ति मराल-चञ्चु-परिचुम्बिआओ सरसीसु
2237,इह कमलिणीओ महुअर-पुलिन्द-विणिवेस-पल्लीओ // घउड्ॐ.६३० [आर्या]
2238,
2239,एइ इहं जलणिहिमुत्तरेण उअ-महिहरे णह-विसारी
2240,सामीरं रअमणुवत्तिऊण गन्धो वण-लआणं // घउड्ॐ.६३१ [आर्या]
2241,
2242,पाडलिअ-भू-रओणिहसणेण पूआण परिमल-कसाओ
2243,कविलिअ-णियंसणो इह जणस्स सञ्ज्झाअइ रओहो // घउड्ॐ.६३२ [आर्या]
2244,
2245,इहपवण-भिण्ण-ताली-रस-च्छडा-पिच्छिले परिक्खलिआ
2246,कइणो महुर-सुअन्धे लिहन्ति हत्थे गिरि-अडीसु // घउड्ॐ.६३३ [आर्या]
2247,
2248,रङ्खोलिर-परिणअ-गब्भ-सार-सम्भिडण-मुहल-फल-कोसा
2249,इह पवणो णच्चावेइ णालिएर-वणालीओ // घउड्ॐ.६३४ [आर्या]
2250,
2251,
2252,[प. ९६]
2253,मुहलन्दोलिअ-ताडी-पल्लव-संवॆल्लिआइहवहन्ति
2254,बन्धण-दलन्त-तणराअ-फल-चडक्कारिणो पवणा // घउड्ॐ.६३५ [आर्या]
2255,
2256,अह केलासो वोलेइ जम्मि हिम-कण-किलामिअ-च्छायं
2257,सम्भरिअ-मअण-विणिवाअ-खेअ-विहुरं व ससि-बिम्बं // घउड्ॐ.६३६ [आर्या]
2258,
2259,इह हर-जडाहिसञ्जमण-गण्ठि-णिबिडिअ-गलेण वासुइणा
2260,उप्फुल्ल-फणा-धरिआ मुच्चन्ति समीरणुग्गारा // घउड्ॐ.६३७ [आर्या]
2261,
2262,इह णेअ णिसासु वि णिव्वडन्ति आमोअ-पॆल्लिअ-भुअङ्गा
2263,रअण-च्छवि-संवलिआ कडएसु महोसही-विडवा // घउड्ॐ.६३८ [आर्या]
2264,
2265,इह मणि-अडाण दीसइ उव्वत्तिअ-बरहि-पिच्छ-विच्छाओ
2266,णीहार-पड-परिक्खलिअ-णिग्गमो किरण-विच्छड्डो // घउड्ॐ.६३९ [आर्या]
2267,
2268,इह फुरइ पण्डु-भावो वासागम-भङ्ग-गहिअ-सिहराण
2269,अणवरअ-विसज्जिअ-विज्जु-रुहिर-धाराण व घणाण // घउड्ॐ.६४० [आर्या]
2270,
2271,इह सिद्ध-सुन्दरीणं थणाण णव-णह-वआण णिव्वडइ
2272,आअम्ब-राइ-लञ्छिअ-विइत्त-भुअवत्त-लाअण्णं // घउड्ॐ.६४१ [आर्या]
2273,
2274,
2275,[प. ९७]
2276,इह मुणिवराण णिक्कम्प-णियम-पडिबन्ध-सन्धिआलोआ
2277,झाण-विरमम्मि जाअन्ति णवर मलिणागिरि-गुहाओ // घउड्ॐ.६४२ [आर्या]
2278,
2279,इह मुक्क-पल्ललुम्मुह-पसण्ण-महिसावलोइआ होन्ति
2280,सेल-सिहरन्तरिज्जन्त-रवि-अरा दिअस-परिणामा // घउड्ॐ.६४३ [आर्या]
2281,
2282,छाया-णिव्वाविअ-सद्दलाण भद्दं दिणावसाणाण
2283,णअर-विणिअत्त-गोवी-परिगीअ-वणन्त-मग्गाण // घउड्ॐ.६४४ [आर्या]
2284,
2285,इह पल्ली-धूमुब्भेअ-धूसरिज्जन्त-कुञ्ज-रमणिज्जा
2286,होन्ति गिरि-अडअ-दण्डाणिसागमारम्भ-गम्भीरा // घउड्ॐ.६४५ [आर्या]
2287,
2288,उअय-च्छविं मुअन्तो पुराण-करि-दन्त-पिङ्गल-मऊहो
2289,इह सोहइसिहरासत्त-मण्डलो जामिणी-णाहो // घउड्ॐ.६४६ [आर्या]
2290,
2291,धाराहिसित्त-णव-कन्दलाण इह ताचलन्तिमालाओ
2292,जरढ-कलविङ्क-गल-मण्डलाहिलीणा जलहराण // घउड्ॐ.६४७ [आर्या]
2293,
2294,इह सो तरुअल-वसुआअ-सलिल-सम्भिण्ण-केसरामोओ
2295,परिणअ-किण्ण-सुरा-अन्ध-गाढ-महुरोविणिम्महइ // घउड्ॐ.६४८ [आर्या]
2296,
2297,
2298,[प. ९८]
2299,पढमासारे इह तत्त-भू-णिवेसाĩ वण-कुरङ्गेहिं
2300,दर-घडिअ-मुहंपिज्जन्तिअग्ग-सिसिराĩ तोयाइं // घउड्ॐ.६४९ [आर्या]
2301,
2302,इह वॆल्लन्त-दुमुज्झिअ-भिण्ण-वओ-अण्ड-कलल-सीअरिणो
2303,वाअन्ति मेह-सीअल-धूलि-लवुत्थङ्घिणोपवणा // घउड्ॐ.६५० [आर्या]
2304,
2305,एए विराअ-गोमय-हरिअन्तर-बुब्बुआ परिवहन्ति
2306,सद्दल-सन्दाणिअ-सहर-चित्तला पूर-वित्थारा // घउड्ॐ.६५१ [आर्या]
2307,
2308,इह धारा-विच्छोलिअ-फलट्ठि-णिग्गअ-कसाय-गन्धाण
2309,विरल-भमराणघोलइ लच्छीजम्बू-तरुअलाण // घउड्ॐ.६५२ [आर्या]
2310,
2311,उक्कन्दलाण घोलइ इहसेरिह-दलिअ-केसर-वणाण
2312,गन्धो उब्बुद्ध-कलम्ब-सीअलो सेल-कडआण // घउड्ॐ.६५३ [आर्या]
2313,
2314,इह सलिल-किलिण्णाअम्ब-विरस-मालूर-सार-सुरहीण
2315,जलअ-समयम्मि रण्णाणिलाण णिव्वडइ सोहग्गं // घउड्ॐ.६५४ [आर्या]
2316,
2317,णव-धारा-पडिबज्झन्त-रेणु-परिसामला थली-मग्गा
2318,धूसर-हरिण-खुर-च्छेअ-कब्बुरा इह विराअन्ति // घउड्ॐ.६५५ [आर्या]
2319,
2320,
2321,[प. ९९]
2322,अवमेहाओ वि मइल-चन्दिमा होन्ति सोम्म-पवणाओ
2323,सलिलन्ध-गअण-दर-णिव्वडन्त-ताराओ रअणीओ // घउड्ॐ.६५६ [आर्या]
2324,
2325,इह सा उम्मुद्दिअ-सिन्दुवार-मअरन्द-बन्ध-सुहआण
2326,सरअ-दिअसाण विअसइ लच्छी उग्गन्ध-कमलाण // घउड्ॐ.६५७ [आर्या]
2327,
2328,इअ सअल-दिसा-अड-विअय-मिलिअ-महि-मण्डलेहĩ सच्चविआ
2329,सेणा-भडेहĩ से सुहअ-संणिवेसा वणुद्देसा // घउड्ॐ.६५८ [आर्या]
2330,
2331,अवि अ—
2332,
2333,एए विरत्त-सुरचाव-विरस-विरलाहिलक्खिअ-च्छाया
2334,महिस-खुर-च्छेअ-विहाविअ-प्पहा मणि-अडुद्देसा // घउड्ॐ.६५९ [आर्या]
2335,
2336,इच्छा-परिअत्त-लआ-विआण-उद्देस-पीडिअ-दुमाण
2337,छाया सच्चिअ अण्ण व्व रण्ण-फरुसा उववणाण // घउड्ॐ.६६० [आर्या]
2338,
2339,विब्भमवईण भिज्जन्तमलअ-परिगूढ-केसरं जाण
2340,ताणञ्चिअ विअलइ इह लआण फल-पॆल्लिअं कुसुमं // घउड्ॐ.६६१ [आर्या]
2341,
2342,ओसरिअ-सिहर-बन्धा तहठ्ठिओवत्त-भित्ति-पब्भारा
2343,भवणॊच्छङ्गा तॆ च्चेअ विजल-वावीणिहा जाआ // घउड्ॐ.६६२ [आर्या]
2344,
2345,
2346,[प. १००]
2347,जाआ ताऒ च्चिअ तह-महग्घ-मणि-रासि-सबलिअ-क्खम्भा
2348,भमिर-भुअङ्ग-फणा-रअणमॆत्त-विहवाओवीहीओ // घउड्ॐ.६६३ [आर्या]
2349,
2350,इह किरतंआ पुर-संणिवेस-पिहु-पंसु-रासि-परिवेसं
2351,वरिसासु पएस-पआस-खुत्त-मणि-विद्दुमं णअरं // घउड्ॐ.६६४ [आर्या]
2352,
2353,णीरेणु-भाव-णिव्वडिअ-साल-सुर-सअण-तोरण-विडङ्का
2354,दूरे वि पुर-णिवेसा इह आसण्ण व्व दीसन्ति // घउड्ॐ.६६५ [आर्या]
2355,
2356,पविलीण-कुसूल-ट्ठाण-फरुस-बुस-पंसु-थौडिउद्देसा
2357,इह भू-दविणण्णेसण-विइण्ण-विवरा घरोवासा // घउड्ॐ.६६६ [आर्या]
2358,
2359,इह काल-रूढ-सीरागमाĩ जाआĩ बहल-हरिआइं
2360,भू-गुण-विसट्ट-मन्दार-बद्ध-गहणाĩछॆत्ताइं // घउड्ॐ.६६७ [आर्या]
2361,
2362,इह कारहीसु कल्लं उण्णन्ति व भूसु सावसाआसु
2363,आरामन्ति विणिम्महिअ-कमल-गन्धाओ व दिसाओ // घउड्ॐ.६६८ [आर्या]
2364,
2365,साहासुबन्ध-परिसेस-रज्जु-वॊच्छेअ-विरल-जर-दब्भा
2366,दोला-मग्गा उवणिग्गमेसु एएतरुअलाण // घउड्ॐ.६६९ [आर्या]
2367,
2368,
2369,[प. १०१]
2370,अवसण्ण-पुराण-णरिन्द-कित्तण-ट्ठाण-सोण-चुण्णाओ
2371,इह जर-भुअङ्ग-सम्भाविआओ पेरन्त-भूमीओ // घउड्ॐ.६७० [आर्या]
2372,
2373,इह णिज्जिअ-कुन्दोसीर-सार-सहआर-पाडल-रसाइं
2374,कमल-करवीर-बावीसु गिम्ह-तोयाĩ अग्घन्ति // घउड्ॐ.६७१ [आर्या]
2375,
2376,इह विअड-मूलबन्धा घडिअ-सिला-सञ्चया परिसरेसु
2377,असमत्त-णिवेसच्चिअ जरं गआ सु-पुरिसारम्भा // घउड्ॐ.६७२ [आर्या]
2378,
2379,दुग्गम-भाव-ठ्ठिअ-णालि-घडिअ-घण्टेसु तोरणग्गेसु
2380,इह अज्ज वि उद्देसा सम्भाविअ-भूरि-विहव व्व // घउड्ॐ.६७३ [आर्या]
2381,
2382,आ-सिहर-परिठ्ठिअ-भित्ति-सञ्चया गलिअ-दारु-पडिबन्धा
2383,इहदूमन्तिव अब्भन्तराअवा भवण-वित्थारा // घउड्ॐ.६७४ [आर्या]
2384,
2385,जण-विणिहट्ठायस-कलुस-हीण-पाहाण-देहली-बन्धा
2386,अगरु-दल-लहुअ-जर-दार-दारु-सअला इह णिवेसा // घउड्ॐ.६७५ [आर्या]
2387,
2388,इह विहडिअ-पिण्डी-बन्ध-सन्धि-परिलम्बि-वाल-णिम्मोआ
2389,आयाम-परिठ्ठिअ-वङ्क-विअड-लिङ्गा थलाहोआ // घउड्ॐ.६७६ [आर्या]
2390,
2391,
2392,[प. १०२]
2393,इह चिञ्चिणीण घॆत्तूण करअलोलुम्प-पिण्डिअं पहिओ
2394,कवलेइ जरढ-कलविङ्क-पक्ख-परिकब्बुरं कुसुमं // घउड्ॐ.६७७ [आर्या]
2395,
2396,दीसन्तिपढम-पीढाणिबिडारुण-लग्ग-पङ्क-लेवाओ
2397,इह विहडिअ-भित्ति-च्छेअ-णिग्गआ जज्जरिट्ठाओ // घउड्ॐ.६७८ [आर्या]
2398,
2399,इह लवणुग्गम-परिहीण-भित्ति-वलयत्तणेण दीसन्ति
2400,अहिअ-विअडाओ पूरण-समुण्णआ कूव-कोसीओ // घउड्ॐ.६७९ [आर्या]
2401,
2402,पीणत्तण-दर-परिणाम-भङ्ग-परिकसण-मणि-कवालाओ
2403,आहोअंअज्ज वि इह कहेन्तिगहिराओ रत्थाओ // घउड्ॐ.६८० [आर्या]
2404,
2405,इह कालेण समीकअ-तलाअ-सुरमन्दिराओ दीसन्ति
2406,दर-णिण्णुण्णअ-सण्ठाणमॆत्त-विसमाऒ भूमीओ // घउड्ॐ.६८१ [आर्या]
2407,
2408,घर-गोलअ-दारोसरिअ-मूल-पडिबद्ध-चुण्ण-रेहाओ
2409,एआओपाडलावण्डु-कुप्परा जुण्ण-भित्तीओ // घउड्ॐ.६८२ [आर्या]
2410,
2411,इह गम्भीराअन्ति व अहिआलोआĩ जालअ-विहङ्गा
2412,छायासु वि दर-पाविअ-खम्भ-च्छायाĩ भवणाइं // घउड्ॐ.६८३ [आर्या]
2413,
2414,
2415,[प. १०३]
2416,दिअसे वि भूअ-सम्भावणाऎ उक्कण्टयन्ति अङ्गाइं
2417,णीसद्दाओ वि इह झत्ति घडिअ-सद्दाओवडहीओ // घउड्ॐ.६८४ [आर्या]
2418,
2419,इह दूमन्ति वफल-पत्त-लोह-पविरिक्क-ताल-खज्जूरा
2420,अवलोह-पलॊट्ट-जरारहट्ट-दण्डा घरोवासा // घउड्ॐ.६८५ [आर्या]
2421,
2422,चिण्होवलक्खिआ विहुआरम्भोहुर-णरिन्द-दीसन्ता
2423,इह अज्ज वि सन्ति महा-णिहाण-मग्गा परिसरेसु // घउड्ॐ.६८६ [आर्या]
2424,
2425,अघडन्त-धूम-रअ-णिग्गमाओ पल्हत्थ-भवण-विरलाओ
2426,इह होन्ति गाढ-तिमिरा चिरेणरअणीसुरत्थाओ // घउड्ॐ.६८७ [आर्या]
2427,
2428,इअ तस्स चिरं सेवागएहĩ विहडिअ-समिद्धि-बन्धेहिं
2429,णिअ-णअर-संणिवेसा वेरि-णरिन्देहĩ सच्चविआ // घउड्ॐ.६८८ [आर्या]
2430,
2431,किं च जाअं—
2432,
2433,पॆच्छहलद्ध-च्छायंइमीऎ पडिवण्ण-दप्पणं वअणं
2434,कमलं वसमुह-रवि-बिम्ब-चुम्बिअं फुरइ णलिणीए // घउड्ॐ.६८९ [आर्या]
2435,
2436,उव्वहइ दइअ-गहिआहरॊट्ठ-झिज्जन्त-रोस-पडिराअं
2437,पाणोसरन्त-मइरं व फलिअ-चसअं इमा वअणं // घउड्ॐ.६९० [आर्या]
2438,
2439,
2440,[प. १०४]
2441,कण्ठोसरिऎक्क-थणावसत्त-पिअ-बाहु-घोलिर-करग्गा
2442,सोहइ इमा पअत्तिअ-तुम्बी-वीणा-विणोअ व्व // घउड्ॐ.६९१ [आर्या]
2443,
2444,दइअ-गहिआलआवलि-कलिअ-णडालंमुहं वहइ
2445,बहुल-णिसा दर-हीरन्त-पढम-कलमिन्दु-बिम्बं व // घउड्ॐ.६९२ [आर्या]
2446,
2447,वअण-णयण-प्पहा-णिज्जिआण णूणं इमीऎ एआण
2448,सम-दुक्खाण व जाओ समागमो चन्द-हरिणाण // घउड्ॐ.६९३ [आर्या]
2449,
2450,इअ ओआरिअ-चावम्मि जम्मि पाऊस-विलसिअव्वेसु
2451,णिव्वण्णेइ परिअणो सेणा-ललणाणलीलाओ // घउड्ॐ.६९४ [आर्या]
2452,
2453,किं च—
2454,
2455,जस्स पहार-धुआणण-रिउ-गअ-गण्डत्थलुच्छलन्ताण
2456,तिअस-परिमुक्क-कुसुमेसु घडइ पणओ महुअराण // घउड्ॐ.६९५ [आर्या]
2457,
2458,तस्स मगहाहिवइणो इमाण रमणीण विहसिउज्जोआ
2459,तुह बहल-जस-च्छवि-पॆल्लिअ व्व ण णरिन्द दीसन्ति // घउड्ॐ.६९६ [आर्या]
2460,
2461,एआण फुरिअ-सेवा-चामर-पम्ह-पडिमेसु दीसन्ति
2462,अन्तॊ भय-पीआऒ व्व बाह-धारा कवोलेसु // घउड्ॐ.६९७ [आर्या]
2463,
2464,
2465,[प. १०५]
2466,धुअ-मअ-पङ्क-कणुक्कर-णिहेण जाणंकवोल-कुहराहि
2467,कुम्भ-ट्ठिअ-मुत्ता-किरण-पॆल्लिअं णीइ तिमिरं व // घउड्ॐ.६९८ [आर्या]
2468,
2469,ते तुज्झ जय-गइन्दा णरिन्द विद्दविअ-वेरि-वग्गस्स
2470,णवर गिरि-कडअ-पडिपॆल्लणेणतेअं विणोअन्ति // घउड्ॐ.६९९ [आर्या]
2471,
2472,अह वा
2473,टङ्क-मुहाहअ-कढिणट्ठि-मुक्क-धूम-च्छलेण उव्वमइ
2474,तद्दिअस-पहा-परिपीअ-तिमिर-पडलं व कर-जालं // घउड्ॐ.७०० [आर्या]
2475,
2476,वोलेन्तिणिअ-पमाणाणुरूअ-पडिबद्ध-वासर-क्खण्डा
2477,टङ्क-च्छेऒच्छलिआ सरीर-सअलाण सङ्घाआ // घउड्ॐ.७०१ [आर्या]
2478,
2479,दीसइ घडणुम्मिलन्त-विमल-दसण-प्पहा-परिक्खित्तं
2480,तद्दिअसिन्दु-पवेसावलग्ग-जोण्हं व मुह-बिम्बं // घउड्ॐ.७०२ [आर्या]
2481,
2482,विअलन्ति कअ-रणक्कार-टङ्क-वॊच्छिण्ण-काय-णिव्वडिआ
2483,दिण्ण-सुहंआसुर-सङ्गर-ट्ठिआ पहरण-च्छेआ // घउड्ॐ.७०३ [आर्या]
2484,
2485,इअ सो वि तट्ठि-घडणा-विउणुज्जल-मण्डलो दिअस-णाहो
2486,तुज्झ पआव-च्छायं परिप्फुरन्तो णपूरेइ // घउड्ॐ.७०४ [आर्या]
2487,
2488,
2489,[प. १०६]
2490,तुह दूरावज्जिअ-सेहरालि-वलएहĩ कीरइ पणामो
2491,ओहुर-णडाल-विअलन्त-भिउडि-भङ्गेहĩव परेहिं // घउड्ॐ.७०५ [आर्या]
2492,
2493,सच्चं तुमम्मि दिट्ठे ण सन्ति तुम्हारिसत्ति पडिहाइ
2494,णवर तुह दंसणञ्चिअ ठवेइ कालस्स माहप्पं // घउड्ॐ.७०६ [आर्या]
2495,
2496,विसमत्तणं विविहिणो ण तवेइ तुमम्मि णाहसम्भरिए
2497,आसण्ण-पाउसोपल्लवेइ गिम्हो वि वण-राइं // घउड्ॐ.७०७ [आर्या]
2498,
2499,जाण णिअच्चेअ गुणा किं भण्णौ ताण णिग्गुणा जे वि
2500,ते वि गुणे तुहअवलम्बिऊणगुणिणॊ व्व णन्दन्ति // घउड्ॐ.७०८ [आर्या]
2501,
2502,संणिज्झेणं व सिरीऎ तुज्झ दाहिण-भुआवलम्बाए
2503,अणवरअमणिट्ठिअमेस कणअ-वरिसं करो मुअइ // घउड्ॐ.७०९ [आर्या]
2504,
2505,साहीण-मुह-सहस्सो किं व ण ता वासुई पसंसेइ
2506,जइ तरइ चिन्तिउमलं गुणे तु ऎक्केण हिअएण // घउड्ॐ.७१० [आर्या]
2507,
2508,विहिणा जाणणडालेसुविलिहिअं किं पि विसम-परिणामं
2509,ते तुज्झपाअ-वडण-च्छलेण वसुहाहिव फुसन्ति // घउड्ॐ.७११ [आर्या]
2510,
2511,
2512,[प. १०७]
2513,अहिसारणम्मि तं रिउ-सिरीऎणिसिआसि-घडिअ-पडिबिम्बो
2514,णीलंसुअ-संवीऒ व्व सहसि सहसाहव-णिसीहे // घउड्ॐ.७१२ [आर्या]
2515,
2516,सामण्णाĩ वि णामक्खराĩ ठविआĩ तइ विवेअम्मि
2517,कित्तणमॆत्तेण विजेणफुरसि तं णवर हिअअम्मि // घउड्ॐ.७१३ [आर्या]
2518,
2519,तुह धारा-लग्ग-समोसरन्त-करि-मॊत्तिअत्तणा खग्गो
2520,आढत्तोवल-वरिसम्बु-वाह-लीलंविडम्बेइ // घउड्ॐ.७१४ [आर्या]
2521,
2522,अणुराऒ त्ति परिअणोकोव-हुआस-प्पह त्ति पडिवक्खा
2523,आणा-पआण मुद्दासु तुज्झ विन्दन्ति सिन्दूरं // घउड्ॐ.७१५ [आर्या]
2524,
2525,वामेअर-भुअ-भवणा कह णु सिरी वसौ तुज्झखग्गम्मि
2526,मुणिअं दीसइ इह सण्ठिआऎ से तम्मि पडिबिम्बं // घउड्ॐ.७१६ [आर्या]
2527,
2528,ण वि तह लोअस्स गुणा णिअ-उक्करिसेण पाअडा होन्ति
2529,तुह संमाणग्घविआ वच्चन्ति जहा पहु पसिद्धिं // घउड्ॐ.७१७ [आर्या]
2530,
2531,ण हु पढमञ्चिअ पअ-वीढ-घडिअ-मौलीहĩकारिओ तं सि
2532,भिउडी-भङ्गायासं अवराह-भएण व रिऊहिं // घउड्ॐ.७१८ [आर्या]
2533,
2534,
2535,[प. १०८]
2536,तुह पहु सवत्त-सीमन्तिणीण अच्छिन्न-बाह-धाराहिं
2537,दीसन्ति समूलाओ व लोला लम्बालअ-लआओ // घउड्ॐ.७१९ [आर्या]
2538,
2539,जाणं ण पुरिसआरो जुवइसमा तेसु कह सिरीरमौ
2540,ठिअभावमित्थमहिला महिलाओ कहम्पि कामेन्ति // घउड्ॐ.७२० [आर्या]
2541,
2542,झीणा ऎक्के तु असिम्मि सरणमण्णे गआतुमंचेअ
2543,सेसा वि रिऊ जलहिं कहिं पि किर के वि पडिवण्णा // घउड्ॐ.७२१ [आर्या]
2544,
2545,वच्चन्ति अहोउड्ढंअइन्ति मूलङ्कुर व्व पुहईए
2546,बीआहि व ऎक्कत्तो कुलाहि पुरिसा समुप्पण्णा // घउड्ॐ.७२२ [आर्या]
2547,
2548,तरलत्तण-वअणिज्जं लच्छीऎ तुमाऎ णवरऒप्पुसिअं
2549,तीऎ वि पहुत्तणं वो पहु-दोस-विवज्जिअं दिण्णं // घउड्ॐ.७२३ [आर्या]
2550,
2551,विवरीअं व तइ इमं विवेअ-सारम्मि दीसइ णरिन्द
2552,भीओ दोसाण तुमं ते उण णठ्ठा तुमाहिन्तो // घउड्ॐ.७२४ [आर्या]
2553,
2554,सअलेसुं चेअ दिसाअडेसु दीसन्ति देव पडिलग्गा
2555,धोअ व्व दिसा-गअ-सीअरेहĩ विमला गुणा तुज्झ // घउड्ॐ.७२५ [आर्या]
2556,
2557,
2558,[प. १०९]
2559,भुवण-गरुएहĩ ते तुह हीरन्ति गुणेहĩ तं पुणो ताण
2560,हीरसि गुण-लेसेण वि सुअणो सुअणाण अहिओ सि // घउड्ॐ.७२६ [आर्या]
2561,
2562,दिअ-भूमिसु दाण-जलुल्लिआĩ कालम्मि जाĩउत्ताइं
2563,ताĩ तुह णाह रोहन्ति सम्पअं विहव-बीआइं // घउड्ॐ.७२७ [आर्या]
2564,
2565,पणईसु गुरु-मणोरह-सम्पत्ति-समुत्तुणेसु सङ्कन्तो
2566,मण्णे तुह तेण पहुत्तणे वि ण मओपडिप्फुरइ // घउड्ॐ.७२८ [आर्या]
2567,
2568,लहिऊण तुमाहिन्तो देन्तेहĩ इओ तओणरवईहिं
2569,साहाहĩ व दाण-दुमो णरिन्द तुह वड्ढिओ दूरं // घउड्ॐ.७२९ [आर्या]
2570,
2571,तुह रिउ-गअ-कुम्भ-क्खुत्त-णिसिअ-तोमर-णिहित्त-विवरेहिं
2572,विरएन्तिसुहं मुत्ताहलेहĩ रमणीओ हारलआ // घउड्ॐ.७३० [आर्या]
2573,
2574,अवि अ—
2575,
2576,परिघोलइसिढिलिअ-जालसुत्त-सन्ताण-सण्ठिओ हत्थो
2577,पॆढाल-थणहराअड्ढि-कक्खडेवीडअ-ट्ठाणे // घउड्ॐ.७३१ [आर्या]
2578,
2579,वॆल्लहलङ्गुलि-कर-कमल-मुक्कलिज्जन्त-जालिआ-वलया
2580,कुच्छि-च्छेआ छज्जन्ति सिढिल-दर-दिट्ठ-भङ्गङ्गा // घउड्ॐ.७३२ [आर्या]
2581,
2582,
2583,[प. ११०]
2584,गाढ-कवाडअ-दुक्खुच्चुडन्त-णहराइ-लञ्छणो लहइ
2585,दर-मेहुज्झिअ-हरिणङ्क-बिम्ब-सोहं थणुच्छङ्गो // घउड्ॐ.७३३ [आर्या]
2586,
2587,कण्ठ-णिरोहुव्वण-वित्थरन्त-णीसास-तुलिअ-णासौडं
2588,अग्घइ विसण्ठुलुव्वॆल्ल-वल्लरी-चिहुर-पब्भारो // घउड्ॐ.७३४ [आर्या]
2589,
2590,मणिवलयाउल-बाहग्ग-मोअणुप्पण्ण-करअलायासं
2591,रेहइ लज्जा-पडिरुद्ध-थणहरं भुअलआ-जुअलं // घउड्ॐ.७३५ [आर्या]
2592,
2593,इअ गरुअ-वइअरुत्तरिअ-कञ्चुओ कुणइ पहु पओसम्मि
2594,सॆज्जारुहणं तुह लडह-वेस-सुहिओपिआ-सत्थो // घउड्ॐ.७३६ [आर्या]
2595,
2596,इअ बन्दि-णन्दिअ-जयंगाहिपुरारूढ-सेण्ण-विण्णासो
2597,जाओ सो लडह-विलासमॆत्त-वीसन्त-वावारो // घउड्ॐ.७३७ [आर्या]
2598,
2599,अवि अ—
2600,
2601,सम्भाविअ-चित्त-विआर-कारणामरिस-तम्बिर-च्छायं
2602,तहझाण-णिमिल्लञ्चेअ होइ फुरिआहरं वअणं // घउड्ॐ.७३८ [आर्या]
2603,
2604,उम्मिल्लइ थोअ-त्थोअ-रोस-रज्जन्त-दारुणावङ्गा
2605,मासलिअ-सवण-भुअइन्द-रअण-कन्द-प्पहा दिट्ठी // घउड्ॐ.७३९ [आर्या]
2606,
2607,
2608,[प. १११]
2609,सामाअइ सेअलवाहिउत्त-विणिअत्त-भूइ-लावण्णो
2610,अविहाविअ-कण्ठ-च्छवि-वॊच्छेओवच्छ-परिणाहो // घउड्ॐ.७४० [आर्या]
2611,
2612,विहडइ हव्ववह-सिहा-कडप्प-पॆल्लिअ-पुडं णडालम्मि
2613,कह-कहवि णिबिड-भिउडी-विहङ्ग-सम्पिण्डिअं णयणं // घउड्ॐ.७४१ [आर्या]
2614,
2615,इअ तिणयण-रोसाणल-विलुत्त-देहो वि कुसुम-कोअण्डो
2616,जासुणिसण्णौ अज्ज विऔण्ठ-बाणॊ च्चिअ जयम्मि // घउड्ॐ.७४२ [आर्या]
2617,
2618,आलुलिअ-वेणि-लेहं भमिअं तारं च भुअलआ-जुअलं
2619,णेवच्छं जाण विलास-कम्पिअच्छाĩ अ मुहाइं // घउड्ॐ.७४३ [आर्या]
2620,
2621,ताण रमणीणणअ-बाहु-बिसलआमट्ठ-कण्ठ-परिणाहो
2622,उव्वहइ सो विलासी णिआह-णेवच्छ-विच्छित्तिं // घउड्ॐ.७४४ [आर्या]
2623,
2624,तेण स पल्लव-भङ्गं चूडामणि-भावमतरुणं ताण
2625,णिज्जइ कुसुमं आ-सुरहि-केसरं णव-कलम्बाण // घउड्ॐ.७४५ [आर्या]
2626,
2627,आ-मेह-समय-सुहआसम्भिण्णोववण-केअअ-सुअन्धा
2628,सीअरिणो से हिअअं हरन्ति रअणी-मुह-समीरा // घउड्ॐ.७४६ [आर्या]
2629,
2630,
2631,[प. ११२]
2632,कुमुआवबोह-महुराविरलागअ-मेह-खण्डिअ-मिअङ्का
2633,अग्घन्ति णिसा असमत्त-गलिअ-सलिलागमातस्स // घउड्ॐ.७४७ [आर्या]
2634,
2635,णीसासा खण-विरहॆ फुरन्ति रमणीण सुरहिणो तस्स
2636,कड्ढिअ-हिअअ-ट्ठिअ-कुसुम-बाण-मअंरद-लेस व्व // घउड्ॐ.७४८ [आर्या]
2637,
2638,सो दीसइ उहय-दिसा-पहाविआणन्द-बाह-सलिलेहिं
2639,ताण परिरम्भ-पसरन्त-भुअलएहिं व अच्छीहिं // घउड्ॐ.७४९ [आर्या]
2640,
2641,अवि अ—
2642,
2643,फलिहच्छोअर-दीसन्त-पट्ठि-वेणी-सिहाओ व सहन्ति
2644,सहसा वलि-भङ्ग-तरङ्गिणीहĩ जा रोम-लेहाहिं // घउड्ॐ.७५० [आर्या]
2645,
2646,ससिमिव णवोइअं विहसिएण अहर-प्पहाणुविद्धेण
2647,सासामोअ-मिलन्तालि-लञ्छणं जापआसेन्ति // घउड्ॐ.७५१ [आर्या]
2648,
2649,जा कण्ण-किसल-करअल-मिलन्त-चल-तारआहĩ दिट्ठीहिं
2650,कन्दुअ-कीलं वस-सेस-बाल-भावा पआसेन्ति // घउड्ॐ.७५२ [आर्या]
2651,
2652,जा ललिअ-लआ-लीलंवेलम्बन्तिसिअ-दन्त-कुसुमाओ
2653,सहसा महुअर-जालाअमाण-णीलम्बरावरणा // घउड्ॐ.७५३ [आर्या]
2654,
2655,
2656,[प. ११३]
2657,जाओ सइ-दिण्ण-सण्णॆज्झ-मअण-पूआअरा सरीरेसु
2658,सरस-णह-मञ्जरि-मअं रत्तासोअं पिवलिहन्ति // घउड्ॐ.७५४ [आर्या]
2659,
2660,जाओ पसङ्ग-परिग्गहिअ-हारि-हरिअंसुआपआसेन्ति
2661,रम्भा-गब्भत्तणमणह-परिअरं ऊरुदण्डाण // घउड्ॐ.७५५ [आर्या]
2662,
2663,लीलोणअ-मुह-अन्दाण खण्डिआहर-णिहेण थणवट्ठे
2664,हिअअं जाण पाअड-वम्मह-बाण-व्वणं फुरइ // घउड्ॐ.७५६ [आर्या]
2665,
2666,थण-मज्झ-च्छवि-तारंकुप्पासन्तरमणङ्ग-णासम्मि
2667,उद्धं व लोअणं तिणयणस्स बन्दीकअं जाहिं // घउड्ॐ.७५७ [आर्या]
2668,
2669,णह-रेहा जाणथणेसु सहइरोमञ्च-खण्डिअ-णिवेसा
2670,खण-विरह-भीरुणोसीवणि व्वफुडिअस्सहिअअस्स // घउड्ॐ.७५८ [आर्या]
2671,
2672,चक्क-जुएण व वम्मह-रहस्स पिअहुत्त-गामिणोजाओ
2673,थण-मण्डलेण परिरम्भ-लम्भ-विअडेण सोहन्ति // घउड्ॐ.७५९ [आर्या]
2674,
2675,पॆच्छन्ति जाओ चलणे चम्पअ-कलिओवआरमुज्झन्ते
2676,कण्णुप्पल-पहर-भयागहिऎ व्वपईव-मालाहिं // घउड्ॐ.७६० [आर्या]
2677,
2678,
2679,[प. ११४]
2680,दंसण-णिवीअमीसा-वस-कूणिअ-णयण-पम्ह-भावेण
2681,जा पञ्जरिअमिव पिअं धरेन्ति अवसरण-सङ्काए // घउड्ॐ.७६१ [आर्या]
2682,
2683,अहर-प्पहा-दरारुण-दसण-मऊहेहĩ थण-विसारीहिं
2684,वम्मह-वण-बन्धेहĩ व जाओ सरुहिरेहĩ सोहन्ति // घउड्ॐ.७६२ [आर्या]
2685,
2686,दीह-पिहुलत्तणेणं हत्थ-दढावॆढणॆक्क-जॊग्गाओ
2687,जाणकअग्गह-तण्हं देन्ति बला वेणि-मालाओ // घउड्ॐ.७६३ [आर्या]
2688,
2689,अवरद्ध-रमण-पडिमं पिजा ण्हवन्ति व्वगण्डवासम्मि
2690,अण्ण-ललणा-पसङ्गावकलुसिअं बाह-सलिलेण // घउड्ॐ.७६४ [आर्या]
2691,
2692,सइसङ्घट्ट-समुज्जल-कोडिं कणअ-रसणंविमोएन्ति
2693,पिअ-मुह-णिहित्त-विअसन्त-लोअणा जाओ समयम्मि // घउड्ॐ.७६५ [आर्या]
2694,
2695,जारोसुक्कम्पिअ-कण्ण-कुसुम-रअ-पुञ्ज-पूरिअ-थणीओ
2696,अवचुण्णेन्ति व दर-रूढ-सण्ठिए वम्मह-प्पहरे // घउड्ॐ.७६६ [आर्या]
2697,
2698,कम्पाओ वहन्ति थणत्थ-हत्थ-रणिरङ्गुलीय-हाराओ
2699,अङ्गं थामेच्चिअ मुहल-मेहला-णेउरं जाओ // घउड्ॐ.७६७ [आर्या]
2700,
2701,
2702,[प. ११५]
2703,चित्त-मणि-कण्णऊराहिविद्ध-विविहोवराअ-पम्हेहिं
2704,वण्णअ-तूलिल्लेहĩ व लिहन्ति जा रमणमच्छीहिं // घउड्ॐ.७६८ [आर्या]
2705,
2706,ऎक्क-दिसा-पडिलक्खिअ-विमल-दसा चलण-णह-मऊहेहिं
2707,जा लावण्ण-पडीऒ व्वसहन्तिपरिमास-मौईओ // घउड्ॐ.७६९ [आर्या]
2708,
2709,पिअहुत्तं जाण विलास-लोल-लीला-फुरन्त-पम्हाइं
2710,उड्डेन्ति वतरलिअ-पक्ख-संपुडग्गाĩ अच्छीइं // घउड्ॐ.७७० [आर्या]
2711,
2712,आसण्ण-पिअअमाहर-घडन्त-फुड-दसण-किरण-भावेण
2713,जा मुह-रसासवं पिव पिअन्ति लीला-मुणालेहिं // घउड्ॐ.७७१ [आर्या]
2714,
2715,बालासु तासु णव-दिट्ठिराअ-हीरन्त-हिअअ-तरलाइं
2716,अणुबज्झन्ताइं व सेगुणेहĩसोहन्ति ललिआइं // घउड्ॐ.७७२ [आर्या]
2717,
2718,परिरम्भण-चक्कलिअंसामा-थणमण्डलं उरे तस्स
2719,पावइ लीला-अल्लअ-णिहित्त-णलिणी-दल-च्छायं // घउड्ॐ.७७३ [आर्या]
2720,
2721,सेस-गुण-णिरहिलासा रूवञ्चिअ से पिअन्तितरुणीओ
2722,को वा अण्णेसइदमणअस्सदल-सुरहिणोकुसुमं // घउड्ॐ.७७४ [आर्या]
2723,
2724,
2725,[प. ११६]
2726,वाम-कर-पॆल्लिओणमिअ-मेहला-णिबिडिअंसुएतस्स
2727,वीसमइ विलासवईण जहण-बिम्बॆ खणं दिट्ठी // घउड्ॐ.७७५ [आर्या]
2728,
2729,हसिअं चभामिअच्छंमुहं चणव-बौल-पण्डुर-कवोलं
2730,जहणमणिब्भच्छिअ-मेहलं च जीअं विलासाण // घउड्ॐ.७७६ [आर्या]
2731,
2732,अवि अ—
2733,
2734,अणुकुण्डलमाविवइण्ण-सरस-कबरी-विलङ्घिअंसम्मि
2735,सीसम्मि कोसुमॊ फुरइ चारु-चूडामणि-णिवेसो // घउड्ॐ.७७७ [आर्या]
2736,
2737,उप्पुसिआहर-पेरन्त-पिञ्जर-ट्ठविअ-कुङ्कुमं हरइ
2738,णह-विलिहिअ-कसणुम्मिल्लमाण-भुमअं मुहम्बुरुहं // घउड्ॐ.७७८ [आर्या]
2739,
2740,परिगण्डत्थलमासवणलम्बि मअ-णाहि-पङ्क-लेहम्मि
2741,अग्वइ अवङ्ग-मग्गम्मि सरसमासोअमुत्तंसं // घउड्ॐ.७७९ [आर्या]
2742,
2743,अन्तो-मणिदाम-च्छवि-विच्छुरिअच्छंसुअं सुहावेइ
2744,थणवट्ठमुवरि-विक्खित्त-सबल-कुसुम-च्छडाहरणं // घउड्ॐ.७८० [आर्या]
2745,
2746,इअ दर-चक्खिअ-मइराणुविद्ध-तम्बोल-परिमलो हरइ
2747,अणुमज्जणमाहरणावलम्बणोसे पिआ-सत्थो // घउड्ॐ.७८१ [आर्या]
2748,
2749,
2750,[प. ११७]
2751,किं च जाअं—
2752,
2753,सोम्माहेसु णिसम्मइ दिट्ठी राउज्जलेसु रमणीण
2754,सारस-वावी-परिपण्डुरेसु से दसण-वासेसु // घउड्ॐ.७८२ [आर्या]
2755,
2756,उब्भिज्जइ जड-भावावरोह-दढ-मअण-संणिवेसम्मि
2757,अहरम्मि सरस-बौलाहिवाडला राय-विच्छित्ती // घउड्ॐ.७८३ [आर्या]
2758,
2759,पढमं छण-मग्गिअ-वइअरेसु सञ्चरइ मण्डणुच्छाहो
2760,गहिअ-हिमावण्डुर-मरुअएसुपारत्ति-दामेसु // घउड्ॐ.७८४ [आर्या]
2761,
2762,परिकविस-बिन्दु-मालावसेस-मअणाहि-दन्तुरॆ फुरइ
2763,वअणम्मिमअङ्कारम्भ-पेलवाकुङ्कुम-च्छाया // घउड्ॐ.७८५ [आर्या]
2764,
2765,सङ्गलइमरुबअ-च्छेअ-सबल-विणिउत्त-दमणअ-दलासु
2766,लावण्णंमलिअ-ट्ठिअ-पिसङ्ग-कुन्दासु कबरीसु // घउड्ॐ.७८६ [आर्या]
2767,
2768,इअ रअणी-भङ्गुग्गअ-पिअङ्गु-पडिवण्ण-सेहरोहरइ
2769,सिसिरम्मि मलिअ-मणहर-पसाहणो से पिआ-सत्थो // घउड्ॐ.७८७ [आर्या]
2770,
2771,अवि अ—
2772,
2773,फल-णिग्गम-पडिपॆल्लिअ-परिसिढिलालग्ग-मौल-चुण्णाइं
2774,चूआण झणक्कारेइ मारुओ मञ्जरि-मुहाइं // घउड्ॐ.७८८ [आर्या]
2775,
2776,
2777,[प. ११८]
2778,चित्तालक्खिअ-मौलुग्गमाण सायंणिवेसिअ-जलाणं
2779,गङ्घमणामोअं सत्तलाण कालोविरल्लेइ // घउड्ॐ.७८९ [आर्या]
2780,
2781,आवाइ माहवीणं विच्छाय-परिट्ठिऎक्क-कुसुमासु
2782,णिम्मल-सोरहं मञ्जरीसु फल-गण्ठि-जडिलासु // घउड्ॐ.७९० [आर्या]
2783,
2784,इअ से दिणेसु महु-सिरि-परिणाम-सुहेसुउववण-णिवेसा
2785,णन्दन्ति पणइणी-परिअणस्सणअरोवरोहेसु // घउड्ॐ.७९१ [आर्या]
2786,
2787,किं च—
2788,
2789,पेरतं-हरिअ-कोमल-खज्जूर-दलुज्जलं कवोलाण
2790,णयणन्त-गलिअ-बाहञ्जणाण णिव्वडइ लावण्णं // घउड्ॐ.७९२ [आर्या]
2791,
2792,दर-मौलण-मज्झोणअ-तणु-रेहाअन्त-धवल-भावाइं
2793,एन्ति णव-ससिअलाहंअन्तोताराĩ अच्छीइं // घउड्ॐ.७९३ [आर्या]
2794,
2795,थोअमिव खाम-गण्डत्तणेण परिलक्खिओण्णअ-णिवेसो
2796,परिवाअइकक्केअण-पराअ-कणौज्जलोअहरो // घउड्ॐ.७९४ [आर्या]
2797,
2798,दॊब्बल्ल-पण्डुराण उम्हारुणिअ-णव-केसर-गुणाण
2799,विरलत्तणं व थोवंउवेइमुद्धाण थणआण // घउड्ॐ.७९५ [आर्या]
2800,
2801,
2802,[प. ११९]
2803,इअ तस्स पढम-मअणाणुबन्ध-पडिबद्ध-मुद्ध-भावासु
2804,दिट्ठी णिहुअ-विलासालसासु वीसमइ बालासु // घउड्ॐ.७९६ [आर्या]
2805,
2806,अह तस्स थिर-भुअक्खम्भ-णिमिअ-णीसेस-भुवणभारस्स
2807,आसि कइराअ-इन्धो बप्पइराऒ त्ति पणइ-लवो // घउड्ॐ.७९७ [आर्या]
2808,
2809,अप्पाऎत्तिअमॆत्तेण णवर विरसो वि जस्स पडिहाइ
2810,सिरि-कमलाउह-चलणेहĩ कह वि जं गहिअ-बहुमाणो // घउड्ॐ.७९८ [आर्या]
2811,
2812,भवभूइ-जलहि-णिग्गअ-कव्वामअ-रस-कणा इव फुरन्ति
2813,जस्स विसेसा अज्जवि विअडेसु कहा-णिवेसेसु // घउड्ॐ.७९९ [आर्या]
2814,
2815,भासम्मि जलण-मित्ते कुन्तीदेवे अ जस्स रहुआरे
2816,सोबन्धवे अ बन्धम्मि हारिअन्द अ आणन्दो // घउड्ॐ.८०० [आर्या]
2817,
2818,आलॆक्खिअंच सरसं च परिस-लोणं चसारवन्तंच
2819,थिरमुज्जलंच छाया-घणं च गी-विलसिअं च // घउड्ॐ.८०१ [आर्या]
2820,
2821,आगम-वाआ छन्दण्णुआ अ तॆ भरह-गोअम-प्पमुहा
2822,णन्दन्तिजमेवंहास-कारिणोसार-कइणो अ // घउड्ॐ.८०२ [आर्या]
2823,
2824,
2825,[प. १२०]
2826,भरिअ-सवण-ट्ठिअं भूरि-कइ-गुणोवास-कङ्खिणो जस्स
2827,सुभणिअमहो णअन्ति व विम्हय-चलिएहĩ सीसेहिं // घउड्ॐ.८०३ [आर्या]
2828,
2829,तो सो गॊठ्ठी-परिसण्ठिएहĩ सप्पुरिस-सङ्कहावसरे
2830,भणिओ विम्हय-विअसन्त-णयण-वत्तं विअड्ढेहिं // घउड्ॐ.८०४ [आर्या]
2831,
2832,धारेइ जलहरोहुर-वसुन्धराबन्धबन्धुरंसेसो
2833,कहवि विणिउञ्चिअ-ट्ठिअ-विसट्ट-कण्ठं फणा-वलयं // घउड्ॐ.८०५ [आर्या]
2834,
2835,दीसन्ति जअ-विणासुल्लसन्त-घण-धूमकेउ-दण्ड व्व
2836,जल-मज्जन्त-दिसागअ-खणुद्ध-धरिआकरक्खम्भा // घउड्ॐ.८०६ [आर्या]
2837,
2838,उल्लसिअ-वीइ-वलयन्तराल-परिअत्तमाण-रवि-बिम्बा
2839,होन्ति सवाडव-जलण व्व गअण-मग्गे वि मअरहरा // घउड्ॐ.८०७ [आर्या]
2840,
2841,विअलन्त-विज्जु-वलयापलयम्बुवह-णिवहा णिविज्जन्ति
2842,तद्दिअस-पीअ-सलिला साणुसएणं व सलिलेण // घउड्ॐ.८०८ [आर्या]
2843,
2844,जल-भवण-समालम्बिअ-सयणस्स मुरारिणो समुद्देण
2845,दिज्जइ महा-पईवॊ व्व वीइ-संवॆल्लिओ सूरो // घउड्ॐ.८०९ [आर्या]
2846,
2847,
2848,[प. १२१]
2849,जाआ वण्णासाआ अण्णॆ च्चिअ केवि संवलन्ताण
2850,छीर-सुराउव्व-विआर-विसमिआ सअल-जलहीण // घउड्ॐ.८१० [आर्या]
2851,
2852,मज्जइ सिहरारूढारुहन्त-पुञ्जइअ-मुहल-सुर-लोओ
2853,कुहर-भरण-क्कमोसीअमाण-जल-कलअलो मेरू // घउड्ॐ.८११ [आर्या]
2854,
2855,चलणन्त-णिवडिअंसम्भमेणपलयम्बु-णिब्भरॆ भुवणे
2856,आरुहइ रअअ-णावं व तिणयणो मौलि-ससि-लेहं // घउड्ॐ.८१२ [आर्या]
2857,
2858,णाउल-भावो जोआणुबन्ध-सञ्जमिअ-सास-पसरस्स
2859,पव्वालिआणणस्स वि सयम्भुणो साअर-जलेण // घउड्ॐ.८१३ [आर्या]
2860,
2861,इअपलय-जलप्फालिअ-चलन्त-सुर-सेल-विहल-विबुहम्मि
2862,अणहमवलम्बणं ति-हुवणस्स जो जाअइ मुरारी // घउड्ॐ.८१४ [आर्या]
2863,
2864,जस्स मह-धूम-लेहा रविणा स-मऊह-दाविअ-दलेण
2865,अग्ग-घडिएण दीसइ कविसॆक्क-फल व्व ताल-लआ // घउड्ॐ.८१५ [आर्या]
2866,
2867,तस्स इर इमो सुव्वइ विग्गह-तुङ्गाहिहाण-पडिवण्णो
2868,भुवणम्मिमहासुर-वंस-वेरिणोअंस-णीसन्दो // घउड्ॐ.८१६ [आर्या]
2869,
2870,
2871,[प. १२२]
2872,अह वा
2873,ओसरइसमुप्पअणा रहस-घडन्तङ्ग-पॆल्लण-विलोलं
2874,तक्खण-विहडिअ-बम्भण्ड-सअल-जालं वघण-वडलं // घउड्ॐ.८१७ [आर्या]
2875,
2876,विहडन्त-घण-विमुक्का परिअत्त-विमाण-वञ्चिआ कह वि
2877,णिवडन्ति गलिअ-णिअ-पिञ्छ-विब्भमा तडिगुण-च्छेआ // घउड्ॐ.८१८ [आर्या]
2878,
2879,भमिअं रय-विहुओअहि-समुच्छलन्तेहĩ पक्ख-सेलेहिं
2880,साहॆज्ज-सङ्गएहिं महा-विहङ्गेहिं व णहम्मि // घउड्ॐ.८१९ [आर्या]
2881,
2882,दीसइ वेउग्घाडिअ-साअर-मूल-रअण-प्पहाअम्बो
2883,पढमोवइआरुण-पॆल्लिऒ व्व मग्गो सुवण्णस्स // घउड्ॐ.८२० [आर्या]
2884,
2885,सोहन्तिअमरिसुग्गम-विउण-विसाणल-सिहंविअम्भन्ता
2886,दर-खण्डिअ-मुह-घोलन्त-गरुल-वक्ख व्वभुअइन्दा // घउड्ॐ.८२१ [आर्या]
2887,
2888,मूल-फणा-मण्डल-तहणिसण्ण-णिक्कम्प-धरिअ-महिवॆढं
2889,सहइ ठिअं इअर-फणाहिउत्त-गरुलंअणन्तस्स // घउड्ॐ.८२२ [आर्या]
2890,
2891,विहडन्ति णह-णिवाआ विहङ्ग-णाहस्सकुलिस-कढिणा वि
2892,मन्दर-णिहंस-किण-णिट्ठुरम्मि वच्छम्मि वासुइणो // घउड्ॐ.८२३ [आर्या]
2893,
2894,
2895,[प. १२३]
2896,णिअ-सुङ्कारोसारिअ-ण-पडन्त-विहङ्ग-णाह-संसग्गा
2897,फणिणो विहल-मुह-च्छोह-विउण-रोसंविसूरेन्ति // घउड्ॐ.८२४ [आर्या]
2898,
2899,सम्भम-चलन्त-दिग्गअ-घोलाविअ-सास-मुहल-करदण्डं
2900,सेसट्ठ-भुअअ-कुल-णामिअं व ओसरइ पाआलं // घउड्ॐ.८२५ [आर्या]
2901,
2902,इअ एस विहुअ-विसहर-समूह-सम्भाविउब्भड-जसेण
2903,बुब्भइ विणआ-तणएण स-विणयं कण्ह-भावम्मि // घउड्ॐ.८२६ [आर्या]
2904,
2905,अवि अ—
2906,
2907,सम्भम-भमन्त-विज्जाहरासि-केसर-करम्बिअं फुरइ
2908,उणाउद्ध-ट्ठिअ-चिहुर-दण्ड-चण्डं व गअण-अलं // घउड्ॐ.८२७ [आर्या]
2909,
2910,उव्वहइ बिम्ब-घडिअं तारा-णिअरं ससी विडप्पस्स
2911,णिद्दय-कवलण-खुडिअ-ट्ठिअं व दाढा-कणुक्केरं // घउड्ॐ.८२८ [आर्या]
2912,
2913,रोस-धुअ-चलण-तेलॊक्क-लच्छि-विच्छूढ-णेउर-च्छायं
2914,विवराह-केउ-भिण्णं रवि-बिम्बं विअलइ णहम्मि // घउड्ॐ.८२९ [आर्या]
2915,
2916,अत्थक्क-फुडण-विअलन्त-कलल-कलिलं व बाल-बम्भण्डं
2917,रवि-बिम्बं दीसइ किरण-मुक्क-कीलाल-जम्बालं // घउड्ॐ.८३० [आर्या]
2918,
2919,
2920,[प. १२४]
2921,तद्दिअस-मुह-ठ्ठिअ-लोह-कवल-कसण-प्पहा-विहिण्णं व
2922,हेसन्ति रहस-णिव्वूढ-धूम-कलुसं जय-तुरङ्गा // घउड्ॐ.८३१ [आर्या]
2923,
2924,इअ तइआ खण-णिव्वडिअ-भू-लआ-भङ्ग-भङ्गुरावङ्गे
2925,जाए इमम्मि भुवणेसु दारुणा आसि उप्पाआ // घउड्ॐ.८३२ [आर्या]
2926,
2927,किं च—
2928,
2929,सरहस-सञ्चार-तरङ्गिओरु-तरलाविओ सुहावेइ
2930,आरसणा-गुण-पडिबद्ध-कुण्डलो कुसुम-पालम्बो // घउड्ॐ.८३३ [आर्या]
2931,
2932,घोलइपडिलग्ग-पियङ्गु-मञ्जरी-जाल-गरुइअद्धन्तो
2933,असमञ्जस-लासायास-पसिढिलो कुन्तल-कलावो // घउड्ॐ.८३४ [आर्या]
2934,
2935,सहइ थणवट्ठ-सण्ठिअ-पिट्ठाअअ-पंसु-पिञ्जर-च्छायं
2936,अहिराम-माहवी-मौल-दन्तुरं दमणआहरणं // घउड्ॐ.८३५ [आर्या]
2937,
2938,पडवास-पंसु-धूसर-दर-गरुआअन्त-पम्ह-परिसिढिला
2939,घोलइ महु-मअ-परिणाम-विरल-परिवाडला दिठ्ठी // घउड्ॐ.८३६ [आर्या]
2940,
2941,इअ मअणूसव-विअसन्त-बहल-कीला-रसो सुहावेइ
2942,एअस्स पणइ-भवणेसु णव-विलासोपिआ-सत्थो // घउड्ॐ.८३७ [आर्या]
2943,
2944,
2945,[प. १२५]
2946,अवि अ—
2947,
2948,लहु-विसय-भाव-पडिसिद्ध-पसर-सम्भावणा-पडिक्खलिआ
2949,जस्स समत्ता वि गुणा चिरमसमत्त व्व दीसन्ति // घउड्ॐ.८३८ [आर्या]
2950,
2951,अह वा
2952,वसुहा-सयण-पहुप्पन्त-रेणु-परिभोअ-विहुरिअ-कवोलं
2953,वयणं हेमन्त-मिअङ्क-धूसरं सारवेन्तीहिं // घउड्ॐ.८३९ [आर्या]
2954,
2955,असमारण-मूलुब्भिज्जमाण-पम्हग्ग-मडहिअ-णडाले
2956,अलए णीसास-णिवेस-जज्जरेसञ्जमन्तेहिं // घउड्ॐ.८४० [आर्या]
2957,
2958,जह-तह-पुसिअंसु-कणावलम्ब-मन्थरिअ-पम्ह-परिवेसं
2959,देन्तीहĩ अहिणवाणन्द-बाह-सोम्मुम्मुहिंदिठ्ठिं // घउड्ॐ.८४१ [आर्या]
2960,
2961,अक्खित्त-चुडुप्पुद्देस-समहिआअम्बमुव्वहन्तीहिं
2962,अझसुरमहरं वेलक्ख-सुण्ण-दिण्णङ्गुली-किसलं // घउड्ॐ.८४२ [आर्या]
2963,
2964,इअ एस हिअअ-णिम्माअ-वम्महं खण-खलन्त-विअणाहिं
2965,रहसमुम्मुहीहĩदीसइ पडिवक्ख-णरिन्द-बन्दीहिं // घउड्ॐ.८४३ [आर्या]
2966,
2967,इअ उण्णएण इमिणा जह णिठ्ठविओ पुरा मगह-णाहो
2968,तह सीसन्तं एए तुमाओ णीसेसमिच्छन्ति // घउड्ॐ.८४४ [आर्या]
2969,
2970,
2971,[प. १२६]
2972,अह विहसिऊणसणिअंसो जम्पइ णिव्वडन्त-सब्भावं
2973,कइयव-विमुहाइञ्चिअ होन्ति विसुद्धाण हिअअइं // घउड्ॐ.८४५ [आर्या]
2974,
2975,धीरेहĩ हिअअ-णिहिआ कह विगमॆज्जन्तिसोअ-संवेआ
2976,अङ्गाĩ पहरिसो उण गरुआण वि किं पि तरलेइ // घउड्ॐ.८४६ [आर्या]
2977,
2978,कण्ठेच्चिअ परिघोलइ पुणरुत्तंपहरिसाउल-क्खलिआ
2979,अपहुप्पन्ति व्व महं वाआ पहुणो पसंसासु // घउड्ॐ.८४७ [आर्या]
2980,
2981,अवि अ—
2982,
2983,अन्तोवासं विअडाअमाण-फण-मण्डलोसमुव्वहइ
2984,पच्छाच्छॆप्प-च्छल-णिन्त-दीह-देहत्तणा सेसो // घउड्ॐ.८४८ [आर्या]
2985,
2986,छीराअन्त-णह-च्छवि-चलण-विणिम्मिअ-पओहर-चौक्को
2987,गूढ-मुहो कुम्मॊ च्चेअ लहइ आवीण-सण्ठाणं // घउड्ॐ.८४९ [आर्या]
2988,
2989,पढमुत्थङ्घण-घोलाविउद्ध-घोणाउडेण पडिवण्णं
2990,उत्तुण्ड-तण्णअत्तणमइरावेउण्ठ-कोलेण // घउड्ॐ.८५० [आर्या]
2991,
2992,देह-परिवाडि-पीडा-हुङ्कार-तरङ्गिओविणिक्खमइ
2993,धूमाअन्तो पाआल-बहल-तम-सञ्चऒच्चेअ // घउड्ॐ.८५१ [आर्या]
2994,
2995,
2996,[प. १२७]
2997,पाआलोअर-मग्गम्मि भिण्ण-विणिवेस-सिढिल-गलिएण
2998,वुब्भइ सुमेरुणा तरुण-रोअणा-सार-सारॆच्छं // घउड्ॐ.८५२ [आर्या]
2999,
3000,खण-परिअत्त-सहावत्तणेण दर-णिग्गअङ्कुर-सिहॊ व्व
3001,वअणुद्देसो लीला-कवलिअ-तण-दन्तुरो होइ // घउड्ॐ.८५३ [आर्या]
3002,
3003,तक्खण-पीवर-पसरन्त-दुद्ध-धारा-णिहेण मूलम्मि
3004,सकुलॊ व्व विहाविज्जइभारुव्वहणाअरा सेसो // घउड्ॐ.८५४ [आर्या]
3005,
3006,इअ जेण सम्भमारम्भ-गहिअ-गो-भाव-विब्भमुब्भन्ता
3007,पुहईपुहई-वइणा विलञ्छिआणिअअ-णामेण // घउड्ॐ.८५५ [आर्या]
3008,
3009,तेण वि इमस्सतुलणा ण सहइसुहअन्ति कस्स वा विरसा
3010,सच्चरिअ-वञ्चिआणं सेसाण सिरी-समुल्लासा // घउड्ॐ.८५६ [आर्या]
3011,
3012,किं च—
3013,
3014,जाण अलङ्कारसमो विहवो मइलेइ ते वि वड्ढन्तो
3015,विच्छाएइ मिअङ्कं तुसार-वरिसो अणुगुणो वि // घउड्ॐ.८५७ [आर्या]
3016,
3017,मोह-सलाहाहĩ तहा पहुणो पिसुणेहिं वेलविज्जन्ति
3018,जह णिव्वडिएसु विणिअ-गुणेसु ते किम्पिचिन्तेन्ति // घउड्ॐ.८५८ [आर्या]
3019,
3020,
3021,[प. १२८]
3022,सुलहं हि गुणाहाणंसगुणाहाराणणणु णरिन्दाण
3023,अण्णेसिअव्व-मग्गा कत्तो वि गुणादरिद्दाण // घउड्ॐ.८५९ [आर्या]
3024,
3025,तं खलु सिरीऎ रहस्सं जं सुचरिअ-मग्गणॆक्क-हिअओ वि
3026,अप्पाणमोसरन्तं गुणेहĩ लोओ ण लक्खेइ // घउड्ॐ.८६० [आर्या]
3027,
3028,ण सहन्तिसील-सारंदोसेविचिणन्तिणच्चिअ विवेआ
3029,दोसम्मि गुणाआरे णवरं पहुणो णिसम्मन्ति // घउड्ॐ.८६१ [आर्या]
3030,
3031,लोएहĩअगहिअञ्चिअसीलमविहव-ट्ठिअंपसण्णं पि
3032,सोसमुवेइतहिञ्चिअकुसुमं व फलग्ग-पडिलग्गं // घउड्ॐ.८६२ [आर्या]
3033,
3034,णिच्चं धण-दार-रहस्स-रक्खणेसङ्किणो विअच्छरिअं
3035,आसण्ण-णीअ-वग्गा जं तहवि णराहिवा होन्ति // घउड्ॐ.८६३ [आर्या]
3036,
3037,पॆच्छहविवरीअम इमंबहुआ मइरा मएइ ण हु थोवा
3038,लच्छी उणथोवा जहमएइ ण तहाइर बहूआ // घउड्ॐ.८६४ [आर्या]
3039,
3040,जे णिव्वडिअ-गुणा वि हु सिरिं गआ ते वि णिग्गुणा होन्ति
3041,ते उण गुणाण दूरे अगुणच्चिअ जे गआ लच्छिं // घउड्ॐ.८६५ [आर्या]
3042,
3043,
3044,[प. १२९]
3045,ऎक्के लहुअ-सहावा गुणेहĩ लहिउं महन्ति धण-रिद्धिं
3046,अण्णे विसुद्ध-चरिआ विहवाहि गुणे विमग्गन्ति // घउड्ॐ.८६६ [आर्या]
3047,
3048,परिवार-दुज्जणाइं पहु-पिसुणाइं पिहोन्ति गेहाइं
3049,उहअ-खलाइं तहच्चिअ कमेण विसमाĩ मण्णॆत्था // घउड्ॐ.८६७ [आर्या]
3050,
3051,ऎत्तिअमॆत्तेण गुणे णणु पडिवज्जन्ति णिव्विवेआ वि
3052,जॆत्तिअमॆत्तेण पहू गरुआण परम्मुहा होन्ति // घउड्ॐ.८६८ [आर्या]
3053,
3054,तह अयसिणो गुणेहिं जाआ सुअणाजणम्मिसअलम्मि
3055,दोसाअरणं पि ण गारवाय जह सम्पअं ताण // घउड्ॐ.८६९ [आर्या]
3056,
3057,गहिआ गुणत्तणेणं फलन्ति दोसा फुडं णरिन्देसु
3058,दोसच्चिअ गुण-सम्भावणाऎ जइताणजाअन्ति // घउड्ॐ.८७० [आर्या]
3059,
3060,मूढे जणम्मि अ-मुणिअ-गुण-सार-विवेअ-वइअरुव्विग्गा
3061,किं अण्णं सप्पुरिसागामाओवणंपवज्जन्ति // घउड्ॐ.८७१ [आर्या]
3062,
3063,दुक्खेहĩ दोहĩ सुअणाअहिऊरिज्जन्तिदिअसिअंचेअ
3064,सुपुरिस-काले अ ण जं जं जाआ णीअ-काले अ // घउड्ॐ.८७२ [आर्या]
3065,
3066,
3067,[प. १३०]
3068,सुमईण सुचरिआण अ देन्ताआलोअणंपसङ्गं च
3069,पहुणो जं णिअअ-फलं तंताणफलं ति मण्णन्ति // घउड्ॐ.८७३ [आर्या]
3070,
3071,अण्णो वि णाम विहवीसुहाĩ लीलासहाĩणिव्विसइ
3072,असमञ्जस-करणॆ च्चेअ णवरणिव्वडइपहुभावो // घउड्ॐ.८७४ [आर्या]
3073,
3074,अन्दोलन्ताण खणं गरुआण अणाअरे पहु-कअम्मि
3075,हिअअं खल-बहुमाणावलोअणे णवरणिव्वाइ // घउड्ॐ.८७५ [आर्या]
3076,
3077,पत्थिव-घरेसु गुणिणो वि णाम जइ केवि सावसास व्व
3078,जण-सामण्णं तं ताण किम्पि अण्णञ्चिअ णिमित्तं // घउड्ॐ.८७६ [आर्या]
3079,
3080,वच्चन्ति वेस-भावं जेहिञ्चिअ सज्जणा णरिन्दाण
3081,तेहिञ्चिअ बहुमाणं गुणेहĩकिंणाम मग्गन्ति // घउड्ॐ.८७७ [आर्या]
3082,
3083,कॊ व्व ण परंमुहो णिग्गुणाण गुणिणो ण कं व दूमेन्ति
3084,जो वा ण गुणी जो वा ण णिग्गुणो सो सुहं जिअइ // घउड्ॐ.८७८ [आर्या]
3085,
3086,जं सुअणेसु णिअत्तइ पहूण पडिवत्ति-णीसहं हिअअं
3087,तं खु इमं रअणाहरण-मोअणं गारव-भएण // घउड्ॐ.८७९ [आर्या]
3088,
3089,
3090,[प. १३१]
3091,अविवेअ-सङ्किणॊ च्चेअणिग्गुणा पर-गुणे पसंसन्ति
3092,लद्ध-गुणा उण पहुणो बाढं वामा पर-गुणेसु // घउड्ॐ.८८० [आर्या]
3093,
3094,सव्वॊ च्चिअ स-गुणुक्करिस-लालसो वहइ मच्छरुच्छाहं
3095,ते पिसुणा जे ण सहन्ति णिग्गुणा पर-गुणुग्गारे // घउड्ॐ.८८१ [आर्या]
3096,
3097,सुअणत्तणेण घॆप्पइ थोएणञ्चिअ परो सुचरिएण
3098,दुक्ख-परिओसिअव्वोअप्पाणोच्चेअ लोअस्स // घउड्ॐ.८८२ [आर्या]
3099,
3100,मॊत्तुं गुणावलेवो तीरइ कह णु विणय-ट्ठिएहिं पि
3101,मुक्कम्मि जम्मि सॊ च्चिअ विउणअरं फुरइहिअअम्मि // घउड्ॐ.८८३ [आर्या]
3102,
3103,दूमिज्जन्ता हिअएण किं पि चिन्तेन्ति जइ ण जाणामि
3104,किरियासु पुण पअट्टन्तिसज्जणा णावरद्धे वि // घउड्ॐ.८८४ [आर्या]
3105,
3106,महिमं दोसाण गुणा दोसा वि हु देन्ति गुण-णिहाअस्स
3107,दोसाण जे गुणा ते गुणाण जइ ता णमो ताण // घउड्ॐ.८८५ [आर्या]
3108,
3109,सुअणाअन्ति खला वि हु सुअणा वि खलत्तणं व दावेन्ति
3110,एसॊ च्चिअ सीमन्तो गुणाणं दूरं फुरन्ताण // घउड्ॐ.८८६ [आर्या]
3111,
3112,
3113,[प. १३२]
3114,संसेविऊण दोसे अप्पा तीरइगुण-ट्ठिओकाउं
3115,णिव्वडिअ-गुणाण पुणो दोसेसु मई ण सण्ठाइ // घउड्ॐ.८८७ [आर्या]
3116,
3117,सुट्ठु वि परिहीण-गुणो सुअणो अण्णेहĩ होइ सामण्णो
3118,सहआरे गलिअ-रसे वि भूअ-कज्जं ठिअं चेअ // घउड्ॐ.८८८ [आर्या]
3119,
3120,कलहोआइमयाइं णवरं महिलाण दप्पण-अलाइं
3121,पुरिसाण दप्पणं चरिअ-धारिणोसज्जणच्चेअ // घउड्ॐ.८८९ [आर्या]
3122,
3123,वअण-विमुक्कं पि खलो अण्णत्तो दारुणत्तणंवहइ
3124,धारासु मुहुत्तिण्णं पिधरइफरुसत्तणं दब्भो // घउड्ॐ.८९० [आर्या]
3125,
3126,परिगअ-परगुण-सारत्तणेण विउणं विसूरमाणाण
3127,होइ विवेऒ च्चिअ दुज्जणाण पिसुणत्तण-णिमित्तं // घउड्ॐ.८९१ [आर्या]
3128,
3129,अह मोहो पर-गुण-लहुअआऎ जं किर गुणापयट्टन्ति
3130,अप्पाण-गारवञ्चिअ गुणाण गरुअत्तण-णिमित्तं // घउड्ॐ.८९२ [आर्या]
3131,
3132,वुब्भन्ते जम्मि गुणुण्णआ वि लहुअत्तणं व पावेन्ति
3133,कह णाम णिग्गुणच्चिअ तं वहन्ति माहप्पं // घउड्ॐ.८९३ [आर्या]
3134,
3135,
3136,[प. १३३]
3137,माहप्पेगुण-कज्जम्मि अगुण-कज्जेणिबद्ध-माहप्पा
3138,विवरीअं उप्पत्तिं गुणाण इच्छन्ति कावुरिसा // घउड्ॐ.८९४ [आर्या]
3139,
3140,गुण-सम्भवो मओसुपुरिसाण सङ्कमइणेअहिअअम्मि
3141,तेणअणिव्वूढ-मअ व्व ताण गरुआ गुणा होन्ति // घउड्ॐ.८९५ [आर्या]
3142,
3143,ता चेअ मच्छर-मलंजाव विवेओफुडं णविप्फुरइ
3144,जलिअं च भअवआ हुअवहेण धूमो अ विणिअत्तो // घउड्ॐ.८९६ [आर्या]
3145,
3146,तुङ्गावलोअणे होइ विम्हओ णीअ-दंसणे सङ्का
3147,जह पॆच्छन्ताण गिरिं जहेअ अवडं णिअन्ताण // घउड्ॐ.८९७ [आर्या]
3148,
3149,इच्छामि विमुक्क-गुणं पिसुणासङ्काऎ काउमप्पाणं
3150,विसहर-सङ्खोहुक्खित्त-कुसुम-मालं व रअणीए // घउड्ॐ.८९८ [आर्या]
3151,
3152,जणमणहिगीअगुणगारवं पि गुण-गव्विअं णिएऊण
3153,भुवणारूढ-गुणाण वि अप्पा अन्दोलइ गुणेसु // घउड्ॐ.८९९ [आर्या]
3154,
3155,गुणिणो विहवारूढाण विहविणो गुरु-गुणाण ण हु किम्पि
3156,लहुअन्ति व अण्णोण्णं गिरीण जे मूल-सिहरेसु // घउड्ॐ.९०० [आर्या]
3157,
3158,
3159,[प. १३४]
3160,ण तहामहागुणेसुमाहप्पधरा हवन्ति णरवइणो
3161,साहङ्कारा जह पत्थिवेसु तॆ च्चेअ दीसन्ति // घउड्ॐ.९०१ [आर्या]
3162,
3163,जह जह णग्घन्ति गुणा जह जहदोसा असम्पइ फलन्ति
3164,अगुणाअरेण तह तह गुण-सुण्णं होहिइ जअं पि // घउड्ॐ.९०२ [आर्या]
3165,
3166,किं व णरिन्देहĩ विवेअ-मुक्क-सअलाहिलास-णीसङ्गा
3167,विहिणो विधीर-पडिबद्ध-परिअराहोन्ति सप्पुरिसा // घउड्ॐ.९०३ [आर्या]
3168,
3169,थोआरम्भे वि विहिम्मि आयसग्गॆ व्व खण्डणमुवेन्ति
3170,स-परिप्फन्देणञ्चिअ णीआभमि-दारु-सअलं व // घउड्ॐ.९०४ [आर्या]
3171,
3172,विण्णाणालोऒ च्चिअकुमईणविसारअंपआसेइ
3173,कसणाण मणीणंपिव तेअ-प्फुरणंसिअंचेअ // घउड्ॐ.९०५ [आर्या]
3174,
3175,हिअअ-विअडत्तणेणं गरुआण ण णिव्वडन्ति बुद्धीओ
3176,घोलन्ति महा-भवणेसु मन्द-किरणच्चिअ पईवा // घउड्ॐ.९०६ [आर्या]
3177,
3178,अच्चन्त-विएएण वि गरुआण ण णिव्वडन्ति सङ्कप्पा
3179,विज्जुज्जोओ बहलत्तणेण मोहेइ अच्छीइं // घउड्ॐ.९०७ [आर्या]
3180,
3181,
3182,[प. १३५]
3183,जेगेण्हन्तिसयञ्चिअ लच्छिं ण हु ते ण गारव-ट्ठाणं
3184,ते उण केवि सयञ्चिअदालिद्दंघॆप्पए जेहिं // घउड्ॐ.९०८ [आर्या]
3185,
3186,ऎक्के पावन्ति ण तं अण्णेपरऒ व्वतीऎ दीसन्ति
3187,इअराण महग्घाणं च अन्तरे णिवसइ पसंसा // घउड्ॐ.९०९ [आर्या]
3188,
3189,मरणमहिणन्दमाणाण अप्पणच्चेअ मुक्क-विहवाण
3190,कुणइकुविओकअन्तो जइ विवरीअंसु-पुरिसाण // घउड्ॐ.९१० [आर्या]
3191,
3192,उवअरणीभूअ-जआ ण हु णवर ण पाविआ पहु-ट्ठाणं
3193,उवअरणं पि ण जाआ गुण-गुरुणो काल-दोसेण // घउड्ॐ.९११ [आर्या]
3194,
3195,छाया सा इर मण्णे अणन्तरागामिणो कअ जुअस्स
3196,कलि-काल-भरम्मि वि किम्पि जेण विमलंपडिप्फुरइ // घउड्ॐ.९१२ [आर्या]
3197,
3198,विसइच्चेअसरहसंजेसुं किं तेहĩ खण्डिआसेहिं
3199,णिक्खमइ जेसुपरिओस-णिब्भरोताĩ गेहाइं // घउड्ॐ.९१३ [आर्या]
3200,
3201,उज्झइउआर-भावंदक्खिण्णं करुणअं चआमुअइ
3202,काण विसमोसरन्तीछिप्पइ पुहवी विपावेहिं // घउड्ॐ.९१४ [आर्या]
3203,
3204,
3205,[प. १३६]
3206,अन्तॊ च्चिअ णिहुअं विहसिऊण अच्छन्तिविम्हिआताहे
3207,इअर-सुलहं पि जाहे गरुआण ण किम्पि सम्पडइ // घउड्ॐ.९१५ [आर्या]
3208,
3209,दावेन्ति सज्जणाणं इच्छा-गरुअंपरिग्गहं गरुआ
3210,मअण-विणिवेस-दिट्ठं महा-मणीणं व पडिबिम्बं // घउड्ॐ.९१६ [आर्या]
3211,
3212,साहीण-सज्जणा वि हु णीअ-पसङ्गे रमन्ति काउरिसा
3213,सा इर लीला जं काअ-धारणं सुलह-रअणाण // घउड्ॐ.९१७ [आर्या]
3214,
3215,थाम-त्थाम-णिवेसिअ-सिरीण गरुआण कह णु दालिद्दं
3216,ऎक्का उणकिविण-सिरी गआ अ मूलं च पम्हुसिअं // घउड्ॐ.९१८ [आर्या]
3217,
3218,किविणाण अण्ण-विसए दाण-गुणे अहिसलाहमाणाण
3219,णिअ-चाए उच्छाहो ण णाम कह वा ण लज्जा वि // घउड्ॐ.९१९ [आर्या]
3220,
3221,परिहोअ-सहाणववहुव्व ताण णव-सङ्गमालसा लच्छी
3222,इअरा लहिऊण सिरिं ण काम-लीला-परातेण // घउड्ॐ.९२० [आर्या]
3223,
3224,अच्छन्तिच्चिअ किविणा अछिवन्ता पास-गोअरं लच्छिं
3225,परिहारवइं व पियंमइल-च्छायंणिअच्छन्ता // घउड्ॐ.९२१ [आर्या]
3226,
3227,
3228,[प. १३७]
3229,परमत्थ-पाविअ-गुणागरुअं पि हु पलहुअं वमण्णन्ति
3230,तेण सिरीऎ विरोहो गुणेहĩ णिक्कारणं ण उण // घउड्ॐ.९२२ [आर्या]
3231,
3232,भुमआ-भङ्गाणत्ता विसुवुरिसंजं ण तुरिअमल्लिअइ
3233,तं मण्णॆ धावन्ती रहसेण सिरी परिक्खलइ // घउड्ॐ.९२३ [आर्या]
3234,
3235,णणु णासमणवलम्बा एइच्चिअ सा वि सुवुरिसाभावे
3236,दॆव्व-वसातेणसिरीऎ होइ णासंसिओ विरहो // घउड्ॐ.९२४ [आर्या]
3237,
3238,धम्म-पसूआ कह होउ भअवईवेस-सज्जणा लच्छी
3239,ताओ अलच्छिऒ च्चिअ लच्छि-णिहा जा अणज्जेसु // घउड्ॐ.९२५ [आर्या]
3240,
3241,जा विउलाजाओचिरं जा परिहोडज्जलाओ लच्छीओ
3242,आआरधराणंचिअ ताओ णौणो ऐअराण // घउड्ॐ.९२६ [आर्या]
3243,
3244,अवणेइ देइ अ गुणे दोसेणूमेइदेइ अ पआसं
3245,दीसइ एस विरुद्धॊ व्व को वि लच्छीऎ विण्णासो // घउड्ॐ.९२७ [आर्या]
3246,
3247,समरॆ धारा-गोअरमुवेन्ति जेवइरि-मण्डलग्गाण
3248,ते तम्मि बला खलु णिवसिरीऎ लच्छीऎछिप्पन्ति // घउड्ॐ.९२८ [आर्या]
3249,
3250,
3251,[प. १३८]
3252,अप्फोडणाहिघाअ-च्छलेण चिरमॆक्क-भुअ-कआसङ्घा
3253,विणिवारेन्ति व वीअंभुअं पि दप्पेणसप्पुरिसा // घउड्ॐ.९२९ [आर्या]
3254,
3255,अण्णोण्णं लच्छिगुणाणणूणपिसुणा गुणच्चिअ ण लच्छी
3256,लच्छीअहिलेइ गुणे लच्छिंण उणो गुणा जेण // घउड्ॐ.९३० [आर्या]
3257,
3258,लच्छी-लआऎ मूलं गुणत्ति एअं परिट्ठिअञ्चेअ
3259,जेण अहो-गमणञ्चेअ ताण परिवड्ढणे तीए // घउड्ॐ.९३१ [आर्या]
3260,
3261,अयसं दाऊण विसण्ठुलाण सज्झस-विसूरिअव्वाण
3262,पढमञ्चिअ जीऎ पआĩ महुमहॆ च्चेअ खलिआइं // घउड्ॐ.९३२ [आर्या]
3263,
3264,सा चडुला कह णु गुणुज्जलेसु लच्छी अकूणिअंकुणौ
3265,चिरआलोसिअ-पाआल-तिमिर-संवाहिअं दिट्ठिं // घउड्ॐ.९३३ [आर्या]
3266,
3267,जीऎ समारम्भॆ च्चिअ लच्छी पढम-ट्ठिआ वि विवलाइ
3268,अण्णा तीऎ च्चिअ पत्थणाऎ कह णाम सङ्घडइ // घउड्ॐ.९३४ [आर्या]
3269,
3270,दुक्खाभावो ण सुहं ताĩ वि ण सुहाĩ जाĩसॊक्खाइं
3271,मॊत्तूण सुहाĩ सुहाĩ जाĩ ताĩच्चिअ सुहाइं // घउड्ॐ.९३५ [आर्या]
3272,
3273,
3274,[प. १३९]
3275,सुह-सङ्ग-गारवॆ च्चिअहवन्ति दुक्खाĩदारुणअराइं
3276,आलोउक्करिसॆ च्चिअच्छायाबहलत्तणम उवेइ // घउड्ॐ.९३६ [आर्या]
3277,
3278,सुह-सङ्गोसुह-विणिवत्तिऎक्क-चित्ताण अविरअं फुरइ
3279,अङ्गुलि-पिहिआण रवोअव्वॊच्छिण्णॊ व्व कण्णाण // घउड्ॐ.९३७ [आर्या]
3280,
3281,दूमिज्जन्ताĩ वि सुहमुवेन्ति गरुआण णिअअ-दुक्खेहिं
3282,रस-बन्धेहĩ कईणव विइण्ण-करुणाĩ हिअआइं // घउड्ॐ.९३८ [आर्या]
3283,
3284,अण्णण्णाĩ उवेन्ता संसार-वहम्मि णिरवसाणम्मि
3285,मण्णन्ति धीर-हिअआ वसइ-ट्ठाणाĩ व कुलाइं // घउड्ॐ.९३९ [आर्या]
3286,
3287,ससिएहिञ्चिअ लोओ दुक्खं लहुएइ दुक्ख-जणिएहिं
3288,आयास-कएहĩकरी आयासं सीअरेहिं व // घउड्ॐ.९४० [आर्या]
3289,
3290,पहरिस-मिसेण बाहो जं बन्धु-समागमे समुत्तरइ
3291,वॊच्छेअ-काअराइंतं णूण गलन्ति हिअआइं // घउड्ॐ.९४१ [आर्या]
3292,
3293,मूढ सिढिलत्तणं तेसणेह-वासेणकह णु बद्धस्स
3294,बाढं गाढअराअइजो इरमॊत्तुंतणन्तस्स // घउड्ॐ.९४२ [आर्या]
3295,
3296,
3297,[प. १४०]
3298,होऊण वि हन्त णिरन्तराĩ दूरन्तराĩ जाअन्ति
3299,उम्मोइअ-रसणन्तोवमाĩ घडिआĩ लोअस्स // घउड्ॐ.९४३ [आर्या]
3300,
3301,पढमं ण गुणा गुण-हेउणो परं ते तओ सह गुणेहिं
3302,सम्पइ ताण गुणच्चेअ णवर हा ते उण ण सन्ति // घउड्ॐ.९४४ [आर्या]
3303,
3304,कालवसा णासमुवागअस्स सप्पुरिस-जस-सरीरस्स
3305,अट्ठि-लवाअन्ति कहिं पि विरल-विरला गुणुग्गारा // घउड्ॐ.९४५ [आर्या]
3306,
3307,थिर-वासणा-समुत्था दोसा बन्धाय णीअ-चरिआण
3308,सप्पुरिसाणं चगुणा मोहाय णझत्तिविरमन्ति // घउड्ॐ.९४६ [आर्या]
3309,
3310,एस विराओ हिअअं जं रमइ जहागएसु विहवेसु
3311,णिब्भच्छणं तु लच्छीऎ णवरथिर-मच्छरोराओ // घउड्ॐ.९४७ [आर्या]
3312,
3313,सॊ च्चेअ किं ण राओ मॊत्तूण बहु-च्छलाĩ गेहाइं
3314,पुरिसा रमन्ति बद्धुज्झरेसु जं काणणन्तेसु // घउड्ॐ.९४८ [आर्या]
3315,
3316,किं व सरूव-वरॊ च्चिअ सेवा-णिन्दा-वरॊ व्व अह मग्गो
3317,जंमहइविञ्झ-वण-गोअराण लोओ पुलिन्दाण // घउड्ॐ.९४९ [आर्या]
3318,
3319,
3320,[प. १४१]
3321,सरिआओ अणेअ-विहङ्गमाओ तल-णिम्मलाĩ अ वणाइं
3322,माअङ्ग-कलह-मुहला गिरिणो अ रइंविरल्लन्ति // घउड्ॐ.९५० [आर्या]
3323,
3324,सीलेण जइ विविमलोतह वि हु मा दुग्गअं जणं छिवसु
3325,कालन्तर-णिव्वडिअं वसइच्चिअ मङ्गुलं तम्मि // घउड्ॐ.९५१ [आर्या]
3326,
3327,को तेसु दुग्गआणं गुणेसु अण्णो कआअरो होइ
3328,अप्पा वि णाम णिव्वेअ-विमुहअं जेसु दावेइ // घउड्ॐ.९५२ [आर्या]
3329,
3330,हरइ परिहीण-विहवस्स णूण णिअ-पणइणी वि अप्पाणं
3331,सव्वङ्गमसम्पुण्णस्स घडइकिंजामिणी ससिणो // घउड्ॐ.९५३ [आर्या]
3332,
3333,हिअअ कहिं पि णिसम्मसुकित्तिअमासाहओ किलिम्मिहिसि
3334,दीणो वि वरं ऎक्कस्स ण उण सअलाऎ पुहवीए // घउड्ॐ.९५४ [आर्या]
3335,
3336,अच्छौ ता विहलुद्धरणगारवं कत्थ तं अगरुएसु
3337,अप्पाणअस्स वि पियं इअरा काउं णपारन्ति // घउड्ॐ.९५५ [आर्या]
3338,
3339,गाढ-मअ-मूढ-हिअआ लहिऊण धणं गुणं व जं किं पि
3340,कह तॆ भरिहिन्ति परं अप्पा वि हु जाण पम्हुसइ // घउड्ॐ.९५६ [आर्या]
3341,
3342,
3343,[प. १४२]
3344,जह परिअयम्मि लोओतह भुज्जन्तो वि दुक्करं को वि
3345,पाणि-सिसिराĩ पाणम्मि अण्णहा होन्तिसलिलाइं // घउड्ॐ.९५७ [आर्या]
3346,
3347,भूरि-गुणा विरलच्चिअ ऎक्क-गुणो वि हु जणो ण सव्वत्थ
3348,णिद्दोसाण वि भद्दंपसंसिमोविरल-दोसं पि // घउड्ॐ.९५८ [आर्या]
3349,
3350,सामण्ण-सुन्दरीणं विब्भममावहइ अविणऒच्चेअ
3351,धूमॊ च्चिअपज्जलिआहिबहुमओ सुरहि-दारूण // घउड्ॐ.९५९ [आर्या]
3352,
3353,थोवागअ-दोसच्चिअ ववहार-वहम्मि होन्ति सप्पुरिसा
3354,इहरा णीसामण्णेहĩतेहĩ कहसङ्गअंहोइ // घउड्ॐ.९६० [आर्या]
3355,
3356,उक्करिसॊ च्चेअ ण जाण ताण को वा गुणाण गुण-भावो
3357,सो वापर-सुचरिअ-लङ्घणेण ण गुणत्तणंतह वि // घउड्ॐ.९६१ [आर्या]
3358,
3359,णवरं दोसा तॆ च्चेअ जे मअस्स विजणस्ससुव्वन्ति
3360,णज्जन्ति जिअन्तस्स वि जे णवर गुणा वि तॆच्चेअ // घउड्ॐ.९६२ [आर्या]
3361,
3362,ववहारॆ च्चिअ छायं णिएह लोअस्स किं वहिअएण
3363,तौग्गमोमणीण विजो बाहिं सो ण भङ्गम्मि // घउड्ॐ.९६३ [आर्या]
3364,
3365,
3366,[प. १४३]
3367,सम-गुण-दोसा दोसॆक्क-दंसिणो सन्ति दोस-गुण-वामा
3368,गुण-दोस-वेइणो णत्थिजे उगेण्हन्ति गुणमॆत्तं // घउड्ॐ.९६४ [आर्या]
3369,
3370,दीसइ सामाअन्तॊ व्व को वि हिअएण णिम्मलोतह वि
3371,हरिअञ्चिअ चूअ-फलं गअं च परिणाम-परमत्थं // घउड्ॐ.९६५ [आर्या]
3372,
3373,दीसन्त-णिम्मलो जइ वि को वि कज्जेण णासमो तह वि
3374,पिङ्गं पिकेसरं कुङ्कुमस्स राएण सामण्णं // घउड्ॐ.९६६ [आर्या]
3375,
3376,सच्चविआसअल-गुणं पिसज्जणं सुवुरिसा पसंसन्ति
3377,पडिबन्ध-णूमिअद्धं को वा रअणं विआरेइ // घउड्ॐ.९६७ [आर्या]
3378,
3379,सोहइ अदोस-भावो गुणॊ व्व जइ होइ मच्छरुत्तिण्णो
3380,विहवेसुं व गुणेसु वि दूमेइ ठिओ अहङ्कारो // घउड्ॐ.९६८ [आर्या]
3381,
3382,जेण गुणग्घविआण विण गारवं धण-लवेणरहिआण
3383,तेण विहवाण णमिमो तेणञ्चिअ होउ विहवेहिं // घउड्ॐ.९६९ [आर्या]
3384,
3385,दविणोवआर-तुच्छा वि सज्जणा ऎत्तिएण धीरेन्ति
3386,जं ते णिअ-गुण-लेसेहĩ देन्ति काणं पि परिओसं // घउड्ॐ.९७० [आर्या]
3387,
3388,
3389,[प. १४४]
3390,दूमन्ति सज्जणाणं पम्हुसिअ-दसाण तोस-कालम्मि
3391,दाणाअर-सम्भम-दिट्ठ-पास-सुण्णाĩ विलिआइं // घउड्ॐ.९७१ [आर्या]
3392,
3393,सइ जाढर-चिन्ताअड्ढिअं व हिअअं अहो-मुहं जाण
3394,उद्धुर-चित्ताकह णाम होन्तु तेसुण्ण-ववसाया // घउड्ॐ.९७२ [आर्या]
3395,
3396,दिण्णं पुरा जहिच्छं तओ अ देन्तेहिं सण्ठिअमभावा
3397,गहिअं च पराहिन्तो तओ अ ओ लोह-पणएण // घउड्ॐ.९७३ [आर्या]
3398,
3399,लोए अमुणिअ-सारत्तणेण खणमॆत्तमुव्विअन्ताण
3400,णिअअ-विवेअ-ठ्ठविआ गरुआण गुणा पअट्टन्ति // घउड्ॐ.९७४ [आर्या]
3401,
3402,गेण्हौ विहवं अवणेउ णाम लीलावहे वय-विलासे
3403,दूमेइ कह णु दॆव्वो गुण-परिउट्ठाĩ हिअआइं // घउड्ॐ.९७५ [आर्या]
3404,
3405,अघडिअ-परावलम्बा जह जह गरुअत्तणेणविहडन्ति
3406,तह तह गरुआण हवन्ति बद्ध-मूलाओ कित्तीओ // घउड्ॐ.९७६ [आर्या]
3407,
3408,आगम-लम्भे वय-परिणईऎभङ्गेसुधण-विलासाण
3409,थोवमसमञ्जसाĩ वि हिअआĩ वहन्तिपरिणामं // घउड्ॐ.९७७ [आर्या]
3410,
3411,
3412,[प. १४५]
3413,ण सहन्ति णिअ-गुणा इर पुरओ गरुआण इअ विइन्तन्ता
3414,णीआहिगमे लहुआ गुणाण भावञ्चिअ हरन्ति // घउड्ॐ.९७८ [आर्या]
3415,
3416,असलाहणॆ खलुच्चिअ अलिअ-पसंसाऎ दुज्जणो विउणं
3417,अपवत्त-गुणे सुअणो दुहा वि पिसुणत्तणं लहइ // घउड्ॐ.९७९ [आर्या]
3418,
3419,अप्पाण-णिव्विसेसॊ त्ति एस मे जं पि भणइ णेहेण
3420,तं पि खलो अत्थ-गईऎ ठवइ पिसुणत्तणॆच्चेअ // घउड्ॐ.९८० [आर्या]
3421,
3422,उवरिमहो अ धरन्तेहĩ कव्व-कणौज्जले अलङ्कारे
3423,सीसइ सार-विसेसो विज्जा-विहवाण सवणेहिं // घउड्ॐ.९८१ [आर्या]
3424,
3425,ण सिरी चला महग्घेसु ते ण तॆ च्चेअ सा वि जं मुअइ
3426,ते उण ते तञ्चिअ जइ मुअन्ति इह तीऎ को दोसो // घउड्ॐ.९८२ [आर्या]
3427,
3428,तण्हा अखण्डिअच्चिअ विहवे अच्चुण्णए वि लहिऊण
3429,सेलं पि समारुहिऊण किं व गअणस्स आरूढं // घउड्ॐ.९८३ [आर्या]
3430,
3431,पुरओ सिरीऎ पिय-पङ्कआऎ कमलाअरं पिव रअन्ति
3432,मण्णे किविणा पहुणो पणाम-घडिअञ्जलि-मिसेण // घउड्ॐ.९८४ [आर्या]
3433,
3434,
3435,[प. १४६]
3436,कुसुम-फलोसारिअ-पाअवेहĩ विणिअत्त-सौण-पणएहिं
3437,तं किर ण मअञ्चिअ महिहरेहĩ जलहिं विसन्तेहिं // घउड्ॐ.९८५ [आर्या]
3438,
3439,सोवाए सुह-दुक्खागमम्मि आरम्भिणॊ फलमइन्ति
3440,चिन्ता-णह-कण्डू-सम्भवम्मि विहिणो ण कण्डुयणे // घउड्ॐ.९८६ [आर्या]
3441,
3442,मोहाहिभवेण सिरिं चिर-वोलीणं विमग्गमाणाण
3443,दूरीभवन्तु आगन्तुआओ कह मा समिद्धीओ // घउड्ॐ.९८७ [आर्या]
3444,
3445,आआर-पेसलाण वि हवन्ति एमेअ विहि-णिओएण
3446,विणिअत्तीऒ च्चिअ आवईओ मण्णे समहिलॆत्ति // घउड्ॐ.९८८ [आर्या]
3447,
3448,जम्मि अविसण्ण-हिअअत्तणेण ते गारवं वलग्गन्ति
3449,तं विसममणुप्पेन्तो गरुआण विही खलो होइ // घउड्ॐ.९८९ [आर्या]
3450,
3451,हिअअस्स विणिव्ववणे इह लोऎ च्चिअ समप्पिअ-फलाए
3452,बीअं पर-लोअ-फलं ण रण्ण-वसहीऎ सद्दिहिमो // घउड्ॐ.९९० [आर्या]
3453,
3454,रमइ विहवी विसेसॆ थिइ-मॆत्तं थोअ-वित्थरो महइ
3455,मग्गइ सरीरमधणो रोई जीऎ च्चिअ कअत्थो // घउड्ॐ.९९१ [आर्या]
3456,
3457,
3458,[प. १४७]
3459,मूले णिबिडाअन्ता विरलुग्गारा तओ पसङ्गेसु
3460,कालेण सौरिसाण वि कहाणुबन्धा णिमिल्लन्ति // घउड्ॐ.९९२ [आर्या]
3461,
3462,विरसाअन्ता बहलत्तणेण हिअऎ खलन्ति परिओहा
3463,थोअ-विहवत्तणेणं सुहम्भरप्पच्चिअ सुणन्ति // घउड्ॐ.९९३ [आर्या]
3464,
3465,विरसम्मि वि पडिलग्गं ण तरिज्जइ कह वि जं णिवत्तेउं
3466,हिअअस्स तस्स तरलत्तणम्मि मोहो इह जणस्स // घउड्ॐ.९९४ [आर्या]
3467,
3468,हिअअम्मि गाढ-घडिएहĩ दो वि मण्णे समं ठविज्जन्ति
3469,बुद्धीओ उहय-लोअम्मुहीओ जुवईण थणएहिं // घउड्ॐ.९९५ [आर्या]
3470,
3471,पहरइ कह णु अणङ्गो कह णु हु विन्धन्ति कोसुमा बाणा
3472,इअ कामॆ च्चिअ अफुडॆ फुडाĩ तत्तो कह सुहाइं // घउड्ॐ.९९६ [आर्या]
3473,
3474,हिअअस्स णिट्ठुरत्तणमिणमो किं सण्ठवेहि महिलाण
3475,अत्तो पयोहराणं वज्जञ्चिअ वसइ एआण // घउड्ॐ.९९७ [आर्या]
3476,
3477,रमइ अ चरिए अप्फुल्लअम्मि खिज्जइ अ णिअअ-सीलेण
3478,णिन्दइ अ पर-सहावं सिहइ अ लोओ पर-गुणाण // घउड्ॐ.९९८ [आर्या]
3479,
3480,
3481,[प. १४८]
3482,मग्ग व्व दीह-धवला मण्णे चिहुरा जणस्स जाअन्ति
3483,वोलन्ताण अणुदिणं जहागअं हिअअ-भावाण // घउड्ॐ.९९९ [आर्या]
3484,
3485,सव्वङ्गं विणिवेसो णईइ पलिएहĩ णूण दावेइ
3486,आसण्णमिमम्मि जरा-करङ्क-भावं सरीरम्मि // घउड्ॐ.१००० [आर्या]
3487,
3488,सव्व-त्थामोणमिअं ओहुरमाअढ्ढिअं वलि-लआहिं
3489,धरणि-अलाहिमुहं पिव सरीरमिणमोजरीवहइ // घउड्ॐ.१००१ [आर्या]
3490,
3491,अङ्गेसुबिन्दु-णिबिडाणिवडइपरिणाम-जज्जरिज्जन्ती
3492,तिलअ-च्छलेण मण्णे कसण-च्छाय व्व चिहुराण // घउड्ॐ.१००२ [आर्या]
3493,
3494,गब्भुग्गम-लङ्घिअ-जॊव्वणाण घरिणीऎविमण-पिय-दिट्ठं
3495,थणआण दुद्ध-धारा-णिहेण पलिअं व णिक्खमइ // घउड्ॐ.१००३ [आर्या]
3496,
3497,सअलं विराम-विरसत्तणेण दुक्खं सुहञ्चिअ ण णाम
3498,दुक्खाभावो सॊक्खं ण जेण ण हु तेण दुक्खं पि // घउड्ॐ.१००४ [आर्या]
3499,
3500,फुरइ अ फुडो अभावस्स एसभुवण-च्छलेण आआरो
3501,आलोअण-णिव्वडिऒ व्व णील-भावो णहअलस्स // घउड्ॐ.१००५ [आर्या]
3502,
3503,
3504,[प. १४९]
3505,इअ विरसमिमं संसारमावसन्ताण वॊ फलममॊल्लं
3506,णिव्वडौ पावणाणं गुणाण पहुणो णिसमणेण // घउड्ॐ.१००६ [आर्या]
3507,
3508,अवि अ—
3509,
3510,आसा-गअ-दाणाअन्त-कसण-कण्ठ-प्पहा-हओ लहइ
3511,केसर-कलाव-करणिं सॊ च्चिअ सिढिलो जडा-णिवहो // घउड्ॐ.१००७ [आर्या]
3512,
3513,वहइ मणि-किरण-रञ्जिअ-सीस-णिवेसिअ-फणा-समोसरिओ
3514,भुअइन्दो पट्ठि-पहोलि-रुद्ध-लङ्गूल-वेलम्बं // घउड्ॐ.१००८ [आर्या]
3515,
3516,ताऒ च्चिअ रहस-विसट्ट-वअण-कुहरोअराओ पावेन्ति
3517,जालावली-विलासं उत्तंस-कवाल-मालाओ // घउड्ॐ.१००९ [आर्या]
3518,
3519,पडिमा-मग्गासिर-ससिअलाऎ सच्चविअ-णह-मुहोइण्णा
3520,तॆ च्चिअ हत्थेसु णहङ्कुसत्तणं एन्ति णिन्तूण // घउड्ॐ.१०१० [आर्या]
3521,
3522,इअ तुलिउमहिलसन्तेण जस्स बल-विब्भमं ति-णयणेण
3523,भेसिअ-गोरि-मइन्दं मइन्द-रूवेण परिणमिअं // घउड्ॐ.१०११ [आर्या]
3524,
3525,खुडिआ इमेणसमरङ्गणेसुरिउ-वारणाणकर-दण्डा
3526,णासा-विमुक्क-जीहाह-रुहिर-धारा विसहर व्व // घउड्ॐ.१०१२ [आर्या]
3527,
3528,
3529,[प. १५०]
3530,मह-धूम-लआ एअस्स सुचरिआहूअ-तिअस-णाहस्स
3531,सुर-करिणो बहल-मअम्बु-सामला सहइ सरणि व्व // घउड्ॐ.१०१३ [आर्या]
3532,
3533,लहुईकआ विगुण-गारवेण गरुआ वि णिअअ-कुल-उव्वा
3534,अप्पाण-गारवेणं पुणो वि गुरुईकआ जेण // घउड्ॐ.१०१४ [आर्या]
3535,
3536,पहु-धम्म-बन्धणे सण्ठिअस्स विवरीअ-सासिअ-जअस्स
3537,करुणा-णीसास-सहा सहन्ति संरम्भ-भिउडीओ // घउड्ॐ.१०१५ [आर्या]
3538,
3539,अह वा
3540,कुम्माहिवेण दीसइ उण्णामिअ-सङ्ख-रअण-वलएण
3541,तिअसाण सम्भमुग्गाहिअग्घ-वत्तॊ व्व सलिल-णिही // घउड्ॐ.१०१६ [आर्या]
3542,
3543,उम्मिल्लस्स वि चिर-आल-मुक्क-णीसास-सिढिल-देहस्स
3544,पट्ठीपुणोतरङ्गेहĩ लङ्घिआ कमढ-णाहस्स // घउड्ॐ.१०१७ [आर्या]
3545,
3546,दीसन्तिकुम्म-तुलिआ घण व्व पुणरुत्त-विज्जु-विप्फुरणा
3547,ऊसास-दिट्ठ-तम्बिर-कण्ठ-च्छेआ महा-मीणा // घउड्ॐ.१०१८ [आर्या]
3548,
3549,पॆच्छन्ति सुर-दइच्चा घडिअ-धरा-मग्ग-गोर-परिणाहं
3550,पट्ठिं पेरन्त-सहाव-सामलं कमढ-णाहस्स // घउड्ॐ.१०१९ [आर्या]
3551,
3552,
3553,[प. १५१]
3554,कुम्म-ट्ठिअस्स दीसइ जलहिम्मि तरङ्ग-भङ्गुर-णिवेसा
3555,ण-पहुत्त-रसाअल-कुञ्चिअ व्व पडिमा महिहरस्स // घउड्ॐ.१०२० [आर्या]
3556,
3557,वलइअ-भुअङ्ग-वलयाववीड-पुञ्जिअ-णमन्त-साहग्गा
3558,अग्गेहĩ सेल-घडिआ मूलेहĩ दलन्ति दुम-णिवहा // घउड्ॐ.१०२१ [आर्या]
3559,
3560,भुअआहिवस्सणिहसाझिज्जन्ति उरम्मि खर-हरन्तीओ
3561,वण-गण्ठि-गआओ विहङ्ग-णाह-णह-कोडि-कीलाओ // घउड्ॐ.१०२२ [आर्या]
3562,
3563,फुट्टन्ति पाअवाणं रय-वित्थारावबद्ध-परिवेसा
3564,विणिवत्ति-समय-ताडिअ-तडाओ पारोह-मालाओ // घउड्ॐ.१०२३ [आर्या]
3565,
3566,अट्ठिअ-गिरि-वलण-गआगअम्बु-वॊच्छिण्ण-णिवडिअ-तडाओ
3567,पत्ताओ विअड-भावं तलिणाओवि कडअ-सरिआओ // घउड्ॐ.१०२४ [आर्या]
3568,
3569,परिसिढिल-विअड-मूला तॆ च्चेअवहन्तिपढम-तणु-धारा
3570,भुअइन्द-णिहस-विहडन्त-विवर-मूला जलुप्पीला // घउड्ॐ.१०२५ [आर्या]
3571,
3572,वीसाम-मन्थराअन्त-सेल-वॊच्छिण्ण-दूर-वडणाओ
3573,मडहं कमेण वलयं णिज्झर-धाराओ बन्धन्ति // घउड्ॐ.१०२६ [आर्या]
3574,
3575,
3576,[प. १५२]
3577,पावन्तिवलिअ-वित्थअ-गिरि-कडअ-णिहंसणा तलिण-मूला
3578,वित्थारं दसण-च्छेअ-मण्डला दिग्गइन्दाण // घउड्ॐ.१०२७ [आर्या]
3579,
3580,णिहस-विरिक्क-दुम-लओ जह जह सेलम्मि घडइ भुअइन्दो
3581,तह तह दीहाअन्तो पुणो वि वलइज्जइ गिरिम्मि // घउड्ॐ.१०२८ [आर्या]
3582,
3583,णिहस-परिगलिअ-वासुइ-णिम्मोअ-रयावबद्ध-परिवेसो
3584,कुम्मम्मि होइ खण-विरइआलवालॊ व्व सलिल-णिही // घउड्ॐ.१०२९ [आर्या]
3585,
3586,कम-लद्धालोअं फणि-णिहंस-झिज्जन्त-तड-पणट्ठासु
3587,णिन्ति अ-विणिक्खमन्ता विवणअरा महिहर-दरीसु // घउड्ॐ.१०३० [आर्या]
3588,
3589,होन्ति गिरि-वलण-भावाअण्णण्ण-दिसा-घडन्त-कडआण
3590,सरलं पि पडन्तीणं सिलाण कुडिल व्व गइ-मग्गा // घउड्ॐ.१०३१ [आर्या]
3591,
3592,उच्छलिअ-सलिल-पूरिअ-गअण-दिसा-वलय-पडिहओआसो
3593,खण-तुच्छम्मि पडिरवो णवर समुद्दॆ च्चिअवलग्गो // घउड्ॐ.१०३२ [आर्या]
3594,
3595,वासुइ-णिहसुम्मूलिअ-पक्ख-च्छेअ-वण-गण्ठि-णिव्वडिआ
3596,णिवडन्ति सेल-कडआओ वज्ज-धारा-तड-क्खण्डा // घउड्ॐ.१०३३ [आर्या]
3597,
3598,
3599,[प. १५३]
3600,पसरन्ति वलन्तोअहि-मण्डलइज्जन्त-कड्ढिअ-सरीरा
3601,सुङ्कार-सरलिआवत्त-पसिढिलाणवरभुअइन्दा // घउड्ॐ.१०३४ [आर्या]
3602,
3603,तरु-वलिअ-लआ-लच्छिंलहन्तिसेलम्मिकडअ-सरिआओ
3604,उम्मोइअ-वासुइ-णिहस-मग्ग-सन्दाणिअ-जलाओ // घउड्ॐ.१०३५ [आर्या]
3605,
3606,कडएहĩ तहेअ मही-सिहरेहĩ णहं व पॆल्लिअं गिरिणो
3607,अल्लीणं णवर दिसाहĩ णिहस-तणुअम्मि मज्झम्मि // घउड्ॐ.१०३६ [आर्या]
3608,
3609,कुम्म-विणिहिट्ठ-मूलॊ भुअआहिव-णिहस-तणुइआहोओ
3610,कह-कह वि पढम-णिमिओ सुहेणओसारिओसेलो // घउड्ॐ.१०३७ [आर्या]
3611,
3612,घडिअं मन्दर-दर-दूमिअम्मि सङ्खुहिअ-जलहि-तण्णाअं
3613,सिसिरोवआर-पङ्कं वकुम्म-वीढम्मि महि-वॆढं // घउड्ॐ.१०३८ [आर्या]
3614,
3615,इअ कम-णिम्महिआमुक्क-विहुर-खीरोअ-सरहसुव्वूढा
3616,लच्छी अज्जवि वच्छ-त्थल-ट्ठिआ वुब्भइ इमेण // घउड्ॐ.१०३९ [आर्या]
3617,
3618,किं च—
3619,
3620,दीसइ कर-ताडण-मूढ-रुहिर-सङ्गलिअ-सामल-च्छायं
3621,हिअअ-ट्ठिअ-विरह-हुआस-धूम-मइलं व थणवट्ठं // घउड्ॐ.१०४० [आर्या]
3622,
3623,
3624,[प. १५४]
3625,वअणुव्वहण-णिवेसिअ-करुद्ध-णह-मणि-मऊह-वॊच्छेए
3626,सन्धन्तिणिरञ्जण-णिम्मलाऒ थोरंसु-धाराओ // घउड्ॐ.१०४१ [आर्या]
3627,
3628,घण-लम्बालअ-माला-णिरोह-खणमॆत्त-पुञ्जइज्जन्ता
3629,उम्हविअ-गण्डवासं चक्कलइज्जन्ति णीसासा // घउड्ॐ.१०४२ [आर्या]
3630,
3631,इअ लीला-रोसुग्गम-विसमिअ-भुमअम्मि जम्मि वुब्भन्ति
3632,वेरि-रमणीहĩ वेहव्व-लम्भ-विहुराĩ अङ्गाइं // घउड्ॐ.१०४३ [आर्या]
3633,
3634,जस्स मुह-मारुआहअ-विसन्त-भुवणन्तरेण उअराओ
3635,वुब्भइ व अण्ण-बम्भण्ड-डम्बरो पञ्चअण्णेण // घउड्ॐ.१०४४ [आर्या]
3636,
3637,सो एसकेसवो उवसमुद्दमुद्दाम-दाविआयामे
3638,अह सोहइसेसम्मि वणिअअम्मि जसम्मिविणिसण्णो // घउड्ॐ.१०४५ [आर्या]
3639,
3640,अह वा
3641,भारुव्वहणा-जॊग्गाअरेण तारेहĩ णह-मऊहेहिं
3642,सेस-सिसूहĩ व चलणारविन्द-घडिएहĩ सोहन्तिं // घउड्ॐ.१०४६ [आर्या]
3643,
3644,भुअइन्द-फणा-मण्डल-णिवेस-पडिलग्ग-रअण-राअं व
3645,चलण-जुअमावहन्तिं पज्जत्तालत्तअ-च्छायं // घउड्ॐ.१०४७ [आर्या]
3646,
3647,
3648,[प. १५५]
3649,लीला-घोलाविअ-चलण-मुहल-मञ्जीर-रव-मिलन्तेहिं
3650,वुब्भन्तिं सेस-फणा-वलएहĩ व राअहंसेहिं // घउड्ॐ.१०४८ [आर्या]
3651,
3652,कारण-किरि-खन्धुक्खेव-लग्ग-परिकविल-केसर-च्छायं
3653,वहमाणिं किरण-कलावमिरिण-रसणा-गुणुग्गिण्णं // घउड्ॐ.१०४९ [आर्या]
3654,
3655,सेविज्जन्तिं स-रअण-रसणा-पडिणिव्वडन्त-पडिमेण
3656,आढत्त-रोहणुद्दलण-वइअरेणं पिव जणेण // घउड्ॐ.१०५० [आर्या]
3657,
3658,णाहि-विवरेण कारण-वराह-दाढा-वहेण वसहन्तिं
3659,पाआल-तमुब्भेआअमाण-रोमावलीएण // घउड्ॐ.१०५१ [आर्या]
3660,
3661,अज्जवि अणह-ट्ठिअ-राम-रमणि-णिग्गमण-सीर-मग्गं व
3662,उअरमहिराम-वलि-वीइ-भङ्ग-विसमंपआसेन्तिं // घउड्ॐ.१०५२ [आर्या]
3663,
3664,सोहन्तिं हारावलि-वलन्त-रोमावली-तरङ्गेण
3665,जौणा-सङ्गअ-गङ्गा-सॊत्तेण व मज्झएसेण // घउड्ॐ.१०५३ [आर्या]
3666,
3667,लायण्ण-परिप्फुरमाण-परिअणुक्खित्त-चामर-चएहिं
3668,अन्तो-पाअड-भूरुह-मूल-कलावं व दंसन्तिं // घउड्ॐ.१०५४ [आर्या]
3669,
3670,
3671,[प. १५६]
3672,पहु-दंसण-रस-पसरिअ-ससेअ-रोमञ्च-सञ्चय-णिहेण
3673,सलिलाहअ-देसूस[सिअं] बीअ-लअं व दंसन्तिं // घउड्ॐ.१०५५ [आर्या]
3674,
3675,अन्तोवरिं च परिसण्ठिएणणह-णिण्णआऎ व जलेण
3676,पडिमा-पडिएणसिअंसुएणसंवलिअ-थण-बिम्बं // घउड्ॐ.१०५६ [आर्या]
3677,
3678,कण्ठ-कुसुमेसुबहुसो लीणुड्डीणेहĩ महुअर-कुलेहिं
3679,आयासिअङ्ग-लेहं सवक्ख-सेलेहĩ व पुणो वि // घउड्ॐ.१०५७ [आर्या]
3680,
3681,मुत्ता-पेरन्तत्तण-पाविअ-पाआर-मण्डल-गुणेहिं
3682,दिव्व-पुरेहĩ व मणि-कुण्डलेहĩ सम्भाविआभोअं // घउड्ॐ.१०५८ [आर्या]
3683,
3684,कुण्डल-ससि-सूरन्तर-णिसण्ण-कबरी-णिसा-विणीलद्धं
3685,मुह-मण्डलं सुमेरुं व कणअ-गोरं पआसेन्तिं // घउड्ॐ.१०५९ [आर्या]
3686,
3687,सव्वत्तो हार-मऊह-दण्ड-पडिअग्गिअङ्ग-भावेण
3688,उम्मिल्ल-णिम्मलाणेअ-पह-समूहं व दीसन्तिं // घउड्ॐ.१०६० [आर्या]
3689,
3690,अवअंस-कुसुम-णीसन्दमाण-रअ-बिन्दु-कलिअ-मूलेण
3691,गण्डत्थलेणदर-गलिअ-रेणु-भावेण व सहन्तिं // घउड्ॐ.१०६१ [आर्या]
3692,
3693,
3694,[प. १५७]
3695,माला-वलएहĩपइण्ण-सुरहि-कबरी-लअं महुअराण
3696,वेणी-बन्धेहĩ व बहु-णरिन्द-वेहव्व-पिसुणेहिं // घउड्ॐ.१०६२ [आर्या]
3697,
3698,इअ सुव्वइ एसो इर सरीर-भाव-परिसण्ठिअं बहुसो
3699,पच्चक्खञ्चिअ देविं पुहइं पुलएइ पीडासु // घउड्ॐ.१०६३ [आर्या]
3700,
3701,किं च—
3702,
3703,सीसइ व जस्स ताराणुसारि-णिग्गअ-कलङ्क-वलएण
3704,अत्ति-णयणाहिअज्ज वि समुब्भवो णिअअ-बिम्बेण // घउड्ॐ.१०६४ [आर्या]
3705,
3706,वंसम्मि तस्स रअणी-रमणस्स पुरा परिट्ठिआ पहुणो
3707,जे ताण अह पणामो एसो उण किम्पि णिव्वडिओ // घउड्ॐ.१०६५ [आर्या]
3708,
3709,अवि अ—
3710,
3711,सज्झस-संवेउम्मीलणे विअलसुम्मुहा समुत्तरइ
3712,दिट्ठी पहरिस-विरलाअमाण-पम्हन्तरालेसु // घउड्ॐ.१०६६ [आर्या]
3713,
3714,तत्तोहुत्त-गआगअ-हिअअ-वहाअन्त-णह-मऊहेण
3715,कर-किसलएण लोलंसुअम्मि थण-मण्डले वसिअं // घउड्ॐ.१०६७ [आर्या]
3716,
3717,गाढ-जहण-त्थल-क्खलण-मुहल-मणि-किङ्किणीअमुक्कम्पो
3718,पडिकुसुमन्दोलिअ-कण्ठ-दाममङ्गं तरङ्गेइ // घउड्ॐ.१०६८ [आर्या]
3719,
3720,
3721,[प. १५८]
3722,इअ णिव्वत्तिअ-सॆज्जा-परिणयणाण पडिवक्ख-कुमरीण
3723,जाअन्ति जस्स पुरओ स-सज्झसा वम्मह-विआरा // घउड्ॐ.१०६९ [आर्या]
3724,
3725,केऊर-मरगऒग्गिण्ण-किरण-कलिलेभुअम्मि अप्पाणं
3726,सा जस्स विणोएइ व णलिणि-वणुक्कण्ठिआ लच्छी // घउड्ॐ.१०७० [आर्या]
3727,
3728,अहिआराणल-कुण्डम्ब-मण्डलं ताव णं समक्कमइ
3729,तिमिरं कुलमिव तारा-फण-रअणवहं विसहराण // घउड्ॐ.१०७१ [आर्या]
3730,
3731,पुहई-वइणो अम्हे सच्चरिआवेअणम्मि के तस्स
3732,सुव्वइ ण-पहुत्तञ्चिअतस्स वि फणिणो मुह-सहस्सं // घउड्ॐ.१०७२ [आर्या]
3733,
3734,तह वि णिसामेह णराहिवस्स भुअ-दप्प-दप्पणं एअं
3735,रअणि-विरमम्मि णवरं पुरुमिल्ल-णरिन्द-णिट्ठवणं // घउड्ॐ.१०७३ [आर्या]
3736,
3737,साहिज्जइगौड-वहो एस मए सम्पअं महारम्भो
3738,णिसुए मुअन्ति दप्पं जम्मि णरिन्दा कइन्दा अ // घउड्ॐ.१०७४ [आर्या]
3739,
3740,ऎत्ताहे उण रविणो उव्वत्तिअ-कमढ-पिङ्गल-च्छाओ
3741,परिघोलइ विअलिअ-किरण-कन्दलो बिम्ब-परिणाहो // घउड्ॐ.१०७५ [आर्या]
3742,
3743,
3744,[प. १५९]
3745,एऎ छाया-परिअत्त-मुहल-पारावआ पसज्जन्ति
3746,गिरि-कुञ्जुण्णिद्द-मइन्द-णन्दिणो रण्ण-पेरन्ता // घउड्ॐ.१०७६ [आर्या]
3747,
3748,मइलिज्जइ दिअसाहिव-किरणाइण्णत्थ-सेल-गलिएहिं
3749,आयस-रस-विसरेहĩ व छाया-मग्गेहĩ महि-वॆढं // घउड्ॐ.१०७७ [आर्या]
3750,
3751,सरिआण णिरन्तर-मिलिअ-विहअ-णिवहोवरोह-मुच्चन्ता
3752,उव्वॆल्लन्ति वणिव्वडिअ-मण्डला पुलिण-वित्थारा // घउड्ॐ.१०७८ [आर्या]
3753,
3754,दूरत्तण-पढम-णिअत्त-गो-हणा होन्ति णअर-मग्गेसु
3755,सालम्ब-दिणअरच्चेअ धूसरा दिअस-परिणामा // घउड्ॐ.१०७९ [आर्या]
3756,
3757,थोअमिवविअड-गमणा गरुआअन्त-जहणालसमुवेन्ति
3758,धेणु-धवलीओ पण्हुअ-पीणापीणा वणन्ताओ // घउड्ॐ.१०८० [आर्या]
3759,
3760,संवॆल्लिऊण ऎक्कं दिअसारम्भ-पडिसारिअंविञ्झो
3761,विइअं पक्खं वपुणोछाया-वलयं पसारेइ // घउड्ॐ.१०८१ [आर्या]
3762,
3763,अन्दोलइ दिण-लच्छी पच्छिम-सेल-त्थलावलम्बासु
3764,जरढ-सर-गण्ठि-रेहारुणासु रवि-किरण-मालासु // घउड्ॐ.१०८२ [आर्या]
3765,
3766,
3767,[प. १६०]
3768,पच्छ-ट्ठिआअवत्तण-सुण्णइअ-गवक्ख-मग्ग-पइरिक्का
3769,जाआ समुज्जलालॆक्ख-सुन्दरा मन्दिरद्धन्ता // घउड्ॐ.१०८३ [आर्या]
3770,
3771,तंसागअ-रविअर-णिव्वडन्त-मूलन्तराल-विअडाइं
3772,विरलाअन्ति व छाया-णिग्गम-सिढिलाĩरण्णाइं // घउड्ॐ.१०८४ [आर्या]
3773,
3774,सेलग्ग-खण-विहत्ता रवि-वडण-कमेणदूरमुच्छलिआ
3775,घम्म-च्छेआइवतारअत्तणं एन्ति मौलिन्ता // घउड्ॐ.१०८५ [आर्या]
3776,
3777,एन्ति गह-मॊत्तिअड्ढेपओस-सीहाहए दिणेहम्मि
3778,ल्हसिअ-ट्ठिअ-रुहिराअम्ब-कुम्भ-करणिं रवि-मिअङ्का // घउड्ॐ.१०८६ [आर्या]
3779,
3780,जामवई-मुह-भरिए सञ्ज्झा-मइराऎ दिणअराहारे
3781,आआस-केसरं दन्तुरेन्ति णक्खत्त-कुसुमाइं // घउड्ॐ.१०८७ [आर्या]
3782,
3783,आअव-किलन्त-महिसच्छि-कोण-सोणाअवं दिणन्तम्मि
3784,उव्वत्तइरविणॊ भू-कलम्ब-पुड-पाडलंबिम्बं // घउड्ॐ.१०८८ [आर्या]
3785,
3786,सञ्ज्झालत्तअ-धरिअम्मिउअह जलणोवलॆ व्व रवि-बिम्बे
3787,णिव्वडइ धूम-लेह व्व मासला जामिणि-च्छाया // घउड्ॐ.१०८९ [आर्या]
3788,
3789,
3790,[प. १६१]
3791,जाअं व धूम-सञ्चय-कलुसारुण-किरण-दन्तुरं रविणो
3792,तिमिरोवआर-मुज्झन्त-विसम-सञ्ज्झाअवं बिम्बं // घउड्ॐ.१०९० [आर्या]
3793,
3794,काली-कअ-सरस-गल-च्छेअ-महा-महिस-विब्भमो मिलइ
3795,अत्थाअम्बिर-रवि-बिम्ब-चुम्बिओ तिमिर-सङ्घाओ // घउड्ॐ.१०९१ [आर्या]
3796,
3797,लहइ स-सन्दण-तुरओतिमिरक्कमन्त-पिञ्जर-सरीरो
3798,महुमहण-गारवुव्वत्त-पिच्छ-गरुल-च्छविं सूरो // घउड्ॐ.१०९२ [आर्या]
3799,
3800,जाएणिराअवे दिणअरम्मिगिरि-रेणु-पाडल-मऊहे
3801,घोलइ मिलन्त-तिमिरा कुलीर-कविला दिण-च्छाया // घउड्ॐ.१०९३ [आर्या]
3802,
3803,णिअ-कर-किलिञ्च-णीडत्थमत्थ-गिरि-पाअवाहि रवि-बिम्बं
3804,णिवडइ सञ्झा-कललॊल्ल-विहअ-णाहण्ड-पिण्डं व // घउड्ॐ.१०९४ [आर्या]
3805,
3806,थोउव्वत्तण-लक्खिअ-सञ्ज्झारुण-गअण-तालु-पेरन्तो
3807,कवलेइ पओस-करी विहाण-पिण्डं व रवि-बिम्बं // घउड्ॐ.१०९५ [आर्या]
3808,
3809,णह-वट्ठं दूरुण्णअ-सञ्ज्झा-परिवेस-परिअरं सहइ
3810,अहिणव-पडिबन्धाअम्ब-बिम्ब-विअडावड-च्छायं // घउड्ॐ.१०९६ [आर्या]
3811,
3812,
3813,[प. १६२]
3814,पुरुमिल्ल-दिसा-गअ-तिमिरमवर-भाआवलम्बि-रवि-बिम्बं
3815,गरुलमिव गहिअ-गअ-कुम्ममुअह परितम्बिरं गअणं // घउड्ॐ.१०९७ [आर्या]
3816,
3817,पल्हत्थइ तिमिर-महा-वराह-पडिपॆल्लिओ सुमेरु व्व
3818,सञ्ज्झालोओ पडिलग्ग-केसराअन्त-रवि-किरणो // घउड्ॐ.१०९८ [आर्या]
3819,
3820,विअडण्डम्मि व रवि-मण्डलम्मि मुक्कम्मि पढममरुणङ्के
3821,णह-सिरि-विणआऎ ससी वुब्भइ वीअण्ड-पिण्डॊ व्व // घउड्ॐ.१०९९ [आर्या]
3822,
3823,आसार-पसर-सरला ताली-वण-दण्ड-धूसरा होन्ति
3824,गन्धव्व-पुराआरा णिराअवा रवि-अर-णिवेसा // घउड्ॐ.११०० [आर्या]
3825,
3826,रेहावसेस-दिणअर-मऊह-णिव्वडिअ-दण्ड-पडिबन्धा
3827,जालाअइ सालोआ अवर-दिसा भुवण-भवणस्स // घउड्ॐ.११०१ [आर्या]
3828,
3829,गअण-महि-वॆढ-णीलो मज्झे सञ्ज्झावसेस-पडिभिण्णो
3830,घोलइ खज्जूर-क्खन्ध-पाडलो तिमिर-सङ्घाओ // घउड्ॐ.११०२ [आर्या]
3831,
3832,दीसइ दिसासु तारा-सहरी-जालाविला तिमिर-लेहा
3833,रवि-पडण-सम्भमारम्भ-रहस-चलिअ व्व कालिन्दी // घउड्ॐ.११०३ [आर्या]
3834,
3835,
3836,[प. १६३]
3837,सायं मिलन्ति कम-णिव्वडन्त-तम-मण्डलावौण्णाओ
3838,आसण्ण-भाव-पाअड-णिअअ-गइन्दाओ व दिसाओ // घउड्ॐ.११०४ [आर्या]
3839,
3840,ऊससिअ-सामलारुण-तम-वॆल्ली-मूल-लक्खिअं कोवि
3841,गअण-च्छलरुणयकञ्चमिन्दुबिम्बं समुद्धरइ // घउड्ॐ.११०५ [आर्या]
3842,
3843,होन्त-वसुहाहिव-कहा-कोऊहल-कड्ढिआओ व मिलन्ति
3844,दिअस-विराम-च्छवि-धूसराओसमअंचिअ दिसाओ // घउड्ॐ.११०६ [आर्या]
3845,
3846,बहलत्तण-कुहरूससिअ-तम-सिहा-लङ्घणोणौच्छङ्गा
3847,देन्ति थलुद्देसच्चिअ थोआलोआ दरी-सङ्कं // घउड्ॐ.११०७ [आर्या]
3848,
3849,आलोओ परिघोलइ ससिणॊ छाया-णिवेस-वॊच्छिण्णो
3850,मलिणाणुसार-पसरिअ-कसण-च्छवि-मग्ग-सबलॊ व्व // घउड्ॐ.११०८ [आर्या]
3851,
3852,दीसइणिसासुतारा-णिहेण फुडिअ-विरल-ट्ठिअ-कवालं
3853,बम्भण्डग्ग-पुडं पिवकालन्तर-जज्जरं गअणं // घउड्ॐ.११०९ [आर्या]
3854,
3855,जाआओ कम-पसम्मन्त-धूम-रअ-णिग्गमावरोहाओ
3856,आरूढ-पओसाओ वि पविरल-तिमिराओ व दिसाओ // घउड्ॐ.१११० [आर्या]
3857,
3858,
3859,[प. १६४]
3860,मूढ-ससि-दिणअरालोअ-मज्झ-पुञ्जिज्जमाण-तम-कसणं
3861,सञ्जाअमुहअ-धारा-णिम्मल-खग्गोवमं गअणं // घउड्ॐ.११११ [आर्या]
3862,
3863,पेरन्तेसु दराबद्ध-तिमिरमोसुक्क-कमल-परिसामं
3864,आभाइ लावअ-वहू-वच्छ-कसाय-प्पहं गअणं // घउड्ॐ.१११२ [आर्या]
3865,
3866,गह-णिवह-बिन्दु-सन्दोह-समिअ-सञ्ज्झाणलो समुक्खिवइ
3867,उअय-सुपण्णो गअणम्मि अमअ-कलसं व ससि-बिम्बं // घउड्ॐ.१११३ [आर्या]
3868,
3869,तम-महुअर-जालुप्पअण-पअड-मअ-मण्डलंणिसा-वइणो
3870,बिम्बं माहवमिव पिण्ड-खण्डमावाडलं उअह // घउड्ॐ.१११४ [आर्या]
3871,
3872,उक्खिप्पइगअण-तुला-दण्डेण समूससन्त-कर-केऊ
3873,पच्छा रवि-पिण्ड-भरोणएण कलसॊ व्व सस-इन्धो // घउड्ॐ.१११५ [आर्या]
3874,
3875,संणद्ध-मअण-साहिज्ज-जाअ-संरम्भ-पाडलो णीइ
3876,परिवेस-च्छल-मण्डलिअ-चाव-वलऒ व्व हरिणङ्को // घउड्ॐ.१११६ [आर्या]
3877,
3878,पावइउअयाअम्बो दर-सिढिल-क्खलिअ-तलिण-तम-लेहो
3879,ल्हसिअ-विणीलंसुअ-मत्त-हलहराहंणिसा-णाहो // घउड्ॐ.१११७ [आर्या]
3880,
3881,
3882,[प. १६५]
3883,अवि अ—
3884,
3885,तक्खण-कामिअणाणिअ-महु-चसओअरण-लद्ध-राअं व
3886,उब्भिज्जइ बिम्बं सङ्ख-णाहि-सोणं णिसा-वइणो // घउड्ॐ.१११८ [आर्या]
3887,
3888,ऊससइ विलोल-करत्तणेण पङ्कअ-विणास-बुद्धीए
3889,रहसुम्मूलिअ-परिलम्बि-बिस-कलावॊ व्वसस-इन्धो // घउड्ॐ.१११९ [आर्या]
3890,
3891,इअ जम्पिऊण सयणावलम्बिणा तेण देव-चरिआण
3892,आवेअणम्मि अप्पा अ-पहुप्पन्तॊ व्व पडिवण्णो // घउड्ॐ.११२० [आर्या]
3893,
3894,जाऒ च्चिअ काअव्वे उच्छाहेन्ति गरुआण कित्तीओ
3895,ताऒ च्चिअअतह-णिवेअणेणअलसेन्तिहिअआइं // घउड्ॐ.११२१ [आर्या]
3896,
3897,णवरिअ के वावारा पवट्टिउं पअत्ता
3898,कामो वर-कामि-अणं केसर-उव्वेहĩ भिन्दइ सरेहिं
3899,इअर-जण-बाण-कज्जम्मि कुणइहेयाĩकुसुमाइं // घउड्ॐ.११२२ [आर्या]
3900,
3901,कीऎ वि अहिणव-भुमआ-णडाल-परिसुद्धि-लद्ध-परिणाहं
3902,अहिअ-पिहु-लोअण-जुअं विसेस-तारं मुहं सहइ // घउड्ॐ.११२३ [आर्या]
3903,
3904,वीआभरणाअ-कअण्ण-मण्डणा अहिहरन्ति रमणीओ
3905,सुण्णाओ व कुसुम-फलन्तरम्मि सहआर-वल्लीओ // घउड्ॐ.११२४ [आर्या]
3906,
3907,
3908,[प. १६६]
3909,गहिअ-विविहङ्गराओ अकअञ्जण-झसुर-मञ्जरी-रअणो
3910,पावइअसमत्तालॆक्ख-विब्भमं कामिणी-सत्थो // घउड्ॐ.११२५ [आर्या]
3911,
3912,कोलीकअ-कालाअरु-धूमुप्पील-च्छलेण पडिहाइ
3913,रमणाहिसारणे कावि पहरिसालिङ्गिअ-तम व्व // घउड्ॐ.११२६ [आर्या]
3914,
3915,ऊरु-जुअं मलय-भवङ्गराअ-विणिवेस-दर-समूससिअं
3916,गुरु-जहणुव्वहण-सहं कअं थोरं थणवईहिं // घउड्ॐ.११२७ [आर्या]
3917,
3918,लक्खिज्जइ सीसे सरसमेव कण्ठे पयोहरुम्हविअं
3919,विसमं कुसुमाभरणं सम-काल-कअं पि जुवईण // घउड्ॐ.११२८ [आर्या]
3920,
3921,थण-पडिमागअ-परिणील-जालिआ-मण्डणंवरो एइ
3922,वम्मह-सर-सङ्का-हिअअ-गहिअ-कवअं वणव-वहुअं // घउड्ॐ.११२९ [आर्या]
3923,
3924,अवियोअ-गमिअ-दिअसंसम-गहिअ-पसाहणं पओसम्मि
3925,सोहइ रआविअण्हंसयणागमणूसुअं मिहुणं // घउड्ॐ.११३० [आर्या]
3926,
3927,गलिउम्मऊह-पिहु-हेम-मेहला-वलय-मालिणीकावि
3928,वम्मह-भयाहिसन्धिअ-सिहि-पाआर व्व पडिहाइ // घउड्ॐ.११३१ [आर्या]
3929,
3930,
3931,[प. १६७]
3932,ण सहिज्जइ कामि-अणेण विरह-विअणा-विसण्ठुलङ्गेण
3933,ससिणो रवि-मण्डल-सम्पवेस-तत्तं व कर-जालं // घउड्ॐ.११३२ [आर्या]
3934,
3935,जाआĩ दुलह-दइआणुराअ-रणरणअ-मुक्क-थामाण
3936,तणुआअन्ताĩ वि कामिणीण गरुआĩ अङ्गाइं // घउड्ॐ.११३३ [आर्या]
3937,
3938,अवि अ—
3939,
3940,पडिरोहि-कण्ण-पल्लव-पणॊल्लणत्थं व तुलिअ-भुमअग्गा
3941,अग्घइणिमेस-णियमण-फुरन्त-पम्हाउरा दिट्ठी // घउड्ॐ.११३४ [आर्या]
3942,
3943,णमइ णडालञ्चिअ लज्जिएसु कर-मलिअ-कण्ठ-कुसुमेसु
3944,उव्वत्त-पम्ह-चुम्बिअ-पुडाĩ ण हु णाम अच्छीइं // घउड्ॐ.११३५ [आर्या]
3945,
3946,हत्थॊ घोलइ दंसणसमओसारिअ-णिरिङ्गि-विणिवेसो
3947,बाणीकअच्छि-सन्धाण-गहिअ-सवणावआसॊ व्व // घउड्ॐ.११३६ [आर्या]
3948,
3949,लज्जोणअ-वअणालक्खिऎक्क-दर-विअसिआहरन्ताइं
3950,गमणम्मि वि आबज्झन्ति वलिअ-मज्झाĩ दिट्ठाइं // घउड्ॐ.११३७ [आर्या]
3951,
3952,इअ कामिणीण पियअम-समागमुम्मिल्लमाण-मअणाण
3953,सज्झस-पडिबद्ध-रसाĩहोन्ति लीलाइअव्वाइं // घउड्ॐ.११३८ [आर्या]
3954,
3955,
3956,[प. १६८]
3957,ललणा वल्लहहुत्तं विलास-बिस-मण्डणाओवोलेन्ति
3958,णीसङ्कञ्चिअ बन्दीकइन्दु-किरणाऒ व्व णिसासु // घउड्ॐ.११३९ [आर्या]
3959,
3960,सरस-मअ-तम्बिमाहअ-किसलय-मालाअमाण-पम्हाइं
3961,रमण-पवेसत्थं पिव पियाण विअसन्ति अच्छीइं // घउड्ॐ.११४० [आर्या]
3962,
3963,अवहीरिअ-पियअमहुत्त-गमण-भय-दिण्ण-सङ्खलाइं व
3964,कज्जलिअ-बाह-लेहाĩ होन्ति कीए वि अच्छीइं // घउड्ॐ.११४१ [आर्या]
3965,
3966,थोएणवि दूमिज्जइ ण लेइ गरुअं पि णाम-मन्तक्खं
3967,इअ असमञ्जस-हिअओ होइ सिणेहेण जुवइ-जणो // घउड्ॐ.११४२ [आर्या]
3968,
3969,वलिउद्ध-कवोल-घडन्त-चन्द-बिम्बाण माणइत्तीण
3970,अन्तो दीसइ व णिरोह-पुञ्जिओ हास-विच्छड्डो // घउड्ॐ.११४३ [आर्या]
3971,
3972,सासुक्खअ-रअ-लहुइअ-समूससन्तुप्पलोणअ-मुहम्मि
3973,चसअम्मि कावि परिसेस-माण-गरुईचिरापिअइ // घउड्ॐ.११४४ [आर्या]
3974,
3975,अहिलासा रहस-विणिग्गएण कामेसु-जज्जरङ्गेण
3976,कुवलय-णालेण महुं हिअएण व कावि आपिअइ // घउड्ॐ.११४५ [आर्या]
3977,
3978,
3979,[प. १६९]
3980,चिर-सण्ठिओ विविअलइमाणो चिर-विअलिओ विसङ्घडइ
3981,विवरीअ-रसं कीलेइमहु-मओकामिणि-अणम्मि // घउड्ॐ.११४६ [आर्या]
3982,
3983,अखलिअ-सरीर-वअणोसहाव-हिअओसरन्त-मअ-धीरो
3984,मत्तॊ त्ति णवर णज्जइ कवोल-राएण जुवइ-जणो // घउड्ॐ.११४७ [आर्या]
3985,
3986,अङ्गाĩ पअणुआइं वि किम्पि गरुएइ महु-मअ-विलासो
3987,हिअआĩ पुणो लहुएइ माण-गरुआĩ वि पियाण // घउड्ॐ.११४८ [आर्या]
3988,
3989,विरह-विणिग्गअ-सेस व्व विब्भमा मन्द-हिअअ-सङ्गलिआ
3990,मुह-णीसासा पिय-सङ्गमम्मि सोहन्ति रमणीण // घउड्ॐ.११४९ [आर्या]
3991,
3992,सरस-णह-राइ-मग्गेहĩ पीण-थण-मण्डलाĩ तरुणीण
3993,पिय-सङ्गम-हरिसूसास-रहस-फुडिआĩव सहन्ति // घउड्ॐ.११५० [आर्या]
3994,
3995,सम्भाविअ-काम-हरोउप्पेइ रसंअसोउमल्लो वि
3996,णह-रेहा-फरुस-पयोहराण रमणीणपरिरम्भो // घउड्ॐ.११५१ [आर्या]
3997,
3998,गाढालिङ्गण-तण्हा-णिहेणपडिपीलणं वपडिवण्णं
3999,पढमं कीऎ वि भर-पीडिएण हिअएण थणआण // घउड्ॐ.११५२ [आर्या]
4000,
4001,
4002,[प. १७०]
4003,पढम-रआरम्भ-रसाण वि तह वच्छ-त्थलोवऊढाइं
4004,जह पीडिअ-जहण-णिरन्तराĩ जाअन्ति अङ्गाइं // घउड्ॐ.११५३ [आर्या]
4005,
4006,अच्चन्त-मएण विलासिणीण परिगलिअ-हिअअ-सुण्णाइं
4007,वड्ढन्त-णीरसाĩ णसमप्पन्तिच्चिअ रआइं // घउड्ॐ.११५४ [आर्या]
4008,
4009,अण्णोण्णाराहण-खण-खलन्त-हिअआवहीरिअ-सुहाइं
4010,सुहमब्भहिअंरइ-वित्थरेण पावन्ति मिहुणाइं // घउड्ॐ.११५५ [आर्या]
4011,
4012,ताइञ्चिअकिम्पिरसं देन्ति परूढे विपेम्म-राअम्मि
4013,पिय-दिण्ण-णहाहरणुल्लसाĩ रमणीणरमिआइं // घउड्ॐ.११५६ [आर्या]
4014,
4015,आवअणोरु-णिरन्तर-पीडिअ-देहाण हरइ मिहुणाण
4016,चलणेसु वि कअ-चलणो सव्वङ्गालिङ्गण-विलासो // घउड्ॐ.११५७ [आर्या]
4017,
4018,थण-बिम्बेसु वहूणं जॊव्वण-लद्ध-परिणाह-विअडेसु
4019,सॊ च्चिअतह-परिणाहोजाओ विरलॊ व्व रोमञ्चो // घउड्ॐ.११५८ [आर्या]
4020,
4021,पीडिअ-पयोहरोगाढ-णह-पौद्देस-दर-समूससिअं
4022,विमलइकरेण रमणस्स कावि वच्छ-त्थलं हसिरी // घउड्ॐ.११५९ [आर्या]
4023,
4024,
4025,[प. १७१]
4026,बहुसॊ भग्ग-ट्ठिअ-रमण-णह-सिहा-चुण्ण-विउण-गरुएण
4027,आयासिज्जइ थण-मण्डलेण मज्झालसा तरुणी // घउड्ॐ.११६० [आर्या]
4028,
4029,तणुअत्तण-णमिओअर-पयोहरासण्ण-जहण-णिमिअ-भुओ
4030,सोहइ तंस-णुवण्णोवलिओरु-लओ पिया-सत्थो // घउड्ॐ.११६१ [आर्या]
4031,
4032,दइयाऎ कोवि णिद्दा-परिस्समुब्भिण्ण-सेअ-बिन्दुइअं
4033,परिउम्बइसुह-णसहिअ-पडिबोहन्दोलिअं वअणं // घउड्ॐ.११६२ [आर्या]
4034,
4035,समभाव-पवत्तूसास-सिढिल-णीसह-परिट्ठिआवयवो
4036,दर-लक्खिअ-दुब्बलॊ व्व होइ णिद्दासु जुवइ-अणो // घउड्ॐ.११६३ [आर्या]
4037,
4038,णवरिअ णरिन्द-विक्कम-विअड-कहावसर-समुह-सुर-मुक्को
4039,कुसुम-णिवहॊ व्व णिवडइ णहाहि तारा-लवुप्पीलो // घउड्ॐ.११६४ [आर्या]
4040,
4041,जाअं तारा-वइणो वाअन्त-मुणाल-पाडल-मऊहं
4042,बिम्बं अबाल-जम्बू-फल-भङ्ग-पिसङ्ग-परिवेसं // घउड्ॐ.११६५ [आर्या]
4043,
4044,ओसारिअम्मि पच्छा सिण्हॊल्लिअ-तिमिर-केस-हत्थम्मि
4045,णिवडन्तिसलिल-बिन्दु व्व तारआ रअणि-तरुणीए // घउड्ॐ.११६६ [आर्या]
4046,
4047,
4048,[प. १७२]
4049,ल्हसिअ-ट्ठिअ-मअ-विच्छाय-मज्झ-ससि-बिम्ब-चुम्बिअं सहइ
4050,दद्दुर-उडंव दर-फुडिअ-विअड-पुड-मण्डलं गअणं // घउड्ॐ.११६७ [आर्या]
4051,
4052,अत्थाअ-तलिण-तारत्तणेणतञ्चेअ पढम-परिविरलं
4053,पच्छा पुञ्जिज्जन्तंपुणो वि विअडेइ गह-अक्कं // घउड्ॐ.११६८ [आर्या]
4054,
4055,अरुण-विराविअ-तणुआअमाण-सञ्ज्झा-रसाणुलित्तं व
4056,थोअ-त्थोअमुसालोअ-पण्डुरं होइ गअण-अलं // घउड्ॐ.११६९ [आर्या]
4057,
4058,पम्हन्तर-लक्खिअ-पण्डु-भाव-विसम-प्पहं समुप्पअइ
4059,सिण्हा-हअ-सामाअन्त-मसिण-देहंकवोअ-उलं // घउड्ॐ.११७० [आर्या]
4060,
4061,आरोहिणा पहाअ-क्कमेण परिपिञ्जरत्तणमुवेन्ता
4062,विडवेसु फल-विसेसापरिणाम-गुणं व गेण्हन्ति // घउड्ॐ.११७१ [आर्या]
4063,
4064,मिहु [णेहĩ रइ]-रसायाम-खेअ-खण-लद्ध-गरुअ-णिद्देहिं
4065,पडिबुज्झिज्जइ कह-कह वि सालसं रअणि-विरमम्मि // घउड्ॐ.११७२ [आर्या]
4066,
4067,तम-लोह-लॊढआणुगअ-मुक्क-गोस-प्पहो तलिण-मूलो
4068,गह-पलहि-बीअ-णिवहो पच्छा पुञ्जिज्जइ णिसाए // घउड्ॐ.११७३ [आर्या]
4069,
4070,
4071,[प. १७३]
4072,आयासेइ पईवेसलोल-कज्जल-सिहा-दरुव्वत्ते
4073,स-कअ-ग्गहं व पच्चूस-मारुओ वास-गेहेसु // घउड्ॐ.११७४ [आर्या]
4074,
4075,तञ्चेअ तिमिर-मलिणं जाअं अरुण-प्पहा-हअं गअणं
4076,सीसअमिव सिन्दूरत्तणेण पडिवण्ण-परिणामं // घउड्ॐ.११७५ [आर्या]
4077,
4078,गेण्हन्ति कण्ठ-फरुसाĩ कहवि रअणी-जलाणुभावेण
4079,विहआवलग्ग-रअ-संणिवेस-गरुआĩ बीआइं // घउड्ॐ.११७६ [आर्या]
4080,
4081,रुण्णारुण-णयणाओ व णिसा-विसूरन्त-णलिणि-सोएण
4082,सोहन्ति जलॊल्ल-ट्ठिअ-चक्काअ-जुआओ वावीओ // घउड्ॐ.११७७ [आर्या]
4083,
4084,ससिणो समोसरन्ती अत्थाअल-मत्थअ-त्थ-बिम्बस्स
4085,सोहइ सहआर-रसग्ग-तलिण-परिपण्डुराजोण्हा // घउड्ॐ.११७८ [आर्या]
4086,
4087,असहिअ-विसुद्ध-सुकआवअंस-सप्पुरिस-सुचरिउग्गारो
4088,विवलायइकलि-कालॊ व्व भिण्ण-हिअओ तमुग्घाओ // घउड्ॐ.११७९ [आर्या]
4089,
4090,कोऊहल-मिलिआमर-विमाण-रअण-प्पहा-विभिण्णॊ व्व
4091,जाओअजड-जवा-कुसुम-पाडलो णह-अल-विआणो // घउड्ॐ.११८० [आर्या]
4092,
4093,
4094,[प. १७४]
4095,परिगलिअ-पण्डु-तारा-दलस्स णह-साहिणोविणिक्खमइ
4096,णव-किसलय-सोहग्गेण पढममरुणुग्गमालोओ // घउड्ॐ.११८१ [आर्या]
4097,
4098,इट्टा-चुण्णं व किरन्तमुद्धमरुणाअवं परिप्फुरइ
4099,रविणो गअणासि-णिसाण-चक्क-वलओवमं बिम्बं // घउड्ॐ.११८२ [आर्या]
4100,
4101,जलहिस्स पुणो वि समागमं व बहलत्तणेण सूअन्तं
4102,अ-पुणागमणाय व तं तिमिरं उम्मूलिअं रविणा // घउड्ॐ.११८३ [आर्या]
4103,
4104,णवरिअ णिव्वत्तिअ-रअणि-विरम-काअव्व-णिव्वुओ ताण
4105,सो साहिउं पअत्तो चरिअं चाणक्क-चरिअस्स // घउड्ॐ.११८४ [आर्या]
4106,
4107,णवरिअ णिवडिअ-तम-लोह-टङ्क-परिसुद्धि-तुङ्ग-विअडासु
4108,आसा-भित्तिसु पत्थिव-पसत्थि-जॊग्गासु व ठिआसु // घउड्ॐ.११८५ [आर्या]
4109,
4110,अग्ग-ट्ठिअ-हरिअ-तुरङ्ग-पल्लवेमङ्गलाय कलसॆ व्व
4111,तक्खणमुक्खित्ते तरणि-मण्डले वासव-दिसाए // घउड्ॐ.११८६ [आर्या]
4112,
4113,पहु-कित्ति-णिसमणूसुअ-हिअअ-क्खलिअ-रमणाहिलासासु
4114,अन्दोलिऊण सुर-सुन्दरीसु रहसा विणिन्तीसु // घउड्ॐ.११८७ [आर्या]
4115,
4116,
4117,[प. १७५]
4118,कुसुम-वरिसूसुआमर-विलुत्त-मणि-मौल-कन्दल-दलासु
4119,विरलाअन्तीसु सुरिन्द-मन्दिरुज्जाण-वीहीसु // घउड्ॐ.११८८ [आर्या]
4120,
4121,अमऒधओअ-परिहिट्ठ-कण्ठ-महुरीहुअन्त-रसिअम्मि
4122,मङ्गल-जीमूअ-उलम्मि गअण-वट्ठे पौट्ठम्मि // घउड्ॐ.११८९ [आर्या]
4123,
4124,चलिअम्मि रहस-विअलिअ-कण्हाइण-णिअलिए मुणि-अणम्मि
4125,कोऊहल-पत्थिअ-गअण-हरिण-पडिवण्ण-चलणॆ व्व // घउड्ॐ.११९० [आर्या]
4126,
4127,विणयाढत्त-णराहिव-चरिअ-समाअण्णणाअरेणं व
4128,आमुक्क-पाअवासण-बन्धेसु विहङ्गम-कुलेसु // घउड्ॐ.११९१ [आर्या]
4129,
4130,लम्बि-महा-दप्पण-सङ्कमन्त-संमद्द-णिरवआसेसु
4131,भवण-क्खम्भावलि-सिहरमारुहन्तेसु व जणेसु // घउड्ॐ.११९२ [आर्या]
4132,
4133,धवलिज्जन्त-समुण्णअ-पहु-जस-पासाअ-घडिअ-मञ्चं व
4134,कम-लम्बिअ-तिअस-विमाण-मण्डलं णह-अलं जाअं // घउड्ॐ.११९३ [आर्या]
4135,
4136,किं च—
4137,
4138,तुह धारा-सन्दाणिअ-गइन्द-मुत्ताहलो असीजयइ
4139,गौड-गल-च्छेअ-वलग्ग-सण्ठिएआवलीऒ व्व // घउड्ॐ.११९४ [आर्या]
4140,
4141,
4142,[प. १७६]
4143,सम-जाइत्तण-सम्भाविओवआरेहĩ णिअअ-चलणेहिं
4144,पॊच्छाहिअ व्व चलणे तु एन्ति णिअलाविला रिउणो // घउड्ॐ.११९५ [आर्या]
4145,
4146,कर-सन्दिरेण सोहसि तद्दिअसं दाण-वारिणा देव
4147,हिअअ-भरिअस्स करुणा-रसम्बुणो णिग्गमेणं व // घउड्ॐ.११९६ [आर्या]
4148,
4149,णन्दइ तुह विणिअत्तस्स आसमुद्दं दिसाओ जेऊण
4150,लच्छी पुणो वि पिउणा सम्पेसण-दिण्ण-विहव व्व // घउड्ॐ.११९७ [आर्या]
4151,
4152,कारासु पढममणुहूअ-णिअल-मल-मग्ग-लञ्छणाचलणा
4153,तऎ छेइज्जन्तिविइण्ण-काल-सुत्त व्व सत्तूण // घउड्ॐ.११९८ [आर्या]
4154,
4155,सङ्कन्त-महि-रओ-धूसराĩसम्पइ तुह पणामेसु
4156,भिउडी मइलण-भीअ व्व रिउ-णडालाĩ णारुहइ // घउड्ॐ.११९९ [आर्या]
4157,
4158,गरुअअर-मत्त-वारण-खन्ध-समारुहण-विरलिएणं व
4159,ऊरु-जुएण विराअइ सहाव-विअडं गअं तुज्झ // घउड्ॐ.१२०० [आर्या]
4160,
4161,घॆप्पइ अगुणीहĩ गुणि व्व जेण गुण-गारवेण वो अप्पा
4162,तेणेअ तं पि मण्णसि अप्पाणमणज्जिअ-गुणं व // घउड्ॐ.१२०१ [आर्या]
4163,
4164,
4165,[प. १७७]
4166,जाहॆ च्चिअ तं चलणोणआणअवरिंकरं पसारेसि
4167,लच्छी भुअ-ट्ठिआ वो ताहॆ च्चिअतेसुसङ्कमइ // घउड्ॐ.१२०२ [आर्या]
4168,
4169,अकओवआर-तणुआअभग्ग-पसरेसुतुज्झ दीसन्ति
4170,सङ्कन्ता इव अलएसु केस-हत्था रिउ-पियाण // घउड्ॐ.१२०३ [आर्या]
4171,
4172,इअताहॆ भावागअ-पच्चक्खाअन्त-णरवइ-गुणाण
4173,विवरॊक्खम्मि वि जाआकईणसम्बोहणालावा // घउड्ॐ.१२०४ [आर्या]
4174,
4175,अवि अ—
4176,
4177,अह सुद्धम्मि अ णिहसुत्थ-कञ्चणाहरण-रअ-पिसङ्गम्मि
4178,जाअम्मि सुवण्णमऎ व्व तम्मि जण-संसिए दिअसे // घउड्ॐ.१२०५ [आर्या]
4179,
4180,सङ्कन्तासेस-सरस्सइत्तणेणं व साहिरे तम्मि
4181,जाओखणेणमूअल्लिऒ व्वकोऊहला लोओ // घउड्ॐ.१२०६ [आर्या]
4182,
4183,किं च—
4184,
4185,वीसम्भमगन्तूणं व विसम-महिला-सहाव-दोसेण
4186,बाहिञ्चिअ वेरि-सिरीओ जेण पणईण दिण्णाओ // घउड्ॐ.१२०७ [आर्या]
4187,
4188,जस्स विअयाहिसेए विवक्ख-देवीहĩणव-णिओआहिं
4189,पीआĩतक्खणूप्पिअ-चमरन्तरिआĩ अंसूहिं // घउड्ॐ.१२०८ [आर्या]
4190,
4191,
4192,[प. १७८]
4193,तस्स इमंपावणमहिणवं चचित्तं च विम्हय-करं च
4194,सीसइ चरिअमचरमं णराहिवइणो णिसामेह // घउड्ॐ.१२०९ [आर्या]
4195,
4196,
4197,कइराअ-लञ्छणस्स वप्पइराअस्स गौडवहे गाहावीढं समत्तं
4198,
