line_number,devanagari_text
1,
2,[प. १]
3,[सिरिजिणेसरसूरिविरैओ]
4,
5,[गाहारयणकोसो]
6,
7,[विषयनिर्देशः]
8,
9, -       (- आदौ जिनस्तुतिप्रक्रमः १)
10,
11,
12, -       (- ब्रह्मस्तुतिः २)
13,
14,
15, -       (- विष्णुस्तुतिः ३)
16,
17,
18, -       (- महेश्वरस्तुतिः ४)
19,
20,
21, -       (- सरस्वतीस्तुतिः ५)
22,
23,
24, -       (- काव्यप्रशंसा ६)
25,
26,
27, -       (- समुद्रः ७)
28,
29,
30, -       (- वडवानलः ८)
31,
32,
33, -       (- क्र̥ष्णक्रीडा ९)
34,
35,
36, -       (- नगरवर्णनम १०)
37,
38,
39, -       (- सुजनः ११)
40,
41,
42, -       (- दुर्जनः १२)
43,
44,
45, -       (- सुस्वामी १३)
46,
47,
48, -       (- लक्ष्मीः १४)
49,
50,
51, -       (- दानम १५)
52,
53,
54, -       (- कुस्वामी १६)
55,
56,
57, -       (- क्र̥पणः १७)
58,
59,
60, -       (- दारिद्र्यम १८)
61,
62,
63, -       (- स्थैर्यधैर्यादिगुणाः १९)
64,
65,
66, -       (- राजवर्णकः २०)
67,
68,
69, -       (- राजनीतिः २१)
70,
71,
72, -       (- छेकः २२)
73,
74,
75, -       (- हीआली २३)
76,
77,
78, -       (- वेश्या २४)
79,
80,
81, -       (- सर्वाङ्गस्त्रीवर्णनम २५)
82,
83,
84, -       (- श्र̥ङ्गारः २६)
85,
86,
87, -       (- नयनम २७)
88,
89,
90, -       (- स्नेहः २८)
91,
92,
93, -       (- दूती २९)
94,
95,
96, -       (- प्रेम ३०)
97,
98,
99, -       (- मानः ३१)
100,
101,
102, -       (- उभयानुगतचाटु ३२)
103,
104,
105, -       (- मानिनीप्रत्युत्तरम ३३)
106,
107,
108, -       (- विरहः ३४)
109,
110,
111, -       (- सूर्यास्तः ३५)
112,
113,
114, -       (- चक्रवाकः ३६)
115,
116,
117, -       (- खद्योतः ३७)
118,
119,
120, -       (- चन्द्रः ३८)
121,
122,
123, -       (- कुमुदिनी ३९)
124,
125,
126, -       (- प्रभातम ४०)
127,
128,
129, -       (- सूर्योदयः ४१)
130,
131,
132, -       (- कमलिनी ४२)
133,
134,
135, -       (- अलिमालती ४३)
136,
137,
138, -       (- प्राव्र̥ट ४४)
139,
140,
141, -       (- शरत ४५)
142,
143,
144, -       (- हेमन्तः ४६)
145,
146,
147, -       (- शिशिरः ४७)
148,
149,
150, -       (- वसन्तः ४८)
151,
152,
153, -       (- ग्रीष्मः ४९)
154,
155,
156, -       (- असती ५०)
157,
158,
159, -       (- व्र̥क्षजातिः ५१)
160,
161,
162, -       (- पर्वतः ५२)
163,
164,
165, -       (- सिंहः ५३)
166,
167,
168, -       (- गजः ५४)
169,
170,
171, -       (- करभः ५५)
172,
173,
174, -       (- धवलः ५६)
175,
176,
177, -       (- मुत्कलः ५७)
178,
179,
180, -       (- शान्तरसः ५८)
181,
182,
183,अनेनैव पद्धतिक्रमेण गाथारत्नकोशप्रक्रमा ज्ञातव्याः.
184,
185,
186,
187,---------------------------------------------------------------------
188,[मङ्गलमभिधेयं च]
189,
190,पणमह पुरिसॊत्तमनाहितणयमुहनलिणवासिणिं वाणिं
191,जीए पवयणजोन्हं सुकइचओरा परिलिहन्ति // घाड़खो.१
192,
193,सुकइवयण'ण्णवाओ विचित्तरयणाणि सुत्तिरयणाणि
194,गहिऊण कओ कोसो अओ अ गाहारयणकोसो // घाड़खो.२
195,
196,
197,
198,---------------------------------------------------------------------
199,[१. १. अथ जिनस्तुतिः]
200,
201,पढमं चिय पढमजिणस्स नमह नहमणिमऊहरमणिज्जं
202,अङ्कुरिअमॊक्खपायवबीयनिहाणं व पयकमलं // घाड़खो.३
203,
204,
205,[प. २]
206,पडिवज्जन्तो वि सया कलन्तरं नेअ जस्स मुहचिन्हं
207,पावइ चन्दो तं कमलकुलगिहं नमह वीरजिणं // घाड़खो.४
208,
209,
210,
211,---------------------------------------------------------------------
212,[२. २. अथ ब्रह्मणः स्तुतिः]
213,
214,तं पणमह तिगिन्निच्छलं[?]ण निवसइ निवेसक[म]लम्मि
215,जस्स परिमाणनिवहो व्व भुवणनिम्माणपडिवन्नो // घाड़खो.५
216,
217,पढमं चिय धवलकओववीयमम्बुरुहगोयरं नमह
218,हरिनिज[य]जढरमोखित्तनालसुत्तं पिव सयम्भुं // घाड़खो.६
219,
220,
221,
222,---------------------------------------------------------------------
223,[३. अथ विष्णुस्तुतिः]
224,
225,सेसफणामणिदप्पणविंविज्जन्तस्स कोलरूवस्स
226,धरणिधरणम्मि हरिणो वराहजूहाइयं नमह // घाड़खो.७
227,
228,तं नमह जस्स वच्छे लच्छिमुहं कॊत्थुहम्मि सङ्कन्तं
229,दीसइ मयपरिहीणं ससिविम्बं सूरविंवम्मि // घाड़खो.८
230,
231,रक्खतु वो रोमलया मायामहिलत्तणे महुमहस्स
232,गूढोयरतामरसाणुसारिणी भमरमाल व्व // घाड़खो.९
233,
234,वियडससिमण्डलायन्तसलिलभरियम्मि भुवणवलयम्मि
235,हरिणो हरिणच्छायाविलासपरिसण्ठियं जयइ // घाड़खो.१०
236,
237,
238,
239,---------------------------------------------------------------------
240,[४. ४. अथ महेश्वरस्तुतिः]
241,
242,तं नमह जस्स रेहइ वियडजडाहारपासपडिलग्गं
243,रइकलहकुविअपव्वइविभिण्णवलयं व ससिखण्डं // घाड़खो.११
244,
245,पणमह पणयपकुव्वियगोरीचलणग्गलग्गपडिविंवं
246,दससु नहदप्पणेसुं एयारहतणुहरं रुद्दं // घाड़खो.१२
247,
248,तं नमह जो जडायडलीलासन्दाणियं समुव्वहइ
249,गोरीकवो[लउ]व्वरियकन्तिसेसं पिव मयङ्कं // घाड़खो.१३
250,
251,पमुवइणो रोसारुणपडिमासङ्कन्तगोरिमुहयन्दं
252,गहिय'ग्घपङ्कयं पिव सञ्झासलिलञ्जलिं नमह // घाड़खो.१४
253,
254,
255,[प. ३]
256,
257,
258,---------------------------------------------------------------------
259,[५. ५. अथ सरस्वतीस्तुतिप्रक्रमः]
260,
261,नन्दउ सच्छन्दगई निम्मलपयपूरगारवमहग्घो
262,जलहिपडिरुद्धपसरो सुकईण सरस्सईपवहो // घाड़खो.१५
263,
264,आसंसारं कइपुङ्गवेहिं तद्दियहगहियसारो वि
265,अज्ज वि अभिन्नमुद्दो व्व जयइ वायापरिप्फन्दो // घाड़खो.१६
266,
267,पणमह पणमन्तमहाकइन्दसङ्कन्तनयणपडिविंवं
268,कयनीलुप्पलपूयं व भारईचरणनहनिवहं // घाड़खो.१७
269,
270,तं नमह भारइं जीए चरणनहदप्पणेसु सङ्कन्ता
271,बहुवयणा होन्ति फुडं पणमन्ता तक्खणे कइणो // घाड़खो.१८
272,
273,
274,
275,---------------------------------------------------------------------
276,[६. ६. अथ काव्यप्रशंसा]
277,
278,सरसा वि हु कव्वकहा परिओसं कुणइ कस्स वि मणम्मि
279,फुल्लन्ति न सयलतरू वरतरुणीचरणफंसेण // घाड़खो.१९
280,
281,ललिए महुर'क्खरिए जुवईजणवल्लहे ससिङ्गारे
282,सन्ते पाइयकव्वे को सक्कइ सक्कयं पढिउं? // घाड़खो.२०
283,
284,पाइयकव्वं पढिउं गुम्फेउं तह य कुज्जयपसूणं
285,कुवियं च पसाहेउं अज्ज वि वहवे न याणन्ति // घाड़खो.२१
286,
287,चिन्तामन्दरमन्थाणमन्थिए वित्थियम्मि अत्थाहे
288,उप्पज्जन्ति[य]कइहिययसायरे कव्वरयणाइं // घाड़खो.२२
289,
290,अणवरयबहुलरोमञ्चकञ्चुयं जणियजणमणाणन्दं
291,जं न धुणावइ सीसं कव्वं पिम्मं च किं तेण? // घाड़खो.२३
292,
293,कइणो जयन्तु ते जलहिणो व्व उवजी विऊण जाण पयं
294,अन्ने विजणा भुवणे कुणन्ति घन्नाण उक्करिसं // घाड़खो.२४
295,
296,हिययाइं सज्जणांणं रञ्जइ कसिणेइ खलयणमुहांइ
297,कव्वं सुहासिअं पि हु जाण नमो ताण सुकईणं // घाड़खो.२५
298,
299,सालङ्काराहिं मणोहराहिं अन्नुन्नरायरसियाहि
300,गाहाहिं पणइणीहिं वि डज्झइ हिययं अयन्ती हिं // घाड़खो.२६
301,
302,छन्दं अयाणमाणेहि जा कया सा न होइ रमणीआ
303,किं गाहा न हु सेवा? अहवा गाहा वि सेवा वि // घाड़खो.२७
304,
305,
306,[प. ४]
307,अद्धक्खरभणियाइं नूणं सविलासअद्धहसियाइं
308,अद्धच्छिपॆच्छिआइं वि गाहाहिं विणा न नज्जन्ति // घाड़खो.२८
309,
310,अइचम्पिय विणस्सइ दन्तच्छेएण होइ विच्छायं
311,ढलहलयं विय मुच्चइ पाइयकव्वं च पिम्मं च // घाड़खो.२९
312,
313,
314,
315,---------------------------------------------------------------------
316,[७. अथ समुद्रप्रक्रमः]
317,
318,रयणेहिं निरन्तरपूरियस्स रयणायरस्स न हु गव्वो
319,करिणो मुत्ताहलसंसए हि मयभिम्भला दिट्ठी // घाड़खो.३०
320,
321,रयणायरस्स न हु होइ तुच्छिमा निग्गएहिं रयणेहिं
322,तह वि हु चन्दसरिच्छा विरला रयणायरे रयणा // घाड़खो.३१
323,
324,जइ कहव अनिम्महिओ दिन्तो तियसाण रयणसङ्घायं
325,ता तिहुयणे वि उवमा न हॊज्ज मन्नेसमुद्दस्स // घाड़खो.३२
326,
327,तुहिणकरसीयलो च्चिय वडवानलडज्झिओ वि मयरहरो
328,न मुणिज्जन्ति वहन्ता गङ्गोद … … … // घाड़खो.३३
329,
330,ते अइगहिरा फुडफेणपण्डुरा गाहगज्जिररउद्दा
331,सायरअयत्थिहत्थे[?]कत्थ गया तुह तरङ्गोहा? // घाड़खो.३४
332,
333,जलणं जलं च अमियं विसं च कण्हं सदाणवं चेव
334,उयरे धरन्त! मयरहर! तुज्झ महिम च्चिअ अपुव्वो // घाड़खो.३५
335,
336,साहीणामय रयणे अमरमरोरं च भुवणमकुणन्तो
337,उल्लसिरेहिं न लज्जसि लहरीहिं तरङ्गिणीनाह! // घाड़खो.३६
338,
339,इयरो गामतलाओ पूरिज्जइ पूयराण नियरेण
340,घणमच्छपुच्छघायं पुणो वि रयणायरो सहइ // घाड़खो.३७
341,
342,वारं वारं विणिवारिआ वि रेवा न सायरं मुयइ
343,अहवा सव्वसलूणे पियम्मि को रूसिउं तरइ? // घाड़खो.३८
344,
345,हिययनिवेसियवडवानलो वि विसकुलहरं पि जलरासी
346,रयणायरु त्ति लम्भइ पॆच्छ पसिद्धिए माहप्पं // घाड़खो.३९
347,
348,
349,[प. ५]
350,"लच्छी धूआ, जामाउओ हरी, तह य पणइणी गङ्गा"
351,अमय-मियङ्का य सुआ अहो! कुडुम्बं महोअहिणो // घाड़खो.४०
352,
353,माहप्पं तं खलु लवणिमाए जं किल सयं समुद्दम्मि
354,निवडन्ति कूरसत्ते वि जडसहावे वि सरियाओ // घाड़खो.४१
355,
356,जह जह सरियाओ जलं खिवन्ति तह तह किलम्मए उयही
357,महिलाहिन्तोरिद्धिं ईहन्ति कहं महासत्ता? // घाड़खो.४२
358,
359,पूरिज्जन्तो वि जलेहिं जलनिही जलहरेहिं तणुआइ
360,उवयरियं पि हु उवरिद्धिएहिं गरुयाण अवयरियं // घाड़खो.४३
361,
362,"सोसं न गओ, न गओ रसायलं, जलहि! किं न फुडिओ सि?"
363,तडसण्ठिया वि सउणा तण्हइया जस्स वोलीणा // घाड़खो.४४
364,
365,लच्छीए विणा रयणायरस्स गम्भीरिमा तह ज्जेव
366,सा लच्छी तस्स विणा कस्स न गेहे परिब्भमइ? // घाड़खो.४५
367,
368,"विहलं पडिच्छिउं गुरुययाण पयई, न कारणाविक्खा"
369,गिरिसरिगलत्थिए पत्थरे वि रयणायरो धरइ // घाड़खो.४६
370,
371,
372,
373,---------------------------------------------------------------------
374,[८. अथ वडवानलप्रक्रमः]
375,
376,जं अत्थीहिं न पिज्जइ आसाइज्जइ न सउणसत्थेहि
377,तं सायरस्स सलिलं खवन्त! वडवानल! नमो ते // घाड़खो.४७
378,
379,सोसउ म सोसउ च्चिय सलिलं रयणायरस्स वडव'ग्गी
380,जं लहइ जले जलणो तेणं चिय किं न पज्जत्तं? // घाड़खो.४८
381,
382,पायालुयरगहरीहिं सायरलहरीहिं जा न उल्हविया
383,सा वडवानलतण्हा कह फिट्टइ सरिझलक्केहिं? // घाड़खो.४९
384,
385,का समसीसी वडवानलेण इयराण तेयवन्ताणं?
386,उल्हवियसिहिसमूहो वि इन्धणं जस्स मयरहरो // घाड़खो.५०
387,
388,उयहि-वडवानलाणं परप्परुल्हवण-सोसणमणाण
389,जा वट्टइ संरम्भो ताव सुहं जियइ जियलोओ // घाड़खो.५१
390,
391,दु च्चेय पत्तरेहा उत्तम-अहमासु पुरिसपन्तीसु
392,"दिन्ताणं रयणनिही, मग्गन्ताणं तु वडवग्गी // घाड़खो.५२"
393,
394,
395,[प. ६]
396,
397,
398,---------------------------------------------------------------------
399,[९. अथ क्र̥ष्णक्रीडाप्रक्रमः]
400,
401,सो को वि गुणो गोवालियाण जइ नत्थि कन्ह! ऎक्को वि
402,उज्जयसीलावसरे तह वि हु माविभरिज्जासु // घाड़खो.५३
403,
404,उय ऊढभुवणभारो वि केसवो सिहिभरेण राहाए
405,"कुवलयदलं व तुलिओ, हलुइज्जइ को न पिम्मेण? // घाड़खो.५४"
406,
407,किसिओ सि कीस केसव! जं न कओ धन्नसङ्गहो मूढ!
408,कत्तो मणपरिओसो वि साहियं भुञ्जमाणस्स? // घाड़खो.५५
409,
410,सच्चं चेय भुयङ्गी वि साहिया किर विसाहिया कण्ह!
411,साहीणविणयपणओ वि जीए घुम्माविओ तं सि // घाड़खो.५६
412,
413,कसिणे वि जले कण्हस्स कालिओ फणिमणीहिं उवदिट्ठो
414,देहुप्पन्ना वि विसंवयन्ति दिव्वे पराहुत्ते // घाड़खो.५७
415,
416,उप्पज्जन्ति चयन्ति य बहुसो जलमाणुसीओ जलहिम्मि
417,सा लच्छी वच्छयलं अलङ्कियं जीए कन्हस्स // घाड़खो.५८
418,
419,जलनिहिमुक्केण वि कुत्थुहेणपत्तंमुरारिणो हिययं
420,तेण उण तम्मि ठाणे न याणिमो किं पि विणिहित्तं // घाड़खो.५९
421,
422,सो सग्गो सा लच्छी ताइं वत्थाइं ते अलङ्कारा
423,राहापलोयहीणाहरिणो हियए खुडुक्खुडइ // घाड़खो.६०
424,
425,"हिययाउ जा न मुक्का, अहमाण वि सङ्गयं अणुचरन्ती"
426,कण्हस्स तीए लच्छीए पडिकयं किं नु कायव्वं? // घाड़खो.६१
427,
428,
429,
430,---------------------------------------------------------------------
431,[१०. अथ नगरवर्णनप्रक्रमः]
432,
433,जत्थ ससिकन्तकविसीसयङ्किओ सूरकन्तमणिसालो
434,रविससिसङ्गे परिहाजलाइं सोसेइ पोसेइ // घाड़खो.६२
435,
436,परिहाजलसङ्कन्तो मरगयसिहरङ्किओ फलिहसालो
437,सहइ जहिं जलहिजलन्तसेससयणत्थविण्हुव्व // घाड़खो.६३
438,
439,सियकरकिरणनिरन्तरफुरन्तससिकन्तसालभञ्जीहि
440,रयणीसु तियसभवणाइं जत्थ धारागिहायन्ति // घाड़खो.६४
441,
442,पइदियहं विलसन्ते दट्ठुं गोरी-महेसरे जत्थ
443,कुड्डेण आगओ हिमगिरि व्व धवलो सहइ सालो // घाड़खो.६५
444,
445,
446,[प. ७]
447,जत्थ मणिभवणभित्तीसु पिच्छितुं अत्तणो वि पडिबिम्बं
448,पडिजुवइसङ्किरीओ पिएसु कुप्पन्ति मुद्धाओ // घाड़खो.६६
449,
450,जत्थ'च्छफलिहभूमिसुसालत्तयतरुणिचरणपडिबिम्बं
451,चुबन्ति मुद्धभसला जलविलसिरकमलभन्तीए // घाड़खो.६७
452,
453,जत्थ अनीइपराइं खॆत्ताइं चेव न उण सप्पुरिसा
454,दीसन्ति दियवर च्चिय कुसा''सणग्गहणतल्लिच्छा // घाड़खो.६८
455,
456,विलयाउलाइं वित्थिन्नपत्तपुन्नाइं पवरसालाइं
457,"जत्थ भवणाइं मज्झे, वणाइं वाहिं विरायन्ति // घाड़खो.६९"
458,
459,नीलमणिकुट्टिमे जत्थ नववहू पिच्छिऊण सङ्कन्तं
460,समुहं तग्गहणत्थं हत्थं कमलब्भमा खिवइ // घाड़खो.७०
461,
462,घरसिरपसुत्तकामिणिकवोलसङ्कन्तससिकलावलयं
463,हंसेहिं अहिलसिज्जइ मुणालसद्धालुएहिं जहिं // घाड़खो.७१
464,
465,
466,
467,---------------------------------------------------------------------
468,[११. अथ सुजनप्रक्रमः]
469,
470,"इच्छन्ति न नेहलवं, सकज्जलग्गा न होन्ति मणयं पि"
471,अमुणियदसाविसेसा सुयणा रयणप्पईव व्व // घाड़खो.७२
472,
473,"छाइल्लोपियइ तमं, तं च[?उ]उव्वमइ कज्जलमिसेण"
474,अन्ने वि सुइसहावा हियए कलुसं न हु धरन्ति // घाड़खो.७३
475,
476,दढरोसकलुसिअस्स वि सुअणस्स मुहाओ विप्पियं कत्तो?
477,राहुमुहम्मि वि ससिणो किरणा अमयं चिय मुयन्ति // घाड़खो.७४
478,
479,पिसुणो अइदित्तग्गी नेहसहस्साइं झत्ति जो जरइ
480,सुयणो उण मन्दग्गी ऎक्कं नेहं न जो जरइ // घाड़खो.७५
481,
482,विमलेण वि कह उवमा ऎक्कसरूवस्स सुयणहिययस्स
483,फलिहोवलेण कीरइ आसयवसभिन्नरूवेण? // घाड़खो.७६
484,
485,अभणन्ताण वि नज्जइ परिणामं सुपुरिसाण चरिएहिं
486,किं जम्पन्ति मणीओ जेण सहस्सेहिं घिप्पन्ति? // घाड़खो.७७
487,
488,पडिवन्नपक्खवाओ गुणसञ्जुत्तो समुज्जओ सफलो
489,बाणो व्व हिययलग्गो मारइ सुयणो अदीसन्तो // घाड़खो.७८
490,
491,
492,[प. ८]
493,चावगुणाणं दुण्हं रेहन्ति महाणुभावचरियाइं
494,ऊहरसमुण्णयाणं कोडीओ दिन्त-लिन्ताणं // घाड़खो.७९
495,
496,सहइ समूलाण समुण्णयाण वहुसउणसत्थनिलयाण
497,सप्पुरिसाण दुमाण व परोवयारप्फला रिद्धी // घाड़खो.८०
498,
499,सो जयउ जेण सुयणा वि दुज्जणा इह विणिम्मिया भुवणे
500,न तमेण विणा पावन्ति चन्दकिरणा वि परभागं // घाड़खो.८१
501,
502,तं परिवडूढन्ति खणं खणं पि निवसन्ति जत्थ सप्पुरिसा
503,जाओ कलिम्मि जस्सिं तइं उण सो चेव निट्ठविओ // घाड़खो.८२
504,
505,"कलहन्ताण वि न हु निग्गयाइं, हियए जरं अइगयाइं"
506,सुयणकयाइं रहस्साइं दहइ आउक्खए अग्गी // घाड़खो.८३
507,
508,"खज्जन्ति टस त्ति न भञ्जिऊण, पिज्जन्ति नेय घुण्टेहिं"
509,तह वि हु कुणन्ति तित्ति आलावा सज्जणजणस्स // घाड़खो.८४
510,
511,ईसिं पि न लक्खिज्जइ सुत्तं हारेसु मुत्तिउत्थइयं
512,सुगुणा वि गुणब्भहिएहिं अन्तरिज्जन्ति किं चॊज्जं? // घाड़खो.८५
513,
514,कलिकालकवलनॊव्वरियसुपुरिसा सन्ति कत्थ व पएसे
515,वीयं व कयजुयत्थे अज्ज वि परिरक्खियं विहिणा // घाड़खो.८६
516,
517,पसमियसोहाससहरस्स'ल्लीणस्स वङ्किमा जं से[?]
518,"रिद्धीसु पञ्जला होन्ति सुपुरिसा, न य विवत्तीसु // घाड़खो.८७"
519,
520,विरला उवयरिऊणं निरवॆक्खा जलहर व्व वच्चन्ति
521,झिज्झन्ति ताण विरहे विरल च्चिय सरिपवाहो व्व // घाड़खो.८८
522,
523,सन्तिअसङ्खा सङ्खा धवला रयणायरुब्भवा भुवणे
524,न हु ताण सद्दलद्धी जाया जा पञ्चजण्णस्स // घाड़खो.८९
525,
526,छिन्नाण सोसियाण य दाहं पत्ताण छिद्दभरियाण
527,अहममुहदूसियाण वि सुहो उ सद्दो सुवंसाण // घाड़खो.९०
528,
529,"हियए जाओ,नोचेव पसरिओ, नेय पयडिओ लोए"
530,ववसायपायवो सुपुरिसाण लक्खिज्जइ फलेहिं // घाड़खो.९१
531,
532,"न हु महुमहस्स वच्छे, मत्थे कमलाण, नेय खीरोए"
533,ववसायपायवे सुपुरिसाण लच्छी फुडं होइ // घाड़खो.९२
534,
535,
536,[प. ९]
537,सब्भावखलाण वि कुणइ किं पि सुयणत्तणं सुयणसङ्गो
538,झीणस्स वि कज्जलमीसि घडइणयणस्स लायण्णं // घाड़खो.९३
539,
540,सच्चरियनिम्मलाणं अलिअपराण वि सिरीओ वड्ढन्ति
541,सच्छिद्दाणं मुत्ताण रायवच्छत्थलारोहो // घाड़खो.९४
542,
543,किं इत्तिएण गयणङ्गणस्स गरुअत्तणं समोसरइ?
544,सज्जणहिययस्स न जित्तितेएण सरिसाइयं तेण // घाड़खो.९५
545,
546,
547,
548,---------------------------------------------------------------------
549,[१२. अथ दुर्जनप्रक्रमः]
550,
551,"सुयणो तुसारसरिसो ताविज्जन्तो विलाइ, न हु जलइ"
552,इयरो दीवयसरिसो कयनेहो जलइ अहिअयरं // घाड़खो.९६
553,
554,सुयणत्तणं न केण वि अन्तोमलिणाण तीरए काउं
555,सीसेण वहन्तस्स वि हरस्स वङ्को च्चिय मयङ्को // घाड़खो.९७
556,
557,पुरिसा जे गुणरहिया कुलेण गव्वं वहन्ति ते मूढा
558,वंसुप्पण्णं पि धणु गुणरहिअं भणह किं कुणइ? // घाड़खो.९८
559,
560,गुरुआ वि जेसु मडहा सङ्कन्ता दप्पणेसु दीसन्ति
561,जुत्तमिणं जं दिज्जइ जणेण छारं मुहे तस्स // घाड़खो.९९
562,
563,पुरिसाण कुलीणाण वि न कुलं विणयस्स कारणं होइ
564,चन्दा'मय-लच्छिसहोयरं पि मारेइ किं न विसं? // घाड़खो.१००
565,
566,जह कणयं तह परिमाणपत्थरं बे वि तुलइ नाराओ
567,अहवा निरक्खराणं गुण-दोसवियारणा कत्तो? // घाड़खो.१०१
568,
569,दोमुहं! निरक्खर[?य]! लोहमइय! नाराय! कित्तियं भणिमो
570,गुञ्जाहिं समं कणयं तुलन्त न गओ'सि पायालं // घाड़खो.१०२
571,
572,विद्दवियगुणो दोसॆक्कपायडो नेहखवणतत्तिल्लो
573,दीवो व्व खलो आसन्नसण्ठिओ कं न मइलेइ? // घाड़खो.१०३
574,
575,सज्जणसङ्गेण वि दुज्जणस्स न हु कलुसिमा समोसरइ
576,ससिमण्डलमज्झपरिट्ठिओ वि कसिणो च्चिय कुरङ्गो // घाड़खो.१०४
577,
578,गुणलेसो वि[?य]न सुयण! तुज्झ घडन्तस्स किं पि उव्वरिओ
579,मन्ने दोसमओ च्चिय तेण जए दुज्जणो घडिओ // घाड़खो.१०५
580,
581,
582,[प. १०]
583,मलिणायारं दट्ठूण मण्डलो भसउ तस्स न हु दोसो
584,दुट्ठखलो अपरॊक्खे विमलसहावाण वि भसेइ // घाड़खो.१०६
585,
586,वसइ जहिं चेव खलो पोसिज्जन्तो वि नेहदाणेण
587,तं चेव आलयं दीवओ व्व अचिरेण मइलेइ // घाड़खो.१०७
588,
589,अकुलीणो दोमुहओ ता महुरो भोयणं मुहे जाव
590,मुरओ व्व खलो जिन्नम्मि भोयणे विरसमारसइ // घाड़खो.१०८
591,
592,निद्धम्मो गुणरहिओचावविमुक्को य लॊद्दसम्भूओ
593,विन्धइ जणस्स हिययं पिसुणो वाण व्व भग्गन्तो // घाड़खो.१०९
594,
595,"न सद्दइ अब्भत्थणियं, असइ गयाणं पि पिट्ठिमंसाइं"
596,दट्ठूण भासुरमुहं खलसीहं को न वीहेइ? // घाड़खो.११०
597,
598,खलसङ्गे परिचत्ते पॆच्छह तॆल्लेण जं फलं पत्तं
599,मयणाहिसुरहिवासं पहुसीसं पावियं तेण // घाड़खो.१११
600,
601,होही खलु त्ति कलिऊण णियमणे मामि जन्तदियएहि
602,पत्तेहिं नवरि मुक्को फलिओ वि तिलो अवेक्खाए // घाड़खो.११२
603,
604,"सो सद्दो, तं धवलत्तणं च, रयणायरम्मि उप्पत्ती"
605,सङ्खस्स हिययकुडिलत्तणेण सव्वं पि पब्भट्ठं // घाड़खो.११३
606,
607,मेहा इव दोजीद्दा पयं समासाइऊण अइकलुसा
608,सच्छन्दगमणसीला सयलं पि जणं कयत्थन्ति // घाड़खो.१४
609,
610,"सुयणो मुहा किलम्मइ, हरइ खलो ज्जेव नवर पहुहिययं"
611,"तरुणो फलाइ गहिउं तरइ कई, न उण पञ्चमुहो // घाड़खो.११५"
612,
613,
614,
615,---------------------------------------------------------------------
616,[१३. अथ सुस्वामिप्रक्रमः]
617,
618,लहुवित्तस्स वि पहुणो गरुया लीयन्ति सुद्धहिययस्स
619,मडहे वि दप्पणे सङ्कमन्ति गरुआ वि गयवइणो // घाड़खो.११६
620,
621,तेयस्सीण पसाओ लहू वि वियडं घडेइ महिमाणं
622,ऎक्केण वि रविकिरणेण गयणमक्कमइ हरिणङ्को // घाड़खो.११७
623,
624,पगइखलेसुं पि पियंवएसु पहुणो वहन्ति परिओसं
625,कुडिलहिययस्स सङ्खस्स हरइ हिययं सरो मुहरो // घाड़खो.११८
626,
627,
628,[प. ११]
629,उन्नयसिहो वि दीवो न हणइ हिट्ठट्ठियं तिमिरनियरं
630,अहवा'भिमाणमुक्कं पहुणो पालेन्ति रिउवग्गं // घाड़खो.११९
631,
632,नीया वि समत्थेहि गहिया उच्चं लहन्ति सण्ठाणं
633,धूलिकणा पुहवीए चरन्ति गयणम्मि वाएणं // घाड़खो.१२०
634,
635,हिट्ठट्ठियजडनियरं तह य सुपत्ताइं उत्तमङ्गम्मि
636,जह धरइ तरू तह जइ पहू वि ता किं न पज्जत्तं? // घाड़खो.१२१
637,
638,
639,
640,---------------------------------------------------------------------
641,[१४. अथ लक्ष्मीप्रक्रमः]
642,
643,"नविणा जं सहइ गुणो वि, सहइ दोसो वि जीए परियरिओ"
644,कम्मणमेगं भुयणस्स सरह तं भयवइं लच्छिं // घाड़खो.१२२
645,
646,गुणगरुयाण वि धणवज्जियाण न हवन्ति चितिया अत्था
647,लक्खेण वि दीवाणं न दिणं दिणनाहविरहम्मि // घाड़खो.१२३
648,
649,"लच्छी-सरस्सईणं लच्छी गरुई, सरस्सई लहुई"
650,इहरा कहमीसरमणुसरन्ति सम्पम्नविज्जा वि // घाड़खो.१२४
651,
652,"लच्छीए गुणा नियमेण होन्ति, न गुणेहिं हवइ पुण लच्छी"
653,"विज्जूओ खलु समेहा हवन्ति, मेहा न सह विज्जू // घाड़खो.१२५"
654,
655,अइसीयलकरपसरो जाओ सम्पुण्णमण्डलो राया
656,इय चिन्तिऊण लच्छी सव्वङ्गं तम्मि निवसेइ // घाड़खो.१२६
657,
658,लच्छीलयाइ मूलं गुण-सत्तिपयं परिट्ठियं लोए
659,जेण अहोगमणं चेव ताण परिवड्ढणे तीए // घाड़खो.१२७
660,
661,
662,
663,---------------------------------------------------------------------
664,[१५. अथ दानप्रक्रमः]
665,
666,"दिन्ताण दाणमेव हि संसै, न य परिभवं कुणइ को उ"
667,दाणेण विरहिआणं न ढलइ लोगो करीणं पि // घाड़खो.१२८
668,
669,"कोडिं दिन्ता वि नमन्ति, मग्गणत्थं धरन्ति जे जीयं"
670,ताण धणूण व पुरिसाण कह णु मा होउ टङ्कारो // घाड़खो.१२९
671,
672,सो वंसगुणो च्चिय एस को वि चावाण फुरियसाराण
673,जं गुणमुक्काण वि मग्गणाण लक्खं समप्पन्ति // घाड़खो.१३०
674,
675,
676,[प. १२]
677,चावाण नवरि ऎक्काण सहइ चारुत्तणम्मि टङ्कारो
678,सहलो मग्गणनिवहो विसज्जिओ जेण नमिऊण // घाड़खो.१३१
679,
680,दिन्तो जलं पि जलओ स वल्लहो होइ सयल्लोयाणं
681,निच्चं पसारियकरो करेइ मित्तो वि सन्तावं // घाड़खो.१३२
682,
683,"दिन्ति फलाइं जहिच्छं कप्पदुमा, नेय किपि जम्पन्ति"
684,धूमलियजलहरा पाणियं पि दाऊण गज्जन्ति // घाड़खो.१३३
685,
686,लहइ गरुयत्तणं चिय दिन्ताण करो विमुक्कदाणो वि
687,अच्छरियं लहुयायइ सुवण्णभरिओ वि लिन्ताणं // घाड़खो.१३४
688,
689,न वि तह दूमेइ मणं गयस्स वन्धो व्व करिणिविरहो व्व
690,दाणविओयविमुहिए जह भमरउले भमन्तम्मि // घाड़खो.१३५
691,
692,जो सहइ समरमज्झे मुणाललीलाए पहरणसयाइं
693,नूणं दाणावसरे तस्स वि हिययं चमक्केइ // घाड़खो.१३६
694,
695,
696,
697,---------------------------------------------------------------------
698,[१६. अथ कुस्वामिप्रक्रमः]
699,
700,जडसंसग्गुल्लसिओ विलसन्तो विरसवाणिओ निच्चं
701,"पयडियवहुविहदोसो किं जलही? न हि, कुसामी वि // घाड़खो.१३७"
702,
703,पलए महागुणाणां हवन्ति सेवारिहा लहुगुणा वि
704,अत्थमिए दिणनाहे अहिलसइ जणो पईवं पि // घाड़खो.१३८
705,
706,ओलग्गिओ'सि धम्म'म्ह हॊज्ज इण्हिं नडिद! वच्चामो
707,आलिहियकुञ्जरस्स व तुह दाणं केण वि न दिट्ठं // घाड़खो.१३९
708,
709,जे केइ पहू महिमण्डलम्मि ते उच्छुदण्डसारिच्छा
710,सरसा जडाण मज्झे विसमा पत्तेसु दीसन्ति // घाड़खो.१४०
711,
712,"इण्हिम्पहुणो पहुणो पहुत्तणं, किं चिरन्तणपहूणं?"
713,"दोसगुणा गुणादोसाजेहिं कया, न हु कया तेहिं // घाड़खो.१४१"
714,
715,"अप्पायत्तं सम्पयमवणेइ पहू परम्मुहो, न गुणं"
716,"ठाणं उवरि निरुम्भइ मणीण जलही, न उण छायं // घाड़खो.१४२"
717,
718,तोसो मणस्स कस्स वि आवइपडियम्मि भिच्चवग्गम्मि
719,सरियामु दरिद्दासुं सरियाद्दिवई समुल्लसइ // घाड़खो.१४३
720,
721,
722,[प. १३]
723,अच्छउ का वि अपुव्वा रिद्धी ताराहिवस्स रिद्धीसु
724,जा का वि पुराणा तारयाण रिद्धी हया सा वि // घाड़खो.१४४
725,
726,"सुहिए सुहियाइं रविम्मि, दुक्खिए दुक्खियाइं कमलाइं"
727,तह वि हु न तेण ताणं अवयरिओ पङ्कयकलङ्को // घाड़खो.१४५
728,
729,जह जह पावन्ति पयं उन्नयमुन्नययरं दिणयरु व्व
730,लहूईभवन्ति सन्तावयन्ति तह तह दढं केई // घाड़खो.१४६
731,
732,तारावइणा जं तारयाण रिद्धेण निहणिया रिद्धी
733,सयलकलाठाणस्स वि तेणं चिय झिज्झए लच्छी // घाड़खो.१४७
734,
735,परिवाराणं सुयणत्तणं पि पिसुणे पहुम्मि न हु किं पि
736,पडिकूलम्मि रविसुए सुहा वि अवरे गहा विहला // घाड़खो.१४८
737,
738,महुमासवासराणं निडालसञ्जणियसेयबिन्दूणं
739,काण वि परिवुडिढमहीयलस्स सन्तावमावहइ // घाड़खो.१४९
740,
741,
742,
743,---------------------------------------------------------------------
744,[१७. अथ क्र̥पणप्रक्रमः]
745,
746,अकयव्वओ न सोहइ विहवो विहवो व्व अङ्गणानिवहो
747,कत्थ वि अपत्तभोगो सुवण्णतारुण्णओभवै // घाड़खो.१५०
748,
749,किं वंसेण गुणेण य? किंवा कोडीए? तुज्झ रे चाव!
750,जायन्ति जस्स पुरओ मग्गणया मुक्कसिक्कारा // घाड़खो.१५१
751,
752,"कसिणं काऊण मुहं, पच्छा रत्तं मुहेण होऊणं"
753,दिण्णं फलं पलासेण तं पि सउणेहिं परिचत्तं // घाड़खो.१५२
754,
755,लोहमयस्स वि मलिणस्स गाढमुट्ठिस्स कोसनिरयस्स
756,किवणस्स किवाणस्स य आयारेणेव भिण्णत्तं // घाड़खो.१५३
757,
758,अन्धारिऊण वयणं दीहं रसिऊण मामिखत्थेहिं[?]
759,पउरं पि कहव दिण्णं जलएण जलं अलं तेण // घाड़खो.१५४
760,
761,
762,[प. १४]
763,करिणो हरिनहरविदारियस्स दीसन्ति मुत्तिया कुम्भे
764,अहव किवणाण मरणे पयड च्चिय होन्ति भण्डारा // घाड़खो.१५५
765,
766,
767,
768,---------------------------------------------------------------------
769,[१८. अथ दारिद्र्यप्रक्रमः]
770,
771,"दीसन्ति जोयसिद्धा, अञ्जणसिद्धा तहेव दीसति"
772,दालिद्दजोयसिद्धा पासे वि ठिया न दीसन्ति // घाड़खो.१५६
773,
774,महुरॊल्लावसलूणो ललियपओ रूवजाइपरिसुद्धो
775,तह वि न अग्घइ अधणो पच्चक्खकईण कव्वं व // घाड़खो.१५७
776,
777,"उप्पज्जन्ति तहिं चिय, वियसन्ति तहिं, तहिं विलिज्जन्ति"
778,पुण्णसरे कमलाइं व मणोरहा रोरहिययम्मि // घाड़खो.१५८
779,
780,सन्ता वि गुणविसेसा नराण पयडा हवन्ति ता कत्तो
781,जाताण दप्पणाण व कओ ण भूईए सक्कारो? // घाड़खो.१५९
782,
783,जे जे गुणिणो जे जे य माणिणो जे विढत्तविन्नाणा
784,दालिद्द! रे वियक्खण! ताण तुमं साणुराओ सि // घाड़खो.१६०
785,
786,सन्तवइ गसइ सव्वं जइ वि[हु]धूमेण पढममन्धेइ
787,उअरभरणत्थिणो तह वि निच्चमगणिं अणुसरन्ति // घाड़खो.१६१
788,
789,सन्ता वि गुणा गुणवन्तयाण दालिद्दतमभरक्कन्ता
790,अत्थॊज्जोएण विणा पयडा वि न पायडा होन्ति // घाड़खो.१६२
791,
792,अप्पाणं चिय दुभरं जाण जए कि व तेहिं जाएहिं?
793,सुसमत्था वि[य]न परोवयारिणी ते वि न किं पि // घाड़खो.१६३
794,
795,लच्छीकरकमलवियासरेणुपूरिज्जमाणनयणेहिं
796,दीसन्ति नेय रोरा पुरओ वि ठिया धणड्ढेहिं // घाड़खो.१६४
797,
798,हरइ परिहीणविहवस्स नूण नियपणइणो वि अप्पाणं
799,सव्वङ्गमसम्पुण्णस्स घडइ न हु जामिणी ससिणो // घाड़खो.१६५
800,
801,
802,
803,---------------------------------------------------------------------
804,[१९. अथ स्थैर्य-धैर्यादिगुणाः]
805,
806,धीराण रमइ घुसिणारुणम्मि न तहा पियाथणुच्छङ्गे
807,दिट्ठी रिउगयकुम्भत्थलम्मि जह बहलसिन्दूरे // घाड़खो.१६६
808,
809,
810,[प. १५]
811,सो केण विज्झविज्जइ वीरपयावानलो तिणिक्खन्तो?
812,उप्पत्तिकारणं जस्स खग्गधाराजलो च्चेय // घाड़खो.१६७
813,
814,साविक्खो दहवयणो वरप्पयाणेण साहसुक्करिसो
815,सन्ते वि करसमूहे ऎक्कॆक्कं जो सिरं लुयए // घाड़खो.१६८
816,
817,सुपओहराए सुहडो पुलयसणाहाइ खग्गलट्ठीए
818,जायइ मउलिअनयणो दइआइ व कण्ठलग्गाए // घाड़खो.१६९
819,
820,इक्कत्तो रुयइ पिया अण्णत्तो समरतूरनिग्घोसो
821,नेहेण रणरसेण य भडस्स दोलाइयं हिययं // घाड़खो.१७०
822,
823,अज्ज वि विहुरम्मि पहू अज्ज वि पहरन्ति वइरिसङ्घाया
824,अज्ज वि मज्झत्था जयसिरी वि रे जीव! मा वच्च // घाड़खो.१७१
825,
826,तं नत्थि जं न सिज्झइ ववसायसमुज्जयस्स धीरस्स
827,जं सीसमॆत्तसेसो राहू ससि-दिणयरे गलइ // घाड़खो.१७२
828,
829,अघडियपरावलवा जह जह गरुयत्तणे न विहडन्ति
830,तह तह गरुआण हवन्ति बद्धमूलाओ कित्तीओ // घाड़खो.१७३
831,
832,दिग्गयकओलवियलियमयपङ्कामोयवासियमणस्स
833,भसलस्स कण्णतालाहयस्स मरणं पि रमणिज्जं // घाड़खो.१७४
834,
835,"खग्गम्मि निवासो जयसिरीए, समरम्मि होइ सा हत्थे"
836,हत्थट्ठिए वि विहवे विमुक्क धीरा विसूरिन्ति // घाड़खो.१७५
837,
838,विवरुम्मुहा वि गरुया उवयारी होन्ति सयललोयस्स
839,कुम्मेण निययपिट्ठिट्ठियं पि भुवणं समुद्धरियं // घाड़खो.१७६
840,
841,चित्तुत्तिन्नो वि तुलागओ वि मित्तो तहा वि न हु मुक्को
842,को हरिउं तस्स नहङ्गणस्स गम्भीरिमं तरइ? // घाड़खो.१७७
843,
844,"सब्भावं पहुहियए, जीयं सग्गे, जसं जए सयले"
845,ठविऊण रणे सीसं कयकज्जो नच्चिओ सुहडो // घाड़खो.१७८
846,
847,कुलमुद्धरन्ति एगे वडवीयकणङ्कुरेण सारिच्छा
848,अन्ने वालयसरिसा जाया मूलं विणासन्ति // घाड़खो.१७९
849,
850,कह नाम सहिज्जइ कायरेण समुहिन्तगयघडावीढे
851,गरुयगयचलणचम्पियकरोडिकडुओ कडक्कारो? // घाड़खो.१८०
852,
853,तुङ्गत्तणं गयन्दे सङ्गरसारत्तणं च केसरिणो
854,सङ्गामसूरिमा तुङ्गिमा य सरभे समप्पन्ति // घाड़खो.१८१
855,
856,
857,[प. १६]
858,महिऊण महाजलहिं महुमहणो तत्थ सुयइ वीसत्थो
859,"एयं नीइविरुद्धं, छज्जइ सव्वं समत्थाणं // घाड़खो.१८२"
860,
861,उम्मूलेइ न पवणो तिणाइं किल उण्णओ असाराइं
862,"भञ्जेइ महल्लतरू, गरुया गरुए विरोहन्ति // घाड़खो.१८३"
863,
864,धीरो अरिकरिकुम्भयडपाडणॊच्छलियमॊत्तियच्छुरिओ
865,रेहइ रणम्मि जयसिरिसियक्खएहिं[व]अहिसित्तो // घाड़खो.१८४
866,
867,समरे धारागोयर मुञ्चन्तिवेरिमण्डलग्गेण[?]
868,तंतम्मि वला खलु निवसिरीए लच्छीए विप्पन्ति // घाड़खो.१८५
869,
870,सच्चं कलानिहि च्चिय चन्दो तेयम्मि जो पणट्ठम्मि
871,पवसियतवणस्स वि गयणचक्कमक्कमइ पाएहिं // घाड़खो.१८६
872,
873,"पइणो सुलहाइं धाणाइं दिन्ति, पत्ती य दिन्ति पुण पाणे"
874,"गरुयत्तं तह वि पईण न उण पत्तीण, अच्छरियं // घाड़खो.१८७"
875,
876,सुहडाण समरवज्जन्ततूरवररवणघणजलासित्तो
877,पुलयच्छलेण उच्छाहमहिरुहो मुयइ किसलाइं // घाड़खो.१८८
878,
879,सत्तूण पायवीढे लुढन्ति माणंसिणो वि जं कह वि
880,तं अब्भत्थिन्ति महिं विवरं पायालगमणत्थं // घाड़खो.१८९
881,
882,हियइच्छिअमलहन्तो पञ्जरसउणु व्व धीरववसाओ
883,कोससयसम्पुड[?]निरुद्धपसरो तडप्फडइ // घाड़खो.१९०
884,
885,
886,
887,---------------------------------------------------------------------
888,[२०. अथ राजवर्णकप्रक्रमः]
889,
890,उव्वहसि कीस गव्वं ऎत्थ जए गयवई अहं ऎक्को?
891,तुह वेरियाण नरवइ! महिलासत्थावि गयवइणो // घाड़खो.१९१
892,
893,नूणं धणुम्मि तुह पहु! सङ्कमइ विवक्खजीवियं समरे
894,इहरा तम्मि सजीवे कह रिउणो होन्ति अज्जीवा? // घाड़खो.१९२
895,
896,सम्पुण्णकोसदण्डं जलदुग्गगयं पिढलइ कमलवणं
897,"दिट्ठम्मि जम्मि, कह सो सूरो? मा भुवणमक्कमउ // घाड़खो.१९३"
898,
899,वहुलक्खएण वहुसो महापसाएण तुज्झ नरनाह!
900,पणइसमूहो चन्दो व्व वन्दणिज्जो जए जाओ // घाड़खो.१९४
901,
902,
903,[प. १७]
904,तुह रिउणो नाह! सुहत्थिणो वि भद्दत्तणं कह वहन्तु?
905,"जाण दुह च्चेय गई — ऎक्के मन्दा, मया अण्णे // घाड़खो.२०४"
906,
907,बहुसोहग्गाओ अविहवाऒ वट्टन्ति तुज्झ वेरीण
908,अन्तेउरीओ[...]नहु नहु नरनाह! नयरीओ // घाड़खो.२०५
909,
910,हरहास-हंस-हारिन्दु-कुन्द-बलहद्द-सङ्खधवलेण
911,तुज्झ जसेण रिऊणं साहसु कह मयलियं वयणं? // घाड़खो.२०६
912,
913,कमलानिलओ वि तुमं नाह! न दोसायरो सि सुकई वि
914,न य अत्थलईओ जं तेण जए विम्हयं कुणसि // घाड़खो.२०७
915,
916,उद्दामपियालवणो सरलत्तणजणियजणमणाणन्दो
917,ससहरकन्दरविसमो नरनाह! तुमं हिमगिरि व्व // घाड़खो.२०८
918,
919,"अथिरा वि थिरा लच्छी, थिरा वि भमिरी तए कया कित्ती"
920,अह मुयइ च्चिय तुह दंसणेण महिलायणो पयइं // घाड़खो.२०९
921,
922,समरम्मि तुज्झ खग्गे विमलत्तणएण झत्ति सङ्कन्ता
923,पडिमामिसेण सयला नज्जइ सरणागया रिउणो // घाड़खो.२१०
924,
925,पाणिग्गहिया वि चिरं असियट्ठी तुज्झ नाह! अइचवला
926,अणुरायपुलइयङ्गी रिऊण कण्ठग्गहं कुणइ // घाड़खो.२११
927,
928,किं नाह! इमं जुत्तं चउरो वण्णाइ पालयन्तस्स
929,जं तुह जसेण सयला वि एकवण्णा कया पुहवी? // घाड़खो.२१२
930,
931,लच्छीए गाढम आलिङ्गिओ त्तिइय चिन्तिऊण कित्तीए
932,ईसाउरेव पॆच्छसु नरिन्दभुवणे परिब्भमइ ॥ // घाड़खो.२१३
933,
934,रिउरमणीआणणकाणणेसु विलसन्तपत्तवल्लीओ
935,नीयाओ खयं तरवारिवारिणा जस्स अच्छरियं // घाड़खो.२१४
936,
937,समरम्मि जो समग्गे विवक्खवग्गे पलायमाणम्मि
938,सम्मुहमप्पाणं चिय पॆच्छइ करवालसङ्कन्तं // घाड़खो.२१५
939,
940,पणईण देव! दिन्तो बहुसो लक्खाइं उत्तुणो कीस?
941,पडिवक्खाण वि तुह दिति गयवरा रयणकोडीओ // घाड़खो.२१६
942,
943,जाहे च्चिय तं चलणे णयाण उवरिं करं पसारेसि
944,लच्छी भुयट्ठिया वो ताहे च्चिय तेसु सङ्कमइ // घाड़खो.२१७
945,
946,
947,[प. १८]
948,अग्गमहिसीओ जाया सव्व च्चिय पत्थिवा न सन्देहो
949,अण्णह खलाहिलासो कह ताण मणम्मि विप्फुरइ? // घाड़खो.२१८
950,
951,दट्ठूण तुज्झ उदयं पुव्वावर-दक्खिणॊत्तरदिसामु
952,इय मच्छरेण नरवर! पॆच्छ रवी रायमुव्वहइ // घाड़खो.२१९
953,
954,सञ्झावसरे सञ्झावहूए उवरिं भमाडिऊण रविं
955,खिप्पइ आरत्तियदीवओ व्व तुह रायरायस्स // घाड़खो.२२०
956,
957,जस्स य समरे अरिकुम्भिपहरसङ्कन्तमॊत्तिओ खग्गो
958,अरिजीअलुद्धजमजीहदन्तपन्तीओ उवहसइ // घाड़खो.२२१
959,
960,अरिकुम्भिकुम्भनिब्भेयपूररुहिरच्छडारुणच्छाओ
961,परिकुवियजमकडक्खो व्व जस्स खग्गो रणे सहइ // घाड़खो.२२२
962,
963,अलिकुलकुवलयकज्जलतमालनीलम्मि जस्स धारहरे
964,सइ रणसराओ नासन्ति रायहंसा पवरपक्खा // घाड़खो.२२३
965,
966,जस्स करे करवालो छज्जइ ताविच्छगुच्छसच्छाहो
967,समरम्मि हढायडिढयजयलच्छीवेणिदण्डो व्व // घाड़खो.२२४
968,
969,अरिकामिणीण कुङ्कुम-कत्थूरी-कज्जलाइं अङ्गेसु
970,जस्स करवालधाराजलेण सहस त्ति धोआइं // घाड़खो.२२५
971,
972,जस्स असिभिण्णअरिकरिकुम्भत्थलगलियमॊत्तियगणेण
973,बीएण व जणिआ समरभूमिपडिएण कित्तिलया // घाड़खो.२२६
974,
975,नहयलविसालफलए ससहरखडियाए तारसारीहि
976,जस्स पयावो कित्ती य दो वि दीवन्तिअविरामं // घाड़खो.२२७
977,
978,मेहं व सजलधारं रणगयणसमुण्णयं तमालनिहं
979,दट्ठूण जस्स खग्गं पलाइयं रायहंसेहि // घाड़खो.२२८
980,
981,करिकुम्भदलणसंसत्तमॊत्तिओ जस्स रणभरे खग्गो
982,सत्तूण सग्गमग्गो व्व सहइ नक्खत्तसञ्जुत्तो // घाड़खो.२२९
983,
984,समरम्मि जस्स खग्गो विभिण्णरिउकुम्भिकुम्भरुहिरुल्लो
985,रेहइ जयसिरिचलणालत्तयपयपन्तिरत्तो व्व // घाड़खो.२३०
986,
987,जस्स करवालदण्डेण खण्डिआ रेहए रणमहीए
988,अरिकुञ्जरदन्ता अङ्कुर व्व नज्जन्ति जसतरुणो // घाड़खो.२३१
989,
990,
991,[प. १९]
992,
993,
994,---------------------------------------------------------------------
995,[२१. अथ राजनीतिप्रक्रमः]
996,
997,"विरसाइं जाइं पमुहे, अमयरसायन्ति जाइं परिणामे"
998,कज्जाइं ताइं सुवियारियाइं न जणे हसिज्जन्ति // घाड़खो.२३२
999,
1000,सालूरी कसिणभुयङ्गमस्स जं खिवइ मत्थए चलणं
1001,तं मन्ने कस्स वि मन्तवाइणो फुरइ माहप्पं // घाड़खो.२३३
1002,
1003,अम्बयफलं सुपक्कं कुहियं बिण्टं समुद्धओ वाओ
1004,साहा डॊल्लणसीला न याणिमो कत्थ परिणामो? // घाड़खो.२३४
1005,
1006,कज्जं फलं व सरसं जायइ नियकालपरिणईपडिय
1007,तमकाले घिप्पन्तं दुहावहं होइ विरसं च // घाड़खो.२३५
1008,
1009,तिसु जे अवुत्थपुव्वा रायकुले महियले य सेवासु
1010,विण्णाण-नाण-लट्ठत्तणाण ते बाहिरा पुरिसा // घाड़खो.२३६
1011,
1012,सिद्धं तं मन्निज्जइ जं सिज्झइ साम-भेयनीईए
1013,सिद्धं पि तं असिद्धं पहाणपुरिसक्खओ जत्थ // घाड़खो.२३७
1014,
1015,अणुयत्तह भणह पियं जं कज्जं तं मुणेह चित्तेण
1016,महुरं लवइ मऊरो सविसं च भुयङ्गमं गिलइ // घाड़खो.२३८
1017,
1018,गरुयाइं चिय साहइ पुरिसो कज्जाइं नत्थि सन्देहो
1019,रोसो सुरङ्गधूलि व्व जस्स न हु पायडो होइ // घाड़खो.२३९
1020,
1021,सुहडो न सो पयङ्गो आवट्ठइ जो जडोपइट्ठो व्व
1022,अपहारियसुहकज्जो निक्कज्जं चेव खग्गम्मि // घाड़खो.२४०
1023,
1024,"कडुयं पि नागरं चिय परिणाममयं, विसं न महुरं पि"
1025,"रिउणो वि वरं सुयणा, मित्ताइं न उण खलपगई // घाड़खो.२४१"
1026,
1027,समए च्चिय कीरन्ता फलन्ति किरिया सुहा व असुहा वा
1028,मेहाणं पि जलाइं दहन्ति चित्तासु पडियाइं // घाड़खो.२४२
1029,
1030,किं चॊज्जं ठाणवसेण जं असन्तो वि जायए महिमा
1031,सङ्घडइ महुरिमा घणगयाण लवणोयहिजलाणं // घाड़खो.२४३
1032,
1033,पडिवक्खेसुं तेयस्सिणा वि चरियव्वमप्पमत्तेण
1034,वुट्ठीसु रवी पुरकयवाओ च्चिय पयडइ पयावं // घाड़खो.२४४
1035,
1036,किम्पि पयं अहिरूढो लहुओ वि दढं तवेइ गरुयं पि
1037,पयतलकण्टयलेसो वि दहइ आमत्थयं देहं // घाड़खो.२४५
1038,
1039,
1040,[प. २०]
1041,अवरेहिं वि जं सिज्झइ तम्मि कए किं परस्स उवयरियं
1042,तरणिम्मि दलियतिमिरे उवयरइ जणस्स किं दीवो? // घाड़खो.२४६
1043,
1044,उवयरिएसु वि केसु वि अयसो विप्फुरइ सज्जणाणं पि
1045,मलिणत्तणं पिजलसोहणेण विमलाण वि कराणं // घाड़खो.२४७
1046,
1047,देवघराण वि काण व वड्ढन्ताणं कमेण सङ्कोओ
1048,केसिं पिपुणो जायइ वित्थारो पायवाण व्व // घाड़खो.२४८
1049,
1050,लहुएण वि गुरुआलम्बणेणअहियं लहन्ति अपसंसं
1051,नहभङ्गेण वि पडिमाओ देवयाणं अपुज्जाओ // घाड़खो.२४९
1052,
1053,पयमुन्नयमहिरोहन्ति केवि दुन्नयपहेण वच्चन्ता
1054,मयगहिलविब्भमाणं गयाण पवियम्भए अग्घो // घाड़खो.२५०
1055,
1056,गरुयायन्ति अणेगे वसणेसु अणाउला पुणो विरला
1057,वहुसो सन्ति महग्घा जलणे कणयस्स पुणसुद्धी // घाड़खो.२५१
1058,
1059,अवलंवियं तणाई विहलं धारन्ति अहव तुट्टन्ति
1060,अवलंविय जे न हु तणसमा वि कि ताण उण भणिमो? // घाड़खो.२५२
1061,
1062,अवियारिऊण कज्जं सहस च्चिय जे नरा पयट्टन्ति
1063,डज्झन्ति ते वराया दीवसिहाए पयङ्गो व्व // घाड़खो.२५३
1064,
1065,अवरगुणेणं जाणं मडप्फरो ताण नाम को गव्वो?
1066,वाउवसारूढनहङ्गणाण धूलीण को महिमा? // घाड़खो.२५४
1067,
1068,
1069,
1070,---------------------------------------------------------------------
1071,[२२. अथ छेकप्रक्रमः]
1072,
1073,वङ्कभणियाइं कत्तो? कत्तो अद्धच्छिपिच्छियव्वाइं?
1074,ऊससियं पि मुणिज्जइ छइल्लजणसङ्कुले गामे // घाड़खो.२५५
1075,
1076,लीलावलोयणेण वि मुणन्ति जे हिययकज्जपरमत्थं
1077,ते कारिमोवयारेहिं कह णु छइल्ला छलिज्जन्ति? // घाड़खो.२५६
1078,
1079,"सहस त्ति जं न दिट्ठो, सरहसचित्तेण जं न आलत्तो"
1080,उवयारो जं न कओ तं चिय कलियं छइल्लेहिं // घाड़खो.२५७
1081,
1082,
1083,[प. २१]
1084,अक्खण्डियमुहरायापुव्वाभासी अभिन्नमुहराया
1085,सिढिलन्ता वि सिणेहं छेया दुक्खेण नज्जन्ति // घाड़खो.२५८
1086,
1087,"रच्चावन्ति, न रच्चति, दिन्ति दुक्खं, न दुक्खिया होन्ति"
1088,असुणिवि णियत्तइण्हि दुक्खाराहा जए छेया // घाड़खो.२५९
1089,
1090,मा रुयसु सुयण! छेयाण अग्गए झिज्झिहिन्ति नयणाइं
1091,न हु भिज्जइ ताण मणं वज्जं पिव सलिलनिवहेण // घाड़खो.२६०
1092,
1093,"रच्चन्ति नेय कस्स वि, रत्ता वि मयच्छि! न हु मुणिज्जन्ति"
1094,दिणकरकर व्व छेया अदिट्ठदोसा नियट्टन्ति // घाड़खो.२६१
1095,
1096,"रत्ते रत्ता, कसिणम्मि कसिणया, मज्झिमम्मि मज्झिमया"
1097,फलिहमणि व्व छयल्ला जत्थ गया तत्थ रङ्गिल्ला // घाड़खो.२६२
1098,
1099,जह पढमदिणे तह पच्छिमम्मि फरुसाइं नेय जम्पन्ति
1100,व्वोछइल्लपुरिसा विरच्चमाणा वि दुल्लक्खा // घाड़खो.२६३
1101,
1102,जॊव्वणभरेण अह मण्डणेण हिययं हरन्ति रमणीओ
1103,अङ्गनिवेसभवं चिय छेया मग्गन्ति चङ्गत्तं // घाड़खो.२६४
1104,
1105,
1106,
1107,---------------------------------------------------------------------
1108,[२३. अथ हियालीप्रक्रमः]
1109,
1110,विवरीयरए लच्छी बम्भं दट्ठूण नाहिकमलत्थं
1111,हरिणो दाहिणनयणं करेणभण झम्पए कीस? // घाड़खो.२६५
1112,
1113,सिहिपिच्छकन्नऊरा जाया वाहस्स गव्विरी कीस
1114,मुत्ताहलरइयपसाहणाण मज्झे सवत्तीण? // घाड़खो.२६६
1115,
1116,जइ सासुयाए भणिया पइवासहरम्मि दीवयं देसु
1117,ता कीस पोढमहिला हसिऊण पलोवए हियय? // घाड़खो.२६७
1118,
1119,जइ सा सहीहिं भणिआ तुज्झ मुहं पुन्नचन्दसारिच्छं
1120,ता कीस मुद्धडमुही करेण गण्डत्थलं फुसइ? // घाड़खो.२६८
1121,
1122,मडयावत्थाभरणा मुयमडएणं च मण्डियकरग्गा
1123,मडयारूढा मुइया पियस्स मुयपाणियं देइ // घाड़खो.२६९
1124,
1125,
1126,[प. २२]
1127,दट्ठूण तं जुयाणं परियणमज्झम्मि पोढमहिलाए
1128,उप्फुल्लदलं कमलं करेण मउलावियं कीस? // घाड़खो.२७०
1129,
1130,"अच्छीहिं पई, सिहणेहिं देवरो, गुरुअणो निअंवेण"
1131,तिन्नि विसूरेइवहू तं जाणहकेण कज्जेण? // घाड़खो.२७१
1132,
1133,हिययं रोमुग्गिण्णंपायपहारं सिरेण इच्छन्तो
1134,पहओ न पिओ माणंसिणीए थोरंसुयं रुयणं // घाड़खो.२७२
1135,
1136,दट्ठ्र̥ण सामिसालं कण्ठं गहिऊण निब्भरं रुन्न
1137,पत्ते वियालसमए ता कीस जुयज्जुया सिज्जा? // घाड़खो.२७३
1138,
1139,हन्तूण वग्गयन्दं वाहो वाहाण मज्झयारम्मि
1140,धुयइ सरं पियइ जलं तं जाणह केण कज्जेणं? // घाड़खो.२७४
1141,
1142,अहिणवपेमसमागमजॊव्वणरिद्धी वसन्तमासम्मि
1143,पवसन्तस्स य पिउणो भण कीस पलोइयं सीसं? // घाड़खो.२७५
1144,
1145,विद्धो वाहेण मओ मएण वाहस्स वण्ठियं कण्डं
1146,छिन्नं मयस्स सीसं तह वि मओ तं तणं चरइ // घाड़खो.२७६
1147,
1148,अमुणिय पयारिहरिसङ्कराणसद्दो ण[?]पलायन्ति
1149,ताहि चिय गरुइगमणे! हा मुद्धे! कत्थ दीसिहिसि? // घाड़खो.२७७
1150,
1151,जलजायजायवाहणगईए द्दरवहकलङ्कनयणीए
1152,करनाससीससघणत्थणीए मह विम्हियं हिययं // घाड़खो.२७८
1153,
1154,
1155,
1156,---------------------------------------------------------------------
1157,[२४. अथ वेश्याप्रक्रमः]
1158,
1159,दूरागय त्ति आयरपडिच्छियं पायमूलपडियं पि
1160,उज्झन्ति फालिऊणं वेसा लेहं व गहिअत्थं // घाड़खो.२७९
1161,
1162,लोहमयी गुणमुक्का रत्तं दट्ठूण जीवियं हरइ
1163,विसभल्लिय व्व वेसा जं पावइ तं विणासेइ // घाड़खो.२८०
1164,
1165,सामन्नसुन्दरीणं विब्भममावहइ अविणओ चेव
1166,धूमु च्चिय पज्जलियाण वहुमओ सुरहिदारूणं // घाड़खो.२८१
1167,
1168,कयकढिणकोसपाणा लोहपसारियसरीरसठाणा
1169,सुन्दरसियङ्गसोहा खण्डइ वेसा'सिलट्टि व्व // घाड़खो.२८२
1170,
1171,
1172,[प. २३]
1173,अन्नोन्नरायरसियं आसन्नपओहरं गुणविहूणं
1174,धट्टं सहाववङ्कं वेसाहिययं सुरधणु व्व // घाड़खो.२८३
1175,
1176,अहिणि व्व कुडिलगमणे! रोरहरे दीविय व्व निन्नेहे!
1177,"सुकइ व्व अत्थलुद्धे! वेसे! दिट्ठा सि, वच्चामो // घाड़खो.२८४"
1178,
1179,जह लडहत्त जह सा विअडिढमा पणवहूण जह विणओ
1180,तह जइ पिम्मं पि हवॆज्ज को सलाहिज्ज ता अमयं? // घाड़खो.२८५
1181,
1182,निम्मलपउत्तहारा बहुलोहा पुलइएण अङ्गेण
1183,खग्गलइय व्व वेसा कोसेण विणा न संवहइ // घाड़खो.२८६
1184,
1185,सरसा निहसणसारा गन्धड्ढा बहुभुयङ्गपरिमिलिया
1186,चन्दणलय व्व वेसा भण कस्स न वल्लहा होई? // घाड़खो.२८७
1187,
1188,अत्थच्छेएण मुहाइं होन्ति विसउब्भवाइं सेसाणं
1189,"ताइं चिय उण वेसाण, मूलमत्थस्स अच्छरियं // घाड़खो.२८८"
1190,
1191,
1192,
1193,---------------------------------------------------------------------
1194,[२५. अथ सर्वाङ्गस्त्रीवर्णनप्रक्रमः]
1195,
1196,मरगयमञ्जीरमऊहमिलियनहरयणकन्तिचरणजुयं
1197,बालारुणतिमिराणं समए[… // घाड़खो.२८९
1198,
1199,… … …
1200,… … … // घाड़खो.२९०
1201,
1202,… … …] विहिणो लत्ताइरञ्जियं तस्स
1203,हिययस्स व विदू[?]निवडियरोमावली जाया // घाड़खो.२९१
1204,
1205,रूवेण से न सरिसी अन्ना अत्थि त्ति दप्पियमणेण
1206,मज्झम्मि रोमराई रेह व्व कया पयावइणा // घाड़खो.२९२
1207,
1208,तद्दियसकयाहाया जह जह सिहिणो विणिन्ति वालाए
1209,तह तह लद्धावास व्व वम्महो हिययमाविसइ // घाड़खो.२९३
1210,
1211,पीणा घणा सुदूरं समुण्णया महवियम्भियच्छाया
1212,मेहा थणा य से निव्वविन्ति तण्हाउरं हिययं // घाड़खो.२९४
1213,
1214,
1215,[प. २४]
1216,मुहचन्दमसन्दिद्धं सुन्दरचन्दियपवाहपाणकए
1217,जीए चओरमिहुणं व आगयं सहइ सिहिणजुअं // घाड़खो.२९५
1218,
1219,रससरियाए तीए तिवलितरङ्गाए सिहिणचक्काए
1220,रमणपुलिणम्मि कीलं करेइ अज्ज वि सिसू मयणो // घाड़खो.२९६
1221,
1222,विसमेसुमहीनाहस्स विजयजत्ताए कयनिवासस्स
1223,रइपीइगुड्डरा इव उरोरुहा जीए रेहन्ति // घाड़खो.२९७
1224,
1225,भरिउव्वरियं विहिणो जं अमयं तरुणिसिहिणकलसाओ
1226,तत्तो मन्ने घडिओ असेसजणवल्लहो चन्दो // घाड़खो.२९८
1227,
1228,वयणारविन्दनीसन्दमाणलावन्नबिदुपन्ति व्व
1229,मॊत्तियमाला कण्ठम्मि तीए परिघोलिरी सहइ // घाड़खो.२९९
1230,
1231,निउणविहिकम्मनिम्मियकवोललायण्णतच्छणॊच्छलिया
1232,तिस्सा मुहाओ जाया बाहिरछल्लि व्व ससिरेहा // घाड़खो.३००
1233,
1234,ण्णंचिय ससिविवं विहिणा से निम्मियं तया वयणं
1235,जस्स न कीत्ती[हायइ]वहुलविसाहाहि दियसेहि // घाड़खो.३०१
1236,
1237,पडिबिंविओ जीए कवोलमण्डलेसुं निसाए निसिनाहो
1238,न्हाणत्थं पिव तम्मुहजोन्हाए कलङ्कमलकलुसो // घाड़खो.३०२
1239,
1240,तुह मुहसारिच्छं न लहइ त्ति सम्पुण्णमण्डलो विहिणा
1241,अन्नमयं व घडेउं पुणो वि खण्डिज्जइ मयङ्को // घाड़खो.३०३
1242,
1243,अइसुरहिसासपरिभमिरभमरपरिबिम्बचुम्बियकवोलं
1244,वयणं चलन्तमयणाहिपत्तकोऊहलं जणइ // घाड़खो.३०४
1245,
1246,अहरच्छलेण दिन्ना विहिणा सिन्दूररायमुद्द व्व
1247,वयणे विंवनिहा से लायन्नं रक्खमाणेण // घाड़खो.३०५
1248,
1249,एईए[?]अहरहयाणि मन्दाइं लज्जमाणाइं
1250,विंवफलाइं उब्बन्धणं व वल्लीसु विरयन्ति // घाड़खो.३०६
1251,
1252,वयणेण इमीए विणिज्जियाइं जं पङ्कयाइं वियसन्ति
1253,तं जलसंसग्गकयं मूढत्तं फुरइ ताण धुवं // घाड़खो.३०७
1254,
1255,नयणाइं सामलीए घोलावियमहुरमन्दताराइं
1256,कस्स न हरन्ति हिययं गेयाइं व कन्नलग्गाइं? // घाड़खो.३०८
1257,
1258,नयणनईसु य जिस्सा वाहोइव पविसिऊण पञ्चसरो
1259,भूजुअलमिसेण धणुं तडम्मि मॊत्तूण मज्जेइ // घाड़खो.३०९
1260,
1261,
1262,[प. २५]
1263,सोहन्ति जीए सवणा नयणनईपवहरयहयप्पसरा
1264,तरुणमणहरिणबन्धे मयणमहावाहपास व्व // घाड़खो.३१०
1265,
1266,अद्धिन्दुबिन्बसरिसं निडालफलयं विहायनिप्पङ्कं
1267,जॊव्वणसिरीए मुहदप्पणं व विहिणा विणिम्मवियं // घाड़खो.३११
1268,
1269,उक्कीरिउंमयङ्कं विहिणा मुहमण्डलम्मि निम्मविए
1270,तच्छियलञ्छणवल्लरिकरणिं कुरलावली कुणई // घाड़खो.३१२
1271,
1272,पिट्ठिट्ठिएण रेहइ मुद्धा पिहुलेण चिउरभारेण
1273,नियमुहमयङ्कनिज्जिअभीएण व तिमिरनिवहेण // घाड़खो.३१३
1274,
1275,"मयणग्गिणो व्व धूमं, मोहणपिच्छं व लोयदिट्ठीए"
1276,जॊव्वणधयं व मुद्धा वहइ सुयन्धं चिउरभारं // घाड़खो.३१४
1277,
1278,"पाउससिरि व्व उन्नयपओहरा, धणुलय व्व गुणकलिया"
1279,नयर व्व दीहरच्छा बालासुकहा इइ महत्था // घाड़खो.३१५
1280,
1281,ऎक्को वि पएसो अवयवाण सो नत्थि सामलङ्गीए
1282,संवट्टियचा[?]वक्खन्ति तरुणीओ // घाड़खो.३१६
1283,
1284,तइय'च्छिसिहिसिहाभासुरेण भुवणे हरेण अक्कन्ते
1285,अहरट्ठाणे तुह सुयणु! वसइ निरुवद्दवमणङ्गो // घाड़खो.३१७
1286,
1287,तह पावियखण्डण-पीलणो वि जो वइइ निब्भरं रायं
1288,जइ सो वि होइ अहरो को उण तुह उत्तरो सुयणु! // घाड़खो.३१८
1289,
1290,जइ कॊट्टिमो सि उज्जयसयलतिहीचन्ददंसणसयण्हो
1291,ता[?]करो जत्थ अणङ्गोन वीसमइ // घाड़खो.३१९
1292,
1293,अमऎक्कनिहीणं तरइ को णु जुवईण वन्निउं महिमं?
1294,जाण पभावे सहलत्तमेइ सक्कस्स वि समिद्धी // घाड़खो.३२०
1295,
1296,
1297,
1298,---------------------------------------------------------------------
1299,[२६. अथ श्र̥ङ्गारप्रक्रमः]
1300,
1301,सुन्देरतुलियकन्दप्प! तुज्झ अणविग्घदंसणमणाओ
1302,परिवाडिनिमिसणं लोयणेहिं सिक्खन्ति तरुणीओ // घाड़खो.३२१
1303,
1304,
1305,[प. २६]
1306,ता उम्मोइत… … …
1307,… … … // घाड़खो.३२२
1308,
1309,… … …
1310,… … … // घाड़खो.३२३
1311,
1312,… … …
1313,… … … कसिण कञ्चुयं पॆच्छ गोरिमुहं // घाड़खो.३२४
1314,
1315,रेहइ कररुहरेहा मुद्धाहिययम्मि पियकरॊल्लिहिया
1316,मयणनवमन्दिरारम्भदोरिया धाउरत्त व्व // घाड़खो.३२५
1317,
1318,वङ्कपरिसङ्कियाणं वङ्कुल्लावाण वङ्कदिट्ठीणं
1319,को माइ! उवज्झाओ अन्नो नवजॊव्वणाहिन्तो? // घाड़खो.३२६
1320,
1321,मा हु नियच्छसु एयं एसा अइजोइया रुयावेइ
1322,वाला कप्पूरसलाइय व्व अच्छीसु लग्गन्ती // घाड़खो.३२७
1323,
1324,किं सच्चं चिय अहरो पियाण वहु रमइमन्नुदुक्खेणं
1325,तत्थ मणोहरलवियस्सजीय साओ अणङ्गस्स // घाड़खो.३२८
1326,
1327,सा तस्स मियङ्कस्स व करफंससमुग्गएण सेएण
1328,ससिमणिघडियाधीउल्लियव्व वारीमई जाया // घाड़खो.३२९
1329,
1330,अमुणियविसेसपसरन्ततोस-रोसेसु भूसियं तिस्सा
1331,चाटुम्मि विप्पियम्मि वि ऎक्कावत्थं मुहं सरिमो // घाड़खो.३३०
1332,
1333,वर-वहुयाणं हत्था सज्झसपसरन्तसेयसलिलेण
1334,तक्खणघडिया अग्घं व दिन्ति मयणस्स इन्तस्स // घाड़खो.३३१
1335,
1336,दीसन्तो नयणसुहो निव्वुइजणओ करेहि वि छिवन्तो
1337,अब्भत्थिओ न लब्भइ चन्दो व्व पिओ कलानिलओ // घाड़खो.३३२
1338,
1339,हत्थप्फंसेण वि पिययमस्स जा होइ सुक्खसम्पत्ती
1340,सा सरहसगत्तालिङ्गणेण इयरे जणे कत्तो? // घाड़खो.३३३
1341,
1342,अवियण्हपिच्छणिज्जं समसुह-दुक्खं विइन्नसब्भावं
1343,अन्नोन्नहिययलग्गं पुन्नेहि जणो जणं लहइ // घाड़खो.३३४
1344,
1345,
1346,[प. २७]
1347,सातुह हियए तं मह निसंस!इयवीयभारमक्कन्तं
1348,पत्तिय परिणयदाडिमफलं व फुडिही फुडं हिययं // घाड़खो.३३५
1349,
1350,वुब्भसि पियाएम्मंपुच्छिसि तं तहवि कीस किसिआ'सि?
1351,अहियभरेण अयाणुय! मुयइ बइल्लो वि अङ्गाइं // घाड़खो.३३६
1352,
1353,नवसरसदन्तमण्डलकवोलपडिमागओ मयच्छीए
1354,अन्तो सिन्दूरियसङ्खवन्नकरणिं वहइ चन्दो // घाड़खो.३३७
1355,
1356,अङ्घोअणयंसुहकङ्खिरीए अकयं कयं भणन्तीए
1357,सरलसहावो वि पिओ अविणयमग्गं बला नीओ // घाड़खो.३३८
1358,
1359,"लज्जा चत्ता, सीलं च खण्डियं, अयसघोसणा दिण्णा"
1360,जस्स कएण कयाइं सो चेव जणो[?]जणो जाओ // घाड़खो.३३९
1361,
1362,नहरेहा जीए उरम्मि सहइ रोमञ्चखण्डियनिवेसा
1363,खणविरहभीरुणो सीवणि व्व फुडियस्स हिययस्स // घाड़खो.३४०
1364,
1365,ऎक्का अमावस च्चिय भुवणे सोहग्गगव्वमुव्वहइ
1366,जस्सॆक्कसङ्गमाओ कलाहिं परिवड्ढए चन्दो // घाड़खो.३४१
1367,
1368,दुक्खं दिन्तो वि सुहं जणेइ जो जस्स वल्लहो होइ
1369,दइयनहदूसियाण वि वड्ढेइ सिहीण रोमञ्चो // घाड़खो.३४२
1370,
1371,अणुराउ च्चिय दइयासु घडइ सोहग्गचङ्गिमगुणाइं
1372,चन्दो च्चिय जणइ--मणीसु कढिणहियएसु सलिलाइं // घाड़खो.३४३
1373,
1374,ऎक्कत्तो कमलवणं अन्नत्तो तीरसण्ठिया वाला
1375,कमलाण लोयणाण य भमेण परिभमइ रिञ्छोली // घाड़खो.३४४
1376,
1377,वरतरुणिघोरघणसिहिणपिल्लिओ हार! दोलसे कीस?
1378,कुमुहेहिं समं गुणवन्तयाण सङ्गो च्चिय विरुद्धो // घाड़खो.३४५
1379,
1380,चन्दो वि जाण दासो तरुणिकवोलाण ताण किं भणिमो?
1381,सोहन्ति ते वि जेहि ताण नामो वल्लहनराणं // घाड़खो.३४६
1382,
1383,रोसेण वि जम्पन्ती जं जणइ महूसवं हिययदइया
1384,नेहेण वि जम्पन्ता तं कत्तो बन्धवा अवरे? // घाड़खो.३४७
1385,
1386,चङ्गत्तं दिव्ववसेण नत्थि जइ तत्थ किं वयं भणिमो?
1387,रसलडहत्तं उण वहैकोइ जहवहैदक्खाए // घाड़खो.३४८
1388,
1389,जं किर उल्लसइ दढं अणुरायपरम्मुहेसु अणुराओ
1390,तं चेय महविसं उण महणभवं तस्स पडिबिम्बं // घाड़खो.३४९
1391,
1392,
1393,[प. २८]
1394,उद्धन्धलयंछायाविवज्जियं नट्ठचित्तबुहरहियं
1395,अणुहरइ उवलजुन्नेउलस्स[?]जं माणुसं रत्तं // घाड़खो.३५०
1396,
1397,थेवेण वि विणएणं पुरिसा महिलासु जह पसीयन्ति
1398,न तहा महिला पुरिसेसु कढिणहियया जओ नीया // घाड़खो.३५१
1399,
1400,"दाणेण तं न, विणएण तंन, रूवेणतं न सोहग्गं"
1401,परमपराहअ[?]विसण्ठुलाहिं जं फुरइ वायाहिं // घाड़खो.३५२
1402,
1403,जं नम्मयाए विहिओ विञ्झं मॊत्तण जलनिहीसङ्गो
1404,तं नूणं रमणीओ सलूणपुरिसेसु रच्चन्ति // घाड़खो.३५३
1405,
1406,
1407,
1408,---------------------------------------------------------------------
1409,[२७. अथ नयनप्रक्रमः]
1410,
1411,परपुरपवेसविन्नाणलाहवं सुहय! सिक्खियं कत्थ?
1412,जेण पविट्ठो हियए पढमं चिय दंसणे मज्झ // घाड़खो.३५४
1413,
1414,पायडियनेहसव्भावविब्भमं तीए जह अहं दिट्ठी
1415,संवरणवावडाए अन्नो वि जणो तह च्चेय // घाड़खो.३५५
1416,
1417,हिययट्ठिया वियम्भइ अम्हाणं कण्ठधारिणी दइया
1418,इयरमहिलाहिं मुक्का नयणसरा जं न लग्गन्ति // घाड़खो.३५६
1419,
1420,सामाइ नयणसॊत्ते मा जाणह तारओ त्ति डसणत्थं
1421,मयणभुयङ्गो एसो वन्धिय भोयं ठिओ एसो // घाड़खो.३५७
1422,
1423,ऎक्को वि कालसारो न देइ गन्तुं पयाहिणवलन्तो
1424,किं पुण वाहाउलियं लोयणजुयलं पिययमाए? // घाड़खो.३५८
1425,
1426,नूणं तिणयणभयकयरमणीरूवेण वियरइ अणङ्गो
1427,अन्नह कह नयणसरेहिं ससिमुही भिन्दइ जुवाणे? // घाड़खो.३५९
1428,
1429,ता चक्खुरायपरिपीडियाण इत्थीण सहि! सुहं कत्तो?
1430,जा पियदंसणसलिलं पीयं न हु नयणपुडएहिं // घाड़खो.३६०
1431,
1432,परिओसवियसिएहिं भणियं अच्छीहिं तेण जणमज्झे
1433,पडिवन्नं तीइ वि उव्वमन्तसेएहिं अङ्गेहिं // घाड़खो.३६१
1434,
1435,
1436,[प. २९]
1437,अमयमइया वि बाला करेइ कलिमयणदाहमुच्छाअ
1438,पिच्छन्ता कि न करइ नयणाइं विसालयाइ से? // घाड़खो.३६२
1439,
1440,ईसा-मच्छररहिएहिं निव्वियारेहिं मामि! अच्छीहिं
1441,"इन्हिं जणो[?']जणं पिव नियच्छए, कह न झिज्झामो? // घाड़खो.३६३"
1442,
1443,पियहॊत्तं जाण विलासिणीण लीलाफुरन्तपम्हाइं
1444,उड्डन्ति व तरलियपक्खसम्पुडग्गाइं अच्छीइं // घाड़खो.३६४
1445,
1446,नयणाइं सवाणियपत्तलाइं परपुरिसजीयहरणाइं
1447,असियसियाइं व मुद्धे! खग्गाइं व कं न मारन्ति? // घाड़खो.३६५
1448,
1449,वरतरुणिनयणपरिसण्ठियस्स जं कज्जलस्स माहप्पं
1450,दीवयसिहासु न तहा ठाणेसु गुणा विवड्ढन्ति // घाड़खो.३६६
1451,
1452,पियदंसणसरहसमउलियाइं जइ से न होन्ति नयणाइं
1453,ता केणकन्नलइयंलक्खिज्जइ कुवलयं तिस्सा? // घाड़खो.३६७
1454,
1455,"हारो सिहीण, सवणाण कुण्डल, तह नियंवकिङ्किणिया"
1456,नयणाण पुणो विहवे वि मण्डणंकज्जलसलाया // घाड़खो.३६८
1457,
1458,अणुरायतन्तुआयड्ढियाइं जणसङ्कुले वि नयणाइं
1459,वलिऊण सणियसणियं जत्थ पिओ तत्थ वच्चन्ति // घाड़खो.३६९
1460,
1461,"सुहओ त्ति जियइ विद्धो, मरइ अविद्धो तह'च्छिबाणेहिं"
1462,इय सिक्खविया केणं अउव्वमेयं धणुव्वेयं? // घाड़खो.३७०
1463,
1464,हरविसमनयणकोवानलेण दड्ढेण तहवि मयणेण
1465,कज्जलमिसेण तरुणीनयणे सङ्कामिओ अप्पा // घाड़खो.३७१
1466,
1467,नवजॊव्वणाण पिम्मन्धलाण मिहुणाण लोयभीयाणं
1468,पच्छन्नं जं नयणेहिं सङ्गमो तं रइरहस्सं // घाड़खो.३७२
1469,
1470,
1471,
1472,---------------------------------------------------------------------
1473,[२८. अथ स्नेहप्रक्रमः]
1474,
1475,ऎक्कं चिय सलहिज्जइ दिणेस-दियहाण नेहनिव्वहणं
1476,आजम्ममॆक्कमॆक्केहिं जेहिं विरहो च्चिय न दिट्ठो // घाड़खो.३७३
1477,
1478,
1479,[प. ३०]
1480,पियवल्लिविरहियाणं नेहो पत्ताण चेव निव्वडिओ
1481,फिट्टन्ति जइ मयाणं वम्भजलद्दाइनयणाइं // घाड़खो.३७४
1482,
1483,सच्चं चिय ससिणेहो सो सुहओ पियसहीओ! जं अम्ह
1484,ज्झत्ति परिपडुराइं तेण विणा होन्ति अङ्गाइं // घाड़खो.३७५
1485,
1486,जइ न झुलुक्किज्जन्तो रूसणयदवेण मामि! मिहुणाणं
1487,खङ्खरसिणेहदब्भो ता कहणु पुणन्नवीहोतो? // घाड़खो.३७६
1488,
1489,भुञ्जसु सिणेहजुत्तं कत्तो लोणं कुगामरट्ठम्मि?
1490,सुहय! सलोणेण वि किं व तेण नेहो जहिं नत्थि? // घाड़खो.३७७
1491,
1492,मामि! सरिस'क्खराण वि अत्थि विसेसो पयम्पियव्वाण
1493,"नेहभणियाण अन्नो, अन्नो उवरोहभणियाण // घाड़खो.३७८"
1494,
1495,ताव य पुत्ति! छइल्लो जाव न नेहस्स गोयरे पडइ
1496,नेहेण नवरि छेयत्तणस्स मूला खणिज्जन्ति // घाड़खो.३७९
1497,
1498,मह मणवल्ली तुह वयणमण्डवे निब्भरं समल्लीणा
1499,"रक्खिज्जसु सुक्कन्ती, सिञ्चिज्जसु नेहसलिलेण // घाड़खो.३८०"
1500,
1501,ऎक्काए नवरि नेहो पयासिओ तिहुयणम्मि जोन्हाए
1502,जा झीणइ झीणे ससहरम्मि वड्ढइ अ वड्ढन्ते // घाड़खो.३८१
1503,
1504,मयवहण! मह निमित्तं जं नियसि निसंस! कं नियन्तीयं[?]
1505,तं मन्ने मुद्दजीविरनेहस्स न गोयरे पडिओ // घाड़खो.३८२
1506,
1507,रणरणयरुज्जदुच्चल्लएहिं[?]नच्चइ नडो व्व हयलोओ
1508,विरहे मरणेण विणा सिणेहरेहा न निव्वडइ // घाड़खो.३८३
1509,
1510,समचिन्ताइ वि घरिणीए भत्तुणा सह इमो विसंवाओ
1511,"सोसामिणित्ति तं मुणइ,किङ्करीसा वि अप्पाणं // घाड़खो.३८४"
1512,
1513,अणुराओ जस्स जहि तेणं चिय हिययनिव्वुई तस्स
1514,"मेहसलिलेहिं तिप्पइ वप्पीहो, न सरसलिलेहिं // घाड़खो.३८५"
1515,
1516,पुन्निमससि व्व छिज्जइ अणुदियहं सुयणु! खलयणसिणेहो
1517,पिच्छह सुयणाण पुणो वीयाचन्दस्स अणुहरइ // घाड़खो.३८६
1518,
1519,
1520,
1521,---------------------------------------------------------------------
1522,
1523,[प. ३१]
1524,[२९. अथ दूतीप्रक्रमः]
1525,
1526,"निवससि दुक्खसहाया मह हियए, सो पिओ तहिं चेव"
1527,सहि! सुणह दोवि तुब्भे परमत्थं किञ्चि सन्दिसिमो // घाड़खो.३८७
1528,
1529,निन्ति तुहविरहहुयवहपलीविया तीए हिययभवणाओ
1530,डज्झन्त व्व तुरन्ता पॆल्लावॆल्लीए नीसासा // घाड़खो.३८८
1531,
1532,अन्नत्थ पेसिएण वि आयन्नापूरिएण तणुमज्झा
1533,अकलेण वि तुज्झ सरेण सुहय! मारिज्जइ वराई // घाड़खो.३८९
1534,
1535,"नूमिति जे पहुत्तं, कुवियं दास व्व जे पसायन्ति"
1536,"ते च्चिय महिलाण पिया, सेसा सामि च्चिय वराया // घाड़खो.३९०"
1537,
1538,महिलासहस्सभरिए तुह हियए सुहय! सा अमायन्ती
1539,पडिदिणमणन्नकम्मा अङ्गं तणुअं पि तणुएइ // घाड़खो.३९१
1540,
1541,विरहग्गितावतविए हियए वससि त्ति तीए सुयणो सि
1542,ससिमणिसमे वि निवसइ तुह हियए नो अणज्जा सा // घाड़खो.३९२
1543,
1544,"सरसा वि हु सुसइ च्चिय, जाणइ दुक्खाइं मूढहियया वि"
1545,रत्ता वि पण्डुर च्चिय जाया वट्टइ तुह विओए // घाड़खो.३९३
1546,
1547,"सॊक्खाइं तुमाहिन्तो, तत्तो निद्दा, तुमाहि मे जीयं"
1548,"पियसङ्गमं तइन्तो, जं जाणिसि तं कुणिज्जासु // घाड़खो.३९४"
1549,
1550,जियउत्ति पयसणाहं तुह गॊत्तं परियणाहि सोउमणा
1551,छिक्काकएण बहुसो नासाविवरे तणं छिवइ // घाड़खो.३९५
1552,
1553,तइ सुहय! अदीसन्ते तिस्सा अच्छीहिं कन्नलग्गाहिं
1554,दिन्नं घोलिरवाहाहिं पाणियं दंसणसुहाण // घाड़खो.३९६
1555,
1556,बहुसो वि कहिज्जन्तं तुह वयणं मज्झ हत्थसन्दिट्ठं
1557,न सुयंति जम्पमाणी पुणरुत्त'सुयंकुणइ अज्जा // घाड़खो.३९७
1558,
1559,एहिसि तुमंति निमिसं व जग्गियं जामिणीए पढमद्धं
1560,सेसं सन्तावपरव्वसाए वरिसं व वोलीणं // घाड़खो.३९८
1561,
1562,धरिओ धरिओ वियलइ उवएसो से सहीहिं दिज्जन्तो
1563,मयरद्धयबाणपहारजज्जरे तीए हिययम्मि // घाड़खो.३९९
1564,
1565,काला कप्पा वि गया सञ्झादूईए सञ्चरन्तीए
1566,दिवसस्स निसाए समं न सक्किओ सङ्गमो काउं // घाड़खो.४००
1567,
1568,
1569,[प. ३२]
1570,हरचिन्तए वि चित्ते चित्तभवो तीए कह समुप्पण्णो?
1571,तं पुण बिउणियचित्तो अचित्तजम्मा कहं जाओ? // घाड़खो.४०१
1572,
1573,जइ सो न एइ मह मन्दिरम्मि ता दूइ! अहमुही कीस?
1574,सो होही मज्झ पिओ जो तुज्झ न खण्डए वयणं // घाड़खो.४०२
1575,
1576,सा तुज्झ कए गयमयविलेवणा तह वणिक्कसाहारा
1577,जाया निद्दय! जाया मासाहारा पुलिन्दि व्व // घाड़खो.४०३
1578,
1579,जो तीए अहरराओ रत्तिं उव्वासिओ पिययमेण
1580,सो च्चिय गोसे दीसइ सवत्तिवयणेसु सङ्कन्तो // घाड़खो.४०४
1581,
1582,सा दियहं चिय पॆच्छइ पडिमावडियाइं दप्पणयलम्मि
1583,एएहिं तुमं दिट्ठो त्ति तुज्झ विरहम्मि अच्छीहि // घाड़खो.४०५
1584,
1585,सब्भावसिणेहनिवेइरीए जीए तुमं न पत्तीणो
1586,सा सुहय! पढमदूई रुयइ विलक्ख व्व से दिट्ठी // घाड़खो.४०६
1587,
1588,
1589,
1590,---------------------------------------------------------------------
1591,[अथ प्रेमप्रक्रमः]
1592,
1593,न मुयन्ति गाढलग्गं खणं पि न धरन्ति सिढिलयं तं तु
1594,पिम्मं निम्मोयं पिव जयम्मि जे ते च्चिय भुयङ्गा // घाड़खो.४०७
1595,
1596,पढमारम्भे मणहरघणलग्गमणेयरायरमणिज्जं
1597,पिम्मं सुरिन्दचावं व चञ्चलं झत्ति वोलेइ // घाड़खो.४०८
1598,
1599,पिम्मस्स विरोहियसन्धियस्स पच्चक्खदिट्ठदोसस्स
1600,उदयस्स व तावियसीयलस्स विरसो रसो होइ // घाड़खो.४०९
1601,
1602,फुट्टन्तेण वि हियएण मामि! कह निव्वरिज्जए तम्मि
1603,अद्दाए पडिबिम्बं व जम्मि दुक्खा न सङ्कमइ // घाड़खो.४१०
1604,
1605,कइयवरहियं पिम्मं णत्थि[?य]किर मामि! माणुसे लोए
1606,अह होज्जाविरहो कस्स होइ?विरही व कोजियइ? // घाड़खो.४११
1607,
1608,सन्तावियं न विहडइ पिम्मं नवजच्चकञ्चणच्छायं
1609,वड्ढइ कलाहिं अहियं मिहुणाणं माणकसवट्टे // घाड़खो.४१२
1610,
1611,जत्थ न दूरालोयणपसयच्छी दीहपउमनालेहिं
1612,पिच्छइ अणुरायरसं अणवरयं तत्थ किं पिम्मं? // घाड़खो.४१३
1613,
1614,
1615,[प. ३३]
1616,इन्हिं वारेइ जणो तइया मूयल्लिओ कहिपि गओ
1617,जाहे विसं व जायं सव्वङ्गपहोलिरं पिम्मं // घाड़खो.४१४
1618,
1619,"जं दोसेसु निसम्मइ, जं उवएसेहिं तीरए चलिउं"
1620,जं च सहए विओयं तं सहि! पिम्मं चिय न होइ // घाड़खो.४१५
1621,
1622,आवायमॆत्तगरुएहिं मामि कमसो सरन्तलहुएहिं
1623,घण्टानिनायसरिसेहिं लज्जिमो लोयपिम्मेहिं // घाड़खो.४१६
1624,
1625,के धन्ना जे सुमुहीतरुणीणं पिम्मनिम्मले हियए
1626,पॆच्छन्ति दप्पणम्मि व सङ्कन्तं अत्तणो रूवं // घाड़खो.४१७
1627,
1628,अइवल्लहं पि न उ सरइ माणुसं देस-कालअन्तरियं
1629,वल्लीए समं पिम्मं जं आसन्नं तहिं चढइ // घाड़खो.४१८
1630,
1631,समसुख-दुक्खं संवड्रिढयाण कालेण रूढपिम्माणं
1632,मिहु एग ण मरइ जं तं खु जीयइ परं मयं होइ // घाड़खो.४१९
1633,
1634,सहि! एरिस च्चिय गई मा रुव्वउ तंसवलियमुहइन्दं
1635,एयाण वालवालुङ्कितन्तुकुडिलाण पिम्माण // घाड़खो.४२०
1636,
1637,"जा न चलइ ता अमयं, चलियं पिम्मं विसं विसेसेइ"
1638,दिट्टं सुय च कत्थ वि मयच्छि! विसगब्भियं अमयं? // घाड़खो.४२१
1639,
1640,सन्तावियाइं अम्हे अमुणा पिम्मेण वङ्कविसमेण
1641,दुग्घडियमञ्चएण व खणे खणे पायवडणेण // घाड़खो.४२२
1642,
1643,दढनेहनालपसरियसब्भावदलस्स रइसुयधस्स
1644,पेमॊप्पलस्स मुद्धे! माणतुसार च्चिय विणासो // घाड़खो.४२३
1645,
1646,जाए माणप्पसरे फिट्टे नेहे गयम्मि सब्भावे
1647,अब्भत्थणाए पिम्मं कीरन्तं केरिसं होइ? // घाड़खो.४२४
1648,
1649,अन्नं तं सयचलियं पि मिलइ रसगोलयं व जं पिम्मं
1650,अन्नं मयच्छि! मुत्ताहलं व भग्गं न सङ्घडइ // घाड़खो.४२५
1651,
1652,दाडिमफलं व पिम्मं सकसायं ऎक्कवारियं होइ
1653,जाव न बीयं रत्तं न ताव सरसत्तंणं कुणइ // घाड़खो.४२६
1654,
1655,
1656,[प. ३४]
1657,अन्ना''सत्ते हे पुत्ति! पिययमे कुणसु आयरं अहियं
1658,पिम्माइं मयीलंवच्छि! होन्ति अक्कन्तसाराइं // घाड़खो.४२७
1659,
1660,दुल्लहजणाणुराओ लज्जा गरुई परव्वसो अप्पा
1661,पियसहि! विसमं पिम्मं मरणं सरणं नवरमॆक्कं // घाड़खो.४२८
1662,
1663,आलाव-हास-परिरम्भणाइं पिम्मस्स परियरो एसो
1664,पिम्मं पुण नयणतिहायभूरिपरिघोलिरा दिट्ठी // घाड़खो.४२९
1665,
1666,अद्दंसणेण अइदंसणेण तह अन्नजुवइनेहेण
1667,माणेण पवासेण य पञ्चविहं झिज्झए पिम्मं // घाड़खो.४३०
1668,
1669,अद्दंसणेण वालय! मुट्ठु वि नेहाणुरायभरियाइं
1670,हत्थउडपाणियाइं व काणेण गलन्ति पिम्माइं // घाड़खो.४३१
1671,
1672,सहजग्गिराण सहसोविराण सहहरिस-सोयवन्ताणं
1673,नयणाण व धन्नाणं आजम्ममकित्तिमं पिम्मं // घाड़खो.४३२
1674,
1675,ताण नमो पिम्माणं कलहविहाणेसु जाण सन्धाणं
1676,रणरणयपॆल्लणेहिं न नाममित्ताण भणिएहिं // घाड़खो.४३३
1677,
1678,कलहे मिहुणाणमहो! परिरक्खन्ताण अणुणयकलङ्कं
1679,पॆम्मभरतम्मिराण वि गहिलाण गलन्ति दियहाइं // घाड़खो.४३४
1680,
1681,अणुरायपरं पुरिसं महिलाओ विडंवयन्ति पाएणं
1682,पॆच्छन्ति पुणो पुरिसा महिलं पिम्मेण परमेण // घाड़खो.४३५
1683,
1684,सव्भावपिम्मरहिएसु निप्फला होन्ति भणिइभङ्गीओ
1685,विहलो च्चिय कइरविणीसु गोसहस्सो वि तरणिस्स // घाड़खो.४३६
1686,
1687,दाहज्जरविहुराणं सिसिरेसु जलेसु जारिसी तन्हा
1688,धन्नाणं पिम्माणं परॊप्परं तारिसं पिम्मं // घाड़खो.४३७
1689,
1690,घडिउं पुणो न तीरई पणयपरूढं पि विहडियं कहवि
1691,पॆम्मं मुणालनालं व सुयणु! वहुएहिं वि गुणेहिं // घाड़खो.४३८
1692,
1693,सव्वङ्गनिव्वुइकरो अन्नो सो सत्तमो रसो कोइ
1694,आसाइज्जइ जो पढमपिम्मे पियसङ्गमाहिन्तो // घाड़खो.४३९
1695,
1696,
1697,[प. ३५]
1698,
1699,
1700,---------------------------------------------------------------------
1701,[३१. अथ मानप्रक्रमः]
1702,
1703,माणोइमाइं दोअक्खराइंपियसङ्गमोत्ति बहुयाइं
1704,थोवं जिप्पइ वहुएहि ऎत्थ तुम्हे च्चिय पमाणं // घाड़खो.४४०
1705,
1706,अविरयरयकेलिपसङ्गसॊक्खपब्भारईसिकुण्ठइयं
1707,माणनिसाणयनिसियं होइ पुणो अहिणवं पिम्मं // घाड़खो.४४१
1708,
1709,जइया पुणो न दीसइ भणह हले! कस्स कीरए माणो?
1710,अह दिट्ठम्मि वि माणो ता तस्स पियत्तणं कत्तो? // घाड़खो.४४२
1711,
1712,गाढालिङ्गणरहसॊज्जयम्मि दइए लहुं समोसरइ
1713,माणंसिणीण माणो पीलणभीओ व्व हिययाहिं // घाड़खो.४४३
1714,
1715,माणेण मह मणाओ पुव्वि निव्वासिओ पिओ मामि!
1716,इण्हिं निव्वासिज्जइ मयणसहाएण सो तेण // घाड़खो.४४४
1717,
1718,वाहभरभमिरतारं तावियतवणिज्जतुलियगण्डयलं
1719,फुरियाहर-नासउडं माणिणिमाणं पि रमणिज्जं // घाड़खो.४४५
1720,
1721,दढमन्तुदूमियाइ वि गहिओ दइयम्मि पॆच्छह इमीए
1722,ओसरइ वालुयामुट्ठिय व्व माणो सुरसुरन्तो // घाड़खो.४४६
1723,
1724,जो कहवि सहीहि महं छिद्दं लहिऊण ठाविओ हियए
1725,सो माणो चोरियकामुय व्व दिट्ठे पिए नट्ठो // घाड़खो.४४७
1726,
1727,निद्दाभङ्गो आवण्डुरत्तणं दीहरा य नीसासा
1728,जायन्ति जस्स विरहे तेण समं केरिसो माणो? // घाड़खो.४४८
1729,
1730,"पायवडिओ न गणिओ, पियं भणन्तो वि अप्पियं भणिओ"
1731,"वच्चन्तो न निरुद्धो, भण कस्स कए कओ माणो? // घाड़खो.४४९"
1732,
1733,बाहुल्लफुरियगण्डाहराए भणियं विलक्खहसिरीए
1734,अज्ज वि किं रूसिज्जइ सतहावत्थं मए पिम्मे? // घाड़खो.४५०
1735,
1736,पणयकुवियाण दोन्ह वि अलियपसुत्ताण माणइत्ताणं
1737,निच्चलनिरुद्धनीसासदिन्नकन्नाण को मल्ली? // घाड़खो.४५१
1738,
1739,पिट्ठिनिसन्ना वि पिया सणियं सणियं परम्मुहे दइए
1740,दुट्ठरुहिरं व माणं आइद्धइ सिहिणतुम्बेहिं // घाड़खो.४५२
1741,
1742,न वि तह अणालवन्ती हिययं दूमेइ माणिणी अहियं
1743,जह दूरवियम्भियगुरुयदोसमब्भत्थभणियेहिं // घाड़खो.४५३
1744,
1745,
1746,[प. ३६]
1747,उज्जग्गिरस्स तणु[?य]त्तणस्स ससियस्य दीहरुयणस्स
1748,एयाण उरं दाऊण पुत्ति! माणं कुणिज्जासु // घाड़खो.४५४
1749,
1750,आयम्पन्तकवोलं अलियक्खरजम्पिरं फुरन्तॊट्ठं
1751,“मा छिवसुत्ति”सरोसं समोसरन्तं पियं सरिमो // घाड़खो.४५५
1752,
1753,सच्चं कलहे कलहे पिम्मारम्भा पुणन्नवा होन्ति
1754,माणो उण माणंसिणि! गरुओ पिम्मं विणासेइ // घाड़खो.४५६
1755,
1756,तुङ्गो थिरो विसालो जो रइओ माणपव्वतो तीए
1757,सो दइयदिट्ठिवज्जासणीए घायं पि न हु पत्तो // घाड़खो.४५७
1758,
1759,जुत्तं किज्जइ माणो पियम्मि जइ होइ सो वि साहीणो
1760,माणेण विणा जेणं अणण्णसॊक्खाइं ण हवन्ति // घाड़खो.४५८
1761,
1762,
1763,
1764,---------------------------------------------------------------------
1765,[३२. अथोभयानुगतचाटुप्रक्रमः]
1766,
1767,"उज्जाणं व सतिलयं, नहं व चलतारयाहिं आयरियं"
1768,उयहिं व रम्मरयणंरेहइ तुह सुयणु! मुहकमलं // घाड़खो.४५९
1769,
1770,"सारिच्छयाइ गिण्हइ लोओ, एयं गुणं न लक्खेइ"
1771,मण्डिज्जइ तुज्झ मुहं मएणमइलिज्जइ ससङ्को // घाड़खो.४६०
1772,
1773,"किं कमलम इणं? न हु तं, सकण्टयं; किं ससी? न, नत्थि मओ"
1774,दिट्ठं पिए! तुह मुहं ससङ्कियंअज्ज तरुणेहिं // घाड़खो.४६१
1775,
1776,वयण-नयणप्पहानिज्जियाण तुह दीहरच्छि! एयाण
1777,समदुक्खाण व जाओ समागमो चन्द-हरिणाणं // घाड़खो.४६२
1778,
1779,"मुद्धे! तवेसि चन्दाणणा वि, हियए ठिया वि दुलहा सि"
1780,"तण्हं जणेसि सुपओहरा वि, एयं महच्छरियं // घाड़खो.४६३"
1781,
1782,पसयच्छि! अज्ज तुमए चलणं दिन्तीए मज्झ हिययम्मि
1783,पत्तिय वहुलालत्तयरसो व्व राओ परिट्ठविओ // घाड़खो.४६४
1784,
1785,कत्तो वच्चसि? निक्किव! विओयमरुनिवडियाइ किल इन्हिं
1786,अमियरससॊक्खनिज्झर! पिज्जसि नयणञ्जलीहिं मए // घाड़खो.४६५
1787,
1788,
1789,[प. ३७]
1790,मयणग्गिणा ण डज्झसि मह हिययगओ वि जं परितवन्तो
1791,दे देसु सुहय! मज्झ वि तं जलणत्थम्भणिं विज्जं // घाड़खो.४६६
1792,
1793,जं जं ते न सुहायइ तं तं न करेमि जं ममायत्तं
1794,अहयं चिय जं न सुहामि सुहय! तं किं ममायत्तं? // घाड़खो.४६७
1795,
1796,दक्खिण्णेण विरत्तो सुहय! सुहावेसि अम्ह हिययाइं
1797,णिक्कइयवाणुरत्तो सि जाण का णिव्वुई ताण? // घाड़खो.४६८
1798,
1799,सच्चं धवलो सि तुमं तहा वि रञ्जेसि अम्ह हिययाइं
1800,रायभरिए वि हियए नाह! निहित्तो न रत्तो सि // घाड़खो.४६९
1801,
1802,दीससि पियाइं जम्पसि सब्भावो सुहय! इत्तिओ चेव
1803,फालेऊणं हिययं साहसु को दावए कस्स? // घाड़खो.४७०
1804,
1805,अवराहसहस्साइं वहिमो हियए तुमम्मि अद्दिट्ठे
1806,समुहमिलियम्मि पत्तिय ऎक्कं पि हु नेय सम्भरिमो // घाड़खो.४७१
1807,
1808,"जइ भुज्जाएइ मही, लेहणि वणराइ, उयहि मसिठाणं"
1809,लिहइ पुरन्दरनाहो ता तुम्ह गुणा लिहिज्जन्ति // घाड़खो.४७२
1810,
1811,"अवरज्झसु वीसत्थं, सव्वं ते सुहय! विसहिमो अम्हे"
1812,गुणनिब्भरम्मि हियए पत्तिय दोसा न मायन्ति // घाड़खो.४७३
1813,
1814,
1815,
1816,---------------------------------------------------------------------
1817,[३३. अथ मानिनीप्रत्युत्तरप्रक्रमः]
1818,
1819,वससि जहिं चिय हियए अणुदियहं नेसि तं चिय खयन्ति
1820,नवरं सलोणया सुहय! तुज्झ अम्हेसु निव्वडिया // घाड़खो.४७४
1821,
1822,हिययाहिंतो पसरन्ति जाइं अण्णाइं ताइं वयणाइं
1823,ओ! विरम किं इमेहिं अहरन्तरमॆत्तभणियेहिं? // घाड़खो.४७५
1824,
1825,"तम्बोलरायअणुरञ्जियाइं नयणाइं हुन्तु, को दोसो?"
1826,अहरे कज्जलरेहा रे सुहय! असम्भवं दुक्खं // घाड़खो.४७६
1827,
1828,तइया मह गण्डत्थलनिहियं दिट्ठिं न नेसि अन्नत्तो
1829,"इण्हिं स च्चेय अह, ते य कवोला, न सा दिट्ठि // घाड़खो.४७७"
1830,
1831,हिययट्ठिया विदैया वाहित्ताजं न देइ उल्लावं
1832,तं नूण सुहय! तुह दंसणेण कोवं समुव्वहइ // घाड़खो.४७८
1833,
1834,
1835,[प. ३८]
1836,सद्दहिमो तुज्झ पियत्तणस्स तह तं पि नेय जाणामो
1837,दे सुहय! तुमं ति य सिक्खवेसु जं तुह पिया होमि // घाड़खो.४७९
1838,
1839,अलियकुवियं पि कयमन्तुओ व्व मं सुहय! जेसु अणुणिन्तो
1840,"ताण दियहाण सरई रुयामि, न उणो अहं कुविया // घाड़खो.४८०"
1841,
1842,"को तं? पिए! पईवो, नेहक्खयकारएण किं तेण?"
1843,नं दइओ वा''याओ! इय तीए जयन्ति उल्लावा // घाड़खो.४८१
1844,
1845,सुन्दर! तुमाओ अहियं निययं चिय अम्ह वल्लहं जिययं
1846,तं तुह विणा न होइ त्ति तेण कुवियं पसाएमि // घाड़खो.४८२
1847,
1848,"न मुयन्ति दीहसासे, न रुयन्ति, न होन्ति विरहकिसिआओ"
1849,धन्नाओ ताओ जाणं बहुवल्लहओनरो न तुमं // घाड़खो.४८३
1850,
1851,"तुह सुयणु! न रूसिज्जइ, ऎक्कग्गाहीण गारवं कत्तो?"
1852,वीयाए गओ चन्दो वन्दिज्जइ सयललोएहिं // घाड़खो.४८४
1853,
1854,अन्नमहिलापसङ्गं हे दिव्व! करेसु मज्झ दइयस्स
1855,पुरिसा ऎक्कन्तरसा न हु दोस-गुणे वियाणन्ति // घाड़खो.४८५
1856,
1857,अप्पाण लाहवं चिय विरत्तहिययेसु अणुणयपराणं
1858,वन्धुयणचाडुएहिं न नाम जीवन्ति गयपाणा // घाड़खो.४८६
1859,
1860,
1861,
1862,---------------------------------------------------------------------
1863,[३४. अथ विरहप्रक्रमः]
1864,
1865,चन्दण-पङ्कयहारं सहीओ! मा देह मज्झ हिययम्मि
1866,अणुहवउ सो वि सन्तावदुक्खमिह जो जणो वसइ // घाड़खो.४८७
1867,
1868,थणवट्ठछिद्दमासाइऊण जं दहसि विरहिणीहिययं
1869,तं रयणायरसम्भवगुणसार! न हार! जुत्तमिणं // घाड़खो.४८८
1870,
1871,विवरीय'द्धच्छिपलोइएहिं तेण'म्ह गुरुयणसमक्खं
1872,इन्दीवरनालेण व जलं व आयडिढयं हिययं // घाड़खो.४८९
1873,
1874,जीयव्वं जेण विणा न मए सुविणे वि चिन्तियं आसि
1875,तस्स विरहम्मि माए! इन्हिं दियहा गमिज्जन्ति // घाड़खो.४९०
1876,
1877,पियहॊत्तं पञ्जलयं[?पि]पिच्छिमो जइ वि लोयसङ्काए
1878,तह वि हु केण'म्हे वलेण वङ्कुडिज्जन्ति अच्छीओ? // घाड़खो.४९१
1879,
1880,
1881,[प. ३९]
1882,सव्वो च्चिय पियविरहे दुक्खविणोयं करेइ निद्दाए
1883,"मह तेण सा वि हीरइ, भण सरणं कं पवज्जामि? // घाड़खो.४९२"
1884,
1885,"निह च्चिय वन्दिज्जइ, किं कीरइ देवयाहिं अन्नाहि?"
1886,जीए पसाएण पिओ दीसइ दूरे वि निवसन्तो // घाड़खो.४९३
1887,
1888,धन्ना ता महिलाओ जाओ पियं सुविणए वि पिच्छन्ति
1889,"निद्द च्चिय तेण विणा न होइ, को पिच्छए सुविणं? // घाड़खो.४९४"
1890,
1891,अच्छीइं चिय तं पॆच्छिराइं रोयन्तु अहव फुट्टन्तु
1892,हियएण किं कयं जेण वहइ मरणाहियमवत्थं? // घाड़खो.४९५
1893,
1894,ससिवयणाए जणो जं जम्पइमुद्धत्ति तं तहा सच्चं
1895,मह मयणानलजलिए निवसइ कह अन्नहा हियए? // घाड़खो.४९६
1896,
1897,विरहविसतवियहियया सिहिसिहरसिलायलम्मि वीसन्ता
1898,सामाए वयणपवणं पियन्ति जे ते च्चिय भुयङ्गा // घाड़खो.४९७
1899,
1900,विरहकिसियाए तीए कराओ भूमीए वियलिओ वलओ
1901,पिम्ममहीरुहवियडा''लवालकरणिं समुव्वहइ // घाड़खो.४९८
1902,
1903,जं पि य[?पिय]मङ्गलवासणाए पत्थाणपढमदियहम्मि
1904,वाहसलिलं न निट्ठइ तं चिय विरहे रुयन्तीए // घाड़खो.४९९
1905,
1906,सरसं पि नलिणवत्तं डज्झन्तं पॆच्छिऊण अङ्गेसु
1907,दाहभया हि सुमुक्का तीए भुया मुहलवलएहिं // घाड़खो.५००
1908,
1909,जेहिं दइयं न नायं अणायदुक्खा सुहीण ते पढमा
1910,जाणं पिययणविरहो अणाइदुक्खाण ते पढमा // घाड़खो.५०१
1911,
1912,रोवन्तु नाम तं जणमपिच्छमाणाइं दड्ढनयणाइं
1913,तं हियय! किं विसूरसि साहीणे चिन्तियव्वम्मि? // घाड़खो.५०२
1914,
1915,सहि! सुणसु मह पउत्तिं अहं पि किं पवसिया सह पिएण
1916,अन्न च्चिय दीसइ का वि दप्पणे जेण साममुही // घाड़खो.५०३
1917,
1918,अज्ज मए तेण विणा अणुहूयसुहाइं सम्भरन्तीए
1919,अहिणवमेहाण रवो निसामिओ वज्जपडहो व्व // घाड़खो.५०४
1920,
1921,विरहकरवत्तदूसहफालिज्जन्तस्स तीए हिययस्स
1922,अंसुसकज्जलमइलं पमाणसुत्तं व से धरियं // घाड़खो.५०५
1923,
1924,
1925,[प. ४०]
1926,पियसम्भरणपलॊट्टन्तअंसुधारानिवायभीयाए
1927,दिज्जइ वङ्कग्गीवाए दीवओ पहियजायाए // घाड़खो.५०६
1928,
1929,"वाहि व्व विज्जरहिओ, धणरहिओ साहुवासवासो व्व"
1930,रिउरिद्धिदंसणं पिव दूसहणिज्जो तुह विओओ // घाड़खो.५०७
1931,
1932,भरिऒव्वरन्तपसरियभरणपिसुणो वराईए[?]
1933,परिवाहो इव दुक्खस्स वहइ नयणट्ठिओ वाहो // घाड़खो.५०८
1934,
1935,अज्जं पि ताव ऎक्कं मा मं वारेह पियसहि! रुयन्तिं
1936,कल्लं पुण तम्मि गए जइ न मरिस्सं न रोविस्सं // घाड़खो.५०९
1937,
1938,"ऎत्थ ठिया, इह रमिया, ऎत्थ य कुविया, पसाहिया ऎत्थ"
1939,अज्ज वि पियाणुराओ सुन्ने वि घरे तह च्चेव // घाड़खो.५१०
1940,
1941,मॊत्तूण निययनाहं अन्नं नॆच्छामि ताव सुविणे वि
1942,आवयपडिया वि दढ रयणियरंमहइ किं नलिणी // घाड़खो.५११
1943,
1944,ऎक्केण वि संवन्धेण पुन्निमा घडइ तं पि किं चॊज्जं
1945,आपक्खं झिज्झइ जेण तीए विरहे रयणिनाहो // घाड़खो.५१२
1946,
1947,अहह! तुहविरहहुतवहजालावलिकवलियं पुणो वि पुणो
1948,ओ! हिययं डज्झइ तुज्झ नेहनिस्सन्द[']सिच्चन्तं // घाड़खो.५१३
1949,
1950,मा मा विज्जसु सहिए! दीहरपत्तेहिं सरलतरलेहिं
1951,वाले! तुमं न याणसि विरहसिही जलइ पवणेण // घाड़खो.५१४
1952,
1953,लुलियालयं मुहं से लक्खिज्जइ वामकरयलनिसन्नं
1954,भमरभरवलियनालं कमले कमलं व पल्हत्थं // घाड़खो.५१५
1955,
1956,
1957,
1958,---------------------------------------------------------------------
1959,[३५. अथ सूर्यास्तप्रक्रमः]
1960,
1961,पच्छामुहो[वि]वियरइ पहरहओ अम्बरं पि मॊत्तूण
1962,तह वि हु भन्नइ सूरो पॆच्छ! पसिद्धीए माहप्पं // घाड़खो.५१६
1963,
1964,वियलियतेएण वि ससद्दरेण जह दंसिओ दिणे अप्पा
1965,तह जइ तुमं पि दंसिसि रयणीए सूर! ता सूरो // घाड़खो.५१७
1966,
1967,सव्वो दिवसस्स वसो पुरिसो किं कुणइ तेयवन्तो वि?
1968,दियहन्ते सूरो वि हु पॆल्लिज्जइ सहि! ससङ्केण // घाड़खो.५१८
1969,
1970,
1971,[प. ४१]
1972,कित्तियमित्तं सञ्झायवस्स[वा?]सं ति दंसणत्थं व
1973,आरूढा तिमिरचर व्व वासतरुसेहरं सिहिणो // घाड़खो.५१९
1974,
1975,ता अत्थसेलसङ्केयसगसुहसमियदिवससन्तावो
1976,अणुरायणिब्भरो वारुणीए अवगूहिओ सूरो // घाड़खो.५२०
1977,
1978,अत्थायन्तो वि हु अत्थसिहरिणा धारिओ सिरेण रवी
1979,सूरो वि पच्छिमाए दिसाएउण वल्लहो[हो]इ // घाड़खो.५२१
1980,
1981,रविनिवडणविहडियजलहिसलिलपाय[?रय]रयणकन्ति व्व
1982,सञ्चलणमासला नहयलाओ सञ्झा समुल्लसिया // घाड़खो.५२२
1983,
1984,परिणामकालसिढिलस्स सहइ नहतरुफलस्स दिणवइणो
1985,अत्थइरिसिलावडणॊच्छलन्तरससच्छहा सञ्झा // घाड़खो.५२३
1986,
1987,सुहमेरुघडियतवणिज्जपिड्डभरियामियग्गभावेण[?]
1988,कसणतुलादण्डेण वतमेणगयणे समुल्लसियं // घाड़खो.५२४
1989,
1990,रविकण्णियम्मि वियडे मोलायंतम्मि दिवससयवत्ते
1991,उड्डीणभमरनियरु व्व पसरिओ तिमिरसङ्घाओ // घाड़खो.५२५
1992,
1993,उव्वहइ अत्थसेलो पसरियपरिसेसलहुसयमऊहं
1994,परिपिङ्गकेसरड्ढं कञ्चणकमलं व रविबिम्बं // घाड़खो.५२६
1995,
1996,अत्थमिए जगदीवे सयलतमॊम्मूलणेखमो नाहं
1997,ओकसिऊण पदीवो धूमइ पवणाहओ सीसं // घाड़खो.५२७
1998,
1999,रविनिवडणविहडियजलहिसलिलमग्गुग्गएण नीसेसं
2000,वडवानलधूमेण व तमेण सञ्छाइयं अङ्गं // घाड़खो.५२८
2001,
2002,दीवयसिहाओ रेहन्ति नयरभुवणोयरेसु दिप्पन्ता
2003,मुक्का रविणा किरण व्व तिमिरपरिमाणमवगन्तुं // घाड़खो.५२९
2004,
2005,पहरेहिं लम्बिरङ्गो सङ्कुइयकरो पणट्ठरहमग्गो
2006,सञ्झावियलियतेओ सूरो सूरु व्व अत्थमिओ // घाड़खो.५३०
2007,
2008,सञ्झारायायबं मुहपरिघोलन्ततारओ पियइ
2009,भुवणे एस सलीलं आलोयमहुं तमॊग्घाओ // घाड़खो.५३१
2010,
2011,
2012,[प. ४२]
2013,"अत्थमणं पहरपरव्वसाण जइ होइ, होउ, को दोसो?"
2014,जं पुण मुच्चइ तेओ सूराण न एरिसं जुत्तं // घाड़खो.५३२
2015,
2016,नवकुङ्कुमरत्तपओहराए अङ्कम्मि पच्छिमवहूए
2017,तरणिं निएवि पुव्वा ईसाइ व सामला जाया // घाड़खो.५३३
2018,
2019,अद्ध'त्थमिए सूरे अद्धुग्गमिए य पुन्निमायन्दे
2020,सञ्झाभरेण नज्जइ नहसयडं खुत्तचक्कं व // घाड़खो.५३४
2021,
2022,जलहिजलसमालंवियसयणस्स मुरारिणो समुद्देण
2023,दिज्जइ महापईवो व्ववीइसंवॆल्लिओ सूरो // घाड़खो.५३५
2024,
2025,
2026,
2027,---------------------------------------------------------------------
2028,[३६. अथ चक्रवाकप्रक्रमः]
2029,
2030,पडिवन्ने निव्वहणं निव्वूढं तुह रहङ्ग! ऎक्कस्स
2031,मित्त'त्थमणे दइया वि जेण सहस त्ति परिचत्ता // घाड़खो.५३६
2032,
2033,"मित्तम्मि गए, दोसायरुग्गमे, मउलियम्मि गुणनिवहे"
2034,का दाणि पियविओए हॊज्ज गई चक्कवायस्स? // घाड़खो.५३७
2035,
2036,आसासिज्जइ चक्को जलगयपडिविम्बदंसणसुहेण
2037,तं पि हरन्ति तरङ्गा पॆच्छह निउणत्तणं विहिणो // घाड़खो.५३८
2038,
2039,आसन्नसङ्गमासाए नेन्ति रयणिं सुहेण चक्काया
2040,दियहं पुण होन्तविओयकायरा कहवि वोलन्ति // घाड़खो.५३९
2041,
2042,चञ्चुपुडछिन्ननवनलिणिनालखण्डेण चक्कमिहुणेहिं
2043,मित्त'त्थमणे दिन्न व्व अग्गला जीवनिग्गमणे // घाड़खो.५४०
2044,
2045,
2046,
2047,---------------------------------------------------------------------
2048,[३७. अथ खद्योतप्रक्रमः]
2049,
2050,कह सोलहुत्ति भन्नइ खज्जोओ जोनिसाइपयडेइ
2051,सूरत्थमणे तेयं निययपमाणाणुसारेण // घाड़खो.५४१
2052,
2053,"जायारयणम्मिगई, तारयसमसीसियाए विप्फुरियं"
2054,सूरत्थमणे खज्जोययाण किं जं न निव्वडियं? // घाड़खो.५४२
2055,
2056,
2057,[प. ४३]
2058,नियनामपयडणत्थं लहुपक्खा वि हु फुरन्तु खज्जोआ
2059,"ववसायो च्चिय जिप्पइ, ना''यारो तेयवन्ताणं // घाड़खो.५४३"
2060,
2061,तणुतेयफुरणपयडियदरनहमग्गाण कीडयाणं पि
2062,खज्जोय त्ति पसिद्धी जा जाया तेण झिज्झामो // घाड़खो.५४४
2063,
2064,
2065,
2066,---------------------------------------------------------------------
2067,[३८. अथ चन्द्रप्रक्रमः]
2068,
2069,सञ्झाराऒत्थइओ दीसइ गयणम्मि पडिवयाचण्ढो
2070,रत्तदुगुल्लन्तरिओ व्व नहनिवाओ नववहूए // घाड़खो.५४५
2071,
2072,जाओ'सि वन्दणिज्जो जिस्सा सङ्गेण सुद्धवक्खाए
2073,जइ सा वि होइ वीया पढमा उण चन्द का तुज्झ? // घाड़खो.५४६
2074,
2075,वङ्को कलिक्कविहवो निसियर! मइलो'सि दिट्ठनट्ठो'सि
2076,तह वि नमिज्जसि जं तं एयं बीयाए दुच्चरियं // घाड़खो.५४७
2077,
2078,सरसं मउयसहावं विमलगुणं मित्तसङ्गमुल्लसियं
2079,कमलं नट्ठच्छायं कुणन्त! दोसायर! नमो ते // घाड़खो.५४८
2080,
2081,मज्झे जडाण निवसन्तयस्स कत्तो गुणाण वित्थारो?
2082,हरससिणो तं बहुयं सा वि कला ज न से झीणा // घाड़खो.५४९
2083,
2084,सारं कलाहिरामत्तणस्स तुह जाणियं चिय मयङ्क!
2085,सरसा वि जेण समुही न सक्किया कमलिणी काउं // घाड़खो.५५०
2086,
2087,नरसिरकवालसमसीसियाए मज्झे जडाण निवसन्त!
2088,सभुयङ्गे हरसीसम्मि चन्द! को तुज्झ बहुमाणो? // घाड़खो.५५१
2089,
2090,हरिणट्ठाणे हरिणक! जइ सि हरिणाहिवं निवासन्तो
2091,न सहन्तो चिय ता राहुपरिभवं से जियन्तस्स // घाड़खो.५५२
2092,
2093,चन्दमयन्दवियारियदुद्धरतमहत्थिमत्थउच्छलियं
2094,लक्खिज्जइ गयणवहे मुत्तानियरं व गहचक्कं // घाड़खो.५५३
2095,
2096,अइरत्तया वि गुणिणो मित्तरया दोसदंसणे विमुहा
2097,इय मुणिऊण य चन्दो कुणइ सकोसाइं कमलाइं // घाड़खो.५५४
2098,
2099,गयणमहासरसियपुण्डरीयसरिसत्तणं वहन्तस्स
2100,चन्दस्स मयकलङ्को छज्जइ नीलालिवलउ व्व // घाड़खो.५५५
2101,
2102,
2103,[प. ४४]
2104,जलहिविसङ्घडिएण वि निवसिज्जइ हरसिरम्मि चन्देण
2105,जत्थ गया तत्थ गया गुणिणो सीसेण वुज्झन्ति // घाड़खो.५५६
2106,
2107,चन्दुच्चतावयंसं पवियम्भियसुरहिकुवलयामोयं
2108,निम्मलतारालोयंपियइव रयणीमुहं चन्दो // घाड़खो.५५७
2109,
2110,दीहमुणालेहि व पसरिएहिं किरणेहिं पियइ हरिणङ्को
2111,भुवणन्तरालसरमज्झसण्ठियं तमजलॊप्पीलं // घाड़खो.५५८
2112,
2113,दरविहडियवयणविणिन्तगन्धलुद्धालिगणसणाहाइं
2114,कुमुयाइं ससहरक्कन्ततिमिरभरियाइं व फुडन्ति // घाड़खो.५५९
2115,
2116,सयलेण भुवणपरिपायडेण निव्ववियसयललोएण
2117,अकुणन्ती नलिणीचिय वञ्चिज्जइ सङ्गमं ससिणा // घाड़खो.५६०
2118,
2119,गयणतलाए अइनिम्मलस्स चन्दस्स फुडियपउमस्स
2120,मियमहुअरपयपप्फन्दियस्सजोन्हारओ फुरइ // घाड़खो.५६१
2121,
2122,जह जह उग्गमइ ससी ईसिपसारियकरो पिययमो व्व
2123,रयणिविलयाएतह तह सिचयं व तमो समोसरइ // घाड़खो.५६२
2124,
2125,मित्तत्थमणे ओ! ससहरस्स अइनिम्मला मुहच्छाया
2126,अन्नाण वि अन्तरकलुसियाण एसो च्चिय सहावो // घाड़खो.५६३
2127,
2128,खत्थो वि सया दोसायरो वि परिहरियमित्तवग्गो वि
2129,तह वि हु मयं वहेई इय पयडं पॆच्छ निल्लज्जो // घाड़खो.५६४
2130,
2131,सञ्झायवपल्लवियस्स तारयाकुसुमियस्स नहतरुणो
2132,परिपक्कफलं व मयङ्कमण्डलं पढममुल्लसियं // घाड़खो.५६५
2133,
2134,दीसइ विमले ससिमण्डलम्मि अह तुच्छलञ्छणच्छाया
2135,वम्महवाणनिहंसणरेह व्व निसाणवट्टम्मि // घाड़खो.५६६
2136,
2137,तुहिणंसुमण्डलमिणं विप्फुरियकलङ्ककन्तिलिविकलियं
2138,तियलॊक्कविजययन्तंव दीसए कुसुमवाणस्स // घाड़खो.५६७
2139,
2140,अन्तोविप्फुरियकलङ्ककन्तिससिमण्डलं निसारमणी
2141,वहलमयणाहिसरियं रुप्प[?य]कच्चोलयं कुणइ // घाड़खो.५६८
2142,
2143,मासच्छेए जो धाइ सम्मुहो सूरमण्डलग्गस्स
2144,जइ एरिसो ससङ्को नीसङ्को नीसङ्को केरिसो होइ? // घाड़खो.५६९
2145,
2146,
2147,[प. ४५]
2148,ससिकच्चोलयढलिओ जोन्हाखडियारसो समीकुणइ
2149,नक्खत्त'क्खरमालं नहफलए तिमिरकज्जलिए // घाड़खो.५७०
2150,
2151,जोन्हाजलोहधोए तिमिररए उग्घडेइ ससिबिम्बं
2152,लञ्छणकसिणाहिसहो मयणस्स निहाणकलसो व्व // घाड़खो.५७१
2153,
2154,रयणिरमणीए ससिपियकरफंसॊल्लसियसेयविन्दूहिं
2155,विप्फुरियं पिव गयणिन्दनीलसयणं उडुमिसेणं // घाड़खो.५७२
2156,
2157,"मित्तविरत्तं पि पियं कुमुयं, पउम न मित्तरत्तं पि"
2158,"ससिणो, अहव जडाणं गुण-दोसवियारणा कत्तो? // घाड़खो.५७३"
2159,
2160,नरसिरकवालसमसीसियाए बद्धो हरेण जं चदो
2161,अमयमओ जं न मओ ता किं किसिओ विमोहो उ // घाड़खो.५७४
2162,
2163,
2164,
2165,---------------------------------------------------------------------
2166,[३९. अथ कुमुदप्रक्रमः]
2167,
2168,फुट्टन्ति जॆत्तिएणं मयरन्दभरेण इयरकुसुमाइं
2169,बाहिरदलेसु परिलुढइ तॆत्तियं पुण्डरीयस्स // घाड़खो.५७५
2170,
2171,का समसीसी सह पङ्कएण इयराण कुसुमजाईसु
2172,दरवियसिए वि अइवियसिआइं उअरे समायन्ति // घाड़खो.५७६
2173,
2174,रेहन्ति कुमुयदलनिच्चलट्ठिया मत्तमहुअरनिवाया
2175,ससियरनीसेसपणासियस्स गण्ठि व्व तिमिरस्स // घाड़खो.५७७
2176,
2177,"दोसायरेण वियसइ, मउलइ मित्तागमेण जस्स मुहं"
2178,तमणिट्ठगुणं कुमुयं सिरि धरिउं के न इच्छन्ति? // घाड़खो.५७८
2179,
2180,"मित्तत्थमणे वियसन्ति, जाइं मउलिति मित्तउइयम्मि"
2181,कुमुयाइं ताइं सुमुयाइं होन्ति जाणेरिसं चरियं // घाड़खो.५७९
2182,
2183,ओ! रायवल्लहं पि हु करेहिं मं छिवइ एस गोवालो
2184,इय लज्जाए कुलीणा सङ्कुइया कुमुइणी सहसा // घाड़खो.५८०
2185,
2186,
2187,
2188,---------------------------------------------------------------------
2189,[४०. अथ प्रभातप्रक्रमः]
2190,
2191,निब्भरनिद्दासम्मिल्लपम्हजुयलाइं होन्ति मिहुणाणं
2192,अन्तोसुहपरिरक्खणघडियकवाडाइं व'च्छीणि // घाड़खो.५८१
2193,
2194,पसरियपच्चूससमीरविलुलिओ गयणपायवाहिन्तो
2195,अवसायजललवोहो व्व गलइ तणुतारयानिवहो // घाड़खो.५८२
2196,
2197,
2198,[प. ४६]
2199,इय अम्ह निसासेसे कुवियपसुत्ताण रइसमारम्भे
2200,ता झत्ति कुक्कुडरवो निसामिओ बज्जपडहो व्व // घाड़खो.५८३
2201,
2202,दिवसमुहगयसमुम्मूलियाइं उड्डीणससिविहङ्गाए
2203,धवलाइं गलन्ति निसालयाए नक्खत्तकुसुमाइं // घाड़खो.५८४
2204,
2205,पाउं जोन्हामइरं जामिणिविलयाण फलिहचसओ व्व
2206,मुक्को नहाहि निवडइ निलीणमयमहुयरो चन्दो // घाड़खो.५८५
2207,
2208,सो अत्थमयइ[?य]ससी मणे वहन्तो व्व लञ्छणमिसेण
2209,मयणाहिसामलङ्गिंनिरन्तरं रयणिवरतरुणिं // घाड़खो.५८६
2210,
2211,
2212,
2213,---------------------------------------------------------------------
2214,[४१. अथ सूर्योदयप्रक्रमः]
2215,
2216,नक्खत्तमालिया मह तुमए हरिय त्ति गयणलच्छीए
2217,भणिए जलन्तफालं व नवरविं धरइ पुव्वदिसा // घाड़खो.५८७
2218,
2219,सब्भासलुत्ततारय! भुत्तावर[?]मा करेहिं मं छिवसु
2220,अन्नत्थखवियसव्वरि! नहभूसण! दिणवइ! नमो ते // घाड़खो.५८८
2221,
2222,उदये पत्ते दोसायरो वि लोयाण हवइ नमणिज्जो
2223,किं पुण न होइ मित्तो जो तमसॊम्मूलणं कुणइ? // घाड़खो.५८९
2224,
2225,कमलोयरपरिवसियाइं अलिउलाइं करेहिं विहडन्तो
2226,उक्खणइ व तमबीयाइं पिच्छ रोसारुणो सूरो // घाड़खो.५९०
2227,
2228,फुरियपयावस्स तुहं सव्वरिउम्मूलणं कुणन्तस्स
2229,सोहन्ति सूर! महिहरसिरेसु परिसण्ठिया पाया // घाड़खो.५९१
2230,
2231,सम्पुन्नकोसदण्डं जलदुग्गगयं पि दलइ कमलवणं
2232,दिट्ठम्मि जम्मि कह सो सूरो मा भुवणमक्कमउ? // घाड़खो.५९२
2233,
2234,इट्टाचुन्नं किरं[?]न मुणइ मसुणायवं परिप्फुरइ
2235,रविणो गयणासिनिसाणऎक्ककलओवमं विंवं // घाड़खो.५९३
2236,
2237,तारोसहिं समावट्टिऊण कालेण पुव्वमूसाए
2238,दिणयरकणयं सिद्धं उत्तारिज्जइ झलक्कन्तं // घाड़खो.५९४
2239,
2240,पढमॊग्गमन्तरेहामत्तं नवमित्तमण्डलं सहइ
2241,तक्कालदिणसमागमपुव्ववहूए नहपयं व // घाड़खो.५९५
2242,
2243,
2244,[प. ४७]
2245,
2246,
2247,---------------------------------------------------------------------
2248,[४२. अथ कमलिनीप्रक्रमः]
2249,
2250,अत्ताणग्गलकयपत्तपरियरे निहियगुरुयडाजाले
2251,मित्तसमप्पियकोसे कह कमले वसउ मा कमला? // घाड़खो.५९६
2252,
2253,वियसइ को न पयत्थो? को य न कोसेण होइ सकयत्थो?
2254,कस्स न गुणेहिं कित्ती सहसि तुमं कलम! कण्टइओ? // घाड़खो.५९७
2255,
2256,कर-चरण-नयण-वयणेहि वामनयणाण जस्स समसीसी
2257,तं कहसु कह न किज्जइ कमलं कमलाइ कुलभवणं? // घाड़खो.५९८
2258,
2259,"कमलंचिय वहउ सिरिं, भण्णउ गुणवन्तयं पि तं चेव"
2260,वियसियमुहस्स कोसे मित्तकरा जस्स विलसन्ति // घाड़खो.५९९
2261,
2262,"सङ्गो महुएहिं समं, जडाओ बहवो, सकण्टयं देहं"
2263,केण वि गुणेण लच्छीए तह वि कमलेसु अणुराओ // घाड़खो.६००
2264,
2265,नलिणगुणे पसरियकण्टयम्मि जडसङ्गवडिढउल्लासे
2266,किं कीरउ विहिणो पङ्कयम्मि जं निवसए लच्छी? // घाड़खो.६०१
2267,
2268,दड्ढमहिलासहावो अन्नो च्चिय को वि जं तविज्जन्ती
2269,सूरेण वियसइ च्चिय ससिसङ्गपरम्मुही नलिणी // घाड़खो.६०२
2270,
2271,आलोयमत्तवियसन्तकुमुइणीपीयमाणघणजोण्हं
2272,ओ नलिणि! मियङ्कं परिहरन्ति! तइं वञ्चिओ अप्पा // घाड़खो.६०३
2273,
2274,पायडिया वि हु अहला मज्झे अणजाणयाण होन्ति गुणा
2275,इय मन्नन्तं कमलं निययगुणे गोविउं धरइ // घाड़खो.६०४
2276,
2277,हद्धी! कह न मरिज्जइ मराललीलाविलासजॊग्गाए
2278,नवणलिणीए? खण्डेइ वायसो जत्थ अहरदलं // घाड़खो.६०५
2279,
2280,करसंवन्धं काऊणं अङ्गपरिरम्भणं अदिन्तेहिं
2281,न विडम्बिज्जइ मित्तेहिं कित्तिएहिं सरोरुहिणी? // घाड़खो.६०६
2282,
2283,पविरलदंसणसीलेण होइ पिम्मं सुदूसहं इमिणा
2284,इय कलिऊण य नलिणी ससिसङ्गपरम्मुही जाया // घाड़खो.६०७
2285,
2286,"न सहइ मयङ्ककिरणे, सहइ सुतत्ते वि दिणयरमऊहे"
2287,"सोमालत्तण-जरढत्तणाइं, कमले समप्पन्ति // घाड़खो.६०८"
2288,
2289,विसमायववडियस्स वि सूरस्स दिणक्खए पियं नलिणिं
2290,छिवइ करेहिं ससङ्को राया वि भएण सङ्कुइयं // घाड़खो.६०९
2291,
2292,
2293,[प. ४८]
2294,पङ्कयनयणेहितो कमलिणिदइयाए सूरविरहम्मि
2295,नीहरइ भमरविन्दं सकज्जलं वाहसलिलं व // घाड़खो.६१०
2296,
2297,मित्तस्स सयासमुहे जडविमुहे कयसुपत्तपरिवारे
2298,कमले च्चिय कमलाए जुज्जइ वासो न अन्नत्थ // घाड़खो.६११
2299,
2300,
2301,
2302,---------------------------------------------------------------------
2303,[४३. अथालिमालतिकाप्रक्रमः]
2304,
2305,सा जयइ का वि कीलारइ-मालइमिलिअमार-भमरस्स
2306,पसरन्ताए जीए रमणिज्जं तिहुअणुज्जाणं // घाड़खो.६१२
2307,
2308,वियसइ मालइकलिया चम्पिज्जन्ती वि तरुणभमरेहिं
2309,नूणं पियविहियं असुहयं पि सव्वं सुहावेइ // घाड़खो.६१३
2310,
2311,अइवियसिया कुणन्ती सव्वङ्गसमप्पणं पि सयवत्ती
2312,तह वि न सा जह जाई रुच्चइ छेयस्स भमरस्स // घाड़खो.६१४
2313,
2314,मन्ने न मयं न ससं ससहरमज्झम्मि महुअरो एसो
2315,मालइविरहमहानलतत्तो पत्तो सुधाकुण्डे // घाड़खो.६१५
2316,
2317,रे भमर! तए मुक्का महुमासवसङ्गएण जं जाई
2318,पावेण तेण नूणं जायं कसिणत्तणं तुज्झ // घाड़खो.६१६
2319,
2320,उज्जाणेवियसियजाइगन्धधायन्तछप्पहनिहेण
2321,गुलियाधणुखॆल्लिरवम्महस्स गुलिया समॊड्डन्ति // घाड़खो.६१७
2322,
2323,महुमासवियसियाए माहवियाए पयंसि पडिलग्गं
2324,दट्ठूण अलिजुयाणं रोसेण न वियसए जाई // घाड़खो.६१८
2325,
2326,वसिऊण तह य सह कुमुइणीए गोसे समागओ भमरो
2327,कलवयणो जाइपियामुहम्मि ओसंसुयं फुसइ // घाड़खो.६१९
2328,
2329,दियहे दियहे जं अहियकालिया होइ अलिजुआणस्स
2330,तं मन्ने मणपज्जलियजाइविरहग्गिधूवेण // घाड़खो.६२०
2331,
2332,"अइकोमलं ति न रमइ, मुयइ न राएण मालईकलियं"
2333,नो घडइ नेय विहडइ पिम्मेण विडंविओ भमरो // घाड़खो.६२१
2334,
2335,सहइ दरदलियमालइपरिमलमत्तालितरलरिछोली
2336,उज्जाणे कीलिरमत्तमारकरिदाणरेह व्व // घाड़खो.६२२
2337,
2338,
2339,[प. ४९]
2340,"पीओ जाईइ रसो, दलाइं मिलियाइं सहि! जहिच्छाए"
2341,बिण्टग्गं तह वि अली लिहइ अतित्तो फुडं कामी // घाड़खो.६२३
2342,
2343,मालइविरहे रे मुद्ध! भसल! मा रुयसु निब्भरुक्कण्ठं
2344,वल्लहविओगदुक्खं मरणेण विणा न वीसरइ // घाड़खो.६२४
2345,
2346,निबिडदलसञ्चियं पि हु कलियं वियसाविऊण सविसेसं
2347,जे पढमं तीए रसं पियन्ति ते छप्पया छेया // घाड़खो.६२५
2348,
2349,कलिऒग्गमे वि य तुमं जाया कलिकारिया सि भमराणं
2350,दरवियसिया सि मालइ जं काही तं न याणामो // घाड़खो.६२६
2351,
2352,अविरयमहुपाणपरव्वसस्स सीलं अलिस्स किं भणिमो?
2353,सुट्ठु कुसीला जाई जा वियसइ तस्स संसग्गा // घाड़खो.६२७
2354,
2355,"कलिए! कलिया सि तुमं अच्छसु मा, पोढिमं समल्लियसु"
2356,तुहपोढिमाए भग्गे नामं भमराण वुडिढहई[?] // घाड़खो.६२८
2357,
2358,भमरो भमिरो त्ति गुणुज्झिएहिं कुसुमेहिं लाइओ अयसो
2359,लहिऊण जाइकलियं पुणो वि जइ भमइ तो भमरो // घाड़खो.६२९
2360,
2361,अण्णण्णं कुसुमरसं जं किल अहिलसइ पाणलोहिल्लो
2362,सो नीरसाण दोसो कुसुमाणं नेय भमरस्स // घाड़खो.६३०
2363,
2364,पाऊण वि कोसरसं छप्पयतरुणो पुणो कमलिणीए
2365,"सयवत्तियं पि वियसइ, अहवा मलिणाण कह सच्चं // घाड़खो.६३१"
2366,
2367,लच्छीलीलाकमले अलिणो न कया वि निवडिया दिट्ठी
2368,मन्ने जाइ च्चिय तेण तस्स मणवल्लहा जाया // घाड़खो.६३२
2369,
2370,केसररयविच्छड्डो जित्तियमित्तो य होइ कमलम्मि
2371,जइ भमर! तॆत्तिओ अन्नहिं पि ता सोहसि भमन्तो // घाड़खो.६३३
2372,
2373,भसलो विसट्टकेयइविलसिरघणरेणुपण्डुरो सहइ
2374,तंजाइविरहजज्जरगहिओ कयचन्दणालेवो // घाड़खो.६३४
2375,
2376,तं कं पि पएसं पङ्कयस्स भमिऊण छप्पओ छिवइ
2377,नलिणी वि जेण मेल्हइ आमूलगयं पि मयरन्दं // घाड़खो.६३५
2378,
2379,
2380,[प. ५०]
2381,
2382,
2383,---------------------------------------------------------------------
2384,[४४. अथ प्राव्र̥ट्प्रक्रमः]
2385,
2386,अन्नेहि वि कूवजलेहिं न हु न जीवन्ति मामि! वल्लीओ
2387,जलहरजलसित्ताणं तु का वि अवरा मुहच्छाया // घाड़खो.६३६
2388,
2389,… … …
2390,… … … // घाड़खो.६३७
2391,
2392,… … …
2393,… … … // घाड़खो.६३८
2394,
2395,… … …
2396,सुरगिरिकणयपरिक्खा निहसणरेहं व विज्जुलयं // घाड़खो.६३९
2397,
2398,गुरुघणपाउसनवसिरिनिक्खित्तपयाइं पकयवणाइं
2399,सहसा सरसलिलोयरमज्झपरूढाइं जायाइ // घाड़खो.६४०
2400,
2401,रयणियरा इव उदयं पत्ता मित्तं पराहवन्ता वि
2402,मइला वि घणा लोयाण वल्लहा होन्ति वरिसन्ता // घाड़खो.६४१
2403,
2404,स्वज्जोयलोयणुम्मीलणेण घणसमयरयणितिमिरोहो
2405,अन्नेसइ व्वससि-सूर-तारया कत्थ वट्टन्ति? // घाड़खो.६४२
2406,
2407,सुव्वन्तबिभीसणमेघघोरसद्दाण विज्जुमालाण
2408,पाउसदिणाण पहिया वीहन्ते रक्खसाणं व // घाड़खो.६४३
2409,
2410,घट्ठं सहाववङ्कं अणेयरायं पि उव्वसणसीलं
2411,खलमहिलाहिययं पिववियलइ चावं सुरिन्दस्स // घाड़खो.६४४
2412,
2413,कसणा घणाण माला सुरिदचावो वलाय-रिञ्छोली
2414,पियविरहजॊव्वणभरो पञ्चग्गी को जणो सहइ? // घाड़खो.६४५
2415,
2416,लहिऊण जलं थोवं पि जलहरा दुज्जण व्व गज्जन्ता
2417,निहणन्ति खणं मलिणा दिणे वि मित्तस्स वि पयावं // घाड़खो.६४६
2418,
2419,गिरिसिहरसण्ठिएणं डज्झइ पहियस्स नीलकण्ठेण
2420,निउरम्बदूरपसरियसरेण नवपाउसे हिययं // घाड़खो.६४७
2421,
2422,
2423,[प. ५१]
2424,ओ! जोइमग्गपरिगयजलहरपेलन्तघोलिरी विज्जू
2425,निग्गयफुलिङ्गजलमाण[माण]मयणासिलट्ठि व्व // घाड़खो.६४८
2426,
2427,वडवानलसंवलियं मन्ने पीयं घणेहि उयहिजलं
2428,जेण समं विरसन्ता जालाओ[इ]मे तडिनिहेण // घाड़खो.६४९
2429,
2430,सहि! दूमिन्ति कलंवाइं जह ममं तह न सेसकुसुमाइं
2431,नूणं इमेसु दियहेसु वहइ गुलियाधणुं कामो // घाड़खो.६५०
2432,
2433,जो इन्दचावनिग्गयधारावाणेहि विरहिहिययाइं
2434,भिन्नाइं न भिन्नाइं विज्जुज्जोएण य निएइ // घाड़खो.६५१
2435,
2436,नीयङ्गमाहिं बहुजडपयाहिं उम्मग्गपत्थियाहिं च
2437,भज्जन्ति जत्थ मग्गा कुसीलमहिलाहिं व नईहिं // घाड़खो.६५२
2438,
2439,ओ! गरुयपयावो वि हु पच्छाइज्जइ घणेहिं जत्थ रवी
2440,अहवा कालवसेणं मलिणाण वि फुरइ माहप्पं // घाड़खो.६५३
2441,
2442,जत्थ लहिऊण उदयं पाडन्ति तडद्दुमे गिरिणईओ
2443,दूमन्ति क न नीया वित्थरिया महिहराहिन्तो? // घाड़खो.६५४
2444,
2445,सन्ताविऊण लोयं चण्डकरो कत्थ सम्पयं नट्ठो?
2446,दिसि दिसि जलया तडिदीवियाहिं मग्गं व जोयन्ति // घाड़खो.६५५
2447,
2448,निसइ व कसिणब्भनिसाणवट्टए कुवियपाउसकयन्तो
2449,गयवइगलट्ठिकप्परणकुण्ठियं तडिलयकिवाणं // घाड़खो.६५६
2450,
2451,जलहर! वरिसिहिसि तुमं भरिहिसि भुवणन्तराइं सयलाइं
2452,तन्हासुसियसरीरे मुयम्मि वप्पीहयकुडुम्बे // घाड़खो.६५७
2453,
2454,
2455,
2456,---------------------------------------------------------------------
2457,[४५. अथ शरत्प्रक्रमः]
2458,
2459,अह मणहरचन्दमुही वन्धुज्जीवाहरा कुवलयच्छी
2460,फुडकलसवाणिया तह पिय व्व पत्ता सरयलच्छी // घाड़खो.६५८
2461,
2462,विमलमयङ्काहरणो केयइदलभूइभूसियसरीरो
2463,गोरीपई व्व विलसइ उद्दीवियवम्महो सरओ // घाड़खो.६५९
2464,
2465,णन्दियकुमुओ जोन्हासपुन्नो चारुपुक्खरसणाहो
2466,सुरवारणो व्व सरओ पसाहियासो समोवइओ // घाड़खो.६६०
2467,
2468,
2469,[प. ५२]
2470,आसन्नसिसिरभयकायरेहिं लोएहिं महियले सयले
2471,दीवालियाए दीवयमिसेण ठाविज्जइ हुयासो // घाड़खो.६६१
2472,
2473,कीरइ पडिवक्खस्स य पाउससमयस्स विज्जुदुप्पिच्छं
2474,सरएण मण्डलग्गं व भग्गधारं जलयबिम्बं // घाड़खो.६६२
2475,
2476,अन्तो पलिप्पमाणो अणवरयं विज्जुपुञ्जजालाहिं
2477,भूईभावं व गओ नहङ्गणे जलहरुग्धाओ // घाड़खो.६६३
2478,
2479,दूरोणयगरुयपओहराए विरहम्मि पाउससिरीए
2480,कहमापायडपवियम्भियावपसरो रवी होउ? // घाड़खो.६६४
2481,
2482,उवरिनिवेसियणलिणीदलाओ तणुईओ बद्धवेणीओ
2483,सरियादइयाओ ठियापाउसदइयस्स विरहम्मि // घाड़खो.६६५
2484,
2485,गयणच्छिणो गलन्तस्स कालिमापिहिय[?तार]तारस्स
2486,देइ सरओ सियब्भं[?]पयडपडलं व // घाड़खो.६६६
2487,
2488,उयह नहं मज्झगऎक्कमेहमॊव्वन्तसन्तयजलोहं
2489,सरयस्स फलिहदण्डं मरगयरयणायवत्तं व // घाड़खो.६६७
2490,
2491,पायालोयरगमणा कयघणकज्जा फणि व्व फुडमणिणो
2492,बद्धॊद्धधूमदण्डा महीए दीवा विरायन्ति // घाड़खो.६६८
2493,
2494,बम्भण्डभण्डघोलिरवियसियसयवत्तपरिमलमहग्घो
2495,कस्स न जणेइ एसो सरओ सुरओ व्व उम्मायं // घाड़खो.६६९
2496,
2497,
2498,
2499,---------------------------------------------------------------------
2500,[४६. अथ हेमन्तप्रक्रमः]
2501,
2502,अवणिन्तो सतावं हेमन्तो सज्जणो व्व अल्लियइ
2503,दुज्जणवयणेण व तावियाण लोयाण सरएण // घाड़खो.६७०
2504,
2505,कस्स न सद्धा गरुयत्तणस्स पइणो पसायमइयस्स
2506,जइ माणभञ्जणीओ न हॊज्ज हेमन्तरयणीओ // घाड़खो.६७१
2507,
2508,हेमन्ते घणपॆल्लणथणयडसङ्कन्तकुङ्कुंमप्फंसो
2509,कामीण गलइ सेओ रुहिरुग्गारो व्व सीयस्स // घाड़खो.६७२
2510,
2511,सीयं गमन्ति विरहानलेण विरहानलं पि सीएण
2512,"तेण न मरन्ति पहिया, विसस्स विसमोसहं जेण // घाड़खो.६७३"
2513,
2514,
2515,[प. ५३]
2516,कमलायराण उण्हो हेमन्तो सीयलो जणवयाणं
2517,को किर भिन्नसहावं जाणइ परमत्थओ लोयं? // घाड़खो.६७४
2518,
2519,अच्छउ ता अन्नजणो हेमन्तदिणेसु पॆच्छ अच्छरियं
2520,अणुसरइ सीयभीओ वडवग्गिं झत्ति तवणो वि // घाड़खो.६७५
2521,
2522,अन्हो त्ति समत्थिज्जइ दाहेण सरोरुहाण हेमन्तो
2523,चरिएण नज्जइ जणो सङ्गोवन्तो वि अप्पाणं // घाड़खो.६७६
2524,
2525,
2526,
2527,---------------------------------------------------------------------
2528,[४७. अथ शिशिरप्रक्रमः]
2529,
2530,अङ्गे पुलयं अहरं सवेविरं जम्पियं ससिक्कारं
2531,सव्वं सिसिरेण कयं जं कायव्वं पिययमेण // घाड़खो.६७७
2532,
2533,मुहकुहरन्तरणिज्जन्तसासओ पत्थिओ जणो गोसे
2534,पियविरहजलणडज्झन्तहिययधूमं व उग्गिरइ // घाड़खो.६७८
2535,
2536,लोए फलाण मज्झे ऎक्कं चिय मह सुहाइ नारङ्गं
2537,जस्स परिकुवियदइआकवोलसरिसी फुरइ सोहा // घाड़खो.६७९
2538,
2539,ऎक्को च्चिय दुव्विसहो विरहो मारेइ गयवई भीमो
2540,किं पुण निसियसिलीमुहसमावहो फग्गुणो पत्तो // घाड़खो.६८०
2541,
2542,
2543,
2544,---------------------------------------------------------------------
2545,[४८. अथ वसन्तप्रकमः]
2546,
2547,गहिऊण चूयमञ्जरि कीरो परिभमइ पत्तलाहत्थो
2548,ओसरसु सिसिरनरवइ! पुहई लद्धा वसन्तेण // घाड़खो.६८१
2549,
2550,पवणतुरयाधिरूढो अलिउलझङ्कारतूरनिग्धोसो
2551,पत्तो वसन्तराया परहुयउग्घुट्ठजयसद्दो // घाड़खो.६८२
2552,
2553,दीसइ न चूयमउलं अज्ज वि न हु वाइ मलयगन्धवहो
2554,पत्तं वसन्तमासं साहइ उक्कण्ठओ चेय // घाड़खो.६८३
2555,
2556,अण्णण्णतरुलयासुरहिपरिमलेणानिलेण छिप्पन्ती
2557,कुसुमंसुएहिं रुयइ व परम्मुही तरुणचूयलया // घाड़खो.६८४
2558,
2559,भमरो व्व फुडियहियओ वहिनिग्गयजाइविरहसिहिजालो
2560,
2561,[प. ५४]
2562,रेहइ सामलमूलं किंसुयकुसुमं वसन्तम्मि ॥ ६८५
2563,
2564,महुसमए वि हु जाओ कोइलसद्दो कलो वि एयस्स
2565,ऎक्काए मालईए विणा'लिणो वज्जपडहो व्व // घाड़खो.६८६
2566,
2567,माणंसिणिमाणगयन्दमत्थउच्छलियसोणियारुणियं
2568,आरोह व्व वसन्तो किसुयकलियङ्कुसं वहइ // घाड़खो.६८७
2569,
2570,झम्पेइ तुरियतुरिय अलिउलघणकम्बलेण सहयारो
2571,पहियाण विणासा''सङ्किओ व्व लच्छिं वसन्तस्स // घाड़खो.६८८
2572,
2573,
2574,
2575,---------------------------------------------------------------------
2576,[४९. अथ ग्रीष्मप्रक्रमः]
2577,
2578,अच्चन्तखवियदोसो परिवड्ढियमित्तमण्डलालोओ
2579,कस्स न जणेइ दुक्खं गिम्हो सुयणो व्व वोलिन्तो // घाड़खो.६८९
2580,
2581,गिम्हे महद्दहाणं अन्तो सिसिराइं वाहिरुन्हाइं
2582,जायाइं कुवियसज्जणहिययसरिच्छाइं सलिलाइं // घाड़खो.६९०
2583,
2584,गिम्हावरमज्झन्हे पाया पहियस्स वालुयाउवरिं
2585,चन्दणपङ्क व्व ठिया पियापउत्तिं सुणन्तस्स // घाड़खो.६९१
2586,
2587,आसुङ्घिऊण अइ ए! तन्हाविहले गयम्मि मयजूहे
2588,झीणविहवस्स हिययं फुट्टं व तलं तलायस्स // घाड़खो.६९२
2589,
2590,दूसहसन्तावभया सम्पइ मज्झट्ठिए दिवसनाहे
2591,छाहि व वञ्छमाणा छाया वि गया तरुतलाइं // घाड़खो.६९३
2592,
2593,दट्ठूण दिवसनाहं वच्चन्तं उत्तरॊत्तरपएसुं
2594,परिमुक्कदक्खिणासं हरिसेण विवड्ढिया दिवसा // घाड़खो.६९४
2595,
2596,गिम्हम्मि कलिजुगम्मि व जं मित्तो तवइ गॊत्तजायं पि
2597,दोसायरो जडो वि हु सुहाइ भवणस्स तं जुत्त // घाड़खो.६९५
2598,
2599,दीहरदिणम्मि गिम्हे अइसयखिण्णे रवी सया पहिओ
2600,सयलसराण पियन्तो करेहिं सलिलाइ तणुएइ // घाड़खो.६९६
2601,
2602,
2603,[प. ५५]
2604,
2605,
2606,---------------------------------------------------------------------
2607,[५०. अथासतीप्रक्रमः]
2608,
2609,असतीण नमो ताणं दप्पणसरिसेसु जाण हिययेसु
2610,जो चिय गच्छइ पुरओ पुरिसो सो चेय सकमइ // घाड़खो.६९७
2611,
2612,सव्वस्सम्मि वि दड्ढे तह वि हु हिययस्स निव्वुई जाया
2613,जं तेण गामदाहे हत्थाहत्थिं कुडो गहिओ // घाड़खो.६९८
2614,
2615,हंसेण समं जह रमइ कमलिणी तह य महुअरेणावि
2616,सिय-कसिणणिव्विसेसाइं होन्ति महिलाण हिययाइ // घाड़खो.६९९
2617,
2618,सहउच्छयं जणं दुल्लहं पि दूराओ अम्ह आणन्तो
2619,उवयारि जरय! जीयं पि निन्त! न कयावराहो सि // घाड़खो.७००
2620,
2621,"अत्थिज्जइ निन्नेहं, भत्ते अरुई, जडम्मि अइतिन्हा"
2622,वॆज्ज! तहा कुणसु लहुं जह अन्नं मज्झ पडिहाइ // घाड़खो.७०१
2623,
2624,विज्ज! जरो न हु एसो चिरवाही चेय कोइ सम्भूओ
2625,उवसमइ सलोणेणं विडङ्गजोयामयरसेणं // घाड़खो.७०२
2626,
2627,अन्नत्थ वच्च वालय! न्हायन्तिं कीस मं पलोएसि
2628,एयं रे! जायाभीरुयाण तूहं चिय न होइ // घाड़खो.७०३
2629,
2630,पाणिगहिया वि पुरओ कया वि नेहेण सिच्चमाणा वि
2631,थेरस्स पिया करदीविय व्व अन्नाणमुवयरइ // घाड़खो.७०४
2632,
2633,वङ्कं को पुलइज्जइ? कस्स कहिज्जइ सुह व दुक्खं वा?
2634,केण व समं हसिज्जइ? पामरपउरे हयग्गामे // घाड़खो.७०५
2635,
2636,अइलज्जियमइभीयं अइभूमिपलोयणं च अइमाणं
2637,पुरिसस्स महिलियाए न[य]सुइसीलस्स चरियाइं // घाड़खो.७०६
2638,
2639,कस्स व न होइ रोसो दट्ठूण पियाए सव्वणं अहर?
2640,सभमरपउमग्घाइरि! वारियवामे! सहसु इण्हिं // घाड़खो.७०७
2641,
2642,"जाइकलियं न इच्छसि, कमलग्गं मुयसि, अक्कमारूढे!"
2643,विवरीयसरूवे लच्छि! भमरि! ओ! वन्दणिज्जा सि // घाड़खो.७०८
2644,
2645,
2646,
2647,---------------------------------------------------------------------
2648,[५१. अथ व्र̥क्षजातिप्रकमः]
2649,
2650,मूलाहिन्तो साहाण सम्भवो होइ सयलवच्छाणं
2651,साहाहिं मूलबन्धो जेहिं कओ ते तरू विरला // घाड़खो.७०९
2652,
2653,
2654,[प. ५६]
2655,कह तं न वन्दणिज्जं सयलजणाणं पि चन्दणं होइ
2656,दोजीहक्कन्तेण वि जेण न मुक्को नियसहावो // घाड़खो.७१०
2657,
2658,सउणोवभोगजॊग्गं ऎक्कं पि फलं न जस्स सञ्जायं
2659,सो वि हु रुक्खो कह वा जणेण भन्नइ सिरीसो त्ति // घाड़खो.७११
2660,
2661,छायारहियस्स निरासयस्स दूरयरदावियफलस्स
2662,कज्जेण विणा जा का वि वडिडमा ताल! सा तुज्झ // घाड़खो.७१२
2663,
2664,मॊत्तूण पत्तनियरं जडाण नियपरिमलं समप्पन्तो
2665,"सहसॊम्मूलणदुक्खं वालय! वालो सि, किं भणिमो? // घाड़खो.७१३"
2666,
2667,पइं मुक्केणं तरुवर! नासइ पत्तत्तणं न पत्ताण
2668,तुह पुण छाया जइ हॊज्ज तारिसी तेहिं पत्तेहिं // घाड़खो.७१४
2669,
2670,नारङ्गभङ्गसञ्जणियदप्पहुङ्कारौज्जए तत्थ
2671,खलु नत्थि चञ्चुपसरो नालिय! रे ऎत्थ नालियरे // घाड़खो.७१५
2672,
2673,गुरुविरहसन्धि-विग्गहनिम्मवणे अत्थि कोइ जइ ऎत्थ
2674,पढमॆक्कमञ्जरि अङ्गुलिं व उब्भेइ सहयारो // घाड़खो.७१६
2675,
2676,सहयारमञ्जरिं वज्जिऊण महमहियपरिमलॊग्गारं
2677,अहिलमइ अक्ककलियं कहिं पि किं महुअरजुवाणो // घाड़खो.७१७
2678,
2679,तइय च्चिय पम्मुक्का तुज्झ फलासा पलास! सउणेहिं
2680,कुसुमॊग्गमेसु जइया हयास! कसिणं कयं वयणं // घाड़खो.७१८
2681,
2682,ठाणब्भट्टेण वि चन्दणेण ओ! पॆच्छ नरवईणं पि
2683,केण वि निययगुणेणं[ण]वन्दणिज्जो कओ अप्पा? // घाड़खो.७१९
2684,
2685,सिसिरत्तणावलेवं वहन्ति सव्वे वि दिवसविरमम्मि
2686,मज्झन्हसीयला जे वयंसि! विरला वणॊद्देसा // घाड़खो.७२०
2687,
2688,मणहरवण्णं पि हु कण्णियारकुसुमं न एइ भमराली
2689,"रूवेण किं व कीरइ ?, गुणेण छेया हरिज्जन्ति // घाड़खो.७२१"
2690,
2691,फणसेहि समं महिमण्डलम्मि का तरुवराण समसीसी
2692,जो पहियारुहणकिलेससङ्किओ फलइ बुन्धम्मि // घाड़खो.७२२
2693,
2694,जेण निओ परिवुडिण्ढ तालो अइसलिलदाणसेवाए
2695,तस्सेय जो न फलिओ सो फलिहइ कह नु अन्नस्स? // घाड़खो.७२३
2696,
2697,अहलो पत्तावरिओ फलकाले मुयसि मूढ! पत्ताइं
2698,इणि कारणेण रे विडव!महुअतुह एरिसं नाम // घाड़खो.७२४
2699,
2700,
2701,[प. ५७]
2702,
2703,
2704,---------------------------------------------------------------------
2705,[५२. अथ पर्वतप्रक्रमः]
2706,
2707,ऎक्को च्चिय उययगिरी सज्जणचूडामणी भुयणमज्झे
2708,जो सीसे काऊण मित्तं उदयं करावेइ // घाड़खो.७२५
2709,
2710,सो को वि समुप्पन्नो धराहरो कुलगिरीण मज्झम्मि
2711,जस्स भुवणाहिनाहो सूरो वि पयाहिणं कुणइ // घाड़खो.७२६
2712,
2713,सुरगिरिणो किं तुङ्गत्तणेण? किं तस्स कणयरीद्धीए?
2714,पासे वि भमन्तं मित्तमण्डलं जस्स अत्थमिअं // घाड़खो.७२७
2715,
2716,उव्वहइ नवतणङ्कुररोमञ्चपसाहियाइं अङ्गाइं
2717,पाउसलच्छीइ पओहरेहिं परिपिल्लिओ विञ्झो // घाड़खो.७२८
2718,
2719,वद्धियपओहराएअइलङ्घियगुरुमहीहरसयाए
2720,जणओ सुयाइ खिज्जइ विझो रेवाए कुमरीए // घाड़खो.७२९
2721,
2722,मयवसमयरभमरेहिं को[?]विणा करिवरेहि विझगिरी
2723,विझं विणा करी वि हु पावन्ति पराहवसयाइं // घाड़खो.७३०
2724,
2725,ऎक्कस्स मलयगिरिणो दिज्जइ रेहा गिरीण मज्झम्मि
2726,जत्थ ठियकुडय-निम्बा रुक्खा सिरिचन्दणं होन्ति // घाड़खो.७३१
2727,
2728,जह सरसे तह सुक्के वि पायवे वहइ अणुदिणं विञ्झो
2729,उच्छङ्गबद्धियं नीरसं पि गरुया न सिढिलन्ति // घाड़खो.७३२
2730,
2731,अत्थइरि! सहइ तुह चेय तुङ्गिमा महिहराण मज्झम्मि
2732,मित्तं वियलियतेयं सीसेण समुव्वहन्तस्स // घाड़खो.७३३
2733,
2734,किं वा''गएहिं किं वा गएहिं कि वा गएहिं विझस्स
2735,जाण समक्खं कीरइ वंसच्छेओ पुलिदेहिं // घाड़खो.७३४
2736,
2737,
2738,
2739,---------------------------------------------------------------------
2740,[५३. अथ सिंहप्रक्रमः]
2741,
2742,इत्तो रुहिरं इह मॊत्तियाइं तह करिकवालखण्डेहिं
2743,अच्छउ अण्णं पञ्चाणणस्स मग्गो वि दुव्विसहो // घाड़खो.७३५
2744,
2745,पहरसि जेहि गयन्दं करालनहपञ्जरेहि हत्थेहिं
2746,तेहिं चिय पहरन्तो लज्जसि न मयन्द! हरिणम्मि? // घाड़खो.७३६
2747,
2748,
2749,[प. ५८]
2750,हा! हा! कह न मरिज्जइ इमिणा दुक्खेण जं मयन्दस्स
2751,दीसइ गुहा समुब्भडजम्बुयपयपन्तिचित्तलिया // घाड़खो.७३७
2752,
2753,इह वस-मासं इह रुहिरकद्दमं इह हि मुत्तिउक्केरो
2754,कइवारं केसरिविलसियस्स मग्गो च्चिय कहेइ // घाड़खो.७३८
2755,
2756,निसियखरनहरपहरणविभिन्नकरिकुम्भभासुरकरेणं
2757,हरिणाण को विरोहो? का मित्ती सह मयन्देण? // घाड़खो.७३९
2758,
2759,लीलानिद्दलियगयन्दकुम्भपयडियपयावपसरस्स
2760,सीहस्स मएण समं न विग्गहो नेय सन्धाणं // घाड़खो.७४०
2761,
2762,निग्गूढपोरिसाणं असच्चसम्भावणा वि सम्भवइ
2763,ऎक्काणणे वि सीहे जाया पञ्चाणणपसिद्धी // घाड़खो.७४१
2764,
2765,खरनहरपहरनिद्दलियमत्तमायङ्गकुम्भकेसरिणो
2766,अइदुब्बलस्स वि बलं खण्डिज्जइ किं सियालेहिं? // घाड़खो.७४२
2767,
2768,हेलाए निसुम्भियकुम्भिकुम्भविहवस्स चलणनहपन्ती
2769,छिप्पउ छलेण निद्दालुयस्स हरिणो वि हरिणेण // घाड़खो.७४३
2770,
2771,निबिडचवेडवियारियकरिकुम्भॊच्छलियमॊत्तियनिहेण
2772,पुप्फवरिसो व्व खित्तो सिद्धेहिं सीहचरियस्स // घाड़खो.७४४
2773,
2774,पञ्चाणणनहमुद्दङ्कियाइं रेवातडाइं दट्ठूण
2775,मयपसरपरवसेहिं वि गएहिं न हु तत्थ परिभमियं // घाड़खो.७४५
2776,
2777,
2778,
2779,---------------------------------------------------------------------
2780,[५४. अथ गजप्रक्रमः]
2781,
2782,भुञ्जन्ति कसिणदसणा अब्भिन्तरसण्ठिया गयन्दाण
2783,जे उण विहुरसहावा ते धवला वाहिर च्चेय // घाड़खो.७४६
2784,
2785,दाणं दिन्तस्स वि खणइ अङ्कुसो तह गयन्दकुम्भयडं
2786,सीसे वि कया वङ्का लोहमया कं न दूमन्ति? // घाड़खो.७४७
2787,
2788,दन्तच्छोहं तडविडविमोडणं सरससल्लईलिहणं
2789,जइ विञ्झो च्चिय न सहइ ता करिणो कत्थ वच्चन्ति? // घाड़खो.७४८
2790,
2791,दन्तुल्लिहणं सव्वङ्गमज्जणं हत्थबुड्डणायासं
2792,पोढगयन्दाण वणे पुणो वि जइ नम्मया सहइ // घाड़खो.७४९
2793,
2794,
2795,[प. ५९]
2796,तह नीससियं जूहाहिवेण चिरविलसियं सरन्तेण
2797,जह गहियं तिणकबलं सरसं पि हु झत्ति पज्जलियं // घाड़खो.७५०
2798,
2799,नियजूहालिद्धस्स वि वल्लहघरिणीमुहं सरन्तस्स
2800,सरसो मुणालकवलो गयस्स हत्थे च्चिय मिलाणो // घाड़खो.७५१
2801,
2802,अज्ज वि तं सरइ गओ मज्जन्तो सरवरम्मि लीलाए
2803,जं करिणिकरग्गुम्मूलिएण पहओ मुणालेण // घाड़खो.७५२
2804,
2805,वियलियमएण गयजॊव्वणेण हल्लन्तदन्तमुसलेण
2806,अज्ज वि उलं सणाहं जूहाहिवइं जियन्तेण // घाड़खो.७५३
2807,
2808,रेवाणइतीरुक्कम्पिएण तह कहवि तेण निस्ससियं
2809,जह सुन्नमणस्स गयं गएण न हु लक्खियं जीअं // घाड़खो.७५४
2810,
2811,रायङ्गणम्मि परिसण्ठियस्स जं कुञ्जरस्स माहप्पं
2812,विञ्झगिरिम्मिं न तहा ठाणेसु गुणा विवड्ढन्ति // घाड़खो.७५५
2813,
2814,सित्थेण कि व रित्तं करिणो कवलावसेसपडिएण
2815,तं पुण तेणं चिय जियइ बप्पुडं कीडियकुडम्बं // घाड़खो.७५६
2816,
2817,
2818,
2819,---------------------------------------------------------------------
2820,[५५. अथ करभप्रक्रमः]
2821,
2822,कङ्कॆल्लिपल्लवॊव्वॆल्लमणहरे जइ वि नन्दणे चरइ
2823,करहस्स तह वि मरुविलसियाइं हियए खुडुक्कन्ति // घाड़खो.७५७
2824,
2825,पुणरुत्तपसारियदीहकन्धरो करह! किं पलोएसि?
2826,कत्तो लब्भन्ति मरुत्थलीओ दिव्वे पराहुत्ते? // घाड़खो.७५८
2827,
2828,तं जीहाए विलग्गं किं पि फलं मामि! तस्स तद्दियहं
2829,वॊक्करइचक्खिउंसणवणाइं करहो धुयग्गीवो // घाड़खो.७५९
2830,
2831,नीससिय रुयसि झिज्झसि झूरसि चिन्तेसि भमसिउव्विग्गो
2832,सा मरणस्स कएणं करह! तए चक्खिआ वल्ली // घाड़खो.७६०
2833,
2834,उयह महीहरउच्छङ्गसङ्गदक्खाए कह व पत्ताए
2835,करहेण उज्जुएणं अहरदलग्गं पि न हु मुक्कं // घाड़खो.७६१
2836,
2837,सरलाओ नवनवाओ अणवरयं जइ वि चरइ वल्लीओ
2838,तह वि[हु]हिययम्मि सया करहों दक्खारसं सरइ // घाड़खो.७६२
2839,
2840,
2841,[प. ६०]
2842,
2843,
2844,---------------------------------------------------------------------
2845,[५६. अथ धवलप्रक्रमः]
2846,
2847,अप्फोडियगुरुयपयप्पहारवित्थिण्णजणियकिणसोहो
2848,धवलस्स महाभरकड्ढणाइं खन्धो च्चिय कहेइ // घाड़खो.७६३
2849,
2850,"डिम्भाण न सो कुप्पइ, थेरे परिहरइ, खमइ कसराण"
2851,धवलाण धवलवसहो न सहइ तणुयं पि फुङ्कारं // घाड़खो.७६४
2852,
2853,धवलस्स नेय भारो दुक्खइ हिययम्मि दुक्खए अन्नं
2854,अणजाणएण पहुणा कसरेण समं पि जं जुत्तो // घाड़खो.७६५
2855,
2856,चिक्कणचिक्खल्लचहुट्टचक्कथक्के भरम्मि जाणिहसि
2857,अविसेसन्नू गहवइ! परम्मुहो जं सि धवलाण // घाड़खो.७६६
2858,
2859,
2860,
2861,---------------------------------------------------------------------
2862,[५७. अथ मुत्कलप्रक्रमः]
2863,
2864,अमरसिरोवरि ठाणं लद्धं रे! धयवडा! हि अब्भहियं
2865,नियवंसस्स वि छाया न कया ता कीस फरहरसि? // घाड़खो.७६७
2866,
2867,पाऊण पाणियं सरवराण पिट्ठिं न दिन्ति सिहिडिम्भा
2868,होही जाण कलावो पयइ च्चिय साहए ताण // घाड़खो.७६८
2869,
2870,जइ लब्भइ अवयारि कह व उलग्गेण आवयापडियं
2871,उवयारमारियं तह करिज्ज जह दुक्करं जियइ // घाड़खो.७६९
2872,
2873,दिव्ववसा पइं जम्बुय! पत्ता जइ नाम केसरिस्स गुहा
2874,ता तस्स करिवियारं परक्कमं… … … // घाड़खो.७७०
2875,
2876,… … …
2877,… … … // घाड़खो.७७१
2878,
2879,… … …
2880,… … … // घाड़खो.७७२
2881,
2882,… … …
2883,… … … // घाड़खो.७७३
2884,
2885,नवणलिणमुणालुल्लोलमालियं हंस! माणसं मॊत्तुं
2886,लज्जाए कह न मओ सेवन्तो गामवाहुलिअं? // घाड़खो.७७४
2887,
2888,
2889,[प. ६१]
2890,महणारम्भे मन्दररवेण तह कह वि भामिया लच्छी
2891,जेण जुअन्तरपत्ता न तहा वि थिरत्तणं लहइ // घाड़खो.७७५
2892,
2893,तं नत्थि जं न कीरइ कणयं[प]लोहेण ऎत्थ लोयम्मि
2894,सूरो विहु अत्थमणे रहेण बुड्डो समुद्दम्मि // घाड़खो.७७६
2895,
2896,गुणसङ्गेण वि गुरुआ जयम्मि सव्वत्थ होन्ति गारविया
2897,"ठाणब्भट्ठं घट्ठं वन्दिज्जइ चन्दणं, उयह // घाड़खो.७७७"
2898,
2899,चडइ नमन्ताण गुणो आरूढगुणाण होइ टङ्कारो
2900,"जह चावाण नराण व गुणटङ्कारो, न थद्धाण // घाड़खो.७७८"
2901,
2902,पहरद्धं पि न तवियं रवि-ससिविरमे सणिच्छर-बुहेहिं
2903,पायडवंसेहिं व निप्फरेहिं किं कीरइ सुएहिं? // घाड़खो.७७९
2904,
2905,सव्वायरेण रक्खह तं पुरिसं जत्थ जयसिरी वसइ
2906,अत्थमियम्मि मियङ्के तारेहिं न कीरए जोन्हा // घाड़खो.७८०
2907,
2908,"सेसेण सिरं दिन्नं, पिट्ठी कुम्मेण भुवणभारस्स"
2909,कज्जारम्भे सरिसे वि अन्तरं होइ गरुआण // घाड़खो.७८१
2910,
2911,मित्तं पयस्स सलिलेण सच्छह जं न होइ किं तेण?
2912,बिउणेइ मिलिज्जन्तं आवट्टइ आवईपडियं // घाड़खो.७८२
2913,
2914,तं मित्तं कायव्वं जं मित्तं वसणपत्तकालम्मि
2915,आलिहियभित्तिवाउल्लयं व न परम्मुहं ठाइ // घाड़खो.७८३
2916,
2917,धम्मेलग्गा इहमग्गणा वि पावन्ति उत्तमं ठाणं
2918,गुणसङ्गिणो फुरन्ता गयणङ्गणगामिणो हुन्ति // घाड़खो.७८४
2919,
2920,तिक्खो वि खरो वि सलोहओ वि परपीडगो वि लहुओ वि
2921,लग्गो धम्मम्मि नरो सरो व्व गरुअं गुणं लहइ // घाड़खो.७८५
2922,
2923,लीलाए कुवलयं कुवलयं व सीसे समुव्वहन्तेण
2924,सेसेण सेसपुरिसाण पुरिसयारो वि पम्हुट्ठो // घाड़खो.७८६
2925,
2926,पूयफलेहिं चिय केवलेहिं पयडो न होइ मुहराओ
2927,जाव न होइ सहाया निच्चं सच्चून्नया पत्ता // घाड़खो.७८७
2928,
2929,हारो खित्तो महिमण्डलम्मि तरुणीए रइसमारम्भे
2930,अवसररहियागुणवन्तयावि दूरे धरिज्जन्ति // घाड़खो.७८८
2931,
2932,
2933,[प. ६२]
2934,कस्स वि गुणवुड्ढि च्चिय उच्चपयारोहणेसु निगडाइं
2935,अइगारवेण पिच्छाण नीयनहगामिणो सिहिणो // घाड़खो.७८९
2936,
2937,अहियमहियं कलाओ सङ्गहिय सिरीए तह कहं रविणो
2938,अप्पं हरिणकेणं सित्तस्स वि जह न सङ्घडइ // घाड़खो.७९०
2939,
2940,ऊहइ सो को वि कया वि भुवणपल्हत्थणापरो परणो[?]
2941,महिहरसिरेसु खेलन्ति जेण रच्छा इवतणाइं // घाड़खो.७९१
2942,
2943,तं किं पि उवलखण्डं कया वि परमेसरी जणइ वसुहा
2944,नरवइचूलाकुसुमेहिं जस्स किर दिज्जए अग्घो // घाड़खो.७९२
2945,
2946,दीवेसु तिमिरसङ्घाइरी इपप्फुरइ का वि सा कन्ती
2947,तह वि हु पहाववञ्झेसु उवलखण्डेसु मणिसद्दो // घाड़खो.७९३
2948,
2949,तस्स पईवस्स सयं कहं समत्था समत्थिमं कहिउं?
2950,देवे गयम्मि सूरे जेण न सीयन्ति ववहारा // घाड़खो.७९४
2951,
2952,तं धवलत्तं सो को वि भुवणसन्तावलोवगो महिमा
2953,पसुसङ्गेणॆक्केणं ससिणो सव्वं पि सकलङ्कं // घाड़खो.७९५
2954,
2955,"अइवल्लहेसु कोवो वियम्भए, अहव अइविरुद्धेसु"
2956,अन्ने उण अवराहे वि होन्ति जॊग्गा अवॆक्खाए // घाड़खो.७९६
2957,
2958,अइगरुयमहावंसुब्भवाण सङ्घडिय[विविह]विहवाण
2959,तुट्टन्ति गुणा अइधट्ठिमाए चावाण व नराणं // घाड़खो.७९७
2960,
2961,सच्छाण सुचित्ताणं मुत्ताणं सुत्तिसम्पुडठियाणं
2962,गुणसङ्गममलहन्ताण निप्फलो जम्मसंरम्भो // घाड़खो.७९८
2963,
2964,
2965,
2966,---------------------------------------------------------------------
2967,[५८. अथ शान्तरसप्रक्रमः]
2968,
2969,न हु ऎत्तिएणहोही मलिणाण समुन्नईइ घणसमओ
2970,कायव्वा अज्ज वि रायहंससुन्ना सरुच्छङ्गा // घाड़खो.७९९
2971,
2972,अब्भत्थिया वि वङ्का गुणरहिया निमिसमॆत्तरङ्गिल्ला
2973,इन्हिं कलिजुगसमए सुरिन्दधणुसच्छद्दा लोया // घाड़खो.८००
2974,
2975,सन्तगुणविप्पणासे असन्तदोसुब्भवे वि ज दुक्खं
2976,"तं सोसेइ समुद्दं, किं पुण हिययं मणुस्साणं? // घाड़खो.८०१"
2977,
2978,
2979,[प. ६३]
2980,कीरन्ति जाइं जॊव्वणवसेण अवियारिऊण कज्जाइं
2981,वयपरिणामे सभारियाइं हियएखुडुक्कन्ति // घाड़खो.८०२
2982,
2983,दड्ढो चन्दणविडवी असेसवणरायमण्डणं इमिणा
2984,हद्धी! छारस्स कए विक्कमियं हयहुयासस्स // घाड़खो.८०३
2985,
2986,दिव्वम्मि पराहुत्तेपत्तियघडियं पि विहडइ नराणं
2987,ज्जं वालुयधरणं व कह व बन्ध च्चिय न एइ // घाड़खो.८०४
2988,
2989,"खण्डिज्जइ विहिणा ससहरो वि, सूरस्स होइ अत्थमणं"
2990,हयदिव्वपरिणईए कवलिज्जइ को न कालेण? // घाड़खो.८०५
2991,
2992,जलणपवेसो चामीयरस्स भण कह न जुज्जए काउं
2993,हद्धी! जस्स परिक्खन्ति पत्थरा मामि! गुणनियरं // घाड़खो.८०६
2994,
2995,वसणाइं रिद्धिसमुद्धुरेसु लोएसु होन्ति पाएण
2996,"असमग्गसिरिं राहू वि गसइ, न हु जामिणीनाहं // घाड़खो.८०७"
2997,
2998,दीणत्तं कुणमाणो जणो सयं चेव मरणमहिलसइ
2999,पडिवयणं जं कढिणं तं पुण मयमारणंतस्स // घाड़खो.८०८
3000,
3001,ताव य कोवावसरो जाव विवेओ मणे ण विप्फुरइ
3002,जलियं व भयवया हुयवहेण धूमो य विणियत्तो // घाड़खो.८०९
3003,
3004,सयलजणनयणकडुयं नित्थामं तह पयावपब्भट्ठं
3005,नियतणयं धूमं पॆच्छिऊण छारं गओ अग्गी // घाड़खो.८१०
3006,
3007,दिवस-निसाघडमालं जीवियसलिलं जणस्स घॆत्तूणं
3008,चन्दाइच्चवइल्ला काल'रहट्टं भमाडिन्ति // घाड़खो.८११
3009,
3010,अत्थमणे छण्डिज्जइ नूणं सूरो वि निययकिरणेहिं
3011,पुरिसस्स वसणकाले देहुप्पन्ना वि विहडन्ति // घाड़खो.८१२
3012,
3013,दीहरफणिन्दनाले महिहरकेसर-दिसामुहदलिल्ले
3014,ओ पियइ कालभमरो जणमयरन्दं पुहइपउमे // घाड़खो.८१३
3015,
3016,परिगलियं तं पिम्मं गयाइ रूसण-पसाहियव्वाइं
3017,इन्हिंवित्तविवाहो व्व हियय! तं निब्भरं सुयसु // घाड़खो.८१४
3018,
3019,
3020,[प. ६४]
3021,मा वच्चह वीसम्भं नईण नारीण सइरचारीणं
3022,पसरियपओहराओ कूलाइं कुलाइं पाडन्ति // घाड़खो.८१५
3023,
3024,कह नाम तीए तं तह सहावघट्ठो वि सिहिभरो पडिओ
3025,अहवा महिलाण चिरं को वा हिययम्मि सण्ठाइ? // घाड़खो.८१६
3026,
3027,महिहरतणया रयणा[य]रप्पिया नम्मया वहइ सलिलं
3028,जुत्तं नीससइ जणो दीहं धूयाए जायाए // घाड़खो.८१७
3029,
3030,धवला मइलणसीला सिणेहपरिपूरिया वि तावेइ
3031,दीवयसिह व्व महिला कज्जलमइलं घरं कुणइ // घाड़खो.८१८
3032,
3033,"सग्गाओ हरं गङ्गा गया, हराओ गिरिं, तओ जलहिं"
3034,लद्धपसराण तित्ती महिलाण न एगपुरिसम्मि // घाड़खो.८१९
3035,
3036,महिलाओ कमलिणीओ व अणुरत्ताओ गुणेहिं जुत्ताओ
3037,पिच्छन्तस्सेव य दिणवइस्स भमरेहिं जुत्ताओ // घाड़खो.८२०
3038,
3039,मित्त'त्थमणुव्विग्गा दट्ठुं भमरेहिं कमलिणी मुक्का
3040,"अन्नासत्तं न रमन्ति महुलिहा ओ वि[?], किं चॊज्जं? // घाड़खो.८२१"
3041,
3042,भद्दं कुलङ्गणाणं जासिं मणकमलकोसमणुपत्तो
3043,मयणभमरो वराओ वच्चइ निहणं तहिं चेय // घाड़खो.८२२
3044,
3045,नेहक्खयं कुणन्ती पज्जलइ[य]सगुणवट्टिसङ्गेण
3046,दीवयसिह व्व लच्छी अथिर च्चिय बहुअवाएहिं // घाड़खो.८२३
3047,
3048,दूरेण निहियभमुहा पए पए किम्पि किम्पि चिन्तन्ता
3049,नट्ठं व जॊव्वणं महियलम्मि थेरा पलोयन्ति // घाड़खो.८२४
3050,
3051,
3052,[प. ६५]
3053,किं वासरेहिं? किं वा सरेहिं? किं वा सरेहिं? पसयच्छि!
3054,"तारुन्न-समर-पयवज्जिएहि, बहुएहिं किं तेहिं? // घाड़खो.८२५"
3055,
3056,फणिणो सिराइं धुत्ता पियंवया जह विसाइं महुराइं
3057,परिणामदारुणाओ वि परमहिलाओ तह सुहाओ // घाड़खो.८२६
3058,
3059,निवडन्ति च्चियौब्भडविवेयदण्डग्गगाढलग्गा वि
3060,इन्दियगइन्दपरिपॆल्लणाहिं गुरुपावपङ्केसु // घाड़खो.८२७
3061,
3062,इह-परलोअभवाणं सुक्खाणं मद्दवो च्चिय उवाओ
3063,चावाण[?व]अणमन्ताण गुणसमारोहणं कत्तो? // घाड़खो.८२८
3064,
3065,वयणिज्जं पिच्छिय विहडियम्मि गाढम्मि पिम्मगण्ठिम्मि
3066,"अजडाण सल्लविगमो, जडाण उण सल्लसम्भूई // घाड़खो.८२९"
3067,
3068,जीयं पि जस्स दिज्जइ दियहेसु सिणेहनहरनहिलेसु
3069,तस्स च्चेय कया वि हु तणं पि दिन्ताण उव्वेओ // घाड़खो.८३०
3070,
3071,इहलोयभवाणं पि हु मूलं सुक्खाणमेणनयणाओ
3072,दुक्खाण पुणो इहलोइयाण परलोइयाणं च // घाड़खो.८३१
3073,
3074,जंजं पि भुवणकुहरे तं खु असेसं पि चञ्चलं चेव
3075,तह वि जणजीवियाणं महिला पिम्मोणयपडाया // घाड़खो.८३२
3076,
3077,रत्तासु वि जे रच्चन्ति महिलियासुं न ते वि सविवेया
3078,जे उ विरत्तासु वि गाढरागिणो ताण भद्दाइं // घाड़खो.८३३
3079,
3080,
3081,
3082,---------------------------------------------------------------------
3083,[[गन्थकारपसत्थी]]
3084,
3085,सिरिसीलसूरि-सिरिधम्मसूरि-सिरिसव्वदेवगच्छम्मि
3086,चन्दप्पहसूरीणं अणुकमसो सिस्सलेसेणं // घाड़खो.८३४
3087,
3088,विहितो[?हिओ]जिणेसरसूरिणा नवो[?]गाहरयणवरकोसो
3089,भालिज्जठिएण इमो मणोहरो समणतोसकए // घाड़खो.८३५
3090,
3091,"ससि-बाण-सूर[१२५१]वरिसे, अट्ठावन्ना य पक्कमा ऎत्थ"
3092,"गाहाणं अट्ठ सया, रइओ सहसो सिलोगाणं // घाड़खो.८३६"
3093,
3094,
3095,[प. ६६]
3096,गाहाण रयणकोसं निच्चं जो हिययमन्दिरे ठाही
3097,"वित्थरइ तस्स कित्ती, नीसेसकलाओ विलसन्ति // घाड़खो.८३७"
3098,
3099,
3100,इति गाथारत्नकोशः सम्पूर्णः. ग्रन्थाग्रम: १०००
3101,
3102,* श्रीः ॥ श्रीरस्तु ॥ श्रीः ॥ कल्याणमस्तु ॥ श्रीः ॥ चिरं भद्रमस्तु ॥ श्रीः जीयासुर्जिनभक्तिकीर्तिविजयाः श्रीवाचकेन्द्राश्चिरं शश्वद्विश्वसमुद्गसङ्गतयशश्चन्द्राश्च सान्द्रश्रियः स्वच्छाम्भश्छटयेव जातधिषणाङ्कूरस्तदन्द्द्रिद्वयाम्भोजासेवनया'लिखत स विनयः सूक्तार्णवं सादरः सकलवाचककोटाकोटिकण्ठपीठमण्डनाखण्डहारानुकारवाचकश्रीश्रीश्रीश्रीश्रीश्रीश्रीश्रीश्रीश्रीश्रीश्रीकीर्तिविजयगणिचरणतामरसरजःपुञ्जावलिप्तपवित्रगात्रविनयविजयगणिना लिखितो'यं गाथारत्नकोशः परममम्र̥तम ॥ श्रीं । श्रीं । श्रीं । श्रीं । श्रीं । श्रीं । श्रीं । श्रीं । श्रीं । *
3103,
3104,
