line_number,devanagari_text
1,णमह सरोससुअरिसणसच्चविअं कररुहावलीजुअलं
2,हिरणक्कसविअडोरत्थलट्ठिदलगब्भिणं हरिणो // ळीला.१
3,
4,तं णमह जस्स तइआ तइअवअं तिहुअणं तुलन्तस्स
5,साआरमणाआरे अप्पणमप्पे च्चिअ णिसण्णं // ळीला.२
6,
7,तस्सेव पुणो पणमह णिहुअं हलिणा हसिज्जमाणस्स
8,अपहुत्तदेहलीलङ्घणद्धवहसण्ठिअं चलणं // ळीला.३
9,
10,सो जअउ जस्स पत्तो कण्ठे रिट्ठासुरस्स घणकसणो
11,उप्पाअपवड्ढिअकालवासकरणी भुअप्फलिहो // ळीला.४
12,
13,रक्खन्तु वो महोवहिसअणे सेसस्स फणमणिपईवा
14,हरिणो सिरिसिहिणोत्थअकोत्थुहकन्दङ्कुराआरा // ळीला.५
15,
16,महुमहवलणुप्पीडिअसेसभुअङ्गेण मुक्कफुक्कारा
17,पवणाऊरिअजलअरसुत्तविबुद्धो हरी जअउ // ळीला.५अ
18,
19,हरिणो जमलज्जुणरिट्ठकेसिकंसासुरिन्दसेलाण
20,भञ्जणवलणविआरणकड्ढणधरणे भुए णमह // ळीला.६
21,
22,कक्कसभुअकोप्परपूरिआणणो कढिणकरकआवेसो
23,केसिकिसोरकअत्थणकउज्जमो जअउ महुमहणो // ळीला.७
24,
25,सो जअउ जेण तेलोक्ककवलणारम्भगब्भिअमुहेण
26,ओसावणि व्व पीआ सत्त वि चुलुअट्ठिआ उवही // ळीला.८
27,
28,गोरीए गुरुभरक्कन्तमहिससीसट्ठिभञ्जणुद्धरिअं
29,णमह णमन्तसुरासुरसिरमसिणिअणेउरं चलणं // ळीला.९
30,
31,चण्डीए कढिणकोवण्डकड्ढणाआससेअसलिलुल्लो
32,णिन्तकुसुम्भुप्पीलो रक्खउ वो कञ्चुओ णिच्चं // ळीला.१०
33,
34,ससहरकरसंवलिआ तुम्हं सुरणिण्णआए णासन्तु
35,पावं फुरन्तरुद्दट्टहासधवला जलुप्पीला // ळीला.११
36,
37,जअन्ति ते सज्जणभाणुणो सआविआरिणो जाण सुवण्णसञ्चआ
38,अइट्ठदोसा विअसन्ति सङ्गमेकहाणुबन्धा कमलाअर इव // ळीला.१२
39,
40,सो जअउ जेण सुअणा वि दुज्जणा इह विणिम्मिआ भुवणे
41,ण तमेण विणा पावन्ति चन्दकिरणा वि परिहावं // ळीला.१३
42,
43,दुज्जणसुअणाण णमो णिच्चं परकज्जवावडमणाण
44,एक्के भसणसहावा परदोसपरम्मुहा अण्णे // ळीला.१४
45,
46,अहवा ण को वि दोसो दीसइ सअलम्मि जीवलोअम्मि
47,सव्वो च्चिअ सुअणयणो जं भणिमो तं णिसामेह // ळीला.१५
48,
49,सज्जणसङ्गेण वि दुज्जणस्स ण हु कलुसिमा समोसरइ
50,ससिमण्डलमज्झपरिट्ठिओ वि कसणो च्चिअ कुरङ्गो // ळीला.१६
51,
52,दुज्जणसङ्गेण वि सज्जणस्स णासं ण होइ सीलस्स
53,तीए सलोणे वि मुहे तह वि हु अहरो महुं सवइ // ळीला.१६अ
54,
55,अलमवरेणासम्बद्धालावपरिग्गहाणुबन्धेण
56,बालजणविलसिएण व णिरत्थवाआपसङ्गेण // ळीला.१७
57,
58,आसि तिवेअतिहोमग्गिसङ्गसञ्जणिअतिअसपरिओसो
59,सम्पत्ततिवग्गफलो बहुलाइच्चो त्ति णामेण // ळीला.१८
60,
61,अज्ज वि महग्गिपसरिअधूमसिहाकलुसिअं व वच्छअलं
62,उव्वहइ मिअकलङ्कच्छलेण मिअलञ्छणो जस्स // ळीला.१९
63,
64,तस्स अ गुणरअणमहोवहीए एक्को सुओ समुप्पण्णो
65,भूसणभट्टो णामेण णिअअकुलणहअलमिअङ्को // ळीला.२०
66,
67,जस्स पिअबन्धवेहि व चउवअणविणिग्गएहि वेएहि
68,एक्कवअणारविन्दट्ठिएहĩ बहुमण्णिओ अप्पा // ळीला.२१
69,
70,तस्स तणएण एअं असारमइणा वि विरइअं सुणह
71,कोऊहलेण लीलावइ त्ति णामं कहारअणं // ळीला.२२
72,
73,तं जह मिअङ्ककेसरिकरपहरणदलिअतिमिरकरिकुम्भे
74,विक्खित्तरिक्खमुत्ताहलुज्जले सरअरअणीए // ळीला.२३
75,
76,पओससमए धवलभवणुत्तमङ्गसअणसुहासीणाए भणिअं. पिअअम पेच्छ पेच्छ. 
77,
78,जोण्हाऊरिअकोसकन्तिधवले सव्वङ्गगन्धुक्कडेणिव्विग्घं घरदीहिआए सुरसं वेवन्तओ मासलं
79,आसाएइ सुमञ्जुगुञ्जिअरवो तिङ्गिच्छिपाणासवंउम्मिल्लन्तदलावलीपरिअओ चन्दुज्जुए छप्पओ // ळीला.२४
80,
81,इमिणा सरएण ससी ससिणा वि णिसा णिसाए कुमुअवणं
82,कुमुअवणेण व पुलिणं पुलिणेण व सहइ हंसउलं // ळीला.२५
83,
84,णवविसकसाअसंसुद्धकण्ठकलमणोहरो णिसामेसु
85,सरअसिरिचलणणेउरराओ इव हंससंलावो // ळीला.२६
86,
87,सञ्चरइ सीअलाअन्तसलिलकल्लोलसङ्गणिव्वविओ
88,दरदलिअमालईमुद्धमउलगन्धुद्धुरो पवणो // ळीला.२७
89,
90,एसा वि दसदिसावहुवयणविसेसावलि व्व सरसलिले
91,विम्भलतरङ्गदोलन्तपाअवा सहइ वणराई // ळीला.२८
92,
93,एआĩ दियससम्भावणेक्कहिअआĩ पेच्छह घडन्ति
94,आमुक्कविरहवेअणाĩ चक्कवायाĩ वावीसु // ळीला.२९
95,
96,एअं उअ विअसिअसत्तवत्तपरिमलविलोहविज्जन्तं
97,अविहाविअकुसुमासाअविमुहिअं भमइ भमरउलं // ळीला.३०
98,
99,चन्दुज्जुआवअंसं पविअम्भिअसुरहिकुवलआमोअं
100,णिम्मलतारालोअं पिअइ व रयणीमुहं चन्दो // ळीला.३१
101,
102,ता किं बहुणा पअम्पिएण. 
103,
104,अइरमणीआ रअणी सरओ विमलो तुमं च साहीणो
105,अणुकूलपरिअणाए मण्णे तं णत्थि जं णत्थि // ळीला.३२
106,
107,ता किं पि पओसविणोअमेत्तसुहअं म्ह मणहरुल्लावं
108,साहेह अउव्वकहं सुरसं महिलाअणमणोज्जं // ळीला.३३
109,
110,तं मुद्धमुहम्बुरुहाहि वअणअं णिसुणिऊण णे भणिअं
111,कुवलअदलच्छि एत्थं कईहि तिविहा कहा भणिआ // ळीला.३४
112,
113,तं जह दिव्वा तह दिव्वमाणुसी माणुसी तह च्चेअ
114,तत्थ वि पढमेहĩ कअं कईहĩ किर लक्खणं किं पि // ळीला.३५
115,
116,अण्णं सक्कअपाअअसङ्किण्णविहा सुवण्णरइआओ
117,सुव्वन्ति महाकइपुङ्गवेहि विविहाउ सुकहाओ // ळीला.३६
118,
119,ताणं मज्झे अम्हारिसेहĩ अबुहेहĩ जाउ सीसन्ति
120,ताउ कहाओ ण लोए मिअच्छि पावन्ति परिहावं // ळीला.३७
121,
122,ता किं मं उवहासेसि सुअणु असुएण सद्दसत्थेण
123,उल्लविउं पि ण तीरइ किं पुण विअडो कहाबन्धो // ळीला.३८
124,
125,भणिअं च पिअअमाए पियअम किं तेण सद्दसत्थेण
126,जेण सुहासिअमग्गो भग्गो अम्हारिसजणस्स // ळीला.३९
127,
128,उवलब्भइ जेण फुडं अत्थो अकअत्थिएण हिअएण
129,सो च्चेअ परो सद्दो णिच्चो किं लक्खणेण म्ह // ळीला.४०
130,
131,एमेअ मुद्धजुअईमणोहरं पाअआए भासाए
132,पविरलदेसिसुलक्खं कहसु कहं दिव्वमाणुसिअं // ळीला.४१
133,
134,तं तह सोऊण पुणो भणिअं उब्बिम्बबालहरिणच्छि
135,जइ एवं ता सुव्वउ सुसन्धिबन्धं कहावत्थुं // ळीला.४२
136,
137,अत्थि. 
138,
139,चउजलहिवलअरसणाणिबद्धविअडोवरोहसोहाए
140,सेसङ्कसुप्परिट्ठिअसव्वङ्गुव्वूढभुवणाए // ळीला.४३
141,
142,पलअवराहसमुद्धरणसोक्खसम्पत्तिगरुअभावाए
143,णाणाविहरअणालङ्किआए भअवइए पुहईए // ळीला.४४
144,
145,णीसेससस्ससम्पत्तिपमुइआसेसपामरजणोहो
146,सुव्वसिअगामगोहणरम्भारवमुहलिअदिअन्तो // ळीला.४५
147,
148,अइसुहिअपाणआवाणचच्चरीरवरमाउलारामो
149,णीसेससुहणिवासो आसअविसओ त्ति विक्खाओ // ळीला.४६
150,
151,जो सो अविउत्तो कअजुअस्स धम्मस्स सण्णिवेसो व्व
152,सिक्खट्ठाणं व पआवइस्स सुकआण आवासो // ळीला.४७
153,
154,सासणमिव पुण्णाणं जम्मुप्पत्ति व्व सुहसमूहाणं
155,आअरिसो आआराण सइ सुछेत्तं पिव गुणाणं // ळीला.४८
156,
157,अवि अ. 
158,
159,सुसणिद्धघाससन्तुट्ठगोहणालोअमुइअगोआलो
160,गेआरवभरिअदिसो वरवल्लइवेणुणिवहेसु // ळीला.४९
161,
162,सुहावगाहणिम्मलजलासओ. तरुणतरुज्जाणरिद्धिरमणीओ. कमलसरसण्डमण्डिआसामुहो. सुस्साअफलभरोणमिअवच्छअलावासिअपहिअजणसमाउलो. सव्वोवसग्गभअरहिओ. चाउवण्णसमाउत्तो. णिच्चूसववड्ढिआणन्दो. विविहकाणणोवसोहिअभूमिभाओ. विविहकुसुमामोअवासिअदिअन्तरालो. अणवइण्णकलिकालो. अइट्ठपावो. अपरिचत्तधम्मो. अणुवलक्खिअपआवो अपणट्ठसोहो. अणुवजाअचोरराअभओ. अपरिमिअगुणगणणिवासो त्ति. 
163,
164,जहिं च. कामवरिसी भअवं. पज्जण्णो कामदुहाओ सुरहीओ. सइफलाओ वणप्फईओ. अवञ्झाओ जुअईओ त्ति. 
165,
166,जहिं च. 
167,
168,दूरुण्णअगरुअपओहराओ कोमलमुणालवाहीओ
169,सइ महुरवाणिआओ जुअईओ णिण्णआउ व्व // ळीला.५०
170,
171,अच्छउ ता णिअछेत्तं सेसाइ वि जत्थ पामरवहूहिं
172,रक्खिज्जन्ति मणोहरगेआरवहरिअहरिणाहिं // ळीला.५१
173,
174,इअ एरिसस्स सुन्दरि मज्झम्मि सुजणवअस्स रमणीअं
175,णीसेससुहणिवासं णअरं णामं पइट्ठाणं // ळीला.५२
176,
177,तं च पिए वरणअरं वण्णिज्जइ जा विहाइ ता रअणी
178,उद्देसो सङ्खेवेण किं पि वोच्छामि णिसुणेसु // ळीला.५३
179,
180,जत्थ वरकामिणीचलणणेउरारावमणुसरन्तेहिं
181,पडिराविज्जइ मुहमुक्ककिसलअं राअहंसेहिं // ळीला.५४
182,
183,जण्णग्गिधूमसामालिअणहअललोअणेक्करसिएहिं
184,णच्चिज्जइ ससहरमणिसिलाअले घरमऊरेहिं // ळीला.५५
185,
186,ण तरिज्जइ घरमणिकिरणजालपडिरुद्धतिमिरणिअरम्मि
187,अहिसारिआहĩ आमुक्कमण्डणाहिं पि सञ्चरिउं // ळीला.५६
188,
189,साणूरथूहिआधअणिरन्तरन्तरिअतरणिकरणिअरे
190,परिसेसिआअवत्तं गम्मइ सङ्गीअविलआहिं // ळीला.५७
191,
192,सरसावराहपरिकुविअकामिणीमाणमोहलम्पिक्कं
193,कलअण्ठिउलं चिअ कुणइ जत्थ दोच्चं पिआण सआ // ळीला.५८
194,
195,णिद्दअरअरहसकिलन्तकामिणीसेअजललवुप्फुसणा
196,पिज्जन्ति जत्थ णासञ्जलीहि उज्जाणगन्धवहा // ळीला.५९
197,
198,घरसिरपसुत्तकामिणिकवोलसङ्कन्तससिअलावलअं
199,हंसेहि अहिलसिज्जइ मुणालसद्धालुएहि जहिं // ळीला.६०
200,
201,मरहट्ठिआ पओहरहलिद्दपरिपिञ्जरम्बुवाहीए
202,धुव्वन्ति जत्थ गोलाणईए तद्दिअसिअं पावं // ळीला.६१
203,
204,अह णवर तत्थ दोसो जं गिम्हपओसमल्लिआमोओ
205,अणुणअसुहाĩ माणंसिणीण भोत्तुं चिअ ण देइ // ळीला.६२
206,
207,अह णवर तत्थ दोसो जं फलिहसिलायलम्मि तरुणीण
208,मयणवियारा दीसन्ति बाहिरठिएहि वि जणेहिं // ळीला.६२अ
209,
210,अह णवर तत्थ दोसो जं विअसिअकुसुमरेणुपडलेण
211,मइलिज्जन्ति समीरणवसेण घरचित्तभित्तीओ // ळीला.६३
212,
213,तत्थेरिसम्मि णअरे णीसेसगुणावगूहिअसरीरो
214,भुवणपवित्थरिअजसो राआ सालाहणो णाम // ळीला.६४
215,
216,जो सो अविग्गहो वि हु सव्वङ्गावअवसुन्दरो सुहओ
217,दुद्दंसणो वि लोआणँ लोअणाणन्दसञ्जणणो // ळीला.६५
218,
219,कुवई वि वल्लहो पणइआण तह णअवरो वि साहसिओ
220,परलोअभीरुओ वि हु वीरेक्करसो तह च्चेअ // ळीला.६६
221,
222,सूरो वि ण सत्तासो सोमो वि कलङ्कवज्जिओ णिच्चं
223,भोई वि ण दोजीहो तुङ्गो वि समीवदिण्णफलो // ळीला.६७
224,
225,बहुलन्तदिणेसु ससि व्व जेण वोच्छिण्णमण्डलणिवेसो
226,ठविओ तणुअत्तणदुक्खलक्खिओ रिउअणो सव्वो // ळीला.६८
227,
228,णिअतेअपसाहिअमण्डलस्स ससिणो व्व जस्स लोएण
229,अक्कन्तजअस्स जए पट्ठी ण परेण सच्चविआ // ळीला.६९
230,
231,ओसहिसिहापिसङ्गाण वोलिआ गिरिगुहासु रअणीओ
232,जस्स पयावाणलकन्तिकवलिआणं पिव रिऊणं // ळीला.७०
233,
234,आलिहिअइ जो वम्महणिभेण णिअवासभवणभित्तीसु
235,लडहविलआहĩ णहमणिकिरणारुणिअग्गहत्थेहिं // ळीला.७१
236,
237,हिअए च्चेअ विलाअन्ति सुइरपरिचिन्तिआ वि सुकईण
238,जेण विणा दुहिआण व मणोरहा कव्वविणिवेसा // ळीला.७२
239,
240,इअ तस्स महापुहईसरस्स इच्छापहुत्तविहवस्स
241,कुसुमसराउहदूओ व्व आगओ सुअणु महुमासो // ळीला.७३
242,
243,पत्थाणं पढमागअमलआणिलपिसुणिअं वसन्तस्स
244,बहुलच्छलन्तकोइलरवेण साहन्ति व वणाइं // ळीला.७४
245,
246,गहिऊण चूयमञ्जरि कीरो परिभमइ पत्तलाहत्थो
247,ओसरसु सिसिरणरवइ पुहई लद्धा वसन्तेण // ळीला.७४अ
248,
249,मउलन्तमउलिएसुं विअसिअविअसन्तकुसुमणिवहेसु
250,सरिसं चिअ ठवइ पअं वणेसु लच्छी वसन्तस्स // ळीला.७५
251,
252,बहुएहि मि किं परिवड्ढिएहĩ बाणेहĩ कुसुमचावस्स
253,एक्केणं चिअ चूअङ्कुरेण कज्जं ण पज्जत्तं // ळीला.७६
254,
255,घिप्पइ कणअमअं पिव पसाहणं जणिअतिलअसोहेण
256,अब्भहिअजणिअसोहं कणिआरवणं वसन्तेण // ळीला.७७
257,
258,विअसन्तविविहवणराइकुसुमसिरिपरिगआ महातरुणो
259,किं पुण विअम्भमाणो जं ण कुणइ मल्लिआमोओ // ळीला.७८
260,
261,पढमं चिअ कामिअणस्स कुणइ मउआĩ पाडलामोओ
262,हिअआĩ सुहं पच्छा विसन्ति सेसा वि कुसुमसरा // ळीला.७९
263,
264,पज्जत्तविआसुव्वेल्लगुन्दिपब्भारणूमिअदलाइं
265,पहिआण दुरालोआĩ होन्ति माअन्दगहणाइं // ळीला.८०
266,
267,अपहुत्तविआसुड्डीणभमरविच्छाअदलउडुब्भेअं
268,कुन्दलइयाए विअलइ हिमविरहाआसिअं कुसुमं // ळीला.८१
269,
270,आबज्झन्तफलुप्पङ्कथोअविहडन्तसन्धिबन्धेहिं
271,मन्दपवणाहएहĩ वि परिगलिअं सिन्दुवारेहिं // ळीला.८२
272,
273,थोऊससन्तपङ्कअमुहीए णिव्वण्णिए वसन्तम्मि
274,वोलीणतुहिणभरसुत्थियाए हसिअं व णलिणीए // ळीला.८३
275,
276,मलअसमीरसमागमसन्तोसपणाच्चिराहĩ सव्वत्तो
277,वाहिप्पइ णवकिसलअकराहĩ साहाहĩ महुलच्छी // ळीला.८४
278,
279,दीसइ पलासवणवीहियासु पप्फुल्लकुसुमणिवहेण
280,रत्तम्बरणेवच्छो णववरइत्तो व महुमासो // ळीला.८५
281,
282,परिवड्ढइ चूअवणेसु विसइ णवमाहवीविआणेसु
283,लुलइ व कङ्केल्लिदलावलीसु मुइओ व्व महुमासो // ळीला.८६
284,
285,अण्णण्णवणलआगहिअपरिमलेणाणिलेण छिप्पन्ती
286,कुसुमंसुएहĩ रुअइ व परम्मुही तरुणचूअलआ // ळीला.८७
287,
288,विअसिअणीसेसवणन्तरालपरिसण्ठिएण कामेण
289,विवसिज्जइ कुसुमसरेहĩ लद्धपसरेहĩ कामिअणो // ळीला.८८
290,
291,इअ वम्महबाणवसीकअम्मि सअलम्मि जीवलोअम्मि
292,महुसिरिसमागमत्थाणमण्डवं उवगओ राआ // ळीला.८९
293,
294,सेवागअसअसामन्तमउडमाणिक्ककिरणविच्छुरिए
295,सीहासणम्मि बन्दिणजअसद्दसमं समासीणो // ळीला.९०
296,
297,परिअरिओ वारविलासिणीहि सुरसुन्दरीहĩ व सुरेसो
298,कणआअलो व्व आसावहूहĩ सइ वि असिअमुहीहिं // ळीला.९१
299,
300,अह सो एक्काए समं णरणाहो चन्दलेहणामाए
301,सप्परिहासं सुमणोहरं च सुहअं समुल्लवइ // ळीला.९२
302,
303,अइ चन्दलेहे ण णिअसि मलआणिलकुसुमरेणुपडहत्थं
304,कामेण वासभवणं व विरइअं दसदिसाअक्कं // ळीला.९३
305,
306,ता कीस तुमं केणावि मअणसरबन्धुणा मिअङ्कमुहि
307,चिञ्चिल्लिआ सि सव्वाअरेण सव्वङ्गिअं अज्ज // ळीला.९४
308,
309,णवचम्पअकुसुमणिवेसिआणणो केण तुह णिडालअले
310,सज्जीवो विव लिहिओ महुपाणपरव्वसो महुओ // ळीला.९५
311,
312,केण व महग्घमअणाहिपङ्कजोएण तुह कवोलेसु
313,लिहिआओ पत्तलेहाओ मअणसरवत्तणीओ व्व // ळीला.९६
314,
315,केण व कइआ सहआरमञ्जरी तुह कवोलपेरन्ते
316,करफंसविहाविअकुसुमसञ्चआ सुअणु णिम्मविया // ळीला.९७
317,
318,केणज्ज तुज्झ तवणिज्जपुञ्जपीए पओहरुच्छङ्गे
319,पत्तत्तं पत्तं पत्तलच्छि पत्तं लिहन्तेण // ळीला.९८
320,
321,एक्केक्कमवअणमुणालदाणवलिअद्धकन्धराबन्धं
322,चलणकमलेसु लिहिअं केणेयं हंसमिहुणजुअं // ळीला.९९
323,
324,इअ केण णिअअविण्णाणपअडणुप्पण्णहिअअभावेण
325,अविहाविअगुणदोसेण पाइआ सप्पिणी छीरं // ळीला.१००
326,
327,तं तह सोऊण णराहिवाहि विअसन्तलोअणमुहीए
328,दरलज्जोणअवअणाए पभणिअं चन्दलेहाए // ळीला.१०१
329,
330,सो देव विद्धकुसलो चित्तअरो जेण तुम्ह दारम्मि
331,अवलम्बिऊण पत्तं तइआ लिहिओ तुमं चेअ // ळीला.१०२
332,
333,सो च्चेअ पुणो सम्पइ सिङ्घलदीवाहि आगओ एत्थ
334,तेणेअं मअणमहूसवम्मि सव्वं समालिहिअं // ळीला.१०३
335,
336,अह एवं सप्परिहासगोट्ठिसुहसण्ठिअस्स णरवइणो
337,लद्धावसरं एक्केण मन्तिउत्तेण उल्लविअं // ळीला.१०४
338,
339,सो देव चारपुरिसो सिङ्घलवइणा णिरूविओ मण्णे
340,इमिणा विण्णाणगुणेण चन्दलेहाघरे वसइ // ळीला.१०५
341,
342,एवविहा एवविहं अच्छन्ति णरेसराण जे कडए
343,ते चरपुरिसा लोए हि जक्खणामा भणिज्जन्ति // ळीला.१०६
344,
345,ता भणियं णरवइणा तस्सोवरि सुयणु सिंहलेसस्स
346,पेहिओ विजयाणन्दो पोट्टिसवरमन्तिणा सहिओ // ळीला.१०६अ
347,
348,तस्स कडयाउ अज्ज वि णागच्छइ कोइ कहइउं सच्चं
349,किं भणइ सिंहलेसो किं वा सेणाहिवो अम्हं // ळीला.१०६भ
350,
351,अज्जं चिअ सिट्ठं हेरिएहĩ उवहीतडम्मि सम्पत्तो
352,विजआणन्दो सह पोट्टिसेण परिवड्ढिअपआवो // ळीला.१०७
353,
354,तह सो वि सिङ्घलेसो तद्दिअसणिरालसो सअं चेअ
355,जवसेन्धणसम्पुण्णाइ कुणइ दुग्गाइ अविसण्णो // ळीला.१०८
356,
357,विसमीकरेइ उवहीतडाĩ जोएइ जुज्झभूमीओ
358,विजआणन्देण समं महाहवं महइ णिक्कम्पो // ळीला.१०९
359,
360,भणिअं च राइणा पिअवअंस सो च्चेअ तत्थ पत्तट्ठो
361,विजआणन्दो णिअसन्धिविग्गहे किं इमेणम्ह // ळीला.११०
362,
363,जेणण्णे वि महामण्डलाहिवा णिब्भआ वि भेसविआ
364,सो किं विजआणन्दो वञ्चिज्जइ सिंहलेसेण // ळीला.१११
365,
366,अणवेलं साहिज्जसु एअं तुह हेरिएण जं सिट्ठं
367,एसा रमणीआ मअणचच्चरी ताव वोलेउ // ळीला.११२
368,
369,एवं भणिऊण णराहिवेण सव्वाण वारविलआण
370,दिण्णाĩ महूसविआĩ बन्दिणाणं च बहुआइं // ळीला.११३
371,
372,तह सम्माणिअणीसेसपणइसन्तोसवसपसण्णमुहो
373,विण्णत्तो सुअणु पुरोहिएण उवसप्पिऊण पहू // ळीला.११४
374,
375,देव सुमज्झणसमओ सज्जं चिअ मज्जणं विसूरेइ
376,दिअवरसत्थो दारे तुह णिच्चणिवेसिएक्कमणो // ळीला.११५
377,
378,अह सो विसज्जिआसेसपणइपडिवण्णमज्जणारम्भो
379,सञ्चलिओ बन्दिणसअसमूहकअजअजआसद्दो // ळीला.११६
380,
381,ताव अ सञ्चलिअमहाणरेन्दवरवाररमणिसंवलिओ
382,भडभण्डभोअमीसो जाओ अत्थाणसङ्खोहो // ळीला.११७
383,
384,सहसुट्ठिअणरसम्मद्दणोल्लणुम्मत्थिआणणो पडिओ
385,पोक्करइ थेरभट्टो अहो विणट्ठो विणट्ठो हं // ळीला.११८
386,
387,तो सो सेवावाएण विणडिओ कह वि केहĩ वि वराओ
388,उक्खित्तो पङ्कगओ व जरगओ राअपुरिसेहिं // ळीला.११९
389,
390,एत्थन्तरम्मि. 
391,
392,अण्णोण्णमउडसङ्घट्टखुडिअमाणिक्कपअरपक्खलिओ
393,सुहरेण सरइ एक्केक्कमङ्गणत्थम्भिओ लोओ // ळीला.१२०
394,
395,काहि वि वरवारविलासिणीहĩ वेसा वि सण्ठिआ पुरओ
396,पेल्लिज्जन्ति सुवल्लहजणजोग्गेहिं पिहुथणेहिं // ळीला.१२१
397,
398,कीए वि महासम्मद्दसेअतण्णाअणीविबन्धाए
399,दुव्वोज्झो उज्झिअमेहलो वि जाओ णिअम्बभरो // ळीला.१२२
400,
401,णिव्विच्चालिङ्गणलालसाए हिअइच्छिए समावडिए
402,बहु मण्णिज्जइ कीए वि तुडिओ थूलामलो हारो // ळीला.१२३
403,
404,कीए वि मअमआमोअमिलिअमुहलालिमउलिअच्छीए
405,लद्धावसरो वि चिरेण कह वि वोलिज्जइ पएसो // ळीला.१२४
406,
407,इअ सण्णावाहिप्पन्तपरिअणो कह वि राअभवणाहि
408,पवणासासिअहिअओ णिअआवासं गओ लोओ // ळीला.१२५
409,
410,राआ वि पवज्जन्तेहĩ विविहमङ्गलणिहोसमुहलेहिं
411,तूरेहĩ पढन्तेहĩ अ बन्दिणदिअवरसमूहेहिं // ळीला.१२६
412,
413,सव्वाहिं चिअ सव्वोसहीहĩ लीलाए मज्जिऊण चिरं
414,सअलसमाणिअदेवाइतप्पणो भवणमल्लीणो // ळीला.१२७
415,
416,तत्थ वि गोभूमिसुवण्णवत्थतिलमीसिआĩ दाऊण
417,दाणाĩ दिअवराणं भोअणसालं समल्लीणो // ळीला.१२८
418,
419,तद्देसआलिएहिं पणईहĩ समं पसण्णमणभावो
420,भुत्तं विविहाहारं सुरसं कालाणुरूअं च // ळीला.१२९
421,
422,भोत्तुं तक्कालोइअपरिअणपरिआलिओ समल्लीणो
423,अन्तोअत्थाणहरं विरइअवररअणपल्लङ्कं // ळीला.१३०
424,
425,तत्थासीणो सहिएहĩ सुकइछन्दाणुवत्तिएहिं च
426,समुअं सुहसन्तुट्ठो णरणाहो एक्कसरिआए // ळीला.१३१
427,
428,वामकरोवग्गिअवेत्तदण्डदाहिणकरोत्थअमुहेण
429,पहुहिअअभावकुसलेण दारवालेण विण्णत्तो // ळीला.१३२
430,
431,देव दिसाविजआओ सेणाहिवई केणा वि कज्जेण
432,जरकप्पडणेवच्छो विजआणन्दो दुवारम्मि // ळीला.१३३
433,
434,तो तं सहस त्ति णिसामिऊण सविसाअविम्हिअमणेण
435,भणिअं अमच्चमुहपेसिअच्छिणा पुहइणाहेण // ळीला.१३४
436,
437,हंहो भट्टकुमारिल णिसुअं जं वेत्तिएण संलत्तं
438,ता किं विजआणन्दो एआवत्थन्तरं पत्तो // ळीला.१३५
439,
440,णीसेसणीइसत्थत्थवत्थुवित्थारवित्थअमई वि
441,असहाओ ववगअवाहणो अ कहमागओ एत्थ // ळीला.१३६
442,
443,न य भिच्चा नेह करी न य तुरया नेय पोट्टिसो मन्ती
444,विजयाणन्दस्स कहं कह जाया एरिसावत्था // ळीला.१३६अ
445,
446,भणिअं भट्टकुमारेण देव विसमा जअम्मि कज्जगई
447,मण्णे तहावि एसो केण वि कज्जेण सम्पत्तो // ळीला.१३७
448,
449,किं जहा. 
450,
451,परिवड्ढिअपहुसम्भावणाण एवंविहे महाकज्जे
452,असमत्तपेसणाणं मरणं चिअ सहइ पुरिसाण // ळीला.१३८
453,
454,ता जइ कहावि एसो सिंहलराआहि परिहवं पत्तो
455,ता एत्थ तुम्ह दारे णूणं णल्लिअइ जीअन्तो // ळीला.१३९
456,
457,अह सो च्चिअ जोइक्खो णिअकज्जगईए किं विआरेण
458,आणेह मा विलम्बह दीसउ ता से मुहच्छाआ // ळीला.१४०
459,
460,तो तक्खणराआणत्तदारवालाणुमग्गसंलग्गो
461,सच्चविओ कुघडन्तुत्तमङ्गकमलो णरिन्देण // ळीला.१४१
462,
463,समइच्छिऊण सुन्दरि आणत्तं से सुहासणं पहुणा
464,उवविट्ठो भट्टकुमारिलस्स पअपेसिअच्छिजुओ // ळीला.१४२
465,
466,अह तत्थ सुहासणकअपरिग्गहो णिज्जणं विहेऊण
467,खणमेत्तसमासत्थो सच्छरिअं पुच्छिओ पहुणा // ळीला.१४३
468,
469,हंहो तुह विजआणन्द एत्थ एवंविहं समागमणं
470,णीसेसजुत्तिरहिअं अहियं हिअअं म्ह दूमेइ // ळीला.१४४
471,
472,तो अणुअम्पाणुगअं वअणं णिअसामिणो सुणेऊण
473,परिओसवसविसट्टन्तलोअणं तेण विण्णत्तं // ळीला.१४५
474,
475,देव महन्ती खु कहा एसा सुमणोरहाण सम्भूई
476,कोऊहलेण सीसइ अवहिअहिअआ णिसामेह // ळीला.१४६
477,
478,मलआअलाहिवे वसिकअम्मि समिअम्मि पण्डिराअम्मि
479,पारद्धे रअणाअरपरपारुत्तारपरिअम्मे // ळीला.१४७
480,
481,भणिअं अमच्चसिरिपोट्टिसेण मा ता करेह परिअम्मं
482,सहस त्ति दण्डसज्झो ण होइ अम्हं सिलामेहो // ळीला.१४८
483,
484,सामण्णो वि ण तीरइ दुग्गत्थो जोहिउं परभडेहिं
485,सो उण विहि सम्पुण्णो सूरो चाई सुभिच्चो अ // ळीला.१४९
486,
487,जुत्तिण्णुओ सहम्मो अहिएहĩ अलङ्घिओ महामाणी
488,मन्तुच्छाहपहाणो दुक्खं जोहिज्जइ परेहिं // ळीला.१५०
489,
490,णअविक्कमोवहोज्जा सव्वाण वि पत्थिवाण एस मही
491,ण उणेक्कविक्कमरसा हवन्ति सिरिभाइणो पुरिसा // ळीला.१५१
492,
493,ता सामणए सन्ते सन्ते पुरिसाण भेअविण्णाणे
494,दाणे वि सम्पडन्ते को दण्डे आअरं कुणइ // ळीला.१५२
495,
496,जं जह कमेण भणिअं पुव्वाअरिएहĩ अत्थसत्थेहिं
497,तं तह पडिवज्जन्ता सिरीए पुरिसा वरिज्जन्ति // ळीला.१५३
498,
499,ता पेसिज्जउ दूओ सामेक्कालावमुहलपत्तट्ठो
500,परहिअअभावकुसलो दच्छो कालण्णुओ धीरो // ळीला.१५४
501,
502,जइ सो तेणं चिअ उअणमेइ ता साह किं पआसेण
503,वाआए जो विवज्जइ विसेण किं तस्स दिण्णेण // ळीला.१५५
504,
505,णिसुअं च मए जह तस्स सअलजिअलोअसारसम्भूआ
506,लीलावइ त्ति णामेण पिअसुआ जीविअब्भहिआ // ळीला.१५६
507,
508,तिस्सा सुजम्मदिअहे केण वि असरीरिआए वाआए
509,देवेण समाइट्ठं सिट्ठं देवण्णुएहिं पि // ळीला.१५७
510,
511,जह जो इमीए वरबालिआए होही वरो त्ति वरसमए
512,सो सअलपुहइणाहो लहिही दिव्वाउ सिद्धीओ // ळीला.१५८
513,
514,ता जइ कहावि सो अम्ह सामिणो तं कुमारिआरअणं
515,उवणेइ ता ण सिद्धं किं वा एत्थ म्ह पुहवीए // ळीला.१५९
516,
517,अण्णं च एत्थ एवंविहाण रअणाण भाअणोम्ह पहू
518,इअ जाणिऊण सामं तेण समं बहुमअं अम्ह // ळीला.१६०
519,
520,तं तह सोऊण मए अमच्चसिरिपोट्टिसाहि णीसेसं
521,भणिअं अलं म्ह दूएण ता सअं चेअ वच्चामो // ळीला.१६१
522,
523,सो जेण मज्झ दंसणसिणेहसम्भावणापरिग्गहिओ
524,देइ च्चिअ मह पहुणो तं णिअअकुमारिआरअणं // ळीला.१६२
525,
526,भणिअं पुणो वि सिरिपोट्टिसेण एवंविहम्मि कज्जम्मि
527,ण विरुज्झइ तुह गमणं सिङ्घलदीवाहिवाहुत्तं // ळीला.१६३
528,
529,अह एवं बहुसो मन्तिऊण गोसम्मि णिअअकडआओ
530,सञ्चलिओ परमेसर परिमिअपरिवारपरिअरिओ // ळीला.१६४
531,
532,तो तं सिरिकुलभवणं महुमहवासं दिसावहूणिलअं
533,भुवणपरिहाणिबद्धं व साअरं झत्ति सम्पत्तो // ळीला.१६५
534,
535,पडिछन्दं पिव गअणङ्गणस्स वसुहावरोहसिचअं व
536,रिद्धिं व महापलअस्य जम्मभूमिं व भुवणाण // ळीला.१६६
537,
538,दट्ठुं तम अम्बुरासिं णरवइ परिचिन्तअम्हि हिअएण
539,दुक्खुत्तारो एसो जह भणिओ पोट्टिसेण म्ह // ळीला.१६७
540,
541,दीसइ पडुपवणुग्गअपडिरवपडिपुण्णदसदिसाअक्को
542,हल्लन्तुव्वेल्लमहल्ललहरिमालाउलोल्लोलो // ळीला.१६८
543,
544,णिन्तच्छरो वि रामाणुलङ्घिओ णिव्विसो वि विसमइओ
545,करितुरअवज्जिओ वि हु पडिरक्खियमहिहरुग्घाओ // ळीला.१६९
546,
547,असुरो वि सआ मत्तो मत्तो वि अमुक्कणिअअमज्जाओ
548,मज्जाअसण्ठिओ वि हु विरसो वि सवाणिओ च्चेअ // ळीला.१७०
549,
550,साहेइ जम्मि अज्ज वि पअडो पवअवइसाहसुप्फालो
551,महिमण्डलग्गहत्थो व्व रामचरिआĩ सेउवहो // ळीला.१७१
552,
553,दीसन्ति सिरिसुवासहररइअकुसुमोवआरसारिच्छा
554,वेलावणवीइविइण्णरअणघडिआ तडुच्छङ्गा // ळीला.१७२
555,
556,अज्ज वि तडविअसिअसुरहिकुसुमसन्दोहवासिआसेहĩ
557,वारुणिविणिग्गमो केसरेहĩ साहिज्जए जम्मि // ळीला.१७४
558,
559,लक्खिज्जइ अज्ज वि गुञ्जिरालिउलवलअवाउललएहिं
560,महणुत्तिण्णेरावणमग्गो सत्तच्छअतरूहिं // ळीला.१७४
561,
562,सेविज्जइ सरसोहंसकणइभवणेसु सिद्धमिहुणेहिं
563,जम्मि लवङ्गेलावणपरिमलपरिवासिओ पवणो // ळीला.१७५
564,
565,तत्थ सुरासुरसिरमउडकोडिपरिहट्टपाअवीढङ्कं
566,रामेसरं णमेऊण जाणवत्तं समारूढो // ळीला.१७६
567,
568,अकुलीणे वि सुअम्मे चलणविहूणे वि दच्छपअगमणे
569,बहुगुणमए वि लहुए णीरप्पणए वि बहुसङ्गे // ळीला.१७७
570,
571,तो परिमिअपरिवारो आरूढो एरिसम्मि बोहित्थे
572,जा लङ्घिमो ण उअहिं ता णरवइ एक्कसरिआए // ळीला.१७८
573,
574,उम्मूलन्तो थलतरुवणाĩ आसामुहाĩ पूरन्तो
575,सङ्खोहन्तो दीवन्तराĩ उद्धाइओ पवणो // ळीला.१७९
576,
577,तो सो तुङ्गअराणिलसङ्खोहिअजलपणुल्लणुल्लसिओ
578,पुव्वोवहि सम्पत्तो गोलासरिसङ्गमं पोओ // ळीला.१८०
579,
580,तत्थ वि विसमसिलाअडसञ्चुण्णिअसन्धिबन्धणो सहसा
581,सअखण्ड विसङ्घडिओ असमञ्जसकज्जबन्धो व्व // ळीला.१८१
582,
583,भिण्णम्मि तम्मि पोए सव्वेहĩ वि जाणवत्तिएहĩ अहं
584,एक्कफलए णिसण्णो गोलामुहदारमुवणीओ // ळीला.१८२
585,
586,तत्थ लवणम्बुणिब्भरसोत्तुव्वत्तन्तविम्हलङ्गेण
587,ते जाणवत्तिआ पुच्छिअ म्हि साहेह को कत्थ // ळीला.१८३
588,
589,सिट्ठं च तेहĩ णरवइ अहोमुहत्थं विसण्णवअणेहिं
590,तं तुम्ह परिअणं भट्टउत्त कालेण परिगिलिअं // ळीला.१८४
591,
592,किं कीरइ हअदेव्वाहि जेण तुम्हंविहा वि सप्पुरिसा
593,पावन्ति अहम्मजणोइआĩ वसणाĩ संसारे // ळीला.१८५
594,
595,ता वच्च सरीरधणाण होन्ति सुलहा पुणो वि सव्विहवा
596,तं जह झीणो वि ससी पावइ तं चेअ चिररिद्धिं // ळीला.१८६
597,
598,एवं णरणाह णिसामिऊण तडिवडणदूसहं वअणं
599,कहकह वि मए मच्चूमुहाहि विणिअत्तिओ अप्पा // ळीला.१८७
600,
601,परिचिन्तिअं हि णो ते सहाइणो णेअ ईहिअं कज्जं
602,ण अ सो णिअवक्खेवो ण सामिसम्भावणा ण जसो // ळीला.१८८
603,
604,ण तहा पहाणपरिअणविणासदुक्खं पि दूमए हिअअं
605,जह हिअअसमीहिअकज्जणिप्फलो मह समारम्भो // ळीला.१८९
606,
607,पहुपेसणपत्तट्ठा पारद्धणिरालसेक्कणिव्वहणा
608,परितुलिउव्वूढभरा अण्णे च्चिअ के वि ते पुरिसा // ळीला.१९०
609,
610,अम्हारिसेहĩ कत्तो णअपोरिसबुद्धिदेव्वरहिएहिं
611,सिज्झन्ति महीवइणो एद्दहमेत्ताĩ कज्जाइं // ळीला.१९१
612,
613,परिभाविऊण तह वि हु संसारसुहासुहाĩ णिअहिअए
614,बहु मण्णिअम्हि बोहित्थिएहĩ जं तं समुल्लविअं // ळीला.१९२
615,
616,कुग्गामकाहिलाहĩ वि उवएसो आवईसु को लहइ
617,बुड्डन्ताण तणाĩ वि हत्थवलम्बत्तणमुवेन्ति // ळीला.१९३
618,
619,ता गन्तूण सकडअं पुणो वि अण्णेहĩ णिअसहाएहिं
620,पारद्धकज्जणिव्वहणणिच्छए सज्जिमो अप्पा // ळीला.१९४
621,
622,एवं विच्छूढविसाअणिच्चलं णिअमिऊण णिअहिअअं
623,सञ्चलिओ बोहित्थिअवअणुवइट्ठेण मग्गेण // ळीला.१९५
624,
625,एलावणलवलिलवङ्गपरिमलालिद्धपाअवणिउञ्जं
626,परिलङ्घिऊण जलणिहिकूलासण्णं वणुद्देसं // ळीला.१९६
627,
628,सम्पत्तो सरलतमालतालपीआलसालसञ्छण्णं
629,पुण्णाअणाअकेसरजम्बुकअम्बम्बणिउरुम्बं // ळीला.१९७
630,
631,तं सत्तमुहविहत्तम्बुणिवहणिद्धोअकलिमलुप्पङ्कं
632,कहकह वि देव सुइरेण सत्तगोदावरीभीमं // ळीला.१९८
633,
634,सत्तासासाइअसाअराए गोलाए अवहिओ खेओ
635,गरुए वि महावसणे सहवाससमागआ सुहआ // ळीला.१९९
636,
637,जच्छन्दमज्जणुज्झिअपरिस्समो तं पिणाइणो भवणं
638,भवभूअभआवहरं अल्लीणो तक्खणं चेअ // ळीला.२००
639,
640,सच्चविओ सअलसुरासुरेन्दसिरमउडपडिअचलणजुओ
641,तिउरन्धअगअमअणङ्गणासणो गिरिसुआदइओ // ळीला.२०१
642,
643,तं तिउणतिवेअतिमन्ततइमअं तिअसवन्दिअङ्घिजुअं
644,थोऊण जोअसत्थत्थुईहि भावेण सूलहरं // ळीला.२०२
645,
646,अल्लीणो एक्कं एक्कदेससुहसण्ठिएक्कपासुवअं
647,परलोअपहणिवेसं व मणहरं वरमढाअअणं // ळीला.२०३
648,
649,ता तत्थ सिअजडाहारविणअवेवन्तकन्धराबन्धो
650,वअपरिणामोहामिअलाअण्णविओइआवअवो // ळीला.२०४
651,
652,सुब्भब्भधवलभूईपसाहिओ अक्खमालिआहरणो
653,दिट्ठो भद्दासणकअपरिग्गहो णग्गपासुवओ // ळीला.२०५
654,
655,तो तेण कअपणामस्स मज्झ वेत्तासणं समाइट्ठं
656,अह तत्थ सुहासणकअपरिग्गहो पुच्छिओ कुसलं // ळीला.२०६
657,
658,कत्तोहिन्तो तुम्हे समागआ कत्थ चिन्तिअं गमणं
659,भणिअं च मए भअवं सुतित्थजत्तापसङ्गेण // ळीला.२०७
660,
661,ता तेण समं बहुसो जाओ सत्थत्थसङ्कहालावो
662,चिरपरिचिओ व्व सो मे सणेहभावं समोइण्णो // ळीला.२०८
663,
664,ताव अ णहङ्गणद्धवहसण्ठिए देव दिअसणाहम्मि
665,भणिओ हं तेण महामहेसिणा साअरं बहुसो // ळीला.२०९
666,
667,एत्थम्हेहि महामइ फलमूलाहारिणो दुपव्वइया
668,ण उणेत्थ तुम्ह जोग्गो आहारो कह वि सम्पडइ // ळीला.२१०
669,
670,तह वि हु मुहुत्तमेक्कं उवरुज्झह जा इमाओ भमिऊण
671,आणेमि किं पि विसहह साहीणं भोअणं जं म्ह // ळीला.२११
672,
673,एवं वोत्तूण गओ अच्चासण्णेसु पाअवतलेसु
674,तत्थ मए सच्चविअं अइट्ठउव्वं महच्छरिअं // ळीला.२१२
675,
676,अद्दंसणाए णरवइ फलेहĩ विविहेहĩ वणसईए सअं
677,भरिअं भिच्छावत्तं ण तवाहि दुसम्पडं किं पि // ळीला.२१३
678,
679,अह तेणाहं णरवइ कयकरणीएण ताĩ सरसाइं
680,पाअवफलाĩ सव्वाअरेण भुञ्जाविओ तत्थ // ळीला.२१४
681,
682,अह णहअलट्टभाअट्ठिअम्मि सहस त्ति दिअसणाहम्मि
683,सविसाअं तेण महामहेसिणा णे पुणो भणिओ // ळीला.२१५
684,
685,इह भट्टउत्त णिवसइ रअणिअरो भीसणाणणो णाम
686,सो मं एक्कं मोत्तुं ण देइ अण्णस्स ओवासं // ळीला.२१६
687,
688,ता किं पुण्णेहĩ विणा एक्कं पि णिसं सुहेण ओवासो
689,लब्भइ तुम्हेहĩ समं जहिच्छिअं इह भवाअअणो // ळीला.२१७
690,
691,एसो वि सअलभुवणन्तरालकम्मेक्कसक्खिणो भाणु
692,अइतोरविअतुरङ्गो पेच्छत्थइरिं समल्लिअइ // ळीला.२१८
693,
694,मूलपरिमिलिअरविअरसमोसरन्ती उ परिचअन्ति व्व
695,जणणिप्परिहोज्जं सम्पइ त्ति तरुणो णिअच्छाअं // ळीला.२१९
696,
697,गिरिणो दिणपरिणइसमअपिञ्जराअवपसङ्गपिङ्गङ्गा
698,पेरन्ततरुवणन्तरिअकणअरूअ व्व दीसन्ति // ळीला.२२०
699,
700,दिअसावसाणसिसिरत्तणेण चिरवूढसरसगुरुपङ्का
701,आमुक्कमज्जणा सञ्चरन्ति वणसेरिहसमूहा // ळीला.२२१
702,
703,एक्कं चिअ सलहिज्जइ दिणेसदिअहाण णेहणिव्वहणं
704,आ जम्म एक्कमेक्केहĩ जेहĩ विरहो च्चिअ ण दिट्ठो // ळीला.२२२
705,
706,अहवा किं बहुणा झूरिएण हिअइच्छिआĩ लोअम्मि
707,पुण्णोहĩ विणा ण हु सम्पडन्ति सइ सज्जणाणं पि // ळीला.२२३
708,
709,इअ तेण भणामि तुमं जाव इमो दिअससेसगइसूरो
710,ताव सुवसइं दंसेमि जत्थ वसिओ सुहं जासि // ळीला.२२४
711,
712,भणिअं च मए भअवं किं काही सो णिसाअरो मज्झ
713,एत्थ च्चिअ परिवसिमो तुम्हेहĩ समं जहिच्छाए // ळीला.२२५
714,
715,तो तेण पुणो भणिअं अलमिमिणा जम्पिएण तं तस्स
716,सीलण्णो ण महामइ तेणेम्वविहं पअम्पेसि // ळीला.२२६
717,
718,परिअरिओ रअणिअरो रअणिअरभडाण दससहस्सेहिं
719,सो णिसिसमए दिअवर देवाण वि दुज्जओ समरे // ळीला.२२७
720,
721,एत्थम्ह समासण्णं अच्चन्तमणोहरं सुकुसुमलअं
722,सुप्फलिअपाअवं वरविहङ्गरुअमुहलिअदिअन्तं // ळीला.२२८
723,
724,विविहतरुकणइकिसलअणिरन्तरन्तरिअतरणिकरणिअरं
725,जक्खमहेसिसुआणं कण्णाण तवोवणुज्जाणं // ळीला.२२९
726,
727,ता तत्थ महाणुमई णामं जक्खाहिवस्स पिअतणआ
728,तावसवेसणिसण्णा ण आणिमो केण कज्जेण // ळीला.२३०
729,
730,बीआ वि तारिसि च्चिय सुतावसी कुवलआबली णाम
731,विहिणो विण्णाणवडाइय व्व धूया महामुणिणो // ळीला.२३१
732,
733,ताणेक्कमेक्क दोण्हं पि णेहसन्दाणणिअलिअमईणं
734,समसोक्खदुक्खसम्भावणाए दिअहा अइक्कन्ति // ळीला.२३२
735,
736,ता एहि जा ण रुज्झइ इमाण वअपरिणआण अच्छीण
737,तिमिरेण दिट्ठिपसरो ताव तुमं ताण देसेमि // ळीला.२३३
738,
739,वसिऊण जेण वच्चसि रत्तिं सहस त्ति लद्धवेसम्भो
740,हिअइच्छिअं पएसं कुमरीण तवोवणाहिन्तो // ळीला.२३४
741,
742,अह तेण समं णरवइ सम्पत्तो तं तवोवणुज्जाणं
743,जं पेच्छिऊण पम्हुसइ सुरवरिन्दो वि सट्ठाणं // ळीला.२३५
744,
745,तत्थुच्चफलिहपरिवेसविरइआणेअरअणराइल्लं
746,परिसरतरुकुसुमामोअवासिआसामुहाहोअं // ळीला.२३६
747,
748,वेरुलिअखम्भतोरणविणिवेसिअसालहञ्जिआणिवहं
749,वज्जेन्दणीलमरगअमणिमण्डिअथूहिआबन्धं // ळीला.२३७
750,
751,बहुविहमहग्धमाणिक्ककिरणविच्छुरिअदारमुहसोहं
752,विद्दुमविचित्तसोवाणराइसुणिबद्धसञ्चारं // ळीला.२३८
753,
754,कलहोअविणिम्मिअवसहमण्डवासण्णणन्दिमहआलं
755,दिट्ठं अइट्ठउव्वं भवाणिभवभवणमइरम्मं // ळीला.२३९
756,
757,जं तं. 
758,
759,उप्पअइ व पवणुद्धुअधअवडपेहुणअपरिसरन्तेण
760,उहओवासविणिग्गअतवङ्गपक्खाविआणेणं // ळीला.२४०
761,
762,वाहरइ अ पिअसहअरिपरिकुविआराहणेकमहुरेण
763,णीडब्भन्तरपरिभमिरविविहपारावअरुएण // ळीला.२४१
764,
765,णिव्ववइ व वरसरिजलतुसारपरिअड्ढिआणुभावेण
766,पुरओ पइण्णकमलोवआरपवणच्छडोहेण // ळीला.२४२
767,
768,इअ तस्स कणअदेवालअस्स दाहिणदिसाए अणुलग्गं
769,गोलाणइवअणविसेसयं व रम्मं मढाअअणं // ळीला.२४३
770,
771,तस्सिं च विविहवरकुसुमरेणुरङ्गावलीविराअन्ते
772,माहविलआविआणअलमणहरे मणिसिलावट्टे // ळीला.२४४
773,
774,उवविट्ठं दिट्ठं तावसीअणं हरहुआसखविअस्स
775,अन्तेउरं व कुसुमाउहस्स विरहम्मि गहिअवअं // ळीला.२४५
776,
777,तेणं च परिगआओ तावसवेसेण दो वि दिट्ठाओ
778,अविरिक्कासणसुहसण्ठिआओ जक्खेसिधूआओ // ळीला.२४६
779,
780,एस त्ति महाणुमई एसा सा कुवलआवली एत्थ
781,इअ एव विअप्पन्तो अल्लीणो ताण पासम्मि // ळीला.२४७
782,
783,तो तं तहा मुणिन्दं सहसा दट्ठूण ताहĩ दोहिं पि
784,आमुक्कासणसमुहं दोतिण्णि पआĩ अणुसरिअं // ळीला.२४८
785,
786,दूरोणअसिरकमलाहĩ ताहĩ तह पणमिऊण पक्खित्तो
787,चलणकमलाण पुरओ सुहासणत्थस्स से अग्धो // ळीला.२४९
788,
789,एवमहं पि णराहिव वाआसम्माणजणिअपरिओसो
790,उवविट्ठो दूरासण्णमणहरे मणिसिलावट्टे // ळीला.२५०
791,
792,णिव्वण्णिऊण दोण्णि वि णरवइ परिचिन्तिअम्हि हिअएण
793,स कअत्थो णअणसहस्सपेच्छिरो एत्थ सुरणाहो // ळीला.२५१
794,
795,अणिमिसणअणालोओ सुरलोओ सहइ सम्पइ इमाण
796,णिव्विग्धदंसणं पाविऊण जक्खेसिधूआण // ळीला.२५२
797,
798,सारअमिअङ्कजोण्हाविआणसरिसेहĩ वक्कलजुएहिं
799,कित्तिकमलाओ णज्जइ एक्कठिआओ व्व दीसन्ति // ळीला.२५३
800,
801,तक्कालमन्थणुत्तिण्णसिन्धुफेणोत्थआ णिराहरणा
802,सा एक्क च्चेअ सिरी णज्जइ दोहाइ एत्थ // ळीला.२५४
803,
804,जं ण पहुत्तं से अवअवेहĩ विहिणो विणिम्मअन्तस्स
805,तं थणणिहेण पुञ्जीकअं व बालाए लाअण्णं // ळीला.२५५
806,
807,अह एवं विम्हअगअमणस्स मह तेण ताओ भणिआओ
808,वरतावसीओ मुणिणा भणामि अम्हाण भणिअव्वं // ळीला.२५६
809,
810,एसो गुणरअणमहामहोअही सअलसत्थविइअत्थो
811,विजआणन्दो णामं वरविप्पसुओ सुई सुअओ // ळीला.२५७
812,
813,एत्थेक्कदेसवसिओ तुम्ह पसाएण वच्चइ पहाए
814,हिअइच्छिअं पएसं णिव्वुअहिअओ इमाहिन्तो // ळीला.२५८
815,
816,भणिअं च ताहĩ भअवं स च्चिअ भूमी सुहेहĩ सच्चविआ
817,णिमिसं पि जत्थ एए वसन्ति जे तुम्ह पडिवण्णा // ळीला.२५९
818,
819,तो सो दिण्णासीसो सन्तुट्ठो पडिवहं गओ गुरओ
820,विणएण ताण पुरओ अहं पि सुविसत्थमासीणो // ळीला.२६०
821,
822,तो ताहĩ समं बहुसो जहोइअं पेसलं पअम्पन्तो
823,ताव ट्ठिओ णराहिव जाव त्थइरिं गओ सूरो // ळीला.२६१
824,
825,केत्तिअमेत्तं सञ्झाअवस्स सेसं ति दंसणत्थं व
826,आरूढा तिमिरचर व्व वासतरुसेहरं सिहिणो // ळीला.२६२
827,
828,भणिअं म्ह महाणुमईए साअरं भट्टउत्त णिसुणेसु
829,एसो समाहिसमओ सम्पइ समुवट्ठिओ अम्ह // ळीला.२६३
830,
831,ता तुम्हेहि महामइ सुविसत्थं कुवलआवलीए समं
832,अच्छह मुहुत्तमेत्तं धम्मकहासुहविणोएण // ळीला.२६४
833,
834,एवं भणिऊण गआ समाहिभवणोअरं महाणुमई
835,सविसेससमप्पिअहिअअभावझाणट्ठिआ तत्थ // ळीला.२६५
836,
837,अह सा मए णराहिव विणओणअवअणदाविअमणेण
838,परिसण्ठिअवेसम्भं सब्भावं पुच्छिआ सुमई // ळीला.२६६
839,
840,भअवइ विरुद्धमेवंविहं म्ह सहस त्ति तुम्ह पच्चक्खं
841,गुरुअणकओवहासं भणिउं फरुसक्खरं वअणं // ळीला.२६७
842,
843,तह वि हु तुवरेइ पणट्ठसुमरणा लहुइआसअं हिअअं
844,ता जइ खेअं ण मणम्मि होइ ता कहसु किं णेअं // ळीला.२६८
845,
846,एम्वविहे वअविहवे एम्वविहाए वि रूअसोहाए
847,एम्वविहं तवचरणं एम्वविहो तवोवणो वासो // ळीला.२६९
848,
849,तो तं सोऊण ममाहि तक्खणं खुहिअलोअणजलेण
850,सिप्पन्तथणहरुच्छङ्गवक्कलं तीए उल्लविअं // ळीला.२७०
851,
852,भाउअ किं तुह इमिणा दुस्सोअव्वेण सम्पइ सुएण
853,अणहिअकम्माणम्हाण हअकहासंविहाणेण // ळीला.२७१
854,
855,भणिऊण तीए भणिअं भाउअ पढमम्मि दंसणे च्चेअ
856,तीरन्ति णेअ कस्स वि सहसा कहिउं रहस्साइं // ळीला.२७१अ
857,
858,णिअसुहदुहगुणदोसा तह अ विसेसेण णिअअगुज्झाइं
859,अमुणिअसीलसहावे जणम्मि किं कह कहिज्जन्ति // ळीला.२७२
860,
861,तह वि जइ महसि सोउं ता सुव्वउ अत्थि तिअससुहवासो
862,कुलमहिहराण पढमो मेरु त्ति तिलोअविक्खाओ // ळीला.२७३
863,
864,कणअसिलाअडपक्खलिअसन्दणुप्पाअविम्हलङ्गेहिं
865,दुक्खेहĩ जस्स कीरइ पआहिणं रवितुरङ्गेहिं // ळीला.२७४
866,
867,हरवसइसिङ्गविलिहणवसपसरिअकणअरअपिसङ्गेहिं
868,अविहाविएक्कमेक्कं णिवसिज्जइ दिग्गइन्देहिं // ळीला.२७५
869,
870,गरुलणहकुलिसविउडिअकणअसिलावट्टसुहणिसण्णेहिं
871,परिपिज्जइ जत्थ जहिच्छिआसवं सिद्धमिहुणेहिं // ळीला.२७६
872,
873,छम्मुहसिहण्डितण्डवमणोहरुज्जाणकअणिवासेहिं
874,गिज्जइ मारुअमअमुइअमाणसं किण्णरगणेहिं // ळीला.२७७
875,
876,णिसुणिज्जइ जत्थ विरिञ्चिहंससंलावसद्दसंवलिआ
877,सत्तरिसिसामणिग्धोसमासला तुम्बुरालत्ती // ळीला.२७८
878,
879,सुविसट्टपारिआअअपसूअमअरन्दमउइअपहम्मि
880,तुरिअं पिअसङ्गमलालसाहĩ सइ गम्मइ पिआहिं // ळीला.२७९
881,
882,मज्जन्तेरावणदाणगन्धलुद्धागआलिमुहलेहिं
883,कञ्चणकमलेहĩ जहिं परिहावं लहइ णवर सिरी // ळीला.२८०
884,
885,तस्सिं पसण्डिसेले दाहिणसाणूसु रिद्धिसम्पुण्णा
886,सुलसा णामेण पुरी सुरेसवसईसमब्भहिआ // ळीला.२८१
887,
888,तत्थ अ विजाहरेन्दो हंसो णामेण तिअसविक्खाओ
889,तस्स वि चित्ताणुगआ पउमा णामेण पिअजाआ // ळीला.२८२
890,
891,उअरुब्भवाओ तिस्सा दोण्णि सुधूआओ दंसणीआओ
892,एक्काए वसन्तसिरी सरअसिरी णाम बीआए // ळीला.२८३
893,
894,दोण्हं पि ताण गुरुअणसम्पत्तसुहोवएससुहिआण
895,देवाराहणकअणिच्छआण दिअहा अइक्कन्ति // ळीला.२८४
896,
897,एवं केलासमहीहरम्मि गोरीहराण सइ पुरओ
898,वीणाविण्णाणगुणोवलद्धपसराओ वच्चन्ति // ळीला.२८५
899,
900,अण्णम्मि णिसाविरमे ताहĩ तहिं चेअ भाउअ गआहिं
901,दिट्ठो पणच्चमाणो हेरम्बो सरहसावअवो // ळीला.२८६
902,
903,भुअइन्दफणामणिकिरणजालविच्छुरिअविअडवच्छअलो
904,गण्डअलपलोट्टुद्दामदाणलुद्धालिरवमुहलो // ळीला.२८७
905,
906,विसरिसकरणवसुक्खित्तथोरकरकलिअपरसुबीहच्छो
907,सवणावअंससिअसप्पविड्डरिल्लाणणाहोओ // ळीला.२८८
908,
909,णवपारिआअपल्लवपसूणमण्डलिअविअडकुम्भअडो
910,दसणेक्ककोडिसम्पत्तपोक्करामुक्कसुङ्कारो // ळीला.२८९
911,
912,तड्डविअकण्णपल्लवपच्छाइअदसदिसावहाहोओ
913,पअभरपासल्लिअमहिहरेक्कदेसट्ठिअगणोहो // ळीला.२९०
914,
915,तो तं सव्वाअरसुहपणच्चिरं भअवअं गणाहिवइं
916,उवहसिउं सरअसिरीए सणिअसणिअं समुल्लविअं // ळीला.२९१
917,
918,उअ अम्महे इमाए विरूअसोहाए णच्चइ गणेसो
919,देवा वि अप्पसम्भावगव्विआ केण वि गुणेण // ळीला.२९२
920,
921,तो तेण सोवहासं वअणं उवलक्खिऊण कुविएण
922,सरअसिरीए अदअं दिण्णो सावो गणेसेण // ळीला.२९३
923,
924,जह वच्च दुव्विणीए णिवससु पच्चन्तमाणुसे लोए
925,पावेसु जोव्वणुम्माअतुङ्गतरुणो फलं पावे // ळीला.२९४
926,
927,तं वज्जवडणसविसेसदूसहं गअमुहाहि सोऊण
928,दुव्वअणं भअवसवेविराहĩ सो ताहĩ विण्णत्तो // ळीला.२९५
929,
930,भअवं तिलोअपूइअ मा कुप्पसु परिअणो खु णे तुम्ह
931,ता किर कुडिलेण विणा ण विरुज्झइ गुरुअणे हासो // ळीला.२९६
932,
933,णेत्थम्ह भावदोसो उवहसणिज्जो तुमं ण लोअस्स
934,कीस मुहा णिअसङ्कप्पलहुअभावं समुव्वहसि // ळीला.२९७
935,
936,कस्स तुमं उवहासो को वा सो तिहुअणे वि जो तुम्ह
937,अहिअअरो अहिभूसण जेणम्हविहाओ सावेसि // ळीला.२९८
938,
939,जह णम्ह भावदोसो ईसिं पि सुरासुरेन्दणअचलण
940,तह होज्ज साणुअम्पो जम्मे जम्मे तुमं चेअ // ळीला.२९९
941,
942,अह ताण दोसरहिअं हिअअं उवलक्खिऊण तक्कालं
943,तक्खणणिअत्तरोसेण पभणिअं विग्घणाहेण // ळीला.३००
944,
945,जह वच्च मच्चलोए वि तंसि हिअइच्छिआĩ सोक्खाइं
946,पाविहसि माणुसाओ सरअसिरि मह प्पसाएणं // ळीला.३०१
947,
948,जइआ विज्जाहरसिद्धजक्खगन्धव्वमाणुसाणं च
949,एक्कत्तो संवलिआण वअणकमलाĩ पेच्छिहसि // ळीला.३०२
950,
951,तइआ विमुक्कसावा पुणोवि विज्जाहरत्तणं पुत्ति
952,लहिहिसि एवं भणिए अद्दंसणमुवगआ बाला // ळीला.३०३
953,
954,इअरा वि भअवआ गअमुहेण भणिआ मअच्छि मा रुअसु
955,हिअइच्छिअं वरं तं पि मह पसाएण पाविहिसि // ळीला.३०४
956,
957,एवं सा लद्धवरा वि कुलहरं णिअसहोअरीविरहे
958,दुक्खेहĩ सदुक्खं भट्टउत्त रुइरी गआ बाला // ळीला.३०५
959,
960,दूराओ च्चिअ दट्ठूण सहिअणं गुरुअणं च रुइरीए
961,सिट्ठं माआपिउणो णीसेसं गअमुहुल्लविअं // ळीला.३०६
962,
963,तं तह सोऊण विमुक्कबाहधारं सुपडिरुअन्तेण
964,भणिअं हंसेण अहो ण तेण जुत्तं कअं पहुणा // ळीला.३०७
965,
966,जं तीए बालभावाविसट्टबुद्धीए मुद्धकुमरीए
967,उवरि णिहित्तो सावो जाणन्तेणावि गणवइणा // ळीला.३०८
968,
969,अहवा ण तस्स दोसो एअं सहस त्ति दुकअकम्मफलं
970,परिणमिअं सरअसिरीविओअदुक्खच्छलेणम्ह // ळीला.३०९
971,
972,एवं भणिऊण चिरं सच्चविअं बाहमइलिअकवोलं
973,वअणं घणघडिअमिअङ्कबिम्बसरिसं सजाआए // ळीला.३१०
974,
975,भणिअं च पिए किं सोइएण इमिणा असोअ णीएण
976,जं जह भविअव्वं होइ तं तहा देव्वजोएण // ळीला.३११
977,
978,किन्तु अजुत्तं कीरइ तं चिअ अम्हेहĩ मूढहिअएMहिं
979,अणुसीलिअं फलं तेण अज्ज एवंविहं पत्तं // ळीला.३१२
980,
981,सव्वाउ च्चिअ कुमरीओ कुलहरे जा ण हुन्ति तरुणीओ
982,ताव च्चिअ सलहिज्जन्ति ण उण णवजोव्वणारम्भे // ळीला.३१३
983,
984,ता देमि वसन्तसिरी कस्स व सच्चविअगुणविसेसस्स
985,वामाहि वि वामअरो वच्चइ जा णम्ह हअदेव्वो // ळीला.३१४
986,
987,ण उणो धूआए समं चित्तक्खणअं जणस्स जिअलोए
988,हिअइच्छिओ वरो तिहुअणे वि दुलहो कुमारीणं // ळीला.३१५
989,
990,एवं बहुसो परिजम्पिऊण सविसेसवड्ढिअविसाओ
991,गहिओ सुलसाहिवई वरलम्भोवाअचिन्ताए // ळीला.३१६
992,
993,तो तं विसण्णवअणं वरलम्भोवाअवड्ढिअविसाअं
994,दट्ठूण वसन्तसिरीए चिन्तिअं ताव णिअहिअए // ळीला.३१७
995,
996,ओ गरुअसिणेहोसरिअसोक्खवसकाअरेण हिअएण
997,चिन्ताभरं समुव्वहइ मज्झ दोसेण जं ताओ // ळीला.३१८
998,
999,ता किं इमिणा दुसमीहिएण वीवाहमङ्गलेणम्ह
1000,सव्वाĩ मि एवविहाĩ होन्ति सुहिआण सोक्खाइं // ळीला.३१९
1001,
1002,को हसइ को व गाअइ को णच्चइ को सवेइ मेहुणअं
1003,सरअसिरीए विउत्तो विरसो एसो म्ह वीवाहो // ळीला.३२०
1004,
1005,तह वि हु अप्पवसाओ ण हवन्ति कुमारिआओ अलमहवा
1006,णिच्चिन्तो ताओ दे करेमि हेरम्बवअणेण // ळीला.३२१
1007,
1008,जं तं तइआ भणिअं देवेण दआलुणा गणेसेण
1009,तस्सेसो सम्पइ वरसमीहणोवट्ठिओ कालो // ळीला.३२२
1010,
1011,ता किं बहुएहĩ मि चिन्तिएहĩ णलकूवरो वरो होउ
1012,वित्ताहिवस्स तणओ गअमुह मह तुह पसाएण // ळीला.३२३
1013,
1014,तो सो हेरम्बवरप्पहावपक्खित्तविअसिअमुहस्स
1015,हंसस्स धणअतणओ सहस त्ति उवट्ठिओ हियए // ळीला.३२४
1016,
1017,तो मित्तबन्धुपरिअणमएण सा तेण तस्स णिअतणआ
1018,णलकूवरस्स दिण्णा समुअं विज्जाहरेन्देणं // ळीला.३२५
1019,
1020,तेणावि तस्स पिउणा सप्परिओसेण वित्तणाहेण
1021,पडिवज्जिऊण बहुसो पडिच्छिआ कुसुममाल व्व // ळीला.३२६
1022,
1023,अण्णम्मि दिणे बहुविहविमाणमालाउलम्बरसिरीए
1024,अणुसप्पन्तो सहसा सुलसं णलकूवरो पत्तो // ळीला.३२७
1025,
1026,तत्थ सुरसिद्धकिण्णरविज्जाहरजक्खरमणिणिवहेण
1027,परिआलिओ पगिज्जन्तमङ्गलो सुमइ परिणीओ // ळीला.३२८
1028,
1029,अह णिव्वत्तविवाहो पडिवहगमणेक्कवट्टिअजवेण
1030,कलरवरणन्तकिङ्किणिमुहलविमाणाण णिवहेण // ळीला.३२९
1031,
1032,सम्पत्तो णिअवसइं तत्थ जहिच्छं सुहं वसन्तस्स
1033,एस त्ति महाणुमई णामं धूआ समुप्पण्णा // ळीला.३३०
1034,
1035,किं भणइ धणअकुलसम्भवा वि एवंविहे वि वअविहवे
1036,णिअआआरविरुद्धं अणुहवइ इमं महादुक्खं // ळीला.३३१
1037,
1038,तं जाणिसि च्चिअ तुमं सव्वाण वि दुद्धगन्धिअमुहीण
1039,जाअन्ति जहिच्छाआरमणहरा कुलहरे दिअहा // ळीला.३३२
1040,
1041,जहसण्ठिअ जहपरिभमिअ रमिअ जच्छन्द जम्पिअ जहिच्छं
1042,जह तह सव्वत्थ सलाहणिज्ज बालत्तण णमो ते // ळीला.३३३
1043,
1044,जेणेसा वि जहिच्छं कणआअलमणहरेसु देसेसु
1045,सहिआअणेण समअं दिअहं ण विरज्जइ रमन्ती // ळीला.३३४
1046,
1047,अण्णम्मि णिसाविरमे भणिआहमिमीए पिअसहि अउव्वो
1048,मलआअओ वि अम्हाण ता तहिं किं ण वच्चम्ह // ळीला.३३५
1049,
1050,चन्दणअरुसिहरारूढमाहवीवरलआअलन्दोले
1051,सिद्धकुमारीहि समं रमिऊण समागमिस्सामो // ळीला.३३६
1052,
1053,भणिअं च मए पिअसहि इमाउ अलआउरीसआसाओ
1054,अण्णो वि कोवि बहुगुणमणोहरो अत्थि उद्देसो // ळीला.३३७
1055,
1056,तद्दिअसासण्णपरूढहिअअवेसम्भवड्ढिअरसाए
1057,सग्गो च्चिअ लहुओ सहि भणामि णिअजम्मभूमीए // ळीला.३३८
1058,
1059,तह वि जइमहसि गन्तुं जलणिहिजलभरिअकन्दराहोअं
1060,लवलिलवङ्गेलालअवणगहणमणोहरं मलअं // ळीला.३३९
1061,
1062,ता जाण सुरेसदिसावहूए सूरो वि राअमुव्वहइ
1063,ता वच्चम्ह पहुप्पन्ति जेण सव्वाĩ रमिआइं // ळीला.३४०
1064,
1065,तो तोरविअविमाणाउ तक्खणं णियसहीयणेण समं
1066,सञ्चलिआओ णहङ्गणसमीरविहुआलआलीओ // ळीला.३४१
1067,
1068,पत्ताओ णिअअपरिणाहभरिअदक्खिणदिसामुहाहोअं
1069,जलणिहिवेलारअणोवआरकअपरिअरं मलअं // ळीला.३४२
1070,
1071,दिणअरफुरिअणिअम्बं सिहरपहोलन्तबहलतमधूमं
1072,डहिऊण जअं पुञ्जइअ सण्ठिअं पलअजलणं व // ळीला.३४३
1073,
1074,चन्दणकप्पूरलवङ्गसङ्गसिसिरेहĩ णिज्झरजलेहिं
1075,वडवाणलपज्जलिअस्स जलहिणो कुणइ सेअं व // ळीला.३४४
1076,
1077,गुरुसिहरावडणविसट्ठणिज्झरप्पवहसीअरच्छाओ
1078,सहइ सिलाअलसङ्घाअघोलिरो तारआणिअरो // ळीला.३४५
1079,
1080,अन्तोरमन्तसुरसिद्धमिहुणमहुलेसु जत्थ ण विसन्ति
1081,पत्तललआहरेसुं लज्जाअन्ति व्व रविकिरणा // ळीला.३४६
1082,
1083,सेविज्जन्ति विअम्भिअणिअडाअवभअभुअङ्गमामुक्का
1084,आसण्णदिणहरोहंसपाअवा सिद्धमिहुणेहिं // ळीला.३४७
1085,
1086,अवि अ. 
1087,
1088,सुरवहुकड्ढिअहिअकुसुममुक्कपलहूससन्तकप्पलअं
1089,चन्दणविडवन्दोलणसुहसीअलपसरिअसमीरं // ळीला.३४८
1090,
1091,मरगअकडअविणिग्गअजरढत्तणणिव्वडन्ततणणिवहं
1092,फलिहसिलाअलपसरिअफंसमुणिज्जन्तणइसोत्तं // ळीला.३४९
1093,
1094,जलहरजलविच्छोलिअसुहिअसुहासीणमुणिअणसमूहं
1095,सिहरन्तरिअणहङ्गणपच्छाइअदसदिसाहोअं // ळीला.३५०
1096,
1097,इअ विविहमणहरुज्जाणकणइभवणालिरइअपेरन्तं
1098,सुरसिद्धसुहणिवासं अच्चन्तमणोहरं मलअं // ळीला.३५१
1099,
1100,अह तस्स महागिरिणो णिअम्बभाएक्कदेसकअसोहं
1101,बहुविहतरुकुसुमामोअवासिआसं वरुज्जाणं // ळीला.३५२
1102,
1103,सुपसत्थविविहविहगउलरावसंवलिअभमररवमुहलं
1104,मुहलालिमुहविसट्टन्तकुसुमवससुरहिगन्धवहं // ळीला.३५३
1105,
1106,गन्धवहपरिमलालिद्धपूगसन्दोहमन्दवइवेढं
1107,वइवेढासण्णणवम्बलुम्बिलम्बन्तकइणिवहं // ळीला.३५४
1108,
1109,कइणिवहविहण्डिअपउरफलरसासारसित्ततरुमूलं
1110,तरुमूलपइट्ठिअपुप्फलाइपरिपूइआणङ्गं // ळीला.३५५
1111,
1112,इअ विविहवेल्लिवेल्लहलपल्लवन्तरिअतरणिकरणिअरं
1113,रइवम्महवासहरं व मणहरं महिहरुज्जाणं // ळीला.३५६
1114,
1115,तस्स वि मज्झुद्देसे विचित्तमणिकुट्टिमङ्गणं भवणं
1116,जं पेच्छिऊण देवा वि णिअघराणं विरज्जन्ति // ळीला.३५७
1117,
1118,तस्स भवणस्स पुरओ मणहरमणिकुट्टिमे सुहासीणा
1119,उज्जाणवणसिरी विव एक्क च्चिअ बालिआ दिट्ठा // ळीला.३५८
1120,
1121,वीणाविणोअवसवलिअकन्धरुद्धच्छिपेच्छिरीए तहिं
1122,सच्चविअं म्ह विमाणं णहमग्गपरिट्ठिअं तीए // ळीला.३५९
1123,
1124,भणिअं च णिबद्धञ्जलिपणामपडिवण्णहिअअसब्भावं
1125,अब्भुट्ठाणमविम्हरिअविणअमहुरक्खरं वअणं // ळीला.३६०
1126,
1127,अवअरह भअवईओ णिअपअकमलोवआरकअसोहं
1128,पेच्छह एअं उज्जाणभवणअं णन्दणवणं व // ळीला.३६१
1129,
1130,तो तीए वअणपरिओसवसविअम्भन्तभाववेसम्भं
1131,हिअअं चिअ अवअरिअं पच्छा सणिअं विमाणं म्ह // ळीला.३६२
1132,
1133,अह तत्थ सुहासणकअपरिग्गहं भट्टउत्त अम्हेहिं
1134,सा पुच्छिआ जुआणी सुन्दरि साहेह का तं सि // ळीला.३६३
1135,
1136,कस्सेसो विविहविचित्तपत्तविच्छित्तिपलहुओ हत्थो
1137,कस्स व इमाउ वरवल्लईओ सुसराउ दीसन्ति // ळीला.३६४
1138,
1139,कस्स व णीसेसकलाकलावसंसूअआĩ एआइं
1140,वत्तणफलआĩ विचित्तवत्तणावट्टलिहिआइं // ळीला.३६५
1141,
1142,कस्स व इमाĩ दरिआरिदप्पदलणोइआĩ दीसन्ति
1143,विविहाउहाĩ सुन्दरि चन्दणचच्चिक्करइआइं // ळीला.३६६
1144,
1145,कस्स व एसो दीसइ सरजन्ते सुअणु पोत्थअणिहाओ
1146,कस्सेअं साहसु विस्सअम्मवासं व वरभवणं // ळीला.३६७
1147,
1148,तं तह सोऊण ममाहि तीए भाउअ पुणो समुल्लविअं
1149,भअवइ सुणेह सीसइ जइ तुह कोऊहलं एअं // ळीला.३६८
1150,
1151,एत्थत्थि मलअमहिहरसिहरोवरि सुप्पबद्धपाआरा
1152,बहुविहतरुकुसुमामोअवासिआसेसपेरन्ता // ळीला.३६९
1153,
1154,सिद्धङ्गणाणणम्बुरुहसिरिविलासोवसोहिअणिवेसा
1155,अमरजणलोहणिज्जा महापुरी केरला णाम // ळीला.३७०
1156,
1157,तत्थ सुराहिवई विव सिद्धाहिवई तिलोअविक्खाओ
1158,मलआणिलाहिहाणो मेरु व्व अलङ्घिअत्थामो // ळीला.३७१
1159,
1160,तस्स वि चित्ताणुगआ कमला णामेण पढमपिअजाआ
1161,तिस्सा एक्को च्चिअ माहवाणिलो णाम पिअतणओ // ळीला.३७२
1162,
1163,तस्सेअं उज्जाणं विज्जाभवणं विणिम्मिअं पहुणा
1164,मलआणिलेण पिअसुअसिणेहसम्बद्धहिअएण // ळीला.३७३
1165,
1166,अहमेत्थ तस्स उज्जाणवालिआ माहवीलआ णाम
1167,आ जम्ममेक्कपंसूपकीलिआ णवर तेण समं // ळीला.३७४
1168,
1169,एवं सोऊण मए भणिआ सा भट्टउत्त धण्णासि
1170,जिस्सा मलअणिवासम्मि एरिसी सामिसम्पत्ती // ळीला.३७५
1171,
1172,भणिअं पुणो वि माहविलआए भअवइ तुमं पि सासाहेह
1173,के तुम्हेत्थम्हाणं सहलीकअजीअलोआओ // ळीला.३७६
1174,
1175,सिट्ठं च मए तिस्सा सुन्दरि एवंविहाउ अम्हे वि
1176,अन्दोलणसुहकोऊहलेण मलअं पवण्णाओ // ळीला.३७७
1177,
1178,तो तीए सरहसुप्फुल्लणअणवअणाए अम्ह उल्लविअं
1179,एसो सो दोलहरो रमह जहिच्छाए ता एण्हिं // ळीला.३७८
1180,
1181,ताव महाणुमईए सहसा भणिआओ णिअवअंसीओ
1182,अन्दोलह ता तुम्हेत्थ होइ जेणम्ह परिवाडी // ळीला.३७९
1183,
1184,तो पढमअरन्दोलणदोहलआलुङ्खिएक्कभावाहिं
1185,परिआलिज्जइ छणवम्महो व्व बालाहĩ दोलहरो // ळीला.३८०
1186,
1187,कीए वि पढमसङ्गममणोरहुक्कण्ठिआए व पिआए
1188,अक्कम्मइ पेम्मपरव्वसाए दइओ व्व दोलहरो // ळीला.३८१
1189,
1190,सो तीए सुरअरसलालसाए मज्जाविऊण तह रमिओ
1191,जह अण्णाण वि बहुसो विसेसरमिअव्वओ जाओ // ळीला.३८२
1192,
1193,इअ वारोसारन्दोलिरीहĩ भणियं चिरेण अम्हं पि
1194,रमिअं एत्थ जहिच्छं सम्पइ दे रमह तुम्हे वि // ळीला.३८३
1195,
1196,ता अम्हेहĩ वि भाउअ तत्थ जहिच्छाए कीलिऊण चिरं
1197,आसीणाओ तहिं चिअ पुणो वि मणिकुट्टिमुच्छङ्गे // ळीला.३८४
1198,
1199,जा इर मुहुत्तमेत्तं वीसमिउं पडिवहं पवज्जामो
1200,तो सो सिद्धकुमारो तत्तो च्चिअ आगओ सहसा // ळीला.३८५
1201,
1202,तो सव्वाहĩ मि सव्वाअरेण एसो त्ति सो भणन्तीहिं
1203,सच्चविओ जक्खकुमारिआहĩ कोऊहलेण चिरं // ळीला.३८६
1204,
1205,तो पढमपरोक्खणुराइरीहĩ बालाहĩ सच्चविज्जन्तो
1206,अल्लीणो मह माहविलआए समअं समीवम्मि // ळीला.३८७
1207,
1208,तो दूरकअपणामो भाउअ भणिओ मए वि सो तत्थ
1209,होहि जहिच्छिअकामो जिअसु चिरं बन्धवेहĩ समं // ळीला.३८८
1210,
1211,भणिअं च तेण भअवइ जं महसि तुमं म्ह किं पि तं होउ
1212,णूणं सव्वाĩ मि मङ्गलाĩ अज्ज म्ह जाआइं // ळीला.३८९
1213,
1214,अज्जे अज्ज कअत्था एसा तिअसेसरस्स वि दुलङ्घा
1215,जो तुम्ह चलणकमलोवआरराअङ्किआ भूमी // ळीला.३९०
1216,
1217,एवं तेण भणन्तेण तत्थ वलिअच्छिणा मुहं दिट्ठं
1218,सहस त्ति महाणुमईए साहिलासच्छिविच्छोहं // ळीला.३९१
1219,
1220,ववएसविवत्तन्तेक्कणेत्तपेरन्तपेच्छिअव्वेहिं
1221,पुणरुत्तं तेण सकोउएण दिट्ठा महाणुमई // ळीला.३९२
1222,
1223,तं च सविलासकोमलघडन्तपडिलक्खलोअणं दिट्ठं
1224,दट्ठूण महाणुमईए रूवसोहा समारूढा // ळीला.३९३
1225,
1226,ता फुरिअविलासं सुन्दरं पि सविसेससुन्दरं जाअं
1227,किसलअपसाहिआए सकुसुममङ्गं लआए व्व // ळीला.३९४
1228,
1229,आणन्दबाहपरिपूरिआĩ जाआĩ तक्खणं चेअ
1230,अवसाअसलिलसित्ताĩ कुवलआइं व णअणाइं // ळीला.३९५
1231,
1232,पसरइ विसट्टपम्हन्तरालपरिलुलिअतारआहोआ
1233,हिअआहिलाससुहतरुलअ व्व परिकोमला दिट्ठी // ळीला.३९६
1234,
1235,पुणरुत्तमुम्मुहा होन्ति सज्झसूसासपाविअविसेसा
1236,थणआ लज्जोणअवअणकमलउण्णामणत्थं व // ळीला.३९७
1237,
1238,णिअआवेअपणोल्लणविसमसमुव्वेल्लमाणपाउरणा
1239,पअडन्ति दंसणत्थं व थणजुअं सरलणीसासा // ळीला.३९८
1240,
1241,अङ्गं पविअम्भिअपुलअजालसङ्गलणमासलं सहइ
1242,अन्तोसव्वङ्गविसन्तदइअदिण्णुण्णइगुणं व // ळीला.३९९
1243,
1244,सेअकणोहो रेहइ भङ्गुरतिवलीतरङ्गरिङ्गन्तो
1245,लाअण्णसलिलणिब्भरथणअलसाणं व णीसन्दो // ळीला.४००
1246,
1247,परिसरपरिसण्ठिअसहिसमूहलज्जाणिरोहणित्थामा
1248,तंसवलिआ किलम्मइ वम्महपडिपेल्लिआ दिट्ठी // ळीला.४०१
1249,
1250,पडिलक्खभग्गपसरं तस्स वि णिमिसन्तरं जुआणस्स
1251,पडिरक्खिअहिअआवेअलाहवं घडइ णअणजुअं // ळीला.४०२
1252,
1253,तो सो इमीए मुहअन्दचन्दिमासारसलिलसिप्पन्तो
1254,सव्वङ्गं रोमञ्चच्छलेण णेहो व्व अङ्कुरिओ // ळीला.४०३
1255,
1256,ता दोण्हं पि परोप्परमणरक्खणधीरसण्णिरुद्धाइं
1257,असमत्तालोअणदोहलाĩ तम्मन्ति णअणाइं // ळीला.४०४
1258,
1259,दोण्हं पि पढमदंसणवसपसरिअसरसकोमलविलासं
1260,दोलायमाणसङ्गममणोरहं वेवए हिअअं // ळीला.४०५
1261,
1262,इअ एव मए उवलक्खिऊण भणिआ हला महाणुमई
1263,परिणमइ दिणं गमणम्मि सुअणु किं कीरइ विलम्बो // ळीला.४०६
1264,
1265,एवं भणिऊण विचिन्तिअम्हि अण्णोण्णसाणुराआण
1266,कज्जुज्जुआण हिअए अण्णं पासट्ठिआणम्ह // ळीला.४०७
1267,
1268,अह सो मए वि भणिओ कुमार एसोम्ह परिणओ दिअसो
1269,को लहइ तुम्ह दंसणसुहस्स अमअस्स व पमाणं // ळीला.४०८
1270,
1271,धण्णा ते जाण तुमं अहणिसि पच्चक्खदंसणो सि सआ
1272,अम्हं पि इहागमणेण अज्ज सहलो इमो जम्मो // ळीला.४०९
1273,
1274,ता एक्कमेक्क तुम्हम्ह वसइगमणागमेण एत्ताहे
1275,अणुसीलिओ पवड्ढइ णेहो जह तह करेअव्वो // ळीला.४१०
1276,
1277,एत्थम्ह महादिट्ठीविसेहĩ णाएहĩ वोमआरीहिं
1278,दूसञ्चारो मग्गो होही अत्थङ्गए सूरे // ळीला.४११
1279,
1280,तेण भयं मह हिअए परिणमिओ वासरो विसज्जेह
1281,दिअसस्स को वि कालो कुमार णे सम्मरेज्जासु // ळीला.४१२
1282,
1283,भणिअं च तेण भअवइ तुम्हेहि समं असङ्किआलावो
1284,पुण्णमइआण काण वि जाअइ इह जीअलोअम्मि // ळीला.४१३
1285,
1286,ता अलमवरेण पअम्पिएण एअं म्ह जं तए सिट्ठं
1287,ता सोहणं कअं विसहराण मा भाह एत्ताहे // ळीला.४१४
1288,
1289,एसो खु पुरा भअवइ देवाण वि दुक्खसञ्चरो मलओ
1290,आसि महाविसणाओवरुद्धचन्दणवणाहोओ // ळीला.४१५
1291,
1292,दुप्परिहोज्जाĩ विहाविऊण ताएण सिद्धलोअस्स
1293,चन्दणवणाĩ अहिलङ्घिआĩ आराहिओ गरुलो // ळीला.४१६
1294,
1295,तेणेसो मह पिउणो दिण्णो णाआरि णाम अङ्गुलिओ
1296,गेण्हह पहवन्ति ण जेण तुम्ह ते विसहरा गअणे // ळीला.४१७
1297,
1298,अच्छन्तु ताव ते वोमआरिणो जे रसाअले णाआ
1299,ताण वि विसं पणासइ दंसणवहसण्ठिओ एसो // ळीला.४१८
1300,
1301,भणिअं च मए ओप्पह कुमार एसो इमीए कुमरीए
1302,हत्थाहत्थुवणीओ णीसेसविसावहो होइ // ळीला.४१९
1303,
1304,एवं सोऊण सलज्जवअणसङ्गलिअसेअसलिलेण
1305,उवलक्खासङ्कणिरुद्धभावणिहुअं मणे हसिअं // ळीला.४२०
1306,
1307,तो हत्थफंससुहलालसेण अप्पा समप्पमाणेण
1308,वामेण दाहिणं पीडिऊण हत्थेण से हत्थं // ळीला.४२१
1309,
1310,णिमिओ कणिट्ठजेट्ठङ्गुलीए सुइरेण तेण अङ्गुलिओ
1311,तह जह अम्हेहĩ मि एक्कमेक्कणिहुअं मणे हसिअं // ळीला.४२२
1312,
1313,तो तस्स मिअङ्कस्स व करफंससमुग्गएण सेएण
1314,ससिमणिघडिआ वाउल्लिअ व्व वारीमई जाआ // ळीला.४२३
1315,
1316,तो तक्खणविविहविलाससोहसुपसाहिअं सरीरं से
1317,अमयमअं पिव घडिअं विअम्भमाणेण मअणेण // ळीला.४२४
1318,
1319,तो सज्झसवसपरिवेविरीए अवलम्बिऊण कण्ठम्मि
1320,सा माहवीलआ भट्टउत्त भणिआ इमीए तहिं // ळीला.४२५
1321,
1322,किं भणिमो सहि सव्वोवआरणिब्बाहिरं म्ह तइँ समअं
1323,हिअअं तहा वि भण्णसि एक्कसि मं सच्चविज्जासु // ळीला.४२६
1324,
1325,अह साअरेहĩ बहुसो सिणेहमइएहĩ सोवआरेहिं
1326,वअणेहĩ महाणुमईए णत्थि तं जं ण सा भणिआ // ळीला.४२७
1327,
1328,भणिअं च तीए सामिणि मा एवं भणसु मह मणो चेअ
1329,तुह चलणकमलदंसणसमूसुओ कीस गरुएसि // ळीला.४२८
1330,
1331,इअ एवं भणिरीए लग्गइ कण्ठम्मि दढअरं जा से
1332,ता सो सिद्धकुमारो मण्णइ आलिङ्गिओ त्ति अहं // ळीला.४२९
1333,
1334,तो अलआगमणसुहङ्करेहĩ वअणेहĩ तोसिआए तहिं
1335,दिण्णो इमीए तिस्सा भाउअ थूलामलो हारो // ळीला.४३०
1336,
1337,एवं तं तत्थ विसज्जिऊण माहविलअं समुच्चलिआ
1338,णिअअविमाणाहुत्तं सव्वेण वि परिअणेण समं // ळीला.४३१
1339,
1340,सहिअणतोरविआए वि ण चलइ समअं पहाविआ तत्तो
1341,अणिअत्तन्तं चित्तं पडिवालइ अणुगआ दिट्ठी // ळीला.४३२
1342,
1343,मा गम्मउ त्ति उअआरकमलसङ्कामिलन्तमुहलेहिं
1344,चलणालग्गेहĩ खणं णिरुम्भमाण व्व भमरेहिं // ळीला.४३३
1345,
1346,अल्लिअइ जा विमाणं अहं पि से तं तह च्चिअ कुमारं
1347,आउच्छिऊण सुइरं सहस त्ति विमाणमारूढा // ळीला.४३४
1348,
1349,हिअआणुवालणाधाविएहĩ णअणेहĩ तद्दिसाहुत्तं
1350,अलअं उप्पुट्ठमुहीओ कह वि अम्हेहि पत्ताओ // ळीला.४३५
1351,
1352,ताव अ विअडणहङ्गणगमणवसाआसविअलिअंसुभरो
1353,णित्थामो अवरमहीहरेन्दसिहरं गओ सूरो // ळीला.४३६
1354,
1355,आमुक्कगअणमग्गो जणस्स दिट्ठीए लङ्घिओ सूरो
1356,सिढिलिअणिअसण्ठाणा गरुआ वि पराहवमुएन्ति // ळीला.४३७
1357,
1358,अत्थाअन्तो वि हु अत्थसिहरिणा धारिओ सिरेण रवी
1359,सूरो वि पच्छिमाए दसाए जणवल्लहो होइ // ळीला.४३८
1360,
1361,उव्वहइ अत्थसेलो परिसरपरिसेसपलहुअमऊहं
1362,परिपिङ्गकेसरड्ढं कञ्चणकमलं व रविबिम्बं // ळीला.४३९
1363,
1364,दंसणजोग्गं पि रहङ्गमिहुणदुव्विसहदंसणं जाअं
1365,बिम्बं विअडणहासोअकुसुमगुञ्छारुणं रविणो // ळीला.४४०
1366,
1367,णवरि अ कमेण जलणिहिवेलाजलविलुलिओ समोसरइ
1368,तडपूइअरुद्दजवापसूअपुञ्जो व्व दिवसअरो // ळीला.४४१
1369,
1370,रविणिवडणविहडिअजलहिसलिलपाअडिअरअणकन्ति व्व
1371,सङ्गलणमासला णहअलम्मि सञ्झा समुल्लसिआ // ळीला.४४२
1372,
1373,कालपरिणामसिढिलस्स सहइ णहतरुफलस्स दिणवइणो
1374,अत्थइरिसिलावडणुच्छलन्तरससच्छहा सञ्झा // ळीला.४४३
1375,
1376,जाअं पविरलतिमिराणुविद्धसञ्झापहापरिक्खित्तं
1377,मअभिण्णसामलीगण्डवासकसणारुणं गअणं // ळीला.४४४
1378,
1379,ओहुत्तगरुअदिवसअरबिम्बभरकड्ढिआ इव मिलन्ति
1380,गोरेणुसंवलिज्जन्ततिमिरकलुसा दिसाहोआ // ळीला.४४५
1381,
1382,मुहघडिअविअडरविकणअपिण्डभारोणअग्गभाएण
1383,कसणतुलादण्डेण व तमेण गअणे समुल्लसिअं // ळीला.४४६
1384,
1385,जामिणिवअणं वसुआअथोअपरिकसणकुङ्कुमच्छाअं
1386,सञ्झावसेससंवलिअविरलतिमिरप्पहं सहइ // ळीला.४४७
1387,
1388,रविकण्णिअम्मि विअडे मउलाअन्तम्मि दिवससअवत्ते
1389,उड्डीणभमरणिअरो व्व पसरिओ तिमिरसङ्घाओ // ळीला.४४८
1390,
1391,वेढिज्जइ णिअडोसहिविडवे व्व रविम्मि कालपरिणमिए
1392,णहचन्दणरुक्खो कसणविसहरेणं पिव तमेण // ळीला.४४९
1393,
1394,सूराअवकमलवणम्मि मउलिए फुरिअतारआकुमुअं
1395,दरदिट्ठतिमिरसलिलं जाअं सरसण्णिहं गअणं // ळीला.४५०
1396,
1397,रविणिवडणविहडिअजलहिसलिलमग्गुग्गएण णीसेसं
1398,वडवाणलधूमेण व तमेण पच्छाइअं गअणं // ळीला.४५१
1399,
1400,तो सजलजलहराहĩ व विणिम्मिओ अलिउलाहĩ उप्पण्णो
1401,कलअण्ठिकण्ठकसणो पवट्टिओ तिमिरसङ्घाओ // ळीला.४५२
1402,
1403,तममअमिव गअणअलं अञ्जणणिम्मज्जिआओ व दिसाओ
1404,कोसिअरुआणुमेअं जाअं वणराइतरुगहणं // ळीला.४५३
1405,
1406,अह दीसिउं पअत्ता सेलन्तरिअस्स रअणिणाहस्स
1407,पढमुल्लसन्तपरिविअडधवलरहधअवडच्छाआ // ळीला.४५४
1408,
1409,दीसइ पेरन्ते तमभरस्स परितलिणससहरालोओ
1410,सअणट्ठिअमहुमहरुद्धसेसदुद्धोवहिजलं व // ळीला.४५५
1411,
1412,उम्मुहफुरन्तपविरलससिकिरणालिहणकब्बुरो सहइ
1413,तमणिवहो तंसोसरिअणिज्झरो विञ्झसेलो व्व // ळीला.४५६
1414,
1415,तो जाआ उअअन्तरिअससहरारुणमऊहविच्छुरिआ
1416,कुविआहिसारिआअम्बदिट्ठिभिण्ण व्व पुव्वदिसा // ळीला.४५७
1417,
1418,एत्थन्तरम्मि एसा णीसेसं सहिअणं विसज्जेउं
1419,वासहरमुवगआ मअणबाणपहराउरावयवा // ळीला.४५८
1420,
1421,ताव अहं पि चिरागमणसङ्कपरिवेविरेण हिअएण
1422,अम्बाए वसन्तसिरीए पाअमूलं समल्लीणा // ळीला.४५९
1423,
1424,भणिआ अ पुत्ति किं तुम्ह अज्ज णिअमन्दिरं पि विरिअं
1425,तो कहसु कत्थ रमिअं किं वा भमिअं चिरं जेण // ळीला.४६०
1426,
1427,सिट्ठं च मए अम्बम्हि अज्ज मलआअलम्मि रमिआओ
1428,चन्दणतरुसिहरारूढमाहवीकणइडोलहरे // ळीला.४६१
1429,
1430,जं तुम्ह पाअमूलं एण्हिं ण समागआ महाणुमई
1431,तं सुइरन्दोलणखेअसङ्गसुढिआĩ अङ्गाइं // ळीला.४६२
1432,
1433,एवं सोऊण अहं अम्बाए विसज्जिआ तहिं चेअ
1434,णवर ण दिट्ठा एसा तत्थ मए वासभवणम्मि // ळीला.४६३
1435,
1436,परिचिन्तिअम्हि अव्वो कत्तो सा मअणबाणतविअङ्गी
1437,अच्छइ विणा वि अम्हेहĩ जाणिअं अहव किं अण्णं // ळीला.४६४
1438,
1439,जह एवं विवससरीरचलणवलिविसमभङ्गुरं सअणं
1440,एवं च एत्थ कुसुमोवआरमलिअं कुदेसअलं // ळीला.४६५
1441,
1442,तह सअणाओ भूमी भूमीओ पुणो वि सङ्गआ सअणं
1443,सअणाहि वि चन्दमऊहसीअलं भवणमारूढा // ळीला.४६६
1444,
1445,परिचिन्तिऊण एअं सिणेहवसकाअरेण हिअएण
1446,बहुसो परिभावन्ती मणिभवणमहं समारूढा // ळीला.४६७
1447,
1448,तावअ उअअधराहरसिहरट्ठिअससिमऊहभिज्जन्तो
1449,पइसरइ गुहाविवरन्तरेसु सो तिमिरसङ्घाओ // ळीला.४६८
1450,
1451,णिम्मलताराकुसुमोवसोहिअं उअअसेलसिहराहिं
1452,पसरिअमऊहवक्खो ससिहंसो णहसरं विसइ // ळीला.४६९
1453,
1454,दीहमुणालेहĩ व पसरिएहĩ किरणेहĩ पिअइ हरिणङ्को
1455,भुअणन्तरालसरमज्झसण्ठिअं तमजलुप्पीलं // ळीला.४७०
1456,
1457,पिअविरहे जलणाअन्ति ससिअरा इअ कहेइ अम्हाणं
1458,घरदीहिआए सङ्कुइअकमलमुहमण्डला णलिणी // ळीला.४७१
1459,
1460,पविरलदंसणसीलेण होइ पेम्मं सुदूसहं इमिणा
1461,इअ कलिऊण व णलिणी ससिसङ्गपरम्मुही जाआ // ळीला.४७२
1462,
1463,तं वम्महबाणणिसाणवट्टअं ससहरं णिएऊण
1464,परिचिन्तिअम्हि हिअए विसविसमो विरहिणीण इमो // ळीला.४७३
1465,
1466,तो तत्थ मए एसा दुव्विसहाणङ्गबाणतविअङ्गी
1467,फलिहमणिकुट्टिमुच्छङ्गसङ्गआ झत्ति सच्चविआ // ळीला.४७४
1468,
1469,उवसप्पिऊण पासं हत्थेहĩ परव्वसाĩ अङ्गाइं
1470,परिमासिऊण भणिआ पिअसहि कीसेरिसो ताओ // ळीला.४७५
1471,
1472,कीस तुमं सहि एअं सेज्जाहरअं तहिं पमोत्तूण
1473,इह फलिहसिलामणिकुट्टिमङ्गसङ्गं पवण्णासि // ळीला.४७६
1474,
1475,किं वा एअं उज्जाणकुसुमसन्दोहसीअलं पवणं
1476,अग्घाअन्ती पिअसहि ऊससिअव्वं पि विम्हरसि // ळीला.४७७
1477,
1478,किं वा बहुकुसुमासवपाणपमत्तालिबहलझङ्कारं
1479,सोऊण सज्जडक्कं व झत्ति अङ्गं समुक्खिवसि // ळीला.४७८
1480,
1481,ससहरकरणिअरालुङ्खिआĩ सिसिरे वि सिज्जमाणाइं
1482,णिच्चेट्ठाĩ पओसे पिअसहि किं वहसि अङ्गाइं // ळीला.४७९
1483,
1484,सासङ्कमुक्कणीसाससेससंरोहमोहविवसङ्गी
1485,किं पुणरुत्तपवत्तणविसण्ठुलं कुणसि सअणीअं // ळीला.४८०
1486,
1487,आसण्णपरिअणालावसङ्किरी किं पअम्पसि मअच्छि
1488,अविहाविअक्खरत्थं पडिवअणमिणं असम्बद्धं // ळीला.४८१
1489,
1490,बहुविहविअप्पचिन्ताणिफ्फन्दब्भन्तरुग्गअंसुजलं
1491,कीस उण अणिमिसच्छं अलद्धलक्खं पलोएसि // ळीला.४८२
1492,
1493,अद्धुक्खित्तविसण्ठुलबाहुलआमूलफुसिअपत्तङ्कं
1494,वअणं अइरुग्गअचन्दबिम्बसरिसं किमुव्वहसि // ळीला.४८३
1495,
1496,सरसारविन्दकेसरपराअपरिपिञ्जरे थणुच्छङ्गे
1497,वसुआइ दिण्णमेत्तं मअच्छि हरिअन्दणं कीस // ळीला.४८४
1498,
1499,इअ कीस तुमं णूमेसि मज्झ णिअहिअअवेअणावेअं
1500,सीसन्तं लहुईहोइ होइ गरुअं असीसन्तं // ळीला.४८५
1501,
1502,तो तं इमीए आअण्णिऊण लज्जावसोणअच्छिजुअं
1503,भणिअं ण णिण्हविज्जइ किं पुण एवंविह असन्तं // ळीला.४८६
1504,
1505,जं अणुइअं कुमारीअणस्स लज्जापसाहिअकुलस्स
1506,तं सविसेसं पिअसहि मह हअहिअएण पारद्धं // ळीला.४८७
1507,
1508,तं कह णु तुम्ह सीसइ कह व ण सीसइ असाहणिज्जं पि
1509,तह वि चिररक्खिअं पि हु कहिअव्वं तुज्झ ता सुणसु // ळीला.४८८
1510,
1511,तं सिद्धकुमारं पेच्छिऊण एएहĩ सहि अणज्जेहिं
1512,अविणअमग्गं हअलोअणेहĩ णीअम्हि किं भणिमो // ळीला.४८९
1513,
1514,जाणन्ती वि हु पियसहि दूरविरुद्धं कुमारभावस्स
1515,तह वि हअवम्महेणं अलज्जिराणं धुरे जुत्ता // ळीला.४९०
1516,
1517,जं तेण मज्झ सहि एरिसो वि सअलाहिविसविणासयरो
1518,गरुलपसाओ णिक्कारणं पि दिण्णो हसन्तेण // ळीला.४९१
1519,
1520,तं चेअ तस्स पिअसहि उअआरमहत्तणं भरन्तीए
1521,सहवड्ढिआणुराआ सिणिद्धअं भावअन्तीए // ळीला.४९२
1522,
1523,सीलं कुलं सहावं विज्जाविणअं अणूणअगुणं च
1524,बहुसो परिचिन्तन्ती अविणअमग्गं समोइण्णा // ळीला.४९३
1525,
1526,ता इह तुम्हं पि असाहिऊण लज्जापणट्ठसब्भावा
1527,एअं चन्दाणिलसङ्गसीअलं किर समारूढा // ळीला.४९४
1528,
1529,ता एएहĩ दुपेच्छेहĩ तिक्खकरवत्तवअणसरिसेहिं
1530,सविसेसं सन्तविआ खलेहĩ सहि चन्दकिरणेहिं // ळीला.४९५
1531,
1532,एआओ चन्दकिरणेहĩ अज्ज पज्जालिआओ व दिसाओ
1533,उज्जाणे गन्धवहा वि अज्ज विसलेविआ एन्ति // ळीला.४९६
1534,
1535,ता साहसु सन्तावो कम्मि पएसम्मि फिट्टइ गआण
1536,मअणमहाणलणडिआण दुकयकम्माण अङ्गाण // ळीला.४९७
1537,
1538,भणिअं च मए पिअसहि सव्वं एवं भणन्ति अण्णे वि
1539,एसो मअणुम्माओ ण तरिज्जइ रक्खिउं कह वि // ळीला.४९८
1540,
1541,अण्णं तं णूमिज्जइ एअं पुण सुअणु वम्महरहस्सं
1542,पअडिज्जन्तं ण तहा गुप्पन्तं जह फुडीहोइ // ळीला.४९९
1543,
1544,एवं भणिऊण मए भाउअ सरिसेहĩ णलिणिवत्तेहिं
1545,कप्पूरोहंसमुणालसीअलं विरइअं सअणं // ळीला.५००
1546,
1547,तेण वि से सन्ताओ जा ण गओ भट्टउत्त उवसामं
1548,अवलोइअं सुभीआए तो मए दक्खिणाहुत्तं // ळीला.५०१
1549,
1550,ता झत्ति णहअलागमणखेअपरिसुढिअवअणतामरसा
1551,सा माहवीलआ भट्टउत्त सहस त्ति सम्पत्ता // ळीला.५०२
1552,
1553,तो सरहसाए वद्धाविऊण आलिङ्गिआ मए पढमं
1554,पच्छा इमीए भाउअ पुलअणिविच्चेहĩ अङ्गेहिं // ळीला.५०३
1555,
1556,अह तं इमीए भुअजुअविक्खेवविहित्तपल्लवं सअणं
1557,माहविलआए दट्ठूण सलहिओ ताव पञ्चसरो // ळीला.५०४
1558,
1559,पच्छा सुरपाअवकुसुमसेहरो तालवत्तलेहो अ
1560,परिउट्ठवअणकमलाए अप्पिओ दइअदूईए // ळीला.५०५
1561,
1562,अह सो इमीए पिअअमकरकमलपसङ्गलद्धमाहप्पो
1563,सहस त्ति सहरिसाए पओहरोवरि परिट्ठविओ // ळीला.५०६
1564,
1565,अह सो मए वि सहसा परिओसुप्फुल्ललोअणमुहीए
1566,अणिसामिअवअणप्पाहणाए सो वाइओ लेहो // ळीला.५०७
1567,
1568,सत्थि मलआअलाओ सुन्दरि तुह माहवाणिलो लिहइ
1569,लेहं समुच्चअत्थं भावेज्जसु किं खु बहुएण // ळीला.५०८
1570,
1571,इमिणा वि णवपओहरपसङ्गसुहसीअलेण हारेण
1572,ण समिज्जइ तुहदंसणसंव्वङ्गगओ अणङ्गग्गी // ळीला.५०९
1573,
1574,तं सोऊण इमीए णिहुअणिबद्धञ्जलीए पञ्चसरो
1575,हिअएणं चिअ णमिओ णमन्तणअणुप्पलजुआए // ळीला.५१०
1576,
1577,तावअ ममं पि माहविलआए सिट्ठो कुमारसन्देसो
1578,जह तुम्ह सविणअं माहवाणिलो अम्ब विण्णवइ // ळीला.५११
1579,
1580,ण तुअं उवआरप्पाहणाण विसओ ण लोअवअणाण
1581,तह वि हु भणामि णण्णो तुम्हाण पियङ्करो अम्ह // ळीला.५१२
1582,
1583,सो सुपएसो सो च्चिअ सुवासरो सो सुलोअणालोओ
1584,सो सुमुहुत्तो जत्थ अ पुणो वि तुम्हेहि दीसिहिह // ळीला.५१३
1585,
1586,भणिअं च मए सहि माहवीलए कहसु केण कज्जेण
1587,बहु मण्णिओ अणङ्गो तए वि तह विम्भिअमणाए // ळीला.५१४
1588,
1589,भणिअं च तीए भअवइ जेण कुमारो वि तम्मि सुपएसे
1590,तुम्हगुणसङ्कहासत्तमाणसो अच्छिओ दिअसं // ळीला.५१५
1591,
1592,ता अत्थसेलसङ्केअसङ्गसुहसमिअदिअससन्ताओ
1593,अणुराअणिब्भरो वारुणीए अवगूहिओ सूरो // ळीला.५१६
1594,
1595,जाआ सिहरसमारूढविविहविहगउलबहलिअदलोहा
1596,तामसगलन्तपरितलिणबद्धतिमिरा तरुग्घाआ // ळीला.५१७
1597,
1598,सञ्झाअवदवदड्ढं पलित्तणक्खत्तखण्णुअं सहसा
1599,तिमिरमसिमइलिआसं जाअं रण्णं व गअणअलं // ळीला.५१८
1600,
1601,णिण्णासिअसअलासामुहेण उप्फुसिअलोअसोहेण
1602,सहस त्ति अन्तएण व तमेण गिलिअं व भुवणअलं // ळीला.५१९
1603,
1604,ता उवहिणिमज्जन्तद्धतिअसगअकुम्भविब्भमाहोअं
1605,अद्धुग्गआरुणं ससहरस्स बिम्बं समुल्लसिअं // ळीला.५२०
1606,
1607,सुरसुन्दरिसमअकवोलवासपरिपिञ्जरारुणच्छाआ
1608,पसरइ थोआरुणमण्डलस्स जोण्हा मिअङ्कस्स // ळीला.५२१
1609,
1610,मन्दरधुअजलणिहिफेणपुञ्जभिण्णं तमालगहणं व
1611,जाअं फुरन्तपविरलमिअङ्ककरकब्बुरं तिमिरं // ळीला.५२२
1612,
1613,दीसइ परिकोमलससिमऊहदन्तुरिअतलिणिअतमोहं
1614,कलहोअरसिअमरगअकुट्ठिमभूमिप्पहं गअणं // ळीला.५२३
1615,
1616,दीसइ उअअधराहरसिहरट्ठिअससिमऊहभिज्जन्तो
1617,दरसिढिलिअणिम्मोओ कसणभुअङ्गो व्व गअणवहो // ळीला.५२४
1618,
1619,ताव अ सिअजरढाअन्तससिअरुप्फुसिअतिमिरवडलाओ
1620,जाआओ दुद्धसाअरवेलाधोआओ व दिसाओ // ळीला.५२५
1621,
1622,दरविहडिअवअणविणिन्तगन्धलुद्धालिगणसणाहाइं
1623,कुमुआĩ ससहरक्कन्ततिमिरभरिआĩ व फुडन्ति // ळीला.५२६
1624,
1625,रअणिअरकरोवग्गणभिज्जन्तुव्वरिअतिमिरसेसाइं
1626,सरणागआĩ मलओ रक्खइ व गुहाहरुत्थाइं // ळीला.५२७
1627,
1628,सअलेण भुवणपरिपाअडेण णिव्वविअसअललोएण
1629,अकुणन्ती णलिणी चेअ वञ्चिआ सङ्गमं ससिणा // ळीला.५२८
1630,
1631,ता दुल्लहलम्भजणाणुराअरसमउइअम्मि ओअद्धा
1632,हिअअम्मि से कुमारस्स ससिअरा कुसुमबाण व्व // ळीला.५२९
1633,
1634,तो सो विसट्टवरकुसुमगन्धविसधारिओ विअ कुमारो
1635,तत्तो च्चिअ तुम्हालुङ्खिआए भूमीए सुणिसण्णो // ळीला.५३०
1636,
1637,दूसहसन्तावपरव्वसो वि तब्भूभिफंससुहलुद्धो
1638,सव्वङ्गिअं णिसण्णो णेच्छइ णलिणीदलत्थुरणं // ळीला.५३१
1639,
1640,णिज्जइ णिसाए चन्दो णिसा वि चन्देण दोहि मि अणङ्गो
1641,मअणेण वि से विरहो दूरं तेणावि सन्तावो // ळीला.५३२
1642,
1643,सो वम्महसरपसराउरम्मि हिअअम्मि विणिहिओ हारो
1644,णिव्वूढसरेण व वम्महेण पासो व्व से खित्तो // ळीला.५३३
1645,
1646,इमिणा णिसाअरेण व णिसाअरेणज्ज से णिसंसेण
1647,अङ्गाĩ तक्खणं चिअ कआĩ चम्मट्ठिसेसाइं // ळीला.५३४
1648,
1649,तो सो अणिमिसिअच्छं अलद्धलक्खं चिरं पलोअन्तो
1650,अब्भत्थेइ मिअङ्कं पवणं चं चेअ उज्जाणं // ळीला.५३५
1651,
1652,हंहो मिअङ्क हो पवण हो वरुज्जाण रक्खह पिआए
1653,अङ्गाĩ सरसतामरसपम्हमउआĩ मह हिअए // ळीला.५३६
1654,
1655,तं तह सोऊण मए भणिअं सहसा कुमार अलमिमिणा
1656,असमञ्जसेण भणिएण कत्थ सा पिअअमा एत्थ // ळीला.५३७
1657,
1658,कीस तुमं अप्पाणं विम्हरिओ जेण जम्पसि असन्तं
1659,दुल्लहलम्भाĩ समावडन्ति कालेण पेम्माइं // ळीला.५३८
1660,
1661,अण्णं च एत्थ सुव्वइ कामावत्था वि बहुविहा होइ
1662,सा इर कमेण कामीअणस्स अङ्गे समारुहइ // ळीला.५३९
1663,
1664,पढमण्णोण्णालोअणसन्दीविअमणहिलासपरिओसो
1665,परिओसाहि वि जाअइ आलावो को वि उहआण // ळीला.५४०
1666,
1667,आलाववइअराणन्तरं च चिन्ता मणम्मि सण्ठाइ
1668,चिन्तिज्जन्तो पसरइ सज्जीवधणुद्धरो कामो // ळीला.५४१
1669,
1670,तक्कालुक्कण्ठाणिब्भरेहĩ परिआणिऊण कज्जगइं
1671,हिअआĩ दूइवअणेहĩ दिण्णगहिआĩ कीरन्ति // ळीला.५४२
1672,
1673,दूइसमागमसन्तुट्ठहिअअपरिभाविओ गुणुग्धाओ
1674,तद्दिअसिअं गुणिज्जइ सहीहĩ समअं अणिट्ठन्तो // ळीला.५४३
1675,
1676,गुणकित्तणाणुराओसुआण मिहुणाण मुक्कसन्देहो
1677,जो तह समागमो सो भणामि किर कस्स सारिच्छो // ळीला.५४४
1678,
1679,सव्वङ्गणिव्वुइअरो सो अण्णो सत्तमो रसो को वि
1680,आसाइज्जइ जो पढमपेमपिअसङ्गमाहिन्तो // ळीला.५४५
1681,
1682,तं सत्थेसु ण सुव्वइ अगोअरं तं महाकईणं पि
1683,जं किं पि सुहं णवसङ्गमम्मि दइओ जणो कुणइ // ळीला.५४६
1684,
1685,तह सम्भोअसुहाहि मि वेसम्भो होइ एक्कमेक्काण
1686,वेसम्भाओ णेहो णेहाओ पवड्ढुए पणओ // ळीला.५४७
1687,
1688,पणअम्मि पमाणपवड्ढिअम्मि केणावि दिव्वजोएण
1689,जो होइ विप्पलम्भो सो दुसहो पेम्मपरिणामो // ळीला.५४८
1690,
1691,तं सि उणो इह दंसणमेत्तेणं चेअ एरिसावत्थो
1692,जाओ मअणमहाणलसन्तावपरव्वसावअवो // ळीला.५४९
1693,
1694,तो तेणाहं भणिआ बहुजम्पिरि भणसु तं सि ण गआ सि
1695,थिमिआलसवलिअद्धच्छिपेच्छिअव्वाण दिट्ठिवहं // ळीला.५५०
1696,
1697,जं तीए तुज्झ भणिअं तं जइ मणअम्पि किं पि सम्भरसि
1698,ता वच्च मा हु एवंविहाĩ उल्लवसु एत्ताहे // ळीला.५५१
1699,
1700,इअ एवमहं भणिऊण तेण भअवइ विसज्जिआ एत्थ
1701,सम्पइ दिट्ठं वच्चामि तुम्ह पअपङ्कअचउक्कं // ळीला.५५२
1702,
1703,भणिअं च मए सुन्दरि एवं णिअसामिणो भणिज्जासु
1704,मज्झ वअणेण बहुसो जह सो णण्णं विअप्पेइ // ळीला.५५३
1705,
1706,भण्णसि णीसेसपसिद्धसिद्धसिरमउडघडिअचलणस्स
1707,मलआणिलस्स तणओ सज्जणणिसमुब्भवो तं सि // ळीला.५५४
1708,
1709,एसा वि महाणुमई जम्मि कुले जाणसि च्चिअ तुमं पि
1710,कं सेसं जं सीसइ वअविहवाआरसीलाण // ळीला.५५५
1711,
1712,ता एसो अण्णोण्णाणुसरिसविण्णाणराअसंवाओ
1713,पुण्णमइआण काण वि जाअइ इह जीअलोअम्मि // ळीला.५५६
1714,
1715,ता णिअताअं पडिबोहिऊण एअं कुमारिआरअणं
1716,सव्वाअरं वरिज्जउ उहआण वि उहअलोअसुहं // ळीला.५५७
1717,
1718,भणिअं च तओ माहविलआए अम्बम्ह तुम्हि जं भणह
1719,एत्ताहे देवी देउ किं पि सन्देसअं पइणो // ळीला.५५८
1720,
1721,भणिअं च महाणुमईए ईसिलज्जापरात्तिअमुहीए
1722,अइउज्जुआसि पिअसहि किमहं जाणामि सन्दिसिउं // ळीला.५५९
1723,
1724,सोक्खाĩ तुमाहिन्तो तत्तो णिद्दा तुमाहि मे जीअं
1725,पिअसङ्गमं तइन्तो जं जाणसि तं कुणिज्जासु // ळीला.५६०
1726,
1727,अह एवं गहिअत्था अम्हसआसाओ सा गआ दूई
1728,अम्हे वि अ तिस्सा गुणगणाणुगहणे पअत्ताओ // ळीला.५६१
1729,
1730,तो ववगआए तीए बहुविहचिन्ताविअप्पसन्धमिओ
1731,सविसेसं पज्जलिओ इमीए हिअए अणङ्गसिही // ळीला.५६२
1732,
1733,तत्तो मुहुत्तमेत्तं णिरुद्धणीसासणिच्चलच्छीए
1734,णिव्वाहिऊण भाउअ इमीए सम्पइ समुल्लविअं // ळीला.५६३
1735,
1736,सहि सिट्ठं जं माहविलआए जं चम्ह तेण सन्दिट्ठं
1737,तस्स तए अणुसरिसं ण किञ्चि अप्पाहिअं वअणं // ळीला.५६४
1738,
1739,मा मह हआए दोसेण दूसहं माणसं वहन्तस्स
1740,अण्णं पि किम्पि होही सविसेसं जं इमाओ वि // ळीला.५६५
1741,
1742,तेणाहं पज्जाउलिअमाणसा एहि मलअसेलम्मि
1743,वच्चम्ह देमि अप्पाणमप्पणो च्चेअ सहि तस्स // ळीला.५६६
1744,
1745,ण सहइ कालक्खेवो हिअअं मह मअणहुअवहपलित्तं
1746,तस्स वि सन्देहगअं जीअं णिसुअं चिअ तए वि // ळीला.५६७
1747,
1748,भणिअं च मए पिअसहि णिसुअं दिट्ठं सअं च अणुहूअं
1749,दुच्चरिअं हअकुसुमाउहस्स किं मज्झ साहेसि // ळीला.५६८
1750,
1751,पेरिज्जन्तो पुव्वक्कएहĩ कम्मेहĩ केहि मि वराओ
1752,सुहमिच्छन्तो दुल्लहजणाणुराए जणो पडइ // ळीला.५६९
1753,
1754,दुल्लहसमागमुद्दूमिआण कामीण जं समावडइ
1755,दुक्खेण तेण परवसणपेच्छिरो डज्झउ अणङ्गो // ळीला.५७०
1756,
1757,जेहĩ दइअं ण णाअं अणाअदुक्खा सुहीण ते पढमा
1758,जाणं चिअ पिअविरहो जाणसु दुक्खीण ते पढमा // ळीला.५७१
1759,
1760,दुक्खघडिराण खणविहडिराण विरहावसाणविसमाण
1761,दुप्परिअल्लाण रसं धण्णा ण मुणन्ति पेम्माण // ळीला.५७२
1762,
1763,तह वि हु मा तम्म तुमं मा झूरसु मा विमुञ्च अप्पाणं
1764,को देइ हरइ को वा सुहासुहं जस्स जं विहिअं // ळीला.५७३
1765,
1766,जह सम्बज्झन्ति गुणा अणुरज्जइ परिअणो जणो जह अ
1767,जह गुरुअणो पसंसइ तह कीरउ एरिसं कज्जं // ळीला.५७४
1768,
1769,विरसाĩ जाĩ पमुहे अमअरसाअन्ति जाĩ परिणामे
1770,कज्जाĩ ताĩ सुविआरिआĩ ण जणे हसिज्जन्ति // ळीला.५७५
1771,
1772,तेण हि भणामि पिअसहि सच्छन्दा होइ जा जए कण्णा
1773,सा लोअणिन्दणिज्जा अम्हारिसिआ विसेसेण // ळीला.५७६
1774,
1775,णलकूबरस्स धूवा वसन्तसिरिउअरसम्भवा तं सि
1776,ता कह काहिसि पिअसहि जणवअणिज्जं असावण्णं // ळीला.५७७
1777,
1778,अप्पाणमप्पण च्चिअ दिज्जइ अपरिग्गहाहĩ वरईहिं
1779,कुमरीण महाकुलसम्भवाण मग्गो च्चिअ ण होइ // ळीला.५७८
1780,
1781,किं जह मए वि एअं अणुहूअं चेअ तुज्झ साहेमि
1782,अवसरवडिअं पिअसहि अवहिअहिअआ णिसामेह // ळीला.५७९
1783,
1784,आसि पसाहिअचउजलहिवलअरसणावसुन्धराणाहो
1785,णिण्णासिआरिवक्खो राआ विउलासओ णाम // ळीला.५८०
1786,
1787,आसाअरेक्कछत्तङ्कवसुमई आदिवङ्गणालच्छी
1788,आभुअणजअसिरी जस्स खग्गमग्गे चिरं वसिआ // ळीला.५८१
1789,
1790,सो तीए असन्तुट्ठो णरणाहो एक्कभुवणलच्छीए
1791,दाऊण णिअअरज्जं णीसेसं दिअवराण गओ // ळीला.५८२
1792,
1793,सुरसरिजलसिसिरतुसारसित्ततरुकुसुमवासिअदिअन्ते
1794,तुहिणाअलस्स कडए महातवं चरिउमाढत्तो // ळीला.५८३
1795,
1796,तत्थासङ्खं कालं मूलफलाहारणिव्वुअसरीरो
1797,मअविहगउलसहावो वक्कलवसणो सिलासअणो // ळीला.५८४
1798,
1799,पत्तहरकअणिवासो णीसङ्गो जा तहिं तवं चरइ
1800,ता भीएणाणत्ता सुरवइणा सुरवहू रम्भा // ळीला.५८५
1801,
1802,रम्भे वणगहणपरिट्ठिअस्स वेत्तासणस्स वरमुणिणो
1803,गन्तूण कुणसु विग्धं उग्गतवासत्तहिअअस्स // ळीला.५८५अ
1804,
1805,सुरवइलद्धाएसा वरवअणा झत्ति सहरिसावयवा
1806,सम्पत्ता वणगहणे कअणिअमो वरमुणी जत्थ // ळीला.५८५भ
1807,
1808,ता सुरवहुदंसणचालिअम्मि मुणिवरमणाम्मि मअणग्गी
1809,पज्जलिओ तवतरुडहणलालसो मोहघअसित्तो // ळीला.५८५छ
1810,
1811,सा किअचिरं पि कालं तेण समं मअणमोहिअमणेण
1812,अच्छन्ती उअरवई जाआ परिओसिअसुरेसा // ळीला.५८६
1813,
1814,तिस्साहं तिहुअणसुन्दरीए रम्भाए उअरसम्भूआ
1815,सा मं पसूइसमए मोत्तूण दिव समारूढा // ळीला.५८७
1816,
1817,अह ताएण वि पिअसहि जणणिविउत्तं ति मं कलेऊण
1818,अब्भत्थिआओ वणदेवआओ सव्वाअरेण तहिं // ळीला.५८८
1819,
1820,तो ताहĩ फलरसामअरसेण सन्तप्पिआ अहं ताव
1821,जा जाआ तम्मि तवोवणम्मि पअचारिणी णिरुआ // ळीला.५८९
1822,
1823,वक्कलकुप्पासावरिअविग्गहा पोत्तजीविआहरणा
1824,मअसावएहि समअं बालक्कीलासुहं पत्ता // ळीला.५९०
1825,
1826,दिअहेहĩ केत्तिएहĩ विमुक्काहं तेण बालभावेण
1827,ताअपअपङ्कआराहणम्मि उवसप्पिआ बुद्धी // ळीला.५९१
1828,
1829,आणेमि कन्दमूलप्फलाĩ विविहाĩ तरुपसूआइं
1830,सम्मज्जणोवलेवणकम्मक्खणएण सन्तुट्ठा // ळीला.५९२
1831,
1832,अण्णम्मि णिसाविरमे बहुविहवरविडवकुसुमलोहेण
1833,सुविसट्टपाअवं वरविहङ्गरुअमुहलिअदिअन्तं // ळीला.५९३
1834,
1835,महुमत्तमहुअरावलिझङ्कारुग्गीअपाअवणिउञ्जं
1836,कप्पतरुकणइकिसलअणिरन्तरन्तरिअरविकिरणा // ळीला.५९४
1837,
1838,सुस्साअफलभरोणमिअवच्छपालम्बचुम्बिअधरङ्कं
1839,हिमसेलसिहरणिज्झरतुसारपरिसित्तपेरन्तं // ळीला.५९५
1840,
1841,सुरवहुचलणालत्तअचिञ्चिल्लिअमणिसिलाअलुच्छङ्गं
1842,गन्धव्वगेअरवदिण्णअण्णमअजूहसङ्घाअं // ळीला.५९६
1843,
1844,इअ एवविहं पिअसहि साणुवणं तेण कुसुमलोहेण
1845,उवसप्पिअम्हि अमुणिअविहिपरिणामं हआसाए // ळीला.५९७
1846,
1847,ता तत्थ सुरहिकुसुमोच्चआविहिअहिअअभावपसराए
1848,वामणअरुकणइवलम्बिअग्गहत्थाए सच्चविअं // ळीला.५९८
1849,
1850,धुव्वन्तधअवडाडोअडम्बरं सिरिणिवेसपरिवेसं
1851,पवणपहल्लिरकिङ्किणिरवमुहलिअणहअलाहोअं // ळीला.५९९
1852,
1853,विप्फुरिअविविहवररअणकन्तिसञ्जणिअसुरधणुसमूहं
1854,गअणाहि अवअरन्तं दिव्वविमाणं सुहालोअं // ळीला.६००
1855,
1856,ता तत्थ पढमजोव्वणविअम्भिआरम्भभूसिआवअवो
1857,विअडोरअडपहोलन्तकुसुममालाकआहरणो // ळीला.६०१
1858,
1859,मन्दाणिलवसपसरिअसव्वङ्गामोअवासिअदिअन्तो
1860,लावण्णपहाविच्छुरिअसअलवणकाणणाहोओ // ळीला.६०२
1861,
1862,लीलाकमलणिवारिअवअणणिलीणालिपअडिअच्छिजुओ
1863,पेच्छन्तो मह वअणं दिव्वकुमारो समल्लीणो // ळीला.६०३
1864,
1865,तो तं दट्ठूण मए सच्छरिअं साअरं सविणअं च
1866,तब्भावभाविआए खित्तो कुसुमञ्जली पुरओ // ळीला.६०४
1867,
1868,परिचिन्तिअम्हि हिअए अज्ज कइच्छाĩ पुण्णमइआइं
1869,सच्चविअउहअलोआĩ लोअणाइं इमे दिट्ठे // ळीला.६०५
1870,
1871,अह तेण पुच्छिआहं समीवमुवसप्पिऊण कोहलिणा
1872,मउएहĩ मुद्धमहुरक्खरेहĩ वअणेहĩ सच्छरिअं // ळीला.६०६
1873,
1874,पुप्फलाइ णवकणइविआणणिउञ्जएगुञ्जिरालिउलवलअमणोहररावए
1875,कासि तंसि तिअसवहुविलासविणोअअंकाणणम्मि परिभमसि असङ्किरि णिब्भअं // ळीला.६०७
1876,
1877,तो तं सोऊण मए पिअसहि पढमं पिअङ्करं वअणं
1878,वज्जरिअं तस्स फुडं णिअअणिवासं कुलं णामं // ळीला.६०८
1879,
1880,तो तेण साहिलासं सप्परिओसं ससम्भमं समुअं
1881,सासङ्घं ससिणेहं सविलासमहं पुणो भणिआ // ळीला.६०९
1882,
1883,सुन्दरि ता अविरुद्धं एक्केक्कमदंसणं म्ह किं जेण
1884,गन्धव्वेसाण कुले अहं पि विमले समुप्पण्णो // ळीला.६१०
1885,
1886,चित्तङ्गआहिहाणो तुह दंसणकोहलेण अवअरिओ
1887,जह होसि सप्पसाआ ता जुत्तं वम्महेण कअं // ळीला.६११
1888,
1889,अज्जदिअसाउ रज्जं कोसं जीअं सुहं सरीरं च
1890,अण्णं पि किम्पि जं मज्झ तं असेसं तुमाअत्तं // ळीला.६१२
1891,
1892,ता पसिअ देहि मे पाणिपल्लवं मा विलम्ब एत्ताहे
1893,ण सहइ कालक्खेवो मह हिअअविअम्भिओ मअणो // ळीला.६१३
1894,
1895,एवं तं चाडुसआणुसन्धिअं वअणअं सुणेऊण
1896,हिअअं आगअणरसाअलं म्ह पप्फुल्लिअं सहसा // ळीला.६१४
1897,
1898,आणन्दबाहपडिपूरिएहĩ सहि मणसिणिद्धआ तस्स
1899,अच्छीहिं विअ सिट्ठा पडिवअणमसम्भरन्तीए // ळीला.६१५
1900,
1901,अइगरुअसज्झसाआसवसविसट्टन्तमुहपअट्टेहिं
1902,णीसासेहĩ सअं चिअ दिण्णो अन्तग्गओ भावो // ळीला.६१६
1903,
1904,अङ्गेहĩ मि अणवत्थट्ठिएहĩ असहीरणा समुद्दिट्ठा
1905,लज्जोणएण वअणेण अप्पिओ हिअअसब्भावो // ळीला.६१७
1906,
1907,कं जं ण सेअपुलउग्गमेण पिअसहि ण पिसुणिअं तस्स
1908,पअडीकआ हआसेण लहुइआ ऊरुकम्पेण // ळीला.६१८
1909,
1910,इअ एमविहं पोरत्थिएहĩ अङ्गेहĩ मअणणडिएहिं
1911,लज्जालुआणुरूआ अवणीआ गुणमई बुद्धी // ळीला.६१९
1912,
1913,तो वामपअङ्गुट्ठेण तत्थ धरणीअलं लिहन्तीए
1914,भणिअं अणुच्चसद्दं अहोमुहच्छं च सहि तस्स // ळीला.६२०
1915,
1916,को एअं ण पसंसइ कस्स व इमिणा ण होइ परिओसो
1917,को तुम्ह ण सम्बज्झइ कह व ण दीसइ तुमाहिन्तो // ळीला.६२१
1918,
1919,इअ जइ मं महसि महाणुभाव वणतावसिं पि णाऊण
1920,ता गन्तूणं म्ह तवोवणम्मि ताअं चिअ भणेसु // ळीला.६२२
1921,
1922,तो तेण पुणो भणिअं अलमिमिणा केचिरं विलम्बेसि
1923,ण सहइ तुह दंसणसुहसमुग्गओ मह मणे मअणो // ळीला.६२३
1924,
1925,कालन्तरपरिवसिए अवसरचुक्कम्मि मअसिलिम्बच्छि
1926,विग्घसहस्साĩ समावडन्ति हिअइच्छिए कज्जे // ळीला.६२४
1927,
1928,एवं भणिऊण वअंसि तेण पुलइअपओट्ठहत्थेण
1929,गहिओ मे मुणिअ मणाहिलासमवसारिओ हत्थो // ळीला.६२५
1930,
1931,तो तेण मज्झ पिअसहि सहसा णिव्वत्तिओ सवीवाहो
1932,पम्हुसिआसेसकुलक्कमाए हअमअणणडिआए // ळीला.६२६
1933,
1934,तह तत्तो चिअ पिअसहि कुसुमासवमत्तमहुअरुग्गीए
1935,कलअण्ठिकलअलारावमुहलिए दसदिसावलए // ळीला.६२७
1936,
1937,णिव्विच्चलआपल्लवणिरन्तरन्तरिअतरणिकरणिअरे
1938,बहुविहपसूअपरिमलपरिवासिअतरुणिउञ्जम्मि // ळीला.६२८
1939,
1940,सत्तच्छअसुहपाअवतलम्मि इच्छाए अच्छिऊण चिरं
1941,दिवसावसाणसमए सम्भरिओ सहि मए अप्पा // ळीला.६२९
1942,
1943,भणिअं च मए पिअअम ण हु एसो दुण्णओ सुहेणम्ह
1944,वोलेइ जइ ण देव्वो अणुकूलो होइ एत्ताहे // ळीला.६३०
1945,
1946,अइगरुओ अवराहो विसमो ताओ असङ्किरो मअणो
1947,अविमरसिअं च कज्जं ण आणिमो कह विपरिणमइ // ळीला.६३१
1948,
1949,ता तेणाहं भणिआ मा भाअसु एहि ताव णिअवसइं
1950,वच्चम्ह विगअरोसो होही कालेण तुह ताओ // ळीला.६३२
1951,
1952,दिण्णाण अदिण्णाण अ आहवगहिआण सइँवराणं च
1953,परिणीआण कुमारीण णत्थि अण्णं भणेअव्वं // ळीला.६३३
1954,
1955,अह एरिसे समुल्लाववइअरे सुअणु एक्कसरिआए
1956,सुइरण्णेसणसुढिओ तत्तो च्चिअ आगओ ताओ // ळीला.६३४
1957,
1958,ता तेण समं पिअसहि सहसा गन्धव्वराअतणएण
1959,एक्कविमाणासीणा सच्चविआ णवर ताएण // ळीला.६३५
1960,
1961,भणियं च महामुणिणा पावसु रे पाव रक्खसालोयं
1962,दुहिया मे अवहरिया कामासत्तेण अइरहसा // ळीला.६३५अ
1963,
1964,वुत्तं च तओ तेण वि गन्धव्वेण वि कयावराहेण
1965,भयवं इमस्स होही कइया आउस्स पज्जन्तो // ळीला.६३५भ
1966,
1967,भणियं च तओ इसिणा णियत्तरोसेण पुत्तिणेहाओ
1968,अइदुसहसुहडपारद्धसङ्गरे जाव सिरसि हओ // ळीला.६३५छ
1969,
1970,ता सोयमज्जिअविसद्दगयणपसरेण पेच्छमाणाए
1971,सावपवणेण हरिओ णवरि पिओ कत्थ वि पएसे // ळीला.६३५ढ
1972,
1973,तो मे झसत्ति पडिअं अविणअगिरिगरुअतुङ्गसिहराहि
1974,हिअअं लज्जाभअकुलिसताडिअं पिव णिरालम्बं // ळीला.६३६
1975,
1976,अह अयसमहासीहेण तासिआ पलइऊण वेएण
1977,एक्कं णिउञ्जकणईविआणगहणं समल्लीणा // ळीला.६३७
1978,
1979,ता तत्थ मं णिलुक्कं अविणीअं पेच्छउ त्ति मा ताओ
1980,इअ कलिऊण व सूरो णीओ लज्जाए अत्थमणं // ळीला.६३८
1981,
1982,महदुक्खदुक्खियाहĩ व दिसाहĩ अन्धारिआĩ वअणाइं
1983,महभअभीआĩ व सङ्कुअन्ति वणअरसमूहाइं // ळीला.६३९
1984,
1985,ता रविरहवडणविसट्टजलहिमग्गुग्गएण व तमेण
1986,पाआलाहĩ व समअं विलुम्पिओ णहअलाहोओ // ळीला.६४०
1987,
1988,ता हं कणइविआणाओ सणिअसणिअं महाभउप्पेत्था
1989,अण्णण्णतरुवणन्तरणिलुक्कमाणी समल्लीणा // ळीला.६४१
1990,
1991,ता ण पिओ ण विमाणं ण अ ताओ णेअ किं पि तं चिण्हं
1992,जं पेच्छिऊण जीअं मुहुत्तमेत्तं विमालेमि // ळीला.६४२
1993,
1994,अह तं दट्ठूण मए सज्ज मसाणं व झत्ति दुप्पेच्छं
1995,चिरमोहलद्धसण्णाए मुक्कअण्ठं चिरं रुण्णं // ळीला.६४३
1996,
1997,हा ताअ गअसिणेहो कीस तुमं तक्खणेण मह जाओ
1998,अविणीए वि अवच्चे हवन्ति कलुणासआ मुणिणो // ळीला.६४४
1999,
2000,हा अज्जउत्त तुह णेहबन्धणोबद्धजीविआ विहिणा
2001,वोच्छिण्णा विसवल्लि व्व विअडकप्पद्दुमाहिन्तो // ळीला.६४५
2002,
2003,हा अम्ब तए वि अहं हअणामा जम्मवासरे मुक्का
2004,एण्हिं असरणहिअआ कं जं सरणं पवज्जिस्सं // ळीला.६४६
2005,
2006,हा भअवईओ वणदेवआओ दंसेह पिअअमं मज्झ
2007,तुम्हं सरणपवण्णा वि उअ अणाहा विवज्जामि // ळीला.६४७
2008,
2009,इअ एवं बहुसो विलविऊण परिचिन्तिअम्हि हिअएण
2010,किं मह हआए इमिणा अप्पडिआरेण रुण्णेण // ळीला.६४८
2011,
2012,दुक्खावगमोवाओ णण्णो मरणाउ दीसइ कहिं पि
2013,ता इह सत्तच्छअपाअवम्मि पासं णिबन्धिस्सं // ळीला.६४९
2014,
2015,एवं हिअए परिभाविऊण वलिअम्हि वक्कलवरिल्लं
2016,सच्चविआ जमहरवत्तणि व्व हिअइच्छिआ साहा // ळीला.६५०
2017,
2018,भणिअं च णिबद्धञ्जलिपणामपुव्वं मणम्मि झाऊण
2019,भअवं विस्सपआवइ जइ किं पि मए कअं सुकअं // ळीला.६५१
2020,
2021,ता अण्णम्मि वि जम्मे सो च्चिअ मह पिअअमो हविज्जासु
2022,मा होज्ज पुणो एवंविहाण दुक्खाण सम्भूई // ळीला.६५२
2023,
2024,एवं भणिऊण मए उवबद्धो जा तहिं दुमे अप्पा
2025,तो अद्धुड्डीणे जीविअम्मि गअणे सुओ सद्दो // ळीला.६५३
2026,
2027,अइ अलमलमिमिणा तुज्झ पुत्ति ववसाअसाहसरसेण
2028,वीसत्था होहि अहं खु तुज्झ जणणी बले पत्ता // ळीला.६५४
2029,
2030,ता झत्ति णहयलाओ अवयरिऊणम्ह सहि सुजणणीए
2031,तं तोडिऊण पासं गहियाहं सुयणु उच्छङ्गे // ळीला.६५४अ
2032,
2033,जाणामि तेण मुणिणा णिरावराहा वि मुक्कसङ्गेण
2034,परिसेसिआ सि बाले दूरं णिक्करुणहिअएण // ळीला.६५५
2035,
2036,ता तुज्झ सो अगम्मो सुरलोओ जत्थ सइ णिवासो म्ह
2037,अत्थि मह हिअअदइओ जक्खो णलकूवरो णाम // ळीला.६५६
2038,
2039,वित्ताहिवस्स तणओ सुअणो सच्चव्वओ पिआहासी
2040,पडिवण्णवच्छलो सइ परोवआरेक्कपत्तट्ठो // ळीला.६५७
2041,
2042,तस्स समप्पेमि सुहेण जेण पिअविरहदुक्खमइआ वि
2043,सुवअंसिआहĩ समअं वच्चन्ति अलक्खिआ दिअहा // ळीला.६५८
2044,
2045,एवं भणिऊण चिरं अम्बाए सिणेहसङ्गअमणाए
2046,एत्थाणिऊण पिअसहि समप्पिआ तुज्झ ताअस्स // ळीला.६५९
2047,
2048,तो तद्दिअसाहिन्तो तुम्हं अम्बाए तह अ ताएण
2049,तुम्हाहĩ वि सविसेसं सच्चविआ एचिरं जाव // ळीला.६६०
2050,
2051,तेणेत्तिअं पि कालं तुह णेहणिबद्धजीविआसाए
2052,सब्भावसमप्पिअमाणसाए दुक्खं चिअ ण णाअं // ळीला.६६१
2053,
2054,तुह सुहसुहिआ तुह दुक्खदुक्खिआ तुज्झ हिअअगअहिअआ
2055,तेण णिवारेमि इमं गुरुअणमणबाहिरं कज्जं // ळीला.६६२
2056,
2057,इय गुरुजणमणरहियं कज्जं जो कुणइ सुयणु सच्छन्दो
2058,सो दुक्खहरं जाअइ जह जाया हं खु सच्छन्दा // ळीला.६६२अ
2059,
2060,जइ णिच्छएण एअं तुह हिअए सण्ठिअं कुरङ्गच्छि
2061,ता अम्बाए सीसइ स च्चिअ सव्वं समाणिहइ // ळीला.६६३
2062,
2063,अहवा सअं पबोहेमि तत्थ गन्तूण तं चिअ कुमारं
2064,जेण वरेज्जसि दिज्जसि एक्केक्कमकुलहरीसेहिं // ळीला.६६४
2065,
2066,इअ एवविहो धम्मो सिट्ठो देवेहĩ दिअमहेसीहिं
2067,अविरुज्झन्तो पिअसहि उहआण वि उहअलोगसुहो // ळीला.६६५
2068,
2069,एवं भणिआए इमीए पभणिअं णिव्वहिज्ज जइ एवं
2070,ता केत्तिअमेत्तं हअणिसाए सेसं म्ह साहेसु // ळीला.६६६
2071,
2072,भणिअं च मए पिअसहि कीस तुमं एरिसं पि ण णिएसि
2073,अरुणकराहअतिमिरं पुव्वदिसापण्डुरं गअणं // ळीला.६६७
2074,
2075,पेच्छेअं सुहमारुएण पहअं दुल्लक्खताराअणंआमोअं ण जणेइ कामिणिअणे बालाअवालिद्धअं
2076,दूरच्छिण्णदिसं सहावधवलं ओलग्गचन्दाअवंआलिक्खालिहिअं व छाअरहिअं जाअं णहोमण्डलं // ळीला.६६८
2077,
2078,दीसइ पसरन्तणवारुणप्पहापहअतिमिरपब्भारं
2079,हरणक्खुक्कत्तिअगअदइच्चदेहारुणं गअणं // ळीला.६६९
2080,
2081,एसा वि सुअणु घरदीहिआए चिरविरहवेअणुक्कण्ठं
2082,वाहरइ चक्कवाई णलिणोवरि सण्ठियं दइअं // ळीला.६७०
2083,
2084,सम्मिल्लन्ति सुहासाअजणिअपरिओसदुव्विसट्टाइं
2085,इन्तखरदिणअराअवसङ्काइ व कुमुअगहणाइं // ळीला.६७१
2086,
2087,इअ जा ममाहĩ सोउं पेच्छइ अरुणारुणं णहाहोअं
2088,ता उअअधराहरसिहरसण्ठिओ झत्ति दिणणाहो // ळीला.६७२
2089,
2090,तो मह इमीए भणिअं एसो सहि उअअसेलसिहरम्मि
2091,लक्खारसरत्तो विअ सहस त्ति समुग्गओ सूरो // ळीला.६७३
2092,
2093,कणअकविलम्मि सहसा दिट्ठे गरुले व्व दिअसणाहम्मि
2094,ओसरइ कसणविसहरणिवहो व्व णहाहि तमणिवहो // ळीला.६७४
2095,
2096,णलिणोअरपरिवसिआĩ अलिउलाइं करेहĩ विउडिन्तो
2097,उक्खणइ व तमबीआĩ पेच्छ रोसारुणो सूरो // ळीला.६७५
2098,
2099,बालाअवो ण णिवडइ रहसमिलन्तेसु चक्कवाएसु
2100,विअसिअकमलसमुच्छलिअरेणुकविसासु सरसीसु // ळीला.६७६
2101,
2102,दीसन्ति फुरिअरविअरकरवालोलुम्पिअ तमतरुणो
2103,महिवेढणिवडिआओ छल्लीओ व रुक्खछाआओ // ळीला.६७७
2104,
2105,एसो सो सूराअवसङ्गसमुप्फुसिअचन्दिमापसरो
2106,धवलब्भदलसरिच्छो जाओ गअणङ्गणे चन्दो // ळीला.६७८
2107,
2108,ता वच्च मलअसेलं जीविअमरणाण बहुगुणं जं म्ह
2109,तं जाणिऊण पिअसहि कुणसु सअं चेअ किं अण्णं // ळीला.६७९
2110,
2111,अविरुज्झन्तं जं गुरुअणम्मि उइअं च जं सिणेहस्स
2112,तं जाणसि च्चिअ तुमं सेसं किमहं पवोच्छामि // ळीला.६८०
2113,
2114,एवमहं आढत्ता भाउअ सुजवेण सुहविमाणेण
2115,तं चेअ मलअभवणं सम्पत्ता जत्थ सो दिट्ठो // ळीला.६८१
2116,
2117,तो तं पणट्ठसोहं अणिमज्जिअकुट्टिमं अणुब्भिअवडाअं
2118,अपसाहिअवन्दणमालतोरणं अरइअद्दारं // ळीला.६८२
2119,
2120,अकअकुसुमोवआरं अप्पत्तविलेवणं अदिहिवत्तं
2121,अविहाविअचिरसोहं अपेच्छणिज्जं च अच्छीण // ळीला.६८३
2122,
2123,तं तारिसं दुपेच्छं दट्ठूण हु भवणअं हआसाए
2124,परिचिन्तिअम्हि हिअए हद्धी किं णेरिसं एअं // ळीला.६८४
2125,
2126,हअबम्भरक्खसुव्वासिअं च दूरोसरन्तचिरसोहं
2127,अज्जेअं किं माहविलआए परिसेसिअं भवणं // ळीला.६८५
2128,
2129,अलमहवा इह दुच्चिन्तिएण वच्चामि केरलं ताम
2130,तत्तो च्चिअ जाणिस्सं एअं एवंविहं कज्जं // ळीला.६८६
2131,
2132,परिभाविऊण एअं सम्पत्ता केरलाउरिदुवारं
2133,तत्थ मए अक्कन्दिअसद्दो णिसुओ असोअव्वो // ळीला.६८७
2134,
2135,तो णिवडिअहिअअविहीरणाए उवसप्पिऊण पासम्मि
2136,एक्को पओलिवालो णिहुअं चिअ पुच्छिओ सभअं // ळीला.६८८
2137,
2138,भद्द किमेसो सुव्वइ जणणिवहक्कन्ददूसहो सद्दो
2139,अइगरुअदुक्खपरिभूअबन्धवो तुम्ह णअरीए // ळीला.६८९
2140,
2141,भणिअं च तेण अज्जे अज्जकुमारो अणज्जणिसिसमए
2142,वसिओ विज्जाभवणे असहाओ देव्वजोएण // ळीला.६९०
2143,
2144,सो अम्ह अउण्णाणं कत्थ व केहिं पि दुट्ठसत्तूहिं
2145,अवहरिओ मलअमहीहराहि णिक्करुणहिअएहिं // ळीला.६९१
2146,
2147,मलआणिलो वि पिअसुअसिणेहवसकाअरेण हिअएण
2148,अण्णेसिऊण सुइरं जाआए समं गओ मोहं // ळीला.६९२
2149,
2150,मुच्छाविरामसम्भरिअगुणगणुक्कण्ठिएहĩ तह रुण्णं
2151,जह मलअवणगएहĩ वि गएहĩ ण विहाविअं जूहं // ळीला.६९३
2152,
2153,हा वच्छ माहवाणिल हा बालअ हा अणोवमाआर
2154,हा गुणरअणमहोवहि हा अविणअभीरु कत्थ तुमं // ळीला.६९४
2155,
2156,दीसिहिसि पुणो वि मए सुअणजणसलाहिएहĩ सुमईहिं
2157,कीलन्तो मलअमहीहरम्मि समअं वअंसेहिं // ळीला.६९५
2158,
2159,एवमवरं पि बहुसो रोत्तूण चिरं पअम्पिअं पहुणा
2160,एहि पिए किं इमिणा जरहरवासेण एत्ताहे // ळीला.६९६
2161,
2162,जस्स कए पालिज्जइ रज्जं जीअं धणं परिअणं च
2163,सो च्चेअ णत्थि सम्पइ किं इमिणा रज्जभारेण // ळीला.६९७
2164,
2165,तुह भाउणो समप्पेमि पिअअमे परिअणं च रज्जं च
2166,वच्चामि वणं परलोअकज्जदिण्णेक्कमणभावो // ळीला.६९८
2167,
2168,तो परिसेसिअरज्जे राए वणगमणगहिअसङ्कप्पे
2169,सविसेसं रुअइ जणो पसाअसुहसुमरणासत्तो // ळीला.६९९
2170,
2171,इअ एमविहं भाउअ दुस्सोअव्वं तहिं सुणेऊण
2172,अफुडिअहिअआ अविवण्णजीविआहं पि विणिअत्ता // ळीला.७००
2173,
2174,जीविअमरणाण मणे चिन्तन्ती बहुगुणं म्ह किं एत्थ
2175,मह जीविएण सा जिअइ मरइ मरणे महाणुमई // ळीला.७०१
2176,
2177,ता जीविअं चिअ वरं मरणाहिन्तो मणम्मि धरिऊण
2178,सुइरेणोरुण्णमुही णिअवसइं कह वि सम्पत्ता // ळीला.७०२
2179,
2180,तो बाहजलोल्लिअलोअणाए दीणाणणाए दूराओ
2181,एसा मए अहव्वाए दंसणे च्चिअ विसण्णविआ // ळीला.७०३
2182,
2183,सिट्ठं तं किं पि मए दुव्वोच्चं वज्जकढिणहिअआए
2184,जं तुम्ह वेरिआण वि सवणवहं मा हु वच्चेज्ज // ळीला.७०४
2185,
2186,अह तं सहस त्ति णिसामिऊण मम्माहआ इव णिसण्णा
2187,पडिआ धरणीवट्ठे हा किं णेअं पअम्पन्ती // ळीला.७०५
2188,
2189,ताव मए से गुरुअणसंवाआसङ्किरीए घेत्तूण
2190,सीसं णिअउच्छङ्गे सुइरेणासासिआ एसा // ळीला.७०६
2191,
2192,णिहुअं गुरुअणसङ्कालुईए विअलन्तबाहपिहिअच्छं
2193,रुण्णं रुअन्तपरिअणपरिसेसिअजीविआसाए // ळीला.७०७
2194,
2195,हा जीविएस हा सुअणु हा अणन्तगुणभूमि हा दइअ
2196,हा णिक्कारणवच्छल कत्थ पुणो तं सि दीसिहिसि // ळीला.७०८
2197,
2198,जं पढमदंसणाणन्दबाहपडिपूरिएहĩ अच्छीहिं
2199,सच्चविओ सि ण सुइरं तं एण्हि किं णिअच्छिस्सं // ळीला.७०९
2200,
2201,जं तङ्गुलिआहरणच्छलेण सुइरं णिपीडिओ तुम्हि
2202,सो मे तह लग्गो च्चिअ अज्ज वि हत्थो ण वीसरइ // ळीला.७१०
2203,
2204,दिण्णाĩ जाĩ माहविलआए जह तुह सहत्थलिहिआइं
2205,अमअमआĩ व लेहक्खराĩ एण्हिं विसाअन्ति // ळीला.७११
2206,
2207,इअ एवं बहुसो पलविऊण भणिअं इमीए मह हुत्तं
2208,असमत्थाहं पिअसहि तेण विणा जीविउं एण्हिं // ळीला.७१२
2209,
2210,ता जुत्तमजुत्तं किं पि जं मए लङ्घिआसि पणएण
2211,तं मरिसेज्जसु पिअसहि मरणमआले कअं विहिणा // ळीला.७१३
2212,
2213,ण अ लज्जा ण अ विणओ ण कुमारिजणोइअं अणुट्ठाणं
2214,ण अ सो पिओ ण मोक्खं तो किं हअजीविएणम्ह // ळीला.७१४
2215,
2216,इमिणा असुहज्जिअकम्मकलुसिएणम्ह किं सरीरेण
2217,तह कह वि विवज्जिस्सं जह पुण जम्मो च्चिअ ण होइ // ळीला.७१५
2218,
2219,भणिअं च मए पिअसहि मा एवं भणसु किं णआणासि
2220,जो जस्स हिअअदइओ मिलइ जिअन्तो जिअन्तस्स // ळीला.७१६
2221,
2222,चिरपवसिओ वि आवइ वाहिग्गहिओ वि णिव्वुओ होइ
2223,बन्धणगओ वि मुञ्चइ मओ त्ति झीणा कहा लोए // ळीला.७१६अ
2224,
2225,जीअं तिवग्गसिद्धीए कारणं दुल्लहं च जिअलोए
2226,ण हि तेण विणा पिअसहि हवन्ति हिअइच्छिआ भोआ // ळीला.७१७
2227,
2228,सो तुज्झ पिओ पिअसहि ण विवज्जइ णूण जुअसएहिं पि
2229,सच्चविअं तस्स मए दीहाउअलक्खणं तइआ // ळीला.७१८
2230,
2231,जइ बहुगुणं च मरणं ण जिअइ मलआणिलो वि ता पढमं
2232,जणणी वि ण पिअसुअविप्पलम्भदुक्खं पवज्जन्ती // ळीला.७१९
2233,
2234,ता अलमिमिणा मरणाहिलाससमुहोवलग्गभावेण
2235,अहवा सो होही तुज्झ सुअणु आराहसु भवाणी // ळीला.७२०
2236,
2237,एत्थं चिअ कुलभवणे णिच्चं णिअमट्ठिआए होहिन्ति
2238,हिअइच्छिआĩ पिअसहि कीस तुमं मरणमहिलससि // ळीला.७२१
2239,
2240,भणिअं च महाणुमईए तं तहा मह मुहाहि सोऊण
2241,सहि जइ णेच्छसि मरणं ता किं पि भणामि णिसुणेसु // ळीला.७२२
2242,
2243,किं काण वि कह वि कुमारिआण कुलहरणिवाससुहिआण
2244,सिज्झन्ति देवआराहणेक्कचित्ताणुसाराइं // ळीला.७२३
2245,
2246,इअ जइ मरणमसन्तं मण्णसि एवंविहे वि पिअविरहे
2247,मह मन्दभाइणीए ता होउ तवोवणे वासो // ळीला.७२४
2248,
2249,जह तं तणं व तुलिऊण सिद्धराएण उज्झिअं रज्जं
2250,तह कुलभवणसुहाणं सङ्कप्पो सहि मए वि कओ // ळीला.७२५
2251,
2252,इअ इह इमीए कअणिच्छआए णिअगुरुअणं पबोहेउं
2253,अणिअत्तमणाए कओ सहस त्ति तवोवणे वासो // ळीला.७२६
2254,
2255,एवं सोऊण चिरं णीसेसं कुवलआवलिमुहाओ
2256,भणिअं णरणाह मए भअवइ किं वो भवाणीए // ळीला.७२७
2257,
2258,ण कओ दुक्खावगमो एमविहाणं पि तुम्ह एमविहे
2259,वणवासकिलेससमोसरन्तसोक्खे तवच्चरणे // ळीला.७२८
2260,
2261,भणिअं च इसिसुआए कत्तो इह जम्मदुक्खवोच्छेओ
2262,दीसइ पुव्वज्जिअअसुहकम्मओवग्गिआणम्ह // ळीला.७२९
2263,
2264,अण्णं पि तुम्ह सीसइ सविसेसं जं इमाओ इह जाअं
2265,ण कअत्थो एत्तिअमेत्तिएण देव्वो कएणम्ह // ळीला.७३०
2266,
2267,एत्थेक्कदिवसभाए णिसुओ गोलाणईए परतीरे
2268,पडिरावपूरिआसो णराण गरुओ हलब्बोलो // ळीला.७३१
2269,
2270,जहा. 
2271,
2272,एत्थुत्तरपुव्वपलोट्टभूमिभाए खिवेह पत्तोली
2273,विच्छिण्णं कीरउ राउलस्स राअङ्गणुद्देसं // ळीला.७३२
2274,
2275,परहुत्तं सारेज्जसु हट्टवहो जेण एत्थ सम्माइ
2276,इअरो वि हट्टणिवहो वेअडिअवणिद्धुरालग्गो // ळीला.७३३
2277,
2278,इह होउ पिण्डवासो एत्थ णिओई हवन्तु आसण्णे
2279,इह वासो वारकरेणुआण एसो अणुग्गीण // ळीला.७३४
2280,
2281,मोत्तुं भण्डारमहाणसाण गोरीहरस्स पइरेक्के
2282,मग्गो सुणट्टसालाए होउ जो जत्थ सो तत्थ // ळीला.७३५
2283,
2284,कलुसिज्जइ जा ण जलं करेणुकरितुरअणरसमूहेहिं
2285,ता भरसु मज्झणावेल्लमज्जणक्कणअदोणीओ // ळीला.७३६
2286,
2287,इअ जा सुव्वइ एसो हलबोलो ताण एक्कमेक्काण
2288,ता दूसपट्टसालासएहĩ आवासिओ लोओ // ळीला.७३७
2289,
2290,एत्थन्तरम्मि वरवारकमिणिसङ्घाअसिट्ठसिरिविहवा
2291,विविहाअवत्तपरिपिहिअणहअलोरुद्धरविकिरणा // ळीला.७३८
2292,
2293,रमणियणसमूहुग्घुट्ठमङ्गलारावपूरिअदिअन्ता
2294,कञ्चुइअणुमग्गगआ राअकुमारी तहिं पत्ता // ळीला.७३९
2295,
2296,अह एत्थम्हतवोवणकुसुमामोआवलम्बिअमणाए
2297,भणिआओ णिअवअंसीओ कुणह कुसुमोच्चअं एत्थ // ळीला.७४०
2298,
2299,तो खिण्णकरेणुसमोसरन्तदरदाविओरुवेढाओ
2300,परितलिणणिअंसणसिढिलगण्ठिसञ्जमणसीलाओ // ळीला.७४१
2301,
2302,विअलम्बलपाउरणग्गखलिअचरणारविन्दगमणाओ
2303,विअलन्तमेहलावलिगुणकलणक्खलिअहत्थाओ // ळीला.७४२
2304,
2305,असमञ्जसपअणिक्खेववसविअम्भन्तणेउररवाओ
2306,रङ्खोलिरहारविमूढकणअवलआवलिभुआओ // ळीला.७४३
2307,
2308,इअ विविहकुसुमपरिमलगन्धवहुक्खित्तहिअअभावाओ
2309,एत्थम्ह समीवसमागआउ वरपुप्फलाईओ // ळीला.७४४
2310,
2311,पारद्धं च सअण्हाहĩ ताहĩ कुसुमोच्चअं वणे काउं
2312,एक्केक्कमजअकङ्खिअमणाहĩ परिउट्ठवअणाहिं // ळीला.७४५
2313,
2314,तो सहसाअड्ढिअतरुणविडवपालम्बचुम्बिअथणाहिं
2315,करकमलकोमलङ्गुलिणहकिरणारुणिअगोच्छाहिं // ळीला.७४६
2316,
2317,दूरुच्चाइअभुअजुअलवसविराअन्ततिवलिवलआहिं
2318,चलणअलग्गट्ठिअथरहरन्तथोरोरुवेढाहिं // ळीला.७४७
2319,
2320,णीसाससमीरुच्छित्तकुसुमरअतरलिअच्छिजुअलाहिं
2321,अलआवलिविवरविणिन्तसेअतण्णाअतिलआहिं // ळीला.७४८
2322,
2323,णिविडलआहरसञ्चरणविलुलिआलअविढत्तसोहाहिं
2324,बन्धुज्झिअकुसुमविमूढभमरडक्काहरिल्लाहिं // ळीला.७४९
2325,
2326,इअ सुइरेण समाणवि ताहिं सुरअं व कुसुमपरिअम्मं
2327,पारद्धं गोलासलिलमज्जणं जणिअखेआहिं // ळीला.७५०
2328,
2329,तो विअडासोअतले सण्ठविआहरणकुसुमवासाहिं
2330,सच्चविअं विमलगहीरमणहरं वरसरीसलिलं // ळीला.७५१
2331,
2332,ता विमलसलिलदंसणणिव्वविआरत्तभावरच्छीण
2333,णहकोडिविरल्लिअचिहुरभाररुद्धावरोहाण // ळीला.७५२
2334,
2335,आमुक्काहरणपलहुइअङ्गपरिहत्थपअणिवेसाण
2336,सविसेसगण्ठिसञ्जमिअविउणकच्छडअवेढाण // ळीला.७५३
2337,
2338,इअ पढममज्जणारम्भरहससञ्चालिअम्बुणिवहाण
2339,अण्ण च्चिअ का वि वरङ्गणाण सोहा समुल्लसिआ // ळीला.७५४
2340,
2341,कीए वि णिबुड्डन्तोरुमूलवसपसरिओ सरीरम्मि
2342,रोमञ्चो जोव्वणकन्दकुहरकरणिं समुव्वहइ // ळीला.७५५
2343,
2344,कीए व जलपरिग्गहिअणाहिविवरुग्गआ समारुहइ
2345,थणमूलासाइअतन्तुकसणवल्लि व्व रोमलआ // ळीला.७५६
2346,
2347,कीए वि विसमतिवलीतरङ्गपक्खलणवससमुच्छलिअं
2348,णिमिसद्धं सिअपट्टंसुअं व सिहिणोवरे सलिलं // ळीला.७५७
2349,
2350,कीए वि समन्ताअन्तसलिलमज्झट्ठिअं रमन्तीए
2351,पवणाहअसरसम्बुरुहविब्भमं होइ मुहकमलं // ळीला.७५८
2352,
2353,रत्तुप्पलमहुसद्धालुएण कीए वि मुद्धभसलेण
2354,परिमाणन्तीए जलं डक्को उद्धट्ठिओ हत्थो // ळीला.७५९
2355,
2356,सो तीए तरलिअङ्गुलिविहुओ करपल्लवो रुअन्तीए
2357,तो से सहीहĩ मुहमारुएण कह कह वि णिव्वविओ // ळीला.७६०
2358,
2359,इअ वअणणअणथणहरकरअलपरिचुम्बिरालिवाउलिओ
2360,उत्तिण्णो सो गोलादहाहि वरकामिणीसत्थो // ळीला.७६१
2361,
2362,मज्झम्मि ताण सा वरकुमारिआ मणहरेहĩ अङ्गेहिं
2363,महणुत्तिण्णाहĩ व अच्छराहĩ परिवालिआ लच्छी // ळीला.७६२
2364,
2365,तो सा अम्हेहĩ चिरं भाउअ णिव्वण्णिआ पअत्तेण
2366,सुरवहुदंसणदूसिक्खिएहĩ अच्छीहĩ पुणरुत्तं // ळीला.७६३
2367,
2368,णहमणिकिरणारुणकोमलङ्गुलीदलविराइआवअवं
2369,णिग्गूढगुप्फसुपरिट्ठिअं च चरणारविन्दजुअं // ळीला.७६४
2370,
2371,पविरलतणुरोमसुवट्टिअङ्गसमसन्धिबन्धणं सहइ
2372,लाअण्णसुवण्णविणिम्मिअं च वरजङ्घिआजुअलं // ळीला.७६५
2373,
2374,रमणभरभङ्गभीअं व सङ्गअं सिरिसकुसुमसोमालं
2375,करिकलहकराआरं हरइ कुमारीए ऊरुजुअं // ळीला.७६६
2376,
2377,गम्भीरणाहितणुतिवलिभङ्गुरं दरविसट्टरोमलअं
2378,तुच्छं संसारसुहं व मणहरं मज्झएसं से // ळीला.७६७
2379,
2380,णिव्विच्चुत्तुङ्गाहोअकक्कसं पिक्कसिरिहलसरिच्छं
2381,होन्तपरिणाहगरुअं अग्घइ णवथणहरुच्छङ्गं // ळीला.७६८
2382,
2383,कङ्केलिपल्लवाअम्बकरअलालङ्किअं समुव्वहइ
2384,मन्दाइणिकणअमुणालिआणुसरिसं भुआजुअलं // ळीला.७६९
2385,
2386,सुविसिट्ठतिरेहावरणविरइओ मडहपरिअराबन्धो
2387,कलहोअकलसकण्ठावसाअणो कन्धरणिवेसो // ळीला.७७०
2388,
2389,रइकणइकुसुमगोच्छो व्व ईसिमज्झुण्णओ सुहावेइ
2390,दसणावलिपरिवेसो विद्दुमराआरुणो अहरो // ळीला.७७१
2391,
2392,अविसट्टपुडजुआणुब्भडुज्जुओ वअणकमलकअसोहो
2393,णिण्णुण्णअमज्झत्थो विहरइ से णासिआवंसो // ळीला.७७२
2394,
2395,चिरमज्जणसलिलकसाअपाडलावङ्गदेसदीहाइं
2396,णअणाĩ बालरविअरछित्ताइं दीवराइं व // ळीला.७७३
2397,
2398,सज्जीवकामकोअण्डसच्छहं सवणपत्तपेरन्तं
2399,णअणुप्पलणालजुअं व सहइ भुमआवलीजअलं // ळीला.७७४
2400,
2401,अद्धेन्दुबिम्बसरिसं णिडालफलअं विहाइ णिप्पङ्कं
2402,जोव्वणसिरीए मुहदप्पणं व विहिणा विणिम्मविअं // ळीला.७७५
2403,
2404,तणुकसणसिणिद्धाआममणहरो दूरदेसकअसोहो
2405,पट्ठिणिसण्णो से हरइ भङ्गुरो केसपब्भारो // ळीला.७७६
2406,
2407,इअ जो जो से दीसइ अङ्गावअवाण को वि उद्देसो
2408,सो सो ण देइ चलिउं अणिमिसपेच्छीण अच्छीणि // ळीला.७७७
2409,
2410,तं तह सुइरं णिव्वण्णिऊण परिचिन्तिअम्हि हिअएण
2411,अण्णो सो को वि विही जस्सेअं रूवविण्णाणं // ळीला.७७८
2412,
2413,अण्णह कह वेअजडस्स तस्स विसआहिलासविमुहस्स
2414,णिप्पज्जइ लोअपिआमहस्स एवंविहं रूवं // ळीला.७७९
2415,
2416,मण्णे चन्दामअपारिआअवम्महवसन्तमइराए
2417,कोत्थुहसिरिसारसमुच्चआहĩ एसा विणिम्मविआ // ळीला.७८०
2418,
2419,किं एसा णाअवहू णु होज्ज विज्जाहरी णु देवी णु
2420,असुरजुआणी सिद्धङ्गणा णु मच्चं समोइण्णा // ळीला.७८१
2421,
2422,तावअ से णामणिवासजम्मकोऊहलाविआणम्ह
2423,भणिआ विचित्तलेहा णामेण वअंसिआ तीए // ळीला.७८२
2424,
2425,हल सहि विचित्तलेहे अणुगमसु इमं तवोवणं ताव
2426,जाव णिवत्तेमि अहं पूआअम्मं भवाणीए // ळीला.७८३
2427,
2428,जो सा विचित्तलेहा भाउअ सहसा समागआ एत्थ
2429,अब्बीयं पिव हिअअं तिस्सा उवलक्खिअं अम्हि // ळीला.७८४
2430,
2431,सा दूरकअपणामा भणिआ अम्हेहि तुज्झ का एसा
2432,सुन्दरि वअंसभावाणुसङ्गआ अणुवमकुमारी // ळीला.७८५
2433,
2434,कस्स व एसा धूआ केण व कज्जेण आगआ एत्थ
2435,कत्थ व जाही साहसु किं णामं कत्थ व णिवासो // ळीला.७८६
2436,
2437,भणिअं च तीए भअवइ एअं जइ अत्थि तुम्ह कोहल्लं
2438,ता साहेमि णिसामेसु वित्थरत्थं कहेअव्वं // ळीला.७८७
2439,
2440,अत्थि तिसमुद्दपुहईविक्खाअजसो अखण्डिअपआवो
2441,णामेण सिलामेहो सिंहलदीवाहिवणरिन्दो // ळीला.७८८
2442,
2443,सो एक्कम्मि सुदिअहे पारद्धिविणिग्गओ महारण्णे
2444,रमिऊण चिरं रण्णाउ पडिणिअत्तो पुराहुत्तं // ळीला.७८९
2445,
2446,तो तत्थ एक्कपाइक्कतुरअगअसाहणेण सञ्चलिओ
2447,सहस त्ति विअडदाढो पुरओ कोलोसमुच्छलिओ // ळीला.७९०
2448,
2449,तो एक्कहअसहाओ तस्स वराहस्स मग्गसंलग्गो
2450,णरणाहो ताव गओ जा तरुविडवाउलं रण्णं // ळीला.७९१
2451,
2452,ता तत्थ कुररकारण्डचक्ककलहंसकङ्कसङ्किण्णं
2453,भमरभरोणअपङ्कअरअरञ्जिअपिङ्गपेरन्तं // ळीला.७९२
2454,
2455,एवविहं सो भअवइ कमलसरं राइणो णिअन्तस्स
2456,सहस त्ति सम्पइट्ठो अत्थाहजलं महाकोलो // ळीला.७९३
2457,
2458,ता गम्भीरसरोवरपवेसविसमं गए वराहम्मि
2459,सच्छरिओ स विलक्खो मुहुत्तमेत्तं ठिओ राआ // ळीला.७९४
2460,
2461,तो परिसुढिअतुरङ्गो सो सहसा विम्हआवहिअहिअओ
2462,आसण्णमसोअवणं सिसिरच्छाअं समल्लीणो // ळीला.७९५
2463,
2464,ता तत्थ उहअकरगहिअकुसुममाला मणोहरावअवा
2465,एक्कसरिआइ पहुणो पुरओ परिसण्ठिआ बाला // ळीला.७९६
2466,
2467,राएण तओ भणिआ कासि तुमं एरिसे महारण्णे
2468,सच्छन्दा वरमालं अप्पसि मह केण कज्जेण // ळीला.७९७
2469,
2470,भणिअं च तीए णरवइ किं इमिणा पुच्छिएण तुह ताव
2471,परिणेसु मं णिसङ्को जाणिहिसि गएहĩ दिअहेहिं // ळीला.७९८
2472,
2473,तं तह सोऊण णराहिवेण सा बालिआ पुणो भणिआ
2474,सुन्दरि णराहिवाणं एसो मग्गो च्चिअ ण होइ // ळीला.७९९
2475,
2476,अपरिग्गहा कुमारी अमुणिअगोत्तक्कमा अइट्ठसुआ
2477,कह परिणिज्जसि बाले कहसु तुमं चेअ मह एअं // ळीला.८००
2478,
2479,भणिअं च तीए णरवइ एसो च्चिअ सुपुरिसाण सद्भम्मो
2480,ता साहेमि णिसामेसु कुलहरं जं म्ह एत्ताहे // ळीला.८०१
2481,
2482,अत्थि कणआअलुच्छङ्गसङ्गआ तिअसलोअविक्खाआ
2483,सुलसा णामेण पुरी अच्चन्तमणोहरा रम्मा // ळीला.८०२
2484,
2485,तत्थ अ विजाहरेन्दो हंसो णामेण तिअसविक्खाओ
2486,तस्सम्हे हि णराहिव दो च्चिअ धूआओ जाआओ // ळीला.८०३
2487,
2488,एक्काए वसन्तसिरी मज्झ महल्लाए णाम णरणाह
2489,वाहित्ता सरअसिरी अहं पि णिअगुरुअणेण तहिं // ळीला.८०४
2490,
2491,एवं णे दो वि पहाअसमअसङ्गीअअप्पसङ्गेण
2492,देवीहराण पुरओ केलासगिरिं पवण्णाओ // ळीला.८०५
2493,
2494,तत्थम्हेहि णराहिव हरिसवसुप्फुल्ललोअणो दिट्ठो
2495,गोरीहराण पुरओ पणच्चमाणो गणाहिवई // ळीला.८०६
2496,
2497,अह सो मए गणेसो चिरपरिचअविम्हआए सामि तहिं
2498,उवहसिओ तेणाहं पक्खित्ता मच्चलोअम्मि // ळीला.८०७
2499,
2500,एसो मह तेणं चिअ सूअरवेसो दआलुणा दिण्णो
2501,णिअदूओ जेण तुमं अणुग्गहत्थं म्ह उवणीओ // ळीला.८०८
2502,
2503,ता तेणं चिअ दिण्णो तं सि वरो भअवआ गणेसेण
2504,परिणेसु णिरासङ्को एवविहं तुम्ह अविरुद्धं // ळीला.८०९
2505,
2506,एवं सोऊण णराहिवेण परिओसविअसिअमुहेण
2507,तक्कालोइअविहिणा परिणीआ तेण सा तत्थ // ळीला.८१०
2508,
2509,ताव अ तुरङ्गखुरखोज्जपवहलग्गेण साहणेण तहिं
2510,सच्चविओ णरणाहो सरअसिरीलम्भपरिउट्ठो // ळीला.८११
2511,
2512,तो सरअसिरीदंसणपहिट्ठपरिवारपरिलिओ राआ
2513,सम्पत्तो णिअभवणं बन्दिणजअसद्दहलबोलं // ळीला.८१२
2514,
2515,अह तिस्सा तेण तहिं एसा लीलावइ त्ति णामेण
2516,उप्पण्णा पिअतणआ किं भणइ इहागआ कीस // ळीला.८१३
2517,
2518,तं तुम्ह सीसइ च्चिअ इमीए जं जम्मवासराहिन्तो
2519,अज्जदिअसन्तरं जाव वित्थरत्थं कहेअव्वं // ळीला.८१४
2520,
2521,केणावि जम्मदिअहे इमीए असरीरिआए वाआए
2522,दिव्वेण समाइट्ठं सिट्ठं देवण्णुएहिं पि // ळीला.८१५
2523,
2524,जह तो इमीए वरबालिआए होही वरो त्ति वरसमए
2525,सो सअलपुहइणाहो लहिही दिव्वाओ सिद्धीओ // ळीला.८१६
2526,
2527,एवं सोऊण कअं वद्धावणअं म्ह राइणा तत्थ
2528,पहआĩ सङ्खकाहलरवसंवलिआĩ तूराइं // ळीला.८१७
2529,
2530,उब्भीकआउ वरगुडिआओ हट्टेहĩ हट्टसोहाओ
2531,देवालएहĩ देवङ्गधअवडाओ अ लोएण // ळीला.८१८
2532,
2533,परमपरिओसमुइओ पणच्चिओ वरविलासिणीणिवहो
2534,दिण्णाĩ विप्पबन्दिण बहुविहआइं च दाणाइं // ळीला.८१९
2535,
2536,एवं णिव्वत्तासेसणामकरणाइमङ्गलीएहिं
2537,तद्दिअसं कीरन्तेहĩ बालभावाउ उत्तिण्णा // ळीला.८२०
2538,
2539,णिव्वडिआसेसविलाससोहसुपसाहिएहĩ अङ्गेहिं
2540,आरम्भो णवजोव्वणसिरीए गहिओ अआलेण // ळीला.८२१
2541,
2542,ताव अ लावण्णामअपूरिज्जन्तांĩ से णिएऊण
2543,अङ्गाĩसिलामेहेण चिन्तिअं को वरो होज्ज // ळीला.८२२
2544,
2545,अण्णम्मि दिणे बहुसिक्खिआण सुमईण विद्धकुसलाण
2546,णिअणअरचित्तआराण अप्पिओ राइणा णिअमो // ळीला.८२३
2547,
2548,जह वच्चह हे उज्झायसीसहा एत्थ पुहइविक्खाआ
2549,वसुहाहिवा लिहेऊण मज्झ दावेह जे के वि // ळीला.८२४
2550,
2551,तो तेहĩ चित्तआरेहĩ ते णरेन्दा बहूहĩ दिअहेहिं
2552,लिहिऊण जहाइट्ठा सुहदिअहे दाविआ पहुणो // ळीला.८२५
2553,
2554,तेणावि चिरं णिव्वण्णिऊण लीलावईए वासहरे
2555,सण्ठविआ सुपइत्तेण किं पि हिअए धरेऊण // ळीला.८२६
2556,
2557,तो जद्दिअसाहिन्तो दिट्ठा वसुहाहिवा इमीए तहिं
2558,तद्दिअसाओ दीसइ दिअहे दिअहे किसाअन्ती // ळीला.८२७
2559,
2560,ण रमइ सहीहĩ समअं ण देइ सुअसारिआण परिवाडिं
2561,णाहरणं पडिवज्जइ ण सुणइ गेअं पि गिज्जन्तं // ळीला.८२८
2562,
2563,कुसुमोच्चअं पि ण कुणइ भवणुज्जाणम्मि विअसिअलअम्मि
2564,ण अ भवणदीहिआमज्जणम्मि चित्तं समप्पेइ // ळीला.८२९
2565,
2566,ण अ रज्जं बहु मण्णइ ण रमइ वाउल्लिआहĩ अविअण्हं
2567,णिद्दं विणा वि सअणं ण अ मुञ्चइ अद्धणिमिसं पि // ळीला.८३०
2568,
2569,ण अ विसइ णट्टसालं ण अ कीलापव्वअं समारुहइ
2570,धाराहरे वि ण रमइ णाहारे आअरं कुणइ // ळीला.८३१
2571,
2572,इअ एव मए उवलक्खिऊण एक्कम्मि वासरविरामे
2573,काऊण रहस्सं णवर पुच्छिआ सहि णिसामेसु // ळीला.८३२
2574,
2575,कीस तुमं तद्दिअसं जोयाभासं गआ इव दुपेच्छं
2576,सङ्कप्पालिहिअं पिव पेच्छन्ती णालसं जासि // ळीला.८३३
2577,
2578,ण रमसि केणावि समं दिट्ठं पि ण परिअणं समालवसि
2579,अम्हं पि ण वेसम्भसि अलमहवा पुच्छिआए तए // ळीला.८३४
2580,
2581,तं तह सोऊण ममाहĩ पणअपरिकोअकक्कसं वअणं
2582,लीलावईए भणिअं पिअसहि कह तुज्झ ण कहेमि // ळीला.८३५
2583,
2584,ण तहा जणन्ति सोक्खं कज्जविसेसा विसेसरमणीआ
2585,दीसन्ता वि हु एक्केहĩ जह वअंसेसु सीसन्ता // ळीला.८३६
2586,
2587,अणुहूआण वि एक्केहĩ दइअदंसणविसेससोक्खाण
2588,पच्छा वअंसिसिट्ठाण पल्लवा ताण पसरन्ति // ळीला.८३७
2589,
2590,ता साहेमि णिसामेसु तुज्झ एआण पुहइवालाण
2591,मज्झम्मि इमो जो तविअकणअसरिसप्पहो लिहिओ // ळीला.८३८
2592,
2593,दीसइ तणुकसणसणिद्धकेसवल्लरिपसाहिआवअवो
2594,विउलाणणारविन्दो आरत्ततिहाअणअणजुओ // ळीला.८३९
2595,
2596,उण्णअणासावंसो सुपरिट्ठिअमडहकन्धराबन्धो
2597,विअडोरत्थलदेसो आजाणुपलम्बदीहभुओ // ळीला.८४०
2598,
2599,मच्छङ्कुसजवचक्कङ्ककरअलो पीणपीवरपओट्ठो
2600,तणुमज्झो सीहकडी करिकरजङ्घोरु सुहचलणो // ळीला.८४१
2601,
2602,एअं दट्ठूण महं जाअं कोऊहलं परं हिअए
2603,धण्णाओ ताउ जाणं दइओ एसो णराहिवई // ळीला.८४२
2604,
2605,धण्णाण वि धण्णअराओ ताओ दइआओ जाओ एअस्स
2606,पेच्छन्ति मुहं णिच्चं ताणं पि णमो पुरन्धीणं // ळीला.८४३
2607,
2608,इअ एवं चिन्तन्तीए सो मए पुच्छिओ सुचित्तअरो
2609,सिट्ठं च तेण एसो राआ सालाहणो णाम // ळीला.८४४
2610,
2611,अखलिअपआवपसरो उइओइयवंससम्भवो सुअणो
2612,सव्वकलापत्तट्ठो चाई सूरो सुहाराहो // ळीला.८४५
2613,
2614,अह तस्स मुहाहि णिसामिऊण सविसेसकोउहल्लाए
2615,जाआ मणडोहलआ जइ एसो मह वरो होइ // ळीला.८४६
2616,
2617,एवं तद्दिअसपवित्थरन्तचिन्ताभरोत्थअमणाए
2618,बहुएहĩ णवर दिअहेहĩ मज्झ सहि आगआ णिद्दा // ळीला.८४७
2619,
2620,ता सो जहसम्भाविअरूवाइसओ णराहिवो तत्थ
2621,जाणामि समासीणो आगन्तूणम्ह सअणीए // ळीला.८४८
2622,
2623,ता सहि पच्चक्खं पिव तद्दंसणसज्झसावहियहिअआ
2624,सहस त्ति समुट्ठन्ती हत्थे घेत्तूण णे भणिआ // ळीला.८४९
2625,
2626,एएहĩ अवङ्गेहुण्णमन्तभुमआवलन्तविसमेहिं
2627,हरिऊण मज्झ हिअअं णअणेहĩ कहिं खु चलिआ सि // ळीला.८५०
2628,
2629,ता तक्खणं पकम्पन्तहिअअपडिवण्णपणअपसरा वि
2630,लज्जाए अहं पिअसहि णइञ्चि पडिजम्पिआ तस्स // ळीला.८५१
2631,
2632,तो तेण मज्झ सहसा थिमिआलसलोअणुण्णअमुहेण
2633,दिण्णो पओहरोवरि ससेअविरलङ्गुली हत्थो // ळीला.८५२
2634,
2635,अवगूहिऊण धणिअं णवर णिसण्णो पुणो तहिं चेअ
2636,परिउम्बिअम्हि वअणे णअणेसु कवोलपासेसु // ळीला.८५३
2637,
2638,एवं च चाटुआरेण तेण लज्जा अलज्जिरेणम्ह
2639,अवहरिआ हिअआओ समअं कोमारभावेण // ळीला.८५४
2640,
2641,एत्थुप्परं ण आणामि किं पि जं तुह कहेमि वाआए
2642,हिअअं चिअ जइ जाणइ केत्तिअमेत्तं ण विम्हरइ // ळीला.८५५
2643,
2644,तावअ पहाअपडिहअतूरणिणाएण पडिविउद्धाए
2645,सच्चविअं सयणीअं जा सो ण अणम्हि कत्थ गओ // ळीला.८५६
2646,
2647,तद्दिअसाओ पिअसहि तं चिअ खलु सिविणअं सरन्तीए
2648,पच्चक्खसोक्खतण्हालुआए परिवड्ढिआ चिन्ता // ळीला.८५७
2649,
2650,ता सुक्कपाअवब्भन्तरुग्गओ हुअवहो व्व मह मअणो
2651,चिन्तासमीरणुद्दीविओ व्व हिअअम्मि पज्जलिओ // ळीला.८५८
2652,
2653,ता ण सुहं सअणीए ण अ धरणिअले ण बाहिरे ण घरे
2654,ण अ दिणसमए ण णिसासु कह वि पावन्ति अङ्गाइं // ळीला.८५९
2655,
2656,एआइ मि रमणीआĩ जाĩ भणिआĩ तुम्हि पुणरुत्तं
2657,विवरीआĩ असेसाĩ ताĩ जाआĩ मह एण्हिं // ळीला.८६०
2658,
2659,अह किं पुणरुत्तपअम्पिएण बहुएण तुज्झ सहि पुरओ
2660,उद्देसिअं पि जाणसि हिअअणिहित्तं म्ह सब्भावं // ळीला.८६१
2661,
2662,जइ सो एत्थ ण एही ताओ ण अ पेसिही ममं तत्थ
2663,ता दूसहं सहन्ती मरणे वि सुहं ण पाविस्सं // ळीला.८६२
2664,
2665,तं तह सोऊण चिरं भअवइ भणिअम्हि तह वि णूमेसि
2666,एमविहो अणुराओ एमविहे वि हु वरे जाओ // ळीला.८६३
2667,
2668,अम्बाए इमं सीसउ स च्चिअ ताअस्स कहउ जं सन्तं
2669,सो वि हु सुद्धसहावो काही हिअइच्छिअं तुज्झ // ळीला.८६४
2670,
2671,भणिअं पुणो वि लीलावईए किमहं ण आणिमो एअं
2672,सिविणअदिट्ठम्मि जणे अणुबन्धो पडइ उवहासे // ळीला.८६५
2673,
2674,तह वि हु जह ण हसिज्जइ लक्खिज्जइ जह ण पोढिमा मज्झ
2675,तह साहेज्जसु पिअसहि अम्बाए णिज्जणम्मि तुमं // ळीला.८६६
2676,
2677,एवं भणिआइ मए भअवइ गन्तूण णिज्जणुद्देसे
2678,सिट्ठं माआपिउणो ण विरुज्झइ जह सलज्जाण // ळीला.८६७
2679,
2680,तो गुरुअणेण एसा तं चिअ बहु मण्णिऊण मह भणिअं
2681,सव्वाअरेण हालस्स पेसिआ वच्चउ पहाए // ळीला.८६८
2682,
2683,इअ एमविहं भाउअ विचित्तलेहाणणाहि सोऊण
2684,सहस त्ति महाणुमईए पभणिअं सहरिसङ्गीए // ळीला.८६९
2685,
2686,पिअसहि विचित्तलेहे एसाहं इह वसन्तसिरितणआ
2687,तुम्हं माउसभइणी साहसु लीलावईए लहुं // ळीला.८७०
2688,
2689,तो सा विचित्तलेहा एवं सोऊण पडिगआ तुरिअं
2690,लीलावईए पासं हिअए णमाअन्तपरिओसं // ळीला.८७१
2691,
2692,ता तीए समं कञ्चुइपुरस्सरा परिअणेण परिअरिआ
2693,लीलावई वि सहसा अम्ह सआसं समल्लीणा // ळीला.८७२
2694,
2695,अह सहरिसाए भाउअ सहसा समइच्छिआ मए पढमं
2696,तह अ महाणुमईए पुलअसणाहेहि अङ्गेहिं // ळीला.८७३
2697,
2698,तो सा अम्हेहĩ तहिं अणिच्छमाणा वि कड्ढिऊण करे
2699,उववेसिआ सलज्जा एक्कासणमज्झदेसम्मि // ळीला.८७४
2700,
2701,अह एक्केक्कमकुलहरकुसलसुहालावदिण्णहिअआण
2702,गलिअं णिरुम्भमाणं पि बाहसलिलं कवोलेसु // ळीला.८७५
2703,
2704,पुसिऊण कवण्डलवारिणा मुहं मह मुहं णिअन्तीए
2705,लीलावईए भणिअं अज्जे एअं म्ह अच्छरिअं // ळीला.८७६
2706,
2707,एसो जडाकलावो इमाĩ तरुवक्कलाĩ इह वासो
2708,वअविहवाआरकुलक्कमस्स दूरं विरुद्धाइं // ळीला.८७७
2709,
2710,सिट्ठं च मए तिस्सा एअं जं तुम्ह साहिअं पढमं
2711,अमुणिअमणाइ भाउअ णीसेसं साअरं तीए // ळीला.८७८
2712,
2713,तं तह सोऊण ममाहि तक्खणं चेअ तीए उल्लविअं
2714,अज्जदिवसाउ अज्जे ममावि वासो इह च्चेअ // ळीला.८७९
2715,
2716,सो हिअअसमीहिअवरसमागमो जेच्चिरेण सम्पडइ
2717,तेच्चिरआलं तुम्हाण चलणसंवाहिआहोमि // ळीला.८८०
2718,
2719,एवं च समुल्लविए भणिअं अम्हेĩ पडिहअं वअणं
2720,एअं तुह बालमअच्छि कण्णकडुअं सुणन्ताण // ळीला.८८१
2721,
2722,असुहज्जिअकम्माण वि हवन्तु अम्हाण सम्पइ सुहाइं
2723,तुह हिअअसमीहिअवरविवाहदंसणमहग्घाइं // ळीला.८८२
2724,
2725,भणिअं पुणो वि लीलावईए मा एरिसं समुल्लवसु
2726,किं तुम्हेहि ण आणह जह भणिअं पुव्वपुरिसेहिं // ळीला.८८३
2727,
2728,इअ जेट्ठाणुक्कमबाहिराĩ कज्जाĩ जाĩ कीरन्ति
2729,असुहाĩ ताĩ लोए पडन्ति उवहासपअवीए // ळीला.८८४
2730,
2731,जइ कह व अपेच्छन्ती वसणमिणं ववगआ गआ णाम
2732,सम्पइ लोअविरुद्धं गमणं मा भणसु एत्ताहे // ळीला.८८५
2733,
2734,अह किं बहुणा तुह पिसुणिएण सा कह वि कह वि अम्हेहिं
2735,विणिअत्तिउं ण तिण्णा इमाउ णिअणिच्छआहिन्तो // ळीला.८८६
2736,
2737,इअ एवं वसणपरम्पराए ओवग्गिआओ अम्हेहĩ
2738,ता किं पुच्छसि ण कओ तुम्ह पसाओ भवाणीए // ळीला.८८७
2739,
2740,एवमसेसं सोऊण तत्थ तं कुवलआवलिमुहाओ
2741,णरणाह मए भणिअं हिअए णमाअन्ततोसेण // ळीला.८८८
2742,
2743,एसो हं भअवइ तस्स राइणो पणइआण मज्झम्मि
2744,आबालसेवओ वरपसाअसुहसङ्गसन्तुट्ठो // ळीला.८८९
2745,
2746,ता कहसु कत्थ सा अम्ह सामिणी वसइ जण्णिएऊण
2747,साहामि सहरिसं सुकअकम्मफलमप्पणं पहुणो // ळीला.८९०
2748,
2749,भणिअं च इसिसुआए हरिसभरिज्जन्तलोअणमुहीए
2750,अमअवरिसो व्व भाउअ अज्ज तुमं आगओ अम्ह // ळीला.८९१
2751,
2752,एत्थम्ह तवोवणतरुविणाससङ्काणिरुद्धपरिवारा
2753,लीलावई इमाओ णिवसइ अद्धोअणद्धम्मि // ळीला.८९२
2754,
2755,अह एवं जा पिसुणेइ मज्झ सा कुवलआवली देव
2756,ता तत्थ महाणुमई वि आगआ एक्कदेसाओ // ळीला.८९३
2757,
2758,सिट्ठं से सहि सालाहणस्स पिअपणइआण मज्झम्मि
2759,एसो विजआणन्दो आबालवअंसओ पेच्छ // ळीला.८९४
2760,
2761,तो तं सोऊण ससम्भमाए जक्खाहिवस्स तणआए
2762,भणिअं अज्ज सुदिअसो भाउअ तुम्हागमेणम्ह // ळीला.८९५
2763,
2764,तो गोसग्गे पेच्छसु तत्तो च्चिअ कुवलआवलीए समं
2765,गन्तूण सामिजाअं अमअरसोल्लेहĩ अच्छीहिं // ळीला.८९६
2766,
2767,भणिअं च मए भअवइ जं सि तुमं आणवेसि एत्ताहे
2768,मह उण हिययं असहीरणाए णीअं तहिं चेअ // ळीला.८९७
2769,
2770,एवं सा तुम्ह कहाविणोअसुहणिब्भराण वोलीणा
2771,सव्वाण विणिद्दाणम्ह देव अइदीहरा राई // ळीला.८९८
2772,
2773,तो गोससमाहिसुहावसाणसमअम्मि पेसिआ ताहिं
2774,तावसकुमरी लीलावईए परिओसिरी पुरओ // ळीला.८९९
2775,
2776,अणुमग्गमुवगआ से अम्हे वि हु कुवलआवलीए समं
2777,पत्ता अ करिकरेणूसमाउलं राउलं तत्थ // ळीला.९००
2778,
2779,दिट्ठं च मए पढमं गहिआउहभडणिहाअणिव्विच्चं
2780,बीअं पडिहारणिरुम्भमाणजणसङ्कुलं दारं // ळीला.९०१
2781,
2782,तइअं च महुरमद्दलवेणुपगिज्जन्तमङ्गलणिहोसं
2783,रमणिअणाहरणमऊहजालबज्झन्तसुरचावं // ळीला.९०२
2784,
2785,एवमहं तं तइअं कमेण कच्छन्तरं कमेऊण
2786,अब्भन्तरकअकुसुमोवआरमणिकुट्टिमं विसिओ // ळीला.९०३
2787,
2788,ता तत्थ फलिहमणिकुट्टिमम्मि विरइअपिसण्डिपल्लङ्के
2789,सहस त्ति समासीणा सच्चविआ सा मए कुमरी // ळीला.९०४
2790,
2791,णाणाविहगहिअपसाहणेण सहिआअणेण परिअरिआ
2792,विमलम्मि सरअसमए सरिक्खणवचन्दलेह व्व // ळीला.९०५
2793,
2794,अह सा सब्भुट्ठाणं णमिऊण पुणो वि तत्थ सअणीए
2795,कुवलअमालाए समं जेट्ठकणिट्ठं समासीणा // ळीला.९०६
2796,
2797,ताव अहं पि णराहिव कअसत्थीवाअणो समासीणो
2798,सव्वाअरोवणीए पुरओ कणआसणुच्छङ्गे // ळीला.९०७
2799,
2800,अह तत्थ सुहासणकअपरिग्गहो साअरं सलज्जेहिं
2801,अच्छीहिं चिअ लीलावईए सम्माणिओ त्ति अहं // ळीला.९०८
2802,
2803,ता णिहुअणिवारिअपरिअणाए पट्ठिट्ठिआए बालाए
2804,एक्काए कणअकलसो सिसिरो पल्हत्थिओ सीसे // ळीला.९०९
2805,
2806,अण्णाए कण्ठमज्झे सञ्जमिओ णिअअउत्तरिज्जेणं
2807,अण्णाए सिचअवट्टीए कड्ढिओ मज्जणाहुत्तं // ळीला.९१०
2808,
2809,अण्णाहĩ परमपरिहासपहरिसुप्पण्णगरुअथामाहिं
2810,हक्खुविउं उज्जल्ला खित्तो हं कणअदोणीए // ळीला.९११
2811,
2812,ता तुम्ह सङ्कहालावपमुइआहिं पसण्णवअणाहिं
2813,ण्हावेऊण जहेच्छं भोअणसालं समुवणीओ // ळीला.९१२
2814,
2815,तत्थ मणोज्जं सरसं विविहाहारं कमेण भोत्तूण
2816,तम्बोलकरविलेवणसम्पत्तुक्किट्ठसम्माणो // ळीला.९१३
2817,
2818,परिअरिओ वररमणीअणेण उवसप्पिओ पुणो वि तहिं
2819,जाआए तुम्ह णरवइ सप्परिहासं हसिज्जन्तो // ळीला.९१४
2820,
2821,अज्जेत्थ तुम्ह गरुओ सउणविसेसेण केण वि किलेसो
2822,जाओ अविणअसीलाओ दुट्ठजुवईअणाहिन्तो // ळीला.९१५
2823,
2824,भणिअं च मए सामिणि एअं एएहĩ जं कअं अम्ह
2825,तं सविसेसं होही दूणं तिउणं ममाहिन्तो // ळीला.९१६
2826,
2827,अम्हेहिं पि ण भद्दा जं जेण कअं कमेण तं तस्स
2828,अकअं होही किं जम्पिएण बहुएण एत्ताहे // ळीला.९१७
2829,
2830,एवमवराĩ बहुसो परिहासपअम्पिआĩ सोऊण
2831,सप्परिओसा सा कुवलआवली ववगआ देव // ळीला.९१८
2832,
2833,एवमहं पि णराहिव तत्थ सुहं अच्छिऊण तद्दिअहं
2834,गोसे धरेज्जमाणो वि ताहĩ तुरिअं समुच्चलिओ // ळीला.९१९
2835,
2836,पत्तो अविहाविअपहपरिस्समो अगणिएहĩ दिअसेहĩ
2837,गरुएण महातोसेण तुम्ह पअपङ्कअच्छाअं // ळीला.९२०
2838,
2839,एवमसेसं कुवलअदलच्छि सोऊण राइणा तत्थ
2840,विजआणन्दो तं चेअ पुच्छिओ फुल्लिअच्छेण // ळीला.९२१
2841,
2842,हंहो सच्चं एअं सच्चविअं किं तए सअच्छीहिं
2843,णिसुअं वा कत्थ वि सिविणअं व दिट्ठं णिसासमए // ळीला.९२२
2844,
2845,भणिअं च तेण णरवइ सच्चं मोत्तूण सामिणो पुरओ
2846,उल्लवइ को अलज्जो एद्दहमेत्तं फलं कज्जं // ळीला.९२३
2847,
2848,तं तह सोऊण णराहिवेण उब्बिम्बबालहरिणच्छि
2849,भणिअं अज्ज वि अच्छइ ता किं सो पोट्टिसो तत्थ // ळीला.९२४
2850,
2851,णूणं च सिलामेहो वि जेण दुच्चिन्तिमा परिच्चअइ
2852,आ जम्मं तेण समं एत्ताहे घरकुडुम्बं म्ह // ळीला.९२५
2853,
2854,अण्णं च पुणो पुच्छामि साह जइ तं तए तहा दिट्ठं
2855,ता सो सिद्धकुमारो कह उण ताणं समावडइ // ळीला.९२६
2856,
2857,जइ होइ महाणुमईए सो वरो ता ममं पि पडिवण्णं
2858,विहिणा जं तं लीलावईए सिविणन्तरे दिट्ठं // ळीला.९२७
2859,
2860,जइ सो तिस्सा ता सा वि अम्ह लीलावई सराआ वि
2861,पत्थेज्ज अहं ता पिअवअंस वच्चेज्ज से पासं // ळीला.९२८
2862,
2863,विसमा खलु कज्जगई णेसा दाणेण णेअ बुद्धीए
2864,ण अ पोरिसेण सिज्झइ एक्कं देव्वं पमोत्तूण // ळीला.९२९
2865,
2866,जं जीएण वि दुलहं दूरत्थं जं मणोरहाणं पि
2867,तं मह विहिणा सव्वाअरेण सोक्खं समाइट्ठं // ळीला.९३०
2868,
2869,तह वि दुरासा एसा जीएण समं म्ह सम्पइ णिबद्धा
2870,वच्चेज्जसु विजआणन्द तं सि जा पोट्टिसो एइ // ळीला.९३१
2871,
2872,जं तं णिसुअं सिट्ठं च तेण लीलावईए जम्मदिणे
2873,असरीरिआए वाआए किं पि केणावि किर भणिअं // ळीला.९३२
2874,
2875,तं पुच्छिज्जइ सो च्चिअ पुणो वि एवंविहे समावडिए
2876,कह होज्ज अम्ह जाआ कह वा सिद्धाहिवो तिस्सा // ळीला.९३३
2877,
2878,एवं जा तेण समं विजआणन्देण अच्छइ णरिन्दो
2879,मन्तन्तो ता कुवलअदलच्छि सो पोट्टिसो पत्तो // ळीला.९३३अ
2880,
2881,तो से विजआणन्देण किं पि जं पाविअं दिसाविजए
2882,तं उवणीअं पहुणो करिरअणसुवण्णसङ्घाअं // ळीला.९३४
2883,
2884,तो तम्मि महाकोसे सच्चविओ राइणा अणग्घेओ
2885,पाहुडजोग्गो लीलावईए थूलामलो हारो // ळीला.९३५
2886,
2887,अह तं घेत्तूण णराहिवेण ससिसोहणिम्मलं हारं
2888,भणिओ विजआणन्दो एअं चिअ पाहुडं तिस्सा // ळीला.९३६
2889,
2890,वच्चसु घेत्तूण लहुं कज्जगइं जाणिऊण तं तत्थ
2891,अविलम्बं विजआणन्द पडिवहं सच्चविज्जासु // ळीला.९३७
2892,
2893,एवं भणिऊण णराहिवेण उब्बिम्बबालहरिणच्छि
2894,विजआणन्दो लीलावईए सम्पेसिओ पासं // ळीला.९३८
2895,
2896,अह ववगअम्मि कुवलअदलच्छि सो सालवाहणणरिन्दो
2897,विजआणन्दम्मि दिणं णिसं च अप्पा वि विम्हरिओ // ळीला.९३९
2898,
2899,अकअसुकव्वविणोओ अवहत्थिअरज्जकज्जवावारो
2900,अणिसामिअसुहिवअणो अपसाहिअविग्गहावअवो // ळीला.९४०
2901,
2902,णिद्दासुहपरिहरिओ असमीहिअमज्जणो अणिव्वाणो
2903,असुअसुईउवएसो अदिट्ठसुविलासिणीविसओ // ळीला.९४१
2904,
2905,पोट्टिसमीसेहĩ समं णिच्चं लीलावईकहासत्तो
2906,विजआणन्दागमणं झाअन्तो अच्छइ दिणम्मि // ळीला.९४२
2907,
2908,अण्णम्मि वासरे वित्तिएण सहस त्ति विअसिअमुहेण
2909,विजआणन्दो दारे विण्णत्तं पुहइणाहस्स // ळीला.९४३
2910,
2911,अह तेण सहरिसं कुवलअच्छि हक्कारिऊण आइट्ठं
2912,विजआणन्दस्स णराहिवेण कणआसणं पुरओ // ळीला.९४४
2913,
2914,तो तत्थ कअपसाओ आसीणो पुच्छिओ णरिन्देण
2915,कुसलं तुह विजआणन्द अइचिरं चेअ आगमणं // ळीला.९४५
2916,
2917,अविसट्टं ते वअणं विच्छाअं विग्गहं किसा वाणी
2918,कीस कएण णिरोज्जाĩ तुम्ह णअणाĩ एत्ताहे // ळीला.९४६
2919,
2920,भणिअं च तेण णरवइ किं कीरइ विम्मुहेण हअविहिणा
2921,अण्णाहुत्तं कीरइ अण्णइ परिचिन्तिअं कज्जं // ळीला.९४७
2922,
2923,तं तह एक्केणं चिअ तुरअसहस्सेण देव सुजवेण
2924,सम्पत्तो हं लीलावईए पासम्मि सन्तुट्ठो // ळीला.९४८
2925,
2926,दिट्ठा सा तत्थ मए मद्दंसणहरिसपप्पुअच्छिजुआ
2927,लीलावई णराहिव पमुइअपरिवारपरिअरिआ // ळीला.९४९
2928,
2929,तो से कअसम्माणो अल्लीणो तीए पाअमूलम्मि
2930,सव्वाअरोवणीआसणम्मि समुअं समासीणो // ळीला.९५०
2931,
2932,अह सो मए णराहिव तुह जसधवलो समप्पिओ हारो
2933,तीए वि तक्खणं चिअ पओहरोवरि परिट्ठविओ // ळीला.९५१
2934,
2935,अह तत्थ मए भणिआ विचित्तलेहा वि तुम्ह वअणेण
2936,सुअणु णिसामह सीसइ जं तुम्हप्पाहिअं पहुणा // ळीला.९५२
2937,
2938,अण्णेसिआĩ बहुसो लद्धाĩ ण ताĩ मज्झ हिअएण
2939,अप्पाहणक्खराइं इह तुम्हं जाĩ सीसन्ति // ळीला.९५३
2940,
2941,भणिअं च तीए भाउअ एवं एअं भणन्ति ते जं म्ह
2942,सव्वाण वि साणुभवं णेहणिबद्धाण सुअणाण // ळीला.९५४
2943,
2944,दिज्जन्ति जाĩ पिअमाणुसम्मि अविहत्तहिअअभावम्मि
2945,दुलहाĩ ताĩ णिक्कइअवाĩ अप्पाहणवआइं // ळीला.९५५
2946,
2947,एवम्ह सप्पसाअस्स सम्पअं केण सुहविणोएण
2948,वच्चन्ति तुम्ह पहुणो दिअहा तद्दिअहरमणीआ // ळीला.९५६
2949,
2950,भणिअं च मए सुन्दरि इमाए तुम्हञ्चिआइ चिन्ताए
2951,अविहाविअणिसिदिअहं पेच्छइ जोइ व्व झाणगओ // ळीला.९५७
2952,
2953,णो सम्भरइ पलत्तं पेच्छइ ण समीवसण्ठिअं पि जणं
2954,ण अ मज्जणं पवज्जइ ण त्थाणं देइ णिविसं पि // ळीला.९५८
2955,
2956,चिन्तेइ पुहइदाणेण होज्ज जइ पिअअम त्ति ता सुलहा
2957,खग्गेण व होज्ज तहा वि णेअ दूरन्तरं किं पि // ळीला.९५९
2958,
2959,इअ चिन्तोअहिपडिओ परिसेसिअरज्जकज्जवावारो
2960,किङ्काअव्वविमूढो अप्पा वि हु णेअ लक्खेइ // ळीला.९६०
2961,
2962,तं तह सोऊण चिरं देवीए देव मज्झ वअणाओ
2963,आमुक्को जिम्भालसमिसेण हिअआहि णीसासो // ळीला.९६१
2964,
2965,भणिअं च अलं पिअसहि केत्तिअमेत्तेण चित्तखेएण
2966,दे ण्हावह ताव इमो दीहरपहलङ्घणुच्चाओ // ळीला.९६२
2967,
2968,जेणम्हेहĩ समं चिअ सज्जणमुहअन्ददंसणेच्छाण
2969,जक्खमहेसिसुआणं वच्चइ पासं अणत्थमिए // ळीला.९६३
2970,
2971,अह तक्खणेण णरवइ णिव्वत्तासेसमज्जणाहारो
2972,बहुसम्माणपहिट्ठो देवीए समं समुच्चलिओ // ळीला.९६४
2973,
2974,पुरओ च्चिअ सम्पत्तो ताणं च तवोवणं सुअम्माण
2975,परपरिओसपहिट्ठो अल्लीणो ताण पासम्मि // ळीला.९६५
2976,
2977,तो दूरकअपणामो उवविट्ठो विमलमणिसिलावट्टे
2978,देवी वि ताहĩ समअं अविरिक्कसुहासणासीणा // ळीला.९६६
2979,
2980,भणिअं च ताहĩ कुसलं तुह विजआणन्द सामिणो तत्थ
2981,किं पडिवज्जइ सो अम्ह दंसणं जह तए सिट्ठं // ळीला.९६७
2982,
2983,भणिअं च मए भअवइ सुव्वउ जं तेहĩ तुम्ह विण्णत्तं
2984,थोअक्खरबहुअत्थं सब्भावसमप्पिअं वअणं // ळीला.९६८
2985,
2986,कइआ सो सुहदिअहो चिन्तावसणिण्णिमेससुढिआइं
2987,अच्छीणि तुम्ह दंसणणिव्वाणसुहं गमिस्सन्ति // ळीला.९६९
2988,
2989,भणिअं च ताहĩ भाउअ जिअउ चिरं होउ तस्स सो दिअहो
2990,लीलावईए करकमलसिरिसमागमसुहं जत्थ // ळीला.९७०
2991,
2992,पिअअमसम्पेसिअणिअसरीरवत्तापसाअलम्भेण
2993,वद्धाविज्जसि पिअसहि भणिआ लीलावई ताहिं // ळीला.९७१
2994,
2995,एक्केक्कमेक्कपरिओसपमुइआणन्दणिब्भरमणाहिं
2996,सच्चविओ सो लीलावईए कण्ठट्ठिओ हारो // ळीला.९७२
2997,
2998,तो झत्ति पअम्पिअहिअअवेअणावसविसण्णवअणाहिं
2999,भणिअं सहि लीलावइ रेहइ थणएसु ते हारो // ळीला.९७३
3000,
3001,सिट्ठं देवीए इमो विजआणन्देण उवणिओ एत्थ
3002,इअ सोऊण पलत्तं मह वअणणिवेसिअच्छीहिं // ळीला.९७४
3003,
3004,एसो तुह विजआणन्द सामिणा कत्थ पाविओ हारो
3005,केच्चिरआलं च इमो कोसे हालस्स परिवसिओ // ळीला.९७५
3006,
3007,सिट्ठं च मए तिस्सा णराहिवो वीरवाहणो णाम
3008,सो मलअसेलणाहो गहिओ अम्हेहि दिव्विजए // ळीला.९७६
3009,
3010,तस्स महाभण्डारे उवणिज्जन्ते णराहिवेण सअं
3011,सम्पेसिओ णिएऊण साअरं एस वरहारो // ळीला.९७७
3012,
3013,तं वज्जवडणसविसेसदूसहं णिसुणिऊण दोहिं पि
3014,तह रुण्णं जह लीलावई वि मोहं च सम्पत्ता // ळीला.९७८
3015,
3016,हा किं अविवण्णे तम्मि जाइ एवंविहं गइं हारो
3017,जो तेण दुसहवम्महपज्जलिए विणिहिओ हिअए // ळीला.९७९
3018,
3019,हा कीस मए एवं एच्चिरआलं दुरासणडिआए
3020,परिरक्खिअं हआसाए जीविअं पावकम्माए // ळीला.९८०
3021,
3022,एसो किर अविसारो हिअए परिभाविऊण तस्स मए
3023,माहविलआए हत्थम्मि उप्पिओ कह णु विच्छुडिओ // ळीला.९८१
3024,
3025,हा वज्जकढिणहियवय हारस्सेयस्स दंसणे अज्ज
3026,तुडिया कुमारसङ्गमयासा रे फुडसु एत्ताहे // ळीला.९८२
3027,
3028,तक्कालं जं ण मआ एअं तं कुवलआवलि फलं म्ह
3029,सम्पत्तं सविसेसं लीलावइवसणसञ्जुत्तं // ळीला.९८३
3030,
3031,दे वच्चसु भइणि तुमं दुसहं सहिअं इमं म्ह दोसेण
3032,एअं चिअ अवसाणं अम्हं पि इह त्थिअव्वस्स // ळीला.९८४
3033,
3034,विजआणन्देण पुरस्सरेण तुह सहइ बालहरिणच्छि
3035,गमणं अणुराअरसूसुअस्स पासं महीवइणो // ळीला.९८५
3036,
3037,तं कुलिसघाअसविसेसदूसहं णिसुणिऊण णरणाह
3038,लीलावई विमुज्झन्तसासपसरा चिरं जाआ // ळीला.९८६
3039,
3040,परिचिन्तिअम्हि हिअए हंहो हअदेव्व तुज्झ किं जुत्तं
3041,सव्वाण वि समअं चिअ संहारे आअरं काउं // ळीला.९८७
3042,
3043,ता भणिअं जक्खकुमारिआए तुह जेण पेसिओ हारो
3044,तस्सेसो पडिपाहुडकएण पेसेमि अङ्गुलिओ // ळीला.९८८
3045,
3046,जं तेण मज्झ तं तह हत्थाहत्थं समप्पिओ तइआ
3047,तस्सेस च्चेअ गई सम्पइ अङ्गुलिअरअणस्स // ळीला.९८९
3048,
3049,एवं भणिऊण सअं एसो णरणाह जक्खतणआए
3050,पडिपाहुडं पयत्तेण पेसिओ तुम्ह अङ्गुलिओ // ळीला.९९०
3051,
3052,भणिअं च कण्णमूलम्मि मज्झ विणिवेसिऊण मुहकमलं
3053,अइरा पेसेज्जसु सालवाहणं मह सआसम्मि // ळीला.९९१
3054,
3055,चित्तं चित्तगएणावि जेण तिस्सा णिरग्गलं हरिअं
3056,सा कह णु तस्स पच्चक्खदंसणे मरणमहिलसइ // ळीला.९९२
3057,
3058,ताहं तस्स सहत्थेण एत्थ लीलावई समप्पेउं
3059,पच्छा हिअअसमीहिअकज्जुच्छाहं अणुट्ठिस्सं // ळीला.९९३
3060,
3061,एवं भणिऊण तहिं सहसा सम्पेसिओ अहं तीए
3062,लीलावईए पच्छा उल्लविअं सुअणु णिसुणेसु // ळीला.९९४
3063,
3064,णिअसामिणो भणिज्जसु तुह चलणम्बुरुहदंसणसुहाण
3065,एवं अभाअणाहं अण्णम्मि वि होज्ज मा जम्मे // ळीला.९९५
3066,
3067,एवं सव्वाणं चिअ कअप्पणामो विसाअपरिगहिओ
3068,सम्पत्तो तुह चलणारविन्दमूलम्मि एत्ताहे // ळीला.९९६
3069,
3070,इअ जं जुज्जइ एवंविहम्मि कज्जम्मि तुम्ह णरणाह
3071,तं अविलम्बं कीरउ कज्जं अप्पाहणाणुगअं // ळीला.९९७
3072,
3073,तं तह सोऊण चिरं सो राआ कुवलअच्छि तव्वेलं
3074,झाणट्ठिओ व्व मइमोहिओ व्व छलिओ व्व सञ्जाओ // ळीला.९९८
3075,
3076,णिप्फन्दगअणिरालोअलोअणो णट्ठचेट्ठणित्थामो
3077,भणिओ विजआणन्देण देव अलमिह विलम्बेण // ळीला.९९९
3078,
3079,जं तुम्ह महाणुमईए पिसुणिअं तं करेह चित्तत्थं
3080,को जाणइ कज्जगई एमविहा कह वि परिणमइ // ळीला.१०००
3081,
3082,चित्तं चित्तगएणावि देव कुसुमालिअं तए जिस्सा
3083,सा कह णु तुज्झ दंसणसुहवडिआ मरणमहिलसइ // ळीला.१००१
3084,
3085,भणिअं च तओ पुहईसरेण मा एरिसं समुल्लवसु
3086,ण हु सामण्णजणाणं सरिस्सचित्ता पिआ अम्ह // ळीला.१००२
3087,
3088,एवंविहाण पत्तिअ परिहासपअम्पिअं पि णिव्वहइ
3089,जं पुण सब्भावगअं तं भणिअं णण्णहा होइ // ळीला.१००३
3090,
3091,स च्चेअ मं ण मण्णइ अहं पि णेच्छामि अज्ज तं जाअं
3092,मरणेण महाणुमईए मरणमम्हं पि रमणीअं // ळीला.१००४
3093,
3094,तत्थ वि गआण मरणं ताहĩ समं ता वरं इह च्चेअ
3095,जाणिज्जइ तेणं चिअ णिक्कइअवणेहपरिणामं // ळीला.१००५
3096,
3097,अहिमुहजीहाजुअचञ्चलेण जइ जीविएण जिअलोए
3098,लब्भइ मरणावसरो ता को अणणो मरन्ताण // ळीला.१००६
3099,
3100,जं तं केण वि असरीरिआए वाआए से समाइट्ठं
3101,तं इह लोए अलिअं करेमि सच्चं च परलोए // ळीला.१००७
3102,
3103,इअ सो तिलोअसुन्दरिसमागमासाविओअविसमत्थो
3104,णाअज्जुणगुरुणा जाणिऊण पुहईसरो भणिओ // ळीला.१००८
3105,
3106,हंहो सिरिसालाहण कीस तुमं एरिसं समुल्लवसि
3107,पाअअपुरिसो व्व महाणुहावगुणवज्जिअं वअणं // ळीला.१००९
3108,
3109,जे धम्माअ ण कामाअ णेअ मोक्खाअ एत्थ संसारे
3110,ताणुप्पत्तिविणासो होइ तणाणं व पुरिसाण // ळीला.१०१०
3111,
3112,जम्मं मरणस्स कए मरणं जम्मस्स केवलं चेअ
3113,णण्णं कुमईण फलं संसारे संसरन्ताण // ळीला.१०११
3114,
3115,सुमईण पुणो णरवइ अण्णाओ अणोवमाओ सिद्धीओ
3116,लब्भन्ति अणुज्झिअजीविएहĩ इह जीवलोअम्मि // ळीला.१०१२
3117,
3118,किं ण अणसि संसारे पञ्चत्तं जो गओ गओ च्चेअ
3119,पत्तिअ सुवल्लहेहĩ मि समअं मेलावअं कत्तो // ळीला.१०१३
3120,
3121,ता किं पाअअपुरिसाणुसारिणा णिप्फलेण मरणेण
3122,जइ णेच्छसि इह रज्जं ता एहि विसम्ह पाआलं // ळीला.१०१४
3123,
3124,तत्थट्ठउणो भोओ सग्गाहिन्तो णराण धीराण
3125,वाससहस्साĩ अलक्खिआĩ जरवाहिरहिआइं // ळीला.१०१५
3126,
3127,एवं सुणिऊण णराहिवेण उब्बिम्बबालहरिणच्छि
3128,परिचिन्तिऊण सुइरं पडिवण्णं भिक्खुणो वअणं // ळीला.१०१६
3129,
3130,अह अण्णम्मि पहाए सुअम्मि सङ्कामिऊण णिअरज्जं
3131,सञ्चलिओ लीलावइसंलम्भणिरालसो राआ // ळीला.१०१७
3132,
3133,बहु मण्णन्तो तं चिअ मरणमसन्तोसदिण्णणिअहिअओ
3134,णाअज्जुणोवरोहेण णिग्गओ णिअपुराहिन्तो // ळीला.१०१८
3135,
3136,सामन्तामच्चसुभिच्चबन्धुसुहिजणवआण दुव्विसहं
3137,दुक्खं उप्पाअन्तो गोलासरिकच्छमल्लीणो // ळीला.१०१९
3138,
3139,णिअडोलग्गाण सएहĩ दोहĩ दोहĩ मि णरेन्दउत्ताण
3140,राआ एक्केण कईसएण समअं समुच्चलिओ // ळीला.१०२०
3141,
3142,णाअज्जुणभिक्खुपुरस्सरेण णइतीरसण्ठिओ राआ
3143,विजआणन्देण समं विवराहुत्तं परिक्कन्तो // ळीला.१०२१
3144,
3145,अह सो पसअच्छि सुवल्लहेहĩ समयं सुधीरपुरिसेहिं
3146,सम्पत्तो विवरमुहं मइन्दपडिरक्खिअदुवारं // ळीला.१०२२
3147,
3148,तो तं विअडविडिञ्चिअवअणविमुक्काहिरावबीहच्छं
3149,अवगण्णिऊण सव्वे वि सम्पइट्ठा महासीहं // ळीला.१०२३
3150,
3151,ता अद्धोअणमेत्ते सच्चविअं पिहुसिलासमोत्थइअं
3152,हेरम्बगणसणाहं बीअं दारन्तरुद्देसं // ळीला.१०२४
3153,
3154,तं पि तिदोसावगमे कअपुरचलणस्स मोक्कलं जाअं
3155,तत्तोहिन्तो अद्धोअणेण दिट्ठं भवाअअणं // ळीला.१०२५
3156,
3157,अइउन्तासोअविसालसालपीआलतालसञ्छण्णं
3158,बउलेलावणपरिमलपरिवासिअपाअवणिउञ्जं // ळीला.१०२६
3159,
3160,पुण्णाअणाअकेसरकेअइकङ्केल्लिकुरवअसणाहं
3161,कुन्दकुरुण्टअकुज्जअकञ्चणकणवीरसम्पुण्णं // ळीला.१०२७
3162,
3163,णवचूअचारुचम्पअचन्दणवणदेवदारुदुमगहणं
3164,मन्दारमुद्धमालइमिलन्तणवमल्लिआमोअं // ळीला.१०२८
3165,
3166,सिअसिन्दुवारपाडलपिअङ्गुणोमालिआसुअन्धवहं
3167,विअसिअसिअकमलदलोवआरचिञ्चइअधरणिअलं // ळीला.१०२९
3168,
3169,महुमत्तमहुअरावलिझङ्कारुग्गीअपाअवणिउञ्जं
3170,कलअण्ठिकलअलारावमुहलिआसेसपेरन्तं // ळीला.१०३०
3171,
3172,अस्सत्थवरवदुम्बरफणसफलुद्दामरिद्धिरमणीअं
3173,सुहमाहुलिङ्गणालेरिकेलिदक्खाहिरामअरं // ळीला.१०३१
3174,
3175,इअ एरिसं कुरङ्गच्छि देवदेवस्स मन्दिरुज्जाणं
3176,जं पेच्छिऊण पावन्ति णरवरेन्दा महासिद्धिं // ळीला.१०३२
3177,
3178,तो तं भवाणिदइअं भवभूअभआवहं थुणेऊण
3179,थोअन्तरं कुरङ्गच्छि जाव पुरओ वसप्पन्ति // ळीला.१०३३
3180,
3181,ताव तइअं दुवारं कणअकवाडग्गलादुरुग्घाडं
3182,सच्चविअं भीमभुअङ्गणिवहणिव्विच्चसञ्चारं // ळीला.१०३४
3183,
3184,तत्थेक्को वरपुरिसो सच्चविओ राइणा कुरङ्गच्छि
3185,सञ्जमिओ भीमभुअङ्गपासणिवहेण णित्थामो // ळीला.१०३५
3186,
3187,भणिअं च अहो पेच्छह पाआलपवेसकङ्खिरो एसो
3188,सञ्जमिओ दुट्ठभुअङ्गमेहĩ अच्छइ महापुरिसो // ळीला.१०३६
3189,
3190,एवं भणिरस्स णराहिवस्स ते सुअणु विसहरा सव्वे
3191,मोत्तूण तं जुआणं पलाइआ दसदिसाहुत्तं // ळीला.१०३७
3192,
3193,तो तेण वरजुआणेण पभणिअं साहु साहु णरणाह
3194,को इह तुम्हाहिन्तो परवसणविणासणो अण्णो // ळीला.१०३८
3195,
3196,ण तुमाहि जए धीरो परोवआरी तुमाओ ण अ को वि
3197,णेअ तइन्तो दीसइ णिक्कारणवच्छलो एत्थ // ळीला.१०३९
3198,
3199,ता किं भणामि एवंविहाण अम्हाण मुक्कवसणाण
3200,जं अत्थि जं च होही तमसेसं तुम्ह साहीणं // ळीला.१०४०
3201,
3202,भणिअं च राइणा सुकअकम्म कं तं ण जं तुमाहिन्तो
3203,सम्पज्जइ ता साहेह अम्ह किं अत्थ तुम्हे वि // ळीला.१०४१
3204,
3205,भणिअं च तेण णरवइ उवविसह सुवित्थरं पि साहेमि
3206,कस्स व अण्णस्स मए अप्पाणप्पं कहेअव्वं // ळीला.१०४२
3207,
3208,अत्थि बहुविहविहङ्गउलरावसङ्गीअमणहरणिअम्बो
3209,लवलिलवङ्गेलावणपरिमलपरिवासिअदिअन्तो // ळीला.१०४३
3210,
3211,सुरवहुचलणालत्तअचिञ्चिल्लिअमणिसिलाअलुच्छङ्गो
3212,मलओ णामेण महामहीहरो सिद्धसुहवासो // ळीला.१०४४
3213,
3214,तत्थ मलआणिलो णाम वसइ सिद्धाहिवो सुविक्खाओ
3215,तस्स सुओ हं पहु माहवाणिलो णाम जीअसमो // ळीला.१०४५
3216,
3217,अह तं सोऊण णराहिवेण उब्बिम्बबालहरिणच्छि
3218,अप्पाणं तिहुअणसिरिपसङ्गसुहिअं व परितुलिअं // ळीला.१०४६
3219,
3220,भणिअं च इमो सो अङ्गुलीअओ जस्स दंसणेण तुमं
3221,मुक्को वरवीर इमाओ झत्ति अहिबन्धणाहिन्तो // ळीला.१०४७
3222,
3223,तो तं णिअअङ्गुलिअं सहसा दट्ठूण सिद्धकुमरेण
3224,हरिसविसाअविमुज्झन्तहिअअभावं समुल्लविअं // ळीला.१०४८
3225,
3226,कत्थ इमो पुहईसर लद्धो तुम्हेहĩ इअ वरङ्गुलिओ
3227,साहेह महच्छरिअं म्ह कत्थ एसो इहं पत्तो // ळीला.१०४९
3228,
3229,सिट्ठं च तस्स पुहईसरेण कुवलअदलच्छि णीसेसं
3230,सव्वं पि महाणुमईए वइअरं साअरं तेण // ळीला.१०५०
3231,
3232,तो तेण णमाइअहिअअपहरिसुप्फुल्ललोअणमुहेण
3233,भणिअं तहा वि अज्ज वि कीस तुमं इह विलम्बेसि // ळीला.१०५१
3234,
3235,जं एच्चिरं पि कालं पुव्वविरुद्धेहĩ हअभुअङ्गेहिं
3236,बद्धो हं इह वसिओ तं चेअ महागुणे पडियं // ळीला.१०५२
3237,
3238,अह सो वि हु वइरासङ्किएहĩ णाएहĩ मह सआसाओ
3239,दूरणिहित्तो हारो सो वि गुणाणं धुरे जाओ // ळीला.१०५३
3240,
3241,दे वच्चह एत्ताहे अहं पि मलआअलाओ तुह पासं
3242,विसमत्थं सण्ठविऊण गुरुअणं सङ्गलिस्सामो // ळीला.१०५४
3243,
3244,एवं भणिऊण मिअच्छि राइणो मलअमहिहराहुत्तं
3245,परमाणन्दपहिट्ठो सिद्धकुमारो गओ सहसा // ळीला.१०५५
3246,
3247,अह तं कणअकवाडं उग्घाडेऊण चन्दवअणाओ
3248,अल्लीणाओ किसोअरि पहुपुरओ दो पुरन्धीओ // ळीला.१०५६
3249,
3250,ताहĩ भणिअं णराहिव एअं रअणप्पहाए वरभवणं
3251,विसह विसूरइ सा अम्ह सामिणी तुम्ह दोसेण // ळीला.१०५७
3252,
3253,तं तह सोऊण णराहिवेण णाअज्जुणस्स णिअवअणं
3254,वअणम्मि समप्पेऊण साअरं ताण उल्लविअं // ळीला.१०५८
3255,
3256,एवं एअं जं भणह तुम्हि रअणप्पहाए वरभवणं
3257,दुल्लहलम्भं किं पुण एक्कं भणिअव्वअं अत्थि // ळीला.१०५९
3258,
3259,एसो म्ह सुमित्तो माहवाणिलो जा ण होइ सुविसत्थो
3260,ताव म्हं पि ण जुज्जइ एमविहं अच्छिउं एत्थ // ळीला.१०६०
3261,
3262,एवं भणिऊण विसज्जिआओ ताओ दुवे वि दूईओ
3263,णमिऊण भवं णाअज्जुणेण समअं गओ राआ // ळीला.१०६१
3264,
3265,सम्पत्तो णिअअपुरं सव्वेहĩ मि पणइएहĩ परिअरिओ
3266,गोलाणइसलिलकआवगाहणो भवणमल्लीणो // ळीला.१०६२
3267,
3268,जाअं वद्धावणअं सव्वाण वि घरहरं णरेन्दाण
3269,दिट्ठम्मि पुहइणाहे जहिच्छिअत्थे समावडिए // ळीला.१०६३
3270,
3271,अह सव्वत्थाणपरिट्ठिएण सहस त्ति कडअवालस्स
3272,गोसपआणअणिअमो दिण्णो पहुणा सतोसेण // ळीला.१०६४
3273,
3274,ता झत्ति पओससमुच्छलन्तपडिरावपूरिअदिअन्तो
3275,परिअट्ठिओ पवड्ढन्तपहरिसो कडअहलबोलो // ळीला.१०६५
3276,
3277,सज्जेह पडउडीओ सीवह गोणीओ करह मलवाओ
3278,णीसल्लह पल्लाणाहँ मन्दुराइं तुरङ्गाण // ळीला.१०६६
3279,
3280,णिद्धाडिज्जन्तु करेणुआण पक्काण पञ्च व सआइं
3281,अच्छन्तु के वि इह समअवारणा के वि वच्चन्तु // ळीला.१०६७
3282,
3283,अग्गिमवाणे रट्ठउडसाहणं पच्छिमे सुलङ्कीण
3284,तलवग्गो सह पहुणा वच्चेज्जउ मज्झहारीए // ळीला.१०६८
3285,
3286,जो जस्स णिबद्धो हअगओ अ सो तस्स पेसह पहाए
3287,करहाण सह सुसारीहĩ अत्थरा णिम्मविज्जासु // ळीला.१०६९
3288,
3289,इअ जा पसरइ पअडो हलबोलो ताव अत्थसेलम्मि
3290,अवरदिसावहुबद्धाणुराअतुरिअं गओ सूरो // ळीला.१०७०
3291,
3292,दीवसिहोहा रेहन्ति णअरभवणोअरेसु दिप्पन्ता
3293,मुक्का रविणा किरण व्व तिमिरपरिमाणमवगन्तुं // ळीला.१०७१
3294,
3295,तो उअअसेलचूडामणि व्व तमणिवहवारणमइन्दो
3296,आसावहुवअणविसेसओ व्व दूरुग्गओ चन्दो // ळीला.१०७२
3297,
3298,तो चिरजग्गरसुढिओ णीसेसणिओइदिण्णगमणिअमो
3299,कामिअणो वासहराĩ णिअअणिअआĩ अल्लीणो // ळीला.१०७३
3300,
3301,मण्णुविलक्खो अल्लिअइ को वि माणंसिणीए सङ्कन्तो
3302,पासट्ठिअचित्तण्णुअसहिभुमआसण्णिओ दइओ // ळीला.१०७४
3303,
3304,सोहइ विअलिअमाणं विअसन्तुव्वत्तघोलिरच्छिजुअं
3305,संरुद्धहासमासलपसण्णगण्डत्थलं वअणं // ळीला.१०७५
3306,
3307,उज्जल्लालिङ्गणलालसाए दइए णिरावराहे वि
3308,अवलम्बिज्जइ कीए वि पेम्मगओ दुद्दमो माणो // ळीला.१०७६
3309,
3310,अविरअरइकेलिपसङ्गसोक्खपब्भारईसिकुण्ठइअं
3311,माणणिसाणअणिसिअं होइ पुणो अहिणवं पेम्मं // ळीला.१०७७
3312,
3313,णिअमट्ठिओ वि कीए वि को वि बलालिङ्गिऊण हसिरीए
3314,हुङ्कारवारणोणअमुहो वि परिउम्बिओ दइओ // ळीला.१०७८
3315,
3316,अण्णहिअओ वि कीए वि को वि समुल्लसिअगण्डवासाए
3317,वोच्चत्थरअसमत्थो हीरइ विवरीअसुरएण // ळीला.१०७९
3318,
3319,अण्णेक्करअसअण्हा णेच्छन्ती णाअरं पिआ का वि
3320,अद्धट्ठिअं पि दइअं धरइ बलालिङ्गणमिसेण // ळीला.१०८०
3321,
3322,अवि अ. 
3323,
3324,तक्कालसमुइआलाववइअराबद्धवम्महरसाइं
3325,एक्केक्कमङ्गपरिमाससोक्खपसरन्तपुलआइं // ळीला.१०८१
3326,
3327,णिमिसेक्कविमुक्काहरपुलइअवअणारविन्दसोहाइं
3328,पम्हन्तरपरिघोलिरणअणणिसम्मन्तवअणाइं // ळीला.१०८२
3329,
3330,अण्णोण्णणहमुहुल्लिहणमुक्कसिक्कारमणहरिल्लाइं
3331,सेअजलोल्लिअबहलङ्गराअतण्णाअतलिणाइं // ळीला.१०८३
3332,
3333,इअ णिअमइमेत्तमुणिज्जमाणणिरुवमसुहाणुबन्धाइं
3334,वड्ढिअरसाĩ मिहुणाण मोहणाइं समप्पन्ति // ळीला.१०८४
3335,
3336,तो णिद्दअरअरहसावसाणपरिसुढिअअङ्गमङ्गेहिं
3337,सुप्पइ णिसावसेसं विअलिअमाणेहĩ मिहुणेहिं // ळीला.१०८५
3338,
3339,णिब्भरणिद्दासम्मिल्लपम्हजुअलाĩ होन्ति मिहुणाण
3340,अन्तोसुहपरिरक्खणघडिअकवाडाĩ अच्छीणि // ळीला.१०८६
3341,
3342,अह बन्दिअणुच्चरिओ पाहाउअगीअपिसुणिओ पत्तो
3343,चिरकङ्खिअगमणपइण्णपहरिसो राइणो गोसो // ळीला.१०८७
3344,
3345,ईसीसिपुव्वभाउग्गमन्तथोवारुणप्पहालिद्धं
3346,जाअं पारावअपक्खपण्डुरं णहअलाहोअं // ळीला.१०८८
3347,
3348,णिअणीडुड्डीणविहङ्गणिवहकोलाहलाउलिल्लाइं
3349,दिणसिरिमुहदंसणलालसाĩ उट्ठन्ति व वणाइं // ळीला.१०८९
3350,
3351,पसरिअपच्चूससमीरविलुलिओ गअणपाअवाहिन्तो
3352,अवसाअजललवोहो व्व गलइ तणुतारआणिवहो // ळीला.१०९०
3353,
3354,पच्चूसगअवरुम्मूलिआए उड्डीणससिविहङ्गाए
3355,धवलाĩ गलन्ति णिसालआए णक्खत्तकुसुमाइं // ळीला.१०९१
3356,
3357,पाउं जुण्हामइरं जामिणिविलआए फलिहचसओ व्व
3358,मुक्को णहाहि णिवडइ णिलीणमअमहुअरो चन्दो // ळीला.१०९२
3359,
3360,सम्मिल्लन्ति सुहासाअजणिअपरिओसदुव्विअड्ढाइं
3361,इन्तखरदिणअराअवसङ्काए व कुमुअगहणाइं // ळीला.१०९३
3362,
3363,पिअअमवोच्छिण्णविणिन्तरमणिणीसासपवणपहुओ व्व
3364,उवभुत्तणेहतणुओ विज्झाअइ दीवअणिहाओ // ळीला.१०९४
3365,
3366,चउजामालिङ्गणसुहपसुत्तपच्चुट्ठिआण मिहुणाण
3367,णिद्दाविरमालसमन्थराĩ अग्घन्ति दिट्ठाइं // ळीला.१०९५
3368,
3369,णिद्दाणिहसालसविवलिअङ्गमासलविमुक्कसासाहिं
3370,सअणाĩ कामिणीहिं पिअ व्व सुइरेण मुच्चन्ति // ळीला.१०९६
3371,
3372,का वि करकलिअपसढिलकडिल्लदरदाविओरुलाअण्णा
3373,सिचअञ्चले धरिज्जइ पिएण सअणं विमुञ्चन्ती // ळीला.१०९७
3374,
3375,सोहन्ति कामिणीणं णिद्दालससोसिअन्तणअणाण
3376,उवआरकमलपक्खलिअगमणमसिणा पअक्खेवा // ळीला.१०९८
3377,
3378,सोहइ जह मलिअपसाहणालअं कामिणीण गोसम्मि
3379,वअणं सव्वाअरविरइअं पि ण तहा णिसारम्भे // ळीला.१०९९
3380,
3381,गोसग्गे गुरुणिद्दालसेण अद्धच्छिपेच्छिअव्वेण
3382,तुण्हिक्केण वि वअणेण डहइ अज्झा सवत्तिअणं // ळीला.११००
3383,
3384,छउअङ्गि विमुक्काहरणणीसहं विलुलिआलअविसेसं
3385,हरिआहरराअं परिसवन्ति वअणं सवत्तीओ // ळीला.११०१
3386,
3387,अह एरिसे पहाए पहयाए पआणअस्स ढक्काए
3388,विण्णत्तो जोइसिएहĩ देव सुहअं इमं लग्गं // ळीला.११०२
3389,
3390,तो दिअवरवेअणिहोसदिण्णपुण्णाहमङ्गलो राआ
3391,णीसरिओ बन्दिणसअसमूहकअजअजआसद्दो // ळीला.११०३
3392,
3393,तूरसअसङ्खकाहलढक्कारवभरिअदसदिसाअक्को
3394,करितुरअरहरउग्घाअपिहिअणहमण्डलाहोओ // ळीला.११०४
3395,
3396,सुरसुन्दरिकरकमलग्घकुसुमसन्दोहसित्तसिरकमलो
3397,णिअणअरसमासण्णे सुअणु समावासिओ राआ // ळीला.११०५
3398,
3399,अण्णम्मि दिणे णीसेसबलणिबज्झन्तहारिणिवहेण
3400,सञ्चलिओ णिण्णुण्णअसमेण सरिसं चिअ पहेण // ळीला.११०६
3401,
3402,जणणिवहकलअलारावतासिओ ता ण सण्ठिओ गोण्ठो
3403,जा विअलिअणीविवरिल्लविम्भला पाडिआ वेसा // ळीला.११०७
3404,
3405,मअवारणभअभज्जन्तणवबइल्लेण बल्लिकरहस्स
3406,विरसरसिरस्स सह खोणिआए उल्लूरिअं णक्कं // ळीला.११०८
3407,
3408,अण्णाए को वि भण्णइ मा णोल्लसु किं ण पेच्छसि बइल्लं
3409,पाडिहिसि कोहलं पिव लअडाहि इमं म्ह लिङ्करुअं // ळीला.११०९
3410,
3411,भिण्णम्मि करम्बअडेरयम्मि कं सवसि एत्थ हारीए
3412,ण णिअसि सन्दणसञ्चूरिआĩ घअभण्डअसआइं // ळीला.१११०
3413,
3414,एक्केक्कमकअहत्थावलम्बणं जाइ को वि वण्ठजुआ
3415,खोरेण समं सोहग्गवाअविहवेण भज्जन्तो // ळीला.११११
3416,
3417,रे णिअछाआगव्विर मा धुणसु मुहा भुअङ्ग जरफलअं
3418,ण णिअसि दुप्पल्लाणो एसो णववेसरो अम्ह // ळीला.१११२
3419,
3420,अण्णाए उद्धकररोविरीए विणिअत्तिऊण पोक्करिअं
3421,सुअमरणेण व ओणक्किरीए ओणक्किराण पुरो // ळीला.१११३
3422,
3423,पेच्छह बप्पो वण्णवसिएण सुणएण सोणहीएण
3424,विरसरसिरो हआसेण खाविओ अम्ह कुक्कुडओ // ळीला.१११४
3425,
3426,अण्णेण को वि भण्णइ कीस मुहा णीसवेसि वरतुरअं
3427,एसो मह सेल्लपहारविम्भलो वच्चइ वराहो // ळीला.१११५
3428,
3429,एवं अण्णोण्णालाववावडो कह वि वासरद्धन्ते
3430,सम्पत्तो खन्धारो सेलणिअम्बेक्कभूभाए // ळीला.१११६
3431,
3432,तावअ खिण्णतुरङ्गममसिणवलिज्जन्तसन्दणणिहाअं
3433,आसण्णघासलुणणाणुबन्धधावन्तकम्मअरं // ळीला.१११७
3434,
3435,आवासझम्भणारम्भमुक्कणीसेसभिच्चपहुणिवहं
3436,करिकलुसणभअपूरिज्जमाणजलदोणिसङ्घाअं // ळीला.१११८
3437,
3438,भारोआरणविणिविट्ठविरसविरसन्तकरहसद्दालं
3439,बहुविहकच्छन्तरणिव्वडन्तवसुहाहिवणिवेसं // ळीला.१११९
3440,
3441,दीहरपहपरिखेइअसुहणिअलिज्जन्तमत्तमाअङ्गं
3442,आवासिउमाढत्तं सेलणिअम्बम्मि तं कडअं // ळीला.११२०
3443,
3444,आवासिअबलसिज्जन्तरेणुपअडा समोसरन्ति व्व
3445,आवाससमूहोवासदाणकज्जे दिसाहोआ // ळीला.११२१
3446,
3447,फणिणो मअकरिसञ्चरणमग्गभअतरलिआ वलग्गन्ति
3448,णीसेसबलालोअणकज्जेण व तुङ्गसिहराइं // ळीला.११२२
3449,
3450,मुच्चन्ति रहा रहिएहĩ दीहपहणिहसमडहिअरहङ्गा
3451,उम्मग्गगमणणिद्दलिअसल्लसिढिलक्खसन्धाणा // ळीला.११२३
3452,
3453,तुरआ दरहिअपल्लाणचञ्चला कह वि सण्ठविज्जन्ति
3454,सखलिणमुहकड्ढिअथोरघासवलिआ णिओईहिं // ळीला.११२४
3455,
3456,आयासपेल्लणुग्गअसेअजलालग्गरेणुपुञ्जाइं
3457,हिअपल्लाणा वि हआ वहन्ति गरुआĩ अङ्गाइं // ळीला.११२५
3458,
3459,कवलेन्ति मत्तकरिणो चिरेण कलिअं पि पल्लवुप्पीलं
3460,कररङ्खोलणपसरन्तपवणपरिमाससत्तण्हा // ळीला.११२६
3461,
3462,सण्ठाणं कह वि लहन्ति तालविण्टाणिलेण छिप्पन्ता
3463,उव्वत्तपरत्तणगलिअसेअपसरा पहू सअणे // ळीला.११२७
3464,
3465,गमणाआससमुग्गअसेअदरुप्फुसिअविसमतिलआइं
3466,अग्घन्ति कामिणीणं मउलिअणअणाĩ वअणाइं // ळीला.११२८
3467,
3468,एत्थन्तरम्मि पारद्धिएहĩ सिरिसालवाहणणरिन्दो
3469,विण्णत्तो परिगहिअन्तं देव सुसावअं रण्णं // ळीला.११२९
3470,
3471,बहुविहतरुतुङ्गसमाससङ्कुला सेलकडअपडिलग्गा
3472,पुव्वदिसा पडिरुद्धा णिव्विच्चं वारणसएहिं // ळीला.११३०
3473,
3474,इअरा वि गिरिसरीयडसमीवविडवोलिवेणुसङ्किण्णा
3475,सहस त्ति उत्तरासा परिगहिआ धम्मवालेहिं // ळीला.११३१
3476,
3477,पच्छिमदिसाए सुहसञ्चराए वरतुरअसाहणं दिण्णं
3478,दाहिणदिसाए णिमिअं लल्लक्कं कविलसङ्घाअं // ळीला.११३२
3479,
3480,एवं चिअ सीसन्ते सम्पत्तो णरवई तमुद्देसं
3481,सञ्चालिआĩ आहेडिएहĩ सावअसमूहाइं // ळीला.११३३
3482,
3483,तावअ हअहेसारवसङ्खोहिअरण्णसावउप्पेच्छा
3484,पहरेण विणा वि मआ मअमरणासङ्किरी हरिणी // ळीला.११३४
3485,
3486,ओसप्पइ पुल्ली रोहिएण तह सो वि अच्छहल्लेण
3487,सो वि कुरङ्गेण ण होइ कस्स मरणम्मि मइमोहो // ळीला.११३५
3488,
3489,ण चलइ णवसूअसिलिम्बणेहसन्दाणणिअलिआ हरिणी
3490,हरिणो वि पिअअमाए समअं तत्तो च्चिअ विसण्णो // ळीला.११३६
3491,
3492,तिक्खखुरुप्पालुप्पन्तजीविअं सहअरिं मुअन्तेण
3493,णिअणामसरिच्छं चित्तलेण कम्मं समाअरिअं // ळीला.११३७
3494,
3495,दूरण्ड्डीणो वि सिही परिलङ्घिअकरितुरङ्गणरणिवहो
3496,पडिओ सुणआण मुहे मरणं पि सुहं ण देव्वाहिं // ळीला.११३८
3497,
3498,कोक्कन्तासत्तमुहो वि मण्डलो धाइ भल्लुआहिमुहं
3499,दोकङ्खिरस्स समअं एक्कं पि ण से समावडिअं // ळीला.११३९
3500,
3501,वावल्लुल्लूरिअकन्धरस्स पढमं मअस्स हरिणीए
3502,फुडिअहिअआए जीअं कआवराहं व पम्मुक्कं // ळीला.११४०
3503,
3504,पहरेण मओ विरहेण तह मई घरिणिणयणसम्भरिओ
3505,वाहो वियलियबाहो तिण्णि वि समयं चिय मयाइं // ळीला.११४१
3506,
3507,केसरिगुञ्जारवविहडमाणगिरि विवरणीहरन्ताइं
3508,घेप्पन्ति वराहउलाĩ दरियसोरट्ठसुणएहिं // ळीला.११४२
3509,
3510,तावअ णिअकुलपच्चक्खपरिहवामरिसतम्बिरच्छिजुओ
3511,विणिवाइअणरतुरओ अल्लीणो राइणो कोलो // ळीला.११४३
3512,
3513,तो तेण दरियकोलेण दच्छपरिहच्छवलणसीलेण
3514,पहओ तुरओ पुहईसरस्स तेणावि सो कोलो // ळीला.११४४
3515,
3516,एवमसावअमविहङ्गमं च रण्णं खणेण काऊण
3517,दिवसावसाणसमए राआ कडअम्मि सम्पत्तो // ळीला.११४५
3518,
3519,भणिओ विजआणन्देण देव इह मा मुहा विलम्बेह
3520,को जाणइ केरिसिया कज्जगई होइ एत्ताहे // ळीला.११४६
3521,
3522,एवं भणिओ सो तेण णरवई अगणिएहĩ दियहेहिं
3523,सम्पत्तो कमलदलच्छि सत्तगोयावरीभीमं // ळीला.११४७
3524,
3525,तत्थावासिअणीसेसकडअणिव्वत्तमज्जणाहारो
3526,परिवड्ढिअपरिओसो विजआणन्देण विण्णत्तो // ळीला.११४८
3527,
3528,सो देव इह महेसी णिक्कारणणिद्धबन्धवो अम्ह
3529,परिवसइ महाणुमईतवोवणं जेण णे णीआ // ळीला.११४९
3530,
3531,वयपरिणअं तवस्सिं विज्जाविहवोवलक्खिअसुजम्मं
3532,परलोअपहपवण्णं दट्ठुं तुम्हं पि तं होइ // ळीला.११५०
3533,
3534,भणिअं च राइणा पिअवअंस जं भणह एहि वच्चम्ह
3535,किं अम्ह ण तेण कअं एत्तिअमेत्तं कुणन्तेण // ळीला.११५१
3536,
3537,एवं भणिऊण णराहिवेण उव्विम्बबालहरिणच्छि
3538,विजआणन्दो पढमं मुणिणो सम्पेसिओ पासं // ळीला.११५२
3539,
3540,तो दूरकअपणामो सच्चविओ साअरं मुणिन्देण
3541,आसण्णसमासीणो बहुसो सम्पुच्छिओ कुसलं // ळीला.११५३
3542,
3543,भणिअं च तेण कुसलं राआ सिरिसालवाहणो एत्थ
3544,तुह दंसणसुहसम्पत्तिलालसो एइ अणुमग्गं // ळीला.११५४
3545,
3546,तो तेण समुल्लविअं एसो सो सालवाहणणरिन्दो
3547,सुरसुन्दरीहĩ गिज्जइ जस्स जसो दसदिअन्तेहिं // ळीला.११५५
3548,
3549,ता एअस्स ण दीसइ पडिवक्खो को वि एत्थ पुहवीए
3550,कवणेण व इह कज्जेण आगओ णिअपुराहिन्तो // ळीला.११५६
3551,
3552,सिट्ठं च तेण सव्वं तं तह सोऊण सो वि परिउट्ठो
3553,भणइ महेसी वद्धावणं म्ह एअं तए सिट्ठं // ळीला.११५७
3554,
3555,जं कह वि महाणुमईए अज्ज हिअइच्छिअं समावडिअं
3556,लीलावई वि णिव्वूढणिअमसुहभाअणा जाआ // ळीला.११५८
3557,
3558,इअ एरिसे समुल्लाववइअरे णरवई वि सम्पत्तो
3559,तत्थेसिणो सआसं परिमिअपरिवारपरिअरिओ // ळीला.११५९
3560,
3561,तो तेण महामुणिणा सो राआ अग्घवत्तसलिलेण
3562,अहिसिञ्चिऊण भणिओ उवविसह सुहासणुच्छङ्गे // ळीला.११६०
3563,
3564,अह सो सिंहासणकअपरिग्गहो मुणिवरेण संलत्तो
3565,अज्जम्हेहि कअत्था णरणाह तुमम्मि सच्चविए // ळीला.११६१
3566,
3567,एच्चिरआलं एवंविहे वि अम्हेहि इह भवाअअणे
3568,असहाआ परिवसिआ ससहाआ कुणह एत्ताहे // ळीला.११६२
3569,
3570,एत्थ दिवसम्मि देवा कुणन्ति सङ्गीअअं उमावइणो
3571,तेहĩ गएहĩ णराहिव रमन्ति रअणीसु रअणिअरा // ळीला.११६३
3572,
3573,ताण वि पमुहो एक्को रअणिअरो भीसणाणणो णाम
3574,तस्स भएण ण णिवसइ दिवसं एक्कं पि मुणिलोओ // ळीला.११६४
3575,
3576,तो तेण समं जुज्झं अज्जं चिअ होइ तुह णिसासमए
3577,इअ जाणिऊण घिप्पउ एसो मन्तो ममाहिन्तो // ळीला.११६५
3578,
3579,माआछण्णसरीरं पि रक्खसं जेण पेच्छसि णिसासु
3580,तुह दंसणवहपडिओ पञ्चत्तं पावउ अहम्मो // ळीला.११६६
3581,
3582,एवं भणिएण णराहिवेण हसिऊण से समुल्लविअं
3583,भअवं अपच्छिमो अज्ज तस्स एसो णिसासमओ // ळीला.११६७
3584,
3585,एवं भणिऊण णराहिवेण विअसन्तलोअणमुहेण
3586,गहिओ मन्तो आसङ्घिअं च तं णिसिअराणीअं // ळीला.११६८
3587,
3588,अह सो तेण किसोअरि बहुसो पडिवज्जिऊण वरमुणिणा
3589,सम्पेसिओ दिणन्ते णिअआवासं गओ राआ // ळीला.११६९
3590,
3591,ताव अ. 
3592,
3593,विमुक्ककरबन्धणं गअणपाअवाहिं तओसरेसु रहवाहिणीविरहकाअरालोइअं
3594,पडेइ लवणोअहे घुसिणबिन्दुमाअम्बअंफलं व परिपक्कअं घणतमारिणो बिम्बअं // ळीला.११७०
3595,
3596,तओ. 
3597,
3598,जइ अत्थमिअमिअङ्के तमणिअरोरुद्धदसदिसाअक्के
3599,सुहसुत्ते जणणिवहे अल्लीणे अद्धरत्तम्मि // ळीला.११७१
3600,
3601,तेण णिसाअरवइणा णिअबलगव्वुब्भडं वहन्तेण
3602,सम्पेसिआ णरेन्दस्स दोण्णि दोसाअरा दूआ // ळीला.११७२
3603,
3604,तेहĩ भणिअं णराहिव दूआ णे पेसिआ णिसामेह
3605,कज्जं सवित्थरत्थं जं तेण प्पाहिअं तुम्ह // ळीला.११७३
3606,
3607,जह एए दो जामा पच्छिमरअणीए मज्झ उवभोगा
3608,जं वसइ एत्थ भूअं आहारं होइ तं मज्झ // ळीला.११७४
3609,
3610,ता देसु सएण णराहिवाण समएण कुञ्जरसएण
3611,णरतुरअपसुसहस्सेण मह बलिं जइ सुहं महसि // ळीला.११७५
3612,
3613,तं सोऊण सरोसं भणिआ पुहईसरेण ते दूआ
3614,जह वच्चह तुम्हे च्चिअ पडिदूआ तस्स णिअपहुणो // ळीला.११७६
3615,
3616,भण्णइ रे रक्खस एहि जेण सुणआण बुक्कणाणं च
3617,णिअकडअणिवासीणं देमि बलिं तुज्झ पिसिएण // ळीला.११७७
3618,
3619,एवमवरं पि बहुसो णिब्भच्छेऊण पुहइणाहेण
3620,पडिपेसिआ सरोसेण दो वि दोसाअरा दूआ // ळीला.११७८
3621,
3622,तो तेहĩ गएहĩ णिसाअरेहĩ राएण कडअवालस्स
3623,आइट्ठं अपहाए मा को वि चलिज्ज कडआहि // ळीला.११७९
3624,
3625,एक्केण सहस्सेणम्ह सरइ णरवइसुआण वीराण
3626,दससाहस्सं सुव्वइ ताण बलं णिसिअराणं पि // ळीला.११८०
3627,
3628,एवं भणिऊण तहिं वीरसहस्सेण परिगओ राआ
3629,दूरन्तरं सकडआओ णिग्गओ णिसिअराहुत्तं // ळीला.११८१
3630,
3631,ताव अ विअडविडिञ्चिअवअणविणिन्तग्गिजालदुप्पेच्छं
3632,लल्लक्ककत्तिआणलफुलिङ्गपिङ्गलिअगअणअलं // ळीला.११८२
3633,
3634,पम्मुक्कफारफेक्काररावपडिसद्दपूरिअदिअन्तं
3635,णअणहुआससमोसरिअतिमिरपाअडिअणिअरूवं // ळीला.११८३
3636,
3637,सरसन्तमआइणिबद्धथोरखरकविलकेसपब्भारं
3638,णरसिरमालामण्डलिअविअडविणिअंसणणिअम्बं // ळीला.११८४
3639,
3640,अलिगवलसजलजलहरतमालकलअण्ठिकज्जलच्छाअं
3641,ओत्थरिअं रअणिअराण तं बलं णरवराहुत्तं // ळीला.११८५
3642,
3643,लल्लक्कहक्कफेक्कारमुक्कणीसङ्ककोक्किअभडोहं
3644,संलग्गं णरवररक्खसाण णिसि दारुणं जुज्झं // ळीला.११८६
3645,
3646,केणावि को वि कुविएण णरवरो णिसिअरेण तह पहओ
3647,जह दोहाइअदेहो वि णिवडिओ पडिअपडिवक्खो // ळीला.११८७
3648,
3649,फरुसासिपहारुक्खुडिअकन्धरो को वि अमरिसवसेण
3650,आभामइअणलक्खं पि मण्डलग्गं महासुहडो // ळीला.११८८
3651,
3652,मुच्छाविरामसम्भरिअसामिसम्भावणापरिग्गहिओ
3653,अविणिज्जिअवेरिबलो हीरइ लज्जाए को वि भडो // ळीला.११८९
3654,
3655,पहरवडिअस्स कस्स वि रयणिअरो रोसहुअवहपलित्तं
3656,बप्फाअन्तं फुक्कारअं व उरसोणिअं पिअइ // ळीला.११९०
3657,
3658,दूरेण परिहरिज्जइ दढमुट्ठिणिवीडिआसिबीहच्छो
3659,रअणीअरेण सुहडो वि मुक्कजीओ वि सभएण // ळीला.११९१
3660,
3661,माआछण्णसरीरेहĩ तेहĩ दोसाअरेहĩ हम्मन्तं
3662,दट्ठूण बलं पुहईसरेण सो सुमरिओ मन्तो // ळीला.११९२
3663,
3664,जो जत्तो च्चिअ दिट्ठो तत्तो च्चिअ सो सिआसिपहरेण
3665,दोहाइओ णरिन्देण णिसिअरो झत्ति कुविएण // ळीला.११९३
3666,
3667,तो सो अतुलिअथामो वि तेण भीमाणणो णरिन्देण
3668,वज्जधरेण व सेलो णिप्पङ्क्खो तक्खणेण कओ // ळीला.११९४
3669,
3670,णिल्लूणवलणकरटङ्कखण्डरुञ्जिअपिसाअसङ्घाए
3671,सज्जुण्हसोणिअप्पवहपङ्कखुप्पन्तवेआले // ळीला.११९५
3672,
3673,अल्लीणडाइणीसअसमूहपरिवेसरसिअसिवणिवहे
3674,पडिउद्धगिद्धमण्डलिमिलन्तविलसन्तगोमाए // ळीला.११९६
3675,
3676,इअ एरिसम्मि सुन्दरि णीसेसे सुद्धसुहडसङ्घाए
3677,मअउव्वरिअपलाअन्तकाअरे रक्खसाणीए // ळीला.११९७
3678,
3679,णिअबलविणासदंसणजाआमरिसेण तेण वाहित्तो
3680,णरणाहो रयणिअरेण णिसिअकरवालहत्थेण // ळीला.११९८
3681,
3682,णरणाह इमो सो तुज्झ अज्ज सुरवहुसुहागममुहुत्तो
3683,आसण्णमच्चुसङ्केअवासरो पहर एत्ताहे // ळीला.११९९
3684,
3685,भणिअं च राइणा णिसिअरेस पहरेहि पोरिसासङ्घो
3686,णिव्वडइ समासण्णेक्कमेक्ककरवालधाराए // ळीला.१२००
3687,
3688,ता भरसु को वि जइ अत्थि तुज्झ एवंविहे समावडिए
3689,रक्खइ मुहुत्तमेत्तं पि जीविअं सुरवराणं पि // ळीला.१२०१
3690,
3691,एवं भणिरस्स णराहिवस्स भीमाणणेण पहरसमं
3692,दोहाइअं सरोसेण चम्मरअणं कुरङ्गच्छि // ळीला.१२०२
3693,
3694,राएण वि सो फरुसासिपहरणिल्लूणकन्धराबन्धो
3695,अइविरसं विरसन्तो धरणिअले पाडिओ सहसा // ळीला.१२०३
3696,
3697,तो तक्खणसम्पुण्णेन्दुबिम्बसविसेसपसरिअपहोहो
3698,जाओ अणण्णरूवो पुरिसो पज्जुण्णसारिच्छो // ळीला.१२०४
3699,
3700,तो तेण सो णरिन्दो साहुक्कारक्खरेहĩ पुणरुत्तं
3701,अहिणन्दिऊण भणिओ ण तुमाओ पिअङ्करो अम्ह // ळीला.१२०५
3702,
3703,ता केत्तिअं च भण्णइ एसो हं तुह णरेन्द साहीणो
3704,जं महसि किञ्चि दुलहं पि देमि जं अम्ह साहीणं // ळीला.१२०६
3705,
3706,तं सोऊण सविब्भमहिअअणमाअन्तकोउहल्लेण
3707,राएण समुल्लविअं किं च ण लब्भइ तुमाहिन्तो // ळीला.१२०७
3708,
3709,ता साहिप्पउ के तुम्हि एत्थ एवंविहावि एआण
3710,पावमईणं हअरक्खसाण मज्झम्मि संवसिआ // ळीला.१२०८
3711,
3712,भणिअं च तेण णरवइ एअं खलु वित्थरेण कहिअव्वं
3713,तुम्हेहि मि परिसुढिआ रक्खसवहदुप्पसङ्गेण // ळीला.१२०९
3714,
3715,तह वि णिसामह सीसइ गन्धव्वसुओ हमेत्थ पुहईए
3716,अवअरिओ सुरसरिमज्जणेक्कहिअओ दिवाहिन्तो // ळीला.१२१०
3717,
3718,ता तत्थ मए हिमगिरिणिअम्बतरुमणहरे वणुद्देसे
3719,सच्चविआ तेलोक्केक्कसुन्दरी कुसुमवोच्चिणिआ // ळीला.१२११
3720,
3721,अह सा मए सकोऊहलेण उवसप्पिऊण पासम्मि
3722,सहस त्ति साहिलासेण पुच्छिआ सुअणु का तं सि // ळीला.१२१२
3723,
3724,तो तं सोऊण ममाहि तीए णरणाह णेहलं वअणं
3725,भणिअं अहमेत्थ च्चिअ वणवासिमहेसिणो धूआ // ळीला.१२१३
3726,
3727,भणिअं च मए सुन्दरि अविरुद्धं दंसणं म्ह ता इण्हिं
3728,गन्धव्वेसाण कुले अहं पि विउले समुप्पण्णो // ळीला.१२१४
3729,
3730,चित्तङ्गआभिहाणो तुह दंसणकोहलेण अवअरिओ
3731,जइ होसि सप्पसाआ ता जुत्तं वम्महेण कअं // ळीला.१२१५
3732,
3733,एवं भणिऊण मए सा णरवइ तत्थ णिज्जणे रण्णे
3734,परिणीआ णिअविहिणा अच्चुग्गमहेसिणो धूआ // ळीला.१२१६
3735,
3736,तो तं तिहुअणरज्जाहिसेअसरिसं सुहं विहावन्तो
3737,ताव ट्ठिओ णराहिव जा सो वि रिसी तहिं पत्तो // ळीला.१२१७
3738,
3739,भणिअं च तेण कुसुमाल सहइ तुह अम्ह परिहवं काउं
3740,एत्तिअमेत्तेणं चिअ विहवुम्माएण मत्तो सि // ळीला.१२१८
3741,
3742,ता पावेक्कमईणं मज्झे रअणीअराण रअणिअरो
3743,बारह वरिसाĩ अणज्ज होसि पिसिआसणो तं सि // ळीला.१२१९
3744,
3745,एवं बारहवरिसावहीए पुण्णाए णरवराहिन्तो
3746,पाविहिसि सिरच्छेअं तइआ मुच्चिहिसि सावेण // ळीला.१२२०
3747,
3748,ता एसो सो समओ सम्पइ दिट्ठम्मि जं तए होइ
3749,तं सम्पडिअं दे भणह किं पि जं अम्ह काअव्वं // ळीला.१२२१
3750,
3751,तं तह सोऊण णराहिवेण सहस त्ति वियसिअमुहेण
3752,भणिअमहो दूरअरं णीआ णे सुकइपरिणइए // ळीला.१२२२
3753,
3754,णण्णं इमाउ अहिअं भणिअव्वं अत्थि जं भणामि अहं
3755,दीसउ सा सम्पइ कुवलआवली विरहकिसिअङ्गी // ळीला.१२२३
3756,
3757,भणिअं च तेण सहसा सव्वङ्गुव्वूढबहलपुलएण
3758,परिहाससमुल्लविअं पि जणइ णरवइ परं हरिसं // ळीला.१२२४
3759,
3760,कत्तो पुण्णेहĩ विणा कस्स वि एवंविहं समावडइ
3761,तह वि हु पुच्छामि फुडं सब्भावं कहसु एत्ताहे // ळीला.१२२५
3762,
3763,अह तस्स तेण कुवलअदलच्छि गन्धव्वराअतणअस्स
3764,णीसेसं वज्जरिअं णरवइणा सहरिसासेण // ळीला.१२२६
3765,
3766,तो तेण णमाइअहिअअपहरिसुप्फुल्ललोअणमुहेण
3767,भणिअं ता किं अच्छइ अज्ज वि मलआणिलस्स सुओ // ळीला.१२२७
3768,
3769,एत्थावसरे कुवलअदलच्छि परिओसपूरिअसरीरो
3770,विजआणन्दो लीलावईए तुरिअं गओ पासं // ळीला.१२२८
3771,
3772,अह सो वि चिन्तिओ च्चिअ सम्पत्तो माहवाणिलो तत्थ
3773,सिद्धङ्गणासहस्सेण आगओ मलयसेलाहि // ळीला.१२२९
3774,
3775,सच्चविओ सो गन्धव्वणन्दणो सिद्धराअतणएण
3776,अमअवरिसो व्व हिअए पवरिसिओ एक्कमेक्काण // ळीला.१२३०
3777,
3778,समइच्छिऊण भणिअं तेहĩ मि अण्णोण्णहरिसिअङ्गेहिं
3779,अहिणन्दिऊण देव्वं चिरं च बहु मण्णिओ अप्पा // ळीला.१२३१
3780,
3781,एरिसए पत्थावे विजआणन्दो वि विअसिअच्छिमुहो
3782,वद्धाविऊण कुमरीओ तक्खणं आगओ सहसा // ळीला.१२३२
3783,
3784,तो दूरकअपणामो तिण्हं पि हु ताण हालपमुहाण
3785,सव्वाअरोवणीआसणम्मि पुरओ समासीणो // ळीला.१२३३
3786,
3787,भणिअं च राइणा पिअवअंस दिट्ठा तए महाणुमई
3788,वद्धाविआ फुडं कुवलआवली विरहकिसिअङ्गी // ळीला.१२३४
3789,
3790,भणिअं च तेण णरवइ एक्कासणसण्ठिआओ दिट्ठाओ
3791,तिहुअणसिरीउ णज्जइ णज्जइ अह तिण्णि सञ्झाओ // ळीला.१२३५
3792,
3793,वद्धाविऊण सिट्ठं चित्तङ्गअमाहवाणिलेण समं
3794,सम्पत्तो णरणाहो जाअं हिअइच्छिअं तुम्ह // ळीला.१२३६
3795,
3796,चिरआलसञ्चिओवड्ढिआĩ एआĩ ताĩ तवतरुणो
3797,भुञ्जइ फलाĩ भअवइ सम्पइ जिअलोअसाराइं // ळीला.१२३७
3798,
3799,तो ताहĩ तं सुणेऊण झत्ति रोमञ्चकञ्चुइल्लीहिं
3800,एक्केक्कमवअणपुलोइरीहĩ बहु मण्णिओ अप्पा // ळीला.१२३८
3801,
3802,परिसिट्ठं पि ण सद्दहइ ताण हिअएच्छिए समावडिए
3803,सव्वाण वि मेलावे गन्धव्वणरिन्दसिद्धाण // ळीला.१२३९
3804,
3805,पुणरुत्तपेच्छिरीणं अण्णाण वि परिसराण जा सिट्ठं
3806,ता झत्ति धाविआओ अलआहिमुहं वअंसीओ // ळीला.१२४०
3807,
3808,मग्गो च्चिअ ण पहुत्तो अलआहिमुहं पअत्तचित्ताण
3809,वद्धाविआण णलकूवरस्स परिउट्ठवअणाण // ळीला.१२४१
3810,
3811,तो सो दइआए समं समअं विज्जाहरेन्दहंसेण
3812,णलकूवरो तहिं चिअ सम्पत्तो समुअपरिवारो // ळीला.१२४२
3813,
3814,तो तेहĩ मज्झ विज्जाहरिन्दजक्खाहिवेहĩ दोहिं पि
3815,वद्धाविएहĩ णरवइ एक्कोक्खअणिहिवरो दिण्णो // ळीला.१२४३
3816,
3817,भणिअं च वज्जरेज्जसु एअं सालाहणस्स पुणरुत्तं
3818,भण्णइ ण तुमाहिन्तो अण्णो पिअबन्धवो अम्ह // ळीला.१२४४
3819,
3820,ता पेसिज्जउ चित्तङ्गएण सह माहवाणिलो अज्ज
3821,अविलम्बं वीवाहो भणिओ देवेहĩ जक्खाण // ळीला.१२४५
3822,
3823,जेणण्णम्मि सुदिअहे वीवाहो णरवराण जह भणिओ
3824,लीलावईए तह उण तुम्हं पत्ते सिलामेहे // ळीला.१२४६
3825,
3826,तं तह सोऊण णराहिवेण उब्बिम्बबालहरिणच्छि
3827,विजआणन्दाहिन्तो सिद्धाहिवणन्दणो भणिओ // ळीला.१२४७
3828,
3829,णिसुअं भो जं णलकूवरेण अप्पाहिअं म्ह सदएण
3830,दे वच्चह सह चित्तङ्गएण हिअइच्छिअं ठाणं // ळीला.१२४८
3831,
3832,तो ते छउअङ्गिमहारवेहĩ मङ्गलणिहोसमुहलेहिं
3833,तूरेहĩ सङ्खकाहलमुइङ्गघोसेहĩ सञ्चलिआ // ळीला.१२४९
3834,
3835,विजआणन्देण पुरस्सरेण रमणीअणोवगिज्जन्ता
3836,तद्देसणिवेसिअसहरिसच्छिजुअला समल्लीणा // ळीला.१२५०
3837,
3838,समुहागअस्स णलकूवरस्स कअचलणवन्दणा दो वि
3839,उवसप्पिआ पिआमुहपच्चुग्गअदंसणुक्कण्ठा // ळीला.१२५१
3840,
3841,दिट्ठा ते ताहĩ पिआ तेहि वि णिअपिअअमाओ दोहिं पि
3842,एक्केक्कमवअणणिवेसिअच्छिजुअलेहĩ पुणरुत्तं // ळीला.१२५२
3843,
3844,तो हिअअद्धवहविलम्बिएहĩ अप्पत्तसुहपसङ्गेहिं
3845,अणुणअवएहĩ णिअपिअअमाओ किं जं ण भणिआओ // ळीला.१२५३
3846,
3847,दे पसिअह कं तं जं भणम्ह गरुआवराहपङ्कम्मि
3848,विच्छूढा हअदिव्वेण एच्चिरं तेण तविआओ // ळीला.१२५४
3849,
3850,अह एवं उवलक्खाविऊण सा माहवाणिलेण तहिं
3851,गहिआ जक्खेससुआ हत्थाहत्थेण हरिणच्छि // ळीला.१२५५
3852,
3853,तो सा सवेविरङ्गुलिणहमुहसिप्पन्तसेअसलिलेण
3854,अग्घं व देइ पिअसङ्गमस्स हत्थुल्लएण पिआ // ळीला.१२५६
3855,
3856,तो पिअअमाकरग्गहफंसुग्गअपुलअपूरिअसरीरो
3857,सप्परिओसो सो माहवाणिलो वेइमारूढो // ळीला.१२५७
3858,
3859,अच्छीहिं चिअ सा तेण पिअअमा णेहणिब्भरमणेण
3860,आलिङ्गिअ व्व परिउम्बिअ व्व रमिअ व्व पीअ व्व // ळीला.१२५८
3861,
3862,चित्तङ्गओ वि पुरओ रअणावलिविरइअम्मि पल्लङ्के
3863,आसीणो पिअजाआमुहकमलणिवेसिअच्छिजुओ // ळीला.१२५९
3864,
3865,एत्थावसरे कुवलअदलच्छि सुजवेण जाणवत्तेण
3866,लीलावईए णिअकुलहरम्मि सम्पेसिओ दूओ // ळीला.१२६०
3867,
3868,तो उग्गए मिअङ्के णिव्वत्तविवाहमङ्गलमुहुत्ते
3869,सज्जीकआओ जक्खङ्गणाहĩ आवाणभूमीओ // ळीला.१२६१
3870,
3871,अमअरसभेअतण्णाअपल्लवोत्थइअविअडपेरन्ता
3872,णिम्मविआ वरकुसुमोवआररअपिञ्जरा वसुहा // ळीला.१२६२
3873,
3874,तो णिअअपिआपिअपणइपरिगआ पत्तपरमपरिओसा
3875,छिण्णच्छिण्णासु मणोहरासु भूमीसु आसीणा // ळीला.१२६३
3876,
3877,विविहाĩ विविहवण्णुज्जलाĩ सहआरसुरहिवासाइं
3878,णीलुप्पलपरिमलवासिआĩ दिज्जन्ति पाणाइं // ळीला.१२६४
3879,
3880,दिट्ठेहिं चिअ मइरापरिमलमिलिआलिमुहलिअमुहेहिं
3881,चसएहĩ विलासवईण होइ मअणालसा दिट्ठी // ळीला.१२६५
3882,
3883,पढमं चिअ जुण्णसुरापसङ्गपरिवड्ढिआणुभावेण
3884,चसएण करवलग्गेण वलइअं वम्महेण धणुं // ळीला.१२६६
3885,
3886,जह जह पिज्जइ मइरा तह तह सणिअं मओ समल्लिअइ
3887,जह जह अल्लिअइ मओ तह तह सोहा समारुहइ // ळीला.१२६७
3888,
3889,चिरजम्पिअं भरिज्जइ तक्खणभणिअं पि झत्ति पम्हुसइ
3890,असमञ्जसं पि भणिअं छज्जइ महुमअविआरेण // ळीला.१२६८
3891,
3892,महुमअवसपम्हुट्ठावराहपरिउम्बिआ वि दइएण
3893,अणुणिज्जइ पच्छा भरिअमण्णुवलिआणणा का वि // ळीला.१२६९
3894,
3895,कीए वि महुमआरुणकवोलविणिओअवज्जिअं दट्ठुं
3896,अवणिज्जइ सवणासोअपल्लवं पिअअमेण तहिं // ळीला.१२७०
3897,
3898,अवराहसमुप्फुसणं माणतरुम्मूलणं पिआ पिअइ
3899,पिअअमकरग्गहुत्ताणवअणविणिवेसिअं मइरं // ळीला.१२७१
3900,
3901,अण्णोण्णाहररसपाणसुहपसुत्तेहि सिद्धमिहुणेहिं
3902,घिप्पइ चिरेण चसअं विलक्खभावागअमुहेहिं // ळीला.१२७२
3903,
3904,पिअमुहपीओव्वरिअं थोवं थोवं चिरेण का वि पिआ
3905,अमअं व पिअइ सरअं सरोसपडिवक्खसच्चविअं // ळीला.१२७३
3906,
3907,गेअं सहत्थतालं मुहमद्दलणच्चिअं पहसिअं च
3908,सहइ विलासवईणं सुपसण्णपसाहिअं वअणं // ळीला.१२७४
3909,
3910,दरविहडन्तकडिल्लं विअलिअरसणं पडन्तपावरणं
3911,दरलुलिआलअतिलअं दरमत्तं सहइ रमणिअणं // ळीला.१२७५
3912,
3913,इअ महुमअमुइआसेससिद्धगन्धव्वजक्खजणणिवहे
3914,सम्पत्तो तइअदिणावसाणसमए सिलामेहो // ळीला.१२७६
3915,
3916,तो सो पिआए समअं सव्वाण वि एक्कदेसमिलिआण
3917,विज्जाहरेन्दपमुहाण झत्ति पुरओ समासीणो // ळीला.१२७७
3918,
3919,समइच्छिऊण सुन्दरि सव्वेहि मि तेहĩ सो सिलामेहो
3920,भणिओ पिअतणआए दंसणसुहमणुहवेत्ताहे // ळीला.१२७८
3921,
3922,ता सरअसिरीए समं सम्पत्तो पिअसुआए वरभवणं
3923,सच्चविआ सा कुवलअदलच्छि लीलावई तेण // ळीला.१२७९
3924,
3925,अग्घाइऊण सीसे पणामपच्चुट्ठिआ समासत्ता
3926,सासीसं ससणेहं गहिआ जणणीए उच्छङ्गे // ळीला.१२८०
3927,
3928,तावअ विज्जाहरसिद्धजक्खगन्धव्वमाणुसाणं च
3929,वअणाĩ णिअच्छन्ती मुक्का सावेण सरअसिरी // ळीला.१२८१
3930,
3931,तक्कालं बन्धुसमागमेण परितोसिआए सम्भरिओ
3932,एसो वि सावसमओ जो सो भणिओ गणेसेण // ळीला.१२८२
3933,
3934,अह सा कमसो गुरुबन्धवेहĩ परिआणिऊण ओसत्ता
3935,सविसेसं पडिवण्णं वद्धावणअं असेसेहिं // ळीला.१२८३
3936,
3937,तावाणन्दपरम्परपरितुट्ठुग्घुट्ठमङ्गलरवाइं
3938,पहआĩ पणच्चिअपरिअणाĩ परिओसतूराइं // ळीला.१२८४
3939,
3940,अण्णम्मि दिणे णीसेसबलपहाणम्मि वासरारम्भे
3941,घेत्तूण ण्हवणअं कुवलआवली राइणो पत्ता // ळीला.१२८५
3942,
3943,तो सो सिरिमण्डवमज्झदेसविरइअचउक्कचिञ्चइए
3944,चउपासणिवेसिअकणअकलसकअचारुपरिवेसे // ळीला.१२८६
3945,
3946,णवहडणपाउआरअणकन्तिविच्छुरिअविअडपेरन्ते
3947,वज्जेन्दणीलमरगअमणिचच्चिअपिहुलवित्थारे // ळीला.१२८७
3948,
3949,पज्जालिअकणअपईवपअडपरिवड्ढमाणसिरिविहवे
3950,आसीणो णरणाहो समुअं सुहमज्जणावीढे // ळीला.१२८८
3951,
3952,थुव्वन्तो गन्धव्वच्छराहĩ सिद्धङ्गणाहĩ गिज्जन्तो
3953,विज्जाहरजक्खविलासिणीहĩ णिम्मज्जिओ पढमं // ळीला.१२८९
3954,
3955,तावअ तूरेहĩ महारवेहĩ विविहेहĩ मङ्गलीएहिं
3956,ण्हविओ परिहासुल्लाविरीए रम्भुब्भवाए तहिं // ळीला.१२९०
3957,
3958,तो सो सिअवारणपट्ठिसण्ठिओ सेअवाससिअकुसुमो
3959,सेओहंसविलित्तो सिआअवत्तो समुच्चलिओ // ळीला.१२९१
3960,
3961,समुहागएहĩ विज्जाहरिन्दणलकूवराइपमुहेहिं
3962,दिट्ठो अद्धपहे च्चिअ सव्वेहि मि सप्पणामसिरो // ळीला.१२९२
3963,
3964,तो तेहिं चेअ पुरस्सरेहĩ उब्बिम्बबालहरिणच्छि
3965,सम्पत्तो णरणाहो आवासं सिङ्घलेसस्स // ळीला.१२९३
3966,
3967,जं तं रङ्गावलिरइअविविहसअवत्तसत्थिअसणाहं
3968,रमणिअणाहरणमऊहजालबज्झन्तसुरचावं // ळीला.१२९४
3969,
3970,बहुविहविचित्तकुसुमोवआरचिञ्चइअचारुधरणिअलं
3971,देवङ्गुल्लोअपलम्बमाणमोत्ताहलत्थवअं // ळीला.१२९५
3972,
3973,पडुपडहसङ्खकाहलमुअङ्गसंवलिअमङ्गलणिहोसं
3974,जुवईअणकअपरिहासमणहरं मण्डवद्दारं // ळीला.१२९६
3975,
3976,खित्तो से दहिअक्खअवोमीसो अविहवाहĩ मङ्गलिओ
3977,बलिभाअणो णरेन्दस्स कणअतलिआपरिट्ठविओ // ळीला.१२९७
3978,
3979,तावच्छिऊण दारं दइआकोऊहलेण णरणाहो
3980,सुइरेण सम्पइट्ठो आसीणो पट्टतूलीए // ळीला.१२९८
3981,
3982,दिट्ठा विरलसिअंसुअसम्पाउअवअणकमललावण्णा
3983,लीलावई णरिन्देण साअरं सहरिसङ्गेण // ळीला.१२९९
3984,
3985,सप्परिहासं जुवईअणेण सन्तोसतोसविज्जन्तो
3986,तत्थच्छिऊण सुइरं णरणाहो वेइमारूढो // ळीला.१३००
3987,
3988,तो जाअवेअकअचउपआहिणो पत्तपरमपरिओसो
3989,गुरुविप्पकअपणामो पुणो वि तत्तो समासीणो // ळीला.१३०१
3990,
3991,अह वेइसमुत्तिण्णस्स राइणो सिङ्घलङ्गणा एक्का
3992,आरत्तिअतलिआसत्तकअयला उवगआ पुरओ // ळीला.१३०२
3993,
3994,तावअ विज्जाहरबन्दिणेण सहस त्ति विअसिअमुहेण
3995,सालङ्कारं सुमणोहरं च गाहाउलं पढिअं // ळीला.१३०३
3996,
3997,देव णिअच्छसु. 
3998,
3999,अण्णोण्णसमीवणिवेसणिच्चलं समिअसद्दसंलावं
4000,णेउरकलहंसजुअं सुअइ व पअपङ्कअणिसण्णं // ळीला.१३०४
4001,
4002,थोरोरुजुअब्भन्तरसन्दाणिअसिचअपअडिअपहोहो
4003,रसणादलसङ्कन्तो रमणे रमइ व्व जोइक्खो // ळीला.१३०५
4004,
4005,तंसोणअविसमविसङ्घडन्ततिवलीतरङ्गपरितणुए
4006,धुअसञ्चआ वि अहिअं रेहइ रोमावली उअरे // ळीला.१३०६
4007,
4008,कमपसरिअभुअजुअलुच्छलन्तलावण्णजणिअपरिवेसो
4009,पसरइ अलद्धथामो दूरअरं दीवउज्जोओ // ळीला.१३०७
4010,
4011,वेल्लहलभुवोवग्गणविसमसमुल्लसणसङ्गलिज्जन्तो
4012,परिभमइ णाहिमण्डलविओअविरहाउरो हारो // ळीला.१३०८
4013,
4014,भुअभामिअतलिअपईवपअडिओ थणहरे सहइ हारो
4015,मेरुअसिङ्गजुए णं चलन्तगङ्गापवाहो व्व // ळीला.१३०८अ
4016,
4017,णिम्मज्जिअविउलकवोलकन्तिमासलिअपम्हवित्थारो
4018,तलिआए समं परिभमइ तरुणमअवाउरा दिट्ठी // ळीला.१३०९
4019,
4020,इअ तुह इमीए णरवर वाससहस्सं अलक्खिअजराए
4021,भामिज्जउ कअकोऊहलाए आरत्तिअपईवो // ळीला.१३१०
4022,
4023,अह सो तत्थ णरेन्दो रइतण्हुत्तावलो णिसारम्भे
4024,अल्लीणो वासहरं णरणाहो पिअअमाए समं // ळीला.१३११
4025,
4026,एत्ताहे तुह कुवलअदलच्छि किं जम्पिएण बहुएण
4027,सा राई तस्स णराहिवस्स उज्जग्गिरस्स गआ // ळीला.१३१२
4028,
4029,एव पहाए सन्ते सव्वेहि मि तेहĩ दिव्वपुरिसेहिं
4030,बहु मण्णिऊण दिण्णाओ णिअअणिअआओ सिद्धीओ // ळीला.१३१३
4031,
4032,अन्तद्धाणं सिद्धाहिवेण जक्खेण अक्खअं कोसं
4033,गन्धव्वेण अ दिण्णं दिवम्मि गमणं महीवइणो // ळीला.१३१४
4034,
4035,हंसेण वि से देण्णं वअथम्मरसाअणोसहं मन्तं
4036,पडिवण्णं जं अण्णं पि किं पि तं तुज्झ साहीणं // ळीला.१३१५
4037,
4038,एवं बहुसो पडिवज्जिऊण सो सुअणु णिअपुराहुत्तो
4039,सम्पेसिओ सहरिसो राआ लीलावईए समं // ळीला.१३१६
4040,
4041,इत्थन्तरम्मि ते वि हु विज्जाहरसिद्धजक्खगन्धव्वा
4042,सम्पत्ता सहस च्चिअ साणन्दा णिअअठाणेसु // ळीला.१३१९अ
4043,
4044,तह सो वि सिलामेहो दोतिण्णि पआणआĩ गन्तूण
4045,विणिअत्तो तणआए रअणाहरणाĩ दाऊण // ळीला.१३२०
4046,
4047,सिंहलदीवम्मि गओ सह सरअसिरीइ भिच्चपरिअरिओ
4048,णिव्वत्तिअलीलावइविवाहसुहवड्ढिआणन्दो // ळीला.१३२०अ
4049,
4050,अह सुअणु सो णरिन्दो लीलावइलम्भजणिअपरिओसो
4051,णिअठाणे सम्पत्तो णवणववड्ढन्तकल्लाणो // ळीला.१३२०भ
4052,
4053,इह तुह इमीए णरवर वाससहस्सं अलक्खिअजराए
4054,लीलावईए समयं वच्चन्तु अलक्खिआ दिअहा // ळीला.१३१७
4055,
4056,इअ विविहपआरं जक्खगणा आसीसिऊण णरणाहं
4057,णिअणिअवासाहुत्तं सव्वे ते उवगआया झत्ति // ळीला.१३१८
4058,
4059,पूअं काऊण तिलोअणस्स भत्तीए णग्गपासुवअं
4060,णमिऊण सलीलं कुवलअच्छि सालाहणो चलिओ // ळीला.१३१९
4061,
4062,तह सो वि सिलामेहो दोतिण्णि पआणआĩ गन्तूण
4063,विणिअत्तो तणआए रअणाहरणाĩ दाऊण // ळीला.१३२०
4064,
4065,पुहईसरो सतोसं लोलावइवअणपेसिअच्छिजुओ
4066,विजआणन्देणाणन्दिओ परं वट्टइ सलीलं // ळीला.१३२१
4067,
4068,सामन्तमहन्तासण्णदिण्णभअभीमभेसिअदिअन्तो
4069,सिग्घअरं सम्पत्तो सभुत्तिविसए पइट्ठाणं // ळीला.१३२२
4070,
4071,जं तं तोरणतुङ्गअरगुड्डिआहट्टसोहसोहिल्लं
4072,सोहिल्लदेउलारामसङ्कुलं तुङ्गपाआरं // ळीला.१३२३
4073,
4074,पाआरदारथिररअणविब्भमारामरञ्जिआवअवं
4075,अवअवविच्छुरिआसण्णदीहिआपडिमसङ्कन्तं // ळीला.१३२४
4076,
4077,सङ्कन्तसुन्दरीरुन्दमन्दसम्मद्दसोहणाउण्णं
4078,उण्णअघणचक्कलथणहरेसु भेसविअपहिअअणं // ळीला.१३२५
4079,
4080,पहिअअणकलअलाराववाहरिअमग्गभग्गदिट्ठिवहं
4081,दिट्ठिवहणिहिअसुविहिअविचित्तअम्मे सुजणणिवहं // ळीला.१३२६
4082,
4083,एअस्स मज्झआरे सुवण्णकअथम्मरअणचिञ्चइए
4084,सम्पत्तो राआ तक्खणम्मि देवीमहाभवणं // ळीला.१३२७
4085,
4086,सा वन्दिअ चिट्ठाइअचलणा हअसअलकलिमलुप्पङ्का
4087,रङ्गावलीए सक्खं णिअआवासं गओ राआ // ळीला.१३२८
4088,
4089,एत्थ समप्पइ एअं सङ्खेवुप्फालिअं कहावत्थुं
4090,अइवित्थरेण कहिअं मअच्छि को भाविउं तरइ // ळीला.१३२९
4091,
4092,भणिअं च पिअअमाए रइअं मरहट्ठदेसिभासाए
4093,अङ्गाĩ इमीए कहाए सज्जणासङ्गजोग्गाइं // ळीला.१३३०
4094,
4095,एअं जं अम्हं पिअअमाए हिअएण किं पि पडिवण्णं
4096,तं ण तहा जहसन्तं सुअणा गेण्हह पअत्तेण // ळीला.१३३१
4097,
4098,सुअणखलेहि अलं चिअ गुणदोसे जे णिअन्ति किं तेहिं
4099,गुणदोसरआ जाणन्ति मज्झिमा कव्वपरमत्थं // ळीला.१३३२
4100,
4101,अट्ठारहसअसङ्खा अणुट्ठुसङ्खाए विरइअपमाणा
4102,एस समप्पइ एण्हिं कह त्ति लीलावई णाम // ळीला.१३३३
4103,
4104,दीहच्छि कहा एसा अणुदियहं जे पढन्ति णिसुणन्ति
4105,ताण पियविरहदुक्खं ण होइ कइया वि तणुअङ्गि // ळीला.१३३३अ
4106,
4107,
4108,॥ इअ लीलावई णाम कहा समत्ता ॥
4109,
