line_number,devanagari_text
1,
2,[प. १]
3,[पढुमो आसासओ]
4,
5,[आइकुलअं]
6,णमह अवड्ढिअ-तुङ्गंअवसारिअवित्थअं अणोणअ-गहिरं
7,अप्पलहुअ-परिसण्हंअणाअ-परमत्थ-पाअडं महुमहणं // शेतु.१
8,
9,दणुइन्द-रुहिर-लग्गेजस्स फुरन्ते णह-प्पहा-विच्छड्डे
10,गुप्पन्ती विवलाआगलिअ व्व थणंसुए महासुर-लच्छी // शेतु.२
11,
12,पीणत्तण-दुग्गेज्झंजस्स भुआ-अन्त-णिट्ठुर-परिग्गहिअं
13,रिट्ठस्स विसम-वलिअंकण्ठं दुक्खेण जीविअं बोलीणं // शेतु.३
14,
15,ओआहिअ-महि-वेढोजेण परूढ-गुण-मूल-लद्ध-त्थामो
16,उम्मूलन्तेण दुमंपारोहो व्व खुडिओ महेन्दस्स जसो // शेतु.४
17,
18,
19,[आइकुलअं]
20,णमह अ जस्स फुड-रवंकण्ठ-च्छाआ-घडन्त-णअणग्गि-सिहं
21,फुरइ फुरिअट्टहासंउद्ध-पडित्त-तिमिरं मिव दिसा-अक्कम // शेतु.५
22,
23,वेवइ जस्स सविडिअंवलिउं महइ पुलआइअ-त्थण-अलसं
24,पेम्म-सहाव-विमुहिअंबीओवास-गमणूसुअं वामद्धं // शेतु.६
25,
26,जस्स विलग्गन्ति णहंफुड-पडिसद्दा दिसा-अल-पडिक्खलिआ
27,जोण्हा-कल्लोला विअससि-धवलासु रअणीसु हसिअ-च्छेआ // शेतु.७
28,
29,णट्टारम्भ-क्खुहिआजस्स भउब्भन्त-मच्छ-पहअ-जल-रआ
30,होन्ति सलिलुद्धुमाइअ-धूमाअन्त-वडवा-मुहा मअरहरा // शेतु.८
31,
32,
33,
34,[प. २]
35,अहिणव-राआरद्धाचुक्क-क्खलिएसु विहडिअ-परिट्ठविआ
36,मेत्ति व्व पमुह-रसिआणिव्वोढुं होइ दुक्करं कव्व-कहा // शेतु.९
37,
38,परिवड्ढइ विण्णाणंसंभाविज्जइ जसो विढप्पन्ति गुणा
39,सुव्वइ सुउरिस-चरिअंकिं तं जेण ण हरन्ति कव्वालावा // शेतु.१०
40,
41,इच्छाइ व धणरिद्धीजोव्वण-लद्ध व्व आहिआईअ सिरी
42,दुक्खं संभाविज्जइबन्धच्छाआइ अहिणवा अत्थ-गई // शेतु.११
43,
44,तं तिअस-बन्दि-मोक्खंसमत्थ-तेल्लोक्क-हिअअ-सल्लुद्धरणं
45,सुणह अणुराअ-इण्हंसीआ-दुक्ख-क्खअं दहमुहस्स वहं // शेतु.१२
46,
47,अह पडिवण्ण-विरोहेराहव-वम्मह-सरेण माणब्भहिए
48,विद्धाइ वालि-हिअएराअ-सिरीअ अहिसारिए सुग्गीवे // शेतु.१३
49,
50,ववसाअ-रइ-पओसोरोस-गइन्द-दिढ-सिङ्खला-पडिबन्धो
51,कह कह वि दासरहिणोजअ-केसरि-पइजरो गओ घण-समओ // शेतु.१४
52,
53,गमिआ कलम्ब-वाआदिट्ठं मेहन्धआरिअं गअण-अलं
54,सहिओ गज्जिअ-सद्दोतह वि हु से णत्थि जीविए आसङ्घो // शेतु.१५
55,
56,तो हरि-वइ-जस-वन्थोराहव-जीअस्स पढम-हत्थालम्बो
57,सीआ-बाह-विहाओदहमुह-वज्झ-दिअहो उवगओ सरओ // शेतु.१६
58,
59,रइ-अर-केसर-णिवहंसोहइ धवलब्भ-दल-सहस्स-परिगअं
60,महुमह-दंसण-जोग्गंपिआमहुप्पत्ति-पङ्कअं व णह-अलं // शेतु.१७
61,
62,दिणमणि-मोह-प्फुरिअंगलिअं घण-लच्छि-रअण-रसणा-दामं
63,उदु-मअण-बाण-वत्तंणह-मन्दार-णव-केसरं इन्द-धणुं // शेतु.१८
64,
65,धुअ-मेह-महुअराओघण-समआअड्ढिओणअ-विमुक्काओ
66,णह-पाअव-साहाओणिअअ-ट्ठाणं व पडिगआउ दिसाओ // शेतु.१९
67,
68,
69,[प. ३]
70,अहिणव-णिद्धालोआउद्देसासार-दीसमाण-जल-लवा
71,णिम्माअ-मज्जण-सुहादर-वसुआअ-च्छविं वहन्ति व दिअहा // शेतु.२०
72,
73,सुह-संमाणिअ-णिद्दोविरहालुङ्खिअ-समुद्द-दिण्णुक्कण्ठो
74,असुवन्तो वि विवुद्धोपढम-विउद्ध-सिरि-सेविओ महुमहणो // शेतु.२१
75,
76,सोहइ विसुद्ध-किरणोगअण-समुद्दम्मि रअणि-वेला-लग्गो
77,तारा-मुत्ता-वअरोफुड-विहडिअ-मेह-सिप्पि-संपुड-मुक्को // शेतु.२२
78,
79,सत्तच्छआण गन्धोलग्गइ खलइ हिअए कलम्बामोओ
80,कलहंसाण कल-रओठाइ ण संठाइ परिणअं सिहि-विरुअं // शेतु.२३
81,
82,पीण-पओहर-लग्गंदिसाण पवसन्त-जलअ-समअ-विइण्णं
83,सोहग्ग-पढम-इण्हंपव्वाअइ सरस-णह-वअं इन्द-धणुं // शेतु.२४
84,
85,पज्जत्त-सलिल-धोएदूरालोक्कन्त-णिम्मले गअण-अले
86,अच्चासण्णं व ठिअंविमुक्क-पर-भाअ-पाअडं ससि-बिम्बं // शेतु.२५
87,
88,चिर-आल-पडिणिअत्तंदिसासु घोलन्त-कुमुअ-रअ-वेल्लविअं
89,भमइ अलद्धासाअंकमलाअर-दंसणूसुअं हंस-उलं // शेतु.२६
90,
91,चन्दाअव-धवलाओफुरन्त-दिअस-रअणन्तरिअ-सोहाओ
92,सोम्मे सरअस्स उरेमोत्तावलि-विब्भमं वहन्ति णिसाओ // शेतु.२७
93,
94,भमर-रुअ-दिण्ण-सण्णंघण-रोह-विमुक्क-दिणअर-अरालिद्धं
95,फरिस-सुहाअन्तं मिवपडिवुज्झइ जल-णिहित्त-णालं णलिणम // शेतु.२८
96,
97,वम्मह-धणु-णिग्घोसोकमल-वण-क्खलिअ-लच्छि-णेउर-सद्दो
98,सुव्वइ कलहंस-रओमहुअरि-वाहित्त-णलिणि-पडिसंलाओ // शेतु.२९
99,
100,खुडिउप्पइअ-मुणालंदट्ठूण पिअं व सिढिल-वलअं णलिणिं
101,महुअरि-महुरुल्लावंमहुमअ-अम्बं मुहं व घेप्पइ कमलं // शेतु.३०
102,
103,
104,[प. ४]
105,पज्जत्त-कमल-गन्धोमहु-तण्णाओसरन्त-णव-कुमुअ-रओ
106,भमिर-भमरोअइव्वोसञ्चरइ स-दाण-सीभरो वण-वाओ // शेतु.३१
107,
108,कण्टइअ-णूमिअङ्गीथोअ-त्थोओसरन्त-मुद्ध-सहावा
109,रइ-अर-चुम्बिज्जन्तंण णिअत्तेइ णलिणी मुहं मिव कमलं // शेतु.३२
110,
111,परिघोलन्त-क्खलिअंसत्तच्छअ-कुसुम-धवल-रेणुक्खइअं
112,उप्पुसइ दाण-वङ्कंमुहुत्त-गअ-कण्ण-चामरं भमर-उलं // शेतु.३३
113,
114,[जुग्गअं]
115,इअ पहसिअ-कुमुअ-सरेभडि-मुह-पङ्कअ-विरुद्ध-चन्दालोए
116,जाए फुरन्त-तारेलच्छि-सअंगाह-णव-पओसे सरए // शेतु.३४
117,
118,झिज्जइ झीणा वि तणूअट्ठिअ-बाहं पुणो परुण्णं व मुहं
119,रामस्स अईसन्तेआसा-बन्धे व्व चिर-गए हणुमन्ते // शेतु.३५
120,
121,
122,णवरि अ जहा-समत्थिअ-णिव्वत्तिअ-कज्ज-णिव्वलन्त-च्छाअं
123,पेच्छइ मारुअ-तणअंमणोरहं चेअ चिन्तिअ-सुहोवणअं // शेतु.३६
124,
125,पढमं चिअ मारुइणाहरिस-भरिज्जन्त-लोअणेण मुहेण
126,जणअ-तणआ-पउत्तीपच्छा वाआइ णिरवसेसं सिट्ठा // शेतु.३७
127,
128,दिट्ठ त्ति ण सद्दहिअंझीण त्ति सबाह-मन्थरं णीससिअं
129,सोअइ तुमं त्ति रुण्णंपहुणा जिअइ त्ति मारुई उवऊढो // शेतु.३८
130,
131,चिन्ता-हअ-प्पहं मिवतं च करे खेअ-णीसहं व णिसण्णं
132,वेणी-बन्धण-मइलंसोअ-किलिन्तं व से पणामेइ मणिं // शेतु.३९
133,
134,सो कर-अलञ्जलि-गओबाह-त्थवअ-पहओसिहन्त-मऊहो
135,णअणेहि दासरहिणादिट्ठो पीओ णु पुच्छिओ णु पउत्तिं // शेतु.४०
136,
137,सोअइ अ णं रहुवईविरलङ्गुलि-गलिअ-किरण-धारा-वअरं
138,वअणे विमलुज्जोअंदर रोत्तूण सलिलञ्जलिं व णिमेन्तो // शेतु.४१
139,
140,
141,[प. ५]
142,तं दइआहिण्णाणंजम्मि वि अङ्गम्मि राहवेण ण णिमिअं
143,सीआ-परिमट्ठेण ववूढो तेण वि णिरन्तरं रोमञ्चो // शेतु.४२
144,
145,बाह-मइलं पि तो सेदहमुह-चिन्ता-विअम्भमाणामरिसं
146,जाअं दुक्खालोअंजरढाअन्त-रवि-मण्डलं मिव वअणं // शेतु.४३
147,
148,तो से चिर-मज्झत्थेकुविअ-कअन्त-भुमआ-लआ-पडिरूए
149,दिट्ठी दिट्ठ-त्थामेकज्ज-धुर व्व णिअए धणुम्मि णिसण्णा // शेतु.४४
150,
151,खण मूलावद्धाएणिव्वण्णन्त-मसिणं समारूढाए
152,सज्जीअं मिव जाअंअणोणमन्तं पि राम-दिट्ठीअ धणुं // शेतु.४५
153,
154,सुग्गीअस्स वि हिअअंराहव-सुकअ-पडिमोअणा-सत्तण्हं
155,अगणिअ-दहमुह-दप्पंणिव्वूढ-भरं व तक्खणं ऊससिअं // शेतु.४६
156,
157,चिन्तिअ-लद्धत्थं मिवभुमआ-विक्खेव-सूइआमरिस-रसं
158,गमणं राहव-हिअएरक्खस-जीविअ-हरं विसं व णिहित्तं // शेतु.४७
159,
160,सोह व्व लक्खण-मुहंवण-माल व्व विअडं हरि-वइस्स उरं
161,कित्ति व्व पवण-तणअंआण व्व बलाइ से विलग्गइ दिट्ठी // शेतु.४८
162,
163,संखोहिअ-महि-वेढोतो सो कइ-सेण्ण-विलुलिअ-वणाहोओ
164,खुहिअ-समुद्दाहिमुहोमहणारम्भम्मि मन्दरो विअ चलिओ // शेतु.४९
165,
166,चलिअं च वाणर-बलंचलिए तम्मि चल-केसर-सडुज्जोअं
167,गहिअ-दिसा-परिणाहंमऊह-जालं व दिणअरस्स फुरन्तं // शेतु.५०
168,
169,वेरारणि-पज्जलिओतो सो रोस-पवणाहउद्धअ-मुहलो
170,वड्ढइ मग्गाणुगओलङ्का-वण-राइ-वण-दओ कइ-लोओ // शेतु.५१
171,
172,वच्चइ अ चडुल-केसर-सडुज्जलालोअ-वाणर-परिक्खित्तो
173,सव्व-दिसा-आअड्ढिअ-पलअ-पलित्त-गिरि-संकुलो व्व समुद्दो // शेतु.५२
174,
175,
176,[प. ६]
177,घोलन्ति णिम्मलाओफुरन्त-दिअसअर-पाअडिअ-रूआओ
178,दाविअ-मग्गम्मि वि सेहिअए सोअन्धआरिअम्मि दिसाओ // शेतु.५३
179,
180,आलोएइ अ विञ्झंधणु-संटःआणस्स साअरस्स भर-सहं
181,सन्धिअ-णइ-सोत्त-सरंअवहोवास-घडिअं व जीआ-बन्धं // शेतु.५४
182,
183,मसिणिअ-सिहरुच्छङ्गोविहुअ-णिअम्ब-वण-पाअडिअ-तुङ्ग-अडो
184,विञ्झेण भरिअ-कुहरोहेला-वाओ वि वाणराण ण सहिओ // शेतु.५५
185,
186,पत्ता अ सीभराहअ-धाउ-सिला-अल-णिसण्ण-राइअ-जलअं
187,सज्झं ओज्झर-पहसिअ-दरि-मुह-णिक्कन्त-वउल-मइरामोअं // शेतु.५६
188,
189,बोलन्ति अ पेच्छन्तापडिमा-संकन्त-धवल-घण-संघाए
190,फुड-फडिह-सिला-सङ्कुल-खलिओवरि-पत्थिए विअ णइ-प्पवहे // शेतु.५७
191,
192,तड-पब्भार-भरन्तादलन्त-पाआल-गलिअ-जल-पइरिक्का
193,आवाए च्चिअ जाआपहअ-महा-वह-णिहा महा-णइ-सोत्ता // शेतु.५८
194,
195,जलहर-णिद्दाअन्तंपाअव-गहणेसु सिसिर-णिद्दाअन्तं
196,सइ दुद्दिण-सामलअंपत्ता भग्ग-धुअ-चन्दण-रसा मलअं // शेतु.५९
197,
198,चन्दण-पाअव-लग्गेखुडिउव्वेलिअ-लआ-परिमल-च्छाए
199,सन्दाणिअ-णिम्मोएपेच्छन्ति महा-भुअङ्ग-वेढण-मग्गे // शेतु.६०
200,
201,सेवन्ति तीर-वड्ढिअ-णिअअ-भरोव्वत्त-चन्दण-लआलिद्धे
202,रम्म-त्तण-दिप्प-वहेवण-गअ-दाण-कडुए गिरि-णइ-प्पवहे // शेतु.६१
203,
204,तो तरुण-सिप्पि-संपुड-दर-दाविअ-जल-णिहित्त-मुत्ता-वअरं
205,पत्ता पत्तल-वउलंगअ-दाण-सुगन्धि-रअ-णवेलं वेलं // शेतु.६२
206,
207,
208,[प. ७]
209,विअसिअ-तमाल-णीलंपुणो पुणो चल-तरङ्ग-कर-परिमट्ठं
210,फुल्लेला-वण-सुरहिंउअहि-गइन्दस्स दाण-लेहं व ठिअं // शेतु.६३
211,
212,फेण-विसमङ्गराअंविद्दुम-दन्त-व्वणाणिअ-मुह-च्छाअं
213,मलिअ-वण-केस-कुसुमंपरिहुत्त-समुद्द-परिमलं व वहन्तिं // शेतु.६४
214,
215,सिप्पि-उड-मउलिअच्छिंलआ-हरब्भन्तरेसु परिवड्ढन्तं
216,अणुराअ-परिट्ठविअंआअण्णन्तिं व किंणरुग्गीअ-रवं // शेतु.६५
217,
218,
219,इअ सिरि-पवरसेण-विरइए दहमुहवहे महाकव्वे पढुमो आसासओ समत्तो
220,
221,
222,---------------------------------------------------------------------
223,
224,[प. ८]
225,[बिइओ आसासओ]
226,
227,[आइकुलअं ३५]
228,अह पेच्छइ रहु-तणओचडुलं दोस-सअ-दुक्ख-बोलेअव्वं
229,अमअ-रस-सार-गरुअंकज्जारम्भस्स जोव्वणं व समुद्दं // शेतु.१
230,
231,गअणस्स व पडिविम्बंधरणीअ व णिग्गमं दिसाण व णिलअं
232,भुअणस्स व मणि-तडिमंपलअस्स व सावसेस-जल-विच्छड्डं // शेतु.२
233,
234,भमिरुब्भड-कल्लोलंथोर-कराहअ-दिसा-मुहोत्थअ-सलिलं
235,सासअ-मएण बहुसोखोहिज्जन्तं दिसा-गएण व ससिणा // शेतु.३
236,
237,अप्फुण्ण-विद्दुम-वणेगुप्पन्त-पडित्थिरे सलिल-कल्लोले
238,मन्दर-गूढ-प्पहरेअज्ज वि संखाअ-लोहिए व्व वहन्तम // शेतु.४
239,
240,मुहल-घण-विप्पइण्णंजल-णिवहं भरिअ-सअल-णह-महि-विवरं
241,णइ-मुह-पल्हत्थन्तंअप्पाण-विणिग्गअं जसं व पिअन्तं // शेतु.५
242,
243,जोण्हाए व्व मिअङ्कंकित्तीअ व सुउरिसं पहाए व्व रविं
244,सेलं महा-णईअ वसिरीअ चिर-णिग्गआइ वि अमुच्चन्तं // शेतु.६
245,
246,कालन्तर-जीअ-हरंगओणिअत्तन्त-पवण-घट्टिज्जन्तं
247,सल्लं व देह-लग्गंविअडं वडवा-मुहाणलं वहमाणम // शेतु.७
248,
249,धुअ-वण-राइ-कर-अलंमलअ-महिन्द-त्थणोर-सोल्लण-सुहिअं
250,वेलालिङ्गण-मुक्कंछिविओसरिएहि वेलवन्तं व महिं // शेतु.८
251,
252,
253,[प. ९]
254,ठाणे वि ठिइ-पहुत्तंपलए महि-मण्डलम्मि वि अमाअन्तं
255,पणअन्त-वामण-तणुंकमन्त-देह-भर-भरिअ-लोअं व हरिं // शेतु.९
256,
257,दीसन्तं अहिरामंसुव्वन्तं पि अविइण्ह-सोअव्व-गुणं
258,सुकअस्स व परिणामंउअहुज्जन्तं पि सासअ-सुह-प्फलअं // शेतु.१०
259,
260,उक्खअ-दुमं व सेलंहिम-हअ-कमलाअरं व लच्छि-विमुक्कं
261,पीअ-मइरं व चसअंबहुल-पओसं व मुद्ध-चन्द-विरहिअं // शेतु.११
262,
263,णिप्फण्ण-सुहालोअंविमल-जलब्भन्तर-ट्ठिअं वहमाणं
264,दर-कड्ढिअं व रइणाकरावलम्बिअ-करं रअण-संघाअं // शेतु.१२
265,
266,महणाआस-विमुक्कंउच्छित्तामअ-विसङ्खलाणल-णिवहं
267,वासुइ-मुह-णीसन्दंवडवा-मुह-कुहर-पुञ्जिअं वहमाणं // शेतु.१३
268,
269,धीरं व जल-समूहंतिमि-णिवहं मिव सपक्ख-पव्वअ-लोअं
270,णइ-सोत्ते व्व तरङ्गेरअणाइ व गरुअ-गुण-सआइ वहन्तं // शेतु.१४
271,
272,पाआलोअर-गहिरेमहि-पइरिक्क-विअडे णह-णिरालम्बे
273,तेल्लोक्के व्व महुमहंअप्पाण च्चिअ गआगआइ करेन्तं // शेतु.१५
274,
275,अहिलीअ परमुहीहिंछिविओसरिएहि अणुसअ-विलोलाहिं
276,अणुणिज्जमाण-मग्गंवेवन्त-णिअत्त-पत्थिआहि णईहिं // शेतु.१६
277,
278,जीअ-गरुईहि अज्ज विइच्छा-पज्जत्त-सुह-रसाहि मएन्तं
279,धण-रिद्धीअ सिरीअ असलिलुप्पण्णाइ वारुणीअ अ लोलं // शेतु.१७
280,
281,चडुलं पि थिईअ थिरंतिअसुक्खित्त-रअणं पि सारब्भहिअं
282,महिअं पि अणोलुग्गंअसाउ-सलिलं पि अमअ-रस-णीसन्दं // शेतु.१८
283,
284,पज्जत्त-रअण-गब्भेणह-अरु-पल्हत्थ-चन्द-अर-पारोहे
285,उअरब्भन्तर-सेलेसुरवइ-डिम्ब-णिहिए णिहि व्व वहन्तं // शेतु.१९
286,
287,
288,[प. १०]
289,परिअम्भिअं उवगएबोलीणम्मि अ णिअत्त-चडुल-सहावं
290,णव-जोव्वणे व्व कामंदइअ-समागम-सुहम्मि चन्दुज्जोए // शेतु.२०
291,
292,दर-फुडिअ-सिप्पि-संपुड-पलोट्ट-सङ्ख-मुह-भरिअ-मुत्ता-णिअरं
293,मारुअ-दूरुच्छालिअ-जल-भरिअद्ध-वह-पडिणिअत्त-जलहरं // शेतु.२१
294,
295,मरगअ-मणि-प्पहाहअ-हरिआअन्त-जरढ-प्पवाल-किसलअं
296,सुर-गअ-गन्धुद्धाइअ-करि-मअरासण्ण-दिण्ण-मेह-मुह-वडं // शेतु.२२
297,
298,मणिवालअं तीर-लआ-हर-प्पहोहासिअ-रम्म-णिवालअं
299,घण-वारिअं वेलालिङ्गणेण चडुलं महि-लङ्घण-वारिअं // शेतु.२३
300,
301,ससि-मऊह-पडिपेल्लण-पक्खुब्भन्तअंसंचरन्त-धरणीहर-पक्खुब्भन्तअं
302,धीरअं सइ मुहल-घण-पअ-विज्जन्तअंअट्ठिअं च वलवाणल-पअविज्जन्तअं // शेतु.२४
303,
304,णिअअ-विसाणल-पअविअ-मुत्ता-णिअर-परिघोलमाण-विसहरं
305,मीण-गइ-मग्ग-पाअड-सेआलोमइल-मणि-सिला-संघाअं // शेतु.२५
306,
307,सरि-संकुलं महुमह-वल्लहाइ लच्छीअ सार-सरिसं कुलं
308,महि-लाइअं णइ-मुह-पत्थिओणिअत्तिअ-वेला-महिलाइअं // शेतु.२६
309,
310,णइ-सहस्स-पडिउम्बण-णाअ-रसन्तअंपलअ-मेह-सम-दूसह-णाअ-रसन्तअं
311,पेलवेण पवणेण महुर-संचारिअंमउअ-मअ-खलन्तं व महु-रसं चारिअं // शेतु.२७
312,
313,
314,[प. ११]
315,कसण-मणि-च्छाआ-रस-रज्जन्तोवरि-परिप्पवन्त-प्फेणं
316,हरि-णाहि-पङ्कअ-क्खलिअ-सेस-णीसास-जणिअ-विअडावत्तं // शेतु.२८
317,
318,सअरङ्गअं विद्दुम-पल्लव-प्पहा-घोलिर-सासअ-रङ्गअं
319,रवि-राइअं धरणि-अलं व मन्दराअड्ढण-दूर-विराइअं // शेतु.२९
320,
321,मुत्तालअं तिअस-विइण्ण-जीविअ-सुहामअ-जम्मुत्तालअं
322,वित्थिण्णअं पलउव्वेल्ल-सलिल-हेला-मलिउव्वि-त्थिण्णअं // शेतु.३०
323,
324,चिर-परूढ-सेआल-सिला-हरिअन्तअंपवण-भिण्ण-रव-दारुण-णीहरिअन्तअं
325,महुमहस्स णिद्दा-समए वीसाम-अंपलइ-डड्ढ-विज्झाअ-तलुव्वी-सामअं // शेतु.३१
326,
327,असुरोवडण-विहट्टिअ-जल-विवरुट्ठिअ-रसाअलुम्हा-णिवहं
328,महण-वस-भिण्ण-भामिअ-दीवन्तर-लग्ग-मन्दर-अड-क्खण्डं // शेतु.३२
329,
330,एस अमअ-रस-संभवो त्ति संभाविअंणह-णिहं तमेण व चउद्दिसं भाविअं
331,गुण-महग्घ-सारं वसुहा-रक्खाणिअंणिअअ-जस-णिहाणं मिव सअर-क्खाणिअं // शेतु.३३
332,
333,पवणुग्गाहिअ-जल-लव-णिवह-पहम्मन्त-मुहल-तीर-तल-वणं
334,ससि-सेल-मऊहोज्झर-परिवड्ढिअ-सलिल-मलिअ-पुलिणुच्छङ्गं // शेतु.३४
335,
336,मन्दर-मेह-क्खोहिअ-ससि-कलहंस-परिमुक्क-सलिलुच्छङ्गं
337,मरगअ-सेवालोवरि-णिसण्ण-तुण्हिक्क-मीण-चक्काअ-जुअं // शेतु.३५
338,
339,पुण्ण-णइ-सोत्त-संणिह-जल-मज्झ-मुणिज्जमाण-चलिअ-तिमि-वहं
340,वलआ-मुह-मूल-समोसरन्त-मसि-रासि-कज्जलिअ-पाआलं // शेतु.३६
341,
342,
343,
344,[प. १२]
345,तो उग्घाडिअ-मूलोपवअ-बलक्कन्त-महि-अलुद्धुच्छलिओ
346,दिट्ठीअ दिट्ठ-सारोणज्जइ तुलिओ त्ति राहवेण समुद्दो // शेतु.३७
347,
348,कालन्तर-परिहुत्तंदट्ठूण वि अप्पणो महोअहि-सअणं
349,जणअ-सुआ-बद्ध-मणोरामो पलअ-घरिणिं ण संभरइ सिरिं // शेतु.३८
350,
351,ईसि-जल-पेसिअच्छंविहसन्त-विइण्ण-पवअ-वइ-संलावं
352,अद्दिट्ठे व्व ण मुक्कंदिट्ठे उअहिम्मि लक्खणेण वि धीरं // शेतु.३९
353,
354,हरिस-णिराउण्णामिअ-पीणअरालोअ-पाअडोवरिभाअं
355,पवआहिवो-वि पेक्खइअद्धुप्पइअं व रुम्भिऊण सरीरं // शेतु.४०
356,
357,गरुडेण व जलण-णिहंसमुद्द-लङ्घण-मणेण वाणर-वइणा
358,अवहोवास-पसरिअंपक्ख-विआणं व पुलइअं कइ-सेण्णं // शेतु.४१
359,
360,साअर-दंसण-हित्थाअक्खित्तोसरिअ-वेवमाण-सरीरा
361,सहसा लिहिअ व्व ठिआणिप्फन्द-णिराअ-लोअणा कइ-णिवहा // शेतु.४२
362,
363,पेच्छन्ताण समुद्दंचडुलो वि अउव्व-विम्हअ-रस-त्थिमिओ
364,हणुमन्तम्मि णिवडिओसगारवं वाणराण लोअण-णिवहो // शेतु.४३
365,
366,उअहिं अलङ्घणिज्जंदट्ठूण गआगअं च मारुअ-तणअं
367,मोहन्धआरिएसु विगूढो भमइ हिअएसु सिं उच्छाहो // शेतु.४४
368,
369,तो ताण हअ-च्छाअंणिच्चल-लोअण-सिहं पउत्थ-पआवं
370,आलेक्ख-पईवाण वणिअअं पइइ-चडुलत्तणं पि विअलिअं // शेतु.४५
371,
372,कह वि ठवेन्ति पवङ्गासमुद्द-दंसण-विसाअ-विमुहिज्जन्तं
373,गलिअ-गमणाणुराअंपडिवन्थ-णिअत्त-लोअणं अप्पाणं // शेतु.४६
374,
375,
376,इअ सिरि-पवरसेण-विरइए कालिदास-कए दहमुहवहे महाकव्वे बिइओ आसासओ परिसमत्तो
377,
378,
379,---------------------------------------------------------------------
380,
381,[प. १३]
382,[तइओ आसासओ]
383,
384,[जुग्गअं]
385,तो ते कइ-माअङ्गेरूढ-विसाअ-मअ-भाविओमीलन्ते
386,आलाण-क्खम्भेसु वबाहूसु सिला-अल-ट्ठिएसु णिसण्णे // शेतु.१
387,
388,आहासइ सुग्गीओणिअअ-रवाहि फुड-णिन्त-जस-णिग्घोसम
389,धीराहि सार-गरुअंदन्तुज्जोआहि णिम्मलत्थं वअणम // शेतु.२
390,
391,
392,धरणि-धरणे भुअ च्चिअमहणम्मि सुरासुरा खअम्मि समुद्दा
393,हन्तव्वम्मि दहमुहेएण्हिं तुम्हे त्थ महुमहस्स सहाआ // शेतु.३
394,
395,मा सासअ-सोडीरंकह वि णिअत्तन्त-समुह-संठविअ-पअं
396,आअअ-वित्थक्कन्तंपणअन्तं व सुअणं परुम्हाह जसं // शेतु.४
397,
398,रक्खस-वह-दुव्वोज्झोकज्जारम्भो समुद्द-लङ्घण-गरुओ
399,पढुमं चिअ रहुवइणाउवरिं हिअअ-तुलिओ भरो व्व विलइओ // शेतु.५
400,
401,तुम्ह च्चिअ एस भरोआणा-मेत्त-प्फलो पहुत्तण-सद्दो
402,अरुणो छाआ-वहणोविसअं विअसन्ति अप्पणा कमल-सरा // शेतु.६
403,
404,तरिउं ण हु णवर इमंवेला-वण-वउल-कुसुम-वासिअ-सुरहिं
405,हत्थ-उडेहि समत्थातुम्हे पाउं पि फल-रसं व समुद्दं // शेतु.७
406,
407,चिर-आल-कङ्खिआणंधुआवमाण-णिअलुण्णमन्त-सुहाणं
408,एसो णवर अवसरोअसरिस-समसीस-बन्धण-विमोक्खाणं // शेतु.८
409,
410,ते विरला सप्पुरिसाजे अभणन्ता घडेन्ति कज्जालावे
411,थोअ च्चिअ ते वि दुमाजे अमुणिअ-कुसुम-णिग्गमा देन्ति फलं // शेतु.९
412,
413,
414,[प. १४]
415,खिण्णं चावम्मि करंचिर-आलुक्कण्ठिअं अमरिसम्मि मणं
416,मा दा देउ रहुवईबाणाहिमुहिं च बाह-गरुइं दिट्ठिं // शेतु.१०
417,
418,ओवग्गउ तुम्ह जसोदहवअण-पआव-पत्थिव-परिग्गहिअं
419,विलुलिअ-समुद्द-रसणंणह-भवणन्तेउरं दिसा-वहु-णिवहं // शेतु.११
420,
421,जं साहसं ण कोरइतं दअमाणेण जीविअं किर दइअं
422,जो अपडिमुक्क-सुकआसो वि गणिज्जइ जअम्मि जीअन्त-मुओ // शेतु.१२
423,
424,किं व ण आणह एअंकज्जं परिपेलवं पि जह परिणामे
425,देइ परं संमोहंकुसुमं विस-पाअवस्स व मलिज्जन्तं // शेतु.१३
426,
427,विहडन्तं पि समत्थाववसाअं पुरिस-दुग्गमं णेन्ति वहं
428,भुवणन्तर-विक्खम्भंदिअसअरो विहडिएक्क-चक्कं व रहं // शेतु.१४
429,
430,कअ-कज्जे ताल-समेअइरा पेच्छह भुए अणुत्ताल-समे
431,णिहुओ राअस-हाओपडिवक्खस्स अ अवेउ राअ-सहाओ // शेतु.१५
432,
433,सङ्खोहिअ-मअरहरोसंभन्तुव्वत्त-दिट्ठ-रक्खस-लोओ
434,वेला-अड-मुज्झन्तेअह णे हसइ हिअएण मारुअ-तणओ // शेतु.१६
435,
436,अव्वोच्छिण्ण-पसरिओअहिअं उद्धाइ फुरिअ-सूर-च्छाओ
437,उच्छाहो सुभडाणंविसम-क्खलिओ महा-णईण व सोत्तो // शेतु.१७
438,
439,माणेण परिट्ठविआकुल-परिवाडि-घडिआ अणोणअ-उव्वा
440,चिन्तेउं पि ण तीरइओहुप्पन्ती परेण णिअअ-च्छाआ // शेतु.१८
441,
442,परिवड्ढन्तुच्छाहोविअलिअ-रण-मच्छरेहि अप्पत्त-गुणो
443,अअस-क्कन्तोसरिओकड्ढिज्जइ दुक्करं भडत्तण-सद्दो // शेतु.१९
444,
445,आहिअ-समराअमणावसणम्मि अ ऊसवे अ सम-राअ-मणा
446,अवसाअअ-विसमत्थाधीर च्चिअ होन्ति संसए वि समत्था // शेतु.२०
447,
448,
449,[प. १५]
450,ववसाअ-सप्पिवासाकह ते हत्थ-ट्ठिअं ण पाहेन्ति जसं
451,जे जीविअ-सन्देहेविसं भुअङ्ग व्व उव्वमन्ति अमरिसं // शेतु.२१
452,
453,सीहा सहन्ति बन्धंउक्खअ-दाढा चिरं धरेन्ति विसहरा
454,ण उण जिअन्ति पडिहआअक्खण्डिअ-ववसिआ खणं पि समत्था // शेतु.२२
455,
456,अकअत्थ-पडिणिअत्ताकह समुहालोअ-मेत्त-पडिसंकन्तं
457,दप्पण-अलेसु व ठिअंणिअअं देच्छिह पिआ-मुहेसु विसाअं // शेतु.२३
458,
459,णिज्जन्ति चिर-पअत्तासमुद्द-गहिरा वि पडिवहं णइ-सोत्ता
460,तीरेन्ति णिअत्तेउंअसमाणिअ-पेसणा ण उण सप्पुरिसा // शेतु.२४
461,
462,जो लङ्घिज्जइ रइणाजो वि खविज्जइ खआणलेण वि बहुसो
463,कह सो उइअ-परिहओदुत्तारो त्ति पवआण भण्णउ उअही // शेतु.२५
464,
465,चिन्तिज्जउ दाव इमंकुल-ववएस-क्खमं वहन्ताण जसं
466,लज्जाइ समुद्दस्स विदोण्ह वि किं होइ दुक्करं बोलेउं // शेतु.२६
467,
468,किरणासणिं रहु-सुएसुहस्स किर णासणिं विमुञ्चउ मा दा
469,सेल-ससारअमे होतुम्हे जेऊण चन्द-सारअ-मेहो // शेतु.२७
470,
471,बन्धव-णेहब्भहिओहोइ परो वि विणएण सेविज्जन्तो
472,किं उण कओवआरोणिक्कारण-णिद्ध-बन्धवो दासरही // शेतु.२८
473,
474,अइर-परूढ व्व लआसमरुच्छाहे उदुम्मि व विलम्बन्ते
475,अज्ज वि दाव मह इमामउलेइ च्चिअ फलं ण दावेइ सिरी // शेतु.२९
476,
477,केच्चिर-मेत्तं व ठिईएअ विसंवाइआ ण मोच्छिहि रामं
478,कमलम्मि समुप्पण्णातं चिअ रअणीसु किं ण मुञ्चइ लच्छी // शेतु.३०
479,
480,सअलुज्जोइअ-वसुहेसमत्थ-जिअ-लोअ-वित्थरन्त-पआवे
481,ठाइ ण चिरं रविम्मि वविहाण-पडिआ वि मइलदा सप्पुरिसे // शेतु.३१
482,
483,
484,[प. १६]
485,सप्पुरिस-पाअड-वहंपढमं जं राहवेण अम्हासु-कअं
486,होज्ज व ण होज्ज व समंअम्हेहि कअं पि किं उण अकीरन्तं // शेतु.३२
487,
488,राहव-पत्थिज्जन्तोउद्धो दीसिहइ केच्चिरं व दहमुहो
489,दूरन्त-पेच्छिअव्वोसिहर-पडन्त-विअडासणि व्व वण-दुमो // शेतु.३३
490,
491,बालाअवं व एन्तंधुअ-अम्बालाअ-वंसु-णिवह-च्छाअं
492,कइ-सेण्णं रअणिअरातम-रअ-णिअर व्व पेच्छिउं पि अओग्गा // शेतु.३४
493,
494,गरुअम्मि वि पडिवक्खेहोन्ति भडा अहिअ-वारिअ-प्पडिऊला
495,पडिगअ गन्धाइद्धाउद्धङ्कुस-रुद्ध-मन्थअ व्व गइन्दा // शेतु.३५
496,
497,विसमम्मि वि अविसण्णोधारेइ धुरं धुरंधरो च्चिअ णवरं
498,किं दिणअरोवराएदिणस्स होइ अवलम्बणं ससि-बिम्बं // शेतु.३६
499,
500,मुक्क-सलिला जलहराअहिणव-दिण्ण-प्फला अ पाअव-णिवहा
501,लहुआ वि होन्ति गरुआसमर-मुहोहरिअ-मण्डलग्गा अ भुआ // शेतु.३७
502,
503,दप्पं ण सहन्ति भुआपहरण-कज्ज-सुलहा धरेन्ति महिहरा
504,वित्थिण्णो गअण-वहोणिज्जइ कीस गरुअत्तणं पडिवक्खो // शेतु.३८
505,
506,धीरं परिरक्खन्तागरुअं पि भरं धरेन्ति णवर सुउरिसा
507,ठाणं चिअ अमुअन्ताणीसेसं तिहुअणं खवेन्ति रवि-अरा // शेतु.३९
508,
509,काअर-पडिमुक्क-धुरंजिणन्ति पत्थाण-लङ्घिअग्ग-क्खन्धा
510,पढमं ता णिअअ-बलंपच्छा पहरेहि सुउरिसा पडिवक्खं // शेतु.४०
511,
512,अण्णेन्ति मङ्गलाइंअल्लिअइ सिरी जसो पवड्ढइ पुरओ
513,पडिवण्ण-रणुच्छाहेपडिवक्खुद्धरण-पत्थिअम्मि सुउरिसे // शेतु.४१
514,
515,वच्चन्ता अइभूमिंकड्ढिअ-सुहडासि-वत्त-वन्थावडिआ
516,णवर ण चलन्ति बीअंलुअ-वक्खा महिहर व्व वेरावन्धा // शेतु.४२
517,
518,
519,[प. १७]
520,ता सोअइ रहु-तणओताव अ सीआ वि हत्थ-पल्हत्थ-मुही
521,ताव अ धरइ दहमुहोजाव विसाएण वो तुलिज्जइ धीरं // शेतु.४३
522,
523,अण्णो अण्णस्स मणोतुम्ह ण आणे अणाहिओ मह अप्पा
524,णिव्वण्णन्तस्स इमंदर-रूढ-वण-प्पसाहणं हणुमन्तं // शेतु.४४
525,
526,पडिवक्खस्स अ लच्छिअं आसाएन्तएणंणिअअ-कुलस्स अ कित्तिअं आसाएन्तएणं
527,मरणं पि वरं लद्धअं णअ-णिम्माणएणंपुरिसेण चिरं जीविअं ण अ णिम्माणएणं // शेतु.४५
528,
529,एअ वि सिरीअ दिट्ठआ के सरलच्छिआएकर-कमलस्स अ छिक्कआ केसर-लच्छिआए
530,मुज्झन्ति सविण्णाणआ समर-समाणअम्मिएअ ममम्मि भणन्तए सम-रस-माणअम्मि // शेतु.४६
531,
532,[जुग्गअं]
533,मा सोइज्जउ दुहिआ सीआ लोअएणंणलिणि व्व समोलुग्गआ सीआलोअएणं
534,दुहिए राहव-हिअए काम-इलन्तअम्मिजीविअम्मि अहिलोहिआ का मइलन्तअम्मि // शेतु.४७
535,
536,चन्दअ व्व मेह-मइलिए रअणी-सारअम्मिकमलअम्मि व हिम-डड्ढए रअ-णीसारअम्मि
537,दुहिए राहव-हिअअए भम-रोअत्तअम्मिकुसुमम्मि व पव्वाअए भमरोअत्तअम्मि // शेतु.४८
538,
539,
540,
541,[प. १८]
542,[जुग्गअं]
543,कइआ णु विरह-विरइअ-दोब्बल्ल-पसाहणुज्झिआहरणाइं
544,णीसास-वस-पहोलिर-लम्बालअ-मलिअ-पम्हल-कओलाइं // शेतु.४९
545,
546,पिहुल-णिअम्ब-अल-क्खलिअ-सिढिल-वलअ-विवइण्ण-बाहु-लआइं
547,दच्छाम परिअण-त्थुअ-कअ-पेसण-लज्जिआ पिअ-कलत्ताइं // शेतु.५०
548,
549,
550,[जुग्गअं]
551,इअ जाहे भण्णन्तंण चलइ चिन्ता-भरोसिअन्त-सरीरं
552,आअड्ढण-णिच्चेट्ठंपङ्क-क्खुत्तं व गअ-उलं कइ-सेण्णं // शेतु.५१
553,
554,तो फुड-सद्दुद्धाइअ-वण-दव-भरिअ-गिरि-कन्दराआर-मुहो
555,रिउ-विक्कमम असहन्तोजम्पइ वाणर-वई पुणो वि हसन्तो // शेतु.५२
556,
557,
558,इअ अत्थिर-सामत्थेअण्णस्स वि परिअणम्मि को आसङ्घो
559,तत्थ वि णाम दहमुहोतस्स ठिओ एस पडिहडो मज्झ भुओ // शेतु.५३
560,
561,अवहोआसम्मि महंहत्थ-अलाहअ-दलन्त-पत्थिअ-सलिलो
562,जा ण णिअत्तइ उअहीबोलीणं ताव होउ वाणर-सेण्णं // शेतु.५४
563,
564,अहिआणं तोसि-हरेधरिअं मलअ-गिरिणो हसन्तो सिहरे
565,गुरु-भर-विसअंसेणंणेज्जामि भुएण जोअण-सअं सेणम // शेतु.५५
566,
567,समुह-मिलिएक्कमेक्केको इर आसण्ण-संसअम्मि सहाओ
568,जाव ण दिज्जइ दिट्ठीकाअव्वं दाव होइ चिर-णिव्वूढम // शेतु.५६
569,
570,अह व महण्णव-हुत्तंपत्थन्तस्स गअणं महं ण वहुत्तम
571,रुहिर-वसामिस-वत्तंहन्तूण व णिव्वुओ वसामि सवत्तम // शेतु.५७
572,
573,णिसुढिज्जन्त-भुअङ्गंमा मुज्झह मह सरोस-चलणक्कन्तम
574,जत्तो णमइ महि-अलंतत्तो णाम सअलो पअट्टउ उअही // शेतु.५८
575,
576,ओ जमल-क्खम्भेहि वधरिएण भुएहि मह महोअहि-मज्झे
577,
578,[प. १९]
579,उम्मूलिआइएणंसमइञ्छउ विञ्झ-संकमेण कइ-बलम // शेतु.५९
580,
581,विवलाअन्त-भुअङ्गंउव्वत्तिअ-जलअरं विहिण्ण-महिहरम
582,मुह-मारुअ-विहुअ-जलंपेच्छह रअणाअरं करेमि थल-वहम // शेतु.६०
583,
584,मज्झ-क्खुडिउम्मूलिअ-भुआ-भमाइअ-विमुक्क-सेसद्धन्तम
585,एत्तो-हुत्त-सुवेलंतत्तो-हुत्त-मलअं करेमि समुद्दम // शेतु.६१
586,
587,अह व सुवेलालग्गंपेच्छह अज्जेअ भग्ग-रक्खस-विडवम
588,सीआ-किसलअ-सेसंमज्झ भुआअड्ढिअं लअं मिव लङ्कम // शेतु.६२
589,
590,ओ भग्ग-रक्खस-दुमंणिहअ-दसाणण-मइन्द-सुह-संचारम
591,रामाणुराअ-मत्तोमलेमि लङ्कं वण-त्थलिं व वण-गओ // शेतु.६३
592,
593,
594,इअ सिरि-पवरसेण-विरइए कालिदास-कए दहमुहवहे महाकव्वे तइओ आसासओ परिसमत्तो
595,
596,
597,---------------------------------------------------------------------
598,
599,[प. २०]
600,[चउत्थो आसासओ]
601,
602,अह पढम-वअण-णिहुअंपच्छा उम्हइअ-लज्जिअं कइ-सेण्णं
603,ससि-दंसण-पासुत्तंकमल-वणं व दिअसागमेण विवुद्धं // शेतु.१
604,
605,णवरि अ कइ-हिअआइंधुअन्धआर-विअडाइ गमणुच्छाहो
606,एक्को बहुआइ समंगिरि-सिहराइ अरुणाअवो व्व विलग्गो // शेतु.२
607,
608,तो दप्प-मुह-पसाओआढत्तो ताण हिअअ-हसिउज्जोओ
609,रण-विक्कमग्ग-हत्थोणिअअ-सहाओ व्व पहरिसो वित्थरिउं // शेतु.३
610,
611,बहलुद्धुअ-धाउ-रअंरिसहेण धुओज्झराहअ-कपोल-अलं
612,भिण्णं वाम-भुअ-सिरेउम्मूलिअ-वलिअ-पण्णअं गिरि-सिहरं // शेतु.४
613,
614,पुलउब्भेआअम्बंणीलो परिपुसइ विसम-कसण-च्छाअं
615,हिअअ-णिहित्त-पहरिसंससि-पडिभिण्ण-घण-संणिहं वच्छ-अडं // शेतु.५
616,
617,विहडन्तोट्ठ-उड-दलंफुरन्त-दन्त-अर-बहल-केसर-वअरं
618,पहरिस-चन्दालोएहसिअं कुमुएण सुरहि-गन्धुग्गारं // शेतु.६
619,
620,विहडन्त-धरणि-बन्धोउहअ-भुअ-क्खेव-मुहल-वेविर-विडवो
621,विसम-पडन्त-विसहरोवेला-चन्दण-दुमो मइन्देण धुओ // शेतु.७
622,
623,दिप्पन्त-दुरालोआदिविअस्स सधूम-सिहि-सिहावत्त-णिहा
624,सोम्मत्तणं णपत्ता हरिस-भरेन्ती वि विसहरस्स व दिट्ठी // शेतु.८
625,
626,सरहो वि दरि-मुहुग्गअ-पडिसद्द-प्फुडिअ-मलअ-अड-पब्भारं
627,मुञ्चइ विसअं णाअंमलेइ अङ्गं च रोस-विस-अण्णाअं // शेतु.९
628,
629,अरुणाअम्ब-च्छाएतक्खण-मेत्त-पडिवुद्ध-पङ्कअ-सोहे
630,फुरइ णिमढस्स वि फुडंदिअसस्स मुहम्मि दिणअरो व्व अमरिसो // शेतु.१०
631,
632,
633,[प. २१]
634,विअडाहरन्तरालंकअं सुसेणस्स रोस-हसिएण फुडं
635,उप्पाअ-रुहिर-अम्बंमज्झ-प्फुडिअ-रइ-मण्डलं मिव वअणं // शेतु.११
636,
637,हरिस-परिअम्भिएण अअद्धुल्लसिअ-रइ-बिम्ब-अम्ब-च्छविणा
638,पुरओ-हुत्तारम्भोमुहेण दिवसो व्व पाअडो वालि-सुओ // शेतु.१२
639,
640,णेच्छइ णिव्वूढ-भरोलहुअं दप्पुद्धअत्तणं पवण-सुओ
641,कअ-पेसणस्स सोहइधीरं चिअ महइ रक्खिउं वअणिज्जं // शेतु.१३
642,
643,णिब्भच्छिओअहि-रवंफुडिआहर-णिव्वडन्त-दाढा-हीरं
644,हसइ कइ-दप्प-पसमिअ-रोस-विरज्जन्त-लोअणो सुग्गीवो // शेतु.१४
645,
646,णवरि सुमित्ता-तणओआसङ्घन्तो गुरुस्स णिअअं च बलं
647,ण अ चिन्तेइ ण जम्पइउअहिं सदसाणणं तणं व गणेन्तो // शेतु.१५
648,
649,रहुणाहस्स वि दिट्ठीवाणर-वइणो फुरन्त-विद्दुम-अम्बं
650,वअणं वअणाहि चलाकमलं कमलाहि भमर-पन्ति व्व गआ // शेतु.१६
651,
652,[अन्त्यकुलअं ३]
653,तो वअ-परिणामोणअ-भुमआ-वलि-रुब्भमाण-दिट्ठि-च्छोहो
654,आसण्ण-धवल-मिहिआ-परिक्खलन्तोसहि-प्पहो व्व महिहरो // शेतु.१७
655,
656,कर-वारिअ-कइ-लोओसुग्गीव-विइण्ण-भासुरच्छि-च्छोहो
657,जालाहअ-दुम-णिवहोफुलिङ्ग-पिङ्गलिअ-महिहरो व्व वण-दवो // शेतु.१८
658,
659,जम्पइ रिच्छाहिवईउण्णामेऊण महि-अलद्धन्त-णिहं
660,खलिअ-वलि-भङ्ग-दाविअ-वित्थअ-बहल-वण-कन्दरं वच्छ-अडं // शेतु.१९
661,
662,
663,सग्गं अपारिजाअंकोत्थुह-लच्छि-रहिअं महुमहस्स उरं
664,सुमिरामि महण-पुरओअ-मुद्ध-अन्दं च हर-अडा पब्भारं // शेतु.२०
665,
666,महुमह-हत्थम्मि मएणक्खुक्खुडिअ-सरसं महासुर-हिअअं
667,
668,[प. २२]
669,दिट्ठा अणुधावन्तीअक्खित्तं णिअअ-हत्थ-कमलं व सिरी // शेतु.२१
670,
671,तं च हिरण्णक्खस्स विसुमरामि महा-वराह-दाढा-भिण्णं
672,महि-मण्डलं व तुलिअंउक्खअ-हिअअ-गिरि-बन्धणं वच्छ-अडं // शेतु.२२
673,
674,धीरं हरइ विसाओविणअं जोव्वण-मओ अणङ्गो लज्जं
675,एक्कन्त-गहिअ-वक्खोकिं सीसउ जं ठवेइ वअ-परिणामो // शेतु.२३
676,
677,अणुहूअ-मुणेअव्वेविहडिअ-विसमक्खरे वि संघडिअत्थे
678,जोव्वण-मूढ-पहसिएमा अवमण्णह जरा-परिणउल्लावे // शेतु.२४
679,
680,तुज्झ भुआसु णिसण्णोहरि-सत्थो पब्बलो सुराण वि समरे
681,मारुअ-लद्ध-त्थामोओवग्गइ महि-रओ वि ता दिअसअरं // शेतु.२५
682,
683,किं उण दुप्परिअल्लामज्जाआइक्कमुप्पह-वलिज्जन्ता
684,उअहि व्व सार-गरुआघडिआ वि विसंघडन्ति कज्जालावा // शेतु.२६
685,
686,पच्चक्खाहि परोक्खंकह वि तुलग्ग-घडिआहि आगम-सुद्धं
687,संचालिअ-णिक्कम्पंअणुहूआहि वि महं सुअं चिअ गरुअं // शेतु.२७
688,
689,जं सोहेन्ति समत्थासम-सार-परक्कमा ण तं णिव्वडिआ
690,एक्को पअवेज्ज दढंमिलिआ उण दिणअरा खवेन्ति तिहुअणं // शेतु.२८
691,
692,ओवग्गइ अहिमाणंपडिवक्खस्स वि ण तारिसं देइ भअं
693,अमरिस-गहिओ व्व सरोविद्दाइ अभाअ-संधिओ उच्छाहो // शेतु.२९
694,
695,णेअ तुमे मोत्तव्वंसुट्ठु वि तुरिएण धीर-पत्थिव-चरिअं
696,तुरवन्तस्स रविस्स विमउइज्जइ दक्खिणाअणम्मि पआओ // शेतु.३०
697,
698,किं अइराएण इमाअमग्ग-समर-सुह-चिन्तिअ-कहाहि कआ
699,पहरिस-पणामिअ-मुहीगोत्त-क्खलण-विमण व्व दे जअ-लच्छी // शेतु.३१
700,
701,मा रज्जह रहस च्चिअचन्दस्स वि दाव कुमुअ-वण-णिप्फण्णो
702,दूरं णिव्वलिअ-गुणोएक्क-रसस्स कमलेसु विद्दाइ जसो // शेतु.३२
703,
704,किं अप्पणा परिअणोपरस्स ओ परिअणेण दे पडिवक्खो
705,
706,[प. २३]
707,सोहइ पत्थिज्जन्तोजिआहिमाणस्स किं जअम्मि वि गहणं // शेतु.३३
708,
709,हणुमन्ताइसएणहणुमन्त-मुहाण वाणराण अ वइणा
710,धीर अणिव्वलिअ-जसंकाअव्वं किं तुमे वि मारुइ-सरिसं // शेतु.३४
711,
712,कह तम्मि वि लाइज्जइजम्मि ऐण्ण-प्फला अदूर-पसरिआ
713,पडिअम्मि दुमे व्व लआस च्चिअ अण्णं पुणो विलग्गइ आणा // शेतु.३५
714,
715,हन्तुं विमग्गमाणोहन्तुं तुरिअस्स अप्पणा दहवअणं
716,किं इच्छसि काउं जेपवअ-वइ पिअं ति विप्पिअं रहुवइणो // शेतु.३६
717,
718,इअ णिअमिअ-सुग्गीवोरामन्तेण वलिओ पिआमह-तणओ
719,परिमट्ठ-मेरु-सिहरोसूराहिमुहो व्व पलअ-धूमुप्पीडो // शेतु.३७
720,
721,जम्पइ अ किरण-पम्हल-फुरन्त-दन्त-प्पहा-णिहाओत्थइअं
722,विणअ-पणअं वहन्तोसमुहागअ-धवल-केसर-सडं व मुहं // शेतु.३८
723,
724,रक्खिज्जइ तेल्लोक्कंपलअ-समुद्द-विहुरा धरिज्जइ वसुहा
725,उअरद्धन्त-पहुत्तेविमुहिज्जइ साअरे त्ति विम्हअणिज्जं // शेतु.३९
726,
727,धणु-वावारस्स रणेकुविअ-कअन्त-णिमिसन्तर-णिहस्स तुहं
728,फुड-विज्जु-विलसिअस्स वआरम्भो च्चिअ ण होइ किं अवसाणं // शेतु.४०
729,
730,णिव्वुब्भइ पलअ-भरोतीरइ वलवा-मुहाणलो वि विसहिउं
731,दिण्णं जेणेअ तुमेकह काहिइ साअरो तहिं चिअ धीरं // शेतु.४१
732,
733,[जुग्गअं]
734,तो पाअड-दोब्बल्लंपम्हट्ठ-पिआ-पओहर-प्फरिस-सुहं
735,वच्छं तमाल-णीलंपुणो पुणो वाम-कर-अलेण मलेन्तो // शेतु.४२
736,
737,उअहिस्स जसेण जसंधीरं धीरेण गरुअआइ गरुअअं
738,रामो वि थिईअ ठिइंभणइ रवेण अ रवं समुप्फुन्दन्तो // शेतु.४३
739,
740,
741,दुत्तारम्मि समुद्देकइ-लोए विमुहिए ममम्मि विसण्णे
742,हरि-वइ तुमे च्चिअ इमादुव्वोज्झा वि अवलम्बिआ कज्ज-धुरा // शेतु.४४
743,
744,
745,[प. २४]
746,धीराहि सार-गरुअंअलङ्घणिज्जाहि सासअ-जसुज्जोअं
747,रिच्छाहिवाहि वअणंरअणं रअणाअराहि व समुच्छलिअं // शेतु.४५
748,
749,जत्थ परमत्थ-गरुआण होन्ति तुम्हारिसा थिर-ववट्ठम्भा
750,महिहर-मुक्क व्व महीअत्थाअइ तत्थ वित्थरा कज्ज-धुरा // शेतु.४६
751,
752,पडिवत्ति-मेत्त-सारंकज्जं थोआवसेसिअं मारुइणा
753,संपइ जो च्चेअ उरंदेइ पवंगाण पिअइ सो च्चेअ जसं // शेतु.४७
754,
755,ता सव्वे च्चिअ समअंदुत्तारं पि हणुमन्त-सुह-बोलीणं
756,अब्भत्थेम्ह सुरासुर-णिव्वूढब्भत्थणाअरं मअरहरं // शेतु.४८
757,
758,अह णिक्कारण-गहिअंमए वि अब्भत्थिओ ण मोच्छिहि धीरं
759,ता पेच्छह बोलीणंविहुओअहि-जन्तणं थलेण कइ-बलं // शेतु.४९
760,
761,जत्थ महं पडिउत्थोवसिहिइ अण्णस्स कह तहिं चिअ रोसो
762,दिट्ठिं पाडेइ जहिंदिट्ठि-विसो तं पुणो ण पेच्छइ बिइओ // शेतु.५०
763,
764,ताव अ सहसुप्पण्णाणवाअवालिद्ध-कसण-मिहिआअम्बा
765,मउल-प्पहाणुविद्धाआढत्ता दीसिउं णिसिअर-च्छाआ // शेतु.५१
766,
767,तो गमण-वेअ-मारुअ-मुहल-पडद्धन्त-णह-णिराइअ-जलए
768,पेच्छन्ति रवि-अरन्तर-घोलाविअ-पिहुल-विज्जुले रअणिअरे // शेतु.५२
769,
770,तो णह-अलावडन्तेपलउप्पाअ व्व णिसिअरे अहिलेउं
771,उण्णामिअ-गिरि-सिहरंचलिअं महि-मण्डलं व वाणर-सेण्णं // शेतु.५३
772,
773,ओसुम्भन्त-जलहरंविसम-ट्ठिअ-पवअ-बल-वलन्तालोअं
774,दीसइ भमन्त-विहडंथाण-प्फिडिअ-सिढिलं पडन्तं व णहं // शेतु.५४
775,
776,णवरि अ लङ्का-दिट्ठोदिट्ठ-सहाओ विहीसणो मारुइणा
777,णिअमेऊण कइ-बलंबीओदन्तो व्व राहवस्स उवणिओ // शेतु.५५
778,
779,
780,[प. २५]
781,चलणोणअ-णिहुअस्स अमाणेण व कर-अलेण से रहुवइणा
782,उण्णामिअं णणु सिरंजाअं रक्खस-उलाहि दूरब्भहिअं // शेतु.५६
783,
784,ववसिअ-णिवेइअत्थोसो मारुइ-लद्ध-पच्चआगअ-हरिसं
785,सुग्गीवेण उर-त्थल-वण-माला-मलिअ-महुअरं उवऊढो // शेतु.५७
786,
787,तो जम्पइ रहु-तणओसमअं दससु वि दिसा-मुहेसु किरन्तो
788,पअइ-सुकअस्स धवलंणीसन्दं व हिअअस्स दन्तुज्जोअं // शेतु.५८
789,
790,ठाणं दवग्गि-भीआवणम्मि वण-हत्थिणि व्व परिमग्गन्ती
791,पेच्छह लद्धासाआमोत्तुं रक्खस-उलं ण इच्छइ लच्छी // शेतु.५९
792,
793,णज्जइ विहीसण तुहंसोम्म-सहाव-परिवड्ढिअं विण्णाणं
794,दिट्ठि-विसेहि व अमअंउअहिस्स णिसाअरेहि वि अविद्दविअं // शेतु.६०
795,
796,सुद्ध-सहावेण फुडंफुरन्त-पज्जत्त-गुण-मऊहेण तुमे
797,चन्देण व णिअअ-मओकलुसो वि पसाहिओ णिसाअर-वंसो // शेतु.६१
798,
799,कह इर स-कज्ज-कुसलाकज्ज-गइं मइ-गुणेहि अवलम्बन्ता
800,कुल-माण-ववट्ठम्भाण होन्ति राअ-सिरि-भाअणं सप्पुरिसा // शेतु.६२
801,
802,लद्धासाएण चिरंसुर-बन्दि-परिग्गहे णिसाअर-वइणा
803,सीआ रक्खस-वसहिंदिट्ठि-विस-हरं विसोसहि व्व उवणिआ // शेतु.६३
804,
805,फिडिआ सुर-संखोहाबन्दि-अणक्कन्दिअं गअं परिणामं
806,जाआ दहमुह-गहिआतिहुवण-डिम्बस्स जाणई अवसाणं // शेतु.६४
807,
808,अह णअणेसु पहरिसंकण्णेसु पवंग-वड्ढिअं जअ-सद्दं
809,सीसम्मि अ अहिसेअंपल्हत्थइ अ हिअअम्मि से अणुराअं // शेतु.६५
810,
811,
812,इअ सिरि-पवरसेण-विरइए दहमुहवहे महाकव्वे चउत्थो आसासओ
813,
814,
815,---------------------------------------------------------------------
816,
817,[प. २६]
818,[पञ्चमो आसासओ]
819,
820,अह जलणिहिम्मि अहिअंमअणे अ मिअङ्क-दंसण-विअम्भन्ते
821,विरह-विहुरस्स णज्जइणिसा वि रामस्स वड्ढिउं आढत्ता // शेतु.१
822,
823,उइअ-मिअङ्कं च णहंणिअम-ट्ठिअ-राहवं च साअर-पुलिणं
824,णेन्ति परं परिवड्ढिंआलिङ्गिअ-चन्दिमं महोअहि-सलिलं // शेतु.२
825,
826,तो से विओअ-सुलहाणिअम-विइण्ण-हिअअ-क्खिवण-सोडीरा
827,खउरेन्ति धिइ-ग्गहणंजाअं जाअं विसूरणा-विक्खेवा // शेतु.३
828,
829,काहिइ पिअं समुद्दोगलिहिइ चन्दाअवो समप्पिहिइ णिसा
830,अवि णाम धरेज्ज पिआओ णे विरहेज्ज जीविअं ति विसण्णो // शेतु.४
831,
832,णिन्दइ मिअङ्क-किरणेखिज्जइ कुसुमाउहे जुउच्छइ रअणिं
833,झीणो वि णवर झिज्जइजीवेज्ज पिएत्ति मारुइं पुच्छन्तो // शेतु.५
834,
835,एत्तो वसइ त्ति दिसाएणं सा णूण णिन्दइ त्ति मिअङ्को
836,एत्थ णिसण्णेत्ति महीएएण णिअ त्ति से णहं पि बहु-मअं // शेतु.६
837,
838,धीरेण णिसा-आमाहिअएण समं अणिट्ठिआ उवएसा
839,उच्छाहेण सह भुआबाहेण समं गलन्ति से उल्लावा // शेतु.७
840,
841,धीरेत्ति संठविज्जइमुच्छिज्जइ मअण-पेलवेत्ति गणेन्तो
842,धरइ पिअ त्ति धरिज्जइविओअ-तणुएत्ति आमुअइ अङ्गाइं // शेतु.८
843,
844,उब्भड-हरिण-कलङ्कोमलअ-लआ-पल्लवुव्वमन्त-मऊहो
845,अरुणाहअ-विच्छाओजाओ सुह-दंसणो णवर तस्स ससी // शेतु.९
846,
847,
848,[प. २७]
849,जह जह णिसा समप्पइतह तह वेविर-तरङ्ग-पडिमा-वडिअं
850,किंकाअव्व-विमूढंघोडइ हिअअं व उअहिणो ससि-बिम्बं // शेतु.१०
851,
852,णवरि अ मलअ-गुहा-मुह-भरिउव्वरिअ-फुड-णीहरन्त-पडिरवं
853,पवणेण उअहि-सलिलंपहाअ-तूरं व आहअं रहुवइणो // शेतु.११
854,
855,हंस-उल-सद्द-मुहलंउग्घाडिज्जन्त-दस-दिसा-वित्थारं
856,ओसरिअ-तिमिर-सलिलंजाअं पुलिणं व पाअडं दिअस-मुहं // शेतु.१२
857,
858,अह गमिअ-णिसा-समअंगम्भीरत्तण-दढ-ट्ठिअम्मि समुद्दे
859,रोसो राहव-वअणंउप्पाओ चन्द-मण्डलं व विलग्गो // शेतु.१३
860,
861,तो से तमाल-णीलंणिडाल-वट्टं पलोट्ट-सेअ-जल-लवं
862,भिउडी थिर-वित्थिण्णंकडअं विञ्झस्स विस-लअ व्व विलग्गा // शेतु.१४
863,
864,अह जणिअ-भिउडि-भङ्गंजाअं धणु-हुत्त-वलिअ-लोअण-जुअलं
865,अमरिस-विइण्ण-कम्पंसिढिल-जडा-भार-बन्धणं तस्स मुहं // शेतु.१५
866,
867,पणअ-पडिभङ्ग-विमणोथोअ-त्थोअ-पडिवड्ढिआमरिस-रसो
868,तह सोम्मो वि रहु-सुओजाओ पलअ-रइ-मण्डल-दुरालोओ // शेतु.१६
869,
870,तो साहस-णिम्माणंअमित्त-दीसन्त-लच्छि-संकेअ-हरं
871,संठिअ-रोसालाणंगेण्हइ भुअ-दप्प-बीअ-लक्खं चावं // शेतु.१७
872,
873,अक्कन्त-धणु-भरोणअ-धरणि-अल-त्थल-पलोट्ट-जल-पब्भारो
874,थोअं पि अणारूढेउअही चावम्मि संसअं आरूढो // शेतु.१८
875,
876,धूमाइ धूम-कलुसेजलइ जलन्तारुहन्त-जीआ-बन्धे
877,पडिरव-पडिउण्ण-दिसंरसइ रसन्त-सिहरे धणुम्मि णह-अलं // शेतु.१९
878,
879,भिज्जउ महि त्ति व फुडंणत्थि समुद्दो त्ति दारुणं व पइण्णं
880,णासउ जअं ति व मणेचिरं तुलेऊण विलइअं णेण धणुं // शेतु.२०
881,
882,तो चिर-विओअ-तणुओसइ-बाहोमट्ठ-मउअ-जीआघाओ
883,
884,[प. २८]
885,जाओ अण्णो च्चिअ सेविलइअ-धणु-मेत्त-वावडो वाम-भुओ // शेतु.२१
886,
887,अह वाम-भुअप्फालण-पडिरव-पडिउण्ण-दस-दिसा-वित्थारं
888,संभरइ जाअ-सङ्कंपलअ-घणब्भहिअ-पेल्लणं तेल्लोक्कं // शेतु.२२
889,
890,गेण्हइ अ सो अणाअर-परंमुह-पसारिअग्ग-हत्थावडिअं
891,खअ-सूर-मऊहाण वएक्कं उअहि-परिवत्तण-सहं बाणं // शेतु.२३
892,
893,तो संधन्तेण सरंरसन्तरोलुग्ग-भिउडि-भङ्गेण चिरं
894,णीससिऊण पुलइओअणुअम्पा-दूमिआणणेण समुद्दो // शेतु.२४
895,
896,अह कड्ढिउं पउत्तोणिक्कम्प-णिराअ-दिट्ठि-सच्चविअ-सरं
897,वलिअ-भुअ-रुद्ध-मज्झंदढ-णिप्पीडिअ-गुणं धणुं रहुणाहो // शेतु.२५
898,
899,सर-मुह-विसम-प्फलिआणमन्त-धणु-कोडि-विप्फुरन्त-च्छाआ
900,णज्जइ कड्ढिज्जन्ताजीआ-सद्द-गहिरं रसन्ति रवि-अरा // शेतु.२६
901,
902,फुड-जीआ-रव-मुहलंतज्जेइ व बाण-मुह-जलन्तग्गि-सिहं
903,जलणिहि-वह-पडिउद्धंआअण्णाअड्ढिअं विअम्भइ व धणुं // शेतु.२७
904,
905,खुहिअ-जल-सिट्ठ-सारोमुह-णिद्धाविअ-पसारिउक्का-णिवहो
906,आअड्ढिज्जन्तो च्चिअणज्जइ पडिओ त्ति साअरे राम-सरो // शेतु.२८
907,
908,धुअ-विज्जु-पिङ्गलाइंसर-मुह-णिग्गिण्ण-हुअवह-पलित्ताइं
909,उप्पाअ-लोअणाइ वफुट्टन्ति दिसा-मुहाण घण-बिन्दाइं // शेतु.२९
910,
911,तो भुअ-रहसाअड्ढिअ-धणु-वट्ठ-प्फुलिअ-बहल-धूमुप्पीडं
912,मुअइ मुह-णिग्गआणल-सिहा-समोलुग्ग-सूर-किरणं बाणं // शेतु.३०
913,
914,सो जलिऊण णह-अलेसलिलद्धत्थमिअ-हुअवहाअम्ब-मुहो
915,पढमोइण्ण-दिणअरोदीहो दिअहो व्व साअरम्मि णिवडिओ // शेतु.३१
916,
917,गअणे विज्जु-णिहाओखअन्त-कालाणलो समुद्दुच्छङ्गे
918,महि-अम्पो पाआलेहोइ पडन्त-पडिअ-ट्ठिओ राम-सरो // शेतु.३२
919,
920,
921,[प. २९]
922,तस्स अ मग्गालग्गाअइन्ति णिद्धूम-जलण-अम्ब-च्छाआ
923,उअहिं बाण-णिहाआअद्धत्थमिअस्स दिणअरस्स व किरणा // शेतु.३३
924,
925,णवरि अ सर-णिब्भिण्णोवलआ-मुह-विहुअ-केसर-सडुग्घाओ
926,उद्धाइओ रसन्तोवीसत्थ-पसुत्त-केसरि व्व समुद्दो // शेतु.३४
927,
928,दूराइद्ध-णिअत्तेसमुहागअ-बहल-सर-णिहाअ-क्खुडिए
929,दोहाइज्जइ व णहंटङ्क-च्छेअ-रहसुट्ठिअम्मि समुद्दे // शेतु.३५
930,
931,रअणाअर-पर-भाएमज्झ-च्छिण्णम्मि बाण-घाउक्खित्ते
932,णिवडइ बीअद्धन्तोफुडिओसरिओ व्व मलअ-अड-पब्भारो // शेतु.३६
933,
934,भिण्ण-गिरि-धाउ-अम्बाविसम-च्छिण्ण-प्पवन्त-महिहर-वक्खा
935,खुब्भन्ति खुहिअ-मअराआवाआल-गहिरा समुद्दुद्देसा // शेतु.३७
936,
937,आअम्ब-रवि-अराहअ-दर-विहडिअ-धवल-कमल-मउल-च्छाअं
938,भमइ सर-पूरिअ-मुहंउग्घाडिअ-पण्डुरोअरं सङ्ख-उलं // शेतु.३८
939,
940,वेवन्ति विहुअ-मच्छासर-घाउक्खुडिअ-मअर-दाढा-धवला
941,मणि-भर-विसमोणामिअ-लुअ-विसहर-घोलिर-प्फणा जल-णिवहा // शेतु.३९
942,
943,फुट्टन्त-विद्दुम-वणंसंखोहुव्वत्त-णिन्त-रअण-मऊहं
944,घोलइ वेलावडिअंफेण-णिहुच्छलिअ-मोत्तिअं उवहि-जलं // शेतु.४०
945,
946,जल-पब्बाडिअ-मुक्काखण-मेत्त-त्थइअ-पाअडिअ-वित्थारा
947,होन्ति पसण्ण-क्खुहिआमूअल्लइअ-मुहला समुद्दावत्ता // शेतु.४१
948,
949,वलमाणुव्वत्तन्तोएक्कं चिर-आल-पीडिअं सिढिलेन्तो
950,बीएण व पाआलेपासेण णिसम्मिउं पउत्तो उवही // शेतु.४२
951,
952,सर-वेअ-गलत्थल्लिअ-सुवेल-रुब्भन्त-साअरद्ध-त्थइअं
953,
954,[प. ३०]
955,ओसरिअ-दाहिण-दिसंदीसइ उक्खण्डिएक्क-पासं व णहं // शेतु.४३
956,
957,आइ-वराहेण वि जेअद्दिट्ठा मन्दरेण वि अणालिद्धा
958,खुहिआ ते वि भअअराआवाआल-गहिरा समुद्दुद्देसा // शेतु.४४
959,
960,एक्केक्कम्मि वलन्तोबाण-प्पहर-विवरे णह-णिरालम्बे
961,खअ-कालाणल-भीओपडइ रसन्तो रसाअले व्व समुद्दो // शेतु.४५
962,
963,दीसन्ति दिट्ठ-महणापुट्ठि-पडिट्ठिअ-पलोट्ट-मन्दर-सिहरा
964,आसाइआमअ-रसाबाण-दढ-प्पहर-मुच्छिआ तिमि-मच्छा // शेतु.४६
965,
966,उक्खित्त-महावत्तादर-दड्ढ-विवण्ण-विद्दुम-रअ-क्खउरा
967,आवाआल-वलन्तादीसन्ति महा-भुअंग-णीसास-वहा // शेतु.४७
968,
969,वेवइ पेम्म-णिअलिअंसर-संदट्ट-धणिओवऊहण-सुहिअं
970,जीएण एक्कमेक्कंपरिरक्खन्त-वलिअं भुअंगम-मिहुणं // शेतु.४८
971,
972,मोडिअ-विद्दुम-विडवाधावन्ति जलम्मि मणि-णिहंसण-णिसिआ
973,सिप्पि-उड-मज्झ-णिग्गअ-मुह-लग्ग-त्थोर-मुत्तिआ राम-सरा // शेतु.४९
974,
975,विस-वेओ व्व पसरिओजं जं अहिलेइ बहल-धूमुप्पीडो
976,कज्जलइज्जइ तं तंरुहिरं व महोअहिस्स विद्दुम-वेढं // शेतु.५०
977,
978,खुहिअ-समुद्दुप्पइआबाणुक्कित्त-पडिएक्क-वित्थअ-वक्खा
979,विसम-भरोणअ-सिहराणहद्ध-वन्थ-वलिआ पडन्ति महिहरा // शेतु.५१
980,
981,छिण्ण-विवइण्ण-भोआकण्ठ-पडिट्ठविअ-जीविआगअ-रोसा
982,दिट्ठीहि बाण-णिवहेडहिऊण मुअन्ति जीविआइ भुअंगा // शेतु.५२
983,
984,आऊरेइ रसन्तोउक्खडिअ-भुअंग-भोअ-पब्भाराइं
985,सर-मुह-गलत्थणुक्खअ-सेल-ट्ठाण-विवरोअराइ हुअवहो // शेतु.५३
986,
987,भिण्णुव्वूढ-जलअरादर-दिण्ण-महा-तरङ्ग-गिरि-अड-घाआ
988,
989,[प. ३१]
990,छिण्ण-पडिउद्ध-विद्धाफुडन्ति माअङ्ग-मअर-दन्त-प्फडिहा // शेतु.५४
991,
992,जालालोअ-विमुहिअंसलिल-तरङ्ग-परिसक्कण-परिक्खलिअं
993,परिहरइ विद्दुम-वणंधूमाहअ-अम्ब-लोअणं मीण-उलं // शेतु.५५
994,
995,उव्वत्तोअर-धवलादर-णिग्गह-डड्ढ-जमल-जीहा-णिवहा
996,संधेन्ति उप्पअन्ताथोर-तरंग-विअडन्तराइ भुअंगा // शेतु.५६
997,
998,दीसन्ति दरुत्तिण्णाहुआसणुत्तत्त-वाअ-मअ-णीसन्दा
999,पक्कग्गाह-णहङ्कुस-विसम-समुक्कत्त-मत्थआ करि-मअरा // शेतु.५७
1000,
1001,घोलइ गओणिअत्तंविसम-ट्ठिअ-मणि-सिला-अल-पलोट्टन्तं
1002,झिज्जन्त-सलिल-विहलंवेला-पुलिण-गमणूसुअं सङ्ख-उलं // शेतु.५८
1003,
1004,मुक्क-समुद्दुच्छङ्गापक्ख-क्खेवेहि संभम-समुप्पइआ
1005,अब्भुत्तेन्ति महिहराएक्कक्कम-सिहर-संठिअं मिहि-णिवहं // शेतु.५९
1006,
1007,विहलुव्वत्त-भुअंगाछिण्ण-महासुर-सिरुप्पअण-गम्भीरा
1008,मूलुत्थङ्घिअ-रअणाणेन्ति रसन्ता रसाअल-जलुप्पीडा // शेतु.६०
1009,
1010,बाण-णिहाउच्छित्ताहुअवह-जालाहउप्पवन्त-प्फेणा
1011,अट्टन्ति णह-अले च्चिअमारुअ-भिण्ण-लहुआ सलिल-कल्लोला // शेतु.६१
1012,
1013,णिव्वूढ-विस-त्थवआभोआअड्ढण-गलन्त-गमणुच्छाहा
1014,तुङ्ग-तरंग-क्खलिआविसमुव्वत्तोअरा वलन्ति भुअंगा // शेतु.६२
1015,
1016,वेवन्ति णिण्णआणंसर-णिवह-च्छिण्ण-सङ्ख-विहडिअ-वलआ
1017,हत्थ व्व उअहि-णिमिआमुक्क-रवक्कन्द-णिवडिआण तरंगा // शेतु.६३
1018,
1019,हुअवह-भरिअ-णिअम्बाजलअर-संदट्ट-वक्ख-उड-पब्भारा
1020,
1021,[प. ३२]
1022,चिर-संणिरोह-मसिणादुक्खेण णहं समुप्पअन्ति महिहरा // शेतु.६४
1023,
1024,जलइ जलन्त-जलअरंभमइ भमन्त-मणि-विद्दुम-लआ-जालं
1025,रसइ रसन्तावत्तंभिज्जइ भिज्जन्त-पव्वअं उअहि-जलं // शेतु.६५
1026,
1027,आवत्त-विवर-भमिरोमलअ-मणि-सिला-अल-क्खलिअ-संचारो
1028,घोलिर-तरंग-विसमोजह दीसइ साअरो तहेअ हुअवहो // शेतु.६६
1029,
1030,रहस-पलित्तुच्छलिओजे च्चिअ पडिवेइ मलअ-वण-वित्थारे
1031,विज्झाअ-णिअत्तन्तोते च्चेअ पुणो वि विज्झवेइ समुद्दो // शेतु.६७
1032,
1033,उत्थम्भिअ-मअरहरोमअर-वसामिस-विसङ्खल-सिहा-णिवहो
1034,णिवह-णिसुद्ध-महिहरोमहिहर-कूड-विअडो विअम्भइ जलणो // शेतु.६८
1035,
1036,जलणुत्थङ्घिअ-मूलाबाणुक्खित्त-पडिअत्तण-णिसुम्भन्ता
1037,णिवडन्ति जलुप्पीडापडिलोमागअ-पडन्त-विअडावत्ता // शेतु.६९
1038,
1039,धूमाइ जलइ विहडइठाणं सिढिलेइ मलइ मलउच्छङ्गं
1040,धीरस्स पढम-इण्हंतह वि हु रअणाअरो ण भञ्जइ पसरं // शेतु.७०
1041,
1042,भुअइन्द-लोअणाणंफुट्टन्ताण अ तिमीण साअर-मज्झे
1043,संवत्त-जलहराण वराम-सराणल-हआण णीहरइ रओ // शेतु.७१
1044,
1045,मुह-पुञ्जिअग्गि-णिवहाधूम-सिहा-णिह-णिराअ-अड्ढिअ-सलिला
1046,णिवडन्ति णहुक्खित्तापलउक्का-दण्ड-संणिहा णइ-सोत्ता // शेतु.७२
1047,
1048,अट्टन्त-सलिल-णिवहोथोअ-त्थोअ-पडिमुक्क-पुलिणुच्छङ्गो
1049,दीसइ ओसक्कन्तोमग्गाहुत्तो पअं पअं व समुद्दो // शेतु.७३
1050,
1051,जलण-णिवहम्मि सलिलंसाणल-णिवहुच्छलन्त-सलिलम्मि णहं
1052,सलिल-णिवहोत्थअम्मि अअत्थाअइ णह-अले दस-दिसा-अक्कं // शेतु.७४
1053,
1054,सिहिणा पअविज्जन्तेआअट्टन्तम्मि वित्थए जल-णिवहे
1055,
1056,[प. ३३]
1057,जाआ गिम्ह-विलम्बिअ-रवि-रह-चक्क-मसिणा समुद्दावत्ता // शेतु.७५
1058,
1059,णिव्वडिअ-धूम-णिवहोउद्धाइअ-मरगअ-प्पहा-मिलिअ-सिहो
1060,वित्थिण्णम्मि समुद्देसेआलोमइलिओ व्व घोलइ जलणो // शेतु.७६
1061,
1062,जलइ वलवाणलो विअफुट्टइ सेलो व्व राम-बाणाहिहओ
1063,रसइ जलओ व्व उअहीखुहिओ लङ्घेइ मारुओ व्व णह-अलं // शेतु.७७
1064,
1065,होइ थिमिअम्मि थिमिओवलइ वलन्तम्मि विहडइ विसंघडिए
1066,परिवड्ढिअम्मि वड्ढइसलिले झीणम्मि णवर झिज्जइ जलणो // शेतु.७८
1067,
1068,राम-सराणल-पअविअ-झिज्जन्तोअहि-विहत्त-तड-विच्छेआ
1069,ते च्चिअ तह-वित्थारातुङ्गा दीसन्ति दीव-मण्डलि-बन्धा // शेतु.७९
1070,
1071,[आइकुलअं ८]
1072,इअ दाविअ-पाआलंजलण-सिहावट्टमाण-जल-संघाअं
1073,रामो दलिअ-महिहरंखविअ-भुअंग-णिवहं खवेइ समुद्दं // शेतु.८०
1074,
1075,जल-पब्भार-पलोट्टिअ- भमन्त-सङ्ख-उल-विहल-मुक्कक्कन्दं
1076,फुडिअ-वडवा-मुहाणल-पलित्त-दर-दड्ढ-संचरन्त-विसहरं // शेतु.८१
1077,
1078,झिज्जन्त-जलालोइअ-किरण-मुणिज्जन्त-रअण-पव्वअ-सिहरं
1079,थोर-तरंग-कराहअ-दिसा-लआ-भग्ग-पडिअ-जलहर-विडवं // शेतु.८२
1080,
1081,साणल-सर-णिद्दारिअ-सकेसरुज्जलिअ-सीह-मअर-क्खन्दं
1082,आसण्ण-भीअ-विसहर-वेढिअ-करि-मअर-धवल-दन्त-प्फलिहं // शेतु.८३
1083,
1084,धुअ-पव्वअ-सिहर-पडन्त-मणि-सिला-भग्ग-विद्दुम-लआवेढं
1085,दर-डड्ढ-विसहरुज्झिअ-विस-पङ्क-क्खुत्त-विहल-करि-मअर-उलं // शेतु.८४
1086,
1087,रुन्दावत्त-पहोलिर-वेलावडिएक्कमेक्क-भिण्ण-महिहरं
1088,णह-अरु-विलग्ग-वेविर-धूम-लआ-विसम-लङ्घिअ-दिसा-आलं // शेतु.८५
1089,
1090,
1091,[प. ३४]
1092,पक्ख-परिरक्खणुट्ठिअ-सर-णिवहाहअ-दिसा-पइण्ण-महिहरं
1093,फुडिअ-जल-मज्झ-णिग्गअ-फुड-रअणुज्जोअ-संधिउब्भड-विवरं // शेतु.८६
1094,
1095,हुअवह-पडित्त-णूमिअ-णिअ-णअणुम्हा-विसंठुल-मह-ग्गाहं
1096,परिवड्ढिएक्कमेक्काणुराअ-सर-पहर-णिव्वलिअ-सङ्ख-उलं // शेतु.८७
1097,
1098,
1099,
1100,इअ पञ्चमो आसासओ परिसमत्तो
1101,
1102,
1103,---------------------------------------------------------------------
1104,
1105,[प. ३५]
1106,[छट्ठओ आसासओ]
1107,
1108,[आइकुलअं ५]
1109,अह णिग्गओ जलन्तंदर-डड्ढ-महा-भुअंग-पाअव-णिवहं
1110,मोत्तूण धूम-भरिअंपाआल-वणं दिसा-गओ व्व समुद्दो // शेतु.१
1111,
1112,मन्दर-दढ-परिमट्ठंपलअ-विअम्भिअ-वराह-दाढुल्लिहिअं
1113,विसमं समुव्वहन्तोराम-सराघाअ-दूमिअं वच्छ-अडं // शेतु.२
1114,
1115,गम्भीर-वणाहोएदीहे देह-सरिसे भुए वहमाणो
1116,अहिणव-चन्दण-गन्धेअणहुक्खित्ते व्व मलअ-सरिआ-सोत्ते // शेतु.३
1117,
1118,लहुइअ-कोत्थुह-विरहंमन्दर-गिरि-महण-संभमे वि अमुक्कं
1119,तारेक्कावलि-रअणंससि-मइरामअ-सहोअरं वहमाणो // शेतु.४
1120,
1121,गरुअं उव्वहमाणोहत्थ-प्फरिस-पडिसिद्ध-वण-वेअल्लं
1122,रुहिरारुण-रोमञ्चंखलन्त-गङ्गावलम्बिअं वाम-भुअं // शेतु.५
1123,
1124,
1125,आलीणो अ रहुवइंणिअअ-च्छाआणुलित्त-मलअ-मणि-सिलं
1126,संसिअ-सुहोअइव्वंदुमं लआए व्व जाणईअ विरहिअं // शेतु.६
1127,
1128,सर-घाअ-रुहिर-कुसुमोतिवहअ-वल्ली-पिणद्ध-मणि-रअण-फलो
1129,राम-चरणेसु उअहीदढ-पवणाइद्ध-पाअओ व्व णिवडिओ // शेतु.७
1130,
1131,पच्छा अ हित्थ-हिअआजत्तो च्चिअ णिग्गआ विवल्हत्थ-मुही
1132,हरि-चरणम्मि तहिं चिअकमलाअम्बम्मि तिवहआ वि णिवडिआ // शेतु.८
1133,
1134,अह मउअं पि भर-सहंजम्पइ थोअं पि अत्थ-सारब्भहिअं
1135,पणअं पि धीर-गरुअंथुइ-संबद्धं पि अणलिअं सलिलणिही // शेतु.९
1136,
1137,दुत्तारत्तण-गरुइंथिर-धीर-परिग्गहं तुमे च्चिअ ठविअं
1138,अणुवालन्तेण थिइंपिअं ति तुह विप्पिअं मए कह वि कअं // शेतु.१०
1139,
1140,
1141,[प. ३६]
1142,विअसन्त-रअ-क्खउरंमअरन्द-रसुद्धुमाअ-मुहल-महुअरं
1143,उदुणा दुमाण दिज्जइहीरइ ण उणो तमप्पण च्चिअ कुसुमं // शेतु.११
1144,
1145,किं पम्हट्ठ म्हि अहंतुह चलणुप्पण्ण-तिवहआ-पडिउण्णं
1146,खअ-कालाणल-खविअंधरणि-अलुद्धरण-विलुलिअं अप्पाणं // शेतु.१२
1147,
1148,चलणेहि मुह-विरोहेदाढाघाएहि धरणि-वेढुद्धरणे
1149,सोअ-किलिन्तेण तुमेइण्हिं दहमुह-वहे सरेहि विलुलिओ // शेतु.१३
1150,
1151,णिअआवत्थाहि वि मेएअं धीरेण विप्पिअं धीर कअं
1152,जं णेण पअइ-सोम्माकह वि विसंवाइआ तुह मुह-च्छाआ // शेतु.१४
1153,
1154,एअं तुह एआरिस-सुर-कज्ज-सहस्स-खेअ-वीसाम-सहं
1155,जअ-पब्बालण-जोग्गंपरिरक्खसु पलअ-रक्खिअं जल-णिवहं // शेतु.१५
1156,
1157,अपरिट्ठिअ-मूल-अलंजत्तो गम्मइ तहिं दलन्त-महि-अलं
1158,ण हु सलिल-णिब्भरं चिअखविए वि ममम्मि दुग्गमं पाआलं // शेतु.१६
1159,
1160,तं कालस्स णिसम्मउकह वि दरुक्कित्त-दसम-कण्ठ-क्खलिअं
1161,घडिअ-गिरि-सेउ-बन्धंचिर-आलाउञ्चिअं दहमुहम्मि पअं // शेतु.१७
1162,
1163,[जुग्गअं]
1164,अह जअ-दुप्परिअल्लेदहमुह-कुविएण पवअ-वइ-पच्चक्खं
1165,रहुणाहेण समुद्देवालिम्मि व बाण-णिअमिअम्मि पसन्ते // शेतु.१८
1166,
1167,पवआहिवइ-विइण्णारामाणत्ती पवंगमेसु विलग्गा
1168,सेस-प्फण-विच्छूढातिहुअण-सार-गरुई महि व्व भुअंगे // शेतु.१९
1169,
1170,
1171,तो हरिस-पढम-तुलिएचलिआ फुट्टन्त-पम्ह-विसमूससिए
1172,वेउक्खअ-सीमन्तेपवआ धुणिऊण केसर-सडुग्घाए // शेतु.२०
1173,
1174,पवअ-क्खोहिअ-महि-अल-धुअ-मलअ-पडन्त-सिहर-मुक्क-कलअलो
1175,उद्धाइओ अणागअ-घडन्त-धरणिहर-संकमो व्व समुद्दो // शेतु.२१
1176,
1177,
1178,[प. ३७]
1179,कम्पइ महेन्द-सेलोहरि-संखोहेण दलइ मेइणि-वेढं
1180,सइ-दुद्दिण-तण्णाओणवर ण उद्धाइ मलअ-वण-कुसुम-रओ // शेतु.२२
1181,
1182,तो संचालिअ-सेलंकह वि तुलग्गेण सम-घडन्त-क्कम्पं
1183,दूरं पवंगम-बलंणह-मुह-लग्ग-वसुहं णहं उप्पइअं // शेतु.२३
1184,
1185,उप्पअणोणअ-महि-अल-णइ-मुह-पडिसोत्त-पत्थिओ सलिलणिही
1186,जल-णिवहाहअ-सिढिलेपवउच्छेवण-सहे करेइ महिहरे // शेतु.२४
1187,
1188,फुरमाण-जलण-पिङ्गल-णिरन्तरुप्पइअ-पवअ-पेल्लिज्जन्तो
1189,जत्तो दीसइ तत्तोणज्जइ धीम-णिवहो त्ति गअणुद्देसो // शेतु.२५
1190,
1191,दीसइ दूरुप्पइअंउअहिम्मि अहोमुहोसरन्त-च्छाअं
1192,पाआलं व अइन्तंधरणिहरुद्धरण-कङ्खिअं कइ-सेण्णं // शेतु.२६
1193,
1194,अद्दिट्ठ-दिसा-णिवहंजाअं पवअ-बल-संणिरुद्धालोअं
1195,विच्छिण्णाअव-कसणंदिअस-मुहे वि दिअसावसाणे व्व णहं // शेतु.२७
1196,
1197,ओवइआ अ सरहसंतंस-ट्ठिअ-पुट्ठि-णीसरन्त-रवि-अरा
1198,सेलेसु मुक्क-कलअल-पडिरव-भरिअ-कुहरोअरेसु पवंगा // शेतु.२८
1199,
1200,वेओवइआण अ सिंजाअं दलिअ-महि-संधि-बन्धण-मुक्कं
1201,उक्खलिअ-तुलेअव्वंकह वि भुअंग-धरिअ-ट्ठिअं गिरि-आलं // शेतु.२९
1202,
1203,आढत्ता अ तुलेउंउर-पडिअ-विसट्ट-गण्ड-सेलद्धन्ते
1204,कुविअ-मइन्दोवग्गिअ-संखोह-प्फिडिअ-वण-गए धरणिहरे // शेतु.३०
1205,
1206,वच्छुत्थङ्घिअ-कडआतो ते कडअ-पडिअट्टलिअ-वच्छ-अडा
1207,सेलेसु सेल-गरुआपवआ पवएसु महिहरा अ पहुत्ता // शेतु.३१
1208,
1209,पवअ-भुअ-णोल्लिआणिअ-महिहर-पडिपेल्लणोणउण्णअ-विसमा
1210,जाआ पलोट्टिओअहि-वारं-वार-भरिआ महि-अलद्धन्ता // शेतु.३२
1211,
1212,
1213,[प. ३८]
1214,विसहिअ-वज्ज-प्पहराउक्खम्मन्ति खअ-मारुअ-पडिक्खम्भा
1215,अगणिअ-वराह-णिहसापलअ-जलुत्थङ्घ-पब्बला धरणिहरा // शेतु.३३
1216,
1217,जलओवट्ठ-विमुक्काअणन्तरोइण्ण-सरअ-वन्थावडिआ
1218,एक्क-क्खेवुग्गाहिअ-दर-वसुआअ-विसआ विसट्टन्ति गिरी // शेतु.३४
1219,
1220,विहुणन्ति विहुव्वन्तावलेन्ति सेला पवंगम-वलिज्जन्ता
1221,णामेन्ति णमिज्जन्ताउक्खिप्पन्ता अ उक्खिवेन्ति महि-अलं // शेतु.३५
1222,
1223,दलिअ-महि-वेढ-सिढिलामूलालग्ग-भुअइन्द-कड्ढिज्जन्ता
1224,संचालिज्जन्त च्चिअअइन्ति गरुआ रसाअलं धरणिहरा // शेतु.३६
1225,
1226,णव-पल्लव-सच्छाआजलओअर-सिसिर-मारुअ-विइज्जन्ता
1227,वाअन्ति तक्खणुक्खअ-हरि-हत्थुक्खित्त-भेम्भला मलअ-दुमा // शेतु.३७
1228,
1229,कम्पिज्जन्त-धराहर-सिहर-समाइड्ढ-जलहर-रउप्पित्था
1230,गअ-सुह-वत्त-णिसण्णावेवइ हंसी सहस्सवत्त-णिसण्णा // शेतु.३८
1231,
1232,पवओवऊढ-कड्ढिअ-सेलब्भन्तर-भमन्त-विसम-क्खलिआ
1233,गहिरं रसन्ति वित्थअ-वच्छ-त्थल-रुद्ध-णिग्गमा णइ-सोत्ता // शेतु.३९
1234,
1235,अद्धुक्खित्त-पसिढिलेअद्ध-वह-भुअंग-कड्ढिअद्धत्थमिए
1236,उम्मूलेन्ति रसाअल-पङ्क-क्खुत्त-सरिआ-मुहे धरणिहरे // शेतु.४०
1237,
1238,उव्वेल्लइ व णिराअंपासल्लन्तेसु सिहर-पडिमुच्चन्तं
1239,उक्खिप्पन्तेसु पुणोसंवेल्लिज्जइ व महिहरेसु णह-अलं // शेतु.४१
1240,
1241,उम्मूलेन्ति पवंगाभुअ-सिहरारुहण-णिच्चल-परिग्गहिए
1242,कडआवडणुत्थङ्घिअ-विसम-विवत्त-विवरं-मुहा धरणिहरे // शेतु.४२
1243,
1244,हरि-भुअ-कड्ढिअ-मुक्काभुअंग-दढ-वेढणावलम्बण-धरिआ
1245,भिज्जन्ता वि महि-अलेओअल्लन्ति ण पडन्ति चन्दण-विडवा // शेतु.४३
1246,
1247,
1248,[प. ३९]
1249,पडिसमइ णह-णिबद्धोचिरेण भरिअब्भ-णाअ-गम्भीरअरो
1250,हरि-भुअ-विक्कम-पिसुणोअअण्ड-भज्जन्त-धरणिहर-णिग्घोसो // शेतु.४४
1251,
1252,पासल्लन्ति महिहराजत्तो-हुत्ता पवंगम-भुअ-क्खित्ता
1253,धुव्वन्त-धाउ-अम्बातत्तो-हुत्ता वलन्ति सरिआ-सोत्ता // शेतु.४५
1254,
1255,दीसन्ति पवअ-वलिआआवत्तेसु व महोअहिस्स वलन्ता
1256,सरिआण घडिअ-पत्थिअ-वलन्त-सलिल-वलअन्तरेसु महिहरा // शेतु.४६
1257,
1258,मअरन्द-गरुअ-वक्खंपासोअल्लन्त-वण-लआ-विच्छूढं
1259,ण मुअइ कुसुम-ग्गोच्छंआसाइअ-महु-रसं पि महुअर-मिहुणं // शेतु.४७
1260,
1261,उप्पुअ-सुरहि-गन्ध-मअरन्द-रञ्जिआइंठिअ-परिलेन्त-भमिर-भमरोअरञ्जिआइं
1262,कमल-वणाइ सूर-परिमास-विअसिआइंउच्छलिए सराण सलिलम्मि विअ-सिआइं // शेतु.४८
1263,
1264,दढ-संदाणिअ-मूलावलन्ति वाणर-भुआवलम्बिअ-सिहरा
1265,रोसुप्पित्थ-भुअंगम-विसमुद्ध-फणा-पणोल्लिआ धरणिहरा // शेतु.४९
1266,
1267,सरिआ सरन्त-पवहाअण्णोण्ण-महा-णइ-प्पवह-पल्हत्था
1268,खोहिअ-पङ्क-क्खउरावलन्त-सेल-वलिआ मुहुत्तं वूढा // शेतु.५०
1269,
1270,कड्ढिज्जन्ति समन्ताविसमुव्वत्तन्त-धवल-कसण-च्छाआ
1271,महिहर-मूलालग्गारसाअलद्ध-पडिघोलिरा भुअइन्दा // शेतु.५१
1272,
1273,गलइ सरसं पि कुसुमंवाइ अणालिद्ध-बन्धणं पि किसलअं
1274,रहसुम्मूलिअ-महिहर-भअ-विवलाअ-वण-देवआण लआणं // शेतु.५२
1275,
1276,
1277,[प. ४०]
1278,उक्खिप्पन्ति जं दिसासुं धरा समत्तातेण खणेण णज्जइ वसुंधरा समत्ता
1279,कीरइ महिहरेहि गअणं दि-साल-आणंवड्ढइ जलअ-सिहर-पउणं दिसा-लआणं // शेतु.५३
1280,
1281,एक्कक्केण अ सेलंकर-अल-जुअल-धरिअं तुलन्तेण कअं
1282,अद्धत्थमिअं च णहंअद्धुग्घाडिअ-रसाअलं च महि-अलं // शेतु.५४
1283,
1284,सेल-णिअम्बालग्गापविरल-णइ-मग्ग-पाअड-तड-च्छेआ
1285,भुअइन्द-प्फण-धरिआणहं विलग्गन्ति मेइणि-अलद्धन्ता // शेतु.५५
1286,
1287,धरणिहरेण अ चलिअं चलिअ-कन्दरेणंफुट्टइ गअ-उलं अणालिद्ध-कं दरेणं
1288,गिरि-सिहराइ सरस-हरिआल-वङ्किआइंसम-विसमं णमन्ति हरि-आल-वङ्किआइं // शेतु.५६
1289,
1290,पाअव-सिहरुत्तिण्णोमलअ-वण-पवित्त-पवण-रअ-वित्थरिओ
1291,संझा-राओ व्व णहंअप्फुन्दइ मलिअ-रवि-अरं कुसुम-रओ // शेतु.५७
1292,
1293,कड्ढिअ-मूल-णिरन्तर-रसाअलुक्खित्त-सलिल-कद्दम-घडिआ
1294,वड्ढन्ति त्ति मुणिज्जइणज्जइ ण मुअन्ति महि-अलं ति महिहरा // शेतु.५८
1295,
1296,सिहराइ णिआइ णहं महिन्द-लद्धाइंमलअस्स अ अइणिआइ महिं दलद्धाइं
1297,विञ्झ-णिअम्बाण कई दप्पुण्णामाणंसज्झ-अडाण अ भरिआ धुअ-पुण्णामाणं // शेतु.५९
1298,
1299,सिहराण भुअ-सिरेहिंकडआण अ माविअं उरेहि पमाणं
1300,वण-विवरेहि दरीणंतुलिआ पवआण अग्ग-हत्थेहि गिरी // शेतु.६०
1301,
1302,
1303,[प. ४१]
1304,पडिसन्त-कण्ण-आलंओवत्त-मुहं पसारिओलुग्ग-करं
1305,झाइ णु सोअ-णिमिल्लंवीसमइ णु भमिअ-णीसहं हत्थि-उलं // शेतु.६१
1306,
1307,पाअवा अ पासल्ल-सेल-विसमाणिआचुण्णिआ दलिज्जन्त-दलुव्वि-समाणिआ
1308,जलहरा अ विहडन्त-महिन्द-रवाविआवण-लआ अ घोलन्ति महिं दर-वाविआ // शेतु.६२
1309,
1310,टुट्टन्ता वि ससद्दंपवअ-भुअ-क्खेव-मूल-वलिअद्धन्ता
1311,भुअएहि भोअ-भारासेल-भरङ्कुसइअ-प्फणेहि ण णाआ // शेतु.६३
1312,
1313,दर-दाविअ-पाआलंदर उक्खित्त-विहलोसरन्त-भुअंगं
1314,दीसइ हीरन्तं मिवकईहि दर-तुलिअ-महिहरं महि-वेढं // शेतु.६४
1315,
1316,मीण-उलाइ अवि अ सिढिलेन्ति जीविअं ण अ णदी हराइंविअसन्ते मुअन्ति धरणिहर-संभमे णअण-दीहराइं
1317,महिस-उलाण मणि-सिला-वेल्लिआण वण-चन्दणासिआणंअवसेसो वि णत्थि तिमिरुग्गमाण जह चन्द-णासिआणं // शेतु.६५
1318,
1319,अद्धे अद्ध-प्फुडिआअद्धे अद्ध-कडउक्खअ-सिला-वेढा
1320,पवअ-भुआहअ-विसढाअद्धे अद्ध-सिहरा पडन्ति महिहरा // शेतु.६६
1321,
1322,जस्स सिहरं विवज्जइपडिअं फुडिओ अ जो धरिज्जइ सेलो
1323,सो च्चेअ विसज्जिज्जइउक्खन्तूण वि अपूरमाणम्मि भरे // शेतु.६७
1324,
1325,लोअण-वत्तन्तरिए कणे रुअन्तीओधारेन्ति बाहमइए कणेरु-अन्तीओ
1326,मण्णेन्ति अ आसाअं विसं णव-अणस्सविरहम्मि जूह-वइणो विसण्ण-वअणस्स // शेतु.६८
1327,
1328,
1329,[प. ४२]
1330,सेलुद्धरणारोसिअ-भुअइन्द-णिराअअ-प्फण-णिसम्मन्ती
1331,जह जह संखोहिज्जइतह तह कइ-देह-भर-सहा होइ मही // शेतु.६९
1332,
1333,संचालिअ-णिक्कम्पाभुआ-णिहाअ-विसमुक्खअ-सिला-वेढा
1334,खुडिआ सिहरद्धेसु अपवएहि णिअम्ब-बन्धणेसु अ सेला // शेतु.७०
1335,
1336,उण्णामिअं मिव णहंदूरं ओसारिआ विव दिसाहोआ
1337,उम्मूलन्तेहि धरेपसारिअं मिव पवंगमेहि महि-अलं // शेतु.७१
1338,
1339,दीसइ कइ-णिवहुक्खअ-धराहर-ट्ठाण-गहिर-विवरुत्तिण्णो
1340,उप्पाआअव-अम्बोसेसाहि-प्फण-मणि-प्पहा-विच्छड्डो // शेतु.७२
1341,
1342,केलास-दिट्ठ-सारंगरुअं पि भुआ-बलं णिसाअर-वइणो
1343,पवएहि पाडिएक्कंएक्क-करुक्खित्त-महिहरेहि लहुइअं // शेतु.७३
1344,
1345,उक्खअ-गिरि-विवरोवैअ-दिणअराअव-मिलन्त-तम-संघाअं
1346,जाअं पविरल-तिमिरंआवण्डुर-धूम-धूसरं पाआलं // शेतु.७४
1347,
1348,पवएहि अ णिरवेक्खंकओ करन्तेहि गिरिस-वासुद्धरणं
1349,सामिअ-कज्जेक्क-रसोअअस-मुहे वि जस-भाअणं अप्पाणो // शेतु.७५
1350,
1351,होन्ति गरुआ वि लहुआपवंग-भुअ-सिहर-णिमिअ-वित्थअ-मूला
1352,रहसुद्धाइअ-मारुअ-दूरुक्खित्तोज्झरा धराहर-णिवहा // शेतु.७६
1353,
1354,अह वेएण पवंगासअलं आअड्ढिऊण महिहर-णिवहं
1355,ओवअणाहि वि लहुअंवीसज्जिअ-कलअलं णहं उप्पइआ // शेतु.७७
1356,
1357,चडुलेहि णिप्पअम्पाउप्पइअव्व-लहुएहि वित्थअ-गरुआ
1358,एक्क-क्खेवेण णहंपक्खेहि व महिहरा कईहि विलइआ // शेतु.७८
1359,
1360,पवअक्कन्त-विमुक्कंविसमुद्ध-प्फुडिअ-पत्थिअ-णिअत्तन्तं
1361,घडिअं घडन्त-णइ-मुह-संदाणिअ-सेल-णिग्गमं महि-वेढं // शेतु.७९
1362,
1363,
1364,[प. ४३]
1365,हीरन्त-महिहराहिंमईहि भअ-हित्थ-पत्थिअ-णिअत्ताहिं
1366,मोहन्ति खण-विवत्तिअ-ससंभमुम्मुह-पलोइआइ वणाइं // शेतु.८०
1367,
1368,उम्मूलिआण खुडिआउक्खिप्पन्ताण उज्जुअं ओसरिआ
1369,णिज्जन्ताण णिराआगिरीण मग्गेण पत्थिआ णइ-सोत्ता // शेतु.८१
1370,
1371,उम्मुह-सारङ्ग-अणंअप्फुन्दइ मलिअ-मेह-सारं गअणं
1372,विवरब्भन्तर-विहअंगिरि-आलं सिहर-परिभमन्त-रवि-हअं // शेतु.८२
1373,
1374,अंस-ट्ठविअ-महिहराउब्भिअ-दाहिण-करावलम्बिअ-सिहरा
1375,उत्ताण-वाम-कर-अल-धरिअ-णिअम्ब-पसरा णिअत्तन्ति कई // शेतु.८३
1376,
1377,पत्थाण च्चिअ पढमंभुअ-मेत्त-पहाविआण जं ण पहुत्तं
1378,कह तं चिअ ताणं चिअपहुप्पइ कईण महिहराण अ गअणं // शेतु.८४
1379,
1380,वहइ पवंगम-लोओसम-तुलिउक्खित्त-मिलिअ-मूलद्धन्ते
1381,एक्कक्कम-सिहरुग्गम-णिहसुप्पुसिअ-सरिआ-मुहे धरणिहरे // शेतु.८५
1382,
1383,णिव्वण्णेऊण चिरंपवआ बोलेन्ति महिहर-भरक्कन्ता
1384,साअर-पडिरूआइंपढमुक्खअ-विअड-महिहर-ट्ठाणाइं // शेतु.८६
1385,
1386,खण-संधिअ-मेह-अडावेउक्खिप्पन्त-गिरिणिराअ-ट्ठविआ
1387,परिवड्ढन्ताआमावहन्ति व णहङ्गणे महा-णइ-सोत्ता // शेतु.८७
1388,
1389,सेलेसु सेल-तुङ्गाणह-अल-मिलिएसु मिलिअ-दन्त-प्फलिहा
1390,पवअ-विहुएसु विहुआणिव्वडिएसु वि ण णिव्वलन्ति वण-गआ // शेतु.८८
1391,
1392,वेविर-पओहराणंदिसाण गिरि-विवर-दिट्ठ-तणु-मज्झाणं
1393,कुसुम-रएण सुरहिणाअग्घाएण व णिमीलिआइ मुहाइं // शेतु.८९
1394,
1395,पवआ कर-अल-धरिएणह-मुह-णिब्भिण्ण-वेवमाण-विसहरे
1396,गइ-वस-विसट्ट-सिहरेबिइअ-करेहि परिसंठवेन्ति महिहरे // शेतु.९०
1397,
1398,
1399,[प. ४४]
1400,णह-अल-वेअ-पहाविअ-पवंग-हीरन्त-सेल-सिहर-क्खलिआ
1401,मग्गागअ-सेलाणंहोन्ति मुहुत्तोज्झरा महा-णइ-सोत्ता // शेतु.९१
1402,
1403,वेउक्खअ-दुम-णिवहेतड-पब्भार-णिह-णिव्वलन्त-जलहरे
1404,णेन्ति जरढाअवाहअ-दरि-विवर-णिसण्ण-गअ-उले धरणिहरे // शेतु.९२
1405,
1406,धावइ वेअ-पहाविअ-पवंग-हीरन्त-सेल-सिहरन्तरिओ
1407,छाआणुमग्ग-लग्गोतुरिअं छिण्णाअओ व्व मलउच्छङ्गो // शेतु.९३
1408,
1409,आलोइआ ण दिट्ठासच्चविआ ण गहिआ समोवइएहिं
1410,उम्मूलिआ वि जेहिंतेहि ण उअहिं णिआ कईहि महिहरा // शेतु.९४
1411,
1412,भग्ग-दुम-भङ्ग-भरिओउक्खित्त-विसट्ट-पडिअ-महिहर-विसमो
1413,पवआण उअहि-लग्गोलक्खिज्जइ बिइअ-संकमो व्व गइ-वहो // शेतु.९५
1414,
1415,वेएण गहिअ-सेलंवेला-बोलेन्त-पडिणिअत्तोवइअं
1416,जाअं रामाहिमुहंअणुराउप्फुल्ल-लोअणं कइ-सेण्णं // शेतु.९६
1417,
1418,
1419,इअ सिरि-पवरसेण-विरइए दहमुहवहे महाकव्वे छट्ठो आसासओ
1420,
1421,
1422,---------------------------------------------------------------------
1423,
1424,[प. ४५]
1425,[सत्तमो आसासओ]
1426,
1427,अह ते विक्कम-णिहसंदहवअण-पआव-लङ्घणग्ग-क्खन्धं
1428,आढत्ता विरएउंसासअ-राम-जस-लञ्छणं सेउ-वहं // शेतु.१
1429,
1430,णवरि अ महि-अल-धरिआमुक्का उअहिम्मि वाणरेहि महिहरा
1431,आइ-वराह-भुएहि वपलउव्वहण-दलिआ महि-अलद्धन्ता // शेतु.२
1432,
1433,णिवडन्तम्मि ण दिट्ठोदूरोवइअम्मि कम्पिओ गिरि-णिवहे
1434,खण-पडिअम्मि विलुलिओअत्थमिअम्मि परिवड्ढिओ सलिलणिही // शेतु.३
1435,
1436,णिहउव्वत्त-जलअरंकड्ढिअ-काणण-भमन्त-भमिरुच्छङ्गं
1437,जाअं कलसु-च्छाअंपढमुच्छलिआगअं महोअहि-सलिलं // शेतु.४
1438,
1439,सलिलत्थमिअ-महिहरोपुणो वि अद्दिट्ठ-मिलिअ-गिरि-संघाओ
1440,तह-घडिअ-पव्वओ विअदीसइ णह-साअरन्तरालुद्देसो // शेतु.५
1441,
1442,जणिअं पडिवक्ख-भअंतुलिआ सेला धुओ कईहि समुद्दो
1443,ण हु णवर हिअअ-साराआरम्भा वि गरुआ महा-लक्खाणं // शेतु.६
1444,
1445,जो दीसइ धरणिहरोणज्जइ एएण बज्झइ त्ति समुद्दो
1446,उअहिम्मि उण वडन्ताकत्थ गअ त्ति सलिलेण णज्जन्ति धरा // शेतु.७
1447,
1448,सअल-महि-वेढ-विअडोसिहर-सहस्स-पडिरुद्ध-रइ-रह-मग्गो
1449,इअ तुङ्गो वि महिहरोतिमिङ्गिलस्स वअणे तणं व पणट्ठो // शेतु.८
1450,
1451,पव्वअ-सिहरुच्छित्तंधावइ जं जं जलं णहङ्गण-हुत्तं
1452,तं तं रअणेहि समंदीसइ णक्खत्त-मण्डलं व पडन्तं // शेतु.९
1453,
1454,
1455,[प. ४६]
1456,वाणर-वेआइद्धापिहुल-वलन्त-णिअओज्झर-परिक्खित्ता
1457,अप्पत्त च्चिअ उअहिंभमन्ति आवत्त-मण्डलेसु व सेला // शेतु.१०
1458,
1459,खण-मेलिअ-प्पविद्धोसिहरन्तर-णिन्त-रित्त-वाणर-लोओ
1460,पच्छा पडइ समुद्देअण्णो मिलइ पढमं णहे गिरि-णिवहो // शेतु.११
1461,
1462,दीहा वलन्त-विअडारसन्ति उअहिम्मि मारुअ-भरिज्जन्ता
1463,पाआलोअर-गहिरारहसोविद्धाण महिहराण गइ-वहा // शेतु.१२
1464,
1465,उक्खित्त-विमुक्काइंणहम्मि एक्केक्कमावडण-भिण्णाइं
1466,वज्ज-भउप्पित्थाइ वपडन्ति रअणाअरे गिरि-सहस्साइं // शेतु.१३
1467,
1468,भिण्ण-सिला-अल-सिहराणिअअ-दुमोसरिअ-कुसुम-रअ-धूसरिआ
1469,पढमं पडन्ति सेलापच्छा वाउद्धुआ महा-णइ-सोत्ता // शेतु.१४
1470,
1471,णिम्मल-सलिलब्भन्तर-विहत्त-दीसन्त-विसम-गइ-संचारा
1472,णासन्ति णिच्चल-ट्ठिअ-पवंगमालोइआ चिरेण महिहरा // शेतु.१५
1473,
1474,फेण-कुसुमन्तरुत्तिण्ण-केसराआर-वेविर-मऊहाइं
1475,सूएन्ति पवन्ताइंमूलुक्खुहिअं महोअहिं रअणाइं // शेतु.१६
1476,
1477,विहुणइ वेलं व महिंभिन्दइ समअं व धरणिहर-संघाअं
1478,गेण्हइ भअं व गअणंमुअइ सहाअं व साअरो पाआलं // शेतु.१७
1479,
1480,पल्हत्थन्ति वलन्ताचल-विडवन्तर-णिअत्त-तरु-पारोहा
1481,मूलुण्णामिअ-जलआअहोमुहन्दोलिओज्झरा धरणिहरा // शेतु.१८
1482,
1483,अट्ठिअ-पडन्त-महिहर-दूरुट्ठिअ-जल-रअन्धआरत्थमिए
1484,साहइ णवर पडन्तेपक्खुहिअ-समुद्द-पडिरओ धरणिहरे // शेतु.१९
1485,
1486,दर-धोअ-केसर-सडापाआलुम्ह-गिरि-धाउ-कद्दमिअ-मुहा
1487,पडिसक्कन्ति पवंगापल्हत्थिअ-महिहरूससन्त-क्खन्धा // शेतु.२०
1488,
1489,
1490,[प. ४७]
1491,विअलन्तोज्झर-लहुआपवण-विहुव्वन्त-पाअवुद्ध-पअल्ला
1492,पवएहि उद्ध-मुक्कासिहरेहि पडन्ति साअरम्मि महिहरा // शेतु.२१
1493,
1494,अत्थमिअ-सेल-मग्गाभिण्ण-णिअत्तन्त-सलिल-पुञ्जिअ-कुसुमा
1495,होन्ति हरिआल-कविलादाण-सुअन्धुप्पवन्त-गअदुम-भङ्गा // शेतु.२२
1496,
1497,अत्थाअन्ति सरोसासलिल-दरत्थमिअ-सेल-सिहरावडिआ
1498,एक्कावत्त-वलन्ताधुव्वन्ताअम्ब-लोअणा वण-महिसा // शेतु.२३
1499,
1500,भिण्ण-मिलिअं पि भिज्जइपुणो वि एक्कक्कमावलोअण-सुहिअं
1501,सेलत्थमण-णउण्णअ-तरङ्ग-हीरन्त-काअरं हरिण-उलं // शेतु.२४
1502,
1503,दाढा-विभिण्ण-कुम्भाकरि-मअराण थिर-हत्थ-कड्ढिज्जन्ता
1504,मोत्ता-गब्भिण-सोणिअ-भेरन्त-मुह-कन्दरा रसन्ति मइन्दा // शेतु.२५
1505,
1506,उव्वत्तिअ-करि-मअरापडन्ति पडिअ-गिरि-संभमुब्भड-रोसा
1507,ओवइअ-मअर-णिद्दअ-लुअ-गत्तावर-विसंठुला माअङ्गा // शेतु.२६
1508,
1509,विहुअ-पवाल-किसलअंसेल-दरत्थमिअ-दरि-मुह-वलन्तीहिं
1510,आवेढ-पहुप्पन्तंवीईहि दुमेसु वण-लआहि व भमिअं // शेतु.२७
1511,
1512,गिरि-णिवहेहि रसन्तंउक्खम्मन्तेहि णिवडिएहि अ समअं
1513,धरणीअ साअरस्स औग्घाडिज्जइ णिरन्तरं पाआलं // शेतु.२८
1514,
1515,वेआविद्ध-वलन्तामुहल-वलन्तोज्झरावलि-परिक्खित्ता
1516,संवेल्लिअ-घण-णिवहावलिअ-लआलिङ्गिआ पडन्ति महिहरा // शेतु.२९
1517,
1518,एक्कक्कमावडन्ताणिअअ-भुअ-क्खेव-भिण्ण-सेलद्धन्ता
1519,णिन्ति धुअ-केसर-सडागअणुच्छलिअ-सलिलोत्थआ कइ-णिवहा // शेतु.३०
1520,
1521,दीसइ वारं वारंगिरि-घाउक्खित्त-सलिल-रेइअ-भरिअं
1522,पाआलं व णह-अलंणह-विवरं व विअडोअरं पाआलं // शेतु.३१
1523,
1524,
1525,[प. ४८]
1526,संखोह-भिण्ण-महि-अल-गलिअ-जलोलुग्ग-पङ्कअ-वणुच्छङ्गा
1527,विहल-गइन्दालम्बिअ-फुडिअ-पडन्त-सिहरा पडन्ति महिहरा // शेतु.३२
1528,
1529,रसइ गिरि-घाअ-भिण्णोतीरं लङ्घेइ वलइ विसम-क्खलिओ
1530,पावइ महणावत्थंणवर ण णिद्देइ साअरो अमअ-रसं // शेतु.३३
1531,
1532,उक्खअ-णिसुद्ध-सेलोसंसइअ-समुद्द-घोर-मुक्कक्कन्दो
1533,रक्खस-पुरीअ कह आगमणोवाओ वि दारुण-समारम्भो // शेतु.३४
1534,
1535,वेउक्खलिउद्धाइअ-णह-भमिर-फुरन्त-कञ्चण-सिला-वेढं
1536,कुसुम-सुअन्ध-रआलंपल्हत्थइ पवअ-णोल्लिअं धर-आलं // शेतु.३५
1537,
1538,वड्ढइ पवअ-कलअलोवलइ वलन्त-वलआ-मुहो सलिलणिही
1539,पवण-णिराइअ-रुक्खापडन्ति उद्ध-ट्ठिओज्झरा धरणिहरा // शेतु.३६
1540,
1541,दूराइद्ध-णिअत्तामोडिअ-मलिअ-हरिअन्दण-मइज्जन्ता
1542,उअहिं रहसुक्खित्ताआसाएन्ति विरसं महा-णइ-मच्छा // शेतु.३७
1543,
1544,आसीविस-मणि-अम्बापल्हत्थन्ति विहडन्त-विसम-णिअम्बा
1545,दुम-णिवहोवरि-हरिआदरीसु सेला रवि-प्पहा-वरिहरिआ // शेतु.३८
1546,
1547,धरिअं वेओवत्तंगिरि-घाउच्छित्त-पाणिअम्मि समुद्दे
1548,वलिऊण भुअअ-वइणाकह वि तुलग्ग-विसमाअअं महि-वेढं // शेतु.३९
1549,
1550,वज्ज-भअं धरणिहराआइ-वराह-खुर-पेल्लणाइ वसुमई
1551,समअं चिअ पम्हट्ठंसंभरिओ महण-संभमं च समुद्दो // शेतु.४०
1552,
1553,मलअ-चन्दण-लआ-हरे संभरमाणओणिअअ-महण-दुक्खं मिव संभरमाणओ
1554,रसइ सेला-सिहराहिहओ सरिआ-वईदहमुहस्स दोसेण समोसरिआवई // शेतु.४१
1555,
1556,
1557,[प. ४९]
1558,जल-वट्ठत्थमिएसु औद्धाइ गिरीसु मलिअ-विद्दुम-अम्बो
1559,आवलिअ-चुण्णिएसुंधुअ-धाउ-रओ व्व सीहर-रउग्घाओ // शेतु.४२
1560,
1561,सेल-सिहर-संखोहिअ-कल्लोलन्तअंगलिअ-धाउ-रस-राइअ-क-ल्लोलन्तअं
1562,रसइ उअहि-सलिलं धरेसु वलमाणअंभग्ग-चन्दण-रसोसहि-णिव्वलमाणअं // शेतु.४३
1563,
1564,गिरि-णिव्वलिअ-पडन्ताउद्धअ-जल-मूल-मिलिअ-पत्तल-विडवा
1565,लहुअत्तणुप्पवन्तागअणम अणाअड्ढिआ वि लग्गन्ति दुमा // शेतु.४४
1566,
1567,पवअ-बलेहि राअ-संजाअ-मच्छरेहिंगअण-णिराअ-भिण्ण-घण-भेसिअच्छरेहिं
1568,फुड-धवलग्ग-दन्त-पडिपेल्लिआहरेहिंभिज्जइ साअरस्स सलिलं धराहरेहिं // शेतु.४५
1569,
1570,पवण-भरन्त-दरि-मुहंपवण-सुअक्कन्त-विहलिअ-सिला-वेढं
1571,पडइ सिहरोज्झरुग्गअ-महिन्द-धणु-गब्भिणं महिन्द-क्खण्डं // शेतु.४६
1572,
1573,गअण-अलम्मि सेल-संघट्ट-वारिआणंओत्थरिअं रवेण जल-भरिअ-वारिआणं
1574,बहुमाणं लआ-हराइं सअन्दलाइंकिं पडिअं ण होइ सिहरं सअं दलाइं // शेतु.४७
1575,
1576,लक्खिज्जन्ति समुद्देगिरि-घाउव्वत्त-मअर-विसमुक्कित्ता
1577,छेअ-पसरन्त-रुहिराफेण-मिलन्ता वि चमरि-वालद्धन्ता // शेतु.४८
1578,
1579,
1580,[प. ५०]
1581,सिद्ध-अणो भएण मुञ्चइ लआ-हराइंसुरअ-विसेस-जाअ-सेओल्लआहराइं
1582,गिरि-सरिआ-मुहाइ णासन्ति सासआइंभमइ महोअहिस्स सलिलं दिसा-सआइं // शेतु.४९
1583,
1584,भमइ समुक्खित्त-करंगअ-वइ-वारिअ-पवित्त-पक्कग्गाहं
1585,विहलुत्थङ्घिअ-कलहंविअडावत्त-मुहम आगअं गअ-जूहं // शेतु.५०
1586,
1587,समुह-पडन्त-विअड-गिरि-सिहर-वेल्लिआणंवीइ-परिक्खलन्त-पवण-वस-वेल्लिआणं
1588,दिट्ठिं देइ राहवो कह वि जा णईणंता विरहेइ णवर हिअअम्मि जाणई णं // शेतु.५१
1589,
1590,दर-दड्ढ-विद्दुम-वणाउद्धाअन्ति सिहि-कज्जलिअ-सङ्ख-उला
1591,पाआल-लग्ग-कड्ढिअ-राम-सरोलुग्ग-पत्तणा जल-णिवहा // शेतु.५२
1592,
1593,भीअ-णिसण्ण-जलअरंपलोट्ट-णिअअ-भर-भिण्ण-वक्ख-महिहरं
1594,दीसइ विहिण्ण-सलिलंकुविउद्धाइअ-भुअंगमं पाआलं // शेतु.५३
1595,
1596,खुहिअ-समुद्दाहिमुहातंस-ट्ठिअ-महिहरोसरन्त-क्खलिआ
1597,करि-मअर-बद्ध-लक्खाकरि-मअर-पडिच्छिआ पडन्ति गइन्दा // शेतु.५४
1598,
1599,ण वि तह पवआविद्धाविअड-णिअम्ब-गरुआ रसाअल-मूलं
1600,जह उच्छलिउद्धाइअ-सलिल-भरोवाहिआ अइन्ति महिहरा // शेतु.५५
1601,
1602,उत्थङ्घिअ-दुम-णिवहागिरि-घाउव्वत्त-मुच्छिअ-महा-मच्छा
1603,वेला-सेल-क्खलिआउद्धं भिज्जन्ति उअहि-जल-कल्लोला // शेतु.५६
1604,
1605,अद्धत्थमिअ-विसंठुल-गअ-जूहारूढ-सिहर-विहलस्स णहं
1606,जीअं व झत्ति णज्जइगिरिस्स कुहराहि उग्गअं सुर-मिहुणं // शेतु.५७
1607,
1608,
1609,[प. ५१]
1610,धरिआ भुएहि सेलासेलेहि दुमा दुमेहि घण-संघाआ
1611,ण वि णज्जइ किं पवआसेउं बन्धन्ति ओ मिणेन्ति णह-अलं // शेतु.५८
1612,
1613,रहस-विसज्जिएक्कमेक्का वलन्त-धुअ-पडिअ-मणि-सिला साअरम्मि णिवडन्ति धर-णिहाआमलिअ-महा-भुअंग-भग्ग-प्फणोअरोसरिअ-संपुडं रसाअलं दुम्मेन्ति धरणि-हाआ
1614,णासइ जं जलं साअरस्स चुण्णिअ-मणोसिला-अड-पडन्त-सेल-सन्दारुणं फलन्तंदरिअ-णिसाअरेन्द-हीरन्त-जाणई-बाह-णिब्भर-पुलोइअस्स किर दारुणं फलं तं // शेतु.५९
1615,
1616,सेल-सिलाहआ समुद्दोअरे मणीणंचुण्णिज्जन्ति वित्थरा रअण-गामणीणं
1617,भरइ णहङ्गणं अणिव्विण्ण-मेह-लाणंहंस-उलावलीण वण-राइ-मेहलाणं // शेतु.६०
1618,
1619,रसइ रसाअलं दलइ मेइणी णिसुब्भन्ति जलअ-णिवहा परीइ गअणङ्गणे कवि-अणोओसुब्भन्ति महिहरा महिहराहिहओ साअरो वि सुइरं थलम्मि घोलइ अमुक्क-विअणो
1620,कुसुम-पसाहणं मिव स-मुद्ध-पल्लवं साअरम्मि पडिआण विडव-लग्गं दुमावलीणंजाअं भिण्ण-सिप्पि-उड-मज्झ-णिग्गअ-त्थोर-धवल-मोत्ता-विहूसणं विद्दुमावलीणं // शेतु.६१
1621,
1622,अत्थमिआण महिहराण समच्छरेहिंपरिमलिआइ वण-गएहि समच्छरेहिं
1623,
1624,[प. ५२]
1625,साहइ कुसुम-रेणुमइओ धओ व्वणाइंअविरअ-णिम्महन्त-महु-गन्ध-ओव्वणाइं // शेतु.६२
1626,
1627,वहइ पवंगम-लोओपहुप्पइ णहङ्गणं पडिच्छइ उअही
1628,देइ मही वि महिहरेतह वि हु दूर-विअडोअरं पाआलं // शेतु.६३
1629,
1630,इअ खोहेन्ति पवंगाथोअ-विराअ-गिरि-पङ्क-णिव्वुअ-महिसं
1631,दुम-मिलिअ-विद्दुम-वणंथल-सावअ-मिलिअ-जलअरं मअरहरं // शेतु.६४
1632,
1633,वण-गअ-गन्धारोसिअ-जम्भाअन्त-पडिउद्ध-केसरि-मअरं
1634,समुह-पडन्त-धराहर-भीअ-वलन्त-भुअइन्द-जणिआवत्तं // शेतु.६५
1635,
1636,अत्थाअन्त-वण-त्थलि-परिणामोलुग्ग-पण्डु-वत्त-त्थइअं
1637,मअण-दुम-भङ्ग-णिग्गअ-कसाअ-रस-मइअ-विहल-घोलिर-मच्छं // शेतु.६६
1638,
1639,धरणिहर-भार-वेल्लिअ-पल्लव-दल-मुद्ध-वेल्लिअ-लआ-जालं
1640,विसवण्णवाअवाहअ-पव्वाअन्त-विसवण्ण-वाअव-कुसुमं // शेतु.६७
1641,
1642,आवत्त-भमिर-महिहर-सिहरोज्झर-सीहरन्धआरिअ-गअणं
1643,पडिओसहि-गन्धाहअ-पाआल-समुच्छलन्त-विहल-विसहरं // शेतु.६८
1644,
1645,आवत्त-मण्डलोअर-वलन्त-सेल-कडअ-प्पहामिज्जन्तं
1646,णिन्त-रसाअल-विसहर-वित्थिण्ण-फणा-मणि-प्पहा-मिज्जन्तं // शेतु.६९
1647,
1648,अव्वोच्छिण्ण-विसज्जिअ-णिरन्तराआम-मिलिअ-पव्वअ-घडिओ
1649,दीसइ णह-णिम्माओणासइ उअहिम्मि णिवडिओ सेउ-वहो // शेतु.७०
1650,
1651,तो घेप्पिउं पउत्ताथोअ-त्थोअं परिस्समेण पवंगा
1652,अणुराए व्व विराएलङ्काणत्थ-घडण-क्खमे सेउ-वहे // शेतु.७१
1653,
1654,
1655,इअ सत्तमो आसासओ
1656,
1657,
1658,---------------------------------------------------------------------
1659,
1660,[प. ५३]
1661,[अट्ठमो आसासओ]
1662,
1663,[जुग्गअं]
1664,इअ जाहे णिवडन्तासिहरोज्झर-धोअ-सुर-विमाण-धअ-वडा
1665,अत्थाअन्ति समुद्देवित्थारत्थमिअ-णह-अला वि महिहरा // शेतु.१
1666,
1667,ताहे णिसुद्ध-सेसावेवन्तुव्वत्त-कर-अलोसरिअ-अडा
1668,ठविआ वेला-मूलेखण-लक्खिअ-गारवा कईहि महिहरा // शेतु.२
1669,
1670,
1671,गिरि-संखोह-विमुक्काझीणा अप्पत्त-पढम-गमणोआसा
1672,मन्दन्दोलण-मउआगआगअ च्चिअ समुद्द-सलिलुप्पीडा // शेतु.३
1673,
1674,भिण्ण-घडन्तावत्तोआवत्तन्तर-भमन्त-भिण्ण-महिहरो
1675,महिहर-संभम-विहुओविहुअ-णिअत्त-सलिलो णिअत्तइ उअही // शेतु.४
1676,
1677,वोच्छिज्जन्त-कलअलंजहोइअ-ट्ठाण-दर-पअत्तावत्तं
1678,दीसइ खण-दुल्लक्खंतं चिअ थिमिअ-सलिलत्तणं जलणिहिणो // शेतु.५
1679,
1680,मोत्ता-घडन्त-कुसुमंसम-मरगअ-वत्त-भङ्ग-भरिआवत्तं
1681,विद्दुम-मिलिअ-किसलअंससङ्ख-धवल-कमलं पसम्मइ सलिलं // शेतु.६
1682,
1683,दीसइ समोसिअन्तीखण-णिव्वलिउत्तरन्त-विलुलिअ-कुसुमा
1684,झिज्जन्तारुण-अम्बासमुद्द-वट्ठम्मि धाउ-पङ्क-च्छाआ // शेतु.७
1685,
1686,वण-गअ-गन्धुत्तिण्णापुणो णिअत्तन्ति आअवाहअ-विहला
1687,णिअअ-कर-सीहरोल्लिअ-णिव्वाअन्त-मुह-मण्डला करि-मअरा // शेतु.८
1688,
1689,दुम-भङ्ग-कलुसिआइंकसाअ-रस-भिण्ण-पण्डुर-प्फेणाइं
1690,जाआइ णिण्णआणंउत्थल-वलण-रअ-धूसराइ मुहाइं // शेतु.९
1691,
1692,खुहिओअहि-विच्छूढामहिन्द-कडएसु मलअ-भित्ति-च्छेआ
1693,घडिआ मलिअ-गअ-उलामलअ-अडेसु अ महिन्द-सेलद्धन्ता // शेतु.१०
1694,
1695,
1696,[प. ५४]
1697,दीसन्ति विअड-धवलाथिमिअ-णिअत्तन्त-जल-तरंगिअ-वट्ठा
1698,वासुइ-णिम्मोअ-णिहाणिरन्तरालग्ग-मोत्तिआ पुलिण-वहा // शेतु.११
1699,
1700,खोहेन्ति खुहिअ-णिहुअंउअहिं णह-वन्थ-पडिणिअत्तोवइआ
1701,पव्वअ-घाउक्खित्ताचिर-आलालोइआ सलिल-संघाआ // शेतु.१२
1702,
1703,अह णल-विइण्ण-णअणोजम्पइ विहडन्त-मणि-सिलासण-वट्ठो
1704,उव्वत्तिआअअ-ट्ठिअ-वाम-अरारुहिअ-तिअ-भरो पवअ-वई // शेतु.१३
1705,
1706,खविओ वाणर-लोओदूर-ट्ठिअ-विरल-पव्वअं महि-वेढं
1707,ण अ दीसइ सेउ-वहोमा हु णमेज्ज गरुअं पुणो राम-धणुं // शेतु.१४
1708,
1709,मइरा मुद्ध-मिअङ्कोअमअं लच्छी सकोत्थुहं दुम-रअणं
1710,किं सेउ-बन्ध-लहुअंजं वोत्तूण रअणाअरेण ण दिण्णं // शेतु.१५
1711,
1712,धूमाअन्ति च्चिअ सेअज्ज वि पाआल-देह-दूरालग्गा
1713,आअट्टन्त-जलाहअ-ससद्द-विज्झविअ-हुअवहा राम-सरा // शेतु.१६
1714,
1715,तं बन्धसु धीर तुमंसेउं अज्जेअ जाव दूरन्तरिआ
1716,एक्कं मलअ-सुवेलाहोन्तु दुहा अ विअडा समुद्दद्धन्ता // शेतु.१७
1717,
1718,ता पवअ-बलाहि फुडंविण्णाणासङ्घ-णिव्वलन्त-च्छाओ
1719,पवअ-वइ-संभमुम्मुह-विइण्ण-भअ-हित्थ-लोअणो भणइ णलो // शेतु.१८
1720,
1721,भण्णइ पवंग-पुरओरहुणाहस्स अ पवंग-वइ वीसत्थं
1722,तुह सेउ-बन्ध-जणिआममम्मि संभावणा ण होहिइ अलिआ // शेतु.१९
1723,
1724,खविओ पव्वअ-णिवहोदलिअं व रसाअलं धुओ व्व समुद्दो
1725,जीअं व परिच्चत्तंअज्ज व संभावणा तुहं णिव्वूढा // शेतु.२०
1726,
1727,
1728,[प. ५५]
1729,तं पेक्खसु महि-विअलंमहि-वट्ठम्मि व महं महोअहि-वट्ठे
1730,घडिअं घडन्त-महिहर-घडिअ-सुवेल-मलअन्तरं सेउ-वहं // शेतु.२१
1731,
1732,किं उत्तरउ णिरन्तर-घडन्त-धरणिहर-संकमेण समुद्दं
1733,ओ बोलेउ धुओअहि-थोउत्तिण्ण-महि-मण्डलेण कइ-बलं // शेतु.२२
1734,
1735,तं पेच्छह मलओ च्चिअपत्थन्तो पडिगअं गओ व्व सुवेलं
1736,मह भुअ-दढ-संरुद्धोआइद्धं धुणउ मुह-वडं व समुद्दं // शेतु.२३
1737,
1738,ओ विरएमि णह-अलेतुरिअ-पहाविअ-पवंग-संचरण-सहं
1739,अणुपरिवाडि-परिट्ठिअ-घण-कूड-घडन्त-महिहरं सेउ-वहं // शेतु.२४
1740,
1741,ओ साअरोअरब्भन्तराणिओवरि-परिट्ठविअ-णिप्फन्दा
1742,जलहर-लम्बिअ-वक्खाघडेन्तु लङ्का-वहं रसाअल-सेला // शेतु.२५
1743,
1744,तं मह-मग्गालग्गाविरएह जहा-णिओअ-मुक्क-महिहरा
1745,अणुवाअ-दिट्ठ-दोसंअइरा-होन्त-सुह-बन्धणं सेउ-वहं // शेतु.२६
1746,
1747,इअ णल-वअण-हरिसिअंगलिअ-परिस्सम-णिराअ-मुक्क-कलअलं
1748,चलिअं तुलिअ-धराहर-कअ-णिब्भर-दस-दिसं पवंगम-सेण्णं // शेतु.२७
1749,
1750,[जुग्गअं]
1751,अह णेण सुह-प्फरिसेपिउणो सलिलम्मि मज्जिऊण सणिअमं
1752,राम-चरणाण पढमंपच्छा काऊण रवि-सुअस्स पणामं // शेतु.२८
1753,
1754,तो कणअ-धाउ-अम्बोसपल्लवासोअ-विडव-भरिअ-दरि-मुहो
1755,पढमं णलेण णिमिओमङ्गल-कलसो व्व जलणिहिम्मि महिहरो // शेतु.२९
1756,
1757,
1758,तह पढमं चिअ मुक्कोवेला-अड-संठिओ णलेण महिहरो
1759,जह दीसिउं पउत्तंलङ्काणत्थस्स सेउ-बन्धस्स मुहं // शेतु.३०
1760,
1761,भमिओ अ तह धराहर-पहरुच्छित्त-सलिलो णहम्मि समुद्दो
1762,महिहर-रअ-मइलाइंजह धोआइ समअं दिसाण मुहाइं // शेतु.३१
1763,
1764,
1765,[प. ५६]
1766,जल-तण्णाअ-घडन्ताअविभाविज्जन्त-घडण-मग्गोआसा
1767,ण मुअन्ति एक्कमेक्कंखुहिअ-समुद्द-विसमाहआ वि महिहरा // शेतु.३२
1768,
1769,पडिवह-पत्थिअ-सलिलावेला-अड-पडिअ-महिहर-समक्कन्ता
1770,जे च्चिअ अहिगम-मग्गाजाआ ते च्चेअ णिग्गमा वि णईणं // शेतु.३३
1771,
1772,णिवडन्ति तुङ्ग-सिहरापवअ-विमुक्का अहोमुहा वि णल-वहे
1773,भमिऊण मूल-गरुआजहेअ उम्मूलिआ तहेअ महिहरा // शेतु.३४
1774,
1775,विहुणेन्ति विहुव्वन्ताकरि-मअर-मुहाइ थिर-णिहित्त-णह-मुहा
1776,मुह-पज्जत्त-दढुक्खअ-कुम्भ-अड-भमन्त-केसरा केसरिणो // शेतु.३५
1777,
1778,पडिगअ-गन्ध-पसारिअ-करि-मअर-च्छिण्ण-गलिअ-कर-पब्भारे
1779,जाणन्ति णवर कुविआलवण-जलालिद्ध-वण-मुहे वण-हत्थी // शेतु.३६
1780,
1781,दर-घडिअ-सेउ-बन्धाउप्पइऊण पवआ समुद्दुप्पइए
1782,कड्ढन्ति जमल-कर-अल-संदाणिअ-वक्ख-संपुडे धरणिहरे // शेतु.३७
1783,
1784,बन्धइ णलो वि तक्खण-विसमुच्छलिअ-चल-केसर-सडुग्घाओ
1785,तिअ-वलिअ-कर-पसारिअ-हरि-हत्थुक्खित्त-महिहरो सेउ-वहं // शेतु.३८
1786,
1787,जं बहु-पव्वअ-जणिअंविच्छूढ-समुद्द-पाअडं महि-विवरं
1788,तं एक्को पडिरुम्भइवित्थारब्भहिअ-संठिओ धरणिहरो // शेतु.३९
1789,
1790,साअर-लद्ध-त्थाहंणिमेन्ति जं जं धराहरं कइ-णिवहा
1791,बज्झइ पुरओ-हुत्ताकाऊण पअं तहिं तहिं सेउ-वहो // शेतु.४०
1792,
1793,समअं पवअ-विमुक्केसेउ-वहम्मि समअं अभाअ-पडन्ते
1794,परिपेल्लेइ रएइ असमअं च णलो पडिच्छिऊण महिहरे // शेतु.४१
1795,
1796,अवलम्बइ णल-घडिएअभाअ-वलिआणिए घडेइ महिहरे
1797,सेउ-वहस्स समुद्दोउव्वेल्लन्त-सलिलो पवड्ढइ पुरओ // शेतु.४२
1798,
1799,
1800,[प. ५७]
1801,जं जं आणेइ गिरिंरइ-रह-अक्क-परिमट्ठ-सिहरं हणुमा
1802,तं तं लीलाइ णलोवाम-करुत्थङ्घिअं रएइ समुद्दे // शेतु.४३
1803,
1804,वित्थअ-सर-कमल-सिरेसेले दर-घडिअ-सेउ-संकम-लसिरे
1805,जलणिहि-सेआ-लग्गापाआल-धरा धरेन्ति सेआलग्गा // शेतु.४४
1806,
1807,वेला-अड-संबद्धागओङिअत्तन्त-जल-रअ-विहुव्वन्ती
1808,हल्लन्त-किरण-विडवाअन्दोलइ मरगअ-प्पहा वण-राई // शेतु.४५
1809,
1810,दन्तेसु वलिअ-लग्गाखोहुप्पित्थ-गअ-संपहारुक्खित्ता
1811,करि-मअराण भुअंगापडन्ति कालास-मण्डल-पडिच्छन्दा // शेतु.४६
1812,
1813,पव्वअ-वडणाइद्धोजो च्चिअ उअहिस्स पडिणिअत्तइ पढमं
1814,सो च्चिअ सलिलद्धन्तोअण्णो-हुत्त-विसमं वेलइ णल-वहं // शेतु.४७
1815,
1816,खुहिअ-समुद्दत्थमिआखुडेन्ति अक्खुडिअ-मअ-जलोज्झर-पसरा
1817,चलणालग्ग-भुअंगेपासे व्व णिराअ-कड्ढिए माअङ्गा // शेतु.४८
1818,
1819,रअण-च्छवि-विमलअराफल-रस-भरिअ-दर-भिण्ण-मरगअ-णिवहा
1820,ओधुव्वन्ति तरंगाचुण्णिअ-सङ्ख-उल-पण्डुरअर-प्फेणा // शेतु.४९
1821,
1822,घडमाणेहि अ समअंझिज्जइ सेलेहि जेत्तिअं चिअ उअही
1823,उच्छलइ तेत्तिअं चिऔत्थङ्घिअ-मूल-सलिल-परिपूरन्तो // शेतु.५०
1824,
1825,उद्ध-प्फुडिअ-णइ-मुहाणिअअ-ट्ठाण-सिढिलोसरन्त-महिहरा
1826,अन्दोलन्त-समुद्दाअन्दोलन्ति व णहं धरणि-संखोहा // शेतु.५१
1827,
1828,अद्धुट्ठिअ-सेउ-वहंहोइ खणं अद्ध-दिण्ण-हरि-हिअअ-सुहं
1829,अद्धोवइअ-महिहरंअद्धोसारिअ-रसाअलं उअहि-जलं // शेतु.५२
1830,
1831,णिम्माओ त्ति मुणिज्जइदूराइद्धम्मि साअरे सेउ-वहो
1832,सो च्चिअ सलिल-भरन्तोथोआरद्धो व्व दीसइ णिअत्तन्ते // शेतु.५३
1833,
1834,
1835,[प. ५८]
1836,अवि पूरइ पाआलंण अ कुविअ-दिसा-गइन्द-गमण-विहाआ
1837,उअहि-विइण्णोआसापूरेन्ति महा-वराह-पअ-णिक्खेवा // शेतु.५४
1838,
1839,जाअं महिहर-महिअंधाउ-अड-क्खलण-सरस-पल्लव-राअं
1840,दुम-भङ्ग-तुवर-सुरहिंउप्पज्जन्त-मइरं व साअर-सलिलं // शेतु.५५
1841,
1842,संचालेइ समुद्दोजह जह विरल-ट्ठिअं धराहर-णिवहं
1843,तह तह विराअ-सिहरोपूरिअ-विवर-त्थिरो घडइ सेउ-वहो // शेतु.५६
1844,
1845,पडइ णु णह-अल-घडिओकड्ढिज्जइ णु मलआहि चिर-णिम्माओ
1846,घडइ णु समुद्द-सलिलेघडिओ णीइ णु रसाअलाहि णल-वहो // शेतु.५७
1847,
1848,गअणम्मि उअहि-सलिलंसलिल-विमुक्के रसाअलम्मि णह-अलं
1849,दीसइ तीसु वि समअंणह-सलिल-रसाअलेसु पव्वअ-जालं // शेतु.५८
1850,
1851,वेलालाण-णिअलिओरसिऊण रसाअल-ट्ठिअं पि समुद्दो
1852,चालेइ सेउ-बन्धंखम्भं आरण्ण-कुञ्जरो व्व वलन्तो // शेतु.५९
1853,
1854,पेल्लिज्जन्ति दढअरंजह जह पवएहि खुहिअ-जल-तण्णाआ
1855,ओहट्टन्ताआमातह तह एक्कक्कमं अइन्ति महिहरा // शेतु.६०
1856,
1857,पवअ-भुअ-गलत्थल्लिआ विप्पइण्ण-रअणाधरणिहरा पडन्ति भअ-चुण्ण-इंणर-अणा
1858,खुहिओ साअरो रसइ उण्णअं ण ईणंमोअन्तो व्व तिव्व-भअ-उण्णअं णईणं // शेतु.६१
1859,
1860,भरइ व दूराइद्धोधुव्वइ व पडन्त-धरणिहर-कद्दमिओ
1861,रुम्भइ व पडिणिअत्तोभिण्णो घडइ व मणि-प्पहाहि समुद्दो // शेतु.६२
1862,
1863,करि-मअराण खुहिअ-साअर-विसासिआणंसेउ-वहम्मि पडिअ-गिरि-णिवह-विसासिआणं
1864,
1865,[प. ५९]
1866,समअं वण-गआण णिवहा धरोसिआणंसमुहं आवडन्ति मअ-गन्ध-रोसिआणं // शेतु.६३
1867,
1868,उत्थङ्घिअ-दुम-णिवहासुइरं परिमलिअ-सेउ-वह-पासल्ला
1869,धाउ-कलङ्क-क्खउरादूरं गन्तूण उव्वमन्ति तरंगा // शेतु.६४
1870,
1871,दीसइ मअ-उलेहि उअही णलो अणेहिंसमअं सेल-पडण-भअ-उण्ण-लोअणेहिं
1872,जं खलिअं अईइ सलिलं णईण ऊरंतं उद्धाइ पवअ-कलअल-विइण्ण-ऊरं // शेतु.६५
1873,
1874,[कुलअं]
1875,इअ सअल-महि-अलुक्खअ-महिहर-संघाअ-णिम्मिअ-महारम्भं
1876,णिअअ-च्छाआ-वइअर-सामलइअ-साअरोअर-जलद्धन्तं // शेतु.६६
1877,
1878,विसमोसरिअ-सिला-अल-दढ-घाउक्खित्त-मच्छ-पच्छिम-भाअं
1879,मज्झ-च्छिण्ण-भुअंगम-वेढुप्पीडण-विआरिअ-सिला-वेढं // शेतु.६७
1880,
1881,सेलुम्मूलण-संभम-गहिअ-प्फिलिअ-गअ-मग्ग-धाइअ-सीहं
1882,गिरि-सिहर-णिसण्णाणिअ-गिरि-पेल्लिअ-णिन्त-मुहल-जलहर-सलिलं // शेतु.६८
1883,
1884,पासल्ल-पडिअ-वण-गअ-रुद्ध-महोज्झर-दुहा-पहाविअ-सलिलं
1885,धरणिहरन्तरिअ-ट्ठिअ-चन्दण-वण-मुणिअ-मलअ-सिहर-क्खण्डं // शेतु.६९
1886,
1887,वीई-पडिऊलाहअ-थोउव्वेल्लिअ-दुमावलम्बन्त-लअं
1888,विसम-सिहरन्तरागअ-संवेल्लिअ-साअरं घडेन्ति णल-वहं // शेतु.७०
1889,
1890,
1891,वित्थरइ सेउ-बन्धोविहुव्वइ धराहराहओ सलिलणिही
1892,दिट्ठ-सुवेलुच्छङ्गंरसइ दिसा-इण्ण-पडिरवं कइ-सेण्णं // शेतु.७१
1893,
1894,दीसन्ति भिण्ण-सलिलेसमुद्द-मज्झम्मि सेउ-बन्धक्कन्ता
1895,संभम-कड्ढण-लुग्गाभअ-चुण्ण-पलाअ-सेल-पक्खद्धन्ता // शेतु.७२
1896,
1897,
1898,[प. ६०]
1899,महिहर-पहर-क्खोहिअ-सलिल-परिक्खअ-विराअ-मूल-महिहरं
1900,थोअ-त्थोओसरिअंबन्धेन्ति पवंगमा पुणो वि णल-वहं // शेतु.७३
1901,
1902,जह जह अच्चासण्णोउअहिं जेऊण होइ सेउ-वह-वरो
1903,उच्छलइ धराहिहअंदूरं थोअत्तणेण तह तह सलिलं // शेतु.७४
1904,
1905,महिहर-पहरुच्छित्ताउअरिं सेउस्स जे पडन्ति खलन्ता
1906,ते च्चिअ सलिलुप्पीडाहोन्ति वलन्त-विसमा महा-णइ-सोत्ता // शेतु.७५
1907,
1908,देइ समत्त-च्छाअंदर-मिलिअ-सुवेल-महिहर-तडद्धन्तो
1909,बीओआस-पहाविअ-तिमि-पूरिअ-साअरन्तरो सेउ-वहो // शेतु.७६
1910,
1911,जाहे सेउ-णिवद्धंधुणइ णलो विसम-संठिअ-महा-सेलं
1912,ताहे चिरेण सअलोसअलक्कन्त-वसुहो णिअत्तइ उअही // शेतु.७७
1913,
1914,लहुइअ-पेसण-हरिसिअ-कइ-णिवह-णिसुद्ध-सेल-पहर-वलन्तो
1915,णइ-सोत्तो व्व समुद्दोसेउ-सुवेलन्तरे मुहुत्तं वूढो // शेतु.७८
1916,
1917,जह जह णिम्माविज्जइवाणर-वसहेहि सेउ-संकम-सिहरं
1918,तह तह दहमुह-हिअअंफाडिज्जइ साअरस्स सलिलेण समं // शेतु.७९
1919,
1920,पाआल-मिलिअ-मूलोअव्वोच्छिण्ण-पसरन्त-सरिआ-सोत्तो
1921,ठाण-ट्ठिओ वि पडिओमुहम्मि धरणिहर-संकमस्स सुवेलो // शेतु.८०
1922,
1923,मलउच्छङ्ग-गएण विरहुवइ-पास-ट्ठिएण वाणर-वइणा
1924,कइ-कलअलेण णाओणिप्पच्छिम-सेल-पूरिओ सेउ-वहो // शेतु.८१
1925,
1926,आरम्भन्ते सअलोतिहाअ-विसमो दरुट्ठिअम्मि णल-वहे
1927,होइ दुहा अ समत्तेसो च्चिअ अण्णो पुणो पुणो वि समुद्दो // शेतु.८२
1928,
1929,मलउच्छङ्ग-पउत्तोचलन्त-वाणर-भरोणओ सेउ-वहो
1930,गरुओ तिऊड-गिरिणापल्हत्थन्तो दुमो दुमेण व धरिओ // शेतु.८३
1931,
1932,दीसइ सेउ-महा-वह-दोहाइअ-पुव्व-पच्छिम-दिसा-भाअं
1933,
1934,[प. ६१]
1935,ओव्वत्तोहअ-पासंमज्झुक्खित्त-विसमं णमन्तं व णहं // शेतु.८४
1936,
1937,मलअ-सुवेलालग्गोपडिट्ठिओ णह-णिहम्मि साअर-सलिले
1938,उअअत्थमण-णिराओरवि-रह-मग्गो व्व पाअडो सेउ-वहो // शेतु.८५
1939,
1940,दीसइ पवण-विहुव्वन्त-साअरोअर-परिट्ठिअ-महा-सिहरो
1941,विअड-पसारिअ-वक्खोउप्पअमाणो व्व महिहरो सेउ-वहो // शेतु.८६
1942,
1943,अरई थोरूसासाणिद्दा-णासो विवण्णदा दोब्बल्लं
1944,सेउम्मि रइज्जन्तेरामादो रावणम्मि संकन्ताइं // शेतु.८७
1945,
1946,अह थोर-तुङ्ग-विअडोणेउं णिहणं सबन्धवं दहवअणं
1947,दोहाइअ-सलिलणिहीकअन्त-हत्थो व्व पसरिओ सेउ-वहो // शेतु.८८
1948,
1949,विसमेण पअइ-विसमंमहिहर-गरुएण समर-साहस-गरुअं
1950,दूरत्थेण वि भिण्णंसूलेण व सेउणा दसाणण-हिअअं // शेतु.८९
1951,
1952,दीसन्ति खुहिअ-साअर-सलिलोल्लिअ-कुसुम-णिवह-लग्ग-महुअरा
1953,सेउस्स पास-महिहर-पअडन्तोव्वत्त-किसलआ कडअ-दुमा // शेतु.९०
1954,
1955,थिमिओअहि-सच्छाआकत्थ वि दीसन्ति महिहरन्तर-वडिआ
1956,फलिह-सिला-अल-घडिआमज्झ-च्छिण्ण व्व सेउ-बन्धोआसा // शेतु.९१
1957,
1958,हिम-पडणोत्थइआइंघडिआइ वि णल-वहम्मि णज्जन्ति फुडं
1959,सिहराइ सिहरि-वइणोमलअस्स अ मलिअ-चन्दण-सुअन्धाइं // शेतु.९२
1960,
1961,जाआ फुड-वित्थारागओणिअत्तन्त-जल-रअ-विहुव्वन्ता
1962,पक्कग्गाह-समग्गासेउम्मि वि साअरस्स वेला-मग्गा // शेतु.९३
1963,
1964,सेलाइञ्छण-पडिआसलिलोल्लिअ-गरुअ-केसर-भरक्कन्ता
1965,दीसन्ति दरुत्तिण्णासंकम-पासल्ल-संठिआ केसरिणो // शेतु.९४
1966,
1967,
1968,[प. ६२]
1969,पुव्वावरोअहि-गआदट्ठुं पुव्वावरोअहि-समुप्पण्णा
1970,सेउ-पडिसिद्ध-पसरापुणो ण पेच्छन्ति कुल-हराइ जलअरा // शेतु.९५
1971,
1972,दीसन्ति धाउ-अम्बामारुअ-विहुअ-धवलोज्झर-पडद्धन्ता
1973,सेउस्स तुङ्ग-सिहराउहअ-तल-परिट्ठिआ धअ व्व महिहरा // शेतु.९६
1974,
1975,अह णिम्मिअ-सेउ-वहंसेउ-वहब्भहिअ-थल-पइण्ण-महिहरं
1976,चलिअं चलन्त-राहव-हिअअ-णिहिप्पन्त-रण-सुहं कइ-सेण्णं // शेतु.९७
1977,
1978,पेच्छन्ति अ बोलन्तासंकम-दोहाइअ-क्खविअ-वित्थारं
1979,वलआ-मुह-णिट्ठविएक्क-पास-वोच्छिण्ण-पाणिअं मअरहरं // शेतु.९८
1980,
1981,[जुग्गअं]
1982,सङ्ख-उल-धवल-कमलेफुड-मरगअ-हरिअ-वत्त-भङ्ग-णिहाए
1983,विद्दुम-मिलिअ-किसलएउहअ-तडावद्ध-संकमम्मि णल-वहे // शेतु.९९
1984,
1985,संचरइ वाणर-बलंणमइ विसट्टन्त-महिहरो सेउ-वहो
1986,ओआहिअ-पाआलंसव्व-त्थाम-गरुअं धरेइ समुद्दो // शेतु.१००
1987,
1988,
1989,संचालेइ णिअम्बंधरेइ उअरिं तरंग-कर-पब्भारं
1990,खम्भम्मि वण-गओ विअआवद्धो सेउ-संकमम्मि समुद्दो // शेतु.१०१
1991,
1992,उत्तिण्णा अ पवंगासेल-भरुव्वहण-जणिअ-सेअ-तुसारा
1993,धाउ-मइले कर-अलेपास-ट्ठिअ-महिहरोज्झरेसु धुवन्ता // शेतु.१०२
1994,
1995,पत्ता अ दहमुहाणिअ-णन्दण-वण-पाअवोइअ-वणुद्देसं
1996,जल-भर-णिसण्ण-जलहर-भर-मोडिअ-वण-लअं सुवेलुच्छङ्गं // शेतु.१०३
1997,
1998,मोऊण समुत्तिण्णंउअहिम अविद्दविअ-विक्कमं कइ-सेण्णं
1999,जाओ रक्खस-लोओरक्खस-णाहस्स पेलवाणत्ति-अरो // शेतु.१०४
2000,
2001,जाव अ महोअहि-अडेआवास-ग्गहण-वावडं कइ-सेण्णं
2002,ताव कअन्तेण कओरावण-सीसम्मि वाम-हत्थ-प्फंसो // शेतु.१०५
2003,
2004,
2005,[प. ६३]
2006,रामस्स रावणस्स अलोआलोअन्तराल-णीसामण्णे
2007,वड्ढन्त-णिअत्तन्तेपाआरन्तर-दुहाइअम्मि पआवे // शेतु.१०६
2008,
2009,जाआ लच्छीअ समंसोहा महिअस्स साअरस्स पसण्णा
2010,तिअस-जणिआणुराएउत्तिण्णम्मि मअलञ्छणम्मि व रामे // शेतु.१०७
2011,
2012,
2013,इअ सिरि-पवरसेण-विरइए दहमुहवहे अट्ठमो आसासओ
2014,
2015,
2016,---------------------------------------------------------------------
2017,
2018,[प. ६४]
2019,[णवमो आसासओ]
2020,
2021,अह पेच्छन्ति पवंगासअल-जअक्कमण-वड्ढिअ-महा-सिहरं
2022,णिट्ठविअ-दाहिण-दिसंसेस-दिसा-मुह-वहाविअं व सुवेलं // शेतु.१
2023,
2024,भुवणस्स व महुमहणंभुवण-भर-ज्झीण-महुमहस्स व सेसं
2025,सेसस्स व सलिलणिहिंसरिआ-वइणो विसम्मिअव्व-भर-सहं // शेतु.२
2026,
2027,धरणि-हरेअव्व-सहंउअहि-भरेअव्व-पब्बल-णइ-प्पवहं
2028,णह-माअव्व-समत्थंखअ-मारुअ-रुम्भिअव्व-जोग्ग-णिअम्बं // शेतु.३
2029,
2030,दूर-परिपेल्लिअ-दिसंदूरोणामिअ-समत्थ-पाआल-अलं
2031,दूरअरुक्खित्त-णहंणवर करासण्ण-पाअव-प्फल-कुसुमं // शेतु.४
2032,
2033,पासल्लागअ-सरिअंअमुक्क-पाआल-साअर-जलुच्छङ्गं
2034,आइ-वराहुव्वत्तण-खण-पडिउद्ध-ट्ठिअं व मेइणि-वेढं // शेतु.५
2035,
2036,पाआल-भरिअ-मूलंवज्ज-मुहाओडण-ट्ठविअ-णिक्कम्पं
2037,आलाण-क्खम्भं मिवसुर-हत्थि-क्खन्ध-णिहस-मसिणिअ-पासं // शेतु.६
2038,
2039,विमलिअ-रसाअलेण विविसहर-वइणा अदिट्ठ-मूल-च्छेअं
2040,अप्पत्त-तुङ्ग-सिहरंतिहुअण-हरण-परिवड्ढिएण वि हरिणा // शेतु.७
2041,
2042,विच्छूढोअहि-सलिलंकडअ-भमन्त-भुअइन्द-दिण्णावेढं
2043,पास-ट्ठिएण रइणाकरेहि हरिण व्व मन्दरं उवऊढं // शेतु.८
2044,
2045,सेस-सिर-रअण-घट्टिअ-मणि-मूलुज्जोअ-हअ-रसाअल-तिमिरं
2046,विसमुद्ध-सिहर-संकड-पणट्ठ-रवि-मण्डलन्धआरिअ-गअणं // शेतु.९
2047,
2048,
2049,[प. ६५]
2050,ससि-बिम्ब-पास-णिहसण-कसण-सिला-भित्ति-पसरिआमअ-लेहं
2051,जोण्हा-जल-पब्बालिअ-विसमुम्हाअन्त-मुणिअ-रवि-रह-मग्गं // शेतु.१०
2052,
2053,सिहरालीण-मिअङ्कंविरल-ट्ठिअ-गहिअ-सलिल-जलअ-क्खण्डं
2054,खुडिउव्वूढ-मुणालंणिसासु विसम-हिअ-कद्दमं व सुर-गअं // शेतु.११
2055,
2056,हरिअ-वण-राइ-पिसुणिअ-दूरअरालोअ-सिहर-सरिआ-मग्गं
2057,पवणुक्खुडिअ-किलामिअ-मिअङ्क-पुट्ठि-पडिऊससन्त-किसलअं // शेतु.१२
2058,
2059,दूरुद्धाइअ-सिहरंजलणिहि-जल-दिट्ठ-विअड-पाअड-पडिमं
2060,उप्पाआसणि-पहअंउद्ध-प्फुडिअ-पडिएक्क-पासं व ठिअं // शेतु.१३
2061,
2062,गुरु-भर-सेसाहि-प्फण-वारं-वार-पडिरुद्ध-मूलुच्छङ्गं
2063,खअ-मारुउक्खआणिअ-तुङ्ग-अडावडिअ-भिण्ण-सेस-महिहरं // शेतु.१४
2064,
2065,गहिअ-जल-मेह-पेल्लिअ-णिव्वाअन्त-णिहुअ-ट्ठिअ-महा-महिसं
2066,णिहअ-गअ-कुम्भ-लोहिअ-सिला-अलोसुक्ख-बद्ध-मुत्ता-वडलं // शेतु.१५
2067,
2068,लवण-जल-सीहराहअ-दरुव्वमन्त-दुम-मुद्ध-पल्लव-राअं
2069,सीह-रव-भीअ-पत्थिअ-णिउञ्चिएक्क-चलण-ट्ठिउक्कण्ण-मअं // शेतु.१६
2070,
2071,कडअ-परिपेल्लिआणंरइ-अर-पाअडिअ-कन्दरा-भरिआणं
2072,अब्भन्तर-ट्ठिआणंपरिल्ल-पास-परिसंठिअं व दिसाणं // शेतु.१७
2073,
2074,रअणिआसु दूरुग्गअ-सिह-रअणं तअंसुह-णिसण्ण-मअ-खण्डिअ-सिहर-अणन्तअं
2075,कुविअ-राम-भिण्णोअहि-दढ-सर-णोल्लिअंसिहर-लग्ग-ससि-मण्डल-णीसरणोल्लिअं // शेतु.१८
2076,
2077,
2078,[प. ६६]
2079,दूरोवाहिअ-मूलंरवि-अर-बोलीण-सिहर-णट्ठालोअं
2080,अद्धत्थमिआआमंजहेअ उअहि-सलिले तहेअ णह-अले // शेतु.१९
2081,
2082,पवणन्दोलिअ-चन्दण-संघट्टुट्ठिअ-सुअन्धि-धूमुप्पीडं
2083,दर-पीओअहि-गरुइअ-सेसद्धन्त-जलआवलम्बिअ-सिहरं // शेतु.२०
2084,
2085,तल-पडिहअ-साअरअंउद्धोज्झर-विहुअ-सीह-रोसाअरअं
2086,गह-माला-मेलिअअंसिहर-ट्ठिअ-चन्द-मण्डलामेलिअअं // शेतु.२१
2087,
2088,ससि-पुरओ पसरिअअंकुहरेसु णिवाअ-णिप्पअम्प-सरिअअं
2089,मणिमअ-पासुत्तमअंकणअ-सिलासीण-सुहिअ-पासुत्त-मअं // शेतु.२२
2090,
2091,भिण्णुक्खित्त-परंमुह-वलन्त-सद्दूल-गहिअ-गअ-कुम्भ-अडं
2092,बिल-पासुत्त-भुअंगम-जल-धाराआर-णिग्गअ-मणि-च्छाअं // शेतु.२३
2093,
2094,अट्ठिअ-समुद्द-सीहर-दुप्परिमास-णिह-कण्टअन्त-मणि-अडं
2095,णह-लग्ग-मोत्तिआ-फल-गअ-सीसारूढ-णीहरन्त-मइन्दं // शेतु.२४
2096,
2097,ओवट्ठ-कोमलाइंवहमाणं मेह-विमलिअ-विमुक्काइं
2098,कप्प-लआ-वसुआइअ-पवणुद्धुअ-धवल-अंसुआइ वणाइं // शेतु.२५
2099,
2100,आरूढोअहि-सलिलेअद्धुक्खअ-सरस-विसम-पासल्ल-दुमे
2101,कुसुम-भरिए वहन्तंफलिह-अडुत्ताण-पत्थिए णइ-सोत्ते // शेतु.२६
2102,
2103,रवि-रह-तुरंगमाणंवाआइद्ध-सिहरोज्झरेहि धुवन्तं
2104,थोओल्ल-पग्गहाइंलाला-फेण-लव-गब्भिणाइ मुहाइं // शेतु.२७
2105,
2106,दीहर-सिहरालग्गंपज्जलिओसहि-सिहाहअं वहमाणं
2107,
2108,[प. ६७]
2109,पाअडिअ-मअ-कलङ्कंणिसासु कज्जलइओअरं व मिअङ्कं // शेतु.२८
2110,
2111,उद्धरिअ-धरणि-विअडंआइ-वराह-हिअ-वङ्क-दूरोआढं
2112,णइ-सोत्तेहि भरन्तंखअ-रइ-संताव-सोसिअं मअर-हरं // शेतु.२९
2113,
2114,अण्णाआगमण-दिसेपुरओ-पडिसद्द-भेसिअ-णिअत्त-मए
2115,विवर-भरिए वहन्तंउक्कण्णिअ-वण-गए मइन्द-णिणाए // शेतु.३०
2116,
2117,तामरस-रआअम्बंसरेसु सुव्वन्त-महुर-सर-आअम्बं
2118,गहिआमिस-हरि-अइअंवेलाणिल-सीहरोल्ल-वण-हरिअइअं // शेतु.३१
2119,
2120,मिलिअ-समुद्दद्धन्तेपाअड-णह-मण्डले पहुत्त-दस-दिसे
2121,उइअत्थमिअ-दिणअरेभुवण-विहाए व्व कन्दरे वहमाणं // शेतु.३२
2122,
2123,उच्छलिओअहि-भरिएथोअ-त्थोओसरन्त-णिव्वूढ-जले
2124,आइ-महुरे वहन्तंपुरओ-हुत्त-लवणे सिहर-णीसन्दे // शेतु.३३
2125,
2126,रअण-च्छवि-हुव्वन्तंवलन्त-सेस-पिहुल-प्फण-विहुव्वन्तं
2127,सर-परिवड्ढिअ-कमलंकडअ-लआ-लग्ग-सूर-रह-अक्क-मलं // शेतु.३४
2128,
2129,णह-णीले वहमाणंउम्हाहअ-महिस-मग्गिओवरण-वहे
2130,पास-पसरन्त-किरणेमअ-तण्हावेढिए सरे व्व मणि-अडे // शेतु.३५
2131,
2132,गअ-मलिअ-तमाल-वणंसीह-मुहोरुद्ध-रअअ-सिहर-क्खण्डं
2133,महिसाहअ-कसण-सिलंअणुरूअ-ट्ठाण-मुक्क-वणअर-रोसं // शेतु.३६
2134,
2135,केसरि-चलण-तलाहअ-भिण्ण-पइण्ण-गअ-कुम्भ-मोत्ता-रअणं
2136,वण-दव-भीअ-पहाविअ-गअ-उल-मलिअ-णइ-संगमोत्तार-अणं // शेतु.३७
2137,
2138,कडअ-वलन्त-रवि-रहंतल-वण-राइ-पडिघोलिरुब्भड-तारं
2139,पासल्ल-णिसण्णस्स विउअरिं बीअ-भुअणस्स व णिसम्मन्तं // शेतु.३८
2140,
2141,
2142,[प. ६८]
2143,अद्ध-च्छिण्ण-रवि-अरेअसमत्त-पहुत्त-सअल-चन्द-मऊहे
2144,छिण्ण-कडए वहन्तंउद्धाअ-णिअत्त-गरुड-मग्गिअ-सिहरे // शेतु.३९
2145,
2146,सुर-वहूण हिअअ-ट्ठिअ-रअ-णव-सारअंसाअरस्स रइअं मिव रअण-वसारअं
2147,णलिणि-वत्त-उड-जाअ-महुर-सामोअअंवउल-वण-णिम्महन्त-महु-रसामोअअं // शेतु.४०
2148,
2149,तिव्व-जरढाअवाहअ-हरिआलामोअ-विम्हराइअ-हरिणं
2150,संखाओअहि-सीभर-लवण-रसासाअ-महिस-लिब्भन्त-सिलं // शेतु.४१
2151,
2152,तुङ्ग-रअअ-सिहरुग्गमेहि तारं गअंसीह-णिहअ-गअ-लोहिअ-मोत्ता-रङ्गअं
2153,गरुअ-धीर-णिव्वाहिअ-बहु-जुअ-संखअंउअहि-सलिल-संकन्त-सरुज्जुअ-सङ्खअं // शेतु.४२
2154,
2155,मणि-पहम्म-सामोअअंमणिप-हम्म-सामोअअं
2156,सरस-रण्ण-णिद्दावअंसर-सरण्ण-णिद्दा-वअं // शेतु.४३
2157,
2158,दरिअ-रक्खसामोअअंदरि-अरक्ख-सामोअअं
2159,विसअ-रुप्प-हाअन्तअंविस-अरु-प्पहाअन्तअं // शेतु.४४
2160,
2161,जरढ-विसोसहि-वेढिअ-भुअंग-परिहरिअ-चन्दण-दुम-क्खन्धं
2162,बोलन्त-विसहर-प्फण-मणि-प्पहाहअ-विराइअ-दुम-च्छाअं // शेतु.४५
2163,
2164,फडिह-किरण-णिवहेहि धरणि-धवलाअअंसुव्वमाण-सुर-सुन्दरि-मुद्ध-वलाअअं
2165,पलअ-समअ-सलिलेण वि असअल-धोअअंविवर-णिन्त-णव-चन्द-सरिस-अलधोअअं // शेतु.४६
2166,
2167,
2168,[प. ६९]
2169,रम्म-अन्द-राअ-च्छअंरम्म-अन्दरा-अच्छअं
2170,सग्ग-ग्गह-णिसा-मग्गअंसग्ग-ग्गहणि-सामग्गअं // शेतु.४७
2171,
2172,पङ्कुत्तरन्त-लङ्घिअ-परिवत्त-वराह-वञ्चिआहअ-सीहं
2173,सर-सलिलोअर-णिवडिअ-णिअअ-भरत्थमिअ-कणअ-पल्लव-गोच्छं // शेतु.४८
2174,
2175,णह-सिरिं सअल-णील-मेह-लावण्णिअंबद्ध-जोइसाउव्व-मेहला-वण्णिअं
2176,सिहरेहिं बाहूहि व पच्छाअन्तअंमण्णुअं दिसाणं मिव पच्छाअन्तअं // शेतु.४९
2177,
2178,अ-सुर-वन्दि-साहारणंअसुरवं दिसा-हारणं
2179,सूरअं तम-णिवालअंसूर-अन्त-मणि-वालअं // शेतु.५०
2180,
2181,हरिणा बलि-महि-हरणेसमए जलएहि जलणिहीहि जुअन्ते
2182,जं ण चइअं भरेउंतं देहेण भुअणं भरेऊण ठिअं // शेतु.५१
2183,
2184,अत्थाअं व वहन्तंजालन्तर-णिग्गउद्ध-अम्ब-मऊहं
2185,आसण्ण-सिहर-वण-दव-बोलीण-पणट्ठ-मण्डलं दिअसअरं // शेतु.५२
2186,
2187,वडवा-मुह-संतावेभिण्ण-अडे अ गरुए तरंग-प्पहरे
2188,अविरहिअ-कुल-हराण वसरिआण कएण साअरस्स सहन्तं // शेतु.५३
2189,
2190,रअणीसु उव्वहन्तंएक्कक्काअम्ब-मणि-सिला-संकन्तं
2191,मुद्ध-मिअङ्क-च्छाअंखुर-मुह-मग्गं व रइ-तुरंगाण ठिअं // शेतु.५४
2192,
2193,विसम-परिसंठिएहिंविसमुद्धाइअ-लआ-हरोत्थइएहिं
2194,कञ्चण-सिला-अलेहिंछिण्णाअव-मण्डलेहि व परिक्खित्तं // शेतु.५५
2195,
2196,अप्पत्त-दिणअराइंआअव-भअ-सिहर-संठिअ-भुअंगाइं
2197,कडएहि उव्वहन्तंवणाइ उद्ध-परिवड्ढिअ-च्छाआइं // शेतु.५६
2198,
2199,
2200,[प. ७०]
2201,तुङ्गत्तण-पज्जत्तेवित्थअ-विक्खम्भ-सिट्ठ-मुह-वित्थारे
2202,तिअस-गआण वहन्तंदन्त-प्फलिह-जुअलङ्किए कडअ-अडे // शेतु.५७
2203,
2204,तिअस-गआण वहन्तंहत्थुम्हाहअ-किलन्त-पल्लव-राए
2205,कड-परिघोलण-कविलेचिर-वूढ-विमुक्क-पारिआअअ-विडवे // शेतु.५८
2206,
2207,पासाअअं वहन्तंमणि-कडअ-मऊह-धवलिअ-मअ-च्छाअं
2208,पुट्ठोवइअ-महोज्झर-जल-घाउव्वत्त-मण्डलं व मिअङ्कं // शेतु.५९
2209,
2210,सलिल-दर-धोअ-कुसुमंदीसन्तोवरि-परिल्ल-जरढालोअं
2211,मअरहरस्स वहन्तंअब्भासब्भहिअ-सामलं वण-राइं // शेतु.६०
2212,
2213,तिअस-गआण वहन्तंदूरुण्णिअ-मग्ग-णह-णिअत्त-महुअरे
2214,ओवअण-पअत्तन्तेउप्पअण-पणट्ठ-णिग्गमे गइ-मग्गे // शेतु.६१
2215,
2216,थोआहअ-तिमिराइंवहमाणं थोअ-णिग्गअ-मऊहाइं
2217,णिन्तग्गि-गब्भिणाइ वथोउत्तिण्ण-रअणङ्कुर-ट्ठाणाइं // शेतु.६२
2218,
2219,मोडिअ-पव्वाअ-दुमेउव्वेल्लावेढ-भग्ग-पुञ्जइअ-लए
2220,वण-गअ-जुज्झ-परिमलेवहमाणं पहर-पडिअ-दन्त-प्फडिहे // शेतु.६३
2221,
2222,मन्दर-पहरुच्छलिएअज्ज वि वित्थिण्ण-मणि-पहम्म-णिहित्ते
2223,जलणिहि-जल-वोच्छेएअणिग्गआमअ-रसे समुव्वहमाणं // शेतु.६४
2224,
2225,जल-संखोहालग्गंवहमाणं विसम-भग्ग-पत्तण-णिवहं
2226,राहव-सर-संघाअंवज्ज-मुह-क्खुडिअ-पक्ख-सेसं व ठिअं // शेतु.६५
2227,
2228,कुम्भोवग्गण-णिवडिअ-करि-हत्थुक्खुडिअ-सीह-केसर-भारं
2229,सहअरि-विरुआअण्णण-वलन्त-भमर-परिवत्तिअ-लआ-कुसुमं // शेतु.६६
2230,
2231,हिम-सीअले वहन्तंपवणोमास-विसमोससिअ-सेआले
2232,दिअसासार-क्खुडिएदर-वसुआअ-सलिले ससि-मणि-प्पवहे // शेतु.६७
2233,
2234,
2235,[प. ७१]
2236,विसमुल्ललिअ-परिमलेकमलिणि-वत्त-परिघोलिर-जल-च्छाए
2237,मरगअ-सिला-अलोवरि-पवित्त-पारअ-रसे समुव्वहमाणं // शेतु.६८
2238,
2239,आरुहइ व दिवस-मुहेउद्धाअन्तुद्ध-मण्डलाउर-तुरओ
2240,सम-मण्डल-बोलीणोओअरइ व जं दिणावसाणम्मि रई // शेतु.६९
2241,
2242,छुन्दन्ति जत्थ वन्थेणिसासु विसम-परिहार-परिअत्तन्ता
2243,कडएसु कउज्जोआपुरओ-बोलन्त-तारआहि वणअरा // शेतु.७०
2244,
2245,पिअअम-विओइआणंजत्थ अ सिहर-मिलिअं चिलाअ-वहूणं
2246,बोलेइ बाह-मइलिअ-कुसुमञ्जलि-समुह-ताडिअं ससि-बिम्बं // शेतु.७१
2247,
2248,णह-अलं व गह-सोहिअं सविमाणअंसिहर-रुद्ध-खअ-मारुअ-रहस-विमाणअं
2249,रअण-सिहर-किरणुग्गमेहि घण-राअअंदरि-मुहेसु गुप्पन्त-सीह-घण-राअअं // शेतु.७२
2250,
2251,जम्मि समत्त व्व दिसाझीण व्व मही कआवसाणं व णहं
2252,अत्थमिओ व्व समुद्दोणट्ठं व रसाअलं णिसण्णं व जअं // शेतु.७३
2253,
2254,जस्स सिहरेसु बहुसोवलन्ति वलमाण-जुअ-वलन्त-क्खन्धा
2255,भीआरुण-परिवत्तिअ-घोणा-घोलन्त-चामरा रइ-तुरआ // शेतु.७४
2256,
2257,दीसन्ति जोइस-वहेणिसासु वोढूण कुसुम-णिवहं व जहिं
2258,गहिअ-पढमुच्चआइ वपहाअ-वोच्छिण्ण-तारआइ वणाइं // शेतु.७५
2259,
2260,जत्थ अ गमेन्ति णिद्दंणिसासु णीसास-विहुअ-पेलव-जलआ
2261,चन्द-परिमास-पअडिअ-ससि-मणि-सलिलोज्झराहआ वण-महिसा // शेतु.७६
2262,
2263,
2264,[प. ७२]
2265,जत्थ अ सिहरावडिअंवलइ सिला-भित्ति-विसम-पासल्लइअं
2266,भुअइन्द-मणि-णिहंसण-पणट्ठ-उज्जोअ-संचअं ससि-बिम्बं // शेतु.७७
2267,
2268,आमोइअ-पाआलोजस्स खउप्पाअ-कम्प-णिद्दअ-विहुओ
2269,पब्बालेइ महि-अलंअवलिच्छिअ-सेस-साअरो मअरहरो // शेतु.७८
2270,
2271,जत्थ भमन्ति णहङ्कुस-सिहर-समासण्ण-मुहल-कड्ढिअ-जलआ
2272,मुह-पडिअ-विज्जु-मण्डल-दर-पज्जलिअ-धुअ-केसरा केसरिणो // शेतु.७९
2273,
2274,ओज्झर-मज्जण-सुहिआजत्थ पुणो वि दिवसाअव-किलिम्मन्ता
2275,णिव्वाअन्ति णिसण्णाखन्धुग्घुट्ठ-हरिअन्दण-दुमेसु गआ // शेतु.८०
2276,
2277,जत्थ अ भमिर-महुअरंकडअ-लआ-लग्ग-धवल-चामर-पम्हं
2278,ससिउद्धुअ-कुसुम-रअंणज्जइ तुरिआण रइ-तुरंगाण गअं // शेतु.८१
2279,
2280,अञ्जण-राएण सइ धूसरन्तआइंगण्ड-अलेसु खलिअ-विसमोसरन्तआइं
2281,सुर-बन्दीण णअण-गलिआइं अंसुआइंकप्प-लआण जत्थ मइलेन्ति अंसुआइं // शेतु.८२
2282,
2283,एक्क-सिहरे समप्पइजस्स अ सोसविअ-मलिअ-दुम-संघाओ
2284,सइ दक्खिणुत्तराअण-णह-गमणागमण-विलुलिओ रइ-वन्थो // शेतु.८३
2285,
2286,जेण भर-भिण्ण-वसुहंअप्फुण्ण-रसाअलं समोत्थइअ-णहं
2287,सव्व-दिसा-विच्छूढंपरिवड्ढन्तेण वड्ढिअं व तिहुअणं // शेतु.८४
2288,
2289,गन्धावद्ध-महुअरावसन्ति जत्थ समअं सुर-अणाणुगआ
2290,अण्णोण्णं-पडिऊलाएक्क-क्खम्भल्लिआ सुर-गअ व्व उदू // शेतु.८५
2291,
2292,
2293,[प. ७३]
2294,दीसइ विवलाअन्तोजत्थ समासण्ण-दहमुह-भआविग्गो
2295,सिहरन्तराल-पडिलग्ग-मोइआणिक्क-मण्डलो दिअसअरो // शेतु.८६
2296,
2297,जत्थ अ मआण मणहर-किंणर-गीअ-सुहिओणिमिल्लच्छाणं
2298,विसमिअ-रोमन्थाणंएइ विउद्धं चिरेण रोमं थाणं // शेतु.८७
2299,
2300,तीर-परिन्त-मुहल-कलहंस-रोअएसुंकुविअ-गइन्द-बद्ध-कलहं सरोअएसुं
2301,कुमुअ-वणाण जत्थ णह-अन्द-लग्गआणंरवि-अर-दंसणे वि ण हअं दलग्गआणं // शेतु.८८
2302,
2303,वलमाणम्मि महुमहेजत्थ अ पाउच्छलन्त-रअणुज्जोअं
2304,विअडं फण-पब्भारंगाढ-भरुत्ताणिअं णिमेइ अणन्तो // शेतु.८९
2305,
2306,दीसइ कडअल्लीणोजस्स अ विवर-सरिसुब्भड-मअ-च्छाओ
2307,अवहोवास-मऊहोसिहरुज्झर-भिण्ण-मण्डलो व्व मिअङ्को // शेतु.९०
2308,
2309,मज्झ-करालाइ जहिंतिण्णि वि समअं णिरन्तर-पहुत्ताइं
2310,थोरुण्णए हरि-भुएवलआइ व भुअण-मण्डलाइ ठिआइं // शेतु.९१
2311,
2312,सोमिअ-दुमा रइ-वहाणव-वण-राइ-सुह-सीअरा ससि-वन्था
2313,जत्थ वणन्तर-तणुआणवर ण णज्जन्ति तारआ-गइ-मग्गा // शेतु.९२
2314,
2315,अलअ-पडिलग्ग-गन्धंतिअस-वहूणं सिला-अलोत्थअ-मलिअं
2316,अक्खिवइ जत्थ पवणोओसुक्खन्त-सुरहिं तमाल-किसलअं // शेतु.९३
2317,
2318,पवणाहअ-पल्हत्थादरीसु जस्स अ पुणो वि लग्गन्ति णहं
2319,पडिसोत्त-पत्थिउम्मुह-मुहुत्त-पीअ-सलिलोज्झरा सलिलहरा // शेतु.९४
2320,
2321,
2322,[प. ७४]
2323,[जुग्गअं]
2324,अद्दिट्ठ-गअ-पणोल्लिअ-पडन्त-तड-घाअ-मुच्छिउट्ठिअ-सीहे
2325,सद्दूल-रव-विसंठुल-णिवडिअ-अण्णोण्ण-लग्ग-किंणर-मिहुणे // शेतु.९५
2326,
2327,तुङ्ग-अडोज्झर-मुहलेजस्स अ कसण-मणि-गण्ड-सेलद्धन्ते
2328,सेवन्तीण ण पत्तोतिअस-वहूण सिढिलत्तणं अणुराओ // शेतु.९६
2329,
2330,
2331,
2332,इअ सिरि-पवरसेण-विरइए दहमुहवहे महाकव्वे सुवेलवण्णणो णवमो आसासओ
2333,
2334,
2335,---------------------------------------------------------------------
2336,
2337,[प. ७५]
2338,[दसमो आसासओ]
2339,
2340,अह णिअअ-महिहरेसु वसुवेल-सिहरेसु णिव्वडिअ-वीसत्थं
2341,परिसंठिअं हअम्मि वअहअम्मि वि दहमुहे पवंगम-सेण्णं // शेतु.१
2342,
2343,रइणा वि अणच्छुण्णावीसत्थं मारुएण वि अणालिद्धा
2344,तिअसेहि वि परिहरिआपवंगमेहि मलिआ सुवेलुच्छङ्गा // शेतु.२
2345,
2346,रिउ-णअरि त्ति सरोसंजणअ-सुआ एत्थ णिवसइ त्ति सहरिसं
2347,पहुणा लङ्काहिमुहीउहअ-रसन्दोलिआ विइण्णा दिट्ठी // शेतु.३
2348,
2349,तो सुअ-रामागमणोपवअक्कन्त-सिहरेण जाआमरिसो
2350,रोसेण गलिअ-धीरोसमं सुवेलेण कम्पिओ दहवअणो // शेतु.४
2351,
2352,ताव अ आसण्ण-ट्ठिअ-कइ-बल-णिग्घोस-कलुसिअस्स भअअरं
2353,दहवअणस्स समोसरिअ-परिअणं मुअइ दिट्ठि-वाअं दिअसो // शेतु.५
2354,
2355,सुर-गअ-णिहस्स रइणोकड्ढन्तस्स णलिणिं व दिअस-च्छाअं
2356,वलइ हरिआल-कविलोकमल-रअ-क्खउरिओ व्व कर-पब्भारो // शेतु.६
2357,
2358,ओलुग्ग-प्फरिसाणंझिज्जन्त-पसारिआअव-णिराआणं
2359,आआमिज्जन्तीण वजाअं तलिणत्तणं दुम-च्छाआणं // शेतु.७
2360,
2361,दीसइ विद्दुम-अम्बंसिन्दूराहअ-गइन्द-कुम्भ-च्छाअं
2362,मन्दर-धाउ-कलङ्किअ-वासुइ-मण्डल-णिअक्कलं रइ-बिम्बं // शेतु.८
2363,
2364,मउलेन्ति दिसाहोआछाआ-सामलइओअरं महि-वेढं
2365,दिअसो कलावसेसोसिहरालग्ग-तणुआअवा धरणिहरा // शेतु.९
2366,
2367,
2368,[प. ७६]
2369,अत्थ-णिअम्ब-परिणएहिआअव-रअम्मि सुर-गअम्मि व दिअसे
2370,दीसइ पल्हत्थन्तंविहडिअ-धाउ-सिहरं व दिणअर-बिम्बं // शेतु.१०
2371,
2372,कमलाण दिअस-विगमेसंबज्झन्ति गलिआअव-किलिन्ताइं
2373,मअरन्द-मत्त-महुअर-चल-पक्खुप्पुसिअ-महु-रसाइ दलाइं // शेतु.११
2374,
2375,दीसन्ति दो वि सरिसाकइ-चलणाइद्ध-महि-रअ-समक्कन्ता
2376,अत्थाअन्तो अ रईआसण्ण-विणास-णिप्पहो दहवअणो // शेतु.१२
2377,
2378,अद्धत्थमिअ-दिणअरोतुङ्गोवास-परिसंठिआअव-सेसो
2379,गअणे मुक्क-महि-अलोपरिप्पवन्त-तलिणो किलिम्मइ दिअसो // शेतु.१३
2380,
2381,दिअसेण वण-गएण वपरंमुहाइद्ध-पाअवस्स व रविणो
2382,दीसइ थोर-करालोउद्धो मूल-णिवहो व्व कर-पब्भारो // शेतु.१४
2383,
2384,णवरि अ दिणअर-बिम्बंसंझामइअम्मि णिअअ-रुहिर-प्पङ्के
2385,दहवअणस्स भअअरंपढम-सिर-च्छेअ-मण्डलं व णिउड्डं // शेतु.१५
2386,
2387,भमर-भरोवत्ताइंपरिणअ-केसर-पलोट्ट-रअ-गरुआइं
2388,रवि-विरह-मिलन्ताइ विहोन्ति करालाइ पङ्कआण दलाइं // शेतु.१६
2389,
2390,अवर-दिसा-वित्थिण्णोदीह-मऊह-विसम-प्पहा-संघाओ
2391,रअ-णिब्भरो व्व दीसइकाल-मुह-क्खित्त-दिअस-कड्ढण-मग्गो // शेतु.१७
2392,
2393,उद्धोवअन्त-बिम्बेवेएण महिं व दिणअरम्मि अइगए
2394,उच्छलिआअव-अम्बासंझा-राअ-मिहिआ णहम्मि णिहित्ता // शेतु.१८
2395,
2396,अत्थ-सिहरम्मि दीसइमेरु-अडुग्घुट्ठ-कणअ-कद्दम-अम्बो
2397,वलमाण-तुरिअ-रवि-रह-पडिउट्ठिअ-धअ-वडो व्व संझा-राओ // शेतु.१९
2398,
2399,
2400,[प. ७७]
2401,विअसइ धवलाअम्बंगअ-रुहिरालिद्ध-केसरि-सड-च्छाअं
2402,पवणन्दोलण-चडुलंसंझा-रज्जन्त-केसरं कुमुअ-वणं // शेतु.२०
2403,
2404,होइ अपाअड-दीहादर-वोच्छिज्जन्त-विसम-संझा-राआ
2405,ओधूसरिअ-दस-दिसाअबद्ध-तिमिरा दिणावसाण-च्छाआ // शेतु.२१
2406,
2407,संझाअव-मुच्चन्तंजलिअ-पसम्मन्त-हुअवह-ट्ठाण-णिहं
2408,दूरत्थमिअ-दिणअरंजाअं संवत्त-सरसि-रूअं गअणं // शेतु.२२
2409,
2410,संझा-राअ-त्थइआदर-संरूढन्धआर-कअ-पर-भाआ
2411,दिअस-च्छवि-परिसेसेझिज्जन्ते णिव्वलन्ति दीवुज्जोआ // शेतु.२३
2412,
2413,विहडन्त-राअ-णिअलंउहअ-तड-ट्ठिअ-मिलन्त-दिट्ठि-रइ-सुहं
2414,अवसं चक्काअ-जुअंहुंकाराअत्त-जीविअं वोछिण्णं // शेतु.२४
2415,
2416,ताव अ तमाल-कसणोकञ्चण-कडअं व बहल-संझा-राअं
2417,परिपेल्लिऊण अ तमोहिअ-कद्दम-सुर-गइन्द-णिहसो व्व ठिओ // शेतु.२५
2418,
2419,आसण्णम्मि पविरलंबहलं थोअन्तरम्मि दूरम्मि घणं
2420,ओभग्ग-दिट्ठि-पसरंसव्वत्थ सम-ट्ठिअं पि दीसइ तिमिरं // शेतु.२६
2421,
2422,घण-विडव-ट्ठिअ-तिमिरातिमिरालिद्ध-मइलन्त-मुद्ध-किसलआ
2423,किसलअ-णिसण्ण-कुसुमाकुसुमामोएण णवर णज्जन्ति दुमा // शेतु.२७
2424,
2425,मेलाविअ-सव्व-दिसंआसण्णम्मि वि पणट्ठ-णअणालोअं
2426,सूएअव्व-महि-अलंजाअं सूर-वडणाणुरूअं तिमिरं // शेतु.२८
2427,
2428,ओक्खण्डेअव्व-दढोपसरइ उक्खम्मिअव्व-बहलुग्घाओ
2429,
2430,[प. ७८]
2431,अवलम्बिअव्व-जोग्गोससिणा भेत्तव्व-संघओ तम-णिवहो // शेतु.२९
2432,
2433,वहइ व महि-अल-भरिओणोल्लेइ व पच्छओ धरेइ व पुरओ
2434,पेल्लेइ व पास-गओगरुआइ व उवरि-संठिओ तम-णिवहो // शेतु.३०
2435,
2436,दीसइ अ तिमिर-मिलिओकसण-सिला-भिण्ण-सलिल-सीभर-धवलो
2437,थोउम्मिल्लन्त-दिसोउअअन्तरिअ-तणुओ ससि-अरुज्जोओ // शेतु.३१
2438,
2439,दीसइ जुअ-क्खअम्मि वमहि-अल-पर-भाअ-ससि-अराहअ-तिमिरा
2440,णिव्वडिअ-धूम-हुअवह-डज्झन्त-समुद्द-संणिहा पुव्व-दिसा // शेतु.३२
2441,
2442,णवरि अ अच्छालोआउअअ-गिरि-क्खलिअ-बहल-जोण्हा-णिवहा
2443,जाआ पणट्ठ-तिमिरामुद्ध-मिअङ्क-परिपण्डुला पुव्व-दिसा // शेतु.३३
2444,
2445,णव-कमलोअर-अम्बंकेसर-सोमार-संगलन्त-मऊहं
2446,विरलेइ समासण्णंणीसेसेइ तिमिरं ण ता ससि-बिम्बं // शेतु.३४
2447,
2448,तो उअअ-सिहर-मिलिअंजाअं उप्पुसिअ-तिमिर-धवल-च्छाअं
2449,इअ-हुत्त-ट्ठिअ-सुर-गअ-दन्त-च्छेअ-परिमण्डलं ससि-बिम्बं // शेतु.३५
2450,
2451,णवरि अ ससि-अर-णिसुढिअ-विवलाइअ-तिमिर-कलुस-तारा-णिवहं
2452,जाअं बहु-कुसुमोत्थअ-सिला-अलाआर-संणिहं गअण-अलं // शेतु.३६
2453,
2454,दर-मिलिअ-चन्द-किरणादर-धुव्वन्त-तिमिर-क्खउरिआलोआ
2455,दर-पाअड-तणु-विडवादर-बद्ध-च्छाहि-मण्डला होन्ति दुमा // शेतु.३७
2456,
2457,होइ णह-लङ्घण-सहंजाअ-त्थाम-किरणाहउक्खअ-तिमिरं
2458,विअलिअ-मुद्ध-सहाअंजरढाअन्त-धवलं णिसाअर-बिम्बं // शेतु.३८
2459,
2460,तह-परिसंठिअ-सेलंवित्थिण्ण-दिसं तहुज्जुअ-णइ-प्पवहं
2461,खन्तूण व उक्किण्णंससिणा तम-संचअं पुणो वि महि-अलं // शेतु.३९
2462,
2463,
2464,[प. ७९]
2465,बहलम्मि वि तम-णिवहेणिव्वालेऊण सच्चविअ-रूवाओ
2466,अणुबन्धन्ति ससि-अराघेत्तुं ण चअन्ति पाअव-च्छाआओ // शेतु.४०
2467,
2468,णवर करालेइ ससीमुह-परिहट्टण-समूससन्त-दल-उडं
2469,अवडिच्छिएक्कमेक्काविसअं फालेन्ति महुअर च्चिअ कुमुअं // शेतु.४१
2470,
2471,पुसिओ णु णिरवसेसंसमअं थोर-कर-पेल्लिओ णु विराओ
2472,ओत्थइओ णु समत्तोससिणा पीओ णु णिद्दअं तम-णिवहो // शेतु.४२
2473,
2474,मंसल-चिक्खिल्ल-णिहंहत्थ-ग्गेज्झं व मइलिअ-दिसा-अक्कं
2475,खन्तूण व तम-णिवहंचन्दुज्जोएण खउरिअं व णह-अलं // शेतु.४३
2476,
2477,भिण्ण-तम-दुद्दिणाइंविडवन्तर-विरल-पडिअ-चन्द-कराइं
2478,थोअ-सुहालोआइंपअडन्ति व मुद्ध-पल्लवाइ वणाइं // शेतु.४४
2479,
2480,परिमलिअ-द्दुम-कुसुमाउअहुत्त-दिसा-गइन्द-मअ-णीसन्दा
2481,णिव्विट्ठ-पङ्कअ-वणाओवग्गन्ति कुमुओअराइ महुअरा // शेतु.४५
2482,
2483,होइ णिराअअ-लम्बोगवक्ख-पडिओ दिसा-गअस्स व ससिणो
2484,कसण-मणि-कुट्टिम-अलेगेण्हन्तो सर-जलं व कर-पब्भारो // शेतु.४६
2485,
2486,दीसन्ति गअ-उल-णिहेससि-धवल-मइन्द-विद्दुए तम-णिवहे
2487,भवण-च्छाहि-समूहादीहा णीसरिअ-कद्दम-पअ-च्छाआ // शेतु.४७
2488,
2489,तंसुण्णमन्त-बिम्बोजालन्तर-णिग्गओसरन्त-मऊहा
2490,भिण्ण-विवरन्धआरोभग्ग-च्छाहि-पसरो विलग्गइ चन्दो // शेतु.४८
2491,
2492,विच्छड्डिअ-चुण्ण-णिहाआवीअंसुअ-विसेसिअब्भ-च्छाआ
2493,विअड-गवक्खोवइआदीवुज्जोअ-मिलिआ किलिम्मइ जोण्हा // शेतु.४९
2494,
2495,परिणाम-दरुम्मिल्लंओवत्तेअव्व-बहल-जोण्हा-भरिअं
2496,
2497,[प. ८०]
2498,थोअ-त्थोअ-मउलिअंभर-वित्थारिअ-दलं व वेवइ कुमुअं // शेतु.५०
2499,
2500,पवणाअम्पिअ-सिहरागओणिअत्तन्त-विडव-विहुअ-च्छाआ
2501,ससि-किरण-परिक्खित्ताजोण्हा-वेअ-वडिआ पवन्ति व रुक्खा // शेतु.५१
2502,
2503,घरमणि-मऊह-भिण्णोसलिलाहअ-बहल-चन्दण-रस-च्छाओ
2504,उद्देसुल्ललिअ-तमोदीसइ विवर-विसमो व्व जोण्हा-णिवहो // शेतु.५२
2505,
2506,विअलिअ-णिअअ-च्छाअंजाअं जोण्हा-परिप्पवन्त-मिअङ्कं
2507,विच्छूढव्व-मऊहंअविभाविअ-सण्ह-तारअं गअण-अलं // शेतु.५३
2508,
2509,णिव्वडिअ-तुङ्ग-सिहराधवला दीसन्ति दिट्ठ-महि-अल-बन्धा
2510,णह-मज्झ-ट्ठिअ-ससहर-वोच्छिण्ण-च्छाहि-मण्डला धरणिहरा // शेतु.५४
2511,
2512,विवरं ति परिहरिज्जइबहल-दुम-च्छाहि-मण्डलागअ-तिमिरं
2513,ओच्छुन्दइ वीसत्थंजोण्हा-णिवह-भरिअं थलं मिव विवरं // शेतु.५५
2514,
2515,[जुग्गअं]
2516,इअ वम्मह-जग्गाविअ-तीर-विसूरन्त-णिव्वलिअ-चक्काए
2517,जाअम्मि मउलिउप्पल-दुक्ख-पहुप्पन्त-महुअरम्मि पओसे // शेतु.५६
2518,
2519,वम्मह-परव्वसाइंरामागमण-परिवड्ढिआवेआइं
2520,अहिलक्खन्ति मुअन्ति अरइ-वावारं विलासिणी-हिअआइं // शेतु.५७
2521,
2522,
2523,लद्ध-गलन्तासाअंआवेअ-विहिण्ण-वम्महुल्ललिअ-सुहं
2524,छिण्ण-घडिज्जन्त-रसंणावज्झइ दइअ-चुम्बणं जुवईणं // शेतु.५८
2525,
2526,वेवइ ससइ किलिम्मइसअणे आमुअइ णीसहो अङ्गाइं
2527,ण विणज्जइ किं भीओओ मअण-परव्वसो विलासिणि-सत्थो // शेतु.५९
2528,
2529,पिअअम-वच्छेसु वणेओवइअ-दिसा-गइन्द-दन्तुल्लिहिए
2530,वेवइ दट्ठूण चिरंसंभाविअ-समर-काअरो जुअइ-जणो // शेतु.६०
2531,
2532,
2533,[प. ८१]
2534,सुरअ-सुहद्ध-मउलिअंभमर-दरक्कन्त-मालई-मउल-णिहं
2535,साहइ समरुप्पेसंउप्पित्थुम्मिल्ल-तारअं णअण-जुअं // शेतु.६१
2536,
2537,[जुग्गअं]
2538,अह ससि-जणिआमोएमअ-परिवड्ढिअ-पिआहिसारण-सोक्खे
2539,मअणुम्मूलिअ-माणेराअ-पराहीण-रइ-सुहम्मि पओसे // शेतु.६२
2540,
2541,वलइ अ दूमिअ-कुविओअवसाइअ-हिरिसिओ अईइ सरीरं
2542,ससइ अ चुम्बिअ-सुहिओमअ-पाअडिअ-हिअओ विलासिणि-सत्थो // शेतु.६३
2543,
2544,
2545,रोस-पुसिआहराणंदइअ-बलामोलि-चुम्बण-परुण्णाणं
2546,णिव्वलिअ-मण्णु-गरुअंहरइ परा-हुत्त-जम्पिअं जुअईणं // शेतु.६४
2547,
2548,अहिसारणं ण गेण्हइण संठवेइ अलअं ण पुच्छइ दूइं
2549,चन्दालोअ-पडिहओवेवइ मूढ-हिअओ विलासिणि-सत्थो // शेतु.६५
2550,
2551,अवमण्णिअ-राम-कहंजहा-पुर-पअट्ट-जुअइ-जण-वावारं
2552,सोहइ रअणिअराणंआसङ्घिअ-दहमुहं पओसागमणं // शेतु.६६
2553,
2554,पिअ-पासाहि णिअत्तोसमुहं अलिअं पि जं भणइ दूइ-जणो
2555,तं चिअ कामिणि-सत्थोदूमेन्तिं पि बहुसो णिअत्तेइ कहं // शेतु.६७
2556,
2557,सअणेसु पणअ-कलहेसमुह-णिसण्ण-पिअ-वेलविज्जन्तीहिं
2558,परिवत्तिउं ण चइअंणवरं णअणेसु विअलिअं बाह-जलं // शेतु.६८
2559,
2560,अणुणअ-खण-लद्ध-सुहेपुणो वि संभरिअ-मण्णु-दूमिअ-विहले
2561,हिअए माणवईणंचिरेण पणअ-गरुओ पसम्मइ रोसो // शेतु.६९
2562,
2563,अलअं छिवइ विलक्खोपडिसारेइ वलअं जमेइ णिअत्थं
2564,मोहं आलवइ सहिंदइआलोअ-णडिओ विलासिणि-सत्थो // शेतु.७०
2565,
2566,
2567,[प. ८२]
2568,अब्भुट्ठण-तुरिआणंसोहइ दइओवऊहण-विराआणं
2569,असमत्त-मण्डणाणंतहेअ सअण-गमणं विलासवईणं // शेतु.७१
2570,
2571,अवसाइअ-दिण्ण-सुहोसहीहि थिर-दिट्ठि-णिहुअ-वारिअ-विडिओ
2572,हित्थ-हिअओ मुणिज्जइपिएहि अलिअ-कुविओ विलासिणि-सत्थो // शेतु.७२
2573,
2574,सह वड्ढिअं सहिं मिववड्ढन्तिं पिअअमाहिसारण-विग्घे
2575,वारेइ चिरेण मओलज्जं विच्छुहइ वम्महो च्चिअ पढमं // शेतु.७३
2576,
2577,सहि-अण-हत्थाहि मुहंदर-रइअ-विसेसअं समक्खेत्तूण
2578,जुवईहि वलिअ-विसमंअप्पाहिज्जइ ससंभमं दूइ-जणो // शेतु.७४
2579,
2580,अण्णं सहि-अण-पुरओअप्पाहेन्तो अ अण्णहा दूइ-जणं
2581,जम्पइ विमुक्क-धीरंअण्णं चिअ दइअ-दंसणे जुवइ-जणो // शेतु.७५
2582,
2583,कह वि समुहाणिअङ्केकह कह वि वलन्त-चुम्बिओवत्त-मुहे
2584,देइ खलन्तुल्लावे णव-वहु-सत्थे विसूरिअ-रअं पि धिइं // शेतु.७६
2585,
2586,सासइ विमुक्क-माणोबहलुब्भिण्ण-पुलउग्गमेण पिआणं
2587,पुरओ-हुत्त-णिसण्णोगओणिअत्त-हिअओ विलासिणि-सत्थो // शेतु.७७
2588,
2589,ण पिअइ दिण्णं पि मुहंण पणामेइ अहरं ण मोएइ बला
2590,कह वि पडिवज्जइ रअंपढम-समागम-परंमुहो जुवइ-जणो // शेतु.७८
2591,
2592,अवलम्बिज्जउ धीरंण अ सो एहिइ इहुग्गए वि पओसे
2593,इअ दूईहि तुलिज्जइपढमाणिअ-पिअअमो विलासिणि-सत्थो // शेतु.७९
2594,
2595,देइ विलासवईणंसुहे अ दुक्खे अ पाअडिअ-सब्भावा
2596,
2597,[प. ८३]
2598,अणवेक्खिअ-लज्जाइंसहि व्व वीसत्थ-जम्पिआइ पसण्णा // शेतु.८०
2599,
2600,चन्दुज्जोएण मओमएण चन्दाअवो णु वड्ढिअ-पसरो
2601,दोहि वि तेहि णु मअणोमअणेण णु दो वि ते णिआ अइभूमिं // शेतु.८१
2602,
2603,चन्द-अरेण पओसेणिज्जइ मअणेण महु-मएण अ समअं
2604,दूरं दूरारूढोजुवईण पिएसु बहु-रसो अणुराओ // शेतु.८२
2605,
2606,
2607,इअ दसमो आसासओ
2608,
2609,
2610,---------------------------------------------------------------------
2611,
2612,[प. ८४]
2613,[एआरहो आसासओ]
2614,
2615,[जुग्गअं]
2616,इअ पडिसारिअ-चन्देदूरुक्खण्डिअ-णिसा-पअत्त-विरामे
2617,चित्तविअ-कामिणि-अणेजाम-च्छेअ-विसमं गअम्मि पओसे // शेतु.१
2618,
2619,दीहं रक्खस-वइणाचिन्ता रेअविअ-धीर-दाविअ-हिअअं
2620,दसहि वि मुहेहि समअंआलोइअ-सुण्ण-दस-दिसं णीससिअं // शेतु.२
2621,
2622,
2623,चिन्तेइ ससइ जूरइबाहुं परिपुसइ धुणइ मुह-संघाअं
2624,हसइ परिओस-सुण्णंसीआ-णिप्पसर-वम्महो दहवअणो // शेतु.३
2625,
2626,बहु-मण्णइ वच्छ-अडंहीरन्तुव्वत्त-जणअ-तणआलिद्धं
2627,णिन्दइ अ वअण-णिवहंअप्पत्त-पिआ-मुहामअ-रसासाअं // शेतु.४
2628,
2629,पडिरुम्भन्तस्स वि सेभग्ग-णिअत्त-परिसंठविअ-भिज्जन्ते
2630,विसमुद्धाइअ-कम्पेहिअए उल्ललइ अलहुअम्मि वि धीरं // शेतु.५
2631,
2632,तो से विसमुव्वत्तिअ-विरल-पसारिअ-करङ्गुलि-दर-त्थइअं
2633,खलिअं अंसम्मि मुहंविअम्भिआआस-गलिअ-बाहुप्पीडं // शेतु.६
2634,
2635,विसमुग्गाहिअ-महुरंदूमिअ-दन्त-व्वणाहर-परिक्खलिअं
2636,आअण्णेइ पिआणंवलन्त-हिअआवहीरिअं जअ-सद्दं // शेतु.७
2637,
2638,आमुअइ महइ सअणंमग्गइ रअणि-विरमं जुउच्छइ दिअसं
2639,णीइ णिअत्तेइ पुणोरइ-लम्भोवाअ-मग्गणाउर-हिअओ // शेतु.८
2640,
2641,पच्छाअन्तस्स वि सेबहुसो हिअअ-ट्ठिओ पिआण वि पुरओ
2642,समअं मुह-णिवहम्मि विसीआमइओ पअट्टइ समुल्लावो // शेतु.९
2643,
2644,
2645,[प. ८५]
2646,तं पुलइअम्मि पेच्छइउल्लावन्तो अ तीअ गेण्हइ गोत्तं
2647,ठाइ अ तस्स समअणेअण्णम्मि वि चिन्तिअम्मि स च्चिअ हिअए // शेतु.१०
2648,
2649,साहइ से संतावंवास-हरद्धन्त-विसम-पुञ्जिअ-कुसुमो
2650,आअअ-णीसास-हओकिलिन्त-सग्ग-तरु-पल्लवो उवआरो // शेतु.११
2651,
2652,देह-परिणाह-विअडेवलइ भरोव्वत्त-दलिअ-पासद्धन्ते
2653,दूरोणामिअ-मज्झेविसमं भूमि-सअणे पहोलिर-हत्थो // शेतु.१२
2654,
2655,दक्खिण्ण-मेत्त-दिण्णोजणअ-सुआ-हुत्त-हिअअ-दिण्णुक्कण्ठो
2656,उल्ललइ खण-विलक्खोणिअअन्तेउर-मुहेसु से मुह-णिवहो // शेतु.१३
2657,
2658,जा अण्णेण हसन्तोगमेइ उम्मच्छरं विलासिणि-सत्थं
2659,ता दूसह-संतावंअण्णं से सोअ-दुम्मणं होइ मुहं // शेतु.१४
2660,
2661,णिउण-हसिआणुविद्धंसीआ-लम्भावहारण-विसंवाअं
2662,सुणइ ण लक्खेइ फुडंअण्ण-विइण्ण-हिअओ पिआण दहमुहो // शेतु.१५
2663,
2664,ईसा-मच्छर-गरुएसाहिक्खेव-परिवड्ढिओवालम्भे
2665,कह कह वि गमेइ खणंविलक्ख-हसिएहि कामिणि-समुल्लावे // शेतु.१६
2666,
2667,तस्स पडिरुद्ध-सेसंबाहोत्थअ-कण्ठ-विसम-पअ-णिक्खेवं
2668,सङ्किज्जइ विमणाहिंफुडं ण णज्जइ पिआहि गोत्त-क्खलिअं // शेतु.१७
2669,
2670,कह वि ठवेइ दहमुहोकिं ति अणालविअ-मोह-दिण्णालावं
2671,दइआहि गलिअ-बाहंरोस-णिरुत्तर-पुलोइअं अप्पाणं // शेतु.१८
2672,
2673,अणहिअओ वि पिआणंउम्मच्छ-पसारिअग्घविअ-हुंकारं
2674,अहिणन्दइ दहवअणोसमत्त-णिव्वेल्लिआहरोट्ठ-पुलइअं // शेतु.१९
2675,
2676,दुच्चिन्तिआवएसंपिआहि उम्मच्छ-संभम-कआलोअं
2677,हसइ खणं अप्पाणंअणहिअअ-विसज्जिआसण-णिअत्तन्तं // शेतु.२०
2678,
2679,तह स गओ अइभूमिंजह ण विणिज्जन्तणं पिआहि ण णाओ
2680,
2681,[प. ८६]
2682,ण अ णाऊण ण हसिओण अ हसिऊण अणुसोइउं ण अ तिण्णो // शेतु.२१
2683,
2684,चिन्तेउं च पउत्तोअवहोवास-पसरन्त-णीसास-हअं
2685,दोसु णिमेऊण समंएक्कं आसण्ण-मुह-कवोलेसु करं // शेतु.२२
2686,
2687,अङ्कागअं सहिज्जइपओस-रइ-विग्घ-सङ्किएण कइ-बलं
2688,तं कस्स वि सोअत्थंवलइ अलद्ध-सुरअं महं चिअ हिअअं // शेतु.२३
2689,
2690,किं भुअ-विवर-पहोलिर-संखोह-प्फिडिअ-गहिअ-कड्ढिअ-णिहअं
2691,अत्थक्कासण्ण-ठिअंणिप्फल-चडुल-मुहलं मलेमि कइ-बलं // शेतु.२४
2692,
2693,ओ ससि-कराहउम्मिल्ल-लोअणन्दोलमाण-बाह-तरंगं
2694,आसाएमि कअ-ग्गह-णिरुत्तरुत्ताणिआणणं जणअ-सुअं // शेतु.२५
2695,
2696,कह विरह-प्पडिऊलाहोहिइ समुह-हिअआ पइम्मि उवगए
2697,णेच्छइ इअरा वि ससिंकिं उण दिट्ठम्मि दिणअरम्मि कमलिणी // शेतु.२६
2698,
2699,अब्भत्थणं ण गेण्हइतीरइ तिहुअण-सिरीअ वि ण लोहेउं
2700,ण गणेइ सरीर-वहंकह मण्णे होज्ज जाणई साणुणआ // शेतु.२७
2701,
2702,पइ-माहप्प-णिसण्णाअवमण्णिअ-सेस-सप्पुरिस-सोडीरा
2703,जइ णवर होज्ज व वसालुअ-राहव-सीस-दंसणा जणअ-सुआ // शेतु.२८
2704,
2705,अद्दिट्ठ-लज्जणिज्जोभग्ग-परित्ताण-विअलिआसा-बन्धे
2706,अवसो अबन्धु-लहुओभएण ठिइ-भङ्ग-साहसं कुणइ जणो // शेतु.२९
2707,
2708,णवरि अ णं खेआलस-जिम्भाअन्त-वलिउद्ध-मुह-संघाअं
2709,भुमआ-भङ्गाणत्तोसमअं पासेसु परिअणो अल्लीणो // शेतु.३०
2710,
2711,तो एक्क-हिअअ-गुणिअंदसहि वि समअं मुहेहि अप्पाहेउं
2712,ण पहुप्पइ दहवअणोचिर-कङ्खिअ-लम्भ-गब्भिणक्खर-गरुअं // शेतु.३१
2713,
2714,
2715,[प. ८७]
2716,अण्णेण समारद्धंवअणं अण्णेण हरिस-गहिअ-प्फिडिअं
2717,अण्णेण अद्ध-भणिअंमुहेण अण्णेण से कह वि णिम्मविअं // शेतु.३२
2718,
2719,तो उग्गाहिअ-सोअंतेण भणन्तेण मुह-पहोलिर-धूमं
2720,संताविएक्क-हिअअंदस-कण्ठ-क्खलिअ-पलहुअं णीससिअं // शेतु.३३
2721,
2722,आहासइ अ णिसिअरेआणा-सम-काल-दिण्ण-पडिसंलावे
2723,महि-णिमिओहअ-कर-अल-तंस-ट्ठिअ-तिअ-भरुण्णमिअ-देहद्धे // शेतु.३४
2724,
2725,तं माआ-णिम्मविअंरिउ-दंसण-विसम-वलिअ-णिच्चल-णअणं
2726,दावेह कण्ठ-रहिअंसीआइ विओअ-पण्डुरं राम-सिरं // शेतु.३५
2727,
2728,तो अमरिस-मेलाविअ-भुमउग्गाहिअ-तरंगिअ-णिलाड-अडं
2729,छिण्णाणिअं व तं चिअताहे च्चिअ तेहि णिम्मिअं राम-सिरं // शेतु.३६
2730,
2731,संपत्थिआ अ संभम-चलणोवडण-विसमुट्ठिआ पमअ-वणं
2732,कह वि समत्तप्पाहिअ-दहवअणाणत्ति-वावडा रअणिअरा // शेतु.३७
2733,
2734,पत्ता अ फुडिअ-मणि-अड-विवरुट्ठिअ-सलिल-बद्ध-पङ्कअ-मउलं
2735,पवण-सुअ-भग्ग-पाअव-भङ्गुग्गअ-बाल-किसलअं पमअ-वणं // शेतु.३८
2736,
2737,[आइकुलअं]
2738,पेच्छन्ति अ सइ-संठिअ-वअण-विसंवइअ-थण-णिसण्ण-कर-अलं
2739,दहवअणागम-सङ्किअ-पअ-सद्दुप्पित्थ-लोअणं जणअ-सुअं // शेतु.३९
2740,
2741,पिअअम-सहत्थ-पेसिअ-मणि-सुण्णइअ-सिढिलद्ध-वेणी-बन्धं
2742,धोअ-कलधोअ-पण्डुर-पडन्त-बाह-पहउण्णअ-त्थण-अलसं // शेतु.४०
2743,
2744,अजमिअ-पम्हल-वेणिंबाह-जल-पहाविआलओत्थइअ-मुहिं
2745,रसणा-सुण्ण-णिअम्बंविच्छड्डिअ-मण्डणग्घविअ-लावण्णं // शेतु.४१
2746,
2747,
2748,[प. ८८]
2749,थोअ-मउआअअ-ट्ठिअ-पिअअम-गअ-हिअअ-सुण्ण-णिच्चल-णअणं
2750,कइ-बल-सद्दाअण्णण-बाह-तरंग-परिघोलमाण-पहरिसं // शेतु.४२
2751,
2752,ईसि-रअ-भिण्ण-पाडल-वसुआअ-प्फरुस-बाह-बिन्दु-ट्ठाणं
2753,विच्छड्डिअ-परिधूसर-णिअअ-सहाव-परिसंठिआहर-राअं // शेतु.४३
2754,
2755,वअणं समुव्वहन्तंओलुग्ग-कओल-णिव्वलन्ताआमं
2756,असमत्त-कला-दीहंकइ-दिअहासण्ण-पूरिअव्वं व ससिं // शेतु.४४
2757,
2758,देह-च्छवि-णिव्वलिएभिण्ण-दरुव्वत्त-रोअणा-सच्छाए
2759,भूसण-बन्धण-मग्गेलक्खिज्जन्त-तलिणत्तणे वहमाणं // शेतु.४५
2760,
2761,दट्ठव्व-चडुल-णअणंउवऊहण-लालस-प्फुरिअ-बाहु-लअं
2762,आसण्ण-ट्ठिअ-दइअंरसेण एक्क-सअणम्मि व विसूरन्तिं // शेतु.४६
2763,
2764,दूसह-मिअङ्क-दंसण-दुउणअरुक्कण्ठ-णीसह-णिसण्णङ्गिं
2765,गअ-जीविअ-परिसङ्किअ-णिसिअरि-हत्थ-परिमट्ठ-णिच्चल-हिअअं // शेतु.४७
2766,
2767,हत्थेण बाह-गरुइअ-दूर-पलम्बालओत्थएण वहन्तिं
2768,पिअ-पेसिअङ्गुलीअअ-मणि-प्पहा-पाअडेक्क-पासं व मुहं // शेतु.४८
2769,
2770,आसण्ण-जुज्झ-विमणंराम-भुआसङ्घ-णिट्ठविअ-संतावं
2771,हिअआवलिअ-दहमुहंकिं मण्णे होहिइ त्ति विमुहिज्जन्तिं // शेतु.४९
2772,
2773,समुहालोअण-विडिअंविडिअ-णिमिल्ल-पिअ-दंसणूसुअ-हिअअं
2774,ऊसुअ-हिअउम्मिल्लंउम्मिल्लोसरिअ-पइ-मुह-किलिम्मन्तिं // शेतु.५०
2775,
2776,
2777,दट्ठूण अ णं दूमिअ-हिअअ-पहोलन्त-संभरिअ-काअव्वा
2778,अल्लीणा माआमअ-राम-सिरुल्लअण-काअरा रअणिअरा // शेतु.५१
2779,
2780,
2781,[प. ८९]
2782,अह तेहि तीअ पुरओछेअ-समुव्वत्त-मास-दिण्णावेढं
2783,ठविअं राहव-वअणंलुअ-मज्झ-विलग्ग-वाम-हत्थं च धणुं // शेतु.५२
2784,
2785,आलोइए विसण्णाउवणिज्जन्तम्मि वेविउं आढत्ता
2786,सीआ रअणिअरेहिंराम-सिरं ति भणिए गअ च्चिअ मोहं // शेतु.५३
2787,
2788,पडिआ अ हत्थ-सिढिलिअ-णिरोह-पण्डर-समूससन्त-कवोला
2789,पेल्लिअ-वाम-पओहर-विसमुण्णअ-दाहिण-त्थणी जणअ-सुआ // शेतु.५४
2790,
2791,मरणम्मि बन्धवाणंजणस्स किं होइ बन्धवो च्चिअ सरणं
2792,तह गुरु-सोअ-कवलिआधरम्मि पडिआ विमुच्छिआ धरणि-सुआ // शेतु.५५
2793,
2794,ण कओ बाह-विमुक्खोणिव्वण्णेउं पि ण चइअं राम-सिरं
2795,णवर-पडिवण्ण-मोहागअ-जीविअ-णीसहा महिम्मि णिसण्णा // शेतु.५६
2796,
2797,खण-णिच्चल-णीसासंजाअं मोहन्धआर-साम-च्छाअं
2798,विरल-मिलिअच्छि-वत्तंमुच्छा-हीरन्त-तारअं तीअ मुहं // शेतु.५७
2799,
2800,विसरिअ-विओअ-दुक्खंतक्खण-पब्भट्ठ-राम-मरणाआसं
2801,जणअ-तणआइ णवरंलद्धं मुच्छा-णिमीलिअच्छीअ सुहं // शेतु.५८
2802,
2803,थण-परिणाहोत्थइएतीए हिअअम्मि पअणुअं पि ण दिट्ठं
2804,दीहं पि समूससिअंसूइज्जइ णवर वेविरे अहरोट्ठे // शेतु.५९
2805,
2806,अपरिप्फुड-णीसासातो सा मोह-विरमे वि णीसह-पडिआ
2807,अणुवज्झ-बाह-गरुइअ-दुक्ख-समुव्वूढ-तारअं उम्मिल्ला // शेतु.६०
2808,
2809,[कुलअं ४]
2810,पेच्छइ अ सरहसोहरिअ-मण्डलग्गाहिघाअ-विसम-च्छिण्णं
2811,दूर-धणु-संधिअञ्चिअ-सर-पुङ्खालिद्ध-सामलइआवङ्गं // शेतु.६१
2812,
2813,
2814,[प. ९०]
2815,णिव्वूढ-रुहिर-पण्डुर-मउलन्त-च्छेअ-मास-पेल्लिअ-विवरं
2816,भज्जन्त-पडिअ-पहरण-कण्ठ-च्छेअ-दर-लग्ग-धारा-चुण्णं // शेतु.६२
2817,
2818,णिद्दअ-संदट्टाहर-मूलुक्खित्त-दर-दिट्ठ-दाढा-हीरं
2819,संखाअ-सोणिअ-प्पङ्क-पडल-पूरेन्त-कसण-कण्ठ-च्छेअं // शेतु.६३
2820,
2821,णिसिअर-कअ-ग्गहाणिअ-णिलाड-अड-णट्ठ-भिउडि-भुमआ-भङ्गं
2822,गलिअ-रुहिरद्ध-लहुअंअणहिअउम्मिल्ल-तारअं राम-सिरं // शेतु.६४
2823,
2824,
2825,तह णिमिअ च्चिअ दिट्ठीमुक्क-कवोल-विहुरो उर च्चिअ हत्थो
2826,गअ-जीविअ-णिच्चेट्ठाणवरं सा महि-अलं थण-भरेण गआ // शेतु.६५
2827,
2828,तो मुच्छिउट्ठिआएकिं एअं ति गअणे दिसासु अ समअं
2829,सुण्ण-परिघोलिअच्छंजाअं मूढ-परिदेविअं तीअ मुहं // शेतु.६६
2830,
2831,णिव्वण्णेऊण अ णंतत्तो-हुत्त-ट्ठिओसिअन्त-णिसण्णो
2832,कङ्खन्तीअ ण पत्तोवअणं मरणं च से कह वि अप्पाणो // शेतु.६७
2833,
2834,णवरि अ पसारिअङ्गीरअ-भरिउप्पह-पइण्ण-वेणी-बन्धा
2835,पडिआ उर-संदाणिअ-महि-अल-चक्कलइअ-त्थणी जणअ-सुआ // शेतु.६८
2836,
2837,सव्वङ्ग-णिसण्णाअ विणीसेस-क्खविअ-वलि-विभङ्ग-णिराओ
2838,तीए मज्झ-पएसोथण-जहण-करालिओ ण पावइ वसुहं // शेतु.६९
2839,
2840,सहसालोअ-विराअंदइअ-मुहे तम्मि साणुसअ-दट्ठव्वे
2841,मोहं गन्तूण चिरंसमअं बाहेण आगअं से हिअअं // शेतु.७०
2842,
2843,तो कह वि लद्ध-सण्णाबाहोवग्गिअ-कवोल-अल-संदट्टं
2844,मग्गइ संगोवेउंअलअं तीअ विहलो ण पावइ हत्थो // शेतु.७१
2845,
2846,
2847,[प. ९१]
2848,आवेअ-समुक्खित्तंतो से खेआगमोसिअन्तोवत्तं
2849,पडिअं णिअउच्छङ्गेअप्पत्तं चिअ पओहरे कर-जुअलं // शेतु.७२
2850,
2851,मूढ-हिअआइ दट्ठुंअचअन्तीअ समुहं कह वि राम-सिरं
2852,तंसोणमन्त-णीसह-वअण-च्छन्द-वलिआलआइ पुलइअं // शेतु.७३
2853,
2854,परिदेविउं पउत्ताणिअअ-सरीर-पडिमुक्क-राहव-दुक्खं
2855,कर-मग्गुट्ठिअ-सोणिअ-विवण्ण-उण्णअ-पओहरा जणअ-सुआ // शेतु.७४
2856,
2857,आवाअ-भअअरं चिअण होइ दुक्खस्स दारुणं णिव्वहणं
2858,जं महिला-बीहच्छंदिट्ठं सहिअं च तुह मए अवसाणं // शेतु.७५
2859,
2860,बाहुण्हं तुज्झ उरेजं मोच्छिहिमि त्ति संठिअं मह हिअए
2861,धर-णिग्गमण-पअत्तंसाहसु तं कम्मि णिव्वविज्जउ दुक्खं // शेतु.७६
2862,
2863,विरहम्मि तुज्झ धरिअंदच्छामि तुमं ति जीविअं कह वि मए
2864,तं एस मए दिट्ठोफलिआ वि मणोरहा ण पूरेन्ति महं // शेतु.७७
2865,
2866,पुहवीअ होहिइ पईबहु-पुरिस-विसेस-चञ्चला राअ-सिरी
2867,कह ता महं चिअ इमंणीसामण्णं उअत्थिअं वेहव्वं // शेतु.७८
2868,
2869,किं एअं ति पलत्तंविसउम्मिल्लेहि लोअणेहि अ दिट्ठं
2870,विअलिअ-लज्जाइ मएहोइ फुडं णाह तुह मुहं ति परुण्णं // शेतु.७९
2871,
2872,सहिओ तुज्झ विओओरअणिअरीहि समअं सहीहि व वुत्थं
2873,दट्ठुं तुमं ति होन्तंजइ एत्ताहे वि जीविअं विअलन्तं // शेतु.८०
2874,
2875,जाए पर-लोअ-गएतुमम्मि ववसाअ-मेत्त-सुह-दट्ठव्वे
2876,हरिस-ट्ठाणे वि महंइज्झइ अद्दिट्ठ-दहमुह-वहं हिअअं // शेतु.८१
2877,
2878,
2879,[प. ९२]
2880,बाहं ण धरेइ मुहंआसा-बन्धो वि मे ण रुम्भइ हिअअं
2881,णवरि अ चिन्तिज्जन्तेण विणज्जइ केण जीविअं संरुद्धं // शेतु.८२
2882,
2883,बोलीणो मअरहरोमज्झ कएण मरणं पि दे पडिवण्णं
2884,णिव्वूढं णाह तुमेअज्ज वि धरइ अकअण्णुअं मह हिअअं // शेतु.८३
2885,
2886,उग्गाहिअ राम तुमंगुणे गणेऊण पुरिसमइओ त्ति जणो
2887,गलिअ-महिला-सहावंसंभरिऊण अ ममं णिअत्तिहिइ कहं // शेतु.८४
2888,
2889,तुह बाणुक्खअ-णिहअंदच्छिमि दहकण्ठ-मुह-णिहाअं ति कआ
2890,मह भाअधेअ-वलिआविवरा-हुत्ता मणोरहा पल्हत्था // शेतु.८५
2891,
2892,जं तणुअम्मि वि विरहेपेम्मावन्धेण सङ्कइ जणस्स जणो
2893,तं जाअं णवर इमंपेच्छन्तीए अ तारिसं मज्झ फलं // शेतु.८६
2894,
2895,तो विलविअ-णिप्फन्दंगलन्त-हिअअ-परिसुण्ण-लोअण-जुअलं
2896,महुरं आसासन्तीहत्थुण्णामिअ-मुही भणइ णं तिअडा // शेतु.८७
2897,
2898,अवरिगलिओ विसाओअखण्डिआ मुद्धआ ण पेच्छइ पेम्मं
2899,मूढो जुवइ-सहाओतिमिराहि वि दिणअरस्स चिन्तेइ भअं // शेतु.८८
2900,
2901,तिहुअण-मूलाहारंविसढ-महिन्द-पडिमुक्क-वूढ-रण-धुरं
2902,जाणन्ती कीस तुमंतुलेसि सेस-पुरिसाणुमाणेण पइं // शेतु.८९
2903,
2904,अमिलिअ-साअर-सलिलाअणह-ट्ठिअ-महिहरा अणुव्वत्त-अला
2905,रामस्स छिण्ण-पडिअंकह पत्तिअसि धरणी धरेइ त्ति सिरं // शेतु.९०
2906,
2907,मारुअ-मोडिअ-विडवंमिअङ्क-किरण-पडिमास-मउलिअ-कमलं
2908,कह होइ राम-वडणेइअ णिच्छाअं दसाणण-धरुज्जाणं // शेतु.९१
2909,
2910,
2911,[प. ९३]
2912,मा रुअसु पुससु बाहंउअऊहेऊण अंस-परिअत्त-मुहं
2913,संभरिअ विरह-दुक्खंरोत्तव्वं दे पुणो पइस्स वि अङ्के // शेतु.९२
2914,
2915,अइरा अ दच्छिहि तुमंतुह विरहोलुग्ग-पण्डुर-मुह-च्छाअं
2916,गअ-रोस-सुहालोअंओआरिअ-चाव-णिव्वुअं दासरहिं // शेतु.९३
2917,
2918,पत्तिहि अमरिस-भरिअंहरेण वि अपत्थणिज्ज-कण्ठ-च्छेअं
2919,फुट्टन्तं जइ होन्तंछिण्णं पि कअ-ग्गहुग्गअं राम-सिरं // शेतु.९४
2920,
2921,किं ति समाससिअव्वेमुज्झसि दहवअण-दप्प-भङ्गुप्फालं
2922,पेच्छन्ती पमअ-वणंरामाणत्ति-अर-पवअ-आविद्ध-दुमं // शेतु.९५
2923,
2924,णिहउक्खअ-सुर-लोअंदरिअ-णिसाअर-णिहाअ-पल्हत्थन्तं
2925,कह तेण खणं मि विणाधरेइ जस्स भुअणं भुअ-ववट्ठम्भं // शेतु.९६
2926,
2927,तह तं सि गआ मोहंमुच्छा-गअ-पडिअ-णीसह-विसण्णङ्गी
2928,रक्खस-माएत्ति फुडंजाणन्ती जह इमं अहं पि विसण्णा // शेतु.९७
2929,
2930,मिलिअ-णिसाअर-पुरओसुवेल-मलअन्तराल-णिम्मविअ-वहे
2931,पेल्लिअ-तिऊड-सिहरेअज्ज वि किं तुज्झ राहवे अग्गहणं // शेतु.९८
2932,
2933,मलिआ मलअ-णिअम्बाथले व्व चङ्कम्मिअं महोअहि-सलिले
2934,वुत्थं सुवेल-सिहरेअज्ज वि किं तुज्झ राहवे अग्गहणं // शेतु.९९
2935,
2936,तो अगहिओवएसागओणिअत्तन्त-जीविअ-मुहिज्जन्ती
2937,तिअडाअ जणअ-तणआसहि-सब्भाव-सरिसं उरम्मि णिसण्णा // शेतु.१००
2938,
2939,लोअण-वइअर-लग्गंतंस-णिसण्णाअ तीअ तिअडा-वच्छे
2940,
2941,[प. ९४]
2942,गलिअं कओल-पेल्लण-पीडिज्जन्तालउग्गअं बाह-जलं // शेतु.१०१
2943,
2944,तो जम्पिउं पउत्तापुणो वि अत्थेक्क-उट्ठिअ-समूससिआ
2945,उर-घोलिर-वेणी-मुह-थण-लग्गुग्घुट्ठ-महि-रआ जणअ-सुआ // शेतु.१०२
2946,
2947,साहसु ज च्चिअ पढमंदट्ठूण अहं इमं महिम्मि णिसण्णा
2948,स च्चिअ मोहुम्मिल्लापेच्छामि अ णं पुणो धरेमि अ जीअं // शेतु.१०३
2949,
2950,सहिआ रक्खस-वसहीदिट्ठं तुह णाह एरिसं अवसाणं
2951,अज्ज वि वअणिज्ज-हअंधूमाइ च्चिअ ण पज्जलइ मे हिअअं // शेतु.१०४
2952,
2953,पुरिस-सरिसं तुह इमंरक्खस-सरिसं कअं णिसाअर-वइणा
2954,कह ता चिन्तिअ-सुलहंमहिला-सरिसं ण संपडइ मे मरणं // शेतु.१०५
2955,
2956,पवण-सुअ-सिट्ठ-तुरिअंइह एन्तस्स अवलम्बिउं मह जीअं
2957,विरह-लहुअं पि राहवमए जिअन्तीअ जीविअं तुज्झ हिअं // शेतु.१०६
2958,
2959,अलअन्धआरिअ-मुहीसमुहागअ-कण्ठ-भमिअ-वेणी-बन्धा
2960,मोह-पडिवण्ण-हिअआदर-जम्पिअ-णीसहं पुणो वि णिसण्णा // शेतु.१०७
2961,
2962,तो फुडिअ-वेणि-बन्धण-भङ्गुग्गअ-विसम-केस-पल्हत्थरणे
2963,पडिआ रामोर-त्थल-सअण-णिरास-हिअआ महि-अलुच्छङ्गे // शेतु.१०८
2964,
2965,तीअ णव-पल्लवेण वपहराअम्ब-विहलेण हत्थेण मुहं
2966,परिमज्जिउं ण चइअंएक्क-कवोल-मिलिआलअं कह वि कअं // शेतु.१०९
2967,
2968,समुह-मिलिअं पि जाहेरूअं बाह-विहला ण गेण्हइ दिट्ठी
2969,ताहे कह कह वि कअंउहअ-करुप्पुसिअ-लोअणं तीअ मुहं // शेतु.११०
2970,
2971,तो सा भमन्त-मारुअ-विसम-पइण्णालउप्पुसिअ-बाह-जला
2972,पेच्छइ राहव-वअणंणिसाअरोच्छुण्ण-महि-अल-पहोलन्तं // शेतु.१११
2973,
2974,
2975,[प. ९५]
2976,लक्खिज्जन्त-विसाआअब्भहिउम्मिल्ल-णिच्चल-ट्ठिअ-णअणा
2977,राम-सिर-बद्ध-लक्खाधुव्वइ बाहेण से ण रुम्भइ दिट्ठी // शेतु.११२
2978,
2979,तो तं दट्ठूण पुणोमरणेक्क-रसाइ बाह-णीसारच्छं
2980,आउच्छसु मं ति कअंतिअडा-गअ-लोअणाइ दीण-विहसिअं // शेतु.११३
2981,
2982,सहिअम्मि राम-विरहेदारुण-हिअअ-प्पडिच्छिए वेहव्वे
2983,सहसु गअ-णेह-लहुअंमह णिल्लज्ज-मरणं इमं ति परुण्णा // शेतु.११४
2984,
2985,सव्वस्स अ एस गईण उणो माणुण्णआण इमम अवसाणं
2986,अणुसरिसं ति भणन्तीआहन्तूण पडिआ थिरं थण-अलसं // शेतु.११५
2987,
2988,तह जीव-लज्जिआएविलवन्तीअ वि विसाअ-णीसह-मउअं
2989,दासरहि त्ति पलत्तंपिअ त्ति सीआइ ण चइअं वाहत्तुं // शेतु.११६
2990,
2991,अणुसोइउं ण इच्छइण देइ अङ्गम्मि सा परम्मि व पहरं
2992,बाहं मुअइ ण रुम्भइमरिअव्वे लद्ध-पच्चअं से हिअअं // शेतु.११७
2993,
2994,[जुग्गअं]
2995,तो तं मरण-णिमित्तेअणिअत्तन्त-हिअअं पअत्ता वोत्तुं
2996,तिअडा धुअग्ग-कर-अल-दर-पडिअ-पडिच्छिअङ्ग-विसमोअण्णं // शेतु.११८
2997,
2998,जाणइ सिणेह-भणिअंमा रअणिअरि त्ति मे जुउच्छसु वअणं
2999,उज्जाणम्मि वणम्मि अजं सुरहिं तं लआण गेण्हइ कुसुमं // शेतु.११९
3000,
3001,
3002,किम उ जीअन्तीअ तुमेजइ अलिअं सहि ण होज्ज राहव-मरणं
3003,अणहे उण रहुणाहेतुह मे मरण-विहुरं किलम्मइ हिअअं // शेतु.१२०
3004,
3005,चिन्तेउं पि ण लब्भइजह संभावेसि तह इमं जइ होन्तं
3006,तो दाणि किं जणम्मि वतुमम्मि संठावणा महं अणुरूवा // शेतु.१२१
3007,
3008,
3009,[प. ९६]
3010,सअला णिसाअर-पुरीघर-परिवाडि-सम-णीहरिअ-रुण्ण-रवा
3011,एक्केण कआ कइणाकह होहिइ अणह-रक्खसं रहु-वडणं // शेतु.१२२
3012,
3013,णत्थि णिहम्मइ रामोअइरा होहिइ अरक्खसं तेल्लोक्कं
3014,दिट्ठं ति भणामि फुडंपत्तिअ कस्स वि पिओ कुलस्स विणासो // शेतु.१२३
3015,
3016,उट्ठेसु मुअसु सोअंपुस एअं बाह-मइलिअं थण-वट्ठं
3017,सुणसु सउणे ण वट्टइसमराहिमुहे पइम्मि अंसु-णिवाओ // शेतु.१२४
3018,
3019,मोत्तूण अ रहुणाहंलज्जागअ-सेअ-बिन्दुइज्जन्त-मुहो
3020,केण व अण्णेण कओपाआरन्तरिअ-णिप्पहो दहवअणो // शेतु.१२५
3021,
3022,अइरा अ दे रहु-सुओतण्णाअन्तग्ग-हत्थ-मउइअ-पम्हं
3023,मोच्छिहि वेवन्तङ्गुलि-गुप्पन्तुक्खित्त-विसम-भाअं वेणिं // शेतु.१२६
3024,
3025,विअलिअ-लज्जा-लहुअंएअ करन्तस्स रहुवइम्मि धरन्ते
3026,ण अ तह दुक्खामि तुमेजह परिवत्तम्मि दहमुहस्स सहावे // शेतु.१२७
3027,
3028,वालि-वह-दिट्ठ-सारंबाण-गलत्थिअ-समुद्द-दिण्ण-थल-वहं
3029,रोहिअ-लङ्का-वलअंमा लहुअं पेच्छ राहवस्स भुअ-बलं // शेतु.१२८
3030,
3031,दिट्ठा सि मए सिविणेससि-सूरालिहण-सोहिउम्मुह-पडिमा
3032,खन्धुट्ठिअ-सुर-गअ-कण्ण-आल-विहुअ-धवलंसुअ-दसद्धन्ता // शेतु.१२९
3033,
3034,दिट्ठो अ मे दहमुहोदह-मुह-परिवाडि-विअड-कड्ढण-मग्गो
3035,काल-दढ-पास-कड्ढिअ-दर-घडिउग्घडिअ-खलिअ-मुह-संघाओ // शेतु.१३०
3036,
3037,तं अवलम्बसु धीरंणासउ संपइ अमङ्गलं जाव इमं
3038,
3039,[प. ९७]
3040,मुणिअ-परमत्थ-लहुईअवहीरिअ-णिप्फला णिअत्तउ माआ // शेतु.१३१
3041,
3042,होन्तं जइ राम-सिरंएआवत्थं पि तो समूससमाणं
3043,अमअं मिव णाअ-रसंआसाएऊण तुह कर-प्फरिस-सुहं // शेतु.१३२
3044,
3045,इअ राम-पेम्म-कित्तण-दूसह-वज्जाहिघाअ-दूमिअ-हिअआ
3046,संभरिअ मुक्क-कण्ठंअण्णमअं मरण-णिच्चआ वि परुण्णा // शेतु.१३३
3047,
3048,तो तिअडा-वअणेहि विण संठिआ जाव तीअ पवअ-कलअलो
3049,रण-संणाह-गभीरोण सुओ राहव-पहाअ-मङ्गल-पडहो // शेतु.१३४
3050,
3051,अह बहुविह-संठावण-पच्चाणिज्जन्त-जीविआसा-बन्धं
3052,तीअ गअ-सोअ-विसअंदूरुण्णामिअ-पओहरं णीससिअं // शेतु.१३५
3053,
3054,तो आसासिअ-सुहिएतीए पुणरुत्त-सच्चविअ-वीसत्थे
3055,विहडिअ-वेहव्व-भएपुणो वि संघडइ विरह-दुक्खं हिअए // शेतु.१३६
3056,
3057,माआ-मोहम्मि गएसुए अ पवआण समर-संणाह-रवे
3058,जणअ-तणआइ दिट्ठंतिअडा-णेहाणुराअ-भणिअस्स फलं // शेतु.१३७
3059,
3060,
3061,इअ एआरहो आसासओ परिसमत्तो
3062,
3063,
3064,---------------------------------------------------------------------
3065,
3066,[प. ९८]
3067,[बारहो आसासओ]
3068,
3069,ताव अ दर-दलिउप्पल-पलोट्ट-धूलि-मइलन्त-कलहंस-उलो
3070,जाओ दर-संमीलिअ-हरिआअन्त-कुमुआअरो पच्चूसो // शेतु.१
3071,
3072,अरुणाअम्ब-च्छाओणव-सलिलाकलुस-चन्दिमाहअ-मूलो
3073,धाउ-कलङ्क-क्खउरोओसरइ तडो व्व रअणि-पच्छिम-भाओ // शेतु.२
3074,
3075,णिव्वण्णिज्जइ रूअंअरुण-सिहोलुग्ग-चन्दिमम्मि महि-अले
3076,ओव्वत्त-धूसराणंणवर चलन्तीण पाअव-च्छाआणं // शेतु.३
3077,
3078,संमीलइ कुमुअ-वणंअद्धत्थमिअ-गलिअ-प्पहं ससि-बिम्बं
3079,विअलइ रअणि-च्छाआअरुणाहअ-मुद्ध-तारआ पुव्व-दिसा // शेतु.४
3080,
3081,दीसइ अ तिमिर-रेइअ-पल्लव-अम्ब-तरुणारुणाहअ-मिहिअं
3082,विसम-विहिण्ण-मणसिला-भङ्ग-प्फरुस-मणि-पव्वअद्धं व णहं // शेतु.५
3083,
3084,ताव अ अत्थ-णिअम्बंणव-सलिलाउण्ण-गअ-पअ-च्छवि-कलुसो
3085,पत्तो अरुणुण्णामिअ-पासल्लन्त-गअणोसरन्तो व्व ससी // शेतु.६
3086,
3087,होन्ति पवणाहआइंफुड-महुर-विहंग-णीहरन्त-रुआइं
3088,गुञ्जन्त-महुअराइंधुअ-सिल्हा-लहुअ-किसलआइ वणाइं // शेतु.७
3089,
3090,अरुणक्कन्त-विअलिअंणिअअङ्काणुगअ-बहल-जोण्हा-भरिअं
3091,अत्थ-सिहराहि पडिअंउक्खडिअ-करावलम्बणं ससि-बिम्बं // शेतु.८
3092,
3093,पिअअम-विओअ-दुक्खंकह वि गमेऊण जामिणीअ पहाए
3094,अणुधाइ पडिरुअन्तीअब्भुट्ठाउं व सहअरी चक्काअं // शेतु.९
3095,
3096,
3097,[प. ९९]
3098,जाअं समल्लिअन्तेअब्भहिओसहि-सिहा-करालिअ-पासं
3099,अत्थ-सिहरं मिअङ्केअण्णमअ-पअट्ट-चन्द-मणि-णीसन्दं // शेतु.१०
3100,
3101,दूरोणअ-णक्खत्तंअरुण-सिहाहअ-गलत्थिओणअ-जोण्हं
3102,अत्थमइ व ससि-सहिअंउट्ठेइ व उअअ-पव्वआहि णह-अलं // शेतु.११
3103,
3104,पइ-लम्भेण पओसोजाओ दिण्ण-प्फलो रइ-सुहेण णिसा
3105,आणिअ-विरहुक्कण्ठोगलइ अणिव्विण्ण-वम्महो पच्चूसो // शेतु.१२
3106,
3107,वीसम्भ-वड्ढिअ-रसंअइराअ-क्खलिअ-सेस-संठिअ-रसणं
3108,विअलिअ-मएण णिउणंपच्चूस-रअं पओस-दूरब्भहिअं // शेतु.१३
3109,
3110,संकन्ताहर-राअंथोअ-सुरा-संठिउप्पलद्ध-त्थइअं
3111,चसअं कामिणि-मुक्कंकिलिन्त-वउल-तणुओ ण मुञ्चइ गन्धो // शेतु.१४
3112,
3113,पसिढिल-केस-कलाओउव्वत्तिअ-मेहलावरुद्ध-णिअम्बो
3114,छाआ-लग्ग-परिमलोपिअअम-मुक्क-तणुओ विलासिणि-सत्थो // शेतु.१५
3115,
3116,दुण्णिमिअ-वाम-चलणंवलन्त-पीणोरु-विसम-पाउद्धारं
3117,दुक्खेण संठविज्जइपिअ-हुत्त-णिअत्त-पत्थिअं जुवईहिं // शेतु.१६
3118,
3119,संखोहिअ-कमल-सरोसंझाअव-अम्ब-धाउ-कद्दमिअ-मुहो
3120,ठाण-प्फिडिओ व्व गओरत्तिं भमिऊण पडिणिअत्तो दिअसो // शेतु.१७
3121,
3122,अरुण-पडिवोहिआएअब्भुत्थन्तीअ आअअं व दिणअरं
3123,साहेन्ति विहडिआइंणिमिअं कमलाइ दिअस-लच्छीअ पअं // शेतु.१८
3124,
3125,एक्केक्कम-वोच्छिण्णंपओस-वीसत्थ-विहडिअं उअहि-जले
3126,जणणिं व चन्द-पडिमंअल्लिअइ विहाअ-काअरं सङ्ख-उलं // शेतु.१९
3127,
3128,होइ कमलाअराणंसमूससन्ताण चिर-णिरोहेक्कमुहो
3129,संचालिअ-महु-महुरोमारुअ-भिण्णो वि मंसलो च्चिअ गन्धो // शेतु.२०
3130,
3131,
3132,[प. १००]
3133,जं चिअ कामिणि-सत्थंआउच्छन्ताण मुक्क-बाह-त्थवअं
3134,रक्खस-भडाण तं चिअजाअं णिप्पच्छिमोवऊहण-सोक्खं // शेतु.२१
3135,
3136,अह समरन्तरिअ-सुहोदहमुह-वेर-पडिमुञ्चणाअअ-दिअहो
3137,लद्धामरिसावसरोअलद्ध-णिद्दो वि राहओ पडिउद्धो // शेतु.२२
3138,
3139,सीआ-विओअ-दुक्खंविसहन्तस्स चउ-जाम-मेत्तन्तरिअं
3140,दीहो अ गओ कालोण समा एक्का अ सा णिसा रहुवइणो // शेतु.२३
3141,
3142,उम्मिल्लन्ति च्चिअ सेणिद्दा-सेसोणअच्छि-वत्त-क्खलिआ
3143,गरुओलइअ-रण-भरेदिट्ठी दिट्ठ-समरे धणुम्मि णिसण्णा // शेतु.२४
3144,
3145,मुअइ अ किलिन्त-कुसुमंअवहोवास-मलिओवहाणद्धन्तं
3146,सइ-परिअत्तण-विसमंहिअआवेअ-पिसुणं सिला-सअणीअं // शेतु.२५
3147,
3148,[जुग्गअं]
3149,तो सेल-सार-गरुअंअइरा-होन्त-दइआ-समागम-पिसुणं
3150,अहिणन्दिऊण सुइरंफुरमाणब्भहिअ-पीवरं वाम-भुअं // शेतु.२६
3151,
3152,खण-संमाणिअ-धम्मोधणु-कड्ढण-मग्ग-मोइअ-परिट्ठिविअं
3153,बन्धइ मलिअ-विसज्जिअ-तमाल-सअण-सुरहिं जडा-पब्भारं // शेतु.२७
3154,
3155,
3156,[जुग्गअं]
3157,दाऊण गलिअ-बाहंचिर-धरिआऊरमाण-रोसाअम्बं
3158,दिट्ठिं लङ्काहिमुहिंसमत्थ-णिव्वडिअ-तारआ-दुप्पेच्छं // शेतु.२८
3159,
3160,गेण्हइ गहिअ-त्थामंसीआ-सुण्णइअ-सअण-मग्ग-ट्ठविअं
3161,बहुसो विरहुक्कण्ठिअ-णिमिअ-मुहोरुण्ण-मइअ-कोडिं चावं // शेतु.२९
3162,
3163,
3164,तो तं महि-अल-णिविअंवाम-करावेढ-णिट्ठुर-परिग्गहिअं
3165,दाहिण-हत्थेण कअंवलन्त-देह-भर-णामिअं सज्जीअं // शेतु.३०
3166,
3167,काऊण ससिअ-मन्थर-गरुअ-सिरो-अम्प-तज्जिअं पडिवक्खं
3168,चलिओ चलन्त-पव्वअ-विलइअ-धणु-मेत्त-साहणो रहुणाहो // शेतु.३१
3169,
3170,
3171,[प. १०१]
3172,चलिअं च तुलिअ-पव्वअ-मिलन्त-सिहर-णह-णिम्मिएक्क-महिहरं
3173,अणुरूअ-भुअ-परिट्ठिअ-विडव-मुणिज्जन्त-पाअवं कइ-सेण्णं // शेतु.३२
3174,
3175,संणज्झन्ति कुउरिसासंणाह-भरेण किं करेन्ति समत्था
3176,णिअअ-बलं चिअ कवअंकईण अप्पडिहआ भुआ अ पहरणं // शेतु.३३
3177,
3178,णाअ-णिसाअर-सारंमाआ-णिक्कलुस-जुज्झ-गइ-पब्बुद्धं
3179,अग्ग-क्खन्धम्मि कअंलङ्का-मग्ग-णिउणं विहीसण-सेण्णं // शेतु.३४
3180,
3181,समर-तुरिअस्स-सुकअंकह मोत्तव्वं ति दूमिओ सुग्गीवो
3182,गहिआउहम्मि रामेसोअइ अ विहीसणो णिसाअर-वंसं // शेतु.३५
3183,
3184,अप्फालिए धणुम्मि अखोहिअ-गिरि-विहुअ-साअरे रहुवइणा
3185,कम्पिअ-घर-पाआराअङ्ग-क्खिवण-विसमं व वेवइ लङ्का // शेतु.३६
3186,
3187,झीण-पुलआइअङ्गीअउव्व-हरिस-मिलिआणणा जणअ-सुआ
3188,सोऊण समासत्थापढमुल्लावं व राहवस्स धणु-रवं // शेतु.३७
3189,
3190,मुच्छाविअ-जुवइ-जणोरक्खस-वइ-हिअअ-महिहरासणि-घाओ
3191,वामोहेइ पुरि-अणंसीआ-कण्ण-सुहओ पवंग-कलअलो // शेतु.३८
3192,
3193,कइ-वर-रहसुद्धाइअ-धुअ-समअ-पहाविओअहि-समक्कन्तो
3194,सलिल-भरेन्त-दरि-मुहोरसइ पसम्मन्त-पडिरवं धरणिहरो // शेतु.३९
3195,
3196,णिज्जिअ-सेस-कलअलोपढमप्फालिअ-रसन्त-धणु-णिग्घोसो
3197,सामरिस-विम्भिआणण-दहवअणाअण्णिओ चिरेण पसन्तो // शेतु.४०
3198,
3199,ताव अ रक्खस-णाहोपाआरन्तरिअ-कडइअं कइ-सेण्णं
3200,रण-महिअं अगणेन्तोणिअए णिद्दा-परिक्खअम्मि विउद्धो // शेतु.४१
3201,
3202,
3203,[प. १०२]
3204,वहइ विवलाअ-णिद्दंबिइओवास-परिअत्तणावद्ध-सुहं
3205,विसम-सुअ-मङ्गल-रवंओहीअन्त-पअलाइअं दहवअणो // शेतु.४२
3206,
3207,तो महु-मअ-मुच्चन्तामसिणोहीरन्त-लोहिअच्छि-णिहाअं
3208,धणु-सद्दामरिस-हअंणिद्दा-सेसं दसाणणस्स विअलिअं // शेतु.४३
3209,
3210,तुङ्ग-मणि-तोरणाइ वएक्कक्कम-लङ्घिअङ्गुलि-करालाइं
3211,उद्धं भुअ-जुअलाइंमुअइ वलेऊण णिअअ-सअणुच्छङ्गे // शेतु.४४
3212,
3213,अह भअ-चलिएरावण-भज्जन्त-क्खम्भ-दिण्ण-सुर-संखोहं
3214,आहम्मिउं पअत्तंरण-संणाह-पिसुणं दसाणण-तूरं // शेतु.४५
3215,
3216,रण-सण्णा-पडिउद्धागहिअ-जहासण्ण-पहरणा रअणिअरा
3217,मीलन्त-कण्ठ-लग्गंथोअं घेत्तूण णिग्गआ जुवइ-जणं // शेतु.४६
3218,
3219,आउच्छमाण-गहिआसुअम्मि अत्थेक्क-समर-सण्णा-वडहे
3220,जुअइ-मुहाहि पिआणंणेन्ति अमुक्क-सिढिल-ट्ठिआ अहरोट्ठा // शेतु.४७
3221,
3222,पिअअम-कण्ठोलइअंजुअईण सुअम्मि समर-संणाह-रवे
3223,ईसि-णिहं णवर भअंसुरअ-क्खेएण गलइ बाहा-जुअलं // शेतु.४८
3224,
3225,सुअ-सण्णा-रव-तुरिआपडिवण्णाउह-विहत्थ-वलिअ-कर-अला
3226,उव्वेल्लन्ति णिसिअरावच्छ-वलन्त-त्थणं पिआवेढ-सुहं // शेतु.४९
3227,
3228,रुम्भन्तीण पिअअमेअक्कअ-उव्वे वि पणअ-भङ्गम्मि कए
3229,जुअईण चिर-परूढोभअ-हित्थम्मि हिअए ण लग्गइ माणो // शेतु.५०
3230,
3231,जह जह पिआइ रुब्भइसंभाविअ-सामिआवमाणब्भहिअं
3232,तह तह भइस्स वड्ढइसंमाणिअ-मच्छरेण समरुच्छाहो // शेतु.५१
3233,
3234,
3235,[प. १०३]
3236,दइआ-करेहि धरिआखलिआ पणएण पेम्म-राएण हिआ
3237,माणेण ववट्ठविआरण-परिओसेण णिग्गआ रअणिअरा // शेतु.५२
3238,
3239,सुर-समरुच्च-च्छन्दाकइ-समसीस-लहुआइअम्मि रण-भरे
3240,लज्जन्ति अ संणहिउंण अ विसहन्ति पसरं परस्स णिसिअरा // शेतु.५३
3241,
3242,वण-विवरेसु करालंवण-वेढेसु मुहलं खलन्तद्धन्तं
3243,होइ उर-त्थल-विसमंपुट्ठि-णिराअ-ट्ठिअं महोअर-कवअं // शेतु.५४
3244,
3245,सुर-समर-दिट्ठ-सारोरक्खस-णाहस्स जङ्गमो पाआरो
3246,सर-मोक्खेसु सुहत्थोसंणज्झइ हरिसिओ कमेण पहत्थो // शेतु.५५
3247,
3248,तिसिरस्स समुक्खित्तोबहु-कण्ठन्तर-करालिओ संणाहो
3249,सिढिलं चिअ ओसरिओएक्कमुहुक्खित्त-हत्थ-तणुअम्मि उरे // शेतु.५६
3250,
3251,दिण्ण-महि-अम्प-गरुअंसंचालेन्ते महोअरे अप्पाणं
3252,वच्छ-त्थल-पुञ्जइओओसरइ भरेण अप्पणो संणाहो // शेतु.५७
3253,
3254,णीसरिएरावण-दन्त-मुसल-दीसन्त-मसिण-णिहस-च्छाअं
3255,कवअं मज्झ-करालंउत्तम्भिज्जइ उर-त्थले इन्दइणो // शेतु.५८
3256,
3257,अइकाअस्स वि कवएचिरेण ऊरूसु ठिअ-पलम्बोसारे
3258,देह-प्पहा-विमुक्कंजाअं वोच्छिण्ण-कसण-मिहिअं व णहं // शेतु.५९
3259,
3260,समर-तुरिओ विसूरइउर-त्थलुव्वत्त-दाविअंसोवासं
3261,आवन्धिऊण कवअंवज्ज-मुह-च्छिण्ण-बन्धणं धुम्मक्खो // शेतु.६०
3262,
3263,रोसेण चिर-परूढेफुडिए असणिप्पहस्स वण-संघाए
3264,कवअ-विवरेहि गलिअंसुइरं उप्पाअ-जलहरस्स व रुहिरं // शेतु.६१
3265,
3266,उक्खिप्पन्त-णिराआअमरिस-वेअ-वलिए णिउम्भस्स उरे
3267,फुड-दाविअ-सीमन्ताविअलिअ-लोह-वलआ विसट्टइ माढी // शेतु.६२
3268,
3269,
3270,[प. १०४]
3271,सुर-पहरण-घाअ-सहंसुओ वि सुपरिच्छअं णिवन्धइ कवअं
3272,समुह-ट्ठिअं ण आणइपुरओ दुव्वार-राम-सर-दुज्जाअं // शेतु.६३
3273,
3274,तुरिआउच्छिअ-कामिणि-वलन्त-धणिओवऊहणाहिण्णाणं
3275,थण-परिमलं दअन्तोणीअ च्चिअ सारणो ण बन्धइ कवअं // शेतु.६४
3276,
3277,जुत्ता कुम्भस्स रहेमाआ-बद्ध-मुहलन्धआर-धअ-वडे
3278,सुर-रुहिर-दट्ठ-केसर-गुप्पन्त-भुअंग-पग्गहा केसरिणो // शेतु.६५
3279,
3280,णिम्माएइ अमरिसंपडिहत्थेइ गरुअं पि सामिअ-सुकअं
3281,विहुणइ पराहिमाणंणिमिओ मुट्ठिम्मि मण्डलग्गस्स करो // शेतु.६६
3282,
3283,संणज्झन्ति समत्थाण सहिज्जइ कलअलो विसूरइ हिअअं
3284,विरएइ सुर-वहु-जणोविमाण-तोरण-गआगओ णेवच्छं // शेतु.६७
3285,
3286,इअ जा समर-सअण्होसंणज्झइ हरिसिओ णिसाअर-लोओ
3287,ता रहुवइ-दीसन्तंअल्लीणं चिअ समन्तओ कइ-सेण्णं // शेतु.६८
3288,
3289,भग्गाराम-विओलंदलिउज्जाण-भवणोवणिग्गम-लहुइं
3290,ओवग्गन्ति पवंगासोहा-विणिअंसणं णिसाअर-णअरिं // शेतु.६९
3291,
3292,अङ्काअअ-रअणिअरंधीराअन्त-पवआहिव-धरिज्जन्तं
3293,रसइ विसमाअअ-पअंरोसुद्धाइअ-परिट्ठिअं पवअ-बलं // शेतु.७०
3294,
3295,रहसल्लिअन्त-गव्विअ-कइ-सेण्ण-च्छन्द-णह-अलल्लीण-सुरं
3296,बन्दित्तण-दट्ठव्वंपेच्छइ सुर-वहु-जणो णिसाअर-णअरिं // शेतु.७१
3297,
3298,रण-रहस-पत्थिआणंउरु-वेअ-विसट्ट-सेल-सिहर-क्खलिआ
3299,पवआण पढम-भग्गापडन्ति समइञ्छिआण मग्गेण दुमा // शेतु.७२
3300,
3301,णह-अल-समुट्ठिएहिंपाआरन्तरिअ-धअ-वडेहि पवंगा
3302,सूएन्ति गुडिअ-वारण-रइअ-घडा-बन्ध-संठिए रअणिअरे // शेतु.७३
3303,
3304,
3305,[प. १०५]
3306,भमइ पवणाणुसारीपवअ-बलस्स खलिउट्ठिअ-पउच्छलिओ
3307,दुम-भङ्ग-सद्द-विसमोमहि-णीहरिअ-गरुओ समुल्लवण-रओ // शेतु.७४
3308,
3309,णिद्दलिअ-मणि-अडाणंदेन्ति जहासण्ण-विवर-पल्हत्थाणं
3310,विहडिअ-सुवेल-लम्बिअ-दिसा-वलन्तोज्झरत्तणं फडिहाणं // शेतु.७५
3311,
3312,जे चिर-आल-परूढासमराइञ्छिअ-महिन्द-पअ-णिक्खेवा
3313,ते णवर गोउरन्तर-विहडण-चडुलेहि वाणरेहि विहडिआ // शेतु.७६
3314,
3315,जाआ णिसाअर-पुरीपाआरब्भन्तरावसेस-धअ-वडा
3316,खण-वाणर-संवेल्लिअ-फलिहा-विज्झविअ-रक्खसेन्द-पआवा // शेतु.७७
3317,
3318,विअड-गिरि-ऊड-संणिह-णिरन्तरासण्ण-वाणर-परिक्खित्ता
3319,जाआ पाआरोहअ-मज्झ-व्वूढ-फडिह व्व रक्खस-णअरी // शेतु.७८
3320,
3321,तो तं वलन्त-विअडंवाणर-सेण्णं विहत्त-दाराहोअं
3322,जाअं णिवह-णिरन्तर-लङ्का-पाआर-घडिअ-मण्डलि-बन्धं // शेतु.७९
3323,
3324,बिइओअहि-गम्भीरेफलिहावत्तम्मि बिइअ-बद्ध-गिरि-वहा
3325,आढत्ता लङ्घेउंबिइअ-सुवेलं व वाणरा पाआरं // शेतु.८०
3326,
3327,णवरि अ मुक्क-कलअलंवाणर-तुलिअम्मि दहमुहाहिट्ठाणे
3328,चलिअं रअणिअर-बलंखअग्गि-विहुए व्व महि-अले उअहि-जलं // शेतु.८१
3329,
3330,आरूढो णीइ रहंआसण्ण-गइन्द-लङ्घण-वलन्तेहिं
3331,सरहेहि समर-तुलिओजुत्तं जुअ-भग्ग-केसरेहि णिउम्भो // शेतु.८२
3332,
3333,कह वि पडिवद्ध-कवओसमरासङ्घिअ-समत्थ-वाणर-लोओ
3334,णीइ धणु-कोडि-ताडण-तूरविअ-तुरंगमो रहेण पअङ्घो // शेतु.८३
3335,
3336,चडुल-वडाआ-णिवहोकञ्चण-घर-भित्ति-विअड-कूवर-बन्धो
3337,इन्दइणो वि पसरिओएक्कुद्देसो व्व रक्खस-उरीअ रहो // शेतु.८४
3338,
3339,
3340,[प. १०६]
3341,खण-परिअत्त-मइन्दाखण-लक्खिअ-कुञ्जरा खणन्तर-महिसा
3342,तस्स खण-मेत्त-मेहारहं वहन्ति खण-पव्वआ अ तुरंगा // शेतु.८५
3343,
3344,अविसज्जिअ-णिक्कन्तेअत्थाण-क्खोह-हलहलुट्ठिअ-मुहले
3345,दहवअणस्स सुहावइआणा-भङ्गो वि तक्खणं णिअअ-बले // शेतु.८६
3346,
3347,गुडिअ-गुडिज्जन्त-भडंसोहइ रण-तुरिअ-जुत्त-जुज्जन्त-रहं
3348,घडिअ-घडेन्त-गअ-घडंचलिअ-चलन्त-तुरअं णिसाअर-सेण्णं // शेतु.८७
3349,
3350,हत्थि-गअ-वरिअ-रामंरह-गअ-सच्चविअ-पवअ-वइ-सोमेत्तिं
3351,आस-गअ-वरिअ-हणुमंभूमी-गअ-वरिअ-कइ-बलं णीइ बलं // शेतु.८८
3352,
3353,रह-संघट्ट-क्खलिअंगोउर-मुह-पुञ्जइज्जमाण-गअ-घडं
3354,भवणन्तर-गुप्पन्तंअघडेन्तेक्कमुह-णिग्गमं वलइ बलं // शेतु.८९
3355,
3356,दुक्खेण गोउराइंवलन्त-जुअ-कोडि-विहडिअ-कवाडाइं
3357,बोलन्ति रक्खस-रहातंसोणामिअ-धआहओवरि-तडिमा // शेतु.९०
3358,
3359,णिसुढिअ-दिसा-गइन्दंभग्ग-भुअंग-प्फणं दलिअ-पाआलं
3360,गरुअं पि रक्खसाणंअइरा-होन्त-लहुअं भरं सहइ मही // शेतु.९१
3361,
3362,अग्ग-क्खन्धावडिअंमज्झे दार-मुह-रुद्ध-पुञ्जिअ-पिहुलं
3363,ऊसासिअ-साहि-मुहंकूलाभरिअ-भवणङ्गणं णीइ बलं // शेतु.९२
3364,
3365,इअ दार-कअ-त्थम्भंणीइ विहिण्ण-विअडं णिसाअर-सेण्णं
3366,एक्कमुह-दरि-विणिग्गअ-सम-त्थलुत्ताण-पत्थिअ-णइ-च्छाअं // शेतु.९३
3367,
3368,जाआइ तं मुहुत्तंपुण्ण-ज्झीण-सरिआ-पुलिण-सोहाइं
3369,रक्खस-घरङ्गणाइंगअ-समराहिमुह-जोह-पइरिक्काइं // शेतु.९४
3370,
3371,लङ्का-वेढण-तुरिओआलोइअ-दार-णिन्त-रक्खस-लोओ
3372,रसिऊण पवअ-णिवहोखर-पवणाइद्ध-वण-दओ व्व पचलिओ // शेतु.९५
3373,
3374,
3375,[प. १०७]
3376,पहरुज्जुअ-पाइक्कंपरिवड्ढइ पक्ख-पसरिआसारोहं
3377,मुक्कङ्कुस-माअङ्गंसिढिलिअ-रह-पग्गहं णिसाअर-सेण्णं // शेतु.९६
3378,
3379,तो एक्काअअ-वेअंएक्कक्कम-दिण्ण-महि-अलब्भहिअ-पअं
3380,ठाइ अणोहीण-भडंतह परिमण्डल-पहाविअं कइ-सेण्णं // शेतु.९७
3381,
3382,पत्थन्ति जाअ-रोसापत्थिज्जन्ति अ महग्घ-रण-सोडीरा
3383,णिहणन्ति णिहम्मन्ति अअणुराएण णवरं ण भज्जन्ति भडा // शेतु.९८
3384,
3385,
3386,इअ सिरि-पवरसेण-विरइए दहमुहवहे महाकव्वे बारहो आसासओ
3387,
3388,
3389,---------------------------------------------------------------------
3390,
3391,[प. १०८]
3392,[तेरहो आसासओ]
3393,
3394,अह णिग्गअ-मिलिएहिंअल्लीण-समागएहि अ विमुक्क-रवं
3395,रअणिअर-वाणरेहिंदिण्णं सहिअं च गरुअ-रण-पत्थाणं // शेतु.१
3396,
3397,तह अ पुरिल्ल-णिवाइअ-देहोवरि-णिमिअ-चलण-पत्थण-तुरिआ
3398,एक्कक्कमं अहिगआथोअं जह पहर-लालसा ओसरिआ // शेतु.२
3399,
3400,जह हिअएहि ववसिअंरअ-कलुसेहि णअणेहि जह सच्चविअं
3401,रअणिअरेहि रण-मुहेतह पडिवक्खम्मि पहरणं ओहरिअं // शेतु.३
3402,
3403,पअ-लम्भब्भहिअ-जवामुट्ठि-परिट्ठविअ-णिप्पअम्प-क्खग्गा
3404,सच्चविअ-लद्ध-लक्खापढम-पहार-विसआ ण भज्जन्ति भडा // शेतु.४
3405,
3406,विहुणन्ति चलिअ-विडवेमुह-मण्डल-घोलणुप्पुसिअ-सिन्दूरे
3407,पवअ-स-हत्थाइद्धेकुम्भ-अडुक्खुत्त-पाअवे माअङ्गा // शेतु.५
3408,
3409,रोसस्स दासरहिणोमअणस्स अ दूसहस्स रक्खस-वइणो
3410,समअं चिअ अड्ढत्तोदोण्ह वि अणुरूअ-दारुणो परिणामो // शेतु.६
3411,
3412,णिहणन्ति गएहि गएतुरएहि तुरंगमे रहेहि अ रहिणो
3413,जाअं पवंगमाणंपडिवक्खो पहरणं च रक्खस-सेण्णं // शेतु.७
3414,
3415,सर-विक्किण्ण-महिहरासर-विहडिअ-सेस-मुग्गराहअ-सेला
3416,पहरण-मग्गाइञ्चिअ-भुअ-चुण्णिअ-पव्वआ भमन्ति णिसिअरा // शेतु.८
3417,
3418,भाअ-पडिओ वि वित्थअ-गिरि-परिणाह-विअडे पवंग-क्खन्धे
3419,अपहुप्पन्तावेढोउल्ललइ गअस्स थोर-कर-पब्भारो // शेतु.९
3420,
3421,
3422,[प. १०९]
3423,रअणिअरोर-त्थल-चुण्णिअस्स-कइ-रोस-पेसिअस्स सिहरिणो
3424,उद्धं उद्धाइ रओओसरइ अहोमुहो सिला-संघाओ // शेतु.१०
3425,
3426,रिउ-बल-मज्झ-णिराआणिहअ-णिरन्तर-णिसुद्ध-णज्जन्त-भडा
3427,विक्कम-णीसामण्णादट्ठुं पि भडाण दुक्करा गइ-मग्गा // शेतु.११
3428,
3429,णिव्वुब्भइ सोडीरंअप्पडिहत्थ-लहुओ हसिज्जइ पहरो
3430,वड्ढइ वेरावन्धोअइसंधिज्जन्ति साहसेसु समत्था // शेतु.१२
3431,
3432,ण पडइ पडिए वि सिरेसूल-विहिण्णं पि णेअ भिज्जइ हिअअं
3433,दुप्परिइअं ण लग्गइलाविज्जन्तं पि पडिभडाण रण-भअं // शेतु.१३
3434,
3435,सहइ पहरेसु दप्पोदप्प-ट्ठाणेसु सहइ पुरिसासङ्घो
3436,णिद्दोसेसु भडाणंओसारेसु वि ण ओसरइ रोस-रसो // शेतु.१४
3437,
3438,रिउ-गअ-भिण्णुक्खित्तारोस-विहुव्वन्त-चडुल-केसर-णिवहा
3439,दढ-दट्ठ-दन्त-मूलारसिऊण समच्छरं णिमिल्लन्ति कई // शेतु.१५
3440,
3441,अवहीरणा ण किज्जइसुमरिज्जइ संसए वि सामिअ-सुकअं
3442,ण गणिज्जइ विणिवाओदिट्ठे वि भअम्मि संभरिज्जइ लज्जा // शेतु.१६
3443,
3444,पढुमाणिआहि सुइरंजे जीविअ-संसअम्मि वि परिच्छूढा
3445,ते च्चिअ अहिमुह-णिहआसुर-बन्दीहि अहिसारिआ रअणिअरा // शेतु.१७
3446,
3447,रअणिअर-बद्ध-लक्खोअबद्ध-रुहिर-परिपण्डुरङ्ग-च्छेओ
3448,अगणिअ-वण-संतावोउण्ह-पहार-सरसो समल्लिअइ कई // शेतु.१८
3449,
3450,ण पडिक्खन्ति अवसरंओच्छुन्दन्ति जणिअं परेण पआवं
3451,बोलेन्ति जहा-भणिअंसाहुक्कार-पुरओ अइन्ति समत्था // शेतु.१९
3452,
3453,[आइकुलअं १२]
3454,इअ ताण तं विअम्भइसुरङ्गणा-सुरअ-लम्भ-संकेअ-हरं
3455,भग्ग-जम-लोअ-वन्थंमहेन्द-भवणुज्जुआइअ-वहं जुज्झं // शेतु.२०
3456,
3457,
3458,[प. ११०]
3459,कइ-वच्छ-त्थल-परिणअ-णिअअ-मुहत्थमिअ-दन्ति-दन्त-प्फलिहं
3460,णिहअ-भड-महिअ-णिवडिअ-सुर-वहु-चल-वलअ-मुहल-पवअ-गइ-वहं // शेतु.२१
3461,
3462,ओवअणोसुद्ध-रहंउप्पअणोच्छित्त-विहडमाण-गइन्दं
3463,गहिअ-प्फिडिअ-तुरंगंअणुधाविअ-पवअ-णिहअ-रक्खस-जोहं // शेतु.२२
3464,
3465,रस-णिव्वाओर-त्थल-सुह-विसहिज्जन्त-चन्दण-दुम-प्पहरं
3466,कलअल-लोहुग्घाडिअ-मुह-बोलीण-सर-मग्ग-णिन्त-णिणाअं // शेतु.२३
3467,
3468,भिण्ण-घडिज्जन्त-घडंपडिरुद्धोसरिअ-चक्कलिअ-पाइक्कं
3469,रुहिरोहिण्ण-रह-वहंमुह-सुक्ख-प्फेण-णिहुअ-हेसिअ-तुरअं // शेतु.२४
3470,
3471,रिउ-पहरण-परिओसिअ-साहुक्कार-रव-गब्भिण-पडन्त-सिरं
3472,णिब्भिण्ण-पहर-मुच्छिअ-वअणब्भन्तर-विराअ-भड-चुक्कारं // शेतु.२५
3473,
3474,सेल-पहरुव्विआइअ-दुक्ख-ववट्ठविअ-हत्थि-पत्थिअ-जोहं
3475,भग्ग-धअ-चिण्ह-विमुहिअ-पणट्ठ-णिअअ-भड-दुक्ख-णज्जन्त-रहं // शेतु.२६
3476,
3477,गिरि-पेल्लिअ-रह-कड्ढण-विहल-वसारिअ-मुह-त्थणन्त-तुरंगं
3478,महि-अल-पलोट्ट-महिहर-रअअ-रसोमलिअ-भिण्ण-पण्डुर-रुहिरं // शेतु.२७
3479,
3480,कइ-मुक्क-चुण्णिअ-ट्ठिअ-सेल-मुणिज्जन्त-सरस-सरिआ-मग्गं
3481,ओहरिअ-वञ्चिआइञ्चिआसि-मग्गोवडन्त-वाणर-जोहं // शेतु.२८
3482,
3483,अहिधावन्त-पवंगम-मुक्कंस-णिराअ-केसर-सडुग्घाअं
3484,मज्झन्त-भाअ-णिवडिअ-दण्डाउह-भिण्ण-महि-अलोविद्ध-भडं // शेतु.२९
3485,
3486,गहिअ-सिर-दट्ठ-वाणर-णिसाअरोर-त्थलद्ध-रोविअ-दाढं
3487,णह-धरिअ-पव्वओज्झर-सीभर-तण्णाअ-गरुइओसण्ण-रअं // शेतु.३०
3488,
3489,
3490,[प. १११]
3491,सारहि-हत्थ-अलाहअ-मुह-पडिउट्ठिअ-तुरंग-णिव्वूढ-रहं
3492,सर-घाअ-चुण्णिओवइअ-पव्वआवीअ-रुहिर-सरिआ-सोत्तं // शेतु.३१
3493,
3494,
3495,अट्टन्ति असहणाइंखण्डिज्जन्त-पडिसारिअद्धन्ताइं
3496,वोच्छिज्जन्त-मुहाइंभिज्जन्तोसरिअ-पडिभडाइ बलाइं // शेतु.३२
3497,
3498,वाणर-पहरुक्खुडिआअणिरूविअ-लक्ख-पेसिआसि-पहरणा
3499,मुच्छा-णिमीलिअच्छाओहीरन्ता वि अल्लिअन्ति णिसिअरा // शेतु.३३
3500,
3501,चुण्णिअ-गरुअ-पडिभडोफुरइ अणल्लीण-रक्खसाहअ-विहलो
3502,खण्डिज्जन्त-पअट्टोओलि-च्छिण्ण-पडिओ पवंगम-जोहो // शेतु.३४
3503,
3504,सोडीरेण पआवोछाआ पहरेहि विक्कमेहि परिअणो
3505,जीएण अ अहिमाणोरक्खिज्जइ अ गरुओ सरीरेण जसो // शेतु.३५
3506,
3507,भिज्जइ उरो ण हिअअंगिरिणा भज्जइ रहो ण उण उच्छाहो
3508,छिज्जन्ति सिर-णिहाआतुङ्गा ण उण रण-दोहला सुहडाणं // शेतु.३६
3509,
3510,सेलोज्झरेहि गअणेधुअ-लोहिअ-सीभरेहि धारा-मग्गे
3511,मअ-सलिलेहि घडासु अवोच्छिज्जइ पसरिअं महि-रउट्ठाणं // शेतु.३७
3512,
3513,विसहिअ-खग्ग-प्पहरागइन्द-दन्त-लिहिअग्गला-पडिरूआ
3514,सेलाइञ्छण-वलिआविसमं भज्जन्ति पवअ-बाहु-प्फडिहा // शेतु.३८
3515,
3516,तेण्हाइओ वि सुइरंसंणाह-च्छेअ-गब्भिणम्मि वण-मुहे
3517,णिव्वलिअ-लोह-विरसंण पिअइ आमुअइ चक्खिऊण विहंगो // शेतु.३९
3518,
3519,वेवइ पडिओ वि भुओओसुद्धम्मि वअणम्मि धरइ अमरिसो
3520,लुअ-सीसं पि कवन्धंधावइ उक्खित्त-कण्ठ-लोहिअ-धारं // शेतु.४०
3521,
3522,
3523,[प. ११२]
3524,देइ रसं रिउ-पहरोवहइ धुरं विक्कमस्स वेरावन्धो
3525,आअड्ढिअ-रण-रहसोदप्पं वड्ढेइ आअओ अइभारो // शेतु.४१
3526,
3527,साहेइ रिउं व जसंण सहइ आआरिअं व काल-क्खेवं
3528,लहइ सुहं मिव णासंजीअं मुअइ समुहं पहरणं व भडो // शेतु.४२
3529,
3530,विसहिअ-खग्ग-प्पहराविअलिअ-लोहिअ-किलिन्त-णीसार-भुआ
3531,मुच्छिज्जन्तोअल्लाअक्कन्ता णिअअ-महिहरेहि पवंगा // शेतु.४३
3532,
3533,दअइ कुसुअं व माणंवड्ढन्तं पि अणहं ण पत्तिअइ जसं
3534,ण करेइ लोअ-गरुएजीअ च्चिअ णवर आअरं भड-सत्थो // शेतु.४४
3535,
3536,णिहआलक्खिअ-जोहेजाए लहुअम्मि णिअअ-धारा-मग्गे
3537,परिवड्ढन्ताइ-भरंगरुअं पर-संकुलं अइन्ति समत्था // शेतु.४५
3538,
3539,धारेन्ति जसस्स धुरंएन्तं ण सहन्ति विक्कमस्स परिहवं
3540,रोसस्स करेन्ति धिइंमाणं वड्ढेन्ति साहसस्स समत्था // शेतु.४६
3541,
3542,पहरासाइअ-हरिसंखण-मुच्छा-गलिअ-रण-मणोरह-सोक्खं
3543,जीअ-विढत्तच्छरसंसिर-परिवत्तिअ-जसं विअम्भइ समरं // शेतु.४७
3544,
3545,संदेहेसु हसिज्जइरज्जिज्जइ साहसे रमिज्जइ वसणे
3546,मुच्छासु वीसमिज्जइणिव्वूढं ति णवरं गणिज्जइ मरणे // शेतु.४८
3547,
3548,चलिओ अ चरण-पहओअउव्व-दिण्ण-रइ-मण्डल-गहासङ्को
3549,अत्थेक्क-कड्ढिअ-णिसोअभाअ-भग्ग-दिअसो महि-रउग्घाओ // शेतु.४९
3550,
3551,मूले बहलुग्घाओमज्झोआसे पसारिअत्तण-तडिणो
3552,णह-पुञ्जिअ-वित्थरिओपडइ दिसासु गरुअत्तणेण महि-रओ // शेतु.५०
3553,
3554,मुअइ भरेइ णु वसुहंणीइ दिसाहिं थएइ णु दिसा-अक्कं
3555,अद्दिट्ठ-णिग्गम-वहोपडइ णहाहि गअणं विलग्गइ णु रओ // शेतु.५१
3556,
3557,
3558,[प. ११३]
3559,दीसइ रअणिअर-बलंपवंग-जोहेहि मासल-रअन्तरिअं
3560,ओसाअ-हअस्स ठिअंपुरओ मणि-पव्वअस्स व हअ-च्छाअं // शेतु.५२
3561,
3562,ओधूसरिअ-घअ-वडोपसरइ मइलिअ-तुरंगम-मुह-प्फेणो
3563,कसण-मिहिअ व्व तणुओणहम्मि सामलइआअवो रअ-णिवहो // शेतु.५३
3564,
3565,वाणर-रहस-विसज्जिअ-णहङ्गणोवइअ-सेल-मग्ग-णिराओ
3566,रइणो कलुस-च्छाओपडइ पणालोज्झरो व्व किरणुज्जोओ // शेतु.५४
3567,
3568,कुविओहरिअ-णिसाअर-पवअ-दढ-क्खन्ध-पूरिअद्धन्तासुं
3569,मंसल-महु-कोस-णिहोबज्झइ बद्ध-रुहिरासि-धारासु रओ // शेतु.५५
3570,
3571,रण-परिसक्कण-विहलारइ-किरणाहअ-किलिन्त-मउलिअ-णअणा
3572,णिव्वाअन्ति गइन्दासीभर-संवलिअ-रेणु-कद्दमिअ-मुहा // शेतु.५६
3573,
3574,मूलाहोअ-करालासोणिअ-सोत्त-णिवहन्तराल-पसरिआ
3575,एक्कक्कमेण समअंसंबज्झन्ति उअरिं महि-लउप्पीडा // शेतु.५७
3576,
3577,णिव्वालेऊण णहेगअ-सुक्कारिअ-वलन्त-धअ-वड-तणुइं
3578,पवणो कड्ढइ विसमंछाआ-वह-पट्ठ-धूसरं रअ-लेहं // शेतु.५८
3579,
3580,संरुम्भइ दिट्ठि-वहंगआण अहिमुह-पहाविआण रण-मुहे
3581,मारुअ-कम्पिज्जन्तोवअणब्भासम्मि मुह-वडो व्व महि-रओ // शेतु.५९
3582,
3583,णवरि अ भड-वच्छ-त्थल-वण-मग्ग-णिराअ-पत्थिउच्छलिआए
3584,रुहिर-णईअ महि-रओउम्मूलिअ-कूल-पाअवो व्व णिसुद्धो // शेतु.६०
3585,
3586,पलहुअ-णीहार-णिहंसंघाइअ-कमल-णाल-तन्तु-च्छाअं
3587,घोलइ दर-वोच्छिण्णंमारुअ-भिण्ण-तलिण-ट्ठिअं रअ-सेसं // शेतु.६१
3588,
3589,रुम्भन्तुज्जुअ-मग्गंधराहरन्तर-वलन्त-णइ-सोत्त-णिहं
3590,वलइ वलन्त-धअ-वडंपडिअ-गइन्द-णिवहन्तरालेसु बलं // शेतु.६२
3591,
3592,
3593,[प. ११४]
3594,दूसह-सहिअ-प्पहरादुव्वोज्झ-विलग्ग-समर-णिव्वूढ-भरा
3595,ओच्छुण्ण-दुग्गम-पहाकअ-दुक्कर-पेसणा पडन्ति पवंगा // शेतु.६३
3596,
3597,बन्धु-वह-बद्ध-वेरंसहस्स-पूरण-कवन्ध-जणिआमोअं
3598,वड्ढइ भड-दिण्ण-रसंभुज-पब्बल-पहुअ-वीर-पडणं जुज्झं // शेतु.६४
3599,
3600,मणिबन्धागअ-पुञ्जिअ-संणाह-च्छेअ-वलअ-दिण्णावेढं
3601,णेउं ण चएइ सिआमूलुच्छिण्ण-गरुअं णिसिअरस्स भुअं // शेतु.६५
3602,
3603,आवत्तन्तर-वलिआरुहिर-णिहाएसु पास-बद्ध-प्फेणा
3604,ओल्लन्त-पम्ह-गरुआअत्थाअन्ति पडिऊण चमरुप्पीडा // शेतु.६६
3605,
3606,उद्ध-मुह-मुक्क-णाआपुव्वद्ध-भरोसिअन्त-पच्छिम-भाआ
3607,कुम्भे पवअ-सिलाहअ-खुप्पन्तुद्धङ्कुसे धुणन्ति गइन्दा // शेतु.६७
3608,
3609,अह पवअ-भरुब्भन्तापहरुज्जुअ-तिअस-भङ्ग-दाण-समुइआ
3610,जाआ रक्खस-जोहापढमुग्गअ-दुक्करं पडिवहाहिमुहा // शेतु.६८
3611,
3612,भग्गोणिअत्तिअ-गअंभमिअं ठाण-परिवत्तिओभग्ग-रहं
3613,एक्क-पअ-वलिअ-जोहंमण्डलि-दिण्ण-तुरअं णिसाअर-सेण्णं // शेतु.६९
3614,
3615,अमरिस-वित्थक्कन्ताविवलाअन्ति भमिऊण गलिआमरिसा
3616,ईसि-विअत्त-च्छूढाणिब्भीअल्लीण-वाणरा रअणिअरा // शेतु.७०
3617,
3618,रह-संदाणिअ-तुरअंतुरंगमोर-त्थल-क्खलिअ-पाइक्कं
3619,पाइक्कावलिअ-गअंगअ-भज्जन्त-रह-संकुलं वलइ बलं // शेतु.७१
3620,
3621,ससइ विसमुद्ध-कम्पंगरुआअन्त-भुअ-लम्बिओभग्ग-दुमं
3622,विहलोसरिअ-पडिभडंसण्णोवाहिअ-णिसाअरं पवअ-बलं // शेतु.७२
3623,
3624,
3625,[प. ११५]
3626,अक्खण्डिअ-सोडीरापवआणिअ-पढम-माण-भङ्गावसरा
3627,भग्गा वि भमन्ति पुणोणीसेसं रक्खसा ण गेण्हन्ति भअं // शेतु.७३
3628,
3629,[अन्त्यकुलअं ४]
3630,तह वि अ दर-परिवत्तिअ-चक्कलइज्जन्त-गरुअ-चक्क-रह-वहं
3631,वित्थक्कन्त-पहाविअ-समत्थ-संठावणा-विढत्त-रण-जसं // शेतु.७४
3632,
3633,वाणर-परंमुहोणामिअद्ध-मोडिअ-णिलाड-वट्ट-णिसिअरं
3634,पर-सेण्ण-कलअलाहित्थ-पडिणिअत्तन्त-गअ-विओलारोहं // शेतु.७५
3635,
3636,चल-वाणराणुधाविअ-वाल-धरिज्जन्त-णिच्चल-ट्ठिअ-तुरअं
3637,णिहअ-भड-पडिअ-सारहि-पवंग-भेसिअ-तुरंग-हीरन्त-रहं // शेतु.७६
3638,
3639,धारा-मग्ग-णिवाइअ-बल-पडिहअ-विरल-वाणरुण्णिअ-मग्गं
3640,भग्गं गलन्त-पहरण-सुण्णइओहअ-भुअं णिसाअर-सेण्णं // शेतु.७७
3641,
3642,
3643,अह हिअ-मच्छर-लहुआएक्कक्कम-चक्खु-रक्खणाहिअ-हिअआ
3644,हिअआवडिअ-दहमुहावलिआ पडिमुक्क-रण-भआ रअणिअरा // शेतु.७८
3645,
3646,वोच्छिण्ण-संधिअ-जसाहोन्ति णिअत्त-समुह-ट्ठविअ-सोडीरा
3647,कइ-बल-दुप्परिअल्लासिढिलिअ-पडिवण्ण-रण-धुरा रअणिअरा // शेतु.७९
3648,
3649,तो भङ्ग-लज्जिआणंपरिवड्ढिअ-पसर-हरिसिआण अ गरुअं
3650,रअणिअर-वाणराणंवरिआआरिअ-भडं पवट्टइ जुज्झं // शेतु.८०
3651,
3652,सुग्गीवेण पअङ्घोसत्तच्छअ-पाअवेण दिण्ण-रण-सुहो
3653,वण-गअ-दाण-सुरहिणावच्छुच्छलिअ-कुसुमट्टहासेण हओ // शेतु.८१
3654,
3655,दिविआहअस्स समरेसुरहिं उर-पडिअ-सरस-चन्दण-गन्धं
3656,असणिप्पहस्स जीअंअग्घाअन्त-सुहिओणिमिल्लस्स गअं // शेतु.८२
3657,
3658,हन्तूण वज्जमुट्ठिंहसइ मइन्दो वि मुट्ठि-घाअ-णिसुद्धं
3659,आहित्थ-दिट्ठि-णिग्गअ-जलण-सिहाअम्ब-फुडिअ-लोअण-जुअलं // शेतु.८३
3660,
3661,
3662,[प. ११६]
3663,कुविएण विज्जुमालीचिर-जुज्झिअ-हरिसिओ सुसेणेण कओ
3664,चलण-जुअलावलम्बिअ-णक्खुक्खित्त-खुडिओहअ-भुअ-प्फडिहो // शेतु.८४
3665,
3666,सहिअ-पहरं णलेण वितवणस्स तलाहिघाअ-मोडिअ-कण्ठं
3667,णिहिअं देहम्मि सिरंदेहो अद्ध-णिमिओ महि-अलम्मि कओ // शेतु.८५
3668,
3669,हन्तूण जम्बुमालिंझत्ति विहिण्णो अइञ्चिओ पवण-सुओ
3670,सअल-तल-गाढ-ताडण-भिण्णुच्छलिअ-सिर-मेअ-सित्त-दस-दिसं // शेतु.८६
3671,
3672,अह गेण्हइ अइभूमिंइन्दइ-वालि-तणआण रण-सोडीरं
3673,णिहएक्कमेक्क-परिअण-स-हत्थ-पडिवण्ण-संसअ-तुलारोहं // शेतु.८७
3674,
3675,बाणन्धआरिअ-दिसंधणु-मण्डल-परिगअं विसेसेइ परं
3676,आलोइउक्खआणिअ-मुक्क-पडन्तेहि गिरि-सहस्सेहि कई // शेतु.८८
3677,
3678,णिवडन्ति कुसुम-णिब्भर-मिलिअ-वलन्त-विडवोवऊढ-महुअरा
3679,विवइण्ण-प्फल-लहुआधुअ-मज्झ-क्खुडिअ-पल्लवा दुम-णिवहा // शेतु.८९
3680,
3681,वालि-तणअं ण पावइगअणे गुप्पइ दुमेहि सर-संघाओ
3682,छिज्जन्ति अद्ध-वन्थेएन्ता दहमुह-सुअं ण लङ्घन्ति दुमा // शेतु.९०
3683,
3684,विक्खित्त-लोद्ध-कुसुमंसर-दलिउद्धाअमाण-चन्दण-गन्धं
3685,उद्धुअ-मन्दार-रअंसरस-लवङ्ग-दल-गब्भिणं होइ णहं // शेतु.९१
3686,
3687,[आइकुलअं ७]
3688,इअ तं सम-पडिहत्थंवारं-वार-बल-दिण्ण-साहुक्कारं
3689,इन्दइ-वालि-सुआणंपरं पमाणं गअं पि वड्ढइ जुज्झं // शेतु.९२
3690,
3691,दुम-कुसुम-मज्झ-णिग्गअ-सर-पुङ्खालग्ग-णिज्जमाण-महुअरं
3692,णिव्वावारोसरिअ-ट्ठिओहआविग्ग-सेण्ण-विम्हअ-दिट्ठं // शेतु.९३
3693,
3694,दहमुह-तणअ-विसज्जिअ-सर-भरिअ-णहङ्गणुप्पइअ-वालि-सुअं
3695,वालि-सुअ-रोस-पेसिअ-साल-सिला-सेल-रुद्ध-दहमुह-तणअं // शेतु.९४
3696,
3697,
3698,[प. ११७]
3699,णिसिअर-सर-णिद्दारिअ-वाणर-देह-रुहिरारुण-दिसाहोअं
3700,वाणर-पहर-पअत्तिअ-रक्खस-रुहिरोह-कद्दमिअ-भूमि-अलं // शेतु.९५
3701,
3702,रिउ-सूल-दूमिओहीरमाण-वालि-सुअ-दिण्ण-वाणर-सोअं
3703,सेलाहिघाअ-मुच्छिअ-दहमुह-तणअ-भअ-भिण्ण-रअणिअर-बलं // शेतु.९६
3704,
3705,तारा-तणअ-विसेसिअ-रअणिअर-पअत्त-पवअ-सेण्ण-कलअलं
3706,मन्दोदरि-सुअ-दूमिअ-वाणर-परिओस-मुहल-रक्खस-लोअं // शेतु.९७
3707,
3708,भुअ-पडिअ-णिप्फल-प्फलिह-भङ्ग-हेला-हसन्त-वाणर-जोहं
3709,उर-भिण्ण-सिला-अल-मेहणाअ-मुक्कट्टहास-पण्डुरिअ-णहं // शेतु.९८
3710,
3711,
3712,अह इन्दइम्मि वालि-तणएण समराणुराअ-भग्गुच्छाहे
3713,णिहओ त्ति हसन्ति कईमाआइ ठिअ त्ति हरिसिआ रअणिअरा // शेतु.९९
3714,
3715,
3716,इअ तेरहो आसासओ परिसमत्तो
3717,
3718,
3719,---------------------------------------------------------------------
3720,
3721,[प. ११८]
3722,[चउद्दहो आसासओ]
3723,
3724,अह णिप्फल-गअ-दिअसोजहिच्छिआसंपडन्त-दहमुह-लम्भो
3725,जूरइ लङ्काहिमुहोअलसाअन्त-हअ-रक्खसो रहुणाहो // शेतु.१
3726,
3727,एएसु सुह-णिसण्णोण णीइ समरं दसाणणो त्ति गणेन्तो
3728,इच्छइ दिण्णाआसेरअणिअरेसु पडिमुञ्चिउं सर-णिवहे // शेतु.२
3729,
3730,दिट्ठिम्मि पत्थिअम्मि अआवडिअम्मि अ परे सर-णिसुम्भन्ते
3731,समरम्मि विसूरन्तामोहुक्करिसिअ-दुमा भमन्ति पवंगा // शेतु.३
3732,
3733,भेत्तूण तुरिअ-मुक्केअणुलोम-पहाविए सिला-संघाए
3734,पढमं साहेन्ति परंविहडिअ-वाणर-मणोरहा राम-सरा // शेतु.४
3735,
3736,छिज्जइ करेण समअंपवए णल्लिअइ रक्खसाण पहरणं
3737,पावइ तुरिअ-विमुक्कंअणहं ण अ रक्खसं पवंग-पहरणं // शेतु.५
3738,
3739,भिण्णे वच्छम्मि सिलागिरि-सिहरं छिण्ण-पाडिअ-सिर-ट्ठाणे
3740,णिवडइ सराहिसंधिअ-परक्कमेहि पवएहि रोस-विमुक्कं // शेतु.६
3741,
3742,सइ संधिओ च्चिअ सरोरहुणाहस्स सइ चक्कलइअं च धणुं
3743,अच्छिज्जइ अ सराहअ-सइ-पल्हत्थन्त-रक्खस-सिरेहि मही // शेतु.७
3744,
3745,विसमालग्ग-हुअवहाविसहर-रेअविअ-बिल-मुह-पडिच्छन्दा
3746,दीसन्ति बाण-मग्गारक्खस-देहेसु से ण दीसन्ति सरा // शेतु.८
3747,
3748,उक्करिसन्तस्स करेपत्थन्तस्स हिअए रसन्तस्स मुहे
3749,दीसन्ति णवर पडिआणिवद्ध-सिर-पडण-सूइआ राम-सरा // शेतु.९
3750,
3751,
3752,[प. ११९]
3753,जो जत्थ च्चिअ दिट्ठोसुओ जहिं जस्स विअलिओ वि णिणाओ
3754,चलिओ अ जो जहिं चिअतस्स तहिं चेअ णिवडिआ राम-सरा // शेतु.१०
3755,
3756,हअ-हत्थि-भड-तुरंगादीहा दीसन्ति तम्मि रक्खस-सेण्णे
3757,अग्ग-क्खन्ध-पअत्ताकूलं भेत्तूण णिग्गआ राम-सरा // शेतु.११
3758,
3759,जं चिअ उअलद्ध-भअंकाहिइ समअं पडाइअव्वारम्भं
3760,तं राम-सराहिहअंदिट्ठं णवर पडिअं णिसाअर-सेण्णं // शेतु.१२
3761,
3762,इअ तं बाणुक्कित्तंपडन्त-सम-काल-दिट्ठ-सिर-संघाअं
3763,सुअ-सारणावसेसंखणेण रक्खस-बलं कअं रहुवइणा // शेतु.१३
3764,
3765,ताव अ सलोहिआरुण-रक्खस-बल-णिव्विसेस-संझा-तिमिरो
3766,परमत्थओ चिरस्स वणिव्वाओ गलिअ-रक्खस-भओ दिअहो // शेतु.१४
3767,
3768,अह उग्गाहिअ-चाओएक्को वालि-सुअ-मोडिअ-रहुप्पइओ
3769,संचरइ मेहणाओणिअअ-च्छवि-मेलिअन्धआरम्मि णहे // शेतु.१५
3770,
3771,तो णिट्ठविअ-णिसिअराइन्दइणा गरुअ-वेर-मूलाहारा
3772,समअं चिअ सच्चविआअद्दिट्ठेण विहिणेव्व दहरह-तणआ // शेतु.१६
3773,
3774,मुअइ अ सअंभु-दिण्णेताण भुअंग-मुह-णिग्गआणल-जीहे
3775,णीसेस-णिहअ-रक्खस-वीसत्थ-पलम्बिओहअ-भुआण सरे // शेतु.१७
3776,
3777,तो भिण्णङ्गअ-देसाणिद्दारिअ-बीअ-बाहु-पाअडिअ-मुहा
3778,राहव-देहम्मि ठिआतिअ-संदाणिअ-भुआ भुअंगम-बाणा // शेतु.१८
3779,
3780,णिद्धोआअस-णीलाणिन्ति विसाणल-फुलिङ्ग-पज्जलिअ-मुहा
3781,धणु-संधाण-विमुक्काअउव्व-णाराअ-विब्भमा भुअइन्दा // शेतु.१९
3782,
3783,णिवडन्ति विज्जु-मुहलातार-समब्भहिअ-लोह-लट्ठि-च्छाआ
3784,कसण-जलओअराहि वरक्खस-माअन्धआरिअ-णहाहि सरा // शेतु.२०
3785,
3786,
3787,[प. १२०]
3788,पढुमं रवि-बिम्ब-णिहापलउक्का-संणिहा णहद्ध-पडन्ता
3789,भिन्दन्ता होन्ति सरादर-णिब्भिण्ण-भमिआ भुआसु भुअंगा // शेतु.२१
3790,
3791,बज्झन्ति दहरह-सुआदर-भग्ग-मणोरहा किलिम्मन्ति सुरा
3792,अद्दिट्ठ-मेहणाआउण्णामिअ-पव्वआ भमन्ति पवंगा // शेतु.२२
3793,
3794,रसइ णहम्मि णिसिअरोभिण्णमभिण्ण-हिअअं दिसासु कइ-बलं
3795,भिज्जन्तो वि ण भिज्जइरिउ-दंसण-दिण्ण-लोअणो दासरही // शेतु.२३
3796,
3797,रोसाणल-पज्जलिअंजलन्त-वडवा-मुहाणल-पडिच्छन्दं
3798,अङ्गेसु लद्ध-पसराहिअअं से णवर परिहरन्ति भुअंगा // शेतु.२४
3799,
3800,ताण भुअंग-परिगआदुक्ख-पहुप्पन्त-विअड-भोगावेढा
3801,जाआ थिर-णिक्कम्पामलअ-अडुप्पण्ण-चन्दण-दुम व्व भुआ // शेतु.२५
3802,
3803,तह पडिवण्ण-धणु-सरासर-णिब्भिज्जन्त-णिच्चल-भुअ-प्फलिहा
3804,दट्ठोट्ठ-मेत्त-लक्खिअ-णिप्फल-रोस-लहुआ कआ रहु-तणआ // शेतु.२६
3805,
3806,सर-णिब्भिण्ण-सरीराजाआ आलोअ-मग्गिअव्वावअवा
3807,दरि-दिट्ठ-पत्तणन्तर-णिहित्त-संखाअ-लोहिआ रहु-तणआ // शेतु.२७
3808,
3809,सर-सीविओरु-जुअलंसंकीलिअ-विहल-णिच्चल-ट्ठिअ-चलणं
3810,णिअलिअ-देहावअवंसंचरिअव्वं पि रहु-सुआण अवहअं // शेतु.२८
3811,
3812,तो सुर-हिअएहि समंपडिअं विहलन्त-पढम-संठिअ-बाणं
3813,अद्दिट्ठ-रिउ-विसज्जिअ-सर-पहरङ्कुसिअ-वाम-हत्थाहि धणुं // शेतु.२९
3814,
3815,उद्धाइओ अ सहसाविवलाअ-विमाण-तडिम-पच्छिम-देसे
3816,सुर-वहु-विसमक्कन्दोएक्कमुहाहअ-रसन्त-तन्ति-च्छाओ // शेतु.३०
3817,
3818,
3819,[प. १२१]
3820,तो पडिओ रहुणाहोभञ्जन्तो तिहुवणस्स आसा-बन्धं
3821,सीह-णहङ्कुस-पहओतुङ्गं आसण्ण-पाअवं व वण-गओ // शेतु.३१
3822,
3823,पडिअस्स अ रहुवइणोपडिओ अणुमग्गअं सुमित्ता-तणओ
3824,उद्ध-ट्ठिअस्स पणओपल्हत्थस्स व दुमस्स छाआ-णिवहो // शेतु.३२
3825,
3826,धरणि-पडिएसु तेसु अणिव्वण्णन्त-समुहोणअ-भरुव्वत्ता
3827,उत्ताणिएक्क-चक्कासुराण तंस-तडिमा चिरं आसि रहा // शेतु.३३
3828,
3829,हिअअ-पडणे व्व मूढंरइ-पडणे व्व सहसा तमम्मि णिवडिअं
3830,राम-पडणम्मि जाअंसिर-पडणे व्व गअ-जीविअं तेल्लोक्कं // शेतु.३४
3831,
3832,अह राम-परित्ताणंसुण्ण-दिसा-मुह-पलोअण-णिरुच्छाहं
3833,भअ-णिच्चल-पुञ्जइअंण मुअइ पडिअं पि राहवं कइ-सेण्णं // शेतु.३५
3834,
3835,दीणं भग्गुच्छाहंउव्विग्ग-मणं विसाअ-पेल्लिअ-हिअअं
3836,राहव-विइण्ण-णअणंआलेक्ख-गअं व संठिअं कइ-सेण्णं // शेतु.३६
3837,
3838,पडिअस्स वि रहुवइणोदीसन्तो देइ पवअ-वइ-संलावं
3839,अविसाअ-महग्घविओसासअ-धीर-धरिओ मुहस्स पसाओ // शेतु.३७
3840,
3841,णवरि अ विहीसण-जलाहअच्छिणा वाणराहिवेण णह-अरो
3842,पासम्मि धणु-सहाओदिट्ठो कअ-पेसणो दसाणण-तणओ // शेतु.३८
3843,
3844,तो रोस-तुलिअ-पव्वअ-सहसुद्धाइअ-पहाविओ सुग्गीओ
3845,लङ्कं भअ-विवलाअंअहिलेऊण णवरं ठिओ रअणिअरं // शेतु.३९
3846,
3847,इन्दइणा विणिवेइअ-राहव-णिहण-सुहिओ णिसाअर-णाहो
3848,आसाइअ-जणअ-सुआ-समागमोवाअ-णिव्वुओ ऊससिओ // शेतु.४०
3849,
3850,अह णिसिअरीहि दहमुह-वअणाणिअ-दिट्ठ-सरस-खण-वेहव्वा
3851,
3852,[प. १२२]
3853,मुक्कक्कन्द-विसंठुल-दर-विलविअ-मुच्छिआ कआ जणअ-सुआ // शेतु.४१
3854,
3855,तो गअ-मोहुम्मिल्लोपेच्छन्तो राहवो सुमित्ता-तणअं
3856,परिदेविउं पउत्तोतक्खण-पब्भट्ठ-सअल-सीआ-दुक्खो // शेतु.४२
3857,
3858,जस्स सअलं तिहुअणंआरुहइ धणुम्मि संसअं आरूढे
3859,सो वि हओ सोमित्तीणत्थि वणे जं ण एइ विहि-परिणामो // शेतु.४३
3860,
3861,अह वाअं कअ-कज्जोमज्झ कए मुक्क-जीविओ सोमित्ती
3862,णिप्फल-वूढ-भुअ-भरोणवर मए च्चेअ लहुइओ अप्पाणो // शेतु.४४
3863,
3864,अह जम्पइ सुग्गीवंमहुरं उच्छाह-दाविअ-परिच्छेअं
3865,वअणं सहसोवत्थिअ-मरणावत्था-ववट्ठविअ-गम्भीरं // शेतु.४५
3866,
3867,णिव्वूढं धीर तुमेइमो वि उअहुत्त-भुअ-बलो कइ-लोओ
3868,कम्मं इमेण वि कअंजअ-णिव्वडिअ-जस-दुक्करं मारुइणा // शेतु.४६
3869,
3870,आवद्ध-बन्धु-वेरंजं मे ण णिआ विभीसणं राअ-सिरी
3871,दुक्खेण एण अ महंअविहाविअ-बाण-वेअण-रसं हिअअं // शेतु.४७
3872,
3873,ता वच्चसु मा मुज्झसुतुरिअं तेणेअ सेउ-बन्धेण तुमं
3874,पेच्छसु बन्धव-वग्गंदुक्खं कालस्स जाणिउं परिणामं // शेतु.४८
3875,
3876,तो तिव्व-रोस-लङ्घिअ-विहुआणण-दुक्ख-धरिअ-बाहुप्पीडो
3877,रहुवइणो पडिवअणंभणइ अदाऊण वाणरे पवअ-वई // शेतु.४९
3878,
3879,वच्चह लक्खण-सहिअंणव-पल्लव-रइअ-वीर-सअणत्थरणं
3880,पावेह वाणर-उरिंअविहाविअ-बाण-वेअणं रहुणाहं // शेतु.५०
3881,
3882,[अन्त्यकुलअं]
3883,अहअं पि विज्जु-पडणाइरित्त-संपाअ-गहिअ-पव्विद्ध-धणुं
3884,अद्धोहरिआसाइअ-वलिअ-भुअक्खित्त-मोडिअ-गआ-विहलं // शेतु.५१
3885,
3886,
3887,[प. १२३]
3888,खन्धद्धन्तोवाहिअ-करजुअलोलुग्ग-चन्दहास-क्खग्गं
3889,अक्कन्त-चलण-ताडिअ-दलिअ-रहाहोमुहोसरन्त-पहरणं // शेतु.५२
3890,
3891,भग्ग-पुरिल्ल-विसंठुल-भुअ-जुअलुक्खुडिअ-सेस-णिप्फल-बाहुं
3892,वज्ज-णिह-हत्थ-णिवडन्त-दिण्ण-दढ-मुट्ठि-भिण्ण-वच्छद्धन्तं // शेतु.५३
3893,
3894,भुअ-णिव्वालिअ-कड्ढिअ-खुडिअक्केक्क-विसरन्त-पव्विद्ध-सिरं
3895,णिप्फल-सीआ-संधिअ-णक्खुक्खुडिअ-हिअअं करेमि दहमुहं // शेतु.५४
3896,
3897,
3898,इअ अज्जं चेअ मएणिहअम्मि दसाणणे णिआ किक्किन्धं
3899,अणुमरिहिइ व मरन्तंदच्छिहि व जिअन्त-राहवं जणअ-सुआ // शेतु.५५
3900,
3901,विसहर-बाण त्ति इमेविहीसणेण विणिवारिए सुग्गीए
3902,आढत्तो चिन्तेउंमन्तं हिअएण गारुडं रहुणाहो // शेतु.५६
3903,
3904,णवरि अ सहसुच्छिप्पन्त-साअरद्धन्त-धुव्वमाण-सुवेलं
3905,जाअं खर-वाआहअ-किरन्त-रक्खस-कलेवरं धरणि-अलं // शेतु.५७
3906,
3907,[जुग्गअं]
3908,पेच्छइ अ कणअ-पेहुण-बहलुज्जोअ-पडिसारिअ-महा-तिमिरं
3909,णव-पिञ्छ-मउअ-पम्हंथिर-पिट्ठि-णिहित्त-महुमहासण-मग्गं // शेतु.५८
3910,
3911,दुव्वार-वासवाउह-घाअ-विमुक्केक्क-पिञ्छ-पाअड-वच्छं
3912,रामो पाआलञ्छिअ-कण्ठ-वलन्त-ट्ठिओरअ-धरं गरुडं // शेतु.५९
3913,
3914,
3915,तो कअ-राम-पणामेगरुडे ओवइअ-समुह-संठिअ-दिट्ठे
3916,दोण्ह वि मुक्क-सरीराण विणज्जइ ते कहिं गआ सर-णिवहा // शेतु.६०
3917,
3918,
3919,[प. १२४]
3920,अह सर-बन्ध-विमुक्कोविणआ-तणओवऊहण-क्खअ-रहिओ
3921,अप्पाहिअत्थ-मन्तोजाओ गअ-गरुड-दारुणो रहुणाहो // शेतु.६१
3922,
3923,अह सर-बन्ध-विमुक्केसोऊण णिसाअराहिवो रहुणाहे
3924,आअअ-गरुडासङ्कोधुम्मक्खम्मि सअलं णिमेइ रण-भरं // शेतु.६२
3925,
3926,सो रोसेण रहेण वौच्छाहेण व णिसाअर-बलेण समं
3927,णीइ भुअं व पहरिसंवहमाणो विक्कमं व वेरावन्धं // शेतु.६३
3928,
3929,तो सो रक्खस-णिवहोसह धुम्मक्खेण साअरद्धन्त-णिहो
3930,वडवा-मुहाणलस्स वसंचरण-पहम्मि मारुअ-सुअस्स ठिओ // शेतु.६४
3931,
3932,अह दारुणावसाणेकइ-रक्खस-सेण्ण-वइअरम्मि पअत्ते
3933,संभारिअक्ख-णिहणोओत्थरइ सरेहि मारुइं धुम्मक्खो // शेतु.६५
3934,
3935,तो तस्स सर-णिघाएरोमन्तर-लग्ग-णिप्फले धुअमाणो
3936,अक्कमण-मोडिअ-रहोहिअ-धुम्मक्ख-धणु-संठिओ हसइ कई // शेतु.६६
3937,
3938,भग्गो भुअम्मि फलिहोवच्छुच्छलिअ-दलिअं ण इट्ठं मुसलं
3939,धुम्मक्ख-रोस-मुक्कंपवअस्स जहिं तहिं विराइ पहरणं // शेतु.६७
3940,
3941,[जुग्गअं]
3942,तो दीह-वाम-कर-अल-पडिवण्णावेढणोणअ-गलुद्देसं
3943,रुम्भन्त-जीव-णिग्गम-वच्छब्भन्तर-भमन्त-सीह-णिणाअं // शेतु.६८
3944,
3945,खण-वावारि-विसंठुल-गलन्त-पहरण-पलम्बिओहअ-हत्थं
3946,कुणइ पभञ्जण-तणओउद्धुट्ठिअ-मुक्क-जीविअं धुम्मक्खं // शेतु.६९
3947,
3948,
3949,अह पडिए धुम्मक्खेहअ-सेसम्मि अ गए णिसाअर-सेण्णे
3950,दहमुह-समुहाणत्तंणिन्तं पेच्छइ अकम्पणं पवण-सुओ // शेतु.७०
3951,
3952,तं पि विइण्णोर-त्थल-वीसत्थोहरिअ-णिट्ठिआउह-णिवहं
3953,ओसुम्भइ हणुमन्तोएक्केक्क-क्खुडिअ-विप्पइण्णावअवं // शेतु.७१
3954,
3955,
3956,[प. १२५]
3957,अह दहमुह-संदिट्ठोहणुमन्ताघाअ-सम-तुलग्ग-प्फिडिओ
3958,पडिओ णीलस्स मुहेअलद्ध-समर-सुह-दूमिअस्स पहत्थो // शेतु.७२
3959,
3960,णवरि अ पत्थाणे च्चिअबाणो कालाअसो पहत्थ-विमुक्को
3961,पडिओ णीलस्स उरेवण-पडिभिण्ण-रुहिरुग्गमेण पिसुणिओ // शेतु.७३
3962,
3963,वेओवत्तिअ-विडवंमुअइ कई वि सुर-हत्थि-परिमल-सुरहिं
3964,गइ-मग्ग-लग्ग-भमरंपडिसोत्त-पसारिअंसुअं कप्प-दुमं // शेतु.७४
3965,
3966,बोलन्त-जलहरस्स वतो से आसार-जल-लव-त्थवअ-णिहो
3967,आगम-मग्गम्मि ठिओधुअ-विडव-क्खलिअ-मोत्तिआ-फल-णिवहो // शेतु.७५
3968,
3969,तो तस्स भुअ-विमुक्कोभग्गो वण-भरिअ-मोत्तिअ-प्फल-वअरो
3970,भज्जन्त-विडव-विअलिअ-सिअंसुआवीअ-पहर-रुहिरम्मि उरे // शेतु.७६
3971,
3972,समअं वञ्चेइ सरेथएइ समअं कई दुमेहि णह-अलं
3973,समअं तेण विमुक्कोचउद्दिसं पाअडो सिला-संघाओ // शेतु.७७
3974,
3975,विअलन्त-दुम-च्छेआसर-घाअ-दलन्त-विअलिअ-सिला-णिवहा
3976,दीसन्ति दलिअ-पव्वअ-वोच्छिज्जन्तोज्झरा णह-अलुद्देसा // शेतु.७८
3977,
3978,गिरि-धाउ-रअ-क्खउरोअंस-विपल्हत्थ-बहल-केसर-णिवहो
3979,संझाअव-विच्छुरिओसजलो व्व घणो णहम्मि दीसइ णीलो // शेतु.७९
3980,
3981,णवरि अ गअणद्धन्तेओवडणक्खित्त-धणु-णिअत्त-त्थिमिओ
3982,तह धरिओ विअ दीसइपढम-विमुक्केहि सर-समूहेहि कई // शेतु.८०
3983,
3984,अह णिसिअरेण मुसलंणीलस्स ललाट-वट्ट-पच्चुप्फलिअं
3985,मज्झम्मि धरेन्त-रवंसमुहागअ-तुरिअ-वञ्चिअं पडिवण्णं // शेतु.८१
3986,
3987,गेण्हइ अ जलण-तणओसुवेल-सिहरद्ध-लग्ग-मेह-च्छाअं
3988,विअड-पहत्थोर-त्थल-सम-वित्थार-कढिणत्तणं कसण-सिलं // शेतु.८२
3989,
3990,
3991,[प. १२६]
3992,दूर-समुप्पइएण अणीलेण सिला-अलोत्थअम्मि दिणअरे
3993,जाओ णहम्मि दिअसोतक्खण-बद्ध-तिमिरा महि-अलम्मि णिसा // शेतु.८३
3994,
3995,अह णीलस्स पहत्थोरणाणुराएण सहिअ-गाढ-प्पहरो
3996,घाअब्भन्तर-भिण्णोगलन्त-जीअ-रुहिरो गओ धरणि-अलं // शेतु.८४
3997,
3998,
3999,इअ सिरि-पवरसेण-विरइए दहमुहवहे महाकव्वे चउद्दहो आसासओ
4000,
4001,
4002,---------------------------------------------------------------------
4003,
4004,[प. १२७]
4005,[पञ्चरहो आसासओ]
4006,
4007,अह णिहअम्मि पहत्थेबन्धु-वहामरिस-णिन्त-बाहुप्पीडो
4008,चलिओ सिहि-पच्चुग्गअ-हुंकार-भरेन्त-दस-दिसो दहवअणो // शेतु.१
4009,
4010,तह कुविएण पहसिअंकराल-मुह-कन्दरा-भरेन्त-दस-दिसं
4011,जह से भअ-तुण्हिक्कोभवण-क्खम्भेसु परिअणो वि णिलुक्को // शेतु.२
4012,
4013,तो रक्खस-परिवारंणिअ-पाअ-भरोणमन्त-पच्छिम-तडिमं
4014,सारहिणा रुब्भन्तंचडुल-तुरंगम-धअं रहं आरूढो // शेतु.३
4015,
4016,हुंकारेण सहाएखुहिअ-महा-कलअलेण लङ्का-मज्झे
4017,पुर-सेण्ण-कलअलेण अणाओ चलिओ त्ति वाणरेहि दहमुहो // शेतु.४
4018,
4019,णवरि अ मुह-णिवहोवरि-दुक्ख-पहुत्त-धवलाअवत्त-च्छाओ
4020,णिग्गन्तूण पुरीओभञ्जइ भग्ग-रण-मच्छरं कइ-सेण्णं // शेतु.५
4021,
4022,तो मुह-मेत्त-वलन्तापच्छिम-केसर-सडाहअग्ग-क्खन्धा
4023,भग्गाणुमग्ग-लग्गापेच्छन्ति दसाणणं पवंगम-णिवहा // शेतु.६
4024,
4025,तो ते भिण्ण-पअट्टेदहवअणक्कन्त-दिण्ण-विद्दविअ-पए
4026,पम्हट्ठ-जहा-भणिएभणइ समुप्पण्ण-रण-भए जलण-सुओ // शेतु.७
4027,
4028,मा मुञ्चह समर-धुरंएस समुक्खित्त-मलअ-सिहरद्धन्तो
4029,जस्स कएण पडाअहतं चिअ वो हरइ जीविअं पवअ-वई // शेतु.८
4030,
4031,सीआहिअ-हिअएण अअह सो त्ति दसाणणेण सारहि-सिट्ठो
4032,ण वि तह रामो त्ति चिरंजह तीअ पिओ त्ति सबहुमाणं दिट्ठो // शेतु.९
4033,
4034,
4035,[प. १२८]
4036,अह राम-सराहिहओपवएहि परंमुहोहसिज्जन्त-रहो
4037,छिण्ण-पडिआअवत्तोलङ्काहिमुहो गओ णिसाअर-णाहो // शेतु.१०
4038,
4039,तो तेण लहुइअ-जसंपत्त-विणासेण मुक्क-सोडीर-पअं
4040,पडिवोहणं अआलेसुहोवसुत्तस्स कुम्भअण्णस्स कअं // शेतु.११
4041,
4042,सो वि अ जम्भाअन्तोअआल-पडिवोह-गरुइअ-सिरद्धन्तो
4043,णीअ हसिऊण सुइरंलहुअं सोऊण राम-वह-संदेसं // शेतु.१२
4044,
4045,ओच्छुण्ण-रइ-रह-वहोजाओ देहस्स से कणअ-पाआरो
4046,ऊरु-पएसालग्गोदर-खलिओ व्व तवणिज्ज-राअ-परिअरो // शेतु.१३
4047,
4048,लङ्घिअ-पाआरस्स अतो से विवलाअ-मअर-पक्कग्गाहा
4049,जाणु-प्पमाण-सलिलाजाआ फडिहा-गआ समुद्दद्धन्ता // शेतु.१४
4050,
4051,तो तं पेच्छन्त च्चिअपच्छाहुत्ता णिअत्त-रण-वावारा
4052,हत्थ-पडन्त-धराहर-विसमक्कन्ता पडाइआ कइ-णिवहा // शेतु.१५
4053,
4054,अह सेलेहि तरूहि अफलिहेहि अ मोग्गरेहि हन्तूण दढं
4055,दढ-दण्डाउह-मग्गण-मुसलेहि खणेण वाणर-बलं सअलं // शेतु.१६
4056,
4057,तो पवआइ गआइंतुरआइ अ रक्खसाइ लोहिअ-मत्तो
4058,राम-सराघाअ-धुओणिअअ-बले पर-बले पअत्तो खत्तुं // शेतु.१७
4059,
4060,चिर-जुज्झिअस्स तो सेदोण्ह वि राम-धणु-णिग्गअ-सराहिहआ
4061,पढमं धरणीअ भुआपच्छा छेअ-रुहिरोज्झरा पल्हत्था // शेतु.१८
4062,
4063,एक्को रुद्ध-णइ-मुहोअणुवेलं णिवडिओ सुवेलो व्व भुओ
4064,साअर-लद्धत्थामोबीओ से बीअ-सेउ-बन्ध व्व ठिओ // शेतु.१९
4065,
4066,आअण्ण-कड्ढिएण अतो से चक्कलिअ-सिहि-सिहेण रण-मुहे
4067,रहुवइ-सरेण तुङ्गंचक्केण व राहुणो सिरं उक्खुडिअं // शेतु.२०
4068,
4069,
4070,[प. १२९]
4071,गअणुण्णएण तेण अपवण-भरेन्त-मुह-कन्दरा-मुहलेणं
4072,छिण्ण-पडिएण वि कओचउत्थ-तुङ्ग-सिहरुग्गमो व्व तिऊडो // शेतु.२१
4073,
4074,पडिए अ कुम्भअण्णेदूर-पलाअ-दर-भग्ग-पक्कग्गाहो
4075,देह-भरन्तुच्छङ्गोपब्बालेइ वडवा-मुहं मअरहरो // शेतु.२२
4076,
4077,तो कुम्भअण्ण-णिहणंसोऊण दसाणणो पहत्थब्भहिअं
4078,रोसाअव-रज्जन्तंपुणो वि हसिऊण धुणइ मुह-संघाअं // शेतु.२३
4079,
4080,णिन्तस्स अ तं वेलंअमरिस-परिवड्ढिअस्स भवणुच्छङ्गे
4081,खम्भन्तर-वित्थाराते च्चिअ वच्छ-त्थलस्स से ण पहुत्ता // शेतु.२४
4082,
4083,दर-णिग्गअस्स णवरि औग्घाडिअ-वच्छ-भरिअ-भवणुच्छङ्गो
4084,जाणु-पडिउट्ठिओ सेजम्पइ हसिऊण मेहणाओ त्ति सुओ // शेतु.२५
4085,
4086,णिम्माविअम्मि कज्जेसाहस-गरुए वि अप्पण च्चिअ गुरुणा
4087,पुत्तेण पुत्त-सरिसंपुत्त-प्फरिसं ण पाविओ होइ पिआ // शेतु.२६
4088,
4089,कीस ममम्मि धरेन्तेमाणुस-मेत्तस्स दहरह-सुअस्स कए
4090,इअ णीसि अप्पण च्चिअलहुअन्तो अम्ह रक्खस-उलस्स जसं // शेतु.२७
4091,
4092,उक्खअ-भुअंग-रअणंणिसुढिअ-णन्दण-वणं पलोट्टिअ-सेलं
4093,अप्पाणं व ण आणसिसमं समत्थस्स तिहुअणस्स भर-सहं // शेतु.२८
4094,
4095,किं णिहणेमि रण-मुहेसरेक्क-सोसविअ-साअरं रहुणाहं
4096,ओ सत्त वि अज्जं चिअवलन्त-वडवा-मुहे मलेमि समुद्दे // शेतु.२९
4097,
4098,[जुग्गअं]
4099,इअ विण्णविअ-दहमुहोपच्छिम-सारहि-कर-ट्ठविअ-सीसक्को
4100,आवद्ध-कवअ-मन्थर-पअ-विक्कम-भर-णमन्त-वित्थअ-तडिमं // शेतु.३०
4101,
4102,धअ-सिहर-ट्ठिअ-जलहर-मुच्चन्तासणि-पडिप्फलिअ-सूर-करं
4103,समर-तुरिओ विलग्गइरहं सुआसण्ण-राम-धणु-णिग्घोसो // शेतु.३१
4104,
4105,
4106,
4107,[प. १३०]
4108,इअ वारिअ-दहवअणोदहवअणाणत्ति-विलइउक्खित्त-भरो
4109,णीइ रहं आरूढोरक्खस-परिवारिओ दसाणण-तणओ // शेतु.३२
4110,
4111,जो दहमुहग्ग-दारेतुरिअ-पहाविअ-रहस्स जो णअरि-मुहे
4112,खोहेन्तस्स कइ-बलंसो च्चिअ वेओ अ से पअत्त-हलहलो // शेतु.३३
4113,
4114,अह राम-बद्ध-लक्खोपढमुद्धाइअ-पवंगम-क्खविअ-बलो
4115,वाणर-जोहेहि समंजलण-सुएण वरिओ दसाणण-तणओ // शेतु.३४
4116,
4117,णीलेण गण्ड-सेलंदिविएण दुमं सिला-अलं मारुइणा
4118,दारेइ सरेहि समंणलेण मुक्कं च मलअ-सिहर-क्खण्डं // शेतु.३५
4119,
4120,तो भग्ग-पवअ-सेण्णंणिउम्भिला-हुत्त-सच्चविअ-पत्थाणं
4121,वारेह मेहणाअंविभीसणेण भणिओ सुमित्ता-तणओ // शेतु.३६
4122,
4123,तो माआहि सरेहि असेलेहि अ जुज्झिअस्स रक्खस-सरिसं
4124,सोमित्तिणा णिसुद्धंपिआमहत्थेण मेहणाअस्स सिरं // शेतु.३७
4125,
4126,सोऊण इन्दइ-वहंमुअइ सरोसं दसाणणो बाह-जलं
4127,अब्भुत्तिअ-दीवाणंणिवडइ तुप्पं व तक्खणं सहुआसं // शेतु.३८
4128,
4129,णिहए अ मेहणाएपरिअत्तन्तेण तक्खणं चिअ विहिणा
4130,रोस-विसाएहि समंहत्थेहि व दोहि आहओ दहवअणो // शेतु.३९
4131,
4132,णीसेस-णिहअ-बन्धूतो सो एक्को वि बहु-भुआ-दुप्पेच्छो
4133,भीसण-मुह-संघाओरक्खस-लोओ व्व णिग्गओ दहवअणो // शेतु.४०
4134,
4135,[जुग्गअं]
4136,णवरि अ पवण-पणोल्लिअ-कसण-पलाआ-दरन्धआरिअ-सूरं
4137,परिणअ-मत्तेरावण-मअ-पब्बालिअ-तुरंग-केसर-भारं // शेतु.४१
4138,
4139,चक्क-मल-मइलिओअर-धअ-वड-पुसिअ-ससि-बिम्ब-पच्छिम-भाअं
4140,धणअ-गआ-भङ्गुग्गअ-सिहि-जालालुङ्खिअं रहं आरूढो // शेतु.४२
4141,
4142,
4143,
4144,[प. १३१]
4145,दट्ठूण अ तं णिन्तंपीआ मङ्गल-मणाहि रअणिअरीहिं
4146,जत्तो च्चिअ उप्पण्णातेहिं चिअ लोअणेहि बाह-त्थवआ // शेतु.४३
4147,
4148,तो तेण कर-अल-ट्ठिअ-सेलोज्झर-सलिल-णिव्वरिअ-वच्छ-अडं
4149,दिट्ठीहि अ बाणेहि अतुलिअं जाइ लहुअं पवंगम-सेण्णं // शेतु.४४
4150,
4151,पासावडिअम्मि वि सेविहीसणे पवअ-सेण्ण-कअ-परिवारे
4152,दीणो त्ति सोअरो त्ति अअमरिस-रस-संधिओ वि उल्ललइ सरो // शेतु.४५
4153,
4154,विसहिअ-पढम-प्पहरोणवरि अ रोसेण संधिउब्भड-बाणो
4155,इन्दासणीअ व दुमोसत्तीअ उरम्मि लक्खणो णिब्भिण्णो // शेतु.४६
4156,
4157,सो वि अ पवण-सुआणिअ-धराहरोसहि-विइण्ण-जीअब्भहिओ
4158,तह-संधिअ-चाव-सरोणिसाअरेहि सह जुज्झिउं आढत्तो // शेतु.४७
4159,
4160,[कुलअं]
4161,अह रामो वि णिअच्छइतुरअ-खुर-प्पहर-विहल-जलहर-वट्ठं
4162,ठिअ-वज्जहरालम्बिअ-कणअ-धअ-क्खम्भ-णिम्महन्त-परिमलं // शेतु.४८
4163,
4164,वाम-भुअ-गहिअ-पग्गह-माअलि-भर-णमिअ-दीहर-धुरा-दण्डं
4165,भिज्जन्त-मेह-सीहर-तण्णाओणअ-णिसण्ण-चामर-पम्हं // शेतु.४९
4166,
4167,ससि-णिहस-तुसारोल्लिअ-रवि-अर-वसुआअ-धअ-वड-सिहद्धन्तं
4168,उण्णअ-पच्छिम-तडिमंणिवडन्तं खअ-वइं व सग्गाहि रहं // शेतु.५०
4169,
4170,
4171,तो रामो माअडिणापढम-दराभासणुम्मुह-पसण्ण-मुहो
4172,तिअस-बहुमाण-गरुअंदूरअरोणामिआणणेण पणमिओ // शेतु.५१
4173,
4174,देइ अ रह-पुञ्जइअंउहअ-कर-क्खिवण-पाअडिअ-वित्थारं
4175,कवअं तिहुअण-वइणोअब्भन्तर-लग्ग-णिम्महन्त-परिमलं // शेतु.५२
4176,
4177,तं च कवअं सुराहिव-सव्वङ्ग-पहुत्त-लोअण-सुह-प्फरिसं
4178,सीआ-विरहोलुग्गेजाअं थोअ-सिढिलं रहुवइस्स उरे // शेतु.५३
4179,
4180,
4181,[प. १३२]
4182,महि-अलम ओइण्णेण असुर-वइ-हत्थ-परिमास-सइ-दुल्ललिअं
4183,आरूढस्स रहं सेकवअं सव्वङ्गिअं कअं माअडिणा // शेतु.५४
4184,
4185,तो णील-रवि-सुएहिंसमल्लिओ राहवं सुमित्ता-तणओ
4186,भणइ धरणीअ तक्खण-विलइअ-धणु-गब्भिणं णिमेऊण करं // शेतु.५५
4187,
4188,वीसमउ तुम्ह चावंअडणि-मुह-प्फिडिअ-सिढिल-जीआ-बन्धं
4189,अइरा पेच्छ विराअंममम्मि णीले व्व रवि-सुए व्व दहमुहं // शेतु.५६
4190,
4191,गरुअम्मि कुणसु कोवंलहुए दहमुह-वहम्मि मुअसु अमरिसं
4192,तुङ्गं तडं णिसुम्भइण अ णइ-वप्पं सम-त्थलिं व वण-गओ // शेतु.५७
4193,
4194,पज्जत्तस्स समत्थंदहिउं अद्धच्छि-पेच्छिएण वि तिउरं
4195,रहुवइ किं व ण सुव्वइआणत्ती तिणअणस्स तिअसेहि कआ // शेतु.५८
4196,
4197,तो दहवअणालोअण-रोसुग्गअ-सेअ-लङ्घिअ-णिलाड-अडो
4198,पुलइअ-णील-रवि-सुओपणअं पडिभणइ लक्खणं रहुणाहो // शेतु.५९
4199,
4200,णिव्वूढ-जम्पिआणंआसङ्घइ तुम्ह ववसिअं मह हिअअं
4201,किं उण भरो व्व होहिइसअं-अणिट्ठविअ-दहमुहो मज्झ भुओ // शेतु.६०
4202,
4203,कुम्भस्स पहत्थस्स अदूसह णिहणेण इन्दइस्स अ समरे
4204,दसकण्ठं मुह-वडिअंकेसरिणो वण-गअं व मा हरह महं // शेतु.६१
4205,
4206,ताण अ कहं पअत्तंवोच्छिन्दन्तस्स दहमुहस्स रण-मुहे
4207,उम्मूलिउं पअत्तोअग्ग-क्खन्धम्मि कइ-बलं सर-णिवहो // शेतु.६२
4208,
4209,तो दोण्ह वि सम-सारंबाण-वह-प्फिडिअ-तिअस-पेक्खिज्जन्तं
4210,एक्कअर-मरण-गरुअंजाअं रामस्स दहमुहस्स अ जुज्झं // शेतु.६३
4211,
4212,
4213,[प. १३३]
4214,तो कड्ढिऊण चावंकुण्डल-मणि-किरण-घडिअ-जीआ-बन्धं
4215,मुक्को रामस्स उरेपढमं हअ-बन्धुणा दहमुहेण सरो // शेतु.६४
4216,
4217,वेअ-पडिएण तेण अतह धीरो वि परिकम्पिओ रहुणाहो
4218,अप्पाण-णिव्विसेसंसअलं जह णेण कम्पिअं तेल्लोक्कं // शेतु.६५
4219,
4220,रहुणाहस्स वि बाणोअणुपरिवाडि-घडिअ-प्फुडिअ-केऊरं
4221,दहवअण-भुअ-णिहाअंताल-वण-क्खन्ध-परिअएण अइगओ // शेतु.६६
4222,
4223,अण्णं संधिअ-बाणंरहसाअड्ढिअ-णिराअ-वट्ठं अण्णं
4224,समअं रक्खस-वइणोअण्णं सर-लहुइओअरं होइ धणुं // शेतु.६७
4225,
4226,सइ-संधिअ-णिन्त-सरंअवङ्ग-देस-सइ-लग्ग-जीआ-बन्धं
4227,दीसइ सइ-मुक्क-सरंसइ-मण्डलिअ-विअडोअरं राम-धणुं // शेतु.६८
4228,
4229,वामो पसारिअ च्चिअदाहिण-हत्थो अवङ्ग-देस-णिवडिओ
4230,चावेसु अ तह णिमिआताणं दीसन्ति अन्तरालेसु सरा // शेतु.६९
4231,
4232,दहमुह-विसज्जिएण असरेण सीआ-विओअ-सइ-संतत्तं
4233,हिअअं अमुक्क-धीरंणिहाअ-भिण्णं पि राहवेण ण णाअं // शेतु.७०
4234,
4235,रहुणाह-पेसिएण असरेण समुहागअस्स रक्खस-वइणो
4236,भिण्णो णिडाल-वट्टोण अ से फुड-भिउडि-विरअणा विद्दविआ // शेतु.७१
4237,
4238,तो से मुच्छा-विहलोलोहिअ-णीसन्द-भरिअ-लोअण-णिवहो
4239,वारं-वार-पअट्टोभमिओ बाहु-सिहरेसु मुह-संघाओ // शेतु.७२
4240,
4241,तो गअ-मोहुम्मिल्लोणअण-हुआसण-पइत्त-पत्तण-पम्हं
4242,मुअइ सरोसाअड्ढिअ-बिइअ-मुहावङ्ग-मिलिअ-पुङ्खं बाणं // शेतु.७३
4243,
4244,तो सो खआणल-णिहोकिरण-सहस्सेहि णिब्भरेन्त-दस-दिसो
4245,रहुवइ-सर-राहु-मुहेपन्थद्धे सूर-मण्डलो व्व णिउड्डो // शेतु.७४
4246,
4247,
4248,[प. १३४]
4249,रहुणाहो वि सधीरंउक्करिसेऊण अग्ग-हत्थेण सरं
4250,आसण्ण-लाइअव्वंपेच्छइ फुल्ल-कमलाअरं व दहमुहं // शेतु.७५
4251,
4252,रामो संधेइ सरंविभीसणन्तेण वलइ रक्खस-लच्छी
4253,दहमुह-विणास-पिसुणंफुरइ अ सीआइ तक्खणं वामच्छं // शेतु.७६
4254,
4255,वामं णिसिअर-णअणंरहुवइणो दाहिणं च फुन्दइ णअणं
4256,बन्धु-वह-रज्ज-पिसुणंपप्फुरइ विहीसणस्स लोअण-जुअलं // शेतु.७७
4257,
4258,वच्छ-भरन्तुच्छङ्गेसंधिअ-बाणे धणुम्मि कड्ढिज्जन्ते
4259,राम-सर-पत्तणेहि वौप्पुसिआ सुर-वहूण बाह-त्थवआ // शेतु.७८
4260,
4261,णवरि अ सो रहुवइणावारं वारेण चन्दहास-च्छिण्णो
4262,एक्केण सरेण लुओएक्कमुहो दहमुहस्स मुह-संघाओ // शेतु.७९
4263,
4264,अविहत्त-कण्ठ-गरुओछिण्णो वि दसाणणस्स होइ भअअरो
4265,धरणि-अलुत्तिण्णस्स वणिअअ-च्छेअ-पडिउट्ठिओ मुह-णिवहो // शेतु.८०
4266,
4267,तस्स हअस्स रण-मुहेरक्खस-णाहस्स अहिमुहं अप्पाणो
4268,दसहि वि मुहेहि समअंसिहा-करालो व्व हुअवहो णिक्कन्तो // शेतु.८१
4269,
4270,अह णिहअम्मि दहमुहेऊससिअम्मि अ समन्तओ तेल्लोक्के
4271,वअणम्मि अ उप्पुसिआभिउडी ओआरिअं च रामेण धणुं // शेतु.८२
4272,
4273,णिद्दअ-बन्धुप्पित्थाजाणन्ती विक्कमं णिसाअर-वइणो
4274,माअ त्ति परिगणेन्तीण मुअइ णिहअं पि रावणं राअ-सिरी // शेतु.८३
4275,
4276,ताहे विभीसणस्स विअन्तो-हिअअम्मि बन्धु-णेहुप्पण्णो
4277,दासरहिणो वि पुरओमुक्को च्चिअ लोअणेहि बाह-त्थवओ // शेतु.८४
4278,
4279,णिहअम्मि अ दहवअणेविहीसणो णिन्दिआमरत्तण-सद्दो
4280,परिदेविउं पउत्तोमरण-समब्भहिअ-दुक्ख-दिण्णाआसो // शेतु.८५
4281,
4282,जो च्चिअ जेऊण जमंदिट्ठो इच्छा-सुहं तुमे जम-लोओ
4283,
4284,[प. १३५]
4285,दीसिहिसि कह णु पत्थिवैण्हिं तं चेअ सेस-जण-सामण्णं // शेतु.८६
4286,
4287,एक्केण रक्खसाहिवपुव्वं अवहीरिओवएसेण वि ते
4288,सम-णिहणेण रण-मुहेपडिमुक्कं णवर कुम्भअण्णेण तुहं // शेतु.८७
4289,
4290,पत्थिव तुमं मुअन्तोसम-सुह-दुक्खेहि बन्धवेहि अमुक्कं
4291,जइ हं धम्म-पहाणोधम्म-पहाणाण को गणिज्जउ पुरओ // शेतु.८८
4292,
4293,आहासइ अ रहुवइंमरण-समोब्भहिअ-रुद्ध-बाहुप्पीडो
4294,बन्धु-वहागअ-दुक्खोगिम्हुम्हा-सुक्ख-णइ-मुहो व्व महिहरो // शेतु.८९
4295,
4296,पहु वीसज्जेहि महंता दहमुह-कुम्भअण्ण-चलण-णिवडिओ
4297,पच्छा पर-लोअ-गअंछिवामि सीसम्मि मेहणाअं च सुअं // शेतु.९०
4298,
4299,महि-अल-पडिअ-विसंठुल-विहीसण-विलाव-जाअअणुअम्पेण
4300,रामेण वि पवण-सुओआणत्तो रक्खसाहिवइ-सक्कारे // शेतु.९१
4301,
4302,णिहअम्मि अ दहवअणेआसङ्घन्तेण जणअ-तणआ-लम्भं
4303,सुग्गीवेण वि दिट्ठोपच्चुवआरस्स साअरस्स व अन्तो // शेतु.९२
4304,
4305,काऊण अ सुर-कज्जंरहुवइ-वीसज्जिएण कइ-अण-पुरओ
4306,जलहर-गुप्पन्त-धओसग्गाहिमुहो रहो कओ माअडिणा // शेतु.९३
4307,
4308,घेत्तूण जणअ-तणअंकञ्चण-लट्ठिं व हुअवहम्मि विसुद्धं
4309,पत्तो पुरिं रहुवईकाउं भरहस्स सप्फलं अणुराअं // शेतु.९४
4310,
4311,एत्थ समप्पइ एअंसीआ-लम्भेण जणिअ-रामब्भुअअं
4312,रावणवह त्ति कव्वंअणुराअङ्कं समत्थ-जण-णिव्वेसं // शेतु.९५
4313,
4314,
4315,इअ सिरि-पवरसेण-विरइए कालिदास-कए दहमुहवहे महाकव्वे पञ्चरहो आसासओ परिसमत्तो
4316,
4317,
4318,---------------------------------------------------------------------
4319,
4320,[प. १३६]
4321,[अथाधिकानि स्कन्धकानि]
4322,
4323,संझा-पणाम-घडिओगिरि-तणआ-विहुअ-वाम-हत्थ-विहडिओ
4324,हसिऊण मुक्क-सलिलोएक्क-करेण णिअमञ्जली जेण कओ // शेतु.१
4325,
4326,गरुए वि समर-कज्जेविअसन्ति च्चिअ रसं लिहन्ति समत्था
4327,बद्ध-प्फलम्मि कुसुमेबोलीणो होइ महुअराण अवसरो // शेतु.२
4328,
4329,एन्ति वलन्ति वलन्ताराम-सराघाअ-लङ्घिअ-णहाहोआ
4330,थोरा-सरिसातुङ्गा मणि-पव्वअ व्व // शेतु.३
4331,
4332,जलण-प्पहाणुविद्धंआवत्त-भमन्त-पव्वअ-दुमालग्गं
4333,संबन्ध-रअण-पुप्फंफुरइ फुरन्त-प्पहं पवाल-किसलअं // शेतु.४
4334,
4335,मसिणिअ-मीण-क्खन्धाअइन्ति णिब्भिण्ण-महिहरन्तर-सरिआ
4336,भिज्जन्त-रोस-लङ्घिअ-मुह-लग्ग-भुअंगम-प्फणा राम-सरा // शेतु.५
4337,
4338,पलअ-घणेहि व खुब्भइवेवइ उप्पाअ-मारुएहि व उअही
4339,खअ-सूरेहि व झिज्जइरसइ सरेहि तिअसेहि व महिज्जन्तो // शेतु.६
4340,
4341,बाणोसारिअ-सलिलाथोअं भिज्जन्त-पाअडिअ-सिप्पि-उडा
4342,विअसन्ति विअसिआअव-ओअट्टन्त-मणि-गब्भिणा पुलिण-वहा // शेतु.७
4343,
4344,सीस-रइअञ्जलि-उडोसर-विअणा-दूमिआणणो सलिलणिही
4345,पाएसु दासरहिणोपवण-वस-क्खित्त-पाअवो व्व णिवडिओ // शेतु.८
4346,
4347,वाणर-चरणक्कन्तंउच्चलिअ-समुद्द-सलिल-गहिओआसं
4348,चलइ चल-पाअव-लअंकम्पइ कम्पिअ-धराहरं महि-वेढं // शेतु.९
4349,
4350,
4351,[प. १३७]
4352,विसम-विसट्टन्त-सिला-अल-सिहरुप्पइअ-भीअ-किंणर-मिहुणा
4353,ओज्झर-मुक्कक्कन्दाउम्मूलिज्जन्ति वाणरेहि महिहरा // शेतु.१०
4354,
4355,आइद्ध-महिहर-णिहंउअहि-जल-पलोट्ट-मेह-अड-पब्भारं
4356,पडइ व पुरओ-हुत्तंटङ्क-च्छेअम्मि सेउ-बन्धस्स मुहं // शेतु.११
4357,
4358,बज्झन्तम्मि समुद्देसोऊण वि कलअलं महा-कइ-सेण्णं
4359,जाअं तक्खण-विहलंभअ-भीअ-विसंठुलं दसाणण-हिअअं // शेतु.१२
4360,
4361,रअणीअ सामल-मुहंदंसण-गलिअ-तिमिरंसुअ-सुहालोअं
4362,विक्खित्त-किरण-हारंचन्दं णव-जोव्वणे थणं व मलेन्तं // शेतु.१३
4363,
4364,पुलअं जणेन्ति दसकन्धरस्स सरहस-राम-सरा सरीरम्मि
4365,जणअ-तणआ-थण-प्फंस-महग्घ-कर-अल-कड्ढिअ-धणु-विमुक्का // शेतु.१४
4366,
4367,
4368,इत्यधिकानि स्कन्धकानि
4369,
4370,
