line_number,devanagari_text
1,पसुवइणो रोसारुणपडिमासङ्कन्तगोरिमुहअन्दम
2,गहिअग्घपङ्कअं मिअ सञ्झासलिलञ्जलिं णमह // घाश.१
3,
4,अमिअं पाउअकव्वं पढिउं सोउं च जे ण आणन्ति
5,कामस्स तत्ततत्तिं कुणन्ति ते कह ण लज्जन्ति // घाश.२
6,
7,सत्त सआइं कइवच्छलेण कोडीअ मज्झआरम्मि
8,हालेण विरइआइं सालङ्काराण गाहाणं // घाश.३
9,
10,उअ णिच्चलणिप्पन्दा भिसिणीवत्तम्मि रेहइ वलाआ
11,निम्मलमरगअभाअणपरिट्ठिआ सङ्खसुत्ति व्व // घाश.४
12,
13,ताव च्चिअ रइसमए महिलाणं विब्भमा विराअन्ति
14,जाव ण कुवलअदलसच्छहाइ मउलन्ति णअणाइं // घाश.५
15,
16,णोहलिअम अप्पणो किं ण मग्गसे मग्गसे कुरवअस्स
17,एअं खु सुहअ तुह हसइ वलिअमुहपङ्कअं जाआ // घाश.६
18,
19,ताविज्जन्ति असोएहि लडहविलआउ दइअविरहम्मि
20,किं सहइ को वि कस्स वि पाअपहारं पहुप्पन्तो // घाश.७
21,
22,अत्ता तह रमणिज्जं अंहं गामस्स मण्डणीहूअं
23,लुअतिलवाडिसरिच्छं सिसिरेणकअं भिसिणिसण्डं // घाश.८
24,
25,किं रुअसि ओणअमुही धवलाअन्तेसु सालिछॆत्तेसु
26,हरिआलमण्डिअमुही णडि व्व सणवाडिआ जाआ // घाश.९
27,
28,सहि एरिसि च्चिअ गई मा रुव्वसु तंसवलिअमुहअन्दं
29,एआण वालवालुङ्कितन्तुकुडिलाण पॆम्माणं // घाश.१०
30,
31,पाअपडिअस्स पइणो पुट्ठिं पुत्ते समारुहन्तम्मि
32,दढमण्णुदूमिआइ विहासो घरिणीअ णिक्कन्तो // घाश.११
33,
34,सच्चं जाणइ दट्ठं सरिसम्मि जणम्मि जुज्जए राओ
35,मरउ ण तुमं भणिस्सं मरणं पि सलाहनिज्जं से // घाश.१२
36,
37,रन्धणकम्मणिउणिए मा जूरसु रत्तपाडलसुअन्धं
38,मुहमारुअं पिअन्तो धूमाइ सिही ण पज्जलइ // घाश.१३
39,
40,घरिणीअ महाणसकम्मलग्गमसिमइलिएण हत्थेण
41,छित्तं मुहं हसिज्जइ चन्दावत्थं गअं पइणा // घाश.१४
42,
43,किं किं दे पडिहासइ सहीहि इअ पुच्छिआइ मुद्धाए
44,पढमुग्गअदोहलिणीअ णवर दइअं गआ दिट्ठी // घाश.१५
45,
46,अमअमअ गअणसेहर रअणीमुखतिलअ चन्द दे छिवसु
47,छित्तो जेहि जिअअमो ममं पि तेहिं चिअ करेहिं // घाश.१६
48,
49,एहिज्ज सो पउत्थो अहअं कुप्पॆज्ज सो वि अणुणॆज्ज
50,इअ कस्स वि फलइ मणोरमाण माला पिअअमम्मि // घाश.१७
51,
52,दुग्गअकुडंवअट्ठी कह णु मए धोइएण सोढव्वा
53,दसिओसरन्तसलिलेण उअह रुण्णं व पडएण // घाश.१८
54,
55,कोसंवकिसलवण्णअ तण्णअ उण्णामिएहि कण्णेहिं
56,हिअअट्ठिअं घरं वच्चमाण धवलत्तणं पाव // घाश.१९
57,
58,अलिअपसुत्तअ विणिमीलिअच्छ दे सुहअ मज्झ ओआसं
59,गण्डपरिउं वणापुलइअङ्ग ण पुणो चिराइस्सं // घाश.२०
60,
61,असमत्त मण्डण च्चिअ वच्च घरं से सकोउहल्लस्स
62,वोलाविअहलहलअस्स पुत्ति चित्ते ण लग्गिहिसि // घाश.२१
63,
64,आअरपणामिऒट्टं अघडिअणासं असंहअणिडालं
65,वण्णघिअलित्तमुहिए तीए परिउंवणं भरिमो // घाश.२२
66,
67,आणासआइ देन्ती तह सुरए हरिसविअसिअकवोला
68,गोसे वि ओणअमुही अह से त्ति पिअं ण सद्धहिमो // घाश.२३
69,
70,पिअविरहो अप्पिअदंसणं च गरुआइ दो वि दुक्खाइ
71,जीअ तुमं कारिज्जसि तीअ णमो आहिजाईए // घाश.२४
72,
73,ऎक्को वि कालसारो ण देइ गन्तुं पआहिण चलन्तो
74,किं उण वाहाउलिअं लोअणजुअलं पिअअमाए // घाश.२५
75,
76,ण कुणन्तॊ च्चिअ माणं णिसासु सुहसुत्तदरविवुद्धानं
77,सुण्णइअपासपरिमुसणवेअणं जइ सि जानन्तो // घाश.२६
78,
79,पणअकुविआण दोण्ह वि अलिअपसुत्ताण माणइल्लाण
80,णिच्चलणिरुद्धणीसासदिण्णअण्णाण को मल्लो // घाश.२७
81,
82,णवलइपहरं अङ्गे जहिं जहिं महइ देअरो दाउं
83,रोमञ्च दन्दराई तहिं तहिं दीसइ वहूए // घाश.२८
84,
85,अज्ज मए तेण विणा अणुहूअसुहाइ सम्भरन्तीए
86,अहिणवमेहाण रवो णिसामिओ वज्झपडतो व्व // घाश.२९
87,
88,णिक्किव जाआभीरुअ दुद्दंसण णिंवकीडसारिच्छ
89,गामो गामणिणन्दण तुज्झ कए तह वितणुआइ // घाश.३०
90,
91,पहरवणमग्गविसमे जाआ किच्छेण लहइ से णिद्दं
92,गामणिउत्तस्स उरे पल्ली उण से सुहं सुअइ // घाश.३१
93,
94,अह सम्भाविअमग्गो सुहअ तुऎ च्चेअ णवर णिव्वूढो
95,एण्हिं हिअए अण्णं अण्णं वाआइ लोअस्स // घाश.३२
96,
97,उण्हाइ णीससन्तो कीस मह परंमुहीअ सअणद्धे
98,हिअअं पलीविउं अणुसएण पुट्ठिं पलीवेसि // घाश.३३
99,
100,तुह विरहे चिरआरअ तिस्सा णिवडन्तवाहमइलेण
101,रइरहसिहरधएण व मुहेण छाहि च्चिअ ण पत्ता // घाश.३४
102,
103,दिअरस्स असुद्धमणस्स कुलवहूणिअअकुड्डलिहिआइ
104,दिअहं कहेइ रामाणुलग्गसोमित्तिचरिआइं // घाश.३५
105,
106,चत्तरघरिणी पिअदंसणा अ तरुणी पउत्थवइआअ
107,असई सअज्जिआदुग्गआ अ णह खण्डिअं सीलं // घाश.३६
108,
109,तालूरभमाउलखुडिअकेसरो गिरिणईअपूरेण
110,दरवुड्डवुड्डणिव्वुड्डमहुअरो हीलइ कलंवो // घाश.३७
111,
112,अहिआइमाणिणो दुग्गअस्स छाइं पइस्स रक्खंही
113,णिअवन्धवाण जूरइ घरिणी विहवेण एन्ताणं // घाश.३८
114,
115,साहीणे वि पिअअमे पत्ते वि छणे ण मण्डिओ अप्पा
116,दुग्गअपउत्थवइअं सअज्जिअं सण्ठवन्तीए // घाश.३९
117,
118,तुज्झ वसइ त्ति हिअअं इमेहि दिट्ठो तुमं ति अच्छीइं
119,तुह विरहे किसिआइ ति तीए अङ्गाइ वि पिआइं // घाश.४०
120,
121,सब्भावणे हभरिए रत्ते रज्जिज्जइ त्ति जुत्तम इणं
122,अणहिअए उण हिअअं जं दिज्जइ तं जणो हसइ // घाश.४१
123,
124,आरम्भन्तस्स धुअं लच्छी मरणं व होइ पुरिसस्स
125,तं मरणम अणारम्भे वि होइ लच्छी उण ण होइ // घाश.४२
126,
127,विरहाणलो सहिज्जइ आसावन्धेण वल्लहजणस्स
128,ऎक्कग्गामपवासो माए मरणं विसेसेइ // घाश.४३
129,
130,अक्खडइ पिआ हिअए अण्णं महिलाअणं रमन्तस्स
131,दिट्ठे सरिसम्मि गुणे सरिसम्मि गुणे अईसन्ते // घाश.४४
132,
133,णइपूरसच्छहे जॊव्वणम्मि अइपवसिएसुदिअहेसु
134,अणिअत्तासु अ राईसु पुत्ति किं दड्ढमाणेण // घाश.४५
135,
136,कल्लं किर खरतिअओ पवसिहइ पिओ त्ति सुव्वइ जणम्मि
137,तह वड्ढ भअवइ णिसे जह से कल्लं चिअ ण होइ // घाश.४६
138,
139,हॊन्तपहिअस्स जाआ आउच्छणजीअधारणरहस्सं
140,पुच्छन्ती भमइ घरं घरेण पिअविरहसहिरीओ // घाश.४७
141,
142,अण्णमहिलापसङ्गं दे दॆव्व करेसु अम्ह दइअस्स
143,पुरिसा ऎक्कन्तरसा ण हु दोसगुणे विआणन्ति // घाश.४८
144,
145,थोअं पि ण णीइ इमा मज्झण्हे उअ सरीरतललुक्का
146,आअवभएण छाही वि ता पहिअ किं ण वीसमसी // घाश.४९
147,
148,सुहउच्छअं जणं दुल्लहं पि दूराहि अम्ह आणेन्त
149,उअआरअ जर जीअं पि णेन्त ण कआवराहोसि // घाश.५०
150,
151,आम जरो मे मन्दो अहव ण मन्दो जणस्स का तत्ती
152,सुहउच्छअ सुहअ सुअन्धगन्ध मा गन्धिरिं छिवसु // घाश.५१
153,
154,सिहिपिच्छलुलिअकेसे वेवन्तोरु विणिमीलिअद्धच्छी
155,दरपुरिसाइनि विसमिरि जाणसु पुरिसाण जं दुक्खं // घाश.५२
156,
157,पॆम्मस्स विरोहिअसन्धिअस्स पच्चक्खदिट्ठविलिअस्स
158,उअअस्स व ताविअसीअलस्स विरसो रसो होइ // घाश.५३
159,
160,वज्जवडनाइरिक्कं पइणो सोऊण सिञ्जिणीघोसं
161,पुसिआइ करिमरीए सरिवन्दीणं पि अच्छीइं // घाश.५४
162,
163,करिमरि अआलगज्जिरजलआसणिवडणपडिरवो एसो
164,पइणो धणुरव कङ्खिरि रोमञ्चं किं मुहा वहसि // घाश.५५
165,
166,सहइ सहइ त्ति तेण तहा रमिआ सुरअदुव्विअड्डेण
167,पव्वाअसिरीसाइ व जह से जाआइ अङ्गाइं // घाश.५६
168,
169,अगणिअसेसजुआणा वालअ वोलीणलोअमज्जाआ
170,अह सा भमइ दिसामुहपसारिअच्छी तुह कएण // घाश.५७
171,
172,अज्जं चेअ पउत्थो उज्जागरओ जणस्स अज्जेअ
173,अज्जेअ हलिद्दापिञ्जराइ गोलाइ तूहाइं // घाश.५८
174,
175,असरिसचित्ते दिअरे सुद्धमणा पिअअमे विसमसीले
176,ण कहइ कुडुंवविहडणभएण तणुआअए सोण्हा // घाश.५९
177,
178,चिन्ताणिअदइअसमागमम्मि कअमण्णुआइ भरिऊण
179,सुण्णं कलहा अन्ती सहीहि रुण्णा ण ओहसिआ // घाश.६०
180,
181,हिअअण्णुएहि समअं असमत्ताइं पि जह सुहावेन्ति
182,कज्जाइ मणे ण तहा इअरेहि समाणिआइं पि // घाश.६१
183,
184,दरफुडिअसिप्पिसम्पुडणिलुक्कहालाहलग्गछॆप्पणिहं
185,पिक्कंवट्ठिविणिग्गअकोमलम अंवङ्कुरं उअह // घाश.६२
186,
187,उअह पडलन्तरोइण्णणिअअतन्तुद्धपाअपडिलग्गं
188,दुल्लक्खसुत्तगुत्थॆक्कवउलकुसुमं व मक्कडअं // घाश.६३
189,
190,उअरिदरडिट्ठखण्णुअणिलुक्कपारावआण विरुएहिं
191,णित्थणइ जाअविअणं सूलाहिण्णं व देवउलं // घाश.६४
192,
193,जइ होसि ण तस्स पिआ अणुदिअहं णीसहेहि अङ्गेहिं
194,णवसूअपीअपेओसमत्तपाडि व्व किं सुअसि // घाश.६५
195,
196,हेमन्तिआसु अइदीहरासु राईसु तं सि अविणिद्दा
197,चिरअरपउत्थवइए ण सुन्दरं जं दिआ सुअसि // घाश.६६
198,
199,जइ चिक्खिल्लभउप्पुअपअम इणम अलसाइ तुह पए दिण्णं
200,ता सुहअ कण्डइज्जन्तम अङ्गम एण्हिं किणो वहसि // घाश.६७
201,
202,पत्तो छणो ण सोहइ अइप्पहाए व्व पुण्णिमाअन्दो
203,अन्तविरसो व्व कामो असम्पआणो अ परिओसो // घाश.६८
204,
205,पाणिग्गहणॆ च्चिअ पव्वईअ णाअं सहीहि सोहग्गं
206,पसुवइणा वासुइकङ्कणम्मि ओसारिए दूरं // घाश.६९
207,
208,गिंहे दवग्गिमसिमइलिआइ दीसन्ति विञ्झसिहराइं
209,आससु पउत्थवइए ण हॊन्ति णवपाउसब्भाइं // घाश.७०
210,
211,जॆत्तिअमॆत्तं तीरइ णिव्वोढुं देसु तॆत्तिअं पणअं
212,ण जणो विणिअत्तपसाअदुक्खसहणक्खमो सव्वो // घाश.७१
213,
214,वहुवल्लहस्स जा होइ वल्लहा कह वि पञ्च दिअहाइं
215,सा किं छट्ठं मग्गइ कत्तो मिट्ठं च वहुअं च // घाश.७२
216,
217,जं जं सो णिज्झाअइ अङ्गोआसं महं अणिमिसच्छो
218,पच्छाएमि अ तं तं इच्छामि अ तेण दीसन्तं // घाश.७३
219,
220,दढमण्णुदूमिआइ वि गहिओ दइअम्मि पेछह इमीए
221,ओसरइ वालुआमुट्ठिओ व्व माणो सुरसुरन्तो // घाश.७४
222,
223,उअ पॊम्मराअमरगअसंवलिआ णहअलाउ ओअरइ
224,णहसिरिकण्ठब्भट्ठ व्व कण्ठिआ कीररिञ्छोली // घाश.७५
225,
226,ण वि तह विएसवासो दॊग्गच्चं मह जणेइ सन्तावं
227,आसंसिअत्थविमुहो जह पणइअणो णिअत्तन्तो // घाश.७६
228,
229,खन्धग्गिणा वणेसुं तणेहि गामम्मि रक्खिओ पहिओ
230,णअरवसिओ णडिज्जइ साणुसएण व्व सीएण // घाश.७७
231,
232,भरिमो से गहिआहरधुअसीसपहोलिरालआउलिअं
233,वअणं परिमलतरलिअभमरालिपइण्णकमलं व // घाश.७८
234,
235,हल्लफलण्हाणपसाहिआण छणवासरे सवत्तीण
236,अज्जाइ मज्जणाणाअरेण कहिअं व सोहग्गं // घाश.७९
237,
238,ण्हाणहलिद्दाभरिअन्तराइ जालाइ जालवलअस्स
239,सोहन्ति किलिञ्चिअकण्टएण कं काहिसि कअत्थं // घाश.८०
240,
241,अद्दंसणेण पॆम्मं अवेइ अइदंसणेण वि अवेइ
242,पिसुणजणकम्पिएण वि अवेइ एमेअ वि अवेइ // घाश.८१
243,
244,अद्दंसणेण महिलाअणस्स अइदंसणेण णीअस्स
245,मुक्खस्स पिसुणअणजम्पिएण एमेअ वि खलस्स // घाश.८२
246,
247,पॊट्टपडिएहि दुक्खं अच्छिज्जइ उण्णएहि होऊण
248,इअ चिन्तन्ताण मणे थणाण कसणं मुहं जाअं // घाश.८३
249,
250,सो तुज्झ कए सुन्दरि तह झीणो सुमहिलो हलिअउत्तो
251,जह से मच्छरिणीअ वि दॊच्चं जाआइ पडिवण्णं // घाश.८४
252,
253,दक्खिण्णेण वि एन्तो सुहअ सुहावेसि अंह हिअआइं
254,णिक्कइअवेण जाणं गओ सि का णिव्वुई ताणं // घाश.८५
255,
256,ऎक्कं पहरुग्घाअं हत्थं मुहमारुएण वीअन्तो
257,सो वि हसन्तीअ मए गहिओ वीएण कण्ठम्मि // घाश.८६
258,
259,अवलंविअमाणपरंमुहीअ एन्तस्स माणिनि पिअस्स
260,पुट्ठिपुलउग्गमो तुह कहेइ समुहट्ठिअं हिअअं // घाश.८७
261,
262,जानइ जाणावेउं अणुणअविद्दविअमाणपरिसेसं
263,पइरिक्कम्मि वि विणआवलंवणं स च्चिअ कुणन्ती // घाश.८८
264,
265,मुहमारुएण तं कण्ह गोरअं राहिआइ अवणेन्तो
266,एआण वल्लवीणं अण्णाण वि गोरअं हरसि // घाश.८९
267,
268,किं दाव कआ अहवा करेसि काहिसि अ सुहअ ऎत्ताहे
269,अवराहाण अलज्जिर साहसु कअरा खमिज्जन्ति // घाश.९०
270,
271,णूमन्ति जे पहुत्तं कुविअं दास व्व जे पसाअन्ति
272,तॆ च्चिअ महिलाण पिआ सेसा सामि च्चिअ वराआ // घाश.९१
273,
274,तइआ कअग्घ महुअर ण रमसि अण्णासु पुप्फजाईसु
275,वद्धफलभारगरुइं मालइम एण्हिं परिच्चअसि // घाश.९२
276,
277,अविअण्हपॆच्छणिज्जेण तक्खणं मामि तेण दिट्ठेण
278,सिविणअपीएण व पाणिएण तण्ह च्चिअ ण फिट्टा // घाश.९३
279,
280,सुअणो जं देसम अलङ्करेइ तं चिअ करेइ पवसन्तो
281,गामासण्णुम्मूलिअ महावडट्ठाणसारिच्छं // घाश.९४
282,
283,सो णाम सम्भरिज्जइ पब्भसिओ जो खणं पि हिअआहि
284,सम्भरिअव्वं च कअं गअं च पॆम्मं णिरालंवं // घाश.९५
285,
286,णासं व सा कवोलेअज्ज वितुह दन्तमण्डलं वाला
287,उब्भिण्णपुलअवइवेढपरिगअं रक्खइ वराई // घाश.९६
288,
289,दिट्ठा चूआ अग्घाइआ सुरा दक्खिणाणिलो सहिओ
290,कज्जाइं चिअ गरुआइ मामि को वल्लहो कस्स // घाश.९७
291,
292,रमिऊण पअं पि गओ जाहे उवऊहिउं पडिणिउत्तो
293,अहअं पउत्थवइअ व्व तक्खणं सो पवासि व्व // घाश.९८
294,
295,अविअण्हपॆच्छणिज्जं समसुहदुक्खं विइण्णसब्भावं
296,अण्णॊण्णहिअअलग्गं पुण्णेहि जणो जणं लहइ // घाश.९९
297,
298,दुक्खं देन्तो वि सुहं जणेइ जो जस्स वल्लहो होइ
299,दइअणहदूमिआण वि वड्ढइ थणआण रोमञ्चो // घाश.१००
300,
301,धरिओ धरिओ विअलइ उवएसो पिअसहीहि दिज्जन्तो
302,मअरद्धअवाणपहारजज्जरे तीअ हिअअम्मि // घाश.१०१
303,
304,तडसण्ठिअणीडॆक्कन्तपीलुआरक्खणॆक्कदिण्णमणा
305,अगणिअविणिवाअभआ पूरेण समं वहइ काई // घाश.१०२
306,
307,वहुपुप्फभरोणामिअभूमीगअसाह सुणसु विण्णत्तिं
308,गोलाअडविअडकुडङ्ग महुअ सणिअं गलिज्जासु // घाश.१०३
309,
310,णिप्पच्छिमाइ असई दुक्खालोआइ महुअपुप्फाइं
311,चीए वन्धुस्स व अट्ठिआइ रुअरी समुच्चिणइ // घाश.१०४
312,
313,ओ हिअअ मडहसरिआजलरअहीरन्तदीहदारु व्व
314,ठाणे ठाणॆ च्चिअ लग्गमाण केणा 'वि डज्झिहिसि // घाश.१०५
315,
316,जो तीअ अहरराओ रत्तिं उव्वासिओ पिअअमेण
317,सॊ च्चिअ दीसइ गोसे सवत्तिणअणेसु सङ्कन्तो // घाश.१०६
318,
319,गोलाअडट्ठिअं पॆच्छिऊण गहवइसुअं हलिअसोण्हा
320,आढत्ता उत्तरिउं दुक्खुत्ताराइ पअवीए // घाश.१०७
321,
322,चलणोआसणिसण्णस्स तस्स भरिमो अणालवन्तस्स
323,पाअङ्गुट्ठावेढिअकेसदढाअड्ढणसुहॆल्लिं // घाश.१०८
324,
325,फालेइ अच्छभल्लं व उअह कुग्गामदेउलद्दारे
326,हेमन्तआलपहिओ विज्झाअन्तं पलालग्गिं // घाश.१०९
327,
328,कमलाअरा ण मलिआ हंसा उड्डाविआ ण अ पिउच्छा
329,केण वि गामतडाए अब्भं उत्ताणिअं छूढं // घाश.११०
330,
331,केण मणे भग्गमणोरहेण संलाविअं पवासो त्ति
332,सविसाइ व अलसाअन्ति जेण वहुआइ अङ्गाइं // घाश.१११
333,
334,अज्ज वि वालो दामोअरो त्ति इअ जम्पिए जसोआए
335,कण्हमुहपेसिअच्छं णिहुअं हसिअं वअवहूहिं // घाश.११२
336,
337,ते विरला सप्पुरिसा जाण सिणेहो अहिण्णमुहराओ
338,अणुदिअह वड्ढमाणो रिणं व पुत्तेसु सङ्कमइ // घाश.११३
339,
340,णच्चणसलाहणणिहेण पासपरिसण्ठिआ णिउणगोवी
341,सरिगोविआण चुंवइ कवोलपडिमागअं कण्हं // घाश.११४
342,
343,सव्वत्थ दिसामुहपसरिएहि अण्णॊण्णकडअलग्गेहिं
344,छल्लिं व मुअइ विञ्झो मेहेहि विसङ्घडन्तेहिं // घाश.११५
345,
346,आलोअन्ति पुलिन्दा पव्वअसिहरट्ठिआ धणुणिसण्णा
347,हत्थिउलेहि व विञ्झं पूरिज्जन्तं णवब्भेहिं // घाश.११६
348,
349,वणदवमसिमइलङ्गो रेहइ विञ्झो घणेहि धवलेहिं
350,खीरोअमन्थणुच्छलिअदुद्धसित्तो व्व महुमहणो // घाश.११७
351,
352,वन्दीअ णिहअवन्धवविमणाइ वि पक्कलो त्ति चोरजुवा
353,अणुराएण पुलइओ गुणेसु को मच्छरं वहइ // घाश.११८
354,
355,अज्ज कइमो वि दिअहो वाहवहू रूवजॊव्वणुम्मत्ता
356,सोहग्गं धणुरुम्पच्छलेण रच्छासु विक्किरइ // घाश.११९
357,
358,उक्खिप्पइ मण्डलिमारुएण गेहङ्गणाहि वाहीए
359,सोहग्गधअवडाअ व्व उवह धणुरुम्परिञ्छोली // घाश.१२०
360,
361,गअगण्डत्थलणिहसणमअमइलीकअकरञ्जसाहाहिं
362,एन्तीअ कुलघराओ णाअं वाहीअ पइमरणं // घाश.१२१
363,
364,णववहुपॆम्मतनुइओ पणअं पढमघरिणीअ रक्खन्तो
365,अलिहिअदुप्परिअल्लं पि णेइ रण्णं धणुं वाहो // घाश.१२२
366,
367,हासाविओ जणो सामलीअ पढमं पसूअमाणाए
368,वल्लहवाएण अलं मम त्ति वहुसो भणन्तीए // घाश.१२३
369,
370,कइअवरहिअं पॆम्मं ण त्थि च्चिअ मामि माणुसे लोए
371,अह होइ कस्स विरहो विरहे हॊन्तम्मि को जिअइ // घाश.१२४
372,
373,अच्छेरं व णिहिं मिव सग्गे रज्जं व अमअपाणं व
374,आसि म्ह तं मुहुत्तं विणिअंसणदंसणं तिस्सा // घाश.१२५
375,
376,सा तुज्झ वल्लहा तं सि मज्झ वेसो सि तीअ तुज्झ अहं
377,वालअ फुडं भणामो पॆम्मं किर वहुविआरं ति // घाश.१२६
378,
379,अहअं लज्जालुइणी तस्स अ उम्मच्छराइ पॆम्माइं
380,सहिआअणो वि णिउणो अलाहि किं पाअराएण // घाश.१२७
381,
382,महुमासमारुआहअमहुअरझङ्कारणिब्भरे रण्णे
383,गाइ विरहख्हरावद्धपहिअमणमोहणं गोवी // घाश.१२८
384,
385,तह माणो माणधणाइ तीअ एमेअ दूरम अणुवद्धो
386,जह से अणुणीअ पिओ ऎक्कग्गाम च्चिअ पउत्थो // घाश.१२९
387,
388,सालोअ च्चिअ सूरे घरिणी घरसामिअस्स घॆत्तूण
389,णॆच्छन्तस्स वि पाए धुअइ हसन्ती हसन्तस्स // घाश.१३०
390,
391,वाहरउ मं सहीओ तिस्सा गॊत्तेण किं थ भणिएण
392,थिरपॆम्मा होउ जहिं तहिं पि मा किं पि णं भणह // घाश.१३१
393,
394,रूअं अच्छीसु ठिअं फरिसो अङ्गेसु जम्पिअं कण्णे
395,हिअअं हिअए णिहिअं विओइअं किं थ दॆव्वेण // घाश.१३२
396,
397,सअणे चिन्तामइअं काऊण पिअं णिमीलिअच्छीए
398,अप्पाणो उवऊढो पसिढिलवलआहि वाहाहिं // घाश.१३३
399,
400,परिभूएण वि दिअहं घरघरभमिरेण अण्णकज्जम्मि
401,चिरजीविएण इमिणा खविअ म्हो डड्ढकाएण // घाश.१३४
402,
403,वसइ जहिं चेअ खलो पोसिज्जन्तो सिणेहदाणेहिं
404,तं चेअ आलअं दीवओ व्व अइरेण मइलेइ // घाश.१३५
405,
406,हॊन्ती वि णिप्फल च्चिअ धणरिद्धी होइ किविणपुरिसस्स
407,गिम्हाअवसन्तत्तस्स णिअअछाहि व्व पहिअस्स // घाश.१३६
408,
409,फुरिए वामच्छि तए जइ एहिइ सो पिओ ज्ज ता सुइरं
410,सम्मीलिअ दाहिणअं तुइ अविअण्हं पुलोइस्सं // घाश.१३७
411,
412,सुणहपउरम्मि गामे हिण्डन्ती तुह कएण सा वाला
413,पासअसारि व्व घरङ्घरेण कइआ वि खज्जिहइ // घाश.१३८
414,
415,अण्णण्णं कुसुमरसं जं किर सो महइ महुअरो पाउं
416,तं णीरसाण दोसो कुसुमाणं णेअ भमरस्स // घाश.१३९
417,
418,रच्छापइण्णणअणुप्पला तुमं सा पडिच्छए एन्तं
419,दारणिहिएहि दोहि वि मङ्गलकलसेहि व थणेहिं // घाश.१४०
420,
421,ता रुण्णं जा रुव्वइ ता झीणं जाव झिज्जए अङ्गं
422,ता णीससिअ वराईअ जाव सासा पहुप्पन्ति // घाश.१४१
423,
424,समसॊक्खदुक्खपरिवड्ढिआण कालेण रूढपॆम्माण
425,मिहुणाण मरइ जं तं खु जिअइ इअरं मुअं होइ // घाश.१४२
426,
427,हरिहिइ पिअस्स णवचूअपल्लवो पढममञ्जरिसणाहो
428,मा रुअसु पुत्ति पत्थाणकलसमुहसण्ठिओ गमणं // घाश.१४३
429,
430,जो कह वि मह सहीहिं छिद्दं लहिऊण पेसिओ हिअए
431,सो माणो चोरिअकामुओ व्व दिट्ठे पिए णट्ठो // घाश.१४४
432,
433,सहिआहि भण्णमाणा थणए लग्गं कुसुम्भउप्फं ति
434,मुद्धवहुआ हसिज्जइ पप्फोडन्ती णहवआइं // घाश.१४५
435,
436,उम्मूलेन्ति व हिअअं इमाइ रे तुह विरज्जमाणस्स
437,अवहीरणवसविसãठुलवलन्तणअणद्धदिट्ठाइं // घाश.१४६
438,
439,ण मुअन्ति दीहसासे ण रुअन्ति चिरं ण हॊन्ति किसिआओ
440,धण्णाउ ताउ जाणं वहुवल्लह वल्लहो ण तुमं // घाश.१४७
441,
442,णिद्दालसपरिघुम्मिरतंसवलन्तद्धतारआलोआ
443,कामस्स वि दुव्विसहा दिट्ठिणिवाआ ससिमुहीए // घाश.१४८
444,
445,जीविअसेसाइ मए गमिआ कह कह वि पॆम्मदुद्दोली
446,एण्हुं विरमसु रे डड्ढ हिअअ मा रज्जसु कहिं पि // घाश.१४९
447,
448,अज्जाइ णवणहक्खअणिरिक्खणे गरुअजॊव्वणुत्तुङ्गं
449,पडिमागअणिअणअणुप्पलच्चिअं होइ थणवट्ठं // घाश.१५०
450,
451,तं णमह जस्स वच्छे लच्छिमुहं कॊत्थुहम्मि सङ्कन्तं
452,दीसइ मअपरिहीणं ससिविंवं सूरविंव व्व // घाश.१५१
453,
454,मा कुण पडिवक्खसुहं अणुणेसु पिअं पसाअलोहिल्लं
455,अइगहिअगरुअमाणेण पुत्ति रासि व्व झिज्जिहिसि // घाश.१५२
456,
457,विरहकरवत्तदूसह फालिज्जन्तम्मि तीअ हिअअम्मि
458,अंसू कज्जलमइलं पमाणसुत्तं व पडिहाइ // घाश.१५३
459,
460,दुण्णिक्खेवअम एअं पुत्तअ मा साहसं करिज्जासु
461,ऎत्थ णिहित्ताइ मणे हिअआइ पुणो ण लब्भन्ति // घाश.१५४
462,
463,णिव्वुत्तरआ वि वहू सुरअविरामट्ठिइं अआणन्ती
464,अविरअहिअआ अण्णं पि किं पि अत्थि त्ति चिन्तेइ // घाश.१५५
465,
466,णन्दन्तु सुरअसुहरसतण्हावहराइ सअललोअस्स
467,वहुकइअवमग्गविणिम्मिआइ वेसाण पॆम्माइं // घाश.१५६
468,
469,अप्पत्तमण्णुदुक्खो किं मं किसिअ त्ति पुच्छसि हसन्तो
470,पावसि जा चलचित्तं पिअं जणं ता तुह कहिस्सं // घाश.१५७
471,
472,अवहत्थिऊण सहिजम्पिआइ जाणं कएण रमिओ सि
473,एआइ ताइ सॊक्खाइ संसओ जेहि जीअस्स // घाश.१५८
474,
475,ईसालुओ पई से रत्तिं महुअं ण देइ उच्चेउं
476,उच्चेइ अप्पण च्चिअ माए अइउज्जुअसहाओ // घाश.१५९
477,
478,अच्छोडिअवत्थद्धन्तपत्थिए मन्थरं तुमं वच्च
479,चिन्तेसि थणहराआसिअस्स मज्झस्स वि ण भङ्गं // घाश.१६०
480,
481,उद्धच्छो पिअइ जलं जह जह विरलङ्गुली चिरं पहिओ
482,पावालिआ वि तह तह धारं तणुअं पि तणुएइ // घाश.१६१
483,
484,भिच्छअरो पॆच्छइ णाहिमण्डलं सा वि तस्स मुहअन्दं
485,तं चट्टुअं करङ्कं दोण्ह वि काआ विलुम्पन्ति // घाश.१६२
486,
487,जेण विणा ण जिविज्जइ अणुणिज्जइ सो कआवराहो वि
488,पत्ते वि णअरडाहे भण कस्स ण वल्लहो अग्गी // घाश.१६३
489,
490,वङ्कं को पुलइज्जउ कस्स कहिज्जउ सुहं व दुक्खं व
491,केण समं व हसिज्जउ पामरपउरे हअग्गामे // घाश.१६४
492,
493,फलहीवाहणपुण्णाहमङ्गलं लङ्गले कुणन्तीए
494,असईअ मणोरहगब्भिणीअ हत्था थरहरन्ति // घाश.१६५
495,
496,पहिउल्लूरणसङ्काउलाहि असईहि वहलतिमिरस्स
497,आइप्पणेण णिहुअं वडस्स सित्ताइ पत्ताइं // घाश.१६६
498,
499,भञ्जन्तस्स वि तुह सग्गगामिणो णइकरञ्जसाहाओ
500,पाआ अज्ज वि धम्मिअ तुह कह धरणिं चिअ छिवन्ति // घाश.१६७
501,
502,अच्छउ दाव मणहरं पिआइ मुहदंसणं अइमहग्घं
503,तग्गामछॆत्तसीमा वि झत्ति दिट्ठा सुहावेइ // घाश.१६८
504,
505,णिक्कम्माहि वि छॆत्ताहि पामरो णेअ वच्चए वसहिं
506,मुअपिअजाआसुण्णइअगेहदुक्खं परिहरन्तो // घाश.१६९
507,
508,झञ्झावाउत्तिणघरविवरपलॊट्टन्तसलिलधाराहिं
509,कुड्डलिहिओहिदिअहं रक्खइ अज्जा करअलेहिं // घाश.१७०
510,
511,गोलाणईअ कच्छे चक्खन्तो राइआइ पत्ताइं
512,उप्फडइ मक्कडो खॊक्खेइ अ पॊट्टं च पिट्टेइ // घाश.१७१
513,
514,गहवइणा मुअसेइहडुण्डुमदामं चिरं वहेऊण
515,वग्गसआइं णेऊण णवरि अज्जाहरे वद्धं // घाश.१७२
516,
517,सिहिपेहुणावअंसा वहुआ वाहस्स गव्विरी भमइ
518,गअमॊत्तिअरइअपसाहणाण मज्झे सवत्तीण // घाश.१७३
519,
520,वङ्कच्छिपॆच्छिरीणं वङ्कुल्लविरीण वङ्कभमिरीणं
521,वङ्कहसिरीण पुत्तअ पुण्णेहि जणो पिओ होइ // घाश.१७४
522,
523,भम धम्मिअ वीसत्थो सो सुणहो अज्ज मारिओ तेण
524,गोलाअडविअडकुडुङ्गवासिणा दरिअसीहेण // घाश.१७५
525,
526,वाएरिएण भरिअं अच्छिं कण्णरइउप्पलरएण
527,फुक्कन्तो अविअण्हं चुंवन्तो को सि दॆव्वाणं // घाश.१७६
528,
529,सहि दुम्मेन्ति कलंवाइं जह मं तह ण सेसकुसुमाइं
530,णूणं इमेसु दिअहेसु वहइ गुलिआधणुं कामो // घाश.१७७
531,
532,णा 'हं दूई ण तुमं पिओ त्ति को अम्ह ऎत्थ वावारो
533,सा मरइ तुज्झ अअसो एअं धम्मक्खरं भणिमो // घाश.१७८
534,
535,तीअ मुहाहि तुह मुहं तुज्झ मुहाओ अ मज्झ चलणम्मि
536,हत्थाहत्थीअ गओ अइदुक्करकारओ तिलओ // घाश.१७९
537,
538,सामाइ सामलिज्जइ अद्धच्छिपलोइरीअ मुहसोहा
539,जंवूदलकअकण्णावअंसभमिरे हलिअउत्ते // घाश.१८०
540,
541,दूइ तुमं चिअ कुसला कक्खडमउआइ जाणसे वॊत्तुं
542,कण्डूइपण्डरं जह ण होइ तह तं करॆज्जासु // घाश.१८१
543,
544,महिलासहस्सभरिए तुह हिअए सुहअ सा अमाअन्ती
545,दिअहं अणण्णकम्मा अङ्गं तणुअं पि तणुएइ // घाश.१८२
546,
547,खणमॆत्तं पि ण फिट्टइ अणुदिअह विइण्णगरुअसन्तावा
548,पच्छण्णपावसङ्क व्व सामली मज्झ हिअआओ // घाश.१८३
549,
550,अण्णुअ णा 'हं कुविआ उवऊहसु किं मुहा पसाएसि
551,तुह मण्णुसमुप्पाएण मज्झ माणेण वि ण कज्जं // घाश.१८४
552,
553,दीहुण्हपउरणीसासपअविओ वाहसलिलपरिसित्तो
554,साहेइ सामसवलं व तीअ अहरो तुह विओए // घाश.१८५
555,
556,सरए महद्दहाणं अन्तोसिसिराइ वाहिरुण्हाइं
557,जाआइ कुविअसज्जणहिअअसरिच्छाइ सलिलाइं // घाश.१८६
558,
559,आअस्स किं णु काहं किं वॊच्छं कह णु होहिइ इमं ति
560,पढमुग्गअसाहसआरिआइ हिअअं थरहरेइ // घाश.१८७
561,
562,णेउरकोडिविलग्गं चिउरं दइअस्स पाअपडिअस्स
563,हिअअं पउत्थमाणं उम्मोअन्ति च्चिअ कहेइ // घाश.१८८
564,
565,तुज्झ 'ङ्गराअसेसेण सामली तह खरेण सोमारा
566,सा किर गोलातूहे ण्हाआ जंवूकसाएण // घाश.१८९
567,
568,अज्जं चेअ पउत्थो अज्जं चिअ सुण्णआइ जाआइं
569,रच्छामुहदेउलचच्चराइ अम्हं च हिअआइं // घाश.१९०
570,
571,चिरिडिं पि अआणन्ता लोआ लोएहि गोरवब्भहिआ
572,सोणारतुल व्व णिरक्खरा वि खन्धेहि वुब्भन्ति // घाश.१९१
573,
574,आअंवन्तकवोलं खलिअक्खरजम्पिरिं फुरन्तॊट्ठिं
575,मा छिवसु त्ति सरोसं समोसरन्तिं पिअं भरिमो // घाश.१९२
576,
577,गोलाविसमोआरच्छलेण अप्पा उरम्मि से मुक्को
578,अणुअम्पाणिद्दोसं तेण वि सा गाढम उवऊःआ // घाश.१९३
579,
580,सा तइ सहत्थदिण्णं अज्ज वि रे सुहअ गन्धरहिअं पि
581,उव्वसिअणअरघरदेवअ व्व ओमालिअं वहइ // घाश.१९४
582,
583,केलीअ वि रूसेउं ण तीरए तम्मि चुक्कविणअम्मि
584,जाइअएहि वि माए इमेहि अवसेहि अङ्गेहिं // घाश.१९५
585,
586,उप्फुल्लिआइ खेलउ मा णं वारेहि होउ परिखामा
587,मा जहणभारगरुई पुरिसाअन्ती किलिम्मिहइ // घाश.१९६
588,
589,पउरजुआणो गामो महुमासो जॊव्वणं पई ठेरो
590,जुण्णसुरा साहीणा असई मा होउ किं मरउ // घाश.१९७
591,
592,वहुसो वि कहिज्जन्तं तुह वअणं मज्झ हत्थसन्दिट्ठं
593,ण सुअं ति जम्पमाणा पुणरुत्तसअं कुणइ अज्जा // घाश.१९८
594,
595,पाअडिअणेहसब्भावणिब्भरं तीअ जह तुमं दिट्ठो
596,संवरणवावडाए अण्णो वि जणो तह च्चेअ // घाश.१९९
597,
598,गेण्हह पुलोअह इमं पहसिअवअणा पइस्स अप्पेइ
599,जाआ सुअपढमुब्भिण्णदन्तजुअलङ्किअं वोरं // घाश.२००
600,
601,अच्छउ ता जणवाओ हिअअं चिअ अत्तणो तुह पमाणं
602,तह तं सि मन्दणेहो जह ण उवालम्भजॊग्गो सि // घाश.२०१
603,
604,अप्पच्छन्दपहाविर दुल्लहलम्भं जणं विमग्गन्त
605,आआसवहेहि भमन्त हिअअ कइआ वि भज्जिहिसि // घाश.२०२
606,
607,अहव गुण च्चिअ लहुआ अहवा गुणअण्णुओ ण सो लोओ
608,अहव म्हि णिग्गुणा वा वहुगुणवन्तो जणो तस्स // घाश.२०३
609,
610,फुट्टन्तेण वि हिअएण मामि कह णिव्वरिज्जए तम्मि
611,अद्दाए पडिविंव व्व जम्मि दुक्खं ण सङ्कमइ // घाश.२०४
612,
613,पासासङ्की काओ णे 'च्छइ दिण्णं पि पहिअघरिणीए
614,ओणत्तकरअलोअलिअवलअमज्झट्ठिअं पिण्डं // घाश.२०५
615,
616,ओहिदिअहागमासङ्किरीहि सहिआहि कुड्डलिहिआओ
617,दो तिण्णि तहिं मिअ चोरिआइ रेहा पुसिज्जन्ति // घाश.२०६
618,
619,तुह मुहसारिच्छं ण लहइ त्ति सम्पुण्णमण्डलो विहिणा
620,अण्णमअं व घडेउं पुणो वि खण्डिज्जइ मिअङ्को // घाश.२०७
621,
622,अज्जं गओ त्ति अज्जं गओ त्ति अज्जं गओ त्ति गणिरीए
623,पढम च्चिअ दिअहद्धे कुड्डो रेहाहि चित्तलिओ // घाश.२०८
624,
625,ण वि तह पढमसमागमसुरअसुहे पाविए वि परिओसो
626,जह वीअदिअहसविलक्खलक्खिए वअणकमलम्मि // घाश.२०९
627,
628,जे समुहागअवोलन्तवलिअपिअपेसिअच्छिविच्छोहा
629,अह मण्णे मअणसरा जणस्स जे हॊन्ति ते हॊन्तु // घाश.२१०
630,
631,इअरो जणो ण पावइ तुह जहणारुहणसङ्गमसुहॆल्लिं
632,अणुहवइ कणअदोरो हुअवहवरुणाण माहप्पं // घाश.२११
633,
634,जो जस्स विहवसारो तं सो देइ त्ति किं थ अच्छेरं
635,अणहॊन्तं पि हु दिण्णं दोहग्गं तइ सवत्तीणं // घाश.२१२
636,
637,चन्दसरिसं मुहं से सरसो अमअस्स मुहरसो तिस्सा
638,सकअग्गहरहसुज्जलचुंवणअं कस्स सरिसं से // घाश.२१३
639,
640,उप्पण्णत्थे कज्जे अइचिन्तन्तो गुणागुणे तम्मि
641,चिरआलमन्दपॆच्छित्तणेण पुरिसो हणइ कज्जं // घाश.२१४
642,
643,वालअ तुमाहि अहिअं णिअअं चिअ वल्लहं महं जीअं
644,तं तइ विणा ण होइ त्ति तेण कुविअं पसाएमि // घाश.२१५
645,
646,पत्तिअ ण पत्तिअन्ती जइ तुज्झ इमे ण मज्झ रुइरीए
647,पुट्ठीअ वाहविन्दू पुलउब्भेए ण भिज्जन्ता // घाश.२१६
648,
649,तं मित्तं काअव्वं जं किर वसणम्मि देसआलम्मि
650,आलिहिअभित्तिवाउल्लअ व्व ण परंमुहं ठाइ // घाश.२१७
651,
652,वहुआइ णइणिउञ्जे पढमुग्गअसीलखण्डणविलक्खं
653,उड्डेइ विहङ्गउलं हाहा पक्खेहि व भणन्तं // घाश.२१८
654,
655,सच्चं भणामि वालअ ण त्थि असक्कं वसन्तमासस्स
656,गन्धेण कुरुवआणं मणं पि असइत्तनं ण गआ // घाश.२१९
657,
658,ऎक्कॆक्कमवइवेढणविवरन्तरदिण्णतरलणअणाए
659,तइ वोलन्ते वालअ पञ्जरसउणाइअं तीए // घाश.२२०
660,
661,ता किं करेउ जइ तं सि तीअ वइवेढपॆल्लिअथणीए
662,पाअङ्गुट्ठग्गुक्खित्तणीसहङ्गीअ वि ण दिट्ठो // घाश.२२१
663,
664,पिअसम्भरणपलॊट्टन्तवाहधाराणिवाअभीआए
665,दिज्जइ वङ्कग्गीवाइ दीवओ पहिअजाआए // घाश.२२२
666,
667,तइ वोलन्ते वालअ तिस्सा अङ्गाइ तह णु वलिआइं
668,जह पुट्ठिमज्झणिवडन्तवाहधाराउ दीसन्ति // घाश.२२३
669,
670,ता मज्झिमॊ च्चिअ वरं दुज्जणसुअणेहि दोहि वि ण कज्जं
671,जह दिट्ठो तवइ खलो तहेअ सुअणो अईसन्तो // घाश.२२४
672,
673,अद्धच्छिपॆच्छिअं मा करेहि साहाविअं पलोएहि
674,सो वि सुदिट्ठो होहिइ तुमं पि मुद्धा कलिज्जिहिसि // घाश.२२५
675,
676,दिअहं खुडुक्किआए तीए काऊण गेहवावारं
677,गरुए वि मण्णुदुक्खे भरिमो पाअन्तसुत्तस्स // घाश.२२६
678,
679,पाणउडीअ वि जलिऊण हुअवहो जलइ जण्णवाडम्मि
680,ण हु ते परिहरिअव्वा विसमदसासण्ठिआ पुरिसा // घाश.२२७
681,
682,जं तुज्झ सई जाआ असईओ सुहअ जं च अम्हे वि
683,ता किं फुट्टउ वीअं तुज्झ समाणो जुआ ण त्थि // घाश.२२८
684,
685,सव्वस्सम्मि वि डड्ढे तह वि हु हिअअस्स णिव्वुइ च्चेअ
686,जं तेन गामडाहे हत्थाहत्थिं कुडो गहिओ // घाश.२२९
687,
688,जाऎज्ज वणुद्देसे खुज्जो वि हु णीसहो सिढिलवत्तो
689,मा माणुसम्मि लोए चाई रसिओ दरिद्दो अ // घाश.२३०
690,
691,तस्स अ सोहग्गगुणं अमहिलसरिसं च साहसं मज्झ
692,जाणइ गोलाऊरो वासारत्तद्धरत्तो अ // घाश.२३१
693,
694,ते वोलिआ वअस्सा ताण कुडुङ्गाण खण्णुआ सेसा
695,अम्हे वि गअवआओ मूलुच्छेअं गअं पॆम्मं // घाश.२३२
696,
697,थणजहणणिअंवोवरि णहरङ्का गअवआण विलआणं
698,उव्वसिआणङ्गणिवासमूलवन्ध व्व दीसन्ति // घाश.२३३
699,
700,जस्स जहिं चिअ पढमं तिस्सा अङ्गम्मि णिवडिआ दिट्ठी
701,तस्स तहिं चेअ ठिआ सव्वङ्गं केण वि ण दिट्ठं // घाश.२३४
702,
703,विरहे विसं व विसमा अमअमआ होइ सङ्गमे अहिअं
704,किं विहिणा समअं चिअ दोहिं पि पिआ विणिम्मविआ // घाश.२३५
705,
706,अद्दंसणेण पुत्तअ सुट्ठु वि णेहाणुवन्धघडिआइं
707,हत्थउडपाणिआइ व कालेण गलन्ति पॆम्माइं // घाश.२३६
708,
709,पइपुरऒ च्चिअ णिज्जइ विञ्छुअडट्ठे 'ति जारवॆज्जघरं
710,णिउणसहीकरधरिआ भुअजुअलन्दोलिरी वाला // घाश.२३७
711,
712,विक्किणइ माहमासंमि पामरो पारिडिं वइल्लेण
713,णिद्धूममुम्मुरे सामलीअ थणए णिअच्छन्तो // घाश.२३८
714,
715,सच्चं भणामि मरणे ठिअ म्हि पुण्णे तडम्मि तावीए
716,अज्ज वि तत्थ कुडुङ्गे णिवडइ दिट्ठी तह च्चेअ // घाश.२३९
717,
718,अन्धअरवोरपत्थिं व माउआ मह पइं विलुम्पन्ति
719,ईसाअन्ति मह च्चिअ छॆप्पाहिन्तो फणो जाओ // घाश.२४०
720,
721,अप्पत्तपत्तअं पाविऊण णवरङ्गअं हलिअसोण्हा
722,उअह तणुई ण माअइ रुन्दासु वि गामरच्छासु // घाश.२४१
723,
724,वक्खेवआइ पिअजम्पिआइ परहिअअणिव्वुइअराइ
725,विरलो हु जाणइ जणो उप्पण्णे जम्पिअव्वाइं // घाश.२४२
726,
727,छज्जइ पहुस्स ललिअं पिआइ माणो खमा समत्थस्स
728,जाणन्तस्स अ भणिअं मोणं च अआणमाणस्स // घाश.२४३
729,
730,वेविरसिण्णकरङ्गुलिपरिग्गहक्खलिअलेगणीमग्गे
731,सॊत्थि च्चिअ ण समप्पइ पिअसहि लेहम्मि किं लिहिमो // घाश.२४४
732,
733,दॆव्वम्मि पराहुत्ते पत्तिअ घडिअं पि विहडइ णराणं
734,कज्जं वालुअवरणं व कह वि वन्धं चिअ ण देइ // घाश.२४५
735,
736,मामि हिअअं व पीअं तेण जुआणेण मज्जमाणाए
737,ण्हाणहलिद्दाकडुअं अणुसॊत्त जलं पिअन्तेण // घाश.२४६
738,
739,जिविअं असासअं चिअ ण णिअत्तइ जॊव्वणं अइक्कन्तं
740,दिअहा दिअहेहि समा ण हॊन्ति किं णिट्ठुरो लोओ // घाश.२४७
741,
742,उप्पाइअदव्वाण वि खलाण को भाअणं खलॊ च्चेअ
743,पिक्काइ वि णिंवफलाइ णवर काएहि खज्जन्ति // घाश.२४८
744,
745,अज्ज मए गन्तव्वं घणन्धआरे वि तस्स सुहअस्स
746,अज्जा णिमीलिअच्छी पअपरिवाडिं घरे कुणइ // घाश.२४९
747,
748,सुअणो ण कुप्पइ च्चिअ अह कुप्पइ विप्पिअं ण चिन्तेइ
749,अह चिन्तेइ ण जम्पइ अह जम्पइ लज्जिओ होइ // घाश.२५०
750,
751,सो अत्थो जो हत्थे तं मित्तं जं णिरन्तरं वसणे
752,तं रूअं जत्थ गुणा तं विण्णाणं जहिं धम्मो // घाश.२५१
753,
754,चन्दमुहि चन्दधवला दीहा दीहच्छि तुह विओअम्मि
755,चउजामा सअजाम व्व जामिणी कह वि वोलीणा // घाश.२५२
756,
757,अउलीणो दोमुहओ ता महुरो भोअणं मुहे जाव
758,मुरओ व्व खलो जिण्णम्मि भोअणे विरसम आरसइ // घाश.२५३
759,
760,तह सोण्हाइ पुलइओ दरवलिआवङ्गतारअं पहिओ
761,जह वारिओ वि घरसामिएण आलिन्दए वसिओ // घाश.२५४
762,
763,लहुअन्ति लहुं पुरिसं पव्वअमॆत्तं पि दो वि कज्जाइं
764,णिव्वरणम अणिव्वूढे णिव्वूढे जं अणिव्वरणं // घाश.२५५
765,
766,कं तुङ्गथणुक्खित्तेण पुत्ति दारट्ठिआ पलोएसि
767,उण्णामिअकलसणिवेसिअग्घकमलेण व मुहेण // घाश.२५६
768,
769,वइविवरणिग्गअदलो एरण्डो साहइ व्व तरुणाणं
770,ऎत्थ घरे हलिअवहू ऎद्दहमॆत्तत्थणी वसइ // घाश.२५७
771,
772,गअकलहकुम्भसंणिहघणपीणणिरन्तरेहि तुङ्गेहिं
773,गूससिउं पि ण तीरइ किं पुण गन्तुं हअथणेहिं // घाश.२५८
774,
775,मासपसूअं छम्मासगब्भिणिं ऎक्कदिअहजरिअं च
776,रङ्गुत्तिण्णं च पिअं पुत्तअ कामन्तओ होहि // घाश.२५९
777,
778,पडिवक्खमण्णुपुञ्जे लावण्णउडे अणङ्गगअकुम्भे
779,पुरिससअहिअअधरिए कीस थणन्ती थणे वहसि // घाश.२६०
780,
781,घरिणीघणथणपॆल्लणसुहॆल्लिपडिअस्स हॊन्तपहिअस्स
782,अवसउणङ्गारअवारविट्ठिदिअहा सुहावेन्ति // घाश.२६१
783,
784,सा तुज्झ कए वालअ अणिसं घरदारतोरणणिसण्णा
785,ओसूसइ वन्दणमालिअ व्व दिअहं चिअ वराई // घाश.२६२
786,
787,हसिअं सहत्थतालं सुक्खवडं उवगएहि पहिएहिं
788,पत्तअफलाण सरिसे उड्डीणे पूसविन्दम्मि // घाश.२६३
789,
790,अज्ज म्हि हासिआ मामि तेण पाएसु तह पडन्तेण
791,तीए वि जलन्तिं दीववत्तिम अब्भुत्तअन्तीए // घाश.२६४
792,
793,अणुवत्तणं कुणन्तो वेसे वि जणे अहिण्णमुहराओ
794,अप्पवसो वि हु सुअणो परव्वसो आहिआईए // घाश.२६५
795,
796,अणुदिअहवड्ढिआअर विण्णाणगुणेहि जणिअमाहप्पो
797,पुत्तअ अहिआअजणो विरज्जमाणो वि दुल्लक्खो // घाश.२६६
798,
799,विण्णाणगुणमहग्घे पुरिसे वेसत्तणं पि रमणिज्जं
800,जणणिन्दिए उण जणे पिअत्तणेणा 'वि लज्झामो // घाश.२६७
801,
802,कह णाम तीअ तह सो सहावगरुओ वि थणहरो पडिओ
803,अहवा महिलाण चिरं को वि ण हिअअम्मि सण्ठाइ // घाश.२६८
804,
805,सुअनु वअणं छिवन्तं सूरं मा साउलीअ वारेहि
806,एअस्स पङ्कअस्स अ जाणउ कअरं सुहप्फंसं // घाश.२६९
807,
808,माणोसहं व पिज्जइ पिआइ माणंसिणीअ दइअस्स
809,करसम्पुडवलिउद्धाणणाइ मइराइ गण्डूसो // घाश.२७०
810,
811,कह सा णिव्वण्णिज्जउ जीअ जहालोइअम्मि अङ्गम्मि
812,दिट्ठी दुव्वलगाइ व्व पङ्कपडिआ ण उत्तरइ // घाश.२७१
813,
814,कीरन्ति च्चिअ णासइ उअए रेह व्व खलअणे मॆत्ती
815,सा उण सुअणम्मि कआ अणहा पाहाणरेह व्व // घाश.२७२
816,
817,अव्वो उक्करआरअ पुणो वि तत्तिं करेसि गमणस्स
818,अज्ज वि ण हॊन्ति सरला वेणीअ तरङ्गिणो चिहुरा // घाश.२७३
819,
820,ण वि तह छेअरआइ वि हरन्ति पुणरुत्तराअरसिआइं
821,जह जत्थ व तत्थ व जह व तह व सब्भावणेहरमिआइं // घाश.२७४
822,
823,उज्झसि पिआइ समअं तह वि हु रे भणसु कीस किसिअ त्ति
824,उअरिभरेण अआणुअ मुअइ वइल्लो वि अङ्गाइं // घाश.२७५
825,
826,दढमूलवद्धगण्ठि व्व मोइआ कह वि तेण मे वाहू
827,अम्हेहि वि तस्स उरे खुत्त व्व समुक्खआ थणआ // घाश.२७६
828,
829,अणुणअपसाइआए तुज्झ 'वराहे चिरं गणन्तीए
830,अपहुत्तोहअहत्थङ्गुरीअ रुण्णं वराईए // घाश.२७७
831,
832,सेअच्छलेण पॆच्छह तणुए अङ्गम्मि से अमाअन्तं
833,लावण्णं ओसरइ व तिवलीसोवाणवन्तीहिं // घाश.२७८
834,
835,दॆव्वाअत्तम्मि फले किं कीरउ ऎत्तिअं पुणो भणिमो
836,कङ्कॆल्लिपल्लवाणं ण पल्लवा हॊन्ति सारिच्छा // घाश.२७९
837,
838,धुअइ व्व मअकलङ्कं कवोलपडिअस्स माणिणी उअह
839,अणवरअवाहजलभरिअणअणकलसेहि चन्दस्स // घाश.२८०
840,
841,गन्धेण अप्पणो मालिआण णोमालिआ ण फुट्टिहइ
842,अण्णो को वि हआसाइ मंसलो परिमलुग्गारो // घाश.२८१
843,
844,फलसम्पत्तीअ समोणआइ तुङ्गाइ फलविपत्तीए
845,हिअआइ सुपुरिसाणं महातरूणं व सिहराइं // घाश.२८२
846,
847,आसासेइ परिअणं परिवत्तन्तीअ पहिअजाआए
848,णित्थामुव्वत्तणवलिअहत्थमुहलो वलअसद्दो // घाश.२८३
849,
850,तुङ्गॊ च्चिअ होइ मणो मणंसिणो अन्तिमासु वि दसासु
851,अत्थमणम्मि वि रइणो किरणा उद्धं चिअ फुरन्ति // घाश.२८४
852,
853,पॊट्टं भरन्ति सउणा वि माउआ अप्पणो अणुव्विग्गा
854,विहलुद्धरणसहावा हुवन्ति जइ के वि सप्पुरिसा // घाश.२८५
855,
856,ण विणा सब्भावेणं घॆप्पइ परमत्थजाणुओ लोओ
857,को जुण्णमञ्जरं कञ्जिएण वेआरिउं तरइ // घाश.२८६
858,
859,रण्णाउ तणं रण्णाउ पाणिअं सव्वदो सअङ्गाहं
860,तह वि मआण मईण अ आमरणन्ताइ पॆम्माइं // घाश.२८७
861,
862,तावम अवणेइ ण तहा चन्दणपङ्को वि कामिमिहुणाणं
863,जह दूसहे वि गिम्हे अण्णॊण्णालिङ्गणसुहॆल्ली // घाश.२८८
864,
865,तुप्पाणणा किणो अच्छसि त्ति परिपुच्छिआइ वहुआइ
866,विउणावेढिअजहणत्थलाइ लज्जोणअं हसिअं // घाश.२८९
867,
868,हिअअ च्चेअ विलीणो ण साहिओ जाणिऊण घरसारं
869,वन्धवदुव्वअणं मिव दोहलओ दुग्गअवहूए // घाश.२९०
870,
871,धावइ विअलिअधम्मिल्लसिचअसञ्जमणवावडकरग्गा
872,चण्डिलभअविवलाअन्तडिम्भपरिमग्गिणी घरिणी // घाश.२९१
873,
874,जह जह उव्वहइ वहू णवजॊव्वणमणहराइ अङ्गाइ
875,तह तह से तणुआअइ मज्झो दइओ अ पडिवक्खो // घाश.२९२
876,
877,जह जह जरापरिणओ होइ पई दुग्गओ विरूओ वि
878,कुलवालिआण तह तह अहिअअरं वल्लहो होइ // घाश.२९३
879,
880,एसो मामि जुआणो वारं वारेण जं अडअणाओ
881,गिम्हे गामॆक्कवडोदअं व किच्छेण पावन्ति // घाश.२९४
882,
883,गामवडस्स पिउच्छा आवण्डुमुहाण पण्डुरच्छाहं
884,हिअएण समं असईण पडइ वाआहअं पत्तं // घाश.२९५
885,
886,पॆच्छइ अलद्धलक्खं दीहं णीससइ सुण्णअं हसइ
887,जह जम्पइ अफुडत्थं तह से हिअअट्ठिअं किं पि // घाश.२९६
888,
889,गहवइ गओ म्ह सरणं रक्खसु एअं ति अडअणा भणिउं
890,सहसागअस्स तुरिअं पइणॊ च्चिअ जारम अप्पेइ // घाश.२९७
891,
892,हिअएछिअस्स दिज्जउ तणुआअन्तिं ण पॆच्छह पिउच्छा
893,हिअएछिओ म्ह कत्तो भणिउं मोहं गआ कुअरी // घाश.२९८
894,
895,खिण्णस्स उरे पइणो ठवेइ गिम्हावरण्हरमिअस्स
896,ऒल्लं गलन्तकुसुमं ण्हाणसुअन्धं चिहुरभारं // घाश.२९९
897,
898,अह सरसदन्तमण्डलकवोलपडिमागओ मअच्छीए
899,अन्तोसिन्दूरिअसङ्खवत्तकरणिं वहइ चन्दो // घाश.३००
900,
901,अह अम्ह आअओ अज्ज कुलहराओ त्ति छॆञ्छई जारं
902,सहसागअस्स तुरिअं पइणो कण्ठम्मि लाएइ // घाश.३०१
903,
904,पुसिआ कण्णाहरणेन्दणीलकिरणाहआ ससिमऊहा
905,माणिणिवअणम्मि सकज्जलंसुसङ्काइ दइएण // घाश.३०२
906,
907,ऎद्दहमॆत्तम्मि जए सुन्दरमहिलासहस्सभरिए वि
908,अणुहरइ णवर तिस्सा वामद्धं दाहिणद्धस्स // घाश.३०३
909,
910,जह जह वाएइ पिओ तह तह णच्चामि चञ्चले पॆम्मे
911,वल्ली वलेइ अङ्गं सहावथद्धे वि रुक्खम्मि // घाश.३०४
912,
913,दुक्खेहि लब्भइ पिओ लद्धो दुक्खेहि होइ साहीणो
914,लद्धो वि अलद्धॊ च्चिअ जइ जह हिअअं तह ण होइ // घाश.३०५
915,
916,अव्वो अणुणअसुहकङ्खिरीअ अकअं कअं कुणन्तीए
917,सरलसहावो वि पिओ अविणअमग्गं वला णीओ // घाश.३०६
918,
919,हत्थेसु अ पाएसु अ अङ्गुलिगणणाइ अइगआ दिअहा
920,एण्हिं उण केण गणिज्जउ त्ति भणिउं रुअइ मुद्धा // घाश.३०७
921,
922,कीरमुहसच्छहेहिं रेहइ वसुहा पलासकुसुमेहिं
923,वुद्धस्स चलणवन्दणपडिएहि व भिक्खुसङ्घेहिं // घाश.३०८
924,
925,जं जं पिहुलं अङ्गं तं तं जाअं किसोअरि किसं ते
926,जं तं तणुअं तं तं पि णिट्ठिअं किं थ माणेण // घाश.३०९
927,
928,ण गुणेण हीरइ जणो हीरइ जो जेण भाविओ तेण
929,मॊत्तूण पुलिन्दा मॊत्तिआइ गुञ्जाउ गेण्हन्ति // घाश.३१०
930,
931,लङ्कालआण पुत्तअ वसन्तमासॆक्कलद्धपसराण
932,आपीअलोहिआणं वीहेइ जणो पलासाणं // घाश.३११
933,
934,घॆत्तूण चुण्णमुट्ठिं हरिसूसुइआइ वेअमाणाए
935,भिसिणेमि त्ति पिअअमं हत्थे गन्धोदअं जाअं // घाश.३१२
936,
937,पुट्ठिं पुससु किसोअरि पलोहरङ्कॊल्लपत्तचित्तलिअं
938,छेआहि दिअरजाआहि उज्जुए मा कलिज्जिहिसि // घाश.३१३
939,
940,अच्छीइ ता थइस्सं दोहि वि हत्थेहि तम्मि दिट्ठम्मि
941,अङ्गं कलंवकुसुमं व पुलइअं कह णु ढक्किस्सं // घाश.३१४
942,
943,झञ्झावाउत्तिणिए घरम्मि रोऊण णीसहणिसण्णं
944,दावेइ व गअवइअं विज्जुज्जोओ जलहराणं // घाश.३१५
945,
946,भुञ्जसु जं साहीणं कत्तो लोणं कुगामरिद्धम्मि
947,सुहअ सलोणेण वि किं तेण सिणेहो जहिं णत्थि // घाश.३१६
948,
949,सुहपुच्छिआइ हलिओ मुहपङ्कअसुरहिपवणणिव्वविअं
950,तह पिअइ पअइकडुअं पि ओसहं जह ण णिट्ठाइ // घाश.३१७
951,
952,अह सा तहिं तहिं व्विअ वाणीरवणम्मि चुवकसङ्केआ
953,तुह दंसणं विमग्गइ पब्भट्टणिहाणठाणं च // घाश.३१८
954,
955,दढरोसकलुसिअस्स वि सुअणस्स मुहाहि विप्पिअं कन्तो
956,राहुमुहम्मि वि ससिणो किरणा अमअं विअ मुअन्ति // घाश.३१९
957,
958,अवमानिओ वि ण तहा दुम्मिज्जइ सज्जणो विहवहीणो
959,पडिकाउं असमत्थो माणिज्जन्तो जह परेण // घाश.३२०
960,
961,कलहन्तरे वि अविणिग्गआइ हिअअम्मि जरमुवगआइं
962,सुअणकआइ रहस्साइ डहइ आउक्खए अग्गी // घाश.३२१
963,
964,लुम्बीओ अङ्गणमाहवीण दारग्गलाउ जाआउ
965,आसासो पन्थपलोअणे वि पिट्ठो गअवईणं // घाश.३२२
966,
967,पिअदंसणसुहरसमउलिआइ जइ से ण हॊन्ति णअणाइं
968,ता केण कण्णरइअं लक्खिज्जइ कुवलअं तिस्सा // घाश.३२३
969,
970,चिक्खिल्लखुत्तहलमुहकड्ढणसिढिले पइम्मि पासुत्ते
971,अप्पत्तमोहणसुहा घणसमअं पामरी सवइ // घाश.३२४
972,
973,दुम्मेन्ति देन्ति सॊक्खं कुणन्ति अणुराअअं रमावेन्ति
974,अरइरइवन्धवाणं णमो णमो मअणवाणाणं // घाश.३२५
975,
976,कुसुममआ वि अइखरा अलद्धफंसा वि दूसहपआवा
977,भिन्दन्ता वि रइअरा कामस्स सरा वहुविअप्पा // घाश.३२६
978,
979,ईसं जणेन्ति दावेन्ति मम्महं विप्पिअं सहावेन्ति
980,विरहे ण देन्ति मरिउं अहो गुणा तस्स वहुमग्गा // घाश.३२७
981,
982,णीआइ अज्ज णिक्किव पिणद्धणवरङ्गआइ वरईए
983,घरपरिवाडीअ पहेणआइ तुह दंसणासाए // घाश.३२८
984,
985,सूइज्जइ हेमन्तम्मि दुग्गओ फुम्फुआसुअन्धेण
986,धूमकविलेण परिविरलतन्तुणा जुण्णपडएण // घाश.३२९
987,
988,खरसिप्पीरुल्लिहिआइ कुणइ पहिओ हिमागमपहाए
989,आअमणजलॊल्लिअहत्थफंसमसिणाइ अङ्गाइं // घाश.३३०
990,
991,णक्खुक्खुडिअं सहआरमञ्जरिं पामरस्स सीसम्मि
992,वन्दिं मिव हीरन्तिं भमरजुआणा अणुसरन्ति // घाश.३३१
993,
994,सूरच्छलेण पुत्तअ कस्स तुमं अञ्जलिं पणामेसि
995,हासकडक्खुम्मिस्सा ण हॊन्ति देवाण जॊक्कारा // घाश.३३२
996,
997,मुहविज्झविअपईवं णिरुद्धसासं ससङ्किउल्लावं
998,सवहसअरक्खिऒट्ठं चोरिअरमिअं सुहावेइ // घाश.३३३
999,
1000,गेअच्छलेण भरिउं कस्स तुमं रुअसि णिब्भरुक्कण्ठं
1001,मण्णुपडिरुद्धकण्ठद्धणिन्तखलिअक्खरुल्लावं // घाश.३३४
1002,
1003,वहलतमाहअराई अज्ज पउत्थो पई घरं सुण्णं
1004,तह जग्गेसु सअज्जिअ ण जहा अम्हे मुसिज्जामो // घाश.३३५
1005,
1006,सञ्जीवणोसहं मिव सुअस्स रक्खइ अणण्णवावारा
1007,सासू णवब्भदंसणकण्ठागअजीविअं सोण्हं // घाश.३३६
1008,
1009,णूणं हिअअणिहित्ताइ वससि जाआइ अम्ह हिअअम्मि
1010,अण्णह मणोरहा मे साहसु कह तीअ विण्णाआ // घाश.३३७
1011,
1012,तइ सुहअ अईसन्ते तिस्सा अच्छीहि कण्णलग्गेहिं
1013,दिण्णं घोलिरवाहेहि पाणिअं दंसणसुहाणं // घाश.३३८
1014,
1015,उप्पॆक्खागअ तुह मुहदंसणपडिरुद्धजीविआसाइ
1016,दुहिआइ मए कालो कॆत्तिअमॆत्तो व्व णेअव्वो // घाश.३३९
1017,
1018,वोलीणालक्खिअरूअजॊव्वणा पुत्ति कं ण दूमेसि
1019,दिट्ठा पणट्ठपोराणजणवआ जम्मभूमि व्व // घाश.३४०
1020,
1021,परिओसविअसिएहिं भणिअं अच्छीहि तेण जणमज्झे
1022,पडिवण्णं तीअ वि उव्वमन्तसेएहि अङ्गेहिं // घाश.३४१
1023,
1024,ऎक्कक्कमसन्देसाणुराअवड्ढन्तकोउहल्लाइं
1025,दुक्खं असमत्तमणोरहाइ अच्छन्ति मिहुणाइं // घाश.३४२
1026,
1027,जइ सो ण वल्लहॊ च्चिअ गॊत्तग्गहणेण तस्स सहि कीस
1028,होइ मुहं ते रविअरफंसविसट्टं व तामरसं // घाश.३४३
1029,
1030,माणदुमपरुसपवणस्स मामि सव्वङ्गणिव्वुइअरस्स
1031,अवऊहणस्स भद्दं रइणाडअपुव्वरङ्गस्स // घाश.३४४
1032,
1033,णिअआणुमाणणीसङ्क हिअअ दे पसिअ विरम ऎत्ताहे
1034,अमुणिअपरमत्थजणाणुलग्ग कीस म्ह लहुएसि // घाश.३४५
1035,
1036,ओसहिअजणो पइणा सलाहमाणेण अइचिरं हसिओ
1037,चन्दो त्ति तुज्झ वअणे विइण्णकुसुमञ्जलिविलक्खो // घाश.३४६
1038,
1039,झिज्जन्तेहि अणुदिणं पच्चक्खम्मि वि तुमम्मि अङ्गेहिं
1040,वालअ पुच्छिज्जन्ती ण आणिमो कस्स किं भणिमो // घाश.३४७
1041,
1042,अङ्गाणं तणुआरअ सिक्खावअ दीहरोइअव्वाणं
1043,विणआइक्कमआरअ मा मा णं पम्हसिज्जासु // घाश.३४८
1044,
1045,अण्णह ण तीरइ च्चिअ परिवड्ढन्तगरुअं पिअअमस्स
1046,मरणविणोएण विणा विरमावेउं विरहदुक्खं // घाश.३४९
1047,
1048,वण्णन्तीहि तुह गुणे वहुसो अम्हेहि छिञ्छईपुरओ
1049,वालअ सअम एअ कओ सि दुल्लहो कस्स कुप्पामो // घाश.३५०
1050,
1051,जाओ सो वि विलक्खो मए वि हसिऊण गाढम उवऊढो
1052,पढमोसरिअस्स णिअंसणस्स गण्ठिं विमग्गन्तो // घाश.३५१
1053,
1054,कण्डुज्जुआ वराई अज्ज तए सा कआवराहेण
1055,अलसाइअरुण्णविअम्भिआइ दिअहेण सिक्खविआ // घाश.३५२
1056,
1057,अवराहेहि वि ण तहा पत्तिअ जह मं इमेहि दुम्मेसि
1058,अवहत्थिअसब्भावेहि सुहअ दक्खिण्णभणिएहिं // घाश.३५३
1059,
1060,मा जूर पिआलिङ्गणसरहसभमिरीण वाहुलइआणं
1061,तुण्हिक्क परुण्णेनं इमिणा माणंसिणि मुहेणं // घाश.३५४
1062,
1063,मा वच्च पुप्फलाविर देवा उअअञ्जलीहि तूसन्ति
1064,गोलाणईअ पुत्तअ सीलुम्मूलाइ कूलाइं // घाश.३५५
1065,
1066,वअणे वअणम्मि चलन्तसीससुण्णावहाणहुङ्कारं
1067,सहि देन्ती णीसासन्तरेसु कीस म्ह दूमेसि // घाश.३५६
1068,
1069,सब्भावं पुच्छन्ती वालअ रोआविआ तुह पिआए
1070,ण त्थि च्चिअ कअसवहं हासुम्मिस्सं भणन्तीए // घाश.३५७
1071,
1072,ऎत्थ मए रमिअव्वं तीअ समं चिन्तिऊण हिअएण
1073,पामरकरसेउल्ला णिवडइ तुवरी वविज्जन्ती // घाश.३५८
1074,
1075,गहवइसुऒच्चिएसु वि फलहीवॆण्टेसु उअह वहुआइ
1076,मोहं भमइ पुलइओ विलग्गसेअङ्गुली हत्थो // घाश.३५९
1077,
1078,अज्जं मोहणसुहिअं मुअ त्ति मॊत्तुं पलाइए हलिए
1079,दरफुडिअवॆण्टभारोणआइ हसिअं व फलहीए // घाश.३६०
1080,
1081,णीसासुक्कम्पिअपुलइएहि जाणन्ति णच्चिउं धण्णा
1082,अम्हारिसीहि दिट्ठे पिअम्मि अप्पा वि वीसरिओ // घाश.३६१
1083,
1084,तणुएण वि तणुइज्जइ खीणेण वि खिज्जए वला इमिणा
1085,मज्झत्थेण वि मज्झेण पुत्ति कह तुज्झ पडिवक्खो // घाश.३६२
1086,
1087,वाहि व्व वॆज्जरहिओ धणरहिओ सअणमज्झवासो व्व
1088,रिउरिद्धिदंसणं मिव दूसहणीओ तुह विओओ // घाश.३६३
1089,
1090,को त्थ जअम्मि समत्थो थइउं वित्थिण्णणिम्मलुत्तुङ्गं
1091,हिअअं तुज्झ णराहिव गअणं व पओहरे मॊत्तुं // घाश.३६४
1092,
1093,आअण्णेइ अडअणा कुडुङ्गहॆट्ठम्मि दिण्णसङ्केआ
1094,अग्गपअपॆल्लिआणं मम्मरअं जुण्णपत्ताणं // घाश.३६५
1095,
1096,अहिलेन्ति सुरहिणीससिअपरिमलावद्धमण्डलं भमरा
1097,अमुणिअचन्दपरिहवं अपुव्वकमलं मुहं तिस्सा // घाश.३६६
1098,
1099,धीरावलंविरीअ वि गुरुअणपुरओ तुमम्मि वोलीणे
1100,पडिओ से अच्छिणिमीलणेण पम्हट्ठिओ वाहो // घाश.३६७
1101,
1102,भरिमो से सअणपरंमुहीअ विअलन्तमाणपसराइ
1103,कइअवसुत्तुव्वत्तणथणअलसप्पॆल्लणसुहॆल्लिं // घाश.३६८
1104,
1105,फग्गुच्छवणिद्दोसं केण वि कद्दमपसाहणं दिण्णं
1106,थणअलसमुहपलॊट्टन्तसेअधोअं किणो धुअसि // घाश.३६९
1107,
1108,किं ण भणिओ सि वालअ गामणिधूआइ गुरुअणसमक्खं
1109,अणिमिसम ईसीसि वलन्तवअणणअणद्धतिट्ठेहिं // घाश.३७०
1110,
1111,णअणब्भन्तरघोलन्तवाहभरमन्थराइ दिट्ठीए
1112,पुणरुत्तपॆच्छरीए वालअ किं जं ण भणिओ सि // घाश.३७१
1113,
1114,जो सीसम्मि विइण्णो मज्झ जुआणेहि गणवई आसि
1115,तं चिअ एण्हिं पणमामि हअजरे होहि सन्तुट्ठा // घाश.३७२
1116,
1117,अन्तोहुत्तं डज्झइ जाआसुण्णे घरे हलिअउत्तो
1118,उक्खाअणिहाणाइ व रमिअट्ठाणाइ पॆच्छन्तो // घाश.३७३
1119,
1120,णिद्दाभङ्गो आवण्डुरत्तणं दीहरा अ णीसासा
1121,जाअन्ति जस्स विरहे तेण समं कीरिसो माणो // घाश.३७४
1122,
1123,तेण ण मरामि मण्णूहि पूरिआ अज्ज जेण रे सुहअ
1124,तग्गअमणा मरन्ती मा तुज्झ पुणो वि लग्गिस्सं // घाश.३७५
1125,
1126,अवरज्झसु वीसद्धं सव्वं ते सुहअ विसहिमो अम्हे
1127,गुणणिब्भरम्मि हिअए पत्तिअ दोसा ण माअन्ति // घाश.३७६
1128,
1129,भरिउच्चरन्तपसरिअपिअसम्भरणपिसुणो वराईए
1130,परिवाहो विअ दुक्खस्स वहइ णअणट्ठिओ वाहो // घाश.३७७
1131,
1132,जं जं करेसि जं जं जम्पसि जह जह तुमं णिअच्छेसि
1133,तं तम अणुसिक्खिरीए दीहो दिअहो ण सम्पडइ // घाश.३७८
1134,
1135,भण्डन्तीअ तणाइं सॊत्तुं दिण्णाइ जाइ पहिअस्स
1136,ताइ च्चेअ पहाए अज्जा आअड्ढइ रुअन्ती // घाश.३७९
1137,
1138,वसणम्मि अणुव्विग्गा विहवम्मि अगव्विआ भए धीरा
1139,हॊन्ति अहिण्णसहावा समेसु विसमेसु सप्पुरिसा // घाश.३८०
1140,
1141,अज्ज सहि केण गोसे कं पि मणे वल्लहं भरन्तेण
1142,अम्हं मअणसराहअहिअअवणप्फोडणं गीअं // घाश.३८१
1143,
1144,उट्ठन्तमहारम्भे थणए दट्ठूण मुद्धवहुआए
1145,ओसण्णकवोलाए णीससिअं पढमघरिणीए // घाश.३८२
1146,
1147,गरुअछुहाउलिअस्स वि वल्लहकरिणीमुहं भरन्तस्स
1148,सरसो मुणालकवलो गअस्स हत्थॆ च्चिअ मिलाणो // घाश.३८३
1149,
1150,पसिअ पिए का कुविआ सुअणु तुमं परअणम्मि को कोवो
1151,को हु परो णाह तुमं कीस अउण्णाण मे सत्ती // घाश.३८४
1152,
1153,एहिसि तुमं ति णिमिसं व जग्गिअं जामिणीअ पढमद्धं
1154,सेसं सन्तावपरव्वसाइ वरिसं व वोलीणं // घाश.३८५
1155,
1156,अवलंवह मा सङ्कह ण इमा गहलङ्घिआ परिब्भमइ
1157,अत्थक्कगज्जिउब्भन्तहित्थहिअआ पहिअजाआ // घाश.३८६
1158,
1159,केसररअविच्छड्डे मअरन्दो होइ जॆत्तिओ कमले
1160,जइ भमर तॆत्तिओ अण्णहिं पि ता सोहसि भमन्तो // घाश.३८७
1161,
1162,पॆच्छन्ति अणिमिसच्छा पहिआ हलिअस्स पिट्ठपण्डुरिअं
1163,धूअं दुद्धसमुद्दुत्तरन्तलच्छिं विअ सअण्हा // घाश.३८८
1164,
1165,कस्स भरसि त्ति भणिए को मे अत्थि त्ति जम्पमाणीए
1166,उव्विग्गरोइरीए अम्हे वि रुआविआ तीए // घाश.३८९
1167,
1168,पाअपडिअं अहव्वे किं दाणि ण उट्ठवेसि भत्तारं
1169,एअं चिअ अवसाणं दूरं पि गअस्स पॆम्मस्स // घाश.३९०
1170,
1171,तडविणिहिअग्गहत्था वारितरङ्गेहि घोलिरणिअंवा
1172,सालूरी पडिविंवे पुरिसाअन्ति व्व पडिहाइ // घाश.३९१
1173,
1174,सिक्करिअमणिअमुहवेविआइ धुअहत्थसिञ्जिअव्वाइ
1175,सिक्खन्तु वोडहीओ कुसुम्भ तुम्हं पसाएण // घाश.३९२
1176,
1177,जॆत्तिअमॆत्ता रच्छा णिअंव कह तॆत्तिओ ण जाओ सि
1178,जेण छिविज्जइ गुरुअणलज्जोसरिओ वि सो सुहओ // घाश.३९३
1179,
1180,मरगअसूईविद्धं व मॊत्तिअं पिअइ आअअग्गीवो
1181,मोरो पाउसआले तणग्गलग्गं उअअविन्दुं // घाश.३९४
1182,
1183,अज्जाइ णीलकञ्चुअभरिउव्वरिअं विहाइ थणवट्टं
1184,जलभरिअजलहरन्तरदरुग्गअं चन्दविंवं व // घाश.३९५
1185,
1186,राअविरुद्धं व कहं पहिओ पहिअस्स साहइ ससङ्कं
1187,जत्तो अम्वाण दलं तत्तो दरणिग्गअं किं पि // घाश.३९६
1188,
1189,धण्णा ता महिलाओ जा दइअं सिविणए वि पॆच्छन्ति
1190,णिद्द च्चिअ तेण विणा ण एइ का पॆच्छए सिविणं // घाश.३९७
1191,
1192,परिहरिअकणअकुण्डलगण्डत्थलमणहरेसु सवणेसु
1193,अण्णुअ समअवसेणं परिहिज्जइ तालवॆण्टजुअं // घाश.३९८
1194,
1195,मज्झण्हपत्थिअस्स वि गिम्हे पहिअस्स हरइ सन्तावं
1196,हिअअट्ठिअजाआमुहमअङ्कजोण्हाजलप्पवहो // घाश.३९९
1197,
1198,भण को ण रूसइ जणो पत्थिज्जन्तो अदेसआलम्मि
1199,रइवावडा रुवन्तं पिअं पि पुत्तं सवइ माआ // घाश.४००
1200,
1201,डज्झसि डज्झसु कुत्थसि कुत्थसु अह फुडसि हिअअ ता फुडसु
1202,तह वि परिसेसिऒ च्चिअ सो खु मए गलिअसब्भावो // घाश.४०१
1203,
1204,दट्ठूण रन्दतुण्डग्गणिग्गअं णिअसुअस्स दाढग्गं
1205,भॊण्डी विणा वि कज्जेण गामणिअडे जवे चरइ // घाश.४०२
1206,
1207,हेलाकरग्गकड्ढिअजलरिक्कं साअरं पआसन्तो
1208,जअइ अणिग्गहवडवग्गिभरिअगअणो गणाहिवई // घाश.४०३
1209,
1210,एएण च्चिअ कङ्कॆल्लि तुज्झ तं ण त्थि जं ण पज्जत्तं
1211,उवमिज्जइ जं तुह पल्लवेण वरकामिणीहत्थो // घाश.४०४
1212,
1213,रसिअ विअड्ढ विलासिअ समअण्णुअ सच्चअं असोओ सि
1214,वरजुवइचलणकमलाहओ वि जं विअससि सअण्हं // घाश.४०५
1215,
1216,वलिणो वाआवंहे चॊज्जं णिउणत्तणं च पअडन्तो
1217,सुरसत्थकआणन्दो वामणरूवो हरी जअइ // घाश.४०६
1218,
1219,विज्झाविज्जइ जलणो गहवइधूआइ वित्थअसिहो वि
1220,अणुमरणघणालिङ्गणपिअअमसुहसिज्जिरङ्गीए // घाश.४०७
1221,
1222,जारमसाणसमुब्भवभूइसुहप्फंससिज्जिरङ्गीए
1223,ण समप्पइ णवकावालिणीअ उद्धूलणारम्भो // घाश.४०८
1224,
1225,ऎक्को पण्हअइ थणो वीओ पुलएइ णहमुहालिहिओ
1226,पुत्तस्स पिअअमस्स अ मज्झणिसण्णाइ घरिणीअ // घाश.४०९
1227,
1228,ऎत्ताइ च्चिअ मोहं जणेइ वालत्तणे वि वट्टन्ती
1229,गामणिधुआ विसलअ व्व वड्ढिआ काहिइ अणत्थं // घाश.४१०
1230,
1231,अपहुप्पन्तं महिमण्डलम्मि णहसण्ठिअं चिरं हरिणो
1232,ताराउप्फप्पअरञ्चिअं व तइअं पअं णमह // घाश.४११
1233,
1234,सुप्पउ तइओ वि गओ जामो त्ति सहीउ कीस मं भणह
1235,सेहालिआण गन्धो ण देइ सॊत्तुं सुअह तुम्हे // घाश.४१२
1236,
1237,कह सो ण सम्भरिज्जइ जो मे तह सण्ठिआइ अङ्गाइं
1238,णिव्वत्तिए वि सुरए णिज्झाअइ सुरअरसिओ व्व // घाश.४१३
1239,
1240,सुक्खन्तवहलकद्दमघम्मविसूरन्तकमढपाढीणं
1241,दिट्ठं अइट्ठउव्वं कालेण तलं तडाअस्स // घाश.४१४
1242,
1243,चोरिअरअसद्धालुणि मा पुत्ति भम्मसु अन्धआरम्मि
1244,अहिअअरं लक्खिज्जसि तमभरिए दीवअसिह व्व // घाश.४१५
1245,
1246,वाहित्ता पडिवअणं ण देइ रूसेइ ऎक्कमॆक्कस्स
1247,असई कज्जेण विणा पलिप्पमाणे णईकच्छे // घाश.४१६
1248,
1249,आम असइ म्ह ओसर पइव्वए ण तुह मइलिअं गॊत्तं
1250,किं उण जणस्स जाअ व्व चण्डिलं ता ण कामेमो // घाश.४१७
1251,
1252,णिद्दं लहन्ति कहिअं सुणन्ति खलिअक्खरं ण जम्पन्ति
1253,जाहि ण दिट्ठो सि तुमं ताऒ च्चिअ सुहअ सुहिआओ // घाश.४१८
1254,
1255,वालअ तुमाइ दिण्णं कण्णे काऊण वोरसङ्घाडिं
1256,लज्जालुइणी वि वहू घरं गआ गामरच्छाए // घाश.४१९
1257,
1258,अह सो विलक्खहिअओ मए अहव्वाइ अगहिआणुणओ
1259,परवज्जणच्चिरीहिं तुम्हेहि उवॆक्खिओ णिन्तो // घाश.४२०
1260,
1261,दीसन्तो णअणसुहो णिव्वुदिजणणो करेहि वि छिवन्तो
1262,अब्भत्थिओ ण लब्भइ चन्दो व्व पिओ कलाणिलओ // घाश.४२१
1263,
1264,जे लीणभमरभरभग्गगॊच्छआ आसि णइअडुच्छङ्गे
1265,कालेण वञ्जुला पिअवअस्स ते खण्णुआ जाआ // घाश.४२२
1266,
1267,खणभङ्गुरेण पॆम्मेण माउआ दूमिअ म्हि ऎत्ताहे
1268,सिविणअणिहिलम्भेण व दिट्ठपणट्ठेण लोअम्मि // घाश.४२३
1269,
1270,चाओ सहावसरलं विच्छुहइ सरं गुणम्मि णिवडन्तं
1271,वङ्कस्स उज्जुअस्स अ संवन्धो किं चिरं होइ // घाश.४२४
1272,
1273,पढमं वामणविहिणा पच्छा हु कओ विअम्भमाणेण
1274,थणजुअलेण इमीए महुमहणेण व्व वलिवन्धो // घाश.४२५
1275,
1276,मालइकुसुमाइ कुलुञ्चिऊण मा जाण णिव्वुओ सिसिरो
1277,काअव्वा अज्ज वि णिग्गुणाण कुन्दाण सामिद्धी // घाश.४२६
1278,
1279,तुङ्गाण विसेसणिरन्तराण सरसवणलद्धसोहाणं
1280,कअकज्जाण भडाण व थणाण पडणं पि रमणिज्जं // घाश.४२७
1281,
1282,परिमलणसुहा गरुआ अलद्धविवरा सलक्खणाहरणा
1283,थणआ कव्वालाअ व्व कस्स हिअए ण लग्गन्ति // घाश.४२८
1284,
1285,खिप्पइ हारो थणमण्डलाहि तरुणीहि रमणपरिरम्भे
1286,अच्चिअगुणा वि गुणिणो लहन्ति लहुअत्तणं काले // घाश.४२९
1287,
1288,अण्णो को वि सहावो वम्महसिहिणो हला हआसस्स
1289,विज्झाइ णीरसाणं हिअए सरसाण पज्जलइ // घाश.४३०
1290,
1291,तह तस्स माणपरिवड्ढिअस्स चिरपणअवद्धमूलस्स
1292,मामि पडन्तस्स सुओ सद्दो वि ण पॆम्मरुक्खस्स // घाश.४३१
1293,
1294,पाअपडिओ ण गणिओ पिअं भणन्तो वि अप्पिअं भणिओ
1295,वच्चन्तो वि ण रुद्धो भण कस्स कए कओ माणो // घाश.४३२
1296,
1297,पुसइ खणं धुअइ खणं पप्फोडइ तक्खणं अआणन्ती
1298,मुद्धवहू थणवट्टे दिण्णं दइएण णक्खवअं // घाश.४३३
1299,
1300,वासारत्ते उण्णअपओहरे जॊव्वणे व्व वोलीणे
1301,पढमॆक्ककासकुसुमं दीसइ पलिअं व धरणीए // घाश.४३४
1302,
1303,कत्थ गअंअ रइविंवं कत्थ पणट्ठाउ चन्दताराउ
1304,गअणे वलाअवन्तिं कालो होरं व कट्ठेइ // घाश.४३५
1305,
1306,अविरलपडन्तणवजलधारारज्जुघडिअं पअत्तेण
1307,अपहुत्तो उक्खिविउं रसइ व मेहो महिं उअह // घाश.४३६
1308,
1309,ओ हिअअ ओहिदिअहं तइआ पडिवज्जिऊण दइअस्स
1310,अत्थक्काउल वीसम्भघाइ किं तइ समाढत्तं // घाश.४३७
1311,
1312,जो वि ण आणइ तस्स वि कहेइ भग्गाइ तेण वलआइं
1313,अइउज्जुआ वराई अहव पिओ से हआसाए // घाश.४३८
1314,
1315,सामाइ गरुअजॊव्वणविसेसभरिए कवोलमूलम्मि
1316,पिज्जइ अहोमुहेण व कण्णवअंसेण लावण्णं // घाश.४३९
1317,
1318,सेउल्लिअसव्वङ्गी गॊत्तग्गहणेण तस्स सुहअस्स
1319,दूइं अप्पाहेन्ती तस्सेअ घरङ्गणं पत्ता // घाश.४४०
1320,
1321,जम्मन्तरे वि चलणे जीएणं मअण तुज्झ अच्चिस्सं
1322,जइ तं पि तेण वाणेण विज्झसे जेण हं विद्धा // घाश.४४१
1323,
1324,णिअवक्खारोविअदेहभारणिउणं रसं लहन्तेण
1325,विअसाविऊण पिज्जइ मालइकलिआ महुअरेण // घाश.४४२
1326,
1327,कुरुणाहो विअ पहिओ दुम्मिज्जइ माहवस्स मिलिएण
1328,भीमेण जहिच्छाए दाहिणवाएण छिप्पन्तो // घाश.४४३
1329,
1330,जाव ण कोसविआसं पावइ ईसीसि मालईकलिआ
1331,मअरन्दपाणलोहिल्ल भमर ताव च्चिअ मलेसि // घाश.४४४
1332,
1333,अकअण्णुअ तुज्झ कए पाउसराईसु जं मए खुण्णं
1334,उप्पॆक्खामि अलज्जिर अज्ज वि तं गामचिक्खिल्लं // घाश.४४५
1335,
1336,रेहइ गलन्तकेसक्खलन्तकुण्डलललन्तहारलआ
1337,अद्धुप्पइआ विज्जाहरि व्व पुरिसाइरी वाला // घाश.४४६
1338,
1339,जइ भमसि भमसु एमेअ कण्ह सोहग्गगव्विरो गॊट्ठे
1340,महिलाणं दोसगुणे विआरिउं जइ खमो सि तुमं // घाश.४४७
1341,
1342,सञ्झासमए जलपूरिअञ्जलिं विहडिऎक्कवामअरं
1343,गोरीअ कोसपाणुज्जअं व पमहाहिवं णमह // घाश.४४८
1344,
1345,गामणिणो सव्वासु वि पिआसु अणुमरणगहिअवेसासु
1346,मम्मच्छेएसु वि वल्लहाइ उवरिं वलइ दिट्ठी // घाश.४४९
1347,
1348,मामि सरिसक्खराण वि अत्थि विसेसो पअम्पिअव्वाणं
1349,णेहमइआणम अण्णो अण्णो उवरोहमइआणं // घाश.४५०
1350,
1351,हिअआहिन्तो पसरन्ति जाइ अण्णाइ ताइ वअणाइ
1352,ओसरसु किं इमेहिं अहरन्तरमॆत्तभणिएहिं // घाश.४५१
1353,
1354,कह सा सोहग्गगुणं मए समं वहइ णिग्घिण तुमम्मि
1355,जीअ हरिज्जइ णामं हरिऊण अ दिज्जए मज्झ // घाश.४५२
1356,
1357,सहि साहसु सब्भावेण पुच्छिमो किं असेसमहिलाणं
1358,वड्ढन्ति करत्थ च्चिअ वलआ दइए पउत्थम्मि // घाश.४५३
1359,
1360,भमइ परिदो विसूरइ उक्खिविउं से करं पसारेइ
1361,करिणो पङ्कक्खुत्तस्स णेहणिअलाविआ करिणी // घाश.४५४
1362,
1363,रइकेलिहिअणिअंसणकरकिसलअरुद्धणअणजुअलस्स
1364,रुद्दस्स तइअणअणं पव्वइपरिउंविअं जअइ // घाश.४५५
1365,
1366,धावइ पुरओ पासेसु भमइ दिट्ठीपहम्मि सण्ठाइ
1367,णवलइकरस्स तुह हलिअउत्त दे पहरसु वराइं // घाश.४५६
1368,
1369,कारिमम आणन्दवडं भामिज्जन्तं वहूअ सहिआहिं
1370,पॆच्छइ कुमारिजारो हासुम्मीसेहि अच्छीहिं // घाश.४५७
1371,
1372,सणिअं सणिअं ललिअङ्गुलीअ मअणवडलाअणणिहेण
1373,वन्धइ धवलव्वणवट्टअं व वणिआहरे तरुणी // घाश.४५८
1374,
1375,रइविरमलज्जिआओ अप्पत्तणिअंसणाउ सहस त्ति
1376,ढक्कन्ति पिअअमालिङ्गणेण जहणं कुलवहूओ // घाश.४५९
1377,
1378,पाअडिअं सोहग्गं तंवाए उअह गॊट्ठमज्झम्मि
1379,दुट्ठवुसहस्स सिङ्गे अच्छिउडं कण्डुअन्तीए // घाश.४६०
1380,
1381,उअ सम्भमविक्खित्तं रमिअव्वअलम्पडाइ असईए
1382,णवरङ्गअं कुडङ्गे धअं व दिण्णं अविणअस्स // घाश.४६१
1383,
1384,हत्थप्फंसेण जरग्गवी वि पण्हअइ दोहअगुणेण
1385,अवलोइअपण्हुइरिं पुत्तअ पुण्णेहि पाविहिसि // घाश.४६२
1386,
1387,मसिणं चङ्कम्मन्ती पए पए कुणइ कीस मुहभङ्गं
1388,णूणं से मेहलिआ जहणगअं छिवइ णहवन्तिं // घाश.४६३
1389,
1390,संवाहणसुहरसतोसिएण देन्तेण तुह करे लक्खं
1391,चलणेण विक्कमाइच्चचरिअम अनुसिक्खिअं तिस्सा // घाश.४६४
1392,
1393,पाअपडणाण मुद्धे रहसवलामोडिचुंविअव्वाणं
1394,दंसणमॆत्तपसण्णे चुक्का सि सुहाण वहुआणं // घाश.४६५
1395,
1396,दे सुअणु पसिअ एण्हिं पुणो वि सुलहाइ रूसिअव्वाइं
1397,एसा मअच्छि मअलञ्छणुज्जला गलइ छणराई // घाश.४६६
1398,
1399,आवण्णाइ कुलाइं दॊ च्चिअ जाणन्ति उण्णइं णेउं
1400,गोरीअ हिअअदइओ अहवा सालाहणणरिन्दो // घाश.४६७
1401,
1402,णिक्खन्धदुरारोहं पुत्तअ मा पाडलिं समारुहसु
1403,आरूढणिवडिआ के इमीअ ण कआ हआसाए // घाश.४६८
1404,
1405,गामणिघरम्मि अत्ता ऎक्क च्चिअ पाडला इहग्गामे
1406,वहुपाडलं च सीसं दिअरस्स ण सुन्दरं एअं // घाश.४६९
1407,
1408,अण्णाण वि हॊन्ति मुहे पम्हलधवलाइ दीहकसणाइ
1409,णअणाइ सुन्दरीणं तह वि हु दट्ठुं ण आणन्ति // घाश.४७०
1410,
1411,हंसेहि व तुह रणजलअसमअभअचलिअविहलवक्खेहिं
1412,परिसेसिअपॊम्मासेहि माणसं गम्मइ रिऊहिं // घाश.४७१
1413,
1414,दुग्गअघरम्मि घरिणी रक्खन्ती आउलत्तणं पइणो
1415,पुच्छिअदोहलसद्धा पुणो वि उअअं चिअ कहेइ // घाश.४७२
1416,
1417,आअंवलोअणाणं ऒल्लंसुअपाअडोरुजहणाणं
1418,अवरण्हमज्जिरीणं कएण कामो वहइ चावं // घाश.४७३
1419,
1420,के उव्वरिआ के इह ण खण्डिआ के ण लुत्तगुरुविहवा
1421,णहराइ वेसिणीओ गणणारेहाउ व वहन्ति // घाश.४७४
1422,
1423,विरहेण मन्दरेण व हिअअं दुद्धोअहिं व महिऊण
1424,उम्मूलिआइ अव्वो अम्हं रअणाइ व सुहाइं // घाश.४७५
1425,
1426,उज्जुअरए ण तूसइ वङ्कम्मि वि आअमं विअप्पेइ
1427,ऎत्थ अहव्वाइ मए पिए पिअं कह णु काअव्वं // घाश.४७६
1428,
1429,वहुविहविलासरसिए सुरए महिलाण को उवज्झाओ
1430,सिक्खइ असिक्खिआइ वि सव्वो णेहाणुवन्धेण // घाश.४७७
1431,
1432,वण्णवसिए विअत्थसि सच्चं चिअ सो तुए ण सम्भविओ
1433,ण हु हॊन्ति तम्मि दिट्ठे सुत्थावत्थाइ अङ्गाइं // घाश.४७८
1434,
1435,आसण्णविवाहदिणे अहिणववहुसङ्गमुस्सुअमणस्स
1436,पढमघरिणीअ सुरअं वरस्स हिअए ण सण्ठाइ // घाश.४७९
1437,
1438,जइ लोअणिन्दिअं जइ अमङ्गलं जइ वि मुक्कमज्जाअं
1439,पुप्फवइदंसणं तह वि देइ हिअअस्स णिव्वाणं // घाश.४८०
1440,
1441,जइ ण छिवसि पुप्फवइं पुरओ ता कीस वारिओ ठासि
1442,छित्तो सि चुलचुलन्तेहि धाविऊण ăम्ह हत्थेहि // घाश.४८१
1443,
1444,उज्जागरअकसाइअगरुअच्छी मोहमण्डणविलक्खा
1445,लज्जइ लज्जालुइणी सा सुहअ सहीण वि वराई // घाश.४८२
1446,
1447,ण वि तह अइगरुएण वि तम्मइ हिअए भरेण गब्भस्स
1448,जह विवरीअणिहुअणं पिअम्मि सोण्हा अपावन्ती // घाश.४८३
1449,
1450,अगणिअजणाववाअं अवहत्थिअगुरुअणं वराईए
1451,तुह गलिअदंसणासाइ तीअ वलिउं चिरं रुण्णं // घाश.४८४
1452,
1453,हिअअं हिअए णिहिअं चित्तालिहिअ व्व तुह मुहे दिट्ठी
1454,आलिङ्गणरहिआइं णवरं झिज्जन्ति अङ्गाइं // घाश.४८५
1455,
1456,अहअं विओअतणुई दुसहो विरहाणलो चलं जीअं
1457,अप्पाहिज्जउ किं सहि जाणसि तं चेअ जं जुत्तं // घाश.४८६
1458,
1459,तुह विरहुज्जागरओ सिविणे वि ण देइ दंसणसुहाइ
1460,वाहेण पहालोअणविणोअणं से हअं तं पि // घाश.४८७
1461,
1462,अण्णावराहकुविओ जह तह कालेण गच्छइ पसाअं
1463,वेसत्तणावराहे कुविअं कह तं पसाएमि // घाश.४८८
1464,
1465,दीससि पिआइ जम्पसि सब्भावो सुहअ ऎत्तिऒ च्चेअ
1466,फालेइऊण हिअअं साहसु को दावए कस्स // घाश.४८९
1467,
1468,उअअं लहिउं उत्ताणिआणणा हॊन्ति के वि सविसेसं
1469,रित्ता णमन्ति सुइरं रहट्टघडिअ व्व कापुरिसा // घाश.४९०
1470,
1471,भग्गपिअसङ्गमं कॆत्तिअं व जोण्हाजलं णहसरम्मि
1472,चन्दअरपणालणिझरणिवहपडन्तं ण णिट्ठाइ // घाश.४९१
1473,
1474,सुन्दरजुआणजणसङ्कुले वि तुह दंसणं विमग्गन्ती
1475,रण्णे व भमइ दिट्ठी वराइआए समुव्विग्गा // घाश.४९२
1476,
1477,अइकोवणा वि सासू रुआविआ गअवईअ सोण्हाए
1478,पाअपडनोणआए दोसु वि गलिएसु वलएसु // घाश.४९३
1479,
1480,रोवन्ति व्व अरण्णे दूसहरइकिरिणफंससन्तत्ता
1481,अइतारझिल्लिविरुएहि पाअवा गिम्हमज्झण्हे // घाश.४९४
1482,
1483,पढमणिलीणमहुरमहुलोहिल्लालिउलवद्धझङ्कारं
1484,अहिमअरकिरणणिउरुंवचुंविअं दलइ कमलवणं // घाश.४९५
1485,
1486,गॊत्तक्खलणं सोऊण पिअअमे अज्ज तीअ छणदिअहे
1487,वज्झमहिसस्स माल व्व मण्डणं उअह पडिहाइ // घाश.४९६
1488,
1489,महमहइ मलअवाओ अत्ता वारेइ मं घरा णिन्तिं
1490,अङ्कॊल्लपरिमलेण वि जो क्खु मुओ सो मुऒ च्चेअ // घाश.४९७
1491,
1492,मुहपॆच्छओ पई से सा वि हु सविसेसदंसणुम्मइआ
1493,दो वि कअत्था पुहइं अमहिलपुरिसं व मण्णन्ति // घाश.४९८
1494,
1495,खेमं कत्तो खेमं जो सो खुज्जंवओ घरद्दारे
1496,तस्स किर मत्थआओ को वि अणत्थो समुप्पण्णो // घाश.४९९
1497,
1498,रसिअजणहिअअदइए कइवच्छलपमुहसुकइणिम्मइए
1499,सत्तसअम्मि समत्तं पञ्चमगाहासअं एअं // घाश.५००
1500,
1501,आउच्छणविच्छाअं जाआइ मुहं णिअच्छमाणेण
1502,पहिएण सोअणिअलाविएण गन्तुं चिअ ण इट्ठं // घाश.५०१
1503,
1504,सूईवेहे मुसलं विच्छुहमाणेण डड्ढलोएण
1505,ऎक्कग्गामे वि पिओ समेहि अच्छीहि वि ण दिट्ठो // घाश.५०२
1506,
1507,अज्जं पि दाव ऎक्कं मा मं वारेहि पिअसहि रुअन्तिं
1508,कल्लिं उण तम्मि गए जइ ण मुआ ता ण रोइस्सं // घाश.५०३
1509,
1510,एहि त्ति वाहरन्तम्मि पिअअमे उअह ओणअमुहीए
1511,विउणावेढिअजहणत्थलाइ लज्जोणअं हसिअं // घाश.५०४
1512,
1513,मारेसि कं ण मुद्धे इमेण रत्तन्ततिक्खविसमेण
1514,भुलआचावविणिग्गअतिक्खअरद्धच्छिभल्लेण // घाश.५०५
1515,
1516,तुह दंसणे सअण्हा सद्दं सोऊण णिग्गआ जाइं
1517,तइ वोलीणे ताइं पआइ वोढव्वआ जाआ // घाश.५०६
1518,
1519,ईसामच्छररहिए हि णिव्विआरेहि मामि अच्छीहिं
1520,एण्हिं जणो जणम मिव णिअच्छए कुह ण झिज्जामो // घाश.५०७
1521,
1522,वाउद्धअसिचअविहाविओरुदिट्ठेण दन्तमग्गेण
1523,वहुमाआ तोसिज्जइ णिहाणकलसस्स व मुहेण // घाश.५०८
1524,
1525,हिअअम्मि वससि ण करेसि मण्णुअं तह वि णेहभरिएहिं
1526,सङ्किज्जसि जुअइसहावगलिअधीरेहि अम्हेहिं // घाश.५०९
1527,
1528,अण्णं पि किं पि पाविहिसि मूढ मा तम्म दुक्खमॆत्तेण
1529,हिअअ पराहीणजणं महन्त तुह कॆत्तिअं एअं // घाश.५१०
1530,
1531,वेसो सि जीअ पंसुल अहिअअरं सा हु वल्लहा तुज्झ
1532,इअ जाणिऊण वि मए ण ईसिअं डड्ढपॆम्मस्स // घाश.५११
1533,
1534,सा आम सुहअ गुणरूअसोहिरी आम णिग्गुणा अहअं
1535,भण तीअ जो ण सरिसो किं सो सव्वो जणो मरउ // घाश.५१२
1536,
1537,सन्तम असन्तं दुक्खम सुहं च जाओ घरस्स जाणन्ति
1538,ता पुत्तअ महिलाओ सेसाउ जरा मणुस्साणं // घाश.५१३
1539,
1540,हसिएहि उवालम्भा अच्चुवआरेहि खिज्जिअव्वाइं
1541,अंसूहि भण्डणाइं एसो मग्गो सुमहिलाणं // घाश.५१४
1542,
1543,उल्लावो मा दिज्जउ लोअविरुद्धं ति णाम काऊण
1544,समुहावडिए को उण वेसे दिट्ठिं ण पाडेइ // घाश.५१५
1545,
1546,साहीणपिअअमो दुग्गओ वि मण्णइ कअत्थम अप्पाणं
1547,पिअरहिओ उण पुहविं पि पाविउं दुग्गऒ च्चेअ // घाश.५१६
1548,
1549,किं रुअसि किं व सोअसि किं कुप्पसि सुअणु ऎक्कमॆक्कस्स
1550,पॆम्मं विसं व विसमं साहसु को रुम्भिउं तरइ // घाश.५१७
1551,
1552,ते अ जुआणा ता गामसम्पआ तं च अम्ह तारुण्णं
1553,अक्खाणअं व लोओ कहेइ अम्हे वि तं सुणिमो // घाश.५१८
1554,
1555,वाहोहभरिअगण्डाहराइ भणिअं विलक्खहसिरीए
1556,अज्ज वि किं रूसिज्जइ सवहावत्थं गअं पॆम्मं // घाश.५१९
1557,
1558,वण्णग्घअतुप्पमुहिं जो मं अइआअरेण चुंवन्तो
1559,एण्हिं सो भूसणभूसिअं पि अलसाअइ छिवन्तो // घाश.५२०
1560,
1561,णीलवडपाउअङ्गि त्ति मा हु णं परिहरिज्जासु
1562,पट्टंसुअं पि णद्धं रअम्मि अवणिज्जइ च्चेअ // घाश.५२१
1563,
1564,सच्चं कलहे कलहे सुरआरम्भा पुणो णवा हॊन्ति
1565,माणो उण माणंसिणि गरुओ पॆम्मं विणासेइ // घाश.५२२
1566,
1567,माणुम्मत्ताइ मए अकारणं कारणं कुणन्तीए
1568,अद्दंसणेण पॆम्मं विणासिअं पोढवाएण // घाश.५२३
1569,
1570,अणुऊलं चिअ वॊत्तुं वहुवल्लह वल्लहे वि वेसे वि
1571,कुविअं च पसाएउं सिक्खइ लोओ तुमाहिन्तो // घाश.५२४
1572,
1573,लज्जा चत्ता सीलं च खण्डिअं अजसघोसणा दिण्णा
1574,जस्स कएणं पिअसहि सॊ च्चेअ जणो जणो जाओ // घाश.५२५
1575,
1576,हसिअं अइट्ठदन्तं भमिअम अणिक्कन्तदेहलीदेसं
1577,दिट्टम अणुक्खित्तमुहं एसो मग्गो कुलवहूणं // घाश.५२६
1578,
1579,धूलिमइलो वि पङ्कङ्किओ वि तणरइअदेहभरणो वि
1580,तह वि गइन्दो गरुअत्तणेण ढक्कं समुव्वहइ // घाश.५२७
1581,
1582,करमरि कीस ण गम्मइ को गव्वो जेण मसिणगमणा सि
1583,अदिट्ठदन्तं हसिरीअ जम्पिअं चोर जाणिहिसि // घाश.५२८
1584,
1585,थोरंसुएहि रुण्णं सवत्तिवग्गेण पुप्फवइआए
1586,भुअसिहरं पइणो पॆच्छिऊण सिरलग्गतुप्पलिअं // घाश.५२९
1587,
1588,लोओ जूरइ जूरउ वअणिज्जं होइ होउ तं णाम
1589,एहि णिमज्जसु पासे पुप्फवइ ण एइ मे णिद्दा // घाश.५३०
1590,
1591,जं जं पुलएमि दिसं पुरओ लिहिओ व्व ईससे तत्थ
1592,तुह पडिमापरिवाडिं वहइ व सअलं दिसाचक्कं // घाश.५३१
1593,
1594,ओसरइ धुणइ साहं खॊक्खामुहलो पुणो समुल्लिहइ
1595,जंवूफलं ण गेण्हइ भमरो त्ति कई पढमडक्को // घाश.५३२
1596,
1597,ण छिवइ हत्तेण कई कण्डूइभएण पत्तलणिउञ्जे
1598,दरलंविगॊच्छकइकच्छुसच्छहं वाणरीहत्थं // घाश.५३३
1599,
1600,सरसा वि सूसइ च्चिअ जाणइ दुक्खाइ मुद्धहिअआ वि
1601,रत्ता वि पण्डुर च्चिअ जाआ वरई तुह विओए // घाश.५३४
1602,
1603,आरुहइ जुण्णअं खुज्जअं पि जं उअह वल्लरी तउसी
1604,णीलुप्पलपरिमलवासिअस्स सरअस्स सो दोसो // घाश.५३५
1605,
1606,उप्पहपहाविअजणो पविअम्भिअकलअलो पहअतूरो
1607,अव्वो सॊ च्चेअ छणो तेण विणा गामडाहो व्व // घाश.५३६
1608,
1609,उल्लावन्तेण ण होइ कस्स पासट्ठिएण थड्डेण
1610,सङ्का मसाणपाअवलंविअचोरेण व खलेण // घाश.५३७
1611,
1612,असमत्तगरुअकज्जे एण्हिं पहिए घरं णिअत्तन्ते
1613,णवपाउसो पिउच्छा हसइ व कुडअट्टहासेहिं // घाश.५३८
1614,
1615,दट्ठूण उण्णमन्ते मेहे आमुक्कजीविआसाए
1616,पहिअघरिणीअ डिम्भो ओरुण्णमुहीअ सच्चविओ // घाश.५३९
1617,
1618,अविहवलक्खणवलअं ठाणं णेन्तो पुणो पुणो गलिअं
1619,सहिसत्थॊ च्चिअ माणंसिणीअ वलआरओ जाओ // घाश.५४०
1620,
1621,पहिअवहू विवरन्तरगलिअजलॊल्ले घरे अणॊल्लं पि
1622,उद्देसं अविरअवाहसलिलणिवहेण ऒल्लेइ // घाश.५४१
1623,
1624,जीहाइ कुणन्ति पिअं हॊन्ति अ हिअअम्मि णिव्वुइं काउं
1625,पीडिज्जन्ता वि रसं जणेन्ति उच्छू कुलीणा अ // घाश.५४२
1626,
1627,दीसइ ण चूअमउलं अत्ता ण अ वाइ मलअगन्धवहो
1628,पत्तं वसन्तमासं साहइ उक्कण्ठिअं चेअ // घाश.५४३
1629,
1630,अंववणे भमरउलं ण विणा कज्जेण ऊसुअं भमइ
1631,कत्तो जलणेण विणा धूमस्स सिहाउ दीसन्ति // घाश.५४४
1632,
1633,दइअकरग्गहलुलिओ धम्मिल्लो सीहुगन्धिअं वअणं
1634,मअणम्मि ऎत्तिअं चिअ पसाहणं हरइ तरुणीणं // घाश.५४५
1635,
1636,गामतरुणीउ हिअअं हरन्ति छेआण थणहरिल्लीओ
1637,मअणे कुसुम्भराइल्लकञ्चुआभरणमॆत्ताओ // घाश.५४६
1638,
1639,आलोअन्त दिसाओ ससन्त जम्भन्त गन्त रोअन्त
1640,मुच्छन्त पडन्त खलन्त पहिअ किं ते पउत्थेण // घाश.५४७
1641,
1642,दट्ठूण तरुणसुरअं विविहविलासेहि करणसोहिल्लं
1643,दीवो वि तग्गअमणो गअं पि तॆल्लं ण लक्खेइ // घाश.५४८
1644,
1645,पुणरुत्तकरप्फालणम उहअतडुल्लिहणपीडणसआइं
1646,जूहाहिवस्स माए पुणो वि जइ णम्मआ सहइ // घाश.५४९
1647,
1648,वोडसुणओ विवण्णो अत्ता मत्ता पई वि अण्णत्थो
1649,फडही वि मोडिआ महिसएण को कस्स साहेउ // घाश.५५०
1650,
1651,सकअग्गहरहसुत्ताणिआणणा पिअइ पिअमुहविइण्णं
1652,थोअं थोअं रोसोसहं व उअ माणिणी मइरं // घाश.५५१
1653,
1654,गिरिसॊत्तो त्ति भुअङ्गं महिसो जीहाइ लिहइ सन्तत्तो
1655,महिसस्स कण्हपत्थरझरो त्ति सप्पो पिअइ लालं // घाश.५५२
1656,
1657,पञ्जरसारिं अत्ता ण णेसि किं ऎत्थ रइहराहिन्तो
1658,वीसम्भजम्पिआइं एसा लोआण पअडेइ // घाश.५५३
1659,
1660,ऎद्दहमॆत्ते गामे ण पडइ भिक्क त्ति कीस मं भणसि
1661,धम्मिअ करञ्जभञ्जअ जं जीअसि तं पि दे वहुअं // घाश.५५४
1662,
1663,जन्तिअ गुलं विमग्गसि ण अ मे इच्छाइ वाहसे जन्तं
1664,अणरसिअ किं ण आणसि ण रसेण विणा गुलो होइ // घाश.५५५
1665,
1666,पत्तणिअंवप्फंसा ण्हाणुत्तिण्णाइ सामलङ्गीए
1667,जलविन्दुएहि चिहुरा रुअन्ति वन्धस्स व भएण // घाश.५५६
1668,
1669,गामङ्गणणिअडिअकण्हवक्ख वड तुज्झ दूरम अणुलग्गो
1670,तत्तिल्लपडिक्खअभोइओ वि गामो ण उव्विग्गो // घाश.५५७
1671,
1672,सुप्पं डड्ढं चणआ ण भज्जिआ सो जुआ अइक्कन्तो
1673,अत्ता वि घरे कुविआ भूआण व वाइओ वंसो // घाश.५५८
1674,
1675,पिसुणेन्ति कामिणीणं जललुक्कपिआवऊहणसुहॆल्लिं
1676,कण्डइअकवोलुप्फुल्लणिच्चलच्छीइ वअणाइ // घाश.५५९
1677,
1678,अहिणवपाउसरसिएसु सओहइ सामाइएसु दिअहेसु
1679,रहसपसारिअगीवाण णच्चिअं मोरवुन्दाणं // घाश.५६०
1680,
1681,महिसक्खन्धविलग्गं घोलइ सिङ्गाहअं सिमिसिमन्तं
1682,आहअवीणाझङ्कारसद्दमुहलं मसअवुन्दं // घाश.५६१
1683,
1684,रेहन्ति कुमुअदलणिच्चलट्ठिआ मत्तमहुअरणिहाआ
1685,ससिअरणीसेसपणासिअस्स गण्ठि व्व तिमिरस्स // घाश.५६२
1686,
1687,उअह तरुकोडराओ णिक्कन्तं पूसुआण रिञ्छोलिं
1688,सरए जरिओ व्व दुमो पित्तं व सलोहिअं वमइ // घाश.५६३
1689,
1690,धाराधुव्वन्तमुहा लंविअवक्खा णिउञ्चिअग्गीवा
1691,वइवेढणेसु काआ सूलाहिण्ण व्व दीसन्ति // घाश.५६४
1692,
1693,ण वि तह अनालवन्ती हिअअं दूमेइ माणिणी अहिअं
1694,जह दूरविअम्भिअगरुअरोसमज्झत्थभणिएहिं // घाश.५६५
1695,
1696,गन्धं अग्घाअन्तअ पिक्ककलंवाण वाहभरिअच्छ
1697,आससु पहिअजुआणअ घरिणिमुहं मा ण पॆच्छिहिसि // घाश.५६६
1698,
1699,गज्ज महं चिअ उवरिं सव्वत्थामेण लोहहिअअस्स
1700,जलहर लंवालइअं मा रे मारेहिसि वराइं // घाश.५६७
1701,
1702,पङ्कमइलेण छीरॆक्कपाइणा दिण्णजाणुवडणेण
1703,आनन्दिज्जइ हलिओ पुत्तेण व सालिछॆत्तेण // घाश.५६८
1704,
1705,कह मे परिणइआले खलसङ्गो होहिइ त्ति चिन्तन्तो
1706,ओणअमुहो ससूओ रुअइ व साली तुसारेण // घाश.५६९
1707,
1708,सञ्झाराऒत्थइओ दीसइ गअणम्मि पडिवआचन्दो
1709,रत्तदुऊलन्तरिओ थणणहलेहो व्व णववहूए // घाश.५७०
1710,
1711,अइ दिअर किं ण पॆच्छसि आआसं किं मुहा पलोएसि
1712,जाआइ वाहुमूलम्मि अद्धअन्दाण परिवाडिं // घाश.५७१
1713,
1714,वाआइ किं भणिज्जउ कॆत्तिअमॆत्तं व लिक्खए लेहे
1715,तुह विरहे जं दुक्खं तस्स तुमं चेअ गहिअत्थो // घाश.५७२
1716,
1717,मअणग्गिणो व्व धूमं मोहणपिच्छिं व लोअदिट्ठीए
1718,जॊव्वणधअं व मुद्धा वहइ सुअन्धं चिउरभारं // घाश.५७३
1719,
1720,रूअं सिट्ठं चिअ से असेसपुरिसे णिअत्तिअच्छेण
1721,वाहॊल्लेण इमीए अजम्पमाणेण वि मुहेण // घाश.५७४
1722,
1723,रुन्दारविन्दमन्दिरमअरन्दाणन्दिआलिरिञ्छोली
1724,झणझणइ कसणमणिमेहल व्व महुमासलच्छीए // घाश.५७५
1725,
1726,कस्स करो वहुपुण्णप्फलॆक्कतरुणो तुहं विसम्मिहइ
1727,थणपरिणाहे मम्महणिहाणकलसे व्व पारोहो // घाश.५७६
1728,
1729,चोरा सभअसतण्हं पुणो पुणो पेसअन्ति दिट्ठीओ
1730,अहिरक्खिअणिहिकलसे व्व पोढवइआथनुच्छङ्गे // घाश.५७७
1731,
1732,उव्वहइ णवतणङ्कुररोमञ्चपसाहिआइ अङ्गाइं
1733,पाउसलच्छीअ पओहरेहि परिपॆल्लिओ विञ्झो // घाश.५७८
1734,
1735,आम वहला वणाली मुहला जलरङ्कुणो जलं सिसिरं
1736,अण्णणईण वि रेवाइ तह वि अण्णे गुणा के वि // घाश.५७९
1737,
1738,एह इमीअ णिअच्छह परिणअमालूरसच्छहे थणए
1739,तुङ्गे सप्पुरिसमणोरहे व्व हिअए अमाअन्ते // घाश.५८०
1740,
1741,हत्थाहत्थिं अहम अहमिआइ वासागमम्मि मेहेहिं
1742,अव्वो किं पि रहस्सं छण्णं पि णहङ्गणं गलइ // घाश.५८१
1743,
1744,कॆत्तिअमॆत्तं होहिइ सोहग्गं पिअअमस्स भमिरस्स
1745,महिलामअणछुहाउलकडक्खविक्खेवघॆप्पन्तं // घाश.५८२
1746,
1747,णिअधणिअं उवऊहसु कुक्कुडसद्देण झत्ति पडिवुद्धो
1748,परवसहिवाससङ्किर णिअए वि घरम्मि मा भासु // घाश.५८३
1749,
1750,खरपवणरअगलत्थिअगिरिऊडावडणभिण्णदेहस्स
1751,धुक्काधुक्कइ जीअं व विज्जुआ कालमेहस्स // घाश.५८४
1752,
1753,मेहमहिसस्स णज्जइ उअरे सुरचावकोडिभिण्णस्स
1754,कन्दन्तस्स सविअणं अन्तं व पलंवए विज्जू // घाश.५८५
1755,
1756,णवपल्लवं विसण्णा पहिआ पॆच्छन्ति चूअरुक्खस्स
1757,कामस्स लोहिउप्पङ्गराइअं हत्थभल्लं व // घाश.५८६
1758,
1759,महिलाणं चिअ दोसो जेण पवासम्मि गव्विआ पुरिसा
1760,दो तिण्णि जाव ण मरन्ति ता ण विरहा समप्पन्ति // घाश.५८७
1761,
1762,वालअ दे वच्च लहुं मरइ वराई अलं विलंवेण
1763,सा तुज्झ दंसणेण वि जीवॆज्ज ण ऎत्थ सन्देहो // घाश.५८८
1764,
1765,तंमिरपसरिअहुअवहजालोलिपलीविए वणाभोए
1766,किंसुअवणं ति कलिऊण मुद्धहरिणो ण णिक्कमइ // घाश.५८९
1767,
1768,णिहुअणसिप्पं तह सारिआइ उल्लाविअं म्ह गुरुपुरओ
1769,जह तं वेलं माए ण आणिमो कत्थ वच्चामो // घाश.५९०
1770,
1771,पच्चग्गुप्फुल्लदलुल्लसन्तमअरन्दपाणलेहलओ
1772,तं ण त्थि कुन्दकलिआइ जं ण भमरो महइ काउं // घाश.५९१
1773,
1774,सो को वि गुणाइसओ ण आणिमो मामि कुन्दलइआए
1775,अच्छीहिं चिअ पाउं अहिलस्सइ जेण भमरेहिं // घाश.५९२
1776,
1777,ऎक्क च्चिअ रूअगुणं गामणिधूआ समुव्वहइ
1778,अणिमिसणअणो सअलो जीए देवीकओ गामो // घाश.५९३
1779,
1780,मण्णे आसाऒ च्चिअ ण पाविओ पिअअमाहररसस्स
1781,तिअसेहि जेण रअणाअराहि अमअं समुद्धरिअं // घाश.५९४
1782,
1783,आअण्णाअड्ढिअणिसिअभल्लमम्माहआइ हरिणीए
1784,अद्दंसणो पिओ होहिइ त्ति वलिउं चिरं दित्थो // घाश.५९५
1785,
1786,विसमट्ठिअपिक्कॆक्कंवदंसणे तुज्झ सत्तुघरिणीअ
1787,को को ण पत्थिओ पहिआणं डिम्भे रुअन्तम्मि // घाश.५९६
1788,
1789,मालारी ललिउल्लुलिअवाहुमूलेहि तरुणहिअआइं
1790,उल्लूरइ सज्जुल्लूरिआइ कुसुमाइ दावेन्ती // घाश.५९७
1791,
1792,मज्झो पिओ कुअण्डो पल्लिजुआणा सवत्तीओ
1793,जह जह वड्ढन्ति थणा तह तह झिज्जन्ति पञ्च वाहीए // घाश.५९८
1794,
1795,मालारीए वॆल्लहलवाहुमूलावलोअणसअण्हो
1796,अलिअं पि भमइ कुसुमग्घपुच्छिरो पंसुलजुआणो // घाश.५९९
1797,
1798,रसिअजणहिअअदइए कइवच्छलपमुहसुकइणिम्मइए
1799,सत्तसअम्मि समत्तं सट्ठं गाहासअं एअं // घाश.६००
1800,
1801,अकअण्णुअ घणवण्णं घणवण्णन्तरिअतरणिअरणिअरं
1802,जइ रे रे वाणीरं रेवाणीरं पि णो भरसि // घाश.६०१
1803,
1804,मन्दं पि ण आणइ हलिअणन्दणो इह हि डड्ढगामम्मि
1805,गहवइसुआ विवज्जइ अवॆज्जए कस्स साहामो // घाश.६०२
1806,
1807,ऎक्कक्कमपरिरक्खणपहारसमुहे कुरङ्गमिहुणम्मि
1808,वाहेण मण्णुविअलन्तवाहधोअं धणुं मुक्कं // घाश.६०३
1809,
1810,ता सुहअ विलंव खणं भणामि कीअ वि कएण अलम अहवा
1811,अविआरिअकज्जारम्भआरिणी मरउ ण भणिस्सं // घाश.६०४
1812,
1813,भोइणिदिण्णपहेणअचक्खिअदुस्सिक्खिओ हलिअउत्तो
1814,ऎत्ताहे अण्णपहेणआण छीवॊल्लअं देइ // घाश.६०५
1815,
1816,पच्चूसमऊहावलिपरिमलणसमूससन्तवत्ताणं
1817,कमलाण रअणिविरमे जिअलोअसिरी महंमहइ // घाश.६०६
1818,
1819,वाउव्वॆल्लिअसाहुलि थएसु फुडदन्तमण्डलं जहणं
1820,चडुआरअं पइं मा हु पुत्ति जणहासिअं कुणसु // घाश.६०७
1821,
1822,वीसत्थहसिअपरिसक्किआण पढमं जलञ्जली दिण्णो
1823,पच्छा वहूअ गहिओ कुडंवभारो णिमज्जन्तो // घाश.६०८
1824,
1825,गम्मिहिसि तस्स पासं सुन्दरि मा तुअर वड्ढउ मिअङ्को
1826,दुद्धे दुद्धं मिव चन्दिआइ को पॆच्छइ मुहं दे // घाश.६०९
1827,
1828,जइ जूरइ जूरउ णाम मामि परलोअवसणिओ लोओ
1829,तह वि वला गामणिणन्दणस्स वअणे वलइ दिट्ठी // घाश.६१०
1830,
1831,गेहं व वित्तरहिअं णिज्झरकुहरं व सलिलसुण्णइअं
1832,गोहणरहिअं गॊट्ठं व तीअ वअणं तुह विओए // घाश.६११
1833,
1834,तुह दंसणेण जणिओ इमीअ लज्जाउलाइ अणुराओ
1835,दुग्गअमणोरहो विअ हिअअ च्चिअ जाइ परिणामं // घाश.६१२
1836,
1837,जं तणुआअइ सा तुह कएण किं जेण पुच्छसि हसन्तो
1838,अह गिम्हे मह पअई ऎव्वं भणिऊण ओरुण्णा // घाश.६१३
1839,
1840,वण्णक्कमरहिअस्स वि एस गुणो णवरि चित्तकम्मस्स
1841,णिमिसं पि जं ण मुञ्चइ पिओ जणो गाढम उवऊढो // घाश.६१४
1842,
1843,अविहत्तसन्धिवन्धं पढमरसुब्भेअपाणलोहिल्लो
1844,उव्वॆल्लिउं ण आणइ खण्डइ कलिआमुहं भमरो // घाश.६१५
1845,
1846,दरवेविरोरुजुअलासु मउलिअच्छीसु लुलिअचिहुरासु
1847,पुरिसाइरीसु कामो पिआसु सज्जाउहो होइ // घाश.६१६
1848,
1849,जं जं ते ण सुहाअइ तं तं ण करेमि जं मम' आअत्तं
1850,अहअं चिअ जं ण सुहामि सुहअ तं किं मम' आअत्तं // घाश.६१७
1851,
1852,वावारविसंवाअं सअलावअवाण कुणइ हअलज्जा
1853,सवणाण उणो गुरुसंणिहे वि ण णिरुञ्झइ णिओअं // घाश.६१८
1854,
1855,किं भणह मं सहीओ मा मर दीसिहइ सो जिअन्तीए
1856,कज्जालाओ एसो सिणेहमग्गो उण ण होइ // घाश.६१९
1857,
1858,ऎक्कल्लमओ दिट्ठीअ मइअ तह पुलइओ सअण्हाए
1859,पिअजाअस्स जह धणुं पडिअं वाहस्स हत्थाओ // घाश.६२०
1860,
1861,णलिणीसु भमसि परिमलसि सत्तलं मालइं पि णो मुअसि
1862,तरलत्तणं तुह अहो महुअर जइ पाडला हरइ // घाश.६२१
1863,
1864,दोअङ्गुलअकवालअपिणद्धसविसेसणीलकञ्चुइआ
1865,दावेइ थणत्थलवण्णिअं व तरुणी जुअजणाणं // घाश.६२२
1866,
1867,रक्खेइ पुत्तअं मत्थएण ऒच्छोअअं पडिच्छन्ती
1868,अंसूहि पहिअघरिणी ऒल्लिज्जन्तं ण लक्खेइ // घाश.६२३
1869,
1870,सरए सरम्मि पहिआ जलाइ कन्दॊट्टसुरहिगन्धाइ
1871,धवलच्छाइ सअण्हा पिअन्ति दइआण व मुहाइं // घाश.६२४
1872,
1873,अब्भन्तरसरसाओ उवरिं पव्वाअवद्धपङ्काओ
1874,चङ्कम्मन्तम्मि जणे समूससन्ति व्व रच्छाओ // घाश.६२५
1875,
1876,मुहपुण्डरीअछाआइ सण्ठिए उअह राअहंसे व्व
1877,छणपिट्ठकुट्टणुच्छलिअधूलिधवले थणे वहइ // घाश.६२६
1878,
1879,तह तेण वि सा दिट्ठा तीअ वि तह तस्स पेसिआ दिट्ठी
1880,जह दोण्ह वि समअं चिअ णिव्वुत्तरआइ जाआइ // घाश.६२७
1881,
1882,वाउलिआपरिसोसणणिउञ्जपत्तलणसुलहसङ्केआ
1883,सोहग्गकणअकसवट्ट गिम्ह मा कह वि झिज्जिहिसि // घाश.६२८
1884,
1885,दुस्सिक्खिअरअणपसिक्खएहि घिट्ठो सि पत्थरे ताव
1886,जा तिलमॆत्तं वट्टसि मरगअ का तुज्झ मुल्लकहा // घाश.६२९
1887,
1888,जह चिन्तेइ परिअणो आसङ्कइ जह अ तस्स पडिवक्खो
1889,वालेण वि गामणिणन्दणेण तह रक्खिआ पल्ली // घाश.६३०
1890,
1891,अण्णेसु पहिअ पुच्छसु वाहअपुत्तेसु पुसिअचम्माइं
1892,अम्हं वाहजुआणो हरिणेसु धणुं ण णामेइ // घाश.६३१
1893,
1894,गअवहुवेहव्वअरो पुत्तो मे ऎक्ककण्डविणिवाई
1895,तह सोण्हाइ पुलइओ जह कण्डवरण्डअं वहइ // घाश.६३२
1896,
1897,विञ्झारुहणालावं पल्ली मा कुणउ गामणी ससइ
1898,पच्चुज्जिविओ जइ कह वि सुणइ ता जीविअं मुअइ // घाश.६३३
1899,
1900,अप्पाहेइ मरन्तो पुत्तं पल्लीवई पअत्तेण
1901,मह णामेण जह तुमं ण लज्जसे तह करॆज्जासु // घाश.६३४
1902,
1903,अणुमरणपत्थिआए पच्चागअजीविए पिअअमम्मि
1904,वेहव्वमण्डणं कुलवहूअ सोहग्गअं जाअं // घाश.६३५
1905,
1906,महुमच्छिआइ दट्ठं दट्ठूण मुहं पिअस्स सूणॊट्ठं
1907,ईसालुई पुलिन्दी रुक्खच्छाअं गआ अण्णं // घाश.६३६
1908,
1909,धण्णा वसन्ति णीसङ्कमोहणे वहलपत्तलवइम्मि
1910,वाअन्दोलणओणविअवेणुगहणे गिरिग्गामे // घाश.६३७
1911,
1912,पुप्फुल्लघणकलंवा णिद्धोअसिलाअला मुइअमोरा
1913,पसरन्तॊज्झरमुहला उच्छाहन्ते गिरिग्गामा // घाश.६३८
1914,
1915,तह परिमलिआ गोवेण तेण हत्थं पि जा ण ऒल्लेइ
1916,स च्चिअ खडणा एण्हिं पॆच्छह कुडदोहिणी जाआ // घाश.६३९
1917,
1918,धवलो जिअइ तुह कए धवलस्स कए जिअन्ति गिट्ठीओ
1919,जिअ तंवे अम्ह वि जीविएण गॊट्ठं तुमाअत्तं // घाश.६४०
1920,
1921,अग्घाइ छिवइ चुंवइ ठवेइ हिअअम्मि जणिअरोमञ्चो
1922,जाआकवोलसरिसं पॆच्छह पहिओ महुअपुप्फं // घाश.६४१
1923,
1924,उअ ऒल्लिज्जइ मोहं भुअङ्गकित्तीअ कडअलग्गाइ
1925,ऒज्झरधारासद्धालुएण सीसं वणगएण // घाश.६४२
1926,
1927,कमलं मुअन्त महुअर पिक्ककइत्थाण गन्धलोहेण
1928,आलॆक्खलड्डुअं पामरो व्व छिविऊण जाणिहिसि // घाश.६४३
1929,
1930,गिज्जन्ते मङ्गलगाइआहि वरगॊत्तदिण्णअण्णाए
1931,सोउं व णिग्गओ उअह हॊन्तवहुआइ रोमञ्चो // घाश.६४४
1932,
1933,मण्णे आअण्णन्ता आसण्णविवाहमङ्गलुग्गीअं
1934,तेहि जुआणेहि समं हसन्ति मं वेअसकुडुङ्गा // घाश.६४५
1935,
1936,उअगअचउत्थिमङ्गलहॊन्तविओअसविसेसलग्गेहि
1937,तीअ वरस्स अ सेअंसुएहि रुण्णं व हत्थेहिं // घाश.६४६
1938,
1939,ण अ दिट्ठिं णेइ मुहं ण अ छिविउं देइ णा लवइ किं पि
1940,तह वि हु किं पि रहस्सं णववहुसङ्गो पिओ होइ // घाश.६४७
1941,
1942,अलिअपसुत्तवलन्तम्मि णववरे णववहूअ वेवन्तो
1943,संवॆल्लिओरुसञ्जमिअवत्थगण्ठिं गओ हत्थो // घाश.६४८
1944,
1945,पुच्छिज्जन्ती ण भणइ गहिआ पप्फुरइ चुंविआ रुअइ
1946,तुण्हिक्का णववहुआ कआवराहेण उवऊढा // घाश.६४९
1947,
1948,तत्तॊ च्चिअ हॊन्ति कहा विअसन्ति तहिं तहिं समप्पन्ति
1949,किं मण्णे माउच्छा ऎक्कजुआणो इमो गामो // घाश.६५०
1950,
1951,जाइ वअणाइ अम्हे वि जम्पिमो ताइ जम्पइ जणो वि
1952,ताइं चिअ तेण पजम्पिआइ हिअअं सुहावेन्ति // घाश.६५१
1953,
1954,सव्वाअरेण मग्गह पिअं जणं जइ सुहेण वो कज्जं
1955,जं जस्स हिअअदइअं तं ण सुहं जं तहिं ण त्थि // घाश.६५२
1956,
1957,दीसन्तो दिट्ठिसुहो चिन्तिज्जन्त मणवल्लहो अत्ता
1958,उल्लावन्त सुइसुहो पिओ जणो णिच्च रमणिज्जो // घाश.६५३
1959,
1960,ठाणब्भट्ठा परिगलिअपीणआ उण्णईअ परिचत्ता
1961,अम्हे उण ठेरिपओहर व्व उअरॆ च्चिअ णिसन्णा // घाश.६५४
1962,
1963,पच्चूसागअ रञ्जिअदेह पिआलोअ लोअणाणन्द
1964,अण्णत्तखविअसव्वरि णहभूसण दिणवइ णमो दे // घाश.६५५
1965,
1966,विवरीअसुरअलेहड पुच्छसि मह कीस गब्भसम्भूइं
1967,ओअत्ते कुम्भमुहे जललवकणिआ वि किं ठाइ // घाश.६५६
1968,
1969,अच्चासण्णविवाहे समं जसोआइ तरुणगोवीहिं
1970,वड्ढन्ते महुमहणे संवन्धा णिण्हुविज्जन्ति // घाश.६५७
1971,
1972,जं जं आलिहइ मणो आसावत्तीहि हिअअफलअम्मि
1973,तं तं वालो व्व विही णिहुअं हसिऊण पम्हुसइ // घाश.६५८
1974,
1975,अणुहुत्तो करफंसो सअलअलापुण्ण पुण्णदिअहम्मि
1976,वीआसङ्गकिसङ्गअ एण्हिं तुह वन्दिमो चलणे // घाश.६५९
1977,
1978,दूरन्तरिए वि पिए कह वि णिअत्ताइ मज्झ णअणाइ
1979,हिअअं उण तेण समं अज्ज वि अणिवारिअं भमइ // घाश.६६०
1980,
1981,तस्स कहाकन्तइए सद्दाअण्णणसमोसरिअकोवे
1982,समुहालोअणकम्पिरि उवऊढा किं पवज्जिहिसि // घाश.६६१
1983,
1984,भरणमिअणीलसाहग्गखलिअचलणद्धविहुअवक्खउडा
1985,तरुसिहरेसु विहङ्गा कह कह वि लहन्ति सण्ठाणं // घाश.६६२
1986,
1987,अहरमहुपाणघोरिल्लिआइ जं च रमिओ सि सविसेसं
1988,असइ अलज्जिरि वहुसिक्खिरि त्ति मा णाह मण्णिहिसि // घाश.६६३
1989,
1990,खाणेण अ पाणेण अ तह गहिओ मण्डलो अडअणाइ
1991,जह जारं अहिणन्दइ भुक्कइ घरसामिए एन्ते // घाश.६६४
1992,
1993,कण्डन्तेण अकण्डं पल्लीमज्झम्मि विअडकोअन्दं
1994,पइमरणाहि वि अहिअं वाहेण रुआविआ अत्ता // घाश.६६५
1995,
1996,अम्हे उज्जुअसीला पिओ वि पिअसहि विआरपरिओसो
1997,ण हु अण्णा का वि गई वाहोहा कह पुसिज्जन्तु // घाश.६६६
1998,
1999,धवलो सि जइ वि सुन्दरि तह वि तुए मज्झ रञ्जिअं हिअअं
2000,राअभरिए वि हिअए सुहअ णिहित्तो ण रत्तो सि // घाश.६६७
2001,
2002,चञ्चुपुडाहअविअलिअसहआररसेण सित्तदेहस्स
2003,कीरस्स मग्गलग्गं गन्धन्धं भमइ भमरउलं // घाश.६६८
2004,
2005,ऎत्थ णिमज्जइ ऎत्ता ऎत्थ अहं ऎत्थ परिअणो सअलो
2006,पन्थिअ रत्तीअन्धअ मा मह सअणे णिमज्जिहिसि // घाश.६६९
2007,
2008,परिओससुन्दराइं सुरएसु लहन्ति जाइ सॊक्खाइ
2009,ताइं चिअ उण विरहे खाउग्गिण्णाइ कीरन्ति // घाश.६७०
2010,
2011,मग्गं चिअ अलहन्तो हारो पीणुण्णआण थणआण
2012,उव्विग्गो भमइ उरे जमुणाणइफेणपुञ्जो व्व // घाश.६७१
2013,
2014,ऎक्केण वि वडवीअङ्कुरेण सअलवणराइमज्झम्मि
2015,तह तेण कओ अप्पा जह सेसदुमा तले तस्स // घाश.६७२
2016,
2017,जे जे गुणिणो जे जे अ चाइणो जे विअड्ढविण्णाणा
2018,दारिद्द रे विअक्खण ताण तुमं साणुराओ सि // घाश.६७३
2019,
2020,जइ कॊत्तिओ सि सुन्दर सअलतिहीचन्ददंसणसुहाणं
2021,ता मसिणं मोइज्जन्तकञ्चुअं पॆक्खसु मुहं से // घाश.६७४
2022,
2023,समविसमणिव्विसेसा समन्तओ मन्दमन्दसञ्चारा
2024,अइरा होहिन्ति पहा मणोरहाणं पि दुल्लङ्घा // घाश.६७५
2025,
2026,अइदीहराइ वहुए सीसे दीसन्ति वंसवत्ताइ
2027,भणिए भणामि अत्ता तुम्हाण वि पण्डरा पुट्ठी // घाश.६७६
2028,
2029,अत्थक्करूसणं खणपसिज्जणं अलिअवअणणिव्वन्धो
2030,उम्मच्छरसन्तावो पुत्तअ पअवी सिणेहस्स // घाश.६७७
2031,
2032,पिज्जइ कण्णञ्जलिहिं जणरवमिलिअं पि तुज्झ संलावं
2033,दुद्धं जलसम्मिलिअं सा वाला राअहंसि व्व // घाश.६७८
2034,
2035,अइ उज्जुए ण लज्जसि पुच्छिज्जन्ती पिअस्स चरिआइं
2036,सव्वङ्गसुरहिणो मरुवअस्स किं कुसुमरिद्धीहि // घाश.६७९
2037,
2038,मुद्धे अपत्तिअन्ती पवालअङ्कुरअणिद्धलोहिअए
2039,णिद्धोअधाउराए कीस सहत्थे पुणो धुअसि // घाश.६८०
2040,
2041,उअ सिन्धवपव्वअसच्छहाइ धुअतूलपुञ्जसरिसाइं
2042,सोहन्ति सुअणु मुक्कोअआइ सरए सिअब्भाइं // घाश.६८१
2043,
2044,आउच्छन्ति सिरेहि विवलिएहि उअ खडिएहि णिज्जन्ता
2045,णिप्पच्छिमवलिअपलोइएहि महिसा कुडङ्गाइ // घाश.६८२
2046,
2047,पुससु मुहं ता पुत्तिअ वाहोअरणं विसेसरमणिज्जं
2048,मा एअं चिअ मुहमण्डणं ति सो काहिइ पुणो वि // घाश.६८३
2049,
2050,मज्झे पअणुअपङ्कं अवहोवासेसु साणचिक्खिल्लं
2051,गामस्स सीससीमन्तअं व रच्छामुहं जाअं // घाश.६८४
2052,
2053,अवरण्हागअजामाउअस्स विउणेइ मोहणुक्कण्ठं
2054,वहुआइ घरपलोहरमज्जणपिसुणो वलअसद्दो // घाश.६८५
2055,
2056,जुज्झचवेडामोडिअजज्जरकण्णस्स जुण्णमल्लस्स
2057,कच्छावन्धॊ च्चिअ भीरुमल्लहिअअं समुक्खणइ // घाश.६८६
2058,
2059,आणन्दन्तेन तुमं पइणो पहएण पडहसद्देण
2060,मल्लि ण लज्जसि णच्चसि दोहग्गे पाअडिज्जन्ते // घाश.६८७
2061,
2062,मा वच्चह वीसम्भं इमाण वहुचाडुअम्मणिउणाणं
2063,णिव्वत्तिअकज्जपरम्मुहाण सुणआण व खलाणं // घाश.६८८
2064,
2065,अण्णग्गामपउत्था कड्ढन्ती मण्डलाण रिञ्छोलिं
2066,अक्खण्डिअसोहग्गा वरिससअं जिअउ मे सुणिआ // घाश.६८९
2067,
2068,सच्चं साहसु देअर तह तह चडुआरएण सुणएण
2069,णिव्वत्तिअकज्जपरम्मुहत्तणं सिक्खिअं कत्तो // घाश.६९०
2070,
2071,णिप्पण्णसस्सरिद्धी सच्छन्दं गाइ पामरो सरए
2072,दलिअणवसालितण्डुलधवलमिअङ्कासु राईसु // घाश.६९१
2073,
2074,अलिहिज्जइ पङ्कअले हलालिचलणेण कलमगोवीए
2075,केआरसोअरुम्भणतंसट्ठिअकोमलो चलणो // घाश.६९२
2076,
2077,दिअहे दिअहे सूसइ सङ्केअअभङ्गवड्ढिआसङ्का
2078,आवण्डुरोणअमुही कलमेण समं कलमगोवी // घाश.६९३
2079,
2080,णवकम्मिएण उअ पामरेण दट्ठूण पाउहारीओ
2081,मॊत्तव्वे जॊत्तअपग्गहम्मि अवहासिणी मुक्का // घाश.६९४
2082,
2083,दट्ठूण हरिअदीहं गोसे सण्ढाण जूरए हलिओ
2084,असईरहस्समग्गं तुसारधवले तिलच्छॆत्ते // घाश.६९५
2085,
2086,सङ्कॆल्लिओ व्व णिज्जइ खण्डं खण्डं कओ व्व पीओ व्व
2087,वासागमम्मि मग्गो घरहुत्तमुहेण पहिएण // घाश.६९६
2088,
2089,सञ्झागहिअजलञ्जलिपडिमासङ्कन्तगोरिमुहकमलं
2090,अलिअं चिअ फुरिऒट्ठं विअलिअमन्तं हरं णमह // घाश.६९७
2091,
2092,इअ सिरिहालविरइए पाउअकव्वम्मि सत्तसए
2093,सत्तमसअं समत्तं गाहाण सहावरमणिज्जं // घाश.६९८
2094,
2095,एण्हिं वारेइ जणो तइआ मूइल्लओ कहिं व गओ
2096,जाहे विसं व जाअं सव्वङ्गपहोलिरं पॆम्मं // घाश.६९९
2097,
2098,कह तं पि तुइ ण णाअं जह सा आसन्दिआण वहुआणं
2099,काऊण उच्चवचिअं तुह दंसणलेहडा पडिआ // घाश.७००
2100,
2101,चोराण कामुआण अ पामरपहिआण कुक्कुरो वडइ
2102,रे रमह वहह वाहयह ऎत्थ तणुआअए रअणी // घाश.७०१
2103,
2104,अण्णॊण्णकलक्खन्तरपेसिअमेलीणदिट्ठिपसराइं
2105,दॊ च्चिअ मण्णे कअभण्डणाइ समअं पहसिआइं // घाश.७०२
2106,
2107,सुहअ इअं मज्झ सही तुज्झ विओएण धारिउं पाणे
2108,सव्वह चिअ ण समत्थ त्ति वुज्झिउं विरम गमणाओ // घाश.७०३
2109,
2110,धण्णा वहिरन्धरआ तॆ च्चिअ जीअन्ति माणुसे लोए
2111,ण सुणन्ति पिसुणवअणं खलाण अद्धिं ण पॆक्खन्ति // घाश.७०४
2112,
2113,गामारुह म्हि गामे वसामि णअरट्ठिइं ण आणामि
2114,णाअरिआणं पइणो हरेमि जा होमि सा होमि // घाश.७०५
2115,
2116,ओसर रॊत्तुं चिअ णिम्मिआइ मा पुससु मे हअच्छीइं
2117,दंसणमॆत्तुम्मइएहि जेहि सीलं तुह ण णाअं // घाश.७०६
2118,
2119,रणरणअसुण्णहिअओ चिन्तन्तो विरहदुव्वलं जाअं
2120,अमुणिअणिअवसही सो वोलीणो गाममज्झेण // घाश.७०७
2121,
2122,ऎत्थ चउत्थं विरमइ गाहाण सअं सहावरमणिज्जं
2123,सोऊण जं ण लग्गइ हिअए महुरत्तणेण अमिअं पि // घाश.७०८
2124,
2125,एसो कइणामङ्किअगाहापडिवद्धवड्ढिआमोओ
2126,सत्तसअओ समत्तो सालाहणविरइओ कोसो // घाश.७०९
2127,
2128,सुअणो णि दीसइ च्चिअ खलबहुले डड्ढजीअलोअम्मि
2129,जह काअसङ्कुला तह ण हंसपरिवारिआ पुहवी // घाश.७१०
2130,
2131,जं मुच्छिआइ ण सुओ कलंवगन्धेण तं गुणे पडिअं
2132,इअरा गज्जिअसद्दो जीएण विणा ण वोलन्तो // घाश.७११
2133,
2134,पीणपओहरलग्गं दिसाण पवसन्तजलअसमअविइण्णं
2135,सोहग्गपढमइण्हं पच्चाअइ सरणहपहं इन्दधणुं // घाश.७१२
2136,
2137,ऎत्ती मत्तम्मि थवा पुत्तीमत्तम्मि लअणा भत्ती
2138,अगईअ अवत्थाए दिअहाइं भित्तरं तरइ // घाश.७१३
2139,
2140,जं असरणो व्व डड्ढो गामो साहीणवहुजुआणो वि
2141,सम्भमविसण्ठुलाणं तं दुच्चरिअं तुह थणाणं // घाश.७१४
2142,
2143,सो वि जुआ माणहणो तुमं पि माणस्स असहणा पुत्ति
2144,मत्तच्छलेण गम्मउ सुराइ उवरिं पुससु हत्थं // घाश.७१५
2145,
2146,केअइगन्धहगव्विआरअरञ्जिआद्दणेहिं
2147,कण्ठअसवलितणुतव छड्डिअभवलाणं // घाश.७१६
2148,
2149,अह सुअइ दिण्णपडिवक्खवेअणा पसिढिलेहि अङ्गेहिं
2150,णिव्वत्तिअसुरअरसाणुवन्धसुहणिब्भरं वहुआ // घाश.७१७
2151,
2152,जइ तेण तुज्झ वअणं ण कअं मह कारणेण अ हआसे
2153,सा कीस खण्डिअतडं णिआहरं दूइ दुम्मेसि // घाश.७१८
2154,
2155,निर्मलगगनतडागे तारागणकुसुमभितेतिमिरे
2156,भिकरवोबालं चरति म्र̥गाङ्को मराल इव // घाश.७१९
2157,
2158,दिट्ठाइ जं ण दिट्ठो सरलसहावाइ जं च णा 'लविओ
2159,उवआरो जं ण कओ तं चिअ कलिअं छइल्लेहिं // घाश.७२०
2160,
2161,अविरलणिग्गअपुलओ पअडिअकम्पो पमुक्कसिक्कारो
2162,हेमन्ते पहिअजणो सुरआसत्तो व्व पडिहाइ // घाश.७२१
2163,
2164,वहुविहविलासभरिए सुरए लब्भन्ति जाइ सॊक्खाइं
2165,विरहम्मि ताइ पिअसहि खाउग्गिण्णाइ कीरन्ति // घाश.७२२
2166,
2167,सेउल्लणिअंवालग्गसण्हसिचअस्स मग्गम अलहन्तो
2168,सहि मोहघोलिरो अज्ज तस्स हसिओ मए हत्थो // घाश.७२३
2169,
2170,दूईकज्जाअण्णणपडिरोहं मा करेहिइ इमं ति
2171,उत्थङ्घेइ व तुरिअं तिस्सा कण्णुप्पलं पुलओ // घाश.७२४
2172,
2173,मा वच्चसु वीसम्भं पुत्तअ चडुआरओ इमो लोओ
2174,सूईवेहो कण्णस्स पॆच्छ किं णिज्जइ पमाणं // घाश.७२५
2175,
2176,अमिअमअं चिअ हिअअं हत्था तण्हाहरा सअण्हाणं
2177,चन्दमुहि कत्थ णिवसइ अमित्तदहणो तुह पआवो // घाश.७२६
2178,
2179,दिट्ठीअ जाव पसरो ताव तुमं सुहअ णिव्वुइं कुणसि
2180,वोलीणदंसणो तह तवेसि जह होउदिट्ठेण // घाश.७२७
2181,
2182,गज्जन्ति घणा पन्थाणो वहुतणा अ पसारिआ सरिआ
2183,अज्ज वि उज्जुअसीले पइणो मग्गं पलोएसि // घाश.७२९
2184,
2185,उण्हो त्ति समत्थिज्जइ डाहेण सरोरुहाण हेमन्तो
2186,चरिएहि णज्जइ जणो सङ्गोवन्तो वि अप्पाणं // घाश.७३०
2187,
2188,उवहारिआइ समअं पिण्डारे उअ कहं कुणन्तम्मि
2189,णववहुआइ सरोसं सव्व च्चिअ वछआ मुक्का // घाश.७३१
2190,
2191,पज्जालिऊण अग्गिं मुहेण पुत्तिअ किणो समोसरसि
2192,थणअलसपडिअपडिमा फुरन्ति ण छिवन्ति ते जाला // घाश.७३२
2193,
2194,अग्गिं अब्भुत्तन्तीअ पुत्ति पडिमागआ कवोलम्मि
2195,कण्णालंविअपल्लवलच्छिं सन्धेइ ते जाला // घाश.७३३
2196,
2197,कह दे धूमन्धारे अब्भुत्तणम अग्गिणो समप्पिहइ
2198,मुहकमलचुंवणालेहडम्मि पासट्ठिए दिअरे // घाश.७३४
2199,
2200,आअंवच्छं पअलन्तवाहम आवद्धथणहरुक्कम्पं
2201,असमत्तं चिअ चिट्ठउ सिहिणो अब्भुत्तणम इणं ते // घाश.७३५
2202,
2203,छणपाहुणिए 'त्ति किणो अज्ज वि णं भणह अङ्गसन्तावं
2204,जाआ अम्ह घरिल्लअगुणेण घरसामिणि च्चेअ // घाश.७३६
2205,
2206,वण्णक्कमं ण आणसि ठाणविसुद्धी वि दे ण णिव्वडिआ
2207,चित्तअर तह वि मग्गसि भोइणिकुड्डम्मि आलिहिउं // घाश.७३७
2208,
2209,विअलिअकलाकलावो चन्दो मित्तस्स मण्डलं विसइ
2210,णिस्सरइ तादिसॊ च्चिअ गअविहवं को समुद्धरइ // घाश.७३८
2211,
2212,णा 'हं दूई सुन्दर तीए पिओ सि ण अम्ह वावारो
2213,सा मरइ तुज्झ विरहे एअं धम्मक्खरं भणिमो // घाश.७३९
2214,
2215,जो होइ रसाइसओ सुविणट्ठाणं वि पुण्डइच्छूणं
2216,कत्तो सो होइ रसो मोहासाणं अणिच्छूणं // घाश.७४०
2217,
2218,जइ वि हु दिल्लिन्दिलिआ तह वि हु मा पुत्ति णग्गिआ भमसु
2219,छेआ णअरजुआणो माअं धूआइ लक्खन्ति // घाश.७४१
2220,
2221,गअगण्डअगवअसरभसेरिहसद्दूलरिक्खजाईणं
2222,थणआ वाहवहूए अभअं दाउं व णिक्कन्ता // घाश.७४२
2223,
2224,भिउडीअ पुलोइस्सं णिब्भच्छिस्सं परंमुही हॊस्सं
2225,जं भणह तं करिस्सं सहीउ जइ तं ण पॆच्छिस्सं // घाश.७४३
2226,
2227,जं केअवेण पॆम्मं जं च वला जं च अत्थलोहेण
2228,जं उवरोहणिमित्तं णमोणमो तस्स पॆम्मस्स // घाश.७४४
2229,
2230,कस्स ण सद्धा गरुअत्तणम्मि पइणो पसाअमाणस्स
2231,जइ माणभञ्जणीओ ण हॊन्ति हेमन्तराईओ // घाश.७४५
2232,
2233,अव्वो तहिन्तहिं चिअ गअणे भमिऊण वीसमन्तेण
2234,वोहित्तवाअसेण व्व हासिआ डड्ढपॆम्मेण // घाश.७४६
2235,
2236,दे आ दुमसु तुमं चिय मा परिहर पुत्ति पढमदुमियं ति
2237,किं कुड्डं णिअमुहअन्दकन्तिदुमिअं ण लक्खेसि // घाश.७४७
2238,
2239,विज्जन्ति तणुं उवणेन्ति वेअणं णेयताण खयमग्गे
2240,अब्बो अइट्ठपुव्वो अणङ्गबाणाण माहप्पो // घाश.७४८
2241,
2242,आमोडऊण बलाउ हत्थं मज्झं गओ सि भो पहिअ
2243,हिअआउ जइ अ णीहसि सामत्थं तुज्झ जाणिस्सं // घाश.७४९
2244,
2245,सद्धा मे तुज्झ पियत्तणस्स अहयं तु तं ण याणामि
2246,दे पसिय तुमं चिय सिक्खवेसु जह ते पिया होमि // घाश.७५०
2247,
2248,पॆम्मुम्मइयाइ मए उवऊढो हलियउत्तबुद्धीए
2249,फंसेमि जाव फरुसो तणपुरिसो गामसीमाए // घाश.७५१
2250,
2251,बे मग्गा धरणियले माणिणि माणॊण्णयाण पुरिसाण
2252,अहवा पावन्ति सिरिं अहव भमन्ता समप्पन्ति // घाश.७५२
2253,
2254,कत्तो कमलाण रई कत्तो कुमुयाण सीअलो चन्दो
2255,तह सज्जणाण णेहो ण चलइ दूरट्ठिआणं पि // घाश.७५३
2256,
2257,हा हा किं तेण कयं मालइविरहम्मि पुत्ति भसलेणं
2258,कङ्कॆल्लिकुसुममज्झे जलणो त्ति समप्पिओ अप्पा // घाश.७५४
2259,
2260,ढङ्खरसेसो वि हु महुअरेण मुक्को ण मालईविडवो
2261,दरवियसियकलियामोयबहलिमं सम्भरन्तेण // घाश.७५५
2262,
2263,समुहागयवोलन्तम्मि सा तुमे अघडियङ्गसण्ठाणा
2264,रुन्दं वि गामरच्छं णिन्दइ तणुअं च अप्पाणं // घाश.७५६
2265,
2266,समम अच्छन्ति णिअत्तन्ति पसरिया रणरणन्ति तद्धियहं
2267,चलचित्त तुज्झ लग्गा मणोरहा तीऎ हिययम्मि // घाश.७५७
2268,
2269,डहिऊण सयलरण्णं अग्गी समविसमलङ्घणुव्वायो
2270,तडलम्बन्ततणेहिं तिसिय व्व णइं समोसरइ // घाश.७५८
2271,
2272,स च्चिय रामेउ तुमं पण्डिय णिच्चं अलं म्ह रमिएण
2273,सब्भावबाहिराइं जा जाणइ अट्टमट्टाइं // घाश.७५९
2274,
2275,रअणायरस्स साहेमि णम्मए अज्ज मुक्कदक्खिण्णा
2276,वेडिसलयाहरन्तेण मिलिया जं सि पूरेण // घाश.७६०
2277,
2278,रक्खइ अणण्णहियओ जीवं पिव महुअरो पयत्तेण
2279,दरणेन्तदीविदाढग्गसच्छहं मालईमउलं // घाश.७६१
2280,
2281,तह णेहलालियाण वि अवाहिरिल्लाण सयलकज्जेसु
2282,जं कसणं होइ मुहं तं भण्णइ किं पईवाणं // घाश.७६२
2283,
2284,तिसिया पियउ त्ति मओ मओ वि तिसिओ मई करेऊण
2285,इय मयमिहुणं तिसियं पियइ ण सलिलं सिणेहेण // घाश.७६३
2286,
2287,तुह सामलि धवलचलन्ततरलतिक्खग्गलोयणबलेण
2288,मयणो पुणो वि इच्छइ हरेण सह विग्गहारम्भं // घाश.७६४
2289,
2290,सुहय सुहं चिय कुडलि व्व पेहुणो णिग्गयस्स चडुवस्स
2291,जणरञ्जणिग्गहो ते घरम्मि सुणहो अतिहिवन्तो // घाश.७६५
2292,
2293,णिवडिहिसि सुण्णहियए जलहरजलपङ्किलम्मि मग्गम्मि
2294,उप्पॆक्खागयपिययमहत्थे हत्थं पसारेन्ती // घाश.७६६
2295,
2296,उच्छङ्गियाऎ पइणा अहिसारणपङ्कमलिणपेरन्ते
2297,आसण्णपरियणो विअ सेअ च्चिय धुवइ से पाए // घाश.७६७
2298,
2299,जह लङ्घेसि परवइं निययवइं भरसहं पि मॊत्तूणं
2300,तह मण्णे कोहलिए अज्जं कल्लं पि फुट्टिहसि // घाश.७६८
2301,
2302,अणुसोयइ हलियबहू रइकिरणोलुग्गपण्डुरच्छायं
2303,रण्णुन्दुरदन्तुक्खुत्तविसमवलियं तिलच्छॆत्तं // घाश.७६९
2304,
2305,ओवालअम्मि सीआलुआण वइमूलम उल्लिहन्ताणं
2306,दिम्भाण कलिञ्चयवावडाण सुण्णो जलइ अग्गी // घाश.७७०
2307,
2308,मा मा मुय परिहासं देअर अणहोरणा वराई सा
2309,सीयम्मि वि पासिज्जइ पुणो वि एसिं कुणसु छायं // घाश.७७१
2310,
2311,किं तस्स पारएणं किम अग्गिणा किं च गब्भहरएण
2312,जस्स णिसम्मइ उअरे उण्हायन्तत्थणी जाया // घाश.७७२
2313,
2314,कमलायराण उण्हो हेमन्तो सीअलो जणवयस्स
2315,को किर भिण्णसहावं जाणइ परमत्थयं लोए // घाश.७७३
2316,
2317,हेम.म्ते हिमरअधूसरस्स ओअसरणस्स पहियस्स
2318,सुमरियजायामुहसिज्जिरस्स सीयं चिय पणट्ठं // घाश.७७४
2319,
2320,उवइसइ लडियाण कड्ढेइ रसं ण देइ सॊत्तुं जे
2321,जन्तस्स जुव्वणस्स य ण होइ इच्छु च्चिय सहावो // घाश.७७५
2322,
2323,बहुएहि जम्पिएहिं सिट्ठं अम्ह सवहे करेऊण
2324,सद्दॊ च्चिय से भद्दो भोइणिजन्ते रसो ण त्थि // घाश.७७६
2325,
2326,पढमं चिय माहवपट्टयं व घॆत्तूण डाहिणो वाओ
2327,अङ्कॊल्लपढमवत्तं पहिण्डिओ गामरच्छासु // घाश.७७७
2328,
2329,सो माणो पियमुहअन्ददंसणे कह थिरो धरिज्जिहइ
2330,अङ्कॊल्लकोरआण वि जो फुट्टमुहाण बीहेइ // घाश.७७८
2331,
2332,कारणगहिओ वि मए माणो एमेअ जं समोसरियो
2333,अत्थक्कफुल्ल अङ्कॊल्ल तुज्झ तं मत्थए पडउ // घाश.७७९
2334,
2335,रञ्जेह देह रूवं रएह कुसुमाइ देह विच्छित्तिं
2336,ण वि तह पुहवीसस्स वि हलहलओ जह वसन्तस्स // घाश.७८०
2337,
2338,सिसिरे वणदवडड्ढं वसन्तमासम्मि उअह सम्भूयं
2339,मङ्कुसकण्णसरिच्छं दीसइ पत्तं पलासस्स // घाश.७८१
2340,
2341,दूरपइण्णपरिमलं सपल्लवं मुद्धपुप्फपङ्गुरणं
2342,अङ्गच्छित्तं पिव वम्महेण दिण्णं महुसिरीए // घाश.७८२
2343,
2344,कारणगहिअं पि इमा माणं मोएइ माणिणिअणस्स
2345,सहयारमञ्जरी पियसहि व्व कण्णे समल्लीणा // घाश.७८३
2346,
2347,अज्जं चिय छणदिअहो मा पुत्ति रुएहि एहइ पिओ त्ति
2348,सुण्हं आसासन्ती पडियत्तमुही रुवइ सासू // घाश.७८४
2349,
2350,दियहेदियहे णिवडइ गिहवइधूआणिहेण माउच्छा
2351,सङ्गहणइ त्ति वावउ वसुहारा खुज्जसहयारे // घाश.७८५
2352,
2353,आउच्छणोवऊहणकण्ठसमोसरियबाहुलइयाए
2354,वलयाइ पहियचलणे बहूऎ णियलाइ व पडन्ति // घाश.७८६
2355,
2356,उड्डियपासं तणछण्णकन्दरं णिहुअसण्ठियावक्खं
2357,जूहाहिव परिहर मुहमॆत्तसरीयं कल // घाश.७८७
2358,
2359,गुणसालिणो वि करिणो होहइ जूहाहिवत्तणं कत्तो
2360,णवसालिकवललोहिल्लिआऎ विञ्झं मुअन्तस्स // घाश.७८८
2361,
2362,विहिणा अणुज्जुएणं पुत्तय जाओ कुलम्मि पढमम्मि
2363,जाइविसुद्धो भद्दो वि बन्धणं पावइ खणम्मि // घाश.७८९
2364,
2365,चउपासदिण्णहुयवहविसमाह हवेढणापिउलं
2366,णिव्वाहेउं जाणइ जूहं जूहाहिवॊ च्चेव // घाश.७९०
2367,
2368,अल्लग्गकवोलेण वि गयमइणा पत्तदसावसणम्मि
2369,अज्ज वि माऎ सणाहं गयवइजूहं धरन्तेण // घाश.७९१
2370,
2371,ण वि तह दूमेइ मणं गयस्स बन्धो वि करिणिविरहो वि
2372,दाणविओयविमुहिए जह भमरउले भमन्तम्मि // घाश.७९२
2373,
2374,गामम्मि मोहणाइं दिण्णे खग्गे व्व चोरहित्थाइं
2375,गहवइणो णामेणं कियाइ अण्नेण वि जणेण // घाश.७९३
2376,
2377,मलिणाइं अङ्गाइं बाहिरलोएण मंसलुद्धेण
2378,हिययं हियएण विणा ण देइ वाही भमइ हट्टं // घाश.७९४
2379,
2380,कढिणखरवीरपॆल्लणहलं व पत्थरविणिग्गयग्गिकणे
2381,धचलोआयरियवहे कसरा वि सुहेण वच्चन्ति // घाश.७९५
2382,
2383,णक्खमऊहेसु खणं कुसुमेसु खणं खणं किसलएसु
2384,हत्थेसु खणं कुसुमॊच्चियाइ लोडाविया भसला // घाश.७९६
2385,
2386,छॆत्तम्मि जेण रमिया ताओ किर तस्स चेय मन्देइ
2387,जइ तीअ इमं णिसुयं फुट्टइ हिययं हरिसयाए // घाश.७९७
2388,
2389,हिययं णियामि कढिणं पा हासेण घडियं मे
2390,विरहाणलेण तत्तं रससित्तं अन्तिता फुडह // घाश.७९८
2391,
2392,अण्णे ते किल सिहिणो सिणरससेएण हुन्ति विच्छाया
2393,आसाइयरससेओ होइ विसेसेण णेहजो दहणो // घाश.७९९
2394,
2395,अन्तो णिभुअठ्ठिअपरिअणाइ ओरुद्धदारणअणाइ
2396,गिम्हे घोरट्टघग्घररवेण घोरन्ति व घरट्ट // घाश.८००
2397,
2398,जीहाइ परं लिब्भइ दन्तॊट्ठेणं ण तीरए गहिउं
2399,अहरो व्व सव्वणो गोहणेण पढमो तणुच्छेओ // घाश.८०१
2400,
2401,जह वॆल्लीहि ण माअसि जह इच्छसि परवइं पि लङ्घेउं
2402,तह णूणं कोहलिए अज्जं कल्हिं व फुल्लिहिसि // घाश.८०२
2403,
2404,विलासणिगुरुणिअंवो तीरउ चलणेहि दोहि उव्वहिउं
2405,एआई उण मज्झो थणभारं कइ णु उव्वहइ // घाश.८०३
2406,
2407,वारिज्जन्ती णवकोमुइ त्ति मा पुत्ति अङ्गणे सुवसु
2408,मा ते अंवुपिसाओ चन्दो त्ति मुहं गसिज्जिहिइ // घाश.८०४
2409,
2410,सुव्वन्तो आसि परम्पराइ कहकह वि दिट्ठिमिलिओ 'सि
2411,दे सुहअ किं पि जम्पसु पिअन्तु कण्णाइ मे अमिअं // घाश.८०५
2412,
2413,विरहकिसिआ वराई दिणाइ आसण्णगिम्हपरिणामाइं
2414,कढिणहिअओ पवासी ण आणिमो कह समप्पिहिइ // घाश.८०६
2415,
2416,रोआविअ म्ह माए अङ्गणपहिएण दरपसुत्तेण
2417,परिवत्तसु माणिणि माणिणि त्ति सिविणे भणन्तेण // घाश.८०७
2418,
2419,माणंसिणीअ पइणा णअणकवोलाहरप्पहाभिण्णा
2420,उज्जुअसुरचावणिहा वाहोआरा चिरं दिट्ठा // घाश.८०८
2421,
2422,सरहसविणिग्गआइ वि इच्छाइ तुमं ण तीअ सच्चविओ
2423,सीसाहअवलिअभुअङ्गवङ्करच्छे हअग्गामे // घाश.८०९
2424,
2425,सा तुह विरहे णिक्किव सन्धारिज्जइ सहीहि णिउणाहि
2426,चण्डालहत्थगअसउणिअ व्व जीए णिरालंवा // घाश.८१०
2427,
2428,कप्पासं कुप्पासन्तरम्मि तइ खित्तम इत्ति भणिऊण
2429,अत्ता वला 'हिरेणं थणाण मह कारिआ 'वत्था // घाश.८११
2430,
2431,गाईउ पञ्चखारिम्भरीउ चत्तारि पक्कलवइल्ला
2432,सम्पण्णं वालावल्लरअं सेवा सिवं कुणउ // घाश.८१२
2433,
2434,अणुराअरअणभरिअं कञ्चणकलस व्व तरुणिथणवट्टं
2435,तस्स चिअ मुहम्मि किआ मसिमुद्दा मअणराएण // घाश.८१३
2436,
2437,विज्ज पिआसा वहलइ घणताओ खणखणम्मि रोमञ्चो
2438,हिअए ण भाइ अण्णं लज्जापत्थेहि तेजिआ पाणा // घाश.८१४
2439,
2440,गाहाण अ गेआण अ तन्तीसद्दाण पोढमहिलाण
2441,ताणं सॊ च्चिअ दण्डो जे ताण रसं ण आणन्ति // घाश.८१५
2442,
2443,विवरीअरअम्मि सिरी बम्हं दट्ठूण णाहिकमलत्थं
2444,हरिणो दाहिणणअणं रसाउला झत्ति ढक्केइ // घाश.८१६
2445,
2446,लडहविलआण लोअणकडक्खविक्खेवजणिअसन्दावा
2447,झिज्जन्ति महासत्ता चित्तुव्वेअणसहा हॊन्ति // घाश.८१७
2448,
2449,तह हस जह ण हसिज्जसि तह जम्प जहा परप्पिअं होइ
2450,तह जिअ जह लहसि जसं तह मर जह ण उण सम्भवसि // घाश.८१८
2451,
2452,छप्पअ गम्मसु सिसिरं पासाकुसुमेहि ताव मा मरसु
2453,जीअन्तो दच्छिहिसि अ पुणो वि रिद्धिं वसन्तस्स // घाश.८१९
2454,
2455,सव्वत्थ होइ ठाणं रासहमहिसाण मेसवुसहाणं
2456,भद्दगइन्दाणम अहो महावणम अहव महाराओ // घाश.८२०
2457,
2458,अव्वो ण आमि छॆत्तं खज्जउ साली वि कीरणिवहेहिं
2459,जाणन्ता अवि पहिआ पुच्छन्ति पुणोपुणो मग्गं // घाश.८२१
2460,
2461,अत्थक्कागअदिट्ठे वहुआ जामादुअम्मि गुरुपुरओ
2462,जूरइ णिवडन्ताणं हरिसविफन्दन्तवलआणं // घाश.८२२
2463,
2464,अच्छीहि तुज्झ सुन्दरि बाहिरधवलेहि मज्झकसणेहि
2465,एएहि को ण दमिओ पिसुणेहि व कण्णलग्गेहि // घाश.८२३
2466,
2467,एह इमीअ णिअच्छह विम्हिअहिअआ सही पुलोएइ
2468,अद्दाअम्मि कवोलं कवोलपट्टम्मि अद्दाअं // घाश.८२४
2469,
2470,कइआ जाआ कइआ णु सिक्खिआ माइआ हअकुमारी
2471,तन्तं जाणइ सव्वं जञ्जं महिलाओ जाणन्ति // घाश.८२५
2472,
2473,खणपिट्ठधूसरत्थणि महुमअतम्बच्छि कुवलआभरणे
2474,कण्णगअचूअमञ्जरि पुत्ति तुए मण्डिओ गामो // घाश.८२६
2475,
2476,मग्गिअलद्धे बलमोडिचुम्बिए अप्पणेण उवणीदे
2477,ऎक्कम्मि पिआअहरे अण्णण्णा हॊन्ति रसहेआ // घाश.८२७
2478,
2479,उप्फुल्ललोअणेणं कवोलबोसट्टमाणसेएणं
2480,अहणन्तेण वि भणिआ मुहेण से कज्जणिव्वुत्ती // घाश.८२८
2481,
2482,जत्थ ण उज्जागरओ जत्थ ण ईसा विसूरणं माणो
2483,सब्भावचाडुअं जत्थ ण त्थि णेहो तहिं ण त्थि // घाश.८२९
2484,
2485,मह पइणा थणजुअले पत्तं लिहिअं ति गव्विआ कीस
2486,आलिहइ महं पि पिओ जइ से कम्पॊ च्चिअ ण होइ // घाश.८३०
2487,
2488,कण्णे पडिअं हिअए पडिअं चिअ ओ मए अभव्वाए
2489,जामि त्ति तुज्झ वअणं किं व ण सहिअं पवासस्स // घाश.८३१
2490,
2491,समपन्थपत्थिअस्स वि पहिअस्स खलन्ति पुढमदिअहम्मि
2492,हिअअट्ठिअजाआगुरुणिअंवहारेण व पआइ // घाश.८३२
2493,
2494,सन्देसो वि ण लिहिओ लेहे पहिएण कत्थ घरतत्ती
2495,अणवरअलिहिअगेहिणिगॊत्तक्खरपूरिए पत्ते // घाश.८३३
2496,
2497,उप्पॆक्खागअदइअङ्गसङ्गमुच्चलिअविउणसेआए
2498,बोलीणो वि ण णाओ पउत्थपइआइ हेमन्तो // घाश.८३४
2499,
2500,सिविणअलद्धपिअअमपुलइउग्गमणिब्भरेहि अङ्गेहिं
2501,परिरम्भणे सुहाइं पावउ मा णं पबोहेह // घाश.८३५
2502,
2503,विज्झावेइ पईवं अब्भुट्ठन्तीऎ पहिअजाआए
2504,पिअअमविओअदीहरणीसहणीसासरिञ्छोली // घाश.८३६
2505,
2506,जं पीअं मङ्गलवासणाऎ पत्थाणपढमदिअहम्मि
2507,बाहसलिलं ण चिट्ठइ तं चिअ विरहे रुवन्तीए // घाश.८३७
2508,
2509,उक्कण्ठाणिच्छाआ सव्वं उण परिअणं रुआवेइ
2510,आअम्बिरेहि अज्झा फुसिअपरुण्णेहि अच्छीहि // घाश.८३८
2511,
2512,जह दिअहविरामो णवसिरीसगन्धुद्धुराणिलग्घविओ
2513,पहिअघरिणीअ ण तहा तवेइ तिव्वो वि मज्झण्हो // घाश.८३९
2514,
2515,चिरपवसिअदइअकहा णिउणाहि सहीहि विरहसहणत्थं
2516,अलिआ अवि अवराहा वहूऎ कमसो कहिज्जन्ति // घाश.८४०
2517,
2518,जञ्जं पउत्थपइआ पिअअमणामक्खरं लिहइ लेहे
2519,तन्तं तल्लेहणिआणुसारगलिओ पुसइ सेओ // घाश.८४१
2520,
2521,अच्छउ णिमीलिअच्छी मा मा वारेह पिअअमासाए
2522,तेण विणा किं पॆच्छउ उम्मिल्लेहिं वि अच्छीहिं // घाश.८४२
2523,
2524,दीहुण्हा णीसासा रणरणओ रुज्जगग्गिरं गेअं
2525,पिअविरहे जीविअवल्लहाण एसॊ च्चिअ विणोओ // घाश.८४३
2526,
2527,जइ दॆव्व तुं पसण्णो मा करिहिसि मज्झ माणुसं जम्मं
2528,जइ जम्मं मा पॆम्मं जइ पॆम्मं मा जणे दुलहे // घाश.८४४
2529,
2530,राईण भणइ लोओ जा किल गिम्हम्मि हॊन्ति मडहाओ
2531,मह उण दइएण विणा ण आणिमो कीस वड्ढन्ति // घाश.८४५
2532,
2533,ऎक्के अअणे दिअहा वीए रअणीओ हॊन्ति दीहाओ
2534,विरहाअणो अपुव्वो ऎत्थ दुवॆ च्चेअ वड्ढन्ति // घाश.८४६
2535,
2536,चिरजीवित्तणकङ्खिरि मा तम्म रसाअणेहि अथिरेहि
2537,विरहं पवज्ज जाअन्ति जेण जुअदीहरा दिअहा // घाश.८४७
2538,
2539,रुअइ रुअन्तीऎ मए ओहिदिणे गणइ झिज्जइ अहं व
2540,पिअविरहे मामि सअज्झिआऎ णेहॊ च्चिअ अपुव्वो // घाश.८४८
2541,
2542,कण्ठग्गहणेण सअज्झिआऎ अब्भागओवआरेण
2543,वहुआऎ पइम्मि वि आगअम्मि सामं मुहं जाअं // घाश.८४९
2544,
2545,चन्दो वि चन्दवअणे मुणालबाहालए मुणालाइं
2546,इन्दीवराइ इन्दीवरच्छि तावेन्ति तुह विरहे // घाश.८५०
2547,
2548,गुरुअणपरवस पिअ किं भणामि तुह मन्दभाइणी अहअं
2549,अज्ज पवासं वज्जसि वच्च सअं चेअ मुणसि करणिज्जं // घाश.८५१
2550,
2551,वित्थिण्णं महिवेढं विउलणिअम्बाओ पीणथणिआओ
2552,लब्भन्ति विसालच्छीओ सुहअ जुवईओ मा तम्म // घाश.८५२
2553,
2554,कज्जं विणा वि विअलन्तपॆम्मराअं तुमं णिअच्छन्ती
2555,हिअआसङ्किअणिअदोसदुम्मणा तामइ वराई // घाश.८५३
2556,
2557,दूई ण एइ चन्दो वि उग्गओ जामिणी वि बोलेइ
2558,सव्वं सव्वत्थॊ च्चिअ विसण्ठुलं कस्स किं भणिमो // घाश.८५४
2559,
2560,दूई गआ चिराअइ किं सो मह पासम एहिइ ण वे 'त्ति
2561,जीविअमरणन्तरसण्ठिआऎ अन्दोलए हिअअं // घाश.८५५
2562,
2563,सो णा 'गओ त्ति पॆच्छह परिहासुल्लाविरीऎ दूईए
2564,णूमन्तीअ पहरिसो ओसट्टइ गण्डपासेसु // घाश.८५६
2565,
2566,कह णु गआ कह दिट्ठो किं भणिअं किं व तेण पडिभणिअं
2567,एअं चिअ ण समप्पइ पुणरुत्तं जम्पमाणीए // घाश.८५७
2568,
2569,दूईमुहअन्दपुलोइरीऎ किं भणिहिइ त्ति अज्झाए
2570,पिअसङ्गमललिअमणोरहाऎ हिअअं थरथरेइ // घाश.८५८
2571,
2572,अप्पाहिआइ तुह तेण जाइ ताइं मए ण मुणिआइ
2573,अच्चुण्हस्सासपरिक्खलन्तविसमक्खरपआइं // घाश.८५९
2574,
2575,साहेन्ती सहि सुहअं खणेखणे दूमिआ सि मज्झ कए
2576,सब्भावणेहकरणिज्जसरिसअं दाव विरइअं तुमए // घाश.८६०
2577,
2578,जं तुह कज्जं तं चिअ कज्जं मज्झ त्ति जं सआ भणसि
2579,ओ दूइ सच्चवअणे अज्ज सि पारं गआ तस्स // घाश.८६१
2580,
2581,णवलअपहरुत्तत्थाऎ तं कअं हलिअवहुआए
2582,जं अज्ज वि जुवइजणो घरेघरे सिक्खिउं महइ // घाश.८६२
2583,
2584,धण्णो सि रे हलिद्दअ हलिअसुआपीणथणभरुच्छङ्गे
2585,पॆच्छन्तस्स वि पइणो जह तुह कुसुमाइ णिवडन्ति // घाश.८६३
2586,
2587,सच्चं चिअ कट्ठमओ सुरणाहो जेण हलिअधूआए
2588,हत्थेहि कमलदलकोमलेहि चिक्को ण पल्लविओ // घाश.८६४
2589,
2590,एमेअ अकअपुण्णा अप्पत्तमणोरहा विवज्जिस्सं
2591,जणवाओ वि ण जाओ तेण समं हलिअउत्तेण // घाश.८६५
2592,
2593,लज्जापज्जत्तपसाहणाइ परतत्तिणिप्पिवासाइं
2594,अविणअदिंमोहाइं धण्णाण घरे कलत्ताइं // घाश.८६६
2595,
2596,हसिअम अविआरमुद्धं भमिअं विरहिअविलाससच्छाअं
2597,भणिअं सहावसरलं धण्णाण घरे कलत्ताणं // घाश.८६७
2598,
2599,पइणा वण्णिज्जन्ते अक्खाणअसुन्दरीऎ रूवम्मि
2600,ईसामच्छरगरुअं घरिणी हुङ्कारअं देइ // घाश.८६८
2601,
2602,वाहिज्जन्ति ण कस्स वि रॊत्तूणं णेअ पाअडिज्जन्ति
2603,माणविआरा कुलपालिआऎ हिअए विलावेन्ति // घाश.८६९
2604,
2605,अहिअं सुण्णाइ णिरञ्जणाइ वइरिक्करुण्णपुसिआइ
2606,विरहुक्कण्ठं कुलपालिआइ साहन्ति अच्छीइं // घाश.८७०
2607,
2608,कुलपालिआऎ पॆच्छह जॊव्वणलाअण्णविब्भमविलासा
2609,पवसन्ति व्व पवसिए एन्ति व्व पिए घरं एन्ते // घाश.८७१
2610,
2611,पइपुरऒ च्चिअ रभसेण चुम्बिओ देवरो अडअणाए
2612,मह वअणं मइरागन्धिअं ति हाआ तुहं भणइ // घाश.८७२
2613,
2614,तह अडअणाऎ रुण्णं पइमरणे बाहरुद्धकण्ठीए
2615,अणुमरणसङ्किणो जह जारस्स वि सङ्किअं हिअअं // घाश.८७३
2616,
2617,वाणीरकुडुङ्गुड्डीणसउणिकोलाहलं सुणन्तीए
2618,घरकम्मवावुडाए वहूऎ सीअन्ति अङ्गाइं // घाश.८७४
2619,
2620,णॊल्लेइ अणॊल्लमणा अत्ता मं घरभरम्मि सअलम्मि
2621,खणमॆत्तं जह सञ्झाऎ णवर ण व होइ वीसामो // घाश.८७५
2622,
2623,ठाणेठाणे वलिआ वलणेवलणे सवेडसकुडुङ्गा
2624,ण गओ सि अम्ह गामं दिअर ण दिट्ठा तुए मुरला // घाश.८७६
2625,
2626,महुएहि किं व वालअ हरसि णिअम्बाहि जइ वि मे सिअअं
2627,साहामि कस्स रण्णे दूरे गामो अहं ऎक्का // घाश.८७७
2628,
2629,कालक्खरदूसिक्खिअ धम्मिअ रे णिम्बकीडअसरिच्छ
2630,दॊण्ण वि णिरअणिवासो समअं जइ होइ तहि होदु // घाश.८७८
2631,
2632,पन्थअ ण ऎत्थ सन्थरम अत्थि मणं पत्थरत्थले गामे
2633,उण्णअपओहरे पॆक्खिऊण जइ वससि ता वससु // घाश.८७९
2634,
2635,विहलक्खणं तुमं सहि दट्ठूण कुडेण तरलतरदिट्ठिं
2636,वारप्फंसणिहेण अ अप्पा गरुओ त्ति पाडिअविहिण्णो // घाश.८८०
2637,
2638,अइविउलं जलकुम्भं घॆत्तूण समागअ म्हि सहि तुरिअं
2639,समसेअसलिलणीसासणीसहा वीसमामि खणं // घाश.८८१
2640,
2641,अणुमरणे हसइ जणो रॊत्तुं वि ण लब्भइ जहॆच्छं
2642,ता ऎत्थ किं करिस्सं चोरिअरमणे विवज्जन्ते // घाश.८८२
2643,
2644,मा पुत्ति वङ्कभणिअं जम्पसु पुरओ तुमं छउल्लाणं
2645,हिअएण जं च भणिअं तं पि हआसा विआणन्ति // घाश.८८३
2646,
2647,वङ्कभणिआइ कत्तो कत्तो अद्धच्छिपॆच्छिअव्वाइ
2648,ऊससिउं पि ण तीरइ छउल्लपरिवारिए गामे // घाश.८८४
2649,
2650,तत्थ वि हॊन्ति सहीओ पुत्तलि मा रुवसु जत्थ दिण्णा सि
2651,तत्थ वि णिउञ्जलीला तत्थ वि गिरिवाहिणी गोला // घाश.८८५
2652,
2653,कस्स व ण होइ रोसो दट्ठूण पिआऎ सव्वणं अहरं
2654,सभमरकमलग्घाइरि वारिअवामे सहसु एण्हिं // घाश.८८६
2655,
2656,छप्पत्तिआ वि खज्जइ णिप्पत्ते पुत्ति ऎत्थ को दोसो
2657,णिअपुरिसे वि रमिज्जइ परपुरिसविवज्जिए गामे // घाश.८८७
2658,
2659,अमुणिअपरपुरिससुहो जम्पउ जं किं पि अण्णओ लोओ
2660,णिअपुरिसेहि वि अम्हे परपुरिसो त्ति च्चिअ रमामो // घाश.८८८
2661,
2662,माए घरोवअरणं अज्ज खु ण त्थि त्ति साहिअं तुमए
2663,ता भण किं करणिज्जं एमेअ ण वासरो ठाइ // घाश.८८९
2664,
2665,सच्छन्दरमणदंसणसंवड्ढिअगरुअवम्महविलासं
2666,सुविअड्ढवेसविलआरमिअं को वण्णिउं तरइ // घाश.८९०
2667,
2668,सामण्णसुन्दरीणं विब्भमम आवहइ अविणऒ च्चेअ
2669,धूमो वि हु पज्जलिआणं महुरो होइ सुरभिदारूणं // घाश.८९१
2670,
2671,अव्वो कालस्स गई सो वि जुआ सरसकव्वदुल्ललिओ
2672,पढइ परासरसद्दं अम्हे वि णिअं पइं गमिमो // घाश.८९२
2673,
2674,पणमह माणस्स हला चलणे किं देवएहि अण्णेहिं
2675,जस्स पसाएण पिओ घोलइ पाअन्तपासेसु // घाश.८९३
2676,
2677,अणुणअपसरं पाअपडनूसवं रभसचुम्बणसुहॆल्लिं
2678,एआइ अ अण्णाइ अ अवसो व्व कओ फलइ माणो // घाश.८९४
2679,
2680,जइ पुत्तलि बहुएहिं अणुणअसॊक्खेहि अत्थि दे कज्जं
2681,ताव रुअ गेण्ह माणं खणमॆत्तं तम्मि सुहअम्मि // घाश.८९५
2682,
2683,आणा अणालवन्तीऎ कीरए दीसए पराहुत्तो
2684,णिन्तम्मि णीसिसिज्जइ पुत्ति अपुव्वॊक्खु दे माणो // घाश.८९६
2685,
2686,जञ्जं भणह सहीओ आम करिस्साम सव्वहा तन्तं
2687,जइ तरह रुम्भिउं मह धीरं समुहागए तम्मि // घाश.८९७
2688,
2689,अल्लिअइ दिट्ठिणिब्भच्छिओ वि विहुओ वि लग्गए सिअए
2690,पहओ वि चुम्बइ बला अलज्जए कह णु कुप्पिस्सं // घाश.८९८
2691,
2692,हिमजोअचुण्णहत्थाओ जस्स दप्पं कुणन्ति राईओ
2693,कह तस्स पिअस्स मए तीरइ माणो हला काउं // घाश.८९९
2694,
2695,किं भणह मं सहीओ करेहि माणं ति किं थ माणेण
2696,सब्भाववाहिरे तम्मि मज्झ माणेण वि ण कज्जं // घाश.९००
2697,
2698,जइआ पिओ ण दीसइ भणह हला कस्स कीरए माणो
2699,अह दिट्ठम्मि वि माणो ता तस्स पिअत्तणं कत्तो // घाश.९०१
2700,
2701,जाणिमि कआवराहं जाणिमि अलिआइ भणइ सअलाइ
2702,अणुणेन्ते उण जाणे कआवराहं व अप्पाणं // घाश.९०२
2703,
2704,अवराहसहस्साइं भरिमो हिअएण तम्मि अद्दिट्ठे
2705,दिट्ठम्मि उण पिअसही ऎक्कं पि हु णं ण सम्भरिमो // घाश.९०३
2706,
2707,भणभण जञ्जं पडिहाइ तुज्झ तन्तं सहामिमो अम्हे
2708,असहत्तणं च जीअं च वल्लभे दोइ ण घडन्ति // घाश.९०४
2709,
2710,एअं चिअ मह णामं भणभण दे सुहअ किं विलक्खो सि
2711,पडिहाइ जं ण तुज्झ वि ममं पि किं देण णामेण // घाश.९०५
2712,
2713,सुहअ मुहुत्तं सुप्पउ जं ते पडिहाइ तं पि भण्णिहिसि
2714,अज्ज ण पॆच्छन्ति तुहं णिद्दागरुआइ अच्छीइ // घाश.९०६
2715,
2716,मा वेलवेसु बहुअं पुत्तअ अलिएहि गॊत्तेहिं
2717,एसा वि जाणइ च्चिअ परिहासुम्मिस्सभणिआइं // घाश.९०७
2718,
2719,अइ चण्डि किं ण पॆच्छसि जइ सो वाहरइ अण्णगॊत्तेण
2720,अह दे इच्छइ मच्छरपणच्चिअच्छं मुहं दट्ठुं // घाश.९०८
2721,
2722,वेआरिज्जसि मुद्धे गॊत्तक्खलिएहि मा खु तुं रुवसु
2723,किं व ण पॆच्छइ अण्णह ऎद्दहमॆत्तेहि अच्छीहिं // घाश.९०९
2724,
2725,सॊत्तुं सुहं ण लब्भइ अव्वो पॆम्मस्स वङ्कविसमस्स
2726,दुग्घडिअमञ्चअस्स व खणेखणे पाअपडणेण // घाश.९१०
2727,
2728,ऎक्कसअणम्मि सुमुही विमुही गरुएण माणबन्धेण
2729,सिविणकलहम्मि हॊन्ती परम्मुही सम्मुही जाआ // घाश.९११
2730,
2731,वड्ढउ ता तुह गव्वो भण्णसि रे जइ विहण्डणं वअणं
2732,सच्चं ण एइ णिद्दा तुए विणा देहि ओआसं // घाश.९१२
2733,
2734,कअविच्छेओ सहिभङ्गिभणिअसब्भाविआवराहाए
2735,झडि आपल्लवइ पुणो णअणकवोलेसु कोवतरू // घाश.९१३
2736,
2737,उम्मूलन्ति व हिअअं अणुणिज्जन्तीओ माणवन्तीओ
2738,सम्भरिअमण्णुणिब्भरबाहभरोरुम्भिअमुहीओ // घाश.९१४
2739,
2740,ण वि तह तक्खणसुअमण्णुदुक्खविअणाओ वि रुवन्ति
2741,जह दिट्ठम्मि पिअअमे अणुणिज्जन्तीओ तरुणीओ // घाश.९१५
2742,
2743,हिअए रोसुक्खित्तं पाअपहारं सिरेण पत्थन्तो
2744,ण हओ दइओ माणंसिणीऎ थोरंसुअं रुण्णं // घाश.९१६
2745,
2746,पिअअमविइण्णचसअं अचक्खिअं पिअसहीऎ देन्तीए
2747,अभणन्तीऎ वि माणंसिणीऎ कहिऒ च्चिअ विरोहो // घाश.९१७
2748,
2749,वच्चिहिइ सो घरं से लहिहिइ ओआसम एहिइ सआसं
2750,भणिहिइ जं भणिअव्वं पच्चुत्तं किंणु पाविहिइ // घाश.९१८
2751,
2752,तणुआइआ वराई दिअहेदिअहे मिअङ्कलेह व्व
2753,बहलपओसेण तुए णिसंस अन्धारिअमुहेण // घाश.९१९
2754,
2755,दावन्तेण तुह मुहं भुमआभङ्गम्मि हॊन्तणवसोहं
2756,अकएण उवकअं अज्ज मण्णुणा मज्झ पसिअच्छि // घाश.९२०
2757,
2758,भिउडी ण कआ कडुअं णा 'लविअं अहरअं ण पज्जुट्ठं
2759,उवऊहिआ ण रुण्णा एएण वि जाणिमो माणं // घाश.९२१
2760,
2761,किं पि ण जम्पसि कामं भणिअं च करेसि तं तहा तुरिअं
2762,हिअअं रोसुव्वेअं ति तुज्झ विणऒ च्चिअ कहेइ // घाश.९२२
2763,
2764,परिपुच्छिआ ण जम्पसि चुम्बिज्जन्ती बला मुहं हरसि
2765,परिहासमाणविमुहे पसिअच्छि मणं म्ह दूमेसि // घाश.९२३
2766,
2767,अइ पीणत्थणउत्थम्भिआणणे सुअणु सुणसु मह वअणं
2768,अथिरम्मि जुज्जइ ण जॊव्वणम्मि माणो पिए कादुं // घाश.९२४
2769,
2770,तरलच्छि चन्दवअणे थोरत्थणि करिअरोरु तणुमज्झे
2771,दीहा ण समप्पइ सिसिरजामिणी कह णु दे माणो // घाश.९२५
2772,
2773,सुहआ वि सुण्डरी वि हु तरुणी वि हु माणिणि त्ति आ पुत्ति
2774,चन्दणलट्ठि व्व हुअङ्गदूमिआ किं डु दूमेसि // घाश.९२६
2775,
2776,पडिवक्खस्स वि पुरओ समुहं भणिआ सि तेण पसिअ त्ति
2777,अवलम्बिअस्स माणिणि माणस्स अ किं फलं अण्णं // घाश.९२७
2778,
2779,कड्ढेसि चलिअवलए हत्थे मुञ्चेसि अहमुही बाहं
2780,पडिरुम्भसि णीसासे बहुअं ते माणविण्णाणं // घाश.९२८
2781,
2782,कज्जं विणा वि कअमाणडम्बरा पुलअभिण्णसव्वङ्गी
2783,उज्जल्लालिङ्गणसॊक्खलालसा पुत्ति मुणिआ सि // घाश.९२९
2784,
2785,हंहो किं व ण दिट्ठं हला मए जीविअं धरन्तीए
2786,सो मं अणुणेइ पिओ अहं पि अणुणिज्जिमि हआसा // घाश.९३०
2787,
2788,ता सॊक्खं ताव रई ता रणरणअस्स ण त्थि ओआसो
2789,जा दुक्खॆक्कणिहाणे ण होइ बहुवल्लहे पॆम्मं // घाश.९३१
2790,
2791,माणहरिएहि गन्तुं ण तीरए सो णएइ अवराही
2792,को वि अपत्थिअमुणिओ णॆज्जं मन्तं व आणॆज्ज // घाश.९३२
2793,
2794,उव्वहइ दइअगहिआ हरॊट्ठझिज्जन्तकोवगअराअं
2795,पाणोसरन्तमइरं व फलिहचसअं मुहं बाला // घाश.९३३
2796,
2797,गाढालिङ्गणरभसुज्जअम्मि दइए लहुं समोसरइ
2798,माणंसिणीऎ माणो फॆल्लणभीओ व्व हिअआहि // घाश.९३४
2799,
2800,तुङ्गो थिरो विसालो जो सहि मे माणपव्वओ रइओ
2801,सो दइअदिट्ठिवज्जासणीऎ घाए विण पहुन्तो // घाश.९३५
2802,
2803,सहि विरइऊण माणस्स मज्झ धीरत्तणेण ओआसं
2804,पिअअमदंसणविहलक्खणम्मि सहसे 'त्ति तेण ओसरिअं // घाश.९३६
2805,
2806,णहपअपसाहिअङ्गो णिद्दाघुम्मन्तलोअणो ण तहा
2807,जह णिव्वणाहरो सामलङ्ग दूमेसि मह हिअअं // घाश.९३७
2808,
2809,पच्चक्खमन्तुकारअ जइ चुम्बसि मे इमे हअकवोले
2810,ता मज्झ पिअसहीए विसेसओ कीस तण्हाओ // घाश.९३८
2811,
2812,तइआ मह गण्डत्थलणिमिअं दिट्ठिं ण णेसि अण्णत्तो
2813,एण्हिं स च्चेअ अहं ते अ कवोला ण सा दिट्ठी // घाश.९३९
2814,
2815,ताण गुणग्गहणाणं ताण' उक्कण्ठाण तस्स पॆम्मस्स
2816,ताण भणिआण सुन्दर ईरिसअं जाअम अवसाणं // घाश.९४०
2817,
2818,अलिअकुविअं पि कअमन्तुअं व मं जेसु सुहअ अणुणेन्तो
2819,ताण दिअहाण हरणे रुआमि ण उणो अहं कुविआ // घाश.९४१
2820,
2821,आम तुह णा 'वराहो पिअअम मे लोअणाण इह दोसो
2822,माणासहम्मि चडुलेहि वासिओ जेहि हिअअम्मि // घाश.९४२
2823,
2824,को सुहअ तुज्झ दोसो हअहिअअं णिट्ठुरं मज्झ
2825,पॆच्छसि अणिमिसणअणो जम्पसि विणअं ण जम्पसे पिट्ठं // घाश.९४३
2826,
2827,वच्च मह च्चिअ ऎक्काऎ हॊन्तु णीसासरोइअव्वाइ
2828,मा तुज्झ वि तीऎ विणा दक्खिण्णहअस्स णज्जन्तु // घाश.९४४
2829,
2830,अणुवत्तन्तो अम्हारिसं जणं आहिजाईए
2831,चिन्तेसि उणो हिअए अणाहिजाई सुहं जअइ // घाश.९४५
2832,
2833,हुं णिल्लज्ज समोसर तं चिअ अणुणेसु जीऎ दे एअं
2834,पाअङ्गụट्ठालत्तअरसेण तिलअं विणिम्मविअं // घाश.९४६
2835,
2836,सा वसइ तुज्झ हिअए स च्चिअ अच्छीसु सा अ सिविणेसु
2837,अम्हारिसाण सुन्दर ओआसो कत्थ पावाण // घाश.९४७
2838,
2839,तण्हा मे तुज्झ पिअत्तणस्स कह तं ति णो हि जाणामो
2840,दे सुहअ तुमं चिअ सिक्खवेसु जह दे पिआ होमि // घाश.९४८
2841,
2842,मलिणवसणाण किअवणिआणं आपण्डुगण्डपालीणं
2843,पुप्फवइआण कामो अङ्गेसु कआउहो वसइ // घाश.९४९
2844,
2845,पुप्फवइअ म्हि बालअ मा चिवसु अदीहराउसो होसि
2846,अज्जं चेअ मरिज्जउ मअच्छि किं कालहरणेण // घाश.९५०
2847,
2848,वाणिअअ हत्थिदन्ता कत्तो अम्हाण वग्घकत्तीओ
2849,जाव लुलिआलअमुही घरम्मि परिसक्कए सोण्हा // घाश.९५१
2850,
2851,गण्हन्ति पिअअमाण वअणाहि हंसीओ विसलअद्धाइ
2852,हिअआइ व कुसुमाउहबाणकआणेअरन्धाइ // घाश.९५२
2853,
2854,हंसाण सरेहि सिरी सारिज्जइ अह सराण हंसेहि
2855,अण्णॊण्णं चिअ एए अप्पाणं णवर गरुअन्ति // घाश.९५३
2856,
2857,अणुदिअहकआभोआ जहजह थणआ विणिन्ति कुमरीए
2858,तहतह लद्धोआसो व्व वम्महो हिअअम आविसइ // घाश.९५४
2859,
2860,केसा पण्डुरछाआ असईसङ्गेण चम्म जज्जरिअं
2861,चित्तं तुह सोहग्गं गोदा दूइत्तणं कुणइ // घाश.९५५
2862,
2863,णिण्णिद्दं दॊब्बल्लं चिन्ता अलसत्तणं सणीससिअं
2864,मह मन्दभाइणीए कए सहि तुमं वि अहह परिभवइ // घाश.९५६
2865,
2866,णिअदइअदंसणूसुअ पन्थिअ अण्णेण वच्चसु पहेण
2867,घरवइधूआ दुल्लं घवाउरा ठाइ हअगामे // घाश.९५७
2868,
2869,आसाइअम अण्णाएण जॆत्तिअं ता तुइ ण बहुआ धिई
2870,उवरमसु वुसह एण्हिं रक्खिज्जइ गेहवइखॆत्तं // घाश.९५८
2871,
2872,उच्चिणसु पडिअकुसुमं मा धुण सेहालिअं हलिअसुण्हे
2873,एस अवसाणविरसो ससुरेण सुओ वलअसद्दो // घाश.९५९
2874,
2875,पविसन्ती घरदारं विवलिअवअणा विलोइऊण पहं
2876,खन्धे मॊत्तूण घडं हाहा णट्ठो त्ति रुअसि सहि किं ति // घाश.९६०
2877,
2878,मा पन्थ रुन्धसु पहम अबेहि बालअ असेसिअहिरीअ
2879,अम्हे अणिरिक्काओ सुण्णं घरअं व अक्कमसि // घाश.९६१
2880,
2881,सुव्वइ समागमिस्सइ तुज्झ पिओ अज्ज पहरमॆत्तेण
2882,एमेअ किं पि चिट्ठसि ता सहि सज्जेसु करणिज्जं // घाश.९६२
2883,
2884,खणपाहुणिआ देअरजाया ए सुहय किं ति दे हणिदा
2885,रुअइ घरोपन्तफलिणिघरम्मि अणुणिज्जउ वराई // घाश.९६३
2886,
2887,पुप्फभरोणमिअभूमिगअसाहतरूण विण्णवणं
2888,गोलाअडविअडकुडुङ्गमहुअ... // घाश.९६४
2889,
2890,ग्र̥हिणिप्रवेशितजारे ग्र̥हे ग्र̥हे (ग्र̥हिणी) स्थापिता
2891,मिलितावदति(असती?)जारौ पश्चाद ग्र̥हिणी ग्र̥हस्थश च // घाश.९६५
2892,
2893,ऎक्कत्तो रुअइ पिआ अण्णत्तो समरतूरणिग्घोसो
2894,पॆम्मेण रणरसेण अ भडस्स डोलाइअं हिअअं // घाश.९६६
2895,
2896,केलीगॊत्तक्खलणे विकुप्पए केअवं अआणन्ती
2897,दुट्ठ उअसु परिहासं जाआ सच्चं चिअ परुण्णा // घाश.९६७
2898,
2899,दे आ पसिअ णिअत्तसु मुहससिजोण्हाविलुत्ततमणिवहे
2900,अहिसारिआण विग्घं करेसि अण्णाण वि हआसे // घाश.९६८
2901,
2902,अण्णं लहुअत्तणअं अण्ण च्चिअ काइ वत्तणच्छाआ
2903,सामा सामण्णपआवइणो रेह च्चिअ ण होइ // घाश.९६९
2904,
2905,अलससिरोमणि धुत्ताण अग्गिमो पुत्ति धणसमिद्धिमओ
2906,इअ भणिएण णअङ्गी पप्फुल्लविलोअणा जाआ // घाश.९७०
2907,
2908,उल्लॊल्लकरअरअणक्खएहि तुह लोअणेसु मह दिण्णं
2909,रत्तंसुअं पसाओ कोवेण पुणो इमे ण अक्कमिआ // घाश.९७१
2910,
2911,ए एहि दाव सुन्दरि कण्णं दाऊण सुणसु वअणिज्जं
2912,तुज्झ मुहेण किसोअरि चन्दो उअमिज्जइ जणेण // घाश.९७२
2913,
2914,ऎद्दहमॆत्तत्थणिआ ऎद्दहमॆत्तेहि अच्छिवत्तेहिं
2915,ऎद्दहमॆत्तावत्था ऎद्दहमॆत्तेहि दिअहेहिं // घाश.९७३
2916,
2917,करजुअगहिअजसोआथणमुहविणिवेसिआहरपुडस्स
2918,सम्भरिअपञ्चजण्णस्स णमह कण्हस्स रोमञ्चं // घाश.९७४
2919,
2920,का विसमा दॆव्वगई किं दुल्लब्भं जणो गुणग्गाही
2921,किं सॊक्खं सुकलत्तं किं दुक्खं जं खलो लोओ // घाश.९७५
2922,
2923,किवणाण धणं णाआण फणमणी केसराइ सीहाणं
2924,कुलवालिआण अ थणा कत्तो झिय्यन्ति अमुआणं // घाश.९७६
2925,
2926,केसेसु वलामोडिअ तेण समरम्मि जअस्सिरी गहिआ
2927,जह कन्दराहि विहुरा तस्स दढं कण्ठअम्मि सण्ठविआ // घाश.९७७
2928,
2929,खलववहारा दीसन्ति दारुणा जह वि तह वि धीराणं
2930,हिअअवअस्सवहुमआ ण हु ववसाआ विमुज्झन्ति // घाश.९७८
2931,
2932,जं परिहरिउं तीरइ मणं पि ण सुन्दरअत्तणगुणेण
2933,अह णवरम अस्स दोसो पडिवच्छेहिं पि पडिवण्णो // घाश.९७९
2934,
2935,जस्स रणन्तेउरए करे कुणन्तस्स मण्डलग्गलअं
2936,रससम्मुही वि सहसा परम्मुही होइ रिउसेणा // घाश.९८०
2937,
2938,जस्सेअ वणो तस्सेअ वेअणा भणइ तं जणो अलिअं
2939,दन्तक्खअं कवोले वहूऎ विअणा सवत्तीणं // घाश.९८१
2940,
2941,जहा गहिरो जहा रअणणिब्भरो जह अ णिम्मलच्छाओ
2942,तह किं विहिणा एसो सबाणिओ जलणिही ण किओ // घाश.९८२
2943,
2944,जा ठेरं व हसन्ती कइवअणंवुरुहवद्धविणिवेसा
2945,दावेइ भुअणमण्डलम अण्णं विअ (चिअ?) जअइ सा वाणी // घाश.९८३
2946,
2947,जोण्हाइ महुरसेण अ विइण्णतारुण्णउच्छुअमणा सा
2948,वुड्ढा वि णवोढ व्व परवहू अह हरइ तुह हिअअं // घाश.९८४
2949,
2950,टुण्टुण्णन्तो मरिहिसि कण्टअकलिआइ केअइवणाइं
2951,मालइकुसुमसरिच्छं भमर भमन्तो ण पाविहिसि // घाश.९८५
2952,
2953,णवपुण्णिमामिअङ्कस्स सुहअ को तं सि भणसु मह सच्चं
2954,का सोहग्गसमग्गा पओसरअणि व्व तुह अज्ज // घाश.९८६
2955,
2956,णिहुअरमणम्मि लोअणपहम्मि पडिए गुरुअणमज्झम्मि
2957,सअलपरिहारहिअआ वणगमणं चेअ महइ वहू // घाश.९८७
2958,
2959,तं ताण सिरिसहोअररअणाहरणम्मि हिअअम ऎक्करसं
2960,विंवाहरे पिआणं णिवेसिअं कुसुमवाणेण // घाश.९८८
2961,
2962,ताला जाअन्ति गुणा जाला दे सहिअएहि घॆप्पन्ति
2963,रइकिरणाणुगहिआइ हॊन्ति कमलाइ अ कमलाइं // घाश.९८९
2964,
2965,तुह वल्लहस्स गोसम्मि आसि अहरो मिलाणकमलदलो
2966,इअ णववहुआ सोऊण कुणइ वअणं महीसमुहं // घाश.९९०
2967,
2968,मह देसु रसं धम्मे तमवसम आसं गमागमा हर णे
2969,हरवहु सरणं तं चित्तमोहम अवसरउ मे सहसा // घाश.९९१
2970,
2971,राईसु चन्दधवलासु ललिअम आफालिऊण जो चावं
2972,ऎक्कच्छत्तं च्चिअ कुणइ भुअणरज्जं विअम्भन्तो // घाश.९९२
2973,
2974,लहिऊण तुज्झ वाहुप्फंसं जीए स को वि उल्लासो
2975,जअलच्छी तुह विरहे ण हु 'ज्जला दुव्वलाणं सा // घाश.९९३
2976,
2977,वारिज्जन्तो वि उणो सन्दावकअत्थिएण हिअएण
2978,थणहरवअस्सएणं विसुद्धजाई ण चलइ से हारो // घाश.९९४
2979,
2980,सअलकरणपरवीसामसिरिविअरणं ण सरसकव्वस्स
2981,दीसइ अह व णिसम्मइ सरिसं अंसंसमॆत्तेण // घाश.९९५
2982,
2983,सहि णवणिहुवणसमरम्मि अङ्कवालीसहीऎ णिविडाए
2984,हारो णिवारऒ च्चिअ उच्छीरन्तो तदा कहं रमिअं // घाश.९९६
2985,
2986,सो णत्थि ऎत्थ गामे जो एअं महमहन्तलाअण्णं
2987,तरुणाणं हिअअलुडिं परिसक्कन्तिं णिवारेइ // घाश.९९७
2988,
2989,सो सुद्धसामलङ्गो धम्मिल्लो कलिअललिअणिअदेहो
2990,तीए खन्धाहि वलं गहिअ सरो सुरअसङ्गरे जअइ // घाश.९९८
2991,
2992,होमि वहत्थिअरेहो णिरङ्कुसो अह विवेअरहिओ वि
2993,सिविणे वि तुमम्मि पुणो पत्तिहि भत्तिं ण सुमरामि // घाश.९९९
2994,
2995,सज्जेइ सुरहिमासो ण आपणेइ जुअइजणलक्खसहे
2996,अहिणअसहआरमुहे णअपल्लवपत्तणे अणङ्गसरे // घाश.१०००
2997,
2998,
