id,english
5001,"In another word, God’s people are those who are perfected after experiencing the work of God."
5002,"And you were for a season (six months), glad to rejoice in that--in that light of John."""
5003,"After December, we will surely see other good drones officially in India."
5004,"“Even [Nephi’s] father, who was the prophet, was murmuring because of hunger,” Kent said."
5005,"You often say, “God can do everything.”"
5006,"When the soul is so eager to believe in himself and his own inspirations, he is easily misled.”"
5007,A special monitoring agreement exists with regards to Kosovo*.
5008,Even not 1 percent improvement in services and electricity!
5009,"Yes, they say, ""Oh, we had a meeting."
5010,"If you find something with wheels, you can drive it into battle—or plot a quick escape."""
5011,"For me, I could have retired after Mugabi."
5012,But isn’t it better to have 8 million profitable visitors?
5013,There is a relevant Russian-Chinese draft treaty with no other document on the table in this regard.
5014,"Thus all things were kindred and were brought together by the same Great Mystery."""
5015,"In fact, I can almost guarantee you didn’t see 999 of the executions."
5016,"No longer will God’s people need to say, When we “want to do good, evil is present.”"
5017,"The gods shaped him to be a follower, not a leader.”"
5018,Our future and our love could truly begin or end with her decision.
5019,"The effort you put forth to anything transcends yourself, for there is no futility even in death."""
5020,"E-29 And I said, ""Yes, He will, if you just turn from your wickedness, He will sure do it."""
5021,"GORDON: Ok Emma, my students should all be here by now."
5022,[They also elected] the son of the one who previously liberated Kuwait.
5023,"No other man will enter then, for My Judgement will be cast."
5024,We’ve considered all this before—in our visions of utopian societies.
5025,Has Bina48 continued to develop since then?
5026,Alexandra: I heard that the entire parliament of Luxembourg has resigned.
5027,"Hardy: ""A couple of problems there too, sir."
5028,Toast: Sometimes a toast is offered instead of a prayer.
5029,And if we are human beings have we reached the absolute state?
5030,(7) Moreover no one remembers the Hydrogen 7.
5031,This includes === and !== for strict comparisons.
5032,No one is present to watch us memorize and meditate on God’s life-changing truths.
5033,Unfortunately (for Cam) he calculated wrongly.
5034,"It is neither recommended for women who have never been pregnant, nor for those who have had more than five."
5035,Local / International well known - You can find both options in Lanzarote.
5036,We are happy to find cold drinks for 600 CFA !
5037,My land [must be] Arab and free.
5038,"We are God’s creation, children of God."
5039,"""And I had hoped that he would have called [Philip]."""
5040,I swear by that creation.'
5041,"Very scary, suddenly Uncle Sam is offended"
5042,[Pages 149-50] She became a millionaire herself.
5043,What could he have in common with Sir Robert?’
5044,"Now you know much more about pigs, an animal that gives us everything!"
5045,"And He's the only Tree that can be taken, that you can live forever."
5046,We should be putting forth even greater effort than was put forth by those who proclaimed the first angel's message so faithfully.
5047,"""We will do everything to welcome the 113 countries that will participate."
5048,He was God even while here on earth; I am but a man.
5049,“Not the kind of guy we need here - not here in Mississippi.”
5050,#4 “or we could also go to war”
5051,#4 “or we could also go to war”
5052,"You probably will have 4 or 9, unless your chair is a very strange shape."
5053,Only one way to do it; that's prayer.
5054,"i) with the purpose of allowing us to be able to perform our agreement with GS1,"
5055,Thank you not to answer: Two Christmas cards!
5056,It is also an incredibly painful way to die.”
5057,"Student: But Master, I had never heard of 22 commandments?"
5058,"By God, his speech is sweet, his root is deep and his branches are fruitful.”"
5059,"In other words, God’s substance contains no darkness or evil."
5060,"Such as ""dandies"", they will soon be the kings of the night."
5061,"However, not one in a thousand can be saved [by the Lotus and other sutras]."""
5062,Image 59 - Do not forget this important detail: the cake.
5063,The first eighteen people who saw me disconnected immediately.
5064,"The only faithful thing in the world is a dog."""
5065,“There is no monument to him.”
5066,Do not listen to what this man [Abu Jahl] says.”
5067,"I was unable to make any communication either with him or his plane."""
5068,"He said, “it’s a piece of a space ship.”"
5069,"489 Now, a lot of people are looking for something, you know."
5070,So it was like [the name] 'Confessions' just stuck—this is what it is.
5071,No; nature made us—nature did it all—not the gods of the religions.”
5072,"“Why, smoking two cigars at the same time!” was the answer."
5073,"""Why, smoking two cigars at the same time!"" was the answer."
5074,You can forget about God; that is just an empty word.
5075,Wrongly naming a thing is to add to the misery of this world.’
5076,"So whenever a Muslim does something wrong, they blame the religion.”"
5077,She needs more: she needs to be Eleanor.
5078,And the streets were so dirty and muddy that they had to be crossed on stilts.”
5079,Blessed are they who go through moments of indecision.”
5080,It’ll also take into account 31 genetic populations.
5081,CHINA also asked why the EU proposal uses a four-year data average.
5082,"""People are beginning to see more clearly the separation in the Congress now."
5083,"This should be man’s unshakable faith in himself, because God dwells in him.”"
5084,"In any case, a practical solution called EM1 is available for all of us thanks to Japanese research."
5085,What makes a desire similar to the Creator when it corrects and how does He manifest Himself in this desire?
5086,"On these texts, the code was quadratic or worse."
5087,And then [producer] Dick Zanuck—he’s the most amazing man.
5088,"God appeared ten times in human form, for the last time in El Hakim."
5089,It may be a punishment or a praise for things your soul did before.
5090,"Every month, they will hold meeting together with their wives at their side, but will only be twelve voices."
5091,Few of My bondmen are thankful.”
5092,"The treasures of the Bible are to be opened up more lavishly, so that a richer share in God's word may be provided for the faithful."
5093,"E-212 I am just His servant, like that microphone."
5094,There is a reason that you are the last of the animists.”
5095,[17] Sanctify them by the truth; your word is truth.
5096,Then he recited: Alif Lam.
5097,"""For me, compared to last year, it's very difficult to understand when you speak with Michelin."
5098,"I said it—I said 430, but it is Kabbalistically."
5099,What can I say… people recognized the logo.
5100,The science of laughter – and why it also has a dark side
5101,51:23 And by the Lord of heaven and earth!
5102,“Use your gift to the fullest of its ability and then begin to live like this.”
5103,"Or better yet, let me die right here in the rain.”"
5104,He bears the burden of the world and not you.’
5105,"""Protection of young trees identified by ______."
5106,why 97% of our DNA has a higher purpose
5107,"But they have ministering spirits sent from the Presence of God."""
5108,"But they have ministering spirits sent from the Presence of God."""
5109,Did we ever find out what happened with Nagi between Volumes 36 and 38?
5110,"Kings of peoples shall come from her."""
5111,David: Were they trying to develop it for every type of person on Earth?
5112,He and Sananda (Jesus) work very closely today and will come back together.
5113,But no one ever asks if you are happy.’
5114,"The answer to this question is contained in the sixth verse of the Creed: ""And he ascended into heaven, and is seated at the right hand of the Father."""
5115,The Rising Sign - The ascendant can be one of the other eleven signs.
5116,"Young people, it seems that money is not(j)more important in my life."
5117,Here are Abraham and the later heirs of the promises.
5118,"Having 18"" is better if the space is available."
5119,"I would have left you, if you had not stopped, because the Sabbath is sacred to the Lord.»"
5120,It is as if Roberta ought to count her notes not this way:
5121,All comes from the Jew; all returns to the Jew.”
5122,"He was to be ""put to death halfway between heaven and earth as unworthy of both""."
5123,[157] Where the prayer is concerned (para.
5124,"This time you will see the accomplishment of God's mystery, and you will know that his promise was not vain."
5125,"Then the case is sent to Rome where [it is] studied before the Pope's decision."""
5126,"When we pray to her, we are adhering with her to the plan of the Father,” (CCC 2679)."
5127,"In the Announcement to Kang, it is said, “Act as if you were watching over an infant.”"
5128,[219]He claimed that other ethnic groups too had a role in his new movement.
5129,The falsification [of the Torah] occurred previously.
5130,"Angels were the keepers of the gates, and the children’s names were all written in a book."
5131,"Everything is dealt with covertly, and sentencing is done in secrecy.”"
5132,"We Help Florence, not only wish you ...."
5133,"You should not say, ‘I know what zen is,” or “I have attained enlightenment.”"
5134,"Then he showed them the king’s son."""
5135,“I have been admiring the wealth of this man and he drives clean cars.
5136,“Route 342 has almost become a destination!”
5137,‘It is clearly a difficult situation which no one wants resolved more quickly than Chris and the team.
5138,"If you are keeping the commandments of God by observing the Sabbath day, you are on the Lord’s side of the line."
5139,We did not think a Mexican public school like ours could be selected.
5140,"Verily, the first trial for the people of Israel was caused by women» [Reported by Muslim]."
5141,"Verily, the first trial for the people of Israel was caused by women» [Reported by Muslim]."
5142,When she gave it to me she said: “Keep this stone because it is God’s eye that sees everything and knows everything.”
5143,[1] Literally in Arabic those who went out.
5144,These visions took me from one state to another until I was Annihilated in the Divine Presence.”
5145,This is the third and the true opinion.”
5146,"He acknowledged that his actions after the accident ""made no sense to [him] at all."""
5147,I also want to tell you that thanks to your Keno system I won 2000 euros.
5148,So I sat down (virtually at least) with seven women and asked them for their travel advice.
5149,"Tell It to the Kazakhs!...Nevertheless, Why Exactly Kazakhstan?"
5150,"I believe that you are the Messiah, the Son of God.”"
5151,The 300 men drank the water in the same way as if they agreed to do it.
5152,God gave him understanding that this period of time would last for one year and that it was what is referred to in scripture as the “Day of the Lord.”
5153,Haiti - Politic : 33% of the offices of the parliamentarians are not found !
5154,You liked the way God treated you when you were six months old.
5155,“The wicked receive their recompense in the earth.
5156,"“Thank God, my capital is now $10,000."
5157,You always wanted to see your student’s smile which is something truly special.
5158,This may change ‘naturally’ under the influence of a girlfriend!
5159,"Now, then, tell me under what tree you surprised them together."""
5160,"I never said anything before because you and Xena were lovers."""
5161,(because daily life with Lou is also that)
5162,There is only one thing to say - this natural phenomenon and these icebergs has to be seen.
5163,"If he can weaken and destroy the family, he will have succeeded.”"
5164,"If he can weaken and destroy the family, he will have succeeded."""
5165,b) we ask that other friendly human of the cosmos are allowed to help us
5166,"Eldorado can be anywhere, the main thing to see."
5167,"Today's environmental challenges need all of us, not half of us."
5168,Pharaoh gave him little time to prepare.
5169,"We will create a safer world, or destroy the old one."
5170,"“If you pray, then pray toward a sutrah (barrier) and get close to it.”"
5171,"Thus, Anubis could decide the soul’s fate."
5172,But great political projects can also be created outside the (professional) political system.
5173,Or can I fly up among the stars to search for him in the glory of Heaven?’
5174,"When a son gives to a father, both cry”."
5175,"That all may know the degree of my patience, resignation and sacrifice in the path of God.”"
5176,Play Only With What You Have – Why That 20%.
5177,And “so Absalom stole the hearts of the men of Israel.”
5178,"But you are mine, even if the city of Urkesh is not.”"
5179,"“Generally speaking, gods desire nothing but adoration.”"
5180,682 I took the little baby.
5181,"Eritrea and Zimbabwe are the notable exceptions - and, therefore, future targets."
5182,Canada Beyond 150: What we did
5183,"85:19 Nay, but those who disbelieve live in denial"
5184,"Or if due to strength, eighty years.”"
5185,Niggas think I’m 27 and shit.
5186,15) You can now enjoy your ECO100 fully functional.
5187,"one must not conceal any part of what one has recognized to be true."""
5188,"He said, “I don’t think the Lord would want you to punish yourself for the death of your little boy.”"
5189,"Things got better after that, and now, you can see, the trees are healthier.”"
5190,"He said: 'After the USSR, there are eight civilizations."
5191,"In my conversations with my colleagues, I have always called it the Norman amendment."
5192,Fear of My Justice is not present in hearts.
5193,"If you do this, you will live many years, and your life will be satisfying.”"
5194,(I vote for the dead lion.
5195,"The sky was very low full with clouds of rain."""
5196,That will hurt her for a year (or longer).
5197,"War cannot be used as a political tool any longer, Mrs. Merkel!"
5198,"In England, David Cameron has lost I do not know how many votes."
5199,10/04/2014 What do you think of this idea for cars?
5200,Did you speak again of your observation with your colleagues of flight 3532?
5201,Only then will you suddenly realize that God’s work of judgment has already concluded.”
5202,"'I have seen the Bird of Paradise, she has spread herself before me, and I shall never be the same again."
5203,It was the moment when the kingdom of heaven was inaugurated and God’s original plan to elevate us was sparked in time and space.
5204,"He was also responsible for the supply of food, settling disputes between nobles and the running and protection of the Pharaoh’s household."
5205,You could not have a better friend than Moses.)
5206,"When you are far off, you become a target of God's enemy."
5207,"“President Obama tried, they all tried."
5208,"But I was scared of the noise, scared for my parents and my sister”."
5209,They shot [and killed] my brother in the river.
5210,And only by praying amid God’s own words
5211,[74:52] Does each one of them want to receive the scripture personally?
5212,Visitor III: It could be a pyramid too?
5213,Since 1943 café Baba is an institution that I wanted to try.
5214,He Who Said No: Iran’s most controversial movie?
5215,Wrongly naming a thing is to add to the misery of this world.’
5216,Faith looks on it as an enemy's land till it is possessed by the people of God.
5217,And you are a member of a real community!”
5218,Take a note from your brother [William] and take public transportation'.
5219,"He possesses dominion over himself, and is happy, who can every day say, ""I have lived."""
5220,"""Mars"" - ""everything will be in chocolate"" or the desire to visit this planet."
5221,"And he happened to cry, not for himself, but for his Ummah [1] (the community) and for humanity."
5222,She is ALWAYS happy (even before her sixth cup of coffee).
5223,"There must also be a share for the poor, God’s friends."
5224,The fear among the city's inhabitants is palpable.
5225,Check if it is legal or illegal for you to start using that name.
5226,"12:74 ""What should be the punishment,"" they were asked, ""in case you are liars?"""
5227,The last recession would have never occurred with Banking 2.0.
5228,"She said, ""There is no Migration after Allah gave His Prophet victory over Mecca."""
5229,"The solution of this decision now, and not last year, is much more profitable for Gazprom."
5230,"One has to keep God’s Feast days that He appointed, not pagan holy days appointed by pagan gods."
5231,"Ideally, you’ll now have seven responses — these will be your mantras for the next week."
5232,Keep an eye on Sir Daniel; he is unsure.
5233,"""Ask them concerning the town standing close by the sea; when they transgressed in the matter of the Sabbath."
5234,"""Ask them concerning the town standing close by the sea; when they transgressed in the matter of the Sabbath."
5235,Senator Oliver: Maybe you should just buy a bank.
5236,"'No,' she said, 'he is drunk; you could do nothing with him now.'"
5237,''I have been admiring the wealth of this man and he drives clean cars.
5238,(PPC) regarding a possible transaction in Africa.
5239,"The land is for those who work it."""
5240,"But they had come to the right place, and in God's eyes this is where His house has to be and is."
5241,"They did not give a thought as to what would happen, if he (Lord Shiva) were to take the poison."
5242,Now none of God's creatures was more hateful to me than an (ecstatic) poet or a man possessed: I could not even look at them.
5243,"Can any witness be simpler, clearer, stronger than God's in these few and plain words?"
5244,"“Hey man, I just arrived in Beijing, you want to do something?"
5245,"This is a soul worthy of every respect""."
5246,"Certainly, he knew everybody in Meung-sur-Loire, where he had retired to."
5247,My name is Dave Clark and I want you to know that your current financial situation is merely a starting point.
5248,He sinks beneath the waters of trust.”
5249,The second most popular name is Melih [Malih] and the third one is Ayşe [Aisha].»
5250,"[12] As long as India, Egypt, etc., do not proclaim their independence."
5251,There is a difference between God’s presence and His glory.
5252,on the accelerator and we are heading towards an abyss”.
5253,"o ""At the narrow passage there is no brother and no friend."""
5254,From how many years you can walk at night: legislative norms
5255,And the streets were so dirty and muddy that they had to be crossed on stilts.”
5256,"And if you want the world to see it, surely you want to hear the world’s thoughts on it?"
5257,"Hear what the unjust judge saith."""
5258,"David: We've had so many people, Bob, on the Internet who have flamed us."
5259,“I am sitting here now thanks to the Irish missionaries.
5260,hen You stayed a number of years with the people of Madyan .
5261,"“Well, not Catherine though, that other girl you wanted before."
5262,“In all their afflictions He was afflicted and the angel of His presence saved them.”
5263,“In all their afflictions He was afflicted and the angel of His presence saved them.”
5264,“In all their afflictions He was afflicted and the angel of His presence saved them.”
5265,But the Lord's power came over him so that he was not able to interfere with me.
5266,"Hence, I suppose I should begin my rah, rah speech, eh?"
5267,"And you know it's haram for women to go out of the house."""
5268,Ye Hua told: “You will also have the opportunity.
5269,"I said, ""Because if you ever associated with God or with any of the saints, you'd associate like that."""
5270,Tomorrow They will be grateful!
5271,“Fear God regarding the animals who cannot speak.
5272,"And women and children will be killed, and houses will be destroyed.”"
5273,What does it mean to be God’s witness?
5274,"What more must I do, for I sent MY Son YAHUSHUA to you."
5275,E-67 You have to know these words and these things.
5276,The calling and conversion of the apostle Paul is a wonderful illustration of God’s mercy and forgiveness.
5277,"But after “having lived[her] father’s life for thirteen years”, the young woman aspires to change."
5278,The [first] Gulf War was a reflection of that reality.”
5279,... no because the EU should have a common position on Russia.
5280,And then [some countries] recalled their ambassadors.
5281,This means I will definitely enter the kingdom.”
5282,{Note Kathy January 2014: this is one of their jokes with us.
5283,"“Wherever I go, I bring Captain Jack in a box."
5284,"On August 30, additional practical support (new measures) was announced by the Commission."
5285,Do we take the New Golden Mile too short ?!
5286,You have set me on the right path to generate a steady income stream.”
5287,(John 15) We are going to produce fruit.
5288,It needs a whole new eco-system as long as it needs it.
5289,"Did they come from Moshe’s ink, or God’s Shechina?"
5290,He knows no tomorrow who attacks his border!
5291,"You should not say, ‘I know what Zen is,’ or ‘I have attained enlightenment.’"
5292,"You should not say, ‘I know what Zen is,’ or ‘I have attained enlightenment.’"
5293,"However, increased trust in the government may also come without fear."
5294,He’s come to save the world… but France will be enough for today.
5295,whether he is thankful or unthankful.
5296,"The earth is full of your productions."""
5297,(For couples) we argue about who should do what with the children.
5298,20|105| And they ask you about the mountains.
5299,“There is the issue – or not – of the solidarity of the European Union.
5300,"""Truth exists; only falsehood has to be invented."""
5301,We are afraid of God's surprises; we are afraid of God's surprises!
5302,We are afraid of God's surprises; we are afraid of God's surprises!
5303,But everyone gets what they deserve and you only have to look at how FIFA is now and that tells you everything you need to know [about them].”
5304,"‘Except white wine,’ she proceeded as though I had not spoken."
5305,"'Very well,' I said, ‘but where did God ever give a command to the Gentiles to swear?"
5306,"Soon they will each lead armies, aided by the legions of hell."""
5307,"""The Irish are being asked to vote on the same text with the same content."
5308,"""The Irish are being asked to vote on the same text with the same content."
5309,"'We would still be fracking, we would be at war [if she was president]."
5310,"but rather, “I have found a truth.”"
5311,Previous：How to Know God’s Work of Judgment and Chastisement in the Last Days
5312,"16 The heavens are the Lord's heavens,"
5313,"Tomorrow, those budgets must be balanced all over Europe, in this line of thinking."
5314,But there was indeed a lot of Coke Zero in my system.)
5315,"She did not regard her wealth as her own but rather God’s, and she distributed not only to good people, but also to her enemies."
5316,[Yugi thinks to himself] Kaiba has changed.
5317,God desires that the receivers of His grace shall be witnesses to it’s power.
5318,"Ka'b then refers to the Torah, not a corrupted Torah, and admits his error."
5319,International partnerships – 14+ international partners – See all our partners
5320,Turn the truth with him (Ali) wherever he turns.’
5321,Obviously I’d like to see Robert Johnson – who wouldn’t?
5322,You did not fall under God’s condemnation the first time you sinned.
5323,David: Yes [Confirming what Jose just spoke].
5324,In this life or any other.”
5325,She is defending Vego! 11.
5326,Don’t ask me when I’m in prison under Israeli pressure.
5327,"God’s Word says that after death, there is life and judgment."
5328,“It was like finally getting answers — and closure.”
5329,They defend in Lisbon that the borders must be more structured (in Spanish)
5330,You are now in the fullness of the Spirit of God yourself; otherwise you would not be able to see me as I am.”
5331,"You really should take advantage of this genuine opportunity, that really has helped 1000's"
5332,"And are you proud, twenty years later, that you helped create this world?"
5333,It is a game of your own creation and that is how you play it.
5334,It is a game of your own creation and that is how you play it.
5335,"And the king said, If he is alone there is news in his mouth.”"
5336,"But, it will be similar to what we had with Dead or Alive 5: Core Fighters.”"
5337,What do you swear on in court if your not religious?
5338,Now your goal is sector 13).
5339,A: Today we will go to study the great disappeared states.
5340,"The king of hell said, ""This man's name is Goliath."
5341,"The king of hell said, ""This man's name is Goliath."
5342,Are we not a thousand times freer than under his Empire?
5343,"God cannot cooperate with them. {ST, November 3, 1890 par."
5344,You have a deadly enemy.”
5345,You have a deadly enemy.”
5346,"However, they do not alter the expression of 10,000 genes when this occurs."
5347,Which of God’s words should I practice in this situation?”
5348,The American producer chooses our city again!
5349,He announced each Friday [1] the attacks he was going to commit against the capital.
5350,"She went crazy in Boston last week and married a nigger!"")"
5351,"Maybe some of them are not good, but some of them are, and we have to love them to understand them.”"
5352,"""He who plants trees loves others besides himself."""
5353,BRUSSELS – It is time for José Manuel Barroso to start selling himself.
5354,"(1) When will we take part to a Championship, Mom?"
5355,Why I Can’t Stop Thinking About This Barber and His $1.4 Million Fortune
5356,'We indeed receive money from the NED.
5357,Examples of wind and water are likened to God’s spirit.
5358,Every company in Romania can help us!
5359,As it is almost impossible to reach Rick Simpson himself on time.
5360,"[21:78] And David and Solomon, when they once ruled with regard to someone’s crop that was destroyed by another’s sheep, we witnessed their judgment."
5361,Evidently God’s people in those days were guilty of these sins.
5362,“I bought a lamp at [beyt] and it’s such happiness therapy!
5363,"48 Laban said, “This heap is a witness between you and me today.”"
5364,I willingly invoke on every family the blessing of the Lord.”
5365,"And furthermore, God’s goodness was not to be measured in terms of dollars and cents, but in terms of nearness to God."
5366,“I also think it was because he saw what had happened to Brian.
5367,"[…] European, and some routes will be closed."
5368,"My last question is, are you rejecting the six recommendation"
5369,"""I want one English player in these five captains."
5370,“Some form of licensing or regulation is useful.
5371,(Joe) Could seven people in this room do something like that at this time?
5372,"This should be man’s unshakable faith in himself, because God dwells in him.”"
5373,“We can only express our opinions of the university directive!
5374,"For that reason alone, these animals — real or not — will likely always be with us."
5375,"As soon as you see the authority of God’s words in a certain matter, you will obey absolutely, unquestioningly and to the letter."
5376,"If I am wrong, then what can be considered as Indie anime?"
5377,“Maybe the Creator thinks that we should use the blood for the last one.
5378,Why 232 families chose to trust their children's educative instincts
5379,"This is the standard of good and evil Satan has taught us, which is very different from God’s."
5380,"Among their numerous properties, they prefered one they had called “happiness”."
5381,"My Greatest Concern is to Be On God's side, for God is always Right."
5382,"Carmel, then it would be even more disgraceful in the city."
5383,"An overwhelming gratefulness shall bring forth the action necessary, for it said, ""God loves a grateful heart""."
5384,"""Men are lost because they do not think of the death of Our Lord and do not do penance."""
5385,"Hence, I suppose I should begin my rah, rah speech, eh?"
5386,"Properly understood, Daniel 12 is an important augmentation to our knowledge."
5387,"“But this time not on the old Europe, on the new Europe."
5388,"""Nay I swear by this city- And thou art a dweller of this city""."
5389,You were joined in an ancient and eternal way with the friend of your soul.’
5390,"So yes, they developed a pretty solid economy, as did Taiwan."
5391,I am not saying there were 604 arrests directly within the FBI.
5392,We are already dead - the gas will just kill us again.
5393,"""Why, they've got ten volumes on suicide alone."
5394,#8 Are they always focused on themselves?
5395,And a harvest of justice is sown in peace for those who make peace.”
5396,"Then, more seriously, He added, “when you want to pray, know first that you are in the presence of the All-Powerful.”"
5397,But prayer is warfare to the last breath.’
5398,"In the Qur'an, Allah stresses the importance of being respectful towards one's parents:"
5399,It isn't known very well in France that a professional federation –
5400,"How could it be her, Su Xi!"
5401,"So, as a traveler you would like to see almost everything."
5402,The glory of the martyrs shines upon you.”
5403,"but rather, “I have found a truth.”"
5404,"We have the power to change it,"" said Biden."
5405,When she gave it to me she said: “Keep this stone because it is God’s eye that sees everything and knows everything.”
5406,"They are our present-day martyrs, and there are many of them; indeed, we might say that there are more of them than in the first centuries”."
5407,"If God's Word's true, then everything else is a lie to It."
5408,"If the light is in your eyes, you can say, ""it is here."""
5409,"Why, at least to my eyes, you already have the look of an Egyptian doctor.”"
5410,ECTA (Europe) in which he performed interventions;
5411,"We are prepared and ready, but victory is from Allah…"""
5412,"This is the Law of Nature, or if one would rather, God’s will. ”"
5413,"'He that trusteth in wealth shall fall' (Proverbs 11:28)."""
5414,They believed that mountains are sacred places where numerous gods reside.
5415,Actually (as for now) we cannot go less than 1 satoshi anyway.
5416,"Do you really think you can listen with the backdrop of Bram's set, or see anything other than him?"""
5417,"Do you really think you can listen with the backdrop of Bram's set, or see anything other than him?"""
5418,“If a man believes in Isa (as) [Jesus] and then believes in me he will get double reward.”
5419,Do you know how far Mr. Yoo went for you?”
5420,"`When there is neither I nor you, who wants to see?"""
5421,David: . . . or do they sometimes require very unusual things?
5422,Tom wondered if he had enough time or energy to explain.
5423,"We gain a lot for every good thing we do in daily life, and we have to pay for every bad thing we commit.”"
5424,"When the first hand touches you, rise your hands, and say, ""Thank You, Jesus."""
5425,“In all their afflictions He was afflicted and the angel of His presence saved them.”
5426,"After all, such a profession didn’t exist at the time – helping Hitler."
5427,"It’s one of their biggest fears, and one of the most stressful parts of their day."
5428,"We want to turn the Tel Aviv day into destruction, Allah willing."
5429,We are visiting various parts of Turkey without being concerned about the vote.
5430,"Today, therefore, tens of thousands of young Palestinians meet the requirements of Article 4a."
5431,"Would not it be more constructive to look at the situation of the 410 million African women today, and then to see how to help them more?"
5432,You do need to be comforted and sheltered from the harshness of this world.”
5433,"God is the Lord of every man, woman, and child."
5434,"“Regarding migration, we look forward to the new initiatives on the Dublin package."
5435,"Like many of God’s good gifts introduced in Eden—Sabbath, marriage, life, food—sex was very good."
5436,Three stars – Pristine – is what you want.
5437,"Then, the white magician immediately remembers his inner God."
5438,(L) So what are we going to do if this kind of stuff comes into play with our neurofeedback?
5439,"God's Son is perfect, or he cannot be God's Son."
5440,Something wonderful has happened--Number Five is alive!
5441,"When God speaks it, it's confirmed in heaven forever."
5442,Why it is not necessary to order coffee in the plane and 7 more aviasekretretov
5443,“I am very surprised that some of you say that I want to play number nine.
5444,"As a result of Adam's disobedience every human being is a transgressor of the law, sold under sin."
5445,“This conviction was a reality here in Budapest!
5446,"To fulfill his final purpose-that is, to become like God-he will then try to climb into God's place."
5447,"Jeremiah 32:27 Behold, I [am] the LORD, the God of all flesh: is there any thing too hard for me?"
5448,"""Our partners understand that we cannot and must not present the same package to the Irish as the last time."
5449,By faith he lived as a foreigner in the country that God had promised him.”
5450,Especially those most in need of thy mercy.”
5451,They remember it well : it was the only one to speak to them. “
5452,What they invented has abandoned them.
5453,"[They are] professional, knowledgeable, and [can] speak several languages. ”"
5454,"Tina Sharkey has something to sell you (300 things, actually)"
5455,Allow the truth of God’s Word to change you from within.
5456,"And Paul with the unadulterated interpretation of God's Word, blasted every one of those synagogues."
5457,We must kill him 7 times: the 7 inferior forces.
5458,"In his homily, he questioned ""our way of relating to God,"" sometimes seeming more similar to how it was before Jesus."
5459,"With the exception of some principle teachings of the Beyond the Heavens Sect, you have learned everything.”"
5460,"With the exception of some principle teachings of the Beyond the Heavens Sect, you have learned everything.”"
5461,"To enjoy these blessings, man had to obey God’s commands."
5462,"But you have not told me where he is now, Miss Maylie."
5463,Are we going to St. Petersburg because the Creator lives there?
5464,"So I come, beloved ones because you are the angels of change."
5465,Now let us look into God's Word and learn more about faith.
5466,It is time for congratulations and praise with the number 579.
5467,Jesus answered every temptation with God’s Word.
5468,"T also has positive growth this year and next year, something that Ford can’t say."
5469,In this life or any other.”
5470,LINDA: Can we ask this guy from Israel?
5471,"And (all) that was their lie, and what they used to invent."
5472,“This is what one of the forty rules reminds us.”
5473,280 Who is your little queen in the home?
5474,“Everyone told us that [West Side Story] was an impossible project ...
5475,to give Israel repentance and forgiveness of sins.
5476,‘So you are the Creator and Redeemer of the world: but what a small world it must be!
5477,Today — I can’t believe it — but today the Governor spoke of three million.
5478,"Before a year has passed you shall bring a daughter into the world."""
5479,"Perhaps you heard how Ahab's wife caused the death of many of God's prophets, some of whom I was able to rescue."
5480,She also threatens to capture Harry on a3!
5481,"That is to say, disobedience was a sin as well as a crime."""
5482,My Great Mercy is available to every single soul during The Warning.
5483,So are two Gazan civilians more worthy of attention and sympathy than 39 Syrian civilians?
5484,"Since this was so helpful for Bill and Susan, I wanted to share these 5 things with everyone."
5485,Truth is on the side of death.”
5486,"You probably like that very much, because it is once in a year in Iran."
5487,On this point the European directive governing the issue (94/19/EC) is perfectly clear: no!
5488,"What is mine too: a small cell in the Jura,"
5489,And you’re right: over half of Italy’s wonders are here!
5490,"The Son of God’s way of loving is well-known, and John spells it out clearly."
5491,#8 “Do you depend on others or ask for help often?”
5492,God has told us at least six things about humility.
5493,We are learning together to follow Jesus.”
5494,"Many people have lost their sense of adoration for God, and these abuses mean that many children do not know how to be in the presence of God.”"
5495,"The unity of Christendom was ended, and forever[6]."
5496,"OK, and we are being tested through SV?"
5497,"But it does not know if ever it will be free""."
5498,We are God’s children if we are led by the Spirit of God.
5499,We are God’s children if we are led by the Spirit of God.
5500,"It had become a place of darkness."""
5501,"It had become a place of darkness."""
5502,"It had become a place of darkness."""
5503,"""Now the Son of Man is glorified and God is glorified in him."""
5504,"Then, he tells me that the people are liars; they abuse people, all sorts of things."
5505,‘You prefer the life of this world.’
5506,"and Savior, to give repentance to Israel and forgiveness of sins."
5507,The fear among the city's inhabitants is palpable.
5508,"The Lord's mercy and compassion for His children is really without measure, as the distance of heavens from the earth."
5509,Many (such as Japan) more or less ban permanent immigration.
5510,You may get much instruction from books which afterwards you may use as a true weapon in your Lord and Master’s service.”
5511,"But these two girls, just before Joseph got here..."
5512,"And early in the morning all the people came to him in the temple to hear him."""
5513,Do more than just eating and drinking in this cultural and romantic city:
5514,And I wonder if this irony is the price we paid for the loss of God.”
5515,tomorrow they will be grateful!
5516,But you realise that you need Judas in the beginning.
5517,"David: It does appear, then, that these people are living on Earth."
5518,"Why do we want to be like them, with their holidays, their forbidden things, and their heresy?"
5519,"If they say yes, contact them every three months."
5520,True or False: Can this happen to you in the Russian Army?
5521,"So the truth was established, and abolished was what they were doing."
5522,And only a minority of them declared these tourist revenues so far!
5523,"* The internet is full of information, but we at Toluna want to know your OPINION."
5524,We prayed so hard for the people who flocked to Erbil.”
5525,(You never died with your denominations; you're alive now and in the Presence of God.
5526,“They said that our country was safe under Bush.
5527,"This should be man’s unshakable faith in himself, because God dwells in him.”"
5528,"This should be man’s unshakable faith in himself, because God dwells in him.”"
5529,Geodis also … there is always a third life here for any kind of vehicle
5530,"or else they will drink and forget what has been decreed,"
5531,However he said that he would destroy the planet anyway).
5532,Kill himself with a knife. - A lot of luck.
5533,You and monetary policy in this country will now be ruled by me!
5534,"and Savior, to give repentance to Israel and forgiveness of sins."""
5535,You really were in the French first ones to fight in this mythical stadium?
5536,Q: ‘But why is your name now Rampa?
5537,She asked me what she could do or buy with $9.
5538,This American football player has allowed the adoption of 181 animals
5539,JC: So some of those ships we see are yours?
5540,"144 But, you know, God wasn't afraid of His own medicine."
5541,"Adams, and the flashing they made in the sun reminded me of the reflection of a great mirror."""
5542,"And Odette answered, ‘Nothing is impossible to the eye of a friend.’"
5543,"Now people are seeing our product, otherwise, it’s buried on page 853."
5544,"Tell him that the trees have eyes again."""
5545,"And this all drunk prophet could say, ""I have got four thousand faithful!"""
5546,The Solar Energy Industry Grew 67% Last Year: Are You Making the Best Decision for Your Future?
5547,19 He hath made the moon for seasons: the sun knoweth his going down.
5548,"Joan was too young to remember anything, but Mary and I will never forget what we saw that 4th of July 1949.”"
5549,Will we and other cities lose this opportunity now?
5550,"No wonder she calls him Happy, not Arthur."
5551,10:35 And why have all the historians in our universities not unanimously refused
5552,Podemos should have tried to send two strategic messages about Greece.
5553,"Adams, and the flashing they made in the sun reminded me of the reflection of a great mirror."""
5554,"Shortly after, the human era will be ended.’”"
5555,"Shortly after, the human era will be ended.’”"
5556,"111 And whoever commits a sin, commits it only against himself."
5557,"(Three times they say He is holy, and then they give three time periods."
5558,#87 Is it your job to spread ignorance?
5559,The proud stand more in fear of men’s judgment than of God’s judgment.
5560,And all natural life has to come by God's spoken Word.
5561,That's what they wanted and they went a bridge too far in Ukraine.
5562,It will be a place of peace and safety for the righteous in the last days.)
5563,(The mystery of a planet and its central life has not yet been revealed.
5564,She does not know what will become the youngest: he will succeed his life in New York?
5565,How much can we believe Mirjana? 6.
5566,Abraham’s servant was so happy!
5567,"He saw that if there is suffering, it’s a sign that you are practicing in the correct way."
5568,"refused to be called the son of Pharaoh's daughter,"
5569,I also hope that #31 will get this deserved title!”
5570,NO - It is up to the Italian authorities to decide if you can get married there.
5571,Take this to 4 towns and you have (iirc) 12 possibilities.
5572,"""Just tell us what Vladimir has on you."
5573,"Thus, this is a war to defend the nation."""
5574,"Thus, this is a war to defend the nation."""
5575,"Thus, this is a war to defend the nation."""
5576,“One night everyone saw in the air something [that looked] like a staff and spear.
5577,But five years is a long time. (laughs) Can’t you do it in three years next time?
5578,It is the dream of all my life: to possess the Truth.»
5579,"You can talk about it; in fact, all the religious teachers talk about death."
5580,B. Don't you want that your plantation produce a lot of rice?
5581,They do accept (and encourage) donations if you feel you have enjoyed your visit.
5582,Each hour was a 'crisis' but I made it thanks to your little computer.
5583,Or: “Here are the teachers asking to send books ...
5584,"""Now the Son of Man is glorified and God is glorified in him."""
5585,"""Now the Son of Man is glorified and God is glorified in him."""
5586,"""Now the Son of Man is glorified and God is glorified in him."""
5587,"""Now the Son of Man is glorified and God is glorified in him."""
5588,"Neither was his response, “It was not the will of God.”"
5589,Jeff returns from space ... or does he?
5590,"There were several cows of this color, they told Moses."
5591,2.2.3 Don’t the Greeks do it differently?
5592,Your way of seeing life will shape the month of June for you.
5593,"Today, the user would likely wait 1,000 hours or abandon the project."
5594,"Never better said, the consumer is in the Cloud."
5595,"Instead, the less restrictive list III of the 1961 Convention was recommended:"
5596,"So far, however, nothing critical has happened and it does not affect the project of the Nord Stream - 2."
5597,Were they for the infant Jesus or for a much bigger purpose?
5598,"Recognizing one of its symptoms, we recall, we bring back to life the others."
5599,A creature incapable of thus forming character would not be in God's likeness.
5600,and those sitting in darkness from the prison house.”
5601,"'We too may die, Andreth; and we have died."
5602,Ask if they are crazy enough.’
5603,Employees also expect this protection – and rightly so!”
5604,Even making 180 of these pills is doable for me.”
5605,"In this case, you can thank, despite all the criticism of the new developments, sometimes!"
5606,"You are God's chosen people, holy, and dearly loved (3:12)."
5607,"Yes, We Can and Will Win!April 2015 General Conference"
5608,"The same thing has happened in all the west African countries with which the EU has maintained fisheries agreements(5,6)."
5609,"""Why this confrontation between bankers of the 15th century speaks to us?"
5610,"""Twenty years from now, that child will see this photo in a better Afghanistan."""
5611,"On the day when you no longer burn with love, many will die of the cold."""
5612,Are you breaking the third commandment in ordinary conversation? 6.
5613,We say no to building a wall and say yes to building community.”
5614,"489, do you know why this number follows you everywhere?"
5615,"As to the rules and directives of 1978, where do they come from?"
5616,"Strike the chains off every slave you see."""
5617,“I will tell you that that’s exactly what the Nazis said in Special Order 48 in 1933 – we’re doing this to protect you.
5618,And that makes us a little out of their control. — Ken Kesey
5619,"In the vision of our founder, we seek to ""find God in all things."""
5620,"More than 19,000 people told us what they want to see in a modern public education system."
5621,"In this connection, virtually, your connection will go outside Ukraine!"
5622,Step 3: Your employees/users can start now.
5623,“Ukraine” was mentioned twice in our statement but I believe Ukrainian workers should be given more attention.
5624,We thank you very much because with these schools you will sanctify Rome.
5625,Answer: There is a method that Abraham developed.
5626,"And now more than ever, our heads of state had better be listening.”"
5627,"The Anger person will say, ""You gotta be tough with people."""
5628,Help the forgotten Romanian horses!
5629,My message to the troops is to not let down the guard.”
5630,"""We just need him to keep doing it - more for England than City!"
5631,"Only in Romania, we have Black Friday whenever we want."
5632,"""Once we unite, we will be able to offer 1,000 new connections between Europe and America."
5633,God’s glory and peace on earth are inseparable.
5634,"It is the loving compassion of God, even greater than that of a mother for her child""."
5635,"the power of the first Adam must die before him,"
5636,(T) can also mean Tangible
5637,"You need to be at 60,000 FP before you can marry him or her."
5638,"My books are about killing God""."
5639,"No, of course not, we were inspired by the work of:"
5640,"(2) No, not the victims of the Inquisition."
5641,It will cost two lives if our cow dies.
5642,"If they are disloyal to me, then that is sufficient reason for their dismissal."""
5643,"""How many years have you seen guys from Kenya and Namibia winning?"""
5644,I truly believe this promise is made to me as well as to Abraham.
5645,"Even if I'm there with my friend named Jack, I say,"
5646,"Lieberman is not talking about us, say most citizens."
5647,Muhammad would not have succeeded had he preached humility and submission.
5648,"Normally we have a third guest, third microphone."
5649,Your interpretations of your brother’s needs are your interpretation of yours.
5650,But I see something in you (you're paranoid)
5651,Section 301 is now despite the creation of the WTO.
5652,Let us go back to our Mr. Cohn; he certainly has beaten all records.
5653,"September 14, 1997, it was an unexpected decision of his family,"
5654,"For someone else will replace you, in order that the twelve may again come to completion with their god.”"
5655,This time you play as cowboy Jack.
5656,"You too, oh princess, in your cold room"
5657,"A car appears as an isolated case in this context, 309."
5658,"Renan attempts an answer by saying, ""The passion of a hallucinated woman (Mary) gives to the world a resurrected God."""
5659,"MS: Well, I think that the situation of the Western woman is much better."
5660,‘Use the letter K to make things funny.’
5661,(We are not obeying the Ten Commandments because they save us.
5662,She only believed she would find seven of their blood.
5663,"Like everything else in God’s creation, it is progressive."
5664,"There is a wild animal there that has to be locked away one way or another."""
5665,How does Satan's war against God's people affect you?
5666,"That’s because it’s been made for you and not for 50,000 people kind of like you.”"
5667,"The FBI was interested in element 115, they say."
5668,"But they have ministering spirits sent from the Presence of God."""
5669,"(e) ""Foxes will eat anything the ordinary dog will eat."
5670,"""Wherever I go, I bring Captain Jack in a box."
5671,In other words: “Thanks for paying for our jihad in the 80s.
5672,(I am also still awaiting answers from various NASA services to the initial questions.
5673,Back to Jim Camp… his big teaching was:
5674,"Chen Chen is like you, he cannot simply live a quiet and peaceful life."
5675,"Not only that, think about it, you would have spent that time and money 25 times!"
5676,"Since 2007, 70.000 workers have benefitted from EGF funding."
5677,"But to achieve these goals, China and Pakistan face multiple challenges (Chapter 5)."
5678,I hate that 'B' will suffer because of this and he's innocent.
5679,"Yes, they are or will be just as efficient as humans (5.2%)"
5680,What happens when 300 million Americans actually grasp what the future looks like?
5681,"As I have mentioned at the 8th Station, you will receive a special blessing."
5682,How will these translations be possible?8
5683,What do the scriptures indicate concerning God’s attitude toward the family?
5684,Like I would post something financially or politically on his BD).
5685,"""Jihad means something for you and me, it means something else for a Muslim."
5686,3 - () is lost in well known streets.
5687,[15.51] Tell them of Abraham's guests.
5688,"To Him belongs all praise in this first life, and in the Hereafter."
5689,"God's Word said that they would go out of there."""
5690,It can be # morning coffee # coffee club and many others.
5691,"He was waiting for the consolation of Israel, and the Holy Spirit was on him.”"
5692,// We have an end - is it after the parent simple begin?
5693,"Hagler: He’s running, [doing] that pitty-patty thing."
5694,"E-313 You've testified that there is a little something in your life, you know."
5695,"“We both know that there are other ways of destroying a man, Tom."
5696,And in Season 4 I have some things that come out with Jerry.
5697,“Resolution 2401 can still save lives.
5698,No one is present to watch us memorize and meditate on God's life-changing truths.
5699,One of the best resources (for the entire family) we have found.
5700,The light the children have just lit and that we passed to one another is a sign of the resurrection.
5701,"“Everybody knows that due to my personal situation, Spain attracts me."
5702,"E-31 Well, of course, you know Simon."
5703,Other explanations of this text have also been offered.183
5704,"Yet, after The Warning there will be no excuse for them not to sit up and listen to My instructions."
5705,When more people around you are prepared for a crisis:
5706,They were also hospitalized more often (OR 1.8).
5707,"When your baby reaches for your nose, cooing, you can say, “That’s my nose."
5708,"reconciled, we shall be saved by his life,"" Rom."
5709,You will eat most of your meals with one hand: 33 percent
5710,However Jesus had clearly warned us against 666:
5711,"But the price he pays, however, is high; it is the loss of his self."""
5712,Government or industry[1] may often act in this way.
5713,"By expecting them to do great things, you can get them to do great things.”"
5714,1 (157) Into His Presence would I enter now.
5715,"And the scribes who came down from Jerusalem said, ""He has"
5716,"DON HIERRO, sustainable transport is possible."
5717,"And yet, let's remind our readers how this unique monastic republic appeared."
5718,"(L) No, but he just ate sugar like it was the only thing in existence."
5719,We have upgraded our political dialogue 1/2
5720,God is also calling us His children in this text.)
5721,"My brother will feel ------- when I share my toys with him (perspective sentence)."""
5722,(Solomon tells us that we have limited time on this earth.
5723,"What I need to do now is seek God’s will, follow God’s leadership, and submit to God’s sovereignty."
5724,"“Knowledge is a single point, but the ignorant have multiplied it.”"
5725,"So the truth was established, and abolished was what they were doing."
5726,"[166] There are, for example, three military judges for the whole of South Kivu."
5727,Why that is the number right after 1728.’’
5728,"In this international assembly, you can truly be instruments of peace by being messengers of truth."
5729,No wonder we had to wait for computers to be invented!)
5730,Whoever comes to Rio will not be safe.”
5731,Are you capable of leading a nation (Democracy 3)?
5732,I also hope that #31 will get this deserved title!”
5733,"Despite this problem, we are very happy to come back to Argentina with two cars in good shape."
5734,Takamba: The North needs so many things.
5735,Mind/Body comes to you.
5736,"And Odette answered, ‘Nothing is impossible to the eye of a friend.’"
5737,"The earth is full of your productions."""
5738,Put everything in the hands of the Mother of God.”
5739,Put everything in the hands of the Mother of God.”
5740,"Because, you become a master, a rabbi, only in the fifth initiation."
5741,"If the sky and the sea are as black as ink,"
5742,"If I be God's Prophet, He will manifest it now."
5743,It is a nightmare to play against him.”
5744,"We don’t know why they aren’t sold outside of the People’s Republic of China, but ..."
5745,"God’s true gospel must first of all be preached to all the peoples of the earth in order that all men may fear God and render to Him glory and worship (verses 6 and 7),"
5746,"But on the contrary, he belied (this Qur'an and the Message of Muhammad) and turned away!"
5747,A person’s sexuality belongs in [the] private [sphere].
5748,"An overwhelming gratefulness shall bring forth the action necessary, for it said, ""God loves a grateful heart""."
5749,"In the end, I think they will agree that Japan will increase their payments, but not four times."
5750,"Though we are sad about our children, we know it is Allah’s will."
5751,“What you do after you create your content is what truly counts.”
5752,Anna hopes to hear if she won by Thanksgiving.
5753,I need an American writer and I want him to be young.
5754,"He expected some kind of reward, just as you two now hope to be rewarded."
5755,"You have done a foolish thing, and from now on you will continue to have wars."""
5756,Then if God's ever called on the scene for a decision...
5757,"If we will not hear His Word, He sends us the prophets."
5758,"AS INDIVIDUALS, we want to watch our own volatility this week."
5759,"Then, list the scenes one by one, using your summary as a guide."
5760,Except that now you can also learn them from Mark Joyner.
5761,"Tom: It would be similar to that, but you would not understand our technology."
5762,"Save me a beer, brother, and a seat at the table.”"
5763,That's the day you separate yourself from God.
5764,Can one life and two hearts be saved?
5765,B : partly morally shocking for all;
5766,“I would like to commend China and the US for these two additional announcements.
5767,"Everything ripens at its time and becomes fruit at its' hour."""
5768,"the Jews because of what he, or Oswald, or both of them, had done."""
5769,You have no sovereignty where we gather.”
5770,You have no sovereignty where we gather.”
5771,"Does it also tell him that, like so many other creatures in the past, his role is finished?"
5772,“Know ye not why We created you all from the same dust?
5773,“Know ye not why We created you all from the same dust?
5774,"On this Friday, we need to know whether they want to buy David Beckham or not.”"
5775,"- What do you expect from us in this case, vampire ? asked Anos at last."
5776,Some people can change the world...and that was what Dr. Robert Lado did!
5777,"They should give us a chance and they should believe in us."""
5778,The Turks say that they must punish me wherever I am; the danger is very serious.
5779,Who are we to argue with God’s Word concerning what Jesus did or did not say?
5780,– (Now you have no doubt that this is a product for couples)
5781,"God’s words are correct, they are the truth and I acknowledge them."
5782,"There is no power greater than a community discovering what it cares about."""
5783,"And if they do not have the first, the other two will kill you.”"
5784,"""I don't see any change and in some aspects I think he's worse than former President Bush."
5785,It thus acts as a virus and should have reached other countries.
5786,"At Daniel's request, too, his three friends received important promotions (ii)."
5787,"But in this affair I totally trust my brother""."
5788,"It might be better than living here as an outcast from my own family."""
5789,They listed these people: 28 suspect.
5790,“I also think it was because he saw what had happened to Brian.
5791,And they want to send you a present - a song of thank-you from the Libyan people.”
5792,I remember now —the new creature uses it.
5793,"and Savior, to give repentance to Israel and forgiveness of sins."""
5794,"“They [Al Jazeera] know they are under the microscope, and want to be taken seriously."
5795,"Notice that the verses say that the people are rebellious and lying, and will not listen to God’s Law."
5796,"David: Do we need to have faith in anything, Papaji?"
5797,Don’t spend 45 minutes on Facebook talking to Rick.
5798,Ukraine will become the second Belarus or even worse.
5799,"Fortunately, the market today offers us alternatives to the Prophet-5."
5800,"On the day when you no longer burn with love, many will die of the cold."""
5801,He will lie down with you tonight in exchange for your son’s mandrakes.”
5802,"Bring us another monster by whatever name, he will suffer the same consequences.”"
5803,"In examining it, you will say, ""yes, a little pride""."
5804,He hopes to add a fourth to that list in Rio!
5805,Or that a young black American president would do exactly what the Russians did all those years ago?
5806,"Operating now since 1996, we also guarantee the highest levels of banking security available in the United States!"
5807,(Smiling) You have the capability and (quite frankly) you have already begun this process.
5808,"I am a sinful and unworthy woman, though I am guarded by holy Baptism."""
5809,"I hope that these words are still true in a million years :), Armand"
5810,It will be ten thousand degrees on the earth.
5811,"Remember what we said about becoming a true professional after you've done anything for 10,000 hours?"
5812,"“They have four major tasks to perform, and David and Anne are going to be all over the space station.”"
5813,“When the Canadian media started to ask – is this a problem in our country?
5814,He was God even while here on earth; I am but a man.
5815,"We are growing, grow with us! thg offers you much more than a job"
5816,"When 444 shows up, it’s time to create stability in your life."
5817,She recommended SANON or COSA.
5818,"“Apparently, the first will be those who do not even have Ukrainian passports."
5819,"How many is there present now that would like to come forward and--and give their hearts to the Lord Jesus."""
5820,Tom knew just what to say to a father like Mr Greenleaf.
5821,"But there are thirty, and they live in peace and happiness."""
5822,Everything you love about .NET Core will continue to exist:
5823,"The very Creator, that created the winds and the waves, was in Him."
5824,Ask what Tom Cruise can — and will — do for you.
5825,Sometimes a glass of wine is the only answer: 13 percent
5826,"Therefore, pursuing the truth to become a person who loves God is the true object of God’s chosen ones."
5827,10 They will drink the wine of God’s anger.
5828,"Instead, Europeans laughed at him and his 14 Points."
5829,The latter have sought to walk in the truth of God's original thought for the Assembly while waiting for its full realisation in glory.
5830,"Lord God, do a miracle among Muslims this week."
5831,The whole country was sure: with Castro comes peace.
5832,"And as soon as we received it, we were tasked with spreading it by being “a light unto nations.”"
5833,"""Tell everybody why you was on FaceTime when he killed Stephanie and himself."
5834,"In the first Life Is Strange, you were just making choices for Max."
5835,"Only then will God’s management plan to save mankind be totally finished, and God’s great work shall be accomplished."
5836,"“Han Yu, your position will be at the back of the formation."
5837,I also have a name now: poor Boy!
5838,37:110 Thus indeed do We reward those who do right.
5839,His mercy’s from age to age on those who fear him.
5840,What Europe could have expected from a new administration was therefore quite simple.
5841,• You have a functional role and a regional role at the same time
5842,We hope for the day when the Fakhris forgive Hossein.”
5843,Each woman was (generally) respected for their decisions.
5844,"Say, this is the One Who hath glorified the Son and hath exalted His Cause."
5845,"Pizza, Protected by Parliament!"
5846,"You are all engineers and scientists, and you have 54 years to solve these problems.”"
5847,"Did you know that if you tell us why and share, you can win a weekend in Barcelona?"
5848,"This should be man’s unshakable faith in himself, because God dwells in him.”"
5849,We rejoice that the truth about God and His Son was given recognition in such a public forum.
5850,"Perhaps, but scenarios exist in which Hamas gains."
5851,This can help when Jane or Stacy begin an investigation.
5852,Yet another painful reckoning with the conscience of mankind.”
5853,"Additionally, colonel 122 joined us."
5854,"(Naturally, I prefer unilateral free trade in this regard.)"
5855,"Or you can join the Wizards with us, who have already chosen the number 27."
5856,One talks behind your back; everyone wants to take the wife of another.”
5857,"Call us crazy, but we want to eat at least 20."
5858,– A vote that seemed unnecessary and ineffective to the elector:
5859,He will be a child of light.”
5860,"You have not asked to be healed, but I know the desire of your heart and the faith of your soul.”"
5861,But 10 per cent of women have the disease — so why do I have to explain what it is?
5862,"""One of your agents killed James when you acquired me."
5863,I don’t know who wants to start; Claude?
5864,"But remove the satisfaction, and the act becomes hollow.”"
5865,by the sacrifice of God's Son.
5866,#8 There’s no you in his future.
5867,“How did he get a 170 on his LSAT?”
5868,"Francis’ response is exact and clear: there is no chastisement, rather, this soul is annihilated.”"
5869,(L) And they interfered with the system!
5870,"Abraham said, ""Now when--when are we going to get this baby?"""
5871,"Only then will be we able to know what they have to say."""
5872,Nostradamus said: “the rich would die many times over.”
5873,"No, the Earth is under my protection, Loki."""
5874,"In this story, we come to our Père Jacques: he is part of this chain of martyrs."
5875,But what don't you understand when I say 46 mm?
5876,"If you believe he is God's Son,"
5877,"And you take this gift to the peoples of the world."""
5878,"And you take this gift to the peoples of the world."""
5879,"Remember also, there is no shorter or truer path than the one of obedience."""
5880,She said she would be fine with $20 this time if I can “help” her too.
5881,She said she would be fine with $20 this time if I can “help” her too.
5882,"That is precisely what an Israeli company, New CO2 Fuels , proposes to do."
5883,"When I Come as the King of Mercy, Not One Soul Will Be Left in Any Doubt as to who I Am and What I Am"
5884,"When I come as the King of Mercy, not one soul will be left in any doubt as to Who I Am and What I Am"
5885,"85 Oh, you know, the great things."
5886,"Neither in opposition, nor in majority - 36/131 deputies."
5887,"And none of them were cleansed, but only Naaman the Syrian.”"
5888,"I give you a lot of my time, I expect something in return."""
5889,"“As long as §278a exists, there will be protests!"
5890,We know these things by faith in God’s Word.
5891,One female teacher brought [to class] a mannequin [that looked like a dead body] and washed it before the schoolgirls.
5892,Nor do we believe that this money has been repatriated to Argentina.
5893,That’s really what Slow Money means: a long process controlled by the community.
5894,"Second, we need to know how many people reach 110 in the first place."
5895,Today – I can’t believe it – but today the Governor spoke of three million.
5896,"I said no (for now), but they are watching."
5897,Before the days of Moses there was no nation on earth known as God's particular nation.
5898,"I couldn’t remember what Tom had done, or even if my father had a reason."
5899,"It was, however, longer (L/52)."
5900,Good News: You baptized seven people today in the river.
5901,(26a) Member States should be encouraged to cooperate with one another on a regional basis.
5902,"-d, --difficulty display only activities with this difficulty level."
5903,"“While a barrier separated her from them, we sent to her our Spirit."
5904,"Our task is not to gather this year, let’s say, a million people around us."
5905,(10) The earth is round (spherical).
5906,"But ethics approval was obtained in 26 countries, so I must be missing something."
5907,“I think a truly harmonised Common European Asylum System will not happen.
5908,Any options that follow -D will have their usual effect.
5909,"“Say, this is the One Who hath glorified the Son and hath exalted His Cause."
5910,(T) They are in all densities...
5911,God did not create this country to be a nation of followers.”
5912,"And, of course, as with any major life event, [the engagement would have affected her.]”"
5913,"It is not enough to accept him as our personal savior or to say to him “Lord, Lord.”"
5914,So he named him Israel.”
5915,470 when they withdrew from Europe.
5916,Let us relocate you with 100% Legal *Work in Europe!.
5917,"‘And yet, what they are looking for could be found in a single rose or a little water.’"
5918,"He attributed everything to the Father: word, wisdom, and works."
5919,You can only prove God’s ways – His truths – by obeying and living them.
5920,"In those 12 weeks, I can maintain high energy."
5921,"In the first six months, generally avoid swimming - this is recommended by experts,"
5922,"Why then do they steal from the poor, and then say that the Lord has blessed them?"
5923,You will eat most of your meals with one hand: 33 percent
5924,-- “Lack of effective investigation” comes in 5th place with 412 violations.
5925,"“With words and actions, better angels emerged then."
5926,"We have declared him wanted because he severed the left hand of his girlfriend,” ASP Tetteh said."
5927,"We have declared him wanted because he severed the left hand of his girlfriend,” ASP Tetteh said."
5928,"We have declared him wanted because he severed the left hand of his girlfriend,” ASP Tetteh said."
5929,“I wanted to thank this Nazi doctor.
5930,The (proper) way the family is considered in Jordan.
5931,Submit your ideas to the European Commission and 200 investors
5932,"Why they enlisted war criminals, Stalin and one third of Europe"
5933,I swear to God this month.
5934,"And I know where you live, with whom you live, and what you are doing.”"
5935,Does anyone possess mercy and tolerance like God’s?
5936,"The prophecy for that day, the Word that's to be fulfilled in that day, come to that man, and He is that living Word for that day."
5937,"Today He is living with a group of filthy, lowly people."
5938,"And I do not know if they believe he does, these two who are waiting for him.”"
5939,"The Israelites were unable to meet Pharaoh's new demands, and were viciously beaten as a result."
5940,"In fact, 2,000 words or more should really be your new minimum these days."
5941,7; And David and Abishai came to the people by night.
5942,His mercy’s from age to age on those who fear him.
5943,(He accuses God's people.)
5944,"Today, though, only one state — Montana — continues to require blood tests."
5945,"When his mother could hide him no longer, what did she do with Moses?"
5946,"I wanted to see how well it could replace my E90, for example."
5947,Consider it a seven—and call it progress.
5948,(L) Maybe the heads of these other countries are all like George Bush.
5949,The potential of these countries as suppliers is questioned by Moscow.
5950,“We are God’s people; we are God’s holy mountain.”
5951,"I can easily afford it, even if I earn almost half [of Maude’s salary].”"
5952,"And in my opinion, he is redeemed in Infinity War.”"
5953,We help them know Jesus”.
5954,Good News: You baptised seven people today in the river.
5955,How can you be Mrs Keyet when I am still Mrs Keyet?
5956,"""He who conquers himself is greater than he who taketh a city."""
5957,"This recommendation is in accordance with the contracts entered on May 2, 2012 (the ""JPMorgan Contracts"")."
5958,"‘In any case, you know we have a big project in Kuwait."
5959,"Then in September, 1987 we stumbled upon what may or may not be the same pyramid."
5960,"If I get Greek citizenship, does the rest of my family get it too?"
5961,Especially when it comes to God's Word.
5962,"“But we do not believe this, because we have little faith”."
5963,"“But we do not believe this, because we have little faith”."
5964,A first hotel in Beijing will be equipped with these new technologies.
5965,Q: You know that your work in the UK was thrown back at you as a critique in Washington.
5966,"In this life, no one can fulfill his desire; nothing created can ever satisfy the human being’s desire."
5967,"In this life, no one can fulfill his desire; nothing created can ever satisfy the human being’s desire."
5968,"2:11), it is only through God’s help that you can be an exception."
5969,"But if I want, I can make you an Haut Brion 90."
5970,"The life in this world is, at best, a passing life; the life that the Lord gives is ""eternal""."
5971,"If we look at who has ratified it, it is the European Union."
5972,[1] Though they ignore the microeconomic perspective.
5973,Vielleicht ;) The second week of my intensive german class is over.
5974,They may tell you how they killed our relatives.”
5975,The situation with Israel and the Middle East will now be altered permanently unless I am missing something?
5976,That will mean that his future wife will not see this cliché also happen.
5977,PV13 will be your chance to rebuild a devastated world.
5978,"However for a document 1429, It is designated as a new source."
5979,"But I am not a banker anymore, and God knows what sort of new rules and requirements they have now."
5980,"Above, an extract from the report: “But this 142 is a normal car!"
5981,142 Operation JOIN or SUBST impossible now.
5982,“The events of July 22 have also shown that we have a common force.
5983,Does it aspire to subordinate other nations?
5984,"Or you can join the Wizards with us, who have already chosen the number 27."
5985,"Did you know that your prayer also assists the other 5,230 members of the Confraternity?"
5986,At least the British Council paid him 30 guineas even if they did not publish it!”
5987,These instruments should be installed or improved in 121 reactors.
5988,"If yes, you can talk about Oklahoma all night!"
5989,"We like to say ""politics is life"" at Simpson College."
5990,In every trouble we should first seek to realize God’s presence with us.
5991,“Each of our 1.4 million members is different.
5992,"No fear, you can use Campus Angels as well for this."
5993,Time will show which of us – Frank Sellers or myself – is right.
5994,"They will tell you that if you kill one of the other three people in the room, they will release you."
5995,It is very interesting because on December 25th people share food.
5996,"Do not fall into the snares of Satan: this moment, this instant is decisive."
5997,"And you never know, some doors may open wide that you thought would hit you in the nose.”"
5998,It’s possible Washington himself sat there!
5999,"“Finally, after so many years, Africans and Europeans understood the importance of the project."
6000,"When you say, “go,” the children have to find as many gold coins as they can."
6001,"(Prior to 1995, the Internet was strictly non-commercial)."
6002,"So the Lord can add, ""I have many things to say and to judge of you""."
6003,"Kennedy’s reforms were, and could only be, half-measures."
6004,Which means I have to answer again to the questions “Until South Africa?
6005,GA: That would be like Documenta 11 in Kassel!
6006,- 8 CAFPI commitments to clearly define our relationship.
6007,"We’ve got the answers you’re looking for – after all, we’ve been to hundreds of funerals."
6008,"Then, the Arabs will suddenly and miraculously recognize peace."
6009,"However, Turkey increased its number of diplomatic missions to 239 recently."
6010,What can I expect from Esper - Make You Live Again?
6011,"I found, among other things, that 23 July is very closely associated with that star."
6012,"""These are people who thought a lot about religion,"" he said."
6013,"I know that that's Him; a Light coming down from Heaven and going upon Him."""
6014,In fact we have seen this movie so many times now that we all should be prepared for the same ending with Syria and Iran.
6015,Satisfy Your Thirst for Fishing ? 3 Parts to the Fishing Cocktail
6016,"Said, ""This is like the patriarchs when they gathered with their people."""
6017,"232 Now, I take every spirit..."
6018,"Every doctrine has its measure, time and age.”"
6019,He came from glory into the world; that’s the incarnation.
6020,J – That is precisely where the Boutique gives a very valuable service:
6021,Did George W. Bush know that these devastating disasters were going to happen that day?
6022,“I don’t know how they are going to answer to the great Iranian nation.
6023,"""Yes, such a proposal from the president of Venezuela exists."
6024,I hope there’s not a Brother Jones here this morning.
6025,"In experiencing the judgment by Almighty God’s word, we truly witness the appearance of God."
6026,“I will not accept two states within Israel.
6027,"I really can do this” for over 250,000 online entrepreneurs."
6028,"We have 500 channels, and all you watch is HBO Family?"
6029,"Sullivan: In other words, do you use social signals?"
6030,MURRAY: Michael was offered initially 10 shows.
6031,31 May 2005 The Double Six can be proud to have such beautiful children!
6032,"Satan counterfeits everything I do, and so he shall do it again."
6033,"""But by end of the century, yeah, Elon Musk is right."
6034,"None shall escape the sword of the Lord."""
6035,"25 And tonight, so many people can believe God."
6036,Ask the people who were horribly burned.
6037,Moses will be their accuser.
6038,"Say: ""The Truth has come."
6039,But eventually he will hold a greater command over her.
6040,In this song i say fuck 93 times
6041,Why do men not believe hell is real?
6042,"""After 2009, I see myself in a top team."
6043,And we have a long tradition of that in this country.”
6044,And satisfaction for me : he too was already programmed naturally to 432 !
6045,"Thanks, Ronald, but I’ve already talked to enough clowns tonight."
6046,"What I ask you is not to touch my brothers."""
6047,I feel like I’m a 6 with Azerbaijan.
6048,How come this data was never shown to Dr. Alexandra Morton for example?
6049,"I deserve better than that and I should play every game."""
6050,"Thus, the dwelling place of the black man was no more found amongst men."
6051,"In this respect, the signature, on February 11, of the Strategic Partnering Agreement with Australia is particularly important.”"
6052,The death of at least 301 of our brothers is a crime against the international working class.
6053,"No, but criminals should lose many of these rights"
6054,"E-264 Some will believe for a little while, like the disciples."
6055,"At least the British Council paid him 30 guineas even if they did not publish it!"""
6056,We will see what my wife says after my fourth Olympics.
6057,"In Chechnya, they will answer for them!"
6058,I could name 40 countries / areas where this has had catastrophic consequences for nonMuslims.
6059,"""Viva"" - also produced in India."
6060,"But from the very beginning, only a hero named Leonardo will be available."
6061,David: Did you have some sort of container with you for samples?
6062,"15 years ago, whatever you did in the Internet field could make you millions."
6063,But those who are in the truth will be perfect when all the truth is revealed.
6064,But those who are in the truth will be perfect when all the truth is revealed.
6065,"When, apart from isolation, you create your own microclimate:"
6066,"The Muslims will pray behind him."""
6067,Him and his house could be saved by doing the same thing.
6068,"He said, ""The bishop wants to know."""
6069,"161 Father, they're in Your hands."
6070,"[“Right now], our voice as young Arabs has no impact.”"
6071,"Who knew this, that, first, and fourteenth could all be used as adjectives!"
6072,"Remember this, and earth and Heaven are one."
6073,[-] Desmond Miles is not your problem.
6074,"Indeed, Muse’s live performances need to be seen to be believed!"
6075,"If his wife so requests, law mandates that he must brush his teeth."""
6076,1992 - The World Bank became operational in this year.
6077,"We are supposed to seek, and seek again, each time coming to a deeper understanding.”"
6078,1.i feel advanced exercises so easy compared to 2nd stage.why?
6079,"“I am sure, and the Russian authorities can also be sure that 90% of the Armenians in Russia support us."
6080,You Are What You Think: 365...
6081,"Altogether, we had enough money to buy 70, I would say."
6082,"“In Italy and Spain you must win something in the first year, sometimes in the first week.”"
6083,"When this age of grace ends, we shall see God's saints completely delivered, and their oppressors completely judged."
6084,"(Joe) Well, they keep answering... [laughter] So there were two shooters in the room."
6085,"G: Well, I killed my own daughter?"
6086,"Have you thought about God’s patience, the patience He has with each one of us?"
6087,"A lot of those concerns will be extinguished by Joker 2, though."
6088,"Something that his 17 years of experience, also at European level, will certainly help him with."
6089,"In this season of apostasy, allow Me, your Heavenly Mother, to protect you from the loss of your faith.”"
6090,"But your people rejected it, though it is the Truth."
6091,And… Very cold as all japanese houses I visited so far.
6092,And satan was the one who said his name 24 times.
6093,It’s important to remember that most work that you can do in Cambodia could be done as well or better by a Cambodian.
6094,Can it be said that each of us make up 1/70th of economic diplomacy?
6095,"Go ahead, young lady, with what you have on the defence industry."
6096,“(Bush) clearly feared a nuclear situation.
6097,And they are immortal inasmuch as they are able to move in time itself without any immortal pretentiousness.”
6098,"Minimum translation, I think 10 rubles, it will be welcome!"
6099,"Gao has told us more than once, our nation now has hope."
6100,"But, she added, ""they ended up losing control of the label when their peers turned it against them""."
6101,"""Uno-san is here because I have a request for her afterwards."
6102,"More important, this time he had bought a very sick bank."
6103,“Will you prepare me for [269r] receiving Extreme Unction?
6104,E-183 I know there is a lot of fanaticism in the world.
6105,"Obviously they did not like them in Ireland, the supposed protagonist of the negotiation."
6106,"The rose for one day, and you forever."""
6107,"I swear by this land,"
6108,"Encourage him, for he shall cause Israel to inherit it'."""
6109,"And when they combined in the queen's chamber, they created hydrogen."
6110,"Crimea was occupied, so we have 19 million."
6111,And we can't believe God for twenty-five minutes.
6112,"He was brought to the clan's house and the Chief told him, ""You are a member of the PADESM and you have to be judged."""
6113,Turkey: We can’t be excluded from Mediterranean resources
6114,There are certain things that should not be found in the life of God’s children.
6115,It is not what the Mother desires and it is not what your souls desire.
6116,If he had told me San Francisco rather than
6117,The future of a more sustainable planet can start with your government and Ricoh.
6118,My priestly robe will protect me from the perils of the night.’
6119,"James: Well, it started because David was a wonderful guy who was, you know,"
6120,“We stand a little to the traditional position of the United Nations once again at this level.
6121,That is why we can come here today with Quan Yin and say that you are in a safe energy now.
6122,"But is Sweden, with its one and a half Chinese, still so different today?"
6123,"Once the prophet has received revelation, he must enter into intercession."
6124,Wrongly naming a thing is to add to the misery of this world.’
6125,"Although prostitution is sinful, prostitutes are not beyond God’s scope of forgiveness."
6126,"But, for God's sake, in any direction other than spirituality.""[5]"
6127,"So tell me, now, 1915; explain three easy things."
6128,Few of My bondmen are thankful.”
6129,I did not see you fasting in any month as you do in the month of Shaban”.
6130,Why Robin Williams was a significant part of my life >>
6131,"Some believe, including in Russia, that we must have a base there."
6132,On this point the European directive governing the issue (94/19/EC) is perfectly clear: no!
6133,"The earth hears you, the sky and wood-mountain see you."
6134,"""I think they have already conquered (the Asian wall)."
6135,"This is a woman’s resolve; as for men, they may live and be slaves“."
6136,"“Now when Ishtar had gone down into the land of no return,"
6137,"In examining it, you will say, “yes, a little pride”."
6138,I could name 40 countries / areas where this has had catastrophic consequences for non-Muslims.
6139,"E-61 Seeds of Abraham, can't you see this is your hour?"
6140,"Currently, through its 1867 members,"
6141,May the Lord accompany them with the light and strength of His Spirit.”
6142,• Are you a researcher who has been affected in some way by COVID-19?
6143,We want to keep emission as low as possible during COY13: Together we can do it!
6144,"Y: But , when the Truth has come to them from Ourselves, they say,"
6145,Sema and semema What is it?
6146,"But the truth will [come] out, and it's changing her."
6147,“We have known since 2007 that the city is vulnerable.
6148,Then I told [name withheld] that they were lying so she calmed down.
6149,“We just want freedom and five demands.
6150,37.1) and many fathers took this view.
6151,"On the day when you no longer burn with love, many will die of the cold."""
6152,"""The new generation wants necessarily computers."""
6153,41. : In which region did we discover for the first time the approximation 355/113 ?
6154,"As such, it is to be considered as a monument."""
6155,"But, then, ""the things which are not seen,"" what were they?"
6156,"Those who fight the truth, fight themselves."
6157,"He accused us of being jealous of him because he is doing the will of God,"" the brother told Vanguard."
6158,Anywhere that needs to be treated can be with this spray!
6159,"but rather, “I have found a truth.”"
6160,"It is alive in me, in the guys, and it is alive inside all of you.”"
6161,"Mr. Oliver: Yes, we are talking about a two-year eligibility period."
6162,"Whatever you do, say ‘yes’, especially to the two national treasures."
6163,"-d, --difficulty display only activities with this difficulty level."
6164,But what if Tom can’t pay? 20 years of work and saving will be lost.
6165,The One in the Water/Why Did You Say That?/Katie's Secret
6166,Your baby will have better cosmetics and clothes than you do: 23 percent
6167,"We had to decide, yes, we will do this in 60fps."
6168,Abraham's Seed holds to that Word and nothing else.
6169,You deserved better—a lot bette—from us last week.
6170,And what is the Beast's reward in the end?
6171,Place the truth with him wherever he turns.”
6172,How and when Formlabs Form 2 provided the most support
6173,“I hope no Norwegian blondes have been murdered?”
6174,"Like the president of the Community of Madrid, we are sure that this initiative will save many lives."
6175,"""Please tell me why you and your soldiers are out looking for me again."
6176,And your poetry will now be written with blood.”
6177,You should also make life more interesting for Kitty in general.
6178,You have a deadly enemy.”
6179,Blessed are they who go through moments of indecision.”
6180,Place the truth with him wherever he turns.”
6181,This means that in God’s due time all will be awakened from the sleep of death.
6182,Or they could pick one and make an example of them.
6183,"(iii)your domain name has been registered and is being used in bad faith."""
6184,This is the exact nature of the internet (and its access) when we are talking about China.
6185,"We can help you get started, just like we have done for over 500,000 Canadian families."
6186,"‘Oh, there must be another hospital for me."
6187,"There will be a rabbi, a Muslim, and myself."
6188,So let’s get to it because these are 25 Things That Are Probably A Trap!
6189,"Indeed, Pedro will become a great voice of Portugal."
6190,"Certainly, the first Fitnah that started between the Children of Israel, is the Fitnah with women.”"
6191,"Certainly, the first Fitnah that started between the Children of Israel, is the Fitnah with women.”"
6192,He's tried his best to do something a little better than what God did it then.
6193,But under no circumstances will we render to Caesar what is God’s.”[1]
6194,"You will find Me in suffering, Me and Mary, whom you love so much."""
6195,"1 – First there is no near continent with which wars would be possible,"
6196,"Others continue their existential dance,"
6197,The laying down of God's greater BODY CELLS began with Adam and Eve.
6198,"But the gold is very well hidden, One of the pirates..."
6199,"You should not say, ‘I know what Zen is,’ or ‘I have attained enlightenment.’"
6200,(11 March 2019) - There is a need for 400.000 safe and secure parking spaces in the EU.
6201,knowing what must be done does away with fear.”
6202,This is likely why Q has been totally silent since October 9th:
6203,I want – as the saint women – to kiss your feet.
6204,"And then finally, we have this example which comes from Madrid,"
6205,(it’s the old Israeli joke again: Can you keep a wolf and a lamb together?
6206,E-185 You got my Message on The Three Types Of Believers.
6207,"I was sure they wouldn’t kill like they did in January 2007,[47] but I was wrong."
6208,"Moreover, such words and attempts can split Europe itself."
6209,He is the one who does not guard his womenfolk jealously.”
6210,They had only associated themselves with God's Church for a season.
6211,"Indeed, His promise is truth personified and shall come to pass."
6212,"11 He that shall touch this man's wife, shall surely be put to death."
6213,(Perhaps David's plan is too obvious?
6214,"[Otherwise,] I would have needed a car; I would have had to pay transportation.[158]"
6215,Steve: I wasn't saying you've slept with 28% of American men.
6216,I would have married any one of them with pleasure.”
6217,“Joseph had written something after they spoke a little bit.
6218,"Abu Sufyan added, “Other than the last sentence, I could not say anything against him.”"
6219,"He kept watching it day after day, until one morning he went out, and there was two little blades growing up."""
6220,That’s our first of 13 reasons you should eat like an Israeli.
6221,That’s our first of 13 reasons you should eat like an Israeli.
6222,"""Yes, I also incorporate my dreams with the real liberation of Haiti."
6223,We believe in our nuclear industry and the great contribution it has already done.
6224,"Rick Davies: Well, I mean how far back are we going, 1983?"
6225,"Now can he say with God, “This is my beloved Son, created perfect and forever so”."
6226,For 246 years this barbaric trade took place on sites like this.”
6227,a: Thank you for creating new programs for youth despite a lack of funding!
6228,Most of us are like Jack: we want more than one thing at once.
6229,Let me this day have faith in Him Who says I am God’s Son.
6230,"When you are far off, you become a target of God's enemy."
6231,ABE: So you are now able to exist in another reality?
6232,Roy had a good discussion with number 30.
6233,"This is the plan of God’s work, and this is His management.”"
6234,Three little pigs are almost the national idea of ​​Russia.
6235,(a) if my daughter [S.A.] survives me:
6236,Q: (Perceval) Something in the universe didn't like those two houses.
6237,What did Cain do when he resisted God’s will?
6238,They (HUD) gave it to us for public housing.
6239,Our command becomes the Eagle's command and that point is fixated at that spot.
6240,It was done in 350 days - in an American laboratory.
6241,"It is not rare, after 65 years, to see them return every week."
6242,"O people of the dawn, do not doubt."
6243,Google also collects the data listed under 6.8 2).
6244,"Though Satan was created perfect, he rebelled."
6245,Dawn would like to assist her son Robert today and in the long term.
6246,They will determine what is The Truth and what is a lie.
6247,But they’re here now; you’re not going to move populations of four million.
6248,You just said that we're losing our protection at a very dangerous period here...
6249,Assuredly it is necessary that you do something for the love of God.’
6250,Assuredly it is necessary that you do something for the love of God.’
6251,Assuredly it is necessary that you do something for the love of God.’
6252,"(This appears to be a military action, DIA."
6253,"You will be robbed by Romanians, period."
6254,We should be able to save them from those culprits – the European Commission.
6255,Circa 1765 Nicholas needs another table.
6256,"In Baba Is You, though, the rules are anything but defined."
6257,[In Georgia] we are trying to be Europe – but we’re not.
6258,"""We have always been among the top 25 in this highly fragmented industry across Europe."
6259,I had no option since it was part of the rituals.”
6260,Pharaoh's magicians
6261,Pharaoh's magicians
6262,Only by living by God’s word do we have true happiness.”
6263,"""You know your revolutionists have sent their reply."
6264,"""He may already have informed Section 31 of his interrogation."""
6265," ""Without access to the EU single market, 360 million consumers would be lost!"""
6266,40.9 Employment and construction must have a strong Canadian component.
6267,I will fight alongside them until they reach the fullness of their age.”
6268,"But, there is also number 707 that we can recognize in 7070 and that we should take into consideration."
6269,Quinine IV is still recommended in some national protocols.
6270,"For, ""no one,"" it is said, ""durst from that day forth ask Him any more questions."""
6271,We all like to think our manuscript is one of these.
6272,But God’s Spirit prompted us to cancel them all.
6273,"Secondly, many people say: What has Iran ever done for the Palestinian cause?"
6274,Our condolences to anyone visiting Miami for Thanksgiving:
6275,34 Countries in Europe Make This Nightmare a Reality
6276,"“All these wars since 1990 are to do with politics and economics, aren’t they?"
6277,"In Rome tomorrow we’re going to continue talking about all this, and also in Brussels of course."
6278,The confidence (in the Swedish Academy) is so low in the rest of the world that we will not do it this year.
6279,Does anyone possess mercy and tolerance like God’s?
6280,"Thereafter he only made small digital films, or he worked outside of Iran."
6281,“I think they have already conquered (the Asian wall).
6282,They want me to do this difficult thing for them for three Nutrition Pills?
6283,But under no circumstances will we render to Caesar what is God’s.”[1]
6284,But under no circumstances will we render to Caesar what is God’s.”[1]
6285,But under no circumstances will we render to Caesar what is God’s.”[1]
6286,But under no circumstances will we render to Caesar what is God’s.”[1]
6287,"Last year, if I remember correctly, Ecuador left the Alliance."
6288,"I guess Johnson can have the world, I’ll take the web."
6289,Women call the ambulance too late – you know the pain
6290,"The interpreter turned to me and said, ""They want to know more."""
6291,"People do not question me!They listen and obey."""
6292,Some success stories : Life Bank and Project We Forgot
6293,"A: Actually, they have a name for the New World Order."
6294,"But remove the satisfaction, and the act becomes hollow.”"
6295,"On that day, or rather that night, a slave people came out to his new destiny to become what he is, that means the people of sons."
6296,"Then, the life I receive is resurrected life."
6297,Do not swear to “replace” what light source.
6298,"Surely, the King's promise must be fulfilled."
6299,"“Excellent, but we will have to change the nature of our explanation."
6300,« I have the obligation to speak [of the other Ukrainian prisoners].
6301,I was what they call a 90252.
6302,"And now more than ever, our heads of state had better be listening.”"
6303,"You talk to us of goodness, but Moses told us that we must kill her!”"
6304,"In other words, the athlete had become 30% faster to react!"
6305,"E-119 ""So, well, Abraham, I--I think you would--you would make a very good witness."""
6306,"And Odette answered, ‘Nothing is impossible to the eye of a friend.’"
6307,All those who seek her will not tire themselves; in her month they will find her.
6308,"'Know thou that when the Son of man yielded up His breath to God,"
6309,"What you are saying about Ishmael is not true."""
6310,"But beware, because Europe could experience tomorrow the same health crisis as Asia."
6311,I am more skeptical than ever of David Healy and his web site.”
6312,It does not matter where this volunteer or donor is at that moment.
6313,"But how to practically double something, for example, money?"
6314,94 Communism has to rise; these other things has to rise.
6315,Or I will not live [play] at all.” ⇒
6316,"Such a person does not fear death, and his will and power are amazing."""
6317,“[No … She would be killed [by the regime] immediately.”
6318,Kill or be killed – can you beat all 40 levels?
6319,E-9 I'm going to embarrass my wife.
6320,"The answer to “why 63,000” is because that is what God says it can be!"
6321,"“The pain,” he says, “was out of this world.”"
6322,If you don't do this then he lapses back into his old (bad) behaviour.
6323,Ireland’s third most popular beer (and I think we can trust the Irish!).
6324,I look forward to counting Greece among the countries that have ratified this important instrument!”
6325,"See, ""He made the world out of things that does not appear."""
6326,You are have done something that you are ashamed of or are not proud of.”
6327,Excellent flexibility… thanks to the fact that we are Belgians!
6328,And what security there was for the people in this promise.
6329,Which Section of form 039 must I complete (new applications)?
6330,"There are some really cool ideas that I’m dying to tell you, but that would be giving away a secret that is not even [fully] formed yet.”"
6331,how many potential buyers don’t become real and why.
6332,"Student: We must complete the three mountains for this, or no?"
6333,Blair’s speech seems to be the most balanced of all the speeches here.
6334,"But, as with Jonah, the Lord himself will lead us resolutely along the path which he has chosen for us.”"
6335,"stretched it out, and it was restored, healthy like the other."""
6336,"All the tribes of Libya, I repeat, present here."
6337,"Do you participate with the environment in anyway, at least like a baby?"
6338,But you see those books you just signed for my wife and my three daughters?”
6339,"He is the God who's returned in the last days, the God who will end this age."
6340,"11 How long wilt thou withdraw thy hand, and thy right hand?"
6341,Three months later / This crisis is because of immigrants.
6342,"EDITH: David, his beautiful wife, everybody does it."
6343,Those responsible will pay for them one day.”
6344,Inferno: To do it with the aid of the body is something essential?
6345,Their aim has been not to reform life but to know it.’
6346,My remains will be brought here according to God’s will.”
6347,"What she does during this month of June, using her last forces."
6348,"Let the friend and the enemy, even the mountains, know this to be the truth.”"
6349,"It is unbelievable! 3,150 people, human beings!"
6350,"Brothers, come, we need half a million people here.”"
6351,He lived a life perfectly in accordance with God’s will and then died innocently for all of our sins.
6352,John on his part opened the door to repentance beforehand; afterwards should come the judgment.
6353,• Specific rules apply to the use of certain types of weapons.71”
6354,"You have no idea how proud I am of my daughters who have all graduated."""
6355,Only then will you suddenly realize that God’s work of judgment has already concluded.”
6356,(Andromeda) We have missing members of our family that we need to find!
6357,Israel views the present Resolution (338) with all the gravity that is its due.
6358,ANDREW: What we would like to know is something of your natural history.
6359,"'To me, those are signs that the intention was to save the life of the sick or injured individual.'"
6360,(It certainly won’t be the first time an Avatar has been condemned!
6361,I hope that you do not also work for the foreigners and for the destruction of Romania.
6362,They could have established the horizontal foundation for God on the earth.
6363,"And the writing says, “Man and beast Thou preserves, O Lord.”"
6364,"Will: ""Nothing ever disturbs your circles, does it, Henry?"""
6365,"And yes, God’s spirit will have been instrumental in leading them to that point and beyond."
6366,"and all the virtures of man without his vices."""
6367,"E-75 (Are they all ready, Billy, everything?)"
6368,The life you lead conceals the light you are.”
6369,You do need to be comforted and sheltered from the harshness of this world.”
6370,"We are on the banks of the Molilamo."""
6371,"But to do so, should we not another Noah's Ark, human one, is built?"
6372,"But to do so, should we not another Noah's Ark, human one, is built?"
6373,"But to do so, should we not another Noah's Ark, human one, is built?"
6374,No one wants a war two weeks before elections – especially against Hezbollah.
6375,"If the Qur’an limits men to four wives, why did Muhammad have at least nine wives at one time?"
6376,# 7 She always lies about herself.
6377,"- Do not eat us, Kolobok, we will rewrite your apartment!"
6378,The Japanese did not burn their national library a year later.
6379,E-69 And when this lawyer goes out of town...
6380,"Malachi 4:1 ""Surely the day is coming; it will burn like a furnace."
6381,"You do not, therefore, transgress the law if you kill the wild beast to save your brother’s life."
6382,"But, she added, “they ended up losing control of the label when their peers turned it against them”."
6383,Before them Fornasetti had changed the decoration of the furniture but not the shape.
6384,"'They have been the best for me, even though I have defied all their science.'"
6385,"If it does not agree with God’s Word, it is a lie."
6386,"He accused us of being jealous of him because he is doing the will of God,"" the brother told Vanguard."
6387,Then I clarified the truth to him.
6388,"Are they finally, since it seems that the open pages of one of them are completely white?"
6389,"[...] yet the Great Pyramid should, in some way, indicate the full length of Israel's favor."
6390,"If you have more dreams than achievements, then you know that you are still young”."
6391,"So with Oreo, they did that."
6392,Today the promise of God's Word is kept.
6393,"Thank you Steve, you truly captured every smile with magic."
6394,Why we should all be a bit more Marion Kelly
6395,If it is then it is in very bad taste.”
6396,"How can you say good things, when out of the abundance of the heart speaketh the mouth."""
6397,"If Mokari removes from that village he will perish first, and thou, Ramosinii, wilt be the last to die."""
6398,"We’ve always tried to support our friends in Saudi Arabia, for example, and for very good reasons."
6399,"On Facebook, you can even choose the age."
6400,We do it because we believe and support Northern Colorado.
6401,"1:23 This is especially important in California,"
6402,"Then he was commanded to migrate, and later permission was given to fight.”"
6403,With our TEMPEST 430 it is possible.
6404,Because he loves this man as much as the 99 righteous.
6405,"Yes, we know – we also love the 5’s classic design, but its time has passed."
6406,"They went out from us (from the midst of the church)."""
6407,However next month (and next year) the growth will be visible and tangible.
6408,"In the future, YES and Georgia remained in hostile relations."
6409,In the future we will probably be using much safer donors – ourselves.
6410,What you will receive is more targeted traffic.”
6411,Do you have any information on who is after Danny on Hawaii Five-0 and why? —Sarah
6412,"""It is very likely that a second suspect also passed through Greece."
6413,"I have 666 demons beneath me serving me, can you not sense my magical power?」"
6414,"He didn’t obviously have the best match today against Novak, you know."
6415,Maybe you like your urls to be shorter than 23 words.
6416,"In the meantime, the prophet's words are applied to the believing remnant of the Jews."
6417,"And more recently working with Jimmy Ba,"
6418,"""But now [are they] many members, yet but one body."
6419,There was a great warmth and tolerance in this destitute setting.”
6420,And is it true that we had to betray our ally - Iran?
6421,"I don't know this CD or ""Waterfront View"" (2005)."
6422,What3words has a label for it.
6423,"Turning to the East, make a Pentagram (that of Earth) with the proper weapon."
6424,So you could be my guru on many points about Americans.
6425,"J.6.4 If children have nothing to fear, how can they be good?"
6426,"And one of them said, ""I seen that baby; I went by there this morning."
6427,We are supposed to transport him to Azerbaijan when that horrible day comes.
6428,Make Money today while you join me ( Mr Eric Mark) and other beneficiaries.
6429,How do I help others? – Culture shock 5
6430,(L) And also their participation in the virtual forum or church.
6431,I lost Martin and Olaf for the first time.
6432,"I did not see you fasting in any month as you do in the month of Shaban""."
6433,"“In 20 minutes, you can destroy any aircraft."
6434,"Part 4; If Iran is Attacked, will anyone Help?"
6435,But he is saved from this dilemma if he can forgive.
6436,"We prefer the Khmer names, because it is Cambodia, after all!"
6437,These 144.7 million euros could perhaps find a more cultural?
6438,"Image 60 - And finally, the invitation could not be missed, of course!"
6439,"Say, this is the One Who hath glorified the Son and hath exalted His Cause."
6440,The refrigerated truck used by the terrorist (Twitter).
6441,The government has a “911 fund” for these situations.
6442,We pray that earth will be made more like heaven through the observance of God’s will.
6443,"So coming down here, we can see best company 44."
6444,"“Mr. Johns, I don’t need to remind you that we are doing this for the good of the Federation."
6445,"No More Deaths and Disappearances!, which has been already signed by many different organizations."
6446,"And your Father's name is Jonas."""
6447,"No, they are not right,” he told IRIN."
6448,"One way or another, a face will be added to the hole.’ ”"
6449,That was the last gathering which the Prophet attended.
6450,"(Every day that I see you, or that I don't see you, the 48th forever!"
6451,89:6 Have you not considered how your Lord dealt with 'Aad –
6452,"In Canada, for example, a whole ministry deals with immigration, if I am not mistaken."
6453,Why not attack London directly on May 10?
6454,"When you say, “Heavenly Father,” do you really have a living and vibrant feeling of God’s presence?"
6455,It will also be useful if the woman does not have a natural lubricant;
6456,"“So, it [contact with the outside world] was very minimal for the first 13 years."
6457,"Just drinking a pint of water, three times a day, before your main meals may help reduce your weight.”"
6458,We start 2015 with a new series – How to Lose Weight.
6459,Only a call from a prophet caused us to leave Hawaii.
6460,Satan was highly unsuccessful in his attack upon God’s Church because of what God had fashioned and matured within us.
6461,That’s what the Son of God did to mankind.
6462,"one who loves and practices falsehood."""
6463,"“When seeing a stranger, we recognize in him a brother, then the day begins and the night comes to an end.”"
6464,But how much would the tunnel cost – or rather the tunnels – since it would probably be two parallel tunnels?
6465,In the city of God “there shall be no night.”
6466,How she behaved individually and then in partnership with Charles.
6467,That was never more necessary than right now.” 135 countries have signed the action plan.
6468,"No, not if these are God's children as well as ours."
6469,"However, S.K. says she does like to watch her own work from time to time."
6470,"And anyway, is there such a thing as “Number 1 in Google” these days?"
6471,Wouldn't it be your duty to contact the 2.9 million people?
6472,"But I’m here now, I guess, because I want those extra 45 days."
6473,The people of Lot rejected Our warning (54:33).
6474,We reject any tool used by Washington.
6475,"Johnny: Yeah, and that’s why we have six kids and I’ve had two vasectomies."
6476,Very satisfied or very funny as you say in Denmark!
6477,How to change the resolution in the COP 1.6 without going into the game
6478,"When we put our problems in God’s hands, He puts peace in our hearts."
6479,Your only concern should be to act according to God’s commandments in everything.
6480,"From then on, Satan’s heart was continually supplied to them."
6481,And in life there is no real safety except self-belief.”
6482,"And yes, innocence and joy are almost always waiting just outside that window."
6483,"This should be man’s unshakable faith in himself, because God dwells in him.”"
6484,I will write to him in a few weeks [CG no. 1103].
6485,"24 ""I found her and her people worshiping the sun besides Allah."
6486,“Don Jr. … Potentially the president himself.”
6487,We will all be killed … This is a call for international help.
6488,"What have I in heaven, and apart from you what want I upon earth?"
6489,"For many people, Margaret Thatcher’s resignation (and now her death) will be one of those moments that they will never forget."
6490,Umm Nidal: 'The Mother of The Shahids'
6491,"E-231 Finally, Martin himself wasn't..."
6492,"For thirty years, God was unable to fully use this man."
6493,Imagine what would have happened if Henry Ford only saw the small details.
6494,"covered their ears every time we mentioned the Saudis,” said former"
6495,And he gave us the Land of Israel.
6496,"(4) Such “slavery,” even among the Israelites, was not condemned:"
6497,"It is quite natural, then, that not only the Jews (Acts xxi."
6498,God is giving two last remedies to the world.
6499,E-306 You also have it in your blood.
6500,"[2:206] When he is told, “Observe GOD,” he becomes arrogantly indignant."
6501,"But nothing that he has said or done thus far in his pontificate has shocked me as much as his Message on World Day of Prayer for Creation."""
6502,[60] Only the New York delegates were unable to get revised instructions.
6503,'He that trusteth in his own heart is a fool ' (Prov.
6504,'He that trusteth in his own heart is a fool ' (Prov.
6505,"Doctor: Rose Tyler, I was going to take you to so many places."
6506,"To bring Jacob back to him, and that Israel should be gathered to him,"
6507,"“At first, three to five people were coming and taking a shower here."
6508,“People should be careful before thinking Chris is making decisions here.
6509,Courts were also active - 13% of repressions.
6510,You have no sovereignty where we gather.”
6511,Especially those most in need of thy mercy.”
6512,The nearest competitor? $77.
6513,"-And to celebrate these 41 years in the world of cooking, What would they eat?"
6514,“With only the best intentions I tried to help Novak.
6515,The past seven years have tested my understanding of my father’s lessons.”
6516,"Bear one another's burdens, and so fulfill the law of"
6517,How to Know God’s Work of Judgment and Chastisement in the Last Days
6518,"He accused us of being jealous of him because he is doing the will of God,"" the brother told Vanguard."
6519,Then ask whether he'd like a bandage or a kiss (or both).
6520,"Satan’s strategy is to strike first, yet in the end he loses everything."
6521,"In 1972, I published Women and Madness."
6522,Our governments might start looking into legislation like they did with the food industry.
6523,"Not only that, you almost always have to cover it up with new lies."
6524,54 years of action with and for young workers across the world!
6525,Richard : It's merely the name that I would like to give to this form of time.
6526,"on any of the 255 satellites, our service will show you"
6527,"Today, they have plans for Syria that, in my opinion, will fail too""."
6528,I thought all tourists are allowed in Namibia for three months?
6529,The past seven years have tested my understanding of my father’s lessons.”
6530,“Halloween should be much more about creativity than 1-800-Halloween.”
6531,"And the king said, If he is alone there is news in his mouth.”"
6532,Humans probably wouldn’t have progressed 1:21
6533,"You must accept that we are as real as you are; you must accept that you are not God."""
6534,"Others, however, may surprise you, like law four -- to always use humor."
6535,You can also damage your reputation with a drunken ego.”
6536,"They have a sad side, but also give me hope.”"
6537,Think of why you came to Australia and we include it all in these two days!
6538,"“If words come out of the heart, they will enter the heart, but if they come from the tongue, they will not pass beyond the ears.”"
6539,"""The funny thing about Billy Bob, everyone thinks he wants to kill you."
6540,"But as we will see later, only one of them continued the family."
6541,Those responsible will pay for them one day.”
6542,"We were more afraid of their style."""
6543,"Your time is fully and constructively occupied, my brother."
6544,“We still have experts who witnessed these drastic changes in Turkey.
6545,That is why they turn to Germany for another peace pact!
6546,Michael has chosen you as his and Gabriel shall teach you the ways.”
6547,"The answer will be different in First nation or in regions, you think?"
6548,A creature incapable of thus forming character would not be in God’s likeness.
6549,"As seen above, the light-producing mechanisms of creatures, too, are examples of the magnificence in Allah's creation."
6550,"Announce him of blood, this is their chariot."
6551,"“The pain,” he says, “was out of this world.”"
6552,A future of equality for all is possible in Palestine too.
6553,"And that darkness, and the battle that it will require grows in season three.”"
6554,"Even if your mouth does not say it, will they be able to see it?"
6555,"When he eats with poor people, he should give them preference over himself."
6556,"- No, not now… I want to remain with « them » and to support them."
6557,You do not deserve to be an MK… Our children also have human rights.”
6558,"No; but because the priest, on God's behalf, and by His authority told him so."
6559,This is not the case for 81 reactors in the EU.
6560,"He is a new man, never weary of spending himself in the service of God’s creation.”"
6561,We have the potential or embryo of these souls.
6562,"Still, nothing prevents the EU – one day – from having an ambitious Public Health programme."
6563,I am a European because of my little exchange.
6564,"""Not by Abel`s forgiveness,"
6565,And a harvest of justice is sown in peace for those who make peace.”
6566,"(Of these seven promises to Mary, five have already been literally fulfilled."
6567,"[""But, if not, let the Witness come.""]"
6568,"We very often forget, my dear friends, that Europe is the smallest continent."
6569,“Here is what people know about physics!
6570,"Never rub your eyes when they are red (45, 46)."
6571,"“I will encourage other men to do it, if they can afford it,” he added."
6572,It will sound funny but yes the third person now will have to leave the group.
6573,"The love of animals 2.0, that’s what we prepare."
6574,How to Know God’s Work of Judgment and Chastisement in the Last Days
6575,"And if there are those that say 'But we have seen evil beings', then we would ask you to ask them to look within themselves."
6576,"Thanks, this could maybe work in some parts of Somalia, I guess..."
6577,(Huyayy and Muhammad continue based on other Koran letter associations).
6578,And this time at Alba we'll have the pleasure to listen to them at 4 hands.
6579,"56:92 But if he was of the deniers [who were] astray,"
6580,July 2013 / I don’t know anymore if I want my future to be secure.
6581,EUROPE AND LANGUAGE RIGHTS: we must act in 2004!
6582,"“He may not have any food at home,” Aleem said."
6583,"God’s faithfulness has, however, belied us and has proved that all our fears were unjustified."
6584,"Hence, why we believe Assange will be taken more seriously this time."
6585,There is a grave mistake pervasive among God's children.
6586,"""Each is great in his own place, but the duty of the one is not the duty of the other."""
6587,I was not even a “Liberal” back during the Gomery hearings.
6588,"And our fathers was fed in the wilderness for forty years with manna."""
6589,Eat a ton – you can never have enough food in Barcelona
6590,"`This was war, and is war."
6591,"The battle is not between right and left; it is between us and them..."""
6592,"Without them, God knows what we would have been paid in Baltimore."
6593,"She shall continue to be his wife; he must not divorce her as long as he lives."""
6594,"We now come to Question No. 22 put by Mr Jessel, concerning European Music Year."
6595,From this gigantic shock came the Moon and our present Earth [1].
6596,"The first, as you know we invaded Iraq twice or we had 2 wars with Iraq."
6597,"Question 7: Well, you don’t have any free opposition in your country."
6598,Home / The police will soon be your cup of tea
6599,"No one has ever invoked Article 50, so yes, it would be unprecedented."
6600,If you knew my budget … a budget of a great city!
6601,"You can meet Satan, say, ""It's written."""
6602,"But Mrs. Market is helping, and right now she is sending us the Mother of all price signals."
6603,What had you to do with the sea – you might have been satisfied with the land!
6604,"send in my name, he shall teach you all things,"
6605,You could call that not a disease but an error of judgment.”
6606,"No, this happened because their hearts were closed to the action of God’s Spirit."
6607,My remains will be brought here according to God’s will.’
6608,"""I am sure they would take good care of the Indian contingent."
6609,“Take Care Of The Earth and She Will Take Care Of You.”
6610,They examined the response of these species (105 in total) to climate warming.
6611,"And, without control of the skies, U.S. ships and soldiers would be [highly] vulnerable.”"
6612,"1:37 Upon finding him, they said to him, “Everyone is looking for you.”"
6613,"It is in the sea, then the fish will go before you."
6614,"And should we sweat, we are told “Yes, life is a grave burden.”"
6615,I charge what I am worth; others can charge what they believe they are worth.”
6616,"[Yogi: But you are His, the manifestation of His power.]"
6617,3) We could make our own laws again
6618,3) We could make our own laws again
6619,We assure you that will surprise you and you can use +45 languages.
6620,Steve Kane: But you can exist online and you can exist on their technology.
6621,Wrongly naming a thing is to add to the misery of this world.’
6622,Wrongly naming a thing is to add to the misery of this world.’
6623,"""The media were fortunately more cautious in 1964."
6624,"The rose for one day, and you forever."""
6625,"And 35 years ago, you would have received this reply from E. B. White:"
6626,We exchanged our ‘yes’ in Bangor and we now passed the virus to our four children.
6627,Would 20 of the 53 be likely to take that personal risk?
6628,At least four Member States use them for military services.
6629,(Good Christians might not understand all of the issues.
6630,"For the most part, it is best to see Dr. Zimmerman right away."
6631,Prepare your youth without Jim
6632,How could each person kiss the Black Stone separately?
6633,"My prison walls cannot control the flight, the freedom of my soul.’”"
6634,China would have taken a century or more to reach its present level.
6635,"A vote, which Cameron will lose, seems inevitable."
6636,The Holy Scriptures reveal God’s purpose comprehensively and clearly.
6637,You know very well how Abraham served Lot.
6638,We wanted to see it even more than the 9 Mi.
6639,94 Communism has to rise; these other things has to rise.
6640,Argentina will need these resources in the future for its agricultural development.
6641,“However Eva seems to be able to capture most of these details well.
6642,It was Shabbos afternoon so they were coming out of [synagogue].
6643,"""Allah was and there was nothing with Him.He is now as He was."""
6644,Q: But why go to a public forum like 4chan?
6645,"Help me to be fully who I am."""
6646,This is not how you would make up a story about a false god.)
6647,"“No, it looks like Golden God discovered something."
6648,There were years and years of happiness and contentment among the angels while they and Lucifer obeyed every one of God's Laws.
6649,"He mentioned this was his second approach, I could call it Olaf 2.0."
6650,Cobra – People can read my blog in the next few weeks.
6651,"And Verse 31 says, ""Then their eyes were opened and they recognised Him."""
6652,The gathering of the armies is plainly visible from the standpoint of God’s Word.
6653,How His Rival Actually Helped Him
6654,"Thanks to God, I had everything I wanted (in Syria)."
6655,The Commission observes that the Bank of Greece only contacted four banks (115).
6656,Check and see; this may be true of the Credit Union in your area too.
6657,"Wait, and you will see another Zelensky."
6658,E-66 And something happened; I felt myself leaving this body.
6659,1 Europe needs its Forests
6660,Otto “was hungry” until they got millions of dollars from Uber.
6661,"After the 5th enlargement, the EU faced new bureaucratic challenges."
6662,"He had to do it, being sovereign, being one of the visages of He-who-returns."
6663,He's not a dead God; He's a living God working among us.
6664,Why a certain time of month I don't want to hold his hand
6665,I heard the new Emma 28 will be different?
6666,Today — I can’t believe it — but today the Governor spoke of three million.
6667,Do you know how lost and culture less you are?”
6668,"""I hear those numbers and I hear there's 15 million different stories in that."
6669,"You have changed; therefore, you will find us in a slightly different vibration."
6670,How to sustainably implement YAS! in the very long run.
6671,What can we learn from Google’s actions here that will help us on April 21 and beyond?
6672,They want to share the 69 weeks between them.
6673,"Knowing all of this now, see how foolish it is of mankind not to trust in Me.”"
6674,"No, this happened because their hearts were closed to the action of God’s Spirit."
6675,They have a message to transmit to you: You have 8 new messages.
6676,Wrongly naming a thing is to add to the misery of this world.’
6677,"Browning said, ""God's in his heaven and all's right with the world."""
6678,"There are no direct messages, so you will have to make 4 transplants."
6679,"And, in your face, haha!, we have nuclear weapons.'"""
6680,1 - you will find solitude in the future;
6681,We exist in God’s thoughts and in God’s love.
6682,"And you shall see your children's children, and peace be upon Israel."
6683,What do you prefer to eat tonight (we take his opinion into consideration)
6684,all the earth shall be devoured with the fire of My jealousy.
6685,"Nugent's (Lord) Memorials of Hampden, his Party, and Times."
6686,Will you celebrate it with the barboni (the homeless) once again as you did last year?
6687,"They are not born of Satan and are eligible directly for the Kingdom of God."""
6688,“Every app you use regularly on your phone owns the same [kinds of information].”
6689,Take care of your little brother.”
6690,"“(But) the truth is the truth, and the truth will come out."
6691,He hates you because you are made in God’s image and he knows God loves you.
6692,(Our first priority is the conversion of our family.
6693,"And the marvel of Isaac's obedience is that he was a son, not a servant."
6694,“Also been told what the Bulgaria captain did at half-time.
6695,"Paul individually, found his level."
6696,"And I shall give it to you, because nobody else than the Son can teach you and resuscitate you."
6697,2) “I know how much my Bankroll is.
6698,What will we do in France and Germany (Infinity Open)?
6699,You are entering horrible parts of your soul”.’
6700,You are entering horrible parts of your soul”.’
6701,It is certainly her who gave me the love of fashion.”
6702,"“As more people clear [forests] to plant cashew nut trees, they will be gone.”"
6703,"Someone should take care of him, send him to the next world.”"
6704,"Someone should take care of him, send him to the next world.”"
6705,"Not only were these people not brought before God, instead, they were thoroughly revealed, eliminated and abandoned by God’s new work."
6706,Sustainable waste management - for you too?
6707,"E-186 Well, this blind man had a very good question for them."
6708,I could have put [00:25:00] him in more chaotic situations.
6709,After those first two years . . . why did Ebby get drunk?
6710,"You can’t say, “Oh yes, but now I want to open this big school."
6711,"They will [direct message] us and say how much they love it."""
6712,"In fact, just to show you the power of 1%, I ran a quick calculation:"
6713,"Priest of Israel, can you say that you have suffered for the soul of the least or greatest person of this people? »"
6714,"Enlighten my intelligence, you who have been filled with God's favor."
6715,If the answer is yes then Joe Johnson is the number one example.
6716,"You know what Jackson's last words was, that great southern general?"
6717,I would also utilize the interviewers and see what Michael Cole would do.
6718,(Only on PC) It is now possible to select different types of anti-aliasing.
6719,Egyptian Competition Authority: Its role is contested.
6720,1409-- The rules of the Protocol must be interpreted in good faith at every level.
6721,"""Now the Son of Man is glorified and God is glorified in him."""
6722,"""Now the Son of Man is glorified and God is glorified in him."""
6723,So maybe it was an advantage for us to play Serbia in Lille without him.
6724,[At the border] the Turks always sent me a car and I’m protected.
6725,"More than anything else, we want you to think of Egypt as fun."
6726,He will lie down with you tonight in exchange for your son’s mandrakes.”
6727,“I exist – therefore energy serves me.
6728,You have a deadly enemy.”
6729,E-19 On the same basis we could absolutely justify the Salvation Army.
6730,My married life would be most happy if you grant me a son.”
6731,"Will Germany do so as announced, unless small businesses are excluded?"
6732,They choose the false gods of this passing world and all its passing pleasures.”
6733,The 80/20 Principle can and should be put into practice by every intelligent person to:
6734,"Is each of us a person of means, even if we are not rich like Boaz?"
6735,In every trouble we should first seek to realize God’s presence with us.
6736,(Judaism without animal sacrifice has a logical problem.
6737,"Verses 34, 35: ""Now when they shall fall, they shall be holpen with a little help."""
6738,"Verses 34, 35: ""Now when they shall fall, they shall be holpen with a little help."""
6739,"Verses 34, 35: ""Now when they shall fall, they shall be holpen with a little help."""
6740,"Answer: No, the world is advancing towards a greater recognition of evil every day."
6741,"And because you have reminded me of God, I will kill two more men tomorrow."
6742,"""You were, as some have said, in uncharted waters."""
6743,Between 1986 and 1990 many proposals were presented by individual Swedish members of Parliament:
6744,Do not be surprised if the blogger expects compensation.
6745,Except you don't get the new_list.
6746,"He accused us of being jealous of him because he is doing the will of God,"" the brother told Vanguard."
6747,But others — like whether you brush your teeth or smoke — are largely up to you.
6748,The people trembled with fright when they saw this awesome display of God’s power.
6749,"I believe that You are the Christ, the Son of God.’"
6750,"(Is quite the journey to Asia in the winter, 72 days...)."
6751,[These] two ports are meant [to supply oil] to replace Iranian oil!
6752,"To stop him or try and stop him has been very, very difficult.”"
6753,"For 10 hours a day, Mme Simenon is the most competent of secretaries."
6754,You want to learn French but this time 10 000km away from Paris?
6755,"Weak man who yields to the temptation of denying himself a pleasure."""
6756,"Weak man who yields to the temptation of denying himself a pleasure."""
6757,"God’s “desire to never look upon the city again” is His wrath, as well as His majesty."
6758,"(Well, the Greeks would have done it if they had the technology!"
6759,"I prefer Miss and Miss Lucy, at this time."
6760,"3 / Security is Important, Even for Your Performance"
6761,Does anyone think that what Jane has done is unusual?
6762,I pray every day to God to strengthen me as a human and a young woman.”
6763,"That is why he has the power to do miracles."""
6764,"Or finally option C, because the EU Commission"
6765,"“We speak the wisdom of God, which He has ordained before the world.”"
6766,P3.5 You can't also look at the First Nations reserve.
6767,"In problems 51 and 72 the denominator is underlined."""
6768,"The risk is a part of God’s game, alike for men and nations."
6769,“Their arrival in northern Europe could have happened even earlier.
6770,Some would ask where Joseph’s faith was.
6771,I warn you all to regard him as God’s enemy.
6772,(The Ten Commandments improve our life.
6773,"If you lose, you do what I say 9:0"
6774,Do you know why the conflict continues and will continue until the Day of Judgment?
6775,"We have attacked God's plan for salvation, without waiting to hear what it is."
6776,"We have attacked God's plan for salvation, without waiting to hear what it is."
6777,Article 3: This new order of succession is applicable for the first time to our descendants.
6778,(I lost all that money later.
6779,Only in the presence of death could he feel the presence of something like God.”
6780,"Andy: ""No More Heroes"" has been a transition for us."
6781,I would say that after February I had less than three real friends.
6782,This monster clearly has got a message for you: Fu!
6783,"It is God's church, further matured, and all that is in it."
6784,Corporal Sampson even threatened us.
6785,Are there thirty-six different human actions we have to take to raise the standard of living?
6786,"God has always had a man that He could put His hand on, say, ""That's My servant."
6787,"When they enter Earth’s atmosphere, they become meteors."
6788,We slept with the lions in London Zoo – and now you can too
6789,300 Marines can be easily reinforced.
6790,"(Yes, even on a trip with my husband and seven of our friends.)"
6791,"Kennedy's reforms were, and could only be, half-measures."
6792,5 But he is saved from this dilemma if he can forgive.
6793,The commandment came with Moses and Paul was not alive then either.
6794,"43 “Rejoice, O Gentiles, with His [a]people;"
6795,We all want that extra 6 1/4 years of conquest.
6796,"We must not allow our hearts to be filled with hatred for the perpetrators of this crime, for Allah will take them to account."
6797,This is true for many other foods as well as our beloved chocolate!
6798,"Do you not hear God's cry, ""Where is my David?"
6799,They use them very little : these cars serve their self-satisfaction.
6800,1) came to Chris after seeing big sculptures.
6801,"And when life is not so good, remember that it will not last forever and better days are on the way."""
6802,Your prayers do not leave the surface/environment of the earth.
6803,"""No,"" he said with authority."
6804,Why do all of these shooters seem to only have a month or two of social media activity?
6805,“We recognise that a lot of technical work on this issue will remain for the future… but an agreement here in Madrid is crucial.
6806,(18) We should have a different attitude towards asylum seekers (Corbyn).
6807,"When the first hand touches you, rise your hands, and say, ""Thank You, Jesus."""
6808,"With his wife, he decides to move into the warehouse of his wife's older brother."
6809,"(L) Well, that's friendly, especially after watching ""Event Horizon"" last night!"
6810,"It is an act that God’s power accomplishes to address a message, a sign to men."
6811,Yet you'll see Me (the church elected).
6812,But do not forget that there is this law of return and that God is there to watch you.»
6813,"(And as citizens, we need to fund journalism."
6814,"Eu ligo 180” (""Violence against women?"
6815,"The truth was your banner and you lived by it."""
6816,"(10 kilograms), and competition organizers feared for his health."
6817,And they love all of God's children.
6818,"If Mr. X is right, this will happen for me 🙂"
6819,"However, one day they will become tired of all these games and complications of human life."
6820,"With this in mind, they proposed in 1966 that each vote should be accompanied by three other decisions :"
6821,"Without your watch, you feel…?"
6822,"And then, that's what makes them stronger, is that they find their tribe."""
6823,No matter what time you water a Bonsai;
6824,How long after the death of his brother Charles murdered you? – A. Two years later.
6825,God's assembly is a house full of salvation from one end to the other.
6826,Is it the last story we want to tell with Kenny?
6827,"[179] It is imperative however, that such training become available in Senegal."
6828,"Macedon is too small for you, and bought the horse for him."
6829,+++Only on request and in high season.
6830,But those who are in the truth will be perfect when all the truth is revealed.
6831,"Today, in addition to the March 23 agreement we want good governance in the country and a legitimate government."
6832,(Galaxia) Is that also why I've been getting shocked by electrical equipment recently?
6833,Who doesn’t want to have a Mercedes b 180 in their possession?
6834,Member States will facilitate cooperation between the parties (29).
6835,"China wanted, or rather demanded, its gold from the West!"
6836,Should we conclude that God believes it will take seven years?
6837,"But today there is an emergency, and for the other 2 lions as well!"
6838,I don’t know why he attacked the village.[128]
6839,"In other words, all members of the family are not required to enter Turkey on the same day.)"
6840,I give them glorified bodies.”
6841,I give them glorified bodies.”
6842,• Serve the wine: these types of wines we have to serve them twice.
6843,Correction *Should not always be held in a PUBLIC space!
6844,"So why, as a Jew, would you not want to serve?"""
6845,"It is water in the eyes of the servants, but they believed that it was wine upon hearing the Lord’s words."
6846,He got caught and in Thailand you’d better take officers seriously.
6847,"My summer wine is really made from all these things."""
6848,"Thus, if (C-Ext) is true, then (J-Int) must be false."
6849,"95 percent of the people we kill need to be killed, right?"
6850,One of the users made a request for the calculator /2363/.
6851,“And I had hoped that he would have called [Philip].”
6852,“Fear follows crime and is its punishment.”
6853,"""No one in my administration has had to make more important decisions more quickly than Bill."
6854,His parents were fervent Christians for whom faith and God's love were the greatest of riches.
6855,"Brian: Now, or in terms of the impact they’ve had?"
6856,YOSHIKI: You’ve never come to drink French wine?
6857,And the Master sends the women to the disciples so that they can see him.
6858,Both we and the Americans will be able to give you a lot in 1942.
6859,All of the western branches should listen to My voice:
6860,And even despair was powerless to destroy;
6861,I wanted to record the [next] album [because] it's been so many years since 'All Shall Fall'.
6862,"He is a part of you, and you of him because he is his Father's Son and not for any purpose you may see in him."
6863,"Pierre: Usually you have genius in one field, you know?"
6864,"Never commercialized, it had bluffed everyone at his Tech World."
6865,#4 Racism still exists and affects your lives.
6866,"187 THEY WILL ASK thee [O Prophet] about the Last Hour: ""When will it come to pass?"""
6867,When Will I Feel Better With B12?
6868,"And not only us, let's bring forth somebody else with us when we come to that day."
6869,"In order to say even the shortest and simplest words, we use 72 muscles."
6870,Christian really captured the attention of our 350 invitees!
6871,Government may be on your side as long as your technology is needed.
6872,"“Certainly,” said the lawyer."
6873,But I hope the angel comes back and tells us how to raise the child.”
6874,"Like any other State, this is its inherent right."
6875,"“I am convinced that in the Middle East, we will all continue to exist as sovereign states ."
6876,There is also support in the 2.6.30 for a number of technologies that have not yet been finalized in standards.
6877,"He gets those people hypnotized, and they just go away like that."""
6878,"The rest of them, let the destroying Angel destroy them."""
6879,"The rest of them, let the destroying Angel destroy them."""
6880,(What you eat may create a spiritual problem for someone else.
6881,You are busy bees when you are ‘unconscious’.
6882,"""You will be taken aside and you can then talk to staff in private."""
6883,"They'd turn their head from God Who is telling them, ""That's the Truth."""
6884,"They'd turn their head from God Who is telling them, ""That's the Truth."""
6885,"No thanks, i don’t want a happy and healthy gsd today."
6886,"We have rejected despotism this year, besides what we’ve done in Venezuela."
6887,"Five years without a real effort, and that’s what you have to say to the citizens of Israel?"
6888,"""I believe the future of children’s cancer hospitals will be a different place."
6889,Putting out a record is not a name and likeness right.”
6890,"We too, during these days in Riga, want to go to the sources of faith."
6891,Money issues and differences – Do you want him to pay for everything?
6892,"And Paul with the unadulterated interpretation of God's Word, blasted every one of those synagogues."
6893,"He said: ""People are not only afraid to offend, but afraid to offend a vocal and aggressive group of people."
6894,“We will be able to have a very competitive team for about half the budget.
6895,"You’re just going to be another 076, another Kondraki.”"
6896,Chapter 12 Prove What You Believe 110
6897,"I was in South Africa last week, I think there are 400 Cuban doctors there."
6898,"The LORD has done what he promised through his servant Elijah."""
6899,The King seems to have a preference for Daniel.)
6900,"“On the climate, we have an ambitious position at 6, without the United States."
6901,"Written by Jack, a Real Ass"
6902,"If you can believe this study, wow:"
6903,226 Remember Lot; he was a smart man.
6904,"One to save the world, the other to destroy it.”"
6905,J : So we will see more and more stars in the sky ?
6906,Why It’s Good for Everyone When Your Makerspace Is More Inclusive
6907,Is Mohamed Salah able to continue like this every year?
6908,Is Mohamed Salah able to continue like this every year?
6909,Then he will build names with this radical.
6910,Today the promise of God's Word is kept.
6911,"It was the fate of your child that you saw,—the future of your own child."""
6912,"It was the fate of your child that you saw,—the future of your own child."""
6913,How do verses 3 and 4 strengthen this conviction?
6914,Bill C-44 is not a response to what happened last week.
6915,Yours is the breath that builds God's Satisfaction-Tower.
6916,Right after 79 (finger) would be a good place.
6917,"Only in the river will they remain.” 6And he said, “Tomorrow.”"
6918,All these policies need to be applied in Europe and DiEM25 can be the tool.
6919,But it is a fifth strategy that the Bush administration seems to have resolutely adopted.
6920,"- About three years ago read, yes - my Russian friends have advised."
6921,"Finally, we also want to talk about the country of the cigar: Cuba."
6922,"It was the fate of your child that you saw,– the future of your own child."""
6923,"It was the fate of your child that you saw,– the future of your own child."""
6924,"Ask him who flees and her who escapes, and say, 'What has been done?'"
6925,"· walked in the paths of God’s law, and did not follow the ways of this world."
6926,Say: “The Truth has come.
6927,And what other people think about you is their problem.”
6928,"Nobody will be able to spit upon my Polish national character!""]"
6929,(Later in the session a pyramid is placed in his energy field as well.
6930,Think of doing something 499 times this year.
6931,L-20 But how could that Divine Person...
6932,"You should not say, ‘I know what Zen is,’ or ‘I have attained enlightenment.’"
6933,The only reason I am still here is that the AKP is afraid of me.
6934,RU1: We should discuss ports.
6935,He wanted it in his garage forever.”
6936,Be grateful you have another beautiful day with them.”
6937,The one sex is not higher than the other in God's sight.
6938,"So, to answer the question – YES, you only need to use the Max Trainer 14-minutes per day to see results."
6939,We welcome the London Declaration and the level of political commitment that is evident here in London.
6940,RU2: So Eni will use its own ships?
6941,"Not one shred of evidence that any of them were on the planes,” he said."
6942,Those who genuinely pursue the truth seek the truth in all things.
6943,“[I] lost the [last] championship in Paris for the same reason.
6944,A small-time French politician says he owns the name.
6945,Therefore he defines truth thus: That is true which is.
6946,Therefore he defines truth thus: That is true which is.
6947,Has the UK also redefined imminence?
6948,The fear that David and Solomon are referring to is a proper respect for God’s law.
6949,"Surely, there is no enchantment against Jacob, nor any divination against Israel."
6950,"Surely, there is no enchantment against Jacob, nor any divination against Israel."
6951,RA: We came to your peoples to give the Law of One.
6952,"And early in the morning all the people came to him in the temple to hear him."""
6953,And you want to facilitate those interactions — that way everyone can get to the water source.”
6954,"How did You know that I had five husbands?"""
6955,8:1 They ask thee concerning (things taken as) spoils of war.
6956,"At any time, the White House could do something similar today."
6957,"This is the kingdom of hypocrisy."""
6958,If only every year in the cattle industry could be as easy as 2014 or 2015!
6959,"Some of them (for example, Annex 16) are accepted by many states as national standards."
6960,"And so, man is able to see from the words expressed by God that God’s words are the truth, and they have authority, and power."
6961,"It is around the Person of a living Christ, then, that God's assembly is gathered."
6962,He will no longer stand for this evil and now His Hand will fall in punishment.
6963,And they will be so if their life and work are one and the same.'125
6964,(J) Project Awareness is in May but that’s in Tampa.
6965,It seems the school is under pressure to remove the name AGAIN!
6966,"Will Europe understand in time, that is to say Wednesday, that it has no"
6967,Laila has once again saved one of my (four) old horses.
6968,"""I pray God touches their hearts and changes them so that they see the right path."""
6969,"Perhaps some caravan can pick him up, if this is what you decide to do."""
6970,"Jacob (or Israel, as his name became) had a very large family!"
6971,“Did he really (say he wants Anderson)?
6972,And those seven minutes can and will do a world of good.
6973,The man of action needs God’s guidance.
6974,And they were the ones who re-established Torah at that time.”
6975,"On the contrary, it is an anti-1984; let us check why."
6976,"STRONG: Well, I have -- we have 98 pieces."
6977,"Our Promise is not a promise to ourselves, it is a promise to them."
6978,I think we have to take more risks in Africa to do what you just said — create jobs.
6979,But I will trust him and talk to him if he has Sesame Credit.”
6980,4 And yet His gifts came with Him.
6981,"Medicine, he said, ""is against our religious beliefs."""
6982,We do not understand why today we have The Six Kowtows.
6983,More than 180 people use the same toilet.
6984,There are those who think or pretend they have God’s blessing.
6985,"When I see a worthy name, I will send my greeting to the friend in disguise.”"
6986,It is always urgent to be patient with wine!
6987,"They said, ""He is of age; ask him."""
6988,But I needed to know why these schools really wanted my body.
6989,Martin is #fullpower 25 hours a day.
6990,On the Upper East Side there’s never enough psychiatrists.)
6991,We have learned from previous lessons that God and His Law share five things in common.
6992,“We’re not Coors or Miller where we got all these controls.
6993,Babas intervention can literally save us from thousands of years of human suffering.).
6994,"'When you are grateful, fear disappears and abundance appears.'"
6995,We need these prayers very much: tertio millennio adveniente.
6996,Andy: “No More Heroes” has been a transition for us.
6997,"But, with God’s help, sexual temptation can be defeated."
6998,From the section on radicals we know that we can do the following.
6999,Do you think don Juan lives in this state of awareness most of the time?
7000,"Then true intelligence arises, and also love.”"
7001,"E-231 Sister, you that wear those clothes, think of it."
7002,David: Is this someone that would be recognizable to most people on Earth?
7003,92 and it behoves not the All-merciful to take a son.
7004,What a crying shame after 1000 years of real western Christianity!
7005,"I really want to be discouraged this morning by what John says."""
7006,"We can think that at first, by helping to sell the A220 he helped himself."
7007,"You could spend your life looking for one, and it would not be a wasted life."""
7008,It is no safer but it is faster.”
7009,"With a so young Iranian population, there was real opportunities."
7010,"For do I not know that I [am] king over Israel this day?"""
7011,"For do I not know that I [am] king over Israel this day?"""
7012,"For do I not know that I [am] king over Israel this day?"""
7013,Maybe it was just a stupid idea: Canada.
7014,Ayda was lost in the magic of what they all do together.
7015,Can all the blue toys on the floor be found in one minute?
7016,"David: And he described that there were 23 to 28 industries, I believe is what he said."
7017,"Today, we wonder who (and how) knows the Father."
7018,"$358 million later, Kinberg can look back and laugh."
7019,"(L) Well, we hope so because the world itself is... kind of interesting."
7020,“Five years ago it really was just: cars and girls.
7021,"""Only passions, great passions, can elevate the soul to great things.”"
7022,Caroline Henry: You take those two now.
7023,Only your closest friends follow this account.”
7024,"(Ark) Somebody must have seen it, and there are thousands of amateurs."
7025,"37:18 Say: ""Yes, and you will be humbled."""
7026,We also have 260 days in the Sacred Year.
7027,Avoid changing your posture more frequently (53).
7028,"I'm accused of a crime and if found guilty they will surely sentence me to death."""
7029,"Now he can do what he wants with Stardew, I suppose."
7030,His dad has already found and brought back great things from the sea.
7031,“You know how” Witschi will be presented through their superior know-how.
7032,Some designers or agencies will do exactly what you say.
7033,"They think that by sleeping with lots of women, by having a girlfriend, or by having a wife means they are successful with women.”"
7034,"Are you going to smoke those cigarettes, or not, because you want to be healthy in 30 years?"
7035,And then there are people who prefer to look their fate in the eyes.
7036,No modern government could exist for 24 hours if it told the people the truth.
7037,It is rather small and may not be suitable for your wife.”
7038,That was Abraham's attitude; he was looking for a city.
7039,"And many of you did, remembering who you are with Tobias."
7040,Or perhaps you’ve never listened to others and have your own beliefs about internet security?
7041,For Thou must forget those who exported ten millions of my sons
7042,He who has conquered doubt and fear has conquered failure.”
7043,"""He could very well have tabled his amendments in November at the same time as us."
7044,"'It is the Valley of Fear, the Valley of Death."
7045,"They have eight eyes, as illustrated."
7046,Nerves = short interview = getting you out of there.
7047,PET Power has found this partner!
7048,We have a program [The Renaissance] for the development of all these sectors.
7049,You'll find the most popular among them below.
7050,"We do not distinguish it, like all the others created before"
7051,We don’t want all 889 of our friends to be a part of the courting.
7052,Do you think don Juan lives in this state of awareness most of the time?
7053,"What did I bet, gentlemen? a spectacle."
7054,"What could he have in common with Sir Robert?"""
7055,'O people of Baha!
7056,"E-325 But, brother, she had a Word of Life there!"
7057,"And weather as story."""
7058,Money issues and differences — Do you want him to pay for everything?
7059,The US currently appears to be using ships as secret prisons(7).
7060,"Last but not least, Belarus was also invited to take part in the works of the permanent Council."
7061,"They are one thousand degrees above you, so why aren’t you jealous of them?"
7062,(Perceval) Why did two of them fall in the same place in Spain?
7063,<2897> They created me to serve them.
7064,"But I think their citizens cause serious problems outside these countries,"
7065,"But, as the ancient Romans should have said: ""Sweet and fitting it is to lie for the fatherland."""
7066,“He has given meat unto them that fear Him.”
7067,But why 0.14 euro would you tell me?
7068,"And the only difference is I still own my buildings""."
7069,"We, too, were not God’s people at first, but Gentiles."
7070,"""Everybody knows that due to my personal situation, Spain attracts me."
7071,We can see them since 1970 because we’ve got global satellite coverage.
7072,"But that is far into the future, so for now, we have to remember our MacIntyre:"
7073,Why was Moses not allowed to enter the Land of Israel?
7074,"79|42| They ask you concerning the Hour of Doom, ‘When will it come’?"
7075,Want More Happiness in the New Year? 19 Resolutions for Joy
7076,The station talks about itself ... after 100 years.
7077,"5 Your Father's Name reminds you who you are, even within a world that does not know; even though you have not remembered it."
7078,"But did NASA, or anyone, really need to worry?"
7079,Especially those most in need of thy mercy.”
7080,"Here, the misery of the soul meets the God of mercy.”"
7081,Of course we cannot know why he had that exceptional genius 500 years ago!
7082,"E412 is also able to extend the ""life"" of some products."
7083,"Then if enough souls follow Me, all will be easy."
7084,“No one will ever wear number 23 for the Miami Heat.
7085,"At the moment, we have 28 countries that cooperate pretty well when new substances enter circulation."
7086,I’ll be there (the Aviation Club de France) for eleven days.
7087,"That is why it is desirable, as in everything else, to use only our own Kabbalistic sources, to follow only them."
7088,"SO looking forward to meeting you our little angel."""
7089,"You've already mentioned that ""shit got real"" in Ireland from a financial point of view."
7090,"""Thanks God, she (Ms Bibi) is free and I hope our entire family is finally happy and free."
7091,"Only the past, when we do not remanufacture it, is pure reality.’"
7092,"Only the past, when we do not remanufacture it, is pure reality.’"
7093,This is why Allah declared both groups to be liars”
7094,Our policy has always been against him [Assad].
7095,"Whoever imitates their behavior in their Station of Perfection, however, will be corrupted."
7096,But massively (to get the right amount) only these four are produced.
7097,"Andrzej Grzyb (PPE). – (PL) Madam President, cohesion policy in its present form is evaluated well, as are its results."
7098,Why don’t we finish the job?… We must finish the job by destroying their terror infrastructure.
7099,"The question, though, is whether we are leaning towards the world or Allah (swt)?"
7100,Third Witch : And I another.
7101,I would like to see little Jean-Michel a little more often because he is growing too.
7102,“Will your story be true when the Turks recognize it?
7103,"God's the Healer of animals, the same as He is anything."
7104,"So, again, you know, we try to keep it agnostic."
7105,"So, go throw a coin into the fountain; it’s for charity!"
7106,"covenant is called God's ""counsel,"" ""oath,"" promise"" (Ps."
7107,They thus belong to the Church by desire (voto).
7108,"“We will humiliate them everywhere, God willing, and we will raise the flag of Allah in the White House.”"
7109,Just 8 barbarians can make cry a country.
7110,"Declares Calvin: ""None will ever be a good minister of the Word of God, unless he is first of all a scholar."""
7111,Before the days of Moses there was no nation on Earth known as God’s particular nation.
7112,“Here you can earn money more easily than in Romania; you can have a better future.
7113,His mercy’s from age to age on those who fear him.
7114,His mercy’s from age to age on those who fear him.
7115,God's Word is full of precious promises and helpful counsel.
7116,“Does Egypt need military bases outside [its borders]?
7117,"There was also private business, of which Edward II did not know, on the agenda."
7118,Having rejected God’s perfect Law (Rom.
7119,He finally did it in his 285th event.
7120,"While some refuse to ‘share the burden’, others refuse to be the only ones, they say, to bear it."
7121,"And now I'm going to kill you too -- with your own sword, no less."
7122,#3 The entire evening should be romantic.
7123,They will have 7 children (capsule 2-11).
7124,Facebook subsequently became a much better—or worse—example.
7125,"And I swear, the next time that I hold you (Ooh)"
7126,9. [ ] one or more Member States consider you to be a threat to their international relations ▌
7127,"He swore seriously, Your Majesty Alexander, my honourable king."
7128,"Also there were some disputes over his family properties,” Ullah said."
7129,"Surely, there is no enchantment against Jacob, nor any divination against Israel."
7130,Choose good partners (or work alone as long as you can).
7131,[18.84] We established him in the land and gave him means to all things.
7132,"15), but this seems to be a mere concession on the part of the officiating minister."
7133,What five things did you do after getting your new Android?
7134,"And the king said, If he is alone there is news in his mouth.”"
7135,"STRONG: Well, I have -- we have 98 pieces."
7136,"E-91 Now, you're just a little cell, too."
7137,3What he wills with his Creator and Redeemer must be done.
7138,For half an hour you will be in a train: develop attention.
7139,“A good result will help us to forget Australia.
7140,"But the foods which you eat from the abundant table of God give strength and youth to the body, and you will never see disease.”"
7141,>> And your comments at that time really influenced my thinking as well.
7142,{Note Kathy January 2014: this is one of their jokes with us.
7143,And a harvest of justice is sown in peace for those who make peace.”
7144,"This should be man’s unshakable faith in himself, because God dwells in him.”"
7145,"In Animal Crossing, his brother Don appears too."
7146,As I wrote above for + - a month when Global Rom will be available.
7147,"So, did you like these four Japanese abandoned hospitals?"
7148,"“If words come out of the heart, they will enter the heart, but if they come from the tongue, they will not pass beyond the ears.”"
7149,You did a great service to the West in overthrowing Allende.”
7150,"Meanwhile, great Babylon's sins mount up to the heavens, and the remembrance of her iniquities comes up before God."
7151,You began by God’s Spirit; do you now want to finish by your own power?
7152,You began by God’s Spirit; do you now want to finish by your own power?
7153,('It makes Alicia so mad when people write that.
7154,(We begin to better understand God now.
7155,#5 I have a snake and he wants to enter your garden.
7156,"Well, we hope that you (MEK) die for Iran!"
7157,"Well, we hope that you (MEK) die for Iran!"
7158,"And all over the world, remember all Your children tonight."
7159,"""And so Ann and I join with you to earnestly pray for him and for this great nation."""
7160,Then he waited until a man's shadow was equal to his height.
7161,Move Over Dorothy; Louis Wore Them First!
7162,"“The answer to both those questions is the same … you would be surprised, Hafu."
7163,At Decision #1 the company must decide between a large and a small plant.
7164,"(You should probably just put those books away, Mama."
7165,We will have 8 hours to see the best of Rio.
7166,"We want to reach 750 patients, help us!"
7167,"Our colours will be red like fire and black like the fear we will invoke in our opponents."""
7168,"And I think I also mentioned places like Archuleta Mesa, . . ."
7169,In His time and at His pace “it will be done for you.”
7170,"“Everybody knows that due to my personal situation, Spain attracts me."
7171,"** In this case, the rate per day seems to be used."
7172,"It’s not 1954; you can watch almost anything, anytime."
7173,"As we have seen, men's bodies will be tormented in a furnace of fire."
7174,“Any European who comes to India acquires patience
7175,This merely just tells the Ecobee3 what it should start at.
7176,So God’s sun [and/or son] was really hot.
7177,"Since my childhood, it was the audiovisual or nothing else!"
7178,"And then with my dresses, women find husbands (Laughter)."
7179,"Everyone was upset, especially 899."
7180,"Secondly, for technical reasons : did we really need it yesterday and today ?"
7181,"Today, people try to make Him a—a prophet."
7182,"For that is truly what you are, real life creators."
7183,"Abnormal, precedes seven years Little Brother Is Watching."
7184,Then there is the G-100; perhaps the small countries should also have a permanent seat.
7185,Where would we go?… Christians have no support in Iraq.
7186,"Rather, they purchase from the person above them in the chain."
7187,"Planet Social Program, Grow with you."
7188,"This is why, in Électronisme, we consider that 2,017 could be the Year of the Electron."
7189,"Strangely enough, the Bank of England alone seems to still have this appetite (10)."
7190,The future of a currency according to its date of creation has no secret for them.
7191,So are we saying that nothing will happen to the poker world in 2008?
7192,“Under his shadow we shall live among the nations.”
7193,“Under his shadow we shall live among the nations.”
7194,"""I Swear"" by All-4-One"
7195,"We have officially confiscated Mally today."""
7196,He only dreamed that he had crucified God’s Son.
7197,Where was the Minister of Natural Resources two weeks later?
7198,"Tomorrow, the EU could explode like a balloon, and NATO could too."
7199,"82:9 Nay, but ye deny the Judgment."
7200,"The prime motive should always be the response of man to God's message, and the recognition of His Messenger."
7201,It seems so far away... whatever happens in China.
7202,They only understand one thing!''
7203,"Y: But , when the Truth has come to them from Ourselves, they say,"
7204,"He shied away from the truth,” he added."
7205,"It is also 30 at the service of cognac, what is the evolution of this product during these three decades?"
7206,"""Pray for the sick"": God's provided way."
7207,The problem here is that Jesus (Michael) would be a created thing.
7208,"(And ordering such murders is a war crime too, Mr. Rumsfeld)."
7209,"If he was the brother of David, why did he not inherited part of the house with David and Jacques?"
7210,Today he proved two theorems before lunch.'.
7211,In the end You will see how the Spirit manifests everything!”
7212,That’s why we have created a hell out of this beautiful earth—which could have become a paradise.
7213,The Message of Fatima can satisfy this hunger!
7214,They ask Him what the greatest commandment is.
7215,"This was the second, no, the third night since he had looked in the Stone."
7216,"Question: And in your opinion, what are the negative points 37 years later?"
7217,Here you do not have the protection you have around you in your usual environment in Central America (Belize).
7218,You must exercise the fruit of faith from God’s Spirit (Gal.
7219,"In that are signs for people who reflect."" (39:42)."
7220,"At the beginning of 2008, I was able to highlight the qualities of this book (1)."
7221,I had many questions: He went to 110 countries—how could he understand all those languages?
7222,It is the same as when you are sick and there are 7 doctors around you.
7223,"21:23 He is not questioned about what He does, while they will be questioned."
7224,‘’I hope that this marathon is first open to Africans.
7225,"This is what we need in Africa — a platform that can provide financial freedom""."
7226,We hope she will teach us a lot of complicated Estonian words too!
7227,"142:2.5 And Jacob answered: ""Rabbi, I believe; I desire that you lead me into the Father's kingdom."""
7228,You are also lucky because there is a specific english section in constant development!
7229,Other very important guests were eating with Simon also.
7230,"“This comes from God, it is a wonder in our eyes,” was said by David’s brothers."
7231,It’s a great feeling and I think Tom and I have written history today.
7232,I served the Poland that existed.
7233,"""Does Egypt need military bases outside [its borders]?"
7234,Becky and I can’t take all the credit for this system
7235,E-107 Sometimes we can't wait from one night to the other.
7236,(The only logical thing is that God was celebrating and commemorating His Creation.
7237,"But if you are still in need of knowing exactly where his abode is, there is only one place to look for him: in the heart of a true lover.”"
7238,04:07 The peoples of Europe may have finally understood that their future is at stake:
7239,"""This [Hilux] is a full evolution."
7240,"the wine, and the oil; and they shall hear Jezreel."""
7241,You have a deadly enemy.”
7242,"-""Truth starts with truth and ends with truth."""
7243,"""Thus France, in its turn, will give to the problem a national interest."
7244,Why have the 1500 ancient manuscripts of different parts of the Bible not been harmonised or even destroyed?
7245,What did Job and Abraham know about death and resurrection?
7246,"Five, this region, and all of us, have benefitted from globalisation."
7247,"If they are recited in a house for three consecutive nights, the Shaytaan will not approach it.”"
7248,"But your people rejected it, though it is the Truth."
7249,"For instance, let's say that the entire class missed one problem which was worth 10 points."
7250,"But we dismantled all of our bases in Cuba a long time ago, even the non-strategic ones."
7251,"How many times have I freed you from your own chains, my children!"
7252,We’ve met him and the Bad Seeds in London.
7253,She made a girl from Boston do it for us.
7254,"And we have that feeling today, and that’s the best feeling that you can have.”"
7255,Dropping “Florida”[23] something typically mysterious.
7256,"Then he showed them the king’s son."""
7257,AL: And yet you continue to create this kind of characters for them.
7258,185 You got my Message on The Three Types Of Believers.
7259,Japan as a land where such an eternity would exist.
7260,"And remember, God speaks in those little fires."
7261,"You too, oh princess, in your cold room"
7262,(I Just) Died In Your Arms Tonight is available for 6 instruments.
7263,"With all his livestock gone, any other evil report would have to concern his family!"
7264,To that I responded that we are patient people.’
7265,"""The president is grateful for the support of the British Forces in the past and into the future."
7266,Earlier this month more well targeted projectiles hit other Russian interests:
7267,And was God justified? - for after all it was a question of resource for the future.
7268,The United States and the European Union continue to act as if a “return to Oslo” was possible and desirable.
7269,But did you know that they are 100% Brazilian and have Arab influence?
7270,"It was about $16,000 without some of the options she wanted."
7271,"Do you think… Do you think she's still worried about me, little red?"
7272,"The rest of them, let the destroying Angel destroy them."""
7273,"Tomorrow, will we do the same with its genetic and mineral resources?"
7274,"And when you hear anyone say Satan can heal, he's wrong."
7275,"And when you hear anyone say Satan can heal, he's wrong."
7276,They will lose their habitats and food.
7277,We are already dead – the gas will just kill us again.
7278,"To the left of this qibla, houses for Muhammed's wives, were erected."
7279,"Like Eileen, are you ready to help producing new resources?"
7280,"If Mugabi can do that, I can do an even better job."
7281,"No matter how many scientific proofs there was to Noah, Noah heard the Voice of God, said, ""It's going to rain."""
7282,"We were there for security, or that’s what he told us."""
7283,"His wife once said, “The only thing that could ever keep him away from the animals he loves are the people he loves even more.”"
7284,All the good will of the team would not be enough to feed these 23 children ...
7285,*** Paragraphs 30 and 31 of the present judgment.
7286,"PS: Not on Facebook yet, but you’re ready to join the 2.19 billion other people who are?"
7287,"All rights reserved, Boon.Today."
7288,"If you lie, your nose will stretch up to the sky.”"
7289,"If you lie, your nose will stretch up to the sky.”"
7290,Judges 6:8 - That the LORD sent a prophet unto the children of Israel.
7291,How you look at life will shape the month of June for you.
7292,According to Paragraph 15 “there is very little time between now and the end of this system of things.
7293,"And, “No, but everyone is looking towards the sky.”"
7294,"But since Thursday, this little problem is (usually) behind you."
7295,Another is the fact that every few month an Arab will do something stupid and kill innocent people.
7296,"""With U18 we can continue to grow."
7297,"And a period of peace will be granted to the World."""
7298,"""Yes, "" he replied, ""but they can also be found in taverns (kharabat)."
7299,(Sometimes God does not give us specific advice on what to do.
7300,"But you did not listen, and now, behold, his blood has been sought."""
7301,"But you did not listen, and now, behold, his blood has been sought."""
7302,You both ask also that Jesus will pardon all my sins.”
7303,"""A dress or two asked for 600 hours."
7304,So you keep making laws -- until you make criminals of everyone.
7305,I know the articles you mentioned on Growth Monitoring(GM).
7306,“They know long-term growth will have to come from the US.”
7307,"(Allowing children to work before school in the morning is, in principle, contrary to Article 7.3."
7308,Will they continue to accept the idea of collective responsibility in Copenhagen and afterwards?
7309,This is when all children will have their first Jupiter return.
7310,God’s original chosen people were the Israelites — descendants of Jacob.
7311,"If you had a bad day, it helps you restart.”"
7312,Music me house could among oh as their.
7313,(We all do things that are irrational because we want a certain outcome.
7314,"And in that, you, dear Sisters, you can help us very much.”"
7315,"We love San Francisco, but we must place another of its attractions on this list."
7316,"An electric field (E) will exert a force,"
7317,Do you know what to do in Alicante in an almost obligatory way?
7318,"So if they’re successful in one part of their life, they will be successful in Bikram."""
7319,"For me, she has this record for ever.”"
7320,John comes up with one of his compositions: Please Please Me.
7321,"(""You want to see what naked women do when they are together?"
7322,"""Satan sees women as half his soldiers."
7323,"Weak man who yields to the temptation of denying himself a pleasure."""
7324,It seems so far away… whatever happens in China.
7325,"You do the truth and come to the light."""
7326,"You do the truth and come to the light."""
7327,"[In the age of migrations from Europe to Argentina] there had been opportunities, for everyone."
7328,PATIENCE: How poor are they that have no patience!
7329,(You can see where they would be tempted to blame God.
7330,• Are there opportunities at companies in this industry to do things like Google’s 20 percent time?
7331,"One who has sacrificed his life for his people."""
7332,"76 a), or that at least they were closely, watched."
7333,Neither the Bible nor Ellen White say why they do not mention them.
7334,You can't have it both ways: Is Mr. Scott the great channel?
7335,"Such as, for instance, who is in his coalition."
7336,"(In practice, both religions have modified many of the harsher penalties."
7337,Can we beat orcs with three thousand people?”
7338,"What if, in fact, you eat certain things because of who you are?"
7339,Yet these climate change activists want us to have even fewer children.
7340,"1 Cor 8:3 says, “But if anyone loves God, this one is known by Him.”"
7341,(Ex. +39 for Italy) so we can contact you if needed.
7342,"Eritrea and Zimbabwe are the notable exceptions – and, therefore, future targets."
7343,God's People Remembered.--In this scene the people of God are not forgotten.
7344,So let's approach the Author before we ask His blessings upon us.
7345,Everything is possible in My Town : Museum!
7346,(f) 15 March 1979 for all other undertakings.
7347,"In this world, truth can wait; he's used to it. "
7348,We are a promise of hope after ABI.
7349,"If the lady's here, see Billy Paul this morning."
7350,"If the lady's here, see Billy Paul this morning."
7351,The glory of the martyrs shines upon you.”
7352,Or maybe your kids use an Amazon Fire.
7353,The angels will know their Master’s property.
7354,"“Build it and they will come,” is not a strategy; it’s a prayer.”"
7355,"Furthermore, he keeps this aspect of a young man even ten years later (CHA)."
7356,"Without Ji Jia’s wealth, why would anyone love you?"
7357,"329 Father, we want to be like Moses."
7358,(Hormones also seem to have an effect.
7359,"When you invite them to Versailles, they will come.”"
7360,We had no choice and went to live in one of the camps.[91]
7361,"They are now losing this site because of another fire."""
7362,Don't make me feel like I need to be your teacher 24/7.
7363,And we will know him then for what he was and is – a Prince.
7364,And we will know him then for what he was and is – a Prince.
7365,One Month in Iceland: You're Practically a Native
7366,"I like him very much, and always shall like him, in spite of his weakness.”"
7367,"Things you should never do in Chiang Mai: Well, keep reading."
7368,"But he was more, much more than that, because he’d given up another of his names on that day."
7369,And what is behind Door #1 If they want our help:
7370,a. we will all know how wealthy President Trump is — or isn't.
7371,“The food helps me because I have food security for the next few weeks.
7372,"If you wish to avoid further bloodshed, keep out of the reach of my guns."""
7373,It would have been difficult and redundant to import 250 contacts manually!
7374,E-193 Are you the little pianist here?
7375,"If we accept the testimony of people, God’s testimony is greater."
7376,"one who loves and practices falsehood."""
7377,(TO AUDIENCE) Mr. Joseph adopted conservation agriculture gradually.
7378,"Therefore, according to statistics, in Russia the disease is diagnosed five (!)"
7379,"""Now the Son of Man is glorified and God is glorified in him."""
7380,We are of such and such a prophet already dead!
7381,Baba’s intervention can literally save us from thousands of years of human suffering.)
7382,"For the first time, accurate statistics on international workers are available!"
7383,"• We and you are subject to international conventions, when they apply."
7384,"(I would thank the servant, but I think we have a time and culture issue here."
7385,No one has defined the providence of God better than George Bush:
7386,There must be more than 30 languages ​​between all these walls ...
7387,Wrongly naming a thing is to add to the misery of this world.’
7388,"Robert, let's start with you -- how does debt work for you in this example?"
7389,"But ""Bob"" was drunk during the ceremony."
7390,"(Fortunately, the women of THE 51 FUND will be of great help in this beautiful project!)"
7391,5000 soldiers have disappeared… Only an enemy can help him.
7392,"Moreover, Paul warns the church against preaching that the hour of God’s judgment has come, until a certain time."
7393,TODAY'S MEDITATION - How do we receive the Kingdom of God?
7394,TODAY'S MEDITATION - How do we receive the Kingdom of God?
7395,"'You have a traitor there, Aslan,' said the Witch."
7396,"– “We strive to help, with our 4000 years of combined experience”"
7397,I offered this to God so that a thousand families would not separate.
7398,Why this isn’t just a ‘thing happening in a remote part of China’
7399,"If you are an NGO, maybe you are working on, let’s say, deforestation."
7400,This is where Iran could be today [infographic]
7401,"As a result of Adam’s disobedience every human being is a transgressor of the law, sold under sin."
7402,(Linda is dressed as Superman) Can they see you back home?
7403,(O Allah) provide them with fruits so that they may give thanks.
7404,But can this also be done when you are looking for work in Qatar?
7405,"man is made great or small by his own will."""
7406,"Is this for her safety, and not the safety of the servants?"
7407,"The people around him now see Charles in a different way,"
7408,"Also, the first player (A) will lose half of the time."
7409,"We will choose to walk in the light and truth of God, for the Lord tests the heart and is pleased with integrity.’"
7410,"(J) Last time, they said they were going to tell us how to accelerate the process..."
7411,Those who undertake the fast on Tuesdays only take a single meal.
7412,"When he works with energy, he works with seven and not with twenty-eight."""
7413,So we did not do it for oil.”
7414,EL: And you had … You should have made one of those pork.
7415,The perfection of this model will be admired by Goethe.
7416,“Neither Poland nor the European Union are places where everyone can come just because they want to.
7417,"And so, asks Jacob to lie for him (not his finest moment)."
7418,"And Odette answered, ‘Nothing is impossible to the eye of a friend.’"
7419,"“Now, after the nuclear agreement, there is no doubt that the danger has doubled."
7420,"An amendment was no longer necessary, they believed; they had their man in the White House."
7421,Then God’s Kingdom would be established in heaven.
7422,Those responsible will pay for them one day.”
7423,But they – the innovators – apply a bad gradualism.
7424,"That is the truth about the Jews."""
7425,"'He had, then, several false keys."
7426,"Q Sean, can you tell me how these products were selected from each of the 50 states?"
7427,They would have regrouped in favor of Resolution 2401 and the attack they are now undergoing.
7428,Wrongly naming a thing is to add to the misery of this world.’
7429,"I never forgot that – even now, as President of the African Development Bank."
7430,Everything ripens at its time and becomes fruit at its hour.
7431,This Yquem is “the” Yquem that I would wish to drink for ever.
7432,I willingly invoke on every family the blessing of the Lord.”
7433,"""There are only so many times you can kill Uncle Ben."
7434,"The prime motive should always be the response of man to God's Message, and the recognition of His Messenger."
7435,“I could have six fake weddings.
7436,“A winter of the biotechnologies is quite possible.
7437,Or will Jasmine and Amon’s souls be bound together—in hell?
7438,"Then come, follow me.” [22] At this the man’s face fell."
7439,86 countries - for all crimes;
7440,Therefore Father Simon claimed no one could safely base one’s faith on Scripture.
7441,"Indeed, the person who is being served should be more humble than the servant!"
7442,Q# is deeply integrated with the same.
7443,Everyone in Rwanda wants a cow.
7444,"I’ve never struggled to live on $7.25 per hour, so why is it a problem?"
7445,Dost thou believe that my forgiveness is God's forgiveness?
7446,However the testimony of each of them confirms that of the other.
7447,"157 Now, there’s another sabbath somewhere."
7448,Why is this state so far down? let me welcome you to Wisconsin.
7449,"I-9505), or so-called non-priority services."
7450,"The real experts, not the internet kind have been wrong before."
7451,Sustainability - All decisions are made for seven generations; and
7452,"We can well defer our marriage until lasting peace comes to the earth."""
7453,The face of God and of man in the prayers of Psalms.”
7454,Maybe there’s something between what we are today and what the Tarahumara have always been.
7455,"The window into heaven can then become a window into Hell."""
7456,"“In the IDF (Israeli army), we say ‘aharai’, After Me."
7457,"Like for example 112, or other systems that we use in Holland to call for"
7458,"In GT4, we will continue to welcome the smaller constructors that come.”"
7459,"Their mountain fastnesses, their proud fortifications, should prove vain when God's time came; and it was soon coming."
7460,This time we would like to work without text.
7461,"I guess Paddy D. also came, just to talk probably."
7462,"We have also agreed today to support Georgia, upon its request, in a number of areas."
7463,So far we have introduced the ISA60 vision in ten countries:
7464,"So yes, I've gone on 99 first dates."
7465,"And indeed, this is exactly what we see today: 2 Churches."
7466,"""The European Union and the financial markets are again confiscating democracy."
7467,You can read more about this here: The Teenager Who was Executed Twice
7468,Has not the Message been established in 254 countries and dependencies?
7469,Did you send it to P9 or our general accounts?
7470,God's Word is full of precious promises and helpful counsel.
7471,"E-8 And now, I also come to throw my net in with these brethren."
7472,He has even sent thousands of young Palestinians to die [for this cause].
7473,"You’ll have to go outside, like 673 million other people.”"
7474,"“So, thank you all — we hope the Chinese film industry gets even more powerful.”"
7475,Then we can go to the 503 functions of – relatively – less complexity.
7476,No one knows where she is now and whether she is safe #Iraq
7477,"But on the contrary, he belied (this Qur'an and the Message of Muhammad ) and turned away!"
7478,Card 1: Will money be coming into my life very soon?
7479,We have also shown in many small towns and villages that something is happening for peace.
7480,"And for that, they have created a sovereign state for themselves."
7481,And pray to your God that you never meet that bitch.”
7482,why are you telling our secrets to the whole world ... yap ... let them think
7483,#15 He’s not afraid of a little PDA.
7484,"But there are thirty, and they live in peace and happiness.”"
7485,"(L) No, it was controlled individuals."
7486,"I can only lie still in God’s arms like a child, and trust.”"
7487,Your country (North Korea) can also replicate their success.
7488,"a Saviour, for to give repentance to Israel, and forgiveness of sins."""
7489,"If a miracle happened and I won something in Cambridge, well and good."
7490,There is no sweeter thing than to do God’s will and nothing so perfect.
7491,There is no sweeter thing than to do God’s will and nothing so perfect.
7492,"Separate yourselves from the midst of this assembly, and I will consume them in a moment."
7493,"for to give repentance to Israel, and forgiveness of sins."
7494,• All those present agreed that the Tourism Agency should return.
7495,"And in His case we have only heard and seen things which are not condemnable."""
7496,"125 Now, oh, here is something."
7497,I wonder what bioeconomics will offer us.
7498,"Thus the Davidians have been called to ""the Kingdom for such a time as this."""
7499,"You have to genuinely enter into the reality of the truth of God’s words, and live out the reality of God’s words."
7500,"""We have informed our commanders in Helmand to do whatever they can to eliminate him."""
7501,“Books are mirrors: you only see in them what you already have inside you.”
7502,“Books are mirrors: you only see in them what you already have inside you.”
7503,“Books are mirrors: you only see in them what you already have inside you.”
7504,Did you know it could do all that? 12 creative uses for coffee
7505,Bali is indeed a beautiful place!
7506,"The unsealing of the little book was the message in relation to time."" {7BC 971.4}"
7507,Remember the Arab Revolution since 2011 which has given so many martyrs!
7508,"What to see and do in Minsk 5 days, which is barely enough as tourists say?"
7509,They can read our confessions in a somewhat a-historical manner.
7510,“He should [have] let the south go.
7511,Let us return to the people who lack experience of God’s goodness.
7512,"(99: 8) And anyone who has done an atom's weight of evil, shall see it."
7513,"You do not know her strength until you put her in hot water."""
7514,"* It is being funded almost entirely by the Australian Taxpayer, as is the rescue operation."
7515,And assuredly the angel who guards you will honour your patience.
7516,"But if you are still in need of knowing exactly where his abode is, there is only one place to look for him: in the heart of a true lover.”"
7517,And you will know the debt is paid”.
7518,"If witnesses did arrive, they were duly examined and tested, and if their testimony appeared trustworthy, this day was sanctified as New Moon Day."
7519,He loves our country and … where is Gary?”
7520,D/426/3 was not informed about my identity or properties.
7521,"I will tear their bodies into little pieces and cause them more pain than they will ever know."""
7522,So they came and told it in the town where the old prophet lived.
7523,"#8: Unless Your Parents Were Wealthy, Don't Do What They Did"
7524,This time the development of the new planet depends only on immortals!
7525,How they have disgraced our old Iskra !
7526,"When the first hand touches you, rise your hands, and say, ""Thank You, Jesus."""
7527,No communication with D/426/2 was permitted.
7528,We saw F-18s doing what they had to do.
7529,God's assembly is a house full of salvation from one end to the other.
7530,Seven days it shall be with its mother; on the eighth you shall give it to Me.
7531,But man was deceived; his mind was darkened by Satan’s sophistry.
7532,Read articles because you follow a page 47%
7533,"And worst of all, they failed to stop the plot."""
7534,538 - provision of the Church as an institutional power and the end of the year.
7535,“I am sure they would take good care of the Indian contingent.
7536,"You wanted to meet me today, that is a sankalpa."
7537,"God in Abraham, you see it?"
7538,17 Sanctify them[12] in the truth; your word is truth.
7539,Mothers initiated this — through physical withdrawal.
7540,"When we exploit creation, we destroy that sign of God’s love."
7541,"I believe this move towards a better world, needs 1bank4all."
7542,Thank God they believed me and that is when a lot of medical testing began.
7543,I’m just going to say that Rick is going to meet this person and/or persons pretty quickly.
7544,Food and water [are the biggest trends of the next decade.]
7545,"Like more than a friend likes a friend."""
7546,“Rome must know her task in this time.
7547,“Rome must know her task in this time.
7548,Perhaps this explains why Luxembourg showed some courage this week.
7549,He became God’s enemy.
7550,"Nevertheless, Moses himself is also an Aeon—now here we have to comprehend the difference."
7551,"I swear by Allah, France is going leave the coalition."
7552,“We said everything we had to say to the enemy when we burned the parliament.”
7553,"In recent days, you have the impression that the number 642 follows you as your shadow."
7554,"And, of course, many new songs are available (We know the future, Energetic fully open DAY!"
7555,"How will you save time this week, early bird?"
7556,Cobra: I would not always agree with her information sources.
7557,Image 57 - A good lighting project should not be missing!
7558,"“If he does not, I expect extremely difficult debates within the EPP group."
7559,Did you know we are part of the EV100 global initiative?
7560,"Like #3, this is a problem that I have myself."
7561,"We know the position of our Japanese partners, who want all four islands."
7562,"Regarding a wife, it is written that the Creator took a part of the man’s soul and made a helper against him."
7563,"you can fat-finger away all of your security, which is much harder to do in OAuth 1.0:"
7564,"And early in the morning all the people came to him in the temple to hear him."""
7565,"I don't know, but someone should ask Billy Bush, if they can find him."
7566,"After all, we have only 5 known bugs."""
7567,1.1(of a person) sincere and serious in intention.
7568,We go to Ottawa Embassies personally
7569,The Prophet used to seek Allah’s forgiveness more than 70 times a day.
7570,DON MIGUEL: The Four Agreements showed everybody how easy it is just to be happy.
7571,And they looked at us now full of hatred with their cocked pistols.’
7572,Communication of these results may also be facilitated by European Cooperation Day;
7573,"“Your excellency, will they also be sent to the monastery?"
7574,"Actually, his last job in Saudi Arabia was with me…”"
7575,I can now devote myself fully to our 156 passengers and my colleagues.
7576,"Now you are your father, but a dead father.”"
7577,129 And what do we have in our Protestant churches?
7578,"7) Internal or external, we now know that a module has been hit."
7579,"You don't need to do anything, John – ex-John, former John."
7580,Now the Vice President Reding will discuss these proposals as openly as possible with the citizens of the 27
7581,"Do you think that Kosovo, with its declaration of independence and its new constitution,"
7582,Whatever you touch and ask is the best fruit in Heaven.”
7583,(Simon took the credit for himself.
7584,"He does not give us a ritual or ceremony to follow, He says, “Put on the Lord Jesus”."
7585,#5 All Your Financial Transactions Tracked By The Government?
7586,"Now you are your father, but a dead father.”"
7587,"E-119 ""So, well, Abraham, I--I think you would--you would make a very good witness."""
7588,Jesus: Pray now that the second disaster will also be mitigated.
7589,He would be my second choice after Gouges.)
7590,"The Prophet's companions sold their clothes in order to fight the Jews, and take revenge upon them."
7591,Certainly not the abstinence pledges they make young folks sign.”
7592,Certainly not the abstinence pledges they make young folks sign.”
7593,Keep your aim true” from another member of the private chat.
7594,"Without God’s Spirit, one cannot be His begotten child."
7595,"And if they do, the rewards will come."
7596,"""Never hate your enemy's, it affects your judgement."""
7597,“We just need him to keep doing it - more for England than City!
7598,What will Putin or any other Russian leader feel he needs to do then?
7599,Is that the reason why we currently have a promotional price...? we will know sooner or later.
7600,He has always been there for her (…) and this stupid media battle could end!
7601,They worship the devil; their religion is sickness.
7602,"“For Boris, my videos have three sources."
7603,"In fact, you or your child can select videos by age."
7604,"And if the prophet was called a god, because he was the manifestation of another prophet's Word, how can you condemn Him when He was the same thing?"
7605,"And if the prophet was called a god, because he was the manifestation of another prophet's Word, how can you condemn Him when He was the same thing?"
7606,"But your people rejected it, though it is the Truth."
7607,"But your people rejected it, though it is the Truth."
7608,“It was the third hour and they crucified Him.”
7609,"We all have one, so it knows who we sleep with.”"
7610,But everyone gets what they deserve and you only have to look at how FIFA is now and that tells you everything you need to know [about them].”
7611,"5:50 “or our children, through any public tutoring system."
7612,"We can call it the intelligence, the Noumenon before the phenomenon."
7613,He first of all brought food for Abraham and for his 318 servants.
7614,"Keep in mind, Europe has half our rate of Alzheimer’s."
7615,"The Ukrainians working for us – there are 13 now – have integrated quite well""."
7616,Applies also to instructors ($37.50)!
7617,This is the only way to protect Jerusalem today!
7618,"This is a material that has 45 in its name, of course."
7619,"You must bear the reproach of your sinful state of indifference, or the cause of our Master must bear it."""
7620,"Part 4; If Iran is Attacked, will anyone Help?"
7621,"They will probably have to start attacking NASA, or at least Dr Tony Phillips."
7622,I also believe that its behaviour on October 1 cannot be separated from this.
7623,"O God, today is also a day that You allow me and V. to come here."
7624,"That God will change those people’s hearts, and they will learn the truth."
7625,"“[He was] in a village, naked, alone and almost dead.”"
7626,“No one should fear me if they are a good Greek citizen.
7627,"They are our present-day martyrs, and there are many of them; indeed, we might say that there are more of them than in the first centuries”."
7628,Why should we keep wasting our money -- rebuild the U.S.!
7629,"In other words, bound up in this knowing is God’s predetermined bond, God’s predetermined relationship."
7630,I am aware you are like the moon in the distant sky;
7631,We are so crazy that there are more than three wines per person.
7632,What they bring through is their wisdom.
7633,"“We are happy about every new house in Samaria, but we have to tell the truth."
7634,"Every time I see somebody now, may be somebody on a plane or"
7635,Mercer: You were certainly creative in all kinds of ways last night.
7636,"If we cannot touch the boy at his destination, then it must be done while he travels.’"
7637,We know that God's love for His creation is eternal.
7638,We know that God's love for His creation is eternal.
7639,"Women are (still) closer to life, since life emerges from them."
7640,"Women are (still) closer to life, since life emerges from them."
7641,The life you lead conceals the light you are.”
7642,"He will not be in attendance unless called to testify,"" Evans said stiffly."
7643,"Now, let us go into the number 13, so you can die."
7644,"(T) But, you wear the watch because other people believe in time?"
7645,"2.5 In April 2008, the Commission presented specific suggestions in its White Paper (6)."
7646,"Trust the witness of God’s Spirit to your spirit, He is never wrong."
7647,(1) that there can be no human traditions of these events;
7648,God’s command was so ridiculous in the eyes of the evil world that many people laughed at Noah.
7649,Drink only levels which are normal.
7650,“I’m here today to commit to the good people in West Niagara: we’re going to build you the hospital you need.
7651,"Not only that, Robert had also helped defeat and kill her father."
7652,I cannot be satisfied with the 1967 borders alone and see them as a permanent solution...
7653,"25 and why you die,"
7654,And I showed in a very simple system in 1973 that you could do
7655,"""The road to such an end would actually be … lengthy and laborious through the civil court system."""
7656,"And from early July in the highest sectors (Laborel, Mévouillon)."
7657,"31? 32? 32, I didn't see your hand."
7658,"(L) So, I want to ask: How did he get two caps?!"
7659,He goes to save them against Yoda’s warning and not knowing of the trap.
7660,So what can you do if Aldo played with a fairly simple?
7661,"“How could people kill 4,000 animals just for money?"
7662,God’s Son does not have life.”
7663,He lived a life perfectly in accordance with God’s will and then died innocently for all of our sins.
7664,The Times of Israel: I brought you some chocolates from Israel.
7665,Can you see the substance of God’s wrath in His destruction of Sodom?
7666,"And none of them were cleansed, but only Naaman the Syrian.”"
7667,(Paul suggest that we should help those who have these problems.
7668,See how this thing ended up for our hero Tom.
7669,See how this thing ended up for our hero Tom.
7670,"That way, when unexpected things happen, you have a cushion."""
7671,Pingdom also isn't checking every second.
7672,"He has shown us the way for a life that, active or passive, belongs wholly to God’s work.”"
7673,"“[In reality], less than one percent of all exports [requests] are denied [to India]."
7674,When they lack the water of God’s Word and his Spirit of love.
7675,"I deserve better than that and I should play every game."""
7676,We couldn’t be more proud of what your Canada – and our Canada – has to offer.
7677,"E-162 And you, son, get a little bit used to it."
7678,“We always give them the first three or four minutes to themselves.
7679,"""Those modifications were sufficient to discover this vessel."
7680,“We have not established exactly what Little Sun can develop with Ikea.
7681,"[11:64] “O my people, this is GOD’s camel to serve as a proof for you."
7682,"""From a scientific point of view, are we doing the best for her?"
7683,“Her motives will be questioned and her truth ignored.”
7684,"More humble, and I believe true, to consider him created from animals."""
7685,*Why it is impossible to perfectly balance flows :
7686,[8] And they remembered his words.
7687,"And remember, everything that can be presented contrary, Satan will do it."
7688,"""I do not consider myself the father of the release of atomic energy."
7689,"No scientist or geologist can provide a 100,000 year guarantee."""
7690,But now they will have to pay for their stupidity… just like the Syrian Kurds.
7691,“Do you think a strike will begin in the US?
7692,Patient hope will be your flag; carry it in your hearts.
7693,"We say YES to Europe, but we want a new beginning."
7694,"And that, ladies and gentlemen of the jury, is the whole truth about what happened to Larry 4!"
7695,"You will be more limited for composition, for example."
7696,"In general, Alex, we continue to work with the model."
7697,"Indeed, otherwise that repentance, on which Rabbinism so largely insists, would have had no meaning."
7698,You can then follow your return into “Returns”.
7699,"At the end, I believe many people remember one thing that happened on Weibo."
7700,"In fact, they are well represented: They have a Liberal premier."
7701,I think the same thing is happening with President Buhari to a certain degree.
7702,"This morning or this evening, were you almost as comfortably seated in your car?"
7703,I hope that other groups will also come to experience the encounter with the Lord Jesus.”
7704,I hope that other groups will also come to experience the encounter with the Lord Jesus.”
7705,"In any place, at any time, you will have the impression that half of the 800 000 000 of Chinese accompany you."
7706,"And in this Trinity there is no before or after,"
7707,"Here, the misery of the soul meets the God of mercy.”"
7708,But the worst of all is that they were dark.”
7709,This world is the place in which to prepare to appear in God’s presence.
7710,"And it is the one which is in the hands of the people, and is not greater in extent than that."
7711,He does not accept God’s sovereignty in His creation.
7712,The pain was finally over for her. ∼Étienne
7713,London Metropolitan University should already have told you this.
7714,"RU1: But in general, this is a task we can solve?"
7715,Let the Christians see how you operate.”
7716,For consumers outside the EU will be given a solution in mutual consultation.
7717,"I came, He said, to create a new human being."
7718,"“We really want to have a Japanese manufacturer, maybe more than one, and I hope that they will come very soon."
7719,"“Since 1966, I’ve responded to those who call me Fabio Novembre."
7720,Be the powerful fighter you always wanted to be in Blade & Soul!
7721,a) will lead us to concede important points when the progressive Roman authorities ask it of us;
7722,Am I Going to Write About Murdered Black People Forever?
7723,"If you have already educated him on the ""reminder"", let him run across the fields!"
7724,We might even become better sellers after all of this!
7725,And what if Haiti was right in its resistance to development assistance?
7726,Your presence here among us is more than many answers!”
7727,"But when others are mentioned beside Him, they become satisfied”."
7728,CE10 - Being able to define their own projects.
7729,One of the greatest attributes of God’s nature toward His creation is that of love.
7730,`Say: The first and foremost testimony establishing His truth is His own Self.
7731,The question is whether Israel has the capability to do this with her conventional forces.
7732,"He said, ""I love you for who you are intrinsically and eternally."""
7733,Q. – You support the institutional reforms but at the same time the 20 February movement?
7734,God only knows if that affects you physically!”
7735,"But no, I swear by what you see."
7736,I want you to talk about your own knowledge to see if you have any actual knowledge of God’s actions.
7737,“I fear that it is not yet enough for him (Putin).
7738,Five goals of an International Green New Deal seem pressing and tangible:
7739,This strategy is now employed (and supported by UNICEF) in many countries.
7740,Anyone born in 1980 can claim the same distinction.
7741,"Before Jake was even born, with the loss of the other babies?"
7742,“Robinho wants to return and that helps us a little.
7743,• The family of the investor can live in Spain permanently.
7744,And the fun: these people can even come from Antarctica.
7745,Knowing this does not make it any easier to let go of him in the water.”
7746,"They were not enlightened by hearing God’s commandments, but by putting them into practice."
7747,"They were not enlightened by hearing God’s commandments, but by putting them into practice."
7748,"They were not enlightened by hearing God’s commandments, but by putting them into practice."
7749,"Would they forgive us if we killed 16 Americans?"""
7750,"""Now the Son of Man is glorified and God is glorified in him."""
7751,"""Now the Son of Man is glorified and God is glorified in him."""
7752,"""Juan Mata, what he does with his foundation."
7753,"He may treat her as he treats a piece of meat."""
7754,"The rose for one day, and you forever."""
7755,Mr. Johnson states that this is our only security!
7756,What you attract into your life is in harmony with your dominant thoughts.’
7757,"Jose: You have seen a lot, Papi."
7758,"She became his fourteenth wife, though some have left him."
7759,"When God’s Word says one thing and Satan says another, what will you do?"
7760,“We don’t want to do a vegan [specific] event.
7761,But can we really have seen Central Russia and its churches without its coat blanc ?
7762,"Your lawyer, clearly, only looked in the 1st District."
7763,"In chapter 17, Carl Munck will make this point much more visible for us."
7764,Total decontamination will begin in 60 minutes (eliminating all biological organisms inside)!
7765,I truly believe this promise is made to me as well as to Abraham.
7766,"(Every year, the students battle is quite high level….is it the same this year?"
7767,"""We are canceling two-thirds of flights so that our customers can find alternatives."
7768,"He went down to visit them to lift them up to become like him."""
7769,We said to them: No to the meetings in Warsaw!
7770,"I do not see any genuine partnership."""
7771,"On that Divine Form, with its modes and its signs.”"
7772,"Johnny, why are you late? is a game everyone can relate."
7773,"He is asked whether that is the skeleton of a king, a nobleman, or a beggar.’”"
7774,"He is asked whether that is the skeleton of a king, a nobleman, or a beggar.’”"
7775,Our faith and practice are based on God’s Word.
7776,Here we also have assimilation nd > nn.
7777,We can judge how weighty is the testimony of a dying priest who asks God’s forgiveness.
7778,"Come on Google, I’ve literally been begging you for years!"
7779,Sam #19 had almost identical situation to myself.
7780,and a time of peace will be conceded to the world.”
7781,"If, then, our Lord’s Supper took the place of the Passover Supper, yet not as a higher type – the antitype having commenced – what was it?"
7782,“Our little Jack didn’t want to be an October baby.
7783,“Our little Jack didn’t want to be an October baby.
7784,We cannot lie – we love coffee.
7785,"Priest of Israel, can you say that you have suffered for the soul of the least or greatest person of this people?»"
7786,"""I think it's pretty cool (the American Development Model)."
7787,American ultra – i just killed two people!
7788,Student: So there are seven manifestations of God?
7789,"""It happened July 20 with the United States leading that charge."""
7790,"That said, no one knows what may happen with our traditional money, either."
7791,"Do those who demonize this fuel today have reasons, good reasons, to do so?"
7792,"And did you receive, as usual, that letter you received every eight days?"
7793,(The king was also a judge.
7794,Is My Period Normal? 4 Times You Should Talk To Your Doctor
7795,Mankind are all Adam’s children and Adam was created out of clay.”
7796,"Your eyes have seen my imperfection, but in your book will have been written the names of those who do all they can, even if they cannot do all that they should.”"
7797,"They would cry out to one another, “Holy!"
7798,believes in him receives forgiveness of sins through his name.”
7799,63 miles what you will be able to squeeze out of this little electric car.
7800,Europe too could show some gratitude… I would say two things.
7801,And guess what these people call that final affirmation: A LIQUIDITY EVENT.
7802,You started showing what New Zealand really was almost immediately.
7803,"Do you remember when Google sounded like a stupid word to say, and now it’s just a word ?"
7804,"In addition, it’s necessary to analyze whether something specific has occurred between you and your cat."
7805,"That should not be missed, in 2 years there will be nothing to buy on Ibiza."
7806,"Now, then, tell me under what tree you surprised them together."""
7807,"And those I saw told me that they too, like us, no longer want this government! """
7808,"And if I do not take the oil to the king to-morrow morning, he will kill me.”"
7809,And we know how much it reaffirms your masculinity when we ... max out.
7810,"“Okay, you are the one who said these words, Seventh Prince."
7811,Welcome to the future financial world where you can be your own bank.
7812,He said he would have liked a contract and some sort of compensation.
7813,"– NUMBER FOUR: Because this month, I had three new friends on Facebook."
7814,"And for his (Nippers's) part, this was the first and the last time he would do another man's business without pay."
7815,I don’t know whether he (absent) went fishing with Puniss.
7816,Someone or something is trying to kill Seven of Nine.
7817,Kenny: And she starts to develop her own personal brand around this.
7818,"Just as this hammer produces many sparks (when it strikes the rock), so a single verse has several meanings."""
7819,"I eat even what cannot be swallowed."""
7820,[9] His work is also discussed here.
7821,"""Oh, two of the Seven Swords will be joining this delegation."
7822,and the sea obey him?”
7823,'How many of you have forgiven your enemies?'
7824,"This, more assuredly, is the better entry for those who love God today."
7825,"“You are quite right, we must and we shall listen to the voice of our movement, if there is a movement."
7826,"This is what he is saying, and this is what will happen in your Christian struggle."
7827,Those who see God's hand in everything can best leave everything in His hands.
7828,Everybody seems temporarily frozen by this man's voice.
7829,Glory be to Him:(far exalted is He) above having a son.
7830,But I love that she created a new term for my unique birth).
7831,"Nevertheless, it is certainly not enough to commit to implementing OLAF’s recommendations in the future!"
7832,It cannot bring you back to life - A Taxi Driver in Tunis
7833,It has to be something both you and your husband deeply want.”
7834,And this was after 40 years of collaboration! - Peter Bisson
7835,"21, ""submitting yourselves one to another in the fear of God."""
7836,They have or soon will have “anti-satellite” missiles.
7837,nobody or anything important in my first official presentation
7838,(But the development funds for these 644 villages did not.
7839,b) When you actualize and personalize the sermon one last time.
7840,Because we also want to give a voice to the very small nation.
7841,"If he kills a man’s slave, he shall pay one-third of a mina.”"
7842,Whether Or Not They've Always Used Protection In the Past
7843,"E-222 If I stay in the United States, I'm an American."
7844,According to her He is greater than any other man.»
7845,"You were born to be a prophet, Moses."
7846,"But whatever it is, inventions are easy for me to do.”"
7847,One of them sat with the other and they began to eat from the flesh of people.’”
7848,One of them sat with the other and they began to eat from the flesh of people.’”
7849,May she enjoy lasting peace and preserve her spirit of nobility among the nations.”
7850,"In its day, Bodie was more widely known for its lawlessness than for its riches.”"
7851,"""He started teaching his son more about who Ronaldo is."
7852,Ahab was not afraid of these 7000 “believers”.
7853,"If you had a bad day, it helps you restart.”"
7854,We’ll start something now - and with a breeze. ”
7855,Why the ‘Me Before You’ Series Needs a Second and Third Movie
7856,"When 8 goes well, he admits his vulnerability."
7857,Q: “I can’t believe how many small businesses don’t take cybercrime seriously!
7858,26-Nov-87 My peace in your heart will be a blessing for you
7859,"- In the district of Palpa 1 was injured,"
7860,“Has every barrel of U.S. production during this period been profitable?
7861,"They will say, of course, it is not true, but also out there is the testimony of the people.”"
7862,Allah was teaching the Israelites (and us) that the result of sin is death.
7863,"They should, however, explain why their alternative label or definition is superior."
7864,"And the Lord looked upon the children of Israel, and he knew"
7865,That is a win for the city and the environment.”
7866,How was this submitting to God’s sovereignty and arrangements?
7867,Tony is not included; he probably got a separate contract.
7868,Satan will be bound during My Reign and will no longer deceive God’s children.
7869,"""And you remember Rebekah's testimony that day?"
7870,"Initially, your raid needs to kill 3 of the 4 Corruptions."
7871,A mature man will never do these seven things:
7872,"Marcus said this sort of problem exists, to a certain extent, with all of the policies."
7873,The sisters will be preparing their hearts to see Me.»
7874,The sisters will be preparing their hearts to see Me.»
7875,"Yes, and I would like to stay there for the time being (A36)"
7876,And they want to destroy our happiness in four ways.
7877,"A great book compels you to reread your own soul ."""
7878,With Sean as my trainer I can actually see long term success in my future.
7879,And this is why we explain why we await the next Emperor.
7880,Every detail of every human life is known in advance.”
7881,Picture 25 - It is never too much to thank the presence of the guests.
7882,Only He can open the door of death for any of His disciples now.
7883,But two oranges are enough for my sister and me.
7884,"And many of his servants, enough to fight an army, lived out around there."
7885,I see what he was trying to do there — my ancestors were brave.
7886,There are very few things—or people—in Karachi that are indispensable.
7887,"ŞTİ. (will be used as ""B2Press"" in this contract)"
7888,But no one ever asks if you are happy.’
7889,"Your theory of retribution just leads you into making false accusations against me."""
7890,"That's very fine, Jerry, if you're here this morning."
7891,Others were more positive and claimed that Sal 9000 was their “hero”.
7892,"This is the kingdom of hypocrisy."""
7893,"Say: ""The Truth has come."
7894,"Say: ""The Truth has come."
7895,Palestine 48 must be fully incorporated into national agenda
7896,"Second, we do not know the most effective dose of RJ for a human being."
7897,I’d also like to work again with Robert; once wasn’t enough.
7898,6 What is it now and where can it be found? 7 Nothing and nowhere.
7899,How constant was His communion with Yahuwah!
7900,"""We regret that Washington continues this destructive line."
7901,"They know what the Saudis are doing in Yemen, but they are helping them anyway!"
7902,"That is where these evil, unskillful things cease without remainder."""
7903,Article Six (6) - Was a Russian Leader Abducted by Aliens?
7904,"If so, how? / Cold and Bodybuilding"
7905,"They are already holding [Muslim] prayers in the White House."""
7906,“And this is what makes us very happy and at the same time confirms that Europe is beginning to see the threats that Poland talked about a year or even two years ago.
7907,And the sons of Israel did not know that he had been murdered.
7908,E-90 I didn't come here for money.
7909,Do not disbelieve any Word of God's Bible.
7910,"- Forty! exclaims Seddak, we can equip an army with that."
7911,I smile and understand better the presence of “Fuck Water” now.
7912,“This glue has made us masters of creation.”
7913,We see it in practice when Russ is with us.
7914,You can’t leave half the team off — our young women.
7915,They had already invested ‘psychologically and financially’ in Iraq before the demand came.
7916,"If [this] and [this] were true, it would probably mean [this]."
7917,"You have not asked to be healed, but I know the desire of your heart and the faith of your soul."""
7918,There's no work of carrying [loads] these days.
7919,E-170 I can take you to the history.
7920,"However, at first sight, there is no big chance that these animals come from another planet:"
7921,10 minutes - and forgot about this infection.
7922,Ron and Donna continue talking]
7923,Charles gave humanity 96 months to save the world.
7924,Do you think our role as 3PL partner ends there?
7925,"I eat even what cannot be swallowed."""
7926,"I eat even what cannot be swallowed."""
7927,"""Explain to me, then, why he left all his fortune to you."""
7928,The extent of the teacher of God’s faithfulness is the measure of His advancement in the curriculum.
7929,But it was good for them to know it is a disease and one I may pass back to them.”
7930,"And that darkness, and the battle that it will require grows in season three.”"
7931,Would there have been then an act 2 and 3 to this ceremony ?
7932,"""But, in principle, while Moscow is playing well."
7933,We are to live by every word that proceeds out of God’s mouth; to live by it.
7934,"In 1915 as well, ""we"" did not kill the Armenians."
7935,Let’s see what just 20 short years have done for: Terrorist
7936,All you need now is to add your own special touch – and a few friends.
7937,"""You had no choice but to fight a bloody battle for a week with only 100 people."
7938,Mexico has done its part—the part that others have asked us to play.
7939,Fall of tree or any other things;
7940,Does God now have a long list of expectations for you?
7941,"This has always been the case with all the Messengers, you see, and that is why their journey in part has been so difficult."
7942,"Whether one is rich or poor, God is more worthy of both."
7943,8 billion of you cannot become gods.
7944,"(It's not quite clear what a ""nuclear umbrella"" might mean."
7945,Angela will be in this situation today.More Walkthrough Help
7946,"(Perceval) Yeah, maybe the perception at that time was that a new organized religion was necessary..."
7947,"But again we see that obedience to the Lord's commands secures the place of a friend, as before it retained the enjoyment of love."
7948,It is God’s free gift of joy given to spiritual men as a reward for their self-denial.
7949,"Thus, America has not followed carefully and professionally what the Russians have done since 2004."
7950,This was the result of your unruly life and your many orgies and vices.”
7951,"Until now, you have been introduced to only one French artist: Indolore, in February."
7952,"As we already have 93 of them, this would be our 94th tax treaty."
7953,"In the City of God ""there shall be no night."""
7954,The prediction can be different each time! (52 possibilities)
7955,"""And that is exactly the situation, we have democracy in Liechtenstein, as long as we agree with the prince."""
7956,"Only the past, when we do not remanufacture it, is pure reality.’"
7957,He will be long remembered as the Good Sir Robert.”
7958,"Being the goddess of farming (among other things), she is represented with these activities."
7959,"""We'll remind them again what they did -- they will regret it."""
7960,What is Thank Your Cleaner Day?
7961,“[Gene Smith] is available to speak with the investigative team.
7962,I’m probably responsible for a million of those hours myself.
7963,"""Yes, such a proposal from the president of Venezuela exists."
7964,"Neither in opposition, nor in majority - 36/131 deputies."
7965,“This year it will be difficult to have a profit because of the crisis in Brazil and other things.
7966,"Does it mean that from Daniel to the end of the world, there will be only four prophets on the earth?"
7967,Day 1: Say no to that Whopper.
7968,This is how you come into God's family.
7969,[post_content] => We can give you five good reasons ...
7970,"By the way, let me say one thing that would be fun for Miiverse26."
7971,The number 825 is everywhere you go.
7972,"They do not lose the child inside them, and they can be the muse of people."
7973,But he is a brother and will confess for other things.
7974,"""Excellent, but we will have to change the nature of our explanation."
7975,"So now today, 2005, I understand why Bremer fired the whole Iraqi army – because he was working for the Secretary of Defense."
7976,"Do you remember our travel day 4, the day that never existed?"
7977,This first event can be fatal17.
7978,"I rejoice that today there are over 168,000 Witnesses in Russia!”"
7979,By the 27th your career goals (at least for now) have been achieved.
7980,"I have taught you to distinguish the truth from imposture, to know the tree by its fruit."
7981,"They did this until the three men were unconscious and barely breathing."""
7982,“I think tech and innovation is going to happen in places like Los Angeles.”
7983,He was a man totally devoted to God’s will and glory.
7984,(Wrong answer--because we have a new product.
7985,"“Who hath given Jacob for a spoil, and Israel to robbers?"
7986,Today people try to make Him a--a prophet.
7987,"If you fight against the Babylonians, you will not succeed.'"""
7988,"If you fight against the Babylonians, you will not succeed.' """
7989,"Two people, an airline saved this Big Mac."
7990,(L) It's like on the forum where people are getting smarter.
7991,"(Abu Huraira added, ""They will be small-eyed, flat nosed, and their faces will look like shields coated with leather."")"
7992,"Of other generations, much is expected."""
7993,"On this day, we renew our hope, our determination.”"
7994,E-246 The rich man had his excuse.
7995,"He accused us of being jealous of him because he is doing the will of God,” the brother told Vanguard."
7996,1.41 Are there really angels in heaven? 1.43 What happens when we die?
7997,And the word you will have said two million times is…” – Yes Man
7998,What John Morris cannot accept is war.
7999,"""Explain to me, then, why he left all his fortune to you."""
8000,"Invited by Jesus, we gather together to listen to God’s Word."
8001,My grandmother said: “Help yourself and heaven will help you.”
8002,Eurodac: how to better ensure asylum seekers' rights in practice?
8003,“And they’re really strict about trying to use Ukrainian all the time.
8004,He may treat her as he treats a piece of meat.”
8005,"Nothing helps, even the doctors of Kyrgyzstan."
8006,"They both deny it, but her mother can see it."
8007,"All the people of my town know that you are a woman of noble character."""
8008,"All the people of my town know that you are a woman of noble character."""
8009,Twelve men were appointed by him for building the town.
8010,25% of Japanese hate the Golden week because they have to work anyway.
8011,"""Don't make your secondary (decentralized) system look like your primary (centralized) system."
8012,"He has shown us the way for a life that, active or passive, belongs wholly to God’s work.”"
8013,#34 Their phone is more important than anything.
8014,Where these visions of Johanna have now taken my place.
8015,But what happens when we have been married for 10 years or when our boss becomes demanding?
8016,A crime for which Dr. Alton will pay the price!
8017,"Even if there were danger, I owe that and more to the Marquis."
8018,I also don't believe she wrote this book herself in 6 months but had a ghost writer.
8019,and can claim to be the only generic planning framework
8020,Wrongly naming a thing is to add to the misery of this world.’
8021,Wrongly naming a thing is to add to the misery of this world.’
8022,“And we expect it to expand further – Hoffmann has bought 99 machines this year alone.”
8023,How would an animal or a child interpret the strange machines that we build?
8024,"Vaca Diez, do not destroy our country!"
8025,"Indeed, we, the participants in March 68, shared this struggle with the entire Polish nation!"
8026,18.23 This section concludes with an observation.
8027,Whoever comes to Rio will not be safe.”
8028,"Of course, who can leave out the beautiful city of Porto when talking about things to do in Portugal?"
8029,A person’s sexuality belongs in [the] private [sphere].
8030,"Allah preserves a man, his food and his donkey for one hundred years."
8031,May she enjoy lasting peace and preserve her spirit of nobility among the nations.”
8032,May she enjoy lasting peace and preserve her spirit of nobility among the nations.”
8033,May she enjoy lasting peace and preserve her spirit of nobility among the nations.”
8034,May she enjoy lasting peace and preserve her spirit of nobility among the nations.”
8035,"Very quickly, because I want to go to Ms. Watts, do you say yes or no to free trade with China?"
8036,The glory of the martyrs shines upon you.”
8037,Congratulations to Georgia A. for her winning video
8038,"In the Age of Kingdom, those of us who experience God’s work in the last days are also followers of God."
8039,"He was only thirty when he was appointed superior of the skete, and even in this position of authority he did nothing without his brother’s blessing."
8040,"We are not at XOXO , you will understand the principle very quickly."
8041,"Of course, there are those in Washington who want just this – war!"
8042,Some characters we know we want to see are Mother and Orphan.
8043,"but you, fisherman and profiteer,"
8044,And also because we hate exclusives as much as you do.”
8045,Nobody will be able to spit upon my Polish national character!”]
8046,and a time of peace will be conceded to the world.”
8047,The best way to act and be really effective in March!
8048,And they would be a good option for him this winter.”
8049,I’ve never seen a casino explain why in their terms and conditions.
8050,"In fact, she stayed with us for the rest of the VIP party!"
8051,"My acts define me sufficiently."""
8052,These restrictions do not exist on a Supervisor 720.
8053,(It is still an astonishing job - God seems to give us a huge amount of authority over the rest of the creation.
8054,What could he have in common with Sir Robert?'
8055,"The first sentence says, ""Oh God, place us among those who do something while they have willed it""."
8056,(Andromeda) So it's more like on/off.
8057,"(Fortunately, the women of THE 51 FUND will be of great help in this beautiful project!)"
8058,He is Hamas's god who gives them billions and tells them what to do.
8059,When teachers had to move 13 times
8060,2.2.2 This offer is now permanent.
8061,Wrongly naming a thing is to add to the misery of this world.’
8062,"I eat even what cannot be swallowed."""
8063,He then thanked everyone and the EV community in an updated post:
8064,With Allah’s permission we begin with Albuquerque.”
8065,She wanted to worship Him and give thanks for Him.
8066,E-66 How did the astronaut find this?
8067,11 – Ram Tah was wondering when we would find this type of cultural data.
8068,John quickly contacted what3words to set up a partnership.
8069,How much David would have had to show and say during the coming year!
8070,The land was low and there were no high mountains.”
8071,"""We can see all kinds of things—ancient roads and canals."
8072,* This amount is included in the project P401
8073,I asked a well-informed Iranian friend whether it was still possible to avoid war.
8074,"""Or have you forgotten what they did at Wolf 359?"""
8075,"But said, ""What if we go down to the camp of the enemy?"
8076,“I describe how an Azerbaijani helps an Armenian.
8077,"After all, they have something to lose (you, their paying customer)."
8078,"How can he defeat his third enemy, don Juan?"
8079,This was and is God’s plan.
8080,They gave them up to help prepare a place where God’s presence would reside.
8081,It is also possible to wear it better than Ariana Grande and we will show you how!
8082,"""Do not be certain of yourself until the day of your death""."
8083,You cannot say that you want to lead Seychelles as a politician.
8084,“These are the creatures that you may eat from among all the animals that are upon the earth.”
8085,"“You do these things in these places that many times, and you have a design, or a shape.”"
8086,Here's to our 142nd birthday — and to taking risks
8087,#9 They cheated on their last relationship with you.
8088,F.H.: We invest more and perhaps too much in the few children we have.
8089,We know what he’s going to say: ‘Time to pay for your sins.’
8090,We know what he’s going to say: ‘Time to pay for your sins.’
8091,Any translations must be authorized specifically by Kathryn and me.
8092,All Rwandans urgently need truth today.
8093,"Here are their friends, grandparents – in short: Germany is their home."
8094,“Being Brothers today in Africa with the Revised Rule”.
8095,"He had not come together with her before her pregnancy, thus he was not involved in the conception of Jesus.”"
8096,"""Well, now, and caricatures of Putin can not be drawn?"
8097,"LL: – But Polish history, especially Polish-Jewish history, has become one of your main themes?"
8098,My first book (1971) said that the Soviet economy had failed.
8099,I shall live like water on the Nile’s body;
8100,[1] The warrant will in fact be executed by ADA
8101,"""I did nothing to deserve God's love; in fact, I was living as an orphan, without hope."
8102,"E: We all have made this kind of a journey, too, though star systems?"
8103,"E-118 How could he conquer Bosworth, when God..."
8104,What if you were as rich as the entire city of London?
8105,They are thoroughly trained in the arts of God’s grace.
8106,"Not only today, till 96 years I will be like this."
8107,"E-99 Now perhaps I'm talking to many Jewish people, tonight."
8108,"Yes, I am a Princess, against all that this world says"
8109,"And He's the High Priest of our confession, to act upon what He has said."
8110,"Will we believe God's words, or Satan's lies?"
8111,Then a third man came on the scene to give Solomon even more concern.
8112,The plants and trees have an age.)
8113,"Such a practice is forbidden even in the course of battle."""
8114,"""(Name of a financial institution): Your account has been suspended."
8115,"“I’m like, yeah, I could talk about Josie for days!"
8116,"We will not go unpunished, as David says, and we have already known punishment."
8117,"Who are the ""we"" that spoke through more than 50 of Dr. Pearl's patients?"
8118,"And 40 people, something like that, buying tickets."
8119,And at night: Who did I help today?
8120,E-384 Are you in a hurry?
8121,"Then WELCOME, friend – this is the group for you!"""
8122,"For people like you Michael, and yes there were people on earth millions of years ago."
8123,3) You have to be physically aggressive in these environments.
8124,But with GenF20 Plus you now have exactly this possibility.
8125,"Every day I held each of you in prayer, with a father’s heart.”"
8126,"As such, the saints must go through their persecution and death by believing in God's promises."
8127,In this song I say fuck 93 times
8128,"Today, when believers die, their souls are ushered instantly into the Lord’s presence to experience all the joys and comforts of heaven (2 Corinthians 5:6-9)."
8129,"(Cox, it goes without saying, would have loved this event."
8130,The power of the Son of God’s desire remains the proof that he is wrong who sees himself as helpless.
8131,"E-57 Now, we hear so much about Jesus in these days, and everywhere you go..."
8132,"BONHAM CARTER: Yeah, our houses are married."
8133,"Besides, you should not enter and leave at the end only one of the eight secondary schools."
8134,Or would a court of law assume that they also robbed the other 270?
8135,The earth will be in chaos — not at peace — before He returns.
8136,Will the solar car be able to catch up on him in front of 46.000 people?
8137,Welcome to society Zombie: death after death 1/3!
8138,Future generations will probably not have this choice/chance…
8139,"""He had a fake South African passport and of course other documents."
8140,Or do you have a family in which a lot of tablets are used?
8141,He was seen with Andrew (and perhaps Nana) a year later.
8142,"Not a word from Mr. Huet about all these results, why ?"
8143,"His wife once said, “The only thing that could ever keep him away from the animals he loves are the people he loves even more.”"
8144,And everyone starts to realize what Captain America really can do.
8145,But there are three things that will make you a slave.
8146,"""We have the six [main] districts, which also have [sub-districts]."
8147,whether he is thankful or unthankful.
8148,"""I think I know what the sixth Horcrux is."
8149,"We were going to change so many lives with this money, this “Justice Fund.”"
8150,"Did you know that in the field, for you, they are already corrected and solved?"
8151,"(God, as Creator, identifies with those in need."
8152,"Nick is free for 2011, as we know, and he wants to be with us.”"
8153,"However, the first truly reliable message can be considered exactly what relates to the year 1199."
8154,We will join our European partners who already have their own F-35
8155,"""SUN is very pleased to contribute - through this report - to one of the most important economic debates in Europe."
8156,Who was there besides you and Mr. Truly?
8157,"And in 1378, guess what our good king does to reach his ends?"
8158,It’s a good program where I can also restore my body’s health once a week.
8159,"And Gretel, nothing for your space shirt."
8160,If only Israel did not have a democratic political system...!
8161,"It is one thing when they talk about Beijing, another thing when they talk about international organizations or blocks."
8162,"God’s in His heaven, but all is certainly not right with the world."
8163,"This should be man’s unshakable faith in himself, because God dwells in him."
8164,"This should be man’s unshakable faith in himself, because God dwells in him."
8165,"This should be man’s unshakable faith in himself, because God dwells in him."
8166,.“People of the Book” and Nazarenes in the Koran:
8167,What does Alice Miller help us to say and do?
8168,"’’Well, not Catherine though, that other girl you wanted before."
8169,Q : But who wants European federalism today ?
8170,The answer is easy: The new Impression 50 is both.
8171,"Nay, I swear by this city -"
8172,"Then we heard him sigh deeply and take off his work clothes, which were stained with grease."""
8173,"Say, ""Tell me more about that."""
8174,Remember: we are all his sons and daughters.[1]
8175,8/10 Data not provided by Fiat.
8176,This is the third and the true opinion.”
8177,May she enjoy lasting peace and preserve her spirit of nobility among the nations.”
8178,"Allow us the pleasure of instructing you quietly and in order, for you have a great many things to learn."""
8179,"As long as you keep reading and believing God’s Word, it will keep working in you."
8180,I am known by my patients -- including many women from Gaza.
8181,"“Can you imagine, dear Paul, that ever since I saw Chambord,"
8182,Everything is made of atoms; they will fly apart and that will be the end.”
8183,Our souls can never be entirely content until God's honor is fully vindicated in all creation.
8184,It is also known as Minna no tennis in Japan.
8185,KERRI: And then they put it in space.
8186,"It’s possible to have 124 best friends, right?"
8187,"A: Actually, they have a name for the New World Order."
8188,"Erminia Mazzoni, rapporteur for the opinion of the Committee on Petitions. – (IT) Mr President, Mrs Győri, Commissioner, ladies and gentlemen, I believe I can truly say that the work of the rapporteurs is excellent, as are the pleasing and comforting words of the Commission and Council."
8189,Countries (9) who abstained or absent :
8190,"If however he have it not, he has indeed the soldier's mark upon him, but he roams as a deserter."
8191,Rather You Than Me is a testimony.
8192,Senator Day: I understand what the animals or the livestock eat.
8193,"""Explain to me, then, why he left all his fortune to you."""
8194,"With or without Gay Games, you’ll always be welcome at the 6h of Paris."
8195,"However, please note that Devil's Throat (Garganta del Diablo) will remain closed for repair until 2015."
8196,"Today, we will be tired [because of our mission], we know"
8197,"And so, you are not afraid of anything but your heart is in joy.”"
8198,"And so, you are not afraid of anything but your heart is in joy.”"
8199,And some banks will charge you this service 37 € (!).
8200,"We will offer every one of those northern airlines that you are talking about, small as they are, that opportunity."
8201,3 And each world follows surely from its source.
8202,"As such, it is to be considered as a monument."""
8203,"With Air Canada, it is clear that a legal strike started yesterday."
8204,"According to Ibrahim, “nothing will disturb” the holding of the second round, which “will indeed take place as scheduled.”"
8205,"Do you remember the story of Alma, who had chosen the wrong path?"
8206,We thank your agency because everything was managed 10 and praise.
8207,Jones explains where we'll first see Mr. Nancy in the new series.
8208,"In other words, we need companies like Corus that create movies, but maybe 10 of them."
8209,"He accused us of being jealous of him because he is doing the will of God,” the brother told Vanguard."
8210,(Why do they want more ice everywhere?
8211,You can actually taste a part of heaven.
8212,"Moreover, those two blogs may even target the same geographical area!"
8213,"But he who does know it and still calls it a lie, he is a criminal""."
8214,Because in sorrow we feel almost as protagonists.
8215,"(…) ""For many reasons, I am happy to be back here almost one year after."
8216,So now I come to your country to remind you of what you have forgotten.”
8217,"Like Moses’ veil, there is a barrier of knowledge."
8218,"If you want one hundred years of prosperity,"
8219,"Made in Argentina, this refined drink is truly made for the Gods."
8220,Ten thousand idiots are a political party.
8221,"And we have substituted something else, a creed, instead of the Word."
8222,“Did you ever consider that the first 35 years of your life WAS the other shoe?”
8223,Everything is perfectly followed up by Rita and our lawyer and this is possible in your own language.
8224,“We wanted this federal system with more counties.
8225,"In that, you are already marxist (no.12)."
8226,"“Whatever name they give it, they cannot protect some of the world’s largest businesses and organisations."
8227,"Till about 1978, we didn’t want to talk to people who came from other people."
8228,How much do you know of the chastisement and judgment of today?
8229,"Auschwitz, he said, was on the list of protected areas."
8230,"Believe it or not, we even have what we call the immigration industry."
8231,"[12] ""All labour is paid after it has ceased."""
8232,Allah says in the Qur’an (51:56)
8233,K 5.6 Knows that sociolinguistic situations can be complex
8234,“It is not as if we had invested thirty candidate members of Sens commun.
8235,So I created The Black Mamba.”
8236,So I created The Black Mamba.”
8237,So I created The Black Mamba.”
8238,For I have made you a sign to the house of Israel.”
8239,"Between 30 and 70, it does not give any specific information."
8240,The last miracle of chapter 17 also takes time.
8241,They have done this to him 6 times for something that is out of this baby’s control!
8242,"By funding these programmes over the next three years, ‘7’ could help UNICEF to:"
8243,Not one single person committed suicide amongst the 7800 prisoners of war.
8244,There is even contempt for Moses.
8245,Let’s go back to this new 2008 which really changes everything since it also grows by nearly fifteen centimeters !
8246,"The whole of the rest of the world, my son explained to me, is département 99…."
8247,"provide for them all kinds of fruits, that they may be appreciative."
8248,What Corruption Really Means For America — And For Both Parties
8249,“The Palestinians use tunnels?
8250,"So as we explained, the invocation of Solomon is really a long invocation."
8251,“We are sending all these positive energy to our Gil-Ad.
8252,K: Did you share these texts with [person’s name] too?
8253,"(L) Yes, they can attend workshops and we can evaluate people individually."
8254,Russia will have to pay special attention to this new/old threat.
8255,“We have 640 acres in Texas we can use.
8256,"When will you be ready to work on a real goal, a goal for humanity itself?"
8257,"As it turns out, it is that we have not yet caught up to God’s new work, so what must we now do to catch up to God’s new work?”"
8258,Italy & Spain – these countries have a local version.
8259,[58] The other country is Eritrea.
8260,"But build them he did, and the mayor was grateful."
8261,But something inside Samantha hated being a woman.
8262,Mme Y. – The other schools are not serious?
8263,"It's hard to say what they will call it in the future, baseball that is."
8264,This time for two months to a man from Tajikistan.
8265,"Said, ""He's the son of the king of the tribe."""
8266,90:18 Those are the Companions of the Right;
8267,Carolina: Only the angry people find you.
8268,Even my 90-year-old aunt said she does it with Maltesers.
8269,"In this Utopian society, we all will work much less."
8270,"Sure, Iraq is turning into a violent jungle in our absence."
8271,A: Especially because of the difficulty of freeing this planet?
8272,"That is madness: instead of changing into angels, they change into beasts; instead of raising themselves, they lower themselves.”"
8273,Have not I written to thee excellent things in counsels and knowledge ...
8274,There are situations where even kill -9 does not kill the process.
8275,Jordan: But this also gave us kind of a mission.
8276,* The best gift is not something beyond your budget.
8277,"but rather, “I have found a truth.”"
8278,23 Anyone who does not listen to him will be completely cut off from their people.”[a]
8279,"(Yes, it appears there were seven literal churches."
8280,No tree in the garden of God was like it in its beauty.
8281,"Yes, God wants you to inherit the earth—and more!"
8282,“Africans wants money and food before they start to work.
8283,"""When you doubt your power, you give power to your doubt."""
8284,"We will stay here until the last day, even if there are a thousand martyrs.”"
8285,"Yes, no female would hate homos after all."
8286,"(95 per trade), but when it comes to new investors, you pay for what you get."
8287,Khalsa is created with the Will of God.”
8288,"‘I’ll do it, then, but only because of your great faith."
8289,At only 31' she is still capable of ocean voyages.
8290,a. we will all know how wealthy President Trump is -- or isn't.
8291,"As the new religion is the worship of the State, so the old religion was the worship of an idea.”"
8292,"What he began, or attempted to begin, in 1983 was the Second American Revolution."
8293,Just like K and I. Two: now he knows that he has a chance with the girl he likes more.
8294,As one of 191 community foundations you are part of that collective effort!
8295,[189] These appeals by Air Canada constitute a dual challenge.
8296,You see YAHUSHUA is GOD also—remember WE are ONE!
8297,And we are something like eight or ten countries concerned with this Boko Haram problem.
8298,"But there's an evil after this world which is truly evil: that which is called ""the middle."""
8299,"But there's an evil after this world which is truly evil: that which is called ""the middle."""
8300,"But there's an evil after this world which is truly evil: that which is called ""the middle."""
8301,"In addition, it’s necessary to analyze whether something specific has occurred between you and your cat."
8302,How does God's work of judgment during the last days purify and save mankind?
8303,"They were the first of the faces of hell and death."""
8304,"2.1 And In A Way, That's All I Say For Life With HIV"
8305,"Said, ""This is like the patriarchs when they gathered with their people."""
8306,"Said, ""This is like the patriarchs when they gathered with their people."""
8307,"Even when there are many people around you, you will not notice them.”"
8308,26 Only People Who Really Accept and Obey God’s Judgment and Chastisement Are Truly Pursuing the Truth
8309,And this young man was brought up there [Dulce].
8310,"will I reject all the descendants of Israel because of all they have done,”"
8311,"""Europe must always defend its strategic interests and that is precisely what this new framework will help us to do."
8312,The tree will be grateful!
8313,"However, Morales himself sees the system as more of a community project."
8314,"(Breton) So, as you know, there's five of us in the Finnish group."
8315,I swear by the self-accusing soul.”
8316,"[54:26] Tomorrow shall they know who is the liar, the insolent one."
8317,"[54:26] Tomorrow shall they know who is the liar, the insolent one."
8318,"""If you have allergies, you should consider drinking it."""
8319,"With much patience and care, your angel will teach you how to speak.”"
8320,V. Why would God consider you an adult when your 13?
8321,"Hardy: “A couple of problems there too, sir."
8322,"(Benjamin) Speaking of changes, we should now take a look at Europe."
8323,"There will be time to talk, now I want to think about the national team."
8324,"I wanted to remain among those who tomorrow will be persecuted."""
8325,"France, at the request of the governments, provides assistance (cooperation)."
8326,24option can again provide its services in France
8327,The Third Commandment: “You shall sanctify the holy Day.”
8328,Some say; It is much safer to sleep with another human being”.
8329,· To understand why the three sacred cities are important.
8330,The six white horses that you did promise
8331,I really want to be discouraged this morning by what John says.”
8332,'How many of you have forgiven your enemies?'
8333,'How many of you have forgiven your enemies?'
8334,Is the so-called impossible Angolan visa waiting for me?
8335,Why do experts around the world unanimously endorse the use of this product:
8336,'Did Jesus ever speak to the people of his day in words beyond their comprehension?
8337,"""The EU and Turkey must and will continue to cooperate."
8338,"'Yes, such a proposal from the president of Venezuela exists."
8339,"'Yes, such a proposal from the president of Venezuela exists."
8340,"“Nobody does it better,” and some of the Jewish names will surprise you."
8341,You can’t use your song (including our music) for more than 10 years.
8342,They are so many because anyone can become moto-taxi.
8343,"‘When in doubt, tell the truth.’"
8344,"Tomorrow, if you have an accident and die, you will go straight to hellfire’."
8345,Richard [Branson] even came out and said that they almost lost me in particular.
8346,"Yes, at least one more, which will be called The Woman Who Won Things."
8347,"With regard to the honourable senator's specific question, we have partners in Afghanistan."
8348,It has never been more easy to know where our products stand: with the environment!
8349,"""And what if instead of 2 people on the island, there were a different number of people on the island?"
8350,[3] This Chapter will be largely backed up by Chambon (2010) among others.
8351,2) Kids grow with a leader they know.
8352,"I have to go to the intelligence guild, and see what class they recommend.”"
8353,They are now losing this site because of another fire.”
8354,30 different programs conducted by your Avatar!
8355,"Five years ago, we could have stored our preferred system on the machine."
8356,"But after a while, the will of Moses is not enough: he needs support."
8357,"Do not expect it from cheap people."""
8358,"#3 In America today, almost everyone is considered to be a criminal."
8359,It was the first time I was hearing Jon say that they were going to take special requests!
8360,It is almost always used when talking about proofs from Allah.
8361,"You are the Lord's, and He expects much from you."
8362,If only our army and country organized such camps.
8363,MV: And he sees his family.
8364,You will have nightmares like Stalin.
8365,"K: You went drinking with them yesterday too, didn’t you?"
8366,"But these are the only things you can do with the utility port, so far."
8367,"""Certainly there is no other nation that would not have succumbed beneath such a weight of calamity."""
8368,Say: 'To fight in this month is a grave (offense);
8369,They fought for God’s Name even if they would not be saved.
8370,Surah 2:148 “Surely God has power over all things.”
8371,"(4) When was your last important dilemma, is it still unresolved today?"
8372,"So, Eliao [Chesed] is the only one capable of doing that."
8373,You have not already been accepted as a Student in GSoC more than once
8374,"In 1942, only 28 americans understand it and speak it."
8375,"Believe it or not, even drinking just plain water can be bad for you if done excessively."
8376,"'You need men, and the men are waiting."
8377,We watched the thousands of Greeks protesting calmly I must say.
8378,Peter Boy never told us what to do; we just went in to help where we could.
8379,"""But we can reapply the original food systems easily today."
8380,Thus the divine verdict as to the condition of every child of Adam is hopelessly bad.
8381,226 Remember Lot; he was a smart man.
8382,And that is how you know you have accepted your new segments.
8383,Will you be able to quickly treat each one of these seven patients?
8384,"First of all, let us see which National Aviation Authorities are linked to EASA!"
8385,[3.62] This is indeed the truthful narration.
8386,Whoever gives with joy gives more.”
8387,Whoever gives with joy gives more.”
8388,Everyone knows the story of Moses and how he was found in the bulrushes by the Pharaoh's daughter.
8389,"Therefore, all of God’s creation is based on a pattern of circular movement, since He created for eternity."
8390,Every startup is a bank — or wants to be
8391,"The weather is absolutely not predictable, it is indeed solely upon God’s will if I have a dry day or not."
8392,And what other people think about you is their problem.”
8393,Every mercy that comes from the heart brings you closer to my Son.”
8394,"The commander then said: “Let’s go, the job is finished.”"
8395,He is NOT saying there is NO AUTHORITY.”
8396,They do not want to give me a job – discrimination!
8397,(158)Only incompatible aid can be recovered.
8398,"Be not deceived in God’s Son, for he is one with himself and one with his Father."
8399,"I see that more politicians, in Norway too, have started to take this seriously."
8400,Sex is not your creation: it is God’s gift.
8401,You had the books when you did the second and third ‘Lord of the Rings.’
8402,"For example, only from my Facebook and Twitter, the bot already knows I like Japanese cars."
8403,"""I can see why women go for him"", for example, is reasonably acceptable."
8404,"J1c, however, is too old (15,000 years) for that scenario."
8405,"Do you have, Abu-Salamah, any doubt on those two things?"
8406,"(In the previous case, a doctor refused to help the victim."
8407,"So, he never refuses Sun Xi Mu’s intimate acts, in fact, he accepted them like it was his right."
8408,Indian Lake Project - Start here.
8409,"It is a sense of priorities in life, seeing that faithfulness to God's will comes first, ahead of everything else whatsoever."
8410,There are those who see their choices as dark proof of God's absence while others follow a path of noble destiny.
8411,Mr. O'Farrell can tell you what did not happen on September 11.
8412,"Millions and millions, you are probably safe."
8413,"“The whole of the globe belongs to Allah, and the whole of Allah’s law has to be executed on the globe.”"
8414,It should snap back readily and should not conform to the shape of your hand”.
8415,It must effectively and expediently implement these protections in each of its 26 institutions.
8416,There are monasteries where everything is modern—I’ve seen this in Greece.
8417,This means she must have been at least a young girl in the year 610.
8418,Each four openings are connected by a passage that allows fighters to pass easily [from one opening] to the other.”
8419,Each four openings are connected by a passage that allows fighters to pass easily [from one opening] to the other.”
8420,"When a noble disciple is thus possessed of seven factors, he possesses the fruit of stream-entry.”"
8421,"Therefore, love truth and peace.”"
8422,"“So you made them what they are today,” said Harry coldly."
8423,"""To avoid any misunderstanding: the Volkswagen Group will not be building its own cars in the future, either."
8424,"through a technical regulation, certainly not by the parliament and the council."
8425,What we do not know about tomorrow… makes all its beauty…
8426,Richard : It's merely the name that I would like to give to this form of time.
8427,"“Any large company, especially American, is proud to remind us that it was started in a garage."
8428,"And, besides, he doesn’t need American girls anymore … when he has his Russian princess."
8429,#2: I now want to be more honorable toward women.
8430,"Only our spirit, which is capable of evil, is capable of overcoming it.”"
8431,I wish that he can't work his little b....... job.
8432,* Missions in GTA IV can be interrupted.
8433,"All of the harmonical concepts in my analysis, however, are Greek."
8434,How to divide ex-Ukraine? » »
8435,Canada needs a site where its military contribution is explained
8436,God's still got mercy open; just keep flowing into it as fast as you can.
8437,"Technically, we can still do it, but we will not poison the lives of 50,000 people! """
8438,"[5] At the time, we commented at length on Israel’s future in such a Middle East."
8439,Was not our Lord barely thirty-four years old when they killed Him?
8440,9/11 Crash Test | Impossible is still impossible
8441,"We have our own traditional conservation technologies, you see."
8442,Do you know how different the Empire was in 2916?
8443,“Although he had performed so many signs in their presence they did not believe in him… (Jn 12:37).
8444,"He accused us of being jealous of him because he is doing the will of God,” the brother told Vanguard."
8445,"This time, it acquires Marcel Électrique Service."
8446,"He pointed out that ""Planet 50/50 will immensely benefit humanity as a whole."
8447,Do not be surprised if they are used.”
8448,"Unless, as I wrote earlier, we see dictators in the west."
8449,"Their eyes are galled and their hearts are pained with the thought that it is ""forever""."
8450,"However, it is no surprise that Kenya and Morocco spend less than 4 and 3 hours online per day respectively."
8451,( 79 ) And it is He who feeds me and gives me drink.
8452,DON MIGUEL: The Four Agreements showed everybody how easy it is just to be happy.
8453,"Second, the sanctuary service with its sacrifices.)"
8454,"""We agree that going beyond the cookie is important."
8455,"“Man was created weak,” says the Quran."
8456,This Word needs a place (our heart).
8457,Did the pharaohs get help… From above?
8458,Day after day he came like this to give him the eight precepts.
8459,(Richard) On one hand I understand why the IMF and Euro is doing this.
8460,"Answer: It was the Creator’s passion, He wants our correction!"
8461,"“Yes,” he wanted the seats."
8462,This is the external explanation-that he went from an unsafe place to a safe place in order to establish the first base for God’s Light.
8463,Man is made for the peace which is God’s gift.”
8464,Otherwise the person will stay a consumer/victim of the pharmacology industry all her life.
8465,"""You cannot be against General Lee and be for General Washington."""
8466,Follow God’s guidance even when it is difficult – It does not always feel good when we have to bear our cross.
8467,With them I wanted to do one thing; with you it is something completely different.”
8468,So far you have been trusting me with distributing the Blood of the Lord.”
8469,"And she said, “So, Adamus, so what’s with Shaumbra these days?"
8470,"(We are individually important, and we are collectively important as a unified church."
8471,No one looked at his first 150 videos.
8472,"As the weapon of the revolution is in my hand, so my presence will be forced [upon Israel]...”"
8473,"I think most of you are aware of the organization that I represent, Reserves 2000."
8474,"I hope that they got the message; if not, they will get it later."""
8475,"And more importantly, if aliens visited the planet before, will they return?"
8476,"Is it possible, impossible, or certain that someone watches television 4 times a week?"
8477,DAVID HEYMAN: They will be very faithful to the book.
8478,"It is the one that awakens the day, the Logos."
8479,-Why should JACK & JONES choose you?
8480,Wouldn’t you like to know all the Internet marketing “secrets” that have made me the man I am today?
8481,The Alzheimer Society of Canada is not going to change its name in 180 days.
8482,"AS: Well, at the very least, you were both married to the same woman – on television."
8483,"""Doctor, you will continue to work with Oz..."
8484,"""Dolphins are respected and protected in this part of Japan."
8485,Thank you also for the three volumes of your dialogue with Monsieur Diat!
8486,"“The entire world stood on one side of the river, and he was across [mei’ever] the other side of it.”"
8487,“Do we really need 27 scene changes?
8488,E-94 Give me the baby.
8489,"Indeed, it is for ""a blessing in the midst of the land,"" even to all nations, that He is to"
8490,"Not only that, but the entire US military strategy is now obsolete."
8491,But Section 13301 could affect the lives of millions of Americans.
8492,"after this will come the great divide, when the souls who respond to his mercy will be taken aside."
8493,Why the Most Successful Businesses Follow These 7 Natural Laws
8494,"In fact, he started to be afraid of us because there were so many of us Israelites in Egypt."
8495,"15`), but this seems to be a mere concession on the part of the officiating minister."
8496,*EU and other residents: Same procedure will apply.
8497,How does God's work of judgment during the last days purify and save mankind?
8498,I wanted to know if there was something in the world of that time similar to what don Juan said and did.
8499,"That said, “If they do seem upset, comforting can be very helpful.”"
8500,These 40 African countries could help explain
8501,God’s Son was resurrected.
8502,"[27] In China, the waiting period for these organs at some hospitals is calculated in weeks."
8503,"And we always would like to get a place where we could just say, ""This is ours for good."""
8504,Your car may not require exactly 24º of advancement.
8505,Rothschilds wanted Palestine for the following reason.
8506,"That is when they find out who really is worse off, and weaker in power.”"
8507,Except that Charlie wants the money promised or Albert will be in big trouble.
8508,That is why you hear very much from the Europeans “E3 plus 3.”
8509,"Are you going to smoke those cigarettes, or not, because you want to be healthy in 30 years?"
8510,knowing what must be done does away with fear.”
8511,Why should those who want to study in Japan choose Go!
8512,If God is real (and He is!) then how could 9/11 happen?
8513,"With Padre Albini, let's be missionaries today"
8514,E-24 Everybody is always looking at their symptoms.
8515,'By the Lord!
8516,"As the people said, this excavator is operating to make roads.”"
8517,[162] Many of these problems also affect the civilian courts.
8518,"At least because they fought for ""a world without Russia and Latvia."""
8519,"They fear that Israel will “get away with it”, under the cover of disengagement."
8520,"""I also think it was because he saw what had happened to Brian."
8521,They will find justification for every violation.
8522,For this 11th level I imagined an old mining.
8523,What We Can Do on the Internet 85.
8524,"SWITCH is also represented within FIRST Task Force 1."""
8525,"A great book compels you to reread your own soul ."""
8526,This is the challenge of the group which I created: Positive Human Effect
8527,"Say, “The truth will be heard and justice will be preserved!”"
8528,"If yes, an additional 45 days with a revised action plan."
8529,"For that purpose, never ignore these 8 things regarding your dreams:"
8530,Unless they LIKE all the revenue that cigarettes generates for them??
8531,"No, but this list above will keep your family alive."
8532,All of you are invited; and I’d be interested to know who else I should approach.”
8533,"Then you say, 'I saw a still more beautiful mountain two years ago'."
8534,"E-386 They thought Paul imagined It, too."
8535,By God's call he became a pilgrim.
8536,And we can add: from division to unity.”
8537,And we can add: from division to unity.”
8538,"Wrong, he called me (with a very cute congratulations)."
8539,"Remember, we are made in God’s image, and God uses the power of speech to make things happen."
8540,There is no greater obstacle to God than time”.
8541,6 October 2010 “ The future of forests is in your hands.
8542,"And today a believer can walk right in the face of death, saying, ""O death, where is thy sting?"
8543,"Encourage him, for he shall cause Israel to inherit (the Land)."""
8544,"""His release saved our transition and the situation at the last moment ..."
8545,Those that are called back to God prior to the disaster are many.
8546,- Because you save money with low-cost European mobility ... some examples?
8547,[4] Certainly a lowball estimate.
8548,"'We would love for him to come back for what it would mean, as much as a player as for the dressing room."
8549,Say: “The Truth has come.
8550,Say: “The Truth has come.
8551,Sometimes there’s not even the good old McDonald’s to rescue you.
8552,It won’t be good if you give me red packets in private again.”
8553,"David wants, but not Victoria, according to other sources."
8554,"If we can do this, we think the ICC is able to do more.[125]"
8555,"“Brothers, this is why we recall today what Allah did to the Jews...”"
8556,b) Do you understand the very clear message that AKEL is sending you?
8557,(We need to be sure that the prophet does not confuse his impulses with God's message.
8558,You may have noticed that the list of attributes of God’s teachers does not include those things which are the Son of God’s inheritance.
8559,"And he was studying; oh, God was moving on him for a song."
8560,"Say, ""He's lost his mind, gone crazy."
8561,"He accused us of being jealous of him because he is doing the will of God,” the brother told Vanguard."
8562,You won’t have much opportunity to use it outside of Moldova and Romania
8563,"You may have already seen it, with its many stabilisers!"
8564,"Answer: Before solving the conflicts between men and women, give them the upbringing!"
8565,"Student 2: Raise your hand, anybody who’s against United Russia."
8566,(I am referring only to the war between the terrorists and the counterterrorists.
8567,It is advisable for man to inquire into God's will and to act accordingly.
8568,Your gender predictor was also correct for my second child.
8569,These are the new investments the police purchased after 2014 – and it didn’t work!
8570,"but rather, “I have found a truth.”"
8571,"but rather, “I have found a truth.”"
8572,Or maybe they will just convert to Christianity as you did?
8573,"""And though in the sight of men they suffered torments, their hope is full of immortality."""
8574,"""With only the best intentions I tried to help Novak."
8575,“We didn’t want our new child to be older than the first one we adopted.
8576,These habits should not be a woman who appreciates herself: 1.
8577,"Now, then, tell me under what tree you surprised them together."""
8578,"The opening day was an act of trust in God’s desire to bring help to the poor, the sick, the people persecuted for their faith."
8579,"Peter then remembers everything, including the night of the explosion."
8580,But in the medium term it is the EU itself (and its citizens) that will be harmed by this double ethics.
8581,Wrongly naming a thing is to add to the misery of this world.’
8582,Wrongly naming a thing is to add to the misery of this world.’
8583,Wrongly naming a thing is to add to the misery of this world.’
8584,Wrongly naming a thing is to add to the misery of this world.’
8585,Wrongly naming a thing is to add to the misery of this world.’
8586,Wrongly naming a thing is to add to the misery of this world.’
8587,Wrongly naming a thing is to add to the misery of this world.’
8588,Wrongly naming a thing is to add to the misery of this world.’
8589,Each local group could then have adopted its own style of deformation until 1300.
8590,(We should not have pride based on the fact that we are better than the person we are helping.
8591,"And two people took him, very, very far from the automotive industry."
8592,"Kennedy's reforms were, and could only be, half-measures."
8593,You will be bound to them with new and wonderful ties.”
8594,The symptoms are always taken seriously; they are what they are.
8595,And prayer in the Sacred Mosque is equivalent to one hundred thousand prayers [elsewhere].
8596,"""I have an idea for Chucky in Space."
8597,"""Yes; but their food is in keeping with their nature."
8598,"Claire C: We have made some structural choices, in our acquisitions for example."
8599,"I'll speak on a group of 34 rather than 20, because that's the size of our group."
8600,"""Of course, the advisory board could have decided against me later."
8601,Kim also spoke about the renovation process by saying that everything was being done step by step.
8602,"All UN ambassadors were not ""bought"" even with a new car !"
8603,"Moreover, since 1995 Oktoberfest has had its own logo!"
8604,"Towards an area of freedom, security and justice, COM (1998) 459."
8605,"Oh, and they’ll have a (mechanical) hand in your future surgeries too."
8606,"""I also hope this is one of many Australian space research missions."
8607,"Greece needs a progressive exit, in other words."
8608,"Hip, but above the need to be seen as cool?"
8609,"She said, ‘Yes, but the one with the three soldiers is better.’"
8610,I believe it’s not possible to meet with Albanian girls in your ways.
8611,What could also help us is probably another white paper on defence.
8612,does not have God's Son does not have life.
8613,does not have God's Son does not have life.
8614,You haven't truly lived until you've experienced ____ and ____ at the same time.
8615,2:9 would be chronologically earlier).
8616,Never draw five if you have a “Jack or Better”.
8617,"And even today, after two thousand years, his people, the Jews, as a whole, have rejected him."
8618,‘What Is and What Should Never Be’ was the first true Page/Plant
8619,"He is not requiring the creature's righteousness, but revealing His own."
8620,"E-112 God, You never send these things..."
8621,You can feel the human hand in its creation.”
8622,And even that may not contain the original meaning of God's revelation to man.
8623,And he even can explain why Russian women are so beautiful:
8624,"“Thanks, I’ve had to go buy more bananas three times tonight!"
8625,I wanted to celebrate vodka on several levels.
8626,"It is far from Europe and, therefore, from all our historical conflicts, he explained."
8627,The EU - a destination for 2 million people a year – fundamental principles for an EU migration policy
8628,Canada can return to much higher annual growth with a simple solution:
8629,You (and your relationship) will benefit on so many levels.
8630,So why do scientists estimate that only 37% Americans actually feel it?
8631,And 23 of which actually registered their experience with Dr. Long.
8632,We will discover and show you all the costumes of Portugal.
8633,But there will be a lot of federal workers — thousands — who will see a change.
8634,A computer is used to monitor John during the intervention.
8635,OK Indian currency should now be OK.
8636,"138 Father, we come this morning, as Your humble children."
8637,The Honor 10 can now translate by itself.
8638,Let us go back to our Mr. Cohn; he certainly has beaten all records.
8639,In your brother is the light of God’s eternal promise of your immortality.
8640,What was God’s purpose in allowing him to endure two years of such great pain and loss?
8641,"We have had “freedom and justice,” and that is why we have been almost exterminated."
8642,"Do you know, however, that long after God has begun the work of judgment among men, you are still nestled in sleep?"
8643,"""When you doubt your power, you give power to your doubt."""
8644,"It is a commandment of God (Acts 10:33, 48), and if a man has truly repented he has committed himself to obey God's commands."
8645,"It is a commandment of God (Acts 10:33, 48), and if a man has truly repented he has committed himself to obey God's commands."
8646,"Or better yet, let me die right here in the rain.”"
8647,But the free market will also raise wages for those with a single job.)
8648,I loved Haiti when I had to talk about it after January 12th.
8649,"And in the last days, the sign of Sodom will appear."""
8650,"Believe it or not, someone (the University of London among others) has done a study on the subject!"
8651,(1) This group also has more opinions than questions about Europe.
8652,YOUNG: Did you just refer to him as a prophet?
8653,"One day they will say: ‘If it had not been for the Church, we would still be abandoned and ignorant.’"
8654,“Everything we look at with this virus seems ...
8655,Nearly half of Americans still believe the war was legal - and it's easy to see why
8656,The Scriptures therefore furnish no basis for the song: “I want to be an angel and with the angels sing.”
8657,6:46 Rich people know how to manage their money.
8658,In the summer of 1988 they realized that it indeed could be a credible commercial product.
8659,"Not by his name, but by his name-transcending ""you""."
8660,"Having suspended the application of Rules 37 and 39 of its Rules of Procedure for the duration of this meeting,"
8661,"Thanks to SIAL Paris, Alternative Food will soon be far more than just an alternative!"
8662,John Paul II thanked those who develop Islamic culture!
8663,"We think, Ken and I, that there are real sources of hope."
8664,February 17th: Do you have the right commercial model?
8665,"This month will be, for each of us, what we shall make of it."
8666,"The Father's will would be fulfilled in him."""
8667,"Every trip you live three times: when you dream, when you live and when you remember."
8668,These Egyptian actors who will (perhaps) win a Golden Globe in 2020.
8669,"48 Laban said, “This heap is a witness between you and me today.”"
8670,"The LORD has done what he promised through his servant Elijah."""
8671,You are now the blessed of Yahweh.”
8672,“We understand why White Helmets are being defended by Western capitals.
8673,"Otherwise, 486 (Busy Here) should be returned."
8674,"""I think you will more regularly see the use of the criminal justice system ..."
8675,"The combatants said, ""We can kill you,"" and shot in the air four times to show what they could do."
8676,"""I love you and 60,000 people at the Rose Bowl loved you too."""
8677,This is Joop! - unique in its style.
8678,"[Note: Again, we see frequent alterations between J and P."
8679,"And after 17 years, no one is allowed on the hydroelectric plant!"
8680,Taylor could very well be looking for a new partner after Tokyo.
8681,Even my own children cannot replace Jesus!”
8682,(There are now Delong) there are design risks.
8683,And there are others who do what they can while keeping their heads low.
8684,08/06/2015 Ukraine has many problems.
8685,"And on Friday, you will test it with real live humans.”"
8686,"As for a country like Senegal, since 1960, I will talk about the confidential power of women."
8687,from 200 to 2000 (it is also possible imprisonment)
8688,"As a result of a constitutional revision which occurred in 2003, these regions are now to be called overseas regions.)"
8689,Your partner counts while you do 100 burpees
8690,When are bears most active/hungry?
8691,"Verily, he has told you the truth though he is a liar WEB"
8692,I wrote at least two death scenes for him!
8693,(Save me: The Lost World) - Can you become the supreme power in this toy?
8694,I think these borders [between Abkhazia and Georgia] should be opened so that people can communicate with each other.
8695,* Photo: 1325: women determined to build peace.
8696,Do I want to be a model like all the other ones in Colombia or do I want to be the first Colombian fitness model?
8697,"23:11 Who will inherit Paradise, wherein they will dwell forever."
8698,"But your people have denied it, while it is the truth."
8699,"As captain, I have worked for only four owners."
8700,"And since January 17th, it is the common horizon that we share."
8701,"And since January 17th, it is the common horizon that we share."
8702,The Qur’an regards human life as being exalted and inviolate.
8703,"And Ziba responded: “The donkeys are for the household of the king, so that they may sit."
8704,Which (finally) leads to this month’s theme: Leading Ladies.
8705,"And the thirst, Lord, that I have, someday I expect to be a great person."""
8706,Image 57 - Each place with its joke.
8707,If your child tries for the first time a difficult task:
8708,"Thus I am told: ""You are against the Pope."""
8709,but who would pay to see my Aunt Minnie?
8710,"“I was six billion people, Doctor."
8711,"Say “NO”, when it is required"
8712,"The prime motive should always be the response of man to God's Message, and the recognition of His Messenger."
8713,"I thought responsibility and security would arrive, well, just because."
8714,“We are happy that finally parliament has approved these regulations [for the fund].
8715,"You do it by sending a poorly written letter to Iran."""
8716,And Joseph’s hand shall close your eyes.
8717,"We know from the Bible that he was really angry, we also know why:"
8718,"They are similar to the fez, and the kufi."
8719,"(Next month, we'll study the animal even more closely."
8720,"We are now exporting our medicines to 90 countries, which is unprecedented."
8721,E-155 Israel lost their faith.
8722,Why We May Soon Be Living In Alexa's World
8723,"I felt, more powerfully than ever, that what I had created had a purpose.”"
8724,You mentioned your meeting tomorrow: you will meet with the President of Belarus.
8725,"And in Kenya too, Lord, please, Lord, in fact, do it in every crusade."
8726,"To those who say, “No,” I remind you of what happened in Kenya just five years ago."
8727,He had sent it in the morning with all the ad-libs.
8728,"[Strange precaution, isn't it, for a 36-year-old teacher?]"
8729,Chapter Animals explains you our expectations of this conference!
8730,Why Spending 30 Dollars a Year on Each Adolescent Is Essential
8731,"Japan as you have seen, or as you would imagine - 4th Edition"
8732,"""We can see all kinds of things — ancient roads and canals."
8733,"myself a king among his sons."""
8734,"In fact, this kiss kills Abraham."
8735,"As he had worked with David in the past, I made him listen to my latest creations."
8736,This is truly a fish of a lifetime.”
8737,Wrongly naming a thing is to add to the misery of this world.’
8738,"And if it was made very clear in 1995 with the court's decisions, why do we need these two retroactivity elements?"
8739,I smile and understand better the presence of “Fuck Water” now.
8740,Idolatry is an abomination in God’s eyes.
8741,"(Fifth if you count this year, when he chose not to play.)"
8742,"(L) We have our problems with organized religion, but it's better than thinking that you yourself are god!"
8743,"We should not try to dictate to God what is right for His Church."""
8744,Science Says You Can (Partly) Blame Your Friends
8745,Science Says You Can (Partly) Blame Your Friends
8746,"E-216 Father, remember them all."
8747,"No, no, he approached them with their vivacity."
8748,And they would be a good option for him this winter.”
8749,"Verily, I swear by this city"
8750,Quran 19:92 And it is not appropriate for the Most Merciful that He should take a son.
8751,Ask them in our group VKontakte
8752,"“However, if Brian’s body is found in area no 8."
8753,"3.10I am a company, can I sponsor a campaign? +"
8754,You women in bed will finally be a good man.
8755,"When you are far off, you become a target of God's enemy."
8756,There are very few things you cannot find in a 7/11 in Taiwan.
8757,"Thanks to the prayers of many of you, I am able to continue the fight for Iran."
8758,15h02 | “The courts sometimes rewrite the laws.”
8759,"To destroy can be the thoughtless act of a single day."""
8760,"What exactly was this “5th element” that John, and thousands of alchemists before him, attempted to create?"
8761,I am also proud to say that 14 of these countries are in Africa”.
8762,( 79 ) And it is He who feeds me and gives me drink.
8763,"15,000 refugee are living with the local community? and the are getting the same assistance?"
8764,"We are an army and we demand obedience."""
8765,We would not say – and you know it well – that Che invented the budgetary system.
8766,"However, they won’t stop investigating the 506 suspects either."
8767,"""He who conquers himself is greater than he who taketh a city."""
8768,E-21 We are the children...
8769,This is why many workers are already sceptical about what can be achieved on 30 November.
8770,"""Know, oh, Obama, that we will reach America."
8771,"In the year that you leave Ireland, you must also bear in mind the 280 day rule."
8772,Who knows who they are — some could be ISIS.
8773,Their five beers should be sought out if possible.
8774,It is a war against all nations.”
8775,"Obama now, Bush before or the new one that is coming in November."
8776,"who you are, and what kind of person you are[7]"
8777,"Obviously these men had tricked Israel into a sacred promise to spare their people, which was against God's will."
8778,There is no other “wall” through which I can enter the spiritual world!
8779,I'm sure 99% of you have a great public area to use.
8780,I could not see has each one was quickly recovered by one of the Mayans.
8781,"However, believe it or not, even your personal assistants can have personal assistance for just $179."
8782,They ask him what was the greatest command of the law.
8783,I don’t know how much Chinese blood these dual-national South Korean doctors have on their hands.
8784,I am being paid for the post but only by Joanne herself.
8785,Many years ago I changed my attitude towards him (the president).
8786,HUO: The need for space can also be seen in your way of living.
8787,Instead—as in Portugal—sick people would get help.
8788,"""We had a deadly weapon: the media."
8789,Why not start the first free party in Turkey!
8790,"God’s “desire to never look upon the city again” is His wrath, as well as His majesty."
8791,True love is possible. - Tammy K.
8792,"After false religion is destroyed, Satan and various elements of his world will attack Jehovah’s servants."
8793,They see on social media that they can try these cocktails.
8794,"Do you know, however, that long after God has begun the work of judgment among men, you are still nestled in sleep?"
8795,Hard Truth No. 8: He Can Eat More Than She Can
8796,Do you think we were going to question the Lou's orders?
8797,"I recommend you never try to take advantage of them, as it can backfire and cost you dearly."
8798,Truly fulfilling one’s duty is done on the foundation of a clear understanding of the truth.
8799,So you want to avoid all that - and you want a number of things:
8800,"Not only that, but there are around 3,000 with their own atmospheres."
8801,What does this suggest about the clarity of God's messages to His prophets?
8802,Down with that separate peace!”
8803,"We do not want Saakashvili to appear on our political scene in the second, third, fourth edition."
8804,(Since when does the UN have the right to redraw national borders?
8805,“I have an idea for Chucky in Space.
8806,She went crazy in Boston last week and married a nigger!”)
8807,"(L) Well, they said the steps were right in the first and second dances, or a combination of something of those."
8808,So this Capital of Culture 2015 can show more than its favorite drinks to its visitors.
8809,"In fact, there were several times when he checked it after only 20 seconds!"
8810,I think that one day I will find a way to write John Hamon in a more sustainable way.
8811,"And by this they'll believe, by these two signs."""
8812,Yeltsin was loved at least until 1995.
8813,"EGF assistance is added to the efforts of the Member States at national, regional and local level."
8814,Even in the Soviet Union already from the beginning to build a good aircraft.
8815,"I did not see you fasting in any month as you do in the month of Shaban""."
8816,Marco Antonio I usually don't care about my physical health.
8817,"This spring (1977) has everything, but nothing that belongs to spring."
8818,Image 37 - And this proposal?
8819,"And now we finally have the evidence, with the van and the loot.”"
8820,“Would another university have done what the University of Ottawa did for me?
8821,"Now, let's just see what she did, some of her false doctrines, what was done."
8822,[54:23] Thamood denied the warnings.
8823,They knew that as small countries they had to remain open.
8824,"What options do I have at 26 years old, with 1.2 million USD?"
8825,They want to see – or I think they should see – a true Master.
8826,What do I do if Timu ignores me today as well?
8827,Actually that’s what I want to do from now because I have mobility problems.
8828,Serious or severe: <8 points.
8829,Tom is looking forward to making a suggestion for his planet.
8830,"I do not see any reason, then, to say that this is a heresy”."
8831,"“We need to know two things: first, we need to know the survival rate after 110."
8832,But there will be one (smiling).
8833,[17] Sanctify them by the truth; your word is truth.
8834,A true Muslim submits to the truth when revealed to him.
8835,26:20 He said: ‘I did that when I had gone astray.
8836,I would like to state that the statement I made on 26th May 2007 in Portugal is correct.
8837,Everyone will meet at 25 McArthur Avenue to begin.”
8838,108 So be not in doubt (O Muhammad SAW) as to what these (pagans and polytheists) men worship.
8839,"You have to save the world from the evil demons, which wage war against humanity and the other races of light.»"
8840,"— At the same time, in 1990, another major agreement was successfully negotiated and then violated by Washington."
8841,"Since 2006, a maximum of two international recruits have also been admitted."
8842,“I thank god my mother became better in two things.
8843,Maybe this whole campaign against me is organized by the negative part of CIA?
8844,Where are God’s men in this day of God’s power?”
8845,Know that one day your pain will become your cure.”
8846,I saw them develop Rivers of America without water.
8847,"He ask when will you forgive me, it’s been almost four years (since I caught him, that is)."
8848,"I was just Barbara, and I could be Barbara for everybody.”"
8849,"For those who do not know me, I am first and foremost the Director of Vini Be Good, since 2005."
8850,"who ?”, 14 December 2010, European Studies in"
8851,When the 9th house is powerful we want more meaning in life.
8852,"And the Devil said, ""Always tell the truth."""
8853,People must be cleansed; they must become doers of God’s will before they can enter the heavenly kingdom.
8854,“This is why the F/A-18 is so important to us as a tool.
8855,Enter not the Prophet's houses
8856,"(We are individually important, and we are collectively important as a unified church."
8857,Here is a picture of St. Alban and here is his Life.”
8858,"See also the European Community Declaration on the Recognition of New States, 1991."
8859,* It has no effect on women this has been proven.
8860,“We regret that Washington continues this destructive line.
8861,"The white man refused and shut himself up, while his servants kept guard night and day with loaded guns."
8862,Matters were somewhat different in American monetary economics.22)
8863,"They found some blood, they found two teeth,"
8864,They provide something stronger: they are a connection with YOU!
8865,114 We want to draw your attention to another little man.
8866,So In Love With You made famous by U.N.V.
8867,Did George W. Bush know that these devastating disasters were going to happen that day?
8868,"They Left This Morning, Something About Egypt…”"
8869,“‘Do not swear; your eyes are big with a secret.
8870,how can he take care of God’s church?”
8871,"Finally, we have a measurement to work with: 0.3 watts."
8872,The rest is mainly I and a minimal presence of E3b.
8873,“Is there anything to fear [from] the left wing in Greece?
8874,"What she does during this month of June, using her last forces."
8875,"He began asking, ""Give me the 12 details of your own individuality."""
8876,"They are my Space Marines...and they shall know no fear."""
8877,Who is the real “national” television in these conditions!
8878,And if we are human beings have we reached the Absolute State?
8879,The remedies that Tom makes have something extra
8880,You or Axum would have divided her power among many.
8881,"""You can consider the Kamaiya system as a prison."
8882,"And knowing it is around the corner, I want to nudge [it] in that direction.”"
8883,"You see, son, in your hands you hold the power of life and death."""
8884,It was recorded in five countries (I think) in Europe.
8885,"he said, ""You see, the Acts was only scaffold work for the church."""
8886,"he said, ""You see, the Acts was only scaffold work for the church."""
8887,"(L) No, they are in other dimensions and densities, is that correct?"
8888,"“Which is right in God’s eyes: to listen to you, or to Him?"
8889,"Is this a good sport for my 75-year-old grandmother, certainly not."
8890,Tell us what you lost and found in one of our taxis ...
8891,For example you only need one article which seems much less intimidating than German!
8892,3.11 Protecting the EU citizens.
8893,That’s because they believed that at the end of the year some monsters would wake up.
8894,"“He that is greater than his friend, his desire is greater.”"
8895,Why the EU is not yet a mature development partner
8896,You put cold things in and they stay cold.”
8897,"Meantime, they say, 007 lives quietly, somewhere in the United States."
8898,"""Just tell us what Vladimir has on you."
8899,"[A. Darcheville] - ""Let's go back to this famous night."
8900,"Whatever the outcome, we may surely thank the Kremlin for that, too."
8901,E-151 The old man preached for years and years.
8902,(2) We actually need much more than $10 million to execute Gini’s long-term roadmap.
8903,"When we exploit creation, we destroy that sign of God’s love."
8904,"Just as when babies are born they go through various stages or changes, so too with the creation and God’s Plan."
8905,“Medical procedures that have not been possible until now become possible with the world’s smallest camera.
8906,What if you hadn’t been home when Dr. Watson called?
8907,“Don Jr. … potentially the president himself.”
8908,(We will see this for each of the churches.
8909,"'Surely this man was the Son of God"" (Mk 15:39)."
8910,He obviously wanted the support of his three hidden martial uncles!
8911,"English cafe restaurant, typical place, see you soon !"
8912,Our beer cannot be ordered if you are a minor.
8913,The next step is to take 11/11 truly global.
8914,You will need to create 100 units with your Elephant.
8915,to bring the message of God’s tenderness and compassion to the entire human family.
8916,Jake believed in a fair chance for everyone on The Ark.
8917,God created this in a day and He did it according to His specifications.)
8918,He came as the true and only Jewish Messiah.”
8919,Something evil will go forth from nation to nation.
8920,And all in the name of ‘peace’.
8921,The second sentence would be appropriate if your paragraph or section focused on ozone.
8922,(c) You don't cover what we should do for 0-5.9 months as we want to include them as well.
8923,(Because they cannot defend the temple - which has been rebuilt.
8924,Such are the words of those who do not know God’s work.
8925,"Say, “The one who scattered Israel will gather him"
8926,That's the day you separate yourself from God.
8927,"He then said, ‘Mary, you can do better’.”"
8928,It was an honor to watch #18 for all these years.
8929,Agenda of February: You are free of your burden.
8930,"I said, ""Because if you ever associated with God or with any of the saints, you'd associate like that."""
8931,"""Everybody knows that due to my personal situation, Spain attracts me."
8932,"For example, you are not technically allowed to own 5.32 NEO."
8933,"You know, after calling them monsters–oh no, we can."
8934,"Even if you forget something at home, a 7/11 will save you."
8935,TOP 5: nothing seems to stop the Google machine...
8936,You are supposed to be normal if you follow these 47 stupid rules.
8937,I can’t believe [terrorist attacks] are happening in my country again.
8938,"L176.2* appears to be primarily northern European, though it has been found in Spain."
8939,"(Not what men say, what the church said; but what God's will was.)"
8940,"He told me, “Your brain is just like a donkey [a symbol of inferiority in the Arab culture] that can get you only to the palace door of the king (Allah)."
8941,1 – The meat must become occasional again
8942,He knows only the fear of his heart.’
8943,Now he or she will receive your messages again.
8944,"“In short, this 5.7 meter female was starving!"
8945,This is life and peace.”
8946,"You were typically looking at animals, nature, scenes that could have taken place in October or February.”"
8947,AM: There is a clear consensus within Hamas.
8948,"""It is clearly a difficult situation which no one wants resolved more quickly than Chris and the team."
8949,"""I don't think we will be losing too much to Nigeria as an investment destination."
8950,The boys ask Mr. Clarke how to travel to another dimension.
8951,"“Today, this princess has finally seen what false bravado was."
8952,(It is often for Peter that Paul suffers and works;
8953,Bulgaria and Cyprus (below) are the only ones where you can expect your principal returned.
8954,Who Killed 1/2 of Glory Lee?
8955,-MICHELLE: Several dates are being negotiated for Brazil.
8956,'We all know that Daniel is always very quick here.'
8957,"""I will tell you that that’s exactly what the Nazis said in Special Order 48 in 1933 – we’re doing this to protect you."
8958,L.A. is so big – how are you going to see the city in one day?
8959,"""In Italy and Spain you must win something in the first year, sometimes in the first week."""
8960,(You probably realized how the text jumps from one line to another.
8961,Perhaps many environmentalists aren’t exaggerating after all!
8962,Did Israel allow proper humanitarian access during the war?
8963,Of course you have to give credits to Fabio but we know him.
8964,"When they desire to harm the state, they know when a Jew is targeted, the state is hurt.”"
8965,The Qur’an is in his hand complete and authentic.
8966,"Without such an approach, in September 2010 we will again be in a position of not knowing who to vaccinate."
8967,"""But we want it to be really important for 10 or 15 million people."
8968,Arriving in Erice (Erice) you can see how time has stopped.
8969,How many 20-minute projects do you never attempt because you only have 10 minutes?
8970,Even not 1% improvement in services and electricity!
8971,These 5 candid things about a man can be found if you look at his father
8972,Jackson has millions yet this is how I get treated.
8973,“That’s what this album is: I’m no longer serious.
8974,"However, this does not mean Joëlle will be able to be compensated twice for her injuries!"
8975,「Indeed a King may need to consider such things.
8976,"I must say that what we are doing here [at Dior] is also selling very, very well."
8977,"Why not rather from its last day—from today?—Revaluation of all values!"""
8978,We could then use them in such projects [as Le Mans].
8979,« There is growth and then there's decrepitude; There is nothing between the two.
8980,« There is growth and then there's decrepitude; There is nothing between the two.
8981,« There is growth and then there's decrepitude; There is nothing between the two.
8982,"And people, some, can just only, maybe, come one night."
8983,"Their excuse: ""We thought it was true so we printed it without checking."""
8984,On the Upper East Side there's never enough psychiatrists.)
8985,Do you want to go even further with the number 946 ?
8986,"Believe it or not, the most popular name for dogs AND cats in 2008 was “Max”."
8987,"On the fifth day, the second city of Portugal has a lot to show you."
8988,"They were, in fact, protecting their President, as you now see."
8989,As if Putin considers that this particular consensus should even have existed.
8990,Man does not know the hour of the Lord’s Victory.
8991,4:00 “of protection to those countries who support our efforts.
8992,"As you may know, the Israeli Authorities have not allowed me to return to Palestine for 9 months now."
8993,"If the sky and the sea are as black as ink,"
8994,"Similarly, Anna would be happiest if they both watched football."
8995,Can I use X115® Man-Woman even though I am a Woman?
8996,"When you see his program this week, he made an exception for France!"
8997,But most likely more than 7.7 Big Mac.
8998,"Therefore, why freeze all our actions and even our personal accounts?"
8999,I know that Turkish Cypriots feel that the Turkish forces offer them security and protection.
9000,We have not really hit 17 million BTC yet.”
9001,"""He really wants to win the triple crown and we would like to do it with him."
9002,"No harm will come to those who are in the state of grace and who seek My Mother's protection."""
9003,5:39 “are two other non-allowed research subjects.
9004,Does our Lord say that it is going to appear immediately or anywhere in this world?
9005,“[There will be] one big case [with] eight episodes to tell the story.
9006,“God’s opinion is what we should seek in our country – simple!
9007,"But he is sleeping, and his wife is grateful."
9008,“We recognize that a lot of technical work on this issue will remain for the future… but an agreement here in Madrid is crucial.
9009,We closed it as we close a book
9010,"At the same time, there are 10 rich families in Greece that are living at our expense.”"
9011,It is very popular and people appreciate their Mary Jane every day.
9012,“But it’s really how you dissect your year.
9013,Abraham saw all this.
9014,"In the meantime, we have science in the sunshine.”"
9015,"So may people put their hearts into a movie, that unless you feel compulsively strong about it, there's really no point in doing it."""
9016,"They were closer now, Fernando"
9017,Red One is part of African Products.
9018,"“Todd, wherever you are, I hope that we will make music again one day."
9019,"Alexander, Alexander is good with you! 06:20"
9020,It’s not the sun but He created the sun.
9021,"We want to confront an evil world, and there’s a reproach to bear."
9022,This means that their biological age is 150 years if we use the traditional formula!”
9023,Wrongly naming a thing is to add to the misery of this world.’
9024,"""The president is grateful for the support of the British forces in the past and into the future."
9025,Never use it before the denomination as in Quid 10.
9026,"""In reality, I know the Israelis will soon commit another crime."""
9027,"“If words come out of the heart, they will enter the heart, but if they come from the tongue, they will not pass beyond the ears.”"
9028,"How much we cannot be sure, for we are among the losers” (915)."
9029,We’ll no longer let 457 visas be passports to jobs that could and should go to Australians.''
9030,It is preserved (not so alive) and later disappears.
9031,"And the Devil said, ""Always tell the truth."""
9032,"And if You are unfairly treated, He must suffer the unfairness that You see."
9033,We saw several European Parliamentarians and / or their assistants during these 2 days.
9034,"1–0 was enough, as long as we could humiliate them."
9035,"He knew he could make NBC Everywhere a reality, and he did."
9036,"“Thanks to decisions taken by Member States, ESA and European industry are demonstrating once again their capabilities of innovation."
9037,(He says he joins other Christians in their suffering.
9038,It can also enhance the mood of some people (58).
9039,God has carefully chosen each of these seven punishments.
9040,"Can you do it? 85% of people can’t, even though our ancestors could."
9041,#9 What do you say we take this great conversation out to eat?
9042,"Their excuse: ""We thought it was true so we printed it without checking."""
9043,Russia (144th) is not progressing.
9044,He did not want to have hundreds of thousands more Arabs in Israel.)
9045,"Name the good things you see, the work of God’s Spirit, and the gifts He has given."
9046,"Do not kill your brother ""We gave the flowers to the guards."
9047,We tried; we already had our Vietnam!
9048,"He does not give us a ritual or ceremony to follow, He says, “Put on the Lord Jesus”."
9049,"The Chairman: Six months is not a normal deployment for the air force, is it?"
9050,I reject “critical support” to Obama for that reason.
9051,"Under Hitler too, millions of human beings became… inhuman."
9052,They have nothing to gain or lose by any action; neither people nor things can affect their security.”
9053,"Today, like Polonio's day, someone special comes for me."
9054,"It would not be a surprise to me, if the Woman, the sub group (2),"
9055,"""Could the international organizations absorb and spend $60 million in four weeks?"
9056,You know what I done (if some of the staff of KAIR is here)?
9057,The Ocean of Knowledge has also been remembered; He gives so many points of knowledge.
9058,You have been (temporarily) blocked from our platform
9059,"“Ask, and it shall be given,” He has promised (Matthew 7:7)."
9060,"and Savior, to give repentance to Israel and forgiveness of sins."
9061,E-865 You may be very religious tonight.
9062,"TESLA: Why is it necessary to understand, Mr. Smith?"
9063,"Meet Maastricht and you’ll meet Europe, quite literally as well!"
9064,Do you read a portion of God’s Word every day?
9065,"Today, he’s living his life in peace and safety, along with 97 other bears."
9066,"“What’s 5,000 times better than ‘A Candle in the Wind?’"
9067,Russia meets with Saudi Arabia (and sign 10 major agreements).
9068,In particular when we visited and photographed a religious Christian site.
9069,"“I saw this girl, you know, trying to be someone else."
9070,"If it’s not the one of the fastest rackets in the market during 2015, then how can it deliver fast responses?"
9071,Would winning here on Sunday mean more to you than simply 25 points?
9072,"And so that’s the last [00:28:00] thing I want to do is put that tension into his body, too."
9073,"And the only time he's satisfied,"
9074,[Update] You can now order Niryo One! [/Update]
9075,Complaint was unfounded or could not be proved 19.4%
9076,I tried very much to rescue captain 30.
9077,[22] See Chapter 5 of Who is Your Covering? for details.
9078,"5:50 “or our children, through any public tutoring system."
9079,"Is this how justice never fails?"""
9080,"Kennedy’s reforms were, and could only be, half-measures."
9081,"It’s a statement that in a few years, no one will remember Chris Pratt either."
9082,"Stick: would a man’s fate, therefore, be to speak louder so that the woman he loves follow him?"
9083,He knew the team had not suddenly become twice as productive.
9084,How can I have the Lord’s peace in all this?”
9085,1) We can tell when you’re doing something because you saw it in a porno.
9086,Thursday - you will see a person to whom you are not indifferent;
9087,Do you see God’s wisdom in these two stories?
9088,Do you see God’s wisdom in these two stories?
9089,"We affirm the sanctity of life and of its importance in God’s eternal plan."""
9090,“Venezuela is far from their supply lines.
9091,I have been to Afghanistan and I believe this new paradigm can work.
9092,"Let us go and wake him from his sleep, that he may be fresh and ready to serve his Master.»"
9093,"So we, the water people, invite you to this."
9094,Cowboy Johnny alone confronts the entire space fleet.
9095,We’re going to be away for a week / my child is sick / we have other plans on that day.
9096,"Without a body, post-organic like me.”"
9097,"He was ready to sacrifice his own son, according to the Koran."
9098,"Yes, of course: First, your visitors will find you somewhere."
9099,"Don't give me the traditional answers, “Yeah I want a bigger house."
9100,“But I’d like consumers to view plastic products differently.
9101,"On August 15 [2006], they came and took all of our goats and money."
9102,"They led the nation on a wild goose chase, and now they fear the reckoning.”"
9103,"The miracle is the adverbs, the way things are done."""
9104,"Therefore, you will not be surprised that you can play online Zuma differently."
9105,Use the 30X rule to delegate more tasks.
9106,The effectiveness of our aid will be enhanced through 15 concrete decisions;
9107,"It’s just a satellite, he assured Betty."
9108,"“We do not talk only about a treaty with Canada, we talk about all future bilateral treaties."
9109,Our Confession invites us to reconsider the practice of Sabbath (The Lord’s day).
9110,"Now, then, tell me under what tree you surprised them together."""
9111,"Now, then, tell me under what tree you surprised them together."""
9112,(91:5) By the heaven and That which built it
9113,"In the last great day, God will be tired of the man who made that speech."
9114,But is that so bad when their predecessors were two of the best phones of last year?
9115,"If they accuse thee of falsehood, say:"
9116,"The task before us now, if we would not perish, is to build the Earth."""
9117,"231 Sister, you that wear those clothes, think of it."
9118,"And [even] assuming the dead bodies in the photos are Jews, how many [Jews] could there have been at the time?"
9119,"(…) We are in a complicated situation right now, as an association (NBA)."
9120,"We have two stars and a group of strong players, and that gives us strength."""
9121,"Thank you again for reminding us that God's word is eternal and unchanging. """
9122,"But this return to God’s favor was a very, very difficult road."
9123,"And all the mountains that's before them, may they crumble this very night with that faith that they have just raised their hands to receive."
9124,Just a little consumer to prevent fraud by 101.
9125,He and other political prisoners in China deserve a fair trial.
9126,Baby you're so cute you made my page 404.
9127,162 Is that your desire?
9128,Therefore he defines truth thus: That is true which is.
9129,Say: Say the truth.
9130,"To achieve 95 g, we will have to fight on all fronts."
9131,He was right about the lies and the double-speak:
9132,"You looked at them and immediately knew who it was."""
9133,It is new in the intentions which must motivate all our actions (Wednesday).
9134,"When we believe in this way, we become God’s children."
9135,Mankind are all Adam’s children and Adam was created out of clay.”
9136,Mankind are all Adam’s children and Adam was created out of clay.”
9137,Mankind are all Adam’s children and Adam was created out of clay.”
9138,What serious and reliable recourse is offered to farmers in case of excesses?”
9139,One alternative would have been to simply give $900 to every Haitian.
9140,A mature man will never do these seven things:
9141,He replied - approximately 2-4 chasa.Ya also asked that I better do in this situation.
9142,"God can use this body, use this microphone."
9143,"“I think that it’s impossible for me to take this responsibility [gaurantee him to stay], not only for Eden but for every single player."
9144,"This also is granted, and Job is again victorious (ib. ii."
9145,"""We need them until Puerto Rico normalizes."
9146,"– Regarding 645, the next model is currently being considered."
9147,You don’t want 9.6 or 9.8 because your results will be diminished.
9148,You don't want 9.6 or 9.8 because your results will be diminished.
9149,"It will appear clearly that it is something not of this world, but of God."""
9150,I must use it to destroy the X here and on the planet.
9151,"As long as he sees God’s words or the authority of God’s words, he will immediately obey."
9152,"He is NOT saying there is NO AUTHORITY."""
9153,But does not the greatest betrayal come from Claire?
9154,E-232 Have you been listening to the Messages this week?
9155,You know what you experienced when you did them with Andrew on the 1st May.
9156,"(On his marriage to Prince William) I am very, very lucky."
9157,"Lastly, the regulation limits its scope to only 480 European businesses."
9158,"But on the contrary, he belied (this Qur'an and the Message of Muhammad) and turned away!"
9159,"But on the contrary, he belied (this Qur'an and the Message of Muhammad) and turned away!"
9160,"And the answer was yes, because it worked for example in Frontier: Elite 2."
9161,Is our transition to a “1099 economy” inevitable?
9162,Let’s take a look at the second example in which you win 30% of the hands:
9163,"E-81 Therefore, some of them has been Christians for a long time."
9164,"I still call Jay ‘Mr. Carter’ to this day, because I want to maintain that sense of respect."
9165,"But all religions always teach how to control the sexual energy, and why?"
9166,"They will be punished in God’s Time, when they have been given every opportunity to change their ways."
9167,And this week a Palestinian woman from Gaza is with us.
9168,God’s command was so ridiculous in the eyes of the evil world that many people laughed at Noah.
9169,"Bush was indeed a Goldwater man in those days, as we will see."
9170,'But we need to think about the fact that there may be a sex difference right from the beginning at the hospitals and in the research.
9171,"205033, and that he was a Major."
9172,The European Globalisation Adjustment Fund (EGF) aid will cover 60% of the total cost.
9173,"""I saw this girl, you know, trying to be someone else."
9174,"I’m hesitant, mainly because the car (W205) is so new."
9175,"Moreover, he tries to define, especially with his note of 1917, what could - and should - be a just peace."
9176,[DW: Some of what he received was personal for me.
9177,"In 2008, there was an Elmo that could recognize the child’s name, and say it."
9178,But imagine what many robogamis could do as a group.
9179,Which version did we send to our customers three weeks ago?
9180,"""Truth exists; only falsehood has to be invented."""
9181,"Like thousands of people, say “Yes!” to this special day spreading world-wide from Turkey."
9182,Note that the sinners and those who are ignorant of God shall no longer be among God's
9183,"and their brothers, according to their generations, nine hundred and fifty-six."
9184,The same thing for an accountant who had made errors in his financial plan!
9185,So it’s time you know: Parker Smith has officially arrived.” –
9186,Question 2: Your employees helped you a lot last year during the Christmas dinner.
9187,"68:44 So leave Me, [O Muhammad], with [the matter of] whoever denies the Qur'an."
9188,We are afraid of God’s surprises.”
9189,"So if you were wondering what was the grid like before that, then watch the show.”"
9190,“They cannot put us under pressure through this (sanctioning gasoline imports).”
9191,Leave two of your men to help Scott.
9192,"First give me your height and position."""
9193,"This is what I live every day because of your sins and insolence."""
9194,"When our love and God’s grace are rejected, we are grieved."
9195,In 1986 two men did exactly that.
9196,The first reason is obvious; we are an international organization dedicated to charity!
9197,Then they forced him to stay in that hole.[66]
9198,“There is a tremendous problem in five or six countries of the eurozone.
9199,"187 They ask you, [O Muhammad], about the Hour: when is its arrival?"
9200,"What is still left to be done elsewhere, do it quickly, Judas of Simon. »"
9201,They fully understood that a sign was a proof of God's intervention in the affairs of men.
9202,She just asked why everyone here is from Sigma-3.
9203,"RD: In other words, private currencies are coming back."
9204,"Tonight I want to begin by congratulating the men and women of the 112th Congress,"
9205,You wonder if the program of the Collective is its 2003 Call or the 1938 program:
9206,"We would all be doctors and lawyers if we could, right?"
9207,"“Maybe we have to win five titles - or maybe Bernardo has to win six?"""
9208,** It is IMPORTANT to mention the neighborhood (El Rodadero) to your driver.
9209,"Well, my friends, the Swiss National Bank has, by their own actions, provided a sort of answer."
9210,"""They are the first to regret not having more support from Ford."
9211,"Spain , the only country in the world with 106 exclusive courts for men"
9212,28:4 and the place is easy for travelling.
9213,"That is because, after all, we are Chinese and members of the CCP."
9214,Then he brings out what the Black Man has done.
9215,Only God and nature know exactly why the river disappeared entirely.
9216,"Your brother’s specialness and yours are enemies, and bound in hate to kill each other and deny they are the same."
9217,"She knows you didn’t do your best work on this paper, Clarence."
9218,"This might change now, thanks to the brave and comprehensive report of Goldstone."
9219,There is no difference between God’s name and God.
9220,"48 Laban said, “This heap is a witness between you and me today.”"
9221,"48 Laban said, “This heap is a witness between you and me today.”"
9222,"Every time we 'enter' the world of the Bible, we are exposed to a new world: God's world; God's action; God's teaching of His people."
9223,(WEB The state of the 70s could probably cope with our planet long term.
9224,And I--I always wanted to come to his little church.
9225,"E-75 (Are they all ready, Billy, everything?)"
9226,"Certainly, this is a fine way to spend the short time remaining before the wicked world’s end.”"
9227,"And now we finally have the evidence, with the van and the loot""."
9228,"“Yes, Gaddafi could live in a hole."
9229,This is God's magic.
9230,'We indeed receive money from the NED.
9231,There are precise situations where I can be pro-democratic.
9232,[7.92] It seemed as if those who had belied Shu'aib had never lived there.
9233,"From the Word of the Lord within: ""A tree that is holy is a good one."""
9234,23 September – Education cannot wait.
9235,[Civilian] – Eight missiles… See all the victims caused by this criminal State.
9236,"(God allows humans to kill animals, but not the reverse."
9237,Does He Still Love Me? 25 Questions to Find the Truth
9238,(I have spent decades defending the religious liberty of employees.
9239,He is very demanding but he knows how to recognize your accomplishments and give you the credit you deserve.”
9240,"""This won’t change just because we go to a higher power laser."
9241,May Our Lady guide you to walk “together with God towards the hope that does not delude.”
9242,May Our Lady guide you to walk “together with God towards the hope that does not delude.”
9243,"In other words, all those who accept the last of God’s work are those who will be judged by God."
9244,"E-384 But I like to have a Father, a Mother."
9245,I have sent a team to rescue them and am waiting to hear some news.”
9246,The toys and books we sent over never reached the orphanage.
9247,"Amen, Aunt, Neither: Why Do We Pronounce Words Differently?"
9248,So let’s look at the bird and see what it is doing – that is what counts.”
9249,"If you consume a beer, no one else can consume it."
9250,"Last but not least, since you’re a nomad, it’s hard to have something stable."
9251,"I've never struggled to live on $7.25 per hour, so why is it a problem?"
9252,provide a MRN to the declarant;
9253,"""You now have the power of #TheSight."
9254,Alma then went on to “compare the word unto a seed.”
9255,"For the life (soul) is more than the food, and the body than the raiment.”"
9256,40th day – Because my witness is true
9257,“Books are mirrors: you only see in them what you already have inside you.”
9258,Such are the words of those who do not know God’s work.
9259,"We are an army and we demand obedience."""
9260,I help Ukrainian politicians to improve their speech.
9261,"As certainly as the doubters cannot change the ordinances of the heavens, just that certainly shall God’s people once again become a Theocratic nation."
9262,"""I think the NFL, in the long run, will probably be doing something like that."
9263,"For all these visits, don’t forget the Pass 1815!"
9264,"Hell, I could die at forty too and what would I leave behind?"
9265,Hence the truth is truth and falsehood is falsehoood.
9266,In three or four years it would be time to read Austen again.
9267,Q: You mentioned international cooperation as a third element.
9268,And the latest IPCC report certainly had a thousand words—and then some.
9269,"""We might never have discovered who she really is without Wolf PAC."""
9270,"(L) Well, that’s friendly, especially after watching “Event Horizon” last night!"
9271,"Jason: Also, did you watch the reunion – THE KNOTS LANDING REUNION – that"
9272,"The good news is, however, these five actions are all things that the average American can put into practice today."
9273,But none denies it except the sinful aggressor.
9274,But none denies it except the sinful aggressor.
9275,Prayer from God’s side is communication between Himself and His allies in the enemies country.
9276,"We are near our mother ship."""
9277,"""You do swear and drink more, but I like that."
9278,Some producers have taken the ‘vin jaune’ principle and modified it.
9279,"Do you see that on the screen, 10902?"
9280,"1975: ""and a god (or, of a divine kind) was the Word."""
9281,"We also have some concrete examples, such as Madrid - Amsterdam ..."
9282,"In December, he began writing Wine God."
9283,The heavens are God’s domain and the earth is Israel.
9284,In any case they are armed and belong to Hamas …
9285,8) so that (their Lord) may question the truthful about their truthfulness.
9286,When it comes to “Plan B” Europe is funny: it never has one.
9287,"We are going to give them $9,850 because they have children."
9288,"Third: that article, those statements in Ukraine."
9289,Until he does too much yaba one night and kills you both.
9290,"The old sophists, she said, “destroyed the dignity of human thought.”"
9291,Many believers are very rich in fact because everything that is God's is theirs.
9292,For or against Islam: identical sources.
9293,"Obviously these men had tricked Israel into a sacred promise to spare their people, which was against God’s will."
9294,Do you know why this is possible only in enlightened societies?
9295,I'm speaking out today because the Swedish government is forcing thousands of people like me to make an impossible choice.
9296,What specifically does Alexander Lukashenko dislike in your proposals?
9297,So she was able to survive Satan’s devastation and stand witness for God!
9298,"When half of them is dying, I will release them!"""
9299,"And then Paul said, “I live by the faith of the Son of God.”"
9300,(L) I don't think it attacks young people like you.
9301,"Now you can ""Escape 2 Exuma"" with our new blog."
9302,Indonesia is reviewing its 67 agreements.
9303,"I am an old man and I want to present myself to God with clean conscience."""
9304,(Jesus was the only one with perfect programs.
9305,"7) Internal or external, we now know that a module has been hit."
9306,"As I always like to say: ""Google only needs 4 results, so how are you going to be one of the 4?"""
9307,We’re going to find some really cool locations for Ep VII.
9308,[…] It looks like the Hungarian national holiday's commemorations will turn into real international events.
9309,Wrongly naming a thing is to add to the misery of this world.’
9310,He had come up with a way to keep his dignity.”
9311,39 How many read Daniel 9 today?
9312,"They will only send to the US, where then I have to get it shipped to me."
9313,Man makes a return to the Garden when he turns to God in prayer.
9314,"Again, which part of 61.1 don’t they understand?"
9315,"That was why they had said, ""He is old enough; ask him."""
9316,"(L) Yeah, when you make efforts, you're putting information into the system."
9317,"If it's in the Word, God is sovereign and has to fulfill His Word."
9318,"Resolution 181 did not, as many seem to think, “create” the Jewish state."
9319,"If Not, You Must To Get These 8 Health Benefits"
9320,"""He replied, 'To participate in Jihad (religious fighting) in Allah's cause."""
9321,What is our user doing ten minutes before she uses our product?
9322,Why the common interest of the world to maintain the dollar is not strong enough:
9323,That is where I got this information – from MavSocial directly.
9324,"Why, of course you can, old sport."
9325,I welcome what my comrade commented when saying that today 30 political organisations are meeting.
9326,"Over the past 25 years, Robert and I have studied why sickness causes those behavioral changes."""
9327,"Whatever their faith or that of the sick person, it is rare that faith is enough."
9328,I believe God—or the universe—is really playing the hot and cold game with each of us.
9329,God has truly led us in our growth and development through these many years!
9330,"Our world is not yet God's world,"
9331,"'Make them laugh, make them cry, make them wait.'"
9332,Here’s How to Check If You Are One of 30 Million Affected Users
9333,Didn’t Abraham Albert and his brothers sense the danger?
9334,Surely His promise is true and will come to pass.
9335,2.1) Others understood the same thing.
9336,Should every pain in your life be available for public consumption?
9337,This is the smoke of Satan and it will choke God’s children.
9338,Which country - such and scouts.
9339,"The parents of this child hide him for three months, refusing to obey Pharaoh’s order."
9340,682 I took the little baby.
9341,And today... now they send some medicine to Yemen...
9342,"Yes, Richard Watson will be involved on multiple levels, including design."
9343,“We are the fifth biggest investor in Indonesia and our relationship has more untapped potential.
9344,A Cancer must have a very special night or invitation to leave the house.
9345,What it shows me that you - Sanya - not seven found there.
9346,"It is the largest event in Spain to try find cars, are you going to lose?"
9347,2 – How to increase your productivity now and in only 60 minutes
9348,"Get your natural gas in Texas for 25 cents, if you can"
9349,Each of us is an original from God’s hand.
9350,"“I hope the French will invoke Article 5, they should."
9351,"I don’t know how, after Independence, people have started drinking."
9352,"Next month, Chris will recommend another five terrible markets."
9353,Would the minister confirm today that he will meet with Mrs. Azer?
9354,"It is around the Person of the living Christ, then, that God's assembly is gathered."
9355,"But Paul, poor little Paul, what was it?"
9356,Roger Watkins hated this version only seen by the public.
9357,To give thanks or not to give thanks
9358,[102] In 2002 Amnesty International reported the same situation.
9359,"L-41 Anyhow, she was smoking this little cigarette."
9360,"That will arouse many enemies, but it will also yield many victories and much glory to God.”"
9361,The police in the Netherlands arrested this woman for two minutes to joke.
9362,The extent of the teacher of God’s faithfulness is the measure of his advancement in the curriculum.
9363,"(Naturally, other studies over the last 20 years have investigated the same relationship."
9364,"So the truth was established, and abolished was what they were doing."
9365,"And they say, “When you have the look, please look back”, because it’s this eye thing that they do."
9366,"And they say, “When you have the look, please look back”, because it’s this eye thing that they do."
9367,When am I the first violinist and when am I playing the triangle?
9368,"“Today it’s only the work of a few individuals, but we need national support."
9369,"You will begin to live the life of Heaven from this earth."""
9370,"EH: No, we'll use a missile."
9371,[136] Only one LRA member is currently awaiting trial.
9372,Laura hated that ‘Miss Muffet.’
9373,22Who is the liar but he who denies [arneomai]
9374,What happened to him is a way [for the government] to teach others.
9375,"You have simply changed your bosses, and you have changed for the worse.”"
9376,"In Brazil, for example, children became artists for a week."
9377,Strongly that the CAES / LUXEMBOURG partnership remains!
9378,"But about 50 times, you know what he says?"
9379,January no one has really seen something in Germany.
9380,"Therefore, you who have said ‘yes,’ be strong and resolute."
9381,"Therefore, you who have said ‘yes,’ be strong and resolute."
9382,He became God’s friend.
9383,"At every step, we can choose God and God’s love or reject it."
9384,"Libby: We’ll probably be in the Ninth Age when he finishes, though."
9385,"And you shall see your children's children, and peace be upon Israel."
9386,"For all these reasons, I dreamed of creating AMAZ;"
9387,"The real sanctuary is the heaven of God's immediate presence: the true tabernacle is that mighty universe of created things, wherein the third heaven of God's presence lies."
9388,VILLARINO: You mean in the short term or with my retirement? [laughs]
9389,Today and in the future these evolution-wishes can be realized genetically.
9390,“Some of the discussions that we had during the adoption of the copyright directive will come back.
9391,I do not share the opinion of a certain colleague from another part that Canada cannot have 13 different strategies and action plans.
9392,"As Robert should have done, after the Trident."
9393,To all those who have compassion for the “sex addict” Yes.
9394,The concert will not lack Macedonian accents.
9395,"Find out why these well-paid, high-quality jobs are important to Canada:"
9396,DON MIGUEL: We all came into this beautiful planet with a mission.
9397,"On the day when you no longer burn with love, many will die of the cold."""
9398,"In fact, they will kill any offspring that do not fit the ""ideal""."
9399,"and Savior, to give repentance to Israel and forgiveness of sins."
9400,"""I know them personally, I already condemned some of them in 2010."
9401,"For example, can we show bloody fighting, [like] the Mixed Martial Arts?"
9402,A video shows him avoiding six or seven blockages.
9403,The rest of this very long Sutra is lost.
9404,"some by war, some by justice; but God’s hand is in every"
9405,"In fact, it costs York Minster more than:"
9406,So Armenia will want to imitate these other countries.
9407,"Maybe now people will just get to know me as actor Alan Dale."""
9408,(Our race or our economic status.
9409,We call ourselves the Madrid/ Washington group.
9410,Reward your kids when they meet their goals to keep them motivated.
9411,"Only 20 questions - in general, their standard number."
9412,You can create a bridge with a microphone – a microphone that saved a life this time.
9413,"We would then discover that the mystery of Israel is the mystery of God's faithfulness to his ""first love""."
9414,"Something tells me the king really identified with Latona, why?"
9415,"He sees only that they are all ""angry."""
9416,9) A Ukrainian girlfriend will always think that you make a lot of money
9417,"Things were fairly urgent for Martinez, 52."
9418,"For those of you who have read “One,” chapter 56 is now available."
9419,“I would like to thank the highest Egyptian authorities for this strategic and historic partnership.
9420,Milan - Was as strong or stronger than the 5.8 this morning.
9421,"""Matt Smith did my audition with me."
9422,"On this day, we renew our hope, our determination."""
9423,"Let God deal with the things they do, cause hate in your heart will consume you too.’"
9424,"26 For the earth is the Lord's, and all that therein is."
9425,"“Under all the usual rules of interpretation, in short, the government should lose this case."
9426,Did they start to treat you like they were doing you a favour by being with you?
9427,"By God’s standard, there is no such thing as a person being only partially righteous, or partially unrighteous."
9428,"*** Now, it’s the Europeans and Americans who are on the wrong side of the Mediterranean."
9429,"He was God’s man, for God first and last and all the time."
9430,(ACT UP and Earth First! are two examples.
9431,"""Our people will be glad when they hear this."""
9432,In a way Allen saw his work as a great democratic project.
9433,"Today, this movement has a dream : 100 countries !"
9434,They turn into strong women that return to destroy your world.”
9435,"(Luckily, my two kids were with my mother, away from the fire.)"
9436,"We did not have a ""formal"" business plan when we started 9Round."
9437,"You know what Jackson's last words was, that great southern general?"
9438,"Amsterdam, Amstel built on water means to me."
9439,"(L) But the problem is that, as Chu pointed out, things are happening rather slowly."
9440,a) (3) we must do the best we can to live the Christian life.
9441,Meet God’s conditions – God will guide us if we do what He says.
9442,“Please tell me why you and your soldiers are out looking for me again.
9443,Then the priest announces God’s forgiveness.
9444,So he named him Israel.”
9445,"Well, your wishes are orders: we leave you more than 300 very original names for your dog."
9446,"This incident led to his mother naming him, Temitope; meaning “what you (God) have done for me is worthy of thanks.”"
9447,"This incident led to his mother naming him, Temitope; meaning “what you (God) have done for me is worthy of thanks.”"
9448,"Then I will be silent, although it is almost certain that it will make noise. »"
9449,"It was like the death of a friend."""
9450,About the same theme - Article 3 /10 Everyone has the right to water!
9451,"Yet, we have to understand that these three modes of energy descend from Heaven as well, as we have explained."
9452,"The price he pays, however, is high; it is the loss of his self.”"
9453,Why Jim Rogers Is Investing in This “Disastrous” Sector Now
9454,"A little later she said, ‘I have committed many sins and I wish to eat every fourth day.’"
9455,"In his search of truth, he is quickly helped by a certain Dominic."
9456,"The Angry White Man If he will decide the 2008 election, who is he?"
9457,Abbas: Peace process must be multilateral effort
9458,"Also, for masturbation, I like the Nécessaire Sex Gel."
9459,“We regularly take a Rolex from a suspect.
9460,Today he proved two theorems before lunch.”
9461,"The blogger adds that if we truly believe in it, we can be the heart of Green Movement too."
9462,"“They are one of the favourites, so the pressure is on them,” he said."
9463,You would think that they would be flocking to him and thanking him.
9464,"In John 8:39: “If ye were Abraham’s children, ye would do the works of Abraham.”"
9465,"Before choosing a good watermelon, let'sDetermine the place of purchase."
9466,"Well, then, if that gift is testified by God, then God's give the man the gift."
9467,"To The Sky""(2008), present them to us?"
9468,We became a spread offense and we became Kurt Warner’s offense.
9469,They want to establish Allah’s kingdom through force.
9470,But in reality all five ministers teach.
9471,What a crying shame after 1000 years of real western Christianity!
9472,"It is actually the neoliberal market that needs the titanic, interventionist state."
9473,And we can add: from division to unity.”
9474,7-15) in words of comfort.
9475,How much has he (recently) asked for Israel?
9476,"Why poison the life of each other, and at the same time and children, if they exist."
9477,In 2019 it is difficult to say who is right between all these contradictory studies.
9478,Those who know why and how to use the V4 standard will obviously not follow this advice!
9479,It could be a competition between us and the US but we have a very good product.
9480,"The Prophet, in Prophet’s Town, showed increasing hostility toward whites."
9481,"[Earth humans] in this cycle, will undergo many changes and refinements in the sensitivity of [their] own [bodies].”"
9482,"#9If you can believe it, there have been 10 different economic recessions since 1950."
9483,Only his first officer Jules believes in him.
9484,Q: You worked in Haiti at a radio station that needed a French journalist.
9485,Do You Have More Personal Liberty Today Than On The Fourth of July 2012?
9486,"In addition, Allah has made the skin under the camel's feet very thick."
9487,Ask if they are crazy enough.’
9488,Do we know that there is a deeper goal in sending the Son?
9489,It should be so with God’s children.
9490,David: Is this someone that would be recognizable to most people on Earth?
9491,My time was limited but the Agenda of the 55th session of the Commission was and is extensive.
9492,But climate change also represents a crisis for economists (I am one).
9493,Nobody else seemed to notice: for 37 million people it was business as usual.
9494,I swear we are a people who love drinking blood.
9495,Is this kind of faith in accordance with God’s intentions?
9496,and a time of peace will be conceded to the world.”
9497,"Or even your book, not buried in a large amount of books?"
9498,"This is a woman’s resolve; as for men, they may live and be slaves.”"
9499,"In Nova Roma, too, we ask that you choose a Roman name when you become a citizen."
9500,Abundance is here and now manifest.”
9501,"None of our parents say, “If you do this, you will be like this, or this will happen.”"
9502,It is through 5 of them that our daily life will be the most revolutionized:
9503,*** Except what concerns the assembly and Israel.
9504,"PETE: Even today … I was distracted for the last three months, as you can see why."
9505,WHAT ALL HAPPENED 153 BC Find out what all happened 153 BC
9506,"""As you mentioned, there were many interesting and rapid developments in Rome in the first months of 2006."
9507,(Each was destined to play an important role in our mission in later years.
9508,Our house maybe is now too small or we want to change the residence area.
9509,"(Not like us, who built dozens of nuclear weapons in secret."
9510,Can I now congratulate the same nation upon its freedom?
9511,Can I now congratulate the same nation upon its freedom?
9512,Nobody knows what an Egyptian statue was doing in Israel.
9513,International partnerships - 14+ international partners - See all our partners
9514,"[1] Regrettably, we were not able to meet with the Mayor of Madrid."
9515,Isn’t Maria already being treated as woman in this world?
9516,"""How do we use you ... we have few troops"" ..."
9517,Why couldn’t they just say: Strict military protocol.
9518,"7:198 And if you invite them to the Guidance, they do not listen."
9519,"7:198 And if you invite them to the guidance, they do not listen."
9520,Know your likers and visitors except for the recent 5
9521,"“I know you received so many birthday wishes yesterday, but who’s here with you today?"
9522,* Also applies to M-Budget Mobile
9523,what will i have done if not for Mr tom jerry who i will always see as
9524,"In other words, the other 49 states can do what Nevada has been doing for decades if they wish."
9525,"(S) So, the appearances are all their own expectations?"
9526,"""Our son clearly benefited after every session of NF."
9527,Diversification and 401ks can come later.
9528,"You may have heard of our first product, greens+."
9529,"And we sleep, but all those good things are ours!"
9530,"For him, Canada was perceived as a risk : there are so many levels of government."
9531,"In fact, everything that we see and everything that happens are indeed reflections of what is written in the Qur’an."
9532,"In fact, everything that we see and everything that happens are indeed reflections of what is written in the Qur’an."
9533,“I have surrendered Monteynard into God’s hands.”
9534,"Forget Your dreams of sin and guilt, and come with Me instead to share the Resurrection of God’s Son."
9535,"Why not rather from its last day—from today?—Revaluation of all values!"""
9536,you have put all things under his feet’.
9537,Say: “The Truth has come.
9538,"""knowledge alone does not suffice; it has no heart."""
9539,We know that there will be at least one funny scene in the movie When in Rome!
9540,"""Medical procedures that have not been possible until now become possible with the world's smallest camera."
9541,"""Don't tell me it'll be a three-month transition government."
9542,"We deny the everyday existence: Prisons,"
9543,Then all your secrets will be accessible to me.”
9544,Our rating could not be different – in our opinion these tablets deserve 5 plus!
9545,"1) As far as Israeli-Arab peace is concerned, you should act from Day One."
9546,"If you do this, your work (and theft) will be authentic.’”"
9547,Sherman asks: do we want a triumph like 1967 or a trauma like 1973?
9548,where you’ve murdered your twelve secretaries
9549,"I mean, unless they’re written by a man in 1965."
9550,"O Arjuna, know Me to be the creator of all the creation."
9551,And so began what Wolf describes as three months of torture.
9552,The Ministry (DLD) will examine known diseases in the country.
9553,"On His chest was written in gold: ""FAITHFUL AND TRUE""."
9554,"On His chest was written in gold: ""FAITHFUL AND TRUE""."
9555,Many families: you can get a loan in Belgium!
9556,I will make it like mourning for an only son and its end like a bitter day.”
9557,and everyone who loves and practices falsehood.”
9558,"How Anyone, Even You, Can Inadvertently Become A Troll"
9559,Whoever gives with joy gives more”.
9560,Whoever gives with joy gives more”.
9561,"'Though gods they were, as men they died!'"
9562,"And why I came to believe in my purpose and, yes, a dog's purpose."
9563,"Who prefers this variant can also wait, if he has taken the oil."
9564,"Then there was patience, or endurance amidst much persecution."
9565,"Could African literature be on any subject, or must it have an African theme?”"
9566,"""Ask ATC if there's any traffic near us."""
9567,"In this way, you will be daughters and sons of your Creator in heaven.’"
9568,Did you know there’s an agreement between what you would call souls?
9569,"E-195 You know, our supreme court is an absolute."
9570,Are there many people who study the Torah this way in our world?
9571,We discussed the repercussions of each change with Margaret.
9572,"In Bulgaria, we like to compete: the neighbour always has more."
9573,The ability of Russian women to forgive!
9574,That will change if and when FICO 9 is adopted.
9575,And then there’s the matter of the protagonist – or perhaps multiple.
9576,"Is this a sufficient basis for us, more than three thousand years later, to know what God wants us to do?"
9577,His mercy’s from age to age on those who fear him.
9578,Let him change their hearts and forgive their bad intentions. ”
9579,"Upon hearing this, the Serpent became worried."
9580,They are also our most important cameras (and often our only cameras).
9581,"There are currently only 1,000 “legal” German patients."
9582,"They will, probably with Pavel, head the same route you took."
9583,"In each initiation a certain animal part of you dies, and the human part is born."
9584,"Shortly after, the human era will be ended.’”"
9585,This means that Xi will continue to have a political opposition at home.
9586,They spoke a common language with Paul because they understood his teaching.)
9587,Sixty years of close cooperation has been maintained because it is to our benefit.
9588,"26:43 And Moses said to them, ""Throw down what you have to throw."""
9589,"One of them, the great Abba Ischyrion replied, ‘We ourselves have fulfilled the commandments of God.’"
9590,"Obama couldn’t have been elected thirty years ago, you know that."
9591,Europe too could show some gratitude… I would say two things.
9592,Such things are fully in God’s control as to how much truth He gives and when he chooses to give it.
9593,"Not 1 cent in the creation of your future site, yes, it is theoretically possible!"
9594,It is ridiculous to compete with the hero Peter in this sense.
9595,"•Start a round with more than 14 clubs, or"
9596,"Now he seeks to imbue the minds of men with the same spirit and to lead them also to disregard the direct commands of God."""
9597,In 2009 I will have less money for my postcards ? (340 votes)
9598,"“I love China, China helped us build a railroad."
9599,Someone we love has a crisis (like health crisis)
9600,Because what happened in 1969 was just as important to him.”
9601,How does the killing of a child in #Gaza today help #peace?
9602,"“Fourth, by the marks of the new nature within me."
9603,"Where is your crown, after all you are princess of millions of hearts."
9604,In 2011 Juan Carr also created Mundo Invisible with 3 friends.
9605,"The issue ""diplomatically and substantially has to be dealt with in the G20."
9606,It was first specified by and used in JUNET [JUNET].
9607,'Am I Rich?' $1 Million Doesn't Cut It Anymore
9608,“Yes; but their food is in keeping with their nature.
9609,"And if the prophet was called a god, because he was the manifestation of another prophet's Word, how can you condemn Him when He was the same thing?"
9610,"[8] The Right to be Impatient, online."
9611,You will spend the rest of Uzbekistan excellent.
9612,“They really want to make sure that they own the cockpit.
9613,"(L) Yes, but which part of the solar system?"
9614,The atmosphere is filled with God’s presence.
9615,But I have five children and the climate in Barcelona is better.
9616,The Qur'an asks man to reflect upon the sun and moon and God's creation in general.
9617,The Qur'an asks man to reflect upon the sun and moon and God's creation in general.
9618,[I’ve also heard] that I hate myself because I am not with an Asian man.
9619,"I thank God because, to me, surviving October 3 was like being born a second time."""
9620,until the LORD's anger has passed.
9621,“Do not reckon as a truly wise man that one whose mind is subject to fear on account of temporal life.”
9622,It can help you see more clearly what God is teaching you on life’s journey and cause you to reflect on God’s faithfulness.
9623,You have noticed that the truth comes into this world with two faces.
9624,What Stalin really wanted was a second front in France.
9625,In 2007 a third school officially joined the others:
9626,(We are not satisfied with simply having a better life.
9627,"""In fact, Jupiter will continue to provide you with opportunities and blessings until November 8."
9628,E-20 But how could that Divine Person...
9629,"We know everything about him, including how he cleaned his teeth’."
9630,"Besides, can I not count on seven Kings who owe me their new titles?"
9631,"""As I was saying, Seven, I have managed to stabilize Mr. Kim."
9632,"Alto ""I tried killing 239"" Clef."
9633,"origin of evil, the nature of the soul, and a pre–established harmony.”"
9634,(The contacts between Sumer and Egypt in 4.
9635,Father Daniel (1696) for the same reasons was no less indulgent.
9636,"Pakistan, where we send the money."
9637,"That is to say he was full of Christ, the life and resurrection of all those who place their trust in Him”."
9638,"Give them a name, for example, Joe, to help make them real."
9639,210 And all we're doing now is trying to compete with the Methodists.
9640,"On Thursday, we might appear to be back in an old paradigm."
9641,Greek: But we’d like to write books about Him.
9642,What you attract into your life is in harmony with your dominant thoughts.’
9643,Marco is the son of a ... was very curious about my cabin.
9644,The jury will betray the innocent almost every time.
9645,(Speaking to Sujata:) You too can do the same thing if you have enemies at night.
9646,(Question: Do you have a code generator for 32000?)
9647,"and bestow on them all sorts of fruits, that they might give thanks.”"
9648,Does the Prime Minister agree with 68% of Scots or not?
9649,"But, as with Jonah, the Lord himself will lead us resolutely along the path which he has chosen for us.”"
9650,"The cross that we have to carry is only God’s justice, but if someone carries it and he renounce, the Lord does not more have pleasure in him."
9651,"Ka’b said, ‘That is one day in every year.’"
9652,"And, unfortunately, it seems to me that people living with HIV still need this protection!"
9653,1976 Gilles is really not scared.
9654,"Let the house of Aaron now say, that his mercy [endureth] for ever."
9655,"E: We all have made this kind of a journey, too, though star systems?"
9656,The paragraphs on women (99-103) also do not have any revolutionary content.
9657,"Then if you want to fight, I will fight you, and we can make the ground bloody at that place."""
9658,8237 This request requires a secure connection.
9659,We only eat when we are hungry. – The Prophet Mohammad (Koran)
9660,Your disbeliefs never change the Truth.”
9661,"Wang Bo had a happy family."" (15)"
9662,"Regardless of how we define the Russian national costume, it will always be a percentage so on the 60 military uniform."
9663,"I sent a messenger to the West, but he tried to become a king."
9664,The truth is the truth whosoever speaks it.
9665,"""Whosoever kills,"" he had to be a murderer."
9666,"""Whosoever kills,"" he had to be a murderer."
9667,"[4.156] Also for their disbelief and their saying about Mary a great calumny,"
9668,That was 3 years ago and God did that radical work.
9669,Help – the bus is full on the day I want to travel.
9670,We had (almost) the sun every day.
9671,"If he’s right, we’re back to looking at two phones, not three."
9672,May Our Lady guide you to walk “together with God towards the hope that does not delude.”
9673,"If I could, Mr. Kiriakou, I would give you 10 years."
9674,"But a few million Irish cannot decide on behalf of 495 million Europeans,"""
9675,Pluralism and debate cannot be eliminated in the name of democracy for the following reasons:
9676,This situation was highlighted by a revision decision (R4 / 17) :
9677,But God also orchestrated these events in Jonah’s life so that he had no choice but to obey Him.
9678,There are places and circumstances where you alone can bring the seed of God's Word.
9679,and Haman and their hosts receive from them that which they feared.
9680,"""I asked Kate Moss to do The Face, I asked her last night!"
9681,"26:43 And Moses said to them, ""Throw down what you have to throw."""
9682,"Nor is He contained by the six directions like all the created things."""
9683,"She is 72 and unlike my father, has a lot of physical problems."""
9684,(Page 7) But there is no recipe.
9685,"Whenever you see disagreement, hold fast to the greater majority.”"
9686,Then you which are living will be caught up to meet ME in the air.
9687,"From what you know of the conversation, does Jack want to die?"
9688,We also tell you about all the wonderful things that happen in Manchester every week.
9689,"Say, this is the One Who hath glorified the Son and hath exalted His Cause."
9690,And they will only know if Kony’s name is everywhere.
9691,"But he said, ""A samurai’s word is harder than metal."
9692,The Duty—Who Receives The Truth 245
9693,"We have been called to act in God’s name, and we acknowledge His hand in all the good we do."
9694,5 London Artists to Discover According to We Built This City
9695,"Europeans, forgive me, but a small amount of Russification is fundamental!"
9696,<2897> Are you going to make me forget again?
9697,"– I can fix it, Baby! (very comforting and masculine)"
9698,With these pedals”—he touched them—“we can put you in any desired position.”
9699,The Kingdom of Heaven has been prepared for you from all eternity.’
9700,"He is in your body, he is your body.”"
9701,Mankind are all Adam’s children and Adam was created out of clay.”
9702,"“You and mother should take her to Bangladesh now, ahead of us."
9703,"You, and you alone, have a 'login' to this data."
9704,He who worships God is a barbarian.’
9705,"“Across our network, our ships can replace one another."
9706,There is a second technique – according to Jackson.
9707,Demands the implementation of its resolution 1402 (2002) without delay;
9708,“It takes time because [families] refuse and accept to test only when their children fall ill a second time.
9709,Question: I want to understand what the secret of the Kazakhstan Group is.
9710,"But at his best, what O'Neil has done and does for us is, he reminds us, in fact, to look at the 52-week highs."
9711,"You could spend your life looking for one, and it would not be a wasted life."""
9712,This is a day to be elevated above all other days as a memorial to remember the glory of God’s perfection in creation.
9713,"Indeed, it is important that none of us goes into God’s presence without bringing his Word with us."
9714,My answer is “no” if you look at what is being proposed in Washington and London.
9715,"605), but also, more in general, new forms of Christian commitment."
9716,"""I also think it was because he saw what had happened to Brian."
9717,Cyberfriends: The help you’re looking for is probably here.
9718,I want more than one night with Aiden Taylor.
9719,"In contrast, in Greece nobody had seen -3 apples."
9720,"We would come, but only if our friend Serkan is free!"
9721,"""Current and future European policies must help us to build a digital Europe, through different initiatives."
9722,"This might be a surprise, but not everything was written with you in mind.”"
9723,"Said, ""After while, your arm's not going to be long enough."
9724,"“The only problem is that when we discuss with the Pays de Gex, there are too many opposing interests."
9725,Divorce can be justified—it was by Moses.
9726,"And why should there be no mention of other criteria, such as those listed in paragraph 102 of the Venice Commission’s report?"
9727,DIANA: And there was an acceptance of all of it.
9728,10607 | Motion for a resolution Europe can and must be shaped with a view to social justice
9729,"And day after day, you will see that His Word is truly alive!"
9730,E-220 The world is drinking more liquor now.
9731,"They returned the following year, under the pressure of the consumers ..."""
9732,Instead of listening to the PA (and Egypt) the Council should have backed its special rapporteur.
9733,"Naturally, he does not like and brave Yankees start a war."
9734,"And the cup likewise, which is part of that creation to which we belong, He confessed to be His blood.”"
9735,"E-111 You seen that picture last night, of those Africans."
9736,"For example, I can ask A. where she is in her job."
9737,‘Then does the exercise of the power conferred by clause 8.5 necessitate such an addition or omission?’
9738,"Is he seeing what he wants to see, just like me and Los Angeles?"
9739,"’’You had all the power in your hand, and you had Kirin, too!"
9740,115 colours for even more choice!
9741,He knows all things (1Cor.
9742,He will see what’s going on with Arik [Sharon] today.
9743,"Whoever would be saved, let him thus think concerning the Trinity."
9744,"“Today, we’re going to teach Dalal and her mother how to use the wheelchair."
9745,E-77 Neither can you choose them a better route to go.
9746,Only Truth can bring peace and calm within your soul.”
9747,Nashville should bring us a lot to help our patients in France.
9748,It's not the sun but He created the sun.
9749,After a year(1500 hours) to replace a new oil.
9750,2018- Air passenger rights: why the revision of Regulation 261/2004 is urgent?
9751,So you will need to manage all the four species and their domination.
9752,Find out why he has personally spent millions on the project.
9753,Here are three reasons why the banking and monetary systems of Harry Potter make no sense.
9754,What you attract into your life is in harmony with your dominant thoughts.’
9755,And I want to see them all come in the great unity of God and--and be--be brought into the great millennium that's coming soon.
9756,If God is in the world then He’s being touched by impurity.”
9757,Do they even recognize the state?[85]
9758,Cases where at least one child had a lawyer: 459
9759,It looks like so much fun; can I go to school too?
9760,(I just heard that North and South Korea are at their war games again.)
9761,His mercy’s from age to age on those who fear him.
9762,“Dolphins are respected and protected in this part of Japan.
9763,"And about those who are not influenced by the devil, the Quran says:"
9764,Thus Allah (swt) made the challenges progressively easier.
9765,“We will be the 10th state to have such a ship.
9766,And when we do our words will stand in as witnesses – either testifying for us or against us.
9767,"Say: ""The Truth has come."
9768,"But he had believed in her, and for that she was grateful."
9769,"No one, not on the UK side or the EU side, wanted to lose the working relationship that was in place today.”"
9770,"We are fighting, as our fathers have fought, to uphold the doctrine that all men are equal in the sight of God."""
9771,(Six of 36 elected candidates are now in prison—the court did not release them.
9772,""" A good martial artist is like water ... why ?"
9773,"But if he succeeds, he is going to liberate me from my shore, as a tutor”."
9774,Since 2008 there is also a legal little local production.
9775,We have until 4 December - that’s the next meeting of finance ministers - to do so.
9776,And I think many of you here today belong to that group of people.’
9777,Such people will never receive God’s salvation.
9778,">> John, tell us, do you think your job will even exist in the future?"
9779,You'll see and hear Big Ben from this direction.
9780,And the Japanese new director general also did a good job ?
9781,"for you where there were only walls."""
9782,"(56:92) And if he is one of those who give the lie (to this Message) and go astray,"
9783,Bob: I didn't know there were 29 until this morning.
9784,"And worse yet, they can even attract (via the Law of Attraction) similar adversity in the future."
9785,"It had become a place of darkness."""
9786,Some people may be martyred and come to heaven sooner.”
9787,"he said, ' Other ports, another route,"
9788,"Who am I—though I have the power to do it—to punish and reward, playing with men’s destinies?”"
9789,"He said,“Malnutrition.”"
9790,MULTILATERALISM 2.0 – will trade ministers take up the challenge?
9791,"And we, who are trying to behave as God’s children, have to be among those few."
9792,"But when our lions come and take your breath, you will never come back to life.”"
9793,In IMF (2013) Selected Decisions.
9794,Why arsenic was present remains to be clarified.
9795,"And you will not be large claims, it is Haiti."
9796,Don’t they behave as if the Earth was formed only for them today?
9797,"This Company Will Pay You $1,000 for Telling It Why Your School Rules"
9798,And how near is heaven?
9799,"(L) I think they already have to have it inside them, then they get a shock, and then afterwards..."
9800,"I want them prominent, but not irritating."""
9801,E-286 Do you believe the same thing can happen to you?
9802,Can this man meet all your expectations *today*?
9803,It will be possible to monitor the measures taken by Greece.
9804,"Such as you are, why do you live in the forest, free from all desires?"
9805,"Is that your desire this morning, Church of God?"
9806,"In this tour, we will observe it (panoramic) as well!"
9807,First build cities for your children and then sheepfolds for your cattle.”
9808,I hope you accept my birthday wishes and these white lies today!”
9809,"As someone recently said, “it must be a 67 and not a 73.”"
9810,« You can see how vulnerable we have become – almost everywhere!
9811,"Be not afraid; with My support, who could ever block the road?"
9812,"The Last Guardian has NOT been cancelled."""
9813,Enter [y] for Yes or [n] for No.[y]
9814,He also had rays from a pillar of fire in the clouds landing upon Moses to signify God’s blessing.
9815,Sir Grey promised the Germans as much!
9816,There is also (at least since 1990) an english language association in Jamaica.
9817,"""We should not underestimate Egypt and their strength after this result."
9818,"They follow where their inquiries lead them."""
9819,"And yet, did they ever wake up one day to realize that they were slaves?"
9820,Version 1.2 created for: Shirts.
9821,Except that … this machine can very easily be replaced by two good old hands.
9822," In addition, through François Becker, the European network was present:"
9823,"Sooner or later, all visitors will leave your website – not a big surprise."
9824,"Therefore, I have voted in favour of four of the reports on economic governance."
9825,No more than 25 Irish companies can be simultaneously headed by an Irish resident.
9826,"Yes, there will be other HALF MDS in the world that are in preparation."
9827,"220 Friends, we are not promised a system."
9828,All who dwell in God’s house will be filled with joy and rejoice.
9829,"How much heat is expected for this summer in Spain and when will the ""bad"" begin"
9830,#51 Your birth certificate is an apology to your parents from the hospital.
9831,The other one I did this year was also popular: Are Avocados Good for You?
9832,"“[He asked] if, in his capacity as Secretary of Amici Israel , he could meet with him the following question."
9833,"“[He asked] if, in his capacity as Secretary of Amici Israel , he could meet with him the following question."
9834,"E-176 ""I wear shorts, and I do this."
9835,"It is a fine idea, Washington informed the conference, but not now."
9836,'We live in the age of secrets and fear.
9837,you have put all things under his feet’.
9838,"He answered, “Because My people are suffering.”"
9839,to show that we treated your fairly;
9840,to show that we treated your fairly;
9841,E-129 And what do we have in our Protestant churches?
9842,"""Yes, the president of the Magic Society called you directly."
9843,(Alana) And Russia already offered them help.
9844,"Nor is He contained by the six directions like all the created things."""
9845,"Man is made for the peace, which is God’s gift."
9846,"For Christ and Satan, it was time to come together."
9847,Why not both? - IShipSupers
9848,Fear of rabbis (rabbinophobia) comes from the fear of being inspired.
9849,* No sanctions against Zimbabwe or any other African countries!
9850,"Meanwhile, Claire Martin and I missed all this – and more."
9851,"'Look on the rising sun: there God does live,"
9852,But not even [the labour camp] could stop his mathematical activity.
9853,"“The Syrian Army, I want to break it tomorrow."
9854,"""You will be taken aside and you can then talk to staff in private."""
9855,"“I suppose, now that they took my old chair."
9856,And da-da’s probably on his way to all of em except one
9857,“No man” repents when they hear God’s Word.
9858,"Why have we lost not only the majority of our colonies, but also the majority of our wealth?"
9859,"“Even with 151 deputies in parliament, we will proceed with our reform program.”"
9860,Only we were vulnerable [in this region].
9861,"Until 26 December 2004, “did not believe” those old prophecies."
9862,You are the light; you are the lion.’
9863,"A week to never forget, according to Q."
9864,"""We need to hire a hundred drivers in the Aube."
9865,"“I want to thank the 8,400 people who stayed."
9866,"There are possibles in God's understanding, and all these possibles tend toward existence."
9867,Q: (Joe) His name is a lie?!
9868,The viability of the idea he and a small group of colleagues launched was quickly proven.
9869,Woe to the man who leaves behind a shadow that bears his form.”
9870,"Woe to the man who leaves behind a shadow that bears his form."""
9871,"So now, please let your servants settle in the land of Goshen.”"
9872,"And what a great boat, this Finot-Conq 2006-2007!"
9873,"Or, are you here just because you and Peter are internet friends?!"
9874,Above all I shall not forget the Maltese people.
9875,Snake: “You will not die if you eat this.”
9876,"Yes, everybody get up and dance, because Kyle has arrived."
9877,"During your dinner on December 5, was it she who raised the matter at the end of the meal, or was it you?"
9878,"there is no heat or the darkness that comes when there is no light."""
9879,Long before the sun rises and especially… before our new Japanese friend gets up!
9880,“Thank you for becoming what @Coinbase would not.”
9881,Study263 will have to pay taxes on imports.
9882,"""My son, God will provide a sacrifice for himself."""
9883,"Be sure, this day is near, Homin!"
9884,"And in most cases, you will never know whom you have touched and how.”"
9885,">you left GW in 2003, I think."
9886,"Later on in chapter 9, He needed a man."
9887,Why a certain time of month I don't wanna hold his hand
9888,“That’s an environment where oil can be held higher from here.
9889,"Really, we never … Our young people have opinions and experts."
9890,Why have the 1500 ancient manuscripts of different parts of the Bible not been harmonized or even destroyed?
9891,5 - In this fifth point you again express your great hesitation (which I can understand).
9892,"""I am sad that this innocent girl had to leave Pakistan."
9893,"“Will go where the Lord wants [us] to go,” another couple noted."
9894,Senator Greene: Maybe there should be two levels of the use of information.
9895,"that's what you would use for your citation, and I also, Brenda,"
9896,"He--He gave them, He gave them food that they never planted."
9897,"But he will be assassinated or die in office though not necessarily in his first term."""
9898,"“20m electorates voted for my husband, are their lives better off today?"
9899,"None shall escape the sword of the Lord."""
9900,I still can’t believe that 41 women were raped here in this small town.
9901,"And how long would my car be ""in the shop"" if I let him do this for me? -- Arlene"
9902,What is worse is to swear by God’s name that a lie is true.
9903,Jesus saves you from God's righteous judgment.
9904,No one can serve God unless he brings this Message!
9905,and Facebook and Berkeley for all the different things that they've done.
9906,"HM: No, this number of 1,800 refugees does not affect only Bavaria."
9907,"Then you say, `I saw a still more beautiful mountain two years ago.'"
9908,"Si, Si, Si, Si (with Eddie Constantine)"
9909,The whole truth from what appear wen
9910,“Roger… He is men’s tennis in my opinion.
9911,"Speak unto the children of Israel, saying, In the seventh month,"
9912,"Will: ""He usually changes his clothes about once a year."
9913,I will fight alongside them until they reach the fullness of their age.”
9914,``Thanks for choosing the 49ers Alex.
9915,"In addition, your government will receive a report from Don Drummond in the next few months."
9916,"“The next threat is when, not if, the same thing happens with ceftriaxone."
9917,There wouldn’t be 1.4 million European citizens here if the Swiss economy did not need this workforce.
9918,God’s love will open doors for these believers to share the Gospel even more.
9919,"Secondly, Mageia 6 has not been forgotten."
9920,"In 1980, we were amateurs working closely together."
9921,"God has given you a bigger car, the latest model!"
9922,"Probably in Milan..., and this with other partners."
9923,In nearly all territories [of South Kivu] insecurity continues.”
9924,Everything is established on the foundation of God’s words.
9925,Could God’s gifts be anything but Beautiful?
9926,"""We now can expect to have more energy available each week."
9927,"Scott, a Republican, is now in favor of expansion."
9928,competitiveness – we want to be the acknowledged leader
9929,"God wants those who can accept the new light,"
9930,"Without such an approach, in September 2010 we will again be in a position of not knowing who to vaccinate."
9931,How many people have worked on this inquiry that is costing us $62 million?
9932,Never Alone: The Other Law of the Jungle 100' 4K
9933,"However, even a cynic like Scully started to believe toward the end, right?"
9934,They will receive three birds during the distribution of the catch.
9935,"They say first things first, so tell us, who is Sharon Kadangwe?"
9936,"=4=5 Yes, Neymar doubt of his future in Paris."
9937,THREE FIFTY NINE represents something completely new for the region.
9938,"Shortly after, the human era will be ended.’”"
9939,Sudol did not “drink or smoke or do anything like that.”
9940,You can access all resolutions and recommendations since 1948:
9941,"This is very bad news for Europeans, because we will have nuclear Euromissiles again."
9942,"This is very bad news for Europeans, because we will have nuclear Euromissiles again."
9943,"Only Caliphs (Disciples) will come after him, and the Muslims must follow them."
9944,"And because this is a work such as never was, it brings the time of trouble such as never was – “the great and dreadful day of the Lord.”"
9945,"And doing anything for love in a city that deny it, is a rebellion.”"
9946,292 Did you see what this American theologian said?
9947,"Smithers: Will you be donating that million dollars now, sir?"
9948,"""What can 150 heads of State do facing a disaster?"
9949,3 Here is the answer! 4 Seek for it no more.
9950,"And if they enter, then for what purpose?"
9951,The purification of God’s people cannot be accomplished without suffering.
9952,"By January 2nd, these people won’t even recognize DC."
9953,"The rose for one day, and you forever."""
9954,Greek: But we'd like to write books about Him.
9955,"We had nothing with us, only baby Adams."
9956,"When all of God’s children become His priests, the three parties will be reduced to two."
9957,Their 13th edition is no different and serves well in those areas.
9958,God is sending only one Revelation to the world.
9959,"As a result, a total of about 1986 performances can be admired."
9960,—V: We were playing for a small minority.
9961,The true reason behind the 40-hour work week & why we are economic slaves
9962,But even here there is a double standard for non-European women:
9963,You know from ancient tradition what we believe; you cannot therefore doubt what we wish.»
9964,"“Yes, but what I know, too, is that, sooner or later, you will have to obey your father, and perhaps you will end by believing him.”"
9965,I also think you are a benchmark on this aspect and a reference for 3B.
9966,"""You and Purdy probably know the answer."
9967,"To the surprise of almost no one, Mars One appears to be dead."
9968,"Being right was the point of every conversation, I thought."
9969,"If you can see through some situations, then you have some understanding of God’s word."
9970,"Good policy advice, but does the Palestinian use of violence truly lead nowhere?"
9971,"- Improved access to an essential service or good for 22.6 million people, including:"
9972,7-10 points: are considered good and in the best possible health.
9973,Obama can even hear my thoughts!
9974,"With Music Studio 4, you can."
9975,How did the different diplomatic missions react this week to the visa issues?
9976,"Yesterday we buried two Marxists,"
9977,"""I know that you said that the Nations League was a disappointment."
9978,Is it still profitable to design a 3.70 m car that has to be produced at low cost ?
9979,The desire (or need) to fulfill your responsibilities is active now.
9980,The same old ineffective operations against Hamas?
9981,"Q: Can we pay the debt, the karma that we have through the sexual forces?"
9982,(Niall) So this means more of this kind of thing might be coming.
9983,"Alone or with other European networks, the MOT:"
9984,6The world can show me myself.
9985,"We affirm the sanctity of life and of its importance in God’s eternal plan."""
9986,"In this matter you should check, monitor and remind each other, and no one may violate it.’"
9987,The person will be able to make the new international coding 10;
9988,"""As for them, I'm too old for that, besides I'm the devil, Aurora."
9989,"Again, it was the same at the British Military Hospital:"
9990,"In 1986, it was time to think about “adult” work."
9991,"But I do not see the conditions in Spain for this industrialization, let’s say, mechanical."
9992,I can only open an environment and encourage them in whatever they do.”
9993,While some of these issues could be seen as good advice to governments
9994,"John Carter would rather not see it in that context, though."
9995,"15% black), never on a colored background."
9996,“Furlan/Numero 23” is in itself one single image.
9997,A regulation (available here) details all the rules of this original mechanical sport!
9998,E-233 We have all kinds of witnesses.
9999,"Maybe (reprise, by Annie)"
10000,“There is no justice in this world unless we make it.”
10001,Article in “What to do in Paris?” : Let’s create with virtual reality!
10002,The second will be looking at the effects of (re) marriage after retirement.
10003,“You know who else wants to destroy ancient monuments?
10004,'The Hands of the Mighty God of Jacob'
10005,"The truth will abolish fear."""
10006,"So it knows seasons similar to those we know, but twice as long."
10007,What intensificator of power will be able at the same time to be a multiplicator of production?
10008,This is so My Father – with My Mother – can decide the most advantageous time.
10009,"And the big ones, they acquired maturity while playing."
10010,"I, and not for the first or last time, called him a fucking idiot."
10011,"""He who conquers himself is greater than he who taketh a city."""
10012,"If only they had bananas, Mr. Tucker!"
10013,They found the pharaoh's funeral mask.
10014,We also sent Lut; He said to his people...
10015,"If they do know that, then they are liars."
10016,E-165 Could it be possible that we enter that again?
10017,It is precisely this freedom of expression that allows me to write in Europe and not in Iran.
10018,Michel LEGRAND. – In the same state of mind when I composed these concertos.
10019,"Professor Ellis thinks that within eight years, we will have reached our limit."
10020,ES: Will this Calibre 118 equip all of your watches?
10021,"This was a role chosen by Israel herself, or even chosen for her by the United States."""
10022,"It's just better for her with the whole team, you know?"
10023,This rescue resembles that obtained by Mexican financiers in 1995.
10024,Remember Satan’s ploy against the Israelites.
10025,Only Ali and a few others were Muslims before them.
10026,During the night we are working for us (we love learning) and for you.
10027,"However, the law would also prove to be a major political liability for Arthur."
10028,"11:62 They said: “O Salih, we set our hopes on you before this."
10029,"Ask Bidi, actually, you ask yourself, and the miracle is there."
10030,"• 148 enterprises were in a pre-crisis and crisis state,"
10031,“One and a half meter” could also have been called “Intimacy”.
10032,Was it funny being interrogated by MI5 as Joan?
10033,(Sound of cow) They are also afraid of the costs at the clinic.
10034,We wanted to give Noah the chance of life.”
10035,"'No,' he replied, 'my eye is not on the density of the fog, but on the living God who controls every circumstance of my life.'"
10036,"“For the first time, you can play Mario with one hand.”"
10037,"On the other hand, you might see four Dakinis dancing and it would not make you laugh."
10038,I was working for a great French chef and German television at the same time!”
10039,The prayer for Satan’s expulsion is abolished.
10040,"A mystery man named Michael or M was the last to leave, MAYBE."
10041,A diagnosis of T1D has given our family something to overcome together.
10042,"Mr. Jackson: She was not with me at that first experience, no."
10043,"Indeed, Jesus “has his priesthood without any successors.”"
10044,"'If you are stronger than I am, I shall let you go."
10045,I think he even used a neutral/guy name.
10046,So we’re going to teach the six count basic now.
10047,"At the same time, the number of employees will remain at the same level - 161 people."
10048,“And now the angels of water and of sun will join with the angel of air.”
10049,How did Solomon use his wealth?
10050,You have a gold mine when you have a ‘growth mind’.
10051,"My problem is that I believe in you, in your determination."""
10052,Consistency allows Three 6 Mafia to remain potent.
10053,Give him a high five – Why is this not an effective strategy?
10054,"At some point, probably next summer, the Air Forces (VVS) will cease being one of Russia’s three armed services."
10055,"When God’s Spirit is present with us, we can be strong and courageous – because no enemy can harm us."
10056,They are for them in this world and for us in the Hereafter.”
10057,"the Spirit, he cannot enter the kingdom of God."""
10058,"I am a priest, sir, and the secrets of confession, for instance, must remain between me and God, and not between me and human justice."""
10059,"In other words, all those who accept the last of God’s work are those who will be judged by God."
10060,"Therefore, love truth and peace.”"
10061,Fake women are soon revealed one way or another.
10062,A: Just start following the four principles (or your own principles) right now.
10063,"We have his tears, his senses exposed."""
10064,"We had to decide virtuallythe necessity of things,"" he said."""
10065,"We had to decide virtuallythe necessity of things,"" he said."""
10066,5 Doctors Dead or Missing After Discovering This about Vaccines!
10067,Is he not the president of 77 million people?
10068,Is he not the president of 77 million people?
10069,Three partners with three salaries cannot pay for three rooms!
10070,"However, in fact - it was also a strategic and technological breakthrough:"
10071,"After 18 seasons, could anyone beat the Kardashians?"
10072,"Moreover, they wanted to have children in the future and that was almost impossible in such a physical state."
10073,"“Because we love you all so much, we wanted to share with you — for the first time — something very special."
10074,“I use (Hereford genetics) on some of my best black cows.
10075,"Mr. Jackson: You know, I was sent to Romania to work on a film."
10076,"Fifthly: there is no person representing Islam, even Muhammad:"
10077,"1.2.2 In France, European debate is extremely poor"
10078,154953 € is this really the sum necessary to strengthen the Franco-American relations in this restaurant?
10079,“Are we supposed to celebrate this decision after 18 years of this strange life?
10080,Senator Taylor: At least he did not lose his luggage.
10081,Each of you is loved and surrounded by more guides and angels than ever before.
10082,"And I helped Don Henley, and others, get their copyrights back."
10083,"Say: ""The Truth has come."
10084,"c) at the end of the Canon, after the doxology;"
10085,Those who say 'no' are rewarded by the safety they attain.”
10086,"If a person can submit humbly to God’s will, he will spare himself many needless detours."
10087,"‘And yet, what they are looking for could be found in a single rose or a little water.’"
10088,"It’s great to have, but you don’t even need a television in 2013!"
10089,"If they continue to support Jones, consider them part of the criminal network."
10090,Taste My Swiss City with Dario
10091,NOW is the time to offer your support/vote to the finalists!
10092,Very few of us can claim that 100 million Americans use our services.
10093,(L) Does Frank’s dad need me to help him to release into the light?
10094,"HarmonyOS will be officially launched soon, with a new product unknown."
10095,'Amer: Is there a story you know?
10096,"After months of planning and development, //3877 was born."
10097,"We have not yet seen any serious deterioration in the cedars over the years, besides this insect,"" he said."
10098,"And do you know why many men, nevertheless, are ready to contact the model?"
10099,I was helped; through Laura and Ark I have the chance to help others.
10100,"(As stated previously, this refers to the number of flights."
10101,OE1.2 – Excessive use of water”;
10102,‘But at the same time I know we are contributing to something global.
10103,"But in reality, we are only a fraction of their universe.“"
10104,This is what Bill Johnston has shown at individual stations.
10105,Are we too stupid that President Obama has to tell us what kind of insurance?
10106,3) Mr. Jarman was always looked for opportunities for the future.
10107,"Maybe, I ought to come to God."""
10108,"Maybe, I ought to come to God."""
10109,Neither can we be saved by a historical God.
10110,When did KSE and the Patriots make the environment a priority?
10111,"'Truly you are a God who hides yourself, O God of Israel, the Savior' (Isaiah 45:15). ..."
10112,"We would have liked such a language of truth for 17 months! """
10113,"We would have liked such a language of truth for 17 months! """
10114,We want—we need—to know more about the woman who called herself Elizabeth McNeill.
10115,Those who find true happiness must have the blessing of Heaven upon all that they possess and all that they do.”
10116,He loved what he did and it was his passion.”
10117,"Yet, despite God’s warnings, Israel would not listen."
10118,"Not on the same level, but the Manuel brothers are reunited."
10119,They released one album titled Peace 4 Me.
10120,"Nobody says that the United States of America did anything on 9/11, Mr. Meigs."
10121,Do you see Satan’s evil here?
10122,Do you see Satan’s evil here?
10123,"At the same time, the Cancers should not think that everything will be theirs this month."
10124,“You wouldn’t know what to do with the blondes in our jokes.
10125,"If Nanna will not help you,"
10126,"God's Word, therefore, speaks of them as ""asleep"" and not as destroyed."
10127,"In fact, everybody was saying, even from Balaji (production house) that she should do it."
10128,"""I can tell you that, to be president in Cameroon, you must be able to read at least 200 pages a day""."
10129,Jim: What about our new readers who haven’t worked with us in the past?
10130,Thamud (people also) belied the warnings.
10131,#5 She may use an emoji or two.
10132,We both know that you don’t get the chance to visit Egypt every day!
10133,"Thus, we will be like Jacob that fought with that fiery force one night or as it is written:"
10134,"It’s a transatlantic organization, but Article 5 now has global implications."
10135,"And I tell you to live and to have a child."""
10136,I'm not the martial artist; you killed him the day before.”
10137,"(Fortunately, Duane is still with us and still managing the office."
10138,(Today’s Greece is a more extreme case of the same thing.
10139,"Not one shred of evidence that any of them were on the planes,” he said."
10140,“We will do what is needed to sustain market stability beyond June.
10141,The ransom given by our Lord once for all secured a resurrection (anastasis) for all.
10142,"First, in industry and agriculture, the four policies we mentioned already:"
10143,We know that Satan is a liar.
10144,"However, there are only two countries worldwide where the authorities will come back and tell the bank what happened – whether they were right."
10145,"But said, ""no matter whether he's wrong or right, I love him."""
10146,God desires that the receivers of His grace shall be witnesses to it’s power.
10147,"""You always hear about people wanting to be the next Hitler."
10148,f) continue to cooperate closely with the non-EU countries of the Western Balkans and provide any necessary assistance;
10149,"“I trust the euros in my bank, but can I trust a crypto euro?"
10150,"And, in January 2020, they said: we want neither the crown nor the turban."
10151,10 They will drink the wine of God’s anger.
10152,"“Not much,” must have been the conclusion of European governments."
10153,"In here we still need to check for stacked values, but in a lesser way that doesn't interrupt the flexibility parameters, so we have the sum of { x in [4,44] }."
10154,"Then zazen is really zazen; then, each action here in this place is only this action."
10155,What’s the next big thing in IoT? 14 experts share their predictions.
10156,By the living God it is true that there is no distinction.”
10157,"(…) «For many reasons, I am happy to be back here almost one year after."
10158,“So we have no (official) knowledge of where flight 292 went.””
10159,[5] Initiated in 2006 by the Ministry of Construction and eight other ministries.
10160,221 Many are like Eve.
10161,And George C. Parker knew what to do with that belief.
10162,The number (from 1 to 5) is freely chosen by your spectator!
10163,Followed by a heavy downpour of God’s love!
10164,Testing should be re-opened. - Dr. Smallwood.
10165,"(London, October 19th, 2012) Nevertheless, you took it for an open and public provocation."
10166,2) We are often seen as a way to gain $$$.
10167,From this moment on you have a legal representative in Portugal who will or should do on your behalf the following:
10168,I want him and his accomplices to be brought ALIVE in front of me!”
10169,Because the Chinese are generally looking for a job in their own network.
10170,"Jackson has millions, yet this is how I get treated."
10171,"He said, ""I know where the park is."""
10172,"He said, ""I know where the park is."""
10173,It is difficult to choose a better place [than] in the valleys of Montana.
10174,Tom: It is difficult in your physical world for you to truly understand the importance of both.
10175,"(Laura) No, we know what that is; they agreed to work with them."
10176,[What happened during the Paris attacks and how the world responded]
10177,"Therefore the meaning of revelation exists, even if it is not called revelation.”"
10178,"Therefore, we have not had a lawfully seated senate since 1913.)"
10179,This is how the prophets console their people.
10180,Is this a reasonable goal for Canada now or later?
10181,"People of the surface who seek to reach the Inner Earth inhabitants, through meditation, will receive it."
10182,"But, how the doctors who say these things can be wrong too?"
10183,Doug Martin: I'll be as ready as I can be for Thursday
10184,There were other games I was playing or wanted to play—25.1%
10185,"Moreover, he said; Well, I want to know all about sex."
10186,"We didn’t because we didn’t think a $1,200 phone was the best thing to do right now."
10187,E-280 Who is your little queen in the home?
10188,"No zeros missing, it really was about 4% of the others!"
10189,Comment: But every woman really wants to be young!
10190,Who said it was sometimes the same paper with a different packaging?!
10191,Fourth: your power bank will come with a cable.
10192,Display player and monster except when turned off.
10193,I willingly invoke on every family the blessing of the Lord.”
10194,"Yes, the same pipeline that he himself put in jeopardy with his disastrous energy policies."
10195,We have no direct competitors here in Guinea because we are the first and only development and investment bank.
10196,Q. What is contained in the other four books of Moses?
10197,You can contribute on this page now — let’s help our friend one last time.
10198,"“Will there someday be justice for us, the Indians, the poor,"
10199,"But remember that with the help of Samael, we hold the dragon for a thousand years."
10200,I'm a Muslim but I think Jesus would have a drink with me.
10201,"In fact, I described them as consultants for the day."
10202,E-288 I know you been taught.
10203,"“(But) the truth is the truth, and the truth will come out."
10204,Barrier 80+ can be called a product of the future
10205,"And of course, one of these 144 sub-selves and its body is YOU!"
10206,Wrongly naming a thing is to add to the misery of this world.’
10207,Wrongly naming a thing is to add to the misery of this world.’
10208,"So we place a lot of stock in the question, Would you want to have a beer with Andy? 99% of the world would say, Totally.”"
10209,"Why did He suffer, if not to turn aside the penalty from us?"
10210,"What is this little statuette, Madame?"
10211,“I want people to do Yellow Wolf for confirmation.
10212,But he did believe and he was grateful.
10213,"The--the Bible said, ""There will be a day that will be neither night or day."""
10214,You stayed some years among the people of Madyan.
10215,"""I pray God touches their hearts and changes them so that they see the right path."""
10216,A child should also be urged to memorize the dua and the Qur’an.
10217,Being dogmatic on the Canadian difference and affirming it every day
10218,Are you not also killed by what killed Adam?
10219,"But have we really met before, Lady Chiltern?"
10220,He is the Doer of what He will (85:16).
10221,They wanted to see if such a rain was occurring during a Steve event.
10222,"Such knowledge indicates that everything happens according to Allah’s will, because only He gives such knowledge to His chosen few, and only as much of it as He wills."
10223,Prince Harry in Canada : why he could lose one of its most important projects
10224,“Speak your truth clearly and listen to others.”
10225,"- The scientist always, and today in particular, is in the service of the society."
10226,"According to Ibrahim, “nothing will disturb” the holding of the second round, which “will indeed take place as scheduled.”"
10227,"According to Ibrahim, “nothing will disturb” the holding of the second round, which “will indeed take place as scheduled.”"
10228,"""I also ask that all of My children of the world review the Ten Commandments."
10229,He didn't like my stage name (Joe Bari) and asked me what my real name was.
10230,2.1.2 The relationship between companies and banks is very complicated and you can help.
10231,The hidden world of Sabrina will have third and fourth season; We need to see them now!
10232,"“Menos Estrés, Mas Éxito!” – published in Spain and Colombia"
10233,E-28 I want to thank the people from this auditorium.
10234,"L-264 Some will believe for a little while, like the disciples."
10235,"They are the same as those of 2005, the number of tourists."
10236,Bankers added that others such as Ireland were possible candidates.
10237,Thus Faraday's Law is always valid.
10238,"When Chelsea was small, Bill and I adopted this idea."""
10239,"Who, besides your phone, will not forget to remind you of upcoming important events?"
10240,The cenobitical [communal] life with renouncing your will is a great work in God’s creation.
10241,By this city of security (Makkah)”
10242,I am also curious to see what will happen with the previous reference 116660 and their market value.
10243,"Moreover, we shall burn his house – beware to the one who does not leave."
10244,who speak the truth are not committing a crime.”
10245,"We’re also working with our German partners, even though the situation is more difficult."
10246,"“Mr. President, will you take a call from Prime Minister Netanyahu in five minutes?"
10247,"He said, ""Carlos, the problem with many Christians is that they have Jesus as their Savior but not as their Lord."""
10248,And … is Facebook using it to find talent?
10249,He had eaten 43.5 socks.
10250,Can this be justice? 2 God knows not of this.
10251,(3) Reading easily becomes just another form of consumption — and procrastination
10252,“As a human and a colleague I cannot forget his 111 days on hunger strike.
10253,One of the many distinctions of Cinco de Mayo is the clothing.
10254,I checked with my Iranian colleagues: and the amount that is being taken is always fair.
10255,"We have his tears, his senses exposed."""
10256,So they put up a wall and avoid confronting it entirely.
10257,You are now the blessed of Yahweh.”
10258,"Could be better than this (heaven, heaven)"
10259,"Products 2 and 6, for example, may be missing in March."
10260,"E-138 Father, we come this morning, as Your humble children."
10261,“You could start seeing this evolution of maturity with these developers.
10262,"“He is our love, we chose to do what he wanted – the two of us are his wives,” Tikoiyan said."
10263,Sandy would do anything for money except get a job.
10264,Budget 2010: Ireland can drink to forget
10265,"This, friends, is a phone that wants to eat your children."
10266,I cannot to say that now Azerbaijan has reached the level of democratically developed countries of Europe.
10267,The Lord Himself knows that we need refuge and protection in the midst of so many dangers.
10268,In this very way the second aspect that characterizes Angels is also explained: they are God's messengers.
10269,In this very way the second aspect that characterizes Angels is also explained: they are God's messengers.
10270,"They were slaves, and yet they were God's people."
10271,Everything we do for or with Google is free for us as an agency.
10272,"“They encourage Jean, they want him to win for them, for France."
10273,"Surely not all of God's law involves a benefit to you and me, right?"
10274,Hello Slim is the product at stake.
10275,They hate that we’ve betrayed our ideals in their own countries — for oil.”
10276,We will offer it to our guests with love and pride.”
10277,"'My words are tied in one with the great mountains, with the great rocks and the great trees."
10278,"God doesn't reply; Google, always, and immediately."
10279,You’ve even been presidents and I speak to the USA now.
10280,With only CHF 15.- we plant a tree!
10281,Especially those most in need of thy mercy.”
10282,We ask – and humanitarian organizations should join us – that they at least be transferred to a prison in Barcelona.
10283,“There would’ve been reaction on something like that long ago – from NATO and Ukraine.
10284,"He replied, ""'Ali, Fatima, and their two sons."""
10285,"Give them a name, for example, joe, to help make them real."
10286,"Why only 100g, is the story of the fish."
10287,These are the words that you are to say to the Israelites.””
10288,"“No,” said the priest, “with the help of the Lord.”"
10289,"E-395 ""I'll be with you."
10290,Try to judge me only by my time and changes
10291,"As certainly as the doubters cannot change the ordinances of the heavens, just that certainly shall God’s people once again become a Theocratic nation."
10292,"(Now you know why you should never set foot in the Old Testament, right?"
10293,“Recall the mission in Libya and others.
10294,"I beg pardon of the King of Spain, if I have only awarded him seven millions of subjects in our continent."
10295,You can also see an example (where we try to get our own badge).
10296,Except he has a secret: he's gay.
10297,Thousands of European universities would be poorer.
10298,London would be in the EU for some time if the customs agreement is delayed
10299,Why an independent suspension has 5 links.
10300,406 families have left the units:
10301,"“No, no, the truth is, we have this huge community now."
10302,"O Mullah, tell me: is this God’s Justice? ”"
10303,"You see, Son, in your hands you hold the power of life and death."""
10304,"If necessary, President Bush can threaten to wake up Uncle Sam."
10305,"Chris: ""I got recognised in Co - Op once."
10306,Considering that most of us found the first cigarette we ever...
10307,"""Most of the companies we represent already pay well over 600 euros."
10308,"So, yes, there are “real challenges” for those of us who want to stay alive."
10309,"They will have to rebuild the trust between them which takes more than the undeniable heat between them—but once you surrender, it’s forever."
10310,Photo 1 – with these instructions you should get something like the first picture.
10311,"""If 99% of the planet died tomorrow..."""
10312,"He claims that at that point in his experience, he went to heaven and encountered God, which he describes as a feminine, mother-like ""Being of Light""."
10313,"Ajja: They exist in this world, but they are not."
10314,"8 Hast thou heard God's counsel, and shall his wisdom be inferior to thee ?"
10315,The Authority of God's Son.
10316,18:26 Say: “Allah knows best how long they lingered.
10317,"Is it just coincidence that one year to the day earlier, Japan recognized Palestine for diplomatic purposes?"
10318,[You have completed all phases faster than the other Hunters.]
10319,Secondly — and people rarely do this — test the competition.
10320,"It is created from the extract of the “tamarind”, which is a kind of fruit."
10321,"75 individuals for Iceland,"
10322,"It won’t change overnight, but now 140,000 miners know that there are other causes and other problems."
10323,>> 10 things not to do in the last days before a competition!
10324,But prayer is warfare to the last breath.’
10325,"The Model 3 was always going to be difficult, he told workers."
10326,"Mary is in you through through all this light and I, Gabriel, I do not like to leave this place."
10327,You might remember the last time that we talked about 6rounds.
10328,The wisdom in your hands is greater than the wisdom in your head will ever be.”
10329,All this is the fruit attained through God’s word.
10330,"""Now the Son of Man is glorified and God is glorified in him."""
10331,"Meanwhile, great Babylon's sins mount up to the heavens, and the remembrance of her iniquities comes up before God."
10332,"""Surely there is no enchantment against Jacob, nor divination against Israel."""
10333,"Assistance from the EGF will be in addition to the efforts of the Member States, at national, regional and local levels."
10334,As for the coastal waters of the islands need the Letter of Sir Coast.
10335,Today; we infiltrated the group of the oldest to see their work!
10336,Questions will now be asked — though not by The New York Times.
10337,Questions will now be asked — though not by The New York Times.
10338,"But, believe it or not, even in Amsterdam these establishments are not completely legal."
10339,"“And heard behind me a great voice, as of a trumpet.”"
10340,"“And heard behind me a great voice, as of a trumpet.”"
10341,Q: You are probably the only professor who is also a minister in the government.
10342,5.3.1. to introduce one “free debate” during each part-session;
10343,The table where she said yes still sits in Parker’s Restaurant.
10344,Have they served their community?
10345,More than 5 000 women will travel by bike to reach Strasbourg: Join them!
10346,"However, with some products and services, you can write openly about the problem."
10347,Seek to gather and to bless the children of him who departed.”
10348,Palestine refuses to die: that is the real secret.
10349,You will never finish a cup of tea/coffee again: 21 percent
10350,And they all wanted to be Minnie Mouse.”
10351,He has proclaimed God’s Word to the people of Israel.
10352,"I am also proud to say that 14 of these countries are in Africa""."
10353,She needs more: She needs to be Eleanor.
10354,Each week he gives me one and a half lack Afghanis.
10355,(*) International programs are only guarantee programs.
10356,"11 For He knew who was to betray Him; that was why He said, ""You are not all clean."""
10357,He was a neighbour of each of the women when they were targeted.
10358,Maybe because God’s hate is better than His indifference.
10359,They don’t need God to help them—they have their retirement plan in place.
10360,"Do you remember what my colleague, Giuseppe"
10361,and the third part of the sea became blood;
10362,We treat the rifle as a brother.”
10363,Wrongly naming a thing is to add to the misery of this world.’
10364,"This Ramadan, let´s try to be radioactive members of our family."
10365,And today either – in any case it’s our way of seeing the garden .
10366,The enemy or the devil knows that you are doing your own will and not God’s will.
10367,“I often cry when I remember my friend Leah.
10368,- Does production of 1.4 million seem sufficient to you for the Russian market?
10369,"From El Paso to Dayton in less than 24 hours, we simply cannot go on like this."
10370,“After 26.g4 I have very good compensation.
10371,(651 products identified in 2008).
10372,But nature in Abraham must submit.
10373,They drink like they’re Don Draper to drown out what is really going on with them.
10374,"If not, she just wants a few things in the potential actor:"
10375,The oral and beyond: Doing things with words in Africa.
10376,It would have been Star Wars Uncharted.”
10377,"“The kings of Africa, you are late."
10378,They either ignored my advice or found better men.)
10379,but also in life should be a bible in France.
10380,Three countries claim Bell today
10381,"does not look too big, also for the women’s arm"
10382,How to deal with neighbors - alcoholics legally?
10383,France also has specific strategic needs for this capability.
10384,They put it anywhere: Croissant (blasphemy!
10385,"I have been contacted by our main european competitor, ..."
10386,How District 9 Should Have Ended
10387,"Wisdom of Crowds: What Can We Learn From 8,000 People in 1974?"
10388,"That poor one must be corrupted, but he accomplished his destiny so that prophecy is achieved!”"
10389,I have created each heart for such an existence.
10390,"If He's God, He has to keep His Word."""
10391,We are going to do for Alberta what we do for other provinces.
10392,"On behalf of 35 million Canadians, we're back."""
10393,Ask around — how many people do you know who have read the Koran and the hadith or know what sharia is and what it is not?
10394,Then the wealth will always be sufficient.
10395,"He was ""Mister RFC"" to most of us."
10396,We say to the Head of State that we promise him that day a young Septennate.
10397,E-33 There's critics in every meeting.
10398,2:11 “who was still an Air Force pilot.
10399,It is believed that people who execute their duties to the departed souls (libations of water to the departed souls) are sure to attain salvation.
10400,What a testimony does it bear to the power of God’s grace!
10401,"""knowledge alone does not suffice; it has no heart."""
10402,"Can I call you Bob, as I did for years?"
10403,But adults often try to silence the 99 languages.
10404,15 He sends his command to the earth;
10405,"Thus, next year will be even more difficult""."
10406,Apparently I missed the train as some other people loved the 1937.
10407,"Then if it's God's inspired Word, then if the inspiration of God is here with us to make this Word live to prove that He's here, surely you can receive Him."
10408,''They can remain in Congo if they accept Congolese law.
10409,"A good tradition which will be followed (by people) after him."""
10410,So there’s clearly not equal pay in the White House when it comes to her and me.’
10411,"""Everyone knows, especially in France, how much I have tried winning the French Open."
10412,” It seems to me that the Kiev authorities must remain alone with their absurdities.
10413,"A soul generated by Love."""
10414,He is the Maker and Father of all things (Dial. lvi.
10415,I have five individuals this is how they are connected on Facebook.
10416,"Robert, 4 sites later and your response worked like a bomb!"
10417,"Actually, the meeting itself was an illegal meeting in that . . ."
10418,This rich and famous (and super cool) person has found Jesus!
10419,Forgiveness is the means appointed for perception’s ending.
10420,"might be an acceptable compromise, after all, if we had to wait three"
10421,But he made a clear conclusion for himself - PLACE ACCENTS!
10422,"How did he get 5 military weapons, some of them extremely illegal?"
10423,Therefore we have all the instruments we need with us−a tongue and ears.
10424,Wrongly naming a thing is to add to the misery of this world.’
10425,Wrongly naming a thing is to add to the misery of this world.’
10426,Wrongly naming a thing is to add to the misery of this world.’
10427,Wrongly naming a thing is to add to the misery of this world.’
10428,Wrongly naming a thing is to add to the misery of this world.’
10429,Wrongly naming a thing is to add to the misery of this world.’
10430,Wrongly naming a thing is to add to the misery of this world.’
10431,Wrongly naming a thing is to add to the misery of this world.’
10432,Wrongly naming a thing is to add to the misery of this world.’
10433,Wrongly naming a thing is to add to the misery of this world.’
10434,Wrongly naming a thing is to add to the misery of this world.’
10435,Wrongly naming a thing is to add to the misery of this world.’
10436,Wrongly naming a thing is to add to the misery of this world.’
10437,Wrongly naming a thing is to add to the misery of this world.’
10438,Wrongly naming a thing is to add to the misery of this world.’
10439,This will mean that Satan’s power will dwindle when God’s army will rise in strength to defeat the beast.
10440,"The Creator , forcing the man to eat to live , invites him with the appetite and reward him with pleasure."""
10441,"the Son will not see life, but God's wrath remains on him. ..."
10442,The Church commonly teaches distinguishing between God’s presence and his indwelling.
10443,"Of course, in all countries and in Vietnam it is necessary to look at both!"
10444,"Forget Your dreams of sin and guilt, and come with Me instead to share the Resurrection of God’s Son."
10445,"It is created from the extract of the “tamarind”, which is a kind of fruit."
10446,21.26: And they say: The Beneficent God has taken to Himself a son.
10447,"If a technique had been lost 100 years ago, there would also be a new technique born 100 years later."
10448,"Because such a war would be (very) expensive, my (dear) brothers and sisters."
10449,He will go out again and again he says if he hears the British boats are coming.
10450,"Between all other environmental parameters, how will our unique set of data change?"
10451,Do you really believe that this work in which we are engaged is truly the third angel’s message?
10452,"I am an old man and I want to present myself to God with clean conscience."""
10453,"I am an old man and I want to present myself to God with clean conscience."""
10454,"John spends about six months in each home, and he considers this a permanent arrangement."
10455,OTO 1($37): The library is significantly expanded.
10456,We wanted to give Noah the chance of life.”
10457,"Thanks to Michèle, everyone felt legitimately integrated into the project."
10458,"“In the past, everybody was afraid of YCL but not anymore."
10459,"Be sure, this day is near, Homin!"
10460,"Another 25 people, but only for you!” ... it is no longer used."
10461,"We mentioned, concerning the reign of Amon, that tomorrow does not belong to us."
10462,Laima Liucija Andrikienė (PPE-DE). – (LT) Today we have completed the first reading of the EU budget for 2008 and have voted in favour of it.
10463,And people will be indefinitely detained.”
10464,"""It turns out that the only thing that makes one avoid sins is the belief in the resurrection."
10465,"If you are a woman, not only I consider you inferior to me, but inferior to men too (4.34)."
10466,We will keep the flame in thy name.”
10467,"""Then you can go back to your day-to-day concerns."""
10468,"· French take diplomas very seriously, so add everything you have"
10469,"5.3.3 to 5.3.6), an affirmative answer to this question is no longer unanimous."
10470,I served the people and you served Slobo!
10471,"8) Does our country have a National Adaptation Plan (see Resources, page 15)?"
10472,6.9 – Is there someone I may speak with about your schools?
10473,"After that, you will need to explain why progressive and civilised humankind lost Ukraine."
10474,"Would you come right here, sister? 25, 26?"
10475,You have to take them out of their environment.”
10476,"We are God, in leaf, in flower, and oftentimes in fruit.”"
10477,Secondly: the reason why this recent suicide bombing in Cairo will not be the last one:
10478,"“Unfortunately, we have to tell you that Udo has a serious health problem since early January."
10479,1) The thing you love more than God will begin to control you.
10480,We know it because we see it with the rest of their trade policies.
10481,Why Jessica is Never Going to Ireland But You Can Go Anywhere
10482,"“God’s woe is deeper, thou strange world!"
10483,Because I need to love something other than my console
10484,God’s children will be pulled in every direction.
10485,We knew where 33 of the 42 missiles were.
10486,Now only to specialists and no traditional medicine! ”
10487,"#3 You like things a certain way, period."
10488,"This is what we did in 1991 and 1999, by redefining our strategic concepts."
10489,"The people described in this passage were so bad that not even the powerful intercession of the great servants of God, Moses and Samuel, could relax God's anger against them."
10490,1) “We don’t need a fryer and six grills.
10491,Why Jamie Chung and her husband have a “two week” rule
10492,I don’t even want to write about diseases that have become the norm in Ukraine today.
10493,"""We never expected that [Boko Haram] will build up that kind of capacity."
10494,"O favored monarch, is there nothing in all thy wealth?"
10495,That is the responsibility of those who wish to use Liu.
10496,What is it: 78 years to ride on the same machine
10497,"Understand, at least when we speak of the semi-closed circuit."
10498,Testing should be re-opened. - Dr. Smallwood.
10499,"They come to confess, and to entrust themselves into God’s hands.”"
10500,"Whoever tries to attack the State of Israel – will pay a heavy price,” he added."
10501,Let's call another: witness number two: Abraham.
10502,It’s a great feeling and I think Tom and I have written history today.
10503,"Until then, they are right to regard us as a paper tiger."
10504,Are God’s actions appropriate?
10505,Are God’s actions appropriate?
10506,So there’s clearly not equal pay in the White House when it comes to her and me.”
10507,"Why expose 4,000 Americans to an epidemic?"
10508,Q: (T) Will this be very destructive to Los Angeles?
10509,We can help you quickly in one of three languages (NL-FR-EN).Why would you choose Argentor?
10510,"This year, dear Capricorn, you will break the rules imposed by society."
10511,"""Each is great in his own place, but the duty of the one is not the duty of the other."""
10512,"– Listen Claude, the team is unanimous."
10513,What we want and expect from our best citizens has changed.
10514,“For some strange reason I can now see a reason for Bergoglio.
10515,Does that mean that Kyani is a scam because of those two companies?
10516,(These verses identify our good life with our God.
10517,It is totally false to think that the sinners in Hell are deprived of God’s love.
10518,"In general, military operations must not be directed against enemy civilians.16 In particular:"
10519,I have no doubts that we will be champions and that I will be playing.”
10520,The criminal cabal in Washington D.C. also needs to understand the inevitable.
10521,"Hillel II was therefore forced to institute his fixed calendar . . . ."""
10522,"No matter what you do during the day, it is present as a shadow."
10523,"1-5, and the introduction by his grandson)."
10524,Facilitations or reductions not only for the main house
10525,First build cities for your children and then sheepfolds for your cattle.”
10526,"In summary, how has this technology helped local growers in Argentina so far?"
10527,"However, it truly becomes unforgettable when accompanied by man’s best friend (your dog of course)."
10528,"Would you, the people of Mine, not have already been used by Me?"
10529,"And this is the case of Liechtenstein, a country that confirms all our economic and political ideas."
10530,"The constraint is not so much on the cattle side,” Masswohl said."
10531,Second Ukrainian Soldier: We wanted to preserve their lives and the criminal order is not …
10532,"I want to congratulate you: 13 days of strict ""Japanese"" completed!"
10533,Wrongly naming a thing is to add to the misery of this world.’
10534,"And what do we see in 1998, the third repetition of 666?"
10535,It’s through the prism of The First Man that I often want to see Camus today.
10536,These “beautiful cities” are only good for Pharaoh; they do nothing for me.
10537,"During the experiments, instead of the expected results, it produced electricity very efficiently!"
10538,It is totally false to think that the sinners in Hell are deprived of God’s love.
10539,Our values (ADN) We are 3.0
10540,"What is certain is that we saw them descend from the ""red egg""."
10541,Not about oil? what they said before the invasion
10542,He protected Kimi on one or two occasions also.
10543,"And do you believe that, beyond Rome, your contacts will intensify?"
10544,"Here, the misery of the soul meets the God of mercy.”"
10545,"When they enter the Earth's atmosphere, they are called meteors."
10546,Can I use X115® Woman even though I am a Man?
10547,"Q: (J) No, but you have got to know where the elevator is!"
10548,Fundamental rights and freedoms are also recognised in Austria at last!
10549,"If you have already educated him on the ""reminder"", let him run across the fields!"
10550,We hope that Armenia also achieves such a level of maturity as soon as possible.
10551,This is how the Europeans thought then to discover the name of this animal ...!
10552,"Heck, you even have to deal with them with things like email."
10553,We are also sorry if the examples seem Eurocentric.
10554,"In Luxembourg, we had also the advantage of being in a financial environment."
10555,"These are from the core of Bida'ah and newly invented matters."""
10556,"These are from the core of Bida'ah and newly invented matters."""
10557,The battle is not between right and left; it is between us and them…”
10558,"Linda was inside, on her phone — to who, this early?"
10559,"You can also say, ""I understand where you are coming from and can see you are frustrated."""
10560,"However, it is believed that at the national level R. McDonald is represented by only one actor."
10561,"This was the second, no, the third night since he had looked in the Stone."
10562,We have been sent to the people of Lot.’
10563,“The worst is behind us in terms of layoffs.”
10564,Satan is also called the “god of this world.”
10565,"Our Lord, created Adam, by breathing His spirit into him."
10566,10 Our enemies will hear this strong message.
10567,5:39 “are two other non-allowed research subjects.
10568,"In fact, you recently cost me a potentially promising relationship."
10569,“Your strength is far from sufficient.”
10570,(Galatea) Are you saying that for some people this transition will be painful?
10571,I was looking for happiness in material things: a car makes you happy for a week.
10572,"On November 29, 1947, it was happening again - to me and to all of us."
10573,Such is (the level of) the Arab commitment.
10574,France is good but it [the asylum process] takes time.
10575,France is good but it [the asylum process] takes time.
10576,Meg shouldn't be alone while watching over one hundred slaves.
10577,"2009 30 for 30 Consulting Producer, Executive Producer"
10578,"The king of hell said, ""This man's name is Goliath."
10579,Only fools forget it.”
10580,"They are doctors and lawyers, but have you ever seen a Jewish nurse?"""
10581,“He shall purify the sons of Levi.”
10582,Itzhak Stern: There will be generations because of what you did.
10583,A man's spirit will then be able to clearly see in the Light of God and clearly hear the Word within his heart.
10584,"Additionally, they possess the confidence and are ready to accept God’s judgment and chastisement."
10585,"MEYER – The Soviets would, uh, would bomb themselves?"
10586,Our products are guaranteed for 10-30 years * in Central Europe.
10587,We were all given a free traditional Turkish drink to try too.
10588,"So, they say we set a record tonight.”"
10589,"And if it be that he is in the area, then I will search him out among all the thousands of Judah.”"
10590,"I wonder, this year, if Rachel is capable of accepting certain points of integrity."
10591,Eva is not just the pilot – she also fabricated about 80% of the vehicle herself.
10592,“But wait…Germany is a mature economy too.”
10593,He uses a regular Argentinian passport among other things.
10594,No less than eight cars – all versions! – will reveal their technological advances and design.
10595,"Say hello to the land of 13 months of sunshine (yes, they have their own calendar)."
10596,A.B.: This initiative could isolate the country.
10597,"""It's something that we did in the past in a very active and coordinated way with our friends."
10598,Here we want you to give advice: do not start this month with mini-manipulations.
10599,Chris Roberts: We built the prototype with less than 10 people.
10600,"E-417 On this Throne, look, so high!"
10601,Then I called them openly.
10602,It is also an invitation we receive in every Eucharistic celebration: Lift up your hearts”.
10603,"""Allah was and there was nothing with Him.He is now as He was."""
10604,"The people described in this passage were so bad that not even the powerful intercession of the great servants of God, Moses and Samuel, could relax God's anger against them."
10605,Even some opponents of the legislation would agree with Bennett.
10606,"Thus, a 403 might now mean about anything."
10607,Those that are written are either inspiring (Keep going!
10608,"“In Europe, there is not only [the influence of] Rome."
10609,"""The fifth did not appear as the product of the present."
10610,The parliament did not only support Syria in its statements.
10611,They will be convinced that he really believes what he says” (Roy Short).
10612,"We designed our own boat, ORCA 10,400."
10613,"There is no points system in place, for any of these four French regional funds."
10614,a monument and a name better than sons and daughters.’”
10615,On 15th April you’re going to have to make a difficult decision if you live in Berlin.
10616,- They are guardians of God’s throne.
10617,What operation can take zero and give us six?
10618,All those years of harassment – it was because of your involvement with WikiLeaks?
10619,I now know 16 ways to kick a Palestinian woman in the back.
10620,Angels flying in heaven communicate God’s glory and this is experienced on earth as human beings communicating it.
10621,We are very pleased that new members recently joined the international research group (with legal effect on May 30th).
10622,"the Son will not see life, but God's wrath remains on him. ..."
10623,So the choice of the horse is really strategic for the 1st and 3rd period :)
10624,They also frequently maintained a special agent at Rome.
10625,— “Lack of effective investigation” comes in 5th place with 412 violations.
10626,"In the medium and longer term, debt managers need a solid legal framework."
10627,LONDON – It’s been a better year for God.
10628,4 That's how God created the heavens and the earth.
10629,17.1.5. fully implement the Minsk Agreements;
10630,We sent a support ticket […] and probably over 7 emails.
10631,"By January 2nd, these people won’t even recognize DC."
10632,"Let’s look at this from the highest level, the external model."
10633,The second affirmation can and should be repeated when you are already really standing in the shower!
10634,E-99 We find here an influence.
10635,“You’re going to talk to Pierre Bienvenu?
10636,"Israel wanted something, and Rome wanted something, and the rest of them."
10637,"As if it were no longer God's gift, the precious pearl which we cannot let be taken from us."
10638,And I believe in the choices that [Kristen] makes.
10639,"Yes, as we no longer envisage, like in Copenhagen in 2009, a participatory and generous global organization."
10640,Didn't you consider completely new characters instead of Mario?
10641,>> [LAUGH] >> And drivers seem to appreciate that.
10642,Back to Seattle! (how to get married in a week)
10643,"In a minute, we can call Bogota."
10644,"In no way do these scriptures do away with God’s laws, Sabbaths or Holy Days!"
10645,"""I don't think he hated homosexuals by that point."
10646,"I do not tell you that it shaves the hair, but it shaves away the religion."""
10647,"But I want to know, before we get started – Linda on the microphone please…"
10648,What duties have you performed for the entry into life of God’s chosen people?
10649,"It also means that Africa will also continue to use less than half of its talents, skills and potentials."
10650,"Think of every thought as if it were an instruction to the Universe to, “bring me more of this.”"
10651,And when can we say the church is actually gathered—the main service?
10652,"First you see the child, then what they are wearing."
10653,Wrongly naming a thing is to add to the misery of this world.’
10654,Wrongly naming a thing is to add to the misery of this world.’
10655,Wrongly naming a thing is to add to the misery of this world.’
10656,"And then there’s the fourth dimension of Kit Kat, yes, there is Japan."
10657,"""How lovely is the world whose purpose is forgiveness of God's Son!"
10658,"""No one should fear me if they are a good Greek citizen."
10659,"After that, someone, usually Jim, always held my hand during sessions."
10660,"In fact, 11 nutrients are actually lost and are not replaced during the ""enrichment"" process!"
10661,"Meanwhile, great Babylon’s sins mount up to the heavens, and the remembrance of her iniquities comes up before God."
10662,He is the true Adam that has the three primary forces within him.
10663,"Later, Richard could not recall or reconstruct this remarkable technique."
10664,Everyone wants a Burberry coat – period.
10665,"But we may now use that word only with a smile, when the dessert comes out."
10666,The spouse that changed has already shown independence and strength.)
10667,"The saint said, “These two women have brought you 20,000 liras, which is all they have."
10668,And here’s his face when Lauren said the same thing.
10669,“They asked us to convert more people or God would be upset.
10670,"""The kings of Africa, you are late."
10671,"The way I see it, they were the (alleged) source."
10672,"A change of world, Bel-Air is something else!"
10673,"“I think the US activity, their initiatives now are calculated."
10674,"Jesus is the Son of God himself who came down from Heaven to lead us to Heaven, to God’s height, on the way of love."
10675,The Third Commandment: “You shall sanctify the holy Day.”
10676,--- Houses Auditorium What Else All our activities
10677,"For the 253 other supported languages, follow the guide."
10678,"Ask them,"" he added."
10679,We want the eternal reality behind the river.
10680,"Therefore, they display true patience."
10681,"Prepare against her the nations,"
10682,"""17 Years Down"" by Wonderful Johnson"
10683,How can I leave him and go with you?…I shall never leave him.”
10684,How can I leave him and go with you?…I shall never leave him.”
10685,I have come here in order to save the life of my unborn child.”
10686,[2018-03-17 00:52:32] Pot-Pourri – January 10 2018
10687,"It is a call “with a name, with a promise: Go ahead, I am with you, I am walking beside you.”"
10688,"Is it possible that it no longer exists, and that Sara Diggle exists again?"
10689,"Will all 40 million, for example, be members of the government?”"
10690,The death camps for the Christians would be filled but I gave America more time.
10691,"But remember, due to immense success, ego may dominate you."
10692,Will it take twenty or thirty years for Syria to recover or exceed its 2010 GDP?
10693,“You can see the incredible resonance she has with the American people.
10694,Even the UK wants a (literal) piece of Montana!
10695,209 Notice now when David had made this great proclamation.
10696,"We still offer the ""Win2008"" and its variants."
10697,#2 Find your own (non-)voice
10698,You once again saw the number 792 in your dreams?
10699,Why The US Health Care System Is A Patchwork That No One Likes
10700,"And most importantly, do we have another day to celebrate cannabis?"
10701,And the people who own them find themselves with a greater share of the nation’s wealth.
10702,“Some of these techniques may not exist outside Todd’s and my laboratory.”
10703,"For the first time, access to information about our genes is simple."
10704,"In other words, they regularly lied to the masses about what they were going to actually do, contributing year after year to the crisis of democracy."
10705,"With compassion in our heart, every thought, word, and deed can bring about a miracle."""
10706,"[2:206] When he is told, “Observe GOD,” he becomes arrogantly indignant."
10707,000602 - the number to which you can send a message with any text.
10708,You can never know if your destiny is heaven or hell.”
10709,"Heck, start with ten minutes if that’s more realistic."
10710,“Bees know exactly where to return for the same water source.
10711,"There are also other signs that may indicate an injury to your dog's pads, summarized below:"
10712,Why Intrusive Thoughts Are like My Cat Abraham
10713,… or how the Fitness industry killed me.
10714,But it may also be a sign that Obama lost control of the bureaucracy:
10715,"You believe it when you are told, but when you see it for yourself, it is a unique experience.”"
10716,"(L) I wanted more black ones, yes."
10717,"But your people rejected it, though it is the Truth."
10718,Then ask: “who + verb” or “what + verb.”
10719,"In all these years and after working with over 4500 customers, we have never been wrong."
10720,"‘And yet, what they are looking for could be found in a single rose or a little water.’"
10721,"""I think that was always the expectation when resolution 242 was adopted in 1967..."
10722,(What happens for parts of the story where Goku is unable to fight?
10723,"""They'll even open up people's sandwiches."
10724,Or you can take a taxi 3-5 Max.
10725,Show that we treated you fairly;
10726,Show that we treated you fairly;
10727,"Although we say that we have a market economy, and they are members of the WTO."
10728,The EU even implemented a policy (2013/33/EU) for this in 2013.
10729,"There was no slight intended, but William being the older, more senior brother would go out [first] with his wife.”"
10730,or Algeria if you don't know the current name
10731,"Babylon must drink it also, but Israel first."
10732,Johnson & Johnson just lost a potentially highly qualified employee.
10733,Tell you something on Brother Evans while we're waiting.
10734,“There are a lot of homeless veterans that Judy Wu helped.
10735,“I feel like he’s God or Zeus in this film.
10736,“He registered on MySpace using his real name?
10737,Two good reasons to listen to your latest EP?
10738,Jacob's Prophecy Concerning His Sons.
10739,"If I had forgotten to take something with me - all is here in ""The House of Violets""."
10740,And what are these six hours to our capitalist?
10741,"""Satan sees women as half his soldiers."""
10742,"""He will judge among the nations."""
10743,"God’s judgments are like a sword, disclosing thoughts that we have."
10744,And what has just been said of [Red] the Catholic religion [End Red] could be said for all religions.
10745,"My son Nida would tell me: ""Do not die before you are the mother of a Shahid."""
10746,“I am sad that this innocent girl had to leave Pakistan.
10747,La La actually has more mirrors though.
10748,But this will not prevent Germany from being well represented in Spoleto!
10749,And I also see they’re thinking comments — they’re seeing statements like the ones that the Iranians have said this week.
10750,#4 You can even make just friends!
10751,''Our organization and our culture were a little different than the way Paul wanted to handle things.
10752,Costs of external security services have increased or are being provided for the first time
10753,"But why see other people and lie to them about it? ” — Sam, 28"
10754,"(If you didn’t already know, tango is not solely a Argentinian invention."
10755,"Remember, when they did that in the Scripture, it was because they had crucified the ministry of our Lord's Second Pull, and the Third Pull was ready to enter."
10756,What am I going to say to people after this as secretary of state.
10757,"We are asking you to start with 67 minutes."""
10758,"28 appear also to be based upon J, but amplified by the compiler."
10759,For our energy – and I should add – for our climate policy.
10760,"So, the first spider you will receive has no real name and looks like this :"
10761,"Before users own one, they seem frivolous."
10762,Ebe #1 assisted us as long as he was alive.
10763,It is not only Canada –Our Blessed Mother loves the whole world.
10764,"Where is the Solar Absolute, Barbelo, in other words, in us?"
10765,One answer could be: Do it like Adamus!
10766,“Just make sure you have good diversification between all your strategies.”
10767,Why becoming a veterinary nurse is a better idea every day
10768,Why are there two databases for 1871?
10769,It was also used by the English legal system until 1733!
10770,Nerds and Beyond is for the NERD in YOU!.
10771,"""But I also like Justice, Late Of The Pier, etc.."""
10772,"Unfortunately, others seem to use our logo as well."
10773,Or the child has vague ideas about why tourism is necessary?
10774,“They said to me: are you from Trump’s family?
10775,"27 If God’s purpose is to build a paradise earth, how is it that the earth today is so filled with wickedness, suffering, and sorrow?"
10776,"“And in a Christian language, they sold me."
10777,"Remember, the family is one of God’s greatest fortresses against the evils of our day."
10778,You know what I have been saying for a long time: stay in our stocks.
10779,"We have no great war, or great depression.”"
10780,"Besides, do not marry your companion if he does this:"
10781,"“Yes, unless God works a miracle,” his mother said."
10782,PROSECUTOR: We now have another leading organ.
10783,(12) Pristina will have full authority over its finances;
10784,Of course they have no plans (or means) to remove the fence.
10785,"""You need a lot of energy now in the modern game."
10786,Build peace and believe that Gabriel is able to do anything today for peace.
10787,"Then, it was, well, where are all the food trucks?"""
10788,"Until I find a place for the LORD,"
10789,"You know what Jackson's last words was, that great southern general?"
10790,"When faith is perfect, it will not only say “God can” and “God wills,” but also “God has done.”"
10791,"We should do something for God, or we should swear an oath."
10792,Sauvetage Région 02 is now recognized by the regional communities.
10793,Go back to what we’re creating here – this document.
10794,I try again and I find in the 1947 a total perfection.
10795,Mothers are forgiving—so forgive her in return.
10796,"86 The other day I had an experience of that, as you all know."
10797,"Let them have a state, for God's sake, and leave us alone."
10798,Kabbani: I know what I saw in the Middle East.
10799,8) so that (their Lord) may question the truthful about their truthfulness.
10800,We note that fisheries subsidies are also referred to in paragraph 31.
10801,"With him, everything you do will prosper and grow."
10802,(Nathan changes his opinion about who should build the temple.
10803,Parents choose a husband for their daughter and she is only consulted as a matter of form; that is the custom.
10804,He will probably talk about his other fears or he may want to make a joke about this question.)
10805,Maral: [My project was academic].
10806,"1:37 Upon finding him, they said to him, “Everyone is looking for you.”"
10807,"1:37 Upon finding him, they said to him, “Everyone is looking for you.”"
10808,"death; their blood shall be upon them."""
10809,“Then the answer is: Let’s make these [industrial] facilities safer.
10810,"""We don't want 50% of your capitalist hell, we want 100% of our feminist paradise!""."
10811,"“In China you need friends, and we feel we have them in Changzhou.”"
10812,"At every step, we can choose God and God’s love or reject it."
10813,"We’ve got a very good manager, John Hughes, and between the five of us we make all the decisions."
10814,"(L) No, the retro PK violates time or something."
10815,"That is until yesterday when your people came to our world."""
10816,Why everyone believes in magic (even you).
10817,I think an audience of hundreds of millions of Chinese also watched what you said and you are a famous person now.”
10818,"I believe that everyone is accountable to God, whether or not they have “heard about Him.”"
10819,#6 “I think the biggest threat is that our jobs are being stolen by other countries.
10820,He held a scientific/technical position with 3M.
10821,"By Allah, the Arabs will not go more than a few hundred kilometers from their doorsteps."
10822,"Erminia Mazzoni, rapporteur for the opinion of the Committee on Petitions. – (IT) Mr President, Mrs Győri, Commissioner, ladies and gentlemen, I believe I can truly say that the work of the rapporteurs is excellent, as are the pleasing and comforting words of the Commission and Council."
10823,It is totally false to think that the sinners in Hell are deprived of God’s love.
10824,"""Tomorrow I will ask for the confidence of the European Parliament."
10825,"It won’t build two bombs against 20,000 [nuclear] bombs you have."
10826,"“Since 1966, I’ve responded to those who call me Fabio Novembre."
10827,He alone suffers so deeply that he had to invent laughter.”
10828,"Alternatively, you can drive it in ….just 10 hours!"
10829,"For forty three dollars, my friend lost his life"
10830,That day Isaac’s servants came to tell him that they had found more water.
10831,“You can’t work on a computer more than 50% of the time.”
10832,"'Know thou that when the Son of man yielded up His breath to God,"
10833,"And how should a film be presented, especially in a new world?’"
10834,"“My dear Prime Minister, you can’t honestly think I’m still Minister of Magic after all this?"
10835,"- What could I have done, Comrade Stalin, I am alone, but against the whole Commissariat!"
10836,"All questions - why I do not work in Germany, although here "" now low unemployment "" ."
10837,"“If you do not know me I am the son of Al-Hassan,"
10838,"But do so, one at time and make another twenty-five calls."
10839,"And oh yeah, just today the Yuan was “fixed” at its lowest level in more than five years."
10840,"Therefore, pray, live my messages and then you will see the miracles of God’s love in your every day life."
10841,"In our 64th year of independence, let us strive to adopt these ideals in our policy towards Kashmir before it is too late."
10842,E-296 And if you wasn't in God...
10843,"She added: ""(The owner's) actions say far more about her than about me."
10844,We rush to fulfill God’s wishes.
10845,(I am not telling people to believe 100% of the John Lear material.
10846,God’s plan for Israel was that it should not be a nation.
10847,God’s power in your life increases as your ability to understand His grace increases.
10848,God’s power in your life increases as your ability to understand His grace increases.
10849,He opened his eyes and was so grateful.
10850,26:115 I am sent forth only to give plain warning.‘
10851,"“Know, oh Obama, that we will reach America."
10852,"When we do not fight against it, we are in harmony with reality.”"
10853,Can you believe it? 130 million sales!
10854,Growth in my marriage – this will greatly influence my growth
10855,"Charlie Banks : Absolutely, we are a small company and we have implemented it successfully !"
10856,"However, politics should be more active and rapid outside the US."
10857,And out of Judah an inheritor of my mountains:
10858,"With less of me, there will be more of the Lord: this is a spiritual law."
10859,"In every heart, there is the power to do it.’"
10860,He is born of God because God's life is mingled with his spirit.
10861,“We know the way real professionals play -- until the last second.
10862,"Or is it also because humanity has an ancient, mysterious connection with it?"
10863,We know now that only God’s words are the truth.
10864,You should know that the second Eurasian Europe is in large part many of our concepts.
10865,* Do I think I would be able to avoid a lot of unpleasant tasks if I were smarter?
10866,"He Drinks Too Much and Too Fast - Obviously, Another Red Flag"
10867,There is no need to point out why tourism has developed here – Rab has been simply predestined for it!
10868,“But we would prefer to keep using Google software if we can.”
10869,I guess you never watch Russia Today (RT).
10870,When You Quit Smoking – What Day Is the Hardest?
10871,“There are enough videos of Portugal’s previous match that we can analyse.
10872,Your parents will never agree”.
10873,"""Okay, in that case, we can live with less than X."""
10874,"-Thanks, Daniel, but today I will say no."
10875,"They see where you are weak, and they understand."
10876,"“Peace alone, therefore, is holy and no act of violence can be perpetrated in the name of God, for it would profane his name.”"
10877,"Confess and convert, for in 14 days the wrath of God will fall upon you and the City.”"
10878,#21 You introduce yourself to them like 100 times.
10879,"We are all the same before birth, during life and after life.”"
10880,God’s Word in Your Mouth is as Powerful as God’s Word in His Own Mouth!
10881,"And that “He has eleven powers to destroy them, eleven rudras."
10882,Every mercy that comes from the heart brings you closer to my Son.”
10883,Thank you again for reminding us that God’s word is eternal and unchanging.”
10884,"When we wanted to refresh ourselves, who needed the ocean?"
10885,"""You can make a profit, and many of your personal expenses are semi-covered."
10886,"5:39 ""are two other non-allowed research subjects."
10887,"11:22), and he loses Egypt and Palestine."
10888,Why there won’t be a new energy minister for several months
10889,11:36 and the other European nations which have not yet lost all common sense
10890,"It is good to garner lots of “likes,” but you also want to convert them to sales."
10891,#EAPM – Member states must act together.
10892,One of God's names is Peace.
10893,"(He) has promised to double aid over the next years, because even though (President George W.)"
10894,"I have to approach every door in a certain way and put the letters through in a certain way."""
10895,In his gardens he regularly invites his prestigious friends:
10896,They can help interpret your results.  Dr. Dubow
10897,"""He replied, 'To participate in Jihad (religious fighting) in Allah's cause."""
10898,Who then was Pharaoh’s daughter?
10899,"Wherever respect for life and human dignity are lacking, there is need of God’s merciful love, in whose light we see the inexpressible value of every human being."
10900,Here is the portrait of a passionate man in 13 questions!
10901,"Q: Bill, it was known in the past that Michael loved to talk on the phone!"
10902,"No matter how many muskmelons these seedlings will bear, I will submit to Your sovereignty and arrangements with pleasure.”"
10903,"And then Youth Is Yours, at the end of 2003."
10904,The following is a list of 21 countries that should be saved from Russian intimidation.
10905,"Finally, for the administrative part, the one that enchants everyone, huh?!"
10906,Ask if they are crazy enough.’
10907,"“Then if it does not work with nice words, we will have to stop them with force, and we will do so,” he said."
10908,And here comes the first challenge: free at least 6 hostages.
10909,"To load upon me so much clothing, it is my duty.”"
10910,"Because in Andalusia, there is never too much meat!"
10911,"90Rather, We have brought them the truth, yet they are certainly the liars."
10912,"Trust in Him, who alone has died to make you clean.”"
10913,"E-135 It may seem very strange, Father, very simple."
10914,Say: “The Truth has come.
10915,A new phase in the political history of Burma can and must now be opened.
10916,"However, at least we know that Jane is ready for winter, right?"
10917,People of the last days have been deeply corrupted by Satan; we are filled with Satan’s poison.
10918,The One and Three in a Pluralistic Context’.
10919,It is easy to guess that all lonely Italian hearts raise their glasses on February 15th.
10920,"Should that also serve as an example to us, because it was Garibaldi who said it?"
10921,"Before receiving their cards, players must place the blinds that are of three kinds: antes, blinds and bring-in."
10922,“Sometimes I thank God that from time to time we get hit by the oil price.
10923,8 [All peoples sh]all make [peace with him]; they shall all serve
10924,"“For these first Games in South America, we also wanted to do something different.”"
10925,On His chest was written in gold: “FAITHFUL AND TRUE“.
10926,On His chest was written in gold: “FAITHFUL AND TRUE“.
10927,"We are only 750, so we can have mini-conventions."
10928,But everyone gets what they deserve and you only have to look at how FIFA is now and that tells you everything you need to know [about them].”
10929,How Jack Ma Overcame His 7 Biggest Failures
10930,Except there was one who turned back to Jesus to give Him thanks.
10931,"by to ask them about it,"" Farrar explained."
10932,"*As an example, in Brussels, we work with Let Me Out"
10933,“We are not going to sacrifice a half million people who live among us.
10934,But there is no “Thus saith the Lord” on this subject in God’s Word.
10935,Now you know why He was able to do such great things!)
10936,"For he was a faithful man, and feared God above many."""
10937,Can Girls and Guys Really Be Friends? 11 Truths to Bridge the Gap
10938,Dost thou believe that my forgiveness is God's forgiveness?
10939,"We all know what James should do, he should marry Effie."
10940,Did the group really have only good intentions when they attempted to flee the country with 33 Haitian children?
10941,What does it mean to be God’s witness?
10942,Neither I nor our two other friends were right on our first attempt.
10943,"We have each eight or ten enemies to kill, and they must be killed!”"
10944,Barbara: What does it mean to open the last center?
10945,"‘When in doubt, tell the truth.’"
10946,"He said the ""very small but very strong"" team would have nine or 10 members."
10947,"In conclusion, he is satisfied to note that, “during the month of January, four new administrative assistants will arrive in the region."
10948,"You have not asked to be healed, but I know the desire of your heart and the faith of your soul.”"
10949,"A great gain for the country of Cambodia, those European migrants!"
10950,"They who look upon the Sabbath as a burden, have no idea of what the Sabbath of the Lord is."
10951,You need to come to Panama City at least three times:
10952,"That is true of course, and to Hitler’s credit."
10953,"She said, ""I prayed for two days."""
10954,"They're movies that I would be choosing to watch now, like Dear Wendy [2005]."
10955,They had already invested “psychologically and financially” in Iraq before the demand came.
10956,"And, if they continue in this way, God knows what kind of new monumental mistakes will be made."
10957,"I feel good in Munich, the club has the same goals as me."
10958,And this will become revealed to us on all 125 levels!
10959,We also applaud the investments in these five Yukon small businesses.
10960,They still matter and they still count.”
10961,"""knowledge alone does not suffice; it has no heart."""
10962,"""knowledge alone does not suffice; it has no heart."""
10963,"When we get to heaven, we will clearly recognize others."
10964,"Wherever you have bought into these lies, you need to ask God’s forgiveness."
10965,He says we are perfect in the sex department.
10966,He did not just help Mr Underwood.
10967,Protect 83 children and mothers from this devastating disease for only $38.
10968,RU2: In this case the fourth company is not necessary.
10969,Each wiki - if it succeeds - grows a community.
10970,We are afraid of God's surprises; we are afraid of God's surprises!
10971,We are afraid of God's surprises; we are afraid of God's surprises!
10972,"“You shall give birth to a blessed child who will bring goodness,” I said."
10973,Independent cultural actors cannot speak to their governments!”
10974,***Consider reasonable adjustments such as flexible working.
10975,"Like most Americans, my experience stops at the 505."
10976,"Eleven years, captain of the national team of Cameroon, it is not who wants, but who can."
10977,"“Don’t be yourself, be a pizza."
10978,"These definitions are not those of Otto Mann, which I have adopted."
10979,It appears that the child has [DATA EXPUNGED].
10980,The human mind cannot see what is spirit or spiritual except by the help of God’s spirit.
10981,154) and on the recommendation of the Prime Minister.
10982,"However, they never communicated with our American friends before October 12 of last year."
10983,In 2010 there is a document talking about humanitarian consequences
10984,"How long will you judge unjustly, and accept the (10,000) faces of your wicked (ego)?"
10985,"Your strength is greater than the rain."""
10986,The government wants you to maintain 6 years of history
10987,They may have had the 'power' and millions of dollars at their disposal.
10988,"'You think they are united, but their hearts are divided.'"
10989,"I'd ask myself why Muslim Girl, my site, needs to exist."
10990,"Remember also, there is no shorter or truer path than the one of obedience."""
10991,"Is Paul telling us that if we help such a member, we might start lying?"
10992,"They were doing it before the introduction of family planning anyway."""
10993,"It seems that he just wrote new texts but in fact, we are talking about changes in the system itself."
10994,Does it mean each of us can work 4.65 times more than we ordinarily do?)
10995,"As Jim Rohn famously said, “Either you run your day or the day runs you.”"
10996,"(despite the romantic myths we are sold),"
10997,The positive outcome is that we seen our own (minority) languages more than before.
10998,The Father Himself says: This knowledge will disappear.
10999,How was it to go back to Australia and use your own accent?
11000,They would have noticed that Daniel was absent from his office every Sabbath (day of rest).
11001,"How do you become a member of Rotaract, are there restrictions?"
11002,Now Flickr needs your help.
11003,"Super race, oh, everyone wants to be a super race."
11004,· The African candidate will be well
11005,"However, I’d like to point out that Jewish institutions needed police protection even before 2015.”"
11006,"Direct action happens when the social movement itself,"
11007,Sign #18 – She is really trying to help you
11008,DEL BARCO: And many are hoping for a hero.
11009,"""We are thrilled that the E175 continues to be the right solution for American."
11010,Four is a great number – but I want number five now!”
11011,We can only recommend and thanks Evasion Pérou.
11012,5 And the report shows that I will never get any visa!
11013,"…if you resort to patience (instead of revenge), it would be better for the patient ones."
11014,And then he recalls the years of
11015,(Allen) I've been thinking of all those people in the US.
11016,No modern technology can offer what the Mini Sports Club offers!
11017,It would be better and much clearer to treat airport number 15 in Canada the same as airport number 26.
11018,"Unknown, maybe new German weapon."
11019,58We nevertheless would like to draw the attention of the Brussels authorities to several points.
11020,I found the peace of God inside me.”
11021,I found the peace of God inside me.”
11022,20 And the days have come; according to men's faith it shall be done unto them.
11023,>> We choose 5 elements in our example.
11024,Is it any wonder we see so little of God’s great working?
11025,"It was God’s mercy, grace, and protection that carried me to this day."
11026,Bob: I didn’t know there were 29 until this morning.
11027,And the whole of Adam's race began their being in a similar manner.
11028,"I mean, look at our county—we’ve seen some success.”"
11029,Why 9-1-1 was unable to locate the President of Cora
11030,Climate: this is how people will see cities in 2100
11031,"'They present strange cuts, as though resulting from an intense heat source."
11032,"""A"" has something on all of us, Hanna."
11033,Keep in mind that you want your avatar's name to do several things:
11034,"I try to have my best career, Rafa too."
11035,"Was he really paid $1 million for a 2005 speech, as he had boasted on television?"
11036,"That is to say, you would never be able to enter God’s kingdom."
11037,And they love all of God’s children.
11038,"Who doesn't want to see Dragon Rick evolve?!"""
11039,"E-30 Brother, sister, I don't know when."
11040,You can call her a supermodel now.)
11041,"He will be exactly a third of the age of Rich Wilson, for example."
11042,E-26 But I loved the man.
11043,Zorba — we have international rights!
11044,"O Lord, my God, is there no help for the widow’s son?”"
11045,"During the war between Iraq and Iran I was traveling very much, you see, working very hard."
11046,"“For me, when I look at Dr. Jane as a teacher, I am always feeling more energy!"
11047,they shall be called God's children.
11048,"“When I go to Madrid, it is because Madrid are in trouble."
11049,"There is a wild animal there that has to be locked away one way or another."""
11050,"Also, why 98% of them are talking about us."
11051,"As I said in the first article, I met Jake almost immediately."
11052,"We have started a movement that Israel, with all its weapons, cannot stop."
11053,God’s people had been travelling on their journey from Egypt for over two months.
11054,"In 2009), which naturally also the capital."
11055,"Only five Member States, however, see the link between natural gas and hydrogen – we still have a lot of work to do on this subject!"
11056,It is the Lord's presence that makes his land sacred.
11057,He saw also today in the early morning circle the bottle among us.
11058,"“When seeing a stranger, we recognize in him a brother, then the day begins and the night comes to an end.”"
11059,"who you are, and what kind of person you are[7]"
11060,Conclusion: Swiss solution is desirable
11061,He is putting his life in God’s hands.
11062,"“We want it to be a family event, because (Catherine) was a little girl."
11063,Tanzania will never accept Cameron's proposal because we have our own moral values.
11064,"If she was the host, we would have shouted it from the mountain tops.”"
11065,"Stefan Diez, for example, because he has an element of industrial development which I really like."
11066,"In this case, the product with the marking “173” would be the right choice."
11067,"When Moses refused to be called the son of Pharaoh’s daughter, he did it for the sake of Christ and the Gospel."
11068,"Afterwards, we will send by DHL to him and his partner to sign."
11069,Are they not all present on the beast and the woman sitting on them?
11070,"""[ISIL] is the only game in town any more."
11071,"""5.90 usually is not difficult for me, but it happens to everyone."
11072,"I don’t know why, us Asians just have a separate hello for the phone!"
11073,Whoever has a whole lot of pride is in the dark.
11074,I like to sit down with [the young people in her family] and watch them.
11075,His work with rockets can be easily seen today.
11076,Part IX (Article 54) creates the Economic and Security Council.
11077,No. 6 — People seem really into it.
11078,“Or is it that in our era we need something new every five seconds?
11079,"7:191 Do they associate with Allah those who can create nothing, while they, themselves, are created?"
11080,"Do You Know: Say, “In the story we learned that all people need God’s bless, does anyone know how God was going to bless all people?”"
11081,"Every day I held each of you in prayer, with a father’s heart.”"
11082,"Every day I held each of you in prayer, with a father’s heart.”"
11083,"Every day I held each of you in prayer, with a father’s heart.”"
11084,"And we sleep, but all those good things are ours!"
11085,"So I can easily see us all writing together, yes."
11086,I'll set my gun here; let my son Joseph find it someday.
11087,"""Certainly,"" answered the man."
11088,"You could spend your life looking for one, and it would not be a wasted life."""
11089,No one can enter Kosovo with money.
11090,What support have you received from Carbon 613?
11091,"180:3.3 ""But I will not leave you alone in the world."
11092,"They won’t tell you that 87,000 pedophiles have been arrested so far."
11093,Best of Russia is an unprecedented project in its essence.
11094,"""This is the best time for me to be thankful to God for all his blessings,"" she said."
11095,"It has all the qualities of a 2008, plus silence."
11096,Then something even better happened - Claire introduced me to the Dance of Life.
11097,"As Don mentioned earlier, the multilateral framework does provide some funding."
11098,"Not only that, why do we have a national debt?"
11099,"Sitl, is it possible to find love among millions of members?"
11100,"Ok but really, why should I go to Johnny Walsh’s ?"
11101,And with 14% you cannot transform society.
11102,"In September 2007, I told them what to do."
11103,"He said, ""I have give you Palestine."""
11104,"By January 2nd, these people won't even recognize DC."
11105,These shall in truth be the mirrors of My Names amidst all created things.
11106,"That day, my doubt became a certainty: your joyful, good, intelligent soul is trapped in your lack of confidence in you."
11107,Policy assigned to his son Larry? 2.
11108,"> CH. : Of course we have rules, and above all, a clear objective."
11109,You do the same thing when you go out—not much effort in his planning.
11110,• Fear of the Dead - Every Navajo had a great fear of their dead.
11111,Obama then detailed his support within four specifically Jewish contexts.
11112,"As ENERGY STAR Canada Participants, you can take action too!"
11113,"239, as you know her."
11114,(Laughter) And he had posted lots of nature videos in fact.
11115,You have a gold mine when you have a ‘growth mind.’
11116,I offered this to God so that a thousand families would not separate.
11117,"At Edward Jones, we like to look at your individual needs before anything else."
11118,* It is very much possible that you have never seen so many motorcycles or scooters in one city before; this is our best solution for combating city traffic.
11119,"Today – I can hardly believe it – but today, the Governor spoke of three million."
11120,"Imbue him with strength, for he shall allot it to Israel."""
11121,"Welcome to your 9th birthday, winter 1939."
11122,"If so, you probably know a word like DirectX."
11123,Ask for more M and G if it is born in the summer).
11124,29 Then they will come out of their graves.
11125,“We want to remain the most sustainable city in Europe also in the future.
11126,"On the other hand, you have something like this Dobby drone."
11127,Scenario 13: “Everything seems to work perfectly on my PC.
11128,"When you are asked “What motivates you”, you are not being asked:"
11129,E-195 This would be a real thanksgiving.
11130,There’s no option B. He only wants Juve.’
11131,This is the part of God’s work in the Age of Grace.
11132,“It would be much easier if you knew you had a certain technology available.
11133,"We expect as many users, if not more, with this new solution."
11134,"However, for those who are mentally accountable, part of their estrangement from God is the direct result of their own sins, in addition to Adam's transgression."
11135,"Sometimes they kill the husband or wound or beat him, and they rape the women.[34]"
11136,"The followers then find themselves at satsangh for their ""Absorb a Whisper"", as they say."
11137,This summer my friend Max is going to help me.
11138,"She said, “I wish more people would take advantage of it.”"
11139,"Wherever respect for human life and dignity are lacking, there is need of God's merciful love, in whose light we see the inexpressible value of every human being."
11140,"In that regard, we were lucky to have bought the bronco when we did."
11141,"What comfort do you find in the scene of the fifth seal, knowing that one day justice will, indeed, be done?"
11142,"On the day when you no longer burn with love, many will die of the cold."""
11143,(iii) Thirdly – to other citizens in Ceylon.
11144,them with fruits so that they may give thanks.
11145,"We will find them, and cut their hearts out one by one."
11146,They never saw the state as a social organ that would be needed at every stage of development.
11147,And it has remained the same for the Neel 45.”
11148,Twenty eight days before we tell Georgia who we are.
11149,"For I have made you a sign to the house of Israel."""
11150,"So it is not such a radical teaching to say, “Blessed are the Self-centered, for they shall know God.”"
11151,"E-198 They got in actions, yes, when His promise was fulfilled."
11152,What we will do most in Mutant Year Zero will be fight.
11153,E-207 Now will you just open your heart like this?
11154,"Volkswagen -- the company -- has 99 problems, conservatively speaking."
11155,"And even at home, the 613 you have noticed again."
11156,"But, who is utilizing those 48 laws of the physical body?"
11157,It should be noted that our guides knew this river as their five fingers.
11158,I think that you do it exactly the same way that you regulated the cigarette industry.
11159,"26:189 They denounced him as a liar, and so the punishment of the Day of the Parasol seized them."
11160,"If we accept the testimony of people, God’s testimony is greater."
11161,The Third Commandment: “You shall sanctify the holy Day.”
11162,"I tell the truth, and God testifies it’s the truth."
11163,We have enough on our hands with Point Lepreau.”
11164,“I felt that in the coming year John Junior would also become a politician.
11165,"After all, it would be enough to really implement laws such as our collective agreements."
11166,"“In January 2015, Ariane 6 was still only a concept!"
11167,"Then a lawyer said, But what of our laws, master?"
11168,"Then religion will be “for Allah,” and there will be no further need for jihad."
11169,"""With a Cup of Sugar"" across the US with the truth about Kosovo"
11170,#9 Do we have healthy communication now?
11171,"What is beautiful, in addition to dual control, he will bring with him to the troops."
11172,There they will be more comfortable because of the rain – and we are here.
11173,Or that the first logo of Twitter cost just $15?
11174,"And he added, ""When someone sees that he is in danger of losing his soul, he does not need to ask advice.""[9]"
11175,The Americans later used it to create their own ARVs or Alien Reproduction Vehicles.]
11176,"Even worse, why do they need to be equipped like the military?"
11177,"This fund is only for your dream, Lawrence."
11178,Bulgarian and Romanian nationals: The rules are a bit different for these nationals (at least until 2012).
11179,"ZsF: Recently, I have more than 20 products."
11180,Our aim is to produce 490 school uniforms with your support!
11181,Many were disappointed that they did not become like Western Europe in one night.
11182,"(*these statistics are cumulative, that is since December 2008)"
11183,"AM: I am currently helping out with This Time I’m Voting, which is an excellent campaign from the European Parliament."
11184,By the Moon as she follows him;(2)
11185,We managed to implement a 'Spiritual Energy Power Plant' in one of your continents and others will follow.
11186,"My heart [is] toward the governors of Israel, that offered themselves willingly among the people."
11187,E-101 We know Who's going to be King.
11188,"4:00 ""of protection to those countries who support our efforts."
11189,"Q: Now it is 3 years later, and your immigration status has been regularized."
11190,I shall be fully content with that wealth (Dhana).
11191,All who dwell in God’s house will be filled with joy and rejoice.
11192,Only when you have tried all these methods and in a deadlock.
11193,“This has been the case since one year for all decisions adopted in UNESCO on this issue.”
11194,"""Those who have the right to speak about the Eastern Mediterranean can speak."
11195,"If you voted Labor or Green in 2007, you contributed to this verdict."
11196,And added that when the sun went up he asked Allah for forgiveness.
11197,We asked one question at Nairobi in 1984: Who needs or wants a larger share of a poisoned pie?
11198,Wrongly naming a thing is to add to the misery of this world.’
11199,Wrongly naming a thing is to add to the misery of this world.’
11200,Wrongly naming a thing is to add to the misery of this world.’
11201,Wrongly naming a thing is to add to the misery of this world.’
11202,Wrongly naming a thing is to add to the misery of this world.’
11203,"Formula 1, European Tour, they’re all coming here too."
11204,"Say: ""The Truth has come."
11205,"In point of fact, wherever they went, the mission to the Gentiles (Gal."
11206,"The Dalai Lama is the one that we six million Tibetans truly [need]."""
11207,"In other words, they aren’t afraid to think like Hollywood."
11208,This is the strongest thing that we can say and what is the most truthful statement.”
11209,"Therefore, maybe you do not need a company where such decisions will be made by losers?"
11210,"""When God sees my seven locks, He will see His promise to me."""
11211,And Robert Sandeman hated them for it!
11212,"But on the contrary, he belied (this Qur'an and the Message of Muhammad) and turned away!"
11213,"Are there too many competing CM faces in the Congress, including yourself?"
11214,By your life bear witness for God’s joy.
11215,We are on this planet and we want to see a certain person.
11216,“It is very difficult to make a permanent impression on him [King] for two reasons.
11217,“We just want the Bangladesh government to send us back properly.
11218,"E-202 Sister Gertie, come here just a minute."
11219,"This is not a country like China, where you can ask people to work at night."
11220,129 And what do we have in our Protestant churches?
11221,Feel the deuce mvts can be after having them practice 5000 *
11222,"98.2 To know the way, ask those who know the directions"
11223,"As usual, your letters will give us the answer!"""
11224,I know this will be rejected – there are lots of threats of suicide.
11225,Dragon – More success will come to you.
11226,b) will go to Heaven in their old bodies.
11227,"swear on the Quran”, “I swear by the word of Allah”, or “I"
11228,You can see and do a lot in Tunisia when you tour this way.
11229,"What “authorized” voice has dared to say, for four years, the whole truth?"
11230,Countering the Palestine 194 campaign will require similar creativity.
11231,"You can ask your guards; they heard it, too."""
11232,I do not like tea and answered the old man:
11233,Does the British Prime Minister hate his cat Larry?
11234,"Ask us anything, in our mother tongue, and we will say yes."
11235,"SHEA: Oh, they’ve started attacking the women now."
11236,"“I did nothing to deserve God’s love; in fact, I was living as an orphan, without hope."
11237,They also always ask us what the exchange of red and white flowers means in a moment of the performance.
11238,Abundance is here and now manifest.”
11239,That will stop the wheels of karma between you and this entity in your creation.
11240,Your ears will not perceive more than before and you will not hear louder or clearer.
11241,"Whoever relies on God - He will suffice him..."" (65:2-3)."
11242,It is difficult to explain why Canada decided to close three embassies 12 months ago.
11243,Want to stop using Google’s services after you’ve spent a year or two with them?
11244,Sheldrick: We would like to be a global standard in a few years time.
11245,Laura: And they always get another psychopath!
11246,of almost 6 times more than this force: 57.
11247,"Everything is like, so I will take to the end and double rate."
11248,Why does man not understand and accept God’s exhortation and requirement that man submit to judgment?
11249,"This then, my Lord, is the fourth thought."""
11250,"Their death is sure, and this alone is certain in their world."
11251,"Witness 5: There were something like 150, I believe, on that list."
11252,"""But I will say that the denomination has really been divided over the issue of human sexuality since 1972."
11253,"Five thousand is a lot, but what if the Americans start suffering losses?"
11254,"The models would probably also find their buyers in 1: 1 and fully functional, even if they came from China ..."
11255,They will never see this $29 by the end of this four-year contract; they will change it!
11256,"Be the reason that 4,300 Canadians dream more freely of their future."
11257,"“The question is, what proportion of species will show this response — is it 10 of the fish species?"
11258,"We have only a right to give advice, to which we add: “Follow it if it seems good to you.”"
11259,(L) So we should really try to avoid the sun right now because it's weird?
11260,You have a Gift that strengthens guns!”
11261,And every one of these books ends with the same conclusion: the U.S. presidency has served us well.
11262,Is this the application of God’s mercy and forgiveness or the reflection of His justice and love?
11263,(Pakistan and Saudi Arabia will need to take note).
11264,Do this as little as possible when you are working in Morocco.
11265,"""In every house or company there is a TECMAQ machine there is a part of me"""
11266,It was necessary because the new justice system requires at least several hundred professionals and staff.
11267,"unexpected by others; it is thought and meditation."""
11268,"Furthermore, since 2012, European citizens are also able to ask directly"
11269,"And they were afraid, and went out and reported to the people that Zacharias had been murdered."
11270,"It is also right that I have this opinion of you all"" (Phil."
11271,"The second one is: You Failed Your Math Test, Comrade Einstein."
11272,"Therefore the meaning of revelation exists, even if it is not called revelation.”"
11273,(You certainly don't want to consider one of today's seven-year car loans.)
11274,"It is also found in the rest of the human body [2,3]."
11275,"If you let the words enter you, the soil and the seeds will do the rest of the work.”"
11276,And by this secure city (Makkah).” [95:1-3]
11277,"certainly would not destroy His subjects: ""just to show His power."""
11278,"Germany seems to be the only country (TRGS 517, ..."
11279,"“Lord, You have heard the desire of the humble.”"
11280,"""It will be a book just for me, Paul!"
11281,"He stresses the fact that, like Sarkozy, he will make the case of this young woman a personal affair."
11282,"I was trying, for the second time in 4 minutes, to lose my virginity by the technical definition of the term."
11283,"Unfortunately for them, they’d both be locked in the Yes!"
11284,"With compassion in our heart, every thought, word, and deed can bring about a miracle."""
11285,He seeks truth which transcends human limits and all of creation.
11286,“The folk of Lot rejected warnings.
11287,We want to help them to commemorate their love.”
11288,Hamas responded to this growing threat on November 1.
11289,"They are my Space Marines...and they shall know no fear."""
11290,Why You (Really) Need More Engagement at Your Meetings
11291,Lear states that the fourth astronaut’s name is known.)
11292,"“Be on guard and call upon me – Mary, Protectress of the Faith."
11293,"Average story, but you can take these two knowledge bombs:"
11294,[85] The Working Group discussed the three options.
11295,But Joseph says that I must forget also my house.
11296,"(3) There are, of course, asylum seekers and asylum seekers (Gorman)."
11297,• 1990 - 2001 gg. - The arrival of more than 100 thousand new immigrants.
11298,“Forgive and forget; that’s what they say.
11299,“Forgive and forget; that’s what they say.
11300,“Forgive and forget; that’s what they say.
11301,"The child, whose name was Taee (pronounced Tar-ee), was the magistrate’s eldest son."
11302,They think if they come at seven in the morning they will get everything in the world.”
11303,Then the heart of the world will be transformed.”
11304,"On the other hand, if they now make 8 units per day, you, the manager, have value."
11305,They turn into strong women that return to destroy your world.”
11306,"""A justice that the Jeskai only accept because of the way we are perceived."
11307,Getting married in Agrigento should in all senses
11308,"If we're spending $100 million on a game, we want you to see the last level!"""
11309,"""But on the financial issues and trade, we have become enemies."
11310,They can not rebuild their lives when they return to society (which 97% of them return).
11311,"Here we have Grandmother Europe, as I said in Strasbourg."
11312,"So we have to control the inferior quaternary, the animals that we have."
11313,"(If this period represents over a thousand years, then these are not humans."
11314,"Compliments of a girlfriend, and not only"
11315,Farewell to our 1% for All Children
11316,"When it comes to ""Plan B"" Europe is funny: it never has one."
11317,"But for God’s sake, let us freely hear both sides.”"
11318,It would be unfair to say that because Jordan has a new government we come with an extra aid package.
11319,"For those who are still with us, we have obtained a small measure of justice, even after all this time."""
11320,"Q: (A) Well, it was said that this was for the purpose of control and manipulation."
11321,“Just when you look – in terms of that social philosophy?”
11322,"Also, the wealth of Egypt was given to Israel in one day."
11323,"For instance, you could drink a beer, but is that really going to help you in a life or death situation?"
11324,It won’t take two generations; we can and will re-invent the world in this generation!
11325,"It existed before man's creation, and will endure as long as God's throne remains."
11326,I have no real community to which I belong - only the false community created by government .
11327,«I would like to thank the highest Egyptian authorities for this strategic and historic partnership.
11328,For almost all of us — ‘yes’ — but for 3+ million of us?
11329,All that is granted to you comes from Heaven.
11330,Solomon asked for God’s wisdom.
11331,"This should be man’s unshakable faith in himself, because God dwells in him."
11332,This was worse in America where they started with just 95bhp.
11333,“Who said that Azerbaijan should have a weak army?
11334,What a Time To Be Alive by Drake and Future
11335,Digital Africa (1/6) - Connected Everywhere!
11336,[…] All peoples of all time can contribute to this universal mathematics.
11337,"""Now you know how I became director of Site-19."
11338,"They will go to Abraham who will say, I am not fit for this undertaking."
11339,"Who will you have for nuts in May,"
11340,I have no doubts that we will be champions and that I will be playing.”
11341,And connecting at least two services has become easier.
11342,"When ye bind men's hearts and minds through various ways and manners, does it give them freedom of speech?"
11343,But what you don’t realize is Japan got probably something like TEN TIMES AS MANY of these things as the rest of the world.
11344,President Lula to bring back our national sovereignty!
11345,Hi Jim – this will certainly work with SecuritySpy.
11346,You will enter Rome; you will rule for nine years; and on the tenth you will die.”
11347,"To give repentance to Israel and the forgiveness of sin."""
11348,"Every Haitian restaurant is incredibly good, what would make us stand out?"
11349,"In John 8:39: “If ye were Abraham’s children, ye would do the works of Abraham.”"
11350,"""Now the Son of Man is glorified and God is glorified in him."""
11351,Below their social function there was something recognizable.
11352,"They are your brothers, they came to liberate you,"" read another."
11353,'So this church also prays for their drinks before they are served.
11354,"A city whose ""tourism"" capital is still to be discovered!"
11355,The different issues are: 1864; 1868; 1871; 1873; 1876; 1878.
11356,"You want champagne, you go see the French."
11357,[And the life of this world is nothing but play and amusement.
11358,(Matthew 7 supports the unity concepts we have been discussing.
11359,"And your Father's name is Jonas."""
11360,106 God can talk.
11361,They can see how the Kiev regime hates them.
11362,Forgiveness is the means appointed for perception's ending.
11363,"He is truthful and they are liars."""
11364,"They can do this on 9 April, but will they?"
11365,"You look thirsty, come drink of one of our many streams of cool clear water.”"
11366,Do you know what Satan's greatest weapon is?
11367,‘We are only targeting criminals around Mugabe’
11368,"That, in turn, depends upon whether the Royals are in residence."
11369,2) Mrs C : this woman had never been to Hospital.
11370,"Next time, after a month I will tell women what they have to do when they find this Man [Husband]."
11371,Then you discover how you work together with Him in synchrony.
11372,"Thus we see, God’s work of saving all of mankind is not yet accomplished."
11373,"I heard this same question, again and again, throughout the day in El Seybo."
11374,4 She May Be Jenner's Only Support System Right Now
11375,He had even given them rules and qualifications for a king.
11376,"He and his sons would die, and God’s prophecy through Samuel would be fulfilled."
11377,(This is Satan or one of his fallen angels because this statement is false.
11378,They’re just changing and … you can stand there with Linda.
11379,“If I had known that 3 of my Facebook friends were at the same concert last Saturday …”
11380,Meet Whatever User Name I Try It Already Exists on Sweet Nitro games
11381,He explains why his true mission on earth was not recorded properly.
11382,"""(Bush) clearly feared a nuclear situation."
11383,"""One [FDA] manager threatened my children..."
11384,"Let me clarify first, I can be considered human already, you know?"
11385,He likes nothing better than to sidetrack one of God's express trains sent on some blessed mission and filled with the fire of a holy purpose.
11386,But no man can save another (Ps.
11387,"When you reach Palodes, take care to proclaim that the great god Pan is dead."""
11388,E-118 Why don't you be like David.
11389,"This is the Law of Nature, or if one would rather, God's will."""
11390,They will soon be published as Supplement of No. 34 of La Voce.
11391,wish of forty million Kurds cannot be ignored
11392,"Tom: ""Our new mobile app is coming."
11393,"In Lebanon, at least since 1982, we do not agree on this."
11394,and everyone who loves and practices falsehood.”
11395,"(Like hospitals, we cannot be blamed for medical progress."
11396,"In 1993, normal protection of Israel's rights would have sufficed."
11397,And David thought then that We had put him to the test.
11398,"Okay, said Pastor Ted, so why would you want to be in a small group with them?"
11399,You should probably avoid me and spend your time with someone more worthy.”
11400,“I am convinced that we are finally getting out of May 68 and all its slogans.
11401,Although - he (the fleet of Ukraine) is already worthless.
11402,Do you really believe that this is where we would be if we were all psychologically functional?
11403,"All the political risks of carbon pricing, now available for water!"
11404,"Even more importantly, why am I noticing things about him that I’ve never seen in the ten years of our friendship?"
11405,“But by 1984 I was psychologically ready to shoot.”
11406,That was 3 years ago and God did that radical work.
11407,"When we do not fight against it, we are in harmony with reality.”"
11408,"When we do not fight against it, we are in harmony with reality.”"
11409,"But in fact, he did it yesterday or even now in his pocket is the medicine."
11410,“I’m currently looking for X resource/contact for something I’m working on.
11411,"PROF: I also said, immediately afterwards, that you had five!"
11412,"In other words, the verdict for the believer will never be condemnation and that’s good news for the believer."
11413,We transferred this principle to the Air_ray in 2007.
11414,"You know the marketing is also very important – what we want to achieve for our company, for Nissan."
11415,We now know how much the phone will cost in India.
11416,"In our hotel *** in Cannes, you will also find more than 3000 book references!"
11417,And the answer with men like Escobar is: more.
11418,"""The work carried out with Isabelle consisted of progressive agreements."
11419,"And I would also like to welcome the accession of the Republic of Yemen, which you approved this week."
11420,E-18 I see some of my friends.
11421,It is not possible to really understand the events of 1982–86 apart from this broader context.
11422,He loves me when I have money and when we have six.
11423,"First of all, it is not in him to know or feel what God's Will is."
11424,"Yes, your own - and this is the second common mistake."
11425,Fishing in Cuba can be perfectly combined with the rest.
11426,“Only 42 pigeons returned when the show was over.
11427,"E-86 The other day I had an experience of that, as you all know."
11428,What I want from the government of Uganda is justice for myself.
11429,"And he's unsaved, and you want prayer for him."
11430,"She went on to say that that's exactly why Shannara needs a Season 3, continuing:"
11431,"* For all your comments, questions, I will be the sole interlocutor."
11432,The Lord calls upon all who believe His Word to awake out of sleep.
11433,"You should not take everything that happens in the Dragon year, including yourself, too seriously."
11434,"Test before the ""e-euro"" for all?"
11435,Picture 29 - Because the garage also deserves to be valued.
11436,"They have the privilege, not the one who … Who has come from Devon?"
11437,There are actually three possible actions if LF < MTU.
11438,"But your people rejected it, though it is the Truth."
11439,We protect you on our site – and beyond
11440,"As you can see, the Sagrada Familia is in a privileged location!"
11441,"Every mercy that comes from the heart brings you closer to my Son."""
11442,"But again we see that obedience to the Lord’s commands secures the place of a friend, as before it retained the enjoyment of love."
11443,And having them both in the car today will help us.”
11444,"They will have to pay the price,"" he said."
11445,Do you think that the Emperor's safety can be secured by the sacrifice of seventy million citizens?
11446,"As promised, today a real article on Canton!"
11447,One man (Hitler) has accomplished this miracle.
11448,All of us wish that Tom were alive today.
11449,(o) To create sufficient safety for the protagonist and the group.
11450,That we destroyed Sydney in the name of full employment?
11451,"turned towards eternity, it will be sufficient."
11452,Secretly watch European girls in a solarium.
11453,"""whom the heavens must receive until the time of restoration of all things."
11454,This is what Innocence from Paris uses in their offer.
11455,"Just needs a bit of help. … You couldn’t have known, Wilfred."
11456,Obviously not in 2020 because there’s too much polarization on a national level.
11457,He will be God’s own Son and his kingdom will never end.’
11458,God’s words say: “Most people believe in God for the sake of peace and other benefits.
11459,"We ask them, “So then where is the Mother that Adam has to abandon?”"
11460,"Why ""One Man, One Engine"" was reinvented"
11461,"So it is not such a radical teaching to say, “Blessed are the Self-centered, for they shall know God.”"
11462,It was a part of God’s law before Sinai.
11463,"Its merits should be obvious, Neil.)"
11464,"167 I think of Moses, that great man."
11465,Today they talk about this car unless with a laugh.
11466,Subject: A Nigerian astronaut needs your help
11467,And I am too humble to ever think that your interpretation could be wrong.”
11468,The fear among the city's inhabitants is palpable.
11469,"""When in doubt, tell the truth."""
11470,"""When in doubt, tell the truth."""
11471,"In the Last Great Day, God will be tired of the man who made that speech."
11472,There is no quarrel between God and God's Son.
11473,Especially with the ambition that Ajax have this year.”
11474,[74:56] They cannot take heed against GOD’s will.
11475,"- To come back in this town to teach to the oppressed like me,"
11476,The whole concept is that freewill offerings of pure and unblemished animals operating within the household of God are the core of God’s calling and plan.
11477,"To a lesser degree, Moses did the same.”"
11478,We set up (even in a subconscious way) a plan in our life.
11479,(A**) There was one with three fish.
11480,But Joseph taught the true principle connected with this.
11481,“Aura and her anti-materiel rifle are also capable of defeating this child.
11482,It certainly wasn’t for these medieval artists anyway!
11483,"But ought we not to have some supreme name for 489, their sum, the Middle Pillar perfect?"
11484,"When I saw the truth of God’s word thus distorted, I decided to translate the Quran, at least for the benefit of my own children."
11485,and a time of peace will be conceded to the world.”
11486,95:9 Yet some of them must of necessity be placed into the building.'
11487,"He will be exactly a third of the age of Rich Wilson, for example."
11488,"In this distributed and decentralized network, each user is also an actor!"
11489,The usual way of doing business in Washington is what looks small.
11490,"I think The Indigo Girls played one year, even."
11491,"Thanks, old friend: Hear everything Alfred has to say."
11492,"When faith is perfect, it will not only say “God can” and “God wills,” but also “God has done.”"
11493,They remind us of the preservation of God's creation.
11494,"Said, ""There is silence in Heaven."""
11495,"Said, ""There is silence in Heaven."""
11496,"Said, ""There is silence in Heaven."""
11497,Tragedy in Norway: Where is the love that takes care of us all?
11498,"It existed before man's creation, and will endure as long as God's throne remains."
11499,"After the revelations of the past summer, I could not see myself absent for a month from our archdiocese and from you, the people entrusted to my care."""
11500,"But we, 12 million Palestinians, know very well that we are the exception to that rule."
11501,"Bye bye Woocommerce, I simplified all of this!"
11502,"""Keep the 4,900 yuan if you really need it, but please return the other things to me."
11503,But what are they and are they really bad for my computer?
11504,"So there was people living in that day, truly."
11505,"After that, you know what happened in Iran and I lost completely contact with them."
11506,I am not saying there were 604 arrests directly within the FBI.
11507,We thus swear in this immortal field [of Carabobo].
11508,"Of course, I understand that he is living under intense social pressure, as a Tibetan."
11509,Imagine what God can do for you if He did it for us after trying to have a baby for 21 years!
11510,"Our journey towards holiness is to ""catch men,"" to advance the Kingdom of God.)"
11511,“I hope that action committees will be created to give workers a platform!
11512,The Jews to whom he speaks would all want to be able to earn their bread:
11513,They said that our country was safe under Bush.
11514,Budapest does not like such a policy of the European Union.
11515,Yet five smaller or developing countries are also showing their green potential.
11516,"In fact, you spent almost £4 billion on cultural and related services – including sport – last year."
11517,We Palestinians do not understand the enormous changes in the region.
11518,Frank and I are just a single example; there are many more if you just look around our site.
11519,So here Q is pointing out that this article was a direct attack/threat to their current operations.
11520,Will the American and European representatives in Geneva support the adoption of the report in six months' time?
11521,Won't God send it here at this Eisenhower Auditorium?
11522,"Next, Solomon praised the Lord and thanked Him."
11523,You were challenged by the number 169 too regularly?
11524,This boy who probably needs an exorcism:
11525,"48 Laban said, “This heap is a witness between you and me today.”"
11526,How I long just to see for a brief moment one of those innocent little faces.
11527,"""They can't believe there are really Jews in a prison like this."""
11528,It is often thus in God's ways.
11529,There is one important point – a child should be ready for such a trip
11530,"On other planets other beings exist who did not sin and fall as we did."""
11531,"He said, ""Jim Wood is a friend of mine, and any one of his children can hunt anywhere they want to."""
11532,They must leave (voluntarily).
11533,"Therefore, I will say people are sick because of these five reasons"
11534,"I ask any of you, if I be the servant of God and have told the truth about God, God's got to honor the Word that I told."
11535,"The students hope Putin will save Palestine, too."
11536,Literally eleven times what it should be.
11537,[…] You will know that our last concert (last Tuesday [28 January]) was admirable.
11538,"And in the face of difficulty, the face of uncertainty, you proved the power of hope.”"
11539,"(I must inform you, Jonathan, that I am a very sad person."
11540,"Just like Anno 1404, you have two types of “Population”."
11541,We must look at the wonderful relations between Iran and Hamas [today].
11542,- Do you know that WE remained almost three days in the most complete anguish?
11543,"But during these 66 years, they did whatever they could as a government and as a political system."
11544,But I cannot sell my country to my enemy.”
11545,"Why is it that for breakfast in America, we always need to start off with something sweet?"
11546,Your interpretations of your brother’s needs are your interpretation of yours.
11547,(There were even 3 photocopied pages with nothing on them!
11548,"Abdi, like other Iranian colleagues, needs your support."
11549,Creator of the Henri JS Framework and LN early adopter.
11550,What happened to those draft AS/NZS 5139 rules from 18 months ago?
11551,"So, is this really a reboot for the series and will we see the story of Captain Price and Task Force 141 again?"
11552,​It is totally false to think that the sinners in hell are deprived of God’s love.
11553,Q. Am I right that it was at one time forecast that in 1925 Abraham and other prophets would come back to earth?
11554,"“Moses, my lord, stop them.”"
11555,"Seven sons: we will say that this person, this Job was already with the seven bodies."
11556,Second Ukrainian Soldier: We wanted to preserve their lives and the criminal order is not …
11557,"Finally, he reminded that there are 3 things that the Province and the Piarists need 1."
11558,“Michael would have loved what’s going on now for his legacy.
11559,"cannot sin, because he is born of God."""
11560,We should mention customers more / we can’t mention these customers.
11561,The one that Humanae Vitae foresaw.”
11562,"...and in reality a possible loss of 12%,"
11563,Glory be to Him: (far exalted is He) above having a son.
11564,"And that’s what led someone like me to go to Israel, even though I was critical."
11565,And Judas and his system can follow right up to that hour.
11566,First build cities for your children and then sheepfolds for your cattle.”
11567,"And for 24 hours, for the circumstances, it perfectly adopted the behaviour of another."
11568,Therefore we have all the instruments we need with us — a tongue and ears.
11569,"On the contrary, they make our country, the Greek people, a target."
11570,This is bad for individuals and bad for companies [and it leads to diminished satisfaction].”
11571,Because after 3000 apparitions the main theme is Pluralism.
11572,*1…Sold as Space Star in some European and Asian markets.
11573,We had our beloved care horse Artic View together until December 2007!
11574,(O Allah) provide them with fruits so that they may give thanks.
11575,"But I think this one and American Campus Communities, ACC that I mentioned earlier --"
11576,"12); others, however, deny the identification."
11577,"“The mission of general economic and financial controller, which I have been carrying out since 2008, is known to everyone."
11578,"In Creatures and Creatures 2, this world is called Albia."
11579,We could not have done this without 56Paris!”
11580,It can take days to get an answer from someone at Hostelworld!)
11581,This is our glory and strength today.”
11582,"Since 1995, a ""triple"" would"
11583,"""And few of My servants are the thankful."""
11584,"Moreover, these children “know the rituals and can therefore go further."
11585,"In three or four weeks, people will think differently about Ben."
11586,All those imprisoned today are [a product] of the occupation.
11587,"The lion, too, responds to Smith’s voice now."
11588,'I swear to God!'
11589,"Vladimir Putin: In my opinion, much more can be done concerning migration."
11590,“But only England possessed them all in combination.
11591,I'll come here immediately in a physical body by a special system.
11592,He looks surprised when Jackson says he can do it.[1]
11593,"There, there is no respect, the agents, in the morning they speak to you aggressively."
11594,We use Paul’s words as our maxims.
11595,These famous secure zones that it does not have access)!
11596,"Why his decades of loyalty to Porsche, what is the attraction for him?"
11597,because every human being loves peace (sent from China)
11598,"There is no greater obstacle to God than time."""
11599,17 (((Sanctify them through thy truth))): thy word is truth.
11600,Tony’s choice was clearly to be that special friend.
11601,One of these books was titled Mijn Sterrenwacht [My Observatory].
11602,With such a start he will establish an empire of God in this world.
11603,"Yes, he was generous enough to finance part of my 2009 campaign."
11604,"E-167 I think of Moses, that great man."
11605,They found the pharaoh's funeral mask.
11606,Emery: . . . you create the Fourth State of Water.
11607,The video Don't Do to Her What You Did to Me presents a kind of psychological ritual.
11608,How so many of you will laugh when you fully accept the TRUE meaning of why we give you this statement.
11609,"That is what NATO requested from us, even though our F-18s were ready to go."
11610,The 27 would therefore be temporarily losing on the commercial level.
11611,8.5 An effective system can be based on a small number of rules.
11612,(Andromeda) And that's the same reason we had this big earthquake yesterday.
11613,"If then you are God’s handiwork, await the hand of the Artist who does all things in due season."
11614,"But at least, Pippin, we can now see them and honour them."
11615,The Master wishes our return in one piece.” one of them explained.
11616,Israel can threaten our boats and passengers – we will keep coming.
11617,We can still see the “white spring” that he mentions.
11618,Then what did he do in the others 2999 times and why?
11619,(This is a hint to those who already know these currents.
11620,"Last but not least, the US ambassador was the same man in both cases: Richard Miles."
11621,"Last but not least, the US ambassador was the same man in both cases: Richard Miles."
11622,"Suggest to me the price (of your land)."""
11623,“We will wait for him like a good wife when a man is in prison.”
11624,Then why should it ever be easy in His service or for His disciples?
11625,"Say: ""The Truth has come."
11626,The study could not determine the fate of 87 properties.
11627,She even dedicated a blog to her unusual rescue.
11628,"Amazingly, you have created this same contradiction around God."
11629,Take some time to see God’s creation around you.
11630,Then we fall back into the Soros hell.
11631,"Today, everything has become more difficult, including to leave Greece."
11632,"We solve a mathematical problem but we need 10,000 million years to read it"
11633,E-246 Will we identify ourself with a new haircut?
11634,They would have been too damaging to the Bush administration and their expansionist plans)
11635,"I despise Chicago politics, but not necessarily its prime product, President Obama."
11636,Everyone already knows an agent or twelve.
11637,"” Collet, you even treat a child like me with respect ."
11638,(Many people also believe that she has appeared at Medjugorie.
11639,(38) All of this is being recorded for Judgment Day!
11640,439.10 Reconciliation should be the desired outcome.
11641,127 I think of myself.
11642,Eva: not so difficult for the moment to ask for financial assistance from the millionaire.
11643,Or it [could] mean that there is a cyclical relationship.”
11644,Find out why the latest versions of these two management system standards are now even easier to integrate.
11645,"As far as possible, our institutions should be located away from the cities. . . ."
11646,"You can’t really ask the Russians to fund this regime, can you?"
11647,"Urapmin obtain almost all their food from their gardens, which are tended by both men and women."
11648,"Either Jesus is the resurrected Son of God, or He isn't the resurrected Son of God."
11649,"Nor is He contained by the six directions like all the created things."""
11650,"Nor is He contained by the six directions like all the created things."""
11651,"So with Ferrari, we are ready to give them another experience."
11652,Charlie Rose: We have read much about you and your country; there are three things that I constantly see.
11653,"If there's sickness among them, take it away."""
11654,""" You know how many times I've talked to Assange?"
11655,"Of course, the declared value of 14,000 Euros is clearly overestimated by Russian standards, but what a space for creativity!"
11656,"2952 Such instruments must have been ""accepted by the Parties concerned""."
11657,People all around the world know many Egyptian symbols when they see them.
11658,Was the entire thing part of God's plan for Joseph and his family?
11659,This is what Lula will see when he looks out the window on 7 April.
11660,"In other words, Robert Holmes could NAME NAMES!"
11661,"In other words, Robert Holmes could NAME NAMES!"
11662,to have more or less sexual desire (lust);
11663,"“You don’t need to eat the whole elephant today, or even this year."
11664,"if their Rock had not sold them,"
11665,"He cannot give peace of heart, for which man yearns more than even for outward peace’."
11666,"[2] Mentioned by Irna in several articles, including this one."
11667,(The Sabbath was treated as any other work day.
11668,[4] Nenilava surrounded by her family.
11669,"And in the end, you said “fidelity to God and man.”"
11670,"And in the end, you said “fidelity to God and man.”"
11671,Everyone can keep his religion or his spiritual path (it is even recommended).
11672,"why the UEP has been the subject of ongoing legal battles, and"
11673,You are the light; you are the lion.’
11674,Do I insist that there are only a few right ways of doing things in AA?
11675,Does it mean that we can find and facilitate some of these groups that would be at least more friendly to the United States?
11676,The Minor Plan is that part of God's plan which the Baha'is are called upon to carry out.
11677,"""Center, where do you place him in relation to 583 now?"""
11678,"“Lord, You have heard the desire of the humble.”"
11679,"(1) As far as Israeli-Arab peace is concerned, you should act from Day One."
11680,"Who was born on January 31, or where can I get stories for TV shows?"
11681,"I think about [my parents] in situations with Stormi, what they would do."
11682,Does an autonomous or semi-autonomous car really know where it is located on a map?
11683,Could this be an explanation (among others) to brain fog?
11684,Tests between at least three Member States and Europol should have begun in the past year.
11685,"But only God, the total, knows whether it is a blessing or a misfortune.”"
11686,"(And as we found out today, Monday, he just won a national award in Australia for his cheese!)"
11687,"So I like to think that yes, eight is maybe better than three."
11688,94:10 for these also were found black.
11689,"Yourself, now and in the future, there are 8 components that"
11690,"His life was surrendered before he even came to earth."""
11691,"You're not just playing 4D Halo, you're doing something."
11692,"""But we have not received any reply from donors, including the US, for a year."
11693,"In fact, the most terrible human will nevertheless comes back there with his fruits."
11694,"""We opened our arms to all Libyans, whether they supported the revolution or not."
11695,In truth I didn't do much TV or film after leaving Santa Barbara.
11696,"He describes in one of his books, how our asana or posture should be."
11697,"A: Indeed, we also note the Philippine government's announcement and appreciate it."
11698,There is plenty to see and do during the Cars & Coffee!
11699,Prices currently include European VAT (we are working to change this.)
11700,"Then in November of last year, he said we have 1,000 years to leave Earth."
11701,"""Plus, the asteroid will be seven times closer."
11702,You simply cannot do the job of 6 people!
11703,"You were with us, with Paul (his son) too."
11704,You really want to see your accounts sit at 1.
11705,"E-25 Daniel, will you testify tonight?"
11706,All must approach Him through the Messiah who had come into the world; through Him alone man could be saved.”
11707,Then each semester we had to buy books.[59]
11708,"with local (local) application, it has photoprotective properties;"
11709,What an opportunity for them after Green Book.
11710,Ben and Billy need their father right now!
11711,**Well done to the 24 Hour Bikers and for their superb initiative!
11712,Tom Ford is very original in naming every color.
11713,“It was a key moment when Sexton came home.
11714,"""The next threat is when, not if, the same thing happens with ceftriaxone."
11715,"But give us another paradox this morning, Lord."
11716,'You do not represent Palestine as much as we do.
11717,The information you were given on the 11/11/11 is of great importance - use it wisely.
11718,"Yes, we are bureaucrats in Frankfurt, but this independence is possible..."
11719,“The new clothes [jeans] express profoundly democratic values.
11720,"“Just as God has a plan, Satan has a plan for the world, as well, which is diametrically opposed to the Victory of God’s Truth."
11721,"""Remind me to buy the watch for John on 25 December this year"""
11722,"(With regard to taxes, Paul says give what you owe."
11723,James: – and this creates more free time for them.
11724,"Every company in the world would love this free attention, except maybe Twitter itself."
11725,– Why the Sahel needs $1.6 billion again this year
11726,"And so, you are not afraid of anything but your heart is in joy.”"
11727,Why couldn’t they just say: Strict military protocol.
11728,You spoke of this first step that Colombia has made.
11729,"Bravo young Amerika, you have successfully asked for fewer rights and you now have fewer rights."
11730,"With .com, we would be totally lost."
11731,E-52 Somebody will be saved.
11732,I didn’t say yes to cornrows because I was trying to make some statement about race and culture.
11733,"We will now see what to do in Oman, in these different regions."
11734,My accountant needs the same on urgent basis.
11735,"We must now, through zazen, create an effective action for the world."
11736,Q: We hope that the Grand Sheikh shows us how the validity of this transaction:
11737,"Oh look, we found the wang, after all."
11738,"Yugoslavia and Iraq also ""taught"" the world two lessons."
11739,"Then think about the rules and laws. … So, I worry about Europe."
11740,"[2] It may, however, participate in the EU commercial policy."
11741,"E-190 Then, Satan, you've got to go."
11742,"[27] It must be acknowledged that, in most cases, all these causes have coincided."
11743,Obedience to God’s commandments would surely result in prosperity.
11744,"If so, then it’s time to broaden your horizons and improve your life so that you can be more open-minded."
11745,"Well if you just said yes, you are a part of the targeted market: everyone!"
11746,"First, a “plan B for Europe” will become necessary sooner or later for objective reasons."
11747,"So to make them realize that I wanted to raise them to the great dignity of God's children, I sometimes had to show Myself as dreadfully severe."
11748,"So to make them realize that I wanted to raise them to the great dignity of God's children, I sometimes had to show Myself as dreadfully severe."
11749,"Through the moral life, faith becomes ""confession"", not only before God but also before men: it becomes ""witness."""
11750,"Through the moral life, faith becomes ""confession"", not only before God but also before men: it becomes ""witness."""
11751,"“We are often seen as a country in which, for example, multiculturalism works."
11752,"Nasa will pay you $18,000 if you said yes!"
11753,“I said it in New York: you give this man or this woman a huge legitimacy.
11754,Innovation wherever it takes place - The precise view of the region
11755,2/2: Others have said/written the following statements.
11756,Did you know that you're neurologically programmed to laugh in a certain way?
11757,"This comes from a place of love."""
11758,(P) But my husband wasn’t really working on anything secret.
11759,"So (to Linda), very quickly with the microphone."
11760,“A rabbi is not like a priest; he comes with his wife and children.”
11761,"“If you stand with us in this noble cause, we will stand with you,” he declared."
11762,God's knowing and power of movement are already in you like a Mother pregnant with child
11763,"The real game is the fight against the great Satan and its adherents,"" Ilyas said."
11764,"(Not what men say, what the church said; but what God's will was.)"
11765,"It is evident, therefore, that every desire which arises from a feeling which is a passion would be of no use if men could be guided by reason."""
11766,"“You shall give birth to a blessed child who will bring goodness,” I said."
11767,"But they know, and I know too, that this year the cocaine market is rising."
11768,My Blessings to all and have a wonderful 11:11 portal
11769,"If we build God’s way, it will be clear who loves the Light and who loves the darkness."
11770,It is most probably the will of Rome to answer to our first precondition.
11771,There actually was a little too much THC in there according to the law!
11772,"That seems a bit strange to me 47 days after the solstice, eh?"
11773,And I’m sure that in four years we will all love Qatar.
11774,"To the extent that we teach young people to pray, and to pray well, we will be cooperating with God’s call."
11775,"Wherever respect for human life and dignity are lacking, there is need of God's merciful love, in whose light we see the inexpressible value of every human being."
11776,6. that our society is becoming a better place for people like you? (social growth)
11777,"Folks, we owe Joe Biden a lot, and he owes us a better chance in November."
11778,"“Our company, along with its millions of users, take Yelp very seriously."
11779,"How can you say good things, when out of the abundance of the heart speaketh the mouth."""
11780,295 How many times denominations has done the same thing to sincere believers.
11781,In november 2007 he created the theatrical installation I/II/III/IIII.
11782,Nobody asked whether Lyndon Johnson went to church every day.
11783,"In other words, the serpent — their problem — was already judged at the cross."
11784,"That Book will unite me with my wife's spirit!"""
11785,Dublin Finds Solutions with the Volunteer Ministers
11786,"They gave Truth, and they lived their Truth."
11787,"From now until November 8th, let’s do what Americans do best."
11788,"When informed of my atheism, he said : “During your last days, you will begin to believe”."
11789,Which one of the two is the liar?
11790,Which one of the two is the liar?
11791,"Yes, my son, you have saved 319,000 souls with this pain."
11792,"Three, two, one … Sean Clark's students are more than ready for lift off."
11793,"(But, we say) the poor person – if truly poor – must definitely benefit from the food."
11794,But the reward of the other/Akhirat [Afterlife] is greater.
11795,"That He had a will of His own, independent of God’s, is evident from the texts already quoted."
11796,We will never know God’s provision and sustenance found only in the midst of the mission.
11797,"Upon hearing about God's punishment, the actor's facade began to crumble."
11798,There is no greater obstacle to God than time”.
11799,"535, why does this number follow you?"
11800,You need level 60 to work other non-gold resources.
11801,But we think that 2015 in particular is the best time to discover—or rediscover—these 15 sensational places.
11802,"And apart from what a prophet messenger reveals in a generation, all the rest is only vanity and human folly."
11803,“My #faceofdepression and yes it is possible to be depressed with a child.
11804,“The majority of the oil production that we want to increase will be with the private sector.”
11805,How was he did there - helicopter from the past
11806,Shouldn’t people be allowed to read what one of the most important Israeli historians has to say?
11807,"But my mother and father were among the 6,000 who did not go to Israel."
11808,The data collection frequency is not always annual and there might be 2/3 years delay. ** Directive on sustainable use of pesticides
11809,How then can you say to me: 'Flee like a bird to your mountain.
11810,Parents sometimes say Johnny needs that one special friend.
11811,"[18] Use of these instruments will, of course, have to conform with Community telecommunications policy."
11812,And also the great sinners… and this is my consolation!
11813,How does Mexican sound for tomorrow?
11814,Unfortunately you can always expect our government to ruin a good thing.
11815,They used this information to help them design SR2595.
11816,"Finally, when you visit Haiti again: Stay in the same expensive hotels."
11817,Moses seen them as the called and chosen.
11818,"May His promised peace be with you now and always."""
11819,Why do we have now more than 15 new political parties in Syria?
11820,"all the host of heaven, and served Baal."
11821,European and Indian food also available. usd6-40.
11822,The issue of environmental crime has also been debated for many years within the European Union (“the EU”).
11823,E-263 You all heard about the mountains.
11824,"“Surely you must feel a little more Arab, you’ve lived in many Middle Eastern countries.”"
11825,"4Whoever knows them will not taste death."""
11826,The people of Loot (Lot) belied the warnings.
11827,"Now in the 21st century, we decided, father and son, to follow the same route once more!"
11828,"So once again, you can invest $26 to prevent yourself from becoming a starving artist."
11829,"AL-Qaeda and the US ‘Secret Services’ however, had a very, very, bad day."
11830,We demand dignified treatment in Colombian prisons!
11831,"And would you say the same of WALLET, which is already, I imagine, your new baby?"
11832,"Was it on September 9 during his meeting with Mrs. Cadman, yes or no?"
11833,"Do not forget that ""you will be rewarded according to your faith""."
11834,“At this moment I was arrested by the police in Minsk at the request of Azerbaijan.
11835,"Despite the renovations (1998), today it holds its first architecture."
11836,"Additionally, according to personal number 8 you have to take risks this year."
11837,"She'll be about eighteen; is that right, Sister Edith?"
11838,And WB is more than happy to let the two continue.
11839,2003 Monographic in Clown.
11840,"187 They ask you, [O Muhammad], about the Hour: when is its arrival?"
11841,"You were Byron, remember; you wrote Don Juan."
11842,We wanted to create an ode to the magic of science and the mysteries of love.”
11843,"Could be better than this (Heaven, heaven)"
11844,"(UR-3) Clearly, there was a plan for change in the works."
11845,"In a harsh environment, they succeed, on 92.5 FM, achieve their goals."
11846,Political Culture: Say the name of at least 5 presidents that your country has had.
11847,You came back from New Zealand with thousands of memories?
11848,"Otherwise, you will have to create the volume structure again.) 8."
11849,6 banks in south korea are going to introduce this new system
11850,"This is hell,” he added."
11851,"And you will feel the love of your angel and be very happy."""
11852,(22 more Christian children were kidnapped in that area today.)
11853,"We can add the co-founder of Devolver Digital, too – we discussed his thoughts the other day."
11854,Especially those most in need of thy mercy.”
11855,And not everybody can do that — 10 pages in eight hours.
11856,LADONNA: I have tried so hard to be divine inside.
11857,"But even among these people, God selected just 300 men."
11858,One of the countries to immigrate in 2015 is definitely for sure: Canada.
11859,"These verses, however, were not chosen by the Qur'an jurists for their legislation."
11860,But they use the new heart they will have received!
11861,I am sure that the Lady will do everything that she has promised tomorrow.’
11862,the European common proposals that will be co-signed by Belgium;
11863,"The truth came forth from the mouth of The Truth, and He said,"
11864,But maybe there might be a space and a place there for such white men if they were available.
11865,"It is of utmost importance that all who wish that the forest remains, come here in these last two months of the deforesting season!"
11866,"And you, young people of Ukraine, how do you reply?"
11867,All human beings will live until a certain day and then die; God in the Qur'an gives an account of the attitude commonly shown towards death in the following verse:
11868,"48 Laban said, “This heap is a witness between you and me today.”"
11869,Because any “nay” votes – or an Obama – would also threaten the entire budget of the federal government.
11870,"In what view, therefore, did they see the statues of their false gods in the temples?"
11871,Why we must support 14 women determined to fight hate in Poland
11872,I have never underestimated the impact and value of those first eight years.
11873,There’d be huge effects on the ecosystem 6:00
11874,"""Its diversity here in the Americas will probably be much greater in seven or ten years' time."
11875,"It may have been that two or three thousand men could have taken the city, particularly with God’s help."
11876,"And when five people want the same thing, how do I even choose?"
11877,I haven’t started <Dr. Stone> yet so we will see if I can do both or not.
11878,I was wrong: there is a bit of everything in IOP.
11879,"He has shown us the way for a life that, active or passive, belongs wholly to God’s work.”"
11880,"The European Union is, therefore, a good thing, according to official London."
11881,It’s a 5xx code that you can use.
11882,Is that how you define the African spectator today?
11883,I discovered Lille and Ireland thanks to my meetings here.
11884,9:22 (Y. Ali) They will dwell therein for ever.
11885,"“Like any system of law, there will be disappointments; you’re dealing with human systems."
11886,Most of us would have no chance of survival if the industrial infrastructure collapsed tomorrow.
11887,"Therefore, not being able to make him a saint, Dr. G., they made him the devil..."
11888,"By January 2nd, these people won't even recognize DC."
11889,'Obey your ruler) even if he be an Abyssinian slave.'
11890,"Why the Dow Will Hit a Million, Eventually"
11891,"E-65 Lee, this might be a little strong."
11892,"If you can say, “Master,” if you feel that his will is your will, then you stand in a happy, holy place."
11893,But now I work alone and wages 9000.
11894,"Not for the moment, replies Sally, they are associate members."
11895,"He has shown us the way for a life that, active or passive, belongs wholly to God’s work.”"
11896,24: And hath redeemed us from our enemies: for his mercy endureth for ever.
11897,"Leonardo: He probably had 10 rooms, I would say."
11898,"All those things that have existed before us, and that will exist after us, have already been created by God in one single moment."
11899,"To date, we've helped over 110 million people across Africa to verify who they are."
11900,For the EU and Portugal I see more gains than losses with this binding objective.
11901,It is very rare to see pigeon blood actually!
11902,"A pillar, then, is what Alienware 17 really stands for!"
11903,And the brethren of Joseph could not have been more grateful than we are for the corn and wheat provided.
11904,Trying to be like James or Markus has only been counterproductive.
11905,"(Proposition 1 condemned and prohibited by Innocent XI, Dz."
11906,You kill the Muslims with that cold pig [blood] of yours.”
11907,"You kill the Muslims with that cold pig [blood] of yours."""
11908,"The land is given to all, and not only to the rich”."
11909,Canada will never end racism unless it dispels these three national myths first
11910,I didn’t say in 2006 and don’t say today that no international humanitarian association does good work!
11911,"This habitat, everything you see, is an extension of my will.”"
11912,'We certainly understand how heartbreaking this is for the family.
11913,"By Allah, I think that if there had been another god besides Allah, he would have helped me today.’"
11914,- The network is not able to absorb more than 7 transactions / second.
11915,"For them, Moses has already freed them from Egypt, it is over!"
11916,"Everyone wants to go home, and China has a lot of ""everyone""!"
11917,Loving the idea of Vegas Crest and their promotions so far?
11918,"""We wish to open our arms to every soul for whom there is a good hope."""
11919,Unfortunately the rain will prevent me from (re) visiting other places.
11920,It should be remembered that the medium is the last working day in the Israeli Parliament.
11921,"“I support animals, but I also support the legal framework of the 2010 directive."
11922,It is not mandatory to eat 8 bananas; you can have less as well.
11923,"""Yes; but their food is in keeping with their nature."
11924,"""Yes; but their food is in keeping with their nature."
11925,Can someone be said to possess the truth if they have experienced God’s word and have knowledge of His word?
11926,"He always gives you advice, to both me and Ansu [Fati], the ones who just came up."
11927,God’s power especially is seen in the miracle of speaking and hearing in diverse tongues.
11928,If necessary (we take all the costs and risks):
11929,“But I could have filled a space 800 times bigger than this.”
11930,"The crisis in San Francisco, she said, is comparable to these conditions."
11931,“Freedom Insurance” Has Never Been More Crucial – How To Get A Second Passport
11932,Does this prove that the two and a half tribes were right?
11933,Russia won’t abandon its European “status” in the next five to seven years.
11934,"He loved you first, when nothing in you was clean and Holy yet."
11935,O5-8: Because we didn't know the truth about our own natures.
11936,It is a progressive revelation similar to the revelations given in Joel that are all about the complete fulfillment of the “Day of the Lord.”
11937,"“Basically, what we have on our hands is a tool to monitor the environment, really."
11938,"In fact, the speed 9 / Turbo is not necessary for most foods."
11939,His mercy’s from age to age on those who fear him.
11940,Why not make this possible in France systematically or at the request of the customer?
11941,"They certainly can learn to do this, as we have seen with Rico and thousands of other examples."
11942,"To which the Lord’s reply is given in the words; “Thou sayest,” which amounts to a strong “Yes.”"
11943,Then he brings out what the Black man has done.
11944,"And, of course, we love Paris -- any day of the year."
11945,"For those born in April, you can choose the names Innokenty, Yakov."
11946,"And they do not know that I have come to bring disunity to the earth, fire, sword, war."
11947,It was your European farewell tour but will you continue to play in the U.S.?
11948,What Are the Visible Effects of the EGF?
11949,"He is the 14th ""child"" to live with us."
11950,Ireland Every 16 months (in practice).
11951,"In short, have we respected and developed the mandate that the 2013 Conference of constitution had given us ?"
11952,"Even the Foundation has budgets, it seems."""
11953,"And, who is the deliverer who brought the children of Israel to the promise land?"
11954,"QUESTION: [Senior State Department Official], you were obviously in Vienna."
11955,’’You really think Karl is our only target?
11956,"A 12,000-mile journey can never solve the problems of the universe and of your own nature."
11957,“You can start with just 250 people who have the same disease profile.”
11958,"Besides your shadow, there is also another thing that constantly follows you, the number 488."
11959,"(First, it assures us we will have a body."
11960,"So if your intention is to plant an Adam's Rib in the vase to reap the fruit, give it up;"
11961,He knows well how easy it is to go about deaf to God’s Word.
11962,You have God’s blessing if you fulfill your duties in this way.
11963,But what we don’t see is that another job is created for that American.
11964,Does the Fish and Wildlife Service really need more than 89 million acres?
11965,"How many people might have this? 0.2% to 3.3% of the population, apparently."
11966,"Here, the misery of the soul meets the God of mercy.”"
11967,"But here and now, he has done what was hardest: he destroyed the lies of his life."
11968,Take the “311” application now used in nearly every American city.
11969,“(Name of a financial institution): Your account has been suspended.
11970,It talks about these 64 forms or Arts.
11971,He didn't gain military control until 37 BCE.
11972,"Remember: Lady Luna knows a thousand ways to kill you, but family is what you know."
11973,But that woman’s heart [she said to God]: “I want a son!”.
11974,But that woman’s heart [she said to God]: “I want a son!”.
11975,"He should return to the US and face justice."""
11976,Find out more about the PARIS /64 woman.
11977,It'll be over in three of four days - a fight like Tarawa.
11978,The European Commission has taken a decision on the security of information systems (65 kB) it uses.
11979,"And I asked him why you are doing this, putting 10 or 12 million euros out of your pocket?"
11980,E-292 I want these pastors to help me.
11981,You don’t waste as much time if/when the strategy changes;
11982,E-301 Go ask those people.
11983,"• In addition to all this, it will be useful to reiterate the essential conditions for a protein:"
11984,"You take resources that they have, that are taken away, it just adds to the misery.”"
11985,"Say: ""The Truth has come."
11986,'All the birds have begun nests except for me and you.
11987,"E-172 ""I want a man that's able to do it."
11988,Paradise is open to all of God’s creatures.’’
11989,"You will not regret it, nancy is honest and sincere.»"
11990,The Kingdom of God is full and the Master’s will is accomplished!
11991,"It’ll surely come back,” and he keeps holding on to it till he gets a big fat loss."
11992,"Have Faith In God’s Plan, Wherever He May Lead You"
11993,What would Mr. Corbyn like to do with us if we weren’t good for the economy?
11994,He had not created anything except what He created before the water.
11995,2) Is God a clown with bees in his underpants?
11996,"Me and my niggas taking real chances, uh!"
11997,Very important – she seems to like her studies much more now.
11998,And the powerful dominant wants her…and Luke.
11999,"295), and it succeeded in attracting 9REN’s investment."
12000,Our stand - 5.0 B81 - was open to all partners in the sector.
12001,"And in this Trinity there is no before or after,"
12002,A: Do you not exist anymore when you get divorced?
12003,“We [want to] win the West for the sixth time in a row.
12004,"""We all know that Daniel is always very quick here."""
12005,Gentlemen [...] and [...] are two serious men; the visibility is perfect.
12006,"""We have informed our commanders in Helmand to do whatever they can to eliminate him."""
12007,"""We have informed our commanders in Helmand to do whatever they can to eliminate him."""
12008,"""Now the Son of Man is glorified and God is glorified in him."""
12009,"Mala Sen, an Asian woman, was extremely active.”"
12010,"You and me, as immigrants, know the value of the blue passport."
12011,"""Why are many things in Judaism done three times?""."
12012,Except for your wife who will be hit by what will hit others.
12013,Many of our guests say: Exactly my style!
12014,Still others claim that it means 65 pieces of chicken.
12015,(V) Are there others at higher densities working with you as you are working with us?
12016,lawyers; I have changed three
12017,NASA is going to be our biggest headache -- NASA does not want any competition.
12018,Why do people have to sleep at night? because so conceived by the creator.
12019,[15:76] This will always be the system.
12020,"They are my Space Marines...and they shall know no fear."""
12021,"“Before the three days of darkness, there will be many problems and events on your planet."
12022,Remember your last (or greatest) success and think about it for sixty seconds.
12023,RU2: This company can’t be from Eastern Europe.
12024,In 160 hours – the duration of the program – it should be possible!
12025,"I think I can get that kind of park, in terms of quality, development ... within four years."
12026,"As certainly as the doubters cannot change the ordinances of the heavens, just that certainly shall God’s people once again become a Theocratic nation."
12027,The proletariat itself seems to no longer exist on a world level (7).
12028,"The visitors will tell them, “Look, we have no war."
12029,"By which it appears, that false prophets may have the power of miracles; yet are we not to take their doctrine for God’s word."
12030,"Also, they left us, among other things, our 20 great calendars."
12031,"And with the appearance of Impossible Burger 2.0, maybe they'll even eat better too."
12032,“Cristian Tabacaru was appointed at my recommendation”
12033,I know why Charlie always smiles when he comes to Ottawa.
12034,The One in the Water/Why Did You Say That?/Katie’s Secret
12035,And they would not understand if the only message of the Commission in the coming days was to punish Spain and Portugal. “
12036,"I repeat, she never gave me a single baht of my 70,000 baht, NEVER."
12037,"Søren Bo Søndergaard (GUE/NGL), in writing. – (DA) I am not able to support the motion for a resolution because we do not need more aid for the agricultural sector."
12038,Has used SuSE since 9.1 and thinks he likes it.
12039,We aimed to play a constructive role as one of the 48 vulnerable and poor countries represented in Paris.
12040,"Not, ""This is inspired, and that's not inspired."""
12041,"It is clear that you can act, speak or think contrary to God’s will, without being aware of it at the time."
12042,Think about God’s choice of Israel as a nation.
12043,- This session is very similar to session 1-8 about the location of volcanoes.
12044,“Five years ago we said that Israeli companies are hiding behind all this.
12045,(Name of ex-lover) is free to leave my life.
12046,"[10:39] Indeed, they have rejected this without studying and examining it, and before understanding it."
12047,Wrongly naming a thing is to add to the misery of this world.’
12048,"With the “Global Financial Crisis” of 2008, it remains to be seen if and how these initiatives will proceed."
12049,How will Nan’s family and friends look at her?”
12050,(I do get a fishing license from Arkansas because I like the work they do with the money.
12051,“We have therefore started to look at France and Belgium as potential sources of human resources.
12052,"You said that you know how to save the world, but Shizuka..."
12053,This is why it is always necessary to pray and dialogue in the perspective of peace: the fruits will come!
12054,That's what 9/11 was all about - killing NESARA and our freedom.
12055,9/11 is rarely mentioned as one of many Israeli manufactured events.
12056,"Even in winter there is always activity in this dynamic city."""
12057,"The day of tomorrow is God’s , it does not belong to you."
12058,"Here there is an important mystery of truth, hiding God’s greater blessing upon mankind."
12059,And you’ll know why all Israelis desperately want peace.
12060,“I too am a better person for knowing Laurin Long Bank.”
12061,"""L.A. seems to have helped them."
12062,The unfinished Canadian: The people that we are.
12063,WTO in Cancun – It`s Going to be all work
12064,What is Thank Your Cleaner day?
12065,According to a report on how each Member State is implementing 112:
12066,"However, we have a unique opportunity: we know how to fight this global humanitarian crisis!"
12067,Fifteen — you can give an anniversary;
12068,"Peter does not say “the good angels do not”, just, “angels”, all of whom are good beings."
12069,"But said, ""no matter whether he's wrong or right, I love him."""
12070,Think more often of God and of the last things.
12071,This is some kind of joke – I lost like 2000 USD and I doubt that they will respond on my complaint.
12072,You will be welcomed by M. Nicolas Di Serio
12073,"Are you ready?"", and Panda starts talking to the public…"
12074,[284r] I asked her whether she felt discouraged:
12075,Your next study (Lesson 9) will be: How to Know What's happening Today!
12076,"Here are five (well, four and a gag) that work well in every situation."
12077,Kids who had nothing to come back to wanted to come back to practice.”
12078,“Grenades are launched at dawn on our citizens.
12079,"3 He passes by such idle witnesses, which merely bear false witness to God's Son."
12080,"Currently I feel 100% French, and..."
12081,|--site // Everything in here will be built with Hugo
12082,"His answer was that he could not well say how, yet they did live by God's grace."
12083,“I know many have been waiting for the return of 4U1UN.
12084,It is I who fed the multitude with few loaves of bread.”
12085,How Australias extreme heat might be here to stay
12086,"When God makes such a judgment, a person begins relying on their own reasoning (thinking about God and truth) because God’s spirit is no longer “in” them, nor leading them."
12087,"Many ought to have this spirit today, {Ibid.}"
12088,1.22 is a round number and also worked as support a few years ago.
12089,Suffering comes from God’s hand.
12090,"""Unfortunately, we have to tell you that Udo has a serious health problem since early January."
12091,"Then, wear clothes that are at your size and age."
12092,“They actually mobilized such a large number of people for a test?
12093,"***For purposes of the diversity program only, Northern Ireland is treated separately."
12094,1.44 Will we be judged immediately after we die?
12095,"""Katie was never with Tom for the money."
12096,This number that follows you as your shadow is a sign.
12097,It is in this sacred space of your truth we will meet you.
12098,"I did it myself, Bill. [pause] They've all been eliminated."
12099,And his Energy Minister (who also voted No)…
12100,(See My Wonder Studio and Just1Thing.)
12101,Is it true that attempting to bet on a 10/10 is useless at keno?
12102,"Yet 175 years later, is there the slightest doubt about the greater contribution to history -- those battles or those babies?"
12103,He was right…the dangers within our government are real.
12104,"In an encounter with God, He reveals who he is (5-10)"
12105,"You can no doubt think of more, but let’s consider the following 37 positive emotions."
12106,"He told he heard 4000 things from Allah and if he would have heard 10,000 things from Allah then what things will be happen to him he do not know?"
12107,EK : During the destruction process of my country I also found my roots.
12108,"I do not tell you that it shaves the hair, but it shaves away the religion."""
12109,I am certain that he wanted to serve the poor.”
12110,Whoever wins will give the other a kiss.”
12111,And do you also think that Thursday is a typical blue color?
12112,"Could you please have a look at this new product : VMP,"
12113,In this life or any other.”
12114,(Mechanical Animals) Do you remember?
12115,H1N1 is not going to be your biggest problem… in fact the H1N1 issue is essentially a short term problem.
12116,What about the majority of consumers who usually see the high price of sustainability as a barrier?
12117,Such has always been the persuasion of the Fathers… 21.
12118,Today Business China will give you a detailed explanation via this guide.
12119,Those qualities are what make us the first post-national state.
12120,"Continue, we implore you, to sustain from heaven the faith of God’s people."
12121,"Big Changes Are Coming to Lord & Taylor, but What Will They Be?"
12122,"Then, he listed all the things he would do for her as her dad."
12123,These are fools who go against nature and God's will.
12124,Q: Congolese courts have dealt with major cases such as that of Colonel 106.
12125,To build solidarity among God’s people and the rest of the earth.
12126,"I love you, and 60,000 people at the Rose Bowl loved you too."""
12127,"And I thought, well, Henry VIII, okay."
12128,I will first tell you how NOT to use these 3 trading indicators.
12129,"We have said so before, but I want it to be clear.”"
12130,Now it is up to him to be grateful or thankless”.
12131,Would I not be like someone who wants to keep his secret?”
12132,What the workers themselves wanted more and more and what could have been won was the fall of the government ...
12133,"And the reply was, ""We were not with the VJ."""
12134,Wherever she is in the world.”
12135,845 - The mission is not always a success
12136,"I really can do this,” for over 250,000 online entrepreneurs."
12137,Conversely it would be wrong to give them all lobotomies.
12138,(4) God will provide all the “positive reinforcement” that I need.
12139,You once suggested in a speech that the internet is free in Azerbaijan.
12140,"He will always give us more than we deserve (GP, 180)."
12141,184 This is coming into that Third Pull!
12142,"“That is why I always try to say: talk among yourselves, talk to one another.”"
12143,"In fact, you said the U.S. is doing many things with us in 20 different areas."
12144,You might expect another_method to be public.
12145,"So we created Stellina."""
12146,Mothers like Nermeen no longer feel alone:
12147,We offer them what we offer the most privileged women: power over their enemies.
12148,"All we can choose is who we want to become in spite of them, and because of them.”"
12149,"The investigation is complex, he says, and involves 10 European countries."
12150,"""Well, one, we could have used them to have a third child, the potential of a third child."
12151,This agreement gives Israel a few things that [Israelis] benefit from.
12152,"5:50 ""or our children, through any public tutoring system."
12153,Here’s the real answer that should work for many people: Contacts.
12154,The financial changes you made last month (and perhaps are still making) are working out very well.
12155,The answer is simple: Think of God’s Word as a contract between God and His people.
12156,Balancing Act – And the Fourth license awarded was withdrawn?
12157,The American Army arrest Nelson and Côté.
12158,"In other words, 11,600 people may have seen one IRA story once."
12159,"So there's five or ten companies, but with the democratization of manufacturing,"
12160,DON MIGUEL: We all came into this beautiful planet with a mission.
12161,One last question: can you tell us more about the pizza you’re eating?!
12162,That’s exactly the same thing Paul said to every church—they were new Christians.
12163,And the study does not even mention those who came back for Poutine Week.
12164,Almost half of them are women [3].
12165,That is in short what Alstom is offering us and our travellers.”
12166,"And yes, even if you have the last pair of Gunnar."
12167,Thus we can see that God’s government and God’s grace are two separate matters.
12168,"David: Well, we are also talking about a solar flash, though, right?"
12169,"Can he tell us, once again, why he is not using this $3 billion?"
12170,They will also look at how NATO adapts to this unpredictable and particularly complex security environment:
12171,She went crazy in Boston last week and married a nigger!’)
12172,"4,771/65), was one of the first laws governing the subject."
12173,Most of God’s spokesmen were men.
12174,"Anyone who claims to be God’s messenger, and does not meet the three minimum criteria listed above is a false claimant."
12175,They employed the same innovative solutions already adopted for the first Tiger(P).
12176,Lets see what just 20 short years have done for: Terrorist
12177,"He has shown us the way for a life that, active or passive, belongs wholly to God’s work.”"
12178,"If they are disloyal to me, then that is sufficient reason for their dismissal.”"
12179,"• “Regular cosmetic products” correspond to most products,"
12180,"We also informed President Bush on the negotiations on the Community budget for the 2007-2013 period."""
12181,"And it’s got to be, and they say to deny this, is to deny His character."
12182,Jeremy was a sceptic until he met me (kathlynka)!
12183,"""I will continue to speak despite so much rejection."
12184,Version 2.95 is already too problematic.
12185,“Mrs Le Pen also wants less European solidarity in such a union.
12186,"Also, you are bound to make funny mistakes like this if you try mass emails:"
12187,"“They will lose their reconciliation agreement with Abbas if they do take responsibility for [the kidnappings],” Baskin added."
12188,I want to have the hand of justice come down on him.”
12189,"I reject heaven and hell in the traditional sense, and I am not alone.”"
12190,It is clear why: they do so because regional budgets thus lose revenue.
12191,How do you think so many large international institutions can be reformed today?
12192,He loves those in need in a unique way!
12193,Supplemental budget for 1951: assistance to refugees in Turkey.
12194,What would Mr. Corbyn like to do with us if we weren’t good for the economy?
12195,"David: It does appear, then, that these people are living on Earth."
12196,And I heard a sound in which heaven and earth touched.
12197,"In reality, God’s disposition is best, and His humbleness is worthy of my imitation."
12198,"Keeping all God’s Commandments, one surely would have thought he did."
12199,"Will your government send two candidates, as requested?"
12200,What many Americans would have preferred for this American boxer.
12201,"He Was the First, or Happy Birthday, Computer!"
12202,"There's also the real world, beyond Maya's control."
12203,70 million elderly people seek a more adequate place in our European societies.
12204,He seemed to have forgotten his recent liberalism.
12205,"to hear his Word, and know his Voice.—By George Fox"
12206,"Now, he did two weeks with us, he wasn't with the Argentina team."
12207,She says sex work in Dhaka is now her only option
12208,"Question: Should we review, like every week?"
12209,"For some, he is also the undisputed king of all western music!"
12210,Or why five bodyguards take care of him.
12211,"It's also what Google TV looks like now, at the end of 2012."
12212,"I agree; for too long, our societies have seen human rights as an external and foreign concept."
12213,Kobra – Just for everything he’s achieved on such a worldwide scale.
12214,"“The first thing I tell foreigners about Ukraine is that, yes, Ukraine is really corrupt."
12215,"a Saviour, for to give repentance to Israel, and forgiveness of sins."""
12216,"15:92 By your Lord, We shall question them all,"
12217,The reason you you didn’t succeed with all these other anti-cellulite treatments:
12218,Come join us and get out of your comfort zone (or get in your comfort zone if it involves improv).
12219,Do we have any more power over our current political or economic system than dogs or horses?
12220,"We are not talking about 23,000 substances."
12221,"The minister was with other people that day, did you interrogate them?"
12222,"Then I mentioned two or three people who had been working with LSD and he said, ""No, no, basta, basta."""
12223,"Then I mentioned two or three people who had been working with LSD and he said, ""No, no, basta, basta."""
12224,"She was and she is far above us, far above your Angels."
12225,"Only the truth can cure."""
12226,"– 3 kilos of nerves … Our secret weapon, I say."
12227,"Mr. Jackson: So that’s what happened, because heaven… opened up."
12228,It is when the idea of a great Turkey will again be put in practice.
12229,and 6.2.2/2 says that internal linkage behaves like in our example:
12230,21 Jump Street -You are here simply because you look young.
12231,Why do we also need a constant reference to any object? - That would be awful.
12232,"Brennan, Mr. Obama must approve any name.”"
12233,“Other options can also be discussed to reach Turkey and Cyprus.”
12234,"However, those of you who thought that 25k were good, well you are wrong."
12235,16 Signs He Wants You Bad: Is He Irresistibly Attracted to You?
12236,"However, we – and the other actors in May – did not want to encourage an escalation of violence."
12237,But do you know what would make it much easier to work and watch videos at the same time?
12238,"The article also contains things that we, Congolese children, expect from you, State authorities:"
12239,"The same year, the visa allowing him to live in Palestine is not renewed."
12240,"Which resumed firing rockets, almost every day since the beginning of this year, against his neighbor?"
12241,I don't like it; he should have criticized the West and its history in equal manner.
12242,"As the new religion is the worship of the State, so the old religion was the worship of an idea."""
12243,And this is the day She created Ganesha to begin with.
12244,Not really; technique is in the hands and relaxation.
12245,"I ask you to pray for all of God’s children – all My sacred servants, including the misguided false prophets."
12246,Yes; they have no part in the Communion of the Saints.”
12247,Student: Why is the sixth sense particularly developed in almost all children?
12248,3.15 I would like to give some of my gold coins to someone else.
12249,31:31 Do you not see that the ships run on in the sea by Allah's favor that He may show you of His signs?
12250,"We have also reinforced those instruments and tools that have worked especially well in the current Framework Programme, Horizon 2020.”"
12251,"If I believe God's testimony that peace is mine on faith in the Lord Jesus, I shall enter immediately on its enjoyment."
12252,Have 337 people bought your product this month?
12253,They change words used in the financial industry in order to avoid the prohibitions!
12254,Dr. N: Many people call them Life Books.
12255,00407 What is a Country Allowed to Sell
12256,But it has also become a family requirement because of my son Jonathan’s complex needs.
12257,• A man is not old as long as he is seeking something.
12258,Harry and Alex* worked as security guards in Malawi.
12259,"""You have seen how a man was made a slave; you shall see how a slave was made a man."""
12260,"Less pressure for you, the blogger."
12261,(Jesus was destroying their special status.
12262,I believe God is really playing the hot and cold game with each of us.
12263,‘‘The satellite cannot remain alone — it will be definitely followed by the second and third ones.
12264,"""I would even say these figures (for Spain) are optimistic."
12265,"You develop shamata through one of these other methods, and, how much do you need?"
12266,"John I have just asked for another $7,415 withdrawal."
12267,What North Korea really wants and how Germany might contribute to positive change.
12268,"If yes, are the requirements and recommendations of section A2.2 being followed?"
12269,Is the vision of Daniel 11 easy to understand?
12270,As we all know Brian has also been involve on the provincial level.
12271,They will write about what they are thankful for.
12272,He needs it for his son who eagerly wants the new RPG.
12273,"8 And it is this that needs correction, not a future state."
12274,How many people still remain excluded from economic progress!
12275,What will emerge in the Last Days are three religious systems.
12276,"Overall, they found that only the target was achieved for only 4 of 12 indicators, namely:"
12277,87The Qur’an is only a reminder for the mankind.
12278,"Hey Jean, how do I shorten my report, when I have several witnesses with the same testimony?"
12279,The angels do not want you to start immediately with great charity associations.
12280,“Yes; but their food is in keeping with their nature.
12281,“Yes; but their food is in keeping with their nature.
12282,"""We all know that Daniel is always very quick here."""
12283,"Of course, she will always be helped by Andre and Dane/Max."
12284,In this beautiful ship of another world there was peace.
12285,"You may venture to compare yourself to such a diamond, for you are one of God’s people; and this is the time of the cutting process."
12286,"(among our 11 shops in France),"
12287,One shot 75 iu can be all that is needed.
12288,"When I see that 42.52% of sites are affected, I really wonder why people do not monitor errors!"""
12289,Of other generations much is expected.”
12290,211 is a support system for all human services
12291,"After this will come the great divide, when the souls who respond to His Mercy will be taken aside."
12292,Day 2: I can no longer take part in capturing these creatures.
12293,The new technology transfers the funds before 4 seconds.
12294,"He answered me ""I will not allow you to see a member of your family""."
12295,"You see, this is Zen, what else I am teaching here?"
12296,And in this video we would like to see if the UN strategy could serve
12297,Returns: Around 3 lacs and/or depends on market potential.
12298,I just talked to Jim and I need the comprehensive annual financial report.”
12299,Question: But Pharaoh resists the unity of friends.
12300,"They are our present-day martyrs, and there are many of them; indeed, we might say that there are more of them than in the first centuries”."
12301,We want to help them to commemorate their love.”
12302,"However, he wasn't very lucky with these last two animals !"
12303,Then a fourth said he was going to take his part.[151]
12304,"Even for clothes, when do we need to see the back of the T-shirt?"
12305,And that's a problem we see in Pakistan later on
12306,He was also T-15 in Malaysia.
12307,(The parents described here have two important advantages in life.
12308,"which I commanded unto him in Horeb; For all Israel,"
12309,These are comparable to those that other companies offer after 8 years!
12310,Only God and nature know exactly why the river disappeared entirely.
12311,He will take vengeance on his enemies and cleanse his land and his people.”
12312,"If the opposition is not there, parliament can still continue with 33 MPs who are present this morning"
12313,He also said it did not matter if Father Fuller lived away from children.
12314,"I am a sinful and unworthy woman, though I am guarded by holy Baptism."""
12315,"Don’t be angry with yourself, with anyone, just be prasanna."
12316,"Every man, therefore, being created for one or the other of these ends, we say he is predestinated either to life or to death.” 1"
12317,"Every man, therefore, being created for one or the other of these ends, we say he is predestinated either to life or to death.” 1"
12318,"Welcome to the political and legal realities of 2019, everyone."
12319,2/ Measures fully identified up to 2013.
12320,"“We encourage them to think about their matrimonial regime, for example."
12321,But nothing will be as before: an atmosphere of suspicion reigns.”
12322,Not a single Arab Palestinian child will be hit by one of our missiles.
12323,I literally become a different person when I am doing each of those ryu.
12324,“True Evil has a face you know and a voice you trust.”
12325,I tested the Children of Israel and found out how they were.’
12326,Don Diego absent at the trial of his own father!?!
12327,"They do it, blood bank officials say, to share a limited resource."
12328,"Having examined document 200 EX/25,"
12329,"However, it will cost you every time so much fire as your current wisdom."
12330,New Mother Brain – Forgetting and Losing Everything?
12331,"But how many have been taught its meaning, especially the first part of the prayer dealing with God’s name and Kingdom?"
12332,Where and when should new traders begin to add technical analysis to our trading
12333,“You do not know the work of God who makes everything”.
12334,"But we, or our successors in the future generations of Christians, shall perhaps see"
12335,“What Did My Government Do When I Was Taken Hostage in Iran?”
12336,Tested for you - Assistina 301 plus
12337,And the law was added to bring--to bring reconciliation.
12338,What [Montoya] has to go through during the season is not easy.
12339,"From March 7, Uranus accompanies you."
12340,"And Paul with the unadulterated interpretation of God's Word, blasted every one of those synagogues."
12341,"Morten Messerschmidt (EFD). – (DA) Mr President, the report that we have adopted today states that the Commission’s proposal is pragmatic."
12342,"""How many vaccine victims have suffered in Italy since the first compensation, Law 210/92, to date?"
12343,"But in (our) winter, the Sun is in the south."
12344,"But, now that I’ve had all the big Arab prizes, I’ll become even more radical."
12345,B) Of course Blair wants to be friends with the Tisch kids.
12346,He asks if the demon can bring Dean back or not.
12347,"There is no circumstance which, in any way, precipitates God’s choice."
12348,"The conversations that Tom has with Red, they communicate really for the first time, at least in a way that they haven’t before."
12349,E-81 They cannot live that way.
12350,"""It could be (today) because of the lighting."""
12351,“A lot of Russians seems to support the Nigerian team.
12352,"Then he asked who he was and what he had done."""
12353,But I don’t think you could have made All the Ships at Sea in 1986.
12354,No one can repent in his place or ask forgiveness in his name.”
12355,No one can repent in his place or ask forgiveness in his name.”
12356,Let us not refuse the time to go to meet him in adoration.”
12357,Bimphi is always drunk – where does he get his money?
12358,Maureen: You know what you want when you’re a little older.
12359,With us and other agencies you will also find your home as a model over 30 years old.
12360,We will return to this point when we look at private digital ecosystems.↵
12361,"God’s love and salvation, they all have seen."
12362,"God’s love and salvation, they all have seen."
12363,"In 1990, for the first time I saw people from Saudi Arabia or Egypt, all covered."
12364,"Dr. Kuzkin: The other day, the remainder of your scientists disappeared."
12365,It seems that you have not seen the comparative flights of these cars!
12366,"If he were to see us now, Jews and Arabs at one table, he wouldn’t understand."
12367,"And keep the truth with him wherever he turns (i.e., make him the axis of the truth)."""
12368,Never sell the bones of your father and mother.”
12369,There should also be four students from Scotland – and indeed there are.
12370,"— You will find a hundred percent, how."
12371,I could go on to literally ~100 areas of crucial concern.
12372,For those who want to take risks (measured!) the choice is wide.
12373,We also know that the ‘fire’ from Yemen would follow the third earthquake.
12374,"""We will be able to save lots of money when we will be able to be governed by machines in the future."
12375,"The others represent later developed human colonies, which also we are."
12376,"My writing has always been criticized for this, this, this."
12377,"I am not homeless, over 22 years in this tunnel!”"
12378,"So, what does Russia have by the end of 2014 as a result of the lack of national economic policy?"
12379,"""knowledge alone does not suffice; it has no heart."""
12380,"“From today onwards, the eight of you will eat at the same table now."
12381,"""There is nothing in this new paper that should change advice to smokers."
12382,The government seems obsessed (2010) with the homeless.
12383,I could have got home quite comfortably with that 70%.
12384,It seems that K = 2.6 will often be an underestimate.
12385,“1360 was hiding these in one of its finger compartments.
12386,This may turn against them and be used as the main act of the Disclosure Event.”
12387,[4:156] And for their unbelief and for their having uttered against Maryam a grievous calumny.
12388,White House Will Focus On Its Next Priority: Infrastructure
12389,"We can also offer the report without this advice for € 2,000."
12390,"Brother Williams, yeah, Brother Williams is trying..."
12391,A Birth 9 tells us that the person has these tools.
12392,"But it was never that for Conor."""
12393,Each of us is called to become God's friend.
12394,And I have the same reaction knowing that the 4th wine is 1923.
12395,Tunisia and Libya would remain (!).
12396,"He said, ""Fail to eat that and the other boy will die too."""
12397,Paul again: The answer in your latest letter is not sufficient.
12398,And God's creatures are never afraid.
12399,The Mayor: Intent?
12400,1.1.8.7 How Many People Have HIV (HIV)?
12401,Then what was God’s purpose for creating the tree?
12402,"In short, only women would have, or would be, a sex."
12403,“We are particularly proud of having the support of Spanish and Italian investors for the first time.
12404,“We are particularly proud of having the support of Spanish and Italian investors for the first time.
12405,several (from five) rails of the same length;
12406,The spaces between your fingers were created so that another’s could fill them in.
12407,"Because Africa has to pay taxes, naturally)"
12408,"E-418 In the morning, may be too late."
12409,How can you ignore so blatantly these Qur'anic verses and the authentic traditions and be so adamant in your predictions?
12410,We want them to know the facts that make Poland a unique country during the occupation.
12411,"Okay, so, you know how I went to that museum with Ezra?"
12412,"29/ Among these collectives, there are those reuniting the scientific institution."
12413,"""The product 503» - this is how the future was called Ka-31."
12414,"This is an important factor, because you have to keep in touch with the ""Albion"" more than one month."
12415,"That is the true nature of each of you, and that is how you would see each other, were you living completely in fourth density."
12416,-patients will not receive more than 15 doses of alvimopan; and
12417,This Is Why We Sing: Five Decades of CCC
12418,Place the truth with him wherever he turns.”
12419,[16] It should be noted that there is not one high speed line that can recover infrastructure costs.
12420,"Use your judgement or as they say, “feel the room.”"
12421,"""Indeed, the Swiss have chosen me for my experience."
12422,And they stop doing these (good) acts when the month stops.
12423,He’ll bring them death — and they will love him for it.
12424,This resulted in the description or 11 best practices.
12425,"They arise out of one another, reinforce one another, and mutually support one another."
12426,“They see the diplomatic achievements of Netanyahu and believe in him.
12427,[Hall and Williams] This is not to say that conflict is always better.
12428,When do you begin to teach children the Law of God? // WEB
12429,Next year I should have probably had time and mood for a follower.
12430,"If you think you heard a million reasons why not to come to Israel, I heard a million and a half."
12431,"""There are several reasons why we should vote ""yes"" but the most important one is that Ireland needs a Europe that works."
12432,Go back to what we’re creating here – this document.
12433,The Japanese basically lied about what happened with the reactors for months.
12434,E-108 Let's take a little time with this man.
12435,Turn the truth with him (Ali) wherever he turns.’
12436,You built it for the Dutch and other Europeans!”
12437,“In this regard these politicians are also working to make America less good.
12438,“What will the Arctic look like in 10 more years? #ClimateAction becomes more urgent every day.
12439,"And so we look, and where is He found after His incarnation?"
12440,“The prime minister also tends to exaggerate what he will do in future.
12441,Surely if they are coming from the source of Love they would all say the same?
12442,Jon created these assets quite quickly!
12443,[11] This aid can be granted by the European Stability Mechanism
12444,"or for anyone who receives the mark of his name."""
12445,"To set people's hearts on fire, to do what the Son of God did."
12446,"[QuoteI am 1,000% influenced by my father."
12447,And that novel you purchased at the airport two years ago – that can go too.
12448,God is behind all of our genuine spiritual efforts.)
12449,And—if they really existed—where did their territory extend?
12450,"“I think she did what she did, Julian and WikiLeaks did what they did."
12451,You also know that one of the biggest challenges for humans and other beings is they’re always trying to steal energy.
12452,“We need them until Puerto Rico normalizes.
12453,"""We are also delighted to welcome a large number of Chinese visitors in January."
12454,"We are in difficult times, so Allah’s promise is more than ever true."
12455,Jane has little freedom to do or buy anything special.
12456,Q: ‘I have here a French magazine.
12457,"I want to help Everton as much as I can, as well as the national team."
12458,"Thomas Ulmer (PPE), in writing. − (DE) I have voted against the Bendtsen report, because the figures have once again been changed and the targets are restrictive."
12459,"If you still need more, the Lloret Night Shopping is coming."
12460,"In the 1997 Annual Report, the Commission added a fifth criterion:"
12461,The day when Europeans can finally say that their race is their nation.
12462,God heard the voice of all those who joined us in prayer.”
12463,"‘Who has power over all things,’ liberates us from fearing others."
12464,You also know that one of the biggest challenges for humans and other beings is they're always trying to steal energy.
12465,"And He seen the deceitfulness of Satan, what he would do."
12466,"Company recognized that in order to succeed in the future, we needed to know what the future might be (I11)."
12467,Click-Air can resolve your electrical problems today
12468,"Student: Uh, no. I just need to review things quickly."
12469,"If you answer is: “I drive 40,000"
12470,"They do things before they know they can do it."""
12471,The daily life of these 289 families is not easy.
12472,[15] Let's mention these ones:
12473,I suggest you read the entire section 3.10 Lvalues and rvalues though.
12474,They think if they come at seven in the morning they will get everything in the world.”
12475,"or condoned by the state, wherever it occurs”."
12476,and put on forever the beauty of God’s glory.
12477,"#3 Because time is money, how can you be more efficient and focused?"
12478,You get God's reward if you think it's God.
12479,"Said, ""He's the son of the king of the tribe."""
12480,"Said, ""He's the son of the king of the tribe."""
12481,The goal must be a 'better EU' (Donald Tusk).
12482,Say: ‘The Truth has come.
12483,Say: ‘The Truth has come.
12484,France really does love Germany—you can see it in these important joint ventures!
12485,France really does love Germany—you can see it in these important joint ventures!
12486,Will You deliver them into the hand of Israel?'
12487,"""No, no,"" she answered, laying her hand upon his."
12488,"But you see those books you just signed for my wife and my three daughters?"""
12489,Music should be controlled [in its legal space].
12490,Photographing people gives Manuel the greatest pleasure.
12491,"""If I am a man of God, may fire come down from heaven and consume you and your fifty men."""
12492,“A train like this will be used for about 30 years.
12493,"For us, Montenegro will remain the country of canyons."
12494,"E-41 But, dear friends, I'm not young like you all this morning."
12495,"""I will look at all proposals seriously, because dogmas will not help the climate."
12496,It is merely the testimony of one among others.
12497,It is a forest of which no one knows the age.”
12498,"Guys, The Lord gave you only one instruction concerning your wife."
12499,Wrongly naming a thing is to add to the misery of this world.’
12500,"You can disagree with us, but our motives are pure.’"
12501,"You can disagree with us, but our motives are pure.’"
12502,"""I believe a number of patients will be interested in this inexpensive alternative."""
12503,"He has shown us the way for a life that, active or passive, belongs wholly to God’s work.”"
12504,"They shall walk with Christ in white, for He has made them “worthy.”"
12505,And each member of our staff who comes back from Nairobi is a different person.
12506,"Examples of “how many” problems: I am a financial analyst,"
12507,Wrongly naming a thing is to add to the misery of this world.’
12508,Wrongly naming a thing is to add to the misery of this world.’
12509,Wrongly naming a thing is to add to the misery of this world.’
12510,Wrongly naming a thing is to add to the misery of this world.’
12511,What if the generations of Adam had mothers?
12512,I am sure that don used only half the computer time that Lloyd and I used.
12513,"Nevertheless, The Last of US Part 2 will focus more on Ellie !"
12514,"Do not forget, DLP Paris is also the special effects."
12515,The mother will not be able to follow them.[10]
12516,"""Now the Son of Man is glorified and God is glorified in him."""
12517,"For the financial aspect, you’re going to tell us 🤑 !"
12518,"(ANS - Lisbon) - ""Dear young people, I shall go to Panama."
12519,I ask this because you say living with Swami is an experience.
12520,(It would be something else if they wanted to naturalize foreigners.
12521,26:107 “I am to you a faithful Messenger.
12522,"Everything, since June 1933, operates in Commerce!"
12523,Truth comes from the preaching of God’s Word.
12524,I wonder why?” use “Tom blew me off today.
12525,"But “the Lord will be the hope of His people, and the strength of the children of Israel.”"
12526,"To view these new images, you'll need Google Earth 5.0."
12527,"(S) El Materi said it was important to help others, noting that was one reason he had adopted a son."
12528,"In Baghdad this week, they simply abandoned their stations."
12529,"#8: Unless Your Parents Were Wealthy, Don't Do What They Did"
12530,Farmerline or when farmers finally do business
12531,"But after a few years, he and his friends are the rich."
12532,“This is Ashtar speaking on the behalf of millions of men under my command!”
12533,"may they grant us their blessings this winter day."""
12534,They (the minorities) can live in this country with us.
12535,'Isa existed with Allah even before he was born.
12536,I would first have to see if there really were more than 30 membership plugins.
12537,People are free to reject this book and what it says.
12538,"And you will feel the love of your angel and be very happy."""
12539,She had stopped talking at the same time; a miraculous coincidence.
12540,Perhaps you have felt this since September’s wave: Something else is going on.
12541,"But on the contrary, he belied (this Qur'an and the Message of Muhammad ) and turned away!"
12542,"""For example, I know that there is a demand for Indian fruit in Russia."
12543,"'Bapu,’ Baba replied, ""Eventually all your good and bad karma destroyed."
12544,"Even if the rumors made up by Satan were true, could you still deny the fact of God’s work or the truth expressed by God incarnate?"
12545,In October you can vote for the greatest explorer of the last thousand years.
12546,ESA and EU member states highlight the importance of the space sector - 28.05
12547,What will you see when the passage to the beyond is opened?
12548,"For vulnerable children in Mali, your support changes everything."
12549,(This is why Putin’s comments did not appear in the western media!
12550,And what other people think about you is their problem.”
12551,And what other people think about you is their problem.”
12552,“What they don’t realize is we have three other opportunities!”
12553,"But only God, the total, knows whether it is a blessing or a misfortune.”"
12554,"You must not be slow to listen and to believe, as was the case in Fatima."
12555,You have become a disgrace to Allah and the Muslim community at Kitoikawononi.”
12556,You have become a disgrace to Allah and the Muslim community at Kitoikawononi.”
12557,Etsy recommends starting with at least 10 if possible.
12558,A dose of realism is needed when you're 42.
12559,Do you want a Buddha who seems to have lived 300 years?
12560,You are a consumer of Security Feel Better and you have a message for us?
12561,Do you have an army that can liberate [Palestine]?
12562,Issel – though he wrote 70 pages on the subject – had seen very few figures himself.
12563,Can we agree with what Luther wrote here or not?
12564,'We all know that Daniel is always very quick here.'
12565,I can no longer control my urination. … They raped [my three sisters].
12566,10 victims per day will never recover their autonomy
12567,The report on Sweden (April 2008) is also available.
12568,​It is totally false to think that the sinners in hell are deprived of God’s love.
12569,​It is totally false to think that the sinners in hell are deprived of God’s love.
12570,​It is totally false to think that the sinners in hell are deprived of God’s love.
12571,"« Could we not have banned an object of depopulation, the bed."
12572,and he shall continue [more] years than the king of the north.
12573,"Why do we find ourselves today in another kind of Cold War between East and West, as at the time? """
12574,Does that mean they would apply the death penalty nine times?
12575,"Yes, assures Paul Maassen, provided you respect four rules"
12576,"She is the only one chosen among all women, as the Qur'an states:"
12577,What else happened between 1942 and today: the pocket calculator was invented.
12578,I will come running wherever they are. - Princess Diana
12579,It was outraging – a 15-minute advertisement for this clinic in Mexico.
12580,Can I take you back to your association with Tor [network]?
12581,The agreement that could be announced on 12 December 2015 will necessarily be intergovernmental.
12582,5:25 “Should they discover that we or our families
12583,They seem invincible in their provocative challenges until they meet Robert.
12584,"But suffer they will, until the Truth is revealed during The Warning."
12585,"Therefore we have every reason to believe that, in God’s time, the rest will be solved as well."
12586,We know this bit will be important to you: will you be able to drink in Morocco?
12587,12) Religion: We need to understand these last three the best.
12588,Why do you think the first two men did not want to help the wounded man?
12589,Does he really use 33 each night?
12590,Guess how many people showed up to help him – A HUNDRED AND TWENTY!
12591,Why do we desire (x) in our lives?
12592,"Not, ""This is inspired, and that's not inspired."""
12593,The government says the country may not even need food aid within five years.
12594,Something that had probably not happened to Mr. Hoover since 1928.
12595,AC: There is always the possibility that your space would be violated.
12596,You want the consumer to imagine that that’s how they can look in the bikini.
12597,And the determination of my nation in the land of struggle
12598,267/10 are not disclosed publicly.
12599,He alone suffers so deeply that he had to invent laughter.”
12600,"And, from our weaknesses, we can open ourselves to God’s salvation."
12601,Just Before I Go – Do you think God hates homosexuals?
12602,Our team sells the gold to a dealer and we share the money.[178]
12603,"The only way we can break the barriers of perception, according to Don Juan, is that we need energy."
12604,"What (great thing) took place on Thursday!"""
12605,And who [is] like you in Israel?
12606,"""Gabrielle, not only have I had the opportunity to kill her, but I could have escaped on at least four different occasions."
12607,#11 You can’t stop reading their monthly horoscope.
12608,E-43 God always works through agents: men.
12609,Because you know how to control the behavior of a polish.
12610,"Milos is still going to serve 240 on every point, and nobody feels safe against that."
12611,"All along, it was close to you and from a source that you knew."
12612,• There is a form of insurance for (of all things) alien abduction!
12613,Two motives are and will be advanced to justify a Russian intervention.
12614,There are billions of Christians for whom this book is holy.”
12615,And these people are perpetuating the dead thing.
12616,"People say, ""we do a lot of A/B testing that gives you clarity."
12617,"Until that happens, the story of John and the pirates will never have a happy ending."
12618,He can attain only the first three jhânas with joy.
12619,"The correct explanation of this hadith, (that nobody gave us before) neither the first ones nor the last ones"", is as follows:"
12620,"In the face of doubt, openness prevails.”"
12621,So I do not see why I would play for another nation.’
12622,So I do not see why I would play for another nation.’
12623,She says that being a child with such a health issue wasn’t easy:
12624,"(T) I know it's a constellation, but they say they're from Cassiopaea."
12625,(1) Is this because the Master Jesus and Maitreya’s presence and energy is required elsewhere?
12626,Thanks to this country’s King we can live well.
12627,At least that is what the Dunhill representative told me - maybe one a year.
12628,You could technically “do those things” today.
12629,For the European network there is b-there! which is a monthly magazine.
12630,“In fact this is the last chance and Greek citizens have to know this.”
12631,"As Mayor of Munich, could you share with us a dream or a wish?"
12632,"Thank goodness she helped people over the years, rather than not."
12633,I’ll tell you what they’ve become: the new accountants!”
12634,“I get responses from Candice and her team even after working hours.
12635,"And thus for this child, there is from the beginning, a refusal of participation!"
12636,"Those countries, where some reforms are still fragile, wonder whether they should follow Bulgaria’s good example."
12637,"It’s – how would you say, John? – is it an energy link?"
12638,(Verse 5 suggests he was looking for great things for himself.
12639,"Muslim: So you have three persons, each one is God, how many is that?"
12640,"But on the contribution of $1,550, is that part of our problem or not, in your opinion?"
12641,We want what we had: the Atlantic accord.
12642,"Only three were made, but it was followed by the Enfield 8000."
12643,"Working with Jerry Clark, we began a long distance investigation."
12644,(Yes... this newborn will be better dressed than you on its first day on Earth.)
12645,"Saint John 1, we see Him come on earth."
12646,"Or seeing the sweetness between Han and Rey or the tension and comedy between Han and Finn."""
12647,We are always updating the list of professionals and services that “speak Portuguese”.
12648,"It will appear clearly that it is something not of this world, but of God."""
12649,You won’t see 40V being used often.
12650,Now imagine if 10 or 15 other similar products appear on the market...
12651,You must be the human who came to Lavias.
12652,"And when they paid out the thirty pieces of silver to Judas, she said: ‘That is Roehm, who betrayed the Leader.’"
12653,Wrongly naming a thing is to add to the misery of this world.’
12654,"And then I see by God's television, God's vision of what your trouble is."
12655,"Indeed, in several patients from different countries we found exactly the same mutation."
12656,"“You men of Iran, you know how this world was once created."
12657,"a Saviour, for to give repentance to Israel, and forgiveness of sins."""
12658,God’s plan of salvation – Will you receive it?
12659,“I feel now I can also stop Cocaine.
12660,"And I swear, the next time that I hold you (ooh)"
12661,''Every Hutu should consider another Hutu as his brother.
12662,“For the sake of the EU I can only hope that the Council declaration on the Future of Europe is stronger and clearer.
12663,Or was it General Eisenhower who saw more clearly than any of us?
12664,"Inevitably, their potential will be severely diminished.”"
12665,What intensificator of power will be able at the same time to be a multiplicator of production ?
12666,"Who is preventing you from climbing up to receive the sun’s blessings?"""
12667,39 countries have adopted WELL certification
12668,"But this would have been neither eternal life in the Son, nor God's righteousness, but man's."
12669,"However, he has a lot to hide and Jenny…"
12670,“I must now watch the music and I saw a beautiful song 2355.”
12671,"And to conclude, “Airbus will be right in the long term.”"
12672,Only we can help them. - Dr. Marquis
12673,"‘In the past, everybody was afraid of YCL, but not anymore."
12674,"On November 9, 1989 they would finally get what they wanted."
12675,"Out of those 162,000 refugees, guess how many have found a job since they reached Swedish shores?"
12676,May You Live In Interesting TimeS | 2005 | What is time?
12677,I think worrying things are going on in England – a real apathy.
12678,"Have you stopped to consider what happens if the 22 states who signed the petition in July lose their licenses?"""
12679,In Madrid we cannot accept the figure given by the ‘8M Commission’.
12680,"They now have a chance to propose their amendments again, with support from Poland."
12681,“In 1982 we took this rather odd photo.
12682,"Ms. Griguer, had this new European regulation become essential ?"
12683,"The one mentioned here, One-A-Night is used only in a single dose."
12684,"This time, a lot of people haven’t believed a new Satoshi and have reacted like this:"
12685,"Only one week before May 28, Armenia or Armenians were a non-existent political factor."
12686,"Well, or the reproduction of microorganisms, as in our case."
12687,"And yes, canaries need more scenes… But wait just one minute"
12688,At least 7 million jobs and pensions are paid by Baghdad.
12689,"PAUL: Well, we've only had two little primaries so far."
12690,"This year, I am delighted to be the teacher of your children in the Bambino program that we just opened."
12691,What will happen if my host is NOT 3.3 Ready?
12692,You can see him talking about women playing Hamlet here.
12693,"Following the Lord's command, the Apostles preached the word and founded Churches."
12694,Must we now understand that it will be the bio-political processes which will have this function?
12695,Find the balance you want in Portugal!
12696,That’s it! now that USB will work as your external RAM.
12697,J: I saw them moving their branches.
12698,"We still need to research whether these things follow the same 15-25 rule, even though they don’t define us."
12699,Moser: They certainly have all the resources in the world.
12700,"With compassion in our heart, every thought, word, and deed can bring about a miracle."""
12701,This place shall be the place where you will be buried.”
12702,Allah's Apostle sent a group of persons to Abu Rafi.
12703,"However, Adam did not listen to God’s commands."
12704,"God will judge me when my voice comes against it."""
12705,Question: Can I get a list of all the 620 desires?
12706,"Well, you do not need to imagine because we have another statistic to share: 1.7 million."
12707,"It would be easy for me to leave all the benefits of Spain,"
12708,We cannot separate God’s goodness from his anger.
12709,Q: Would you say that our nations are closer than ever?
12710,"The threat—we will ruin your reputation, we will tell everyone you stole—does not produce any effect."""
12711,"Thus, in the 1975 version, the responsibility and the independence of its decisions are clearly expressed:"
12712,But do you not know that sloth and idleness made poor David perish in temptation?
12713,"*All controllers will need programming, but a few controllers will require an expensive special programming device."
12714,I know him very well…his support for Israel is clear.
12715,"He has now started telling others, with diabetes, his story."
12716,"They deny ""our only Master."""
12717,These will have nuclear particles on them for some time.
12718,"Between 30 and 70, he gives no specific information."
12719,G.V. : “Nothing is easy in the automotive industry at the moment !
12720,You had no idea what the Book was nor the faith.
12721,How to Know God’s Work of Judgment and Chastisement in the Last Days
12722,He thought that rulers should justify their inheritance by good works and good deeds.
12723,Such is [] that the young photographer [] morning to the gendarmes.
12724,"These cars were produced in 2007-2013, MK7 is a version."
12725,"No problem, all languages within the EU are supported by procademy!"
12726,"For you, is this place (Pau) special?"
12727,"Excuse me, but why not eliminate the events?"
12728,But the evil was done and irreparable.
12729,This is your goal to be with Me in heaven for all eternity.”
12730,Let me say just this about these four men: They were serving their country.
12731,And this is what is the Sahastrara.
12732,"Egypt: As in Tunisia, the Constitution must be the first step"
12733,"“In general, I would support the argument that Africa is vulnerable."
12734,Flo had also discovered it 15 days before me and we both had the same impressions.
12735,Which are represented by the individual cards themselves) lastly.
12736,"The Prince-- No, on the contrary we shall kill him and burn his book."
12737,"[22] Then the sun shone, and it was found to be the ninth hour."
12738,You can not believe the Russian and in private conversations with them.
12739,"Paul is not teaching new believers, he is teaching all Christians.)"
12740,"Yes, but not only the end of today’s thieves."
12741,"Bernard, or rather his beer, we had purchased shortly after we arrived."
12742,Say: “The Truth has come.
12743,"So it is like taking a hair and dividing it by 8,000.”"
12744,Also the armies that were in heaven were following him.”
12745,Also the armies that were in heaven were following him.”
12746,Also the armies that were in heaven were following him.”
12747,"David: Now, you laughed when we said “Bahamas”."
12748,Our societies can do what they do now and introduce relative morality.
12749,I literally saw Jacob in him.”
12750,"Then, also, had been said, “Remember the day of the red star upon the forehead of the warrior.”"
12751,All public policies since 1989 have been inspired by three priorities.
12752,For the moment the totalitarian state tolerates the scientist because it needs him.
12753,Where can you find today the old Adventist message in all its entirety?
12754,Can you name at least one Palestinian leader before
12755,"“ In brief, we in Israel are truly sincere about peace with you, our dear cousins."
12756,Suwa asked me to work on M/Other (1999).
12757,There he awaits his return to earth as an Avatar in about 500 years time.
12758,"E-84 All the whole family had to come, not just one member."
12759,But he has to work -- today as a bus driver -- in order to have enough money to live.
12760,"As usual, your letters will give us the answer!”"
12761,Q: You worked in Haiti at a radio station that needed a French journalist.
12762,"Before a year has passed you shall bring a daughter into the world."""
12763,"Before a year has passed you shall bring a daughter into the world."""
12764,So you keep making laws — until you make criminals of everyone.
12765,"I have a polish girl friend , i agree with what u said except points 8 and 9."
12766,And so we designed one!....and the Patent Office agreed.....
12767,"The entire situation is extremely volatile and dangerous - Russia has more than 7,000 nuclear weapons."
12768,Renewal begins with Liberal activists like you.
12769,#8 I believe that it is time to “shut down Big Brother”.
12770,"So, if it gives You happiness, please construct a small hospital.'"
12771,In this situation you don’t want a list of restaurants; you want something a lot better.
12772,Senator Baker: Why did you mention $261 million a moment ago?
12773,And these are ABSOLUTELY NOT to be answered one after another ( seriatim).
12774,Was it only because Ian McKay needed a job and this was a perfect opportunity?
12775,"Having been burned down in 1572, this zone also could perhaps also correspond to it :"
12776,I can easily take off my shirt now even publically too.
12777,"Why, of course, our fellow citizens treat you with well-known skepticism."
12778,Nicole suggests that they might have pleasant neighbors this time.
12779,"No, death is truly for the ignorant, for the unconscious."
12780,"""Nobody helped me in Iran or the other countries I was in."
12781,"However, we must remember that in 2006, the party that she represents had also promised to improve transparency."
12782,"Gee, I wonder if my trip to Europe five years ago caused my SIBO?"
12783,"382 Well, what did He do here when He was transfigured?"
12784,Speak often with your grandparents; they also have this contagious joy.
12785,"""We are now shareholders of the third Brazilian insurer."
12786,But if they will take over from me later?
12787,"And for more than 5 million Canadian children, that means it’s time to head back to school—whether they like it or not."
12788,Almost all of the passengers on Flight 674 would have seen the phenomenon.
12789,"""Men are lost because they do not think of the death of Our Lord and do not do penance."""
12790,"""Men are lost because they do not think of the death of Our Lord and do not do penance."""
12791,"Then you shall say to your son, we were Pharaoh’s slaves in Egypt."
12792,They might actually answer you with “Green!”]
12793,[1] Actually these numbers are true for a lot of European countries or in the US.
12794,"24 ""I found her and her people worshiping the sun besides Allah."
12795,The first is that even those who reject it will someday thank us.
12796,"And that will be the greatest feeling in the world,"" she declared."
12797,"But actually you really wanted orange juice, or at least the Master did."
12798,"E-231 Sister, you that wear those clothes, think of it."
12799,"Will, in all variants, remains the mayor."
12800,"""Now the Son of Man is glorified and God is glorified in him."""
12801,"Two and a half months after the accident, you reaffirm your “responsibility”?"
12802,So will I be watchful over them to build and to plant.
12803,Try having a quick laugh with someone in the office that is also under pressure.
12804,"(4/4) To be clear, this is my own decision."
12805,How do you explain NASDAQ going down for 3 hours.
12806,E-35 Keep your eye there.
12807,"Therefore, every Martial Competition would attract thousands of warriors and would be very energetic."
12808,"The day of tomorrow is God’s , it does not belong to you."
12809,"Therefore the meaning of revelation exists, even if it is not called revelation.”"
12810,So I always win by investing smartly in Marbella?
12811,We cannot afford to go through eight major financial crises as we did during the last century!
12812,"We just had no idea if GUNS N' ROSES had fans in this part of the world or not."""
12813,"(While it mentions greetings from several entities in heaven, Jesus is mentioned several times."
12814,"5:39 ""are two other non-allowed research subjects."
12815,"But in 17-32, he focuses on the non-Jewish problem."
12816,"“Any message that you send to gain some form of security about his feelings for you, is a bad message”."
12817,E-70 Are you here without Christ tonight?
12818,"Yes, but only if they refuse to move to an available smaller property"
12819,R290 complies already today with the legal requirements of the coming years.
12820,So being able to practice your faith helps you survive.”
12821,(L) Did he basically come to me at another level …
12822,"We were four [archers] for three places in Den Bosch, and I thought it could be for me."
12823,Is it necessary in a book such as this to give an interpretation of the devil?
12824,5 I told you that two small preachers will rise in Israel.
12825,This will take place shortly before the last day.»
12826,"In Canada, we'll really see how much better the engine is."
12827,"Self-Portrait, Or What We All Lack"
12828,“We believe that our investments in Israel are important steps in this direction.
12829,(2) See also the embarrassing questions he poses to Mario Draghi.
12830,(2) See also the embarrassing questions he poses to Mario Draghi.
12831,"May God give us three witnesses here tonight, at least three people."
12832,"For someone else will replace you, in order that the twelve may again come to completion with their God.”"
12833,E-90 God knows every one of you.
12834,MARY SUE: I saw this shadow coming.
12835,"8 - He is afraid of commitment, even after taking the step"
12836,The attributes of God's character and the relevant Scriptures are listed below.
12837,Is she going to say “yes” to a second date after watching you spend 30 out of your 45 minutes dinner texting?
12838,"E-9 I said, ""This is the Tree of Faith."""
12839,Public health: initiatives and texts adopted in 1990.
12840,Do you know why it's so fun to play with Feber?
12841,See also How to insert Greek symbols very quickly.
12842,They will sit at the feast in God's Kingdom.
12843,Nor is it surprising that the Court welcomed its “independence” (§ 32).
12844,They know where a lot of them live and they also understand their DNA.
12845,"Eric, first of all, can you tell us what the consumer expectations are?"
12846,Is he going to sit in the 25 cars?
12847,Some people can change the world…and that was what Dr. Robert Lado did!
12848,"Synergy Security Solutions (Ireland), more than 1000 employees."
12849,Wrongly naming a thing is to add to the misery of this world.’
12850,"· Really only two locations, because the third - exclusively Donat"
12851,How to Analyze Competitors? 12 Questions and 9 Services
12852,"The video ends with the message ""This will be our second Christmas without our daughter."
12853,"But only God, the total, knows whether it is a blessing or a misfortune.”"
12854,"(But, we say) the poor person - if truly poor - must definitely benefit from the food."
12855,"I can only encourage every free society, especially Germany, to keep up the pressure."
12856,(Chu) A lot of people didn't wake up after 9/11 either.
12857,What was the legal nature of Treaty 9 — was it a form of contract?
12858,"Yes, definitely, even if there is a constant base for 80% of our services."
12859,So I think those that are doing the testing have the advantage from that.”
12860,Can I achieve that dream with Slavia or with the Raptors?
12861,How 3 Ancient Geniuses Created What We Call History
12862,You might have helped them in a micro-moment.
12863,(…) We must include in our demographic as our social development all people in Germany.
12864,[44] As was suggested by the Commission in its 2002 Communication.
12865,Any who travel with you must share your guilt.”
12866,"Because Rome has not acknowledged our right, so what are we doing now?"
12867,We have to understand why the antiwar movement of 2003 wasn't strong enough to achieve its goal.
12868,“There is hope because YMCA and other organisations speak a common language.
12869,We all knew a lot more about that nurse than we wanted to!”
12870,"“For more than 31 years, the Plain Truth has said Europe will unite!"
12871,I’m wondering what these factories and workers will do without productivity and income for as much as three months.
12872,And if the poetry of a book was also outside of the text?...
12873,Adam has an enforceable legal right to eat if he works.)
12874,"If we did that, this earth would be ruined,"" he said, according to the paper."
12875,"„The great man, then, knows when and in what he is a little man.“"
12876,"Yes, this day of reconciliation would be good, but would it be inclusive of their truth and stories?"
12877,I also want to stress in two minutes the importance of this popular massive presence.
12878,Our urgent action now can help her son and the thousands of other disappeared Syrians.
12879,"However, only 21 percent felt that Bohr was right, with 30 percent saying we’ll have to wait and see."
12880,Did Andy ever use his own urine?
12881,"and Their Meanings,"" Jewish 44 Almanac."
12882,It will be on the news and it is sad.”
12883,Answer: And how do we use letters in our world?
12884,"Abraham was neither a liar nor a coward, as some critics have charged."
12885,Q: (Pierre) It exploded too early.
12886,What is Europe doing to inform its 500 million consumers?
12887,"But, like Jim’s father, you might get fired from this position anyway."
12888,"I would like to suggest that from this text and others, the face of God might be His severity."
12889,Reason must be left behind for it is the enemy of faith.»
12890,"4Whoever knows them will not taste death."""
12891,"""Pre-industrial or worse"" is not what we want for our species."
12892,Everything you have in this world is either taken away or burning down right before your eyes.
12893,who speak the truth are not committing a crime.”
12894,"If we have already lost Jamal, then condemnation is not enough."
12895,"— The European Parliament for which its reading is approved, with a reduction of 9 posts;"
12896,MIGRATION SERIES (PART 3) Are we really facing an unprecedented migrant crisis?
12897,We celebrated our 900th Grand Prix in Belgium...
12898,RU1: And this company is from our side?
12899,Wrongly naming a thing is to add to the misery of this world.’
12900,"Almost whatever you want, you can do it with the H390."
12901,For such hatred against My Holy Word can only come from Satan.
12902,POLITICAL POSITIONING »2.5 Why should I vote for you?
12903,“You’re seen in the cathedral almost as often as me.
12904,"But with God’s help, there will be only victory (for Hezbollah)."
12905,"But with God’s help, there will be only victory (for Hezbollah)."
12906,"""We are here in the heart of the European Parliament, whose members have just been renewed."
12907,How To Save Your Marriage (When You Feel Completely And Utterly Hopeless)
12908,"We have the law — Right To Education (Act), but in the last eight years are we able to implement it?"
12909,And I’m sure that in four years we will all love Qatar.
12910,"If all seven billion people don’t unite, does this mean that we cannot reach the Creator?"
12911,"Three quarters of the population of Spain and their families will be there, too."
12912,The -100kg final viewed another golden potential for Europe.
12913,"If it was, Guilou would have been in many of my videos."
12914,"At the end of January, another good news arrived for Charlie; he was adopted!"
12915,The government has given (Japanese) its formal approval for this today.
12916,Welcome everybody who loves playing American Poker 2!
12917,“Biem is now our priority because there are more than 3000 people on that island.
12918,“She left Nigeria in early April hoping for a better future in Europe.
12919,"This is why I, as a Luxembourg artist, ask for the support of my country."
12920,"Nobody knows, and 22 starts to worry…"
12921,"And right at the moment, there are people, actually angels who are there to carry him into his place!"
12922,181 I can see the way you're walking.
12923,The Holy Family might therefore expect to find in Egypt a certain amount of help and protection.
12924,Total: 9 doors or openings in the physical body.
12925,You can sit in your seat or you can be left behind.”
12926,We can’t use our democracy/our vote to change the way the economy functions.
12927,The first cow was bought by a large international hotel.
12928,Demeter then punishes the earth with the seasons.
12929,"No, thank God, I know this movement will move forward triumphantly and victoriously."
12930,‘Love Will Keep You Up All Night’ written by Billy Mann/LP.
12931,“One part of me was the transparent Dianne on the bed.
12932,"You say, “The truth.”"
12933,He wants us to know that resolving this problem in the church allowed it to grow.)
12934,"Now you can say, ""God's peace and joy are mine,"" for you have given what you would receive."
12935,"Therefore he defines truth thus: ""That is true which is."""
12936,"Therefore he defines truth thus: ""That is true which is."""
12937,"We are, in truth, more than half what we are by imitation."
12938,"We believe there's three attribute--attributes of God, three attributes of God, God manifested in."
12939,"We believe there's three attribute--attributes of God, three attributes of God, God manifested in."
12940,These 8 Women Are About To Meet 1 Diabolical Man!
12941,The 1926-D is particularly noted for these defects.
12942,"“Yes, that’s true,” and you’ll get more vibrations."
12943,"""The UK will remain a very important partner for us, but we need a fair deal for both sides respecting this principle."
12944,What Grenell and the USA understand by an “extremely pro-European position” is clear.
12945,And let people get together in the morning. ”
12946,And let people get together in the morning. ”
12947,And let people get together in the morning. ”
12948,"A. While cultivating cotton, does the State educate us also?"
12949,"Given that, is he between George and Mandy?"
12950,"No one is excluded from the joy brought by the Lord."""
12951,Picture 34 - She could not stay out!
12952,( 158 ) And the punishment seized them.
12953,"(5) But ultimately, white interests and Palestinian interests do not coincide."
12954,"Habiba: I will walk like everybody else, or run."
12955,Why We May Soon Be Living in Alexa’s World
12956,Why we may soon be living in Alexa's world
12957,E-18 Don't forget each service.
12958,"And you, here, did not pass by at a distance, you did not continue on your way as others had done (the Levite and the priest)."
12959,"And a whole bunch of people I did not know, around president Pierre Camou."
12960,Also note if you or your child has had a similar reaction to other foods in the past.
12961,"People will always appreciate an honest response, even if you have to say:"
12962,The energetic “Love In The Year 3000” can also achieve the same goals of assured entertainment.
12963,"You will never forget the first day of your new student life, especially if you decide to spend it with us."
12964,“The case of Jonah was presented before me.
12965,Of the three euros per kilo Butcher seems the approach of the new century.
12966,Who are our potential new partners – and do we need global players in education?
12967,E-17 I was in Africa when they done the same thing.
12968,"For example, in Germany, where I am from, you have the opportunity to spend the first year with your baby."
12969,"""That is exactly what they told me in Australia, until they became the victims of a catastrophe…This is my job."
12970,You mean like those super smart kids we've got here with us?
12971,"“Now I know that you are a man of God, and that the word of the Lord in your mouth is truth.”"
12972,"Al-Albani : Also, your first condition which is the pure intention."
12973,I believe you are God’s Son.”
12974,"My monthly salary will not suffice, that I have arrived to Petersburg."
12975,It was God's children who said yes to something that had no life.
12976,However it will be quickly abandoned (1586) because it is not fed correctly with water.
12977,"In the Royal Navy there was this old toast, “Confusion to our enemies!”"
12978,They are also losing their power over Italy –EU relations:
12979,"Tomorrow, June 27, London will be more colourful than ever."
12980,"In other words, it’s more fun than ever to waste time playing with Google Earth."
12981,Resolution 1325 and the most significant change
12982,Around 415 BCE the image becomes dynamic.
12983,Here are 20 places where you should never travel unless you want to save the environment!
12984,Is it surprising that at the end he returned to his baptismal faith?
12985,God's plan is to be a Father to those who accept His Son.
12986,I see and hear in these discussions that we are building allies.”
12987,As if this Marianne truly existed somewhere.
12988,"On the contrary, what would be true of Edom (18)?"
12989,"The eight means responsibility, and it begins with the Venus Transit."
12990,"If half my heart is here, doctor,"
12991,I can impose anything I want behind him and his rock now.
12992,Intel can make a serious mistake by an ex-worker!
12993,11th (yes yes 11th) selection for Topper!
12994,Wrongly naming a thing is to add to the misery of this world.’
12995,"As if it were no longer God's gift, the precious pearl which we cannot let be taken from us."
12996,"Journalists at the same time gained higher status,"
12997,"But wait, you say, this is only the 118th U.S. Open."
12998,We were also talking about how to send them – because things get lost in international shipping.
12999,‘And I will hide My face on that day.’
13000,“In the following years – explained Camara – we did all the preliminary work.
13001,"""Miracles are happening after this (military) operation."
13002,Daniel Dal Bosco is the reason we don’t have free energy today.
13003,They're champions because they can see the next 14 moves.
13004,Paul doesn’t begin every chapter with that.
13005,Picture 2 - Do not want the kitchen to appear too?
13006,[171] In addition I would also like to quote another source from 1841:
13007,“Vladimir Putin: A response to your question could take hours.
13008,• Last but not least The all important radio propagation report will complete the program.
13009,"Today, like in 1988, we need some real practical conditions that will make the work of Tradition possible."
13010,"“Something was taken or, alternatively, a payment was made in relation to the olive oil storage room."
13011,Image 28 - They can also be used in corporate projects.
13012,E-94 And you're dead because you love the things of the world.
13013,But there were also other ships who belonged to the Pope’s armada:
13014,"Who has lost much, however, are the FARC."
13015,"“In turn, we would also like to update our 2007 cooperation agreement."
13016,"During the cold days, we should think about our dogs too."
13017,27 Jul Are you ready for new work styles?
13018,"What should such fellows as I do, crawling between earth and heaven?”"
13019,"And don’t say you have no friends in this city, Miss Conway."
13020,"As for natural wine, I will let you follow your own convictions."
13021,“We all tried to offer our support (after Charlie Hebdo).
13022,"—Yes, David saw all these files and he agrees with my conclusions."
13023,"It certainly was not Congress who authorized such 'treaties'. - Branton),"
13024,"If so, is Aldiko the only way to read them?"
13025,But perhaps even more intriguing (and disturbing) is that we are changing life too.
13026,"The strangers will be joined with them, and they will cling to the house of Jacob.”"
13027,"His mother repeatedly told him to speak to us, but he could not speak."""
13028,If the company answers the phone every time – gold star.
13029,Even in America this [{{Reference archive|1=WEB Arabization policy] continues.
13030,E-239 Is there somebody can’t get up?
13031,A man cannot be considered greater or worse for his beliefs.”
13032,Highly recommended if you are coming to this magical little town.”
13033,Highly recommended if you are coming to this magical little town.”
13034,Can you imagine that I tried to find this text in Ruby’s files for at least 3 hours?
13035,Room 237 will meet all your expectations!
13036,"""These ruinous wars shall cease and the Most Great Peace shall come."""
13037,He will be pleased to know he has a son.”
13038,"146 All around the building now, do you believe on the Lord?"
13039,“We can open the doors to Greece and Bulgaria at any time.
13040,This world is the place in which to prepare to appear in God's presence.
13041,Question 116 – For those who are ‘intended parents.’
13042,"Jesus already promised that the road is broad, filled with people who claim to be Christians and say, “Lord, Lord.”"
13043,"Almost 6 out of 10 people have never married in Ann Arbor, and"
13044,“The US Needs War Every 4 Years To Maintain Economic Growth”
13045,Esau and Pharaoh could be saved.)
13046,We do not believe that China has set a ‘ceiling’ on the amount of gold it will acquire!” (1)
13047,The KKK member hates all black people at all times; there is only one choice.
13048,"Say, “The one who scattered Israel will gather him"
13049,"""Our beloved Christian community has so many reasons to leave Iraq today."
13050,This also explains why I received additional funds at the beginning.
13051,They both knew that they had broken all cultural boundaries.
13052,"(9) Finally, it establishes a single, unified but flexible transparency system for all countries."
13053,1:1) and that you will not contest the divorce either.
13054,“This is my constant behaviour in the European Parliament.
13055,They don't believe in the 2-minute veterinary consult.
13056,"[40] Steiner also accompanied them, in part due to his own health problems."
13057,Or should we rather say when the consumer will be his own producer?
13058,But you see those books you just signed for my wife and my three daughters?
13059,NOTE: This will improve the quality of your writing by 9%!
13060,Another is the fact that every few months an Arab will do something stupid and kill innocent people.
13061,Nobody likes Spiro Agnew but the people.
13062,"They also know that since December 2008, their ships are not allowed to approach [the Gaza coast]."
13063,He who has conquered doubt and fear has conquered failure.”
13064,"Have you ever noticed how many different silences there are, Gilbert?"
13065,She knows what she does is an expert 04:25
13066,"And here's God, and every time you open the Bible, you see a vision of God, speaking forth to you."
13067,Am I taking this risk because I have a support network?
13068,Mr. I.: We have already opened two humanitarian corridors.
13069,Frontex and Europol may be consulted on the draft standard questionnaire.
13070,- The general risk that our security activities will once again contribute to torture remains;
13071,"But is is possible now, when we can communicate with millions."
13072,Paul Watson: I was in fact never expelled from Greenpeace.
13073,And I have seen what this kind of talk can do—I saw it in Berlin.
13074,I think this will never occur to someone [to ask].
13075,"Now, my friend, even in a banana democracy, whose lies should be protected?"
13076,(L) That's what was happening at that time: rationalism was even taking hold within religious circles.
13077,And was man (as a group) even grateful?
13078,Now you know why US threats are totally ineffective 🙂
13079,"Colonies is the latest function, man!"
13080,I am also a 'world citizen' - having grown up in 3 continents 😊
13081,1983 RV when I lost my job.
13082,"Though hand join in hand, and a vast multitude of God's enemies combine and associate themselves, they are easily broken in pieces."
13083,"Though hand join in hand, and a vast multitude of God's enemies combine and associate themselves, they are easily broken in pieces."
13084,Kristen: “I have to build steel barriers around me.
13085,“In June we need to be clear on the calendar and how far we want to go.
13086,And all the items she was wearing were above level 300!
13087,Such was true even for powerful skills like Wight’s risky [Berserk].
13088,It’s as if Ireland was giving me its first lesson of its philosophy!
13089,I Found The Man Who Raped Me On Facebook — And He's A Christian Now
13090,"In spite of Lot’s righteousness and the salvation that God granted him, there is a tragic side to his story."
13091,"and I will be known in the eyes of many nations,"
13092,"In reality, inside of you there hides a ‘nuclear’ bomb."
13093,Now you know why English teachers tell you to avoid it!
13094,"“And, again, Putin is very important because they can help us with North Korea."
13095,"The truth you dream, the truth that you hide.”"
13096,"""There must be a real team spirit within Bourbon Mobility!"
13097,"And the needle came closer and closer to the reality."""
13098,I've forgotten if I've ever seen Kate Marsh smile or laugh in the past month.
13099,A game called 10 10 10 could be played.
13100,It was also called 2nd Regiment until October.
13101,"In 2013, ironically, the victim of these same nations was Syria."
13102,She was one of four votes for Tina to win.
13103,"Yes, but only as a coordinated effort by the United Nations"
13104,"1975: ""and a god (or, of a divine kind) was the Word."""
13105,"While God’s Word speaks of the humanity of Christ when upon this earth, it also speaks decidedly regarding His pre-existence."
13106,"God’s words reveal everyone, and the wise virgins are those who truly believe in God and love the truth."
13107,Consumer proposal or how to save thousands of dollars!
13108,For do I not know that I am king over Israel this day?”
13109,For do I not know that I am king over Israel this day?”
13110,For do I not know that I am king over Israel this day?”
13111,even the time of Jacob’s trouble; but he shall be saved out of it.
13112,"[5] Hence, behind an apparent consensus, both national and European political dissensions have emerged."
13113,"Joan Jonas, I Know Why They Left"
13114,I want to go back to Kirkland Lake and be the kind of counsellor that Danielle is.
13115,"Audra also helped in this area, and it has been decided that all eight will be used."
13116,"(Of course, in Pakistan the bomb is Islamic."
13117,Often he comes with us; who better than a cyclist knows our needs?
13118,"You can try to control something on 1,000 media."
13119,There has to be some f**king order in a democracy!
13120,"But, after years of reading the financial news, you know what is funny?"
13121,"""We owe everything to Europe and to our European passport."
13122,"And there is indeed a fire burning over the Earth, taking with it not only plants and animals, but the legacy of humanity's brilliance."
13123,"So the next time you look at Iran, you should applaud it as a rare socialist success."
13124,"So the next time you look at Iran, you should applaud it as a rare socialist success."
13125,Scriptures warn us that the Spirit of the Lord will “not always strive with man.”
13126,You are not asking them for any money; you simply deliver this reminder for all the people.
13127,"If they are disloyal to me, then that is sufficient reason for their dismissal."""
13128,"And also a reward for my whole family, for the many white nights..."
13129,Are Canadians happy to subsidize 74% of our current immigrants?
13130,· In December ’44 this mistake was not repeated.
13131,"On January 16th, he offered a toast:"
13132,"In their opinion, all that had been said and done at Saint-Charles had this bad smell."
13133,"More likely, he says, some doctors would be on the street."
13134,(5 minutes a day) There is no limit to what you can visualize.
13135,"But on the contrary, he belied (this Qur'an and the Message of Muhammad) and turned away!"
13136,"However, yours is a Kingdom perspective, correct?"
13137,"""Now it is a very serious work on the new IL-90."
13138,"People will say, “Put it in my account, please”."
13139,"Being a poor country, Russians had to do their own work at all levels."
13140,"It is, to use the word we like to use, imminent."
13141,It’s better now than on the day of judgement.
13142,It’s better now than on the day of judgement.
13143,"Larry: Even today, African political parties have tribal vehicles."
13144,(For a large part of this we were also suffering from reverse culture shock which we knew nothing about.
13145,"Since 2006, the Office of the High Representative (OHR) has been losing in efficacy and, above all, credibility."
13146,"When the other birds found out, he was banished from the air and became man’s favorite food."
13147,"I would say Franck Verlaat who is also a friend. """
13148,But […] without a group you can not provide constructive political work in the European Parliament.”
13149,It will be like the victory of the prince of this world: the defeat of God.”
13150,E-77 If that isn't the same Angel...
13151,“Now I know why Solomon had 700 wives… He never met you!”
13152,No regulatory translation of Commissioner Hogan’s main achievement
13153,"Nameless, is the origin of Heaven and Earth; The named is the Mother of all things."
13154,Maybe this should be in the (1) category because it’s kind of life or death?
13155,Don’t all three deserve at least the award – all four?
13156,You have four or five companies today that decide who can innovate and who can’t.
13157,Will it be “shared” five or one hundred times?
13158,''Israel cannot do whatever it wants in the Eastern Mediterranean.
13159,"It was said of him in the town, ""That is the cousin of the man of Grenoble."""
13160,"Above all, it calls for faith in God's power."
13161,“I had never paid much attention to the letters he was writing in the spring of 1941.
13162,An interesting attraction is the sea organ or so.
13163,"But Paul said, “The creation was subjected to futility.”"
13164,Again I cannot think enough to thank you so much AFA Philippines.
13165,E-95 I don't believe in intellectual speeches.
13166,"For it was at that moment that he struggled against Himself, against His soul and His humanity to accomplish God's desire."
13167,"By your life and the life of your soul I will not do this thing."""
13168,"(Nevertheless, you'll understand that these are Catholic spiritual meetings."
13169,"And this He does by giving you and him a function that is one, not different."
13170,Want to be the oldest woman to visit every country twice?
13171,"by which they see Jesus, and see his pastures of life,"
13172,We can see that most of his life was related to the forest.”
13173,"We are an Army and we demand obedience."""
13174,"Black Panther, I think, I mentioned recently.”"
13175,"There’s nothing wrong with this, except when it means that feminine energies are devalued!"
13176,The contents of Resolutions 446-2334 are therefore taken more seriously.
13177,"But like [Wade] said, this is the right type of crazy for me.”"
13178,"But meanwhile you will judge it as you judge your brother’s, and will accept it as you accept his."
13179,"And our fathers was fed in the wilderness for forty years with manna."""
13180,"""Because we believe the Constructive has spies in the Federation."
13181,"""To our Sense8 family...We’ve seen the petitions."
13182,"“In the European models that existed 25 or 30 years ago, it is kind of difficult to hear an Israeli argument."
13183,Trump : Then let us invade Iraq again.
13184,So this week I'd like to share 9 such habits.
13185,I know he never could have imagined it when he first opened New Albion!
13186,"From 4 January, 1919 the shop also sells fruit juices."""
13187,With the support of an agent in Luxembourg he now has an international base.
13188,Sadly only that in addition to the closure of CI-8 closed many other projects.
13189,No art school should aim to create new trends expressly for the market.
13190,"They thank UNICEF, because now they know."
13191,#4 — I accept more easily differences with my wife regarding Mustachianism
13192,E-105 Could you doubt Him?
13193,The only begotten Son has revealed Him.”
13194,"Do you not see, Jasper, that your place in the ranks is well known?"
13195,"- You taught us that will be in 2009, Master!"
13196,Did You Know The Gold In The Earth's Core Could Cover The Earth In A Knee-High Layer?
13197,There was a desire for certainty.”
13198,"Me and my niggas takin real chances, uh"
13199,This also made it more fun for Norbert.
13200,Once again we reiterate that joke likes to do all this work as a volunteer.
13201,"20""> years Two decades to redefine the standards of the car industry."
13202,"But are they protected by national and European policies, particularly in times of crisis?"
13203,and a time of peace will be conceded to the world.”
13204,( 007.187: They ask thee about the (final) Hour - when will be its appointed time?
13205,"But like I said, we do have a description, [and] it’s only a couple steps."
13206,“Pre-industrial or worse” is not what we want for our species.
13207,Africa will only have the history that you see today.
13208,Africa will only have the history that you see today.
13209,The US labor market is the other main indicator (July 7).
13210,There may be an occasion where you have to act like Sita.
13211,Reason must be left behind for it is the enemy of faith.»
13212,Only this is true; everything else is false and worthless.”
13213,Look at the diversity and the level: nobody has a team like us!
13214,What have we learned? - 12 key points
13215,"Then a lawyer said, But what of our Laws, master?"
13216,"It was, however, clear that they were also motivated by at least three ethical concerns."
13217,Q: I would like to find a safer Facebook type of site.
13218,"9 For we are partners working together for God, and you are God's field."
13219,How to make suppliers your allies; and
13220,Harassment – New measures are to be taken in the European institutions !
13221,"But these terrorist groups will become a problem for them [America and Israel], as has happened thus far."
13222,And death’s his only friend
13223,"228 Remember, you can only be saved by your personal faith."
13224,They must listen to the 36 couples.
13225,But most people would tolerate higher gas prices before they would make such drastic changes.
13226,The Moon is between the Earth and the Sun: this is called the New Moon.
13227,"“Who among all the Saints in these last days, can consider himself as good as our Lord?"
13228,"David: So when he said that stars are alive, how do you respond to that?"
13229,ADAMUS: So look what you're doing to save the world.
13230,52:36 Or did they create the heavens and the earth?
13231,"In Belgium, there is also a “little patent”, protected for 6 years only."
13232,"Remember how every day for three years, you and your friends called me Manbeast?"
13233,"No, I am only concerned with the well-being of my family.”"
13234,Question: But you have said nothing about aid effectiveness!
13235,"Once a week, there was a fun day for Syrian children.”"
13236,We shall repeat then that our Church in America cannot have two Archbishops.
13237,Northern Ireland was chosen because there was a similar socio-political situation at that time.
13238,Now for the [Russian] citizens mentioned here.
13239,Q: Would you say that our nations are closer than ever?
13240,"He has shown us the way for a life that, active or passive, belongs wholly to God’s work.”"
13241,And do we answer Him just as she did that day?
13242,"“That, ironically, may have been the design."
13243,"You will begin to live the life of Heaven from this earth."""
13244,"You will begin to live the life of Heaven from this earth."""
13245,"You will begin to live the life of Heaven from this earth."""
13246,God's Witness sees no witnesses against the body.
13247,"""European biofuel companies have acquired or requested about 10 million acres in Africa."
13248,E-13 I'm so thankful that our God is not a God like that.
13249,(You know we are) Is Atlantic Canada really what they’re looking for?
13250,"“We want to sell more energy into one of our best markets, and which one is that?"
13251,Then ask yourself if your present or last partner is a perfect 10.
13252,I wonder where/how the Negus project started.
13253,"Here are some different kinds of fear, and how God’s word helps us combat them:"
13254,"He is the best in his field, and no one can compare with him."
13255,"“So long as we love we serve; so long as we are loved by others, I would almost say that we are indispensable; and no one is useless while they have a friend.”"
13256,Who Says You Can't Go Home with 5 girls going on stage with Jon:
13257,The Ministers of War and Commerce are sending me as an authority to Paris!
13258,"How different the Lord, Who, when He acts, gives ""as much as they would""."
13259,With the atonement God's word insists on the afflicting of the soul.
13260,"We are all sinners, but we are all forgiven: we all have the possibility of receiving this forgiveness, which is God’s mercy."
13261,"Allah will ask why I did not speak about Islam, because this piece of land is Allah's property."""
13262,and a time of peace will be conceded to the world.”
13263,"E-571 Brother John, is your eye better, brother?"
13264,"“I cannot forget what happened on 3 October 2013, not far from the port of Lampedusa."
13265,Chapter 20 - He Likes the Way I Do My Job!
13266,"However, you're right: we don't have 50 convictions."
13267,"Is it really impossible in another way, and we will be tormented with basins every summer?"
13268,"But if you think, “Here is a master of the Way, who knows the principles of strategy”, you will surely lose."
13269,"""The goods and the fruits of this world were created for all."
13270,"""The goods and the fruits of this world were created for all."
13271,On September 15 — I was with him that day — McCain was winning.
13272,"""Friends forever, ask anyone in this town."
13273,(The numbers of Americans moving to Canada each year is modest.
13274,"What is the minimum number of classes I could take, or the maximum number of cultural classes?"
13275,Don’t be like 9 out 10 students who try to project without my training – Page 11
13276,You would not believe that some things on this site cost you only 99 cents.
13277,"""Initially, years ago, that was what we had available for patients."
13278,He has actually been just renovated (by the Chinese).
13279,"However, by that time, it had already been decided to build a small series of these machines (10 pcs.)."
13280,Haven't you learned yet that I put something more than whisky into my speeches.
13281,except that He is the sixth of them.
13282,"3) Today (October 4, 2011) the initiative ""5 ideas for a Young Europe"" was presented."
13283,"As predicted, the emir’s servants captured Abo and brought him before a judge."
13284,"One to save the world, the other to destroy it.”"
13285,"After 1957, he informed us what his “science” was going to find and why."
13286,"[29:19] Have they not seen how GOD initiates the creation, then repeats it?"
13287,I was theirs… I was completely under their control by the third day.
13288,"Well, why not—from the point of view of the foreign ministers."
13289,Or is it better to acquire Ethereum that has more than doubled in a month?”
13290,Or is it better to acquire Ethereum that has more than doubled in a month?”
13291,"""He liked the 2 + 2, it was his personal car."
13292,"""knowledge alone does not suffice; it has no heart."""
13293,"Since you mention the old Anglo-Saxon houses, what is your relationship with them now and especially since January 18, 2012?"
13294,-L .: You can not talk about tourism in a pejorative way either.
13295,"“I only know,” Moses replied, “that the wild demands of thousands of people are too much for me."
13296,What it saved me: $400 + potential accidents
13297,"Aside from Chris, the book also talks about a few other people."
13298,"“But after 1996, people stopped dying in the developed world."
13299,Since January 2004: several UNESCO missions.
13300,"They owned it as private Polish citizens, naturally."
13301,"Ryō “,is the measure, the quantity we receive in the bowl, the quantity given to us."
13302,"Ryō “,is the measure, the quantity we receive in the bowl, the quantity given to us."
13303,We all know the result: Cuba now owns Venezuela.
13304,"And he exerciseth all the power of the first beast..."""
13305,10 They will drink the wine of God’s anger.
13306,"""We are all very happy to see again in March on a motorcycle."
13307,Why is my transaction frozen after two confirmations?”
13308,It has not yet been forwarded to our members because a new legal and fiscal study was done recently.
13309,You're right until we define other properties.
13310,"'All is race - there is no other truth."""
13311,"God's wanting to place His church, sons and daughters of God."
13312,"This year, I gave, among others, to Give Directly and The Good Food Institute."
13313,"Indeed, through this number 478, they want to send you a message."
13314,"He also declares that most of them have been good ones, something he did not say, at least now, about GWB."
13315,This is not „only“ about the protection of one of the oldest forests in Europe.
13316,He usually works around Helsinki.
13317,(The Ten Commandments are not some idiot ideas that God now regrets.
13318,Let the Christians see how you operate.”
13319,I actually thought that 22% was a pretty good level of investment in martech.
13320,Because the decision would come mainly from his wife Autumn.
13321,"One of you could say, “Father, that was a failure!”."
13322,Solomon asked for God’s wisdom.
13323,"He replied, “Everything except sexual intercourse.”"
13324,"Be grateful you have another beautiful day with them."""
13325,"""We did not expect that our video would be viewed by so many people in and outside China."
13326,They were tested in Belfast with the weight of 70 men!
13327,"However, only one percent of all the magicians in the Continent would end up as an Advanced Mage."
13328,"Each has to bear his neighbor's burdens, to some extent, and the best of mankind are those who bear the biggest burdens."
13329,We even have a version of this game in which you have to avoid the white shark!
13330,"“Anatoli itself, we have only found a tavern."
13331,(In the Earth world you have your multifarious offices of inquiry.
13332,13795 | Report Towards a new European Social Model.
13333,Eight is the number of resurrection.
13334,And there is always St. Jones Within or St. Jones Without.
13335,So now those who are called may receive the eternal inheritance that was promised.
13336,And today I say: I believe in the youth of Ireland!
13337,"The Deluge had carried away all creatures, and Manu remained alone.”"
13338,3 of the 5 dying cities are in Ohio: Could tourism help?
13339,It is then their opponent's turn.
13340,David said to all his servants
13341,SP can also produce cells for projects up to and over 2000te
13342,"Rovana Plumb (S&D), in writing. – (RO) I voted for this resolution in the firm conviction that we are going to achieve a different result this year in Cancún."
13343,how much and often in the family cook;
13344,"Jose: Many, many years ago, I was sleeping and I left my body."
13345,THE PRESIDENT – The Chancellor and I have exactly the same position on eurobonds.
13346,I cannot change the fact that my friend “Bob” is dead.
13347,They try to have faith without having the intention to do God’s will.
13348,“It’ll also take time if we employ someone now.”
13349,We can indeed trace David’s throne through time and determine who is his successor.
13350,Its objective seems to be to discipline its historical partners.
13351,Look around you today: Everyone seeks American protection and patronage.
13352,It’s not clear why so many employees are needed at the federal level.”
13353,"But actually, you shouldn't eat anything that contains THC anyway."
13354,"""It looked even like they could be the next great yoga couple."""
13355,"However, I don’t think temporary slaves like us want to go to slave market."
13356,And this is the journey of life: walking onward to meet Jesus.”
13357,"E-80 But you're suffering with something else, sister."
13358,One of those things he loved so much can be seen here after it was attacked by American bombers.
13359,I can not go to 10.0.0.1 - what to do?
13360,"Narsilion, the Song of the Sun and Moon, tells of the creation and hallowing of the sun and moon [15]."
13361,"If you fight against the Babylonians, you will not succeed.'”"
13362,Help us reach those 126 million people in Japan by donating today:
13363,The money disappears — along with your Polish girlfriend.
13364,Only rarely and accidentally do we see some of them in the blood.
13365,D.L.D: …. of our right to investigate even your sex life.
13366,"In addition to this, dw20.exe - System Error also showed up."
13367,"""Because your requirement is our top priority! - Lawyers & Notaries"""
13368,"I seen where...?... you know, walk on those hands."
13369,"The master replied, “Without thinking.”"
13370,But let us believe our own mythology for a minute and say that Canada has good labour standards.
13371,“There must be real sacrifices on the part of every Egyptian man and woman.
13372,"So in the European Parliament, there are people who are paid by Morocco?"
13373,Just look at the whole New Age/Spiritualist movement today.
13374,"I am healthy, I have no reason to go to a doctor: 23%"
13375,God has forbidden drugs and alcoholic drinks in the Quran:
13376,Maybe they have more than 104 elements or maybe they are different than ours.
13377,"My acts define me sufficiently."""
13378,Exercise 11.11 Why not raise the price?
13379,Wrongly naming a thing is to add to the misery of this world.’
13380,No one is forgotten on Eid when you celebrate with MAC!
13381,“Scientists have known for 75 years that such mechanisms must exist.
13382,> AR. : There never was a choice to make between several possible successors.
13383,Do they facilitate transition to permanent residency? 4.2
13384,"Comrades, we begin the great rupture."
13385,It is an interesting feeling when you try to talk to someone through your QC 25.
13386,"Now, there are still nearly 30 agreements which Georgia wants to withdraw."
13387,"Hey Rizz, now that you are together you can be mysterious with your actions."
13388,Whoever comes to Rio will not be safe.”
13389,Whoever comes to Rio will not be safe.”
13390,"#11 If they see you in public, you’re avoided."
13391,The [445] work of the men and women of goodwill has been presented to you.
13392,“We agree that going beyond the cookie is important.
13393,"Instead of accepting God’s words, they doubt and dispute."
13394,Q4 – The water where I live is very hard.
13395,"And here you are, alive, after those 18 months of intense suicidal thoughts."
13396,"Furthermore, why the police in Anbar would need more weapons raises more questions."
13397,"Your presence is requested in another far deeper hell hole."""
13398,"Once the prophet has received revelation, he must enter into intercession."
13399,It can be hard to get a good photo of the Infant Jesus because of this.
13400,"I can see it when I look at you, Pete, or any of you."
13401,"There is a better iPhone every year, you can be sure about it."
13402,"""I asked him if he was ready to give up his political activity against the United States."
13403,9 Then they said one to another : We do not well : for this is a day of good tidings.
13404,When did you realize you couldn’t be Tony Parker anymore?
13405,"As of April, 41 different countries had active financial “arrangements” with the IMF."
13406,"“Yes, our government has non-Ukrainian blood, so to speak."
13407,"When you’re ready, say another Niyyah: “O Allah!"
13408,“The bigger question is: Do other cases of autism have an early critical period?
13409,"What did they think of each other at first, and what did Arthur consider to be a nightmare?"
13410,In this case the EU and the EMU have shown very clearly what they are.
13411,"crucified – With Holy Spirit rejected, many of God’s followers perished during the French persecutions; by such actions our Lord was crucified anew."
13412,"If you look beyond the Rainbow and listen with your heart""."
13413,Of course we hope that all of us will be dealing with SAAB - in whatever form - for many years!
13414,"If you do not do so, there will be oppression on earth and great corruption."
13415,"As you might guess, the prayer and reflection were powerful each night."
13416,Els Quatre Gats: Access with help.
13417,"We will expel them from our land using all means."""
13418,They beat him before fleeing when a large number of Christians arrived.
13419,Every Photo of Charles and Diana Told the Same Lie.
13420,"Can the Iranian opposition that seems to be very divided, get organized?"
13421,"5 Your Father's Name reminds you who you are, even within a world that does not know; even though you have not remembered it."
13422,We have to give credit to that team [Ottawa].
13423,"""Doctor Mo is also acceptable."""
13424,"3 percent as ""Arabs first."""
13425,"However, there are relatively few women (going to China)."
13426,Then you are a thief -- you cannot enter God's Kingdom.
13427,"Philip Claeys (NI). - (NL) Mr President, I have, obviously, voted against this politically correct report."
13428,Should the United States start with BMW cars this time?
13429,"I prefer the Russians, because I think that, in the past, we had a comparable political environment."
13430,Jehovah had told Adam: “From every tree of the garden you may eat to satisfaction.”
13431,"""Australia hasn't had its GFC event, we've been living in this fool's paradise."
13432,"Resentment has been around for a long time, precisely because of the EU!"
13433,"“All movements are motivated by Yi,"
13434,But was she legally insane when she attacked John?
13435,"2:11 ""who was still an Air Force pilot."
13436,So please leave us a little time for the remaining 2% (laughs).
13437,See how this thing ended up for our hero Tom.
13438,"(To choose eligible companies, do you take into account their size?"
13439,"You were the Mufti of Egypt, why there is a separation between the two positions?"
13440,It seems that many Islamists read my book - or came to the same conclusions independently.
13441,How will Jacob stand? for he is small.
13442,"""A thousand have come, like Garibaldi's."
13443,"All your questions have one answer, and that answer is London Express UK."
13444,Especially songs like In the Air Tonight and Against All Odds.
13445,"""We followed them for a while and then they all disappeared."""
13446,"[So, we thought of] another place like this, but open for all cultures."
13447,We will never show up on your bank account as Saucy Over Sixty Dating.
13448,"Recall that I protected you from the Children of Israel who wanted to hurt you, despite the profound miracles you had shown them."
13449,"18:4 To warn those who said, ""God has taken a son."""
13450,I suddenly realized how differently coffee was consumed elsewhere.
13451,"It is no secret that the early Roman Church absorbed pagan elements into their worship, and it was done in direct contradiction to God’s command not to do so."
13452,"The rest of the hotel today, ""Nacional"" Enjoy."
13453,the fourth one is similar to a Son of God!
13454,"There will be gradual corruption and confusion among the leaders and the people all over the world, and wars will come about like powerful winds."""
13455,"""I forgot to put them on"" — 26%"
13456,"We are to help all of God’s children, living and dead, receive the full blessings of the gospel."
13457,"(For example, can local and regional authorities or promoters recommend sites?"
13458,"Just like with food — you want Chinese one day, Cajun another day."
13459,The hour has come when God's sending His men into the fields.
13460,"- It can't be helped, Jasio, dear brother, you must go to the church."
13461,17 for although the law was given through Moses;
13462,"I would have them where I can find them, but I seldom use them.”"
13463,This does not mean that this year or the following year the percentage of houses catching fire will be exactly 1%.
13464,"I think we should just contrast our strategy with Dell, okay?"
13465,"If you have already educated him on the ""reminder"", let him run across the fields!"
13466,"When God does give answers, we in God’s Church respond by making decisions based on what we know to that moment in time, according to that present truth."
13467,"Like us, don't you like to bet on half-measures?"
13468,"USA for young designers, how long to get Spain?"
13469,"Will you murder your children, your women, yes, destroy your nation today?"""
13470,“If we were to give something to God should it be second best or should it be the very best?
13471,"When we understand this, we can then understand why 10 or 20 years is only an instant."
13472,"(And see the situation) with Canada, because of a minor problem."
13473,Tran: Only if they are satisfied!
13474,"PHP (Yes, we can make real applications beyond a website.)"
13475,"AJ: They admit the gold was there, I have articles pre-9/11."
13476,"But if they are inquiring about this and that about God’s household, or this and that about the leaders and workers, then there’s no need to tell them."
13477,You have all that kanji — all that Japanese language — all around you.
13478,The first people they would have killed would be Eric and I; they actually tried.
13479,"(Egg always in the end, we must see the last oh ~)"
13480,Translator [in French]: And your hands will speak.
13481,"Finally, government agencies can see if you are using Tor."
13482,Why does she refer to a Fernando and a Roberto at some point?
13483,"“They will lose their reconciliation agreement with Abbas if they do take responsibility for [the kidnappings],” Baskin added."
13484,It’s now possible to do the same in C# 7!
13485,"No, by all the gods!"
13486,“We don’t want Barcelona residents replaced by people with more purchasing power!”
13487,So you have a Sabbath plus 50 days.
13488,You could say beer and politics are two of my loves.
13489,For the enemy has a sword; terror is on every side.”
13490,"(4) Now, including directly revealed a further payment option."
13491,"However, do you dare to say that you know much about poker games again?"
13492,Previous：How to Know God’s Work of Judgment and Chastisement in the Last Days
13493,"But if the rock has formed so far below The surface of the earth, how was it thrown off?"
13494,“The Whisky a Go Go in LA.”
13495,(Or buy them for themselves. . .
13496,"For the 78 others, the dilemma continues."
13497,We must not forget that Iran has been a good student so far.
13498,"In Pentos we have a prince, my friend."
13499,"E-323 Can't you see, friend, that's Him here?"
13500,I will fight alongside them until they reach the fullness of their age.”
13501,"It is this glory of God that he wants to see, the glory of God’s character."
13502,You once again dreamed of the number 824 last night.
13503,"Dupont: […] You know, my mother stayed home a long time."
13504,Is no exception and the biggest of them – air.
13505,I believe that the best broadcasters in Canada wake up in the morning knowing that they must do both.
13506,"Worse, you might not find someone who is Egyptian."
13507,"Something happened between Mary and Martha, remember?"
13508,"But, he quickly adds: This would not have been legally possible in the Netherlands."
13509,You need to know: Are they there because they paid $300 a ticket?
13510,So Walter was planning to kill 21 people...?
13511,"However, this is not so, in fact, white tigers come from India."
13512,Pierre BERVILLE. – Everything is in the sometimes.
13513,“Don’t let Leo get another TD.
13514,I think he wanted the idea of a bed partly because
13515,"Be careful what you do, for indeed I have been sent by God and you put yourself in great danger.""20"
13516,E-99 I'm afraid that these big cities needs a lot of teaching.
13517,And they need to see me here for the White boys.
13518,"Then you will understand the fear of Yahweh,"
13519,"“6.5.1 Certain types of weapons, however, are subject to specific rules that apply to their use by the U.S. armed forces."
13520,"Also, she would like to ask some questions to Dr. Ben Jemaa, on what can be done to improve the result."
13521,“HV71 is the only team for me!
13522,"We’re not going to do that, because that, dear friends, was a power game."
13523,One user wondered why they should pay nearly EUR 96 to verify their account.
13524,You may have also noticed that “food bank” is no longer part of our official name.
13525,"But he only has one hometown.""[219]"
13526,Why do we often have the impression that some treatments work: some possibilities:
13527,"E-75 Now, I could talk all night."
13528,Your boys are not going to be sent to any foreign wars.”
13529,Then who would be left to cultivate and attain patience with the non-existence of beings and dharmas?”
13530,Then who would be left to cultivate and attain patience with the non-existence of beings and dharmas?”
13531,Why Israel imprisoned my best friend
13532,Ross assists him in many of these threats.
13533,David Meca began to swim almost by necessity.
13534,A dose of realism is needed when you’re 42.
13535,It appears that all the priests I mentioned here were ordained before 1967.
13536,What about one of the Nordic lands – despite their prices?
13537,"She was paying a lot, or it was Robert I guess.”"
13538,"Why 189,000 Soviet Jews fled to Italy rather than the Promised Land"
13539,Every silent moment in 1928 could be interrupted by the social life or with media.
13540,"Recall that I protected you from the Children of Israel who wanted to hurt you, despite the profound miracles you had shown them."
13541,But we also know that this name—Amrita Anandamayi—tells us something more simple and immediate.
13542,"You state, ‘this is how we are, and you should accept us [due to the fact that of] human rights.’"
13543,"""When you doubt your power, you give power to your doubt."""
13544,These roars often dealt with sins perpetrated against God's people.
13545,It brings peace in to your life.”
13546,"I give you this promise, even for those most hardened of souls."
13547,"About eight months ago, I started working with four lawyers to do exactly that."
13548,He said: 'You were the black shape I saw in front of me?'
13549,Photo 1 – With these instructions you should get something like the first picture.
13550,I am sure many of them would be interested in Tailor4Less.
13551,60 days after you become a non-resident;
13552,I'm really thankful that they found my son and all 13 are alive.
13553,Washington is ready even for absurd judgments at this point.
13554,It took two versions of the text and 17 (!)
13555,"I deserve better than that and I should play every game."""
13556,Israel must pay its share (at the same time reducing its huge military budget).
13557,Whom can I tell my sins? 4 122
13558,But Mary is not God’s spouse; she is one of His creation.
13559,(Actually I think Mr Gans was probably referring to Black Hole.
13560,"The RUM: Unique Mandate Reference – it is therefore clearly identifiable,"
13561,Ask if they are crazy enough.’
13562,"“Starting tomorrow morning, every Republican has a clear choice."
13563,'Something happens to our good writers at a certain age...
13564,"""Who closed the door to President Obama last year?"
13565,It is unacceptable to abandon a victim after 20 psychological consultations.
13566,"The seven nations mentioned were chosen by Israel, that’s why."
13567,"[11:80] He said, ""I wish I were strong enough, or had a powerful ally!"""
13568,This country and this system need to remember our dear martyrs.
13569,182 And now we've got a promise for this age.
13570,"They believe they have no power, but they have seen (or believe others who had seen) the power of Jesus, so they ask in his name."
13571,How can He be our only Lord and Master (Jude 4)?
13572,"“Whosoever is able to proclaim truth and does not proclaim it will be condemned by God,” he wrote."
13573,"“The funny thing about Billy Bob, everyone thinks he wants to kill you."
13574,There cannot be two words : I am the Living Word.
13575,"""1978"" because it is a date that makes me reflect."
13576,"Youssef Nada : He and the others are tools, used for this case."
13577,"Chad: ""We had Two Weeks to Vaccinate 100,000 Children"""
13578,"Mother who guides, Mother who intercedes,"
13579,They who taught us falsely in God’s name are accountable to him.
13580,Fortunately the very good Saint-pierre helps considerably the two wines.
13581,"Today, she says more than 100 other Thais have this ability after practicing with her."
13582,“Has been preached among the nations.”
13583,The pill that does more than the normal is here to help.
13584,"How many parents I’ve heard say, “Well, I’ll let Susie and Johnny make that decision on their own."
13585,"Question: Is he not afraid for his body, health, etc.?"
13586,Whom we have to thank for bringing Sherlock Holmes into our lives?
13587,"When we go out dancing, maybe 10% of my dances are with my wife."
13588,"The alternative: we could have talked about Basecamp, of course."
13589,And so Gideon requests God’s confirmation of His promise by means of a sign.
13590,"Salman Farsi said, “Because you have given each one of us, one piece of cloth, and we see that you are wearing two pieces of cloth.”"
13591,This is what we have been saying – lack of constitutionalism in Zambia.
13592,My colleague—I believe it was Mr. Wilks—said two weeks ago that this was important.
13593,"This vehicle does not look like a typical 1937 automobile, you say?"
13594,What if all you needed was the right sherpa?
13595,Looking at Fukushima we see this legal system at work.
13596,Federal Government Should Be a Model Employer (Message 9)
13597,E-123 I now confess all of my unbelief.
13598,"I have to go to the intelligence guild, and see what class they recommend.”"
13599,"But when they arrive, Bucharest - and NATO - will be ready."
13600,"[18:41] ""Or, its water may sink deeper, out of your reach."""
13601,And I'm sure that in four years we will all love Qatar.
13602,What if we all started to use this Love vibration today?
13603,"He led them to the ruins they were looking for, and then the ritual began."
13604,He adds that there are not other sources than Aimé Michel.
13605,I do not know why Tamala is exercising his absolute authority.
13606,"First, there must be extraordinary interventions coming from heaven."
13607,"Whenever my father hit us, my mother would say, “He only did it because he loves you.”"
13608,Have they faithfully listened to God’s word proclaimed by the Church?
13609,"Sisters and Brothers, I have chosen today to highlight these five attitudes."
13610,And you can see that that’s what student B did.
13611,A child is ready to hear your advice because you are the same size.”
13612,"They are our present-day martyrs, and there are many of them; indeed, we might say that there are more of them than in the first centuries”."
13613,How will it affect us and our biological welfare? (7)
13614,I can no longer control my urination.… They raped [my three sisters].
13615,"“Many of us want more renewable energy, but where do you put all those panels?"
13616,You're inside something that came from my old pizzeria.
13617,That has obvious political consequences: who is going to worry about what will happen in 2100?
13618,The difference is that we are controlled by 96 laws when out of this physical body.
13619,"This occurs in different areas of our lives, why Facebook, He has decided to intervene."
13620,"So, Kylie now drinks tea because it has worked so well for Kendall."
13621,"And God will do it anyhow, because He said He would and I take Him at His Word."""
13622,"And God will do it anyhow, because He said He would and I take Him at His Word."""
13623,Whosoever endures three hours is respected and is a “lord.”
13624,Dr. Scully: The government can’t buy all the technology we need.
13625,"Verily, he has told you the truth though he is a liar"
13626,"Think about every spring, for example, in Japan."
13627,"“We might only have information about social connections, or maybe we only have information about mobility."
13628,We will meet again at our Sixth Summit in an European Union country;
13629,"With over 150 comments on that article, we heard your resounding “YES”."
13630,Sebastian: I also see many opportunities for our consultants.
13631,“I prefer 30°” is also keen to work with Ambassadors.
13632,"E-81 I keep seeing a strange thing around you, sir."
13633,'We will suppose that he was travelling back to Woolwich when he was killed and thrown out of the compartment.'
13634,"At 6:00, seriously, listen to these damn beautiful words."
13635,#11 She never wants to do anything that seems “date-ish.”
13636,"Really, who wants to be a Plain Jane, anyway?"
13637,"From now on, we should talk about someone’s health – all in."
13638,"We wish to deal with Hershel, as usual!”"
13639,The most banal in this situation - you forgot to include the model.
13640,Were really necessary 300 policemen and prosecutors in an action against yoga practitioners (in 2004)?
13641,"Provide information on how to help a victim17,27"
13642,You too can get married here in the historic Old Kirk!
13643,"Exasperated like a drunk who sees double,"
13644,"""Senpai, please film me as the most adorable one from now on!"""
13645,“I think we should all remember the disaster of 1931.
13646,“United States policy in the Middle East is governed by what is good or bad through a country of 7 million people.
13647,"It’s like Piper says, “Put your ear to the ground of God’s word, and listen to the rumble of his faithfulness coming.”"
13648,"(I don't think God is teaching us about justice in 1 Peter 3, He is teaching us about relationships."
13649,"But it was a good place to say, ‘but this part of his life is now told.’"
13650,UNESCO has also played a fundamental role – and has been a loyal partner.”
13651,“How can they say they suspect Chinese loans.
13652,Senator Corbin: They already have access to the main store.
13653,He didn’t gain military control until 37 BCE.
13654,"If you want to become a prophet of God, you also have to kill those 42 symbolic children."
13655,Reasons why we currently prefer machines when training
13656,My business partner Tom uses Mint.
13657,"And outside the schools, Tara?"
13658,Question: Will it be more difficult for the next generations to correct their ego?
13659,Yet it was well known to Amos (cent.
13660,Cows - someone will be with you very cry.
13661,The Book of Wisdom tells us that they are in God's hands!
13662,The Book of Wisdom tells us that they are in God's hands!
13663,Create a list of what you consider “basics.”
13664,And David thought then that We had put him to the test.
13665,He said with each pop more people panicked.
13666,"Terry Date (producer), fortunately, was backing me."
13667,"Like 46934, these codes are rarely used."
13668,‘Jimmy Hicks’ is another name for Six
13669,"""Recently, we have somewhat downgraded the level of contacts with Hamas."
13670,Tell us instead how to win the Irish Sweepstake’.
13671,"But you only represent one of my daughters, Mr. Alexander, and only in this courtroom."
13672,"So the taxi driver said, “My brother can take you, maybe he will drive you up there.”"
13673,Let me say that this process has already started in the Republic of Armenia because what is important for a citizen?
13674,These humble people needed spiritual food in their own language! (1 Cor.
13675,We know that life with Him is much more fulfilled and that with Him it is easier to make sense of everything.”
13676,"We have to establish our own ב Beth, our own house."
13677,WALK (9255) and we will be happy to make the change for you.
13678,And the number two fear is death.”
13679,"But if we do it, we build heaven on earth."
13680,"• Apart from the Kosovo-Serbia dialogue, Bosnia-Herzegovina should be his/her other priority."
13681,“Today many people around me know TRIAL”
13682,"However, we would be unable to use this instrument at this space/time nexus without these modifications."
13683,We promise this time Polish grammar will not bite you!
13684,Then I wait 24 hours and the dolo is ready to drink.
13685,"But I can only say that from a scientific point of view, we are trying to protect people."
13686,"Every mercy that comes from the heart brings you closer to my Son."""
13687,'Every word you say is true.
13688,"Other countries, including France, are also run by private bankers:"
13689,"[This is a good beginning], but what we need is free education for girls."
13690,Here is the real mother who prefers
13691,"(L) You remember when my brother was here, they kept wanting us to come back to the subject of the bases."
13692,"Because until he does, All Star Batman and Robin should be avoided at all costs."""
13693,You are now the blessed of Yahweh.”
13694,You are now the blessed of Yahweh.”
13695,But these (non) voters do have a voice and they certainly have ideas too.
13696,"(7) They also insisted, according to Meg."
13697,[588] I mean his individual aura.
13698,Prove to everyone that you are a child who may be a responsible doctor for several minutes.
13699,Will my version of Logic 8 or Logic 9 be replaced by the new version?
13700,Say: “The Truth has come.
13701,"""When you doubt your power, you give power to your doubt."""
13702,"I think it would be much simpler for Google to work on simple cases, on processes."
13703,'How many of you have forgiven your enemies?'
13704,'How many of you have forgiven your enemies?'
13705,'How many of you have forgiven your enemies?'
13706,"Were there some good things (besides, of course, the Civil Rights movement) that happened in America?"
13707,The Russians have finally allowed someone to send us their video of MH17.
13708,"If we lose these things, then this is a catastrophe for the world.”"
13709,"It said ""Death To The Infidels, Allah is the Greatest."""
13710,“The road to such an end would actually be … lengthy and laborious through the civil court system.”
13711,"O71 – Today, are you expecting actions from the NGOs?"
13712,"""If there are those among you,"" Albus continued, ""who are prepared to ask such a question, then what else might you be prepared to ask?"
13713,"That is what makes you ""God."""
13714,With whom other than my son can I take the risk of opening this bottle?
13715,3541) upon their return to Syria to ensure their ability to meet the intended purposes of such assistance.
13716,"Future: No, my mother worked at 911."
13717,"Psalms 118:24, this is the day which the Lord hath made; we will rejoice and be glad in it."
13718,Say: “The Truth has come.
13719,She had feelings for David but is now with Cam.
13720,Only one federal agency contacted this week appeared to comply fully with the directive.
13721,"It is a recognition that everything that Russia has done in recent years, including in the foreign policy sphere, was right."
13722,But perhaps that also applies to the human James of this world?
13723,Correction: WE are the vehicles by which Truth operates in the world.
13724,“We can’t [take a taxi] because they’ll send us to the lion’s mouth.
13725,They talked about me as their wife.[101]
13726,God heard the voice of all those who joined us in prayer.”
13727,Were part of someone’s wedding party that you didn’t want to be in 16%
13728,“We got Cooper after a failed adoption.
13729,The architect must be able to watch ten years in advance
13730,"I will not have the same bank account, my influence will have grown, I think."
13731,It seems to me that the AN-28 king of all airplanes and more I have nothing to say.
13732,"He was right, and many biofuels today need government support in order to be viable."
13733,E-72 He's the only One Who can create.
13734,"An introduction to 6Dof, 9Dof, and why they are important."
13735,">> Yes, before he could even use these special utensils,"
13736,There was no “third force” like that in Vietnam?
13737,(it's the old Israeli joke again: Can you keep a wolf and a lamb together?
13738,"We look forward to receive the words from God on Monday, November 4, and the words from Mother as well."
13739,90% of New Retirees Are Facing This Common (And Expensive) Problem
13740,“Not more than quarter of the time [we discussed] the Palestinians.”
13741,"Morph, for example becomes one word rather than twenty two."
13742,I would have no choice but to accept the only interpretation offered by the international media.
13743,"c) or because you are either already in an important role, or will be in an important role."
13744,And that was their falsehood and what they were inventing.
13745,You may know them – Demented Are Go.
13746,God sent a Oral Roberts across the country.
13747,"You've brought me an interesting food, User."
13748,"Who was here 4000 years BC, being able to do things that NOW are possible with the modern technologies?"
13749,"False theories, clothed with the garments of light, will be presented to God's people."
13750,"original Kenny, you know, seeing this possible access to wealth that could"
13751,"It is an enemy, a shadow which God inevitably produces simply by the fact that he decides on creation.”"
13752,"Oh, well, I can stay at home and pay the new taxes.[12]"
13753,"Actually, it is possible to risk life also inside an ambulance…and not as a patient!"
13754,"We too are “children of the century”, but what a century!"
13755,This degree of coordination between patients was until recently the exception.
13756,"Doctor: Rose Tyler, I was going to take you to so many places."
13757,"And, then, we're supposed to be His children, through this Man."
13758,"(Note, however, that most revolutions ultimately aren’t."
13759,"Ideally we would like to simply call ourselves the Church of God, but at least 50 other denominations have had the same idea."
13760,We never hear of Tom at all during the whole of the First Age.
13761,"He may be a ‘player’, using this story on all his women."
13762,"“On the one hand, the Israeli government and on the other — regional changes."
13763,He wants you to think he’s omnipotent.
13764,Your greatest weakness is fear.”
13765,73...“Say: O people of God!
13766,Is it up to us (humanity) to be that positive force?
13767,[41] Does the Internet Help or Hurt Democracy [Television series episode].
13768,We are like the CIA for Nigeria“.
13769,"E-164 You want prayer for somebody, don’t you?"
13770,and a time of peace will be conceded to the world.”
13771,It’s as if we had burned our house … more heritage possible!
13772,We cannot pretend that Haiti will have a better future without that dialogue.
13773,"Say, “Thank you,” after every event."
13774,(The king must have had two thoughts.
13775,It is not acceptable that the country's constitutional justice continues to be paralysed for more than 18 months!
13776,The certainty of being herself instead of half of something else?
13777,It is the same in July and August but with the American 59th ID.
13778,Not even becoming romantic for over 3 months by mutual choice.
13779,I’m starting to really understand myself now after 31 years.”
13780,Our societies can do what they do now and introduce relative morality.
13781,I’ve been blogging since 2005 and the answer to your question is easy.
13782,This is - how can I tell you? - a bit like professional secrets.
13783,“Take care of the earth and she will take care of you”.
13784,"“However, like the tide that comes and goes, none of these attempts will have any impact."
13785,"There’s always been a sweet dichotomy in Harlem—a balance, if you will."
13786,"Our colours will be red like fire and black like the fear we will invoke in our opponents."""
13787,"""I forgive those who lie and bear false witness against me."""
13788,**Note: David said he really LOVED this roller.
13789,"""You said you have been withdrawn since 2013 and others have taken your place."
13790,He also said it didn’t matter if Father Fuller lived away from children.
13791,"""But I also think you need to combine these tangible things with something intangible: how you view your life."""
13792,"PE422), otherwise it is just one more."
13793,The only difference in our relationship was that I had sent Mrs. Ryan genuine love for a few moments.
13794,The general risk that our security activities will once again contribute to torture remains;
13795,It also changes (at the same time) the state of the all surrounding fields.
13796,“But I think the people at Bell Labs have already seen these things before.“
13797,I think they came to see if they had finished the job.[64]
13798,“Not if you stayed with Kerry or me.
13799,“When Will France Admit that Police Racism Is Systemic?”
13800,"But remember, there is a model which must be taken even before that of your father."
13801,"90In fact We brought the Truth to them, and indeed they are liars."
13802,Does everyone come to the same conclusion and understanding? 40%
13803,"When you’re ready, say another Niyyah: “O Allah!"
13804,But their hiding place was unveiled and burned; even some bibles passed through fire.
13805,It is unrealistic that all of them [Palestinian refugees] can fulfil this dream.
13806,"They will come to one another, questioning one another."
13807,But the opposite of one great truth is another great truth.”
13808,"Of course, some very important discussions could have taken place behind closed doors in Argentina."
13809,"Vice (2017): Is it really worth freezing for 80,000 dollars to see the future?"
13810,"<i>Firstly, delegated management can help to bring adapted services,"
13811,Why does my internet connection cut off after [XX] minutes?
13812,He led very ably on 6 June and beyond.
13813,But Mary is not God’s spouse; she is one of His creation.
13814,My father agreed to meet with ‘Johnny’ once a week.
13815,“Go out into the darkness and put your hand into the hand of God.”
13816,And whoever (is) grateful then only he is grateful for his own soul.
13817,"In this connection, virtually, your connection will go outside Ukraine!"
13818,"This kind of godly repentance—a change in the way we think—leads to a new kind of action, and, in fact, brings about obedience to God’s Word."
13819,Then she said to me; You will send your children on Monday!
13820,"Four days later, Q appeared to give a direct answer to this speculation."
13821,I was booted out of the Magic Kingdom.”
13822,We thought [the 43 students] had been arrested or were hiding.
13823,"Finally, I am very proud to work in a Parliament where we are almost 40% of women!"
13824,You can celebrate New Year in the Czech Republic in other places:
13825,Such is their story in the South; such the fashion of their vanishing.
13826,Do you think this film reintroduces a missing human element?
13827,So let's approach the Author before we ask His blessings upon us.
13828,Seven Magic Mountains sees a lot of visitors.
13829,"In the short and medium term, Erdogan and his party are still their best hope."
13830,(God is Great) appear on the internet within minutes of the attacks taking place.
13831,"Marieke: Yes, but you have ads every 10 minutes."
13832," and their brethren, according to their generations, nine hundred and fifty-six."
13833,"(In fact, one type of plan is so common…it represents over 94% of travel insurance sales)"
13834,I do believe I am your reciprocal; we will be one when we multiply.
13835,"E-23 Now, is there a special request tonight, just something special?"
13836,"She was the wife of Boaz, and you want to hear something wonderful?"
13837,(L) Or the natural variation of the wolves produced a dog one day.
13838,“Weight and balance are the judgments of the Lord.”
13839,The dialog is 500x100TALK!
13840,"Not yet, even if you are part of the group of countries that will need an ETIAS in the future."
13841,"The answer is, millions and millions of Morgans!"
13842,"We will do the same for you when we, as we have in the past, implant you."
13843,Question 7: In how many cases was a re-circumcision necessary? 249
13844,It’s time to finally get our Palestinian jackpot.
13845,"But, on the other hand, Portugal has its own traps:"
13846,I do not think politically we are so close to Hamas.
13847,"So now, please let your servants settle in the land of Goshen.”"
13848,But question is if such an end was somehow written in her karma?
13849,"Good health for all, he always said, is what Africa most needs."
13850,"Whether it is your first house or your 99th, we will be there."
13851,"He said ‘OK, well, our goal is to get to 1000.’"
13852,"If that man was a prophet, he would know what kind of a woman that was washing His feet."""
13853,Would a gold coin currency under other circumstances ever have gotten attention? ...
13854,The greatest proof of Allah's existence is you yourself.
13855,"Next, compile the meanings of each segment so that 225496 means:"
13856,What can we learn from these « unfixed » images after 125 years?
13857,The publication of the last report (Tunisia) has been unfortunately delayed.
13858,“It’s not like all the news on the banks was uniformly bad all the time.
13859,"In the next few years, more than ever, ‘#FeelTheEnergy of Paris’!"
13860,"Because of your wise advice, I have enjoyed a day of rest.”"
13861,"But if you can go inside, both are very important civil Gothic buildings."
13862,The only difference is that we pronounce Bar after Tyr.
13863,This Operator or whatever has good eyes.
13864,11(4) The minister may declare that a serious water shortage has ended.
13865,173: How is mutual understanding possible?
13866,If it has unexpected negative results and many young Americans die?
13867,"Liberals, remember that it is to him you owe the Charter."
13868,So it’s really – I just want to really always come back to thank the American people.
13869,Which means it will have to be repeated in a year or two with a stronger Hamas.
13870,"But then they’ve got satellites, so… I think you were manipulated."
13871,"• For today and tomorrow, we can pay attention to nature."
13872,[387] It took years for the First Nations children to get justice.
13873,"And this star, this angel raised up several messengers in this age."
13874,"""When you doubt your power, you give power to your doubt."""
13875,"""We've told Kelley that it's not how many friends you have"
13876,But the programme itself is in our opinion the objectively necessary programme today.
13877,"Worse, which of my many ‘sins’ had been discovered?"
13878,"If you knew Roberts 25 years ago, you might remember him as a man with problems."
13879,"""They cannot eat, or drink by themselves and every day I have to take Mariam to the hospital."
13880,Being at home was particularly important for Jack’s quality of life.
13881,"For El Salvador, we had to go three kilometers further to obtain it (I learned this later)."
13882,"David, does the space have to be contested?"
13883,"These Instruments should remain in force for seven years, which makes democratic control even more important."
13884,And it is capable of producing (even more).
13885,Australian Eta guides you through this task with a simple menu.
13886,And we might see her wear more red in Season 7.
13887,There is NO other solution to the crisis and its particular manifestations!
13888,Today we can observe these career systems in German companies in particular:
13889,Why don’t you think that your son and your Oppa has found a new job?”
13890,Some had obviously arrived earlier or were with the Palestinian press.
13891,“’Having something interesting to do is the third element.
13892,She said the less traditional development path would help in this regard.
13893,"""Whosoever kills,"" he had to be a murderer."
13894,"LAURA: In general, I think tourism is good for a country."
13895,So eight minutes and an embedded computer seemed to be all that we needed there.
13896,"This cheese will help you build a better sandwich, among other things."
13897,Snow is guaranteed in Andorra for two reasons.
13898,7 should be at the level of a talented individual.
13899,"Inuit other than Beneficiaries,"
13900,"""Who helped Kida write his name...?"
13901,They sing when and where they can - savoring these precious moments together.
13902,"Kriton Arsenis, on behalf of the S&D Group. – (EL) Mr President, Commissioner, I am sure that your services often explain to you that certain necessary measures for climate change cannot be taken and applied."
13903,"He could, if he wanted to, become the right kind of hero""."
13904,We are proud of its 66 years of life and action.
13905,"However, only 21% felt that Bohr was right, with 30% saying we’ll have to wait and see."
13906,Your alternative is to eat something Catalan.
13907,Your car is dirty? do not worry we think Scott Wade to clean it!
13908,"519 Therefore, the Body cannot recognize..."
13909,I won’t be the first person to tell you the importance of social media in 2014.
13910,"In England, there is a queen today earning a lot of money every year … Why do they laugh at African kings?"
13911,He's already used to his E-LisaBad.
13912,"Then and only then will the world love you."""
13913,"By not believing Him, the people of Israel were in effect denying God’s power and glory."
13914,'This was never anticipated by its builders.
13915,The Successor of Peter is never alone: 12
13916,"In fact, halachically why do you need to say adama on a banana?"
13917,“The current president of the United States had no political experience!
13918,"They think if they come at seven in the morning they will get everything in the world."""
13919,Though these days (after forty years) I’m really into Personal Protection using self-defense weapons.
13920,"With our hearts, hold to one truth alone."
13921,"But I tell you, return to what is simple: the magic of the child within you – that is the answer."
13922,"1.2.3 Winter, the least recommended month"
13923,"If you added 150 new accounts during your first year, include that."
13924,2) Give a little more room to Latin in our celebrations.
13925,Question: What changed when Paul got saved?
13926,A fire will spread from there to all of Israel.”
13927,“Read It Later is essentially the article’s second chance.
13928,500/- notes has already commenced.
13929,“But we would prefer to continue using Google software if we can.”
13930,"""Why is it important for us today to revisit what happened in 1988?"
13931,An example of such a product is ART 963.
13932,•Six countries acquire a drone for military purposes.
13933,Have not we been vaccinated by the red decade?
13934,"“Thanks, I like this program is easier to study.”"
13935,He who seeks pearls must dive into the sea.”
13936,Would the Prime Minister like to answer or react to Mr Pecoraro’s statement?...
13937,Will I be able to kill Lord British in the game?
13938,"7:188 Say: ""I do not posses for myself any benefit or harm, except what God wills."
13939,“Tell everybody why you was on FaceTime when he killed Stephanie and himself.
13940,"""But what about our friends on Fulton Station, and here on Earth."
13941,Fewer Czechs said they would consider buying euros – 10.3%.
13942,These people would have no trouble with Obama if only he gave us more wars.
13943,"There was a problem, however; he was only 6’4."
13944,''Last year we saw how the law could really work.
13945,"Three Dog, despite the fact that you killed him earlier."
13946,“You are asking me how we can deal radically with Isis.
13947,And only what was impossible to correct remained in Egypt.
13948,"And also, ‘I believe in God, but not in you.’”"
13949,So were you able to see Satan’s intentions?
13950,So were you able to see Satan’s intentions?
13951,everything you do as long as your r session is open.
13952,"And that each thing exactly represents itself and what has preceded it,"
13953,"— They probably wanted a portrait of you, just you."
13954,"Never say Banana to a Chiquita, we all know this one."
13955,"I am thinking, for example, of the 491 priests."
13956,Barcelona is not definable in three lines!
13957,Before 1800 we have fewer data points
13958,"So, it is irritating when it gets released from other sources.”"
13959,(It is important that financial advisors be able to offer these low-cost products to consumers.
13960,"To our knowledge, you won’t find anything negative about our company, with hundreds of flights per year since 2004!"
13961,"“Yes, but what I know, too, is that, sooner or later, you will have to obey your father, and perhaps you will end by believing him.”"
13962,"We have, uh, uh–it’s easier on the families when you do that."
13963,We may have to call on you to meet with a group of potential donors.”
13964,Shame on the more than 160 leaders who were absent today.
13965,A strong desire to see God may be the beginning of error.
13966,"Then he was commanded to migrate, and later permission was given to fight.”"
13967,Then you'll have time for local Palestinian shopping.
13968,"So as you work, have in mind how those 100,000 work hours might serve the local church most."
13969,But the problem is that the massive immigration of 4 million South Africans is impossible!
13970,We have to analyse this tree - there are two trees that we work with.
13971,"I repeat the same invitation to you, dear friends of the Italian Sports Centre."
13972,"Isn’t it also true, Mrs. Clinton, that you never signed that oath?"
13973,>>More Here:The Characteristic Moment Belongs at the End of Your Book Too
13974,[331] Did the Governor in Council fulfil this legal obligation?
13975,Today is no different — we are proud to work with true legends of the sport.
13976,Our reply is very simple: Let us go back to the 2011 military presence levels in Europe.
13977,"(56:92) And if he is one of those who give the lie (to this Message) and go astray,"
13978,For David Daoud the paintings belong to those who look at them.
13979,It’s not the Jamaican people but the Jamaican establishment that needs to hear that.
13980,"It was the “we made it safely” day, according to all the pregnancy books."
13981,"Wherever respect for human life and dignity are lacking, there is need of God's merciful love, in whose light we see the inexpressible value of every human being."
13982,until the LORD’s anger has passed.
13983,Wrongly naming a thing is to add to the misery of this world.’
13984,"And your poetry will now be written with blood."""
13985,"But, to me, it's got to be the Word of God, and the Word that He has promised for this day."
13986,John Paul II thanked those who develop Islamic culture!
13987,"And that is exactly what regions should do for their key industries, he concludes."
13988,And all the allies of the red dragon will also feel it.
13989,"But in its place, he believed that the ministry of God’s Word belonged to a special order.[195]"
13990,"""And I swear by the self-reproaching (lawwaamah) soul."" [al-Qiyaamah (75):2]"
13991,Satan’s compromise will be revealed and he will flee.”
13992,"He [Arteta] has been an assistant of Guardiola as well, so overall I think he has the qualities.”"
13993,Faith and prayereverything is there.»
13994,(For some reason Jesus did not want them to have perfect clarity about the future.
13995,If such a model already exists and has the name Mi 8 SE?
13996,(8) But we are still on this side my children.
13997,The goal was to create and finance their WW2.
13998,"Dear Konstantin, for an hour you did not try to understand the essence of the text -?"
13999,"On the other hand, it would be equally naïve to ignore two decades of technological innovations."
14000,“I am going to say yes to a director only when I am useful for him and for his film.
14001,"In the legends, this man is paired with a woman who came down from the heaven at the same time as him, or who was already present on the earth at his arrival."
14002,And he can regenerate more than 12 times – a lot more!”
14003,"On 1 August 2004, the representations for these resources are identical."
14004,"In the Qur'an, Allah stresses the importance of being respectful towards one's parents:"
14005,They cannot take a new decision and divide this cell
14006,"But when the great world and the great high church said, ""Boy, that's glorious."""
14007,"Fran: I know that now, perhaps tomorrow I’ll get the train."
14008,"Since 2007, it has been relaunching its European and international action:"
14009,The value of this day and other such days should be appreciated.
14010,"“Indeed, we have to do what we can with this annual €50 million."
14011,These are they that feed on lies; priests and people.
14012,(Especially now that Mark knows my secrets.)
14013,"In Portugal, maybe, and with a powerful “Ão Ão!”"
14014,7. … And even learn to write like their characters.
14015,"They all study, including 3 at Liu."
14016,"(Of course Russia still had, and has, thousands of nuclear weapons.)"
14017,"Today, only by faith, I know he loves me."""
14018,#5 – People that are teaching online are all liars.
14019,"We are an Army and we demand obedience."""
14020,"That is precisely what an Israeli company, New CO2 Fuels, proposes to do."
14021,"It would be totally wrong to say yes today, a few weeks after the ban decided by the new government."
14022,“We have long known how much Europeans want to see genuine improvements for animals by better EU legislation.
14023,"Why was that iron rod in that bus that day — is something that only you can answer, no one else can."
14024,"So, there is good news for you, because you are working for the souls, now the Lord is coming and being born within you in another level, as light.”"
14025,"But you have to gradually improve your existing products too, right?"
14026,"That really would have helped to not just talk about this other platform,"
14027,Macron—who is visiting India this year—has also been inspired by another important Indian principle.
14028,I know one where Mr. John Doe wastes his money; he squanders his money.
14029,The Royal Trust Co. now “Whiskey Dix”
14030,Sooner or later the government will come for the official media as well.”
14031,My soul is now a mule.”
14032,“They said no to more jobs for teachers.
14033,They also become aware of God’s Law (Rom.
14034,“Today and every day Boston stands up against hate.
14035,Will you visit the same 20% of customers and receive the same orders?
14036,Although I helped some of them find work after 1991.
14037,"Once saved, always saved means you can do anything you want and God is sort of stuck with you.”"
14038,You can tell people that you had several things to do in Phuket —all of them fun.
14039,"Don’t give me the traditional answers, “Yeah I want a bigger house."
14040,"And, most importantly, will it interfere with other substances or medications that have to leave by the same way?"
14041,"It appears to be coming -- in doses, anyway."
14042,There is no need to point out why tourism has developed here - Rab has been simply predestined for it!
14043,"What the wind says to the old mountains,"
14044,"""And there were maybe four people there with us the whole week?"
14045,"""Both sites will make many Starships."
14046,He has taken up the themes mentioned after Medellín again.
14047,"Hence, it is necessary to look for alternatives - and it could be the composition of these balls:"
14048,"And more importantly, who will tell Anna, Ben's wife?"
14049,The next day it was $149 USD and a BETTER route.
14050,"The object disappears behind the roofs, leaving only the moon visible."""
14051,"In Kampala, all these products could potentially"
14052,Slim and Baby really could foresee that.
14053,I developed a multisectoral strategy in Zanzibar with over 6 sectors
14054,Used only by Amos in this sense.
14055,Now the idea — and saying that she does not work for the CIA.
14056,"“In fact, Stalin had knowledge of the other statistical data: 15 million casualties."
14057,Are you and the monster going to the Knicks?”
14058,This is what is happening to your grease.”
14059,"`When there is neither I nor you, who wants to see?"""
14060,Find out whether you have progressed in your Sadhana or not.
14061,"“You should know, [Maduro] is mostly surrounded by Cubans."
14062,"And when He becomes a Lion, He takes the Book; that's His rights."
14063,“And who is the greatest liar?
14064,“And who is the greatest liar?
14065,"“We appreciate Europe, but we admire Asia.”"
14066,"Well, they were trying to save “hundreds of American lives”[6]!"
14067,"If these are lying, they will cry for the judge."
14068,Here’s why markets are so scared of the latest Italian political drama
14069,"If he were to obey you in many things, you would be in difficulty."
14070,"Thank you for your letter of 29 May 2015 calling for a clear, stable, long term and ambitious agreement in Paris."
14071,"I asked them if they were sick, but they said no…that they had only come “to know God.”"
14072,(L) Because we're assuming that the aliens have bases?
14073,"In conclusion, I would like to note the promptness of the actions of the crew of the 358 flight."
14074,"However, don’t be that guy that likes her photos from eight years ago and comments on literally every single thing."
14075,"Invite their children, and it would have quadrupled."
14076,"It was an honor to meet President Xi and other leaders."""
14077,"They were attempting to do this before setting God’s greatest creation, humanity, in it."
14078,Surely Porsche should be making every effort to ensure that I can continue to use my Euro 5 vehicle without restriction.
14079,“Seven Lights isn’t a military academy after all.
14080,"You all did it when we had to fight against Pepin and HBI four years ago, we know you can do it again!"
14081,"Question 4: Now, we have a new player in this region."
14082,Montenegro: We're too small to start a new world war
14083,Or they would assume that we don’t have any talented descendents among the third generation!”
14084,"And when life is not so good, remember that it will not last forever and better days are on the way.”"
14085,Why is God “three” if such advantage lies with two?
14086,"""This approach will continue between now and E3."
14087,You can say that you don’t want to talk about “tragedies and troubles” all the time.
14088,Even in European and African countries also you can observe these trees.
14089,"“Simply through the process of bhakti, one can understand Me, God.”"
14090,"Live from your heart—as God said, “The heart is the seat of the soul.”"
14091,“The percentage efficiency of what we learned is epsilon!
14092,I finally lived about five years in this truck named Carlos.
14093,"In this world, truth can wait; he's used to it. "
14094,For this reason I believe that what I did on 3 July was a way of expressing myself.
14095,E-95 We're not here to sell pictures.
14096,"I would like to say, including to certain politicians in Argentina, that these are last year’s trends."
14097,Poland in this regard is sometimes able to give a hundred points ahead even to Ukraine.
14098,"“The work thou hast wrought in their days, and in the days of old.”"
14099,“There’s translation houses where that’s all they do.
14100,I wanted to remain among those who tomorrow will be persecuted.”
14101,It should be noted that Europol is already connected to SISone4all .
14102,Make no mistake: This is where the major advanced economies were heading in late 2008.
14103,"""Only passions, great passions, can elevate the soul to great things.”"
14104,"Above all, thanks to you, Le Havre must now be known in Zimbabwe."
14105,"After this, you can ask Alexa a few things about your car."
14106,"""If bread is an art, please call us teachers"""
14107,127 Hours – Is it true you didn’t tell anyone where you were going?
14108,“You’d never believe she was in the hospital fighting for life at the beginning of last year.
14109,Each served God and others alcoholics for the rest of his life.
14110,President Michel: Often immediate decisions or measures come from special situations.
14111,"There is no ban—you know, they had the Muslim ban."
14112,"“I know that as citizens of Lampedusa, we have already done what we should have done."
14113,“In my statistics we had seven opportunities against three.
14114,Would that unanimity have been possible if that Vernichtung (extermination) had taken place?
14115,Many stations with simple antennas were S9 or better!”
14116,"We meet in Salt Lake every Friday night (yes, I know."
14117,"Own opinion about the future of a neighboring country, if you will."
14118,The first way was in how he thanks God for them.
14119,"Get Your Natural Gas in Texas for 25 Cents, If You Can"
14120,"(I have not been involved in criminal law for over thirty years, but these rules seem to reflect the common law murder rules in the United States."
14121,Andrew doesn't always make the best choices (see Season 6).
14122,"Above all, what all participants can learn in an hour is that we can do this."
14123,"Thank God, at least I was rational in spending my money this time."
14124,"Have you thought about God's patience, the patience he has with each one of us?"
14125,"Have you thought about God's patience, the patience he has with each one of us?"
14126,You are probably impatient to learn R — most people are.
14127,"Eritrea and Zimbabwe are the notable exceptions - and, therefore, future targets."
14128,What kind of constant state of repentance is there?
14129,This is because the substance of God’s life is unique and possessed by no man.
14130,"[46] The new ARGO programme will probably serve as a support, initially."
14131,"E-101 Now, He don't have no hands tonight but my hands and your hands."
14132,"They agree to shoot Joey, for a price."
14133,Only public demand and support can lead to the adoption of II.)
14134,"All of us sin, yet God called David ""a man after my own heart."""
14135,"And create, as Shakira has just said, the new International Facility for Education.”"
14136,5.36 Two advantages of stratification have been mentioned earlier.
14137,Say “thank you” and give them a Friday afternoon.
14138,KM: The Israelis are not telling the truth.
14139,Then walk (AND THIS IS IMPORTANT) AWAY from the bridge.
14140,"But first, let us understand - and here, in fact, Robin?"
14141,"In 63% of cases, MEM arrived before other emergency vehicles."
14142,It is in this way that friendship 2.0 has arrived in my life.
14143,"And we made a determination to do it, so the missiles were on the way."""
14144,We are here since 1997 and we like to define ourselves as fighters.
14145,“Call Robert to talk about Dad” is much more efficient.
14146,Only the smallest changes - to meet regional legislation - will be implemented.
14147,"You may not actually be here but your will is."""
14148,These expressions for west and south could only be formed in Palestine.
14149,"The man who believes It, God speaks to him, and that's the interpretation."
14150,"To begin with, you can capture all the zamli under personal control;"
14151,"The Bible also says, “Come close to God, and he will come close to you.”"
14152,[4] See the report Trading Away Democracy.
14153,"At 41 seconds, competitor is withdrawn"
14154,His mercy’s from age to age on those who fear him.
14155,"Nevertheless, scientists and policy makers will want to understand the cause of these unexpected CFC-11 emissions.”"
14156,"To start with, the number of families that have returned to Mosul does not exceed 60!"
14157,"He may be thankful or unthankful."""
14158,“This is not the role that we – in coordination with our partners – want to play in this conflict.”
14159,Jewish leader A : Time is not an issue for us.
14160,And this is only accomplished with the death of the Second Mountain?
14161,"""No,"" answered the Rabbi each time."
14162,"Part 10: For God’s People, What Matters?"
14163,"So, this is how you have to work with the two forces of Dagaz, always, the duality."
14164,Life starts with crying; birth is a great suffering.
14165,"No one, not on the UK side or the EU side wanted to lose the working relationship that was in place today.”"
14166,(«Natural» means here that these categories exist without our actions or opinions)
14167,What Can You Do – Popularity.
14168,"Do you know how lost and culture less you are?"""
14169,[103] See the updated guide ‘Do you want to work in another Member State?
14170,Eating and sleeping in “Ninety Nine Nights” was free.
14171,If only my writings (and those of hundreds of millions of others) were so worth preserving!
14172,No - womens shirts are finally back where they belong.
14173,Because they need to be paid with our value a third time?
14174,There are lots of pieces in God’s great game.
14175,"A man shall show his heart and life, what they are, more by one Lord’s Day than by all the days of the week besides."
14176,Lack of Internet Passports (as the only thing that can save democracy)
14177,“You’ve got the weight and cost of two technologies.
14178,public inspection is not possible (J5 / 81).
14179,Now we understand why God put ten fingers on our hands.
14180,"""Differentiating between the week and the weekend is part of the problem with this conversation."
14181,You are part of my people”—a grave error.
14182,"""In Afghanistan we would have saved Italian lives if we had had armed drones."""
14183,"But before you express it, sort out the righteous from the unrighteous."
14184,It’s not every day that we have the opportunity to be in Russia with more than 60 countries.”
14185,"You die, and Kelly will have to play with me."
14186,That's one of the reasons why I favor this deficit so much. [fn 55]
14187,That was God's revelation that the Messiah is the Son of the living God.
14188,I saw the same thing happen in Spain: Everything began very seriously.
14189,"Probably not, but everything in life changes after medical trauma."
14190,These are the fields we will feed Watson.
14191,"He used to say, “If God ever comes back, He’ll come back as a group”."
14192,181 Now we don't need systems and organizations that we have.
14193,It is a certainty based on the truth of God’s sovereignty and love.
14194,Richard III and Lady Anne: Why Do They Marry?
14195,I still sometimes wish the dark circles—but not my Indonesian heritage—would disappear.
14196,"Do you know that this Yugoslav Muslim organisation,"
14197,"Did they not require a majority vote before, whereas now they do?"
14198,"It may surprise you to know that 14 countries in Africa also are dependent on the euro, albeit indirectly."
14199,«And a human heart was given to him.»
14200,I don’t know why He said it because in all Christian nations neighbours are the biggest problem.
14201,We believe in a Republic for Ireland because this is precisely what the majority of the Irish workers want.
14202,I have just shown you how things happen in the regime of interest.
14203,* 105 # - this simple number can be successfully used as part of the service guide system.
14204,But the panorama is not the only thing that awaits you in this structure of 553 meters.
14205,"You said, ""How could a man live above, live so close to God he would be without sin."""
14206,"You said, ""How could a man live above, live so close to God he would be without sin."""
14207,"E-172 Friends, it can't be made more real than it is now."
14208,“These are the creatures that you may eat from among all the animals that are upon the earth.”
14209,Is the Moroccan government using you as an example for other journalists?
14210,"(Ark) You can teach a child something, and it will take ten years."
14211,"Even so, ""Angela 3"" was special for them both."
14212,“I don’t expect an imminent and direct military operation to Tal Abyad.
14213,"""Thank you to all those born between January and June..."
14214,"I am also convinced that at least two-thirds of the new factory will ultimately be fully utilised by demand from China itself."""
14215,"""He’s like one of us … besides the money issue.”"
14216,"But what I learned about fear in Chicago, remains."
14217,Imagine how much time they’ve spent in those laboratories since 2006!
14218,And why they really have no job … or even a prospect of a job.
14219,16 Big Signs He Will Never Marry You: You’re Just His Maybe Girl
14220,"There was only one actress [we saw] who could do that."""
14221,"""The English bombarded the Dardanelles this morning and killed two Turks!"""
14222,"7:109 The chief officers of the Pharaoh said: ""This man is indeed the most knowledgeable magician."""
14223,And I saw the god of hypocrisy and he was an Arab.
14224,E-11 But the Lord seems to be leading me to Norway.
14225,Then tell the non-believers to turn back to me.
14226,"And He seen the deceitfulness of Satan, what he would do."
14227,Over 200 buses will been ordered as soon as possible with a special attention for the environment.
14228,But he has assigned so much importance to this distinct society clause!
14229,"But all of those people back then wanted to be Bobby – he was their Sinatra."""
14230,"Also, this will be the last puja for all of you in India."
14231,Why he decided to start in China first and the massive opportunity in that market
14232,‘Ashton is deeply concerned for Demi.
14233,"And they will want you to do the things that you did with them before, or things that they want you to do for their sake."
14234,I repeat ***) my solidarity with you and your wonderful forest.
14235,"He has even ordained the enmity between you and Israel, between you and the West."
14236,The greatest example of God’s compassion is the truth that Jesus came to earth to die on the cross in the place of sinners.”
14237,Among them Base 211 on Antarctica?
14238,Or have you just come to the waters of separation?
14239,052 is the official governmental name for his reserve.
14240,"""I cannot forget what happened on 3 October 2013, not far from the port of Lampedusa."
14241,“He who is afraid of a thing gives it power over him.”
14242,If the answer is yes then Study365 has the perfect opportunity.
14243,"She and the bear cry, as well as the two fruits."
14244,"Since the very beginning, the energy and the ideas came from the pilots themselves …."
14245,"If they are disloyal to me, then that is sufficient reason for their dismissal.”"
14246,Do you see Satan’s evil here?
14247,'Tomorrow I will again host our annual summit meeting with Greece and Cyprus.
14248,"Like Thane, his death cannot be prevented."
14249,"5) ""The fifth station represents Simon's reluctance to assist Me."
14250,We learned more in the beer stube - such as his personal life.
14251,"E-43 Friends, we should be ashamed not serving Him."
14252,"This is a woman's resolve; as for men, they may live and be slaves."""
14253,"Thank you, my signal problem is solved by using Solution 5."
14254,It is also forbidden for any Espada to use a Gran Rey Cero inside Las Noches.
14255,European Commission: ‘Suitcases for Brussels are ready’
14256,"I know that the beast will remain as such, and there is a higher level."
14257,"Today – I can hardly believe it – but today, the Governor spoke of three million."
14258,Nero offered his gardens for the spectacle.’
14259,"Because we must never – ever, under any circumstances – blame Kathleen Kennedy."
14260,"For this reason, and only this reason, for two days I tried human growth hormone."
14261,We asked him whether all the others and the interpreter were dead.
14262,Why A Week In A Psychiatric Hospital Was A Gift
14263,He learned Russian a long time ago … He visits all sorts of Web forums.
14264,"[34] Some, but not all Islamic socialists advocate the renewal and expansion of this policy."
14265,Here's what that will mean for future workers and its second headquarters
14266,"Whatever we did, we did it under orders.”[144]"
14267,"Thank you, Italy … after several years of research, I am proud of all of us on this planet!"
14268,"David said, ‘It’s too linear,’ and these scenes are never linear."
14269,The feeling that time or space has changed 34%
14270,"Each group will be listed with its name, how many customers belong to that group, and the group's description (if it has one)."
14271,If we all know what we want for our product “more new markets in Africa” (to take the previous example).
14272,"God did not patch her up, He was going to show here what He's going to do to every daughter of--of God."
14273,"God did not patch her up, He was going to show here what He's going to do to every daughter of--of God."
14274,"The power of dialogue, or how some young people started talking about peace in Kyrgyzstan"
14275,4 And now the Word of God alone remains upon it.
14276,Women In Africa (WIA) Initiative has designed it for you!
14277,"""Thus can his presence feed the soul life of the patient."""
14278,"No, they would have stayed until they either killed us all or Voyager had been rendered completely useless."""
14279,"You, as an incoming member of the 112th Congress, need to understand that."
14280,Why would God harden Pharaoh’s heart?
14281,"As I indicated in my statement on March 15, I thank Canadians for their collaboration."
14282,"They will be extra sensitive to the beauty of God’s Creation, when they look into the faces of others, because they will see the Presence of God."
14283,I am able to select from 5 different color themes and change the old blue Facebook!
14284,(Hansard 2005) Once elected he quickly changed his mind!
14285,"Turning on his side, he smiles and says, “Then we will have to re-imprison him.”"
14286,4 And fear must disappear before you now.
14287,We asked him how he knew all this – did he read it in a briefing document?
14288,'this is my book and i am writing it by my own hand'
14289,"""We already appeal to Millennials, as Olivier is actually one of them!"
14290,"Outside of class, what other fun things could you do in Berlin?"
14291,I wanted four attackers but with a rational occupation of space.
14292,"E-45 Now, now either God was His Father or He wasn't His Father."
14293,2.13) To live more ecologically.
14294,I also restored or conserved 72 original harps.
14295,3) You may choose any city in the world as our departure and target.
14296,In God’s kingdom there will be justice.
14297,Leaving the dog outside without wearing the mandatory medal;
14298,"In 5 year, I will be… More open to the maritime world"
14299,"""Observe good faith and justice towards all nations."""
14300,Because he had come God's way and had made connections with God.
14301,Maybe we are all missing something in our Croissants.
14302,Many efforts have been made to achieve this target 6.B.
14303,"If the sixth is a spoiler, what are the five we’ve seen?"
14304,"Is that something you want to look at, exclusively, for 3 days?"
14305,• Our market is the world – and we aim to fully exploit existing market potential.
14306,All smiles after 7 months alone at sea.
14307,"When a son gives to a father, both cry”."
14308,[Green] – even if the evil of prostitution remains in all its gravity.
14309,President Paul Kagame: Well I had the right to fight for my rights!
14310,Just Say No to These Three Enemies of Clear and Direct Writing
14311,PIPES: ... and who can make this transition.
14312,"279 Now, friends, I really will close on this one."
14313,"it speaks to those who are under the law, so that every mouth may be stopped,"
14314,"Judges to be appointed in every city, xvi."
14315,"We are also proud to share that we exceeded our target of reaching 8.1 million people, reaching:"
14316,Office parties – Things can be so serious in the office.
14317,6. that our society is becoming a better place for people like you? (social growth)
14318,The workers of Russia and the Ukraine are going to be reminded why they made a revolution in the first place.
14319,"“Our company, along with its millions of users, take Yelp very seriously."
14320,"Since may 6, we know the face of our new enemy."
14321,"Going back to Sgt. Matthew, Sergeant, again you sent me so many documents, so much information."
14322,"We saw that Julia, who will earn $100 in the future, wants to borrow."
14323,"Or even exchange jokes about Pat, because we don’t like him."
14324,Is it logical to forgive sins every 25 years?
14325,"You can imagine how far they have reached with all that advancement, everything: only 5%."
14326,Level 3a: ‘I have a problem.
14327,"Every mercy that comes from the heart brings you closer to my Son."""
14328,"Remember — for the next year, we're still under the old rules."
14329,"You are an Iraqi, and an Iraqi’s heart is not hard."
14330,We are able to provide a complete interpretation of the hour 00:00 with the help of the 72 guardian angels.
14331,'How many of you have forgiven your enemies?'
14332,"It's my wish, it's been Tony (Stewart's wish)."
14333,"Let it hear something of the rights of God."""
14334,“In Dammam alone I saw around 200 girls like me.
14335,Would I (or my parents) prefer if I had extra support and supervision during the project?
14336,God’s love will open doors for these believers to share the Gospel even more.
14337,"What allows you to recognize that the God you believe in is the unique God Himself, who is in heaven and on earth, and among all things?"
14338,I should like to turn now to the financial problems facing UNHCR in 1985.
14339,"Anna, Anna, give me your eye, I only have one."
14340,"Another problem that will be quickly disposed of by our super salesman, Alex, we thought."
14341,"He would have stolen 28,500 euros from an old sick man."
14342,"26:74 They said, ""No, we found our fathers doing like that."""
14343,"“He is our love, we chose to do what he wanted – the two of us are his wives,” Tikoiyan said."
14344,This intelligent woman has never taken his “small roles” in 007 very seriously.
14345,I'm afraid sex between us isn't an option now after all these years.
14346,That is God’s land that he gave to Israel.
14347,"But before that, do you know what is Web2print or web to print?"
14348,This is why Weinstein wasn’t stopped. $$$$”
14349,"He asked them questions like, What brought you the greatest joy?"
14350,"There are just four in London, Lady Stutfield."
14351,You never know when you will be so close to the most known place in South America again...
14352,Can you write all your words in less than half the space between two lines?
14353,"Just take a look at the name, Mac and Me, where Mac is obviously referring to the Big Mac."
14354,"Therefore, death, its negation, must be better."
14355,"Laura Lerner: But your students didn’t all have the same level in English, did they?"
14356,three presidents – no non-Biblical sources of this administrative body.
14357,I have read he had also been member of the Classics IV?
14358,"And, Satan and Jesus have incompatible goals.)"
14359,"This takes place between the first and second semester, in a structure representative of the industrial environmental management sector:"
14360,* The new strategy can be carried out with weapons in the current arsenal.
14361,In 1997 we were told we would have an ethical foreign policy.
14362,"I have nothing to hide, and a lot of those rhino would have been dead today.”"
14363,"he said, ""You see, the Acts was only scaffold work for the church."""
14364,"However, you should consider more carefully why you should buy vitamins for athletes:"
14365,(Having also learned from my teachers probably
14366,"When I see that 42.52% of sites are affected, I really wonder why people do not monitor errors!”"
14367,"I tell the truth, and God testifies it’s the truth."
14368,I worry about El Paso and the border.
14369,All orders to Israel (Gaza) are temporarily suspended.
14370,Questions were raised about why Andrew had opened their private bank in Luxembourg.
14371,"Don Juan objected, “But you have killed animals before!”"
14372,"10 - And finally, if you are hungry, here are our 3 good addresses of the moment!"
14373,There is no quarrel between God and God's Son.
14374,Question: Why will we need courts in the future society?
14375,"John’s friends are all poor, but they want to help him."
14376,I have at least 898 reasons to raise my years of struggle.
14377,"I swear to God, we will take revenge on Hamas."
14378,The Birds Directive creates a similar structure 11 .
14379,"And early in the morning all the people came to him in the temple to hear him."""
14380,"“Ugh, quickly drink some antidote!"
14381,"(L) The battle was fought through us, we were literally the battleground."
14382,Children then run towards another train (corner).
14383,"E-59 Now, G number 1, who has it?"
14384,# │ │ │ │ │ 7 is also Sunday on some systems)
14385,You live in Europe and around the world and you need a loan by the end of the year.
14386,"EI: Let me ask you something, dear Abu Ibrahim ..."
14387,"Do not forget that we have “three traitors” within ourselves, namely:"
14388,We also come into marriage already wounded by the world.
14389,Mulder : Is it any more impossible than what you saw in Africa or what you saw in me?
14390,What intensificator of power will be able at the same time to be a multiplicator of production?
14391,Many of you know him; he comes here at the Tabernacle.
14392,What (or who) is really behind all those sexist Internet comments
14393,"They will be around the clock with their owner, improving the state of her affairs."
14394,"“The first four albums I should say, including Alive!"
14395,Ellen White confirms these principles: “Every pillar that He has established is to be strengthened.
14396,• Confirm that today’s relationship needs reciprocity.
14397,“The people [of Iraq] need this kind of positive influence.
14398,Whenever I fail as a father or husband... a toy and a diamond always works.
14399,"However, this is not the only labor trend we can explain with our framework!"
14400,Only the Fourth International can explain to workers what is happening.
14401,"And the waters went away, and decreased until the tenth month."
14402,"""Hey Jim, speed it up when you read the next two stories, okay?"
14403,We ourselves - from the very beginning - have always shared the fate of the international political refugees.
14404,"Horton, however, said that taxing the manufacturer or the consumer would be the same in the end."
14405,"Not only that, crimes of a physical nature are also aided by the Facebook platform."
14406,E-104 But you received Life when you believed.
14407,"God is the Good; God’s Sun is the Light of the World, and the Prince of Peace."
14408,(2) Classical composers wrote for God.
14409,But they also know that he and his party represent the oligarchs.
14410,"Channa, or you can eat meat."
14411,"(Aleana) Well, that's my plan, because I want to be a part of the North Carolina community."
14412,[Civilian] – Eight missiles… See all the victims caused by this criminal State.
14413,"Had there been no Hadi with me, I would have finished the state of lhram.”"
14414,"They sound great, and they asked us to do a split EP."
14415,"Then may we also do good who are accustomed to doing evil."""
14416,"You could say, “I always confuse these things with real statues."
14417,“It is better to stay in Nigeria because many people are dying in Libya.
14418,"029.003 We did test those before them, and Allah will certainly know those who are true from those who are false."
14419,“You should have such a lyre.
14420,“Not going to Gaza seriously affects my work.
14421,And how difficult it is to find God's footprints!
14422,"“On the climate, we have an ambitious position at 6, without the US."
14423,Such dazzling words make us all see clearly that God must inevitably come to earth in the last days and do the work of judgment and chastisement; God’s last days work must also be the work of judgment and chastisement.
14424,AMY GOODMAN: You were hit by this drone that killed your grandmother?
14425,"Thanksgiving Day will be respected, but how is it used?"
14426,"It does not say, for example, Mr. Paton, whether that plan might recognize the good work your staff has done since 1995."
14427,"What should be his recompense, if not that which our ancestors have obtained?"
14428,They are ‘without fault before the throne of God.”
14429,"97 years after the Red October, this continues to be our revolutionary purpose."
14430,"Unlike Dr. Henry Morgan, Forever will not be coming back to life."
14431,"“Anywhere else in the world, this process can be kickstarted by introducing doses of these microbes."
14432,"Article 14 b, only for the Ukrainian language."
14433,"But in God’s case, He does not have to will or desire to love us."
14434,Also the armies that were in heaven were following him.”
14435,Also the armies that were in heaven were following him.”
14436,"""And all this data is inside the NSA in a small group where they're looking at it."
14437,"How did he get 5 military weapons, some of them extremely illegal?"
14438,"Manfred Weber (PPE-DE). – (DE) Mr President, I would like to make a statement on behalf of the entire Group of the European People’s Party (Christian Democrats) and European Democrats."
14439,"As we pay attention and have feelings for your mothers, why do you not care about our more than 5,200 sons in Israeli jails?"
14440,We’ve had institutional investors since 2013 and it’s a process.
14441,"Henry Schein now has its own aligner system, right?"
14442,“To our Sense8 family…We’ve seen the petitions.
14443,"I give the company, and my eikaiwa a full effort every time."
14444,The user should immediately inform Salut !
14445,Prior to this the Commission consults the Member States (159).
14446,"Argentina, this beloved nation, suffers."
14447,Did you see the documentary “78/52” last year?
14448,The villagers use them in turn. – € 1.46
14449,"In fact, there are many countries where my name, Jesús, is practically never given to a child."
14450,They use a thousand tools to prove that there is a crisis in Iran.
14451,I believe that because it was verified by Mike Dolan as well.
14452,Not 364; so we should hold it by the lower end.
14453,"When you buy a new house, you (the consumer) see the end product."
14454,He is in a similar position because they have to keep him and Preston alive to 2003.
14455,But mutual understanding – or at least mutual acceptance – can be achieved with our Arab citizens.
14456,"Just next to him, our Irish number one, Mel!"
14457,“It is very likely that a second suspect also passed through Greece.
14458,"However, there would've had to have been three other manga that were considered something like this before, right?"
14459,"The man of God replied, ‘The LORD can give you much more than that.’"
14460,"On the contrary, he who does not have recourse to prayer, even though he sit on a king’s throne, is the poorest of all…."
14461,"In 2006, the person they elected to run the whole tribe was… ME!"
14462,"If they were never on your dream list, are they really crucial now?"
14463,Tell them you love them and remind them (or tell them for the first time) that the Lord loves them.
14464,"With what we're doing today, will Dr. Sutherland rush to decide what he wants to do?"
14465,We brought an army there.’’
14466,"Last but not least, there is a new Global Payment Innovation program organized by Swift."
14467,How can we convince Aasia Noreen in Pakistan that this is indeed true?
14468,How can we convince Aasia Noreen in Pakistan that this is indeed true?
14469,1634 Component not used on this computer.
14470,"But upon him who looks to Jesus as the author and finisher of his faith, Satan's temptations have no power."
14471,68 And I say to America...
14472,“It will be Texas law with more freedom of contract.
14473,"They, too, needed help and the proposed answer was similar to that of the Polaris Program."
14474,"Now that humans have failed Him, what is God's battle plan?"
14475,"E-42 Lord Jesus, sometimes we talk like children."
14476,"(But in the second battle of Jerusalem, He destroys all of their armies, as we will see.)"
14477,"Therefore, their independent selection as a permanent treatment is prohibited!"
14478,Thank you.” • “I do not want to leave the tennis court.
14479,"Does this usually happen to people so young, and can they change?"
14480,"But I will answer to most things."""
14481,A dialogue between the various stakeholders – What is not in the rules?
14482,"Multitudes, multitudes in the valley of decision: for the day of the."
14483,Therefore it has rained recently. (conclusion)
14484,8) so that (their Lord) may question the truthful about their truthfulness.
14485,8) so that (their Lord) may question the truthful about their truthfulness.
14486,You will be one of the first users because we haven’t really published this URL.
14487,"E-220 And He said, ""Abraham,"" not Abram."
14488,"So, you know, now you just need to try the TRX!"
14489,Can we now bow before idols and take God’s Name in vain?
14490,We have until 4 December – that’s the next meeting of finance ministers – to do so.
14491,"Next, ask Laura at the front of the house if she can tell you something about her past."
14492,In the next chapter we will try to understand who needed a war of unprecedented scale?
14493,[5] Radio BBC reported a few cases you can listen in English.
14494,Ban did no better than his personal envoy Ross
14495,"We said, ‘Yes, there is plenty of water in it, and the people use it to irrigate the land.’"
14496,"""That is... why we should observe natural chlorine-36 levels everywhere."""
14497,"Find out why LogmeOnce “26” differentiators are important for you"""
14498,"Eventually, it was also accepted (circa 1014) in Rome."
14499,"In this world, truth can wait; he's used to it. "
14500,I predict that within three years there will be a full restructuring of [the three major music companies].
14501,It is first and foremost a promise for our 107 million customers.
14502,"""He knows, or rather hears, women's tasks."
14503,"There were ramifications for David, too—his child died."
14504,It’s not every day that you see shirts that say that and that was a first for my friends and I.”
14505,Gracias and Buss have similar stories.
14506,"(I) ""In recent years, a great deal has been said about racism in Denmark."
14507,Other referendums in six States were abandoned as it was clear they would reject it too.
14508,You can easily find the Jerusalem terrorist’s name.
14509,"But for 2017, Chuck is our coach."""
14510,"At best, it is not the message we want to send to our allies at this critical time."
14511,"A new name for many, Simon, will be ready to open up the doors to Latin America."
14512,What is God’s specific requirement?”
14513,“I participated in the tests of this machine (Ka-50) complete with weapons.
14514,“The differences in hunting between these communities are dramatic – so we wanted to try to understand why.
14515,"Why not be like me - a bear among bears, a bird among birds?”"
14516,"Because only two or three people do this, how many thousands of people will be affected."
14517,We also need to start collecting data on 10- 14 year olds because we currently do not know their status in policy and programmes.
14518,"It was typical of him that, when he spoke, every now and again he’d say: ‘Forgive me’."
14519,"* In the near future, it will be illegal or at least dangerous to say the things I have said here this morning."
14520,"God's love is not divided even though He has a very, very big family."
14521,"And when You gave the Jews their last sign, many of them recognized that that was what was spoke of."
14522,“It was also important for Sarah to redefine her space.
14523,"Jeanne is no longer Jeanne, so why would she not become Claude?"
14524,And to the prophets the Promised Land does not belong to the kingdom of quantity but to that of the spirit and hence of quality.
14525,I will give a great sign in the sky for those who will still want to be saved.
14526,"""It was the third hour when they crucified him."""
14527,Solomon asked for God’s wisdom.
14528,"So, and we can say the men are like the Sun, both have to combine."
14529,"As regards the Council of the Churches of Egypt, I am not satisfied because the Council can do more."
14530,"If God said so, God's got to take care of His Word, not your own, God's Word."
14531,The Prophet’s instruction applies only to you.”
14532,"Knowing that Allah was his only friend, he did all these things solely to gain His approval."
14533,"I don't know whether Tom Simpson is sitting here this morning, or not."
14534,"Since yesterday, you help Vladimir in a large cleaning operation."
14535,"Now this one, and now that one, is consumed by the sword."
14536,I swear by the self-accusing soul.”
14537,Hamas has tunnels -- two types.
14538,I think that is what will help — not statements to the media.”
14539,"“Child protection services will say, ‘Hey, there’s a warning flag from the police."
14540,Was there even an R.E.M. if one of them left?
14541,He has been supplying music in Spain for years and had to be there yes or yes.
14542,"But, you know, all good rock is easy."
14543,Two men from ABC TV wanted to go with us.
14544,before there reigned any king over the children of Israel.”
14545,"Because you can quickly become a prototype for Hollywood."""
14546,«5 a Day» promotes health in many countries.
14547,"Even if you have probably removed them from your second list (Chapter 46), these dreams remain significant."
14548,Harford: Some people will be aware that that speech comes in two halves.
14549,TOM: 45 minutes before this interview (smiles)!
14550,">> We will certainly dedicate another MOOC to this great project,"
14551,"Well, let’s just say that you will be happy at the end of the article, if you are one of nudists!"
14552,"This Year, China Needs to End Its Horrific Dog Meat Festival (Observer)"
14553,‘I believe if there were no other hospitals open where were the [other] bodies?
14554,"In 2006, I did not hesitate long about the location of my shop!"
14555,"This shall be the goal of your actions, do not forget this.”"
14556,"God, please give me new ideas tomorrow."
14557,#7 They look happier with their friend.
14558,“I think the Calgary public just gave me extra energy today.
14559,And since that time the gentile nations have supposedly had their day.
14560,Let us also remember our brother Tom.
14561,"You have gone, Vasco, you wanted to go far away."
14562,He never violates His own law (7:28).
14563,ANNEX III – Competences required of the contemporary Brazilian public manager.
14564,You are in Egypt — your own personal Egypt.
14565,- 99% of orphans will never be adopted. - Food for Orphans
14566,E-326 Did they do it in that day?
14567,"Again, the old way of giving over your power to others will be questioned."
14568,"I came to see the damage that was done, and the treasures that prevail."""
14569,*The colored particles can be obtained as follows.
14570,A group of brave people who have dared with the Spanish language … for the first time!
14571,Why you or your child might see a social worker
14572,"I personally would not come from another planet in order to be king of this madness, why?"
14573,Tell our brethren that I am often with our friend Sanson.
14574,"He speaks the truth (He IS the Truth!), yet is called a liar."
14575,"""No, no! why go to the sultan?...Death to the enemy!"
14576,And everyone is responsible for it in front of their creator.”
14577,"But beyond our products, we have also decided to act on the ground!"
14578,"They had to hand over all of their alcohol as an oath to the gods."""
14579,He had not created anything except what He created before the water.
14580,"Probably in January, according to other media and some economists."
14581,"I don’t like his tariff fights with China, but what can we do?"
14582,"Do that, and by God's mercy you will live for ever."
14583,Think of it as a “friendly” abduction of 6 billion people!
14584,"As you may know, the Israeli Authorities have not allowed me to return to Palestine for 9 months now."
14585,"But, that does not change what Jesus actually said to this young man.)"
14586,That all the earth will hear it.
14587,[38] The militarization of space is also deeply linked to this military project.
14588,Add 30 mmHg to your previous reading.
14589,"After that, as soon as they open their eyes, it is finished; is this praying?"
14590,Peter: But you said you still have the ability to offer these loans globally?
14591,"""There will never, ever be, in the most absolute way, a Back to the Future 4."
14592,79 percent want to be able to wear jeans to work sometimes.
14593,• 1995: the event is repeated and the name Edgy Women / Femmes au-delà is adopted.
14594,There can be no more Area C and Area B – only the 1967 borders.
14595,(It seems to have nothing to do with the reforms Daniel suggests.
14596,"Yet the food industry is “testing” it on YOU right now, every day!"
14597,Perhaps that is why the leaders only asked for “a message of encouragement.”)
14598,We have identified why the sound from your HiFi system is not satisfactory!
14599,"Yes, I believe, like Jean Chrétien, that millions were stolen."
14600,"“Thanks God, she (Bibi) is free and I hope our entire family is finally happy and free."
14601,"Tom is a friendly bear, except when you can not concentrate."
14602,"You have not asked to be healed, but I know the desire of your heart and the faith of your soul."""
14603,D.L.D: .... of our right to investigate even your sex life.
14604,RA: We came to your peoples to give the law of One.
14605,With these pedals”—he touched them—“we can put you in any desired position.”
14606,An edition of 6800 bottles to discover without hesitation.
14607,It is to this which your happy return to Venezuela is owed.
14608,"In It there is no “thou” and no “I”, therefore family and caste exist not therein."
14609,Invite someone to go out with you 9%
14610,McCoy: You mean they should have respected us?
14611,"All other things - the earth, the heavens, our bodies - will pass away: ONLY GOD'S WORD WILL REMAIN."
14612,Moses and Allah were to fight for him.
14613,A possible solution was the engine AL-82FN.
14614,What more could you accomplish if you could answer that last question with a 9 or 10?
14615,The window into heaven can then become a window into Hell.”
14616,"The question then arose, how, and upon what principle, should the salvation, exaltation and eternal glory of God's sons be brought about?"
14617,Failure to observe all the Sabbaths and the Law is theft of God’s time and due worship.
14618,We really underestimated the 15 months of inactivity.
14619,"Today, we have a Liberal government and we still don’t know exactly what they will do with C-51."
14620,"It needs to repent and to turn away from the slavery of the devil, and come back to the Truth and the Light to be saved with God.”"
14621,"Or more importantly, is the world really ready for a Google that speaks in more than one tongue?"
14622,"He has shown us the way for a life that, active or passive, belongs wholly to God’s work.”"
14623,"In total, Business France is able to cover, directly or indirectly, the 32 most important markets in Africa."
14624,"How to drink to give, Chmyr!"
14625,"He said, ""I have give you Palestine."""
14626,"He said, ""I have give you Palestine."""
14627,"‘When they say there is ‘no evidence,’ you have to ask them what they mean, what is the meaning of the term ‘evidence’?”"
14628,It’s no wonder you came here before second sister and third brother.”
14629,Why these modules/theme/distribution were chosen:
14630,"""The Spanish model is certainly an option, because it worked."
14631,"Q: No trace of Max in Oakland, what has happened?"
14632,"And when someone helps you, you want to thank him in return.”"
14633,"And we should gradually, say in six months, bring everyone to this state."
14634,Or maybe it was because they – like millions of others at the time – were reading the news about the Boston bombing.
14635,They then ask Him which commandment is greatest.
14636,"He hath blessed the house of Israel, He hath blessed the house of Aaron” (ver."
14637,"He hath blessed the house of Israel, He hath blessed the house of Aaron” (ver."
14638,“How could I not come to Calgary and thank Bret?
14639,You can’t see their ships – they are totally hidden.
14640,"(I am 32, so I am not really interested in a 72-year-old man from another continent)"
14641,"You were there all the time, working my miracle!”"
14642,"If I’m not mistaken, Katia should have 50000 points."
14643,Bobby Lee: We were asked the same question in September.
14644,We also work very closely with the 35th Brigade.
14645,"We were fast in each session, it’s perfect before Le Mans!”"
14646,Berto: But you know how it is: the entire infrastructure is against us.
14647,“Proof of My Presence will be given to all of God’s children during The Warning.”
14648,Remember they claim to be the real dragon family and M1?
14649,(14) If there is any other act that causes a loss of trust with us
14650,These organizations are establishing their own plans. top
14651,"TV – Do you remember all your production, a hundred opus?"
14652,A proposal to improve the light in 1927 also did not receive support.
14653,"As much as most of us like Senna, please don't buy them.)"
14654,The Russian command knew that this strategy would cost them a great deal of men.
14655,E-66 How did the astronaut find this?
14656,"Of these 1,993 products later pulled from the EU market:"
14657,"And named the project ""[Ruhama'u baynahom] Merciful among themselves""."
14658,"Is it not true that any ""bourgeois"" would envy."
14659,"5:50 ""or our children, through any public tutoring system."
14660,In November it is easy to find the famous biscuits of the dead.
14661,"E-189 But as His servant, I'm not ashamed!"
14662,So far only city of Rome has started to do something about the situation.
14663,"Or why he fights the Japanese on the stairs at night."""
14664,"I am not saying that if we want to be protected like Daniel, we have to pray three times a day."
14665,I propose you to rediscover these 116 images selected 38 years ago to describe humanity!
14666,"However, after clear and precise answers, 34 national deputies raised new concerns."
14667,My friends want to go to the swimming pool with me (14).
14668,Deborah: I want to kill them before they can kill me or my family.
14669,It's also your last opportunity to obtain Senshi Claire!
14670,"Your father Amasis is suspicious and violent; and this affair requires that you conduct yourself with the greatest precaution."""
14671,"Your father Amasis is suspicious and violent; and this affair requires that you conduct yourself with the greatest precaution."""
14672,"Everyone should know that for the next 6 months or more, no one will be able to buy books in Italy."
14673,"Jackson stated, ""Our Federal Union!"
14674,He says these countries are really in decline.)
14675,"(Once again, we see that they are not satisfied with debate, they want to kill the opposition."
14676,There are those who think or pretend they have God’s blessing.
14677,But the one who sits and writes and thinks beneath the cloister's shade [721] moves not.
14678,"""So our 'psychological childhood' begins much later than our real childhood."
14679,"Thailand was a lot smaller in 1997, and look what happened.”"
14680,Does she like her bagel to be burnt just the right amount?
14681,A. To carefully follow all of God’s Laws and teach them to their sons.
14682,"God's man, you and I, have never been material."
14683,The answer is found in God’s word to Moses and Israel.
14684,“The rebels first abducted my brother in 1997.
14685,Joe might think of his new life as a cage.
14686,You are no longer 3D in action or statement.
14687,"If you are like 61.5 percent of my readers, you probably have."
14688,"Nothing new here, said Obama three days later."
14689,it is like wrapping a present and not giving it.”
14690,I'll probably call him (or maybe Dale Smith) again in the future.
14691,"Meza also wrote that if she wanted five children, that’s what he wanted too."
14692,"""Only passions, great passions, can elevate the soul to great things.”"
14693,And if the ” fiscal revolution “… had taken place in Belgium ?
14694,"The most difficult questions regarding the attack should therefore be addressed to Ankara, in other words."
14695,We are sure that many of our members will want to celebrate the first decade to which they have contributed so much.
14696,Let us not refuse the time to go to meet Him in adoration.”
14697,4) He will always make jokes about the children.
14698,You can buy the only Bulgari Octo...
14699,"Today the church is a church of martyrs: They suffer, they give their life and we receive God’s blessings for their witness”."
14700,I will be the special Protector for that hour.
14701,"The English have done what they always do in cinema, nothing.’"
14702,It needs Russian help and such help would inevitably be anti-phyletist.
14703,Congratulates all women in Africa on the occasion of the historic and speedy entry into force of the Protocol;
14704,Ren wants his employees to stay hungry.
14705,"Therefore, for them, rebellion is a sign of victory and superiority.”"
14706,"If it is true, then it explains why Ukraine lost 10% of its territory."
14707,No Israeli leader – including Begin – has ever had that.
14708,“We are talking with Iran Air because their new aircraft are coming.
14709,"If [co-creator] Justin [Roiland] were here, he’d agree."
14710,Which is easy and quick to do? 12 beautiful options for all occasions
14711,b) We follow him by keeping our eyes on him (20)
14712,(Note: Product can be almost anything these days.
14713,"""Why The Soviet Bureaucracy is not a New Ruling Class (1979)""."
14714,There has never been a memorandum supported by 251 parliament votes.
14715,"In the Age of Kingdom, those of us who experience God’s work in the last days are also followers of God."
14716,It was invented by the Arabs.”
14717,Canada believes profoundly in what I like to call the open society.
14718,Let's call another: witness number two: Abraham.
14719,Today is always the most productive day of your week.—Mark Hunter
14720,Better food for more data: Are we willing to make this exchange?
14721,"Before we exited, we heard two gunshots and there was thick smoke on the ground floor.”"
14722,"Today, you can build your success on our legacy of excellence:"
14723,JACO can even hold my camera for me!
14724,JACO can even hold my camera for me!
14725,You understand how many letters every year receives Grandfather Frost!
14726,"For as long as that continues, our capacity to reform the Balkans"
14727,"The name of the book is, From Sabbath to the Lord’s Day."
14728,Every day your children ask if they can sit with Jackson.
14729,"Yet whenever a decision was made, God always honoured Hudson Taylor's trust."
14730,He will see how the musician kisses his mother.
14731,We had maybe 500 accounts throughout Rome and I’d also distribute.
14732,A group working session was also organized in spite of IO1.
14733,"""Know ye not why We created you all from the same dust?"
14734,"""Know ye not why We created you all from the same dust?"
14735,And our final answer from “the original mike western”:
14736,"They want to be together again, but have not yet solved this new and interesting task for them."
14737,My conclusion: Try out D-BAL very clearly.
14738,[…] My speech tonight will be devoted exclusively to this point (the resignation of Prime Minister Saad Hariri).
14739,I thought it was great for the horse too… the recognition.
14740,"Will you find the cause ? 89,00€"
14741,JOHANNESBURG – A promise to the poor is particularly sacred.
14742,"I travel again with Air India (620€, good service)."
14743,PMA 2009 should see at least two of these announced.
14744,It is so close to reality for many Jamaican women.
14745,"""Apparently the more cynical members of the crew were right about some of our Vidiian allies."
14746,The Indians do that now: beating gold.
14747,You seem to have serious beef with that.
14748,"A car from 1787 would be a horse!"""
14749,"I ask you to pray for all of God’s children – all My sacred servants, including the misguided false prophets."
14750,"He answered me ""I will not allow you to see a member of your family""."
14751,"He answered me ""I will not allow you to see a member of your family""."
14752,"“Master said, 'You only spent a few days building a house."
14753,“How do you get yourself out of [your] comfort zone?” – Wanxuan
14754,We know these things by faith in God’s Word.
14755,a matter between him and the Great Spirit.
14756,• Be ready to move until the three days of chaos have passed.
14757,The UK still has an opportunity to say no to this industrial and financial disaster.”
14758,"Here's What 3,000 People Said About Sexual Happiness"
14759,Can we bring our wine if there is something specific that we prefer?
14760,"All one can say is that there is no better evidence for the one than for the other."""
14761,"All one can say is that there is no better evidence for the one than for the other."""
14762,We could have reached a compromise [with Israel].
14763,It'll be over in three or four days – a fight like Tarawa.
14764,"""I think we also need to take that period (as a period that needs assistance)."""
14765,"""I wanted to be like these older Argentinian guys."
14766,We were then all very interested in seeing what the pope would do [after the vote].
14767,But God will get something out of it if we have those other qualities.
14768,"We would welcome such a partnership with President Barroso."""
14769,"If we’re not making 25 mistakes a day, why are we at school?"
14770,We have not even begun to consider the impact of one of the other principles mentioned by Abdalla: abrogation.
14771,"And, “No, but everyone is looking towards the sky.”"
14772,Because that’s what must be done before we will be ready to meet Mr. or Mrs. Right.
14773,All this at a price like the next camera.
14774,'This time too many people have carried their feet to taiki-Cho.
14775,Newtons which you recognize and this structure is
14776,"However, the pores are coarse, and the shape of the product is [good""."
14777,"However, you'd be wise to finish the whole bottle, under these circumstances!"
14778,Only God knows about reactor 4.
14779,"“Master said, 'You only spent a few days building a house."
14780,Quine (1953) also proposed a solution to SEP.
14781,"valley in the blessed field, from the tree: O Moses!"
14782,But Ukrainian Admission Center helps me with everything.
14783,"37:33 Then, on that day they will all share in the retribution."
14784,"Said, ""The church is the voice."
14785,We know what to do in Tokyo! and we can recommend cool things everywhere!
14786,When can citizens start drinking and smoking (specific age)?
14787,"I would like the creditors to see you."""
14788,"Not only that, but some three or four hundred people assembled here this afternoon will be praying for you."
14789,"Already the cup is filling up; and if we do not change, a very great punishment will come upon us."
14790,Rotterdam Convention All countries have the right to vote in September 2004
14791,"If your name was Harry Baker, then our names would be the same."
14792,He was brave enough to let his colleagues choose the costume for him!
14793,Many of you remember the Bloomington meeting; you were there.
14794,You said you had lunch with Mr. Nicholson today.
14795,Lord Arthur cannot leave England without you.
14796,"""I maintain our ""no"" to a coalition with the Liberal Party or the Alliance for the future of Austria."
14797,"He answered: ""Fear or illness."""
14798,TONY JONES: But could the US threats also be a bluff?
14799,"In other words, stay away from them or you will be ""meat""."
14800,"In 2020, only one city per member state could be covered (Paris in France?)."
14801,TARA : I must put in this word as a tribute to Ireland !
14802,"Malcolm: ""There are so many things going on in my new American life!"
14803,I came to Sufi singing as much as possible for this first 5 years.
14804,"You will have to do the same if you want the world to remember your friend."""
14805,Is it you who advised him to change the oil when he hears that the engine noise changes?
14806,"Of course, Martin, it echoed your own message to our divided nation."
14807,"Well, he will be there from August 13th to transport them with as much emotion as they wish."
14808,"Sirpa Pietikäinen (PPE). - (FI) Mr President, it is significant that Parliament for the first time had a chance to approve the budget."
14809,Peter Fischer had the idea of making a great wine one day.
14810,Mohammed their prophet was a robber and a killer and a liar.”
14811,"The letter Kamma in Greek has two lines, yes, we can see that also."
14812,I live with 400 young people and my vocabulary continues to change.
14813,How Canadians can learn more about this year’s winners and their work:
14814,"Thank you Eric, actually this kind of article requires a lot of time ..."
14815,"So I knew it was going to be 3 words, and the force."
14816,And look here — compare to the Philippines of today.
14817,"When you usually find your greatest blessing, you housewives?"
14818,I've just returned from Goa +31
14819,And would the Mississippi Delta really be the same without the “Old Man” himself?
14820,"Further, God has ""made known to us the mystery of His will."""
14821,For the revelation of this attraction towards the beautiful was the revelation of what is called Heaven.
14822,David: So we're not going to see them until a transformation occurs.
14823,“Some Like It Hoth” must have been particularly fun for you.
14824,My friend Ivan and I play a game each winter; Old lady or child?
14825,“Someday Never Comes” (with Dawes)
14826,"and female, provided they are purchased from neighboring nations."
14827,So how do you disable this radio station in St. Petersburg for which you take 40 per month?
14828,17:18) and each chapter must be read.
14829,It can give us 30 and I’ll take those too ! launched Julian.
14830,"E-63 Now, you say the dragon had something to do with the Jews?"
14831,You may very well not actually need the 250 agents required.
14832,"'When I approach a child, he inspires in me two sentiments;"
14833,A: Help us to be instruments of your reconciliation.
14834,"This, of course, had connections to the promises to Abraham and to David, as you well know."
14835,"For example, how many of us feel the need to escape from social Siberia?"
14836,Are these differences inventive? 557
14837,"You have to wait, you have to wait until you get to know us, you have to wait until you understand us.”"
14838,Islands must find their place in the revision of the Internal Market (8).
14839,Here Comes the Dog could finally be a kind of life lesson.
14840,"“They,” whoever they are, say there are no restaurants open in Paris in August."
14841,"He brought with him a ""Colonel Orlov."""
14842,Maybe both men and women should normally be XX.
14843,The majority of these people do not see us [psychiatrists] in our offices.
14844,Do you fear for the well-being of Israel if you are not re-elected?
14845,"We take Joey, of course, who loves it!"
14846,"Dear 20-Somethings, If You Don't Know These 7 Important Things About Money and Finance, You'll Regret It in 10 Years."
14847,Why these messages? - How to watch them? - TV and video-producers
14848,(1) 17.64% for the European Research Council;
14849,We will answer some questions like : Low Polygon?
14850,"""There is work to be done that only my birds can do."""
14851,He must have been aware that he was sending us to certain death with his declarations.”
14852,"""We can make very clear statements on the cancer rates in societies because we have a full overview."
14853,It seems gravely injured; an easy meal!
14854,"""Neither is there a Triangular Province—whatever that may mean—such as is described."
14855,This is especially true in cases where the child has ‘eaten’131 someone in the family.
14856,"She knows you didn't do your best work on this paper, Clarence."
14857,"Believe it or not, we acknowledge this reality three times at the very beginning of Kol Nidrei."
14858,"""Is Nibiru a 12th planet that will soon return?"
14859,"But the second is obviously not, because he’s not a “new King” this year."
14860,NO2 Max is a product that “guarantees” results at one time or another.
14861,(An even better approach would be to use Spring or another Inversion of Control framework.
14862,"If she is allowed to do that, what will it say about Belgium and Europe?”"
14863,Wrongly naming a thing is to add to the misery of this world.’
14864,The women who resisted [rape] were also killed.”[157]
14865,I would get a year or two; what was that compared with Sasha’s fate?
14866,• The name of your product – will it work in Britain?
14867,"(Quran, 5:72) God is not a trinity."
14868,"E-116 ""Now, I've not found your works perfect."
14869,"Thanking the man, she puts her money on number 29."
14870,In 1947 year it was a very good security system.
14871,"And Adonijah said to him, Come in, for you are a mighty man and you bring good news."
14872,We never knew that the Chicago Tribune had chosen independent tests.
14873,"There will be many earthquakes, etc., in the last effort to help us."
14874,...Would he become angry again after hearing about the game?
14875,"And we also know very little about why some persons might have had the idea, or"
14876,"Say, ""The truth has come."
14877,The angel of death but awaits for the order to seize his soul.”
14878,"#20 A man needs his space, even if he doesn’t ask for it."
14879,"A: Many executive recruiters could not repeat it, either."
14880,"A: Now, think macro-dynamically."
14881,And he will inherit her fully if she has no child.
14882,And all in the name of ‘peace’.
14883,It meant the city’s total destruction; it meant that the city vanished entirely from the earth and from existence.
14884,You believe the things that comes from God's Word is the truth?
14885,"In conclusion, it is not difficult for her to meet a Ukrainian man in Poltava."
14886,I also understand why I feel alone without this technology.
14887,The Exodus and the Covenant are not just events of the past; they are for ever the destiny of all God’s people!
14888,"My real life, my higher life was with them and such as they.”"
14889,K - So we can cross you in France by chance.
14890,"21 Thou therefore, which teachest another, teachest thou not thyself?"
14891,"Everywhere in Europe, but also in France if you did not license, you redistribute 96%.”"
14892,The one that Humanae Vitae foresaw.”
14893,"Thereafter, the Russians allowed Erich to write home every month: twenty-five words!"
14894,The great council[29] ended with what jubilation about the work done may be imagined.
14895,"36 (15) No one goes to heaven, not even the 144,000."
14896,MOFO: And I think you've been with me a few times …
14897,"“Lord, You have heard the desire of the humble.”"
14898,And make sure you place your modem in a higher place – for example.
14899,"""The vehicle that we will launch next year will be a small car."
14900,"Now it is calm, the Ivorian army is here."
14901,A special care for four Baronets.
14902,"26 Have you noticed that every element of the vision of April 24, 1993 has a spiritual meaning?"
14903,"Theologically, no. Because his allegiance is to Allah."
14904,"“I mean, why would I want to go and fight these guys in a singular sport."
14905,Picture 44 - And when the whole apartment is one thing?
14906,"That is madness: instead of changing into angels, they change into beasts; instead of raising themselves, they lower themselves.”"
14907,Yes and all those nonsense things he wrote against me and our elder sister in Ghana.
14908,The other thing that you are asking me is what I think [of the situation] in Hong Kong.
14909,I'm looking for amusing stories of system administrator accidents you have had.
14910,People hate the indirect dance around a request.
14911,Does alcohol allow him to talk to others more freely?
14912,But can Luxembourg act alone to improve mobility?
14913,"Seriously, I wonder what % of users buy a second battery."
14914,Press TV: Only at Shifa?!
14915,The Canadian Forces chief wanted to see Norman immediately.
14916,"“But on December 29, 2003, we measured an index of 43."
14917,The oral and beyond: doing things with words in Africa.
14918,What really frightens me is there are those who kill and slaughter to prove the existence of God.”
14919,If your dog is particularly calm when you leave them it’s because they trust you and will patiently await your return.
14920,And you know what roads in Ukraine you have.
14921,"Without question, you should meet your legal financial obligations – as I stated in #7."
14922,"""We were probably sitting there 30 minutes, and bam!"
14923,"Bravo young America, you have successfully asked for fewer rights and you now have fewer rights."
14924,The Price We All Pay: Human Trafficking in International Adoption.
14925,"Therefore, it is appropriate that the Regiment be honored at Fort Jackson."
14926,"But we didn't give up, and now we are a team where each member is irreplaceable."
14927,Q: (T) Like every 3600 years?
14928,"Behave like a good man, and never dishonour your name."""
14929,"Tell me….. if there are less than 10 dragons around the world, where does this dragon blood come from?”"
14930,"Yes, God wants you to inherit the earth—and more!"
14931,“They shall inherit the land forever.”
14932,"“A mass of flesh without intelligence, anything you would like to call it, except a human being.”"
14933,Good luck – tonight we will die for Poland and civilization.
14934,"Danniela, for those of us who want to do it illegally"
14935,"It is noted, you will be received by Mr. Martin."
14936,"And they will cry out and they will say, “Mountains fall on me!"
14937,"The investigation at home, in Greece, believes that the commissioner should sit down."
14938,"A little late, no, to think of the young victim!"
14939,We all want to travel through Europe with a cheap budget these days.
14940,"Regularly in the morning, your tongue may be white for this reason."
14941,Did you hear what Tom and Harry have planned for this evening?
14942,This opening already existed and is reinforced with the 7th Scientific Council.
14943,He was one of God's athletes.
14944,Can we play in the same time if we are 7 or more?
14945,Would you raise your hand? 53? 54?
14946,"And was that number decided by man, or was it decided by God?"
14947,"And was that number decided by man, or was it decided by God?"
14948,"They said 'no' by the millions, peacefully."
14949,"Obviously, red blood suggests your period has arrived (#blessed)."
14950,"I think Tony Ferguson is a nightmare for anybody, especially right now."
14951,Why Some People Live to 110
14952,"I don’t want to compare color — obviously, Leonard was black, too."
14953,"15 ""We must not forget that the majority of Croatians were in favour"
14954,"They move so freely from tree to tree,"
14955,(Seeing the children from abroad): You are very good chatraks.
14956,"Instead of complying with Allah's commands and advice, they seek other guides."
14957,"But on the contrary, he belied (this Qur'an and the Message of Muhammad ) and turned away!"
14958,"Let us respect, I tell you, all these ancient Indians."
14959,"""Tomorrow you will be targeted ... by these savage terrorists."
14960,It contains 82% of Cognac.
14961,"Indeed, fear is a liar."
14962,But you will also learn that it is not quite on September 15 that Costa Rica gained its freedom!
14963,We are the generation that lived through this change”44.
14964,"I don’t feel that doctors take these problems seriously – in Australia, anyway."
14965,That is slightly more than the European average (the same question was asked in 18 other countries).
14966,"Nevertheless, this person may be, let us say, in very poor health..."
14967,The information you were given on the 11/11/11 is of great importance — use it wisely.
14968,Question: Does that mean that my corruptions also are transferred to the system?
14969,“This coming European election is very important for us because we believe in a local and regional Europe.
14970,Your specialists can plan your budget and special activities in Bulgaria.
14971,"I ask you, please, to be close – this is the word, “closeness” – to the Lord and to God’s people."
14972,"91 people die, one angle of the Hotel is destroyed."
14973,Student 2: And what if our opinion coincides with his?
14974,"E-76 And if we could only do that, in our own ministry!"
14975,This ratio can even reach 27 cL of water* for some of our products.
14976,Chapter 7 What Are the Conditions for Living in the Kingdom Now? 78
14977,‘Could he have actually met with Madame 16 herself?
14978,"Let me cite these remarkable words of don Juan, for it is one of his best theoretical developments:"
14979,(a) to transmit this report to the Governments during the first week of January 1948;
14980,"When he “goes down in himself”, he becomes aware of what is being played out, in a benevolent attitude towards him."
14981,“But I try to get those seven hours.”
14982,If it's ten thousand hours or the rest of my life
14983,Who does greater wrong than he who desires to create the like of what I create?
14984,"From the Word of the Lord within: ""A tree that is holy is a good one."""
14985,What Superwoman really should be.”
14986,"Linda, please, microphone to anybody who looks ready."
14987,The last man was the most abusive; he used to tie my hands and legs.”
14988,The last man was the most abusive; he used to tie my hands and legs.”
14989,15.4.6 - What should I use: packages or ports?
14990,I didn’t know them at all (when he arrived from Washington).
14991,“The lesson of the last month is that millions of civilians deserve better.
14992,Madrid does not like certain conditions
14993,"Yes, I think Ben Mangan said the right things in his post."
14994,"This only represents 30,000 ortolans, and that's why we are asking for the application of the European directive."""
14995,"They were closer now, Fernando"
14996,And among other things we can earn much more gold per mission.
14997,"""We are very proud that we will now regularly cruise from Hamburg for the first time."
14998,Has your NGO taken a clear position on these questions [8]?
14999,I really do hope that the situation there gets better after our ride2freedom.
15000,"As if it were no longer God's gift, the precious pearl which we cannot let be taken from us."
